recv_ts_utc,exch_ts_ms,symbol,side,size,price,raw_json
2026-09-25T00:00:14.827962Z,1790294414642,ENAUSDT,Sell,12508,0.22671,"{""T"":1790294414642,""s"":""ENAUSDT"",""S"":""Sell"",""v"":""12508"",""p"":""0.22671""}"
2026-09-25T00:00:14.830800Z,1790294414457,SAGAUSDT,Sell,141.0,0.077937,"{""T"":1790294414457,""s"":""SAGAUSDT"",""S"":""Sell"",""v"":""141.0"",""p"":""0.077937""}"
2026-09-25T00:00:14.830800Z,1790294414478,SAGAUSDT,Sell,74.8,0.077972,"{""T"":1790294414478,""s"":""SAGAUSDT"",""S"":""Sell"",""v"":""74.8"",""p"":""0.077972""}"
2026-09-25T00:00:14.830800Z,1790294414642,SAGAUSDT,Sell,18340.1,0.078090,"{""T"":1790294414642,""s"":""SAGAUSDT"",""S"":""Sell"",""v"":""18340.1"",""p"":""0.078090""}"
2026-09-25T00:00:14.830800Z,1790294414715,SAGAUSDT,Sell,187.7,0.078138,"{""T"":1790294414715,""s"":""SAGAUSDT"",""S"":""Sell"",""v"":""187.7"",""p"":""0.078138""}"
2026-09-25T00:00:14.988777Z,1790294414642,BTWUSDT,Sell,280,1.00139,"{""T"":1790294414642,""s"":""BTWUSDT"",""S"":""Sell"",""v"":""280"",""p"":""1.00139""}"
2026-09-25T00:00:14.994242Z,1790294414642,BRUSDT,Sell,219,1.06334,"{""T"":1790294414642,""s"":""BRUSDT"",""S"":""Sell"",""v"":""219"",""p"":""1.06334""}"
2026-09-25T00:00:15.018813Z,1790294414642,NEARUSDT,Sell,1075.3,4.6170,"{""T"":1790294414642,""s"":""NEARUSDT"",""S"":""Sell"",""v"":""1075.3"",""p"":""4.6170""}"
2026-09-25T00:00:15.331079Z,1790294414967,SAGAUSDT,Sell,80.8,0.078077,"{""T"":1790294414967,""s"":""SAGAUSDT"",""S"":""Sell"",""v"":""80.8"",""p"":""0.078077""}"
2026-09-25T00:00:15.331079Z,1790294415183,SAGAUSDT,Sell,5720.1,0.078232,"{""T"":1790294415183,""s"":""SAGAUSDT"",""S"":""Sell"",""v"":""5720.1"",""p"":""0.078232""}"
2026-09-25T00:00:23.330750Z,1790294423236,SAGAUSDT,Sell,7938.7,0.078074,"{""T"":1790294423236,""s"":""SAGAUSDT"",""S"":""Sell"",""v"":""7938.7"",""p"":""0.078074""}"
2026-09-25T00:00:23.339080Z,1790294423236,ONDOUSDT,Sell,1776,0.5261,"{""T"":1790294423236,""s"":""ONDOUSDT"",""S"":""Sell"",""v"":""1776"",""p"":""0.5261""}"
2026-09-25T00:00:54.831022Z,1790294454558,SAGAUSDT,Sell,362.6,0.078407,"{""T"":1790294454558,""s"":""SAGAUSDT"",""S"":""Sell"",""v"":""362.6"",""p"":""0.078407""}"
2026-09-25T00:01:00.830553Z,1790294460500,SAGAUSDT,Sell,701.5,0.078465,"{""T"":1790294460500,""s"":""SAGAUSDT"",""S"":""Sell"",""v"":""701.5"",""p"":""0.078465""}"
2026-09-25T00:01:01.330712Z,1790294461046,SAGAUSDT,Sell,1879.3,0.078544,"{""T"":1790294461046,""s"":""SAGAUSDT"",""S"":""Sell"",""v"":""1879.3"",""p"":""0.078544""}"
2026-09-25T00:01:02.830910Z,1790294462492,SAGAUSDT,Sell,437.9,0.078851,"{""T"":1790294462492,""s"":""SAGAUSDT"",""S"":""Sell"",""v"":""437.9"",""p"":""0.078851""}"
2026-09-25T00:01:04.330857Z,1790294464115,SAGAUSDT,Sell,773.4,0.079045,"{""T"":1790294464115,""s"":""SAGAUSDT"",""S"":""Sell"",""v"":""773.4"",""p"":""0.079045""}"
2026-09-25T00:01:04.830700Z,1790294464711,SAGAUSDT,Sell,947.4,0.079087,"{""T"":1790294464711,""s"":""SAGAUSDT"",""S"":""Sell"",""v"":""947.4"",""p"":""0.079087""}"
2026-09-25T00:01:05.330903Z,1790294464770,SAGAUSDT,Sell,695.9,0.079048,"{""T"":1790294464770,""s"":""SAGAUSDT"",""S"":""Sell"",""v"":""695.9"",""p"":""0.079048""}"
2026-09-25T00:01:05.330903Z,1790294465007,SAGAUSDT,Sell,9352.9,0.078985,"{""T"":1790294465007,""s"":""SAGAUSDT"",""S"":""Sell"",""v"":""9352.9"",""p"":""0.078985""}"
2026-09-25T00:01:06.831115Z,1790294466368,SAGAUSDT,Sell,673.2,0.079239,"{""T"":1790294466368,""s"":""SAGAUSDT"",""S"":""Sell"",""v"":""673.2"",""p"":""0.079239""}"
2026-09-25T00:01:06.831115Z,1790294466458,SAGAUSDT,Sell,1383.1,0.079530,"{""T"":1790294466458,""s"":""SAGAUSDT"",""S"":""Sell"",""v"":""1383.1"",""p"":""0.079530""}"
2026-09-25T00:01:06.831115Z,1790294466670,SAGAUSDT,Sell,6768.0,0.079190,"{""T"":1790294466670,""s"":""SAGAUSDT"",""S"":""Sell"",""v"":""6768.0"",""p"":""0.079190""}"
2026-09-25T00:01:07.330661Z,1790294466827,SAGAUSDT,Sell,2745.7,0.079240,"{""T"":1790294466827,""s"":""SAGAUSDT"",""S"":""Sell"",""v"":""2745.7"",""p"":""0.079240""}"
2026-09-25T00:01:07.330661Z,1790294466890,SAGAUSDT,Sell,5457.5,0.079197,"{""T"":1790294466890,""s"":""SAGAUSDT"",""S"":""Sell"",""v"":""5457.5"",""p"":""0.079197""}"
2026-09-25T00:01:07.330661Z,1790294467024,SAGAUSDT,Sell,916.8,0.079231,"{""T"":1790294467024,""s"":""SAGAUSDT"",""S"":""Sell"",""v"":""916.8"",""p"":""0.079231""}"
2026-09-25T00:01:07.830778Z,1790294467367,SAGAUSDT,Sell,561.4,0.079663,"{""T"":1790294467367,""s"":""SAGAUSDT"",""S"":""Sell"",""v"":""561.4"",""p"":""0.079663""}"
2026-09-25T00:01:08.331271Z,1790294467883,SAGAUSDT,Sell,26652.9,0.079609,"{""T"":1790294467883,""s"":""SAGAUSDT"",""S"":""Sell"",""v"":""26652.9"",""p"":""0.079609""}"
2026-09-25T00:01:08.331271Z,1790294468063,SAGAUSDT,Sell,232.5,0.079605,"{""T"":1790294468063,""s"":""SAGAUSDT"",""S"":""Sell"",""v"":""232.5"",""p"":""0.079605""}"
2026-09-25T00:01:08.831018Z,1790294468526,SAGAUSDT,Sell,1250.8,0.079863,"{""T"":1790294468526,""s"":""SAGAUSDT"",""S"":""Sell"",""v"":""1250.8"",""p"":""0.079863""}"
2026-09-25T00:01:08.831018Z,1790294468714,SAGAUSDT,Sell,26284.5,0.079833,"{""T"":1790294468714,""s"":""SAGAUSDT"",""S"":""Sell"",""v"":""26284.5"",""p"":""0.079833""}"
2026-09-25T00:01:09.831020Z,1790294469621,SAGAUSDT,Sell,13034.3,0.079995,"{""T"":1790294469621,""s"":""SAGAUSDT"",""S"":""Sell"",""v"":""13034.3"",""p"":""0.079995""}"
2026-09-25T00:01:09.831020Z,1790294469721,SAGAUSDT,Sell,3118.8,0.079979,"{""T"":1790294469721,""s"":""SAGAUSDT"",""S"":""Sell"",""v"":""3118.8"",""p"":""0.079979""}"
2026-09-25T00:01:09.995068Z,1790294469621,BRUSDT,Sell,321,1.07824,"{""T"":1790294469621,""s"":""BRUSDT"",""S"":""Sell"",""v"":""321"",""p"":""1.07824""}"
2026-09-25T00:01:12.830493Z,1790294472446,SAGAUSDT,Sell,100.9,0.080780,"{""T"":1790294472446,""s"":""SAGAUSDT"",""S"":""Sell"",""v"":""100.9"",""p"":""0.080780""}"
2026-09-25T00:01:12.830493Z,1790294472512,SAGAUSDT,Sell,52668.0,0.080310,"{""T"":1790294472512,""s"":""SAGAUSDT"",""S"":""Sell"",""v"":""52668.0"",""p"":""0.080310""}"
2026-09-25T00:01:12.830493Z,1790294472676,SAGAUSDT,Sell,1449.8,0.080382,"{""T"":1790294472676,""s"":""SAGAUSDT"",""S"":""Sell"",""v"":""1449.8"",""p"":""0.080382""}"
2026-09-25T00:01:13.315631Z,1790294473001,HYPEUSDT,Sell,1.00,92.610,"{""T"":1790294473001,""s"":""HYPEUSDT"",""S"":""Sell"",""v"":""1.00"",""p"":""92.610""}"
2026-09-25T00:01:13.330636Z,1790294472768,SAGAUSDT,Sell,1697.3,0.080698,"{""T"":1790294472768,""s"":""SAGAUSDT"",""S"":""Sell"",""v"":""1697.3"",""p"":""0.080698""}"
2026-09-25T00:01:13.330636Z,1790294472877,SAGAUSDT,Sell,181.9,0.080553,"{""T"":1790294472877,""s"":""SAGAUSDT"",""S"":""Sell"",""v"":""181.9"",""p"":""0.080553""}"
2026-09-25T00:01:13.330636Z,1790294473002,SAGAUSDT,Sell,2300.0,0.080465,"{""T"":1790294473002,""s"":""SAGAUSDT"",""S"":""Sell"",""v"":""2300.0"",""p"":""0.080465""}"
2026-09-25T00:01:13.330636Z,1790294473129,SAGAUSDT,Sell,1127.8,0.080528,"{""T"":1790294473129,""s"":""SAGAUSDT"",""S"":""Sell"",""v"":""1127.8"",""p"":""0.080528""}"
2026-09-25T00:01:13.330636Z,1790294473172,SAGAUSDT,Sell,4331.6,0.080860,"{""T"":1790294473172,""s"":""SAGAUSDT"",""S"":""Sell"",""v"":""4331.6"",""p"":""0.080860""}"
2026-09-25T00:01:13.330636Z,1790294473200,SAGAUSDT,Sell,4704.0,0.080396,"{""T"":1790294473200,""s"":""SAGAUSDT"",""S"":""Sell"",""v"":""4704.0"",""p"":""0.080396""}"
2026-09-25T00:01:13.519262Z,1790294473129,NEARUSDT,Sell,5.9,4.6170,"{""T"":1790294473129,""s"":""NEARUSDT"",""S"":""Sell"",""v"":""5.9"",""p"":""4.6170""}"
2026-09-25T00:01:13.830612Z,1790294473327,SAGAUSDT,Sell,213.9,0.080557,"{""T"":1790294473327,""s"":""SAGAUSDT"",""S"":""Sell"",""v"":""213.9"",""p"":""0.080557""}"
2026-09-25T00:01:14.330827Z,1790294473879,SAGAUSDT,Sell,4230.0,0.080975,"{""T"":1790294473879,""s"":""SAGAUSDT"",""S"":""Sell"",""v"":""4230.0"",""p"":""0.080975""}"
2026-09-25T00:01:14.330827Z,1790294474216,SAGAUSDT,Sell,6426.5,0.082024,"{""T"":1790294474216,""s"":""SAGAUSDT"",""S"":""Sell"",""v"":""6426.5"",""p"":""0.082024""}"
2026-09-25T00:01:14.831083Z,1790294474291,SAGAUSDT,Sell,733.9,0.081744,"{""T"":1790294474291,""s"":""SAGAUSDT"",""S"":""Sell"",""v"":""733.9"",""p"":""0.081744""}"
2026-09-25T00:01:14.831083Z,1790294474356,SAGAUSDT,Sell,5194.6,0.082055,"{""T"":1790294474356,""s"":""SAGAUSDT"",""S"":""Sell"",""v"":""5194.6"",""p"":""0.082055""}"
2026-09-25T00:01:14.831083Z,1790294474467,SAGAUSDT,Sell,729.6,0.082209,"{""T"":1790294474467,""s"":""SAGAUSDT"",""S"":""Sell"",""v"":""729.6"",""p"":""0.082209""}"
2026-09-25T00:01:14.831083Z,1790294474506,SAGAUSDT,Sell,762.6,0.081210,"{""T"":1790294474506,""s"":""SAGAUSDT"",""S"":""Sell"",""v"":""762.6"",""p"":""0.081210""}"
2026-09-25T00:01:14.831083Z,1790294474535,SAGAUSDT,Sell,1539.0,0.081399,"{""T"":1790294474535,""s"":""SAGAUSDT"",""S"":""Sell"",""v"":""1539.0"",""p"":""0.081399""}"
2026-09-25T00:01:14.831083Z,1790294474720,SAGAUSDT,Sell,2666.7,0.081538,"{""T"":1790294474720,""s"":""SAGAUSDT"",""S"":""Sell"",""v"":""2666.7"",""p"":""0.081538""}"
2026-09-25T00:01:14.831083Z,1790294474734,SAGAUSDT,Sell,728.4,0.082358,"{""T"":1790294474734,""s"":""SAGAUSDT"",""S"":""Sell"",""v"":""728.4"",""p"":""0.082358""}"
2026-09-25T00:01:15.068191Z,1790294474902,BTCUSDT,Sell,0.117,84664.90,"{""T"":1790294474902,""s"":""BTCUSDT"",""S"":""Sell"",""v"":""0.117"",""p"":""84664.90""}"
2026-09-25T00:01:15.330968Z,1790294474887,SAGAUSDT,Sell,1521.0,0.082166,"{""T"":1790294474887,""s"":""SAGAUSDT"",""S"":""Sell"",""v"":""1521.0"",""p"":""0.082166""}"
2026-09-25T00:01:15.330968Z,1790294474902,SAGAUSDT,Sell,10823.8,0.082431,"{""T"":1790294474902,""s"":""SAGAUSDT"",""S"":""Sell"",""v"":""10823.8"",""p"":""0.082431""}"
2026-09-25T00:01:15.330968Z,1790294474946,SAGAUSDT,Sell,2183.4,0.082373,"{""T"":1790294474946,""s"":""SAGAUSDT"",""S"":""Sell"",""v"":""2183.4"",""p"":""0.082373""}"
2026-09-25T00:01:15.330968Z,1790294474966,SAGAUSDT,Sell,589.2,0.081912,"{""T"":1790294474966,""s"":""SAGAUSDT"",""S"":""Sell"",""v"":""589.2"",""p"":""0.081912""}"
2026-09-25T00:01:15.330968Z,1790294475143,SAGAUSDT,Sell,14236.8,0.081700,"{""T"":1790294475143,""s"":""SAGAUSDT"",""S"":""Sell"",""v"":""14236.8"",""p"":""0.081700""}"
2026-09-25T00:01:17.816080Z,1790294477354,NILUSDT,Sell,1330,0.11288,"{""T"":1790294477354,""s"":""NILUSDT"",""S"":""Sell"",""v"":""1330"",""p"":""0.11288""}"
2026-09-25T00:01:17.830711Z,1790294477354,SAGAUSDT,Sell,3422.2,0.082568,"{""T"":1790294477354,""s"":""SAGAUSDT"",""S"":""Sell"",""v"":""3422.2"",""p"":""0.082568""}"
2026-09-25T00:01:17.830711Z,1790294477517,SAGAUSDT,Sell,3581.6,0.082623,"{""T"":1790294477517,""s"":""SAGAUSDT"",""S"":""Sell"",""v"":""3581.6"",""p"":""0.082623""}"
2026-09-25T00:01:17.830711Z,1790294477581,SAGAUSDT,Sell,1359.9,0.082587,"{""T"":1790294477581,""s"":""SAGAUSDT"",""S"":""Sell"",""v"":""1359.9"",""p"":""0.082587""}"
2026-09-25T00:01:17.830711Z,1790294477613,SAGAUSDT,Sell,94.6,0.082628,"{""T"":1790294477613,""s"":""SAGAUSDT"",""S"":""Sell"",""v"":""94.6"",""p"":""0.082628""}"
2026-09-25T00:01:19.830949Z,1790294479389,SAGAUSDT,Sell,1317.8,0.082700,"{""T"":1790294479389,""s"":""SAGAUSDT"",""S"":""Sell"",""v"":""1317.8"",""p"":""0.082700""}"
2026-09-25T00:01:19.830949Z,1790294479486,SAGAUSDT,Sell,300.7,0.082775,"{""T"":1790294479486,""s"":""SAGAUSDT"",""S"":""Sell"",""v"":""300.7"",""p"":""0.082775""}"
2026-09-25T00:01:19.830949Z,1790294479657,SAGAUSDT,Sell,7442.4,0.082666,"{""T"":1790294479657,""s"":""SAGAUSDT"",""S"":""Sell"",""v"":""7442.4"",""p"":""0.082666""}"
2026-09-25T00:01:26.830704Z,1790294486401,SAGAUSDT,Sell,7247.9,0.082816,"{""T"":1790294486401,""s"":""SAGAUSDT"",""S"":""Sell"",""v"":""7247.9"",""p"":""0.082816""}"
2026-09-25T00:01:30.330781Z,1790294490223,SAGAUSDT,Sell,2654.9,0.083389,"{""T"":1790294490223,""s"":""SAGAUSDT"",""S"":""Sell"",""v"":""2654.9"",""p"":""0.083389""}"
2026-09-25T00:01:30.494801Z,1790294490223,MUBARAKUSDT,Sell,2203,0.045185,"{""T"":1790294490223,""s"":""MUBARAKUSDT"",""S"":""Sell"",""v"":""2203"",""p"":""0.045185""}"
2026-09-25T00:01:30.565171Z,1790294490474,SOLUSDT,Sell,5.5,117.610,"{""T"":1790294490474,""s"":""SOLUSDT"",""S"":""Sell"",""v"":""5.5"",""p"":""117.610""}"
2026-09-25T00:01:30.830699Z,1790294490474,SAGAUSDT,Sell,658.3,0.083568,"{""T"":1790294490474,""s"":""SAGAUSDT"",""S"":""Sell"",""v"":""658.3"",""p"":""0.083568""}"
2026-09-25T00:01:30.830699Z,1790294490682,SAGAUSDT,Sell,66508.0,0.083102,"{""T"":1790294490682,""s"":""SAGAUSDT"",""S"":""Sell"",""v"":""66508.0"",""p"":""0.083102""}"
2026-09-25T00:01:31.018694Z,1790294490474,LTCUSDT,Sell,3.1,72.35,"{""T"":1790294490474,""s"":""LTCUSDT"",""S"":""Sell"",""v"":""3.1"",""p"":""72.35""}"
2026-09-25T00:01:31.019193Z,1790294490474,AVAXUSDT,Sell,12.7,10.255,"{""T"":1790294490474,""s"":""AVAXUSDT"",""S"":""Sell"",""v"":""12.7"",""p"":""10.255""}"
2026-09-25T00:01:31.330870Z,1790294490927,SAGAUSDT,Sell,47898.8,0.083520,"{""T"":1790294490927,""s"":""SAGAUSDT"",""S"":""Sell"",""v"":""47898.8"",""p"":""0.083520""}"
2026-09-25T00:01:31.330870Z,1790294490995,SAGAUSDT,Sell,20000.0,0.083424,"{""T"":1790294490995,""s"":""SAGAUSDT"",""S"":""Sell"",""v"":""20000.0"",""p"":""0.083424""}"
2026-09-25T00:01:31.815019Z,1790294491632,NILUSDT,Sell,163,0.11267,"{""T"":1790294491632,""s"":""NILUSDT"",""S"":""Sell"",""v"":""163"",""p"":""0.11267""}"
2026-09-25T00:01:31.830869Z,1790294491632,SAGAUSDT,Sell,754.8,0.083992,"{""T"":1790294491632,""s"":""SAGAUSDT"",""S"":""Sell"",""v"":""754.8"",""p"":""0.083992""}"
2026-09-25T00:01:31.830869Z,1790294491730,SAGAUSDT,Sell,41593.4,0.083998,"{""T"":1790294491730,""s"":""SAGAUSDT"",""S"":""Sell"",""v"":""41593.4"",""p"":""0.083998""}"
2026-09-25T00:01:31.839325Z,1790294491632,ONDOUSDT,Sell,12,0.5264,"{""T"":1790294491632,""s"":""ONDOUSDT"",""S"":""Sell"",""v"":""12"",""p"":""0.5264""}"
2026-09-25T00:01:32.019147Z,1790294491632,NEARUSDT,Sell,9.9,4.6280,"{""T"":1790294491632,""s"":""NEARUSDT"",""S"":""Sell"",""v"":""9.9"",""p"":""4.6280""}"
2026-09-25T00:01:32.327380Z,1790294492072,RAYDIUMUSDT,Sell,4277.2,2.1437,"{""T"":1790294492072,""s"":""RAYDIUMUSDT"",""S"":""Sell"",""v"":""4277.2"",""p"":""2.1437""}"
2026-09-25T00:01:32.330526Z,1790294492001,SAGAUSDT,Sell,42301.6,0.084012,"{""T"":1790294492001,""s"":""SAGAUSDT"",""S"":""Sell"",""v"":""42301.6"",""p"":""0.084012""}"
2026-09-25T00:01:32.330526Z,1790294492022,SAGAUSDT,Sell,1200.0,0.083926,"{""T"":1790294492022,""s"":""SAGAUSDT"",""S"":""Sell"",""v"":""1200.0"",""p"":""0.083926""}"
2026-09-25T00:01:32.330526Z,1790294492072,SAGAUSDT,Sell,121277.2,0.083892,"{""T"":1790294492072,""s"":""SAGAUSDT"",""S"":""Sell"",""v"":""121277.2"",""p"":""0.083892""}"
2026-09-25T00:01:32.830870Z,1790294492440,SAGAUSDT,Sell,73195.7,0.084139,"{""T"":1790294492440,""s"":""SAGAUSDT"",""S"":""Sell"",""v"":""73195.7"",""p"":""0.084139""}"
2026-09-25T00:01:32.830870Z,1790294492702,SAGAUSDT,Sell,96.8,0.084181,"{""T"":1790294492702,""s"":""SAGAUSDT"",""S"":""Sell"",""v"":""96.8"",""p"":""0.084181""}"
2026-09-25T00:01:33.330707Z,1790294492802,SAGAUSDT,Sell,1618.8,0.084239,"{""T"":1790294492802,""s"":""SAGAUSDT"",""S"":""Sell"",""v"":""1618.8"",""p"":""0.084239""}"
2026-09-25T00:01:33.330707Z,1790294492817,SAGAUSDT,Sell,249.0,0.084181,"{""T"":1790294492817,""s"":""SAGAUSDT"",""S"":""Sell"",""v"":""249.0"",""p"":""0.084181""}"
2026-09-25T00:01:33.330707Z,1790294492885,SAGAUSDT,Sell,903.2,0.084105,"{""T"":1790294492885,""s"":""SAGAUSDT"",""S"":""Sell"",""v"":""903.2"",""p"":""0.084105""}"
2026-09-25T00:01:33.330707Z,1790294492902,SAGAUSDT,Sell,215.3,0.084040,"{""T"":1790294492902,""s"":""SAGAUSDT"",""S"":""Sell"",""v"":""215.3"",""p"":""0.084040""}"
2026-09-25T00:01:33.909987Z,1790294493495,LSKUSDT,Buy,24.1,0.39732,"{""T"":1790294493495,""s"":""LSKUSDT"",""S"":""Buy"",""v"":""24.1"",""p"":""0.39732""}"
2026-09-25T00:01:34.410588Z,1790294494019,LSKUSDT,Buy,129.2,0.39708,"{""T"":1790294494019,""s"":""LSKUSDT"",""S"":""Buy"",""v"":""129.2"",""p"":""0.39708""}"
2026-09-25T00:01:35.410178Z,1790294494955,LSKUSDT,Buy,57.4,0.39690,"{""T"":1790294494955,""s"":""LSKUSDT"",""S"":""Buy"",""v"":""57.4"",""p"":""0.39690""}"
2026-09-25T00:01:38.410174Z,1790294498024,LSKUSDT,Buy,50.2,0.39590,"{""T"":1790294498024,""s"":""LSKUSDT"",""S"":""Buy"",""v"":""50.2"",""p"":""0.39590""}"
2026-09-25T00:02:14.330636Z,1790294533775,SAGAUSDT,Sell,1044.7,0.084459,"{""T"":1790294533775,""s"":""SAGAUSDT"",""S"":""Sell"",""v"":""1044.7"",""p"":""0.084459""}"
2026-09-25T00:02:14.330636Z,1790294534008,SAGAUSDT,Sell,2495.0,0.084408,"{""T"":1790294534008,""s"":""SAGAUSDT"",""S"":""Sell"",""v"":""2495.0"",""p"":""0.084408""}"
2026-09-25T00:02:14.330636Z,1790294534101,SAGAUSDT,Sell,15617.8,0.084457,"{""T"":1790294534101,""s"":""SAGAUSDT"",""S"":""Sell"",""v"":""15617.8"",""p"":""0.084457""}"
2026-09-25T00:02:15.831095Z,1790294535355,SAGAUSDT,Sell,2818.2,0.084828,"{""T"":1790294535355,""s"":""SAGAUSDT"",""S"":""Sell"",""v"":""2818.2"",""p"":""0.084828""}"
2026-09-25T00:02:15.831095Z,1790294535427,SAGAUSDT,Sell,799.7,0.084666,"{""T"":1790294535427,""s"":""SAGAUSDT"",""S"":""Sell"",""v"":""799.7"",""p"":""0.084666""}"
2026-09-25T00:02:15.916055Z,1790294535427,1000PEPEUSDT,Buy,2000,0.0043840,"{""T"":1790294535427,""s"":""1000PEPEUSDT"",""S"":""Buy"",""v"":""2000"",""p"":""0.0043840""}"
2026-09-25T00:02:16.330921Z,1790294535871,SAGAUSDT,Sell,222.7,0.084630,"{""T"":1790294535871,""s"":""SAGAUSDT"",""S"":""Sell"",""v"":""222.7"",""p"":""0.084630""}"
2026-09-25T00:02:16.330921Z,1790294535928,SAGAUSDT,Sell,13180.1,0.084817,"{""T"":1790294535928,""s"":""SAGAUSDT"",""S"":""Sell"",""v"":""13180.1"",""p"":""0.084817""}"
2026-09-25T00:02:16.330921Z,1790294535948,SAGAUSDT,Sell,17444.1,0.084910,"{""T"":1790294535948,""s"":""SAGAUSDT"",""S"":""Sell"",""v"":""17444.1"",""p"":""0.084910""}"
2026-09-25T00:02:16.410033Z,1790294535951,LSKUSDT,Buy,3172.8,0.39526,"{""T"":1790294535951,""s"":""LSKUSDT"",""S"":""Buy"",""v"":""3172.8"",""p"":""0.39526""}"
2026-09-25T00:02:16.830940Z,1790294536459,SAGAUSDT,Sell,92.8,0.085086,"{""T"":1790294536459,""s"":""SAGAUSDT"",""S"":""Sell"",""v"":""92.8"",""p"":""0.085086""}"
2026-09-25T00:02:17.410225Z,1790294537085,LSKUSDT,Buy,1329.6,0.39509,"{""T"":1790294537085,""s"":""LSKUSDT"",""S"":""Buy"",""v"":""1329.6"",""p"":""0.39509""}"
2026-09-25T00:02:17.910137Z,1790294537806,LSKUSDT,Buy,22.7,0.39496,"{""T"":1790294537806,""s"":""LSKUSDT"",""S"":""Buy"",""v"":""22.7"",""p"":""0.39496""}"
2026-09-25T00:02:25.830978Z,1790294545438,SAGAUSDT,Sell,264.8,0.085292,"{""T"":1790294545438,""s"":""SAGAUSDT"",""S"":""Sell"",""v"":""264.8"",""p"":""0.085292""}"
2026-09-25T00:02:25.830978Z,1790294545596,SAGAUSDT,Sell,85.9,0.085333,"{""T"":1790294545596,""s"":""SAGAUSDT"",""S"":""Sell"",""v"":""85.9"",""p"":""0.085333""}"
2026-09-25T00:02:26.910516Z,1790294546711,LSKUSDT,Buy,1141.9,0.39455,"{""T"":1790294546711,""s"":""LSKUSDT"",""S"":""Buy"",""v"":""1141.9"",""p"":""0.39455""}"
2026-09-25T00:02:56.410424Z,1790294576274,LSKUSDT,Buy,3087.1,0.39143,"{""T"":1790294576274,""s"":""LSKUSDT"",""S"":""Buy"",""v"":""3087.1"",""p"":""0.39143""}"
2026-09-25T00:02:56.910278Z,1790294576593,LSKUSDT,Buy,24.0,0.39115,"{""T"":1790294576593,""s"":""LSKUSDT"",""S"":""Buy"",""v"":""24.0"",""p"":""0.39115""}"
2026-09-25T00:02:56.910278Z,1790294576626,LSKUSDT,Buy,3766.8,0.39019,"{""T"":1790294576626,""s"":""LSKUSDT"",""S"":""Buy"",""v"":""3766.8"",""p"":""0.39019""}"
2026-09-25T00:02:57.410281Z,1790294577197,LSKUSDT,Buy,36.0,0.39246,"{""T"":1790294577197,""s"":""LSKUSDT"",""S"":""Buy"",""v"":""36.0"",""p"":""0.39246""}"
2026-09-25T00:02:59.410137Z,1790294579274,LSKUSDT,Buy,126.5,0.38829,"{""T"":1790294579274,""s"":""LSKUSDT"",""S"":""Buy"",""v"":""126.5"",""p"":""0.38829""}"
2026-09-25T00:02:59.410137Z,1790294579313,LSKUSDT,Buy,293.2,0.38829,"{""T"":1790294579313,""s"":""LSKUSDT"",""S"":""Buy"",""v"":""293.2"",""p"":""0.38829""}"
2026-09-25T00:02:59.910574Z,1790294579748,LSKUSDT,Buy,24.9,0.38906,"{""T"":1790294579748,""s"":""LSKUSDT"",""S"":""Buy"",""v"":""24.9"",""p"":""0.38906""}"
2026-09-25T00:03:03.410259Z,1790294583055,LSKUSDT,Buy,176.2,0.38797,"{""T"":1790294583055,""s"":""LSKUSDT"",""S"":""Buy"",""v"":""176.2"",""p"":""0.38797""}"
2026-09-25T00:03:03.850415Z,1790294583577,XAIUSDT,Buy,7807,0.009522,"{""T"":1790294583577,""s"":""XAIUSDT"",""S"":""Buy"",""v"":""7807"",""p"":""0.009522""}"
2026-09-25T00:03:08.330634Z,1790294588201,SAGAUSDT,Sell,10978.5,0.085374,"{""T"":1790294588201,""s"":""SAGAUSDT"",""S"":""Sell"",""v"":""10978.5"",""p"":""0.085374""}"
2026-09-25T00:03:08.830831Z,1790294588311,SAGAUSDT,Sell,2259.0,0.085412,"{""T"":1790294588311,""s"":""SAGAUSDT"",""S"":""Sell"",""v"":""2259.0"",""p"":""0.085412""}"
2026-09-25T00:03:08.830831Z,1790294588641,SAGAUSDT,Sell,82.8,0.085387,"{""T"":1790294588641,""s"":""SAGAUSDT"",""S"":""Sell"",""v"":""82.8"",""p"":""0.085387""}"
2026-09-25T00:03:09.331103Z,1790294588976,SAGAUSDT,Sell,859.5,0.085412,"{""T"":1790294588976,""s"":""SAGAUSDT"",""S"":""Sell"",""v"":""859.5"",""p"":""0.085412""}"
2026-09-25T00:03:09.331103Z,1790294589106,SAGAUSDT,Sell,213.1,0.085510,"{""T"":1790294589106,""s"":""SAGAUSDT"",""S"":""Sell"",""v"":""213.1"",""p"":""0.085510""}"
2026-09-25T00:03:09.831036Z,1790294589448,SAGAUSDT,Sell,245.6,0.085570,"{""T"":1790294589448,""s"":""SAGAUSDT"",""S"":""Sell"",""v"":""245.6"",""p"":""0.085570""}"
2026-09-25T00:03:09.831036Z,1790294589603,SAGAUSDT,Sell,78012.0,0.085772,"{""T"":1790294589603,""s"":""SAGAUSDT"",""S"":""Sell"",""v"":""78012.0"",""p"":""0.085772""}"
2026-09-25T00:03:10.330882Z,1790294589753,SAGAUSDT,Sell,1212.9,0.086194,"{""T"":1790294589753,""s"":""SAGAUSDT"",""S"":""Sell"",""v"":""1212.9"",""p"":""0.086194""}"
2026-09-25T00:03:10.330882Z,1790294590049,SAGAUSDT,Sell,1450.8,0.086217,"{""T"":1790294590049,""s"":""SAGAUSDT"",""S"":""Sell"",""v"":""1450.8"",""p"":""0.086217""}"
2026-09-25T00:03:10.330882Z,1790294590109,SAGAUSDT,Sell,8405.2,0.085946,"{""T"":1790294590109,""s"":""SAGAUSDT"",""S"":""Sell"",""v"":""8405.2"",""p"":""0.085946""}"
2026-09-25T00:03:10.330882Z,1790294590221,SAGAUSDT,Sell,143.7,0.086450,"{""T"":1790294590221,""s"":""SAGAUSDT"",""S"":""Sell"",""v"":""143.7"",""p"":""0.086450""}"
2026-09-25T00:03:10.832841Z,1790294590312,SAGAUSDT,Sell,2000.0,0.087107,"{""T"":1790294590312,""s"":""SAGAUSDT"",""S"":""Sell"",""v"":""2000.0"",""p"":""0.087107""}"
2026-09-25T00:03:10.832841Z,1790294590337,SAGAUSDT,Sell,3525.1,0.087168,"{""T"":1790294590337,""s"":""SAGAUSDT"",""S"":""Sell"",""v"":""3525.1"",""p"":""0.087168""}"
2026-09-25T00:03:10.832841Z,1790294590623,SAGAUSDT,Sell,463.1,0.087077,"{""T"":1790294590623,""s"":""SAGAUSDT"",""S"":""Sell"",""v"":""463.1"",""p"":""0.087077""}"
2026-09-25T00:03:10.832841Z,1790294590626,SAGAUSDT,Sell,13769.2,0.087008,"{""T"":1790294590626,""s"":""SAGAUSDT"",""S"":""Sell"",""v"":""13769.2"",""p"":""0.087008""}"
2026-09-25T00:03:11.330860Z,1790294590752,SAGAUSDT,Sell,2175.6,0.086902,"{""T"":1790294590752,""s"":""SAGAUSDT"",""S"":""Sell"",""v"":""2175.6"",""p"":""0.086902""}"
2026-09-25T00:03:11.330860Z,1790294590753,SAGAUSDT,Sell,3008.1,0.086945,"{""T"":1790294590753,""s"":""SAGAUSDT"",""S"":""Sell"",""v"":""3008.1"",""p"":""0.086945""}"
2026-09-25T00:03:11.330860Z,1790294591110,SAGAUSDT,Sell,600.0,0.086979,"{""T"":1790294591110,""s"":""SAGAUSDT"",""S"":""Sell"",""v"":""600.0"",""p"":""0.086979""}"
2026-09-25T00:03:11.830548Z,1790294591518,SAGAUSDT,Sell,2952.8,0.087540,"{""T"":1790294591518,""s"":""SAGAUSDT"",""S"":""Sell"",""v"":""2952.8"",""p"":""0.087540""}"
2026-09-25T00:03:12.137518Z,1790294591874,AKEUSDT,Buy,4900,0.0348010,"{""T"":1790294591874,""s"":""AKEUSDT"",""S"":""Buy"",""v"":""4900"",""p"":""0.0348010""}"
2026-09-25T00:03:12.330652Z,1790294591874,SAGAUSDT,Sell,2280.5,0.087833,"{""T"":1790294591874,""s"":""SAGAUSDT"",""S"":""Sell"",""v"":""2280.5"",""p"":""0.087833""}"
2026-09-25T00:03:12.330652Z,1790294592084,SAGAUSDT,Sell,184.9,0.087940,"{""T"":1790294592084,""s"":""SAGAUSDT"",""S"":""Sell"",""v"":""184.9"",""p"":""0.087940""}"
2026-09-25T00:03:12.830816Z,1790294592306,SAGAUSDT,Sell,759.6,0.087917,"{""T"":1790294592306,""s"":""SAGAUSDT"",""S"":""Sell"",""v"":""759.6"",""p"":""0.087917""}"
2026-09-25T00:03:12.830816Z,1790294592465,SAGAUSDT,Sell,18061.1,0.087972,"{""T"":1790294592465,""s"":""SAGAUSDT"",""S"":""Sell"",""v"":""18061.1"",""p"":""0.087972""}"
2026-09-25T00:03:12.830816Z,1790294592557,SAGAUSDT,Sell,761.0,0.088463,"{""T"":1790294592557,""s"":""SAGAUSDT"",""S"":""Sell"",""v"":""761.0"",""p"":""0.088463""}"
2026-09-25T00:03:13.330699Z,1790294592768,SAGAUSDT,Sell,503.3,0.088590,"{""T"":1790294592768,""s"":""SAGAUSDT"",""S"":""Sell"",""v"":""503.3"",""p"":""0.088590""}"
2026-09-25T00:03:13.830688Z,1790294593553,SAGAUSDT,Sell,985.9,0.088843,"{""T"":1790294593553,""s"":""SAGAUSDT"",""S"":""Sell"",""v"":""985.9"",""p"":""0.088843""}"
2026-09-25T00:03:13.830688Z,1790294593636,SAGAUSDT,Sell,25.0,0.089518,"{""T"":1790294593636,""s"":""SAGAUSDT"",""S"":""Sell"",""v"":""25.0"",""p"":""0.089518""}"
2026-09-25T00:03:13.988941Z,1790294593893,BTWUSDT,Buy,90,0.91327,"{""T"":1790294593893,""s"":""BTWUSDT"",""S"":""Buy"",""v"":""90"",""p"":""0.91327""}"
2026-09-25T00:03:13.994502Z,1790294593894,BRUSDT,Sell,100,1.08434,"{""T"":1790294593894,""s"":""BRUSDT"",""S"":""Sell"",""v"":""100"",""p"":""1.08434""}"
2026-09-25T00:03:14.138141Z,1790294593894,AKEUSDT,Buy,1000,0.0347990,"{""T"":1790294593894,""s"":""AKEUSDT"",""S"":""Buy"",""v"":""1000"",""p"":""0.0347990""}"
2026-09-25T00:03:14.315403Z,1790294593893,NILUSDT,Sell,1625,0.11309,"{""T"":1790294593893,""s"":""NILUSDT"",""S"":""Sell"",""v"":""1625"",""p"":""0.11309""}"
2026-09-25T00:03:14.327397Z,1790294593894,RAYDIUMUSDT,Sell,100.0,2.1445,"{""T"":1790294593894,""s"":""RAYDIUMUSDT"",""S"":""Sell"",""v"":""100.0"",""p"":""2.1445""}"
2026-09-25T00:03:14.330616Z,1790294593846,SAGAUSDT,Sell,1015.7,0.089435,"{""T"":1790294593846,""s"":""SAGAUSDT"",""S"":""Sell"",""v"":""1015.7"",""p"":""0.089435""}"
2026-09-25T00:03:14.330616Z,1790294593893,SAGAUSDT,Sell,11637.5,0.090167,"{""T"":1790294593893,""s"":""SAGAUSDT"",""S"":""Sell"",""v"":""11637.5"",""p"":""0.090167""}"
2026-09-25T00:03:14.330616Z,1790294593934,SAGAUSDT,Sell,117.3,0.088937,"{""T"":1790294593934,""s"":""SAGAUSDT"",""S"":""Sell"",""v"":""117.3"",""p"":""0.088937""}"
2026-09-25T00:03:14.330616Z,1790294594002,SAGAUSDT,Sell,3133.0,0.089863,"{""T"":1790294594002,""s"":""SAGAUSDT"",""S"":""Sell"",""v"":""3133.0"",""p"":""0.089863""}"
2026-09-25T00:03:14.330616Z,1790294594092,SAGAUSDT,Sell,2623.7,0.088887,"{""T"":1790294594092,""s"":""SAGAUSDT"",""S"":""Sell"",""v"":""2623.7"",""p"":""0.088887""}"
2026-09-25T00:03:14.330616Z,1790294594115,SAGAUSDT,Sell,93765.0,0.088955,"{""T"":1790294594115,""s"":""SAGAUSDT"",""S"":""Sell"",""v"":""93765.0"",""p"":""0.088955""}"
2026-09-25T00:03:14.330616Z,1790294594123,SAGAUSDT,Sell,77059.2,0.089372,"{""T"":1790294594123,""s"":""SAGAUSDT"",""S"":""Sell"",""v"":""77059.2"",""p"":""0.089372""}"
2026-09-25T00:03:14.410250Z,1790294593894,LSKUSDT,Buy,250.0,0.38965,"{""T"":1790294593894,""s"":""LSKUSDT"",""S"":""Buy"",""v"":""250.0"",""p"":""0.38965""}"
2026-09-25T00:03:14.830725Z,1790294594397,SAGAUSDT,Sell,13931.0,0.090272,"{""T"":1790294594397,""s"":""SAGAUSDT"",""S"":""Sell"",""v"":""13931.0"",""p"":""0.090272""}"
2026-09-25T00:03:15.330805Z,1790294595198,SAGAUSDT,Sell,10443.1,0.090799,"{""T"":1790294595198,""s"":""SAGAUSDT"",""S"":""Sell"",""v"":""10443.1"",""p"":""0.090799""}"
2026-09-25T00:03:15.330805Z,1790294595237,SAGAUSDT,Sell,105.3,0.091489,"{""T"":1790294595237,""s"":""SAGAUSDT"",""S"":""Sell"",""v"":""105.3"",""p"":""0.091489""}"
2026-09-25T00:03:15.637253Z,1790294595237,AKEUSDT,Buy,400,0.0349780,"{""T"":1790294595237,""s"":""AKEUSDT"",""S"":""Buy"",""v"":""400"",""p"":""0.0349780""}"
2026-09-25T00:03:15.814828Z,1790294595658,NILUSDT,Sell,5327,0.11266,"{""T"":1790294595658,""s"":""NILUSDT"",""S"":""Sell"",""v"":""5327"",""p"":""0.11266""}"
2026-09-25T00:03:15.831074Z,1790294595327,SAGAUSDT,Sell,4707.6,0.091568,"{""T"":1790294595327,""s"":""SAGAUSDT"",""S"":""Sell"",""v"":""4707.6"",""p"":""0.091568""}"
2026-09-25T00:03:15.831074Z,1790294595432,SAGAUSDT,Sell,1013.0,0.091186,"{""T"":1790294595432,""s"":""SAGAUSDT"",""S"":""Sell"",""v"":""1013.0"",""p"":""0.091186""}"
2026-09-25T00:03:15.831074Z,1790294595438,SAGAUSDT,Sell,2646.3,0.092023,"{""T"":1790294595438,""s"":""SAGAUSDT"",""S"":""Sell"",""v"":""2646.3"",""p"":""0.092023""}"
2026-09-25T00:03:15.831074Z,1790294595465,SAGAUSDT,Sell,6984.5,0.090929,"{""T"":1790294595465,""s"":""SAGAUSDT"",""S"":""Sell"",""v"":""6984.5"",""p"":""0.090929""}"
2026-09-25T00:03:15.831074Z,1790294595564,SAGAUSDT,Sell,6583.2,0.091126,"{""T"":1790294595564,""s"":""SAGAUSDT"",""S"":""Sell"",""v"":""6583.2"",""p"":""0.091126""}"
2026-09-25T00:03:15.831074Z,1790294595658,SAGAUSDT,Sell,19861.4,0.091694,"{""T"":1790294595658,""s"":""SAGAUSDT"",""S"":""Sell"",""v"":""19861.4"",""p"":""0.091694""}"
2026-09-25T00:03:15.831074Z,1790294595667,SAGAUSDT,Sell,676.7,0.091890,"{""T"":1790294595667,""s"":""SAGAUSDT"",""S"":""Sell"",""v"":""676.7"",""p"":""0.091890""}"
2026-09-25T00:03:15.831074Z,1790294595707,SAGAUSDT,Sell,29637.6,0.091603,"{""T"":1790294595707,""s"":""SAGAUSDT"",""S"":""Sell"",""v"":""29637.6"",""p"":""0.091603""}"
2026-09-25T00:03:15.831074Z,1790294595733,SAGAUSDT,Sell,3292.7,0.090802,"{""T"":1790294595733,""s"":""SAGAUSDT"",""S"":""Sell"",""v"":""3292.7"",""p"":""0.090802""}"
2026-09-25T00:03:15.831074Z,1790294595734,SAGAUSDT,Sell,4331.5,0.091822,"{""T"":1790294595734,""s"":""SAGAUSDT"",""S"":""Sell"",""v"":""4331.5"",""p"":""0.091822""}"
2026-09-25T00:03:15.831604Z,1790294595658,LONGXIAUSDT,Buy,2266,0.1011,"{""T"":1790294595658,""s"":""LONGXIAUSDT"",""S"":""Buy"",""v"":""2266"",""p"":""0.1011""}"
2026-09-25T00:03:15.994306Z,1790294595658,BROCCOLIUSDT,Sell,21311,0.029808,"{""T"":1790294595658,""s"":""BROCCOLIUSDT"",""S"":""Sell"",""v"":""21311"",""p"":""0.029808""}"
2026-09-25T00:03:16.330832Z,1790294595747,SAGAUSDT,Sell,16000.0,0.091619,"{""T"":1790294595747,""s"":""SAGAUSDT"",""S"":""Sell"",""v"":""16000.0"",""p"":""0.091619""}"
2026-09-25T00:03:16.330832Z,1790294595839,SAGAUSDT,Sell,3124.9,0.091012,"{""T"":1790294595839,""s"":""SAGAUSDT"",""S"":""Sell"",""v"":""3124.9"",""p"":""0.091012""}"
2026-09-25T00:03:16.330832Z,1790294595896,SAGAUSDT,Sell,23971.0,0.091212,"{""T"":1790294595896,""s"":""SAGAUSDT"",""S"":""Sell"",""v"":""23971.0"",""p"":""0.091212""}"
2026-09-25T00:03:16.330832Z,1790294595989,SAGAUSDT,Sell,593.3,0.091777,"{""T"":1790294595989,""s"":""SAGAUSDT"",""S"":""Sell"",""v"":""593.3"",""p"":""0.091777""}"
2026-09-25T00:03:16.330832Z,1790294596020,SAGAUSDT,Sell,9431.2,0.091726,"{""T"":1790294596020,""s"":""SAGAUSDT"",""S"":""Sell"",""v"":""9431.2"",""p"":""0.091726""}"
2026-09-25T00:03:16.330832Z,1790294596128,SAGAUSDT,Sell,34178.4,0.090957,"{""T"":1790294596128,""s"":""SAGAUSDT"",""S"":""Sell"",""v"":""34178.4"",""p"":""0.090957""}"
2026-09-25T00:03:16.330832Z,1790294596129,SAGAUSDT,Sell,8576.8,0.090923,"{""T"":1790294596129,""s"":""SAGAUSDT"",""S"":""Sell"",""v"":""8576.8"",""p"":""0.090923""}"
2026-09-25T00:03:16.339389Z,1790294595989,ONDOUSDT,Sell,51,0.5263,"{""T"":1790294595989,""s"":""ONDOUSDT"",""S"":""Sell"",""v"":""51"",""p"":""0.5263""}"
2026-09-25T00:03:16.410055Z,1790294595989,LSKUSDT,Sell,17.9,0.40573,"{""T"":1790294595989,""s"":""LSKUSDT"",""S"":""Sell"",""v"":""17.9"",""p"":""0.40573""}"
2026-09-25T00:03:16.498341Z,1790294595989,LINKUSDT,Buy,1.9,13.178,"{""T"":1790294595989,""s"":""LINKUSDT"",""S"":""Buy"",""v"":""1.9"",""p"":""13.178""}"
2026-09-25T00:03:16.567832Z,1790294595989,BTCUSDT,Buy,0.001,84183.70,"{""T"":1790294595989,""s"":""BTCUSDT"",""S"":""Buy"",""v"":""0.001"",""p"":""84183.70""}"
2026-09-25T00:03:17.067913Z,1790294596892,BTCUSDT,Buy,0.019,84165.00,"{""T"":1790294596892,""s"":""BTCUSDT"",""S"":""Buy"",""v"":""0.019"",""p"":""84165.00""}"
2026-09-25T00:03:17.330660Z,1790294596892,SAGAUSDT,Sell,9112.7,0.092112,"{""T"":1790294596892,""s"":""SAGAUSDT"",""S"":""Sell"",""v"":""9112.7"",""p"":""0.092112""}"
2026-09-25T00:03:17.361840Z,1790294596892,WLDUSDT,Buy,3308.0,0.4363,"{""T"":1790294596892,""s"":""WLDUSDT"",""S"":""Buy"",""v"":""3308.0"",""p"":""0.4363""}"
2026-09-25T00:03:32.827381Z,1790294612279,ENAUSDT,Sell,8080,0.22820,"{""T"":1790294612279,""s"":""ENAUSDT"",""S"":""Sell"",""v"":""8080"",""p"":""0.22820""}"
2026-09-25T00:03:41.018461Z,1790294620463,NEARUSDT,Sell,188.9,4.6710,"{""T"":1790294620463,""s"":""NEARUSDT"",""S"":""Sell"",""v"":""188.9"",""p"":""4.6710""}"
2026-09-25T00:03:56.830785Z,1790294636662,SAGAUSDT,Sell,39678.4,0.090596,"{""T"":1790294636662,""s"":""SAGAUSDT"",""S"":""Sell"",""v"":""39678.4"",""p"":""0.090596""}"
2026-09-25T00:04:16.839778Z,1790294656255,XRPUSDT,Sell,6.9,1.5476,"{""T"":1790294656255,""s"":""XRPUSDT"",""S"":""Sell"",""v"":""6.9"",""p"":""1.5476""}"
2026-09-25T00:04:16.839778Z,1790294656537,XRPUSDT,Sell,80.6,1.5482,"{""T"":1790294656537,""s"":""XRPUSDT"",""S"":""Sell"",""v"":""80.6"",""p"":""1.5482""}"
2026-09-25T00:05:00.839977Z,1790294700463,XRPUSDT,Sell,109.6,1.5502,"{""T"":1790294700463,""s"":""XRPUSDT"",""S"":""Sell"",""v"":""109.6"",""p"":""1.5502""}"
2026-09-25T00:05:06.330756Z,1790294706100,SAGAUSDT,Buy,11317.5,0.082843,"{""T"":1790294706100,""s"":""SAGAUSDT"",""S"":""Buy"",""v"":""11317.5"",""p"":""0.082843""}"
2026-09-25T00:05:06.830807Z,1790294706644,SAGAUSDT,Buy,140.0,0.082807,"{""T"":1790294706644,""s"":""SAGAUSDT"",""S"":""Buy"",""v"":""140.0"",""p"":""0.082807""}"
2026-09-25T00:05:08.330758Z,1790294708182,SAGAUSDT,Buy,1751.8,0.080282,"{""T"":1790294708182,""s"":""SAGAUSDT"",""S"":""Buy"",""v"":""1751.8"",""p"":""0.080282""}"
2026-09-25T00:05:08.330758Z,1790294708207,SAGAUSDT,Buy,1831.6,0.080983,"{""T"":1790294708207,""s"":""SAGAUSDT"",""S"":""Buy"",""v"":""1831.6"",""p"":""0.080983""}"
2026-09-25T00:05:08.830923Z,1790294708361,SAGAUSDT,Buy,6057.4,0.080238,"{""T"":1790294708361,""s"":""SAGAUSDT"",""S"":""Buy"",""v"":""6057.4"",""p"":""0.080238""}"
2026-09-25T00:05:09.330844Z,1790294709066,SAGAUSDT,Buy,39.4,0.080114,"{""T"":1790294709066,""s"":""SAGAUSDT"",""S"":""Buy"",""v"":""39.4"",""p"":""0.080114""}"
2026-09-25T00:05:09.330844Z,1790294709175,SAGAUSDT,Buy,158.6,0.079410,"{""T"":1790294709175,""s"":""SAGAUSDT"",""S"":""Buy"",""v"":""158.6"",""p"":""0.079410""}"
2026-09-25T00:05:09.831322Z,1790294709580,SAGAUSDT,Buy,141.7,0.079373,"{""T"":1790294709580,""s"":""SAGAUSDT"",""S"":""Buy"",""v"":""141.7"",""p"":""0.079373""}"
2026-09-25T00:05:10.839673Z,1790294710663,ONDOUSDT,Sell,12,0.5315,"{""T"":1790294710663,""s"":""ONDOUSDT"",""S"":""Sell"",""v"":""12"",""p"":""0.5315""}"
2026-09-25T00:05:11.339518Z,1790294710875,XRPUSDT,Sell,20.7,1.5518,"{""T"":1790294710875,""s"":""XRPUSDT"",""S"":""Sell"",""v"":""20.7"",""p"":""1.5518""}"
2026-09-25T00:05:17.064864Z,1790294716800,SOLUSDT,Sell,0.8,117.880,"{""T"":1790294716800,""s"":""SOLUSDT"",""S"":""Sell"",""v"":""0.8"",""p"":""117.880""}"
2026-09-25T00:05:17.339267Z,1790294716993,XRPUSDT,Sell,40.6,1.5551,"{""T"":1790294716993,""s"":""XRPUSDT"",""S"":""Sell"",""v"":""40.6"",""p"":""1.5551""}"
2026-09-25T00:05:18.339334Z,1790294718022,XRPUSDT,Sell,165.4,1.5559,"{""T"":1790294718022,""s"":""XRPUSDT"",""S"":""Sell"",""v"":""165.4"",""p"":""1.5559""}"
2026-09-25T00:05:19.340289Z,1790294718823,XRPUSDT,Sell,32746.6,1.5561,"{""T"":1790294718823,""s"":""XRPUSDT"",""S"":""Sell"",""v"":""32746.6"",""p"":""1.5561""}"
2026-09-25T00:05:19.340289Z,1790294719175,XRPUSDT,Sell,1087.8,1.5561,"{""T"":1790294719175,""s"":""XRPUSDT"",""S"":""Sell"",""v"":""1087.8"",""p"":""1.5561""}"
2026-09-25T00:05:19.830721Z,1790294719682,SAGAUSDT,Buy,16191.2,0.078194,"{""T"":1790294719682,""s"":""SAGAUSDT"",""S"":""Buy"",""v"":""16191.2"",""p"":""0.078194""}"
2026-09-25T00:05:21.998559Z,1790294721430,VIRTUALUSDT,Sell,39,0.7620,"{""T"":1790294721430,""s"":""VIRTUALUSDT"",""S"":""Sell"",""v"":""39"",""p"":""0.7620""}"
2026-09-25T00:05:22.333115Z,1790294722237,SAGAUSDT,Buy,4227.4,0.077771,"{""T"":1790294722237,""s"":""SAGAUSDT"",""S"":""Buy"",""v"":""4227.4"",""p"":""0.077771""}"
2026-09-25T00:05:29.830696Z,1790294729519,SAGAUSDT,Buy,215.4,0.077551,"{""T"":1790294729519,""s"":""SAGAUSDT"",""S"":""Buy"",""v"":""215.4"",""p"":""0.077551""}"
2026-09-25T00:05:30.330605Z,1790294730088,SAGAUSDT,Buy,853.7,0.077600,"{""T"":1790294730088,""s"":""SAGAUSDT"",""S"":""Buy"",""v"":""853.7"",""p"":""0.077600""}"
2026-09-25T00:05:35.330694Z,1790294734811,SAGAUSDT,Buy,23148.6,0.076737,"{""T"":1790294734811,""s"":""SAGAUSDT"",""S"":""Buy"",""v"":""23148.6"",""p"":""0.076737""}"
2026-09-25T00:05:35.830595Z,1790294735320,SAGAUSDT,Buy,2354.8,0.076384,"{""T"":1790294735320,""s"":""SAGAUSDT"",""S"":""Buy"",""v"":""2354.8"",""p"":""0.076384""}"
2026-09-25T00:05:35.830595Z,1790294735539,SAGAUSDT,Buy,2573.5,0.076257,"{""T"":1790294735539,""s"":""SAGAUSDT"",""S"":""Buy"",""v"":""2573.5"",""p"":""0.076257""}"
2026-09-25T00:05:45.567911Z,1790294745158,BTCUSDT,Sell,0.048,84771.20,"{""T"":1790294745158,""s"":""BTCUSDT"",""S"":""Sell"",""v"":""0.048"",""p"":""84771.20""}"
2026-09-25T00:05:58.343416Z,1790294757972,XRPUSDT,Sell,0.1,1.5565,"{""T"":1790294757972,""s"":""XRPUSDT"",""S"":""Sell"",""v"":""0.1"",""p"":""1.5565""}"
2026-09-25T00:05:58.343416Z,1790294758213,XRPUSDT,Sell,3500.0,1.5563,"{""T"":1790294758213,""s"":""XRPUSDT"",""S"":""Sell"",""v"":""3500.0"",""p"":""1.5563""}"
2026-09-25T00:05:59.339341Z,1790294758849,XRPUSDT,Sell,169.1,1.5568,"{""T"":1790294758849,""s"":""XRPUSDT"",""S"":""Sell"",""v"":""169.1"",""p"":""1.5568""}"
2026-09-25T00:05:59.839423Z,1790294759510,ONDOUSDT,Sell,51,0.5334,"{""T"":1790294759510,""s"":""ONDOUSDT"",""S"":""Sell"",""v"":""51"",""p"":""0.5334""}"
2026-09-25T00:06:00.339507Z,1790294760129,ONDOUSDT,Sell,927,0.5332,"{""T"":1790294760129,""s"":""ONDOUSDT"",""S"":""Sell"",""v"":""927"",""p"":""0.5332""}"
2026-09-25T00:06:02.830866Z,1790294762255,SAGAUSDT,Buy,7309.2,0.074835,"{""T"":1790294762255,""s"":""SAGAUSDT"",""S"":""Buy"",""v"":""7309.2"",""p"":""0.074835""}"
2026-09-25T00:06:02.830866Z,1790294762367,SAGAUSDT,Buy,305.9,0.075033,"{""T"":1790294762367,""s"":""SAGAUSDT"",""S"":""Buy"",""v"":""305.9"",""p"":""0.075033""}"
2026-09-25T00:06:02.830866Z,1790294762372,SAGAUSDT,Buy,768.5,0.075619,"{""T"":1790294762372,""s"":""SAGAUSDT"",""S"":""Buy"",""v"":""768.5"",""p"":""0.075619""}"
2026-09-25T00:06:02.830866Z,1790294762585,SAGAUSDT,Buy,8048.6,0.075175,"{""T"":1790294762585,""s"":""SAGAUSDT"",""S"":""Buy"",""v"":""8048.6"",""p"":""0.075175""}"
2026-09-25T00:06:02.830866Z,1790294762612,SAGAUSDT,Buy,10481.9,0.074893,"{""T"":1790294762612,""s"":""SAGAUSDT"",""S"":""Buy"",""v"":""10481.9"",""p"":""0.074893""}"
2026-09-25T00:06:03.330833Z,1790294762961,SAGAUSDT,Buy,1660.9,0.075011,"{""T"":1790294762961,""s"":""SAGAUSDT"",""S"":""Buy"",""v"":""1660.9"",""p"":""0.075011""}"
2026-09-25T00:06:03.330833Z,1790294762994,SAGAUSDT,Buy,501.7,0.075927,"{""T"":1790294762994,""s"":""SAGAUSDT"",""S"":""Buy"",""v"":""501.7"",""p"":""0.075927""}"
2026-09-25T00:06:07.330843Z,1790294766803,SAGAUSDT,Buy,16.3,0.074108,"{""T"":1790294766803,""s"":""SAGAUSDT"",""S"":""Buy"",""v"":""16.3"",""p"":""0.074108""}"
2026-09-25T00:06:07.330843Z,1790294767027,SAGAUSDT,Buy,13522.8,0.074104,"{""T"":1790294767027,""s"":""SAGAUSDT"",""S"":""Buy"",""v"":""13522.8"",""p"":""0.074104""}"
2026-09-25T00:06:11.339284Z,1790294771111,ONDOUSDT,Sell,254,0.5360,"{""T"":1790294771111,""s"":""ONDOUSDT"",""S"":""Sell"",""v"":""254"",""p"":""0.5360""}"
2026-09-25T00:06:11.839110Z,1790294771278,ONDOUSDT,Sell,1439,0.5347,"{""T"":1790294771278,""s"":""ONDOUSDT"",""S"":""Sell"",""v"":""1439"",""p"":""0.5347""}"
2026-09-25T00:06:11.839110Z,1790294771397,ONDOUSDT,Sell,12,0.5356,"{""T"":1790294771397,""s"":""ONDOUSDT"",""S"":""Sell"",""v"":""12"",""p"":""0.5356""}"
2026-09-25T00:06:12.339874Z,1790294771838,ONDOUSDT,Sell,368,0.5355,"{""T"":1790294771838,""s"":""ONDOUSDT"",""S"":""Sell"",""v"":""368"",""p"":""0.5355""}"
2026-09-25T00:06:12.339874Z,1790294771886,ONDOUSDT,Sell,244,0.5344,"{""T"":1790294771886,""s"":""ONDOUSDT"",""S"":""Sell"",""v"":""244"",""p"":""0.5344""}"
2026-09-25T00:06:23.350672Z,1790294782767,XAIUSDT,Buy,1382,0.009454,"{""T"":1790294782767,""s"":""XAIUSDT"",""S"":""Buy"",""v"":""1382"",""p"":""0.009454""}"
2026-09-25T00:06:23.350672Z,1790294783221,XAIUSDT,Buy,8113,0.009462,"{""T"":1790294783221,""s"":""XAIUSDT"",""S"":""Buy"",""v"":""8113"",""p"":""0.009462""}"
2026-09-25T00:06:26.814847Z,1790294786625,XPLUSDT,Sell,2270,0.11444,"{""T"":1790294786625,""s"":""XPLUSDT"",""S"":""Sell"",""v"":""2270"",""p"":""0.11444""}"
2026-09-25T00:07:56.917495Z,1790294876511,1000PEPEUSDT,Sell,24300,0.0044910,"{""T"":1790294876511,""s"":""1000PEPEUSDT"",""S"":""Sell"",""v"":""24300"",""p"":""0.0044910""}"
2026-09-25T00:08:04.830745Z,1790294884497,SAGAUSDT,Buy,663.8,0.073418,"{""T"":1790294884497,""s"":""SAGAUSDT"",""S"":""Buy"",""v"":""663.8"",""p"":""0.073418""}"
2026-09-25T00:08:20.068401Z,1790294899567,BTCUSDT,Sell,0.009,84819.40,"{""T"":1790294899567,""s"":""BTCUSDT"",""S"":""Sell"",""v"":""0.009"",""p"":""84819.40""}"
2026-09-25T00:08:20.068401Z,1790294899678,BTCUSDT,Sell,0.019,84811.00,"{""T"":1790294899678,""s"":""BTCUSDT"",""S"":""Sell"",""v"":""0.019"",""p"":""84811.00""}"
2026-09-25T00:08:20.068401Z,1790294899840,BTCUSDT,Sell,0.353,84823.20,"{""T"":1790294899840,""s"":""BTCUSDT"",""S"":""Sell"",""v"":""0.353"",""p"":""84823.20""}"
2026-09-25T00:08:22.830637Z,1790294902482,SAGAUSDT,Buy,534.7,0.072717,"{""T"":1790294902482,""s"":""SAGAUSDT"",""S"":""Buy"",""v"":""534.7"",""p"":""0.072717""}"
2026-09-25T00:08:22.830637Z,1790294902634,SAGAUSDT,Buy,2768.6,0.072733,"{""T"":1790294902634,""s"":""SAGAUSDT"",""S"":""Buy"",""v"":""2768.6"",""p"":""0.072733""}"
2026-09-25T00:08:24.330715Z,1790294903970,SAGAUSDT,Buy,656.8,0.072371,"{""T"":1790294903970,""s"":""SAGAUSDT"",""S"":""Buy"",""v"":""656.8"",""p"":""0.072371""}"
2026-09-25T00:08:26.567606Z,1790294906160,BTCUSDT,Sell,0.099,84836.30,"{""T"":1790294906160,""s"":""BTCUSDT"",""S"":""Sell"",""v"":""0.099"",""p"":""84836.30""}"
2026-09-25T00:08:27.067427Z,1790294906739,BTCUSDT,Sell,0.002,84834.50,"{""T"":1790294906739,""s"":""BTCUSDT"",""S"":""Sell"",""v"":""0.002"",""p"":""84834.50""}"
2026-09-25T00:08:52.067989Z,1790294931808,BTCUSDT,Sell,0.464,84850.20,"{""T"":1790294931808,""s"":""BTCUSDT"",""S"":""Sell"",""v"":""0.464"",""p"":""84850.20""}"
2026-09-25T00:08:55.827495Z,1790294935354,ENAUSDT,Sell,1356,0.22953,"{""T"":1790294935354,""s"":""ENAUSDT"",""S"":""Sell"",""v"":""1356"",""p"":""0.22953""}"
2026-09-25T00:08:57.067766Z,1790294936679,BTCUSDT,Sell,0.009,84880.20,"{""T"":1790294936679,""s"":""BTCUSDT"",""S"":""Sell"",""v"":""0.009"",""p"":""84880.20""}"
2026-09-25T00:08:57.916051Z,1790294937340,ZECUSDT,Sell,0.16,1562.56,"{""T"":1790294937340,""s"":""ZECUSDT"",""S"":""Sell"",""v"":""0.16"",""p"":""1562.56""}"
2026-09-25T00:09:02.568329Z,1790294942014,BTCUSDT,Sell,0.001,84922.10,"{""T"":1790294942014,""s"":""BTCUSDT"",""S"":""Sell"",""v"":""0.001"",""p"":""84922.10""}"
2026-09-25T00:09:03.068532Z,1790294942692,BTCUSDT,Sell,0.001,84926.20,"{""T"":1790294942692,""s"":""BTCUSDT"",""S"":""Sell"",""v"":""0.001"",""p"":""84926.20""}"
2026-09-25T00:09:03.068532Z,1790294942830,BTCUSDT,Sell,0.023,84895.10,"{""T"":1790294942830,""s"":""BTCUSDT"",""S"":""Sell"",""v"":""0.023"",""p"":""84895.10""}"
2026-09-25T00:09:03.138209Z,1790294942830,AKEUSDT,Buy,400,0.0350290,"{""T"":1790294942830,""s"":""AKEUSDT"",""S"":""Buy"",""v"":""400"",""p"":""0.0350290""}"
2026-09-25T00:09:09.567597Z,1790294949469,BTCUSDT,Sell,0.100,84938.00,"{""T"":1790294949469,""s"":""BTCUSDT"",""S"":""Sell"",""v"":""0.100"",""p"":""84938.00""}"
2026-09-25T00:09:11.958847Z,1790294951471,ETHUSDT,Sell,2.22,2704.12,"{""T"":1790294951471,""s"":""ETHUSDT"",""S"":""Sell"",""v"":""2.22"",""p"":""2704.12""}"
2026-09-25T00:09:12.068173Z,1790294951835,BTCUSDT,Sell,0.053,84954.10,"{""T"":1790294951835,""s"":""BTCUSDT"",""S"":""Sell"",""v"":""0.053"",""p"":""84954.10""}"
2026-09-25T00:09:17.916100Z,1790294957525,DOGEUSDT,Sell,8317,0.09697,"{""T"":1790294957525,""s"":""DOGEUSDT"",""S"":""Sell"",""v"":""8317"",""p"":""0.09697""}"
2026-09-25T00:09:17.916777Z,1790294957566,ZECUSDT,Sell,0.01,1570.56,"{""T"":1790294957566,""s"":""ZECUSDT"",""S"":""Sell"",""v"":""0.01"",""p"":""1570.56""}"
2026-09-25T00:09:23.831363Z,1790294963478,SAGAUSDT,Sell,485.0,0.079014,"{""T"":1790294963478,""s"":""SAGAUSDT"",""S"":""Sell"",""v"":""485.0"",""p"":""0.079014""}"
2026-09-25T00:09:31.416759Z,1790294971201,1000PEPEUSDT,Sell,154500,0.0044950,"{""T"":1790294971201,""s"":""1000PEPEUSDT"",""S"":""Sell"",""v"":""154500"",""p"":""0.0044950""}"
2026-09-25T00:09:31.498330Z,1790294971201,PENGUUSDT,Sell,124060,0.009832,"{""T"":1790294971201,""s"":""PENGUUSDT"",""S"":""Sell"",""v"":""124060"",""p"":""0.009832""}"
2026-09-25T00:10:06.994814Z,1790295006735,BROCCOLIUSDT,Buy,5609,0.027921,"{""T"":1790295006735,""s"":""BROCCOLIUSDT"",""S"":""Buy"",""v"":""5609"",""p"":""0.027921""}"
2026-09-25T00:10:07.494467Z,1790295007103,BROCCOLIUSDT,Buy,7439,0.027873,"{""T"":1790295007103,""s"":""BROCCOLIUSDT"",""S"":""Buy"",""v"":""7439"",""p"":""0.027873""}"
2026-09-25T00:10:07.494467Z,1790295007316,BROCCOLIUSDT,Buy,201,0.027857,"{""T"":1790295007316,""s"":""BROCCOLIUSDT"",""S"":""Buy"",""v"":""201"",""p"":""0.027857""}"
2026-09-25T00:10:10.830622Z,1790295010602,LONGXIAUSDT,Buy,1569,0.0992,"{""T"":1790295010602,""s"":""LONGXIAUSDT"",""S"":""Buy"",""v"":""1569"",""p"":""0.0992""}"
2026-09-25T00:10:10.850493Z,1790295010602,XAIUSDT,Buy,22922,0.009390,"{""T"":1790295010602,""s"":""XAIUSDT"",""S"":""Buy"",""v"":""22922"",""p"":""0.009390""}"
2026-09-25T00:10:15.494580Z,1790295015062,BROCCOLIUSDT,Buy,286,0.027613,"{""T"":1790295015062,""s"":""BROCCOLIUSDT"",""S"":""Buy"",""v"":""286"",""p"":""0.027613""}"
2026-09-25T00:10:15.494580Z,1790295015266,BROCCOLIUSDT,Buy,302,0.027816,"{""T"":1790295015266,""s"":""BROCCOLIUSDT"",""S"":""Buy"",""v"":""302"",""p"":""0.027816""}"
2026-09-25T00:10:15.994764Z,1790295015434,BROCCOLIUSDT,Buy,448,0.027676,"{""T"":1790295015434,""s"":""BROCCOLIUSDT"",""S"":""Buy"",""v"":""448"",""p"":""0.027676""}"
2026-09-25T00:10:15.994764Z,1790295015525,BROCCOLIUSDT,Buy,488,0.027797,"{""T"":1790295015525,""s"":""BROCCOLIUSDT"",""S"":""Buy"",""v"":""488"",""p"":""0.027797""}"
2026-09-25T00:10:16.564547Z,1790295016145,SOLUSDT,Sell,425.5,118.110,"{""T"":1790295016145,""s"":""SOLUSDT"",""S"":""Sell"",""v"":""425.5"",""p"":""118.110""}"
2026-09-25T00:10:21.315610Z,1790295020770,XPLUSDT,Sell,1399,0.11409,"{""T"":1790295020770,""s"":""XPLUSDT"",""S"":""Sell"",""v"":""1399"",""p"":""0.11409""}"
2026-09-25T00:11:07.815748Z,1790295067325,XPLUSDT,Sell,251,0.11385,"{""T"":1790295067325,""s"":""XPLUSDT"",""S"":""Sell"",""v"":""251"",""p"":""0.11385""}"
2026-09-25T00:11:32.331506Z,1790295091909,SAGAUSDT,Sell,332.1,0.080243,"{""T"":1790295091909,""s"":""SAGAUSDT"",""S"":""Sell"",""v"":""332.1"",""p"":""0.080243""}"
2026-09-25T00:12:22.827769Z,1790295142409,ENAUSDT,Sell,183,0.22969,"{""T"":1790295142409,""s"":""ENAUSDT"",""S"":""Sell"",""v"":""183"",""p"":""0.22969""}"
2026-09-25T00:12:23.994228Z,1790295143805,SUIUSDT,Sell,230,1.02810,"{""T"":1790295143805,""s"":""SUIUSDT"",""S"":""Sell"",""v"":""230"",""p"":""1.02810""}"
2026-09-25T00:12:27.827828Z,1790295147561,ENAUSDT,Sell,4768,0.23067,"{""T"":1790295147561,""s"":""ENAUSDT"",""S"":""Sell"",""v"":""4768"",""p"":""0.23067""}"
2026-09-25T00:12:30.327381Z,1790295149828,ENAUSDT,Sell,23,0.23081,"{""T"":1790295149828,""s"":""ENAUSDT"",""S"":""Sell"",""v"":""23"",""p"":""0.23081""}"
2026-09-25T00:12:30.327381Z,1790295149876,ENAUSDT,Sell,2376,0.23117,"{""T"":1790295149876,""s"":""ENAUSDT"",""S"":""Sell"",""v"":""2376"",""p"":""0.23117""}"
2026-09-25T00:12:30.327381Z,1790295149956,ENAUSDT,Sell,47,0.23098,"{""T"":1790295149956,""s"":""ENAUSDT"",""S"":""Sell"",""v"":""47"",""p"":""0.23098""}"
2026-09-25T00:13:24.019198Z,1790295203764,NEARUSDT,Sell,6726.7,4.7190,"{""T"":1790295203764,""s"":""NEARUSDT"",""S"":""Sell"",""v"":""6726.7"",""p"":""4.7190""}"
2026-09-25T00:13:31.814867Z,1790295211444,XPLUSDT,Sell,10577,0.11459,"{""T"":1790295211444,""s"":""XPLUSDT"",""S"":""Sell"",""v"":""10577"",""p"":""0.11459""}"
2026-09-25T00:13:32.314884Z,1790295211797,XPLUSDT,Sell,16500,0.11493,"{""T"":1790295211797,""s"":""XPLUSDT"",""S"":""Sell"",""v"":""16500"",""p"":""0.11493""}"
2026-09-25T00:13:38.995380Z,1790295218761,SUIUSDT,Sell,10,1.03320,"{""T"":1790295218761,""s"":""SUIUSDT"",""S"":""Sell"",""v"":""10"",""p"":""1.03320""}"
2026-09-25T00:13:49.862050Z,1790295229321,SEIUSDT,Sell,96,0.06392,"{""T"":1790295229321,""s"":""SEIUSDT"",""S"":""Sell"",""v"":""96"",""p"":""0.06392""}"
2026-09-25T00:13:50.995038Z,1790295230630,SUIUSDT,Sell,30,1.03460,"{""T"":1790295230630,""s"":""SUIUSDT"",""S"":""Sell"",""v"":""30"",""p"":""1.03460""}"
2026-09-25T00:13:55.330880Z,1790295234810,SAGAUSDT,Sell,22726.5,0.080635,"{""T"":1790295234810,""s"":""SAGAUSDT"",""S"":""Sell"",""v"":""22726.5"",""p"":""0.080635""}"
2026-09-25T00:15:39.994808Z,1790295339841,1000BONKUSDT,Sell,22000,0.0038850,"{""T"":1790295339841,""s"":""1000BONKUSDT"",""S"":""Sell"",""v"":""22000"",""p"":""0.0038850""}"
2026-09-25T00:15:55.494797Z,1790295354932,SUIUSDT,Sell,30,1.03800,"{""T"":1790295354932,""s"":""SUIUSDT"",""S"":""Sell"",""v"":""30"",""p"":""1.03800""}"
2026-09-25T00:15:56.518102Z,1790295355945,LTCUSDT,Buy,1.1,70.83,"{""T"":1790295355945,""s"":""LTCUSDT"",""S"":""Buy"",""v"":""1.1"",""p"":""70.83""}"
2026-09-25T00:15:58.350382Z,1790295358192,XAIUSDT,Buy,1380,0.009358,"{""T"":1790295358192,""s"":""XAIUSDT"",""S"":""Buy"",""v"":""1380"",""p"":""0.009358""}"
2026-09-25T00:16:15.410522Z,1790295375220,LSKUSDT,Buy,97.4,0.38561,"{""T"":1790295375220,""s"":""LSKUSDT"",""S"":""Buy"",""v"":""97.4"",""p"":""0.38561""}"
2026-09-25T00:16:15.910442Z,1790295375717,LSKUSDT,Buy,293.2,0.38430,"{""T"":1790295375717,""s"":""LSKUSDT"",""S"":""Buy"",""v"":""293.2"",""p"":""0.38430""}"
2026-09-25T00:16:15.910442Z,1790295375739,LSKUSDT,Buy,1500.0,0.38483,"{""T"":1790295375739,""s"":""LSKUSDT"",""S"":""Buy"",""v"":""1500.0"",""p"":""0.38483""}"
2026-09-25T00:16:16.068000Z,1790295375739,BTCUSDT,Sell,0.001,84839.50,"{""T"":1790295375739,""s"":""BTCUSDT"",""S"":""Sell"",""v"":""0.001"",""p"":""84839.50""}"
2026-09-25T00:16:16.410019Z,1790295375925,LSKUSDT,Buy,635.5,0.38597,"{""T"":1790295375925,""s"":""LSKUSDT"",""S"":""Buy"",""v"":""635.5"",""p"":""0.38597""}"
2026-09-25T00:16:18.410218Z,1790295378177,LSKUSDT,Buy,20.9,0.38210,"{""T"":1790295378177,""s"":""LSKUSDT"",""S"":""Buy"",""v"":""20.9"",""p"":""0.38210""}"
2026-09-25T00:16:18.839469Z,1790295378482,ONDOUSDT,Buy,22,0.5218,"{""T"":1790295378482,""s"":""ONDOUSDT"",""S"":""Buy"",""v"":""22"",""p"":""0.5218""}"
2026-09-25T00:16:18.910413Z,1790295378482,LSKUSDT,Buy,28.6,0.38172,"{""T"":1790295378482,""s"":""LSKUSDT"",""S"":""Buy"",""v"":""28.6"",""p"":""0.38172""}"
2026-09-25T00:16:18.910413Z,1790295378799,LSKUSDT,Buy,195.3,0.38366,"{""T"":1790295378799,""s"":""LSKUSDT"",""S"":""Buy"",""v"":""195.3"",""p"":""0.38366""}"
2026-09-25T00:16:19.410133Z,1790295378998,LSKUSDT,Buy,45.2,0.38332,"{""T"":1790295378998,""s"":""LSKUSDT"",""S"":""Buy"",""v"":""45.2"",""p"":""0.38332""}"
2026-09-25T00:16:19.410133Z,1790295379048,LSKUSDT,Buy,239.1,0.38375,"{""T"":1790295379048,""s"":""LSKUSDT"",""S"":""Buy"",""v"":""239.1"",""p"":""0.38375""}"
2026-09-25T00:16:52.339181Z,1790295411841,XRPUSDT,Sell,7.6,1.5569,"{""T"":1790295411841,""s"":""XRPUSDT"",""S"":""Sell"",""v"":""7.6"",""p"":""1.5569""}"
2026-09-25T00:17:29.018972Z,1790295448518,NEARUSDT,Buy,36.1,4.6130,"{""T"":1790295448518,""s"":""NEARUSDT"",""S"":""Buy"",""v"":""36.1"",""p"":""4.6130""}"
2026-09-25T00:17:44.331054Z,1790295464023,SAGAUSDT,Sell,499.5,0.079915,"{""T"":1790295464023,""s"":""SAGAUSDT"",""S"":""Sell"",""v"":""499.5"",""p"":""0.079915""}"
2026-09-25T00:17:57.830897Z,1790295477711,SAGAUSDT,Sell,362.5,0.080776,"{""T"":1790295477711,""s"":""SAGAUSDT"",""S"":""Sell"",""v"":""362.5"",""p"":""0.080776""}"
2026-09-25T00:18:30.315253Z,1790295510211,HYPEUSDT,Buy,12.78,91.220,"{""T"":1790295510211,""s"":""HYPEUSDT"",""S"":""Buy"",""v"":""12.78"",""p"":""91.220""}"
2026-09-25T00:19:26.018832Z,1790295565707,NEARUSDT,Buy,187.5,4.5970,"{""T"":1790295565707,""s"":""NEARUSDT"",""S"":""Buy"",""v"":""187.5"",""p"":""4.5970""}"
2026-09-25T00:20:07.839407Z,1790295607345,XRPUSDT,Sell,90.0,1.5583,"{""T"":1790295607345,""s"":""XRPUSDT"",""S"":""Sell"",""v"":""90.0"",""p"":""1.5583""}"
2026-09-25T00:20:12.339147Z,1790295611876,XRPUSDT,Sell,121.2,1.5598,"{""T"":1790295611876,""s"":""XRPUSDT"",""S"":""Sell"",""v"":""121.2"",""p"":""1.5598""}"
2026-09-25T00:20:12.839305Z,1790295612307,XRPUSDT,Sell,15.9,1.5594,"{""T"":1790295612307,""s"":""XRPUSDT"",""S"":""Sell"",""v"":""15.9"",""p"":""1.5594""}"
2026-09-25T00:20:18.339405Z,1790295617785,XRPUSDT,Sell,2563.0,1.5624,"{""T"":1790295617785,""s"":""XRPUSDT"",""S"":""Sell"",""v"":""2563.0"",""p"":""1.5624""}"
2026-09-25T00:20:18.339405Z,1790295618124,XRPUSDT,Sell,300.0,1.5623,"{""T"":1790295618124,""s"":""XRPUSDT"",""S"":""Sell"",""v"":""300.0"",""p"":""1.5623""}"
2026-09-25T00:20:20.339895Z,1790295620148,XRPUSDT,Sell,40.0,1.5627,"{""T"":1790295620148,""s"":""XRPUSDT"",""S"":""Sell"",""v"":""40.0"",""p"":""1.5627""}"
2026-09-25T00:20:20.339895Z,1790295620202,XRPUSDT,Sell,147.5,1.5633,"{""T"":1790295620202,""s"":""XRPUSDT"",""S"":""Sell"",""v"":""147.5"",""p"":""1.5633""}"
2026-09-25T00:20:21.850317Z,1790295621283,XLMUSDT,Sell,40,0.22310,"{""T"":1790295621283,""s"":""XLMUSDT"",""S"":""Sell"",""v"":""40"",""p"":""0.22310""}"
2026-09-25T00:20:29.339627Z,1790295628841,XRPUSDT,Sell,487.4,1.5643,"{""T"":1790295628841,""s"":""XRPUSDT"",""S"":""Sell"",""v"":""487.4"",""p"":""1.5643""}"
2026-09-25T00:20:35.339306Z,1790295634838,XRPUSDT,Sell,6901.4,1.5647,"{""T"":1790295634838,""s"":""XRPUSDT"",""S"":""Sell"",""v"":""6901.4"",""p"":""1.5647""}"
2026-09-25T00:20:35.339306Z,1790295634962,XRPUSDT,Sell,118.1,1.5645,"{""T"":1790295634962,""s"":""XRPUSDT"",""S"":""Sell"",""v"":""118.1"",""p"":""1.5645""}"
2026-09-25T00:20:38.839298Z,1790295638654,XRPUSDT,Sell,3402.5,1.5656,"{""T"":1790295638654,""s"":""XRPUSDT"",""S"":""Sell"",""v"":""3402.5"",""p"":""1.5656""}"
2026-09-25T00:20:38.839298Z,1790295638654,XRPUSDT,Sell,3.3,1.5660,"{""T"":1790295638654,""s"":""XRPUSDT"",""S"":""Sell"",""v"":""3.3"",""p"":""1.5660""}"
2026-09-25T00:21:00.339512Z,1790295660170,ONDOUSDT,Buy,18,0.5191,"{""T"":1790295660170,""s"":""ONDOUSDT"",""S"":""Buy"",""v"":""18"",""p"":""0.5191""}"
2026-09-25T00:21:13.315170Z,1790295673153,XPLUSDT,Buy,105,0.11258,"{""T"":1790295673153,""s"":""XPLUSDT"",""S"":""Buy"",""v"":""105"",""p"":""0.11258""}"
2026-09-25T00:21:28.419728Z,1790295687841,UNIUSDT,Buy,11.7,9.051,"{""T"":1790295687841,""s"":""UNIUSDT"",""S"":""Buy"",""v"":""11.7"",""p"":""9.051""}"
2026-09-25T00:21:28.420282Z,1790295687840,DOGEUSDT,Sell,363,0.09705,"{""T"":1790295687840,""s"":""DOGEUSDT"",""S"":""Sell"",""v"":""363"",""p"":""0.09705""}"
2026-09-25T00:21:50.831131Z,1790295710403,SAGAUSDT,Sell,12176.3,0.081201,"{""T"":1790295710403,""s"":""SAGAUSDT"",""S"":""Sell"",""v"":""12176.3"",""p"":""0.081201""}"
2026-09-25T00:22:11.994696Z,1790295731809,BROCCOLIUSDT,Buy,1527,0.027811,"{""T"":1790295731809,""s"":""BROCCOLIUSDT"",""S"":""Buy"",""v"":""1527"",""p"":""0.027811""}"
2026-09-25T00:23:04.340210Z,1790295783765,ONDOUSDT,Buy,139,0.5155,"{""T"":1790295783765,""s"":""ONDOUSDT"",""S"":""Buy"",""v"":""139"",""p"":""0.5155""}"
2026-09-25T00:23:20.994688Z,1790295800468,SUIUSDT,Sell,2730,1.04240,"{""T"":1790295800468,""s"":""SUIUSDT"",""S"":""Sell"",""v"":""2730"",""p"":""1.04240""}"
2026-09-25T00:23:37.354709Z,1790295817211,XLMUSDT,Sell,25,0.22430,"{""T"":1790295817211,""s"":""XLMUSDT"",""S"":""Sell"",""v"":""25"",""p"":""0.22430""}"
2026-09-25T00:24:20.850458Z,1790295860426,XAIUSDT,Buy,8970,0.009307,"{""T"":1790295860426,""s"":""XAIUSDT"",""S"":""Buy"",""v"":""8970"",""p"":""0.009307""}"
2026-09-25T00:24:21.350284Z,1790295861130,XAIUSDT,Buy,6000,0.009297,"{""T"":1790295861130,""s"":""XAIUSDT"",""S"":""Buy"",""v"":""6000"",""p"":""0.009297""}"
2026-09-25T00:25:07.521814Z,1790295907073,NEARUSDT,Buy,702.5,4.5850,"{""T"":1790295907073,""s"":""NEARUSDT"",""S"":""Buy"",""v"":""702.5"",""p"":""4.5850""}"
2026-09-25T00:25:13.494856Z,1790295912921,BROCCOLIUSDT,Buy,22922,0.027589,"{""T"":1790295912921,""s"":""BROCCOLIUSDT"",""S"":""Buy"",""v"":""22922"",""p"":""0.027589""}"
2026-09-25T00:25:20.339205Z,1790295919944,XRPUSDT,Buy,685.0,1.5421,"{""T"":1790295919944,""s"":""XRPUSDT"",""S"":""Buy"",""v"":""685.0"",""p"":""1.5421""}"
2026-09-25T00:25:55.330780Z,1790295955181,SAGAUSDT,Buy,2415.9,0.075596,"{""T"":1790295955181,""s"":""SAGAUSDT"",""S"":""Buy"",""v"":""2415.9"",""p"":""0.075596""}"
2026-09-25T00:25:56.331761Z,1790295955903,SAGAUSDT,Buy,11757.7,0.075664,"{""T"":1790295955903,""s"":""SAGAUSDT"",""S"":""Buy"",""v"":""11757.7"",""p"":""0.075664""}"
2026-09-25T00:25:56.331761Z,1790295956118,SAGAUSDT,Buy,41156.6,0.075717,"{""T"":1790295956118,""s"":""SAGAUSDT"",""S"":""Buy"",""v"":""41156.6"",""p"":""0.075717""}"
2026-09-25T00:26:39.815096Z,1790295999239,HYPEUSDT,Buy,0.85,91.110,"{""T"":1790295999239,""s"":""HYPEUSDT"",""S"":""Buy"",""v"":""0.85"",""p"":""91.110""}"
2026-09-25T00:26:49.314863Z,1790296009083,HYPEUSDT,Buy,1.67,91.060,"{""T"":1790296009083,""s"":""HYPEUSDT"",""S"":""Buy"",""v"":""1.67"",""p"":""91.060""}"
2026-09-25T00:26:54.315135Z,1790296014056,HYPEUSDT,Buy,37.08,91.040,"{""T"":1790296014056,""s"":""HYPEUSDT"",""S"":""Buy"",""v"":""37.08"",""p"":""91.040""}"
2026-09-25T00:26:54.815487Z,1790296014423,HYPEUSDT,Buy,2.08,91.030,"{""T"":1790296014423,""s"":""HYPEUSDT"",""S"":""Buy"",""v"":""2.08"",""p"":""91.030""}"
2026-09-25T00:27:03.814988Z,1790296023348,XPLUSDT,Buy,11194,0.11251,"{""T"":1790296023348,""s"":""XPLUSDT"",""S"":""Buy"",""v"":""11194"",""p"":""0.11251""}"
2026-09-25T00:27:43.410066Z,1790296063026,LSKUSDT,Buy,1.0,0.37974,"{""T"":1790296063026,""s"":""LSKUSDT"",""S"":""Buy"",""v"":""1.0"",""p"":""0.37974""}"
2026-09-25T00:28:13.137760Z,1790296092617,STRKUSDT,Buy,10000.0,0.03856,"{""T"":1790296092617,""s"":""STRKUSDT"",""S"":""Buy"",""v"":""10000.0"",""p"":""0.03856""}"
2026-09-25T00:29:35.910558Z,1790296175647,CRVUSDT,Buy,14496.9,0.3418,"{""T"":1790296175647,""s"":""CRVUSDT"",""S"":""Buy"",""v"":""14496.9"",""p"":""0.3418""}"
2026-09-25T00:30:08.331218Z,1790296207769,SAGAUSDT,Sell,3829.9,0.081666,"{""T"":1790296207769,""s"":""SAGAUSDT"",""S"":""Sell"",""v"":""3829.9"",""p"":""0.081666""}"
2026-09-25T00:30:29.315239Z,1790296229129,XPLUSDT,Sell,662,0.11477,"{""T"":1790296229129,""s"":""XPLUSDT"",""S"":""Sell"",""v"":""662"",""p"":""0.11477""}"
2026-09-25T00:31:10.489253Z,1790296270378,ZROUSDT,Buy,1.2,1.4053,"{""T"":1790296270378,""s"":""ZROUSDT"",""S"":""Buy"",""v"":""1.2"",""p"":""1.4053""}"
2026-09-25T00:31:28.998571Z,1790296288735,INJUSDT,Buy,13.1,7.8690,"{""T"":1790296288735,""s"":""INJUSDT"",""S"":""Buy"",""v"":""13.1"",""p"":""7.8690""}"
2026-09-25T00:31:31.815488Z,1790296291531,XPLUSDT,Sell,1323,0.11479,"{""T"":1790296291531,""s"":""XPLUSDT"",""S"":""Sell"",""v"":""1323"",""p"":""0.11479""}"
2026-09-25T00:32:11.839238Z,1790296331340,XRPUSDT,Sell,432.6,1.5646,"{""T"":1790296331340,""s"":""XRPUSDT"",""S"":""Sell"",""v"":""432.6"",""p"":""1.5646""}"
2026-09-25T00:36:13.314741Z,1790296573033,HYPEUSDT,Buy,10.04,90.870,"{""T"":1790296573033,""s"":""HYPEUSDT"",""S"":""Buy"",""v"":""10.04"",""p"":""90.870""}"
2026-09-25T00:36:26.315336Z,1790296586030,HYPEUSDT,Buy,54.60,90.820,"{""T"":1790296586030,""s"":""HYPEUSDT"",""S"":""Buy"",""v"":""54.60"",""p"":""90.820""}"
2026-09-25T00:36:29.488847Z,1790296589343,ZROUSDT,Buy,61.8,1.4035,"{""T"":1790296589343,""s"":""ZROUSDT"",""S"":""Buy"",""v"":""61.8"",""p"":""1.4035""}"
2026-09-25T00:36:30.315527Z,1790296590019,HYPEUSDT,Buy,0.10,90.810,"{""T"":1790296590019,""s"":""HYPEUSDT"",""S"":""Buy"",""v"":""0.10"",""p"":""90.810""}"
2026-09-25T00:36:50.910339Z,1790296610413,LSKUSDT,Buy,1655.8,0.37888,"{""T"":1790296610413,""s"":""LSKUSDT"",""S"":""Buy"",""v"":""1655.8"",""p"":""0.37888""}"
2026-09-25T00:36:53.910080Z,1790296613334,LSKUSDT,Buy,201.8,0.37860,"{""T"":1790296613334,""s"":""LSKUSDT"",""S"":""Buy"",""v"":""201.8"",""p"":""0.37860""}"
2026-09-25T00:36:54.411055Z,1790296614284,LSKUSDT,Buy,10529.3,0.37846,"{""T"":1790296614284,""s"":""LSKUSDT"",""S"":""Buy"",""v"":""10529.3"",""p"":""0.37846""}"
2026-09-25T00:36:55.410207Z,1790296614965,LSKUSDT,Buy,1240.6,0.37860,"{""T"":1790296614965,""s"":""LSKUSDT"",""S"":""Buy"",""v"":""1240.6"",""p"":""0.37860""}"
2026-09-25T00:37:27.315196Z,1790296646735,NILUSDT,Buy,337,0.10726,"{""T"":1790296646735,""s"":""NILUSDT"",""S"":""Buy"",""v"":""337"",""p"":""0.10726""}"
2026-09-25T00:37:28.814762Z,1790296648286,HYPEUSDT,Buy,0.06,90.800,"{""T"":1790296648286,""s"":""HYPEUSDT"",""S"":""Buy"",""v"":""0.06"",""p"":""90.800""}"
2026-09-25T00:39:02.319115Z,1790296741997,NILUSDT,Buy,19,0.10542,"{""T"":1790296741997,""s"":""NILUSDT"",""S"":""Buy"",""v"":""19"",""p"":""0.10542""}"
2026-09-25T00:39:31.816399Z,1790296771354,PUMPFUNUSDT,Sell,84800,0.0038850,"{""T"":1790296771354,""s"":""PUMPFUNUSDT"",""S"":""Sell"",""v"":""84800"",""p"":""0.0038850""}"
2026-09-25T00:41:12.327919Z,1790296871892,ENAUSDT,Sell,1398,0.23150,"{""T"":1790296871892,""s"":""ENAUSDT"",""S"":""Sell"",""v"":""1398"",""p"":""0.23150""}"
2026-09-25T00:42:18.826978Z,1790296938403,ENAUSDT,Sell,47,0.23212,"{""T"":1790296938403,""s"":""ENAUSDT"",""S"":""Sell"",""v"":""47"",""p"":""0.23212""}"
2026-09-25T00:42:30.831352Z,1790296950380,SAGAUSDT,Buy,465.1,0.074668,"{""T"":1790296950380,""s"":""SAGAUSDT"",""S"":""Buy"",""v"":""465.1"",""p"":""0.074668""}"
2026-09-25T00:42:30.831352Z,1790296950697,SAGAUSDT,Buy,621.6,0.074571,"{""T"":1790296950697,""s"":""SAGAUSDT"",""S"":""Buy"",""v"":""621.6"",""p"":""0.074571""}"
2026-09-25T00:42:40.910038Z,1790296960708,LSKUSDT,Buy,1337.6,0.37643,"{""T"":1790296960708,""s"":""LSKUSDT"",""S"":""Buy"",""v"":""1337.6"",""p"":""0.37643""}"
2026-09-25T00:42:59.815650Z,1790296979547,HYPEUSDT,Buy,49.15,90.750,"{""T"":1790296979547,""s"":""HYPEUSDT"",""S"":""Buy"",""v"":""49.15"",""p"":""90.750""}"
2026-09-25T00:42:59.910170Z,1790296979479,LSKUSDT,Buy,86.1,0.37618,"{""T"":1790296979479,""s"":""LSKUSDT"",""S"":""Buy"",""v"":""86.1"",""p"":""0.37618""}"
2026-09-25T00:43:03.831732Z,1790296983374,SAGAUSDT,Buy,427.7,0.074610,"{""T"":1790296983374,""s"":""SAGAUSDT"",""S"":""Buy"",""v"":""427.7"",""p"":""0.074610""}"
2026-09-25T00:43:05.815345Z,1790296985541,HYPEUSDT,Buy,0.07,90.730,"{""T"":1790296985541,""s"":""HYPEUSDT"",""S"":""Buy"",""v"":""0.07"",""p"":""90.730""}"
2026-09-25T00:43:09.831355Z,1790296989283,SAGAUSDT,Buy,8373.3,0.074481,"{""T"":1790296989283,""s"":""SAGAUSDT"",""S"":""Buy"",""v"":""8373.3"",""p"":""0.074481""}"
2026-09-25T00:43:11.831083Z,1790296991623,SAGAUSDT,Buy,53858.3,0.073375,"{""T"":1790296991623,""s"":""SAGAUSDT"",""S"":""Buy"",""v"":""53858.3"",""p"":""0.073375""}"
2026-09-25T00:43:11.831083Z,1790296991651,SAGAUSDT,Buy,56273.9,0.073790,"{""T"":1790296991651,""s"":""SAGAUSDT"",""S"":""Buy"",""v"":""56273.9"",""p"":""0.073790""}"
2026-09-25T00:43:12.331277Z,1790296991820,SAGAUSDT,Buy,159.0,0.073714,"{""T"":1790296991820,""s"":""SAGAUSDT"",""S"":""Buy"",""v"":""159.0"",""p"":""0.073714""}"
2026-09-25T00:43:12.331277Z,1790296991881,SAGAUSDT,Buy,30910.3,0.074036,"{""T"":1790296991881,""s"":""SAGAUSDT"",""S"":""Buy"",""v"":""30910.3"",""p"":""0.074036""}"
2026-09-25T00:43:12.331277Z,1790296992088,SAGAUSDT,Buy,4706.2,0.073889,"{""T"":1790296992088,""s"":""SAGAUSDT"",""S"":""Buy"",""v"":""4706.2"",""p"":""0.073889""}"
2026-09-25T00:43:12.331277Z,1790296992098,SAGAUSDT,Buy,1670.9,0.073364,"{""T"":1790296992098,""s"":""SAGAUSDT"",""S"":""Buy"",""v"":""1670.9"",""p"":""0.073364""}"
2026-09-25T00:43:43.831262Z,1790297023307,SAGAUSDT,Buy,94.4,0.071581,"{""T"":1790297023307,""s"":""SAGAUSDT"",""S"":""Buy"",""v"":""94.4"",""p"":""0.071581""}"
2026-09-25T00:43:44.331369Z,1790297024209,SAGAUSDT,Buy,19.8,0.071741,"{""T"":1790297024209,""s"":""SAGAUSDT"",""S"":""Buy"",""v"":""19.8"",""p"":""0.071741""}"
2026-09-25T00:43:47.815331Z,1790297027256,HYPEUSDT,Buy,2.15,90.660,"{""T"":1790297027256,""s"":""HYPEUSDT"",""S"":""Buy"",""v"":""2.15"",""p"":""90.660""}"
2026-09-25T00:43:47.815331Z,1790297027365,HYPEUSDT,Buy,0.36,90.660,"{""T"":1790297027365,""s"":""HYPEUSDT"",""S"":""Buy"",""v"":""0.36"",""p"":""90.660""}"
2026-09-25T00:43:56.410315Z,1790297035957,LSKUSDT,Buy,270.4,0.37597,"{""T"":1790297035957,""s"":""LSKUSDT"",""S"":""Buy"",""v"":""270.4"",""p"":""0.37597""}"
2026-09-25T00:44:02.316061Z,1790297042214,XPLUSDT,Buy,2286,0.11229,"{""T"":1790297042214,""s"":""XPLUSDT"",""S"":""Buy"",""v"":""2286"",""p"":""0.11229""}"
2026-09-25T00:44:02.331127Z,1790297042214,SAGAUSDT,Buy,2009.6,0.071183,"{""T"":1790297042214,""s"":""SAGAUSDT"",""S"":""Buy"",""v"":""2009.6"",""p"":""0.071183""}"
2026-09-25T00:44:03.331123Z,1790297042759,SAGAUSDT,Buy,745.8,0.071216,"{""T"":1790297042759,""s"":""SAGAUSDT"",""S"":""Buy"",""v"":""745.8"",""p"":""0.071216""}"
2026-09-25T00:44:10.330922Z,1790297050108,SAGAUSDT,Buy,1118.2,0.070593,"{""T"":1790297050108,""s"":""SAGAUSDT"",""S"":""Buy"",""v"":""1118.2"",""p"":""0.070593""}"
2026-09-25T00:44:10.330922Z,1790297050172,SAGAUSDT,Buy,19252.4,0.070089,"{""T"":1790297050172,""s"":""SAGAUSDT"",""S"":""Buy"",""v"":""19252.4"",""p"":""0.070089""}"
2026-09-25T00:44:10.330922Z,1790297050184,SAGAUSDT,Buy,942.8,0.070284,"{""T"":1790297050184,""s"":""SAGAUSDT"",""S"":""Buy"",""v"":""942.8"",""p"":""0.070284""}"
2026-09-25T00:44:10.489105Z,1790297050172,SOXLUSDT,Sell,41.31,146.82,"{""T"":1790297050172,""s"":""SOXLUSDT"",""S"":""Sell"",""v"":""41.31"",""p"":""146.82""}"
2026-09-25T00:44:10.831921Z,1790297050498,SAGAUSDT,Buy,8398.2,0.070479,"{""T"":1790297050498,""s"":""SAGAUSDT"",""S"":""Buy"",""v"":""8398.2"",""p"":""0.070479""}"
2026-09-25T00:44:10.831921Z,1790297050685,SAGAUSDT,Buy,224.2,0.070084,"{""T"":1790297050685,""s"":""SAGAUSDT"",""S"":""Buy"",""v"":""224.2"",""p"":""0.070084""}"
2026-09-25T00:44:11.331144Z,1790297050999,SAGAUSDT,Buy,6410.2,0.070200,"{""T"":1790297050999,""s"":""SAGAUSDT"",""S"":""Buy"",""v"":""6410.2"",""p"":""0.070200""}"
2026-09-25T00:44:11.331144Z,1790297051132,SAGAUSDT,Buy,3854.4,0.070298,"{""T"":1790297051132,""s"":""SAGAUSDT"",""S"":""Buy"",""v"":""3854.4"",""p"":""0.070298""}"
2026-09-25T00:44:11.831309Z,1790297051497,SAGAUSDT,Buy,4899.1,0.069518,"{""T"":1790297051497,""s"":""SAGAUSDT"",""S"":""Buy"",""v"":""4899.1"",""p"":""0.069518""}"
2026-09-25T00:44:11.831309Z,1790297051505,SAGAUSDT,Buy,1993.1,0.069904,"{""T"":1790297051505,""s"":""SAGAUSDT"",""S"":""Buy"",""v"":""1993.1"",""p"":""0.069904""}"
2026-09-25T00:44:12.331288Z,1790297051757,SAGAUSDT,Buy,128.5,0.069388,"{""T"":1790297051757,""s"":""SAGAUSDT"",""S"":""Buy"",""v"":""128.5"",""p"":""0.069388""}"
2026-09-25T00:44:12.331288Z,1790297051988,SAGAUSDT,Buy,941.6,0.069506,"{""T"":1790297051988,""s"":""SAGAUSDT"",""S"":""Buy"",""v"":""941.6"",""p"":""0.069506""}"
2026-09-25T00:44:14.331292Z,1790297054036,SAGAUSDT,Buy,2068.7,0.068921,"{""T"":1790297054036,""s"":""SAGAUSDT"",""S"":""Buy"",""v"":""2068.7"",""p"":""0.068921""}"
2026-09-25T00:44:15.330950Z,1790297055051,SAGAUSDT,Buy,69725.7,0.068725,"{""T"":1790297055051,""s"":""SAGAUSDT"",""S"":""Buy"",""v"":""69725.7"",""p"":""0.068725""}"
2026-09-25T00:44:16.331206Z,1790297055764,SAGAUSDT,Buy,10972.8,0.068656,"{""T"":1790297055764,""s"":""SAGAUSDT"",""S"":""Buy"",""v"":""10972.8"",""p"":""0.068656""}"
2026-09-25T00:44:19.831623Z,1790297059463,SAGAUSDT,Buy,520.0,0.067700,"{""T"":1790297059463,""s"":""SAGAUSDT"",""S"":""Buy"",""v"":""520.0"",""p"":""0.067700""}"
2026-09-25T00:44:20.333974Z,1790297059784,SAGAUSDT,Buy,43609.9,0.067404,"{""T"":1790297059784,""s"":""SAGAUSDT"",""S"":""Buy"",""v"":""43609.9"",""p"":""0.067404""}"
2026-09-25T00:44:20.333974Z,1790297060020,SAGAUSDT,Buy,348.1,0.067600,"{""T"":1790297060020,""s"":""SAGAUSDT"",""S"":""Buy"",""v"":""348.1"",""p"":""0.067600""}"
2026-09-25T00:44:20.333974Z,1790297060043,SAGAUSDT,Buy,25000.0,0.067839,"{""T"":1790297060043,""s"":""SAGAUSDT"",""S"":""Buy"",""v"":""25000.0"",""p"":""0.067839""}"
2026-09-25T00:44:20.333974Z,1790297060133,SAGAUSDT,Buy,1990.3,0.067529,"{""T"":1790297060133,""s"":""SAGAUSDT"",""S"":""Buy"",""v"":""1990.3"",""p"":""0.067529""}"
2026-09-25T00:44:20.333974Z,1790297060228,SAGAUSDT,Buy,709.6,0.067914,"{""T"":1790297060228,""s"":""SAGAUSDT"",""S"":""Buy"",""v"":""709.6"",""p"":""0.067914""}"
2026-09-25T00:44:20.333974Z,1790297060230,SAGAUSDT,Buy,11519.6,0.067500,"{""T"":1790297060230,""s"":""SAGAUSDT"",""S"":""Buy"",""v"":""11519.6"",""p"":""0.067500""}"
2026-09-25T00:44:25.831179Z,1790297065576,SAGAUSDT,Buy,1384.0,0.066966,"{""T"":1790297065576,""s"":""SAGAUSDT"",""S"":""Buy"",""v"":""1384.0"",""p"":""0.066966""}"
2026-09-25T00:44:27.830967Z,1790297067332,SAGAUSDT,Buy,2838.3,0.066848,"{""T"":1790297067332,""s"":""SAGAUSDT"",""S"":""Buy"",""v"":""2838.3"",""p"":""0.066848""}"
2026-09-25T00:44:28.827125Z,1790297068658,ENAUSDT,Buy,15018,0.22715,"{""T"":1790297068658,""s"":""ENAUSDT"",""S"":""Buy"",""v"":""15018"",""p"":""0.22715""}"
2026-09-25T00:44:28.831084Z,1790297068354,SAGAUSDT,Buy,5663.7,0.066141,"{""T"":1790297068354,""s"":""SAGAUSDT"",""S"":""Buy"",""v"":""5663.7"",""p"":""0.066141""}"
2026-09-25T00:44:28.831084Z,1790297068646,SAGAUSDT,Buy,1415.2,0.065731,"{""T"":1790297068646,""s"":""SAGAUSDT"",""S"":""Buy"",""v"":""1415.2"",""p"":""0.065731""}"
2026-09-25T00:44:28.831084Z,1790297068658,SAGAUSDT,Buy,23656.7,0.065862,"{""T"":1790297068658,""s"":""SAGAUSDT"",""S"":""Buy"",""v"":""23656.7"",""p"":""0.065862""}"
2026-09-25T00:44:28.839410Z,1790297068658,ONDOUSDT,Buy,1627,0.5197,"{""T"":1790297068658,""s"":""ONDOUSDT"",""S"":""Buy"",""v"":""1627"",""p"":""0.5197""}"
2026-09-25T00:44:28.995190Z,1790297068658,SUIUSDT,Buy,870,1.02060,"{""T"":1790297068658,""s"":""SUIUSDT"",""S"":""Buy"",""v"":""870"",""p"":""1.02060""}"
2026-09-25T00:44:38.350403Z,1790297077930,XAIUSDT,Buy,203422,0.009255,"{""T"":1790297077930,""s"":""XAIUSDT"",""S"":""Buy"",""v"":""203422"",""p"":""0.009255""}"
2026-09-25T00:44:38.410246Z,1790297077930,LSKUSDT,Buy,4696.2,0.37623,"{""T"":1790297077930,""s"":""LSKUSDT"",""S"":""Buy"",""v"":""4696.2"",""p"":""0.37623""}"
2026-09-25T00:44:47.815180Z,1790297087245,XPLUSDT,Sell,481,0.11470,"{""T"":1790297087245,""s"":""XPLUSDT"",""S"":""Sell"",""v"":""481"",""p"":""0.11470""}"
2026-09-25T00:44:58.331379Z,1790297097818,SAGAUSDT,Buy,15187.5,0.065320,"{""T"":1790297097818,""s"":""SAGAUSDT"",""S"":""Buy"",""v"":""15187.5"",""p"":""0.065320""}"
2026-09-25T00:44:58.331379Z,1790297098209,SAGAUSDT,Buy,30331.7,0.064994,"{""T"":1790297098209,""s"":""SAGAUSDT"",""S"":""Buy"",""v"":""30331.7"",""p"":""0.064994""}"
2026-09-25T00:44:58.831188Z,1790297098717,SAGAUSDT,Buy,274.6,0.064833,"{""T"":1790297098717,""s"":""SAGAUSDT"",""S"":""Buy"",""v"":""274.6"",""p"":""0.064833""}"
2026-09-25T00:44:59.331465Z,1790297099002,SAGAUSDT,Buy,495.3,0.064829,"{""T"":1790297099002,""s"":""SAGAUSDT"",""S"":""Buy"",""v"":""495.3"",""p"":""0.064829""}"
2026-09-25T00:45:02.831772Z,1790297102277,SAGAUSDT,Buy,21.8,0.063985,"{""T"":1790297102277,""s"":""SAGAUSDT"",""S"":""Buy"",""v"":""21.8"",""p"":""0.063985""}"
2026-09-25T00:45:02.831772Z,1790297102338,SAGAUSDT,Buy,713.9,0.064504,"{""T"":1790297102338,""s"":""SAGAUSDT"",""S"":""Buy"",""v"":""713.9"",""p"":""0.064504""}"
2026-09-25T00:45:02.831772Z,1790297102370,SAGAUSDT,Buy,4923.1,0.064245,"{""T"":1790297102370,""s"":""SAGAUSDT"",""S"":""Buy"",""v"":""4923.1"",""p"":""0.064245""}"
2026-09-25T00:45:02.831772Z,1790297102371,SAGAUSDT,Buy,10296.5,0.064544,"{""T"":1790297102371,""s"":""SAGAUSDT"",""S"":""Buy"",""v"":""10296.5"",""p"":""0.064544""}"
2026-09-25T00:45:04.831243Z,1790297104283,SAGAUSDT,Buy,21255.1,0.063456,"{""T"":1790297104283,""s"":""SAGAUSDT"",""S"":""Buy"",""v"":""21255.1"",""p"":""0.063456""}"
2026-09-25T00:45:04.831243Z,1790297104347,SAGAUSDT,Buy,7830.1,0.063702,"{""T"":1790297104347,""s"":""SAGAUSDT"",""S"":""Buy"",""v"":""7830.1"",""p"":""0.063702""}"
2026-09-25T00:45:04.831243Z,1790297104393,SAGAUSDT,Buy,9823.8,0.063160,"{""T"":1790297104393,""s"":""SAGAUSDT"",""S"":""Buy"",""v"":""9823.8"",""p"":""0.063160""}"
2026-09-25T00:45:04.831243Z,1790297104741,SAGAUSDT,Buy,24148.2,0.063625,"{""T"":1790297104741,""s"":""SAGAUSDT"",""S"":""Buy"",""v"":""24148.2"",""p"":""0.063625""}"
2026-09-25T00:45:04.994789Z,1790297104841,BROCCOLIUSDT,Buy,6692,0.028375,"{""T"":1790297104841,""s"":""BROCCOLIUSDT"",""S"":""Buy"",""v"":""6692"",""p"":""0.028375""}"
2026-09-25T00:45:05.331234Z,1790297104841,SAGAUSDT,Buy,6685.3,0.063465,"{""T"":1790297104841,""s"":""SAGAUSDT"",""S"":""Buy"",""v"":""6685.3"",""p"":""0.063465""}"
2026-09-25T00:45:07.568513Z,1790297107274,BTCUSDT,Sell,0.003,84549.50,"{""T"":1790297107274,""s"":""BTCUSDT"",""S"":""Sell"",""v"":""0.003"",""p"":""84549.50""}"
2026-09-25T00:45:07.831175Z,1790297107253,NOMUSDT,Buy,10,0.002113,"{""T"":1790297107253,""s"":""NOMUSDT"",""S"":""Buy"",""v"":""10"",""p"":""0.002113""}"
2026-09-25T00:45:07.831963Z,1790297107253,SAGAUSDT,Buy,431.4,0.062864,"{""T"":1790297107253,""s"":""SAGAUSDT"",""S"":""Buy"",""v"":""431.4"",""p"":""0.062864""}"
2026-09-25T00:45:07.831963Z,1790297107274,SAGAUSDT,Buy,6137.6,0.062911,"{""T"":1790297107274,""s"":""SAGAUSDT"",""S"":""Buy"",""v"":""6137.6"",""p"":""0.062911""}"
2026-09-25T00:45:07.831963Z,1790297107394,SAGAUSDT,Buy,393.4,0.062107,"{""T"":1790297107394,""s"":""SAGAUSDT"",""S"":""Buy"",""v"":""393.4"",""p"":""0.062107""}"
2026-09-25T00:45:07.831963Z,1790297107432,SAGAUSDT,Buy,21099.4,0.062119,"{""T"":1790297107432,""s"":""SAGAUSDT"",""S"":""Buy"",""v"":""21099.4"",""p"":""0.062119""}"
2026-09-25T00:45:07.831963Z,1790297107464,SAGAUSDT,Buy,5620.7,0.062052,"{""T"":1790297107464,""s"":""SAGAUSDT"",""S"":""Buy"",""v"":""5620.7"",""p"":""0.062052""}"
2026-09-25T00:45:07.831963Z,1790297107636,SAGAUSDT,Buy,12047.4,0.062553,"{""T"":1790297107636,""s"":""SAGAUSDT"",""S"":""Buy"",""v"":""12047.4"",""p"":""0.062553""}"
2026-09-25T00:45:07.831963Z,1790297107640,SAGAUSDT,Buy,3485.9,0.062270,"{""T"":1790297107640,""s"":""SAGAUSDT"",""S"":""Buy"",""v"":""3485.9"",""p"":""0.062270""}"
2026-09-25T00:45:07.831963Z,1790297107692,SAGAUSDT,Buy,17761.7,0.062622,"{""T"":1790297107692,""s"":""SAGAUSDT"",""S"":""Buy"",""v"":""17761.7"",""p"":""0.062622""}"
2026-09-25T00:45:07.831963Z,1790297107716,SAGAUSDT,Buy,234.0,0.062666,"{""T"":1790297107716,""s"":""SAGAUSDT"",""S"":""Buy"",""v"":""234.0"",""p"":""0.062666""}"
2026-09-25T00:45:08.331175Z,1790297107789,SAGAUSDT,Buy,27664.7,0.062071,"{""T"":1790297107789,""s"":""SAGAUSDT"",""S"":""Buy"",""v"":""27664.7"",""p"":""0.062071""}"
2026-09-25T00:45:08.331175Z,1790297107844,SAGAUSDT,Buy,3850.0,0.063004,"{""T"":1790297107844,""s"":""SAGAUSDT"",""S"":""Buy"",""v"":""3850.0"",""p"":""0.063004""}"
2026-09-25T00:45:08.331175Z,1790297107908,SAGAUSDT,Buy,387.0,0.062000,"{""T"":1790297107908,""s"":""SAGAUSDT"",""S"":""Buy"",""v"":""387.0"",""p"":""0.062000""}"
2026-09-25T00:45:08.331175Z,1790297107954,SAGAUSDT,Buy,316.3,0.061880,"{""T"":1790297107954,""s"":""SAGAUSDT"",""S"":""Buy"",""v"":""316.3"",""p"":""0.061880""}"
2026-09-25T00:45:08.331175Z,1790297108008,SAGAUSDT,Buy,7188.6,0.062029,"{""T"":1790297108008,""s"":""SAGAUSDT"",""S"":""Buy"",""v"":""7188.6"",""p"":""0.062029""}"
2026-09-25T00:45:08.331175Z,1790297108174,SAGAUSDT,Buy,143794.7,0.062557,"{""T"":1790297108174,""s"":""SAGAUSDT"",""S"":""Buy"",""v"":""143794.7"",""p"":""0.062557""}"
2026-09-25T00:45:08.331175Z,1790297108176,SAGAUSDT,Buy,94.7,0.062153,"{""T"":1790297108176,""s"":""SAGAUSDT"",""S"":""Buy"",""v"":""94.7"",""p"":""0.062153""}"
2026-09-25T00:45:08.331175Z,1790297108197,SAGAUSDT,Buy,180.0,0.061985,"{""T"":1790297108197,""s"":""SAGAUSDT"",""S"":""Buy"",""v"":""180.0"",""p"":""0.061985""}"
2026-09-25T00:45:08.331175Z,1790297108207,SAGAUSDT,Buy,405.8,0.061975,"{""T"":1790297108207,""s"":""SAGAUSDT"",""S"":""Buy"",""v"":""405.8"",""p"":""0.061975""}"
2026-09-25T00:45:08.831069Z,1790297108590,SAGAUSDT,Buy,13196.5,0.061373,"{""T"":1790297108590,""s"":""SAGAUSDT"",""S"":""Buy"",""v"":""13196.5"",""p"":""0.061373""}"
2026-09-25T00:45:09.831222Z,1790297109347,SAGAUSDT,Buy,4581.6,0.060780,"{""T"":1790297109347,""s"":""SAGAUSDT"",""S"":""Buy"",""v"":""4581.6"",""p"":""0.060780""}"
2026-09-25T00:45:09.831222Z,1790297109409,SAGAUSDT,Buy,98.1,0.061157,"{""T"":1790297109409,""s"":""SAGAUSDT"",""S"":""Buy"",""v"":""98.1"",""p"":""0.061157""}"
2026-09-25T00:45:10.332385Z,1790297109852,SAGAUSDT,Buy,695.3,0.060956,"{""T"":1790297109852,""s"":""SAGAUSDT"",""S"":""Buy"",""v"":""695.3"",""p"":""0.060956""}"
2026-09-25T00:45:10.332385Z,1790297109887,SAGAUSDT,Buy,1994.9,0.061016,"{""T"":1790297109887,""s"":""SAGAUSDT"",""S"":""Buy"",""v"":""1994.9"",""p"":""0.061016""}"
2026-09-25T00:46:04.331332Z,1790297164225,SAGAUSDT,Buy,143.2,0.059829,"{""T"":1790297164225,""s"":""SAGAUSDT"",""S"":""Buy"",""v"":""143.2"",""p"":""0.059829""}"
2026-09-25T00:46:10.831271Z,1790297170455,SAGAUSDT,Buy,3169.6,0.059307,"{""T"":1790297170455,""s"":""SAGAUSDT"",""S"":""Buy"",""v"":""3169.6"",""p"":""0.059307""}"
2026-09-25T00:46:12.831554Z,1790297172382,SAGAUSDT,Buy,9072.4,0.059215,"{""T"":1790297172382,""s"":""SAGAUSDT"",""S"":""Buy"",""v"":""9072.4"",""p"":""0.059215""}"
2026-09-25T00:46:13.331292Z,1790297172839,SAGAUSDT,Buy,717.4,0.059039,"{""T"":1790297172839,""s"":""SAGAUSDT"",""S"":""Buy"",""v"":""717.4"",""p"":""0.059039""}"
2026-09-25T00:46:13.331292Z,1790297172980,SAGAUSDT,Buy,96822.6,0.058996,"{""T"":1790297172980,""s"":""SAGAUSDT"",""S"":""Buy"",""v"":""96822.6"",""p"":""0.058996""}"
2026-09-25T00:46:13.831065Z,1790297173415,SAGAUSDT,Buy,419.6,0.058041,"{""T"":1790297173415,""s"":""SAGAUSDT"",""S"":""Buy"",""v"":""419.6"",""p"":""0.058041""}"
2026-09-25T00:46:13.831065Z,1790297173664,SAGAUSDT,Buy,160.0,0.058305,"{""T"":1790297173664,""s"":""SAGAUSDT"",""S"":""Buy"",""v"":""160.0"",""p"":""0.058305""}"
2026-09-25T00:46:24.142346Z,1790297183862,AKEUSDT,Buy,9400,0.0342910,"{""T"":1790297183862,""s"":""AKEUSDT"",""S"":""Buy"",""v"":""9400"",""p"":""0.0342910""}"
2026-09-25T00:46:24.142346Z,1790297183937,AKEUSDT,Buy,5400,0.0343050,"{""T"":1790297183937,""s"":""AKEUSDT"",""S"":""Buy"",""v"":""5400"",""p"":""0.0343050""}"
2026-09-25T00:46:30.331059Z,1790297190069,SAGAUSDT,Sell,4527.6,0.062801,"{""T"":1790297190069,""s"":""SAGAUSDT"",""S"":""Sell"",""v"":""4527.6"",""p"":""0.062801""}"
2026-09-25T00:46:31.137712Z,1790297190785,AKEUSDT,Buy,10500,0.0341290,"{""T"":1790297190785,""s"":""AKEUSDT"",""S"":""Buy"",""v"":""10500"",""p"":""0.0341290""}"
2026-09-25T00:46:34.410189Z,1790297194020,LSKUSDT,Buy,146.9,0.37631,"{""T"":1790297194020,""s"":""LSKUSDT"",""S"":""Buy"",""v"":""146.9"",""p"":""0.37631""}"
2026-09-25T00:46:49.831607Z,1790297209593,SAGAUSDT,Buy,384.8,0.057309,"{""T"":1790297209593,""s"":""SAGAUSDT"",""S"":""Buy"",""v"":""384.8"",""p"":""0.057309""}"
2026-09-25T00:46:55.331109Z,1790297215133,SAGAUSDT,Buy,136235.1,0.057168,"{""T"":1790297215133,""s"":""SAGAUSDT"",""S"":""Buy"",""v"":""136235.1"",""p"":""0.057168""}"
2026-09-25T00:46:58.518325Z,1790297218300,LTCUSDT,Buy,0.5,70.90,"{""T"":1790297218300,""s"":""LTCUSDT"",""S"":""Buy"",""v"":""0.5"",""p"":""70.90""}"
2026-09-25T00:46:58.827068Z,1790297218300,ENAUSDT,Buy,117,0.22759,"{""T"":1790297218300,""s"":""ENAUSDT"",""S"":""Buy"",""v"":""117"",""p"":""0.22759""}"
2026-09-25T00:46:58.830862Z,1790297218299,LONGXIAUSDT,Sell,338,0.1167,"{""T"":1790297218299,""s"":""LONGXIAUSDT"",""S"":""Sell"",""v"":""338"",""p"":""0.1167""}"
2026-09-25T00:46:58.831240Z,1790297218300,SAGAUSDT,Buy,451.8,0.057005,"{""T"":1790297218300,""s"":""SAGAUSDT"",""S"":""Buy"",""v"":""451.8"",""p"":""0.057005""}"
2026-09-25T00:47:02.331221Z,1790297221794,SAGAUSDT,Buy,979.0,0.056985,"{""T"":1790297221794,""s"":""SAGAUSDT"",""S"":""Buy"",""v"":""979.0"",""p"":""0.056985""}"
2026-09-25T00:47:04.331116Z,1790297223940,SAGAUSDT,Buy,3452.8,0.056930,"{""T"":1790297223940,""s"":""SAGAUSDT"",""S"":""Buy"",""v"":""3452.8"",""p"":""0.056930""}"
2026-09-25T00:47:13.331306Z,1790297232822,SAGAUSDT,Sell,5437.3,0.061875,"{""T"":1790297232822,""s"":""SAGAUSDT"",""S"":""Sell"",""v"":""5437.3"",""p"":""0.061875""}"
2026-09-25T00:47:20.831086Z,1790297240698,SAGAUSDT,Buy,34096.4,0.057163,"{""T"":1790297240698,""s"":""SAGAUSDT"",""S"":""Buy"",""v"":""34096.4"",""p"":""0.057163""}"
2026-09-25T00:47:21.330967Z,1790297240886,SAGAUSDT,Buy,1580.0,0.056912,"{""T"":1790297240886,""s"":""SAGAUSDT"",""S"":""Buy"",""v"":""1580.0"",""p"":""0.056912""}"
2026-09-25T00:47:21.330967Z,1790297240937,SAGAUSDT,Buy,3354.4,0.057312,"{""T"":1790297240937,""s"":""SAGAUSDT"",""S"":""Buy"",""v"":""3354.4"",""p"":""0.057312""}"
2026-09-25T00:47:23.331166Z,1790297243217,SAGAUSDT,Buy,56.2,0.056189,"{""T"":1790297243217,""s"":""SAGAUSDT"",""S"":""Buy"",""v"":""56.2"",""p"":""0.056189""}"
2026-09-25T00:47:23.831112Z,1790297243358,SAGAUSDT,Buy,16622.3,0.056079,"{""T"":1790297243358,""s"":""SAGAUSDT"",""S"":""Buy"",""v"":""16622.3"",""p"":""0.056079""}"
2026-09-25T00:47:23.831112Z,1790297243486,SAGAUSDT,Buy,1549.2,0.056384,"{""T"":1790297243486,""s"":""SAGAUSDT"",""S"":""Buy"",""v"":""1549.2"",""p"":""0.056384""}"
2026-09-25T00:47:32.331135Z,1790297252162,NOMUSDT,Buy,401700,0.002040,"{""T"":1790297252162,""s"":""NOMUSDT"",""S"":""Buy"",""v"":""401700"",""p"":""0.002040""}"
2026-09-25T00:47:33.831487Z,1790297253428,SAGAUSDT,Sell,572.2,0.060208,"{""T"":1790297253428,""s"":""SAGAUSDT"",""S"":""Sell"",""v"":""572.2"",""p"":""0.060208""}"
2026-09-25T00:47:44.568528Z,1790297264093,FILUSDT,Buy,10036.1,0.9680,"{""T"":1790297264093,""s"":""FILUSDT"",""S"":""Buy"",""v"":""10036.1"",""p"":""0.9680""}"
2026-09-25T00:47:50.840170Z,1790297270320,XRPUSDT,Buy,11819.0,1.5363,"{""T"":1790297270320,""s"":""XRPUSDT"",""S"":""Buy"",""v"":""11819.0"",""p"":""1.5363""}"
2026-09-25T00:47:53.831282Z,1790297273654,SAGAUSDT,Sell,1648.4,0.061682,"{""T"":1790297273654,""s"":""SAGAUSDT"",""S"":""Sell"",""v"":""1648.4"",""p"":""0.061682""}"
2026-09-25T00:47:59.827405Z,1790297279566,ENAUSDT,Sell,480,0.23222,"{""T"":1790297279566,""s"":""ENAUSDT"",""S"":""Sell"",""v"":""480"",""p"":""0.23222""}"
2026-09-25T00:48:01.827166Z,1790297281572,ENAUSDT,Sell,499,0.23256,"{""T"":1790297281572,""s"":""ENAUSDT"",""S"":""Sell"",""v"":""499"",""p"":""0.23256""}"
2026-09-25T00:48:01.827166Z,1790297281599,ENAUSDT,Sell,97082,0.23247,"{""T"":1790297281599,""s"":""ENAUSDT"",""S"":""Sell"",""v"":""97082"",""p"":""0.23247""}"
2026-09-25T00:48:02.327513Z,1790297282043,ENAUSDT,Sell,10331,0.23321,"{""T"":1790297282043,""s"":""ENAUSDT"",""S"":""Sell"",""v"":""10331"",""p"":""0.23321""}"
2026-09-25T00:48:40.827541Z,1790297320303,ENAUSDT,Sell,29,0.23357,"{""T"":1790297320303,""s"":""ENAUSDT"",""S"":""Sell"",""v"":""29"",""p"":""0.23357""}"
2026-09-25T00:49:14.828137Z,1790297354313,ENAUSDT,Sell,222032,0.23383,"{""T"":1790297354313,""s"":""ENAUSDT"",""S"":""Sell"",""v"":""222032"",""p"":""0.23383""}"
2026-09-25T00:49:15.409961Z,1790297354955,LSKUSDT,Buy,6.5,0.37399,"{""T"":1790297354955,""s"":""LSKUSDT"",""S"":""Buy"",""v"":""6.5"",""p"":""0.37399""}"
2026-09-25T00:49:15.827278Z,1790297355538,ENAUSDT,Sell,3697,0.23413,"{""T"":1790297355538,""s"":""ENAUSDT"",""S"":""Sell"",""v"":""3697"",""p"":""0.23413""}"
2026-09-25T00:49:15.827278Z,1790297355595,ENAUSDT,Sell,60,0.23417,"{""T"":1790297355595,""s"":""ENAUSDT"",""S"":""Sell"",""v"":""60"",""p"":""0.23417""}"
2026-09-25T00:49:15.910489Z,1790297355420,LSKUSDT,Buy,12.9,0.37370,"{""T"":1790297355420,""s"":""LSKUSDT"",""S"":""Buy"",""v"":""12.9"",""p"":""0.37370""}"
2026-09-25T00:49:18.827316Z,1790297358273,ENAUSDT,Sell,23650,0.23448,"{""T"":1790297358273,""s"":""ENAUSDT"",""S"":""Sell"",""v"":""23650"",""p"":""0.23448""}"
2026-09-25T00:49:18.827316Z,1790297358532,ENAUSDT,Sell,1185,0.23454,"{""T"":1790297358532,""s"":""ENAUSDT"",""S"":""Sell"",""v"":""1185"",""p"":""0.23454""}"
2026-09-25T00:49:18.827316Z,1790297358642,ENAUSDT,Sell,3185,0.23453,"{""T"":1790297358642,""s"":""ENAUSDT"",""S"":""Sell"",""v"":""3185"",""p"":""0.23453""}"
2026-09-25T00:49:25.831260Z,1790297365548,SAGAUSDT,Buy,9831.1,0.057744,"{""T"":1790297365548,""s"":""SAGAUSDT"",""S"":""Buy"",""v"":""9831.1"",""p"":""0.057744""}"
2026-09-25T00:49:29.831157Z,1790297369419,SAGAUSDT,Buy,42964.0,0.057518,"{""T"":1790297369419,""s"":""SAGAUSDT"",""S"":""Buy"",""v"":""42964.0"",""p"":""0.057518""}"
2026-09-25T00:49:30.331271Z,1790297369969,SAGAUSDT,Buy,166.0,0.057569,"{""T"":1790297369969,""s"":""SAGAUSDT"",""S"":""Buy"",""v"":""166.0"",""p"":""0.057569""}"
2026-09-25T00:49:30.331271Z,1790297370101,SAGAUSDT,Buy,1760.0,0.057242,"{""T"":1790297370101,""s"":""SAGAUSDT"",""S"":""Buy"",""v"":""1760.0"",""p"":""0.057242""}"
2026-09-25T00:49:32.331024Z,1790297372083,SAGAUSDT,Buy,520.0,0.055732,"{""T"":1790297372083,""s"":""SAGAUSDT"",""S"":""Buy"",""v"":""520.0"",""p"":""0.055732""}"
2026-09-25T00:49:32.568343Z,1790297372345,BTCUSDT,Sell,0.009,84860.20,"{""T"":1790297372345,""s"":""BTCUSDT"",""S"":""Sell"",""v"":""0.009"",""p"":""84860.20""}"
2026-09-25T00:49:32.831294Z,1790297372313,SAGAUSDT,Buy,6044.1,0.056092,"{""T"":1790297372313,""s"":""SAGAUSDT"",""S"":""Buy"",""v"":""6044.1"",""p"":""0.056092""}"
2026-09-25T00:49:32.831294Z,1790297372345,SAGAUSDT,Buy,588.3,0.055497,"{""T"":1790297372345,""s"":""SAGAUSDT"",""S"":""Buy"",""v"":""588.3"",""p"":""0.055497""}"
2026-09-25T00:49:32.831294Z,1790297372591,SAGAUSDT,Buy,5000.0,0.056663,"{""T"":1790297372591,""s"":""SAGAUSDT"",""S"":""Buy"",""v"":""5000.0"",""p"":""0.056663""}"
2026-09-25T00:49:32.831294Z,1790297372627,SAGAUSDT,Buy,11744.6,0.056272,"{""T"":1790297372627,""s"":""SAGAUSDT"",""S"":""Buy"",""v"":""11744.6"",""p"":""0.056272""}"
2026-09-25T00:49:33.331177Z,1790297372932,SAGAUSDT,Buy,1873.3,0.055865,"{""T"":1790297372932,""s"":""SAGAUSDT"",""S"":""Buy"",""v"":""1873.3"",""p"":""0.055865""}"
2026-09-25T00:49:33.331177Z,1790297372990,SAGAUSDT,Buy,4662.4,0.056639,"{""T"":1790297372990,""s"":""SAGAUSDT"",""S"":""Buy"",""v"":""4662.4"",""p"":""0.056639""}"
2026-09-25T00:49:34.327498Z,1790297373994,ENAUSDT,Sell,12946,0.23466,"{""T"":1790297373994,""s"":""ENAUSDT"",""S"":""Sell"",""v"":""12946"",""p"":""0.23466""}"
2026-09-25T00:49:34.831319Z,1790297374337,SAGAUSDT,Buy,427.1,0.055075,"{""T"":1790297374337,""s"":""SAGAUSDT"",""S"":""Buy"",""v"":""427.1"",""p"":""0.055075""}"
2026-09-25T00:50:02.638043Z,1790297402188,AKEUSDT,Buy,1700,0.0340820,"{""T"":1790297402188,""s"":""AKEUSDT"",""S"":""Buy"",""v"":""1700"",""p"":""0.0340820""}"
2026-09-25T00:50:28.141051Z,1790297427738,AKEUSDT,Buy,142400,0.0339990,"{""T"":1790297427738,""s"":""AKEUSDT"",""S"":""Buy"",""v"":""142400"",""p"":""0.0339990""}"
2026-09-25T00:50:55.331733Z,1790297455214,SAGAUSDT,Buy,225.5,0.054491,"{""T"":1790297455214,""s"":""SAGAUSDT"",""S"":""Buy"",""v"":""225.5"",""p"":""0.054491""}"
2026-09-25T00:50:55.831546Z,1790297455339,SAGAUSDT,Buy,403.9,0.054694,"{""T"":1790297455339,""s"":""SAGAUSDT"",""S"":""Buy"",""v"":""403.9"",""p"":""0.054694""}"
2026-09-25T00:50:55.831546Z,1790297455710,SAGAUSDT,Buy,10253.2,0.054583,"{""T"":1790297455710,""s"":""SAGAUSDT"",""S"":""Buy"",""v"":""10253.2"",""p"":""0.054583""}"
2026-09-25T00:51:13.831680Z,1790297473705,SAGAUSDT,Buy,34482.1,0.054351,"{""T"":1790297473705,""s"":""SAGAUSDT"",""S"":""Buy"",""v"":""34482.1"",""p"":""0.054351""}"
2026-09-25T00:51:18.327113Z,1790297478119,ENAUSDT,Sell,9680,0.23502,"{""T"":1790297478119,""s"":""ENAUSDT"",""S"":""Sell"",""v"":""9680"",""p"":""0.23502""}"
2026-09-25T00:51:20.327228Z,1790297480195,ENAUSDT,Sell,1024,0.23564,"{""T"":1790297480195,""s"":""ENAUSDT"",""S"":""Sell"",""v"":""1024"",""p"":""0.23564""}"
2026-09-25T00:51:21.827062Z,1790297481312,ENAUSDT,Sell,5334,0.23619,"{""T"":1790297481312,""s"":""ENAUSDT"",""S"":""Sell"",""v"":""5334"",""p"":""0.23619""}"
2026-09-25T00:51:22.327101Z,1790297481918,ENAUSDT,Sell,465,0.23640,"{""T"":1790297481918,""s"":""ENAUSDT"",""S"":""Sell"",""v"":""465"",""p"":""0.23640""}"
2026-09-25T00:51:27.315265Z,1790297486738,XPLUSDT,Sell,1125,0.11593,"{""T"":1790297486738,""s"":""XPLUSDT"",""S"":""Sell"",""v"":""1125"",""p"":""0.11593""}"
2026-09-25T00:51:34.827494Z,1790297494327,ENAUSDT,Sell,12352,0.23672,"{""T"":1790297494327,""s"":""ENAUSDT"",""S"":""Sell"",""v"":""12352"",""p"":""0.23672""}"
2026-09-25T00:51:42.327575Z,1790297501772,ENAUSDT,Sell,6188,0.23685,"{""T"":1790297501772,""s"":""ENAUSDT"",""S"":""Sell"",""v"":""6188"",""p"":""0.23685""}"
2026-09-25T00:51:42.327575Z,1790297502194,ENAUSDT,Sell,1056,0.23690,"{""T"":1790297502194,""s"":""ENAUSDT"",""S"":""Sell"",""v"":""1056"",""p"":""0.23690""}"
2026-09-25T00:51:43.327185Z,1790297502896,ENAUSDT,Sell,113,0.23704,"{""T"":1790297502896,""s"":""ENAUSDT"",""S"":""Sell"",""v"":""113"",""p"":""0.23704""}"
2026-09-25T00:51:43.327185Z,1790297503161,ENAUSDT,Sell,9745,0.23696,"{""T"":1790297503161,""s"":""ENAUSDT"",""S"":""Sell"",""v"":""9745"",""p"":""0.23696""}"
2026-09-25T00:51:58.815764Z,1790297518703,XPLUSDT,Sell,41336,0.11635,"{""T"":1790297518703,""s"":""XPLUSDT"",""S"":""Sell"",""v"":""41336"",""p"":""0.11635""}"
2026-09-25T00:51:59.315253Z,1790297519106,XPLUSDT,Sell,606,0.11611,"{""T"":1790297519106,""s"":""XPLUSDT"",""S"":""Sell"",""v"":""606"",""p"":""0.11611""}"
2026-09-25T00:52:02.417123Z,1790297522125,ARBUSDT,Sell,2822.8,0.22038,"{""T"":1790297522125,""s"":""ARBUSDT"",""S"":""Sell"",""v"":""2822.8"",""p"":""0.22038""}"
2026-09-25T00:52:11.327717Z,1790297531050,ENAUSDT,Sell,6135,0.23750,"{""T"":1790297531050,""s"":""ENAUSDT"",""S"":""Sell"",""v"":""6135"",""p"":""0.23750""}"
2026-09-25T00:52:11.827349Z,1790297531365,ENAUSDT,Sell,1525,0.23758,"{""T"":1790297531365,""s"":""ENAUSDT"",""S"":""Sell"",""v"":""1525"",""p"":""0.23758""}"
2026-09-25T00:52:45.315293Z,1790297565029,XPLUSDT,Buy,601,0.11365,"{""T"":1790297565029,""s"":""XPLUSDT"",""S"":""Buy"",""v"":""601"",""p"":""0.11365""}"
2026-09-25T00:52:47.815568Z,1790297567615,HYPEUSDT,Buy,0.77,90.560,"{""T"":1790297567615,""s"":""HYPEUSDT"",""S"":""Buy"",""v"":""0.77"",""p"":""90.560""}"
2026-09-25T00:52:55.816614Z,1790297575450,HYPEUSDT,Buy,3.16,90.550,"{""T"":1790297575450,""s"":""HYPEUSDT"",""S"":""Buy"",""v"":""3.16"",""p"":""90.550""}"
2026-09-25T00:54:01.831461Z,1790297641348,SAGAUSDT,Buy,920.1,0.053803,"{""T"":1790297641348,""s"":""SAGAUSDT"",""S"":""Buy"",""v"":""920.1"",""p"":""0.053803""}"
2026-09-25T00:54:06.331167Z,1790297646221,SAGAUSDT,Buy,1445.1,0.053222,"{""T"":1790297646221,""s"":""SAGAUSDT"",""S"":""Buy"",""v"":""1445.1"",""p"":""0.053222""}"
2026-09-25T00:54:06.831218Z,1790297646720,SAGAUSDT,Buy,179.0,0.053087,"{""T"":1790297646720,""s"":""SAGAUSDT"",""S"":""Buy"",""v"":""179.0"",""p"":""0.053087""}"
2026-09-25T00:54:13.494289Z,1790297652948,SUIUSDT,Sell,10700,1.04960,"{""T"":1790297652948,""s"":""SUIUSDT"",""S"":""Sell"",""v"":""10700"",""p"":""1.04960""}"
2026-09-25T00:54:14.494266Z,1790297654068,SUIUSDT,Sell,11160,1.04980,"{""T"":1790297654068,""s"":""SUIUSDT"",""S"":""Sell"",""v"":""11160"",""p"":""1.04980""}"
2026-09-25T00:54:14.494266Z,1790297654232,SUIUSDT,Sell,30,1.05020,"{""T"":1790297654232,""s"":""SUIUSDT"",""S"":""Sell"",""v"":""30"",""p"":""1.05020""}"
2026-09-25T00:54:15.494765Z,1790297655229,SUIUSDT,Sell,20,1.05090,"{""T"":1790297655229,""s"":""SUIUSDT"",""S"":""Sell"",""v"":""20"",""p"":""1.05090""}"
2026-09-25T00:54:25.831335Z,1790297665308,SAGAUSDT,Sell,11143.1,0.057364,"{""T"":1790297665308,""s"":""SAGAUSDT"",""S"":""Sell"",""v"":""11143.1"",""p"":""0.057364""}"
2026-09-25T00:55:12.331464Z,1790297711846,SAGAUSDT,Sell,1020.4,0.058363,"{""T"":1790297711846,""s"":""SAGAUSDT"",""S"":""Sell"",""v"":""1020.4"",""p"":""0.058363""}"
2026-09-25T00:55:45.494566Z,1790297744974,SUIUSDT,Sell,80,1.05300,"{""T"":1790297744974,""s"":""SUIUSDT"",""S"":""Sell"",""v"":""80"",""p"":""1.05300""}"
2026-09-25T00:55:47.494381Z,1790297747116,SUIUSDT,Sell,130,1.05400,"{""T"":1790297747116,""s"":""SUIUSDT"",""S"":""Sell"",""v"":""130"",""p"":""1.05400""}"
2026-09-25T00:55:55.331326Z,1790297754959,SAGAUSDT,Sell,342.2,0.059461,"{""T"":1790297754959,""s"":""SAGAUSDT"",""S"":""Sell"",""v"":""342.2"",""p"":""0.059461""}"
2026-09-25T00:56:11.494588Z,1790297770908,SUIUSDT,Sell,200,1.05650,"{""T"":1790297770908,""s"":""SUIUSDT"",""S"":""Sell"",""v"":""200"",""p"":""1.05650""}"
2026-09-25T00:56:13.494157Z,1790297773172,SUIUSDT,Sell,40,1.05860,"{""T"":1790297773172,""s"":""SUIUSDT"",""S"":""Sell"",""v"":""40"",""p"":""1.05860""}"
2026-09-25T00:56:16.831106Z,1790297776304,SAGAUSDT,Sell,19764.8,0.061858,"{""T"":1790297776304,""s"":""SAGAUSDT"",""S"":""Sell"",""v"":""19764.8"",""p"":""0.061858""}"
2026-09-25T00:56:16.831106Z,1790297776694,SAGAUSDT,Sell,2318.1,0.061745,"{""T"":1790297776694,""s"":""SAGAUSDT"",""S"":""Sell"",""v"":""2318.1"",""p"":""0.061745""}"
2026-09-25T00:56:17.331481Z,1790297777031,SAGAUSDT,Sell,28612.2,0.061670,"{""T"":1790297777031,""s"":""SAGAUSDT"",""S"":""Sell"",""v"":""28612.2"",""p"":""0.061670""}"
2026-09-25T00:56:17.331481Z,1790297777125,SAGAUSDT,Sell,334.2,0.061891,"{""T"":1790297777125,""s"":""SAGAUSDT"",""S"":""Sell"",""v"":""334.2"",""p"":""0.061891""}"
2026-09-25T00:56:17.831256Z,1790297777680,SAGAUSDT,Sell,35299.6,0.061946,"{""T"":1790297777680,""s"":""SAGAUSDT"",""S"":""Sell"",""v"":""35299.6"",""p"":""0.061946""}"
2026-09-25T00:56:22.831041Z,1790297782724,SAGAUSDT,Sell,8996.2,0.064100,"{""T"":1790297782724,""s"":""SAGAUSDT"",""S"":""Sell"",""v"":""8996.2"",""p"":""0.064100""}"
2026-09-25T00:56:23.068237Z,1790297782724,BTCUSDT,Sell,0.023,84880.00,"{""T"":1790297782724,""s"":""BTCUSDT"",""S"":""Sell"",""v"":""0.023"",""p"":""84880.00""}"
2026-09-25T00:56:23.330889Z,1790297782925,SAGAUSDT,Sell,288.0,0.062609,"{""T"":1790297782925,""s"":""SAGAUSDT"",""S"":""Sell"",""v"":""288.0"",""p"":""0.062609""}"
2026-09-25T00:56:23.330889Z,1790297782985,SAGAUSDT,Sell,8620.0,0.063568,"{""T"":1790297782985,""s"":""SAGAUSDT"",""S"":""Sell"",""v"":""8620.0"",""p"":""0.063568""}"
2026-09-25T00:56:23.330889Z,1790297782998,SAGAUSDT,Sell,1626.0,0.062540,"{""T"":1790297782998,""s"":""SAGAUSDT"",""S"":""Sell"",""v"":""1626.0"",""p"":""0.062540""}"
2026-09-25T00:56:29.018288Z,1790297788436,NEARUSDT,Buy,12.7,4.5520,"{""T"":1790297788436,""s"":""NEARUSDT"",""S"":""Buy"",""v"":""12.7"",""p"":""4.5520""}"
2026-09-25T00:56:29.831050Z,1790297789444,SAGAUSDT,Sell,24193.5,0.065213,"{""T"":1790297789444,""s"":""SAGAUSDT"",""S"":""Sell"",""v"":""24193.5"",""p"":""0.065213""}"
2026-09-25T00:56:29.909958Z,1790297789444,LSKUSDT,Sell,156.8,0.38904,"{""T"":1790297789444,""s"":""LSKUSDT"",""S"":""Sell"",""v"":""156.8"",""p"":""0.38904""}"
2026-09-25T00:56:42.018354Z,1790297801432,NEARUSDT,Buy,108.3,4.5490,"{""T"":1790297801432,""s"":""NEARUSDT"",""S"":""Buy"",""v"":""108.3"",""p"":""4.5490""}"
2026-09-25T00:56:42.331110Z,1790297802136,SAGAUSDT,Sell,52299.1,0.066559,"{""T"":1790297802136,""s"":""SAGAUSDT"",""S"":""Sell"",""v"":""52299.1"",""p"":""0.066559""}"
2026-09-25T00:56:42.637482Z,1790297802136,AKEUSDT,Sell,10000,0.0355630,"{""T"":1790297802136,""s"":""AKEUSDT"",""S"":""Sell"",""v"":""10000"",""p"":""0.0355630""}"
2026-09-25T00:56:42.831133Z,1790297802346,SAGAUSDT,Sell,174.1,0.065991,"{""T"":1790297802346,""s"":""SAGAUSDT"",""S"":""Sell"",""v"":""174.1"",""p"":""0.065991""}"
2026-09-25T00:56:42.831133Z,1790297802372,SAGAUSDT,Sell,1913.4,0.067215,"{""T"":1790297802372,""s"":""SAGAUSDT"",""S"":""Sell"",""v"":""1913.4"",""p"":""0.067215""}"
2026-09-25T00:56:43.331019Z,1790297802952,SAGAUSDT,Sell,440.1,0.066896,"{""T"":1790297802952,""s"":""SAGAUSDT"",""S"":""Sell"",""v"":""440.1"",""p"":""0.066896""}"
2026-09-25T00:56:43.331019Z,1790297802964,SAGAUSDT,Sell,334.8,0.066182,"{""T"":1790297802964,""s"":""SAGAUSDT"",""S"":""Sell"",""v"":""334.8"",""p"":""0.066182""}"
2026-09-25T00:56:54.832073Z,1790297814579,SAGAUSDT,Sell,996.3,0.067260,"{""T"":1790297814579,""s"":""SAGAUSDT"",""S"":""Sell"",""v"":""996.3"",""p"":""0.067260""}"
2026-09-25T00:56:55.331090Z,1790297815061,SAGAUSDT,Sell,13989.9,0.067446,"{""T"":1790297815061,""s"":""SAGAUSDT"",""S"":""Sell"",""v"":""13989.9"",""p"":""0.067446""}"
2026-09-25T00:56:58.331184Z,1790297818036,SAGAUSDT,Sell,419.1,0.067689,"{""T"":1790297818036,""s"":""SAGAUSDT"",""S"":""Sell"",""v"":""419.1"",""p"":""0.067689""}"
2026-09-25T00:57:00.831063Z,1790297820338,SAGAUSDT,Sell,940.9,0.068198,"{""T"":1790297820338,""s"":""SAGAUSDT"",""S"":""Sell"",""v"":""940.9"",""p"":""0.068198""}"
2026-09-25T00:57:01.330900Z,1790297820965,SAGAUSDT,Sell,1595.3,0.068229,"{""T"":1790297820965,""s"":""SAGAUSDT"",""S"":""Sell"",""v"":""1595.3"",""p"":""0.068229""}"
2026-09-25T00:57:01.330900Z,1790297821153,SAGAUSDT,Sell,909.0,0.068865,"{""T"":1790297821153,""s"":""SAGAUSDT"",""S"":""Sell"",""v"":""909.0"",""p"":""0.068865""}"
2026-09-25T00:57:05.315390Z,1790297824956,HYPEUSDT,Buy,0.41,90.520,"{""T"":1790297824956,""s"":""HYPEUSDT"",""S"":""Buy"",""v"":""0.41"",""p"":""90.520""}"
2026-09-25T00:57:07.994475Z,1790297827514,SUIUSDT,Sell,80,1.05890,"{""T"":1790297827514,""s"":""SUIUSDT"",""S"":""Sell"",""v"":""80"",""p"":""1.05890""}"
2026-09-25T00:57:59.333108Z,1790297878822,SAGAUSDT,Buy,41411.0,0.064718,"{""T"":1790297878822,""s"":""SAGAUSDT"",""S"":""Buy"",""v"":""41411.0"",""p"":""0.064718""}"
2026-09-25T00:57:59.333108Z,1790297879051,SAGAUSDT,Buy,143.7,0.064773,"{""T"":1790297879051,""s"":""SAGAUSDT"",""S"":""Buy"",""v"":""143.7"",""p"":""0.064773""}"
2026-09-25T00:58:06.331093Z,1790297886096,SAGAUSDT,Sell,5471.3,0.068462,"{""T"":1790297886096,""s"":""SAGAUSDT"",""S"":""Sell"",""v"":""5471.3"",""p"":""0.068462""}"
2026-09-25T00:58:14.331342Z,1790297893786,SAGAUSDT,Buy,5842.3,0.061914,"{""T"":1790297893786,""s"":""SAGAUSDT"",""S"":""Buy"",""v"":""5842.3"",""p"":""0.061914""}"
2026-09-25T00:58:14.331342Z,1790297894039,SAGAUSDT,Buy,3310.6,0.062194,"{""T"":1790297894039,""s"":""SAGAUSDT"",""S"":""Buy"",""v"":""3310.6"",""p"":""0.062194""}"
2026-09-25T00:58:20.331051Z,1790297900207,SAGAUSDT,Sell,2480.8,0.064416,"{""T"":1790297900207,""s"":""SAGAUSDT"",""S"":""Sell"",""v"":""2480.8"",""p"":""0.064416""}"
2026-09-25T00:58:26.994085Z,1790297906893,SUIUSDT,Sell,910,1.06000,"{""T"":1790297906893,""s"":""SUIUSDT"",""S"":""Sell"",""v"":""910"",""p"":""1.06000""}"
2026-09-25T00:58:27.331793Z,1790297907237,SAGAUSDT,Sell,308.5,0.066445,"{""T"":1790297907237,""s"":""SAGAUSDT"",""S"":""Sell"",""v"":""308.5"",""p"":""0.066445""}"
2026-09-25T00:58:27.494522Z,1790297907244,SUIUSDT,Sell,250,1.06000,"{""T"":1790297907244,""s"":""SUIUSDT"",""S"":""Sell"",""v"":""250"",""p"":""1.06000""}"
2026-09-25T00:58:38.495081Z,1790297918096,SUIUSDT,Sell,50,1.06160,"{""T"":1790297918096,""s"":""SUIUSDT"",""S"":""Sell"",""v"":""50"",""p"":""1.06160""}"
2026-09-25T00:58:38.495081Z,1790297918174,SUIUSDT,Sell,200,1.06190,"{""T"":1790297918174,""s"":""SUIUSDT"",""S"":""Sell"",""v"":""200"",""p"":""1.06190""}"
2026-09-25T00:58:40.994166Z,1790297920424,SUIUSDT,Sell,390,1.06350,"{""T"":1790297920424,""s"":""SUIUSDT"",""S"":""Sell"",""v"":""390"",""p"":""1.06350""}"
2026-09-25T00:58:46.494759Z,1790297926004,SUIUSDT,Sell,830,1.06450,"{""T"":1790297926004,""s"":""SUIUSDT"",""S"":""Sell"",""v"":""830"",""p"":""1.06450""}"
2026-09-25T00:59:27.835286Z,1790297967393,SAGAUSDT,Sell,444.0,0.066866,"{""T"":1790297967393,""s"":""SAGAUSDT"",""S"":""Sell"",""v"":""444.0"",""p"":""0.066866""}"
2026-09-25T00:59:36.330897Z,1790297976114,SAGAUSDT,Sell,13741.7,0.068174,"{""T"":1790297976114,""s"":""SAGAUSDT"",""S"":""Sell"",""v"":""13741.7"",""p"":""0.068174""}"
2026-09-25T01:00:04.815835Z,1790298004594,XPLUSDT,Buy,3341,0.11315,"{""T"":1790298004594,""s"":""XPLUSDT"",""S"":""Buy"",""v"":""3341"",""p"":""0.11315""}"
2026-09-25T01:00:34.831623Z,1790298034734,SAGAUSDT,Sell,687.9,0.068885,"{""T"":1790298034734,""s"":""SAGAUSDT"",""S"":""Sell"",""v"":""687.9"",""p"":""0.068885""}"
2026-09-25T01:00:43.831526Z,1790298043554,SAGAUSDT,Sell,13658.7,0.069150,"{""T"":1790298043554,""s"":""SAGAUSDT"",""S"":""Sell"",""v"":""13658.7"",""p"":""0.069150""}"
2026-09-25T01:00:47.331427Z,1790298046868,SAGAUSDT,Sell,249.8,0.069564,"{""T"":1790298046868,""s"":""SAGAUSDT"",""S"":""Sell"",""v"":""249.8"",""p"":""0.069564""}"
2026-09-25T01:01:15.331772Z,1790298074772,SAGAUSDT,Sell,1058.6,0.070772,"{""T"":1790298074772,""s"":""SAGAUSDT"",""S"":""Sell"",""v"":""1058.6"",""p"":""0.070772""}"
2026-09-25T01:01:15.331772Z,1790298075221,SAGAUSDT,Sell,40366.0,0.070531,"{""T"":1790298075221,""s"":""SAGAUSDT"",""S"":""Sell"",""v"":""40366.0"",""p"":""0.070531""}"
2026-09-25T01:01:17.831363Z,1790298077719,SAGAUSDT,Sell,454.7,0.071258,"{""T"":1790298077719,""s"":""SAGAUSDT"",""S"":""Sell"",""v"":""454.7"",""p"":""0.071258""}"
2026-09-25T01:01:43.327621Z,1790298102861,ENAUSDT,Sell,3349,0.23767,"{""T"":1790298102861,""s"":""ENAUSDT"",""S"":""Sell"",""v"":""3349"",""p"":""0.23767""}"
2026-09-25T01:01:44.827383Z,1790298104315,ENAUSDT,Sell,7271,0.23786,"{""T"":1790298104315,""s"":""ENAUSDT"",""S"":""Sell"",""v"":""7271"",""p"":""0.23786""}"
2026-09-25T01:01:45.327260Z,1790298105139,ENAUSDT,Sell,69,0.23829,"{""T"":1790298105139,""s"":""ENAUSDT"",""S"":""Sell"",""v"":""69"",""p"":""0.23829""}"
2026-09-25T01:01:46.827850Z,1790298106467,ENAUSDT,Sell,6397,0.23881,"{""T"":1790298106467,""s"":""ENAUSDT"",""S"":""Sell"",""v"":""6397"",""p"":""0.23881""}"
2026-09-25T01:01:46.827850Z,1790298106648,ENAUSDT,Sell,276,0.23889,"{""T"":1790298106648,""s"":""ENAUSDT"",""S"":""Sell"",""v"":""276"",""p"":""0.23889""}"
2026-09-25T01:01:50.827607Z,1790298110699,ENAUSDT,Sell,4622,0.23900,"{""T"":1790298110699,""s"":""ENAUSDT"",""S"":""Sell"",""v"":""4622"",""p"":""0.23900""}"
2026-09-25T01:01:51.327171Z,1790298110989,ENAUSDT,Sell,69,0.23916,"{""T"":1790298110989,""s"":""ENAUSDT"",""S"":""Sell"",""v"":""69"",""p"":""0.23916""}"
2026-09-25T01:01:52.416687Z,1790298112022,DOGEUSDT,Sell,294,0.09743,"{""T"":1790298112022,""s"":""DOGEUSDT"",""S"":""Sell"",""v"":""294"",""p"":""0.09743""}"
2026-09-25T01:01:55.827282Z,1790298115297,ENAUSDT,Sell,9196,0.23921,"{""T"":1790298115297,""s"":""ENAUSDT"",""S"":""Sell"",""v"":""9196"",""p"":""0.23921""}"
2026-09-25T01:01:55.827282Z,1790298115422,ENAUSDT,Sell,11241,0.23918,"{""T"":1790298115422,""s"":""ENAUSDT"",""S"":""Sell"",""v"":""11241"",""p"":""0.23918""}"
2026-09-25T01:01:59.494422Z,1790298119378,SUIUSDT,Sell,2490,1.06740,"{""T"":1790298119378,""s"":""SUIUSDT"",""S"":""Sell"",""v"":""2490"",""p"":""1.06740""}"
2026-09-25T01:02:02.340067Z,1790298121818,LDOUSDT,Sell,173.1,0.4440,"{""T"":1790298121818,""s"":""LDOUSDT"",""S"":""Sell"",""v"":""173.1"",""p"":""0.4440""}"
2026-09-25T01:02:03.994196Z,1790298123866,SUIUSDT,Sell,270,1.06750,"{""T"":1790298123866,""s"":""SUIUSDT"",""S"":""Sell"",""v"":""270"",""p"":""1.06750""}"
2026-09-25T01:02:04.361404Z,1790298123866,WLDUSDT,Sell,645.7,0.4463,"{""T"":1790298123866,""s"":""WLDUSDT"",""S"":""Sell"",""v"":""645.7"",""p"":""0.4463""}"
2026-09-25T01:02:10.994309Z,1790298130899,SUIUSDT,Sell,3060,1.06890,"{""T"":1790298130899,""s"":""SUIUSDT"",""S"":""Sell"",""v"":""3060"",""p"":""1.06890""}"
2026-09-25T01:02:12.988956Z,1790298132511,XAUUSDT,Sell,0.038,4304.73,"{""T"":1790298132511,""s"":""XAUUSDT"",""S"":""Sell"",""v"":""0.038"",""p"":""4304.73""}"
2026-09-25T01:02:19.815237Z,1790298139595,PUMPFUNUSDT,Sell,43700,0.0039570,"{""T"":1790298139595,""s"":""PUMPFUNUSDT"",""S"":""Sell"",""v"":""43700"",""p"":""0.0039570""}"
2026-09-25T01:02:20.817264Z,1790298140718,PUMPFUNUSDT,Sell,10400,0.0039570,"{""T"":1790298140718,""s"":""PUMPFUNUSDT"",""S"":""Sell"",""v"":""10400"",""p"":""0.0039570""}"
2026-09-25T01:02:21.831115Z,1790298141645,SAGAUSDT,Buy,26409.0,0.065925,"{""T"":1790298141645,""s"":""SAGAUSDT"",""S"":""Buy"",""v"":""26409.0"",""p"":""0.065925""}"
2026-09-25T01:02:28.331168Z,1790298148096,SAGAUSDT,Buy,109.6,0.064575,"{""T"":1790298148096,""s"":""SAGAUSDT"",""S"":""Buy"",""v"":""109.6"",""p"":""0.064575""}"
2026-09-25T01:02:36.331002Z,1790298156053,SAGAUSDT,Buy,1419.8,0.063978,"{""T"":1790298156053,""s"":""SAGAUSDT"",""S"":""Buy"",""v"":""1419.8"",""p"":""0.063978""}"
2026-09-25T01:02:43.065216Z,1790298162502,SOLUSDT,Sell,0.1,118.230,"{""T"":1790298162502,""s"":""SOLUSDT"",""S"":""Sell"",""v"":""0.1"",""p"":""118.230""}"
2026-09-25T01:02:43.565997Z,1790298163328,SOLUSDT,Sell,78.4,118.240,"{""T"":1790298163328,""s"":""SOLUSDT"",""S"":""Sell"",""v"":""78.4"",""p"":""118.240""}"
2026-09-25T01:02:44.065155Z,1790298163841,SOLUSDT,Sell,31.2,118.240,"{""T"":1790298163841,""s"":""SOLUSDT"",""S"":""Sell"",""v"":""31.2"",""p"":""118.240""}"
2026-09-25T01:02:44.065155Z,1790298163894,SOLUSDT,Sell,0.6,118.240,"{""T"":1790298163894,""s"":""SOLUSDT"",""S"":""Sell"",""v"":""0.6"",""p"":""118.240""}"
2026-09-25T01:02:44.565240Z,1790298164441,SOLUSDT,Sell,0.7,118.280,"{""T"":1790298164441,""s"":""SOLUSDT"",""S"":""Sell"",""v"":""0.7"",""p"":""118.280""}"
2026-09-25T01:02:56.361514Z,1790298175797,SEIUSDT,Sell,341,0.06437,"{""T"":1790298175797,""s"":""SEIUSDT"",""S"":""Sell"",""v"":""341"",""p"":""0.06437""}"
2026-09-25T01:03:38.565564Z,1790298218269,SOLUSDT,Sell,2.0,118.310,"{""T"":1790298218269,""s"":""SOLUSDT"",""S"":""Sell"",""v"":""2.0"",""p"":""118.310""}"
2026-09-25T01:03:39.565373Z,1790298219081,SOLUSDT,Sell,3.5,118.370,"{""T"":1790298219081,""s"":""SOLUSDT"",""S"":""Sell"",""v"":""3.5"",""p"":""118.370""}"
2026-09-25T01:03:39.565373Z,1790298219411,SOLUSDT,Sell,13.6,118.380,"{""T"":1790298219411,""s"":""SOLUSDT"",""S"":""Sell"",""v"":""13.6"",""p"":""118.380""}"
2026-09-25T01:03:40.065713Z,1790298219674,SOLUSDT,Sell,22.3,118.360,"{""T"":1790298219674,""s"":""SOLUSDT"",""S"":""Sell"",""v"":""22.3"",""p"":""118.360""}"
2026-09-25T01:03:40.565021Z,1790298220279,SOLUSDT,Sell,0.2,118.420,"{""T"":1790298220279,""s"":""SOLUSDT"",""S"":""Sell"",""v"":""0.2"",""p"":""118.420""}"
2026-09-25T01:03:41.065475Z,1790298220627,SOLUSDT,Sell,11.2,118.390,"{""T"":1790298220627,""s"":""SOLUSDT"",""S"":""Sell"",""v"":""11.2"",""p"":""118.390""}"
2026-09-25T01:03:44.331058Z,1790298223750,SAGAUSDT,Sell,12231.2,0.071082,"{""T"":1790298223750,""s"":""SAGAUSDT"",""S"":""Sell"",""v"":""12231.2"",""p"":""0.071082""}"
2026-09-25T01:03:44.916703Z,1790298224466,ADAUSDT,Sell,22,0.2534,"{""T"":1790298224466,""s"":""ADAUSDT"",""S"":""Sell"",""v"":""22"",""p"":""0.2534""}"
2026-09-25T01:03:51.815388Z,1790298231599,XPLUSDT,Sell,37073,0.11688,"{""T"":1790298231599,""s"":""XPLUSDT"",""S"":""Sell"",""v"":""37073"",""p"":""0.11688""}"
2026-09-25T01:03:54.910281Z,1790298234596,JUPUSDT,Sell,1768,0.31400,"{""T"":1790298234596,""s"":""JUPUSDT"",""S"":""Sell"",""v"":""1768"",""p"":""0.31400""}"
2026-09-25T01:03:57.488706Z,1790298237247,XAUUSDT,Sell,0.023,4305.15,"{""T"":1790298237247,""s"":""XAUUSDT"",""S"":""Sell"",""v"":""0.023"",""p"":""4305.15""}"
2026-09-25T01:03:58.339853Z,1790298238240,ONDOUSDT,Sell,666,0.5362,"{""T"":1790298238240,""s"":""ONDOUSDT"",""S"":""Sell"",""v"":""666"",""p"":""0.5362""}"
2026-09-25T01:04:03.840154Z,1790298243731,ONDOUSDT,Sell,821,0.5368,"{""T"":1790298243731,""s"":""ONDOUSDT"",""S"":""Sell"",""v"":""821"",""p"":""0.5368""}"
2026-09-25T01:04:04.340569Z,1790298243973,ONDOUSDT,Sell,8946,0.5367,"{""T"":1790298243973,""s"":""ONDOUSDT"",""S"":""Sell"",""v"":""8946"",""p"":""0.5367""}"
2026-09-25T01:04:11.327405Z,1790298250805,ENAUSDT,Sell,45,0.23958,"{""T"":1790298250805,""s"":""ENAUSDT"",""S"":""Sell"",""v"":""45"",""p"":""0.23958""}"
2026-09-25T01:04:11.827046Z,1790298251494,ENAUSDT,Sell,422672,0.23945,"{""T"":1790298251494,""s"":""ENAUSDT"",""S"":""Sell"",""v"":""422672"",""p"":""0.23945""}"
2026-09-25T01:04:24.831294Z,1790298264284,SAGAUSDT,Sell,2585.1,0.072360,"{""T"":1790298264284,""s"":""SAGAUSDT"",""S"":""Sell"",""v"":""2585.1"",""p"":""0.072360""}"
2026-09-25T01:04:25.330918Z,1790298265067,SAGAUSDT,Sell,18986.5,0.072338,"{""T"":1790298265067,""s"":""SAGAUSDT"",""S"":""Sell"",""v"":""18986.5"",""p"":""0.072338""}"
2026-09-25T01:04:40.137950Z,1790298279840,PENDLEUSDT,Sell,18,2.6450,"{""T"":1790298279840,""s"":""PENDLEUSDT"",""S"":""Sell"",""v"":""18"",""p"":""2.6450""}"
2026-09-25T01:04:40.331138Z,1790298279945,SAGAUSDT,Sell,1328.6,0.073267,"{""T"":1790298279945,""s"":""SAGAUSDT"",""S"":""Sell"",""v"":""1328.6"",""p"":""0.073267""}"
2026-09-25T01:04:56.316238Z,1790298295880,XPLUSDT,Sell,1,0.11802,"{""T"":1790298295880,""s"":""XPLUSDT"",""S"":""Sell"",""v"":""1"",""p"":""0.11802""}"
2026-09-25T01:04:56.815325Z,1790298296306,XPLUSDT,Sell,186,0.11804,"{""T"":1790298296306,""s"":""XPLUSDT"",""S"":""Sell"",""v"":""186"",""p"":""0.11804""}"
2026-09-25T01:05:50.815710Z,1790298350292,NILUSDT,Sell,2482,0.11615,"{""T"":1790298350292,""s"":""NILUSDT"",""S"":""Sell"",""v"":""2482"",""p"":""0.11615""}"
2026-09-25T01:06:02.840075Z,1790298362747,XRPUSDT,Sell,700.0,1.5619,"{""T"":1790298362747,""s"":""XRPUSDT"",""S"":""Sell"",""v"":""700.0"",""p"":""1.5619""}"
2026-09-25T01:06:10.815381Z,1790298370591,XPLUSDT,Buy,16481,0.11537,"{""T"":1790298370591,""s"":""XPLUSDT"",""S"":""Buy"",""v"":""16481"",""p"":""0.11537""}"
2026-09-25T01:06:14.815468Z,1790298374626,XPLUSDT,Buy,622,0.11518,"{""T"":1790298374626,""s"":""XPLUSDT"",""S"":""Buy"",""v"":""622"",""p"":""0.11518""}"
2026-09-25T01:07:42.338206Z,1790298462009,ASTERUSDT,Sell,1051,0.7195,"{""T"":1790298462009,""s"":""ASTERUSDT"",""S"":""Sell"",""v"":""1051"",""p"":""0.7195""}"
2026-09-25T01:07:45.327752Z,1790298464750,ENAUSDT,Buy,82973,0.23201,"{""T"":1790298464750,""s"":""ENAUSDT"",""S"":""Buy"",""v"":""82973"",""p"":""0.23201""}"
2026-09-25T01:08:04.843659Z,1790298484354,ONDOUSDT,Sell,159,0.5385,"{""T"":1790298484354,""s"":""ONDOUSDT"",""S"":""Sell"",""v"":""159"",""p"":""0.5385""}"
2026-09-25T01:08:04.843659Z,1790298484618,ONDOUSDT,Sell,26850,0.5381,"{""T"":1790298484618,""s"":""ONDOUSDT"",""S"":""Sell"",""v"":""26850"",""p"":""0.5381""}"
2026-09-25T01:08:04.916356Z,1790298484797,DOGEUSDT,Sell,71,0.09740,"{""T"":1790298484797,""s"":""DOGEUSDT"",""S"":""Sell"",""v"":""71"",""p"":""0.09740""}"
2026-09-25T01:08:05.339887Z,1790298484797,ONDOUSDT,Sell,482,0.5385,"{""T"":1790298484797,""s"":""ONDOUSDT"",""S"":""Sell"",""v"":""482"",""p"":""0.5385""}"
2026-09-25T01:08:05.339887Z,1790298484880,ONDOUSDT,Sell,2164,0.5383,"{""T"":1790298484880,""s"":""ONDOUSDT"",""S"":""Sell"",""v"":""2164"",""p"":""0.5383""}"
2026-09-25T01:08:25.839932Z,1790298505292,ONDOUSDT,Sell,6700,0.5399,"{""T"":1790298505292,""s"":""ONDOUSDT"",""S"":""Sell"",""v"":""6700"",""p"":""0.5399""}"
2026-09-25T01:08:25.839932Z,1790298505317,ONDOUSDT,Sell,24,0.5414,"{""T"":1790298505317,""s"":""ONDOUSDT"",""S"":""Sell"",""v"":""24"",""p"":""0.5414""}"
2026-09-25T01:08:26.339918Z,1790298505876,ONDOUSDT,Sell,177,0.5407,"{""T"":1790298505876,""s"":""ONDOUSDT"",""S"":""Sell"",""v"":""177"",""p"":""0.5407""}"
2026-09-25T01:08:26.339918Z,1790298505892,ONDOUSDT,Sell,114,0.5398,"{""T"":1790298505892,""s"":""ONDOUSDT"",""S"":""Sell"",""v"":""114"",""p"":""0.5398""}"
2026-09-25T01:08:26.339918Z,1790298505918,ONDOUSDT,Sell,922,0.5400,"{""T"":1790298505918,""s"":""ONDOUSDT"",""S"":""Sell"",""v"":""922"",""p"":""0.5400""}"
2026-09-25T01:08:34.568313Z,1790298514223,BTCUSDT,Sell,0.002,84984.10,"{""T"":1790298514223,""s"":""BTCUSDT"",""S"":""Sell"",""v"":""0.002"",""p"":""84984.10""}"
2026-09-25T01:08:34.989380Z,1790298514745,XAUUSDT,Sell,0.053,4306.17,"{""T"":1790298514745,""s"":""XAUUSDT"",""S"":""Sell"",""v"":""0.053"",""p"":""4306.17""}"
2026-09-25T01:08:41.498877Z,1790298521225,LINKUSDT,Sell,108.3,13.461,"{""T"":1790298521225,""s"":""LINKUSDT"",""S"":""Sell"",""v"":""108.3"",""p"":""13.461""}"
2026-09-25T01:09:03.815810Z,1790298543636,XPLUSDT,Sell,351,0.11817,"{""T"":1790298543636,""s"":""XPLUSDT"",""S"":""Sell"",""v"":""351"",""p"":""0.11817""}"
2026-09-25T01:09:05.317081Z,1790298544753,XPLUSDT,Sell,312,0.11836,"{""T"":1790298544753,""s"":""XPLUSDT"",""S"":""Sell"",""v"":""312"",""p"":""0.11836""}"
2026-09-25T01:09:05.317081Z,1790298544758,XPLUSDT,Sell,6000,0.11824,"{""T"":1790298544758,""s"":""XPLUSDT"",""S"":""Sell"",""v"":""6000"",""p"":""0.11824""}"
2026-09-25T01:09:14.315254Z,1790298553908,XPLUSDT,Sell,2396,0.11866,"{""T"":1790298553908,""s"":""XPLUSDT"",""S"":""Sell"",""v"":""2396"",""p"":""0.11866""}"
2026-09-25T01:09:28.499245Z,1790298568170,LINKUSDT,Sell,17.6,13.497,"{""T"":1790298568170,""s"":""LINKUSDT"",""S"":""Sell"",""v"":""17.6"",""p"":""13.497""}"
2026-09-25T01:09:30.315327Z,1790298569915,XPLUSDT,Sell,19155,0.11892,"{""T"":1790298569915,""s"":""XPLUSDT"",""S"":""Sell"",""v"":""19155"",""p"":""0.11892""}"
2026-09-25T01:10:02.958044Z,1790298602708,ETHUSDT,Sell,1.74,2705.56,"{""T"":1790298602708,""s"":""ETHUSDT"",""S"":""Sell"",""v"":""1.74"",""p"":""2705.56""}"
2026-09-25T01:10:21.331672Z,1790298620814,SAGAUSDT,Buy,140.2,0.067277,"{""T"":1790298620814,""s"":""SAGAUSDT"",""S"":""Buy"",""v"":""140.2"",""p"":""0.067277""}"
2026-09-25T01:10:27.815140Z,1790298627397,XPLUSDT,Buy,1380,0.11615,"{""T"":1790298627397,""s"":""XPLUSDT"",""S"":""Buy"",""v"":""1380"",""p"":""0.11615""}"
2026-09-25T01:10:29.917032Z,1790298629341,UNIUSDT,Sell,2.4,9.283,"{""T"":1790298629341,""s"":""UNIUSDT"",""S"":""Sell"",""v"":""2.4"",""p"":""9.283""}"
2026-09-25T01:10:31.815274Z,1790298631413,HYPEUSDT,Sell,3.25,92.380,"{""T"":1790298631413,""s"":""HYPEUSDT"",""S"":""Sell"",""v"":""3.25"",""p"":""92.380""}"
2026-09-25T01:10:35.068303Z,1790298634607,BTCUSDT,Sell,0.003,84994.30,"{""T"":1790298634607,""s"":""BTCUSDT"",""S"":""Sell"",""v"":""0.003"",""p"":""84994.30""}"
2026-09-25T01:11:02.489258Z,1790298662022,XAGUSDT,Sell,0.087,64.25,"{""T"":1790298662022,""s"":""XAGUSDT"",""S"":""Sell"",""v"":""0.087"",""p"":""64.25""}"
2026-09-25T01:11:07.488685Z,1790298667130,SOXLUSDT,Sell,0.39,147.75,"{""T"":1790298667130,""s"":""SOXLUSDT"",""S"":""Sell"",""v"":""0.39"",""p"":""147.75""}"
2026-09-25T01:11:17.831489Z,1790298677351,SAGAUSDT,Buy,3286.7,0.066552,"{""T"":1790298677351,""s"":""SAGAUSDT"",""S"":""Buy"",""v"":""3286.7"",""p"":""0.066552""}"
2026-09-25T01:11:25.568064Z,1790298685296,BTCUSDT,Sell,0.025,85003.30,"{""T"":1790298685296,""s"":""BTCUSDT"",""S"":""Sell"",""v"":""0.025"",""p"":""85003.30""}"
2026-09-25T01:11:27.068189Z,1790298686767,BTCUSDT,Sell,0.002,85009.80,"{""T"":1790298686767,""s"":""BTCUSDT"",""S"":""Sell"",""v"":""0.002"",""p"":""85009.80""}"
2026-09-25T01:11:29.488548Z,1790298689102,SOXLUSDT,Sell,10.00,148.08,"{""T"":1790298689102,""s"":""SOXLUSDT"",""S"":""Sell"",""v"":""10.00"",""p"":""148.08""}"
2026-09-25T01:11:49.416772Z,1790298708863,DOGEUSDT,Sell,492,0.09765,"{""T"":1790298708863,""s"":""DOGEUSDT"",""S"":""Sell"",""v"":""492"",""p"":""0.09765""}"
2026-09-25T01:11:49.568066Z,1790298709288,BTCUSDT,Sell,0.233,85029.10,"{""T"":1790298709288,""s"":""BTCUSDT"",""S"":""Sell"",""v"":""0.233"",""p"":""85029.10""}"
2026-09-25T01:11:50.488719Z,1790298710373,SOXLUSDT,Sell,38.54,148.30,"{""T"":1790298710373,""s"":""SOXLUSDT"",""S"":""Sell"",""v"":""38.54"",""p"":""148.30""}"
2026-09-25T01:12:00.568201Z,1790298720262,BTCUSDT,Sell,0.006,85041.20,"{""T"":1790298720262,""s"":""BTCUSDT"",""S"":""Sell"",""v"":""0.006"",""p"":""85041.20""}"
2026-09-25T01:12:01.068201Z,1790298720793,BTCUSDT,Sell,0.050,85035.50,"{""T"":1790298720793,""s"":""BTCUSDT"",""S"":""Sell"",""v"":""0.050"",""p"":""85035.50""}"
2026-09-25T01:12:27.489345Z,1790298746970,SOXLUSDT,Sell,67.75,148.74,"{""T"":1790298746970,""s"":""SOXLUSDT"",""S"":""Sell"",""v"":""67.75"",""p"":""148.74""}"
2026-09-25T01:12:28.988625Z,1790298748879,SOXLUSDT,Sell,0.16,148.76,"{""T"":1790298748879,""s"":""SOXLUSDT"",""S"":""Sell"",""v"":""0.16"",""p"":""148.76""}"
2026-09-25T01:12:30.315780Z,1790298749855,PUMPFUNUSDT,Sell,37700,0.0039770,"{""T"":1790298749855,""s"":""PUMPFUNUSDT"",""S"":""Sell"",""v"":""37700"",""p"":""0.0039770""}"
2026-09-25T01:12:30.410316Z,1790298749855,LSKUSDT,Buy,91.1,0.37526,"{""T"":1790298749855,""s"":""LSKUSDT"",""S"":""Buy"",""v"":""91.1"",""p"":""0.37526""}"
2026-09-25T01:13:16.410349Z,1790298795876,LSKUSDT,Buy,42.3,0.37257,"{""T"":1790298795876,""s"":""LSKUSDT"",""S"":""Buy"",""v"":""42.3"",""p"":""0.37257""}"
2026-09-25T01:13:16.410349Z,1790298795967,LSKUSDT,Buy,7849.2,0.37270,"{""T"":1790298795967,""s"":""LSKUSDT"",""S"":""Buy"",""v"":""7849.2"",""p"":""0.37270""}"
2026-09-25T01:13:29.417205Z,1790298809097,ADAUSDT,Sell,173,0.2541,"{""T"":1790298809097,""s"":""ADAUSDT"",""S"":""Sell"",""v"":""173"",""p"":""0.2541""}"
2026-09-25T01:14:07.815333Z,1790298847310,XPLUSDT,Buy,9501,0.11580,"{""T"":1790298847310,""s"":""XPLUSDT"",""S"":""Buy"",""v"":""9501"",""p"":""0.11580""}"
2026-09-25T01:14:42.488479Z,1790298882017,XAUUSDT,Sell,0.025,4311.20,"{""T"":1790298882017,""s"":""XAUUSDT"",""S"":""Sell"",""v"":""0.025"",""p"":""4311.20""}"
2026-09-25T01:14:42.988570Z,1790298882447,XAUUSDT,Sell,0.080,4311.07,"{""T"":1790298882447,""s"":""XAUUSDT"",""S"":""Sell"",""v"":""0.080"",""p"":""4311.07""}"
2026-09-25T01:15:06.638007Z,1790298906207,AKEUSDT,Sell,73300,0.0362230,"{""T"":1790298906207,""s"":""AKEUSDT"",""S"":""Sell"",""v"":""73300"",""p"":""0.0362230""}"
2026-09-25T01:15:13.498849Z,1790298913250,LINKUSDT,Sell,75.8,13.519,"{""T"":1790298913250,""s"":""LINKUSDT"",""S"":""Sell"",""v"":""75.8"",""p"":""13.519""}"
2026-09-25T01:15:31.819021Z,1790298931261,XPLUSDT,Buy,605,0.11550,"{""T"":1790298931261,""s"":""XPLUSDT"",""S"":""Buy"",""v"":""605"",""p"":""0.11550""}"
2026-09-25T01:16:00.331797Z,1790298960215,SAGAUSDT,Buy,3787.4,0.066581,"{""T"":1790298960215,""s"":""SAGAUSDT"",""S"":""Buy"",""v"":""3787.4"",""p"":""0.066581""}"
2026-09-25T01:16:31.910724Z,1790298991765,LSKUSDT,Buy,62.1,0.37144,"{""T"":1790298991765,""s"":""LSKUSDT"",""S"":""Buy"",""v"":""62.1"",""p"":""0.37144""}"
2026-09-25T01:17:09.416253Z,1790299029000,ADAUSDT,Sell,990,0.2545,"{""T"":1790299029000,""s"":""ADAUSDT"",""S"":""Sell"",""v"":""990"",""p"":""0.2545""}"
2026-09-25T01:17:53.350733Z,1790299072966,MARSCOINUSDT,Sell,6120,0.11912,"{""T"":1790299072966,""s"":""MARSCOINUSDT"",""S"":""Sell"",""v"":""6120"",""p"":""0.11912""}"
2026-09-25T01:18:33.819052Z,1790299113689,XPLUSDT,Buy,6530,0.11397,"{""T"":1790299113689,""s"":""XPLUSDT"",""S"":""Buy"",""v"":""6530"",""p"":""0.11397""}"
2026-09-25T01:19:32.815857Z,1790299172291,PUMPFUNUSDT,Buy,501500,0.0038880,"{""T"":1790299172291,""s"":""PUMPFUNUSDT"",""S"":""Buy"",""v"":""501500"",""p"":""0.0038880""}"
2026-09-25T01:19:58.990877Z,1790299198800,CLUSDT,Buy,0.70,93.040,"{""T"":1790299198800,""s"":""CLUSDT"",""S"":""Buy"",""v"":""0.70"",""p"":""93.040""}"
2026-09-25T01:20:24.910202Z,1790299224654,LSKUSDT,Buy,3797.2,0.37026,"{""T"":1790299224654,""s"":""LSKUSDT"",""S"":""Buy"",""v"":""3797.2"",""p"":""0.37026""}"
2026-09-25T01:20:25.018027Z,1790299224654,NEARUSDT,Buy,1919.5,4.5420,"{""T"":1790299224654,""s"":""NEARUSDT"",""S"":""Buy"",""v"":""1919.5"",""p"":""4.5420""}"
2026-09-25T01:20:37.018416Z,1790299236449,NEARUSDT,Buy,107.1,4.5340,"{""T"":1790299236449,""s"":""NEARUSDT"",""S"":""Buy"",""v"":""107.1"",""p"":""4.5340""}"
2026-09-25T01:20:43.340218Z,1790299243028,ONDOUSDT,Buy,36471,0.5251,"{""T"":1790299243028,""s"":""ONDOUSDT"",""S"":""Buy"",""v"":""36471"",""p"":""0.5251""}"
2026-09-25T01:20:46.861729Z,1790299246593,APTUSDT,Buy,35026.81,0.8005,"{""T"":1790299246593,""s"":""APTUSDT"",""S"":""Buy"",""v"":""35026.81"",""p"":""0.8005""}"
2026-09-25T01:20:46.994550Z,1790299246593,SUIUSDT,Buy,28060,1.03330,"{""T"":1790299246593,""s"":""SUIUSDT"",""S"":""Buy"",""v"":""28060"",""p"":""1.03330""}"
2026-09-25T01:20:58.999655Z,1790299258437,DASHUSDT,Buy,0.11,62.44,"{""T"":1790299258437,""s"":""DASHUSDT"",""S"":""Buy"",""v"":""0.11"",""p"":""62.44""}"
2026-09-25T01:21:36.517896Z,1790299295994,NEARUSDT,Buy,54.1,4.5240,"{""T"":1790299295994,""s"":""NEARUSDT"",""S"":""Buy"",""v"":""54.1"",""p"":""4.5240""}"
2026-09-25T01:21:50.000000Z,1790299309484,XAUTUSDT,Sell,0.165,4319.10,"{""T"":1790299309484,""s"":""XAUTUSDT"",""S"":""Sell"",""v"":""0.165"",""p"":""4319.10""}"
2026-09-25T01:21:51.488738Z,1790299311185,XAUUSDT,Sell,0.002,4314.47,"{""T"":1790299311185,""s"":""XAUUSDT"",""S"":""Sell"",""v"":""0.002"",""p"":""4314.47""}"
2026-09-25T01:21:54.988745Z,1790299314812,XAUUSDT,Sell,0.004,4314.60,"{""T"":1790299314812,""s"":""XAUUSDT"",""S"":""Sell"",""v"":""0.004"",""p"":""4314.60""}"
2026-09-25T01:22:02.989012Z,1790299322457,XAUUSDT,Sell,0.026,4314.86,"{""T"":1790299322457,""s"":""XAUUSDT"",""S"":""Sell"",""v"":""0.026"",""p"":""4314.86""}"
2026-09-25T01:22:40.861743Z,1790299360362,SOXSUSDT,Buy,10.10,32.64,"{""T"":1790299360362,""s"":""SOXSUSDT"",""S"":""Buy"",""v"":""10.10"",""p"":""32.64""}"
2026-09-25T01:22:58.315657Z,1790299377985,XPLUSDT,Buy,8388,0.11145,"{""T"":1790299377985,""s"":""XPLUSDT"",""S"":""Buy"",""v"":""8388"",""p"":""0.11145""}"
2026-09-25T01:23:38.850372Z,1790299418543,XLMUSDT,Buy,8586,0.21750,"{""T"":1790299418543,""s"":""XLMUSDT"",""S"":""Buy"",""v"":""8586"",""p"":""0.21750""}"
2026-09-25T01:23:53.327638Z,1790299432841,FARTCOINUSDT,Buy,249,0.18285,"{""T"":1790299432841,""s"":""FARTCOINUSDT"",""S"":""Buy"",""v"":""249"",""p"":""0.18285""}"
2026-09-25T01:24:34.910322Z,1790299474522,LSKUSDT,Buy,6058.8,0.36911,"{""T"":1790299474522,""s"":""LSKUSDT"",""S"":""Buy"",""v"":""6058.8"",""p"":""0.36911""}"
2026-09-25T01:24:34.910322Z,1790299474681,LSKUSDT,Buy,180.2,0.36925,"{""T"":1790299474681,""s"":""LSKUSDT"",""S"":""Buy"",""v"":""180.2"",""p"":""0.36925""}"
2026-09-25T01:24:35.326981Z,1790299475144,ENAUSDT,Buy,74368,0.22829,"{""T"":1790299475144,""s"":""ENAUSDT"",""S"":""Buy"",""v"":""74368"",""p"":""0.22829""}"
2026-09-25T01:25:25.916694Z,1790299525483,ZECUSDT,Buy,0.07,1529.34,"{""T"":1790299525483,""s"":""ZECUSDT"",""S"":""Buy"",""v"":""0.07"",""p"":""1529.34""}"
2026-09-25T01:25:26.416486Z,1790299526131,ZECUSDT,Buy,4.22,1529.21,"{""T"":1790299526131,""s"":""ZECUSDT"",""S"":""Buy"",""v"":""4.22"",""p"":""1529.21""}"
2026-09-25T01:26:06.816072Z,1790299566385,XPLUSDT,Buy,44185,0.11111,"{""T"":1790299566385,""s"":""XPLUSDT"",""S"":""Buy"",""v"":""44185"",""p"":""0.11111""}"
2026-09-25T01:26:08.815633Z,1790299568459,XPLUSDT,Buy,3453,0.11080,"{""T"":1790299568459,""s"":""XPLUSDT"",""S"":""Buy"",""v"":""3453"",""p"":""0.11080""}"
2026-09-25T01:26:15.815726Z,1790299575515,XPLUSDT,Buy,33015,0.11063,"{""T"":1790299575515,""s"":""XPLUSDT"",""S"":""Buy"",""v"":""33015"",""p"":""0.11063""}"
2026-09-25T01:26:19.494747Z,1790299579026,SUIUSDT,Buy,450,1.02440,"{""T"":1790299579026,""s"":""SUIUSDT"",""S"":""Buy"",""v"":""450"",""p"":""1.02440""}"
2026-09-25T01:27:22.488876Z,1790299642149,CLUSDT,Buy,25.14,92.860,"{""T"":1790299642149,""s"":""CLUSDT"",""S"":""Buy"",""v"":""25.14"",""p"":""92.860""}"
2026-09-25T01:27:23.488887Z,1790299642978,CLUSDT,Buy,123.29,92.830,"{""T"":1790299642978,""s"":""CLUSDT"",""S"":""Buy"",""v"":""123.29"",""p"":""92.830""}"
2026-09-25T01:27:23.988797Z,1790299643578,CLUSDT,Buy,1.00,92.850,"{""T"":1790299643578,""s"":""CLUSDT"",""S"":""Buy"",""v"":""1.00"",""p"":""92.850""}"
2026-09-25T01:28:04.999139Z,1790299684497,INJUSDT,Buy,2.8,7.8390,"{""T"":1790299684497,""s"":""INJUSDT"",""S"":""Buy"",""v"":""2.8"",""p"":""7.8390""}"
2026-09-25T01:28:06.410028Z,1790299685958,LSKUSDT,Buy,706.9,0.36827,"{""T"":1790299685958,""s"":""LSKUSDT"",""S"":""Buy"",""v"":""706.9"",""p"":""0.36827""}"
2026-09-25T01:28:06.410028Z,1790299686143,LSKUSDT,Buy,117.3,0.36888,"{""T"":1790299686143,""s"":""LSKUSDT"",""S"":""Buy"",""v"":""117.3"",""p"":""0.36888""}"
2026-09-25T01:28:08.410014Z,1790299688086,LSKUSDT,Buy,412.9,0.36664,"{""T"":1790299688086,""s"":""LSKUSDT"",""S"":""Buy"",""v"":""412.9"",""p"":""0.36664""}"
2026-09-25T01:28:08.410014Z,1790299688105,LSKUSDT,Buy,62.5,0.36679,"{""T"":1790299688105,""s"":""LSKUSDT"",""S"":""Buy"",""v"":""62.5"",""p"":""0.36679""}"
2026-09-25T01:28:08.410014Z,1790299688154,LSKUSDT,Buy,531.3,0.36693,"{""T"":1790299688154,""s"":""LSKUSDT"",""S"":""Buy"",""v"":""531.3"",""p"":""0.36693""}"
2026-09-25T01:28:08.910137Z,1790299688426,LSKUSDT,Buy,110.2,0.36751,"{""T"":1790299688426,""s"":""LSKUSDT"",""S"":""Buy"",""v"":""110.2"",""p"":""0.36751""}"
2026-09-25T01:28:08.910137Z,1790299688533,LSKUSDT,Buy,1266.5,0.36663,"{""T"":1790299688533,""s"":""LSKUSDT"",""S"":""Buy"",""v"":""1266.5"",""p"":""0.36663""}"
2026-09-25T01:28:08.910137Z,1790299688546,LSKUSDT,Buy,10921.3,0.36706,"{""T"":1790299688546,""s"":""LSKUSDT"",""S"":""Buy"",""v"":""10921.3"",""p"":""0.36706""}"
2026-09-25T01:28:08.910137Z,1790299688656,LSKUSDT,Buy,0.1,0.36653,"{""T"":1790299688656,""s"":""LSKUSDT"",""S"":""Buy"",""v"":""0.1"",""p"":""0.36653""}"
2026-09-25T01:28:09.409878Z,1790299688965,LSKUSDT,Buy,3881.2,0.36734,"{""T"":1790299688965,""s"":""LSKUSDT"",""S"":""Buy"",""v"":""3881.2"",""p"":""0.36734""}"
2026-09-25T01:28:09.409878Z,1790299688991,LSKUSDT,Buy,12242.5,0.36596,"{""T"":1790299688991,""s"":""LSKUSDT"",""S"":""Buy"",""v"":""12242.5"",""p"":""0.36596""}"
2026-09-25T01:28:09.499074Z,1790299689026,INJUSDT,Buy,259.9,7.8280,"{""T"":1790299689026,""s"":""INJUSDT"",""S"":""Buy"",""v"":""259.9"",""p"":""7.8280""}"
2026-09-25T01:28:10.909988Z,1790299690442,LSKUSDT,Buy,21.8,0.36525,"{""T"":1790299690442,""s"":""LSKUSDT"",""S"":""Buy"",""v"":""21.8"",""p"":""0.36525""}"
2026-09-25T01:28:10.988792Z,1790299690583,SOXLUSDT,Buy,9.88,148.13,"{""T"":1790299690583,""s"":""SOXLUSDT"",""S"":""Buy"",""v"":""9.88"",""p"":""148.13""}"
2026-09-25T01:28:11.840989Z,1790299691272,LITUSDT,Buy,889.1,4.9110,"{""T"":1790299691272,""s"":""LITUSDT"",""S"":""Buy"",""v"":""889.1"",""p"":""4.9110""}"
2026-09-25T01:29:06.815574Z,1790299746640,XPLUSDT,Buy,2522,0.11032,"{""T"":1790299746640,""s"":""XPLUSDT"",""S"":""Buy"",""v"":""2522"",""p"":""0.11032""}"
2026-09-25T01:30:23.003709Z,1790299822741,INJUSDT,Buy,9.3,7.8220,"{""T"":1790299822741,""s"":""INJUSDT"",""S"":""Buy"",""v"":""9.3"",""p"":""7.8220""}"
2026-09-25T01:30:34.068791Z,1790299833947,BTCUSDT,Buy,0.010,84145.00,"{""T"":1790299833947,""s"":""BTCUSDT"",""S"":""Buy"",""v"":""0.010"",""p"":""84145.00""}"
2026-09-25T01:30:40.568123Z,1790299840205,BTCUSDT,Buy,0.043,84144.80,"{""T"":1790299840205,""s"":""BTCUSDT"",""S"":""Buy"",""v"":""0.043"",""p"":""84144.80""}"
2026-09-25T01:30:42.327309Z,1790299841755,FARTCOINUSDT,Buy,17251,0.18237,"{""T"":1790299841755,""s"":""FARTCOINUSDT"",""S"":""Buy"",""v"":""17251"",""p"":""0.18237""}"
2026-09-25T01:30:45.068524Z,1790299844914,BTCUSDT,Buy,0.001,84125.40,"{""T"":1790299844914,""s"":""BTCUSDT"",""S"":""Buy"",""v"":""0.001"",""p"":""84125.40""}"
2026-09-25T01:30:45.916459Z,1790299845478,1000PEPEUSDT,Buy,88000,0.0043780,"{""T"":1790299845478,""s"":""1000PEPEUSDT"",""S"":""Buy"",""v"":""88000"",""p"":""0.0043780""}"
2026-09-25T01:30:46.916471Z,1790299846604,DOGEUSDT,Buy,1220,0.09525,"{""T"":1790299846604,""s"":""DOGEUSDT"",""S"":""Buy"",""v"":""1220"",""p"":""0.09525""}"
2026-09-25T01:30:47.416774Z,1790299847285,1000PEPEUSDT,Buy,55300,0.0043750,"{""T"":1790299847285,""s"":""1000PEPEUSDT"",""S"":""Buy"",""v"":""55300"",""p"":""0.0043750""}"
2026-09-25T01:30:51.498932Z,1790299851374,ICPUSDT,Buy,1474.6,3.034,"{""T"":1790299851374,""s"":""ICPUSDT"",""S"":""Buy"",""v"":""1474.6"",""p"":""3.034""}"
2026-09-25T01:30:51.499182Z,1790299851374,LINKUSDT,Buy,320.7,13.261,"{""T"":1790299851374,""s"":""LINKUSDT"",""S"":""Buy"",""v"":""320.7"",""p"":""13.261""}"
2026-09-25T01:30:51.518212Z,1790299851374,LTCUSDT,Buy,71.3,70.91,"{""T"":1790299851374,""s"":""LTCUSDT"",""S"":""Buy"",""v"":""71.3"",""p"":""70.91""}"
2026-09-25T01:30:51.518369Z,1790299851374,AVAXUSDT,Buy,566.4,10.168,"{""T"":1790299851374,""s"":""AVAXUSDT"",""S"":""Buy"",""v"":""566.4"",""p"":""10.168""}"
2026-09-25T01:30:51.565502Z,1790299851374,SOLUSDT,Buy,36.6,116.600,"{""T"":1790299851374,""s"":""SOLUSDT"",""S"":""Buy"",""v"":""36.6"",""p"":""116.600""}"
2026-09-25T01:30:51.815211Z,1790299851375,HYPEUSDT,Buy,50.27,90.830,"{""T"":1790299851375,""s"":""HYPEUSDT"",""S"":""Buy"",""v"":""50.27"",""p"":""90.830""}"
2026-09-25T01:30:51.839872Z,1790299851374,AAVEUSDT,Buy,36.78,145.00,"{""T"":1790299851374,""s"":""AAVEUSDT"",""S"":""Buy"",""v"":""36.78"",""p"":""145.00""}"
2026-09-25T01:30:51.861296Z,1790299851375,WLDUSDT,Buy,11023.4,0.4342,"{""T"":1790299851375,""s"":""WLDUSDT"",""S"":""Buy"",""v"":""11023.4"",""p"":""0.4342""}"
2026-09-25T01:30:51.910128Z,1790299851374,BCHUSDT,Buy,13.98,335.70,"{""T"":1790299851374,""s"":""BCHUSDT"",""S"":""Buy"",""v"":""13.98"",""p"":""335.70""}"
2026-09-25T01:30:51.910605Z,1790299851374,HBARUSDT,Buy,50883,0.09224,"{""T"":1790299851374,""s"":""HBARUSDT"",""S"":""Buy"",""v"":""50883"",""p"":""0.09224""}"
2026-09-25T01:30:51.916281Z,1790299851375,DOGEUSDT,Buy,51923,0.09522,"{""T"":1790299851375,""s"":""DOGEUSDT"",""S"":""Buy"",""v"":""51923"",""p"":""0.09522""}"
2026-09-25T01:30:51.916580Z,1790299851375,ADAUSDT,Buy,19502,0.2482,"{""T"":1790299851375,""s"":""ADAUSDT"",""S"":""Buy"",""v"":""19502"",""p"":""0.2482""}"
2026-09-25T01:30:51.916819Z,1790299851375,UNIUSDT,Buy,528.6,9.102,"{""T"":1790299851375,""s"":""UNIUSDT"",""S"":""Buy"",""v"":""528.6"",""p"":""9.102""}"
2026-09-25T01:30:53.958155Z,1790299853787,ETHUSDT,Buy,64.67,2674.26,"{""T"":1790299853787,""s"":""ETHUSDT"",""S"":""Buy"",""v"":""64.67"",""p"":""2674.26""}"
2026-09-25T01:30:54.815670Z,1790299854413,PUMPFUNUSDT,Buy,206900,0.0038630,"{""T"":1790299854413,""s"":""PUMPFUNUSDT"",""S"":""Buy"",""v"":""206900"",""p"":""0.0038630""}"
2026-09-25T01:30:54.916685Z,1790299854413,1000PEPEUSDT,Buy,601000,0.0043740,"{""T"":1790299854413,""s"":""1000PEPEUSDT"",""S"":""Buy"",""v"":""601000"",""p"":""0.0043740""}"
2026-09-25T01:31:01.458098Z,1790299861184,ETHUSDT,Buy,0.27,2674.11,"{""T"":1790299861184,""s"":""ETHUSDT"",""S"":""Buy"",""v"":""0.27"",""p"":""2674.11""}"
2026-09-25T01:31:05.861265Z,1790299865713,WLDUSDT,Buy,20.8,0.4339,"{""T"":1790299865713,""s"":""WLDUSDT"",""S"":""Buy"",""v"":""20.8"",""p"":""0.4339""}"
2026-09-25T01:31:05.957877Z,1790299865495,ETHUSDT,Buy,0.30,2673.37,"{""T"":1790299865495,""s"":""ETHUSDT"",""S"":""Buy"",""v"":""0.30"",""p"":""2673.37""}"
2026-09-25T01:31:06.069762Z,1790299865723,BTCUSDT,Buy,0.001,84088.80,"{""T"":1790299865723,""s"":""BTCUSDT"",""S"":""Buy"",""v"":""0.001"",""p"":""84088.80""}"
2026-09-25T01:31:07.815630Z,1790299867424,XPLUSDT,Buy,16000,0.10854,"{""T"":1790299867424,""s"":""XPLUSDT"",""S"":""Buy"",""v"":""16000"",""p"":""0.10854""}"
2026-09-25T01:31:10.339818Z,1790299870158,LITUSDT,Buy,225.8,4.8990,"{""T"":1790299870158,""s"":""LITUSDT"",""S"":""Buy"",""v"":""225.8"",""p"":""4.8990""}"
2026-09-25T01:31:20.315265Z,1790299879942,XPLUSDT,Buy,45657,0.10805,"{""T"":1790299879942,""s"":""XPLUSDT"",""S"":""Buy"",""v"":""45657"",""p"":""0.10805""}"
2026-09-25T01:31:21.815249Z,1790299881339,XPLUSDT,Buy,545,0.10778,"{""T"":1790299881339,""s"":""XPLUSDT"",""S"":""Buy"",""v"":""545"",""p"":""0.10778""}"
2026-09-25T01:31:25.499426Z,1790299885113,INJUSDT,Buy,456.2,7.8130,"{""T"":1790299885113,""s"":""INJUSDT"",""S"":""Buy"",""v"":""456.2"",""p"":""7.8130""}"
2026-09-25T01:31:30.910248Z,1790299890756,LSKUSDT,Buy,559.7,0.36745,"{""T"":1790299890756,""s"":""LSKUSDT"",""S"":""Buy"",""v"":""559.7"",""p"":""0.36745""}"
2026-09-25T01:31:30.989076Z,1790299890756,XAUUSDT,Buy,0.466,4279.06,"{""T"":1790299890756,""s"":""XAUUSDT"",""S"":""Buy"",""v"":""0.466"",""p"":""4279.06""}"
2026-09-25T01:31:31.068164Z,1790299890756,BTCUSDT,Buy,0.023,84102.90,"{""T"":1790299890756,""s"":""BTCUSDT"",""S"":""Buy"",""v"":""0.023"",""p"":""84102.90""}"
2026-09-25T01:31:31.315651Z,1790299890756,XPLUSDT,Buy,4900,0.10702,"{""T"":1790299890756,""s"":""XPLUSDT"",""S"":""Buy"",""v"":""4900"",""p"":""0.10702""}"
2026-09-25T01:31:38.315311Z,1790299898071,XPLUSDT,Buy,331,0.10706,"{""T"":1790299898071,""s"":""XPLUSDT"",""S"":""Buy"",""v"":""331"",""p"":""0.10706""}"
2026-09-25T01:31:38.331536Z,1790299898071,SAGAUSDT,Sell,407.0,0.071347,"{""T"":1790299898071,""s"":""SAGAUSDT"",""S"":""Sell"",""v"":""407.0"",""p"":""0.071347""}"
2026-09-25T01:31:38.494036Z,1790299898071,BROCCOLIUSDT,Sell,219,0.029345,"{""T"":1790299898071,""s"":""BROCCOLIUSDT"",""S"":""Sell"",""v"":""219"",""p"":""0.029345""}"
2026-09-25T01:31:50.815752Z,1790299910572,PUMPFUNUSDT,Buy,322500,0.0038630,"{""T"":1790299910572,""s"":""PUMPFUNUSDT"",""S"":""Buy"",""v"":""322500"",""p"":""0.0038630""}"
2026-09-25T01:31:50.816307Z,1790299910572,HYPEUSDT,Buy,4.99,90.740,"{""T"":1790299910572,""s"":""HYPEUSDT"",""S"":""Buy"",""v"":""4.99"",""p"":""90.740""}"
2026-09-25T01:31:50.827033Z,1790299910572,FARTCOINUSDT,Buy,14266,0.18186,"{""T"":1790299910572,""s"":""FARTCOINUSDT"",""S"":""Buy"",""v"":""14266"",""p"":""0.18186""}"
2026-09-25T01:31:50.850684Z,1790299910572,USELESSUSDT,Buy,1701,0.27087,"{""T"":1790299910572,""s"":""USELESSUSDT"",""S"":""Buy"",""v"":""1701"",""p"":""0.27087""}"
2026-09-25T01:31:50.916709Z,1790299910572,ZECUSDT,Buy,0.23,1529.16,"{""T"":1790299910572,""s"":""ZECUSDT"",""S"":""Buy"",""v"":""0.23"",""p"":""1529.16""}"
2026-09-25T01:31:51.018250Z,1790299910572,NEARUSDT,Buy,352.2,4.5210,"{""T"":1790299910572,""s"":""NEARUSDT"",""S"":""Buy"",""v"":""352.2"",""p"":""4.5210""}"
2026-09-25T01:31:51.138243Z,1790299910572,PENDLEUSDT,Buy,48,2.5590,"{""T"":1790299910572,""s"":""PENDLEUSDT"",""S"":""Buy"",""v"":""48"",""p"":""2.5590""}"
2026-09-25T01:32:31.494394Z,1790299951051,MUBARAKUSDT,Buy,681,0.043104,"{""T"":1790299951051,""s"":""MUBARAKUSDT"",""S"":""Buy"",""v"":""681"",""p"":""0.043104""}"
2026-09-25T01:33:13.994854Z,1790299993465,MUBARAKUSDT,Buy,1500,0.043013,"{""T"":1790299993465,""s"":""MUBARAKUSDT"",""S"":""Buy"",""v"":""1500"",""p"":""0.043013""}"
2026-09-25T01:34:06.315772Z,1790300045905,XPLUSDT,Buy,11354,0.10755,"{""T"":1790300045905,""s"":""XPLUSDT"",""S"":""Buy"",""v"":""11354"",""p"":""0.10755""}"
2026-09-25T01:34:08.417043Z,1790300047835,ARBUSDT,Buy,238.4,0.21479,"{""T"":1790300047835,""s"":""ARBUSDT"",""S"":""Buy"",""v"":""238.4"",""p"":""0.21479""}"
2026-09-25T01:34:14.416653Z,1790300054033,UNIUSDT,Buy,27.0,9.075,"{""T"":1790300054033,""s"":""UNIUSDT"",""S"":""Buy"",""v"":""27.0"",""p"":""9.075""}"
2026-09-25T01:34:14.498843Z,1790300054033,DASHUSDT,Buy,3.82,61.73,"{""T"":1790300054033,""s"":""DASHUSDT"",""S"":""Buy"",""v"":""3.82"",""p"":""61.73""}"
2026-09-25T01:34:14.518175Z,1790300054033,TAOUSDT,Buy,0.309,293.16,"{""T"":1790300054033,""s"":""TAOUSDT"",""S"":""Buy"",""v"":""0.309"",""p"":""293.16""}"
2026-09-25T01:34:34.994710Z,1790300074876,MUBARAKUSDT,Buy,933,0.042853,"{""T"":1790300074876,""s"":""MUBARAKUSDT"",""S"":""Buy"",""v"":""933"",""p"":""0.042853""}"
2026-09-25T01:34:46.994641Z,1790300086461,MUBARAKUSDT,Buy,2016,0.042801,"{""T"":1790300086461,""s"":""MUBARAKUSDT"",""S"":""Buy"",""v"":""2016"",""p"":""0.042801""}"
2026-09-25T01:34:47.494130Z,1790300087345,MUBARAKUSDT,Buy,1608,0.042825,"{""T"":1790300087345,""s"":""MUBARAKUSDT"",""S"":""Buy"",""v"":""1608"",""p"":""0.042825""}"
2026-09-25T01:34:49.361618Z,1790300089178,WLDUSDT,Buy,30.1,0.4326,"{""T"":1790300089178,""s"":""WLDUSDT"",""S"":""Buy"",""v"":""30.1"",""p"":""0.4326""}"
2026-09-25T01:35:06.494728Z,1790300105934,MUBARAKUSDT,Buy,9948,0.042784,"{""T"":1790300105934,""s"":""MUBARAKUSDT"",""S"":""Buy"",""v"":""9948"",""p"":""0.042784""}"
2026-09-25T01:35:06.494728Z,1790300106080,MUBARAKUSDT,Buy,265,0.042755,"{""T"":1790300106080,""s"":""MUBARAKUSDT"",""S"":""Buy"",""v"":""265"",""p"":""0.042755""}"
2026-09-25T01:35:06.494728Z,1790300106352,MUBARAKUSDT,Buy,24812,0.042765,"{""T"":1790300106352,""s"":""MUBARAKUSDT"",""S"":""Buy"",""v"":""24812"",""p"":""0.042765""}"
2026-09-25T01:35:07.315241Z,1790300107041,XPLUSDT,Sell,227,0.11070,"{""T"":1790300107041,""s"":""XPLUSDT"",""S"":""Sell"",""v"":""227"",""p"":""0.11070""}"
2026-09-25T01:35:07.330941Z,1790300107067,SAGAUSDT,Sell,4532.1,0.073149,"{""T"":1790300107067,""s"":""SAGAUSDT"",""S"":""Sell"",""v"":""4532.1"",""p"":""0.073149""}"
2026-09-25T01:35:08.831201Z,1790300108352,SAGAUSDT,Sell,28370.5,0.073737,"{""T"":1790300108352,""s"":""SAGAUSDT"",""S"":""Sell"",""v"":""28370.5"",""p"":""0.073737""}"
2026-09-25T01:35:08.831201Z,1790300108568,SAGAUSDT,Sell,5352.7,0.073797,"{""T"":1790300108568,""s"":""SAGAUSDT"",""S"":""Sell"",""v"":""5352.7"",""p"":""0.073797""}"
2026-09-25T01:35:08.831201Z,1790300108712,SAGAUSDT,Sell,5643.1,0.073749,"{""T"":1790300108712,""s"":""SAGAUSDT"",""S"":""Sell"",""v"":""5643.1"",""p"":""0.073749""}"
2026-09-25T01:35:09.315208Z,1790300108788,XPLUSDT,Sell,564,0.11090,"{""T"":1790300108788,""s"":""XPLUSDT"",""S"":""Sell"",""v"":""564"",""p"":""0.11090""}"
2026-09-25T01:35:10.330994Z,1790300109890,SAGAUSDT,Sell,3170.8,0.074028,"{""T"":1790300109890,""s"":""SAGAUSDT"",""S"":""Sell"",""v"":""3170.8"",""p"":""0.074028""}"
2026-09-25T01:35:10.340093Z,1790300109983,XRPUSDT,Buy,2000.0,1.5280,"{""T"":1790300109983,""s"":""XRPUSDT"",""S"":""Buy"",""v"":""2000.0"",""p"":""1.5280""}"
2026-09-25T01:35:13.416843Z,1790300113250,ADAUSDT,Buy,22647,0.2473,"{""T"":1790300113250,""s"":""ADAUSDT"",""S"":""Buy"",""v"":""22647"",""p"":""0.2473""}"
2026-09-25T01:35:14.331032Z,1790300114072,SAGAUSDT,Sell,1715.0,0.074496,"{""T"":1790300114072,""s"":""SAGAUSDT"",""S"":""Sell"",""v"":""1715.0"",""p"":""0.074496""}"
2026-09-25T01:35:14.831193Z,1790300114448,SAGAUSDT,Sell,59220.2,0.074952,"{""T"":1790300114448,""s"":""SAGAUSDT"",""S"":""Sell"",""v"":""59220.2"",""p"":""0.074952""}"
2026-09-25T01:35:14.831193Z,1790300114491,SAGAUSDT,Sell,250000.0,0.075513,"{""T"":1790300114491,""s"":""SAGAUSDT"",""S"":""Sell"",""v"":""250000.0"",""p"":""0.075513""}"
2026-09-25T01:35:14.831193Z,1790300114628,SAGAUSDT,Sell,2075.0,0.074995,"{""T"":1790300114628,""s"":""SAGAUSDT"",""S"":""Sell"",""v"":""2075.0"",""p"":""0.074995""}"
2026-09-25T01:35:14.831193Z,1790300114720,SAGAUSDT,Sell,14419.4,0.075396,"{""T"":1790300114720,""s"":""SAGAUSDT"",""S"":""Sell"",""v"":""14419.4"",""p"":""0.075396""}"
2026-09-25T01:35:15.331059Z,1790300114857,SAGAUSDT,Sell,13341.2,0.074929,"{""T"":1790300114857,""s"":""SAGAUSDT"",""S"":""Sell"",""v"":""13341.2"",""p"":""0.074929""}"
2026-09-25T01:35:15.331059Z,1790300114863,SAGAUSDT,Sell,17882.6,0.075485,"{""T"":1790300114863,""s"":""SAGAUSDT"",""S"":""Sell"",""v"":""17882.6"",""p"":""0.075485""}"
2026-09-25T01:35:15.831254Z,1790300115273,SAGAUSDT,Sell,4584.7,0.076107,"{""T"":1790300115273,""s"":""SAGAUSDT"",""S"":""Sell"",""v"":""4584.7"",""p"":""0.076107""}"
2026-09-25T01:35:16.331034Z,1790300116140,SAGAUSDT,Sell,9359.9,0.075969,"{""T"":1790300116140,""s"":""SAGAUSDT"",""S"":""Sell"",""v"":""9359.9"",""p"":""0.075969""}"
2026-09-25T01:35:21.831184Z,1790300121717,SAGAUSDT,Sell,423.7,0.077039,"{""T"":1790300121717,""s"":""SAGAUSDT"",""S"":""Sell"",""v"":""423.7"",""p"":""0.077039""}"
2026-09-25T01:35:22.331030Z,1790300121877,SAGAUSDT,Sell,1001.3,0.077103,"{""T"":1790300121877,""s"":""SAGAUSDT"",""S"":""Sell"",""v"":""1001.3"",""p"":""0.077103""}"
2026-09-25T01:35:22.831061Z,1790300122408,SAGAUSDT,Sell,1142.7,0.077354,"{""T"":1790300122408,""s"":""SAGAUSDT"",""S"":""Sell"",""v"":""1142.7"",""p"":""0.077354""}"
2026-09-25T01:35:23.331730Z,1790300122856,SAGAUSDT,Sell,12331.7,0.077199,"{""T"":1790300122856,""s"":""SAGAUSDT"",""S"":""Sell"",""v"":""12331.7"",""p"":""0.077199""}"
2026-09-25T01:35:25.331647Z,1790300124895,SAGAUSDT,Sell,3176.2,0.077550,"{""T"":1790300124895,""s"":""SAGAUSDT"",""S"":""Sell"",""v"":""3176.2"",""p"":""0.077550""}"
2026-09-25T01:36:08.330500Z,1790300167766,PLUMEUSDT,Buy,100342,0.017380,"{""T"":1790300167766,""s"":""PLUMEUSDT"",""S"":""Buy"",""v"":""100342"",""p"":""0.017380""}"
2026-09-25T01:37:04.568498Z,1790300224086,BTCUSDT,Buy,0.007,84047.00,"{""T"":1790300224086,""s"":""BTCUSDT"",""S"":""Buy"",""v"":""0.007"",""p"":""84047.00""}"
2026-09-25T01:37:46.315884Z,1790300265797,NILUSDT,Buy,877,0.10830,"{""T"":1790300265797,""s"":""NILUSDT"",""S"":""Buy"",""v"":""877"",""p"":""0.10830""}"
2026-09-25T01:37:47.994759Z,1790300267600,MUBARAKUSDT,Buy,522,0.042621,"{""T"":1790300267600,""s"":""MUBARAKUSDT"",""S"":""Buy"",""v"":""522"",""p"":""0.042621""}"
