recv_ts_utc,exch_ts_ms,symbol,side,size,price,raw_json
2026-10-09T00:00:07.989330Z,1791504007495,XAUUSDT,Sell,0.080,4168.05,"{""T"":1791504007495,""s"":""XAUUSDT"",""S"":""Sell"",""v"":""0.080"",""p"":""4168.05""}"
2026-10-09T00:00:19.492768Z,1791504019144,XAUUSDT,Sell,0.248,4170.06,"{""T"":1791504019144,""s"":""XAUUSDT"",""S"":""Sell"",""v"":""0.248"",""p"":""4170.06""}"
2026-10-09T00:00:20.851057Z,1791504020409,ERAUSDT,Sell,17851,0.06562,"{""T"":1791504020409,""s"":""ERAUSDT"",""S"":""Sell"",""v"":""17851"",""p"":""0.06562""}"
2026-10-09T00:00:36.489625Z,1791504036143,XAUUSDT,Sell,0.069,4171.82,"{""T"":1791504036143,""s"":""XAUUSDT"",""S"":""Sell"",""v"":""0.069"",""p"":""4171.82""}"
2026-10-09T00:01:37.065902Z,1791504096615,SOLUSDT,Buy,2.7,108.850,"{""T"":1791504096615,""s"":""SOLUSDT"",""S"":""Buy"",""v"":""2.7"",""p"":""108.850""}"
2026-10-09T00:01:40.351234Z,1791504100010,SANDUSDT,Buy,4639,0.06557,"{""T"":1791504100010,""s"":""SANDUSDT"",""S"":""Buy"",""v"":""4639"",""p"":""0.06557""}"
2026-10-09T00:02:50.519112Z,1791504169945,AVAXUSDT,Buy,1.3,9.972,"{""T"":1791504169945,""s"":""AVAXUSDT"",""S"":""Buy"",""v"":""1.3"",""p"":""9.972""}"
2026-10-09T00:03:00.518706Z,1791504180270,AVAXUSDT,Buy,223.1,9.965,"{""T"":1791504180270,""s"":""AVAXUSDT"",""S"":""Buy"",""v"":""223.1"",""p"":""9.965""}"
2026-10-09T00:03:00.998931Z,1791504180832,STXUSDT,Buy,2339.5,0.37600,"{""T"":1791504180832,""s"":""STXUSDT"",""S"":""Buy"",""v"":""2339.5"",""p"":""0.37600""}"
2026-10-09T00:03:01.065543Z,1791504180503,SOLUSDT,Buy,8.1,108.740,"{""T"":1791504180503,""s"":""SOLUSDT"",""S"":""Buy"",""v"":""8.1"",""p"":""108.740""}"
2026-10-09T00:03:28.502969Z,1791504208046,RLCUSDT,Sell,120.3,0.9159,"{""T"":1791504208046,""s"":""RLCUSDT"",""S"":""Sell"",""v"":""120.3"",""p"":""0.9159""}"
2026-10-09T00:03:43.492661Z,1791504223216,SOXLUSDT,Buy,0.37,140.98,"{""T"":1791504223216,""s"":""SOXLUSDT"",""S"":""Buy"",""v"":""0.37"",""p"":""140.98""}"
2026-10-09T00:03:50.315712Z,1791504229965,METUSDT,Buy,5485.0,0.42620,"{""T"":1791504229965,""s"":""METUSDT"",""S"":""Buy"",""v"":""5485.0"",""p"":""0.42620""}"
2026-10-09T00:03:57.565045Z,1791504237376,SOLUSDT,Buy,0.1,108.660,"{""T"":1791504237376,""s"":""SOLUSDT"",""S"":""Buy"",""v"":""0.1"",""p"":""108.660""}"
2026-10-09T00:05:14.319132Z,1791504314006,PUMPFUNUSDT,Sell,13100,0.0056030,"{""T"":1791504314006,""s"":""PUMPFUNUSDT"",""S"":""Sell"",""v"":""13100"",""p"":""0.0056030""}"
2026-10-09T00:05:42.354421Z,1791504342251,SANDUSDT,Sell,4868,0.06726,"{""T"":1791504342251,""s"":""SANDUSDT"",""S"":""Sell"",""v"":""4868"",""p"":""0.06726""}"
2026-10-09T00:09:20.000586Z,1791504559413,RLCUSDT,Sell,14.2,0.9269,"{""T"":1791504559413,""s"":""RLCUSDT"",""S"":""Sell"",""v"":""14.2"",""p"":""0.9269""}"
2026-10-09T00:09:59.637765Z,1791504599398,OGNUSDT,Sell,49700,0.047177,"{""T"":1791504599398,""s"":""OGNUSDT"",""S"":""Sell"",""v"":""49700"",""p"":""0.047177""}"
2026-10-09T00:10:04.019211Z,1791504603437,NEARUSDT,Sell,1748.1,4.5320,"{""T"":1791504603437,""s"":""NEARUSDT"",""S"":""Sell"",""v"":""1748.1"",""p"":""4.5320""}"
2026-10-09T00:10:50.417602Z,1791504650119,DOTUSDT,Sell,23.5,1.1170,"{""T"":1791504650119,""s"":""DOTUSDT"",""S"":""Sell"",""v"":""23.5"",""p"":""1.1170""}"
2026-10-09T00:11:37.637906Z,1791504697169,OGNUSDT,Buy,4715,0.043722,"{""T"":1791504697169,""s"":""OGNUSDT"",""S"":""Buy"",""v"":""4715"",""p"":""0.043722""}"
2026-10-09T00:11:37.637906Z,1791504697217,OGNUSDT,Buy,1832,0.044021,"{""T"":1791504697217,""s"":""OGNUSDT"",""S"":""Buy"",""v"":""1832"",""p"":""0.044021""}"
2026-10-09T00:11:37.637906Z,1791504697273,OGNUSDT,Buy,428,0.043685,"{""T"":1791504697273,""s"":""OGNUSDT"",""S"":""Buy"",""v"":""428"",""p"":""0.043685""}"
2026-10-09T00:11:37.637906Z,1791504697468,OGNUSDT,Buy,712,0.043711,"{""T"":1791504697468,""s"":""OGNUSDT"",""S"":""Buy"",""v"":""712"",""p"":""0.043711""}"
2026-10-09T00:11:38.137828Z,1791504697789,OGNUSDT,Buy,463,0.043763,"{""T"":1791504697789,""s"":""OGNUSDT"",""S"":""Buy"",""v"":""463"",""p"":""0.043763""}"
2026-10-09T00:11:38.137828Z,1791504697883,OGNUSDT,Buy,6339,0.044147,"{""T"":1791504697883,""s"":""OGNUSDT"",""S"":""Buy"",""v"":""6339"",""p"":""0.044147""}"
2026-10-09T00:11:38.137828Z,1791504697909,OGNUSDT,Buy,5000,0.043713,"{""T"":1791504697909,""s"":""OGNUSDT"",""S"":""Buy"",""v"":""5000"",""p"":""0.043713""}"
2026-10-09T00:11:38.137828Z,1791504698012,OGNUSDT,Buy,56225,0.044093,"{""T"":1791504698012,""s"":""OGNUSDT"",""S"":""Buy"",""v"":""56225"",""p"":""0.044093""}"
2026-10-09T00:11:38.137828Z,1791504698029,OGNUSDT,Buy,8180,0.043779,"{""T"":1791504698029,""s"":""OGNUSDT"",""S"":""Buy"",""v"":""8180"",""p"":""0.043779""}"
2026-10-09T00:11:39.637931Z,1791504699279,OGNUSDT,Buy,11448,0.043477,"{""T"":1791504699279,""s"":""OGNUSDT"",""S"":""Buy"",""v"":""11448"",""p"":""0.043477""}"
2026-10-09T00:11:39.637931Z,1791504699340,OGNUSDT,Buy,146,0.043617,"{""T"":1791504699340,""s"":""OGNUSDT"",""S"":""Buy"",""v"":""146"",""p"":""0.043617""}"
2026-10-09T00:11:39.637931Z,1791504699376,OGNUSDT,Buy,59107,0.043524,"{""T"":1791504699376,""s"":""OGNUSDT"",""S"":""Buy"",""v"":""59107"",""p"":""0.043524""}"
2026-10-09T00:11:40.138109Z,1791504699854,OGNUSDT,Buy,39,0.043490,"{""T"":1791504699854,""s"":""OGNUSDT"",""S"":""Buy"",""v"":""39"",""p"":""0.043490""}"
2026-10-09T00:11:40.138109Z,1791504699914,OGNUSDT,Buy,777,0.043555,"{""T"":1791504699914,""s"":""OGNUSDT"",""S"":""Buy"",""v"":""777"",""p"":""0.043555""}"
2026-10-09T00:11:40.637844Z,1791504700189,OGNUSDT,Buy,111,0.043420,"{""T"":1791504700189,""s"":""OGNUSDT"",""S"":""Buy"",""v"":""111"",""p"":""0.043420""}"
2026-10-09T00:11:41.137790Z,1791504700617,OGNUSDT,Buy,9244,0.043377,"{""T"":1791504700617,""s"":""OGNUSDT"",""S"":""Buy"",""v"":""9244"",""p"":""0.043377""}"
2026-10-09T00:11:42.137720Z,1791504702047,OGNUSDT,Buy,661,0.043125,"{""T"":1791504702047,""s"":""OGNUSDT"",""S"":""Buy"",""v"":""661"",""p"":""0.043125""}"
2026-10-09T00:11:42.637815Z,1791504702147,OGNUSDT,Buy,418,0.043058,"{""T"":1791504702147,""s"":""OGNUSDT"",""S"":""Buy"",""v"":""418"",""p"":""0.043058""}"
2026-10-09T00:11:42.637815Z,1791504702204,OGNUSDT,Buy,61440,0.043285,"{""T"":1791504702204,""s"":""OGNUSDT"",""S"":""Buy"",""v"":""61440"",""p"":""0.043285""}"
2026-10-09T00:11:42.637815Z,1791504702315,OGNUSDT,Buy,694,0.043059,"{""T"":1791504702315,""s"":""OGNUSDT"",""S"":""Buy"",""v"":""694"",""p"":""0.043059""}"
2026-10-09T00:11:42.637815Z,1791504702402,OGNUSDT,Buy,7213,0.043112,"{""T"":1791504702402,""s"":""OGNUSDT"",""S"":""Buy"",""v"":""7213"",""p"":""0.043112""}"
2026-10-09T00:11:42.637815Z,1791504702547,OGNUSDT,Buy,13529,0.043086,"{""T"":1791504702547,""s"":""OGNUSDT"",""S"":""Buy"",""v"":""13529"",""p"":""0.043086""}"
2026-10-09T00:11:43.137946Z,1791504702601,OGNUSDT,Buy,73633,0.043257,"{""T"":1791504702601,""s"":""OGNUSDT"",""S"":""Buy"",""v"":""73633"",""p"":""0.043257""}"
2026-10-09T00:11:43.137946Z,1791504702622,OGNUSDT,Buy,19040,0.043322,"{""T"":1791504702622,""s"":""OGNUSDT"",""S"":""Buy"",""v"":""19040"",""p"":""0.043322""}"
2026-10-09T00:11:43.137946Z,1791504702756,OGNUSDT,Buy,9003,0.043342,"{""T"":1791504702756,""s"":""OGNUSDT"",""S"":""Buy"",""v"":""9003"",""p"":""0.043342""}"
2026-10-09T00:11:43.137946Z,1791504702944,OGNUSDT,Buy,1938,0.043186,"{""T"":1791504702944,""s"":""OGNUSDT"",""S"":""Buy"",""v"":""1938"",""p"":""0.043186""}"
2026-10-09T00:11:43.137946Z,1791504702963,OGNUSDT,Buy,59527,0.043101,"{""T"":1791504702963,""s"":""OGNUSDT"",""S"":""Buy"",""v"":""59527"",""p"":""0.043101""}"
2026-10-09T00:11:43.638078Z,1791504703246,OGNUSDT,Buy,16696,0.042306,"{""T"":1791504703246,""s"":""OGNUSDT"",""S"":""Buy"",""v"":""16696"",""p"":""0.042306""}"
2026-10-09T00:11:43.638078Z,1791504703255,OGNUSDT,Buy,2100,0.042789,"{""T"":1791504703255,""s"":""OGNUSDT"",""S"":""Buy"",""v"":""2100"",""p"":""0.042789""}"
2026-10-09T00:11:43.638078Z,1791504703276,OGNUSDT,Buy,200,0.042948,"{""T"":1791504703276,""s"":""OGNUSDT"",""S"":""Buy"",""v"":""200"",""p"":""0.042948""}"
2026-10-09T00:11:43.638078Z,1791504703296,OGNUSDT,Buy,39122,0.041299,"{""T"":1791504703296,""s"":""OGNUSDT"",""S"":""Buy"",""v"":""39122"",""p"":""0.041299""}"
2026-10-09T00:11:43.638078Z,1791504703303,OGNUSDT,Buy,12200,0.041842,"{""T"":1791504703303,""s"":""OGNUSDT"",""S"":""Buy"",""v"":""12200"",""p"":""0.041842""}"
2026-10-09T00:11:43.638078Z,1791504703318,OGNUSDT,Buy,309080,0.042138,"{""T"":1791504703318,""s"":""OGNUSDT"",""S"":""Buy"",""v"":""309080"",""p"":""0.042138""}"
2026-10-09T00:11:43.638078Z,1791504703322,OGNUSDT,Buy,50750,0.041200,"{""T"":1791504703322,""s"":""OGNUSDT"",""S"":""Buy"",""v"":""50750"",""p"":""0.041200""}"
2026-10-09T00:11:43.638078Z,1791504703327,OGNUSDT,Buy,108238,0.042861,"{""T"":1791504703327,""s"":""OGNUSDT"",""S"":""Buy"",""v"":""108238"",""p"":""0.042861""}"
2026-10-09T00:11:43.638078Z,1791504703342,OGNUSDT,Buy,8118,0.041386,"{""T"":1791504703342,""s"":""OGNUSDT"",""S"":""Buy"",""v"":""8118"",""p"":""0.041386""}"
2026-10-09T00:11:43.638078Z,1791504703376,OGNUSDT,Buy,235,0.041446,"{""T"":1791504703376,""s"":""OGNUSDT"",""S"":""Buy"",""v"":""235"",""p"":""0.041446""}"
2026-10-09T00:11:43.638078Z,1791504703382,OGNUSDT,Buy,1513,0.043027,"{""T"":1791504703382,""s"":""OGNUSDT"",""S"":""Buy"",""v"":""1513"",""p"":""0.043027""}"
2026-10-09T00:11:43.638078Z,1791504703382,OGNUSDT,Buy,142802,0.041509,"{""T"":1791504703382,""s"":""OGNUSDT"",""S"":""Buy"",""v"":""142802"",""p"":""0.041509""}"
2026-10-09T00:11:43.638078Z,1791504703394,OGNUSDT,Buy,4609,0.041242,"{""T"":1791504703394,""s"":""OGNUSDT"",""S"":""Buy"",""v"":""4609"",""p"":""0.041242""}"
2026-10-09T00:11:43.638078Z,1791504703398,OGNUSDT,Buy,43537,0.041348,"{""T"":1791504703398,""s"":""OGNUSDT"",""S"":""Buy"",""v"":""43537"",""p"":""0.041348""}"
2026-10-09T00:11:43.638078Z,1791504703433,OGNUSDT,Buy,91007,0.041531,"{""T"":1791504703433,""s"":""OGNUSDT"",""S"":""Buy"",""v"":""91007"",""p"":""0.041531""}"
2026-10-09T00:11:43.638078Z,1791504703456,OGNUSDT,Buy,12673,0.041251,"{""T"":1791504703456,""s"":""OGNUSDT"",""S"":""Buy"",""v"":""12673"",""p"":""0.041251""}"
2026-10-09T00:11:43.638078Z,1791504703457,OGNUSDT,Buy,2318,0.041330,"{""T"":1791504703457,""s"":""OGNUSDT"",""S"":""Buy"",""v"":""2318"",""p"":""0.041330""}"
2026-10-09T00:11:43.638078Z,1791504703533,OGNUSDT,Buy,109,0.042934,"{""T"":1791504703533,""s"":""OGNUSDT"",""S"":""Buy"",""v"":""109"",""p"":""0.042934""}"
2026-10-09T00:11:44.065762Z,1791504703843,SOLUSDT,Buy,1.0,109.130,"{""T"":1791504703843,""s"":""SOLUSDT"",""S"":""Buy"",""v"":""1.0"",""p"":""109.130""}"
2026-10-09T00:11:44.138340Z,1791504703557,OGNUSDT,Buy,42,0.041883,"{""T"":1791504703557,""s"":""OGNUSDT"",""S"":""Buy"",""v"":""42"",""p"":""0.041883""}"
2026-10-09T00:11:44.138340Z,1791504703567,OGNUSDT,Buy,139,0.042846,"{""T"":1791504703567,""s"":""OGNUSDT"",""S"":""Buy"",""v"":""139"",""p"":""0.042846""}"
2026-10-09T00:11:44.138340Z,1791504703576,OGNUSDT,Buy,40225,0.041490,"{""T"":1791504703576,""s"":""OGNUSDT"",""S"":""Buy"",""v"":""40225"",""p"":""0.041490""}"
2026-10-09T00:11:44.138340Z,1791504703616,OGNUSDT,Buy,12227,0.041532,"{""T"":1791504703616,""s"":""OGNUSDT"",""S"":""Buy"",""v"":""12227"",""p"":""0.041532""}"
2026-10-09T00:11:44.138340Z,1791504703677,OGNUSDT,Buy,26454,0.041313,"{""T"":1791504703677,""s"":""OGNUSDT"",""S"":""Buy"",""v"":""26454"",""p"":""0.041313""}"
2026-10-09T00:11:44.138340Z,1791504703685,OGNUSDT,Buy,3821,0.042063,"{""T"":1791504703685,""s"":""OGNUSDT"",""S"":""Buy"",""v"":""3821"",""p"":""0.042063""}"
2026-10-09T00:11:44.138340Z,1791504703693,OGNUSDT,Buy,4609,0.041242,"{""T"":1791504703693,""s"":""OGNUSDT"",""S"":""Buy"",""v"":""4609"",""p"":""0.041242""}"
2026-10-09T00:11:44.138340Z,1791504703731,OGNUSDT,Buy,4604,0.041284,"{""T"":1791504703731,""s"":""OGNUSDT"",""S"":""Buy"",""v"":""4604"",""p"":""0.041284""}"
2026-10-09T00:11:44.138340Z,1791504703740,OGNUSDT,Buy,3039,0.041867,"{""T"":1791504703740,""s"":""OGNUSDT"",""S"":""Buy"",""v"":""3039"",""p"":""0.041867""}"
2026-10-09T00:11:44.138340Z,1791504703746,OGNUSDT,Buy,280,0.042285,"{""T"":1791504703746,""s"":""OGNUSDT"",""S"":""Buy"",""v"":""280"",""p"":""0.042285""}"
2026-10-09T00:11:44.138340Z,1791504703818,OGNUSDT,Buy,119004,0.042181,"{""T"":1791504703818,""s"":""OGNUSDT"",""S"":""Buy"",""v"":""119004"",""p"":""0.042181""}"
2026-10-09T00:11:44.138340Z,1791504703824,OGNUSDT,Buy,4652,0.041517,"{""T"":1791504703824,""s"":""OGNUSDT"",""S"":""Buy"",""v"":""4652"",""p"":""0.041517""}"
2026-10-09T00:11:44.138340Z,1791504703833,OGNUSDT,Buy,23239,0.041309,"{""T"":1791504703833,""s"":""OGNUSDT"",""S"":""Buy"",""v"":""23239"",""p"":""0.041309""}"
2026-10-09T00:11:44.138340Z,1791504703844,OGNUSDT,Buy,164784,0.041786,"{""T"":1791504703844,""s"":""OGNUSDT"",""S"":""Buy"",""v"":""164784"",""p"":""0.041786""}"
2026-10-09T00:11:44.138340Z,1791504703843,OGNUSDT,Buy,250,0.041247,"{""T"":1791504703843,""s"":""OGNUSDT"",""S"":""Buy"",""v"":""250"",""p"":""0.041247""}"
2026-10-09T00:11:44.138340Z,1791504703909,OGNUSDT,Buy,105035,0.042463,"{""T"":1791504703909,""s"":""OGNUSDT"",""S"":""Buy"",""v"":""105035"",""p"":""0.042463""}"
2026-10-09T00:11:44.138340Z,1791504703936,OGNUSDT,Buy,673,0.042717,"{""T"":1791504703936,""s"":""OGNUSDT"",""S"":""Buy"",""v"":""673"",""p"":""0.042717""}"
2026-10-09T00:11:44.138340Z,1791504703944,OGNUSDT,Buy,25907,0.042070,"{""T"":1791504703944,""s"":""OGNUSDT"",""S"":""Buy"",""v"":""25907"",""p"":""0.042070""}"
2026-10-09T00:11:44.138340Z,1791504703946,OGNUSDT,Buy,717,0.042776,"{""T"":1791504703946,""s"":""OGNUSDT"",""S"":""Buy"",""v"":""717"",""p"":""0.042776""}"
2026-10-09T00:11:44.138340Z,1791504703960,OGNUSDT,Buy,4579,0.041512,"{""T"":1791504703960,""s"":""OGNUSDT"",""S"":""Buy"",""v"":""4579"",""p"":""0.041512""}"
2026-10-09T00:11:44.138340Z,1791504703995,OGNUSDT,Buy,214,0.041966,"{""T"":1791504703995,""s"":""OGNUSDT"",""S"":""Buy"",""v"":""214"",""p"":""0.041966""}"
2026-10-09T00:11:44.138340Z,1791504704027,OGNUSDT,Buy,241,0.042717,"{""T"":1791504704027,""s"":""OGNUSDT"",""S"":""Buy"",""v"":""241"",""p"":""0.042717""}"
2026-10-09T00:11:44.138340Z,1791504704041,OGNUSDT,Buy,97,0.041341,"{""T"":1791504704041,""s"":""OGNUSDT"",""S"":""Buy"",""v"":""97"",""p"":""0.041341""}"
2026-10-09T00:11:44.138340Z,1791504704043,OGNUSDT,Buy,211,0.042840,"{""T"":1791504704043,""s"":""OGNUSDT"",""S"":""Buy"",""v"":""211"",""p"":""0.042840""}"
2026-10-09T00:11:44.331626Z,1791504704108,LONGXIAUSDT,Buy,198,0.0484,"{""T"":1791504704108,""s"":""LONGXIAUSDT"",""S"":""Buy"",""v"":""198"",""p"":""0.0484""}"
2026-10-09T00:11:44.637938Z,1791504704062,OGNUSDT,Buy,39122,0.041300,"{""T"":1791504704062,""s"":""OGNUSDT"",""S"":""Buy"",""v"":""39122"",""p"":""0.041300""}"
2026-10-09T00:11:44.637938Z,1791504704070,OGNUSDT,Buy,104282,0.042608,"{""T"":1791504704070,""s"":""OGNUSDT"",""S"":""Buy"",""v"":""104282"",""p"":""0.042608""}"
2026-10-09T00:11:44.637938Z,1791504704082,OGNUSDT,Buy,16673,0.042694,"{""T"":1791504704082,""s"":""OGNUSDT"",""S"":""Buy"",""v"":""16673"",""p"":""0.042694""}"
2026-10-09T00:11:44.637938Z,1791504704089,OGNUSDT,Buy,4609,0.041242,"{""T"":1791504704089,""s"":""OGNUSDT"",""S"":""Buy"",""v"":""4609"",""p"":""0.041242""}"
2026-10-09T00:11:44.637938Z,1791504704108,OGNUSDT,Buy,354,0.041211,"{""T"":1791504704108,""s"":""OGNUSDT"",""S"":""Buy"",""v"":""354"",""p"":""0.041211""}"
2026-10-09T00:11:44.637938Z,1791504704110,OGNUSDT,Buy,10795,0.041496,"{""T"":1791504704110,""s"":""OGNUSDT"",""S"":""Buy"",""v"":""10795"",""p"":""0.041496""}"
2026-10-09T00:11:44.637938Z,1791504704131,OGNUSDT,Buy,121,0.042412,"{""T"":1791504704131,""s"":""OGNUSDT"",""S"":""Buy"",""v"":""121"",""p"":""0.042412""}"
2026-10-09T00:11:44.637938Z,1791504704149,OGNUSDT,Buy,21018,0.042988,"{""T"":1791504704149,""s"":""OGNUSDT"",""S"":""Buy"",""v"":""21018"",""p"":""0.042988""}"
2026-10-09T00:11:44.637938Z,1791504704150,OGNUSDT,Buy,17152,0.041187,"{""T"":1791504704150,""s"":""OGNUSDT"",""S"":""Buy"",""v"":""17152"",""p"":""0.041187""}"
2026-10-09T00:11:44.637938Z,1791504704152,OGNUSDT,Buy,13830,0.041231,"{""T"":1791504704152,""s"":""OGNUSDT"",""S"":""Buy"",""v"":""13830"",""p"":""0.041231""}"
2026-10-09T00:11:44.637938Z,1791504704174,OGNUSDT,Buy,17265,0.042372,"{""T"":1791504704174,""s"":""OGNUSDT"",""S"":""Buy"",""v"":""17265"",""p"":""0.042372""}"
2026-10-09T00:11:44.637938Z,1791504704238,OGNUSDT,Buy,3354,0.042354,"{""T"":1791504704238,""s"":""OGNUSDT"",""S"":""Buy"",""v"":""3354"",""p"":""0.042354""}"
2026-10-09T00:11:45.137868Z,1791504704636,OGNUSDT,Buy,11724,0.041133,"{""T"":1791504704636,""s"":""OGNUSDT"",""S"":""Buy"",""v"":""11724"",""p"":""0.041133""}"
2026-10-09T00:11:45.137868Z,1791504704655,OGNUSDT,Buy,5524,0.041158,"{""T"":1791504704655,""s"":""OGNUSDT"",""S"":""Buy"",""v"":""5524"",""p"":""0.041158""}"
2026-10-09T00:11:45.137868Z,1791504705040,OGNUSDT,Buy,2842,0.041124,"{""T"":1791504705040,""s"":""OGNUSDT"",""S"":""Buy"",""v"":""2842"",""p"":""0.041124""}"
2026-10-09T00:11:45.638117Z,1791504705091,OGNUSDT,Buy,8384,0.041008,"{""T"":1791504705091,""s"":""OGNUSDT"",""S"":""Buy"",""v"":""8384"",""p"":""0.041008""}"
2026-10-09T00:11:46.137760Z,1791504705589,OGNUSDT,Buy,91,0.041070,"{""T"":1791504705589,""s"":""OGNUSDT"",""S"":""Buy"",""v"":""91"",""p"":""0.041070""}"
2026-10-09T00:11:46.637654Z,1791504706050,OGNUSDT,Buy,120,0.041077,"{""T"":1791504706050,""s"":""OGNUSDT"",""S"":""Buy"",""v"":""120"",""p"":""0.041077""}"
2026-10-09T00:11:47.637766Z,1791504707503,OGNUSDT,Buy,258,0.040978,"{""T"":1791504707503,""s"":""OGNUSDT"",""S"":""Buy"",""v"":""258"",""p"":""0.040978""}"
2026-10-09T00:11:49.137791Z,1791504708892,OGNUSDT,Buy,4890,0.040920,"{""T"":1791504708892,""s"":""OGNUSDT"",""S"":""Buy"",""v"":""4890"",""p"":""0.040920""}"
2026-10-09T00:11:50.137927Z,1791504709807,OGNUSDT,Buy,1056,0.040787,"{""T"":1791504709807,""s"":""OGNUSDT"",""S"":""Buy"",""v"":""1056"",""p"":""0.040787""}"
2026-10-09T00:12:02.502843Z,1791504722173,RLCUSDT,Buy,26.3,0.8820,"{""T"":1791504722173,""s"":""RLCUSDT"",""S"":""Buy"",""v"":""26.3"",""p"":""0.8820""}"
2026-10-09T00:12:02.502843Z,1791504722198,RLCUSDT,Sell,2075.6,0.9239,"{""T"":1791504722198,""s"":""RLCUSDT"",""S"":""Sell"",""v"":""2075.6"",""p"":""0.9239""}"
2026-10-09T00:12:02.638153Z,1791504722173,OGNUSDT,Buy,645,0.040546,"{""T"":1791504722173,""s"":""OGNUSDT"",""S"":""Buy"",""v"":""645"",""p"":""0.040546""}"
2026-10-09T00:12:02.638153Z,1791504722198,OGNUSDT,Buy,15734,0.040463,"{""T"":1791504722198,""s"":""OGNUSDT"",""S"":""Buy"",""v"":""15734"",""p"":""0.040463""}"
2026-10-09T00:12:02.638153Z,1791504722218,OGNUSDT,Buy,4112,0.040500,"{""T"":1791504722218,""s"":""OGNUSDT"",""S"":""Buy"",""v"":""4112"",""p"":""0.040500""}"
2026-10-09T00:12:02.638153Z,1791504722464,OGNUSDT,Buy,10808,0.040631,"{""T"":1791504722464,""s"":""OGNUSDT"",""S"":""Buy"",""v"":""10808"",""p"":""0.040631""}"
2026-10-09T00:12:03.137936Z,1791504722590,OGNUSDT,Buy,213601,0.040500,"{""T"":1791504722590,""s"":""OGNUSDT"",""S"":""Buy"",""v"":""213601"",""p"":""0.040500""}"
2026-10-09T00:12:03.137936Z,1791504722651,OGNUSDT,Buy,218,0.040484,"{""T"":1791504722651,""s"":""OGNUSDT"",""S"":""Buy"",""v"":""218"",""p"":""0.040484""}"
2026-10-09T00:12:03.137936Z,1791504722727,OGNUSDT,Buy,469,0.040589,"{""T"":1791504722727,""s"":""OGNUSDT"",""S"":""Buy"",""v"":""469"",""p"":""0.040589""}"
2026-10-09T00:12:03.137936Z,1791504722857,OGNUSDT,Buy,31427,0.040706,"{""T"":1791504722857,""s"":""OGNUSDT"",""S"":""Buy"",""v"":""31427"",""p"":""0.040706""}"
2026-10-09T00:12:08.989965Z,1791504728721,USUSDT,Buy,23780,0.015880,"{""T"":1791504728721,""s"":""USUSDT"",""S"":""Buy"",""v"":""23780"",""p"":""0.015880""}"
2026-10-09T00:12:09.138683Z,1791504728721,OGNUSDT,Buy,39203,0.040778,"{""T"":1791504728721,""s"":""OGNUSDT"",""S"":""Buy"",""v"":""39203"",""p"":""0.040778""}"
2026-10-09T00:12:28.138238Z,1791504747660,OGNUSDT,Buy,282,0.039904,"{""T"":1791504747660,""s"":""OGNUSDT"",""S"":""Buy"",""v"":""282"",""p"":""0.039904""}"
2026-10-09T00:12:28.138238Z,1791504747695,OGNUSDT,Buy,5000,0.039847,"{""T"":1791504747695,""s"":""OGNUSDT"",""S"":""Buy"",""v"":""5000"",""p"":""0.039847""}"
2026-10-09T00:12:28.138238Z,1791504747772,OGNUSDT,Buy,31791,0.039809,"{""T"":1791504747772,""s"":""OGNUSDT"",""S"":""Buy"",""v"":""31791"",""p"":""0.039809""}"
2026-10-09T00:12:28.138238Z,1791504747883,OGNUSDT,Buy,37130,0.039830,"{""T"":1791504747883,""s"":""OGNUSDT"",""S"":""Buy"",""v"":""37130"",""p"":""0.039830""}"
2026-10-09T00:13:11.142168Z,1791504790868,OGNUSDT,Sell,452,0.042514,"{""T"":1791504790868,""s"":""OGNUSDT"",""S"":""Sell"",""v"":""452"",""p"":""0.042514""}"
2026-10-09T00:13:55.139091Z,1791504834953,OGNUSDT,Sell,1289,0.042859,"{""T"":1791504834953,""s"":""OGNUSDT"",""S"":""Sell"",""v"":""1289"",""p"":""0.042859""}"
2026-10-09T00:13:59.637820Z,1791504839116,OGNUSDT,Sell,473,0.043099,"{""T"":1791504839116,""s"":""OGNUSDT"",""S"":""Sell"",""v"":""473"",""p"":""0.043099""}"
2026-10-09T00:15:07.999121Z,1791504907638,RLCUSDT,Buy,361.1,0.8569,"{""T"":1791504907638,""s"":""RLCUSDT"",""S"":""Buy"",""v"":""361.1"",""p"":""0.8569""}"
2026-10-09T00:15:08.839899Z,1791504908701,ONDOUSDT,Buy,126,0.4644,"{""T"":1791504908701,""s"":""ONDOUSDT"",""S"":""Buy"",""v"":""126"",""p"":""0.4644""}"
2026-10-09T00:15:08.999096Z,1791504908559,RLCUSDT,Buy,2662.0,0.8518,"{""T"":1791504908559,""s"":""RLCUSDT"",""S"":""Buy"",""v"":""2662.0"",""p"":""0.8518""}"
2026-10-09T00:15:09.499147Z,1791504909368,RLCUSDT,Buy,5.6,0.8501,"{""T"":1791504909368,""s"":""RLCUSDT"",""S"":""Buy"",""v"":""5.6"",""p"":""0.8501""}"
2026-10-09T00:15:42.998970Z,1791504942808,RLCUSDT,Buy,2415.3,0.8426,"{""T"":1791504942808,""s"":""RLCUSDT"",""S"":""Buy"",""v"":""2415.3"",""p"":""0.8426""}"
2026-10-09T00:16:08.815969Z,1791504968502,PUMPFUNUSDT,Buy,19200,0.0054990,"{""T"":1791504968502,""s"":""PUMPFUNUSDT"",""S"":""Buy"",""v"":""19200"",""p"":""0.0054990""}"
2026-10-09T00:17:45.638286Z,1791505065258,OGNUSDT,Buy,126,0.041590,"{""T"":1791505065258,""s"":""OGNUSDT"",""S"":""Buy"",""v"":""126"",""p"":""0.041590""}"
2026-10-09T00:17:53.637880Z,1791505073489,OGNUSDT,Buy,64930,0.041529,"{""T"":1791505073489,""s"":""OGNUSDT"",""S"":""Buy"",""v"":""64930"",""p"":""0.041529""}"
2026-10-09T00:18:08.566331Z,1791505088063,SOLUSDT,Buy,0.1,108.630,"{""T"":1791505088063,""s"":""SOLUSDT"",""S"":""Buy"",""v"":""0.1"",""p"":""108.630""}"
2026-10-09T00:18:53.569852Z,1791505133383,SOLUSDT,Buy,0.1,108.540,"{""T"":1791505133383,""s"":""SOLUSDT"",""S"":""Buy"",""v"":""0.1"",""p"":""108.540""}"
2026-10-09T00:18:54.065220Z,1791505133723,SOLUSDT,Buy,4.3,108.550,"{""T"":1791505133723,""s"":""SOLUSDT"",""S"":""Buy"",""v"":""4.3"",""p"":""108.550""}"
2026-10-09T00:19:19.138989Z,1791505158899,OGNUSDT,Buy,1100,0.041150,"{""T"":1791505158899,""s"":""OGNUSDT"",""S"":""Buy"",""v"":""1100"",""p"":""0.041150""}"
2026-10-09T00:19:31.351571Z,1791505170821,SANDUSDT,Buy,2124,0.06541,"{""T"":1791505170821,""s"":""SANDUSDT"",""S"":""Buy"",""v"":""2124"",""p"":""0.06541""}"
2026-10-09T00:19:49.565171Z,1791505189444,SOLUSDT,Buy,1.2,108.510,"{""T"":1791505189444,""s"":""SOLUSDT"",""S"":""Buy"",""v"":""1.2"",""p"":""108.510""}"
2026-10-09T00:19:49.839563Z,1791505189362,AAVEUSDT,Buy,0.52,164.44,"{""T"":1791505189362,""s"":""AAVEUSDT"",""S"":""Buy"",""v"":""0.52"",""p"":""164.44""}"
2026-10-09T00:19:52.815563Z,1791505192483,METUSDT,Buy,283.7,0.42550,"{""T"":1791505192483,""s"":""METUSDT"",""S"":""Buy"",""v"":""283.7"",""p"":""0.42550""}"
2026-10-09T00:19:52.910673Z,1791505192483,TIAUSDT,Buy,141.9,0.4923,"{""T"":1791505192483,""s"":""TIAUSDT"",""S"":""Buy"",""v"":""141.9"",""p"":""0.4923""}"
2026-10-09T00:19:54.958792Z,1791505194615,QNTUSDT,Buy,4.86,235.72,"{""T"":1791505194615,""s"":""QNTUSDT"",""S"":""Buy"",""v"":""4.86"",""p"":""235.72""}"
2026-10-09T00:19:56.064962Z,1791505195563,FILUSDT,Buy,43.6,1.0389,"{""T"":1791505195563,""s"":""FILUSDT"",""S"":""Buy"",""v"":""43.6"",""p"":""1.0389""}"
2026-10-09T00:19:56.362542Z,1791505196037,APTUSDT,Buy,240.88,0.7264,"{""T"":1791505196037,""s"":""APTUSDT"",""S"":""Buy"",""v"":""240.88"",""p"":""0.7264""}"
2026-10-09T00:19:57.518556Z,1791505197388,PYTHUSDT,Buy,12481,0.07981,"{""T"":1791505197388,""s"":""PYTHUSDT"",""S"":""Buy"",""v"":""12481"",""p"":""0.07981""}"
2026-10-09T00:19:57.816151Z,1791505197388,HYPEUSDT,Buy,35.85,83.360,"{""T"":1791505197388,""s"":""HYPEUSDT"",""S"":""Buy"",""v"":""35.85"",""p"":""83.360""}"
2026-10-09T00:19:57.828512Z,1791505197388,MONUSDT,Buy,123304,0.023760,"{""T"":1791505197388,""s"":""MONUSDT"",""S"":""Buy"",""v"":""123304"",""p"":""0.023760""}"
2026-10-09T00:19:57.839738Z,1791505197388,ONDOUSDT,Buy,2051,0.4622,"{""T"":1791505197388,""s"":""ONDOUSDT"",""S"":""Buy"",""v"":""2051"",""p"":""0.4622""}"
2026-10-09T00:19:57.861961Z,1791505197388,APTUSDT,Buy,2721.45,0.7263,"{""T"":1791505197388,""s"":""APTUSDT"",""S"":""Buy"",""v"":""2721.45"",""p"":""0.7263""}"
2026-10-09T00:19:57.911160Z,1791505197388,TIAUSDT,Buy,3887.2,0.4917,"{""T"":1791505197388,""s"":""TIAUSDT"",""S"":""Buy"",""v"":""3887.2"",""p"":""0.4917""}"
2026-10-09T00:19:57.911607Z,1791505197388,JUPUSDT,Buy,724,0.33520,"{""T"":1791505197388,""s"":""JUPUSDT"",""S"":""Buy"",""v"":""724"",""p"":""0.33520""}"
2026-10-09T00:19:57.917263Z,1791505197388,UNIUSDT,Buy,416.2,7.064,"{""T"":1791505197388,""s"":""UNIUSDT"",""S"":""Buy"",""v"":""416.2"",""p"":""7.064""}"
2026-10-09T00:19:58.989938Z,1791505198739,ZROUSDT,Buy,20.8,1.9230,"{""T"":1791505198739,""s"":""ZROUSDT"",""S"":""Buy"",""v"":""20.8"",""p"":""1.9230""}"
2026-10-09T00:20:01.351365Z,1791505200764,SANDUSDT,Buy,11221,0.06533,"{""T"":1791505200764,""s"":""SANDUSDT"",""S"":""Buy"",""v"":""11221"",""p"":""0.06533""}"
2026-10-09T00:20:02.637793Z,1791505202352,OGNUSDT,Buy,737,0.040998,"{""T"":1791505202352,""s"":""OGNUSDT"",""S"":""Buy"",""v"":""737"",""p"":""0.040998""}"
2026-10-09T00:20:02.815970Z,1791505202278,HYPEUSDT,Buy,0.14,83.340,"{""T"":1791505202278,""s"":""HYPEUSDT"",""S"":""Buy"",""v"":""0.14"",""p"":""83.340""}"
2026-10-09T00:20:05.827615Z,1791505205566,POLUSDT,Buy,20256,0.09743,"{""T"":1791505205566,""s"":""POLUSDT"",""S"":""Buy"",""v"":""20256"",""p"":""0.09743""}"
2026-10-09T00:20:19.641494Z,1791505219441,OGNUSDT,Buy,7373,0.040788,"{""T"":1791505219441,""s"":""OGNUSDT"",""S"":""Buy"",""v"":""7373"",""p"":""0.040788""}"
2026-10-09T00:20:22.339831Z,1791505222170,ONDOUSDT,Buy,917,0.4616,"{""T"":1791505222170,""s"":""ONDOUSDT"",""S"":""Buy"",""v"":""917"",""p"":""0.4616""}"
2026-10-09T00:20:32.999108Z,1791505232847,RLCUSDT,Buy,2591.0,0.8356,"{""T"":1791505232847,""s"":""RLCUSDT"",""S"":""Buy"",""v"":""2591.0"",""p"":""0.8356""}"
2026-10-09T00:20:51.566572Z,1791505251318,SOLUSDT,Buy,0.2,108.360,"{""T"":1791505251318,""s"":""SOLUSDT"",""S"":""Buy"",""v"":""0.2"",""p"":""108.360""}"
2026-10-09T00:20:52.065850Z,1791505251796,SOLUSDT,Buy,3.2,108.360,"{""T"":1791505251796,""s"":""SOLUSDT"",""S"":""Buy"",""v"":""3.2"",""p"":""108.360""}"
2026-10-09T00:20:54.566047Z,1791505254184,SOLUSDT,Buy,4.5,108.340,"{""T"":1791505254184,""s"":""SOLUSDT"",""S"":""Buy"",""v"":""4.5"",""p"":""108.340""}"
2026-10-09T00:21:35.840334Z,1791505295433,ONDOUSDT,Buy,268,0.4601,"{""T"":1791505295433,""s"":""ONDOUSDT"",""S"":""Buy"",""v"":""268"",""p"":""0.4601""}"
2026-10-09T00:21:37.019188Z,1791505296541,NEARUSDT,Buy,141.3,4.4180,"{""T"":1791505296541,""s"":""NEARUSDT"",""S"":""Buy"",""v"":""141.3"",""p"":""4.4180""}"
2026-10-09T00:22:14.999079Z,1791505334632,RLCUSDT,Buy,26.7,0.8253,"{""T"":1791505334632,""s"":""RLCUSDT"",""S"":""Buy"",""v"":""26.7"",""p"":""0.8253""}"
2026-10-09T00:22:14.999079Z,1791505334633,RLCUSDT,Buy,44.0,0.8195,"{""T"":1791505334633,""s"":""RLCUSDT"",""S"":""Buy"",""v"":""44.0"",""p"":""0.8195""}"
2026-10-09T00:22:15.498815Z,1791505334924,RLCUSDT,Buy,754.4,0.8191,"{""T"":1791505334924,""s"":""RLCUSDT"",""S"":""Buy"",""v"":""754.4"",""p"":""0.8191""}"
2026-10-09T00:22:15.498815Z,1791505335215,RLCUSDT,Buy,142.8,0.8229,"{""T"":1791505335215,""s"":""RLCUSDT"",""S"":""Buy"",""v"":""142.8"",""p"":""0.8229""}"
2026-10-09T00:22:16.999286Z,1791505336793,RLCUSDT,Buy,21.6,0.8159,"{""T"":1791505336793,""s"":""RLCUSDT"",""S"":""Buy"",""v"":""21.6"",""p"":""0.8159""}"
2026-10-09T00:22:27.851695Z,1791505347625,ERAUSDT,Buy,104,0.06091,"{""T"":1791505347625,""s"":""ERAUSDT"",""S"":""Buy"",""v"":""104"",""p"":""0.06091""}"
2026-10-09T00:23:01.815326Z,1791505381518,METUSDT,Buy,28.2,0.42330,"{""T"":1791505381518,""s"":""METUSDT"",""S"":""Buy"",""v"":""28.2"",""p"":""0.42330""}"
2026-10-09T00:23:28.815646Z,1791505408611,METUSDT,Buy,45.4,0.42270,"{""T"":1791505408611,""s"":""METUSDT"",""S"":""Buy"",""v"":""45.4"",""p"":""0.42270""}"
2026-10-09T00:23:52.917100Z,1791505432374,ADAUSDT,Buy,52,0.2295,"{""T"":1791505432374,""s"":""ADAUSDT"",""S"":""Buy"",""v"":""52"",""p"":""0.2295""}"
2026-10-09T00:23:56.917196Z,1791505436570,ADAUSDT,Buy,743,0.2295,"{""T"":1791505436570,""s"":""ADAUSDT"",""S"":""Buy"",""v"":""743"",""p"":""0.2295""}"
2026-10-09T00:24:15.416907Z,1791505455164,DOTUSDT,Sell,5.1,1.1210,"{""T"":1791505455164,""s"":""DOTUSDT"",""S"":""Sell"",""v"":""5.1"",""p"":""1.1210""}"
2026-10-09T00:25:26.065675Z,1791505525759,SOLUSDT,Buy,100.0,108.300,"{""T"":1791505525759,""s"":""SOLUSDT"",""S"":""Buy"",""v"":""100.0"",""p"":""108.300""}"
2026-10-09T00:26:00.331070Z,1791505560126,LONGXIAUSDT,Buy,4286,0.0471,"{""T"":1791505560126,""s"":""LONGXIAUSDT"",""S"":""Buy"",""v"":""4286"",""p"":""0.0471""}"
2026-10-09T00:26:01.331125Z,1791505560891,LONGXIAUSDT,Buy,140411,0.0469,"{""T"":1791505560891,""s"":""LONGXIAUSDT"",""S"":""Buy"",""v"":""140411"",""p"":""0.0469""}"
2026-10-09T00:26:02.331029Z,1791505561903,LONGXIAUSDT,Buy,1048,0.0468,"{""T"":1791505561903,""s"":""LONGXIAUSDT"",""S"":""Buy"",""v"":""1048"",""p"":""0.0468""}"
2026-10-09T00:26:03.831250Z,1791505563426,LONGXIAUSDT,Buy,10623,0.0463,"{""T"":1791505563426,""s"":""LONGXIAUSDT"",""S"":""Buy"",""v"":""10623"",""p"":""0.0463""}"
2026-10-09T00:26:04.331658Z,1791505563768,LONGXIAUSDT,Buy,607,0.0464,"{""T"":1791505563768,""s"":""LONGXIAUSDT"",""S"":""Buy"",""v"":""607"",""p"":""0.0464""}"
2026-10-09T00:26:05.815705Z,1791505565670,METUSDT,Buy,32.6,0.42110,"{""T"":1791505565670,""s"":""METUSDT"",""S"":""Buy"",""v"":""32.6"",""p"":""0.42110""}"
2026-10-09T00:26:06.065705Z,1791505565517,SOLUSDT,Buy,2.1,108.240,"{""T"":1791505565517,""s"":""SOLUSDT"",""S"":""Buy"",""v"":""2.1"",""p"":""108.240""}"
2026-10-09T00:26:18.815805Z,1791505578380,XPLUSDT,Buy,300,0.08256,"{""T"":1791505578380,""s"":""XPLUSDT"",""S"":""Buy"",""v"":""300"",""p"":""0.08256""}"
2026-10-09T00:26:23.417671Z,1791505583316,DOTUSDT,Buy,29.6,1.0962,"{""T"":1791505583316,""s"":""DOTUSDT"",""S"":""Buy"",""v"":""29.6"",""p"":""1.0962""}"
2026-10-09T00:27:33.916836Z,1791505653514,DOTUSDT,Sell,31.9,1.1303,"{""T"":1791505653514,""s"":""DOTUSDT"",""S"":""Sell"",""v"":""31.9"",""p"":""1.1303""}"
2026-10-09T00:27:44.416704Z,1791505663848,DOTUSDT,Sell,352.5,1.1342,"{""T"":1791505663848,""s"":""DOTUSDT"",""S"":""Sell"",""v"":""352.5"",""p"":""1.1342""}"
2026-10-09T00:27:53.416864Z,1791505673218,DOTUSDT,Sell,95.1,1.1375,"{""T"":1791505673218,""s"":""DOTUSDT"",""S"":""Sell"",""v"":""95.1"",""p"":""1.1375""}"
2026-10-09T00:28:04.018849Z,1791505683811,PYTHUSDT,Buy,3742,0.07960,"{""T"":1791505683811,""s"":""PYTHUSDT"",""S"":""Buy"",""v"":""3742"",""p"":""0.07960""}"
2026-10-09T00:28:47.522340Z,1791505727008,NEARUSDT,Buy,38.6,4.4160,"{""T"":1791505727008,""s"":""NEARUSDT"",""S"":""Buy"",""v"":""38.6"",""p"":""4.4160""}"
2026-10-09T00:28:49.018691Z,1791505728792,NEARUSDT,Buy,4481.5,4.4130,"{""T"":1791505728792,""s"":""NEARUSDT"",""S"":""Buy"",""v"":""4481.5"",""p"":""4.4130""}"
2026-10-09T00:28:50.518800Z,1791505730419,NEARUSDT,Buy,12.9,4.4140,"{""T"":1791505730419,""s"":""NEARUSDT"",""S"":""Buy"",""v"":""12.9"",""p"":""4.4140""}"
2026-10-09T00:29:27.416554Z,1791505766962,DOTUSDT,Sell,4158.8,1.1411,"{""T"":1791505766962,""s"":""DOTUSDT"",""S"":""Sell"",""v"":""4158.8"",""p"":""1.1411""}"
2026-10-09T00:30:47.138051Z,1791505846701,JTOUSDT,Sell,338.8,0.5138,"{""T"":1791505846701,""s"":""JTOUSDT"",""S"":""Sell"",""v"":""338.8"",""p"":""0.5138""}"
2026-10-09T00:31:01.340998Z,1791505860787,XRPUSDT,Sell,33.5,1.3933,"{""T"":1791505860787,""s"":""XRPUSDT"",""S"":""Sell"",""v"":""33.5"",""p"":""1.3933""}"
2026-10-09T00:31:08.458618Z,1791505867991,ETHUSDT,Sell,0.01,2489.18,"{""T"":1791505867991,""s"":""ETHUSDT"",""S"":""Sell"",""v"":""0.01"",""p"":""2489.18""}"
2026-10-09T00:31:19.328465Z,1791505878993,ENAUSDT,Sell,727,0.21102,"{""T"":1791505878993,""s"":""ENAUSDT"",""S"":""Sell"",""v"":""727"",""p"":""0.21102""}"
2026-10-09T00:32:35.138002Z,1791505954946,OGNUSDT,Sell,646,0.043042,"{""T"":1791505954946,""s"":""OGNUSDT"",""S"":""Sell"",""v"":""646"",""p"":""0.043042""}"
2026-10-09T00:32:54.916473Z,1791505974609,DOTUSDT,Sell,29.7,1.1478,"{""T"":1791505974609,""s"":""DOTUSDT"",""S"":""Sell"",""v"":""29.7"",""p"":""1.1478""}"
2026-10-09T00:33:13.828091Z,1791505993728,ENAUSDT,Sell,381,0.21188,"{""T"":1791505993728,""s"":""ENAUSDT"",""S"":""Sell"",""v"":""381"",""p"":""0.21188""}"
2026-10-09T00:33:15.138050Z,1791505994902,STRKUSDT,Sell,551.2,0.05696,"{""T"":1791505994902,""s"":""STRKUSDT"",""S"":""Sell"",""v"":""551.2"",""p"":""0.05696""}"
2026-10-09T00:33:30.863185Z,1791506010640,WLDUSDT,Sell,1617.4,0.4909,"{""T"":1791506010640,""s"":""WLDUSDT"",""S"":""Sell"",""v"":""1617.4"",""p"":""0.4909""}"
2026-10-09T00:35:25.340641Z,1791506125192,ONDOUSDT,Buy,14,0.4586,"{""T"":1791506125192,""s"":""ONDOUSDT"",""S"":""Buy"",""v"":""14"",""p"":""0.4586""}"
2026-10-09T00:36:16.315872Z,1791506175758,HYPEUSDT,Sell,0.43,84.980,"{""T"":1791506175758,""s"":""HYPEUSDT"",""S"":""Sell"",""v"":""0.43"",""p"":""84.980""}"
2026-10-09T00:36:50.638047Z,1791506210256,OGNUSDT,Buy,523,0.040201,"{""T"":1791506210256,""s"":""OGNUSDT"",""S"":""Buy"",""v"":""523"",""p"":""0.040201""}"
2026-10-09T00:38:05.138034Z,1791506284729,STRKUSDT,Buy,10817.5,0.05520,"{""T"":1791506284729,""s"":""STRKUSDT"",""S"":""Buy"",""v"":""10817.5"",""p"":""0.05520""}"
2026-10-09T00:39:18.341475Z,1791506357977,ONDOUSDT,Buy,3023,0.4581,"{""T"":1791506357977,""s"":""ONDOUSDT"",""S"":""Buy"",""v"":""3023"",""p"":""0.4581""}"
2026-10-09T00:40:50.316511Z,1791506450015,METUSDT,Buy,76.0,0.41890,"{""T"":1791506450015,""s"":""METUSDT"",""S"":""Buy"",""v"":""76.0"",""p"":""0.41890""}"
2026-10-09T00:41:21.138535Z,1791506480584,OGNUSDT,Sell,3532,0.042555,"{""T"":1791506480584,""s"":""OGNUSDT"",""S"":""Sell"",""v"":""3532"",""p"":""0.042555""}"
2026-10-09T00:41:45.638264Z,1791506505470,OGNUSDT,Sell,230,0.042693,"{""T"":1791506505470,""s"":""OGNUSDT"",""S"":""Sell"",""v"":""230"",""p"":""0.042693""}"
2026-10-09T00:41:45.638264Z,1791506505505,OGNUSDT,Sell,4062,0.042692,"{""T"":1791506505505,""s"":""OGNUSDT"",""S"":""Sell"",""v"":""4062"",""p"":""0.042692""}"
2026-10-09T00:42:04.137981Z,1791506524033,OGNUSDT,Sell,9962,0.042751,"{""T"":1791506524033,""s"":""OGNUSDT"",""S"":""Sell"",""v"":""9962"",""p"":""0.042751""}"
2026-10-09T00:42:16.996167Z,1791506536814,OPUSDT,Sell,573.5,0.11998,"{""T"":1791506536814,""s"":""OPUSDT"",""S"":""Sell"",""v"":""573.5"",""p"":""0.11998""}"
2026-10-09T00:43:10.138143Z,1791506589689,OGNUSDT,Sell,65791,0.042785,"{""T"":1791506589689,""s"":""OGNUSDT"",""S"":""Sell"",""v"":""65791"",""p"":""0.042785""}"
2026-10-09T00:43:10.138143Z,1791506589873,OGNUSDT,Sell,210,0.042786,"{""T"":1791506589873,""s"":""OGNUSDT"",""S"":""Sell"",""v"":""210"",""p"":""0.042786""}"
2026-10-09T00:43:26.641359Z,1791506606482,OGNUSDT,Sell,259,0.043162,"{""T"":1791506606482,""s"":""OGNUSDT"",""S"":""Sell"",""v"":""259"",""p"":""0.043162""}"
2026-10-09T00:43:27.137881Z,1791506606612,STRKUSDT,Sell,400.8,0.05726,"{""T"":1791506606612,""s"":""STRKUSDT"",""S"":""Sell"",""v"":""400.8"",""p"":""0.05726""}"
2026-10-09T00:43:29.137937Z,1791506608805,OGNUSDT,Sell,1083,0.043189,"{""T"":1791506608805,""s"":""OGNUSDT"",""S"":""Sell"",""v"":""1083"",""p"":""0.043189""}"
2026-10-09T00:43:43.638602Z,1791506623538,OGNUSDT,Sell,45733,0.043421,"{""T"":1791506623538,""s"":""OGNUSDT"",""S"":""Sell"",""v"":""45733"",""p"":""0.043421""}"
2026-10-09T00:43:44.138080Z,1791506623722,OGNUSDT,Sell,582,0.043436,"{""T"":1791506623722,""s"":""OGNUSDT"",""S"":""Sell"",""v"":""582"",""p"":""0.043436""}"
2026-10-09T00:43:44.138080Z,1791506623761,OGNUSDT,Sell,385,0.043432,"{""T"":1791506623761,""s"":""OGNUSDT"",""S"":""Sell"",""v"":""385"",""p"":""0.043432""}"
2026-10-09T00:43:54.416679Z,1791506633882,DOTUSDT,Buy,760.1,1.1130,"{""T"":1791506633882,""s"":""DOTUSDT"",""S"":""Buy"",""v"":""760.1"",""p"":""1.1130""}"
2026-10-09T00:44:51.352052Z,1791506690948,SANDUSDT,Sell,230,0.06847,"{""T"":1791506690948,""s"":""SANDUSDT"",""S"":""Sell"",""v"":""230"",""p"":""0.06847""}"
2026-10-09T00:45:06.638139Z,1791506706312,OGNUSDT,Sell,25209,0.043900,"{""T"":1791506706312,""s"":""OGNUSDT"",""S"":""Sell"",""v"":""25209"",""p"":""0.043900""}"
2026-10-09T00:45:06.638139Z,1791506706361,OGNUSDT,Sell,851,0.044233,"{""T"":1791506706361,""s"":""OGNUSDT"",""S"":""Sell"",""v"":""851"",""p"":""0.044233""}"
2026-10-09T00:45:06.638139Z,1791506706442,OGNUSDT,Sell,724,0.044139,"{""T"":1791506706442,""s"":""OGNUSDT"",""S"":""Sell"",""v"":""724"",""p"":""0.044139""}"
2026-10-09T00:45:07.137653Z,1791506706560,OGNUSDT,Sell,22010,0.043965,"{""T"":1791506706560,""s"":""OGNUSDT"",""S"":""Sell"",""v"":""22010"",""p"":""0.043965""}"
2026-10-09T00:45:07.137653Z,1791506706566,OGNUSDT,Sell,47989,0.043698,"{""T"":1791506706566,""s"":""OGNUSDT"",""S"":""Sell"",""v"":""47989"",""p"":""0.043698""}"
2026-10-09T00:45:07.137653Z,1791506706780,OGNUSDT,Sell,14773,0.044405,"{""T"":1791506706780,""s"":""OGNUSDT"",""S"":""Sell"",""v"":""14773"",""p"":""0.044405""}"
2026-10-09T00:45:07.137653Z,1791506706905,OGNUSDT,Sell,2722,0.043792,"{""T"":1791506706905,""s"":""OGNUSDT"",""S"":""Sell"",""v"":""2722"",""p"":""0.043792""}"
2026-10-09T00:45:07.637747Z,1791506707050,OGNUSDT,Sell,145,0.043725,"{""T"":1791506707050,""s"":""OGNUSDT"",""S"":""Sell"",""v"":""145"",""p"":""0.043725""}"
2026-10-09T00:45:07.637747Z,1791506707096,OGNUSDT,Sell,5040,0.044232,"{""T"":1791506707096,""s"":""OGNUSDT"",""S"":""Sell"",""v"":""5040"",""p"":""0.044232""}"
2026-10-09T00:45:07.637747Z,1791506707099,OGNUSDT,Sell,1874,0.044061,"{""T"":1791506707099,""s"":""OGNUSDT"",""S"":""Sell"",""v"":""1874"",""p"":""0.044061""}"
2026-10-09T00:45:22.138328Z,1791506721673,OGNUSDT,Buy,18491,0.042021,"{""T"":1791506721673,""s"":""OGNUSDT"",""S"":""Buy"",""v"":""18491"",""p"":""0.042021""}"
2026-10-09T00:46:03.959391Z,1791506763605,QNTUSDT,Sell,1.34,242.93,"{""T"":1791506763605,""s"":""QNTUSDT"",""S"":""Sell"",""v"":""1.34"",""p"":""242.93""}"
2026-10-09T00:46:03.959391Z,1791506763810,QNTUSDT,Sell,2.17,243.07,"{""T"":1791506763810,""s"":""QNTUSDT"",""S"":""Sell"",""v"":""2.17"",""p"":""243.07""}"
2026-10-09T00:46:04.958595Z,1791506764468,QNTUSDT,Sell,0.09,243.55,"{""T"":1791506764468,""s"":""QNTUSDT"",""S"":""Sell"",""v"":""0.09"",""p"":""243.55""}"
2026-10-09T00:47:26.840411Z,1791506846345,XRPUSDT,Sell,113.5,1.3951,"{""T"":1791506846345,""s"":""XRPUSDT"",""S"":""Sell"",""v"":""113.5"",""p"":""1.3951""}"
2026-10-09T00:48:10.851192Z,1791506890388,SANDUSDT,Sell,7584,0.06899,"{""T"":1791506890388,""s"":""SANDUSDT"",""S"":""Sell"",""v"":""7584"",""p"":""0.06899""}"
2026-10-09T00:48:10.851192Z,1791506890626,SANDUSDT,Sell,2362,0.06901,"{""T"":1791506890626,""s"":""SANDUSDT"",""S"":""Sell"",""v"":""2362"",""p"":""0.06901""}"
2026-10-09T00:48:13.350890Z,1791506892865,SANDUSDT,Sell,19104,0.06914,"{""T"":1791506892865,""s"":""SANDUSDT"",""S"":""Sell"",""v"":""19104"",""p"":""0.06914""}"
2026-10-09T00:48:53.959109Z,1791506933772,QNTUSDT,Sell,3.43,245.33,"{""T"":1791506933772,""s"":""QNTUSDT"",""S"":""Sell"",""v"":""3.43"",""p"":""245.33""}"
2026-10-09T00:50:20.638271Z,1791507020294,STRKUSDT,Sell,4383.3,0.05800,"{""T"":1791507020294,""s"":""STRKUSDT"",""S"":""Sell"",""v"":""4383.3"",""p"":""0.05800""}"
2026-10-09T00:54:47.138676Z,1791507286895,STRKUSDT,Sell,1306.4,0.05857,"{""T"":1791507286895,""s"":""STRKUSDT"",""S"":""Sell"",""v"":""1306.4"",""p"":""0.05857""}"
2026-10-09T00:55:09.138147Z,1791507308826,STRKUSDT,Sell,173130.1,0.05879,"{""T"":1791507308826,""s"":""STRKUSDT"",""S"":""Sell"",""v"":""173130.1"",""p"":""0.05879""}"
2026-10-09T00:55:32.638983Z,1791507332319,OGNUSDT,Sell,1400,0.043948,"{""T"":1791507332319,""s"":""OGNUSDT"",""S"":""Sell"",""v"":""1400"",""p"":""0.043948""}"
2026-10-09T00:55:56.638190Z,1791507356168,STRKUSDT,Sell,991.5,0.05912,"{""T"":1791507356168,""s"":""STRKUSDT"",""S"":""Sell"",""v"":""991.5"",""p"":""0.05912""}"
2026-10-09T00:56:33.351721Z,1791507393126,SANDUSDT,Sell,548,0.06866,"{""T"":1791507393126,""s"":""SANDUSDT"",""S"":""Sell"",""v"":""548"",""p"":""0.06866""}"
2026-10-09T01:00:21.138514Z,1791507620567,STRKUSDT,Buy,1622.9,0.05690,"{""T"":1791507620567,""s"":""STRKUSDT"",""S"":""Buy"",""v"":""1622.9"",""p"":""0.05690""}"
2026-10-09T01:00:47.330860Z,1791507647070,POLUSDT,Buy,10024,0.09708,"{""T"":1791507647070,""s"":""POLUSDT"",""S"":""Buy"",""v"":""10024"",""p"":""0.09708""}"
2026-10-09T01:01:58.638286Z,1791507718168,STRKUSDT,Sell,359.0,0.05942,"{""T"":1791507718168,""s"":""STRKUSDT"",""S"":""Sell"",""v"":""359.0"",""p"":""0.05942""}"
2026-10-09T01:02:05.137960Z,1791507724682,STRKUSDT,Sell,24603.8,0.05953,"{""T"":1791507724682,""s"":""STRKUSDT"",""S"":""Sell"",""v"":""24603.8"",""p"":""0.05953""}"
2026-10-09T01:02:34.138929Z,1791507753566,STRKUSDT,Sell,35682.0,0.05962,"{""T"":1791507753566,""s"":""STRKUSDT"",""S"":""Sell"",""v"":""35682.0"",""p"":""0.05962""}"
2026-10-09T01:02:34.138929Z,1791507753610,STRKUSDT,Sell,703.3,0.05962,"{""T"":1791507753610,""s"":""STRKUSDT"",""S"":""Sell"",""v"":""703.3"",""p"":""0.05962""}"
2026-10-09T01:02:49.495495Z,1791507769324,MINAUSDT,Sell,25688.1,0.08127,"{""T"":1791507769324,""s"":""MINAUSDT"",""S"":""Sell"",""v"":""25688.1"",""p"":""0.08127""}"
2026-10-09T01:02:56.340266Z,1791507775810,LITUSDT,Sell,14.2,3.6650,"{""T"":1791507775810,""s"":""LITUSDT"",""S"":""Sell"",""v"":""14.2"",""p"":""3.6650""}"
2026-10-09T01:03:42.638458Z,1791507822104,STRKUSDT,Buy,9281.5,0.05760,"{""T"":1791507822104,""s"":""STRKUSDT"",""S"":""Buy"",""v"":""9281.5"",""p"":""0.05760""}"
2026-10-09T01:04:06.019121Z,1791507845921,ATOMUSDT,Sell,161.5,1.8080,"{""T"":1791507845921,""s"":""ATOMUSDT"",""S"":""Sell"",""v"":""161.5"",""p"":""1.8080""}"
2026-10-09T01:04:23.637986Z,1791507863523,OGNUSDT,Buy,25235,0.041178,"{""T"":1791507863523,""s"":""OGNUSDT"",""S"":""Buy"",""v"":""25235"",""p"":""0.041178""}"
2026-10-09T01:05:06.499468Z,1791507906287,XAUTUSDT,Sell,0.087,4176.40,"{""T"":1791507906287,""s"":""XAUTUSDT"",""S"":""Sell"",""v"":""0.087"",""p"":""4176.40""}"
2026-10-09T01:05:32.493317Z,1791507932386,XAUUSDT,Sell,0.785,4173.78,"{""T"":1791507932386,""s"":""XAUUSDT"",""S"":""Sell"",""v"":""0.785"",""p"":""4173.78""}"
2026-10-09T01:05:50.641222Z,1791507950424,OGNUSDT,Buy,2877,0.041137,"{""T"":1791507950424,""s"":""OGNUSDT"",""S"":""Buy"",""v"":""2877"",""p"":""0.041137""}"
2026-10-09T01:05:51.638081Z,1791507951431,OGNUSDT,Buy,513,0.041077,"{""T"":1791507951431,""s"":""OGNUSDT"",""S"":""Buy"",""v"":""513"",""p"":""0.041077""}"
2026-10-09T01:06:52.138531Z,1791508011937,STRKUSDT,Buy,9566.7,0.05742,"{""T"":1791508011937,""s"":""STRKUSDT"",""S"":""Buy"",""v"":""9566.7"",""p"":""0.05742""}"
2026-10-09T01:08:27.139534Z,1791508106973,OGNUSDT,Buy,4892,0.040898,"{""T"":1791508106973,""s"":""OGNUSDT"",""S"":""Buy"",""v"":""4892"",""p"":""0.040898""}"
2026-10-09T01:08:28.137806Z,1791508107605,OGNUSDT,Buy,203,0.040919,"{""T"":1791508107605,""s"":""OGNUSDT"",""S"":""Buy"",""v"":""203"",""p"":""0.040919""}"
2026-10-09T01:09:30.489724Z,1791508170071,XAGUSDT,Sell,2.089,60.23,"{""T"":1791508170071,""s"":""XAGUSDT"",""S"":""Sell"",""v"":""2.089"",""p"":""60.23""}"
2026-10-09T01:10:03.495014Z,1791508203329,MINAUSDT,Sell,1270.4,0.08180,"{""T"":1791508203329,""s"":""MINAUSDT"",""S"":""Sell"",""v"":""1270.4"",""p"":""0.08180""}"
2026-10-09T01:10:12.138200Z,1791508211739,OGNUSDT,Sell,6345,0.043078,"{""T"":1791508211739,""s"":""OGNUSDT"",""S"":""Sell"",""v"":""6345"",""p"":""0.043078""}"
2026-10-09T01:10:49.351228Z,1791508248877,SANDUSDT,Sell,2051,0.06934,"{""T"":1791508248877,""s"":""SANDUSDT"",""S"":""Sell"",""v"":""2051"",""p"":""0.06934""}"
2026-10-09T01:10:49.851167Z,1791508249411,SANDUSDT,Sell,553,0.06938,"{""T"":1791508249411,""s"":""SANDUSDT"",""S"":""Sell"",""v"":""553"",""p"":""0.06938""}"
2026-10-09T01:10:50.351033Z,1791508249860,SANDUSDT,Sell,2328,0.06944,"{""T"":1791508249860,""s"":""SANDUSDT"",""S"":""Sell"",""v"":""2328"",""p"":""0.06944""}"
2026-10-09T01:11:18.320344Z,1791508277872,XPLUSDT,Sell,23809,0.08474,"{""T"":1791508277872,""s"":""XPLUSDT"",""S"":""Sell"",""v"":""23809"",""p"":""0.08474""}"
2026-10-09T01:11:18.331406Z,1791508277872,PONSUSDT,Sell,5374,0.3650,"{""T"":1791508277872,""s"":""PONSUSDT"",""S"":""Sell"",""v"":""5374"",""p"":""0.3650""}"
2026-10-09T01:11:18.351058Z,1791508277872,SANDUSDT,Sell,29850,0.06996,"{""T"":1791508277872,""s"":""SANDUSDT"",""S"":""Sell"",""v"":""29850"",""p"":""0.06996""}"
2026-10-09T01:11:33.141628Z,1791508292642,STRKUSDT,Buy,10357.6,0.05744,"{""T"":1791508292642,""s"":""STRKUSDT"",""S"":""Buy"",""v"":""10357.6"",""p"":""0.05744""}"
2026-10-09T01:12:09.489750Z,1791508329136,XAUUSDT,Sell,2.407,4175.89,"{""T"":1791508329136,""s"":""XAUUSDT"",""S"":""Sell"",""v"":""2.407"",""p"":""4175.89""}"
2026-10-09T01:12:24.138339Z,1791508344035,OGNUSDT,Sell,8121,0.043273,"{""T"":1791508344035,""s"":""OGNUSDT"",""S"":""Sell"",""v"":""8121"",""p"":""0.043273""}"
2026-10-09T01:12:41.141220Z,1791508360849,OGNUSDT,Sell,1116,0.043705,"{""T"":1791508360849,""s"":""OGNUSDT"",""S"":""Sell"",""v"":""1116"",""p"":""0.043705""}"
2026-10-09T01:12:46.638178Z,1791508366266,OGNUSDT,Sell,26016,0.043747,"{""T"":1791508366266,""s"":""OGNUSDT"",""S"":""Sell"",""v"":""26016"",""p"":""0.043747""}"
2026-10-09T01:13:02.638370Z,1791508382128,OGNUSDT,Sell,23631,0.043895,"{""T"":1791508382128,""s"":""OGNUSDT"",""S"":""Sell"",""v"":""23631"",""p"":""0.043895""}"
2026-10-09T01:13:50.499330Z,1791508430404,XAUTUSDT,Sell,0.015,4180.70,"{""T"":1791508430404,""s"":""XAUTUSDT"",""S"":""Sell"",""v"":""0.015"",""p"":""4180.70""}"
2026-10-09T01:15:12.490089Z,1791508512077,XAUUSDT,Sell,0.070,4179.44,"{""T"":1791508512077,""s"":""XAUUSDT"",""S"":""Sell"",""v"":""0.070"",""p"":""4179.44""}"
2026-10-09T01:15:14.989732Z,1791508514636,XAUUSDT,Sell,0.002,4179.85,"{""T"":1791508514636,""s"":""XAUUSDT"",""S"":""Sell"",""v"":""0.002"",""p"":""4179.85""}"
2026-10-09T01:16:18.851349Z,1791508578495,SANDUSDT,Sell,33397,0.06998,"{""T"":1791508578495,""s"":""SANDUSDT"",""S"":""Sell"",""v"":""33397"",""p"":""0.06998""}"
2026-10-09T01:16:22.351512Z,1791508581897,SANDUSDT,Sell,9679,0.07016,"{""T"":1791508581897,""s"":""SANDUSDT"",""S"":""Sell"",""v"":""9679"",""p"":""0.07016""}"
2026-10-09T01:17:04.490282Z,1791508623957,XAUUSDT,Sell,0.092,4180.87,"{""T"":1791508623957,""s"":""XAUUSDT"",""S"":""Sell"",""v"":""0.092"",""p"":""4180.87""}"
2026-10-09T01:17:44.065556Z,1791508663580,SOLUSDT,Buy,11.2,108.290,"{""T"":1791508663580,""s"":""SOLUSDT"",""S"":""Buy"",""v"":""11.2"",""p"":""108.290""}"
2026-10-09T01:18:10.018918Z,1791508689444,NEARUSDT,Buy,6.0,4.4720,"{""T"":1791508689444,""s"":""NEARUSDT"",""S"":""Buy"",""v"":""6.0"",""p"":""4.4720""}"
2026-10-09T01:18:10.068319Z,1791508689747,BTCUSDT,Buy,0.023,81341.30,"{""T"":1791508689747,""s"":""BTCUSDT"",""S"":""Buy"",""v"":""0.023"",""p"":""81341.30""}"
2026-10-09T01:19:20.458841Z,1791508759897,ETHUSDT,Buy,0.51,2462.29,"{""T"":1791508759897,""s"":""ETHUSDT"",""S"":""Buy"",""v"":""0.51"",""p"":""2462.29""}"
2026-10-09T01:19:22.815370Z,1791508762665,PUMPFUNUSDT,Buy,1400,0.0055100,"{""T"":1791508762665,""s"":""PUMPFUNUSDT"",""S"":""Buy"",""v"":""1400"",""p"":""0.0055100""}"
2026-10-09T01:19:40.960197Z,1791508780461,ETHUSDT,Buy,0.39,2462.16,"{""T"":1791508780461,""s"":""ETHUSDT"",""S"":""Buy"",""v"":""0.39"",""p"":""2462.16""}"
2026-10-09T01:20:41.072947Z,1791508840922,BTCUSDT,Buy,0.183,81337.70,"{""T"":1791508840922,""s"":""BTCUSDT"",""S"":""Buy"",""v"":""0.183"",""p"":""81337.70""}"
2026-10-09T01:20:45.565974Z,1791508844993,SOLUSDT,Buy,4.4,108.200,"{""T"":1791508844993,""s"":""SOLUSDT"",""S"":""Buy"",""v"":""4.4"",""p"":""108.200""}"
2026-10-09T01:21:57.490050Z,1791508917101,XAUUSDT,Sell,0.092,4181.25,"{""T"":1791508917101,""s"":""XAUUSDT"",""S"":""Sell"",""v"":""0.092"",""p"":""4181.25""}"
2026-10-09T01:22:36.499321Z,1791508956090,XAUTUSDT,Sell,0.015,4184.60,"{""T"":1791508956090,""s"":""XAUTUSDT"",""S"":""Sell"",""v"":""0.015"",""p"":""4184.60""}"
2026-10-09T01:22:54.328359Z,1791508973952,RAYDIUMUSDT,Sell,1436.6,2.4219,"{""T"":1791508973952,""s"":""RAYDIUMUSDT"",""S"":""Sell"",""v"":""1436.6"",""p"":""2.4219""}"
2026-10-09T01:23:03.839965Z,1791508983469,LDOUSDT,Sell,3506.4,0.4139,"{""T"":1791508983469,""s"":""LDOUSDT"",""S"":""Sell"",""v"":""3506.4"",""p"":""0.4139""}"
2026-10-09T01:23:04.328283Z,1791508984072,ENAUSDT,Sell,3636,0.21283,"{""T"":1791508984072,""s"":""ENAUSDT"",""S"":""Sell"",""v"":""3636"",""p"":""0.21283""}"
2026-10-09T01:23:04.495205Z,1791508984197,OPUSDT,Sell,131.7,0.12071,"{""T"":1791508984197,""s"":""OPUSDT"",""S"":""Sell"",""v"":""131.7"",""p"":""0.12071""}"
2026-10-09T01:23:05.840796Z,1791508985379,LDOUSDT,Sell,3513.4,0.4142,"{""T"":1791508985379,""s"":""LDOUSDT"",""S"":""Sell"",""v"":""3513.4"",""p"":""0.4142""}"
2026-10-09T01:23:06.410986Z,1791508986065,TIAUSDT,Sell,400.6,0.5137,"{""T"":1791508986065,""s"":""TIAUSDT"",""S"":""Sell"",""v"":""400.6"",""p"":""0.5137""}"
2026-10-09T01:23:11.328757Z,1791508990797,ENAUSDT,Sell,5651,0.21292,"{""T"":1791508990797,""s"":""ENAUSDT"",""S"":""Sell"",""v"":""5651"",""p"":""0.21292""}"
2026-10-09T01:23:11.328757Z,1791508991108,ENAUSDT,Sell,22775,0.21291,"{""T"":1791508991108,""s"":""ENAUSDT"",""S"":""Sell"",""v"":""22775"",""p"":""0.21291""}"
2026-10-09T01:23:11.416834Z,1791508991108,ADAUSDT,Sell,19383,0.2345,"{""T"":1791508991108,""s"":""ADAUSDT"",""S"":""Sell"",""v"":""19383"",""p"":""0.2345""}"
2026-10-09T01:23:19.490019Z,1791508999153,XAUUSDT,Sell,2.400,4184.32,"{""T"":1791508999153,""s"":""XAUUSDT"",""S"":""Sell"",""v"":""2.400"",""p"":""4184.32""}"
2026-10-09T01:23:19.827884Z,1791508999685,ENAUSDT,Sell,33,0.21286,"{""T"":1791508999685,""s"":""ENAUSDT"",""S"":""Sell"",""v"":""33"",""p"":""0.21286""}"
2026-10-09T01:23:19.850937Z,1791508999685,SANDUSDT,Sell,605,0.07028,"{""T"":1791508999685,""s"":""SANDUSDT"",""S"":""Sell"",""v"":""605"",""p"":""0.07028""}"
2026-10-09T01:23:20.137983Z,1791508999685,STRKUSDT,Buy,85.5,0.05731,"{""T"":1791508999685,""s"":""STRKUSDT"",""S"":""Buy"",""v"":""85.5"",""p"":""0.05731""}"
2026-10-09T01:24:02.495218Z,1791509042193,OPUSDT,Sell,4500.0,0.12091,"{""T"":1791509042193,""s"":""OPUSDT"",""S"":""Sell"",""v"":""4500.0"",""p"":""0.12091""}"
2026-10-09T01:24:06.519123Z,1791509046049,NEARUSDT,Sell,5.0,4.5790,"{""T"":1791509046049,""s"":""NEARUSDT"",""S"":""Sell"",""v"":""5.0"",""p"":""4.5790""}"
2026-10-09T01:24:51.523320Z,1791509091376,NEARUSDT,Sell,136.1,4.5830,"{""T"":1791509091376,""s"":""NEARUSDT"",""S"":""Sell"",""v"":""136.1"",""p"":""4.5830""}"
2026-10-09T01:25:03.328754Z,1791509103006,ENAUSDT,Sell,2849,0.21317,"{""T"":1791509103006,""s"":""ENAUSDT"",""S"":""Sell"",""v"":""2849"",""p"":""0.21317""}"
2026-10-09T01:25:03.340385Z,1791509103018,LDOUSDT,Sell,3857.1,0.4149,"{""T"":1791509103018,""s"":""LDOUSDT"",""S"":""Sell"",""v"":""3857.1"",""p"":""0.4149""}"
2026-10-09T01:25:03.518813Z,1791509103424,AVAXUSDT,Sell,5.8,10.217,"{""T"":1791509103424,""s"":""AVAXUSDT"",""S"":""Sell"",""v"":""5.8"",""p"":""10.217""}"
2026-10-09T01:25:05.828153Z,1791509105707,ENAUSDT,Sell,3705,0.21324,"{""T"":1791509105707,""s"":""ENAUSDT"",""S"":""Sell"",""v"":""3705"",""p"":""0.21324""}"
2026-10-09T01:25:24.328932Z,1791509123869,RAYDIUMUSDT,Sell,27.9,2.4408,"{""T"":1791509123869,""s"":""RAYDIUMUSDT"",""S"":""Sell"",""v"":""27.9"",""p"":""2.4408""}"
2026-10-09T01:25:44.493957Z,1791509144375,ORCAUSDT,Sell,23.4,2.4866,"{""T"":1791509144375,""s"":""ORCAUSDT"",""S"":""Sell"",""v"":""23.4"",""p"":""2.4866""}"
2026-10-09T01:26:13.416743Z,1791509172868,1000PEPEUSDT,Sell,2400,0.0039100,"{""T"":1791509172868,""s"":""1000PEPEUSDT"",""S"":""Sell"",""v"":""2400"",""p"":""0.0039100""}"
2026-10-09T01:26:19.910843Z,1791509179436,TIAUSDT,Sell,982.3,0.5188,"{""T"":1791509179436,""s"":""TIAUSDT"",""S"":""Sell"",""v"":""982.3"",""p"":""0.5188""}"
2026-10-09T01:26:21.489418Z,1791509180904,ORCAUSDT,Sell,370.2,2.5172,"{""T"":1791509180904,""s"":""ORCAUSDT"",""S"":""Sell"",""v"":""370.2"",""p"":""2.5172""}"
2026-10-09T01:26:22.416682Z,1791509181834,1000PEPEUSDT,Sell,395700,0.0039120,"{""T"":1791509181834,""s"":""1000PEPEUSDT"",""S"":""Sell"",""v"":""395700"",""p"":""0.0039120""}"
2026-10-09T01:26:28.519272Z,1791509188111,NEARUSDT,Sell,11.6,4.6030,"{""T"":1791509188111,""s"":""NEARUSDT"",""S"":""Sell"",""v"":""11.6"",""p"":""4.6030""}"
2026-10-09T01:26:28.916740Z,1791509188585,DOGEUSDT,Sell,1053,0.08528,"{""T"":1791509188585,""s"":""DOGEUSDT"",""S"":""Sell"",""v"":""1053"",""p"":""0.08528""}"
2026-10-09T01:26:40.417248Z,1791509200149,DOGEUSDT,Sell,36000,0.08531,"{""T"":1791509200149,""s"":""DOGEUSDT"",""S"":""Sell"",""v"":""36000"",""p"":""0.08531""}"
2026-10-09T01:26:40.916918Z,1791509200590,DOGEUSDT,Sell,5949,0.08529,"{""T"":1791509200590,""s"":""DOGEUSDT"",""S"":""Sell"",""v"":""5949"",""p"":""0.08529""}"
2026-10-09T01:26:42.851231Z,1791509202519,SANDUSDT,Sell,16552,0.07042,"{""T"":1791509202519,""s"":""SANDUSDT"",""S"":""Sell"",""v"":""16552"",""p"":""0.07042""}"
2026-10-09T01:26:42.916928Z,1791509202519,ADAUSDT,Sell,6993,0.2352,"{""T"":1791509202519,""s"":""ADAUSDT"",""S"":""Sell"",""v"":""6993"",""p"":""0.2352""}"
2026-10-09T01:26:42.917348Z,1791509202519,ZECUSDT,Sell,1.48,1200.02,"{""T"":1791509202519,""s"":""ZECUSDT"",""S"":""Sell"",""v"":""1.48"",""p"":""1200.02""}"
2026-10-09T01:26:45.828058Z,1791509205598,RAYDIUMUSDT,Sell,2.4,2.4433,"{""T"":1791509205598,""s"":""RAYDIUMUSDT"",""S"":""Sell"",""v"":""2.4"",""p"":""2.4433""}"
2026-10-09T01:26:51.416704Z,1791509211153,ZECUSDT,Sell,1.80,1200.95,"{""T"":1791509211153,""s"":""ZECUSDT"",""S"":""Sell"",""v"":""1.80"",""p"":""1200.95""}"
2026-10-09T01:26:57.489975Z,1791509217389,SOXLUSDT,Sell,0.30,144.14,"{""T"":1791509217389,""s"":""SOXLUSDT"",""S"":""Sell"",""v"":""0.30"",""p"":""144.14""}"
2026-10-09T01:26:59.566085Z,1791509219333,FILUSDT,Sell,293.9,1.1102,"{""T"":1791509219333,""s"":""FILUSDT"",""S"":""Sell"",""v"":""293.9"",""p"":""1.1102""}"
2026-10-09T01:27:02.568365Z,1791509222479,BTCUSDT,Sell,0.004,82142.20,"{""T"":1791509222479,""s"":""BTCUSDT"",""S"":""Sell"",""v"":""0.004"",""p"":""82142.20""}"
2026-10-09T01:27:02.828145Z,1791509222479,FARTCOINUSDT,Sell,3362,0.16161,"{""T"":1791509222479,""s"":""FARTCOINUSDT"",""S"":""Sell"",""v"":""3362"",""p"":""0.16161""}"
2026-10-09T01:27:02.828614Z,1791509222479,ENAUSDT,Sell,1941,0.21394,"{""T"":1791509222479,""s"":""ENAUSDT"",""S"":""Sell"",""v"":""1941"",""p"":""0.21394""}"
2026-10-09T01:27:02.862144Z,1791509222479,WLDUSDT,Sell,208.3,0.4921,"{""T"":1791509222479,""s"":""WLDUSDT"",""S"":""Sell"",""v"":""208.3"",""p"":""0.4921""}"
2026-10-09T01:27:02.862499Z,1791509222479,GRAMUSDT,Sell,294.5,1.3930,"{""T"":1791509222479,""s"":""GRAMUSDT"",""S"":""Sell"",""v"":""294.5"",""p"":""1.3930""}"
2026-10-09T01:27:02.916882Z,1791509222479,ADAUSDT,Sell,1521,0.2352,"{""T"":1791509222479,""s"":""ADAUSDT"",""S"":""Sell"",""v"":""1521"",""p"":""0.2352""}"
2026-10-09T01:27:02.917335Z,1791509222479,DOGEUSDT,Sell,4808,0.08535,"{""T"":1791509222479,""s"":""DOGEUSDT"",""S"":""Sell"",""v"":""4808"",""p"":""0.08535""}"
2026-10-09T01:27:02.917701Z,1791509222479,1000PEPEUSDT,Sell,26400,0.0039200,"{""T"":1791509222479,""s"":""1000PEPEUSDT"",""S"":""Sell"",""v"":""26400"",""p"":""0.0039200""}"
2026-10-09T01:27:03.065773Z,1791509222479,SOLUSDT,Sell,4.2,110.000,"{""T"":1791509222479,""s"":""SOLUSDT"",""S"":""Sell"",""v"":""4.2"",""p"":""110.000""}"
2026-10-09T01:27:03.363043Z,1791509223008,WLDUSDT,Sell,36.7,0.4923,"{""T"":1791509223008,""s"":""WLDUSDT"",""S"":""Sell"",""v"":""36.7"",""p"":""0.4923""}"
2026-10-09T01:27:05.340890Z,1791509225070,XRPUSDT,Sell,36028.2,1.3974,"{""T"":1791509225070,""s"":""XRPUSDT"",""S"":""Sell"",""v"":""36028.2"",""p"":""1.3974""}"
2026-10-09T01:27:05.495059Z,1791509225009,MINAUSDT,Sell,9196.0,0.08232,"{""T"":1791509225009,""s"":""MINAUSDT"",""S"":""Sell"",""v"":""9196.0"",""p"":""0.08232""}"
2026-10-09T01:27:06.916796Z,1791509226693,ZECUSDT,Sell,0.02,1200.85,"{""T"":1791509226693,""s"":""ZECUSDT"",""S"":""Sell"",""v"":""0.02"",""p"":""1200.85""}"
2026-10-09T01:27:07.019524Z,1791509226693,NEARUSDT,Sell,8.8,4.6160,"{""T"":1791509226693,""s"":""NEARUSDT"",""S"":""Sell"",""v"":""8.8"",""p"":""4.6160""}"
2026-10-09T01:27:07.416735Z,1791509227279,DOGEUSDT,Sell,1941,0.08542,"{""T"":1791509227279,""s"":""DOGEUSDT"",""S"":""Sell"",""v"":""1941"",""p"":""0.08542""}"
2026-10-09T01:27:11.499015Z,1791509231227,PENGUUSDT,Sell,42250,0.008086,"{""T"":1791509231227,""s"":""PENGUUSDT"",""S"":""Sell"",""v"":""42250"",""p"":""0.008086""}"
2026-10-09T01:27:13.328107Z,1791509232995,POLUSDT,Sell,365,0.09991,"{""T"":1791509232995,""s"":""POLUSDT"",""S"":""Sell"",""v"":""365"",""p"":""0.09991""}"
2026-10-09T01:27:13.362262Z,1791509232995,WLDUSDT,Sell,77.3,0.4927,"{""T"":1791509232995,""s"":""WLDUSDT"",""S"":""Sell"",""v"":""77.3"",""p"":""0.4927""}"
2026-10-09T01:27:13.495367Z,1791509232995,SUIUSDT,Sell,30,1.06340,"{""T"":1791509232995,""s"":""SUIUSDT"",""S"":""Sell"",""v"":""30"",""p"":""1.06340""}"
2026-10-09T01:29:09.019158Z,1791509348738,NEARUSDT,Sell,27.2,4.6260,"{""T"":1791509348738,""s"":""NEARUSDT"",""S"":""Sell"",""v"":""27.2"",""p"":""4.6260""}"
2026-10-09T01:29:35.639059Z,1791509375539,STRKUSDT,Sell,1178.5,0.05942,"{""T"":1791509375539,""s"":""STRKUSDT"",""S"":""Sell"",""v"":""1178.5"",""p"":""0.05942""}"
2026-10-09T01:31:14.910801Z,1791509474395,TIAUSDT,Buy,114.5,0.5039,"{""T"":1791509474395,""s"":""TIAUSDT"",""S"":""Buy"",""v"":""114.5"",""p"":""0.5039""}"
2026-10-09T01:32:19.490103Z,1791509539254,XAUUSDT,Sell,0.026,4188.45,"{""T"":1791509539254,""s"":""XAUUSDT"",""S"":""Sell"",""v"":""0.026"",""p"":""4188.45""}"
2026-10-09T01:34:43.489841Z,1791509683220,XAUUSDT,Sell,0.481,4191.50,"{""T"":1791509683220,""s"":""XAUUSDT"",""S"":""Sell"",""v"":""0.481"",""p"":""4191.50""}"
2026-10-09T01:34:43.989591Z,1791509683688,XAUUSDT,Sell,0.041,4191.50,"{""T"":1791509683688,""s"":""XAUUSDT"",""S"":""Sell"",""v"":""0.041"",""p"":""4191.50""}"
2026-10-09T01:34:46.138475Z,1791509685736,STRKUSDT,Sell,2561.7,0.05994,"{""T"":1791509685736,""s"":""STRKUSDT"",""S"":""Sell"",""v"":""2561.7"",""p"":""0.05994""}"
2026-10-09T01:35:03.335069Z,1791509703198,LONGXIAUSDT,Sell,87470,0.0545,"{""T"":1791509703198,""s"":""LONGXIAUSDT"",""S"":""Sell"",""v"":""87470"",""p"":""0.0545""}"
2026-10-09T01:37:19.500078Z,1791509839116,XAUTUSDT,Sell,0.067,4193.70,"{""T"":1791509839116,""s"":""XAUTUSDT"",""S"":""Sell"",""v"":""0.067"",""p"":""4193.70""}"
2026-10-09T01:39:13.328600Z,1791509952862,FARTCOINUSDT,Sell,628,0.16217,"{""T"":1791509952862,""s"":""FARTCOINUSDT"",""S"":""Sell"",""v"":""628"",""p"":""0.16217""}"
2026-10-09T01:40:30.019645Z,1791510029483,NEARUSDT,Sell,308.6,4.6080,"{""T"":1791510029483,""s"":""NEARUSDT"",""S"":""Sell"",""v"":""308.6"",""p"":""4.6080""}"
2026-10-09T01:41:03.019741Z,1791510062511,NEARUSDT,Sell,500.0,4.6390,"{""T"":1791510062511,""s"":""NEARUSDT"",""S"":""Sell"",""v"":""500.0"",""p"":""4.6390""}"
2026-10-09T01:41:14.638389Z,1791510074181,OGNUSDT,Sell,28894,0.043841,"{""T"":1791510074181,""s"":""OGNUSDT"",""S"":""Sell"",""v"":""28894"",""p"":""0.043841""}"
2026-10-09T01:41:14.851211Z,1791510074566,SANDUSDT,Sell,812,0.07068,"{""T"":1791510074566,""s"":""SANDUSDT"",""S"":""Sell"",""v"":""812"",""p"":""0.07068""}"
2026-10-09T01:41:16.018961Z,1791510075844,NEARUSDT,Sell,12.4,4.6630,"{""T"":1791510075844,""s"":""NEARUSDT"",""S"":""Sell"",""v"":""12.4"",""p"":""4.6630""}"
2026-10-09T01:41:20.840584Z,1791510080586,XRPUSDT,Sell,30.1,1.3983,"{""T"":1791510080586,""s"":""XRPUSDT"",""S"":""Sell"",""v"":""30.1"",""p"":""1.3983""}"
2026-10-09T01:41:22.019225Z,1791510081734,NEARUSDT,Sell,83.0,4.6780,"{""T"":1791510081734,""s"":""NEARUSDT"",""S"":""Sell"",""v"":""83.0"",""p"":""4.6780""}"
2026-10-09T01:41:22.019225Z,1791510081759,NEARUSDT,Sell,37.7,4.6750,"{""T"":1791510081759,""s"":""NEARUSDT"",""S"":""Sell"",""v"":""37.7"",""p"":""4.6750""}"
2026-10-09T01:41:22.362750Z,1791510082080,WLDUSDT,Sell,122.9,0.4913,"{""T"":1791510082080,""s"":""WLDUSDT"",""S"":""Sell"",""v"":""122.9"",""p"":""0.4913""}"
2026-10-09T01:41:22.417271Z,1791510082080,UNIUSDT,Sell,11.3,7.350,"{""T"":1791510082080,""s"":""UNIUSDT"",""S"":""Sell"",""v"":""11.3"",""p"":""7.350""}"
2026-10-09T01:41:22.519874Z,1791510082080,NEARUSDT,Sell,19.9,4.6790,"{""T"":1791510082080,""s"":""NEARUSDT"",""S"":""Sell"",""v"":""19.9"",""p"":""4.6790""}"
2026-10-09T01:41:28.019299Z,1791510087590,NEARUSDT,Sell,348.5,4.6860,"{""T"":1791510087590,""s"":""NEARUSDT"",""S"":""Sell"",""v"":""348.5"",""p"":""4.6860""}"
2026-10-09T01:41:28.019299Z,1791510087643,NEARUSDT,Sell,8.2,4.6860,"{""T"":1791510087643,""s"":""NEARUSDT"",""S"":""Sell"",""v"":""8.2"",""p"":""4.6860""}"
2026-10-09T01:41:29.828052Z,1791510089711,ENAUSDT,Sell,8528,0.21512,"{""T"":1791510089711,""s"":""ENAUSDT"",""S"":""Sell"",""v"":""8528"",""p"":""0.21512""}"
2026-10-09T01:41:34.518917Z,1791510094271,AVAXUSDT,Sell,8.9,10.269,"{""T"":1791510094271,""s"":""AVAXUSDT"",""S"":""Sell"",""v"":""8.9"",""p"":""10.269""}"
2026-10-09T01:41:35.417160Z,1791510095039,DOGEUSDT,Sell,1412,0.08544,"{""T"":1791510095039,""s"":""DOGEUSDT"",""S"":""Sell"",""v"":""1412"",""p"":""0.08544""}"
2026-10-09T01:41:36.499929Z,1791510096298,LINKUSDT,Sell,35.5,12.892,"{""T"":1791510096298,""s"":""LINKUSDT"",""S"":""Sell"",""v"":""35.5"",""p"":""12.892""}"
2026-10-09T01:41:42.496173Z,1791510102332,1000BONKUSDT,Sell,30900,0.0033240,"{""T"":1791510102332,""s"":""1000BONKUSDT"",""S"":""Sell"",""v"":""30900"",""p"":""0.0033240""}"
2026-10-09T01:41:48.526363Z,1791510108373,NEARUSDT,Sell,14.0,4.7170,"{""T"":1791510108373,""s"":""NEARUSDT"",""S"":""Sell"",""v"":""14.0"",""p"":""4.7170""}"
2026-10-09T01:42:18.141735Z,1791510137851,OGNUSDT,Sell,368,0.044010,"{""T"":1791510137851,""s"":""OGNUSDT"",""S"":""Sell"",""v"":""368"",""p"":""0.044010""}"
2026-10-09T01:42:28.138175Z,1791510147740,OGNUSDT,Sell,339,0.044320,"{""T"":1791510147740,""s"":""OGNUSDT"",""S"":""Sell"",""v"":""339"",""p"":""0.044320""}"
2026-10-09T01:42:28.458918Z,1791510148115,QNTUSDT,Sell,2.37,242.77,"{""T"":1791510148115,""s"":""QNTUSDT"",""S"":""Sell"",""v"":""2.37"",""p"":""242.77""}"
2026-10-09T01:42:28.519398Z,1791510148115,PYTHUSDT,Sell,24547,0.08195,"{""T"":1791510148115,""s"":""PYTHUSDT"",""S"":""Sell"",""v"":""24547"",""p"":""0.08195""}"
2026-10-09T01:42:28.638017Z,1791510148115,OGNUSDT,Sell,68668,0.044506,"{""T"":1791510148115,""s"":""OGNUSDT"",""S"":""Sell"",""v"":""68668"",""p"":""0.044506""}"
2026-10-09T01:42:28.638017Z,1791510148482,OGNUSDT,Sell,691,0.044425,"{""T"":1791510148482,""s"":""OGNUSDT"",""S"":""Sell"",""v"":""691"",""p"":""0.044425""}"
2026-10-09T01:43:08.959508Z,1791510188691,ETHUSDT,Sell,0.02,2492.54,"{""T"":1791510188691,""s"":""ETHUSDT"",""S"":""Sell"",""v"":""0.02"",""p"":""2492.54""}"
2026-10-09T01:43:09.459178Z,1791510189003,ETHUSDT,Sell,0.02,2493.02,"{""T"":1791510189003,""s"":""ETHUSDT"",""S"":""Sell"",""v"":""0.02"",""p"":""2493.02""}"
2026-10-09T01:43:09.459178Z,1791510189070,ETHUSDT,Sell,0.02,2491.83,"{""T"":1791510189070,""s"":""ETHUSDT"",""S"":""Sell"",""v"":""0.02"",""p"":""2491.83""}"
2026-10-09T01:43:09.568869Z,1791510188996,BTCUSDT,Sell,0.024,82210.60,"{""T"":1791510188996,""s"":""BTCUSDT"",""S"":""Sell"",""v"":""0.024"",""p"":""82210.60""}"
2026-10-09T01:43:09.568869Z,1791510189008,BTCUSDT,Sell,0.052,82193.40,"{""T"":1791510189008,""s"":""BTCUSDT"",""S"":""Sell"",""v"":""0.052"",""p"":""82193.40""}"
2026-10-09T01:43:09.959603Z,1791510189605,ETHUSDT,Sell,1.95,2492.72,"{""T"":1791510189605,""s"":""ETHUSDT"",""S"":""Sell"",""v"":""1.95"",""p"":""2492.72""}"
2026-10-09T01:43:09.959603Z,1791510189659,ETHUSDT,Sell,0.14,2492.43,"{""T"":1791510189659,""s"":""ETHUSDT"",""S"":""Sell"",""v"":""0.14"",""p"":""2492.43""}"
2026-10-09T01:43:09.989638Z,1791510189556,CLUSDT,Buy,35.12,90.080,"{""T"":1791510189556,""s"":""CLUSDT"",""S"":""Buy"",""v"":""35.12"",""p"":""90.080""}"
2026-10-09T01:43:10.068635Z,1791510189556,BTCUSDT,Sell,0.027,82207.40,"{""T"":1791510189556,""s"":""BTCUSDT"",""S"":""Sell"",""v"":""0.027"",""p"":""82207.40""}"
2026-10-09T01:43:10.068635Z,1791510189649,BTCUSDT,Sell,0.005,82193.40,"{""T"":1791510189649,""s"":""BTCUSDT"",""S"":""Sell"",""v"":""0.005"",""p"":""82193.40""}"
2026-10-09T01:43:10.068635Z,1791510189708,BTCUSDT,Sell,0.009,82191.40,"{""T"":1791510189708,""s"":""BTCUSDT"",""S"":""Sell"",""v"":""0.009"",""p"":""82191.40""}"
2026-10-09T01:43:10.068635Z,1791510189839,BTCUSDT,Sell,0.030,82191.20,"{""T"":1791510189839,""s"":""BTCUSDT"",""S"":""Sell"",""v"":""0.030"",""p"":""82191.20""}"
2026-10-09T01:43:10.568897Z,1791510190041,BTCUSDT,Sell,0.003,82214.00,"{""T"":1791510190041,""s"":""BTCUSDT"",""S"":""Sell"",""v"":""0.003"",""p"":""82214.00""}"
2026-10-09T01:43:15.568672Z,1791510195423,BTCUSDT,Sell,0.046,82217.30,"{""T"":1791510195423,""s"":""BTCUSDT"",""S"":""Sell"",""v"":""0.046"",""p"":""82217.30""}"
2026-10-09T01:43:16.568893Z,1791510196003,BTCUSDT,Sell,0.005,82232.50,"{""T"":1791510196003,""s"":""BTCUSDT"",""S"":""Sell"",""v"":""0.005"",""p"":""82232.50""}"
2026-10-09T01:43:17.565405Z,1791510197446,SOLUSDT,Sell,6.8,110.110,"{""T"":1791510197446,""s"":""SOLUSDT"",""S"":""Sell"",""v"":""6.8"",""p"":""110.110""}"
2026-10-09T01:43:22.069201Z,1791510201854,BTCUSDT,Sell,0.002,82244.60,"{""T"":1791510201854,""s"":""BTCUSDT"",""S"":""Sell"",""v"":""0.002"",""p"":""82244.60""}"
2026-10-09T01:43:22.069201Z,1791510201879,BTCUSDT,Sell,0.203,82240.10,"{""T"":1791510201879,""s"":""BTCUSDT"",""S"":""Sell"",""v"":""0.203"",""p"":""82240.10""}"
2026-10-09T01:43:22.568645Z,1791510202022,BTCUSDT,Sell,0.035,82240.80,"{""T"":1791510202022,""s"":""BTCUSDT"",""S"":""Sell"",""v"":""0.035"",""p"":""82240.80""}"
2026-10-09T01:43:22.568645Z,1791510202039,BTCUSDT,Sell,0.141,82240.00,"{""T"":1791510202039,""s"":""BTCUSDT"",""S"":""Sell"",""v"":""0.141"",""p"":""82240.00""}"
2026-10-09T01:43:53.840821Z,1791510233265,XRPUSDT,Sell,91.6,1.4012,"{""T"":1791510233265,""s"":""XRPUSDT"",""S"":""Sell"",""v"":""91.6"",""p"":""1.4012""}"
2026-10-09T01:44:53.816135Z,1791510293413,TRUMPUSDT,Sell,14.2,1.858,"{""T"":1791510293413,""s"":""TRUMPUSDT"",""S"":""Sell"",""v"":""14.2"",""p"":""1.858""}"
2026-10-09T01:44:53.816135Z,1791510293580,TRUMPUSDT,Sell,5.4,1.858,"{""T"":1791510293580,""s"":""TRUMPUSDT"",""S"":""Sell"",""v"":""5.4"",""p"":""1.858""}"
2026-10-09T01:45:02.316172Z,1791510301751,PUMPFUNUSDT,Buy,56700,0.0054900,"{""T"":1791510301751,""s"":""PUMPFUNUSDT"",""S"":""Buy"",""v"":""56700"",""p"":""0.0054900""}"
2026-10-09T01:45:06.362510Z,1791510306162,NVDAUSDT,Sell,0.38,233.48,"{""T"":1791510306162,""s"":""NVDAUSDT"",""S"":""Sell"",""v"":""0.38"",""p"":""233.48""}"
2026-10-09T01:45:10.138030Z,1791510309578,OGNUSDT,Buy,5822,0.041643,"{""T"":1791510309578,""s"":""OGNUSDT"",""S"":""Buy"",""v"":""5822"",""p"":""0.041643""}"
2026-10-09T01:46:13.831679Z,1791510373538,LONGXIAUSDT,Sell,106,0.0556,"{""T"":1791510373538,""s"":""LONGXIAUSDT"",""S"":""Sell"",""v"":""106"",""p"":""0.0556""}"
2026-10-09T01:47:53.832272Z,1791510473520,LONGXIAUSDT,Sell,63912,0.0563,"{""T"":1791510473520,""s"":""LONGXIAUSDT"",""S"":""Sell"",""v"":""63912"",""p"":""0.0563""}"
2026-10-09T01:48:03.989712Z,1791510483449,XAGUSDT,Sell,0.232,60.45,"{""T"":1791510483449,""s"":""XAGUSDT"",""S"":""Sell"",""v"":""0.232"",""p"":""60.45""}"
2026-10-09T01:48:03.995741Z,1791510483682,MINAUSDT,Sell,1000.0,0.08344,"{""T"":1791510483682,""s"":""MINAUSDT"",""S"":""Sell"",""v"":""1000.0"",""p"":""0.08344""}"
2026-10-09T01:48:59.816035Z,1791510539663,TRUMPUSDT,Sell,3.7,1.863,"{""T"":1791510539663,""s"":""TRUMPUSDT"",""S"":""Sell"",""v"":""3.7"",""p"":""1.863""}"
2026-10-09T01:49:01.565566Z,1791510541141,FILUSDT,Sell,5.5,1.1185,"{""T"":1791510541141,""s"":""FILUSDT"",""S"":""Sell"",""v"":""5.5"",""p"":""1.1185""}"
2026-10-09T01:49:01.816346Z,1791510541371,GRASSUSDT,Sell,10,0.63040,"{""T"":1791510541371,""s"":""GRASSUSDT"",""S"":""Sell"",""v"":""10"",""p"":""0.63040""}"
2026-10-09T01:49:32.138124Z,1791510572028,STRKUSDT,Sell,3117.6,0.06078,"{""T"":1791510572028,""s"":""STRKUSDT"",""S"":""Sell"",""v"":""3117.6"",""p"":""0.06078""}"
2026-10-09T01:49:32.638813Z,1791510572100,STRKUSDT,Sell,9533.4,0.06079,"{""T"":1791510572100,""s"":""STRKUSDT"",""S"":""Sell"",""v"":""9533.4"",""p"":""0.06079""}"
2026-10-09T01:49:36.332383Z,1791510576093,LONGXIAUSDT,Sell,2845,0.0572,"{""T"":1791510576093,""s"":""LONGXIAUSDT"",""S"":""Sell"",""v"":""2845"",""p"":""0.0572""}"
2026-10-09T01:49:36.332383Z,1791510576240,LONGXIAUSDT,Sell,343,0.0571,"{""T"":1791510576240,""s"":""LONGXIAUSDT"",""S"":""Sell"",""v"":""343"",""p"":""0.0571""}"
2026-10-09T01:49:44.638796Z,1791510584534,STRKUSDT,Sell,5164.4,0.06081,"{""T"":1791510584534,""s"":""STRKUSDT"",""S"":""Sell"",""v"":""5164.4"",""p"":""0.06081""}"
2026-10-09T01:50:32.638854Z,1791510632438,STRKUSDT,Sell,4987.9,0.06098,"{""T"":1791510632438,""s"":""STRKUSDT"",""S"":""Sell"",""v"":""4987.9"",""p"":""0.06098""}"
2026-10-09T01:51:22.852179Z,1791510682266,SANDUSDT,Sell,1453,0.07070,"{""T"":1791510682266,""s"":""SANDUSDT"",""S"":""Sell"",""v"":""1453"",""p"":""0.07070""}"
2026-10-09T01:51:42.138982Z,1791510701885,OGNUSDT,Sell,19566,0.043478,"{""T"":1791510701885,""s"":""OGNUSDT"",""S"":""Sell"",""v"":""19566"",""p"":""0.043478""}"
2026-10-09T01:56:18.638267Z,1791510978210,OGNUSDT,Sell,473,0.043661,"{""T"":1791510978210,""s"":""OGNUSDT"",""S"":""Sell"",""v"":""473"",""p"":""0.043661""}"
2026-10-09T02:00:03.990120Z,1791511203659,QQQUSDT,Sell,2.44,760.19,"{""T"":1791511203659,""s"":""QQQUSDT"",""S"":""Sell"",""v"":""2.44"",""p"":""760.19""}"
2026-10-09T02:00:17.921789Z,1791511217782,ZECUSDT,Sell,0.07,1203.59,"{""T"":1791511217782,""s"":""ZECUSDT"",""S"":""Sell"",""v"":""0.07"",""p"":""1203.59""}"
2026-10-09T02:00:22.138566Z,1791511221914,STRKUSDT,Sell,262.5,0.06123,"{""T"":1791511221914,""s"":""STRKUSDT"",""S"":""Sell"",""v"":""262.5"",""p"":""0.06123""}"
2026-10-09T02:00:22.138566Z,1791511221983,STRKUSDT,Sell,256.4,0.06126,"{""T"":1791511221983,""s"":""STRKUSDT"",""S"":""Sell"",""v"":""256.4"",""p"":""0.06126""}"
2026-10-09T02:00:50.819406Z,1791511250370,PUMPFUNUSDT,Sell,384500,0.0055990,"{""T"":1791511250370,""s"":""PUMPFUNUSDT"",""S"":""Sell"",""v"":""384500"",""p"":""0.0055990""}"
2026-10-09T02:00:55.638205Z,1791511255051,STRKUSDT,Sell,337.8,0.06156,"{""T"":1791511255051,""s"":""STRKUSDT"",""S"":""Sell"",""v"":""337.8"",""p"":""0.06156""}"
2026-10-09T02:01:11.417654Z,1791511270888,ZECUSDT,Sell,0.06,1203.96,"{""T"":1791511270888,""s"":""ZECUSDT"",""S"":""Sell"",""v"":""0.06"",""p"":""1203.96""}"
2026-10-09T02:01:51.489865Z,1791511311240,XAUUSDT,Sell,0.019,4197.90,"{""T"":1791511311240,""s"":""XAUUSDT"",""S"":""Sell"",""v"":""0.019"",""p"":""4197.90""}"
2026-10-09T02:01:51.989871Z,1791511311471,XAUUSDT,Sell,0.010,4197.91,"{""T"":1791511311471,""s"":""XAUUSDT"",""S"":""Sell"",""v"":""0.010"",""p"":""4197.91""}"
2026-10-09T02:01:54.999415Z,1791511314848,INJUSDT,Sell,95.6,6.9320,"{""T"":1791511314848,""s"":""INJUSDT"",""S"":""Sell"",""v"":""95.6"",""p"":""6.9320""}"
2026-10-09T02:02:08.568990Z,1791511328036,BTCUSDT,Sell,0.002,82253.90,"{""T"":1791511328036,""s"":""BTCUSDT"",""S"":""Sell"",""v"":""0.002"",""p"":""82253.90""}"
2026-10-09T02:02:08.568990Z,1791511328286,BTCUSDT,Sell,0.002,82255.20,"{""T"":1791511328286,""s"":""BTCUSDT"",""S"":""Sell"",""v"":""0.002"",""p"":""82255.20""}"
2026-10-09T02:02:09.068646Z,1791511328709,BTCUSDT,Sell,0.122,82252.40,"{""T"":1791511328709,""s"":""BTCUSDT"",""S"":""Sell"",""v"":""0.122"",""p"":""82252.40""}"
2026-10-09T02:02:09.068646Z,1791511328733,BTCUSDT,Sell,0.015,82255.00,"{""T"":1791511328733,""s"":""BTCUSDT"",""S"":""Sell"",""v"":""0.015"",""p"":""82255.00""}"
2026-10-09T02:02:21.568889Z,1791511341355,BTCUSDT,Sell,0.003,82264.80,"{""T"":1791511341355,""s"":""BTCUSDT"",""S"":""Sell"",""v"":""0.003"",""p"":""82264.80""}"
2026-10-09T02:02:22.068919Z,1791511341918,BTCUSDT,Sell,0.012,82277.10,"{""T"":1791511341918,""s"":""BTCUSDT"",""S"":""Sell"",""v"":""0.012"",""p"":""82277.10""}"
2026-10-09T02:02:22.068919Z,1791511341979,BTCUSDT,Sell,0.010,82269.50,"{""T"":1791511341979,""s"":""BTCUSDT"",""S"":""Sell"",""v"":""0.010"",""p"":""82269.50""}"
2026-10-09T02:02:36.959782Z,1791511356688,QNTUSDT,Sell,13.99,243.09,"{""T"":1791511356688,""s"":""QNTUSDT"",""S"":""Sell"",""v"":""13.99"",""p"":""243.09""}"
2026-10-09T02:02:46.491188Z,1791511366114,XAUUSDT,Sell,0.088,4197.97,"{""T"":1791511366114,""s"":""XAUUSDT"",""S"":""Sell"",""v"":""0.088"",""p"":""4197.97""}"
2026-10-09T02:03:04.911660Z,1791511384375,TIAUSDT,Buy,738.8,0.5013,"{""T"":1791511384375,""s"":""TIAUSDT"",""S"":""Buy"",""v"":""738.8"",""p"":""0.5013""}"
2026-10-09T02:03:09.990170Z,1791511389568,SOXLUSDT,Sell,17.85,146.96,"{""T"":1791511389568,""s"":""SOXLUSDT"",""S"":""Sell"",""v"":""17.85"",""p"":""146.96""}"
2026-10-09T02:03:28.019939Z,1791511407806,NEARUSDT,Sell,28.6,4.7220,"{""T"":1791511407806,""s"":""NEARUSDT"",""S"":""Sell"",""v"":""28.6"",""p"":""4.7220""}"
2026-10-09T02:03:28.019939Z,1791511407876,NEARUSDT,Sell,75.1,4.7210,"{""T"":1791511407876,""s"":""NEARUSDT"",""S"":""Sell"",""v"":""75.1"",""p"":""4.7210""}"
2026-10-09T02:03:28.065476Z,1791511407876,SOLUSDT,Sell,3.2,110.100,"{""T"":1791511407876,""s"":""SOLUSDT"",""S"":""Sell"",""v"":""3.2"",""p"":""110.100""}"
2026-10-09T02:03:53.072295Z,1791511432661,BTCUSDT,Sell,0.085,82283.20,"{""T"":1791511432661,""s"":""BTCUSDT"",""S"":""Sell"",""v"":""0.085"",""p"":""82283.20""}"
2026-10-09T02:03:53.072295Z,1791511432935,BTCUSDT,Sell,0.009,82278.70,"{""T"":1791511432935,""s"":""BTCUSDT"",""S"":""Sell"",""v"":""0.009"",""p"":""82278.70""}"
2026-10-09T02:03:55.499722Z,1791511435246,PENGUUSDT,Sell,18900,0.008104,"{""T"":1791511435246,""s"":""PENGUUSDT"",""S"":""Sell"",""v"":""18900"",""p"":""0.008104""}"
2026-10-09T02:03:55.519130Z,1791511435084,NEARUSDT,Sell,65.4,4.7280,"{""T"":1791511435084,""s"":""NEARUSDT"",""S"":""Sell"",""v"":""65.4"",""p"":""4.7280""}"
2026-10-09T02:03:57.568744Z,1791511437045,BTCUSDT,Sell,0.279,82280.30,"{""T"":1791511437045,""s"":""BTCUSDT"",""S"":""Sell"",""v"":""0.279"",""p"":""82280.30""}"
2026-10-09T02:03:57.568744Z,1791511437071,BTCUSDT,Sell,0.001,82280.90,"{""T"":1791511437071,""s"":""BTCUSDT"",""S"":""Sell"",""v"":""0.001"",""p"":""82280.90""}"
2026-10-09T02:03:58.999494Z,1791511438413,INJUSDT,Sell,1.8,6.9510,"{""T"":1791511438413,""s"":""INJUSDT"",""S"":""Sell"",""v"":""1.8"",""p"":""6.9510""}"
2026-10-09T02:04:02.638228Z,1791511442360,STRKUSDT,Sell,135.1,0.06191,"{""T"":1791511442360,""s"":""STRKUSDT"",""S"":""Sell"",""v"":""135.1"",""p"":""0.06191""}"
2026-10-09T02:04:04.490243Z,1791511443903,XAUUSDT,Sell,0.056,4198.04,"{""T"":1791511443903,""s"":""XAUUSDT"",""S"":""Sell"",""v"":""0.056"",""p"":""4198.04""}"
2026-10-09T02:04:08.138948Z,1791511447745,STRKUSDT,Sell,149629.8,0.06193,"{""T"":1791511447745,""s"":""STRKUSDT"",""S"":""Sell"",""v"":""149629.8"",""p"":""0.06193""}"
2026-10-09T02:04:28.911820Z,1791511468684,TIAUSDT,Sell,10621.8,0.5111,"{""T"":1791511468684,""s"":""TIAUSDT"",""S"":""Sell"",""v"":""10621.8"",""p"":""0.5111""}"
2026-10-09T02:04:29.138253Z,1791511468684,OGNUSDT,Sell,31225,0.043593,"{""T"":1791511468684,""s"":""OGNUSDT"",""S"":""Sell"",""v"":""31225"",""p"":""0.043593""}"
2026-10-09T02:04:30.917053Z,1791511470723,DOTUSDT,Buy,31.4,1.1253,"{""T"":1791511470723,""s"":""DOTUSDT"",""S"":""Buy"",""v"":""31.4"",""p"":""1.1253""}"
2026-10-09T02:06:07.416970Z,1791511567128,ZECUSDT,Sell,0.85,1208.37,"{""T"":1791511567128,""s"":""ZECUSDT"",""S"":""Sell"",""v"":""0.85"",""p"":""1208.37""}"
2026-10-09T02:06:07.911215Z,1791511567661,JUPUSDT,Sell,132,0.34800,"{""T"":1791511567661,""s"":""JUPUSDT"",""S"":""Sell"",""v"":""132"",""p"":""0.34800""}"
2026-10-09T02:06:08.917610Z,1791511568392,ZECUSDT,Sell,0.02,1210.63,"{""T"":1791511568392,""s"":""ZECUSDT"",""S"":""Sell"",""v"":""0.02"",""p"":""1210.63""}"
2026-10-09T02:06:09.068894Z,1791511568566,BTCUSDT,Sell,0.047,82294.50,"{""T"":1791511568566,""s"":""BTCUSDT"",""S"":""Sell"",""v"":""0.047"",""p"":""82294.50""}"
2026-10-09T02:06:09.068894Z,1791511568716,BTCUSDT,Sell,0.580,82293.10,"{""T"":1791511568716,""s"":""BTCUSDT"",""S"":""Sell"",""v"":""0.580"",""p"":""82293.10""}"
2026-10-09T02:06:09.068894Z,1791511568886,BTCUSDT,Sell,0.045,82297.60,"{""T"":1791511568886,""s"":""BTCUSDT"",""S"":""Sell"",""v"":""0.045"",""p"":""82297.60""}"
2026-10-09T02:06:10.568998Z,1791511570041,BTCUSDT,Sell,0.011,82300.10,"{""T"":1791511570041,""s"":""BTCUSDT"",""S"":""Sell"",""v"":""0.011"",""p"":""82300.10""}"
2026-10-09T02:06:10.568998Z,1791511570043,BTCUSDT,Sell,0.001,82300.60,"{""T"":1791511570043,""s"":""BTCUSDT"",""S"":""Sell"",""v"":""0.001"",""p"":""82300.60""}"
2026-10-09T02:06:17.918722Z,1791511577611,ZECUSDT,Sell,0.01,1211.57,"{""T"":1791511577611,""s"":""ZECUSDT"",""S"":""Sell"",""v"":""0.01"",""p"":""1211.57""}"
2026-10-09T02:06:18.065863Z,1791511577611,SOLUSDT,Buy,0.1,109.170,"{""T"":1791511577611,""s"":""SOLUSDT"",""S"":""Buy"",""v"":""0.1"",""p"":""109.170""}"
2026-10-09T02:06:34.569046Z,1791511594022,BTCUSDT,Sell,0.005,82315.10,"{""T"":1791511594022,""s"":""BTCUSDT"",""S"":""Sell"",""v"":""0.005"",""p"":""82315.10""}"
2026-10-09T02:06:34.569046Z,1791511594295,BTCUSDT,Sell,0.061,82313.70,"{""T"":1791511594295,""s"":""BTCUSDT"",""S"":""Sell"",""v"":""0.061"",""p"":""82313.70""}"
2026-10-09T02:06:35.068777Z,1791511594682,BTCUSDT,Sell,0.009,82315.00,"{""T"":1791511594682,""s"":""BTCUSDT"",""S"":""Sell"",""v"":""0.009"",""p"":""82315.00""}"
2026-10-09T02:06:41.568843Z,1791511601064,BTCUSDT,Sell,0.012,82321.70,"{""T"":1791511601064,""s"":""BTCUSDT"",""S"":""Sell"",""v"":""0.012"",""p"":""82321.70""}"
2026-10-09T02:06:41.568843Z,1791511601094,BTCUSDT,Sell,0.012,82326.10,"{""T"":1791511601094,""s"":""BTCUSDT"",""S"":""Sell"",""v"":""0.012"",""p"":""82326.10""}"
2026-10-09T02:06:42.519779Z,1791511602281,NEARUSDT,Buy,10.0,4.6670,"{""T"":1791511602281,""s"":""NEARUSDT"",""S"":""Buy"",""v"":""10.0"",""p"":""4.6670""}"
2026-10-09T02:06:42.568763Z,1791511602281,BTCUSDT,Sell,0.030,82329.80,"{""T"":1791511602281,""s"":""BTCUSDT"",""S"":""Sell"",""v"":""0.030"",""p"":""82329.80""}"
2026-10-09T02:06:43.638960Z,1791511603388,STRKUSDT,Sell,30902.6,0.06202,"{""T"":1791511603388,""s"":""STRKUSDT"",""S"":""Sell"",""v"":""30902.6"",""p"":""0.06202""}"
2026-10-09T02:06:44.068812Z,1791511603811,BTCUSDT,Sell,0.004,82332.60,"{""T"":1791511603811,""s"":""BTCUSDT"",""S"":""Sell"",""v"":""0.004"",""p"":""82332.60""}"
2026-10-09T02:06:47.568947Z,1791511607222,BTCUSDT,Sell,0.005,82337.10,"{""T"":1791511607222,""s"":""BTCUSDT"",""S"":""Sell"",""v"":""0.005"",""p"":""82337.10""}"
2026-10-09T02:06:48.568707Z,1791511608205,BTCUSDT,Sell,0.004,82339.80,"{""T"":1791511608205,""s"":""BTCUSDT"",""S"":""Sell"",""v"":""0.004"",""p"":""82339.80""}"
2026-10-09T02:06:49.069010Z,1791511608518,BTCUSDT,Sell,0.004,82344.00,"{""T"":1791511608518,""s"":""BTCUSDT"",""S"":""Sell"",""v"":""0.004"",""p"":""82344.00""}"
2026-10-09T02:06:49.069010Z,1791511608672,BTCUSDT,Sell,0.006,82339.10,"{""T"":1791511608672,""s"":""BTCUSDT"",""S"":""Sell"",""v"":""0.006"",""p"":""82339.10""}"
2026-10-09T02:06:49.569238Z,1791511609249,BTCUSDT,Sell,0.004,82348.00,"{""T"":1791511609249,""s"":""BTCUSDT"",""S"":""Sell"",""v"":""0.004"",""p"":""82348.00""}"
2026-10-09T02:06:49.569238Z,1791511609332,BTCUSDT,Sell,0.028,82348.00,"{""T"":1791511609332,""s"":""BTCUSDT"",""S"":""Sell"",""v"":""0.028"",""p"":""82348.00""}"
2026-10-09T02:07:00.917031Z,1791511620594,ZECUSDT,Sell,0.44,1213.68,"{""T"":1791511620594,""s"":""ZECUSDT"",""S"":""Sell"",""v"":""0.44"",""p"":""1213.68""}"
2026-10-09T02:07:01.416802Z,1791511621085,ZECUSDT,Sell,0.69,1213.90,"{""T"":1791511621085,""s"":""ZECUSDT"",""S"":""Sell"",""v"":""0.69"",""p"":""1213.90""}"
2026-10-09T02:07:07.139619Z,1791511627022,STRKUSDT,Sell,21287.4,0.06220,"{""T"":1791511627022,""s"":""STRKUSDT"",""S"":""Sell"",""v"":""21287.4"",""p"":""0.06220""}"
2026-10-09T02:07:07.638744Z,1791511627419,STRKUSDT,Sell,207.8,0.06218,"{""T"":1791511627419,""s"":""STRKUSDT"",""S"":""Sell"",""v"":""207.8"",""p"":""0.06218""}"
2026-10-09T02:07:08.139610Z,1791511627946,STRKUSDT,Sell,594.5,0.06218,"{""T"":1791511627946,""s"":""STRKUSDT"",""S"":""Sell"",""v"":""594.5"",""p"":""0.06218""}"
2026-10-09T02:07:23.593242Z,1791511643229,BTCUSDT,Sell,0.072,82361.20,"{""T"":1791511643229,""s"":""BTCUSDT"",""S"":""Sell"",""v"":""0.072"",""p"":""82361.20""}"
2026-10-09T02:07:23.593242Z,1791511643299,BTCUSDT,Sell,0.002,82352.50,"{""T"":1791511643299,""s"":""BTCUSDT"",""S"":""Sell"",""v"":""0.002"",""p"":""82352.50""}"
2026-10-09T02:07:24.069072Z,1791511643690,BTCUSDT,Sell,0.845,82362.30,"{""T"":1791511643690,""s"":""BTCUSDT"",""S"":""Sell"",""v"":""0.845"",""p"":""82362.30""}"
2026-10-09T02:07:25.068705Z,1791511644660,BTCUSDT,Sell,0.002,82368.10,"{""T"":1791511644660,""s"":""BTCUSDT"",""S"":""Sell"",""v"":""0.002"",""p"":""82368.10""}"
2026-10-09T02:07:27.459137Z,1791511647123,ETHUSDT,Sell,4.80,2493.76,"{""T"":1791511647123,""s"":""ETHUSDT"",""S"":""Sell"",""v"":""4.80"",""p"":""2493.76""}"
2026-10-09T02:08:46.990478Z,1791511726579,ORCAUSDT,Sell,21.6,2.5350,"{""T"":1791511726579,""s"":""ORCAUSDT"",""S"":""Sell"",""v"":""21.6"",""p"":""2.5350""}"
2026-10-09T02:09:08.341203Z,1791511748078,LITUSDT,Sell,1161.5,3.7250,"{""T"":1791511748078,""s"":""LITUSDT"",""S"":""Sell"",""v"":""1161.5"",""p"":""3.7250""}"
2026-10-09T02:09:48.638267Z,1791511788324,OGNUSDT,Sell,8631,0.044337,"{""T"":1791511788324,""s"":""OGNUSDT"",""S"":""Sell"",""v"":""8631"",""p"":""0.044337""}"
2026-10-09T02:12:16.000008Z,1791511935875,RLCUSDT,Sell,36.4,0.8823,"{""T"":1791511935875,""s"":""RLCUSDT"",""S"":""Sell"",""v"":""36.4"",""p"":""0.8823""}"
2026-10-09T02:12:21.639244Z,1791511941167,OGNUSDT,Sell,217,0.044698,"{""T"":1791511941167,""s"":""OGNUSDT"",""S"":""Sell"",""v"":""217"",""p"":""0.044698""}"
2026-10-09T02:12:21.639244Z,1791511941230,OGNUSDT,Sell,1214,0.045090,"{""T"":1791511941230,""s"":""OGNUSDT"",""S"":""Sell"",""v"":""1214"",""p"":""0.045090""}"
2026-10-09T02:12:21.639244Z,1791511941235,OGNUSDT,Sell,1374,0.045140,"{""T"":1791511941235,""s"":""OGNUSDT"",""S"":""Sell"",""v"":""1374"",""p"":""0.045140""}"
2026-10-09T02:12:21.639244Z,1791511941352,OGNUSDT,Sell,1914,0.044888,"{""T"":1791511941352,""s"":""OGNUSDT"",""S"":""Sell"",""v"":""1914"",""p"":""0.044888""}"
2026-10-09T02:12:21.639244Z,1791511941446,OGNUSDT,Sell,4314,0.045296,"{""T"":1791511941446,""s"":""OGNUSDT"",""S"":""Sell"",""v"":""4314"",""p"":""0.045296""}"
2026-10-09T02:12:22.138397Z,1791511941556,OGNUSDT,Sell,2171,0.044822,"{""T"":1791511941556,""s"":""OGNUSDT"",""S"":""Sell"",""v"":""2171"",""p"":""0.044822""}"
2026-10-09T02:12:22.138397Z,1791511941599,OGNUSDT,Sell,173,0.044811,"{""T"":1791511941599,""s"":""OGNUSDT"",""S"":""Sell"",""v"":""173"",""p"":""0.044811""}"
2026-10-09T02:12:22.138397Z,1791511941769,OGNUSDT,Sell,68066,0.045163,"{""T"":1791511941769,""s"":""OGNUSDT"",""S"":""Sell"",""v"":""68066"",""p"":""0.045163""}"
2026-10-09T02:12:22.138397Z,1791511941882,OGNUSDT,Sell,7873,0.044936,"{""T"":1791511941882,""s"":""OGNUSDT"",""S"":""Sell"",""v"":""7873"",""p"":""0.044936""}"
2026-10-09T02:12:22.138397Z,1791511941918,OGNUSDT,Sell,344,0.045321,"{""T"":1791511941918,""s"":""OGNUSDT"",""S"":""Sell"",""v"":""344"",""p"":""0.045321""}"
2026-10-09T02:12:22.138397Z,1791511942000,OGNUSDT,Sell,4778,0.044816,"{""T"":1791511942000,""s"":""OGNUSDT"",""S"":""Sell"",""v"":""4778"",""p"":""0.044816""}"
2026-10-09T02:12:22.138397Z,1791511942002,OGNUSDT,Sell,700,0.045246,"{""T"":1791511942002,""s"":""OGNUSDT"",""S"":""Sell"",""v"":""700"",""p"":""0.045246""}"
2026-10-09T02:12:22.138397Z,1791511942011,OGNUSDT,Sell,143377,0.045156,"{""T"":1791511942011,""s"":""OGNUSDT"",""S"":""Sell"",""v"":""143377"",""p"":""0.045156""}"
2026-10-09T02:12:22.332103Z,1791511942002,LONGXIAUSDT,Buy,560,0.0500,"{""T"":1791511942002,""s"":""LONGXIAUSDT"",""S"":""Buy"",""v"":""560"",""p"":""0.0500""}"
2026-10-09T02:13:23.989806Z,1791512003440,WUSDT,Sell,7014.9,0.016497,"{""T"":1791512003440,""s"":""WUSDT"",""S"":""Sell"",""v"":""7014.9"",""p"":""0.016497""}"
2026-10-09T02:13:23.989806Z,1791512003459,WUSDT,Sell,21592.8,0.016445,"{""T"":1791512003459,""s"":""WUSDT"",""S"":""Sell"",""v"":""21592.8"",""p"":""0.016445""}"
2026-10-09T02:15:29.331922Z,1791512128813,LONGXIAUSDT,Buy,283,0.0490,"{""T"":1791512128813,""s"":""LONGXIAUSDT"",""S"":""Buy"",""v"":""283"",""p"":""0.0490""}"
2026-10-09T02:16:07.329021Z,1791512166972,AEROUSDT,Sell,192,0.8659,"{""T"":1791512166972,""s"":""AEROUSDT"",""S"":""Sell"",""v"":""192"",""p"":""0.8659""}"
2026-10-09T02:16:19.332864Z,1791512178869,LONGXIAUSDT,Buy,141,0.0484,"{""T"":1791512178869,""s"":""LONGXIAUSDT"",""S"":""Buy"",""v"":""141"",""p"":""0.0484""}"
2026-10-09T02:16:54.828303Z,1791512214356,RAYDIUMUSDT,Sell,37.2,2.4588,"{""T"":1791512214356,""s"":""RAYDIUMUSDT"",""S"":""Sell"",""v"":""37.2"",""p"":""2.4588""}"
2026-10-09T02:16:58.829126Z,1791512218500,RAYDIUMUSDT,Sell,3.5,2.4600,"{""T"":1791512218500,""s"":""RAYDIUMUSDT"",""S"":""Sell"",""v"":""3.5"",""p"":""2.4600""}"
2026-10-09T02:17:23.638612Z,1791512243385,OGNUSDT,Buy,8762,0.041738,"{""T"":1791512243385,""s"":""OGNUSDT"",""S"":""Buy"",""v"":""8762"",""p"":""0.041738""}"
2026-10-09T02:17:51.139365Z,1791512270813,OGNUSDT,Buy,2892,0.041494,"{""T"":1791512270813,""s"":""OGNUSDT"",""S"":""Buy"",""v"":""2892"",""p"":""0.041494""}"
2026-10-09T02:18:51.020535Z,1791512330884,NEARUSDT,Buy,437.3,4.6290,"{""T"":1791512330884,""s"":""NEARUSDT"",""S"":""Buy"",""v"":""437.3"",""p"":""4.6290""}"
2026-10-09T02:19:47.023145Z,1791512386924,ATOMUSDT,Sell,32.7,1.8420,"{""T"":1791512386924,""s"":""ATOMUSDT"",""S"":""Sell"",""v"":""32.7"",""p"":""1.8420""}"
2026-10-09T02:22:09.022940Z,1791512528631,NEARUSDT,Buy,8.9,4.6240,"{""T"":1791512528631,""s"":""NEARUSDT"",""S"":""Buy"",""v"":""8.9"",""p"":""4.6240""}"
2026-10-09T02:25:44.519579Z,1791512744197,ALGOUSDT,Buy,767.9,0.11640,"{""T"":1791512744197,""s"":""ALGOUSDT"",""S"":""Buy"",""v"":""767.9"",""p"":""0.11640""}"
2026-10-09T02:25:45.340825Z,1791512744845,AAVEUSDT,Buy,6.56,163.80,"{""T"":1791512744845,""s"":""AAVEUSDT"",""S"":""Buy"",""v"":""6.56"",""p"":""163.80""}"
2026-10-09T02:25:45.816529Z,1791512745341,PUMPFUNUSDT,Buy,4400,0.0054480,"{""T"":1791512745341,""s"":""PUMPFUNUSDT"",""S"":""Buy"",""v"":""4400"",""p"":""0.0054480""}"
2026-10-09T02:27:02.316340Z,1791512821878,PUMPFUNUSDT,Buy,1600,0.0054450,"{""T"":1791512821878,""s"":""PUMPFUNUSDT"",""S"":""Buy"",""v"":""1600"",""p"":""0.0054450""}"
2026-10-09T02:27:02.316340Z,1791512822138,PUMPFUNUSDT,Buy,12000,0.0054450,"{""T"":1791512822138,""s"":""PUMPFUNUSDT"",""S"":""Buy"",""v"":""12000"",""p"":""0.0054450""}"
2026-10-09T02:27:56.318874Z,1791512875835,PUMPFUNUSDT,Buy,60100,0.0054440,"{""T"":1791512875835,""s"":""PUMPFUNUSDT"",""S"":""Buy"",""v"":""60100"",""p"":""0.0054440""}"
2026-10-09T02:28:46.490130Z,1791512926007,USUSDT,Sell,380,0.017030,"{""T"":1791512926007,""s"":""USUSDT"",""S"":""Sell"",""v"":""380"",""p"":""0.017030""}"
2026-10-09T02:28:47.329113Z,1791512927183,VVVUSDT,Sell,32.30,23.1240,"{""T"":1791512927183,""s"":""VVVUSDT"",""S"":""Sell"",""v"":""32.30"",""p"":""23.1240""}"
2026-10-09T02:28:47.489800Z,1791512926950,USUSDT,Sell,1980,0.017060,"{""T"":1791512926950,""s"":""USUSDT"",""S"":""Sell"",""v"":""1980"",""p"":""0.017060""}"
2026-10-09T02:28:47.489800Z,1791512927184,USUSDT,Sell,55350,0.017060,"{""T"":1791512927184,""s"":""USUSDT"",""S"":""Sell"",""v"":""55350"",""p"":""0.017060""}"
2026-10-09T02:29:55.499839Z,1791512995310,RLCUSDT,Sell,172.5,0.8947,"{""T"":1791512995310,""s"":""RLCUSDT"",""S"":""Sell"",""v"":""172.5"",""p"":""0.8947""}"
2026-10-09T02:30:59.019066Z,1791513058855,NEARUSDT,Buy,189.9,4.6000,"{""T"":1791513058855,""s"":""NEARUSDT"",""S"":""Buy"",""v"":""189.9"",""p"":""4.6000""}"
2026-10-09T02:31:16.003165Z,1791513075819,RLCUSDT,Sell,500.0,0.9022,"{""T"":1791513075819,""s"":""RLCUSDT"",""S"":""Sell"",""v"":""500.0"",""p"":""0.9022""}"
2026-10-09T02:31:39.642081Z,1791513099069,STRKUSDT,Sell,155293.7,0.06179,"{""T"":1791513099069,""s"":""STRKUSDT"",""S"":""Sell"",""v"":""155293.7"",""p"":""0.06179""}"
2026-10-09T02:34:37.142031Z,1791513276794,STRKUSDT,Sell,5165.4,0.06171,"{""T"":1791513276794,""s"":""STRKUSDT"",""S"":""Sell"",""v"":""5165.4"",""p"":""0.06171""}"
2026-10-09T02:35:24.139009Z,1791513323922,STRKUSDT,Buy,8304.3,0.05953,"{""T"":1791513323922,""s"":""STRKUSDT"",""S"":""Buy"",""v"":""8304.3"",""p"":""0.05953""}"
2026-10-09T02:35:28.490266Z,1791513328163,BTWUSDT,Sell,180,1.50001,"{""T"":1791513328163,""s"":""BTWUSDT"",""S"":""Sell"",""v"":""180"",""p"":""1.50001""}"
2026-10-09T02:35:50.491079Z,1791513350289,ZROUSDT,Sell,70.2,2.0582,"{""T"":1791513350289,""s"":""ZROUSDT"",""S"":""Sell"",""v"":""70.2"",""p"":""2.0582""}"
2026-10-09T02:35:54.411224Z,1791513354145,BZUSDT,Buy,0.44,101.38,"{""T"":1791513354145,""s"":""BZUSDT"",""S"":""Buy"",""v"":""0.44"",""p"":""101.38""}"
2026-10-09T02:38:44.490304Z,1791513524172,XAUUSDT,Sell,1.151,4199.59,"{""T"":1791513524172,""s"":""XAUUSDT"",""S"":""Sell"",""v"":""1.151"",""p"":""4199.59""}"
2026-10-09T02:38:49.989937Z,1791513529757,SOXLUSDT,Buy,1.33,144.04,"{""T"":1791513529757,""s"":""SOXLUSDT"",""S"":""Buy"",""v"":""1.33"",""p"":""144.04""}"
2026-10-09T02:38:56.989973Z,1791513536889,BTWUSDT,Sell,40,1.50625,"{""T"":1791513536889,""s"":""BTWUSDT"",""S"":""Sell"",""v"":""40"",""p"":""1.50625""}"
2026-10-09T02:39:48.490263Z,1791513588164,SOXLUSDT,Buy,3.96,143.87,"{""T"":1791513588164,""s"":""SOXLUSDT"",""S"":""Buy"",""v"":""3.96"",""p"":""143.87""}"
2026-10-09T02:40:40.420108Z,1791513639881,ZECUSDT,Sell,7.14,1216.03,"{""T"":1791513639881,""s"":""ZECUSDT"",""S"":""Sell"",""v"":""7.14"",""p"":""1216.03""}"
2026-10-09T02:40:49.138334Z,1791513648961,STRKUSDT,Buy,30237.9,0.05929,"{""T"":1791513648961,""s"":""STRKUSDT"",""S"":""Buy"",""v"":""30237.9"",""p"":""0.05929""}"
2026-10-09T02:42:25.065608Z,1791513744642,SOLUSDT,Sell,0.6,110.520,"{""T"":1791513744642,""s"":""SOLUSDT"",""S"":""Sell"",""v"":""0.6"",""p"":""110.520""}"
2026-10-09T02:43:06.502880Z,1791513786236,RLCUSDT,Sell,59.8,0.9189,"{""T"":1791513786236,""s"":""RLCUSDT"",""S"":""Sell"",""v"":""59.8"",""p"":""0.9189""}"
2026-10-09T02:43:09.500491Z,1791513789269,RLCUSDT,Sell,82.8,0.9198,"{""T"":1791513789269,""s"":""RLCUSDT"",""S"":""Sell"",""v"":""82.8"",""p"":""0.9198""}"
2026-10-09T02:43:40.489765Z,1791513820034,BTWUSDT,Sell,20,1.50863,"{""T"":1791513820034,""s"":""BTWUSDT"",""S"":""Sell"",""v"":""20"",""p"":""1.50863""}"
2026-10-09T02:43:56.066283Z,1791513835515,SOLUSDT,Sell,2.5,110.550,"{""T"":1791513835515,""s"":""SOLUSDT"",""S"":""Sell"",""v"":""2.5"",""p"":""110.550""}"
2026-10-09T02:43:57.829147Z,1791513837555,FARTCOINUSDT,Sell,408,0.16373,"{""T"":1791513837555,""s"":""FARTCOINUSDT"",""S"":""Sell"",""v"":""408"",""p"":""0.16373""}"
2026-10-09T02:44:01.499597Z,1791513841186,RLCUSDT,Sell,116.0,0.9271,"{""T"":1791513841186,""s"":""RLCUSDT"",""S"":""Sell"",""v"":""116.0"",""p"":""0.9271""}"
2026-10-09T02:44:09.328355Z,1791513848823,FARTCOINUSDT,Sell,12912,0.16381,"{""T"":1791513848823,""s"":""FARTCOINUSDT"",""S"":""Sell"",""v"":""12912"",""p"":""0.16381""}"
2026-10-09T02:44:16.828703Z,1791513856336,FARTCOINUSDT,Sell,45,0.16392,"{""T"":1791513856336,""s"":""FARTCOINUSDT"",""S"":""Sell"",""v"":""45"",""p"":""0.16392""}"
2026-10-09T02:45:08.638615Z,1791513908121,STRKUSDT,Sell,887.2,0.06205,"{""T"":1791513908121,""s"":""STRKUSDT"",""S"":""Sell"",""v"":""887.2"",""p"":""0.06205""}"
2026-10-09T02:45:34.917336Z,1791513934702,ZECUSDT,Sell,9.07,1216.69,"{""T"":1791513934702,""s"":""ZECUSDT"",""S"":""Sell"",""v"":""9.07"",""p"":""1216.69""}"
2026-10-09T02:45:56.990170Z,1791513956878,BTWUSDT,Sell,50,1.50964,"{""T"":1791513956878,""s"":""BTWUSDT"",""S"":""Sell"",""v"":""50"",""p"":""1.50964""}"
2026-10-09T02:46:11.316998Z,1791513971108,PUMPFUNUSDT,Sell,1500,0.0056070,"{""T"":1791513971108,""s"":""PUMPFUNUSDT"",""S"":""Sell"",""v"":""1500"",""p"":""0.0056070""}"
2026-10-09T02:46:28.999903Z,1791513988842,RLCUSDT,Sell,115.0,0.9405,"{""T"":1791513988842,""s"":""RLCUSDT"",""S"":""Sell"",""v"":""115.0"",""p"":""0.9405""}"
2026-10-09T02:46:40.999915Z,1791514000518,RLCUSDT,Sell,1300.0,0.9459,"{""T"":1791514000518,""s"":""RLCUSDT"",""S"":""Sell"",""v"":""1300.0"",""p"":""0.9459""}"
2026-10-09T02:46:41.500181Z,1791514001016,RLCUSDT,Sell,17.3,0.9491,"{""T"":1791514001016,""s"":""RLCUSDT"",""S"":""Sell"",""v"":""17.3"",""p"":""0.9491""}"
2026-10-09T02:46:46.638254Z,1791514006085,STRKUSDT,Sell,5146.7,0.06216,"{""T"":1791514006085,""s"":""STRKUSDT"",""S"":""Sell"",""v"":""5146.7"",""p"":""0.06216""}"
2026-10-09T02:46:56.490059Z,1791514016380,WUSDT,Sell,8468.8,0.016278,"{""T"":1791514016380,""s"":""WUSDT"",""S"":""Sell"",""v"":""8468.8"",""p"":""0.016278""}"
2026-10-09T02:46:56.495219Z,1791514016379,MINAUSDT,Sell,83.3,0.08157,"{""T"":1791514016379,""s"":""MINAUSDT"",""S"":""Sell"",""v"":""83.3"",""p"":""0.08157""}"
2026-10-09T02:46:56.499711Z,1791514016380,RLCUSDT,Sell,85.0,0.9463,"{""T"":1791514016380,""s"":""RLCUSDT"",""S"":""Sell"",""v"":""85.0"",""p"":""0.9463""}"
2026-10-09T02:46:56.519815Z,1791514016380,NMRUSDT,Sell,3.0,14.131,"{""T"":1791514016380,""s"":""NMRUSDT"",""S"":""Sell"",""v"":""3.0"",""p"":""14.131""}"
2026-10-09T02:46:56.638471Z,1791514016380,STRKUSDT,Sell,940.0,0.06263,"{""T"":1791514016380,""s"":""STRKUSDT"",""S"":""Sell"",""v"":""940.0"",""p"":""0.06263""}"
2026-10-09T02:46:56.638471Z,1791514016529,STRKUSDT,Sell,543.0,0.06260,"{""T"":1791514016529,""s"":""STRKUSDT"",""S"":""Sell"",""v"":""543.0"",""p"":""0.06260""}"
2026-10-09T02:46:56.638974Z,1791514016380,OGNUSDT,Sell,766,0.042988,"{""T"":1791514016380,""s"":""OGNUSDT"",""S"":""Sell"",""v"":""766"",""p"":""0.042988""}"
2026-10-09T02:46:56.816284Z,1791514016380,METUSDT,Sell,90.8,0.44250,"{""T"":1791514016380,""s"":""METUSDT"",""S"":""Sell"",""v"":""90.8"",""p"":""0.44250""}"
2026-10-09T02:46:56.828208Z,1791514016380,RAYDIUMUSDT,Sell,9.5,2.4893,"{""T"":1791514016380,""s"":""RAYDIUMUSDT"",""S"":""Sell"",""v"":""9.5"",""p"":""2.4893""}"
2026-10-09T02:46:56.828558Z,1791514016380,VVVUSDT,Sell,1.05,23.2720,"{""T"":1791514016380,""s"":""VVVUSDT"",""S"":""Sell"",""v"":""1.05"",""p"":""23.2720""}"
2026-10-09T02:46:56.831659Z,1791514016380,LONGXIAUSDT,Sell,11,0.0551,"{""T"":1791514016380,""s"":""LONGXIAUSDT"",""S"":""Sell"",""v"":""11"",""p"":""0.0551""}"
2026-10-09T02:46:56.851920Z,1791514016379,SANDUSDT,Sell,1045,0.07086,"{""T"":1791514016379,""s"":""SANDUSDT"",""S"":""Sell"",""v"":""1045"",""p"":""0.07086""}"
2026-10-09T02:46:56.862959Z,1791514016380,WLDUSDT,Sell,22.2,0.4895,"{""T"":1791514016380,""s"":""WLDUSDT"",""S"":""Sell"",""v"":""22.2"",""p"":""0.4895""}"
2026-10-09T02:46:56.911411Z,1791514016380,TIAUSDT,Sell,78.4,0.5156,"{""T"":1791514016380,""s"":""TIAUSDT"",""S"":""Sell"",""v"":""78.4"",""p"":""0.5156""}"
2026-10-09T02:46:56.911877Z,1791514016379,JUPUSDT,Sell,374,0.34620,"{""T"":1791514016379,""s"":""JUPUSDT"",""S"":""Sell"",""v"":""374"",""p"":""0.34620""}"
2026-10-09T02:46:56.959184Z,1791514016380,QNTUSDT,Sell,0.37,241.23,"{""T"":1791514016380,""s"":""QNTUSDT"",""S"":""Sell"",""v"":""0.37"",""p"":""241.23""}"
2026-10-09T02:47:13.417043Z,1791514032968,ZECUSDT,Sell,17.24,1218.24,"{""T"":1791514032968,""s"":""ZECUSDT"",""S"":""Sell"",""v"":""17.24"",""p"":""1218.24""}"
2026-10-09T02:47:13.917068Z,1791514033726,ZECUSDT,Sell,8.46,1219.93,"{""T"":1791514033726,""s"":""ZECUSDT"",""S"":""Sell"",""v"":""8.46"",""p"":""1219.93""}"
2026-10-09T02:47:27.922464Z,1791514047624,ZECUSDT,Sell,1.12,1221.26,"{""T"":1791514047624,""s"":""ZECUSDT"",""S"":""Sell"",""v"":""1.12"",""p"":""1221.26""}"
2026-10-09T02:47:31.917857Z,1791514051502,ZECUSDT,Sell,0.87,1223.06,"{""T"":1791514051502,""s"":""ZECUSDT"",""S"":""Sell"",""v"":""0.87"",""p"":""1223.06""}"
2026-10-09T02:47:31.917857Z,1791514051630,ZECUSDT,Sell,8.57,1222.76,"{""T"":1791514051630,""s"":""ZECUSDT"",""S"":""Sell"",""v"":""8.57"",""p"":""1222.76""}"
2026-10-09T02:47:31.959051Z,1791514051785,ETHUSDT,Sell,0.43,2494.43,"{""T"":1791514051785,""s"":""ETHUSDT"",""S"":""Sell"",""v"":""0.43"",""p"":""2494.43""}"
2026-10-09T02:47:34.959135Z,1791514054391,ETHUSDT,Sell,0.42,2494.62,"{""T"":1791514054391,""s"":""ETHUSDT"",""S"":""Sell"",""v"":""0.42"",""p"":""2494.62""}"
2026-10-09T02:47:34.959135Z,1791514054867,ETHUSDT,Sell,0.02,2495.55,"{""T"":1791514054867,""s"":""ETHUSDT"",""S"":""Sell"",""v"":""0.02"",""p"":""2495.55""}"
2026-10-09T02:47:35.459219Z,1791514055060,ETHUSDT,Sell,0.12,2496.80,"{""T"":1791514055060,""s"":""ETHUSDT"",""S"":""Sell"",""v"":""0.12"",""p"":""2496.80""}"
2026-10-09T02:47:35.459219Z,1791514055116,ETHUSDT,Sell,2.05,2495.48,"{""T"":1791514055116,""s"":""ETHUSDT"",""S"":""Sell"",""v"":""2.05"",""p"":""2495.48""}"
2026-10-09T02:48:05.138858Z,1791514084595,STRKUSDT,Sell,58434.5,0.06296,"{""T"":1791514084595,""s"":""STRKUSDT"",""S"":""Sell"",""v"":""58434.5"",""p"":""0.06296""}"
2026-10-09T02:48:13.638317Z,1791514093250,STRKUSDT,Sell,172.2,0.06314,"{""T"":1791514093250,""s"":""STRKUSDT"",""S"":""Sell"",""v"":""172.2"",""p"":""0.06314""}"
2026-10-09T02:49:06.316288Z,1791514145738,XPLUSDT,Sell,21522,0.08522,"{""T"":1791514145738,""s"":""XPLUSDT"",""S"":""Sell"",""v"":""21522"",""p"":""0.08522""}"
2026-10-09T02:49:08.989867Z,1791514148511,USUSDT,Sell,17550,0.017250,"{""T"":1791514148511,""s"":""USUSDT"",""S"":""Sell"",""v"":""17550"",""p"":""0.017250""}"
2026-10-09T02:49:09.989764Z,1791514149456,USUSDT,Sell,25870,0.017340,"{""T"":1791514149456,""s"":""USUSDT"",""S"":""Sell"",""v"":""25870"",""p"":""0.017340""}"
2026-10-09T02:49:09.989764Z,1791514149527,USUSDT,Sell,34080,0.017280,"{""T"":1791514149527,""s"":""USUSDT"",""S"":""Sell"",""v"":""34080"",""p"":""0.017280""}"
2026-10-09T02:49:09.989764Z,1791514149890,USUSDT,Sell,150220,0.017320,"{""T"":1791514149890,""s"":""USUSDT"",""S"":""Sell"",""v"":""150220"",""p"":""0.017320""}"
2026-10-09T02:49:10.489725Z,1791514150281,USUSDT,Sell,90730,0.017280,"{""T"":1791514150281,""s"":""USUSDT"",""S"":""Sell"",""v"":""90730"",""p"":""0.017280""}"
2026-10-09T02:49:11.489982Z,1791514151126,USUSDT,Sell,50000,0.017360,"{""T"":1791514151126,""s"":""USUSDT"",""S"":""Sell"",""v"":""50000"",""p"":""0.017360""}"
2026-10-09T02:49:27.499915Z,1791514167146,PENGUUSDT,Sell,12350,0.008115,"{""T"":1791514167146,""s"":""PENGUUSDT"",""S"":""Sell"",""v"":""12350"",""p"":""0.008115""}"
2026-10-09T02:50:26.990539Z,1791514226703,BTWUSDT,Sell,60,1.51627,"{""T"":1791514226703,""s"":""BTWUSDT"",""S"":""Sell"",""v"":""60"",""p"":""1.51627""}"
2026-10-09T02:50:27.490291Z,1791514227184,BTWUSDT,Sell,140,1.51492,"{""T"":1791514227184,""s"":""BTWUSDT"",""S"":""Sell"",""v"":""140"",""p"":""1.51492""}"
2026-10-09T02:50:42.816265Z,1791514242318,HYPEUSDT,Sell,8.80,85.460,"{""T"":1791514242318,""s"":""HYPEUSDT"",""S"":""Sell"",""v"":""8.80"",""p"":""85.460""}"
2026-10-09T02:50:45.351332Z,1791514245073,SANDUSDT,Sell,4113,0.07124,"{""T"":1791514245073,""s"":""SANDUSDT"",""S"":""Sell"",""v"":""4113"",""p"":""0.07124""}"
2026-10-09T02:50:54.069400Z,1791514253932,BTCUSDT,Sell,0.252,82392.50,"{""T"":1791514253932,""s"":""BTCUSDT"",""S"":""Sell"",""v"":""0.252"",""p"":""82392.50""}"
2026-10-09T02:50:54.570104Z,1791514254307,BTCUSDT,Sell,0.016,82393.00,"{""T"":1791514254307,""s"":""BTCUSDT"",""S"":""Sell"",""v"":""0.016"",""p"":""82393.00""}"
2026-10-09T02:51:01.490685Z,1791514260924,USUSDT,Sell,18960,0.017400,"{""T"":1791514260924,""s"":""USUSDT"",""S"":""Sell"",""v"":""18960"",""p"":""0.017400""}"
2026-10-09T02:51:04.417453Z,1791514264199,1000PEPEUSDT,Sell,1010400,0.0039320,"{""T"":1791514264199,""s"":""1000PEPEUSDT"",""S"":""Sell"",""v"":""1010400"",""p"":""0.0039320""}"
2026-10-09T02:51:07.959112Z,1791514267628,ETHUSDT,Sell,0.80,2497.03,"{""T"":1791514267628,""s"":""ETHUSDT"",""S"":""Sell"",""v"":""0.80"",""p"":""2497.03""}"
2026-10-09T02:51:12.960032Z,1791514272576,ETHUSDT,Sell,17.00,2497.23,"{""T"":1791514272576,""s"":""ETHUSDT"",""S"":""Sell"",""v"":""17.00"",""p"":""2497.23""}"
2026-10-09T02:51:14.315946Z,1791514274176,HYPEUSDT,Sell,59.13,85.540,"{""T"":1791514274176,""s"":""HYPEUSDT"",""S"":""Sell"",""v"":""59.13"",""p"":""85.540""}"
2026-10-09T02:51:14.816675Z,1791514274483,HYPEUSDT,Sell,0.99,85.530,"{""T"":1791514274483,""s"":""HYPEUSDT"",""S"":""Sell"",""v"":""0.99"",""p"":""85.530""}"
2026-10-09T02:51:21.995552Z,1791514281892,OPUSDT,Sell,11158.1,0.12297,"{""T"":1791514281892,""s"":""OPUSDT"",""S"":""Sell"",""v"":""11158.1"",""p"":""0.12297""}"
2026-10-09T02:51:22.315969Z,1791514281892,PUMPFUNUSDT,Sell,131800,0.0056780,"{""T"":1791514281892,""s"":""PUMPFUNUSDT"",""S"":""Sell"",""v"":""131800"",""p"":""0.0056780""}"
2026-10-09T02:51:22.417393Z,1791514282032,ZECUSDT,Sell,1.83,1225.00,"{""T"":1791514282032,""s"":""ZECUSDT"",""S"":""Sell"",""v"":""1.83"",""p"":""1225.00""}"
2026-10-09T02:51:38.911553Z,1791514298755,JUPUSDT,Sell,557,0.35360,"{""T"":1791514298755,""s"":""JUPUSDT"",""S"":""Sell"",""v"":""557"",""p"":""0.35360""}"
2026-10-09T02:51:40.816912Z,1791514300719,HYPEUSDT,Sell,0.21,85.560,"{""T"":1791514300719,""s"":""HYPEUSDT"",""S"":""Sell"",""v"":""0.21"",""p"":""85.560""}"
2026-10-09T02:51:42.000148Z,1791514301614,RLCUSDT,Sell,2299.8,0.9555,"{""T"":1791514301614,""s"":""RLCUSDT"",""S"":""Sell"",""v"":""2299.8"",""p"":""0.9555""}"
2026-10-09T02:51:42.499729Z,1791514301964,RLCUSDT,Sell,34.5,0.9557,"{""T"":1791514301964,""s"":""RLCUSDT"",""S"":""Sell"",""v"":""34.5"",""p"":""0.9557""}"
2026-10-09T02:52:04.962214Z,1791514324773,ETHUSDT,Sell,23.54,2498.31,"{""T"":1791514324773,""s"":""ETHUSDT"",""S"":""Sell"",""v"":""23.54"",""p"":""2498.31""}"
2026-10-09T02:52:05.068847Z,1791514324773,BTCUSDT,Sell,1.147,82389.20,"{""T"":1791514324773,""s"":""BTCUSDT"",""S"":""Sell"",""v"":""1.147"",""p"":""82389.20""}"
2026-10-09T02:52:05.459464Z,1791514324914,ETHUSDT,Sell,1.82,2498.30,"{""T"":1791514324914,""s"":""ETHUSDT"",""S"":""Sell"",""v"":""1.82"",""p"":""2498.30""}"
2026-10-09T02:52:05.459464Z,1791514325055,ETHUSDT,Sell,1.62,2497.82,"{""T"":1791514325055,""s"":""ETHUSDT"",""S"":""Sell"",""v"":""1.62"",""p"":""2497.82""}"
2026-10-09T02:52:05.816147Z,1791514325689,HYPEUSDT,Sell,1.74,85.620,"{""T"":1791514325689,""s"":""HYPEUSDT"",""S"":""Sell"",""v"":""1.74"",""p"":""85.620""}"
2026-10-09T02:52:05.917348Z,1791514325689,ZECUSDT,Sell,0.01,1224.41,"{""T"":1791514325689,""s"":""ZECUSDT"",""S"":""Sell"",""v"":""0.01"",""p"":""1224.41""}"
2026-10-09T02:52:05.959237Z,1791514325475,ETHUSDT,Sell,0.08,2498.26,"{""T"":1791514325475,""s"":""ETHUSDT"",""S"":""Sell"",""v"":""0.08"",""p"":""2498.26""}"
2026-10-09T02:52:05.959237Z,1791514325476,ETHUSDT,Sell,0.31,2498.34,"{""T"":1791514325476,""s"":""ETHUSDT"",""S"":""Sell"",""v"":""0.31"",""p"":""2498.34""}"
2026-10-09T02:52:05.989928Z,1791514325689,ORCAUSDT,Sell,10.0,2.5180,"{""T"":1791514325689,""s"":""ORCAUSDT"",""S"":""Sell"",""v"":""10.0"",""p"":""2.5180""}"
2026-10-09T02:52:06.019218Z,1791514325689,NEARUSDT,Sell,1.1,4.7110,"{""T"":1791514325689,""s"":""NEARUSDT"",""S"":""Sell"",""v"":""1.1"",""p"":""4.7110""}"
2026-10-09T02:52:06.416982Z,1791514326070,DOGEUSDT,Sell,70052,0.08551,"{""T"":1791514326070,""s"":""DOGEUSDT"",""S"":""Sell"",""v"":""70052"",""p"":""0.08551""}"
2026-10-09T02:52:06.417309Z,1791514326070,1000PEPEUSDT,Sell,1098100,0.0039330,"{""T"":1791514326070,""s"":""1000PEPEUSDT"",""S"":""Sell"",""v"":""1098100"",""p"":""0.0039330""}"
2026-10-09T02:52:06.459386Z,1791514326070,ETHUSDT,Sell,3.58,2499.06,"{""T"":1791514326070,""s"":""ETHUSDT"",""S"":""Sell"",""v"":""3.58"",""p"":""2499.06""}"
2026-10-09T02:52:06.566221Z,1791514326060,SOLUSDT,Sell,17.0,111.030,"{""T"":1791514326060,""s"":""SOLUSDT"",""S"":""Sell"",""v"":""17.0"",""p"":""111.030""}"
2026-10-09T02:52:06.566221Z,1791514326070,SOLUSDT,Sell,175.8,111.010,"{""T"":1791514326070,""s"":""SOLUSDT"",""S"":""Sell"",""v"":""175.8"",""p"":""111.010""}"
2026-10-09T02:52:07.068620Z,1791514326767,BTCUSDT,Sell,0.003,82410.10,"{""T"":1791514326767,""s"":""BTCUSDT"",""S"":""Sell"",""v"":""0.003"",""p"":""82410.10""}"
2026-10-09T02:52:07.068620Z,1791514326877,BTCUSDT,Sell,0.005,82407.90,"{""T"":1791514326877,""s"":""BTCUSDT"",""S"":""Sell"",""v"":""0.005"",""p"":""82407.90""}"
2026-10-09T02:52:17.962874Z,1791514337657,ETHUSDT,Sell,83.24,2499.05,"{""T"":1791514337657,""s"":""ETHUSDT"",""S"":""Sell"",""v"":""83.24"",""p"":""2499.05""}"
2026-10-09T02:52:20.068685Z,1791514339600,BTCUSDT,Sell,0.158,82421.60,"{""T"":1791514339600,""s"":""BTCUSDT"",""S"":""Sell"",""v"":""0.158"",""p"":""82421.60""}"
2026-10-09T02:52:20.917472Z,1791514340747,ZECUSDT,Sell,0.01,1226.42,"{""T"":1791514340747,""s"":""ZECUSDT"",""S"":""Sell"",""v"":""0.01"",""p"":""1226.42""}"
2026-10-09T02:52:21.069411Z,1791514340588,BTCUSDT,Sell,0.001,82424.20,"{""T"":1791514340588,""s"":""BTCUSDT"",""S"":""Sell"",""v"":""0.001"",""p"":""82424.20""}"
2026-10-09T02:52:22.068783Z,1791514341866,BTCUSDT,Sell,0.047,82433.50,"{""T"":1791514341866,""s"":""BTCUSDT"",""S"":""Sell"",""v"":""0.047"",""p"":""82433.50""}"
2026-10-09T02:52:30.490717Z,1791514349921,USUSDT,Sell,100,0.017650,"{""T"":1791514349921,""s"":""USUSDT"",""S"":""Sell"",""v"":""100"",""p"":""0.017650""}"
2026-10-09T02:52:45.569008Z,1791514365185,SOLUSDT,Sell,9.2,111.090,"{""T"":1791514365185,""s"":""SOLUSDT"",""S"":""Sell"",""v"":""9.2"",""p"":""111.090""}"
2026-10-09T02:52:45.959312Z,1791514365760,ETHUSDT,Sell,3.04,2500.38,"{""T"":1791514365760,""s"":""ETHUSDT"",""S"":""Sell"",""v"":""3.04"",""p"":""2500.38""}"
2026-10-09T02:52:46.917702Z,1791514366463,DOGEUSDT,Sell,2344,0.08557,"{""T"":1791514366463,""s"":""DOGEUSDT"",""S"":""Sell"",""v"":""2344"",""p"":""0.08557""}"
2026-10-09T02:52:48.459051Z,1791514368236,ETHUSDT,Sell,2.00,2501.62,"{""T"":1791514368236,""s"":""ETHUSDT"",""S"":""Sell"",""v"":""2.00"",""p"":""2501.62""}"
2026-10-09T02:52:49.519344Z,1791514369214,TAOUSDT,Sell,0.019,276.70,"{""T"":1791514369214,""s"":""TAOUSDT"",""S"":""Sell"",""v"":""0.019"",""p"":""276.70""}"
2026-10-09T02:52:58.417357Z,1791514378132,DOGEUSDT,Sell,2353,0.08561,"{""T"":1791514378132,""s"":""DOGEUSDT"",""S"":""Sell"",""v"":""2353"",""p"":""0.08561""}"
2026-10-09T02:52:58.995524Z,1791514378534,OPUSDT,Sell,50.0,0.12310,"{""T"":1791514378534,""s"":""OPUSDT"",""S"":""Sell"",""v"":""50.0"",""p"":""0.12310""}"
2026-10-09T02:53:01.351507Z,1791514381189,WIFUSDT,Sell,103,0.21350,"{""T"":1791514381189,""s"":""WIFUSDT"",""S"":""Sell"",""v"":""103"",""p"":""0.21350""}"
2026-10-09T02:53:01.351994Z,1791514381051,XLMUSDT,Sell,952,0.19530,"{""T"":1791514381051,""s"":""XLMUSDT"",""S"":""Sell"",""v"":""952"",""p"":""0.19530""}"
2026-10-09T02:53:01.411126Z,1791514381189,JUPUSDT,Sell,66,0.35180,"{""T"":1791514381189,""s"":""JUPUSDT"",""S"":""Sell"",""v"":""66"",""p"":""0.35180""}"
2026-10-09T02:53:01.459134Z,1791514381139,ETHUSDT,Sell,0.50,2502.63,"{""T"":1791514381139,""s"":""ETHUSDT"",""S"":""Sell"",""v"":""0.50"",""p"":""2502.63""}"
2026-10-09T02:53:01.519146Z,1791514381189,PYTHUSDT,Sell,298,0.08321,"{""T"":1791514381189,""s"":""PYTHUSDT"",""S"":""Sell"",""v"":""298"",""p"":""0.08321""}"
2026-10-09T02:53:01.565559Z,1791514381189,SOLUSDT,Sell,0.2,111.190,"{""T"":1791514381189,""s"":""SOLUSDT"",""S"":""Sell"",""v"":""0.2"",""p"":""111.190""}"
2026-10-09T02:53:01.638870Z,1791514381189,JTOUSDT,Sell,44.6,0.5329,"{""T"":1791514381189,""s"":""JTOUSDT"",""S"":""Sell"",""v"":""44.6"",""p"":""0.5329""}"
2026-10-09T02:53:03.568533Z,1791514383274,BTCUSDT,Sell,0.057,82455.20,"{""T"":1791514383274,""s"":""BTCUSDT"",""S"":""Sell"",""v"":""0.057"",""p"":""82455.20""}"
2026-10-09T02:53:03.816108Z,1791514383421,ASTERUSDT,Sell,64,0.7065,"{""T"":1791514383421,""s"":""ASTERUSDT"",""S"":""Sell"",""v"":""64"",""p"":""0.7065""}"
2026-10-09T02:53:04.065738Z,1791514383937,SOLUSDT,Sell,3.7,111.190,"{""T"":1791514383937,""s"":""SOLUSDT"",""S"":""Sell"",""v"":""3.7"",""p"":""111.190""}"
2026-10-09T02:53:04.065738Z,1791514383969,SOLUSDT,Sell,0.2,111.210,"{""T"":1791514383969,""s"":""SOLUSDT"",""S"":""Sell"",""v"":""0.2"",""p"":""111.210""}"
2026-10-09T02:53:04.138303Z,1791514383969,JTOUSDT,Sell,44.6,0.5335,"{""T"":1791514383969,""s"":""JTOUSDT"",""S"":""Sell"",""v"":""44.6"",""p"":""0.5335""}"
2026-10-09T02:53:04.138303Z,1791514384033,JTOUSDT,Sell,44.6,0.5335,"{""T"":1791514384033,""s"":""JTOUSDT"",""S"":""Sell"",""v"":""44.6"",""p"":""0.5335""}"
2026-10-09T02:53:04.328962Z,1791514383937,ENAUSDT,Sell,1153,0.21515,"{""T"":1791514383937,""s"":""ENAUSDT"",""S"":""Sell"",""v"":""1153"",""p"":""0.21515""}"
2026-10-09T02:53:04.340988Z,1791514384144,XRPUSDT,Sell,425.8,1.4019,"{""T"":1791514384144,""s"":""XRPUSDT"",""S"":""Sell"",""v"":""425.8"",""p"":""1.4019""}"
2026-10-09T02:53:04.351135Z,1791514383969,WIFUSDT,Sell,103,0.21370,"{""T"":1791514383969,""s"":""WIFUSDT"",""S"":""Sell"",""v"":""103"",""p"":""0.21370""}"
2026-10-09T02:53:04.351135Z,1791514384032,WIFUSDT,Sell,103,0.21370,"{""T"":1791514384032,""s"":""WIFUSDT"",""S"":""Sell"",""v"":""103"",""p"":""0.21370""}"
2026-10-09T02:53:04.411130Z,1791514383969,JUPUSDT,Sell,66,0.35190,"{""T"":1791514383969,""s"":""JUPUSDT"",""S"":""Sell"",""v"":""66"",""p"":""0.35190""}"
2026-10-09T02:53:04.411130Z,1791514384032,JUPUSDT,Sell,66,0.35200,"{""T"":1791514384032,""s"":""JUPUSDT"",""S"":""Sell"",""v"":""66"",""p"":""0.35200""}"
2026-10-09T02:53:04.477319Z,1791514383937,ETHUSDT,Sell,0.02,2504.10,"{""T"":1791514383937,""s"":""ETHUSDT"",""S"":""Sell"",""v"":""0.02"",""p"":""2504.10""}"
2026-10-09T02:53:04.477319Z,1791514383972,ETHUSDT,Sell,0.03,2503.86,"{""T"":1791514383972,""s"":""ETHUSDT"",""S"":""Sell"",""v"":""0.03"",""p"":""2503.86""}"
2026-10-09T02:53:04.477319Z,1791514384144,ETHUSDT,Sell,0.31,2504.21,"{""T"":1791514384144,""s"":""ETHUSDT"",""S"":""Sell"",""v"":""0.31"",""p"":""2504.21""}"
2026-10-09T02:53:04.477319Z,1791514384243,ETHUSDT,Sell,0.70,2503.59,"{""T"":1791514384243,""s"":""ETHUSDT"",""S"":""Sell"",""v"":""0.70"",""p"":""2503.59""}"
2026-10-09T02:53:04.517723Z,1791514384144,DASHUSDT,Sell,3.02,51.68,"{""T"":1791514384144,""s"":""DASHUSDT"",""S"":""Sell"",""v"":""3.02"",""p"":""51.68""}"
2026-10-09T02:53:04.537294Z,1791514383937,NEARUSDT,Sell,75.1,4.7270,"{""T"":1791514383937,""s"":""NEARUSDT"",""S"":""Sell"",""v"":""75.1"",""p"":""4.7270""}"
2026-10-09T02:53:04.537572Z,1791514383969,PYTHUSDT,Sell,296,0.08326,"{""T"":1791514383969,""s"":""PYTHUSDT"",""S"":""Sell"",""v"":""296"",""p"":""0.08326""}"
2026-10-09T02:53:04.537572Z,1791514384032,PYTHUSDT,Sell,296,0.08326,"{""T"":1791514384032,""s"":""PYTHUSDT"",""S"":""Sell"",""v"":""296"",""p"":""0.08326""}"
2026-10-09T02:53:04.572982Z,1791514384032,SOLUSDT,Sell,0.2,111.270,"{""T"":1791514384032,""s"":""SOLUSDT"",""S"":""Sell"",""v"":""0.2"",""p"":""111.270""}"
2026-10-09T02:53:04.572982Z,1791514384150,SOLUSDT,Sell,0.1,111.280,"{""T"":1791514384150,""s"":""SOLUSDT"",""S"":""Sell"",""v"":""0.1"",""p"":""111.280""}"
2026-10-09T02:53:04.572982Z,1791514384170,SOLUSDT,Sell,19.7,111.260,"{""T"":1791514384170,""s"":""SOLUSDT"",""S"":""Sell"",""v"":""19.7"",""p"":""111.260""}"
2026-10-09T02:53:04.574415Z,1791514384144,BTCUSDT,Sell,0.008,82456.00,"{""T"":1791514384144,""s"":""BTCUSDT"",""S"":""Sell"",""v"":""0.008"",""p"":""82456.00""}"
2026-10-09T02:53:04.959228Z,1791514384785,ETHUSDT,Sell,0.05,2505.02,"{""T"":1791514384785,""s"":""ETHUSDT"",""S"":""Sell"",""v"":""0.05"",""p"":""2505.02""}"
2026-10-09T02:53:05.019178Z,1791514384841,PYTHUSDT,Sell,296,0.08327,"{""T"":1791514384841,""s"":""PYTHUSDT"",""S"":""Sell"",""v"":""296"",""p"":""0.08327""}"
2026-10-09T02:53:05.065255Z,1791514384494,SOLUSDT,Sell,9.7,111.260,"{""T"":1791514384494,""s"":""SOLUSDT"",""S"":""Sell"",""v"":""9.7"",""p"":""111.260""}"
2026-10-09T02:53:05.065255Z,1791514384841,SOLUSDT,Sell,0.2,111.260,"{""T"":1791514384841,""s"":""SOLUSDT"",""S"":""Sell"",""v"":""0.2"",""p"":""111.260""}"
2026-10-09T02:53:05.068461Z,1791514384558,BTCUSDT,Sell,0.002,82465.20,"{""T"":1791514384558,""s"":""BTCUSDT"",""S"":""Sell"",""v"":""0.002"",""p"":""82465.20""}"
2026-10-09T02:53:05.138586Z,1791514384841,JTOUSDT,Sell,44.6,0.5335,"{""T"":1791514384841,""s"":""JTOUSDT"",""S"":""Sell"",""v"":""44.6"",""p"":""0.5335""}"
2026-10-09T02:53:05.315884Z,1791514385078,HYPEUSDT,Sell,0.09,85.680,"{""T"":1791514385078,""s"":""HYPEUSDT"",""S"":""Sell"",""v"":""0.09"",""p"":""85.680""}"
2026-10-09T02:53:05.340394Z,1791514385016,XRPUSDT,Sell,2946.4,1.4025,"{""T"":1791514385016,""s"":""XRPUSDT"",""S"":""Sell"",""v"":""2946.4"",""p"":""1.4025""}"
2026-10-09T02:53:05.340394Z,1791514385198,XRPUSDT,Sell,920.3,1.4024,"{""T"":1791514385198,""s"":""XRPUSDT"",""S"":""Sell"",""v"":""920.3"",""p"":""1.4024""}"
2026-10-09T02:53:05.351875Z,1791514384841,WIFUSDT,Sell,103,0.21370,"{""T"":1791514384841,""s"":""WIFUSDT"",""S"":""Sell"",""v"":""103"",""p"":""0.21370""}"
2026-10-09T02:53:05.411066Z,1791514384841,JUPUSDT,Sell,66,0.35200,"{""T"":1791514384841,""s"":""JUPUSDT"",""S"":""Sell"",""v"":""66"",""p"":""0.35200""}"
2026-10-09T02:53:05.569714Z,1791514385070,BTCUSDT,Sell,0.500,82471.30,"{""T"":1791514385070,""s"":""BTCUSDT"",""S"":""Sell"",""v"":""0.500"",""p"":""82471.30""}"
2026-10-09T02:53:05.569714Z,1791514385090,BTCUSDT,Sell,0.010,82493.10,"{""T"":1791514385090,""s"":""BTCUSDT"",""S"":""Sell"",""v"":""0.010"",""p"":""82493.10""}"
2026-10-09T02:53:05.569714Z,1791514385195,BTCUSDT,Sell,0.162,82476.00,"{""T"":1791514385195,""s"":""BTCUSDT"",""S"":""Sell"",""v"":""0.162"",""p"":""82476.00""}"
2026-10-09T02:53:05.569714Z,1791514385225,BTCUSDT,Sell,0.002,82520.70,"{""T"":1791514385225,""s"":""BTCUSDT"",""S"":""Sell"",""v"":""0.002"",""p"":""82520.70""}"
2026-10-09T02:53:05.569714Z,1791514385227,BTCUSDT,Sell,0.004,82515.10,"{""T"":1791514385227,""s"":""BTCUSDT"",""S"":""Sell"",""v"":""0.004"",""p"":""82515.10""}"
2026-10-09T02:53:05.569714Z,1791514385267,BTCUSDT,Sell,0.012,82484.80,"{""T"":1791514385267,""s"":""BTCUSDT"",""S"":""Sell"",""v"":""0.012"",""p"":""82484.80""}"
2026-10-09T02:53:05.569714Z,1791514385410,BTCUSDT,Sell,0.538,82486.20,"{""T"":1791514385410,""s"":""BTCUSDT"",""S"":""Sell"",""v"":""0.538"",""p"":""82486.20""}"
2026-10-09T02:53:05.569714Z,1791514385411,BTCUSDT,Sell,0.012,82474.70,"{""T"":1791514385411,""s"":""BTCUSDT"",""S"":""Sell"",""v"":""0.012"",""p"":""82474.70""}"
2026-10-09T02:53:05.959173Z,1791514385454,ETHUSDT,Sell,1.10,2504.99,"{""T"":1791514385454,""s"":""ETHUSDT"",""S"":""Sell"",""v"":""1.10"",""p"":""2504.99""}"
2026-10-09T02:53:06.069294Z,1791514385771,BTCUSDT,Sell,0.067,82512.90,"{""T"":1791514385771,""s"":""BTCUSDT"",""S"":""Sell"",""v"":""0.067"",""p"":""82512.90""}"
2026-10-09T02:53:06.069294Z,1791514385838,BTCUSDT,Sell,2.713,82531.50,"{""T"":1791514385838,""s"":""BTCUSDT"",""S"":""Sell"",""v"":""2.713"",""p"":""82531.50""}"
2026-10-09T02:53:06.568664Z,1791514386240,BTCUSDT,Sell,0.009,82524.30,"{""T"":1791514386240,""s"":""BTCUSDT"",""S"":""Sell"",""v"":""0.009"",""p"":""82524.30""}"
2026-10-09T02:53:06.568664Z,1791514386386,BTCUSDT,Sell,0.071,82539.10,"{""T"":1791514386386,""s"":""BTCUSDT"",""S"":""Sell"",""v"":""0.071"",""p"":""82539.10""}"
2026-10-09T02:53:06.999720Z,1791514386769,LINKUSDT,Sell,17.6,12.913,"{""T"":1791514386769,""s"":""LINKUSDT"",""S"":""Sell"",""v"":""17.6"",""p"":""12.913""}"
2026-10-09T02:53:07.068770Z,1791514386592,BTCUSDT,Sell,0.006,82534.50,"{""T"":1791514386592,""s"":""BTCUSDT"",""S"":""Sell"",""v"":""0.006"",""p"":""82534.50""}"
2026-10-09T02:53:07.417154Z,1791514387011,ZECUSDT,Sell,0.49,1232.07,"{""T"":1791514387011,""s"":""ZECUSDT"",""S"":""Sell"",""v"":""0.49"",""p"":""1232.07""}"
2026-10-09T02:53:12.829303Z,1791514392280,ENAUSDT,Sell,97359,0.21550,"{""T"":1791514392280,""s"":""ENAUSDT"",""S"":""Sell"",""v"":""97359"",""p"":""0.21550""}"
2026-10-09T02:53:15.862828Z,1791514395283,GRAMUSDT,Sell,171.9,1.4000,"{""T"":1791514395283,""s"":""GRAMUSDT"",""S"":""Sell"",""v"":""171.9"",""p"":""1.4000""}"
2026-10-09T02:53:16.862959Z,1791514396295,GRAMUSDT,Sell,21.2,1.4010,"{""T"":1791514396295,""s"":""GRAMUSDT"",""S"":""Sell"",""v"":""21.2"",""p"":""1.4010""}"
2026-10-09T02:53:24.069107Z,1791514403527,BTCUSDT,Sell,0.062,82560.50,"{""T"":1791514403527,""s"":""BTCUSDT"",""S"":""Sell"",""v"":""0.062"",""p"":""82560.50""}"
2026-10-09T02:53:24.069107Z,1791514403872,BTCUSDT,Sell,0.001,82564.40,"{""T"":1791514403872,""s"":""BTCUSDT"",""S"":""Sell"",""v"":""0.001"",""p"":""82564.40""}"
2026-10-09T02:53:24.460168Z,1791514404011,ETHUSDT,Sell,0.70,2505.52,"{""T"":1791514404011,""s"":""ETHUSDT"",""S"":""Sell"",""v"":""0.70"",""p"":""2505.52""}"
2026-10-09T02:53:24.568956Z,1791514404011,BTCUSDT,Sell,0.067,82565.40,"{""T"":1791514404011,""s"":""BTCUSDT"",""S"":""Sell"",""v"":""0.067"",""p"":""82565.40""}"
2026-10-09T02:53:24.568956Z,1791514404353,BTCUSDT,Sell,0.041,82564.50,"{""T"":1791514404353,""s"":""BTCUSDT"",""S"":""Sell"",""v"":""0.041"",""p"":""82564.50""}"
2026-10-09T02:53:26.340847Z,1791514406097,ONDOUSDT,Sell,11,0.4819,"{""T"":1791514406097,""s"":""ONDOUSDT"",""S"":""Sell"",""v"":""11"",""p"":""0.4819""}"
2026-10-09T02:53:26.499291Z,1791514406070,LINKUSDT,Sell,95.6,12.920,"{""T"":1791514406070,""s"":""LINKUSDT"",""S"":""Sell"",""v"":""95.6"",""p"":""12.920""}"
2026-10-09T02:53:33.569317Z,1791514413276,BTCUSDT,Sell,0.075,82569.10,"{""T"":1791514413276,""s"":""BTCUSDT"",""S"":""Sell"",""v"":""0.075"",""p"":""82569.10""}"
2026-10-09T02:53:34.068634Z,1791514413878,BTCUSDT,Sell,0.004,82570.70,"{""T"":1791514413878,""s"":""BTCUSDT"",""S"":""Sell"",""v"":""0.004"",""p"":""82570.70""}"
2026-10-09T02:53:36.568972Z,1791514416396,BTCUSDT,Sell,0.351,82585.70,"{""T"":1791514416396,""s"":""BTCUSDT"",""S"":""Sell"",""v"":""0.351"",""p"":""82585.70""}"
2026-10-09T02:53:37.069189Z,1791514416978,BTCUSDT,Sell,0.005,82572.60,"{""T"":1791514416978,""s"":""BTCUSDT"",""S"":""Sell"",""v"":""0.005"",""p"":""82572.60""}"
2026-10-09T02:53:37.459417Z,1791514417207,ETHUSDT,Sell,0.01,2506.10,"{""T"":1791514417207,""s"":""ETHUSDT"",""S"":""Sell"",""v"":""0.01"",""p"":""2506.10""}"
2026-10-09T02:53:37.459417Z,1791514417267,ETHUSDT,Sell,0.30,2506.00,"{""T"":1791514417267,""s"":""ETHUSDT"",""S"":""Sell"",""v"":""0.30"",""p"":""2506.00""}"
2026-10-09T02:53:37.569000Z,1791514417070,BTCUSDT,Sell,0.013,82572.00,"{""T"":1791514417070,""s"":""BTCUSDT"",""S"":""Sell"",""v"":""0.013"",""p"":""82572.00""}"
2026-10-09T02:53:37.840944Z,1791514417592,XRPUSDT,Sell,115.8,1.4035,"{""T"":1791514417592,""s"":""XRPUSDT"",""S"":""Sell"",""v"":""115.8"",""p"":""1.4035""}"
2026-10-09T02:53:37.959267Z,1791514417423,ETHUSDT,Sell,7.29,2506.27,"{""T"":1791514417423,""s"":""ETHUSDT"",""S"":""Sell"",""v"":""7.29"",""p"":""2506.27""}"
2026-10-09T02:53:37.959267Z,1791514417432,ETHUSDT,Sell,0.01,2506.09,"{""T"":1791514417432,""s"":""ETHUSDT"",""S"":""Sell"",""v"":""0.01"",""p"":""2506.09""}"
2026-10-09T02:54:06.139661Z,1791514445949,JTOUSDT,Sell,9479.6,0.5345,"{""T"":1791514445949,""s"":""JTOUSDT"",""S"":""Sell"",""v"":""9479.6"",""p"":""0.5345""}"
2026-10-09T02:54:07.959146Z,1791514447739,ETHUSDT,Sell,1.03,2507.05,"{""T"":1791514447739,""s"":""ETHUSDT"",""S"":""Sell"",""v"":""1.03"",""p"":""2507.05""}"
2026-10-09T02:54:08.068656Z,1791514447623,BTCUSDT,Sell,0.014,82595.10,"{""T"":1791514447623,""s"":""BTCUSDT"",""S"":""Sell"",""v"":""0.014"",""p"":""82595.10""}"
2026-10-09T02:54:09.459326Z,1791514449115,ETHUSDT,Sell,0.22,2507.22,"{""T"":1791514449115,""s"":""ETHUSDT"",""S"":""Sell"",""v"":""0.22"",""p"":""2507.22""}"
2026-10-09T02:54:10.068604Z,1791514449573,BTCUSDT,Sell,0.034,82598.20,"{""T"":1791514449573,""s"":""BTCUSDT"",""S"":""Sell"",""v"":""0.034"",""p"":""82598.20""}"
2026-10-09T02:54:10.068604Z,1791514449642,BTCUSDT,Sell,0.003,82597.10,"{""T"":1791514449642,""s"":""BTCUSDT"",""S"":""Sell"",""v"":""0.003"",""p"":""82597.10""}"
2026-10-09T02:54:10.638299Z,1791514450334,AKEUSDT,Sell,1900,0.0276980,"{""T"":1791514450334,""s"":""AKEUSDT"",""S"":""Sell"",""v"":""1900"",""p"":""0.0276980""}"
2026-10-09T02:54:11.499512Z,1791514451400,STXUSDT,Sell,694.4,0.40330,"{""T"":1791514451400,""s"":""STXUSDT"",""S"":""Sell"",""v"":""694.4"",""p"":""0.40330""}"
2026-10-09T02:54:17.917552Z,1791514457762,1000PEPEUSDT,Sell,9800,0.0039540,"{""T"":1791514457762,""s"":""1000PEPEUSDT"",""S"":""Sell"",""v"":""9800"",""p"":""0.0039540""}"
2026-10-09T02:56:09.138603Z,1791514568892,STRKUSDT,Sell,398.2,0.06355,"{""T"":1791514568892,""s"":""STRKUSDT"",""S"":""Sell"",""v"":""398.2"",""p"":""0.06355""}"
2026-10-09T02:56:09.138603Z,1791514568897,STRKUSDT,Sell,4139.4,0.06338,"{""T"":1791514568897,""s"":""STRKUSDT"",""S"":""Sell"",""v"":""4139.4"",""p"":""0.06338""}"
2026-10-09T02:56:09.331729Z,1791514569217,CASHCATUSDT,Sell,460,0.12060,"{""T"":1791514569217,""s"":""CASHCATUSDT"",""S"":""Sell"",""v"":""460"",""p"":""0.12060""}"
2026-10-09T02:56:09.638672Z,1791514569181,STRKUSDT,Sell,8649.0,0.06359,"{""T"":1791514569181,""s"":""STRKUSDT"",""S"":""Sell"",""v"":""8649.0"",""p"":""0.06359""}"
2026-10-09T02:56:09.638672Z,1791514569217,STRKUSDT,Sell,7101.3,0.06354,"{""T"":1791514569217,""s"":""STRKUSDT"",""S"":""Sell"",""v"":""7101.3"",""p"":""0.06354""}"
2026-10-09T02:56:09.638672Z,1791514569334,STRKUSDT,Sell,152339.8,0.06355,"{""T"":1791514569334,""s"":""STRKUSDT"",""S"":""Sell"",""v"":""152339.8"",""p"":""0.06355""}"
2026-10-09T02:56:09.638672Z,1791514569407,STRKUSDT,Sell,987.2,0.06353,"{""T"":1791514569407,""s"":""STRKUSDT"",""S"":""Sell"",""v"":""987.2"",""p"":""0.06353""}"
2026-10-09T02:56:13.638226Z,1791514573182,STRKUSDT,Sell,691.4,0.06360,"{""T"":1791514573182,""s"":""STRKUSDT"",""S"":""Sell"",""v"":""691.4"",""p"":""0.06360""}"
2026-10-09T02:56:14.138290Z,1791514573798,STRKUSDT,Sell,38383.8,0.06356,"{""T"":1791514573798,""s"":""STRKUSDT"",""S"":""Sell"",""v"":""38383.8"",""p"":""0.06356""}"
2026-10-09T02:56:14.138290Z,1791514573937,STRKUSDT,Sell,1081.8,0.06370,"{""T"":1791514573937,""s"":""STRKUSDT"",""S"":""Sell"",""v"":""1081.8"",""p"":""0.06370""}"
2026-10-09T02:56:14.638358Z,1791514574237,STRKUSDT,Sell,1740.4,0.06369,"{""T"":1791514574237,""s"":""STRKUSDT"",""S"":""Sell"",""v"":""1740.4"",""p"":""0.06369""}"
2026-10-09T02:56:14.638358Z,1791514574463,STRKUSDT,Sell,24446.6,0.06384,"{""T"":1791514574463,""s"":""STRKUSDT"",""S"":""Sell"",""v"":""24446.6"",""p"":""0.06384""}"
2026-10-09T02:56:14.638358Z,1791514574476,STRKUSDT,Sell,30000.0,0.06384,"{""T"":1791514574476,""s"":""STRKUSDT"",""S"":""Sell"",""v"":""30000.0"",""p"":""0.06384""}"
2026-10-09T02:56:14.638358Z,1791514574508,STRKUSDT,Sell,2000.0,0.06385,"{""T"":1791514574508,""s"":""STRKUSDT"",""S"":""Sell"",""v"":""2000.0"",""p"":""0.06385""}"
2026-10-09T02:56:16.138704Z,1791514575707,STRKUSDT,Sell,10545.1,0.06405,"{""T"":1791514575707,""s"":""STRKUSDT"",""S"":""Sell"",""v"":""10545.1"",""p"":""0.06405""}"
2026-10-09T02:56:16.138704Z,1791514575859,STRKUSDT,Sell,15168.9,0.06424,"{""T"":1791514575859,""s"":""STRKUSDT"",""S"":""Sell"",""v"":""15168.9"",""p"":""0.06424""}"
2026-10-09T02:56:16.638922Z,1791514576073,STRKUSDT,Sell,1567.4,0.06423,"{""T"":1791514576073,""s"":""STRKUSDT"",""S"":""Sell"",""v"":""1567.4"",""p"":""0.06423""}"
2026-10-09T02:56:16.638922Z,1791514576178,STRKUSDT,Sell,85.7,0.06422,"{""T"":1791514576178,""s"":""STRKUSDT"",""S"":""Sell"",""v"":""85.7"",""p"":""0.06422""}"
2026-10-09T02:56:19.138370Z,1791514578917,STRKUSDT,Sell,6959.6,0.06432,"{""T"":1791514578917,""s"":""STRKUSDT"",""S"":""Sell"",""v"":""6959.6"",""p"":""0.06432""}"
2026-10-09T02:56:20.138252Z,1791514579621,STRKUSDT,Sell,3850.9,0.06436,"{""T"":1791514579621,""s"":""STRKUSDT"",""S"":""Sell"",""v"":""3850.9"",""p"":""0.06436""}"
2026-10-09T02:56:21.638618Z,1791514581478,STRKUSDT,Sell,2922.3,0.06441,"{""T"":1791514581478,""s"":""STRKUSDT"",""S"":""Sell"",""v"":""2922.3"",""p"":""0.06441""}"
2026-10-09T02:56:54.138224Z,1791514614026,STRKUSDT,Sell,86.3,0.06448,"{""T"":1791514614026,""s"":""STRKUSDT"",""S"":""Sell"",""v"":""86.3"",""p"":""0.06448""}"
2026-10-09T02:57:02.499360Z,1791514622255,RLCUSDT,Sell,30.0,0.9628,"{""T"":1791514622255,""s"":""RLCUSDT"",""S"":""Sell"",""v"":""30.0"",""p"":""0.9628""}"
2026-10-09T02:57:02.638158Z,1791514622177,STRKUSDT,Sell,8484.5,0.06455,"{""T"":1791514622177,""s"":""STRKUSDT"",""S"":""Sell"",""v"":""8484.5"",""p"":""0.06455""}"
2026-10-09T02:57:03.138544Z,1791514622595,STRKUSDT,Sell,851.3,0.06458,"{""T"":1791514622595,""s"":""STRKUSDT"",""S"":""Sell"",""v"":""851.3"",""p"":""0.06458""}"
2026-10-09T02:57:03.138544Z,1791514622781,STRKUSDT,Sell,17.0,0.06455,"{""T"":1791514622781,""s"":""STRKUSDT"",""S"":""Sell"",""v"":""17.0"",""p"":""0.06455""}"
2026-10-09T02:57:03.568476Z,1791514623277,BTCUSDT,Sell,0.014,82420.70,"{""T"":1791514623277,""s"":""BTCUSDT"",""S"":""Sell"",""v"":""0.014"",""p"":""82420.70""}"
2026-10-09T02:57:03.639085Z,1791514623277,STRKUSDT,Sell,4517.0,0.06458,"{""T"":1791514623277,""s"":""STRKUSDT"",""S"":""Sell"",""v"":""4517.0"",""p"":""0.06458""}"
2026-10-09T02:57:09.989975Z,1791514629698,XAUUSDT,Sell,1.187,4201.60,"{""T"":1791514629698,""s"":""XAUUSDT"",""S"":""Sell"",""v"":""1.187"",""p"":""4201.60""}"
2026-10-09T02:57:12.999602Z,1791514632805,RLCUSDT,Sell,59.0,0.9670,"{""T"":1791514632805,""s"":""RLCUSDT"",""S"":""Sell"",""v"":""59.0"",""p"":""0.9670""}"
2026-10-09T02:57:16.495768Z,1791514636273,MINAUSDT,Buy,65.3,0.07741,"{""T"":1791514636273,""s"":""MINAUSDT"",""S"":""Buy"",""v"":""65.3"",""p"":""0.07741""}"
2026-10-09T02:57:16.499643Z,1791514636273,RLCUSDT,Sell,14.2,0.9696,"{""T"":1791514636273,""s"":""RLCUSDT"",""S"":""Sell"",""v"":""14.2"",""p"":""0.9696""}"
2026-10-09T02:57:21.638324Z,1791514641095,STRKUSDT,Sell,2095.3,0.06470,"{""T"":1791514641095,""s"":""STRKUSDT"",""S"":""Sell"",""v"":""2095.3"",""p"":""0.06470""}"
2026-10-09T02:57:26.332332Z,1791514646132,LONGXIAUSDT,Buy,192213,0.0466,"{""T"":1791514646132,""s"":""LONGXIAUSDT"",""S"":""Buy"",""v"":""192213"",""p"":""0.0466""}"
2026-10-09T02:57:26.332332Z,1791514646233,LONGXIAUSDT,Buy,4396,0.0464,"{""T"":1791514646233,""s"":""LONGXIAUSDT"",""S"":""Buy"",""v"":""4396"",""p"":""0.0464""}"
2026-10-09T02:57:26.638612Z,1791514646123,STRKUSDT,Sell,208.0,0.06477,"{""T"":1791514646123,""s"":""STRKUSDT"",""S"":""Sell"",""v"":""208.0"",""p"":""0.06477""}"
2026-10-09T02:57:27.331706Z,1791514646905,LONGXIAUSDT,Buy,5858,0.0461,"{""T"":1791514646905,""s"":""LONGXIAUSDT"",""S"":""Buy"",""v"":""5858"",""p"":""0.0461""}"
2026-10-09T02:57:27.832083Z,1791514647546,LONGXIAUSDT,Buy,114,0.0462,"{""T"":1791514647546,""s"":""LONGXIAUSDT"",""S"":""Buy"",""v"":""114"",""p"":""0.0462""}"
2026-10-09T02:57:40.638609Z,1791514660517,STRKUSDT,Sell,3948.3,0.06481,"{""T"":1791514660517,""s"":""STRKUSDT"",""S"":""Sell"",""v"":""3948.3"",""p"":""0.06481""}"
2026-10-09T02:57:42.638972Z,1791514662106,STRKUSDT,Sell,40703.9,0.06485,"{""T"":1791514662106,""s"":""STRKUSDT"",""S"":""Sell"",""v"":""40703.9"",""p"":""0.06485""}"
2026-10-09T02:57:44.638589Z,1791514664396,STRKUSDT,Sell,86.2,0.06493,"{""T"":1791514664396,""s"":""STRKUSDT"",""S"":""Sell"",""v"":""86.2"",""p"":""0.06493""}"
2026-10-09T02:57:45.638094Z,1791514665349,STRKUSDT,Sell,2000.0,0.06495,"{""T"":1791514665349,""s"":""STRKUSDT"",""S"":""Sell"",""v"":""2000.0"",""p"":""0.06495""}"
2026-10-09T02:57:56.142123Z,1791514675743,STRKUSDT,Sell,17678.9,0.06506,"{""T"":1791514675743,""s"":""STRKUSDT"",""S"":""Sell"",""v"":""17678.9"",""p"":""0.06506""}"
2026-10-09T02:57:56.638564Z,1791514676125,STRKUSDT,Sell,5059.0,0.06520,"{""T"":1791514676125,""s"":""STRKUSDT"",""S"":""Sell"",""v"":""5059.0"",""p"":""0.06520""}"
2026-10-09T02:57:56.638564Z,1791514676135,STRKUSDT,Sell,1735.8,0.06512,"{""T"":1791514676135,""s"":""STRKUSDT"",""S"":""Sell"",""v"":""1735.8"",""p"":""0.06512""}"
2026-10-09T02:57:56.638564Z,1791514676269,STRKUSDT,Sell,4729.6,0.06510,"{""T"":1791514676269,""s"":""STRKUSDT"",""S"":""Sell"",""v"":""4729.6"",""p"":""0.06510""}"
2026-10-09T02:57:56.638564Z,1791514676473,STRKUSDT,Sell,1654.3,0.06509,"{""T"":1791514676473,""s"":""STRKUSDT"",""S"":""Sell"",""v"":""1654.3"",""p"":""0.06509""}"
2026-10-09T02:58:14.139095Z,1791514693959,STRKUSDT,Sell,1701.8,0.06533,"{""T"":1791514693959,""s"":""STRKUSDT"",""S"":""Sell"",""v"":""1701.8"",""p"":""0.06533""}"
2026-10-09T02:58:14.638301Z,1791514694326,STRKUSDT,Sell,5357.1,0.06533,"{""T"":1791514694326,""s"":""STRKUSDT"",""S"":""Sell"",""v"":""5357.1"",""p"":""0.06533""}"
2026-10-09T02:58:17.638312Z,1791514697226,STRKUSDT,Sell,168.0,0.06556,"{""T"":1791514697226,""s"":""STRKUSDT"",""S"":""Sell"",""v"":""168.0"",""p"":""0.06556""}"
2026-10-09T02:58:17.638312Z,1791514697265,STRKUSDT,Sell,682.5,0.06552,"{""T"":1791514697265,""s"":""STRKUSDT"",""S"":""Sell"",""v"":""682.5"",""p"":""0.06552""}"
2026-10-09T02:58:17.638312Z,1791514697478,STRKUSDT,Sell,319.6,0.06542,"{""T"":1791514697478,""s"":""STRKUSDT"",""S"":""Sell"",""v"":""319.6"",""p"":""0.06542""}"
2026-10-09T02:58:18.138640Z,1791514697754,STRKUSDT,Sell,131.5,0.06547,"{""T"":1791514697754,""s"":""STRKUSDT"",""S"":""Sell"",""v"":""131.5"",""p"":""0.06547""}"
2026-10-09T02:58:18.638598Z,1791514698303,STRKUSDT,Sell,15228.0,0.06556,"{""T"":1791514698303,""s"":""STRKUSDT"",""S"":""Sell"",""v"":""15228.0"",""p"":""0.06556""}"
2026-10-09T02:58:21.990013Z,1791514701787,XAUUSDT,Sell,0.031,4201.91,"{""T"":1791514701787,""s"":""XAUUSDT"",""S"":""Sell"",""v"":""0.031"",""p"":""4201.91""}"
2026-10-09T02:58:24.638211Z,1791514704385,STRKUSDT,Sell,16741.9,0.06560,"{""T"":1791514704385,""s"":""STRKUSDT"",""S"":""Sell"",""v"":""16741.9"",""p"":""0.06560""}"
2026-10-09T02:58:27.138908Z,1791514706913,OGNUSDT,Buy,68842,0.040932,"{""T"":1791514706913,""s"":""OGNUSDT"",""S"":""Buy"",""v"":""68842"",""p"":""0.040932""}"
2026-10-09T02:58:28.638352Z,1791514708327,STRKUSDT,Sell,2152.0,0.06570,"{""T"":1791514708327,""s"":""STRKUSDT"",""S"":""Sell"",""v"":""2152.0"",""p"":""0.06570""}"
2026-10-09T02:58:28.638352Z,1791514708466,STRKUSDT,Sell,5020.9,0.06568,"{""T"":1791514708466,""s"":""STRKUSDT"",""S"":""Sell"",""v"":""5020.9"",""p"":""0.06568""}"
2026-10-09T02:58:28.816386Z,1791514708466,METUSDT,Sell,590.3,0.45240,"{""T"":1791514708466,""s"":""METUSDT"",""S"":""Sell"",""v"":""590.3"",""p"":""0.45240""}"
2026-10-09T02:59:31.638327Z,1791514771205,STRKUSDT,Sell,2508.9,0.06577,"{""T"":1791514771205,""s"":""STRKUSDT"",""S"":""Sell"",""v"":""2508.9"",""p"":""0.06577""}"
2026-10-09T03:01:08.495250Z,1791514867969,MINAUSDT,Buy,984.4,0.07733,"{""T"":1791514867969,""s"":""MINAUSDT"",""S"":""Buy"",""v"":""984.4"",""p"":""0.07733""}"
2026-10-09T03:01:45.638200Z,1791514905147,STRKUSDT,Buy,13622.2,0.06276,"{""T"":1791514905147,""s"":""STRKUSDT"",""S"":""Buy"",""v"":""13622.2"",""p"":""0.06276""}"
2026-10-09T03:01:51.316493Z,1791514910927,METUSDT,Sell,430.2,0.45710,"{""T"":1791514910927,""s"":""METUSDT"",""S"":""Sell"",""v"":""430.2"",""p"":""0.45710""}"
2026-10-09T03:01:51.499952Z,1791514910927,RLCUSDT,Sell,126.2,0.9671,"{""T"":1791514910927,""s"":""RLCUSDT"",""S"":""Sell"",""v"":""126.2"",""p"":""0.9671""}"
2026-10-09T03:02:14.999734Z,1791514934828,RLCUSDT,Sell,224.7,0.9727,"{""T"":1791514934828,""s"":""RLCUSDT"",""S"":""Sell"",""v"":""224.7"",""p"":""0.9727""}"
2026-10-09T03:02:18.316051Z,1791514938151,METUSDT,Sell,184.2,0.45870,"{""T"":1791514938151,""s"":""METUSDT"",""S"":""Sell"",""v"":""184.2"",""p"":""0.45870""}"
2026-10-09T03:02:18.816043Z,1791514938469,METUSDT,Sell,216.8,0.45880,"{""T"":1791514938469,""s"":""METUSDT"",""S"":""Sell"",""v"":""216.8"",""p"":""0.45880""}"
2026-10-09T03:02:41.831889Z,1791514961573,LONGXIAUSDT,Sell,815,0.0540,"{""T"":1791514961573,""s"":""LONGXIAUSDT"",""S"":""Sell"",""v"":""815"",""p"":""0.0540""}"
2026-10-09T03:03:12.351854Z,1791514991885,SANDUSDT,Sell,1237,0.07141,"{""T"":1791514991885,""s"":""SANDUSDT"",""S"":""Sell"",""v"":""1237"",""p"":""0.07141""}"
2026-10-09T03:03:48.565726Z,1791515028304,SOLUSDT,Buy,358.1,109.290,"{""T"":1791515028304,""s"":""SOLUSDT"",""S"":""Buy"",""v"":""358.1"",""p"":""109.290""}"
2026-10-09T03:05:07.138647Z,1791515106919,OGNUSDT,Sell,65791,0.043750,"{""T"":1791515106919,""s"":""OGNUSDT"",""S"":""Sell"",""v"":""65791"",""p"":""0.043750""}"
2026-10-09T03:05:07.138647Z,1791515107047,OGNUSDT,Sell,9416,0.043791,"{""T"":1791515107047,""s"":""OGNUSDT"",""S"":""Sell"",""v"":""9416"",""p"":""0.043791""}"
2026-10-09T03:05:21.352066Z,1791515120963,SANDUSDT,Sell,24098,0.07190,"{""T"":1791515120963,""s"":""SANDUSDT"",""S"":""Sell"",""v"":""24098"",""p"":""0.07190""}"
2026-10-09T03:05:27.351408Z,1791515127018,SANDUSDT,Sell,3994,0.07202,"{""T"":1791515127018,""s"":""SANDUSDT"",""S"":""Sell"",""v"":""3994"",""p"":""0.07202""}"
2026-10-09T03:05:27.851857Z,1791515127336,SANDUSDT,Sell,7800,0.07213,"{""T"":1791515127336,""s"":""SANDUSDT"",""S"":""Sell"",""v"":""7800"",""p"":""0.07213""}"
2026-10-09T03:05:27.851857Z,1791515127760,SANDUSDT,Sell,981,0.07202,"{""T"":1791515127760,""s"":""SANDUSDT"",""S"":""Sell"",""v"":""981"",""p"":""0.07202""}"
2026-10-09T03:05:28.351497Z,1791515127856,SANDUSDT,Sell,7487,0.07205,"{""T"":1791515127856,""s"":""SANDUSDT"",""S"":""Sell"",""v"":""7487"",""p"":""0.07205""}"
2026-10-09T03:06:03.638631Z,1791515163393,OGNUSDT,Sell,2360,0.043969,"{""T"":1791515163393,""s"":""OGNUSDT"",""S"":""Sell"",""v"":""2360"",""p"":""0.043969""}"
2026-10-09T03:06:07.852119Z,1791515167701,SANDUSDT,Sell,326365,0.07222,"{""T"":1791515167701,""s"":""SANDUSDT"",""S"":""Sell"",""v"":""326365"",""p"":""0.07222""}"
2026-10-09T03:06:08.352334Z,1791515167949,SANDUSDT,Sell,4120,0.07233,"{""T"":1791515167949,""s"":""SANDUSDT"",""S"":""Sell"",""v"":""4120"",""p"":""0.07233""}"
2026-10-09T03:06:35.003307Z,1791515194569,RLCUSDT,Sell,55.6,0.9882,"{""T"":1791515194569,""s"":""RLCUSDT"",""S"":""Sell"",""v"":""55.6"",""p"":""0.9882""}"
2026-10-09T03:06:35.003307Z,1791515194630,RLCUSDT,Sell,627.6,0.9891,"{""T"":1791515194630,""s"":""RLCUSDT"",""S"":""Sell"",""v"":""627.6"",""p"":""0.9891""}"
2026-10-09T03:06:35.003307Z,1791515194701,RLCUSDT,Sell,63.2,0.9898,"{""T"":1791515194701,""s"":""RLCUSDT"",""S"":""Sell"",""v"":""63.2"",""p"":""0.9898""}"
2026-10-09T03:06:35.003307Z,1791515194771,RLCUSDT,Sell,6.9,0.9860,"{""T"":1791515194771,""s"":""RLCUSDT"",""S"":""Sell"",""v"":""6.9"",""p"":""0.9860""}"
2026-10-09T03:06:50.490221Z,1791515209989,BTWUSDT,Sell,1070,1.51735,"{""T"":1791515209989,""s"":""BTWUSDT"",""S"":""Sell"",""v"":""1070"",""p"":""1.51735""}"
2026-10-09T03:07:10.499384Z,1791515230026,RLCUSDT,Sell,4359.7,0.9980,"{""T"":1791515230026,""s"":""RLCUSDT"",""S"":""Sell"",""v"":""4359.7"",""p"":""0.9980""}"
2026-10-09T03:07:10.499384Z,1791515230313,RLCUSDT,Sell,0.2,0.9978,"{""T"":1791515230313,""s"":""RLCUSDT"",""S"":""Sell"",""v"":""0.2"",""p"":""0.9978""}"
2026-10-09T03:07:13.157046Z,1791515232957,OGNUSDT,Sell,2773,0.044320,"{""T"":1791515232957,""s"":""OGNUSDT"",""S"":""Sell"",""v"":""2773"",""p"":""0.044320""}"
2026-10-09T03:07:18.371847Z,1791515238068,SANDUSDT,Buy,159,0.07018,"{""T"":1791515238068,""s"":""SANDUSDT"",""S"":""Buy"",""v"":""159"",""p"":""0.07018""}"
2026-10-09T03:07:36.638727Z,1791515256368,OGNUSDT,Sell,192,0.044500,"{""T"":1791515256368,""s"":""OGNUSDT"",""S"":""Sell"",""v"":""192"",""p"":""0.044500""}"
2026-10-09T03:07:56.499732Z,1791515276358,RLCUSDT,Buy,46.8,0.9190,"{""T"":1791515276358,""s"":""RLCUSDT"",""S"":""Buy"",""v"":""46.8"",""p"":""0.9190""}"
2026-10-09T03:07:56.999374Z,1791515276650,RLCUSDT,Buy,5.5,0.9177,"{""T"":1791515276650,""s"":""RLCUSDT"",""S"":""Buy"",""v"":""5.5"",""p"":""0.9177""}"
2026-10-09T03:08:17.490227Z,1791515297213,BTWUSDT,Sell,60,1.51980,"{""T"":1791515297213,""s"":""BTWUSDT"",""S"":""Sell"",""v"":""60"",""p"":""1.51980""}"
2026-10-09T03:09:18.990935Z,1791515358741,ORCAUSDT,Sell,42.3,2.5703,"{""T"":1791515358741,""s"":""ORCAUSDT"",""S"":""Sell"",""v"":""42.3"",""p"":""2.5703""}"
2026-10-09T03:10:33.490200Z,1791515433368,SOXLUSDT,Buy,30.00,143.12,"{""T"":1791515433368,""s"":""SOXLUSDT"",""S"":""Buy"",""v"":""30.00"",""p"":""143.12""}"
2026-10-09T03:11:18.141973Z,1791515477860,STRKUSDT,Sell,166.9,0.06590,"{""T"":1791515477860,""s"":""STRKUSDT"",""S"":""Sell"",""v"":""166.9"",""p"":""0.06590""}"
2026-10-09T03:11:25.638306Z,1791515485456,STRKUSDT,Sell,837.8,0.06600,"{""T"":1791515485456,""s"":""STRKUSDT"",""S"":""Sell"",""v"":""837.8"",""p"":""0.06600""}"
2026-10-09T03:11:35.639245Z,1791515495379,STRKUSDT,Sell,601.4,0.06605,"{""T"":1791515495379,""s"":""STRKUSDT"",""S"":""Sell"",""v"":""601.4"",""p"":""0.06605""}"
2026-10-09T03:11:42.638987Z,1791515502503,STRKUSDT,Sell,1250.3,0.06614,"{""T"":1791515502503,""s"":""STRKUSDT"",""S"":""Sell"",""v"":""1250.3"",""p"":""0.06614""}"
2026-10-09T03:11:46.638143Z,1791515506535,STRKUSDT,Sell,49784.2,0.06624,"{""T"":1791515506535,""s"":""STRKUSDT"",""S"":""Sell"",""v"":""49784.2"",""p"":""0.06624""}"
2026-10-09T03:11:50.638887Z,1791515510168,STRKUSDT,Sell,469.5,0.06642,"{""T"":1791515510168,""s"":""STRKUSDT"",""S"":""Sell"",""v"":""469.5"",""p"":""0.06642""}"
2026-10-09T03:12:01.140735Z,1791515520990,STRKUSDT,Sell,3943.1,0.06652,"{""T"":1791515520990,""s"":""STRKUSDT"",""S"":""Sell"",""v"":""3943.1"",""p"":""0.06652""}"
2026-10-09T03:12:01.140735Z,1791515521041,STRKUSDT,Sell,200.9,0.06653,"{""T"":1791515521041,""s"":""STRKUSDT"",""S"":""Sell"",""v"":""200.9"",""p"":""0.06653""}"
2026-10-09T03:12:02.638516Z,1791515522091,STRKUSDT,Sell,1050.0,0.06664,"{""T"":1791515522091,""s"":""STRKUSDT"",""S"":""Sell"",""v"":""1050.0"",""p"":""0.06664""}"
2026-10-09T03:12:02.638516Z,1791515522410,STRKUSDT,Sell,588.6,0.06656,"{""T"":1791515522410,""s"":""STRKUSDT"",""S"":""Sell"",""v"":""588.6"",""p"":""0.06656""}"
2026-10-09T03:12:03.138754Z,1791515522593,STRKUSDT,Sell,6433.4,0.06656,"{""T"":1791515522593,""s"":""STRKUSDT"",""S"":""Sell"",""v"":""6433.4"",""p"":""0.06656""}"
2026-10-09T03:12:11.138246Z,1791515530603,STRKUSDT,Sell,213.4,0.06677,"{""T"":1791515530603,""s"":""STRKUSDT"",""S"":""Sell"",""v"":""213.4"",""p"":""0.06677""}"
2026-10-09T03:12:16.352081Z,1791515535886,SANDUSDT,Buy,1160,0.06956,"{""T"":1791515535886,""s"":""SANDUSDT"",""S"":""Buy"",""v"":""1160"",""p"":""0.06956""}"
2026-10-09T03:12:32.142032Z,1791515551804,STRKUSDT,Sell,101.2,0.06707,"{""T"":1791515551804,""s"":""STRKUSDT"",""S"":""Sell"",""v"":""101.2"",""p"":""0.06707""}"
2026-10-09T03:12:33.138469Z,1791515552994,STRKUSDT,Sell,4582.7,0.06720,"{""T"":1791515552994,""s"":""STRKUSDT"",""S"":""Sell"",""v"":""4582.7"",""p"":""0.06720""}"
2026-10-09T03:12:33.638211Z,1791515553084,STRKUSDT,Sell,17000.5,0.06732,"{""T"":1791515553084,""s"":""STRKUSDT"",""S"":""Sell"",""v"":""17000.5"",""p"":""0.06732""}"
2026-10-09T03:12:33.828474Z,1791515553608,AEROUSDT,Sell,134,0.8632,"{""T"":1791515553608,""s"":""AEROUSDT"",""S"":""Sell"",""v"":""134"",""p"":""0.8632""}"
2026-10-09T03:12:33.911353Z,1791515553608,TIAUSDT,Sell,143.6,0.5154,"{""T"":1791515553608,""s"":""TIAUSDT"",""S"":""Sell"",""v"":""143.6"",""p"":""0.5154""}"
2026-10-09T03:12:34.019696Z,1791515553608,ALGOUSDT,Buy,1256.1,0.11663,"{""T"":1791515553608,""s"":""ALGOUSDT"",""S"":""Buy"",""v"":""1256.1"",""p"":""0.11663""}"
2026-10-09T03:12:34.138729Z,1791515553608,STRKUSDT,Sell,1246.9,0.06730,"{""T"":1791515553608,""s"":""STRKUSDT"",""S"":""Sell"",""v"":""1246.9"",""p"":""0.06730""}"
2026-10-09T03:12:34.138729Z,1791515553862,STRKUSDT,Sell,1601.6,0.06709,"{""T"":1791515553862,""s"":""STRKUSDT"",""S"":""Sell"",""v"":""1601.6"",""p"":""0.06709""}"
2026-10-09T03:12:34.138729Z,1791515553931,STRKUSDT,Sell,3000.0,0.06729,"{""T"":1791515553931,""s"":""STRKUSDT"",""S"":""Sell"",""v"":""3000.0"",""p"":""0.06729""}"
2026-10-09T03:12:36.999585Z,1791515556800,RLCUSDT,Buy,251.4,0.8946,"{""T"":1791515556800,""s"":""RLCUSDT"",""S"":""Buy"",""v"":""251.4"",""p"":""0.8946""}"
2026-10-09T03:12:38.638266Z,1791515558398,STRKUSDT,Sell,15000.0,0.06755,"{""T"":1791515558398,""s"":""STRKUSDT"",""S"":""Sell"",""v"":""15000.0"",""p"":""0.06755""}"
2026-10-09T03:12:41.138375Z,1791515560653,STRKUSDT,Sell,1117.6,0.06769,"{""T"":1791515560653,""s"":""STRKUSDT"",""S"":""Sell"",""v"":""1117.6"",""p"":""0.06769""}"
2026-10-09T03:12:48.999537Z,1791515568890,RLCUSDT,Buy,60.0,0.8914,"{""T"":1791515568890,""s"":""RLCUSDT"",""S"":""Buy"",""v"":""60.0"",""p"":""0.8914""}"
2026-10-09T03:13:00.138670Z,1791515579752,STRKUSDT,Buy,22199.0,0.06544,"{""T"":1791515579752,""s"":""STRKUSDT"",""S"":""Buy"",""v"":""22199.0"",""p"":""0.06544""}"
2026-10-09T03:14:03.638763Z,1791515643169,STRKUSDT,Buy,1781.7,0.06496,"{""T"":1791515643169,""s"":""STRKUSDT"",""S"":""Buy"",""v"":""1781.7"",""p"":""0.06496""}"
2026-10-09T03:14:50.851710Z,1791515690724,SANDUSDT,Sell,4599,0.07176,"{""T"":1791515690724,""s"":""SANDUSDT"",""S"":""Sell"",""v"":""4599"",""p"":""0.07176""}"
2026-10-09T03:16:02.329044Z,1791515762125,RAYDIUMUSDT,Sell,100.0,2.5360,"{""T"":1791515762125,""s"":""RAYDIUMUSDT"",""S"":""Sell"",""v"":""100.0"",""p"":""2.5360""}"
2026-10-09T03:16:09.138188Z,1791515768930,OGNUSDT,Buy,15468,0.041655,"{""T"":1791515768930,""s"":""OGNUSDT"",""S"":""Buy"",""v"":""15468"",""p"":""0.041655""}"
2026-10-09T03:16:10.638331Z,1791515770066,OGNUSDT,Buy,2343,0.041617,"{""T"":1791515770066,""s"":""OGNUSDT"",""S"":""Buy"",""v"":""2343"",""p"":""0.041617""}"
2026-10-09T03:16:13.362634Z,1791515772802,APTUSDT,Sell,11798.70,0.7702,"{""T"":1791515772802,""s"":""APTUSDT"",""S"":""Sell"",""v"":""11798.70"",""p"":""0.7702""}"
2026-10-09T03:16:38.638591Z,1791515798097,OGNUSDT,Buy,1020,0.041381,"{""T"":1791515798097,""s"":""OGNUSDT"",""S"":""Buy"",""v"":""1020"",""p"":""0.041381""}"
2026-10-09T03:16:55.828415Z,1791515815409,RAYDIUMUSDT,Sell,1350.8,2.5462,"{""T"":1791515815409,""s"":""RAYDIUMUSDT"",""S"":""Sell"",""v"":""1350.8"",""p"":""2.5462""}"
2026-10-09T03:16:55.990070Z,1791515815409,BTWUSDT,Sell,1530,1.51479,"{""T"":1791515815409,""s"":""BTWUSDT"",""S"":""Sell"",""v"":""1530"",""p"":""1.51479""}"
2026-10-09T03:17:02.328567Z,1791515822135,RAYDIUMUSDT,Sell,39.7,2.5487,"{""T"":1791515822135,""s"":""RAYDIUMUSDT"",""S"":""Sell"",""v"":""39.7"",""p"":""2.5487""}"
2026-10-09T03:17:02.363393Z,1791515822028,APTUSDT,Sell,90.03,0.7712,"{""T"":1791515822028,""s"":""APTUSDT"",""S"":""Sell"",""v"":""90.03"",""p"":""0.7712""}"
2026-10-09T03:17:36.138301Z,1791515855907,STRKUSDT,Sell,35922.9,0.06706,"{""T"":1791515855907,""s"":""STRKUSDT"",""S"":""Sell"",""v"":""35922.9"",""p"":""0.06706""}"
2026-10-09T03:17:45.862941Z,1791515865510,APTUSDT,Sell,109.96,0.7721,"{""T"":1791515865510,""s"":""APTUSDT"",""S"":""Sell"",""v"":""109.96"",""p"":""0.7721""}"
2026-10-09T03:18:00.328736Z,1791515880039,RAYDIUMUSDT,Sell,40.7,2.5586,"{""T"":1791515880039,""s"":""RAYDIUMUSDT"",""S"":""Sell"",""v"":""40.7"",""p"":""2.5586""}"
2026-10-09T03:18:45.362857Z,1791515925218,WLDUSDT,Sell,600.6,0.4958,"{""T"":1791515925218,""s"":""WLDUSDT"",""S"":""Sell"",""v"":""600.6"",""p"":""0.4958""}"
2026-10-09T03:19:25.315757Z,1791515965032,HYPEUSDT,Sell,0.47,85.710,"{""T"":1791515965032,""s"":""HYPEUSDT"",""S"":""Sell"",""v"":""0.47"",""p"":""85.710""}"
2026-10-09T03:19:57.816214Z,1791515997538,HYPEUSDT,Sell,26.16,85.810,"{""T"":1791515997538,""s"":""HYPEUSDT"",""S"":""Sell"",""v"":""26.16"",""p"":""85.810""}"
2026-10-09T03:20:17.638904Z,1791516017298,STRKUSDT,Sell,828.3,0.06786,"{""T"":1791516017298,""s"":""STRKUSDT"",""S"":""Sell"",""v"":""828.3"",""p"":""0.06786""}"
2026-10-09T03:20:22.638740Z,1791516022486,STRKUSDT,Buy,515.1,0.06541,"{""T"":1791516022486,""s"":""STRKUSDT"",""S"":""Buy"",""v"":""515.1"",""p"":""0.06541""}"
2026-10-09T03:20:23.862414Z,1791516023729,APTUSDT,Sell,61.56,0.7738,"{""T"":1791516023729,""s"":""APTUSDT"",""S"":""Sell"",""v"":""61.56"",""p"":""0.7738""}"
2026-10-09T03:21:35.331836Z,1791516094836,LONGXIAUSDT,Buy,630,0.0461,"{""T"":1791516094836,""s"":""LONGXIAUSDT"",""S"":""Buy"",""v"":""630"",""p"":""0.0461""}"
2026-10-09T03:21:38.417129Z,1791516097895,DOTUSDT,Sell,101.0,1.1713,"{""T"":1791516097895,""s"":""DOTUSDT"",""S"":""Sell"",""v"":""101.0"",""p"":""1.1713""}"
2026-10-09T03:21:40.831892Z,1791516100468,LONGXIAUSDT,Buy,1589,0.0458,"{""T"":1791516100468,""s"":""LONGXIAUSDT"",""S"":""Buy"",""v"":""1589"",""p"":""0.0458""}"
2026-10-09T03:21:42.918066Z,1791516102558,DOTUSDT,Sell,26.5,1.1737,"{""T"":1791516102558,""s"":""DOTUSDT"",""S"":""Sell"",""v"":""26.5"",""p"":""1.1737""}"
2026-10-09T03:21:57.328759Z,1791516116832,VVVUSDT,Sell,27.19,23.7040,"{""T"":1791516116832,""s"":""VVVUSDT"",""S"":""Sell"",""v"":""27.19"",""p"":""23.7040""}"
2026-10-09T03:21:57.351145Z,1791516117259,USELESSUSDT,Sell,79,0.20273,"{""T"":1791516117259,""s"":""USELESSUSDT"",""S"":""Sell"",""v"":""79"",""p"":""0.20273""}"
2026-10-09T03:22:12.999566Z,1791516132527,STXUSDT,Sell,319.9,0.40460,"{""T"":1791516132527,""s"":""STXUSDT"",""S"":""Sell"",""v"":""319.9"",""p"":""0.40460""}"
2026-10-09T03:22:29.139157Z,1791516148891,STRKUSDT,Sell,25748.0,0.06810,"{""T"":1791516148891,""s"":""STRKUSDT"",""S"":""Sell"",""v"":""25748.0"",""p"":""0.06810""}"
2026-10-09T03:22:29.638569Z,1791516149400,STRKUSDT,Sell,624.0,0.06808,"{""T"":1791516149400,""s"":""STRKUSDT"",""S"":""Sell"",""v"":""624.0"",""p"":""0.06808""}"
2026-10-09T03:22:29.638569Z,1791516149544,STRKUSDT,Sell,0.1,0.06808,"{""T"":1791516149544,""s"":""STRKUSDT"",""S"":""Sell"",""v"":""0.1"",""p"":""0.06808""}"
2026-10-09T03:22:30.138257Z,1791516149693,STRKUSDT,Sell,1589.3,0.06813,"{""T"":1791516149693,""s"":""STRKUSDT"",""S"":""Sell"",""v"":""1589.3"",""p"":""0.06813""}"
2026-10-09T03:23:28.962407Z,1791516208675,QNTUSDT,Buy,7.36,235.95,"{""T"":1791516208675,""s"":""QNTUSDT"",""S"":""Buy"",""v"":""7.36"",""p"":""235.95""}"
2026-10-09T03:24:42.335143Z,1791516281794,LONGXIAUSDT,Buy,1248,0.0448,"{""T"":1791516281794,""s"":""LONGXIAUSDT"",""S"":""Buy"",""v"":""1248"",""p"":""0.0448""}"
2026-10-09T03:25:04.832193Z,1791516304498,LONGXIAUSDT,Buy,11453,0.0443,"{""T"":1791516304498,""s"":""LONGXIAUSDT"",""S"":""Buy"",""v"":""11453"",""p"":""0.0443""}"
2026-10-09T03:25:05.332324Z,1791516304784,LONGXIAUSDT,Buy,6704,0.0441,"{""T"":1791516304784,""s"":""LONGXIAUSDT"",""S"":""Buy"",""v"":""6704"",""p"":""0.0441""}"
2026-10-09T03:25:17.520334Z,1791516317266,NEARUSDT,Sell,32.7,4.7670,"{""T"":1791516317266,""s"":""NEARUSDT"",""S"":""Sell"",""v"":""32.7"",""p"":""4.7670""}"
2026-10-09T03:25:18.019476Z,1791516317897,NEARUSDT,Sell,180.0,4.7660,"{""T"":1791516317897,""s"":""NEARUSDT"",""S"":""Sell"",""v"":""180.0"",""p"":""4.7660""}"
2026-10-09T03:25:19.519720Z,1791516318960,NEARUSDT,Sell,326.0,4.7670,"{""T"":1791516318960,""s"":""NEARUSDT"",""S"":""Sell"",""v"":""326.0"",""p"":""4.7670""}"
2026-10-09T03:26:21.638221Z,1791516381377,STRKUSDT,Buy,40693.8,0.06484,"{""T"":1791516381377,""s"":""STRKUSDT"",""S"":""Buy"",""v"":""40693.8"",""p"":""0.06484""}"
2026-10-09T03:27:26.999969Z,1791516446479,RLCUSDT,Buy,2718.1,0.8838,"{""T"":1791516446479,""s"":""RLCUSDT"",""S"":""Buy"",""v"":""2718.1"",""p"":""0.8838""}"
2026-10-09T03:27:26.999969Z,1791516446527,RLCUSDT,Buy,107.5,0.8835,"{""T"":1791516446527,""s"":""RLCUSDT"",""S"":""Buy"",""v"":""107.5"",""p"":""0.8835""}"
2026-10-09T03:27:30.999986Z,1791516450767,RLCUSDT,Buy,10.7,0.8822,"{""T"":1791516450767,""s"":""RLCUSDT"",""S"":""Buy"",""v"":""10.7"",""p"":""0.8822""}"
2026-10-09T03:27:30.999986Z,1791516450864,RLCUSDT,Buy,272.9,0.8829,"{""T"":1791516450864,""s"":""RLCUSDT"",""S"":""Buy"",""v"":""272.9"",""p"":""0.8829""}"
2026-10-09T03:27:30.999986Z,1791516450888,RLCUSDT,Buy,284.4,0.8804,"{""T"":1791516450888,""s"":""RLCUSDT"",""S"":""Buy"",""v"":""284.4"",""p"":""0.8804""}"
2026-10-09T03:28:45.000175Z,1791516524629,RLCUSDT,Sell,15.0,0.9270,"{""T"":1791516524629,""s"":""RLCUSDT"",""S"":""Sell"",""v"":""15.0"",""p"":""0.9270""}"
2026-10-09T03:28:47.489892Z,1791516527298,USUSDT,Sell,350,0.017230,"{""T"":1791516527298,""s"":""USUSDT"",""S"":""Sell"",""v"":""350"",""p"":""0.017230""}"
2026-10-09T03:28:47.638919Z,1791516527298,OGNUSDT,Sell,133,0.043912,"{""T"":1791516527298,""s"":""OGNUSDT"",""S"":""Sell"",""v"":""133"",""p"":""0.043912""}"
2026-10-09T03:28:59.641673Z,1791516539290,OGNUSDT,Sell,2778,0.043965,"{""T"":1791516539290,""s"":""OGNUSDT"",""S"":""Sell"",""v"":""2778"",""p"":""0.043965""}"
2026-10-09T03:29:10.138519Z,1791516549880,STRKUSDT,Buy,560.8,0.06466,"{""T"":1791516549880,""s"":""STRKUSDT"",""S"":""Buy"",""v"":""560.8"",""p"":""0.06466""}"
2026-10-09T03:29:10.638292Z,1791516550368,STRKUSDT,Buy,57390.0,0.06467,"{""T"":1791516550368,""s"":""STRKUSDT"",""S"":""Buy"",""v"":""57390.0"",""p"":""0.06467""}"
2026-10-09T03:29:13.638262Z,1791516553278,OGNUSDT,Sell,6226,0.044120,"{""T"":1791516553278,""s"":""OGNUSDT"",""S"":""Sell"",""v"":""6226"",""p"":""0.044120""}"
2026-10-09T03:29:13.999644Z,1791516553582,RLCUSDT,Buy,220.6,0.8752,"{""T"":1791516553582,""s"":""RLCUSDT"",""S"":""Buy"",""v"":""220.6"",""p"":""0.8752""}"
2026-10-09T03:29:17.500108Z,1791516557382,RLCUSDT,Buy,11.3,0.8729,"{""T"":1791516557382,""s"":""RLCUSDT"",""S"":""Buy"",""v"":""11.3"",""p"":""0.8729""}"
2026-10-09T03:29:49.500206Z,1791516589045,RLCUSDT,Buy,87.7,0.8653,"{""T"":1791516589045,""s"":""RLCUSDT"",""S"":""Buy"",""v"":""87.7"",""p"":""0.8653""}"
2026-10-09T03:30:13.998902Z,1791516613745,MINAUSDT,Buy,7129.0,0.07688,"{""T"":1791516613745,""s"":""MINAUSDT"",""S"":""Buy"",""v"":""7129.0"",""p"":""0.07688""}"
2026-10-09T03:31:21.138218Z,1791516680689,STRKUSDT,Sell,402.0,0.06677,"{""T"":1791516680689,""s"":""STRKUSDT"",""S"":""Sell"",""v"":""402.0"",""p"":""0.06677""}"
2026-10-09T03:31:40.816465Z,1791516700415,PUMPFUNUSDT,Buy,11600,0.0055710,"{""T"":1791516700415,""s"":""PUMPFUNUSDT"",""S"":""Buy"",""v"":""11600"",""p"":""0.0055710""}"
2026-10-09T03:32:25.638650Z,1791516745545,STRKUSDT,Buy,20468.3,0.06428,"{""T"":1791516745545,""s"":""STRKUSDT"",""S"":""Buy"",""v"":""20468.3"",""p"":""0.06428""}"
2026-10-09T03:32:38.138618Z,1791516757646,OGNUSDT,Sell,346,0.045039,"{""T"":1791516757646,""s"":""OGNUSDT"",""S"":""Sell"",""v"":""346"",""p"":""0.045039""}"
2026-10-09T03:32:53.638590Z,1791516773169,OGNUSDT,Sell,236,0.045130,"{""T"":1791516773169,""s"":""OGNUSDT"",""S"":""Sell"",""v"":""236"",""p"":""0.045130""}"
2026-10-09T03:33:57.638535Z,1791516837233,STRKUSDT,Buy,338.2,0.06420,"{""T"":1791516837233,""s"":""STRKUSDT"",""S"":""Buy"",""v"":""338.2"",""p"":""0.06420""}"
2026-10-09T03:35:08.138733Z,1791516907889,STRKUSDT,Buy,3405.0,0.06436,"{""T"":1791516907889,""s"":""STRKUSDT"",""S"":""Buy"",""v"":""3405.0"",""p"":""0.06436""}"
2026-10-09T03:35:22.851996Z,1791516922606,SANDUSDT,Sell,90519,0.07240,"{""T"":1791516922606,""s"":""SANDUSDT"",""S"":""Sell"",""v"":""90519"",""p"":""0.07240""}"
2026-10-09T03:35:23.851592Z,1791516923431,SANDUSDT,Sell,1000,0.07243,"{""T"":1791516923431,""s"":""SANDUSDT"",""S"":""Sell"",""v"":""1000"",""p"":""0.07243""}"
2026-10-09T03:35:27.351524Z,1791516926964,SANDUSDT,Sell,661,0.07248,"{""T"":1791516926964,""s"":""SANDUSDT"",""S"":""Sell"",""v"":""661"",""p"":""0.07248""}"
2026-10-09T03:36:16.351659Z,1791516976204,SANDUSDT,Sell,3820,0.07267,"{""T"":1791516976204,""s"":""SANDUSDT"",""S"":""Sell"",""v"":""3820"",""p"":""0.07267""}"
2026-10-09T03:36:48.138812Z,1791517008001,JTOUSDT,Buy,1915.7,0.5177,"{""T"":1791517008001,""s"":""JTOUSDT"",""S"":""Buy"",""v"":""1915.7"",""p"":""0.5177""}"
2026-10-09T03:36:48.351716Z,1791517008001,SANDUSDT,Sell,29850,0.07266,"{""T"":1791517008001,""s"":""SANDUSDT"",""S"":""Sell"",""v"":""29850"",""p"":""0.07266""}"
2026-10-09T03:36:48.417653Z,1791517008001,ZECUSDT,Sell,3.36,1226.78,"{""T"":1791517008001,""s"":""ZECUSDT"",""S"":""Sell"",""v"":""3.36"",""p"":""1226.78""}"
2026-10-09T03:36:48.565405Z,1791517008001,SOLUSDT,Buy,8.7,109.630,"{""T"":1791517008001,""s"":""SOLUSDT"",""S"":""Buy"",""v"":""8.7"",""p"":""109.630""}"
2026-10-09T03:36:54.638366Z,1791517014362,OGNUSDT,Buy,1571,0.042181,"{""T"":1791517014362,""s"":""OGNUSDT"",""S"":""Buy"",""v"":""1571"",""p"":""0.042181""}"
2026-10-09T03:37:18.021606Z,1791517037598,NEARUSDT,Sell,115.8,4.7830,"{""T"":1791517037598,""s"":""NEARUSDT"",""S"":""Sell"",""v"":""115.8"",""p"":""4.7830""}"
2026-10-09T03:37:18.021606Z,1791517037754,NEARUSDT,Sell,79.2,4.7830,"{""T"":1791517037754,""s"":""NEARUSDT"",""S"":""Sell"",""v"":""79.2"",""p"":""4.7830""}"
2026-10-09T03:37:18.021606Z,1791517037764,NEARUSDT,Sell,26.3,4.7780,"{""T"":1791517037764,""s"":""NEARUSDT"",""S"":""Sell"",""v"":""26.3"",""p"":""4.7780""}"
2026-10-09T03:37:40.991140Z,1791517060601,SOXLUSDT,Sell,32.43,146.54,"{""T"":1791517060601,""s"":""SOXLUSDT"",""S"":""Sell"",""v"":""32.43"",""p"":""146.54""}"
2026-10-09T03:37:59.639175Z,1791517079499,STRKUSDT,Buy,3309.0,0.06413,"{""T"":1791517079499,""s"":""STRKUSDT"",""S"":""Buy"",""v"":""3309.0"",""p"":""0.06413""}"
2026-10-09T03:39:10.852257Z,1791517150461,SANDUSDT,Sell,15868,0.07305,"{""T"":1791517150461,""s"":""SANDUSDT"",""S"":""Sell"",""v"":""15868"",""p"":""0.07305""}"
2026-10-09T03:39:48.519813Z,1791517188405,NEARUSDT,Sell,11.8,4.7930,"{""T"":1791517188405,""s"":""NEARUSDT"",""S"":""Sell"",""v"":""11.8"",""p"":""4.7930""}"
2026-10-09T03:39:52.019016Z,1791517191683,NEARUSDT,Sell,43.2,4.7960,"{""T"":1791517191683,""s"":""NEARUSDT"",""S"":""Sell"",""v"":""43.2"",""p"":""4.7960""}"
2026-10-09T03:39:57.519330Z,1791517196967,NEARUSDT,Sell,26.5,4.8010,"{""T"":1791517196967,""s"":""NEARUSDT"",""S"":""Sell"",""v"":""26.5"",""p"":""4.8010""}"
2026-10-09T03:40:38.138627Z,1791517237949,STRKUSDT,Sell,7579.8,0.06642,"{""T"":1791517237949,""s"":""STRKUSDT"",""S"":""Sell"",""v"":""7579.8"",""p"":""0.06642""}"
2026-10-09T03:42:13.638637Z,1791517333236,STRKUSDT,Buy,52657.4,0.06394,"{""T"":1791517333236,""s"":""STRKUSDT"",""S"":""Buy"",""v"":""52657.4"",""p"":""0.06394""}"
2026-10-09T03:42:18.138275Z,1791517337688,STRKUSDT,Buy,4599.1,0.06392,"{""T"":1791517337688,""s"":""STRKUSDT"",""S"":""Buy"",""v"":""4599.1"",""p"":""0.06392""}"
2026-10-09T03:43:04.490548Z,1791517383975,ZROUSDT,Sell,138.7,2.1075,"{""T"":1791517383975,""s"":""ZROUSDT"",""S"":""Sell"",""v"":""138.7"",""p"":""2.1075""}"
2026-10-09T03:43:27.491248Z,1791517407223,ZROUSDT,Sell,169.3,2.1128,"{""T"":1791517407223,""s"":""ZROUSDT"",""S"":""Sell"",""v"":""169.3"",""p"":""2.1128""}"
2026-10-09T03:43:27.568608Z,1791517407236,BTCUSDT,Sell,0.001,82601.60,"{""T"":1791517407236,""s"":""BTCUSDT"",""S"":""Sell"",""v"":""0.001"",""p"":""82601.60""}"
2026-10-09T03:43:28.068552Z,1791517407918,BTCUSDT,Sell,0.113,82604.30,"{""T"":1791517407918,""s"":""BTCUSDT"",""S"":""Sell"",""v"":""0.113"",""p"":""82604.30""}"
2026-10-09T03:44:14.638554Z,1791517454417,STRKUSDT,Buy,132.6,0.06369,"{""T"":1791517454417,""s"":""STRKUSDT"",""S"":""Buy"",""v"":""132.6"",""p"":""0.06369""}"
2026-10-09T03:44:19.638355Z,1791517459118,STRKUSDT,Buy,2333.6,0.06373,"{""T"":1791517459118,""s"":""STRKUSDT"",""S"":""Buy"",""v"":""2333.6"",""p"":""0.06373""}"
2026-10-09T03:44:19.639052Z,1791517459118,OGNUSDT,Sell,7242,0.045422,"{""T"":1791517459118,""s"":""OGNUSDT"",""S"":""Sell"",""v"":""7242"",""p"":""0.045422""}"
2026-10-09T03:44:21.638124Z,1791517461468,OGNUSDT,Sell,224,0.045536,"{""T"":1791517461468,""s"":""OGNUSDT"",""S"":""Sell"",""v"":""224"",""p"":""0.045536""}"
2026-10-09T03:44:23.638318Z,1791517463146,OGNUSDT,Sell,3653,0.045626,"{""T"":1791517463146,""s"":""OGNUSDT"",""S"":""Sell"",""v"":""3653"",""p"":""0.045626""}"
2026-10-09T03:44:23.638318Z,1791517463401,OGNUSDT,Sell,27306,0.045734,"{""T"":1791517463401,""s"":""OGNUSDT"",""S"":""Sell"",""v"":""27306"",""p"":""0.045734""}"
2026-10-09T03:44:23.638318Z,1791517463498,OGNUSDT,Sell,111796,0.045629,"{""T"":1791517463498,""s"":""OGNUSDT"",""S"":""Sell"",""v"":""111796"",""p"":""0.045629""}"
2026-10-09T03:44:24.638277Z,1791517464075,OGNUSDT,Sell,143,0.045735,"{""T"":1791517464075,""s"":""OGNUSDT"",""S"":""Sell"",""v"":""143"",""p"":""0.045735""}"
2026-10-09T03:44:25.638293Z,1791517465530,OGNUSDT,Sell,1467,0.046295,"{""T"":1791517465530,""s"":""OGNUSDT"",""S"":""Sell"",""v"":""1467"",""p"":""0.046295""}"
2026-10-09T03:44:25.638293Z,1791517465546,OGNUSDT,Sell,40,0.046040,"{""T"":1791517465546,""s"":""OGNUSDT"",""S"":""Sell"",""v"":""40"",""p"":""0.046040""}"
2026-10-09T03:44:26.138105Z,1791517465783,OGNUSDT,Sell,67749,0.046310,"{""T"":1791517465783,""s"":""OGNUSDT"",""S"":""Sell"",""v"":""67749"",""p"":""0.046310""}"
2026-10-09T03:44:26.138105Z,1791517465979,OGNUSDT,Sell,477,0.046299,"{""T"":1791517465979,""s"":""OGNUSDT"",""S"":""Sell"",""v"":""477"",""p"":""0.046299""}"
2026-10-09T03:44:26.138105Z,1791517465989,OGNUSDT,Sell,1186,0.046200,"{""T"":1791517465989,""s"":""OGNUSDT"",""S"":""Sell"",""v"":""1186"",""p"":""0.046200""}"
2026-10-09T03:44:26.638906Z,1791517466088,OGNUSDT,Sell,213,0.046214,"{""T"":1791517466088,""s"":""OGNUSDT"",""S"":""Sell"",""v"":""213"",""p"":""0.046214""}"
2026-10-09T03:44:26.638906Z,1791517466120,OGNUSDT,Sell,23577,0.045868,"{""T"":1791517466120,""s"":""OGNUSDT"",""S"":""Sell"",""v"":""23577"",""p"":""0.045868""}"
2026-10-09T03:44:26.638906Z,1791517466203,OGNUSDT,Sell,237,0.046334,"{""T"":1791517466203,""s"":""OGNUSDT"",""S"":""Sell"",""v"":""237"",""p"":""0.046334""}"
2026-10-09T03:44:27.139375Z,1791517466638,OGNUSDT,Sell,4516,0.046330,"{""T"":1791517466638,""s"":""OGNUSDT"",""S"":""Sell"",""v"":""4516"",""p"":""0.046330""}"
2026-10-09T03:44:31.069174Z,1791517470802,BTCUSDT,Sell,0.070,82613.50,"{""T"":1791517470802,""s"":""BTCUSDT"",""S"":""Sell"",""v"":""0.070"",""p"":""82613.50""}"
2026-10-09T03:44:31.069174Z,1791517470825,BTCUSDT,Sell,0.012,82614.60,"{""T"":1791517470825,""s"":""BTCUSDT"",""S"":""Sell"",""v"":""0.012"",""p"":""82614.60""}"
2026-10-09T03:44:33.568880Z,1791517473379,BTCUSDT,Sell,0.001,82616.50,"{""T"":1791517473379,""s"":""BTCUSDT"",""S"":""Sell"",""v"":""0.001"",""p"":""82616.50""}"
2026-10-09T03:44:35.568818Z,1791517475367,BTCUSDT,Sell,0.001,82616.30,"{""T"":1791517475367,""s"":""BTCUSDT"",""S"":""Sell"",""v"":""0.001"",""p"":""82616.30""}"
2026-10-09T03:44:35.568818Z,1791517475377,BTCUSDT,Sell,0.001,82619.80,"{""T"":1791517475377,""s"":""BTCUSDT"",""S"":""Sell"",""v"":""0.001"",""p"":""82619.80""}"
2026-10-09T03:44:36.069211Z,1791517475492,BTCUSDT,Sell,0.002,82617.30,"{""T"":1791517475492,""s"":""BTCUSDT"",""S"":""Sell"",""v"":""0.002"",""p"":""82617.30""}"
2026-10-09T03:44:36.069211Z,1791517475888,BTCUSDT,Sell,0.100,82621.90,"{""T"":1791517475888,""s"":""BTCUSDT"",""S"":""Sell"",""v"":""0.100"",""p"":""82621.90""}"
2026-10-09T03:44:36.568659Z,1791517476009,BTCUSDT,Sell,0.011,82626.80,"{""T"":1791517476009,""s"":""BTCUSDT"",""S"":""Sell"",""v"":""0.011"",""p"":""82626.80""}"
2026-10-09T03:44:48.568892Z,1791517488101,BTCUSDT,Sell,0.020,82637.40,"{""T"":1791517488101,""s"":""BTCUSDT"",""S"":""Sell"",""v"":""0.020"",""p"":""82637.40""}"
2026-10-09T03:44:48.568892Z,1791517488282,BTCUSDT,Sell,0.013,82640.30,"{""T"":1791517488282,""s"":""BTCUSDT"",""S"":""Sell"",""v"":""0.013"",""p"":""82640.30""}"
2026-10-09T03:46:52.568550Z,1791517612033,BTCUSDT,Sell,0.001,82648.80,"{""T"":1791517612033,""s"":""BTCUSDT"",""S"":""Sell"",""v"":""0.001"",""p"":""82648.80""}"
2026-10-09T03:46:52.568550Z,1791517612228,BTCUSDT,Sell,0.011,82646.90,"{""T"":1791517612228,""s"":""BTCUSDT"",""S"":""Sell"",""v"":""0.011"",""p"":""82646.90""}"
2026-10-09T03:46:57.068575Z,1791517616973,BTCUSDT,Sell,0.018,82660.50,"{""T"":1791517616973,""s"":""BTCUSDT"",""S"":""Sell"",""v"":""0.018"",""p"":""82660.50""}"
2026-10-09T03:46:57.840418Z,1791517617751,LDOUSDT,Sell,24.4,0.4287,"{""T"":1791517617751,""s"":""LDOUSDT"",""S"":""Sell"",""v"":""24.4"",""p"":""0.4287""}"
2026-10-09T03:46:58.068699Z,1791517617749,BTCUSDT,Sell,0.001,82656.00,"{""T"":1791517617749,""s"":""BTCUSDT"",""S"":""Sell"",""v"":""0.001"",""p"":""82656.00""}"
2026-10-09T03:49:08.989914Z,1791517748754,CLUSDT,Buy,1.33,89.770,"{""T"":1791517748754,""s"":""CLUSDT"",""S"":""Buy"",""v"":""1.33"",""p"":""89.770""}"
2026-10-09T03:49:31.638576Z,1791517771370,STRKUSDT,Sell,1076.1,0.06726,"{""T"":1791517771370,""s"":""STRKUSDT"",""S"":""Sell"",""v"":""1076.1"",""p"":""0.06726""}"
2026-10-09T03:49:31.840520Z,1791517771304,LDOUSDT,Sell,1233.9,0.4299,"{""T"":1791517771304,""s"":""LDOUSDT"",""S"":""Sell"",""v"":""1233.9"",""p"":""0.4299""}"
2026-10-09T03:50:01.519814Z,1791517801364,NEARUSDT,Sell,17.1,4.8080,"{""T"":1791517801364,""s"":""NEARUSDT"",""S"":""Sell"",""v"":""17.1"",""p"":""4.8080""}"
2026-10-09T03:50:02.518929Z,1791517802308,NEARUSDT,Sell,1333.6,4.8120,"{""T"":1791517802308,""s"":""NEARUSDT"",""S"":""Sell"",""v"":""1333.6"",""p"":""4.8120""}"
2026-10-09T03:50:02.518929Z,1791517802322,NEARUSDT,Sell,1585.2,4.8120,"{""T"":1791517802322,""s"":""NEARUSDT"",""S"":""Sell"",""v"":""1585.2"",""p"":""4.8120""}"
2026-10-09T03:50:03.019993Z,1791517802917,NEARUSDT,Sell,1862.7,4.8120,"{""T"":1791517802917,""s"":""NEARUSDT"",""S"":""Sell"",""v"":""1862.7"",""p"":""4.8120""}"
2026-10-09T03:50:03.519499Z,1791517803116,NEARUSDT,Sell,15.3,4.8140,"{""T"":1791517803116,""s"":""NEARUSDT"",""S"":""Sell"",""v"":""15.3"",""p"":""4.8140""}"
2026-10-09T03:50:03.519499Z,1791517803141,NEARUSDT,Sell,925.8,4.8160,"{""T"":1791517803141,""s"":""NEARUSDT"",""S"":""Sell"",""v"":""925.8"",""p"":""4.8160""}"
2026-10-09T03:50:03.519499Z,1791517803147,NEARUSDT,Sell,6816.7,4.8200,"{""T"":1791517803147,""s"":""NEARUSDT"",""S"":""Sell"",""v"":""6816.7"",""p"":""4.8200""}"
2026-10-09T03:50:03.519499Z,1791517803228,NEARUSDT,Sell,20.1,4.8130,"{""T"":1791517803228,""s"":""NEARUSDT"",""S"":""Sell"",""v"":""20.1"",""p"":""4.8130""}"
2026-10-09T03:50:03.519499Z,1791517803253,NEARUSDT,Sell,3223.6,4.8160,"{""T"":1791517803253,""s"":""NEARUSDT"",""S"":""Sell"",""v"":""3223.6"",""p"":""4.8160""}"
2026-10-09T03:50:03.519499Z,1791517803267,NEARUSDT,Sell,463.2,4.8190,"{""T"":1791517803267,""s"":""NEARUSDT"",""S"":""Sell"",""v"":""463.2"",""p"":""4.8190""}"
2026-10-09T03:50:03.519499Z,1791517803273,NEARUSDT,Sell,1473.0,4.8160,"{""T"":1791517803273,""s"":""NEARUSDT"",""S"":""Sell"",""v"":""1473.0"",""p"":""4.8160""}"
2026-10-09T03:50:03.519499Z,1791517803279,NEARUSDT,Sell,615.3,4.8160,"{""T"":1791517803279,""s"":""NEARUSDT"",""S"":""Sell"",""v"":""615.3"",""p"":""4.8160""}"
2026-10-09T03:50:03.519499Z,1791517803329,NEARUSDT,Sell,1789.1,4.8130,"{""T"":1791517803329,""s"":""NEARUSDT"",""S"":""Sell"",""v"":""1789.1"",""p"":""4.8130""}"
2026-10-09T03:50:03.519499Z,1791517803331,NEARUSDT,Sell,731.1,4.8170,"{""T"":1791517803331,""s"":""NEARUSDT"",""S"":""Sell"",""v"":""731.1"",""p"":""4.8170""}"
2026-10-09T03:50:04.019485Z,1791517803444,NEARUSDT,Sell,1390.1,4.8190,"{""T"":1791517803444,""s"":""NEARUSDT"",""S"":""Sell"",""v"":""1390.1"",""p"":""4.8190""}"
2026-10-09T03:50:04.019485Z,1791517803478,NEARUSDT,Sell,857.9,4.8150,"{""T"":1791517803478,""s"":""NEARUSDT"",""S"":""Sell"",""v"":""857.9"",""p"":""4.8150""}"
2026-10-09T03:50:04.019485Z,1791517803576,NEARUSDT,Sell,2231.9,4.8170,"{""T"":1791517803576,""s"":""NEARUSDT"",""S"":""Sell"",""v"":""2231.9"",""p"":""4.8170""}"
2026-10-09T03:50:04.019485Z,1791517803587,NEARUSDT,Sell,1045.8,4.8180,"{""T"":1791517803587,""s"":""NEARUSDT"",""S"":""Sell"",""v"":""1045.8"",""p"":""4.8180""}"
2026-10-09T03:50:04.019485Z,1791517803588,NEARUSDT,Sell,743.2,4.8130,"{""T"":1791517803588,""s"":""NEARUSDT"",""S"":""Sell"",""v"":""743.2"",""p"":""4.8130""}"
2026-10-09T03:50:04.019485Z,1791517803611,NEARUSDT,Sell,42.2,4.8150,"{""T"":1791517803611,""s"":""NEARUSDT"",""S"":""Sell"",""v"":""42.2"",""p"":""4.8150""}"
2026-10-09T03:50:04.019485Z,1791517803640,NEARUSDT,Sell,425.6,4.8150,"{""T"":1791517803640,""s"":""NEARUSDT"",""S"":""Sell"",""v"":""425.6"",""p"":""4.8150""}"
2026-10-09T03:50:04.019485Z,1791517803664,NEARUSDT,Sell,1597.0,4.8170,"{""T"":1791517803664,""s"":""NEARUSDT"",""S"":""Sell"",""v"":""1597.0"",""p"":""4.8170""}"
2026-10-09T03:50:04.019485Z,1791517803689,NEARUSDT,Sell,937.3,4.8150,"{""T"":1791517803689,""s"":""NEARUSDT"",""S"":""Sell"",""v"":""937.3"",""p"":""4.8150""}"
2026-10-09T03:50:04.019485Z,1791517803709,NEARUSDT,Sell,655.1,4.8150,"{""T"":1791517803709,""s"":""NEARUSDT"",""S"":""Sell"",""v"":""655.1"",""p"":""4.8150""}"
2026-10-09T03:50:04.019485Z,1791517803816,NEARUSDT,Sell,2780.2,4.8180,"{""T"":1791517803816,""s"":""NEARUSDT"",""S"":""Sell"",""v"":""2780.2"",""p"":""4.8180""}"
2026-10-09T03:50:04.019485Z,1791517803894,NEARUSDT,Sell,2092.0,4.8160,"{""T"":1791517803894,""s"":""NEARUSDT"",""S"":""Sell"",""v"":""2092.0"",""p"":""4.8160""}"
2026-10-09T03:50:04.518907Z,1791517803942,NEARUSDT,Sell,364.8,4.8150,"{""T"":1791517803942,""s"":""NEARUSDT"",""S"":""Sell"",""v"":""364.8"",""p"":""4.8150""}"
2026-10-09T03:50:04.518907Z,1791517804358,NEARUSDT,Sell,178.4,4.8210,"{""T"":1791517804358,""s"":""NEARUSDT"",""S"":""Sell"",""v"":""178.4"",""p"":""4.8210""}"
2026-10-09T03:50:05.019318Z,1791517804572,NEARUSDT,Sell,24.7,4.8220,"{""T"":1791517804572,""s"":""NEARUSDT"",""S"":""Sell"",""v"":""24.7"",""p"":""4.8220""}"
2026-10-09T03:50:05.019318Z,1791517804636,NEARUSDT,Sell,2.4,4.8210,"{""T"":1791517804636,""s"":""NEARUSDT"",""S"":""Sell"",""v"":""2.4"",""p"":""4.8210""}"
2026-10-09T03:50:05.019318Z,1791517804639,NEARUSDT,Sell,224.5,4.8220,"{""T"":1791517804639,""s"":""NEARUSDT"",""S"":""Sell"",""v"":""224.5"",""p"":""4.8220""}"
2026-10-09T03:50:05.019318Z,1791517804885,NEARUSDT,Sell,10444.9,4.8230,"{""T"":1791517804885,""s"":""NEARUSDT"",""S"":""Sell"",""v"":""10444.9"",""p"":""4.8230""}"
2026-10-09T03:50:05.069158Z,1791517804572,BTCUSDT,Buy,0.001,82114.40,"{""T"":1791517804572,""s"":""BTCUSDT"",""S"":""Buy"",""v"":""0.001"",""p"":""82114.40""}"
2026-10-09T03:50:05.519020Z,1791517804934,NEARUSDT,Sell,478.0,4.8220,"{""T"":1791517804934,""s"":""NEARUSDT"",""S"":""Sell"",""v"":""478.0"",""p"":""4.8220""}"
2026-10-09T03:50:05.519020Z,1791517804958,NEARUSDT,Sell,4426.7,4.8170,"{""T"":1791517804958,""s"":""NEARUSDT"",""S"":""Sell"",""v"":""4426.7"",""p"":""4.8170""}"
2026-10-09T03:50:16.828626Z,1791517816617,FARTCOINUSDT,Sell,31,0.16606,"{""T"":1791517816617,""s"":""FARTCOINUSDT"",""S"":""Sell"",""v"":""31"",""p"":""0.16606""}"
2026-10-09T03:50:28.911622Z,1791517828505,TIAUSDT,Sell,2679.8,0.5228,"{""T"":1791517828505,""s"":""TIAUSDT"",""S"":""Sell"",""v"":""2679.8"",""p"":""0.5228""}"
2026-10-09T03:50:28.917081Z,1791517828505,DOGEUSDT,Sell,31602,0.08566,"{""T"":1791517828505,""s"":""DOGEUSDT"",""S"":""Sell"",""v"":""31602"",""p"":""0.08566""}"
2026-10-09T03:50:28.995945Z,1791517828505,OPUSDT,Sell,19644.4,0.12358,"{""T"":1791517828505,""s"":""OPUSDT"",""S"":""Sell"",""v"":""19644.4"",""p"":""0.12358""}"
2026-10-09T03:50:35.999578Z,1791517835865,INJUSDT,Sell,71.7,7.0680,"{""T"":1791517835865,""s"":""INJUSDT"",""S"":""Sell"",""v"":""71.7"",""p"":""7.0680""}"
2026-10-09T03:50:42.341008Z,1791517841775,LDOUSDT,Sell,129.4,0.4317,"{""T"":1791517841775,""s"":""LDOUSDT"",""S"":""Sell"",""v"":""129.4"",""p"":""0.4317""}"
2026-10-09T03:53:21.638386Z,1791518001161,STRKUSDT,Buy,3538.7,0.06433,"{""T"":1791518001161,""s"":""STRKUSDT"",""S"":""Buy"",""v"":""3538.7"",""p"":""0.06433""}"
2026-10-09T03:53:25.138191Z,1791518005035,OGNUSDT,Buy,33801,0.042937,"{""T"":1791518005035,""s"":""OGNUSDT"",""S"":""Buy"",""v"":""33801"",""p"":""0.042937""}"
2026-10-09T03:53:51.138535Z,1791518030930,OGNUSDT,Buy,1322,0.042772,"{""T"":1791518030930,""s"":""OGNUSDT"",""S"":""Buy"",""v"":""1322"",""p"":""0.042772""}"
2026-10-09T03:55:44.331884Z,1791518143760,LONGXIAUSDT,Sell,54443,0.0526,"{""T"":1791518143760,""s"":""LONGXIAUSDT"",""S"":""Sell"",""v"":""54443"",""p"":""0.0526""}"
2026-10-09T03:56:49.138754Z,1791518208665,STRKUSDT,Sell,760.0,0.06708,"{""T"":1791518208665,""s"":""STRKUSDT"",""S"":""Sell"",""v"":""760.0"",""p"":""0.06708""}"
2026-10-09T03:56:53.138128Z,1791518213049,STRKUSDT,Sell,777.4,0.06716,"{""T"":1791518213049,""s"":""STRKUSDT"",""S"":""Sell"",""v"":""777.4"",""p"":""0.06716""}"
2026-10-09T03:57:56.328934Z,1791518276079,FARTCOINUSDT,Sell,2691,0.16647,"{""T"":1791518276079,""s"":""FARTCOINUSDT"",""S"":""Sell"",""v"":""2691"",""p"":""0.16647""}"
2026-10-09T03:57:56.459416Z,1791518276079,ETHUSDT,Sell,0.14,2500.45,"{""T"":1791518276079,""s"":""ETHUSDT"",""S"":""Sell"",""v"":""0.14"",""p"":""2500.45""}"
2026-10-09T03:57:56.565691Z,1791518276079,SOLUSDT,Sell,3.7,110.900,"{""T"":1791518276079,""s"":""SOLUSDT"",""S"":""Sell"",""v"":""3.7"",""p"":""110.900""}"
2026-10-09T03:57:56.568882Z,1791518276079,BTCUSDT,Sell,0.019,82663.80,"{""T"":1791518276079,""s"":""BTCUSDT"",""S"":""Sell"",""v"":""0.019"",""p"":""82663.80""}"
2026-10-09T03:58:24.138330Z,1791518303764,STRKUSDT,Sell,9169.5,0.06803,"{""T"":1791518303764,""s"":""STRKUSDT"",""S"":""Sell"",""v"":""9169.5"",""p"":""0.06803""}"
2026-10-09T03:58:25.638505Z,1791518305112,STRKUSDT,Sell,6793.2,0.06825,"{""T"":1791518305112,""s"":""STRKUSDT"",""S"":""Sell"",""v"":""6793.2"",""p"":""0.06825""}"
2026-10-09T03:58:30.638725Z,1791518310514,STRKUSDT,Sell,1583.7,0.06826,"{""T"":1791518310514,""s"":""STRKUSDT"",""S"":""Sell"",""v"":""1583.7"",""p"":""0.06826""}"
2026-10-09T03:58:32.138284Z,1791518311692,STRKUSDT,Sell,110000.0,0.06845,"{""T"":1791518311692,""s"":""STRKUSDT"",""S"":""Sell"",""v"":""110000.0"",""p"":""0.06845""}"
2026-10-09T03:58:43.138587Z,1791518322827,STRKUSDT,Sell,796.3,0.06848,"{""T"":1791518322827,""s"":""STRKUSDT"",""S"":""Sell"",""v"":""796.3"",""p"":""0.06848""}"
2026-10-09T03:58:43.138587Z,1791518322975,STRKUSDT,Sell,20157.2,0.06848,"{""T"":1791518322975,""s"":""STRKUSDT"",""S"":""Sell"",""v"":""20157.2"",""p"":""0.06848""}"
2026-10-09T03:58:44.638208Z,1791518324288,STRKUSDT,Sell,5468.6,0.06854,"{""T"":1791518324288,""s"":""STRKUSDT"",""S"":""Sell"",""v"":""5468.6"",""p"":""0.06854""}"
2026-10-09T03:59:03.638580Z,1791518343543,STRKUSDT,Sell,666.6,0.06857,"{""T"":1791518343543,""s"":""STRKUSDT"",""S"":""Sell"",""v"":""666.6"",""p"":""0.06857""}"
2026-10-09T03:59:04.138184Z,1791518343765,STRKUSDT,Sell,2714.0,0.06855,"{""T"":1791518343765,""s"":""STRKUSDT"",""S"":""Sell"",""v"":""2714.0"",""p"":""0.06855""}"
2026-10-09T04:00:01.523419Z,1791518401359,NEARUSDT,Sell,23.5,4.8140,"{""T"":1791518401359,""s"":""NEARUSDT"",""S"":""Sell"",""v"":""23.5"",""p"":""4.8140""}"
2026-10-09T04:00:29.000071Z,1791518428457,LINKUSDT,Sell,10.0,12.937,"{""T"":1791518428457,""s"":""LINKUSDT"",""S"":""Sell"",""v"":""10.0"",""p"":""12.937""}"
2026-10-09T04:00:33.019831Z,1791518432441,NMRUSDT,Sell,6.0,14.374,"{""T"":1791518432441,""s"":""NMRUSDT"",""S"":""Sell"",""v"":""6.0"",""p"":""14.374""}"
2026-10-09T04:00:36.518948Z,1791518436224,NEARUSDT,Sell,1.6,4.8210,"{""T"":1791518436224,""s"":""NEARUSDT"",""S"":""Sell"",""v"":""1.6"",""p"":""4.8210""}"
2026-10-09T04:00:55.852089Z,1791518455730,SANDUSDT,Sell,241,0.07183,"{""T"":1791518455730,""s"":""SANDUSDT"",""S"":""Sell"",""v"":""241"",""p"":""0.07183""}"
2026-10-09T04:01:26.851015Z,1791518486402,SANDUSDT,Buy,85,0.06990,"{""T"":1791518486402,""s"":""SANDUSDT"",""S"":""Buy"",""v"":""85"",""p"":""0.06990""}"
2026-10-09T04:01:28.069172Z,1791518487486,BTCUSDT,Sell,0.004,82678.40,"{""T"":1791518487486,""s"":""BTCUSDT"",""S"":""Sell"",""v"":""0.004"",""p"":""82678.40""}"
2026-10-09T04:01:28.069172Z,1791518487869,BTCUSDT,Sell,0.002,82673.30,"{""T"":1791518487869,""s"":""BTCUSDT"",""S"":""Sell"",""v"":""0.002"",""p"":""82673.30""}"
2026-10-09T04:01:34.568677Z,1791518494305,BTCUSDT,Sell,0.091,82688.30,"{""T"":1791518494305,""s"":""BTCUSDT"",""S"":""Sell"",""v"":""0.091"",""p"":""82688.30""}"
2026-10-09T04:01:34.568677Z,1791518494455,BTCUSDT,Sell,0.100,82687.30,"{""T"":1791518494455,""s"":""BTCUSDT"",""S"":""Sell"",""v"":""0.100"",""p"":""82687.30""}"
2026-10-09T04:01:35.068845Z,1791518494700,BTCUSDT,Sell,0.020,82683.50,"{""T"":1791518494700,""s"":""BTCUSDT"",""S"":""Sell"",""v"":""0.020"",""p"":""82683.50""}"
2026-10-09T04:01:39.069152Z,1791518498932,BTCUSDT,Sell,0.006,82703.20,"{""T"":1791518498932,""s"":""BTCUSDT"",""S"":""Sell"",""v"":""0.006"",""p"":""82703.20""}"
2026-10-09T04:01:39.568247Z,1791518499053,BTCUSDT,Sell,0.146,82706.20,"{""T"":1791518499053,""s"":""BTCUSDT"",""S"":""Sell"",""v"":""0.146"",""p"":""82706.20""}"
2026-10-09T04:01:39.568247Z,1791518499458,BTCUSDT,Sell,0.017,82703.70,"{""T"":1791518499458,""s"":""BTCUSDT"",""S"":""Sell"",""v"":""0.017"",""p"":""82703.70""}"
2026-10-09T04:01:40.069225Z,1791518499780,BTCUSDT,Sell,0.124,82707.80,"{""T"":1791518499780,""s"":""BTCUSDT"",""S"":""Sell"",""v"":""0.124"",""p"":""82707.80""}"
2026-10-09T04:01:42.851184Z,1791518502560,SANDUSDT,Buy,307,0.06987,"{""T"":1791518502560,""s"":""SANDUSDT"",""S"":""Buy"",""v"":""307"",""p"":""0.06987""}"
2026-10-09T04:01:46.519219Z,1791518506121,NEARUSDT,Sell,5.1,4.8300,"{""T"":1791518506121,""s"":""NEARUSDT"",""S"":""Sell"",""v"":""5.1"",""p"":""4.8300""}"
2026-10-09T04:01:49.568515Z,1791518509170,BTCUSDT,Sell,0.010,82726.70,"{""T"":1791518509170,""s"":""BTCUSDT"",""S"":""Sell"",""v"":""0.010"",""p"":""82726.70""}"
2026-10-09T04:01:49.568515Z,1791518509389,BTCUSDT,Sell,0.014,82731.10,"{""T"":1791518509389,""s"":""BTCUSDT"",""S"":""Sell"",""v"":""0.014"",""p"":""82731.10""}"
2026-10-09T04:01:50.068409Z,1791518509823,BTCUSDT,Sell,0.030,82732.30,"{""T"":1791518509823,""s"":""BTCUSDT"",""S"":""Sell"",""v"":""0.030"",""p"":""82732.30""}"
2026-10-09T04:01:56.565649Z,1791518516012,SOLUSDT,Sell,11.3,111.090,"{""T"":1791518516012,""s"":""SOLUSDT"",""S"":""Sell"",""v"":""11.3"",""p"":""111.090""}"
2026-10-09T04:01:58.068332Z,1791518517820,BTCUSDT,Sell,0.017,82747.70,"{""T"":1791518517820,""s"":""BTCUSDT"",""S"":""Sell"",""v"":""0.017"",""p"":""82747.70""}"
2026-10-09T04:02:52.638587Z,1791518572256,STRKUSDT,Sell,9103.0,0.06836,"{""T"":1791518572256,""s"":""STRKUSDT"",""S"":""Sell"",""v"":""9103.0"",""p"":""0.06836""}"
2026-10-09T04:04:15.821246Z,1791518655239,METUSDT,Buy,56.6,0.42350,"{""T"":1791518655239,""s"":""METUSDT"",""S"":""Buy"",""v"":""56.6"",""p"":""0.42350""}"
2026-10-09T04:04:26.638751Z,1791518666440,OGNUSDT,Sell,1250,0.046442,"{""T"":1791518666440,""s"":""OGNUSDT"",""S"":""Sell"",""v"":""1250"",""p"":""0.046442""}"
2026-10-09T04:04:27.138909Z,1791518666553,OGNUSDT,Sell,5036,0.046459,"{""T"":1791518666553,""s"":""OGNUSDT"",""S"":""Sell"",""v"":""5036"",""p"":""0.046459""}"
2026-10-09T04:04:27.138909Z,1791518666973,OGNUSDT,Sell,237,0.046458,"{""T"":1791518666973,""s"":""OGNUSDT"",""S"":""Sell"",""v"":""237"",""p"":""0.046458""}"
2026-10-09T04:04:30.139054Z,1791518669745,OGNUSDT,Sell,1671,0.046499,"{""T"":1791518669745,""s"":""OGNUSDT"",""S"":""Sell"",""v"":""1671"",""p"":""0.046499""}"
2026-10-09T04:05:15.519591Z,1791518715101,PYTHUSDT,Sell,32921,0.08359,"{""T"":1791518715101,""s"":""PYTHUSDT"",""S"":""Sell"",""v"":""32921"",""p"":""0.08359""}"
2026-10-09T04:05:26.639342Z,1791518726385,OGNUSDT,Sell,2360,0.046543,"{""T"":1791518726385,""s"":""OGNUSDT"",""S"":""Sell"",""v"":""2360"",""p"":""0.046543""}"
2026-10-09T04:05:26.639342Z,1791518726394,OGNUSDT,Sell,11796,0.046623,"{""T"":1791518726394,""s"":""OGNUSDT"",""S"":""Sell"",""v"":""11796"",""p"":""0.046623""}"
2026-10-09T04:05:26.639342Z,1791518726404,OGNUSDT,Sell,11547,0.046583,"{""T"":1791518726404,""s"":""OGNUSDT"",""S"":""Sell"",""v"":""11547"",""p"":""0.046583""}"
2026-10-09T04:05:27.138150Z,1791518726597,OGNUSDT,Sell,159,0.046572,"{""T"":1791518726597,""s"":""OGNUSDT"",""S"":""Sell"",""v"":""159"",""p"":""0.046572""}"
2026-10-09T04:05:27.138150Z,1791518726607,OGNUSDT,Sell,21480,0.046555,"{""T"":1791518726607,""s"":""OGNUSDT"",""S"":""Sell"",""v"":""21480"",""p"":""0.046555""}"
2026-10-09T04:05:27.138150Z,1791518726618,OGNUSDT,Sell,201,0.046617,"{""T"":1791518726618,""s"":""OGNUSDT"",""S"":""Sell"",""v"":""201"",""p"":""0.046617""}"
2026-10-09T04:05:27.138150Z,1791518726741,OGNUSDT,Sell,25615,0.046551,"{""T"":1791518726741,""s"":""OGNUSDT"",""S"":""Sell"",""v"":""25615"",""p"":""0.046551""}"
2026-10-09T04:05:27.638372Z,1791518727221,OGNUSDT,Sell,1468,0.046646,"{""T"":1791518727221,""s"":""OGNUSDT"",""S"":""Sell"",""v"":""1468"",""p"":""0.046646""}"
2026-10-09T04:05:27.638372Z,1791518727438,OGNUSDT,Sell,598,0.046644,"{""T"":1791518727438,""s"":""OGNUSDT"",""S"":""Sell"",""v"":""598"",""p"":""0.046644""}"
2026-10-09T04:05:29.138264Z,1791518728619,OGNUSDT,Sell,2083,0.046733,"{""T"":1791518728619,""s"":""OGNUSDT"",""S"":""Sell"",""v"":""2083"",""p"":""0.046733""}"
2026-10-09T04:05:29.138264Z,1791518728714,OGNUSDT,Sell,8044,0.046712,"{""T"":1791518728714,""s"":""OGNUSDT"",""S"":""Sell"",""v"":""8044"",""p"":""0.046712""}"
2026-10-09T04:05:29.138264Z,1791518728773,OGNUSDT,Sell,959,0.046724,"{""T"":1791518728773,""s"":""OGNUSDT"",""S"":""Sell"",""v"":""959"",""p"":""0.046724""}"
2026-10-09T04:05:30.315862Z,1791518730215,METUSDT,Sell,403.0,0.43900,"{""T"":1791518730215,""s"":""METUSDT"",""S"":""Sell"",""v"":""403.0"",""p"":""0.43900""}"
2026-10-09T04:05:30.638238Z,1791518730215,OGNUSDT,Sell,4327,0.047411,"{""T"":1791518730215,""s"":""OGNUSDT"",""S"":""Sell"",""v"":""4327"",""p"":""0.047411""}"
2026-10-09T04:05:30.638238Z,1791518730366,OGNUSDT,Sell,8775,0.046985,"{""T"":1791518730366,""s"":""OGNUSDT"",""S"":""Sell"",""v"":""8775"",""p"":""0.046985""}"
2026-10-09T04:05:30.638238Z,1791518730425,OGNUSDT,Sell,704,0.046875,"{""T"":1791518730425,""s"":""OGNUSDT"",""S"":""Sell"",""v"":""704"",""p"":""0.046875""}"
2026-10-09T04:05:30.638238Z,1791518730433,OGNUSDT,Sell,745,0.046960,"{""T"":1791518730433,""s"":""OGNUSDT"",""S"":""Sell"",""v"":""745"",""p"":""0.046960""}"
2026-10-09T04:05:30.638238Z,1791518730451,OGNUSDT,Sell,5670,0.047284,"{""T"":1791518730451,""s"":""OGNUSDT"",""S"":""Sell"",""v"":""5670"",""p"":""0.047284""}"
2026-10-09T04:05:30.638238Z,1791518730464,OGNUSDT,Sell,4763,0.046869,"{""T"":1791518730464,""s"":""OGNUSDT"",""S"":""Sell"",""v"":""4763"",""p"":""0.046869""}"
2026-10-09T04:05:30.638238Z,1791518730532,OGNUSDT,Sell,923,0.047300,"{""T"":1791518730532,""s"":""OGNUSDT"",""S"":""Sell"",""v"":""923"",""p"":""0.047300""}"
2026-10-09T04:05:30.638780Z,1791518730215,STRKUSDT,Sell,2914.7,0.06765,"{""T"":1791518730215,""s"":""STRKUSDT"",""S"":""Sell"",""v"":""2914.7"",""p"":""0.06765""}"
2026-10-09T04:05:31.139051Z,1791518730550,OGNUSDT,Sell,18171,0.047226,"{""T"":1791518730550,""s"":""OGNUSDT"",""S"":""Sell"",""v"":""18171"",""p"":""0.047226""}"
2026-10-09T04:05:31.139051Z,1791518730644,OGNUSDT,Sell,40000,0.047018,"{""T"":1791518730644,""s"":""OGNUSDT"",""S"":""Sell"",""v"":""40000"",""p"":""0.047018""}"
2026-10-09T04:05:31.139051Z,1791518730724,OGNUSDT,Sell,83947,0.047466,"{""T"":1791518730724,""s"":""OGNUSDT"",""S"":""Sell"",""v"":""83947"",""p"":""0.047466""}"
2026-10-09T04:05:31.139051Z,1791518730755,OGNUSDT,Sell,130,0.047154,"{""T"":1791518730755,""s"":""OGNUSDT"",""S"":""Sell"",""v"":""130"",""p"":""0.047154""}"
2026-10-09T04:05:31.139051Z,1791518731011,OGNUSDT,Sell,2347,0.046930,"{""T"":1791518731011,""s"":""OGNUSDT"",""S"":""Sell"",""v"":""2347"",""p"":""0.046930""}"
2026-10-09T04:05:32.638180Z,1791518732368,OGNUSDT,Sell,2200,0.047810,"{""T"":1791518732368,""s"":""OGNUSDT"",""S"":""Sell"",""v"":""2200"",""p"":""0.047810""}"
2026-10-09T04:05:32.638180Z,1791518732423,OGNUSDT,Sell,18048,0.047860,"{""T"":1791518732423,""s"":""OGNUSDT"",""S"":""Sell"",""v"":""18048"",""p"":""0.047860""}"
2026-10-09T04:05:33.138163Z,1791518732553,OGNUSDT,Sell,2308,0.047585,"{""T"":1791518732553,""s"":""OGNUSDT"",""S"":""Sell"",""v"":""2308"",""p"":""0.047585""}"
2026-10-09T04:05:33.138163Z,1791518732761,OGNUSDT,Sell,5250,0.047563,"{""T"":1791518732761,""s"":""OGNUSDT"",""S"":""Sell"",""v"":""5250"",""p"":""0.047563""}"
2026-10-09T04:05:33.138163Z,1791518732910,OGNUSDT,Sell,2971,0.047700,"{""T"":1791518732910,""s"":""OGNUSDT"",""S"":""Sell"",""v"":""2971"",""p"":""0.047700""}"
2026-10-09T04:05:51.138984Z,1791518750555,OGNUSDT,Sell,8680,0.047964,"{""T"":1791518750555,""s"":""OGNUSDT"",""S"":""Sell"",""v"":""8680"",""p"":""0.047964""}"
2026-10-09T04:06:19.019715Z,1791518778640,NEARUSDT,Buy,33.0,4.7390,"{""T"":1791518778640,""s"":""NEARUSDT"",""S"":""Buy"",""v"":""33.0"",""p"":""4.7390""}"
2026-10-09T04:06:20.815754Z,1791518780357,METUSDT,Buy,464.8,0.42050,"{""T"":1791518780357,""s"":""METUSDT"",""S"":""Buy"",""v"":""464.8"",""p"":""0.42050""}"
2026-10-09T04:06:31.639183Z,1791518791511,OGNUSDT,Sell,25190,0.048001,"{""T"":1791518791511,""s"":""OGNUSDT"",""S"":""Sell"",""v"":""25190"",""p"":""0.048001""}"
2026-10-09T04:06:32.638358Z,1791518792112,OGNUSDT,Sell,246,0.048042,"{""T"":1791518792112,""s"":""OGNUSDT"",""S"":""Sell"",""v"":""246"",""p"":""0.048042""}"
2026-10-09T04:06:34.138018Z,1791518793567,OGNUSDT,Sell,8574,0.048111,"{""T"":1791518793567,""s"":""OGNUSDT"",""S"":""Sell"",""v"":""8574"",""p"":""0.048111""}"
2026-10-09T04:06:36.138804Z,1791518796001,OGNUSDT,Sell,105907,0.048181,"{""T"":1791518796001,""s"":""OGNUSDT"",""S"":""Sell"",""v"":""105907"",""p"":""0.048181""}"
2026-10-09T04:07:08.489659Z,1791518827994,CLUSDT,Buy,4.46,89.640,"{""T"":1791518827994,""s"":""CLUSDT"",""S"":""Buy"",""v"":""4.46"",""p"":""89.640""}"
2026-10-09T04:07:49.816717Z,1791518869500,METUSDT,Buy,684.7,0.41720,"{""T"":1791518869500,""s"":""METUSDT"",""S"":""Buy"",""v"":""684.7"",""p"":""0.41720""}"
2026-10-09T04:07:52.316528Z,1791518872116,METUSDT,Buy,27.6,0.41610,"{""T"":1791518872116,""s"":""METUSDT"",""S"":""Buy"",""v"":""27.6"",""p"":""0.41610""}"
2026-10-09T04:07:57.815911Z,1791518877276,METUSDT,Buy,14.9,0.41530,"{""T"":1791518877276,""s"":""METUSDT"",""S"":""Buy"",""v"":""14.9"",""p"":""0.41530""}"
2026-10-09T04:09:07.351271Z,1791518947061,SANDUSDT,Sell,419,0.07205,"{""T"":1791518947061,""s"":""SANDUSDT"",""S"":""Sell"",""v"":""419"",""p"":""0.07205""}"
2026-10-09T04:09:48.993610Z,1791518988564,BTWUSDT,Sell,7000,1.52036,"{""T"":1791518988564,""s"":""BTWUSDT"",""S"":""Sell"",""v"":""7000"",""p"":""1.52036""}"
2026-10-09T04:10:04.990262Z,1791519004402,BTWUSDT,Sell,10,1.52111,"{""T"":1791519004402,""s"":""BTWUSDT"",""S"":""Sell"",""v"":""10"",""p"":""1.52111""}"
2026-10-09T04:10:06.999578Z,1791519006835,XAUTUSDT,Buy,0.027,4138.50,"{""T"":1791519006835,""s"":""XAUTUSDT"",""S"":""Buy"",""v"":""0.027"",""p"":""4138.50""}"
2026-10-09T04:11:05.519497Z,1791519065185,PYTHUSDT,Sell,604,0.08429,"{""T"":1791519065185,""s"":""PYTHUSDT"",""S"":""Sell"",""v"":""604"",""p"":""0.08429""}"
2026-10-09T04:11:42.638340Z,1791519102507,STRKUSDT,Sell,29610.1,0.06821,"{""T"":1791519102507,""s"":""STRKUSDT"",""S"":""Sell"",""v"":""29610.1"",""p"":""0.06821""}"
2026-10-09T04:11:49.959640Z,1791519109536,QNTUSDT,Buy,0.24,234.71,"{""T"":1791519109536,""s"":""QNTUSDT"",""S"":""Buy"",""v"":""0.24"",""p"":""234.71""}"
2026-10-09T04:12:02.138371Z,1791519121864,OGNUSDT,Buy,1173,0.045319,"{""T"":1791519121864,""s"":""OGNUSDT"",""S"":""Buy"",""v"":""1173"",""p"":""0.045319""}"
2026-10-09T04:12:07.638178Z,1791519127051,STRKUSDT,Sell,14326.3,0.06864,"{""T"":1791519127051,""s"":""STRKUSDT"",""S"":""Sell"",""v"":""14326.3"",""p"":""0.06864""}"
2026-10-09T04:12:07.638178Z,1791519127082,STRKUSDT,Sell,6842.6,0.06865,"{""T"":1791519127082,""s"":""STRKUSDT"",""S"":""Sell"",""v"":""6842.6"",""p"":""0.06865""}"
2026-10-09T04:12:08.138294Z,1791519127695,STRKUSDT,Sell,9337.0,0.06870,"{""T"":1791519127695,""s"":""STRKUSDT"",""S"":""Sell"",""v"":""9337.0"",""p"":""0.06870""}"
2026-10-09T04:12:14.019538Z,1791519133722,ATOMUSDT,Sell,8.2,1.8740,"{""T"":1791519133722,""s"":""ATOMUSDT"",""S"":""Sell"",""v"":""8.2"",""p"":""1.8740""}"
2026-10-09T04:12:48.568539Z,1791519168203,BTCUSDT,Sell,0.056,82750.20,"{""T"":1791519168203,""s"":""BTCUSDT"",""S"":""Sell"",""v"":""0.056"",""p"":""82750.20""}"
2026-10-09T04:12:53.989853Z,1791519173700,BTWUSDT,Sell,210,1.52434,"{""T"":1791519173700,""s"":""BTWUSDT"",""S"":""Sell"",""v"":""210"",""p"":""1.52434""}"
2026-10-09T04:13:38.520313Z,1791519218150,ATOMUSDT,Sell,60.0,1.8780,"{""T"":1791519218150,""s"":""ATOMUSDT"",""S"":""Sell"",""v"":""60.0"",""p"":""1.8780""}"
2026-10-09T04:13:47.019899Z,1791519226618,ATOMUSDT,Sell,75.7,1.8790,"{""T"":1791519226618,""s"":""ATOMUSDT"",""S"":""Sell"",""v"":""75.7"",""p"":""1.8790""}"
2026-10-09T04:13:54.989788Z,1791519234487,BTWUSDT,Sell,200,1.52902,"{""T"":1791519234487,""s"":""BTWUSDT"",""S"":""Sell"",""v"":""200"",""p"":""1.52902""}"
2026-10-09T04:14:49.828694Z,1791519289437,FARTCOINUSDT,Buy,32,0.16084,"{""T"":1791519289437,""s"":""FARTCOINUSDT"",""S"":""Buy"",""v"":""32"",""p"":""0.16084""}"
2026-10-09T04:15:58.019060Z,1791519357888,ATOMUSDT,Sell,3.9,1.8850,"{""T"":1791519357888,""s"":""ATOMUSDT"",""S"":""Sell"",""v"":""3.9"",""p"":""1.8850""}"
2026-10-09T04:15:58.519042Z,1791519357979,ATOMUSDT,Sell,5.8,1.8850,"{""T"":1791519357979,""s"":""ATOMUSDT"",""S"":""Sell"",""v"":""5.8"",""p"":""1.8850""}"
2026-10-09T04:16:03.638317Z,1791519363432,STRKUSDT,Sell,8680.5,0.06861,"{""T"":1791519363432,""s"":""STRKUSDT"",""S"":""Sell"",""v"":""8680.5"",""p"":""0.06861""}"
2026-10-09T04:17:08.138076Z,1791519427720,STRKUSDT,Sell,3182.4,0.06894,"{""T"":1791519427720,""s"":""STRKUSDT"",""S"":""Sell"",""v"":""3182.4"",""p"":""0.06894""}"
2026-10-09T04:17:11.138079Z,1791519430725,STRKUSDT,Sell,14641.4,0.06896,"{""T"":1791519430725,""s"":""STRKUSDT"",""S"":""Sell"",""v"":""14641.4"",""p"":""0.06896""}"
2026-10-09T04:17:16.139179Z,1791519436049,STRKUSDT,Sell,5210.1,0.06899,"{""T"":1791519436049,""s"":""STRKUSDT"",""S"":""Sell"",""v"":""5210.1"",""p"":""0.06899""}"
2026-10-09T04:17:17.138174Z,1791519436775,STRKUSDT,Sell,2399.7,0.06897,"{""T"":1791519436775,""s"":""STRKUSDT"",""S"":""Sell"",""v"":""2399.7"",""p"":""0.06897""}"
2026-10-09T04:17:21.138599Z,1791519440846,STRKUSDT,Sell,69358.9,0.06904,"{""T"":1791519440846,""s"":""STRKUSDT"",""S"":""Sell"",""v"":""69358.9"",""p"":""0.06904""}"
2026-10-09T04:17:21.138599Z,1791519440886,STRKUSDT,Sell,4846.0,0.06913,"{""T"":1791519440886,""s"":""STRKUSDT"",""S"":""Sell"",""v"":""4846.0"",""p"":""0.06913""}"
2026-10-09T04:17:21.638597Z,1791519441464,STRKUSDT,Sell,151400.4,0.06908,"{""T"":1791519441464,""s"":""STRKUSDT"",""S"":""Sell"",""v"":""151400.4"",""p"":""0.06908""}"
2026-10-09T04:17:21.999509Z,1791519441464,RLCUSDT,Buy,1107.1,0.8954,"{""T"":1791519441464,""s"":""RLCUSDT"",""S"":""Buy"",""v"":""1107.1"",""p"":""0.8954""}"
2026-10-09T04:17:22.138249Z,1791519441682,STRKUSDT,Sell,1754.3,0.06900,"{""T"":1791519441682,""s"":""STRKUSDT"",""S"":""Sell"",""v"":""1754.3"",""p"":""0.06900""}"
2026-10-09T04:17:30.638228Z,1791519450418,STRKUSDT,Sell,130.9,0.06944,"{""T"":1791519450418,""s"":""STRKUSDT"",""S"":""Sell"",""v"":""130.9"",""p"":""0.06944""}"
2026-10-09T04:17:31.138480Z,1791519450736,STRKUSDT,Sell,32.0,0.06941,"{""T"":1791519450736,""s"":""STRKUSDT"",""S"":""Sell"",""v"":""32.0"",""p"":""0.06941""}"
2026-10-09T04:17:31.639240Z,1791519451232,STRKUSDT,Sell,48287.9,0.06944,"{""T"":1791519451232,""s"":""STRKUSDT"",""S"":""Sell"",""v"":""48287.9"",""p"":""0.06944""}"
2026-10-09T04:17:31.639240Z,1791519451241,STRKUSDT,Sell,1542.3,0.06949,"{""T"":1791519451241,""s"":""STRKUSDT"",""S"":""Sell"",""v"":""1542.3"",""p"":""0.06949""}"
2026-10-09T04:17:31.639240Z,1791519451495,STRKUSDT,Sell,928.9,0.06958,"{""T"":1791519451495,""s"":""STRKUSDT"",""S"":""Sell"",""v"":""928.9"",""p"":""0.06958""}"
2026-10-09T04:17:36.638269Z,1791519456445,STRKUSDT,Sell,970.5,0.06962,"{""T"":1791519456445,""s"":""STRKUSDT"",""S"":""Sell"",""v"":""970.5"",""p"":""0.06962""}"
2026-10-09T04:17:37.638297Z,1791519457233,STRKUSDT,Sell,5000.0,0.06975,"{""T"":1791519457233,""s"":""STRKUSDT"",""S"":""Sell"",""v"":""5000.0"",""p"":""0.06975""}"
2026-10-09T04:17:38.137881Z,1791519457622,STRKUSDT,Sell,20000.0,0.06975,"{""T"":1791519457622,""s"":""STRKUSDT"",""S"":""Sell"",""v"":""20000.0"",""p"":""0.06975""}"
2026-10-09T04:17:38.137881Z,1791519457899,STRKUSDT,Sell,528.1,0.06975,"{""T"":1791519457899,""s"":""STRKUSDT"",""S"":""Sell"",""v"":""528.1"",""p"":""0.06975""}"
2026-10-09T04:17:44.568476Z,1791519464067,BTCUSDT,Sell,0.002,82753.50,"{""T"":1791519464067,""s"":""BTCUSDT"",""S"":""Sell"",""v"":""0.002"",""p"":""82753.50""}"
2026-10-09T04:17:44.568476Z,1791519464259,BTCUSDT,Sell,0.004,82756.70,"{""T"":1791519464259,""s"":""BTCUSDT"",""S"":""Sell"",""v"":""0.004"",""p"":""82756.70""}"
2026-10-09T04:17:45.068731Z,1791519464630,BTCUSDT,Sell,0.015,82756.70,"{""T"":1791519464630,""s"":""BTCUSDT"",""S"":""Sell"",""v"":""0.015"",""p"":""82756.70""}"
2026-10-09T04:17:45.068731Z,1791519464711,BTCUSDT,Sell,0.051,82756.30,"{""T"":1791519464711,""s"":""BTCUSDT"",""S"":""Sell"",""v"":""0.051"",""p"":""82756.30""}"
2026-10-09T04:17:50.499590Z,1791519470173,STXUSDT,Sell,471.6,0.40110,"{""T"":1791519470173,""s"":""STXUSDT"",""S"":""Sell"",""v"":""471.6"",""p"":""0.40110""}"
2026-10-09T04:18:16.641415Z,1791519496466,STRKUSDT,Buy,2181.0,0.06730,"{""T"":1791519496466,""s"":""STRKUSDT"",""S"":""Buy"",""v"":""2181.0"",""p"":""0.06730""}"
2026-10-09T04:19:29.641345Z,1791519569294,OGNUSDT,Buy,2584,0.044874,"{""T"":1791519569294,""s"":""OGNUSDT"",""S"":""Buy"",""v"":""2584"",""p"":""0.044874""}"
2026-10-09T04:19:29.641345Z,1791519569345,OGNUSDT,Buy,1482,0.044879,"{""T"":1791519569345,""s"":""OGNUSDT"",""S"":""Buy"",""v"":""1482"",""p"":""0.044879""}"
2026-10-09T04:20:12.138844Z,1791519611744,OGNUSDT,Buy,120,0.044840,"{""T"":1791519611744,""s"":""OGNUSDT"",""S"":""Buy"",""v"":""120"",""p"":""0.044840""}"
2026-10-09T04:20:46.489780Z,1791519646346,BTWUSDT,Sell,100,1.53393,"{""T"":1791519646346,""s"":""BTWUSDT"",""S"":""Sell"",""v"":""100"",""p"":""1.53393""}"
2026-10-09T04:21:26.019826Z,1791519685718,NEARUSDT,Buy,1276.0,4.7170,"{""T"":1791519685718,""s"":""NEARUSDT"",""S"":""Buy"",""v"":""1276.0"",""p"":""4.7170""}"
2026-10-09T04:21:34.638054Z,1791519694399,OGNUSDT,Sell,13451,0.047858,"{""T"":1791519694399,""s"":""OGNUSDT"",""S"":""Sell"",""v"":""13451"",""p"":""0.047858""}"
2026-10-09T04:22:12.138161Z,1791519731728,OGNUSDT,Sell,1724,0.048301,"{""T"":1791519731728,""s"":""OGNUSDT"",""S"":""Sell"",""v"":""1724"",""p"":""0.048301""}"
2026-10-09T04:22:12.138161Z,1791519731901,OGNUSDT,Sell,116,0.048428,"{""T"":1791519731901,""s"":""OGNUSDT"",""S"":""Sell"",""v"":""116"",""p"":""0.048428""}"
2026-10-09T04:22:12.138161Z,1791519731937,OGNUSDT,Sell,259,0.048259,"{""T"":1791519731937,""s"":""OGNUSDT"",""S"":""Sell"",""v"":""259"",""p"":""0.048259""}"
2026-10-09T04:22:12.138161Z,1791519731942,OGNUSDT,Sell,7330,0.048279,"{""T"":1791519731942,""s"":""OGNUSDT"",""S"":""Sell"",""v"":""7330"",""p"":""0.048279""}"
2026-10-09T04:22:13.638159Z,1791519733103,OGNUSDT,Sell,1824,0.048507,"{""T"":1791519733103,""s"":""OGNUSDT"",""S"":""Sell"",""v"":""1824"",""p"":""0.048507""}"
2026-10-09T04:22:13.638159Z,1791519733173,OGNUSDT,Sell,4148,0.048461,"{""T"":1791519733173,""s"":""OGNUSDT"",""S"":""Sell"",""v"":""4148"",""p"":""0.048461""}"
2026-10-09T04:24:39.499707Z,1791519879011,RLCUSDT,Buy,43.7,0.8691,"{""T"":1791519879011,""s"":""RLCUSDT"",""S"":""Buy"",""v"":""43.7"",""p"":""0.8691""}"
2026-10-09T04:24:39.499707Z,1791519879013,RLCUSDT,Buy,270.6,0.8659,"{""T"":1791519879013,""s"":""RLCUSDT"",""S"":""Buy"",""v"":""270.6"",""p"":""0.8659""}"
2026-10-09T04:24:54.142219Z,1791519893740,STRKUSDT,Buy,119.9,0.06648,"{""T"":1791519893740,""s"":""STRKUSDT"",""S"":""Buy"",""v"":""119.9"",""p"":""0.06648""}"
2026-10-09T04:25:19.959128Z,1791519919806,QNTUSDT,Buy,0.25,234.24,"{""T"":1791519919806,""s"":""QNTUSDT"",""S"":""Buy"",""v"":""0.25"",""p"":""234.24""}"
2026-10-09T04:25:51.639081Z,1791519951213,OGNUSDT,Buy,13657,0.045334,"{""T"":1791519951213,""s"":""OGNUSDT"",""S"":""Buy"",""v"":""13657"",""p"":""0.045334""}"
2026-10-09T04:26:07.138662Z,1791519966610,OGNUSDT,Buy,19105,0.045114,"{""T"":1791519966610,""s"":""OGNUSDT"",""S"":""Buy"",""v"":""19105"",""p"":""0.045114""}"
2026-10-09T04:26:21.331831Z,1791519981109,RAYDIUMUSDT,Buy,28.5,2.4202,"{""T"":1791519981109,""s"":""RAYDIUMUSDT"",""S"":""Buy"",""v"":""28.5"",""p"":""2.4202""}"
2026-10-09T04:27:13.138726Z,1791520033042,OGNUSDT,Buy,1073,0.044715,"{""T"":1791520033042,""s"":""OGNUSDT"",""S"":""Buy"",""v"":""1073"",""p"":""0.044715""}"
2026-10-09T04:27:13.638166Z,1791520033157,OGNUSDT,Buy,16004,0.044530,"{""T"":1791520033157,""s"":""OGNUSDT"",""S"":""Buy"",""v"":""16004"",""p"":""0.044530""}"
2026-10-09T04:27:16.638323Z,1791520036442,OGNUSDT,Buy,15000,0.044445,"{""T"":1791520036442,""s"":""OGNUSDT"",""S"":""Buy"",""v"":""15000"",""p"":""0.044445""}"
2026-10-09T04:27:17.138094Z,1791520036810,OGNUSDT,Buy,2351,0.044392,"{""T"":1791520036810,""s"":""OGNUSDT"",""S"":""Buy"",""v"":""2351"",""p"":""0.044392""}"
2026-10-09T04:27:25.638132Z,1791520045320,STRKUSDT,Buy,516.3,0.06640,"{""T"":1791520045320,""s"":""STRKUSDT"",""S"":""Buy"",""v"":""516.3"",""p"":""0.06640""}"
2026-10-09T04:27:40.138352Z,1791520060041,OGNUSDT,Buy,200,0.044112,"{""T"":1791520060041,""s"":""OGNUSDT"",""S"":""Buy"",""v"":""200"",""p"":""0.044112""}"
2026-10-09T04:29:52.638396Z,1791520192467,STRKUSDT,Buy,15647.2,0.06644,"{""T"":1791520192467,""s"":""STRKUSDT"",""S"":""Buy"",""v"":""15647.2"",""p"":""0.06644""}"
2026-10-09T04:30:26.989715Z,1791520226483,XAUUSDT,Sell,0.033,4206.54,"{""T"":1791520226483,""s"":""XAUUSDT"",""S"":""Sell"",""v"":""0.033"",""p"":""4206.54""}"
2026-10-09T04:31:06.638351Z,1791520266455,OGNUSDT,Sell,434,0.047097,"{""T"":1791520266455,""s"":""OGNUSDT"",""S"":""Sell"",""v"":""434"",""p"":""0.047097""}"
2026-10-09T04:31:09.638222Z,1791520269480,OGNUSDT,Sell,66963,0.047136,"{""T"":1791520269480,""s"":""OGNUSDT"",""S"":""Sell"",""v"":""66963"",""p"":""0.047136""}"
2026-10-09T04:31:20.638572Z,1791520280308,OGNUSDT,Sell,3212,0.047186,"{""T"":1791520280308,""s"":""OGNUSDT"",""S"":""Sell"",""v"":""3212"",""p"":""0.047186""}"
2026-10-09T04:32:00.417033Z,1791520320215,ZECUSDT,Sell,1.04,1233.38,"{""T"":1791520320215,""s"":""ZECUSDT"",""S"":""Sell"",""v"":""1.04"",""p"":""1233.38""}"
2026-10-09T04:32:16.917267Z,1791520336378,ZECUSDT,Sell,0.05,1236.78,"{""T"":1791520336378,""s"":""ZECUSDT"",""S"":""Sell"",""v"":""0.05"",""p"":""1236.78""}"
2026-10-09T04:32:26.638162Z,1791520346356,STRKUSDT,Buy,19116.3,0.06595,"{""T"":1791520346356,""s"":""STRKUSDT"",""S"":""Buy"",""v"":""19116.3"",""p"":""0.06595""}"
2026-10-09T04:34:24.644204Z,1791520464547,STRKUSDT,Sell,635.1,0.06821,"{""T"":1791520464547,""s"":""STRKUSDT"",""S"":""Sell"",""v"":""635.1"",""p"":""0.06821""}"
2026-10-09T04:34:57.989953Z,1791520497805,BTWUSDT,Sell,130,1.53837,"{""T"":1791520497805,""s"":""BTWUSDT"",""S"":""Sell"",""v"":""130"",""p"":""1.53837""}"
2026-10-09T04:37:36.519526Z,1791520656043,NEARUSDT,Buy,31.2,4.6980,"{""T"":1791520656043,""s"":""NEARUSDT"",""S"":""Buy"",""v"":""31.2"",""p"":""4.6980""}"
2026-10-09T04:38:07.519345Z,1791520687356,NEARUSDT,Buy,69.2,4.6860,"{""T"":1791520687356,""s"":""NEARUSDT"",""S"":""Buy"",""v"":""69.2"",""p"":""4.6860""}"
2026-10-09T04:38:08.019147Z,1791520687572,NEARUSDT,Buy,5.5,4.6860,"{""T"":1791520687572,""s"":""NEARUSDT"",""S"":""Buy"",""v"":""5.5"",""p"":""4.6860""}"
2026-10-09T04:38:12.639188Z,1791520692137,STRKUSDT,Sell,5644.6,0.06878,"{""T"":1791520692137,""s"":""STRKUSDT"",""S"":""Sell"",""v"":""5644.6"",""p"":""0.06878""}"
2026-10-09T04:38:19.638899Z,1791520699315,STRKUSDT,Sell,1811.8,0.06901,"{""T"":1791520699315,""s"":""STRKUSDT"",""S"":""Sell"",""v"":""1811.8"",""p"":""0.06901""}"
2026-10-09T04:40:13.496081Z,1791520812941,MINAUSDT,Buy,4654.1,0.07587,"{""T"":1791520812941,""s"":""MINAUSDT"",""S"":""Buy"",""v"":""4654.1"",""p"":""0.07587""}"
2026-10-09T04:40:26.316138Z,1791520825861,PUMPFUNUSDT,Buy,53200,0.0055260,"{""T"":1791520825861,""s"":""PUMPFUNUSDT"",""S"":""Buy"",""v"":""53200"",""p"":""0.0055260""}"
2026-10-09T04:40:26.995504Z,1791520826709,MINAUSDT,Buy,315.8,0.07579,"{""T"":1791520826709,""s"":""MINAUSDT"",""S"":""Buy"",""v"":""315.8"",""p"":""0.07579""}"
2026-10-09T04:40:55.138976Z,1791520854956,STRKUSDT,Sell,627.2,0.06932,"{""T"":1791520854956,""s"":""STRKUSDT"",""S"":""Sell"",""v"":""627.2"",""p"":""0.06932""}"
2026-10-09T04:42:06.319756Z,1791520926073,PUMPFUNUSDT,Buy,55000,0.0055180,"{""T"":1791520926073,""s"":""PUMPFUNUSDT"",""S"":""Buy"",""v"":""55000"",""p"":""0.0055180""}"
2026-10-09T04:42:39.815997Z,1791520959716,PUMPFUNUSDT,Buy,1500,0.0054990,"{""T"":1791520959716,""s"":""PUMPFUNUSDT"",""S"":""Buy"",""v"":""1500"",""p"":""0.0054990""}"
2026-10-09T04:42:47.840191Z,1791520967413,LITUSDT,Buy,92.2,3.6500,"{""T"":1791520967413,""s"":""LITUSDT"",""S"":""Buy"",""v"":""92.2"",""p"":""3.6500""}"
2026-10-09T04:43:17.639181Z,1791520997165,STRKUSDT,Buy,12988.5,0.06710,"{""T"":1791520997165,""s"":""STRKUSDT"",""S"":""Buy"",""v"":""12988.5"",""p"":""0.06710""}"
2026-10-09T04:43:17.639181Z,1791520997285,STRKUSDT,Buy,1361.3,0.06704,"{""T"":1791520997285,""s"":""STRKUSDT"",""S"":""Buy"",""v"":""1361.3"",""p"":""0.06704""}"
2026-10-09T04:43:21.315642Z,1791521000753,PUMPFUNUSDT,Buy,121800,0.0054720,"{""T"":1791521000753,""s"":""PUMPFUNUSDT"",""S"":""Buy"",""v"":""121800"",""p"":""0.0054720""}"
2026-10-09T04:43:47.499650Z,1791521027219,PENGUUSDT,Buy,86630,0.007995,"{""T"":1791521027219,""s"":""PENGUUSDT"",""S"":""Buy"",""v"":""86630"",""p"":""0.007995""}"
2026-10-09T04:44:14.816383Z,1791521054677,SPCXUSDT,Sell,3.02,166.98,"{""T"":1791521054677,""s"":""SPCXUSDT"",""S"":""Sell"",""v"":""3.02"",""p"":""166.98""}"
2026-10-09T04:44:14.910897Z,1791521054677,TIAUSDT,Sell,954.5,0.5293,"{""T"":1791521054677,""s"":""TIAUSDT"",""S"":""Sell"",""v"":""954.5"",""p"":""0.5293""}"
2026-10-09T04:44:14.958919Z,1791521054677,ETHUSDT,Sell,0.13,2497.26,"{""T"":1791521054677,""s"":""ETHUSDT"",""S"":""Sell"",""v"":""0.13"",""p"":""2497.26""}"
2026-10-09T04:44:15.018910Z,1791521054677,NEARUSDT,Sell,65.7,4.7460,"{""T"":1791521054677,""s"":""NEARUSDT"",""S"":""Sell"",""v"":""65.7"",""p"":""4.7460""}"
2026-10-09T04:44:15.138387Z,1791521054677,STRKUSDT,Sell,5067.1,0.06963,"{""T"":1791521054677,""s"":""STRKUSDT"",""S"":""Sell"",""v"":""5067.1"",""p"":""0.06963""}"
2026-10-09T04:44:15.138881Z,1791521054677,AKEUSDT,Sell,3700,0.0273850,"{""T"":1791521054677,""s"":""AKEUSDT"",""S"":""Sell"",""v"":""3700"",""p"":""0.0273850""}"
2026-10-09T04:44:22.519673Z,1791521062172,ATOMUSDT,Buy,82.0,1.8730,"{""T"":1791521062172,""s"":""ATOMUSDT"",""S"":""Buy"",""v"":""82.0"",""p"":""1.8730""}"
2026-10-09T04:44:52.863138Z,1791521092734,APTUSDT,Sell,816.32,0.7839,"{""T"":1791521092734,""s"":""APTUSDT"",""S"":""Sell"",""v"":""816.32"",""p"":""0.7839""}"
2026-10-09T04:45:36.066098Z,1791521135717,SOLUSDT,Buy,18.3,109.400,"{""T"":1791521135717,""s"":""SOLUSDT"",""S"":""Buy"",""v"":""18.3"",""p"":""109.400""}"
2026-10-09T04:45:39.138250Z,1791521138977,STRKUSDT,Sell,36103.9,0.06985,"{""T"":1791521138977,""s"":""STRKUSDT"",""S"":""Sell"",""v"":""36103.9"",""p"":""0.06985""}"
2026-10-09T04:45:39.138250Z,1791521139047,STRKUSDT,Sell,146177.4,0.07021,"{""T"":1791521139047,""s"":""STRKUSDT"",""S"":""Sell"",""v"":""146177.4"",""p"":""0.07021""}"
2026-10-09T04:45:39.411269Z,1791521139047,BZUSDT,Sell,24.42,101.88,"{""T"":1791521139047,""s"":""BZUSDT"",""S"":""Sell"",""v"":""24.42"",""p"":""101.88""}"
2026-10-09T04:45:39.458885Z,1791521139047,QNTUSDT,Buy,6.90,232.79,"{""T"":1791521139047,""s"":""QNTUSDT"",""S"":""Buy"",""v"":""6.90"",""p"":""232.79""}"
2026-10-09T04:45:39.565698Z,1791521139047,SOLUSDT,Buy,166.2,109.520,"{""T"":1791521139047,""s"":""SOLUSDT"",""S"":""Buy"",""v"":""166.2"",""p"":""109.520""}"
2026-10-09T04:45:39.638236Z,1791521139061,STRKUSDT,Sell,2353.2,0.07030,"{""T"":1791521139061,""s"":""STRKUSDT"",""S"":""Sell"",""v"":""2353.2"",""p"":""0.07030""}"
2026-10-09T04:45:39.638236Z,1791521139364,STRKUSDT,Sell,10662.1,0.07038,"{""T"":1791521139364,""s"":""STRKUSDT"",""S"":""Sell"",""v"":""10662.1"",""p"":""0.07038""}"
2026-10-09T04:45:39.638236Z,1791521139391,STRKUSDT,Sell,17.4,0.07036,"{""T"":1791521139391,""s"":""STRKUSDT"",""S"":""Sell"",""v"":""17.4"",""p"":""0.07036""}"
2026-10-09T04:45:39.638236Z,1791521139423,STRKUSDT,Sell,4630.0,0.07003,"{""T"":1791521139423,""s"":""STRKUSDT"",""S"":""Sell"",""v"":""4630.0"",""p"":""0.07003""}"
2026-10-09T04:45:39.638236Z,1791521139435,STRKUSDT,Sell,187.3,0.07026,"{""T"":1791521139435,""s"":""STRKUSDT"",""S"":""Sell"",""v"":""187.3"",""p"":""0.07026""}"
2026-10-09T04:45:40.138131Z,1791521139588,STRKUSDT,Sell,240.4,0.07008,"{""T"":1791521139588,""s"":""STRKUSDT"",""S"":""Sell"",""v"":""240.4"",""p"":""0.07008""}"
2026-10-09T04:45:40.138131Z,1791521139808,STRKUSDT,Sell,6180.5,0.07004,"{""T"":1791521139808,""s"":""STRKUSDT"",""S"":""Sell"",""v"":""6180.5"",""p"":""0.07004""}"
2026-10-09T04:45:42.638214Z,1791521142169,STRKUSDT,Sell,30589.3,0.07050,"{""T"":1791521142169,""s"":""STRKUSDT"",""S"":""Sell"",""v"":""30589.3"",""p"":""0.07050""}"
2026-10-09T04:45:42.638214Z,1791521142306,STRKUSDT,Sell,2683.8,0.07061,"{""T"":1791521142306,""s"":""STRKUSDT"",""S"":""Sell"",""v"":""2683.8"",""p"":""0.07061""}"
2026-10-09T04:45:43.138207Z,1791521142702,STRKUSDT,Sell,13718.8,0.07062,"{""T"":1791521142702,""s"":""STRKUSDT"",""S"":""Sell"",""v"":""13718.8"",""p"":""0.07062""}"
2026-10-09T04:45:44.138918Z,1791521143980,STRKUSDT,Sell,3818.0,0.07065,"{""T"":1791521143980,""s"":""STRKUSDT"",""S"":""Sell"",""v"":""3818.0"",""p"":""0.07065""}"
2026-10-09T04:45:45.138513Z,1791521144894,STRKUSDT,Sell,3065.5,0.07070,"{""T"":1791521144894,""s"":""STRKUSDT"",""S"":""Sell"",""v"":""3065.5"",""p"":""0.07070""}"
2026-10-09T04:45:47.138462Z,1791521146821,STRKUSDT,Sell,12894.5,0.07074,"{""T"":1791521146821,""s"":""STRKUSDT"",""S"":""Sell"",""v"":""12894.5"",""p"":""0.07074""}"
2026-10-09T04:45:47.138462Z,1791521146916,STRKUSDT,Sell,2538.4,0.07082,"{""T"":1791521146916,""s"":""STRKUSDT"",""S"":""Sell"",""v"":""2538.4"",""p"":""0.07082""}"
2026-10-09T04:45:47.331893Z,1791521146821,JCTUSDT,Sell,60000,0.0023350,"{""T"":1791521146821,""s"":""JCTUSDT"",""S"":""Sell"",""v"":""60000"",""p"":""0.0023350""}"
2026-10-09T04:45:48.138604Z,1791521147779,STRKUSDT,Sell,27751.7,0.07092,"{""T"":1791521147779,""s"":""STRKUSDT"",""S"":""Sell"",""v"":""27751.7"",""p"":""0.07092""}"
2026-10-09T04:45:48.138604Z,1791521147814,STRKUSDT,Sell,884.5,0.07090,"{""T"":1791521147814,""s"":""STRKUSDT"",""S"":""Sell"",""v"":""884.5"",""p"":""0.07090""}"
2026-10-09T04:45:48.831639Z,1791521148598,JCTUSDT,Buy,120400,0.0022300,"{""T"":1791521148598,""s"":""JCTUSDT"",""S"":""Buy"",""v"":""120400"",""p"":""0.0022300""}"
2026-10-09T04:45:48.832110Z,1791521148598,PONSUSDT,Buy,1422,0.3535,"{""T"":1791521148598,""s"":""PONSUSDT"",""S"":""Buy"",""v"":""1422"",""p"":""0.3535""}"
2026-10-09T04:45:48.989984Z,1791521148598,BTWUSDT,Sell,130,1.53390,"{""T"":1791521148598,""s"":""BTWUSDT"",""S"":""Sell"",""v"":""130"",""p"":""1.53390""}"
2026-10-09T04:45:48.994940Z,1791521148598,MINAUSDT,Buy,3826.7,0.07562,"{""T"":1791521148598,""s"":""MINAUSDT"",""S"":""Buy"",""v"":""3826.7"",""p"":""0.07562""}"
2026-10-09T04:45:49.138679Z,1791521148598,STRKUSDT,Sell,11172.0,0.07093,"{""T"":1791521148598,""s"":""STRKUSDT"",""S"":""Sell"",""v"":""11172.0"",""p"":""0.07093""}"
2026-10-09T04:45:55.138320Z,1791521154654,STRKUSDT,Sell,1380.9,0.07108,"{""T"":1791521154654,""s"":""STRKUSDT"",""S"":""Sell"",""v"":""1380.9"",""p"":""0.07108""}"
2026-10-09T04:46:00.638411Z,1791521160051,STRKUSDT,Sell,5450.2,0.07142,"{""T"":1791521160051,""s"":""STRKUSDT"",""S"":""Sell"",""v"":""5450.2"",""p"":""0.07142""}"
2026-10-09T04:46:01.138332Z,1791521160820,STRKUSDT,Sell,8711.8,0.07146,"{""T"":1791521160820,""s"":""STRKUSDT"",""S"":""Sell"",""v"":""8711.8"",""p"":""0.07146""}"
2026-10-09T04:46:01.138332Z,1791521160905,STRKUSDT,Sell,672.1,0.07141,"{""T"":1791521160905,""s"":""STRKUSDT"",""S"":""Sell"",""v"":""672.1"",""p"":""0.07141""}"
2026-10-09T04:46:18.642876Z,1791521178332,STRKUSDT,Sell,41732.1,0.07158,"{""T"":1791521178332,""s"":""STRKUSDT"",""S"":""Sell"",""v"":""41732.1"",""p"":""0.07158""}"
2026-10-09T04:46:19.138247Z,1791521178965,STRKUSDT,Sell,569.7,0.07163,"{""T"":1791521178965,""s"":""STRKUSDT"",""S"":""Sell"",""v"":""569.7"",""p"":""0.07163""}"
2026-10-09T04:46:20.138344Z,1791521179944,STRKUSDT,Buy,325.3,0.06929,"{""T"":1791521179944,""s"":""STRKUSDT"",""S"":""Buy"",""v"":""325.3"",""p"":""0.06929""}"
2026-10-09T04:46:21.138145Z,1791521180653,STRKUSDT,Buy,566.8,0.06915,"{""T"":1791521180653,""s"":""STRKUSDT"",""S"":""Buy"",""v"":""566.8"",""p"":""0.06915""}"
2026-10-09T04:46:21.138145Z,1791521180923,STRKUSDT,Buy,140.4,0.06879,"{""T"":1791521180923,""s"":""STRKUSDT"",""S"":""Buy"",""v"":""140.4"",""p"":""0.06879""}"
2026-10-09T04:46:22.019061Z,1791521181874,NEARUSDT,Buy,2.0,4.6720,"{""T"":1791521181874,""s"":""NEARUSDT"",""S"":""Buy"",""v"":""2.0"",""p"":""4.6720""}"
2026-10-09T04:46:23.519076Z,1791521183104,NEARUSDT,Buy,294.7,4.6690,"{""T"":1791521183104,""s"":""NEARUSDT"",""S"":""Buy"",""v"":""294.7"",""p"":""4.6690""}"
2026-10-09T04:46:26.489628Z,1791521186397,SOXLUSDT,Buy,0.20,145.55,"{""T"":1791521186397,""s"":""SOXLUSDT"",""S"":""Buy"",""v"":""0.20"",""p"":""145.55""}"
2026-10-09T04:46:29.566154Z,1791521189037,SOLUSDT,Buy,0.8,109.340,"{""T"":1791521189037,""s"":""SOLUSDT"",""S"":""Buy"",""v"":""0.8"",""p"":""109.340""}"
2026-10-09T04:46:30.638823Z,1791521190155,STRKUSDT,Buy,276.3,0.06824,"{""T"":1791521190155,""s"":""STRKUSDT"",""S"":""Buy"",""v"":""276.3"",""p"":""0.06824""}"
2026-10-09T04:46:40.138638Z,1791521199635,OGNUSDT,Buy,411,0.044736,"{""T"":1791521199635,""s"":""OGNUSDT"",""S"":""Buy"",""v"":""411"",""p"":""0.044736""}"
2026-10-09T04:47:02.639580Z,1791521222444,STRKUSDT,Sell,32740.9,0.07140,"{""T"":1791521222444,""s"":""STRKUSDT"",""S"":""Sell"",""v"":""32740.9"",""p"":""0.07140""}"
2026-10-09T04:47:30.139266Z,1791521249692,STRKUSDT,Buy,1556.5,0.06817,"{""T"":1791521249692,""s"":""STRKUSDT"",""S"":""Buy"",""v"":""1556.5"",""p"":""0.06817""}"
2026-10-09T04:47:48.852006Z,1791521268382,SANDUSDT,Buy,970,0.07039,"{""T"":1791521268382,""s"":""SANDUSDT"",""S"":""Buy"",""v"":""970"",""p"":""0.07039""}"
2026-10-09T04:48:27.138285Z,1791521306943,STRKUSDT,Buy,41797.4,0.06816,"{""T"":1791521306943,""s"":""STRKUSDT"",""S"":""Buy"",""v"":""41797.4"",""p"":""0.06816""}"
2026-10-09T04:48:30.328317Z,1791521309944,FARTCOINUSDT,Buy,517,0.15925,"{""T"":1791521309944,""s"":""FARTCOINUSDT"",""S"":""Buy"",""v"":""517"",""p"":""0.15925""}"
2026-10-09T04:48:30.459182Z,1791521309944,ETHUSDT,Buy,0.07,2478.64,"{""T"":1791521309944,""s"":""ETHUSDT"",""S"":""Buy"",""v"":""0.07"",""p"":""2478.64""}"
2026-10-09T04:49:16.138500Z,1791521355815,STRKUSDT,Buy,2210.3,0.06733,"{""T"":1791521355815,""s"":""STRKUSDT"",""S"":""Buy"",""v"":""2210.3"",""p"":""0.06733""}"
2026-10-09T04:49:24.138271Z,1791521363597,STRKUSDT,Buy,14.6,0.06703,"{""T"":1791521363597,""s"":""STRKUSDT"",""S"":""Buy"",""v"":""14.6"",""p"":""0.06703""}"
2026-10-09T04:49:42.138305Z,1791521381977,STRKUSDT,Buy,18179.2,0.06658,"{""T"":1791521381977,""s"":""STRKUSDT"",""S"":""Buy"",""v"":""18179.2"",""p"":""0.06658""}"
2026-10-09T04:50:29.816586Z,1791521429374,PUMPFUNUSDT,Sell,11800,0.0056000,"{""T"":1791521429374,""s"":""PUMPFUNUSDT"",""S"":""Sell"",""v"":""11800"",""p"":""0.0056000""}"
2026-10-09T04:50:51.066080Z,1791521450666,SOLUSDT,Buy,3.6,109.230,"{""T"":1791521450666,""s"":""SOLUSDT"",""S"":""Buy"",""v"":""3.6"",""p"":""109.230""}"
2026-10-09T04:51:16.960410Z,1791521476802,ETHUSDT,Buy,0.05,2478.01,"{""T"":1791521476802,""s"":""ETHUSDT"",""S"":""Buy"",""v"":""0.05"",""p"":""2478.01""}"
2026-10-09T04:51:21.569241Z,1791521481255,BTCUSDT,Buy,0.022,81913.30,"{""T"":1791521481255,""s"":""BTCUSDT"",""S"":""Buy"",""v"":""0.022"",""p"":""81913.30""}"
2026-10-09T04:51:22.068942Z,1791521481491,BTCUSDT,Buy,0.018,81923.80,"{""T"":1791521481491,""s"":""BTCUSDT"",""S"":""Buy"",""v"":""0.018"",""p"":""81923.80""}"
2026-10-09T04:51:22.068942Z,1791521481545,BTCUSDT,Buy,0.001,81920.40,"{""T"":1791521481545,""s"":""BTCUSDT"",""S"":""Buy"",""v"":""0.001"",""p"":""81920.40""}"
2026-10-09T04:52:19.142684Z,1791521538962,STRKUSDT,Sell,4678.7,0.06952,"{""T"":1791521538962,""s"":""STRKUSDT"",""S"":""Sell"",""v"":""4678.7"",""p"":""0.06952""}"
2026-10-09T04:52:51.138669Z,1791521570898,OGNUSDT,Buy,553,0.044373,"{""T"":1791521570898,""s"":""OGNUSDT"",""S"":""Buy"",""v"":""553"",""p"":""0.044373""}"
2026-10-09T04:54:44.638554Z,1791521684102,OGNUSDT,Buy,14605,0.044056,"{""T"":1791521684102,""s"":""OGNUSDT"",""S"":""Buy"",""v"":""14605"",""p"":""0.044056""}"
2026-10-09T04:54:52.638548Z,1791521692515,OGNUSDT,Buy,129,0.043962,"{""T"":1791521692515,""s"":""OGNUSDT"",""S"":""Buy"",""v"":""129"",""p"":""0.043962""}"
2026-10-09T04:55:19.141607Z,1791521718679,OGNUSDT,Buy,403,0.043825,"{""T"":1791521718679,""s"":""OGNUSDT"",""S"":""Buy"",""v"":""403"",""p"":""0.043825""}"
2026-10-09T04:55:25.638191Z,1791521725468,OGNUSDT,Buy,232,0.043515,"{""T"":1791521725468,""s"":""OGNUSDT"",""S"":""Buy"",""v"":""232"",""p"":""0.043515""}"
2026-10-09T04:55:26.138146Z,1791521725752,OGNUSDT,Buy,170,0.043443,"{""T"":1791521725752,""s"":""OGNUSDT"",""S"":""Buy"",""v"":""170"",""p"":""0.043443""}"
2026-10-09T04:56:18.329007Z,1791521777774,FARTCOINUSDT,Sell,4398,0.16482,"{""T"":1791521777774,""s"":""FARTCOINUSDT"",""S"":""Sell"",""v"":""4398"",""p"":""0.16482""}"
2026-10-09T04:58:26.139217Z,1791521905662,STRKUSDT,Buy,55129.8,0.06737,"{""T"":1791521905662,""s"":""STRKUSDT"",""S"":""Buy"",""v"":""55129.8"",""p"":""0.06737""}"
2026-10-09T04:59:20.960201Z,1791521960699,QNTUSDT,Sell,2.28,237.34,"{""T"":1791521960699,""s"":""QNTUSDT"",""S"":""Sell"",""v"":""2.28"",""p"":""237.34""}"
2026-10-09T04:59:21.138534Z,1791521960583,OGNUSDT,Buy,4466,0.042924,"{""T"":1791521960583,""s"":""OGNUSDT"",""S"":""Buy"",""v"":""4466"",""p"":""0.042924""}"
2026-10-09T04:59:21.138534Z,1791521960688,OGNUSDT,Buy,400,0.043315,"{""T"":1791521960688,""s"":""OGNUSDT"",""S"":""Buy"",""v"":""400"",""p"":""0.043315""}"
2026-10-09T04:59:21.138534Z,1791521960699,OGNUSDT,Buy,13959,0.042872,"{""T"":1791521960699,""s"":""OGNUSDT"",""S"":""Buy"",""v"":""13959"",""p"":""0.042872""}"
2026-10-09T04:59:21.138534Z,1791521960728,OGNUSDT,Buy,147,0.043226,"{""T"":1791521960728,""s"":""OGNUSDT"",""S"":""Buy"",""v"":""147"",""p"":""0.043226""}"
2026-10-09T05:00:21.337824Z,1791522020868,LONGXIAUSDT,Buy,320,0.0450,"{""T"":1791522020868,""s"":""LONGXIAUSDT"",""S"":""Buy"",""v"":""320"",""p"":""0.0450""}"
2026-10-09T05:01:52.490107Z,1791522112318,XAGUSDT,Sell,14.300,60.65,"{""T"":1791522112318,""s"":""XAGUSDT"",""S"":""Sell"",""v"":""14.300"",""p"":""60.65""}"
2026-10-09T05:01:53.490090Z,1791522113013,XAUUSDT,Sell,0.134,4208.64,"{""T"":1791522113013,""s"":""XAUUSDT"",""S"":""Sell"",""v"":""0.134"",""p"":""4208.64""}"
2026-10-09T05:02:16.638545Z,1791522136479,AKEUSDT,Sell,23000,0.0281070,"{""T"":1791522136479,""s"":""AKEUSDT"",""S"":""Sell"",""v"":""23000"",""p"":""0.0281070""}"
2026-10-09T05:02:26.489993Z,1791522146317,XAUUSDT,Sell,0.399,4209.01,"{""T"":1791522146317,""s"":""XAUUSDT"",""S"":""Sell"",""v"":""0.399"",""p"":""4209.01""}"
2026-10-09T05:02:33.638036Z,1791522153147,AKEUSDT,Sell,11600,0.0281840,"{""T"":1791522153147,""s"":""AKEUSDT"",""S"":""Sell"",""v"":""11600"",""p"":""0.0281840""}"
2026-10-09T05:02:33.989617Z,1791522153587,XAUUSDT,Sell,0.100,4209.27,"{""T"":1791522153587,""s"":""XAUUSDT"",""S"":""Sell"",""v"":""0.100"",""p"":""4209.27""}"
2026-10-09T05:02:41.138278Z,1791522160928,STRKUSDT,Buy,4728.4,0.06694,"{""T"":1791522160928,""s"":""STRKUSDT"",""S"":""Buy"",""v"":""4728.4"",""p"":""0.06694""}"
2026-10-09T05:03:19.489752Z,1791522199397,USUSDT,Sell,970,0.017460,"{""T"":1791522199397,""s"":""USUSDT"",""S"":""Sell"",""v"":""970"",""p"":""0.017460""}"
2026-10-09T05:03:36.328697Z,1791522215937,FARTCOINUSDT,Sell,748,0.16527,"{""T"":1791522215937,""s"":""FARTCOINUSDT"",""S"":""Sell"",""v"":""748"",""p"":""0.16527""}"
2026-10-09T05:04:14.638186Z,1791522254245,STRKUSDT,Sell,289.4,0.06973,"{""T"":1791522254245,""s"":""STRKUSDT"",""S"":""Sell"",""v"":""289.4"",""p"":""0.06973""}"
2026-10-09T05:04:16.638161Z,1791522256142,STRKUSDT,Sell,760.5,0.06995,"{""T"":1791522256142,""s"":""STRKUSDT"",""S"":""Sell"",""v"":""760.5"",""p"":""0.06995""}"
2026-10-09T05:04:26.831677Z,1791522266618,LONGXIAUSDT,Buy,214,0.0449,"{""T"":1791522266618,""s"":""LONGXIAUSDT"",""S"":""Buy"",""v"":""214"",""p"":""0.0449""}"
2026-10-09T05:04:27.331806Z,1791522266847,LONGXIAUSDT,Buy,301,0.0449,"{""T"":1791522266847,""s"":""LONGXIAUSDT"",""S"":""Buy"",""v"":""301"",""p"":""0.0449""}"
2026-10-09T05:04:46.831696Z,1791522286414,LONGXIAUSDT,Buy,1000,0.0446,"{""T"":1791522286414,""s"":""LONGXIAUSDT"",""S"":""Buy"",""v"":""1000"",""p"":""0.0446""}"
2026-10-09T05:04:56.411104Z,1791522295990,JUPUSDT,Sell,1812,0.35940,"{""T"":1791522295990,""s"":""JUPUSDT"",""S"":""Sell"",""v"":""1812"",""p"":""0.35940""}"
2026-10-09T05:04:58.332413Z,1791522297967,PONSUSDT,Sell,20,0.3733,"{""T"":1791522297967,""s"":""PONSUSDT"",""S"":""Sell"",""v"":""20"",""p"":""0.3733""}"
2026-10-09T05:05:02.828050Z,1791522302406,FARTCOINUSDT,Sell,1865,0.16572,"{""T"":1791522302406,""s"":""FARTCOINUSDT"",""S"":""Sell"",""v"":""1865"",""p"":""0.16572""}"
2026-10-09T05:05:24.489915Z,1791522324314,USUSDT,Sell,11880,0.017650,"{""T"":1791522324314,""s"":""USUSDT"",""S"":""Sell"",""v"":""11880"",""p"":""0.017650""}"
2026-10-09T05:05:36.990170Z,1791522336737,USUSDT,Sell,6000,0.017720,"{""T"":1791522336737,""s"":""USUSDT"",""S"":""Sell"",""v"":""6000"",""p"":""0.017720""}"
2026-10-09T05:05:56.495493Z,1791522356365,MINAUSDT,Buy,96.7,0.07528,"{""T"":1791522356365,""s"":""MINAUSDT"",""S"":""Buy"",""v"":""96.7"",""p"":""0.07528""}"
2026-10-09T05:06:02.832057Z,1791522362447,JCTUSDT,Sell,14500,0.0023930,"{""T"":1791522362447,""s"":""JCTUSDT"",""S"":""Sell"",""v"":""14500"",""p"":""0.0023930""}"
2026-10-09T05:06:36.990117Z,1791522396685,USUSDT,Sell,6000,0.017790,"{""T"":1791522396685,""s"":""USUSDT"",""S"":""Sell"",""v"":""6000"",""p"":""0.017790""}"
2026-10-09T05:06:42.138532Z,1791522401928,STRKUSDT,Buy,5840.5,0.06759,"{""T"":1791522401928,""s"":""STRKUSDT"",""S"":""Buy"",""v"":""5840.5"",""p"":""0.06759""}"
2026-10-09T05:07:34.511218Z,1791522454380,USUSDT,Sell,18280,0.018050,"{""T"":1791522454380,""s"":""USUSDT"",""S"":""Sell"",""v"":""18280"",""p"":""0.018050""}"
2026-10-09T05:07:35.990001Z,1791522455552,USUSDT,Sell,1620,0.018110,"{""T"":1791522455552,""s"":""USUSDT"",""S"":""Sell"",""v"":""1620"",""p"":""0.018110""}"
2026-10-09T05:07:36.989926Z,1791522456665,USUSDT,Sell,2600,0.018120,"{""T"":1791522456665,""s"":""USUSDT"",""S"":""Sell"",""v"":""2600"",""p"":""0.018120""}"
2026-10-09T05:10:17.832014Z,1791522617730,LONGXIAUSDT,Buy,200,0.0440,"{""T"":1791522617730,""s"":""LONGXIAUSDT"",""S"":""Buy"",""v"":""200"",""p"":""0.0440""}"
2026-10-09T05:10:19.831834Z,1791522619715,LONGXIAUSDT,Buy,206,0.0436,"{""T"":1791522619715,""s"":""LONGXIAUSDT"",""S"":""Buy"",""v"":""206"",""p"":""0.0436""}"
2026-10-09T05:10:32.990313Z,1791522632588,USUSDT,Sell,59130,0.018720,"{""T"":1791522632588,""s"":""USUSDT"",""S"":""Sell"",""v"":""59130"",""p"":""0.018720""}"
2026-10-09T05:10:34.331693Z,1791522634012,LONGXIAUSDT,Buy,830,0.0433,"{""T"":1791522634012,""s"":""LONGXIAUSDT"",""S"":""Buy"",""v"":""830"",""p"":""0.0433""}"
2026-10-09T05:10:52.851416Z,1791522652531,WIFUSDT,Sell,3117,0.21530,"{""T"":1791522652531,""s"":""WIFUSDT"",""S"":""Sell"",""v"":""3117"",""p"":""0.21530""}"
2026-10-09T05:10:58.332513Z,1791522658130,LONGXIAUSDT,Buy,1213,0.0431,"{""T"":1791522658130,""s"":""LONGXIAUSDT"",""S"":""Buy"",""v"":""1213"",""p"":""0.0431""}"
2026-10-09T05:11:01.851819Z,1791522661728,SANDUSDT,Sell,15657,0.07216,"{""T"":1791522661728,""s"":""SANDUSDT"",""S"":""Sell"",""v"":""15657"",""p"":""0.07216""}"
2026-10-09T05:11:01.917340Z,1791522661728,ZECUSDT,Sell,1.99,1227.83,"{""T"":1791522661728,""s"":""ZECUSDT"",""S"":""Sell"",""v"":""1.99"",""p"":""1227.83""}"
2026-10-09T05:11:02.019047Z,1791522661728,NEARUSDT,Sell,679.7,4.7930,"{""T"":1791522661728,""s"":""NEARUSDT"",""S"":""Sell"",""v"":""679.7"",""p"":""4.7930""}"
2026-10-09T05:11:06.362850Z,1791522666057,WLDUSDT,Sell,4916.0,0.4984,"{""T"":1791522666057,""s"":""WLDUSDT"",""S"":""Sell"",""v"":""4916.0"",""p"":""0.4984""}"
2026-10-09T05:11:11.489746Z,1791522671251,USUSDT,Buy,22030,0.017210,"{""T"":1791522671251,""s"":""USUSDT"",""S"":""Buy"",""v"":""22030"",""p"":""0.017210""}"
2026-10-09T05:11:25.638788Z,1791522685157,STRKUSDT,Sell,875.2,0.07073,"{""T"":1791522685157,""s"":""STRKUSDT"",""S"":""Sell"",""v"":""875.2"",""p"":""0.07073""}"
2026-10-09T05:12:56.411148Z,1791522776015,HBARUSDT,Sell,159,0.09267,"{""T"":1791522776015,""s"":""HBARUSDT"",""S"":""Sell"",""v"":""159"",""p"":""0.09267""}"
2026-10-09T05:13:58.019198Z,1791522837580,NEARUSDT,Sell,167.9,4.8150,"{""T"":1791522837580,""s"":""NEARUSDT"",""S"":""Sell"",""v"":""167.9"",""p"":""4.8150""}"
2026-10-09T05:13:59.519141Z,1791522839078,NEARUSDT,Sell,93.5,4.8170,"{""T"":1791522839078,""s"":""NEARUSDT"",""S"":""Sell"",""v"":""93.5"",""p"":""4.8170""}"
2026-10-09T05:15:48.999646Z,1791522948543,RLCUSDT,Buy,554.4,0.8645,"{""T"":1791522948543,""s"":""RLCUSDT"",""S"":""Buy"",""v"":""554.4"",""p"":""0.8645""}"
2026-10-09T05:16:08.519869Z,1791522968088,NEARUSDT,Sell,161.1,4.8270,"{""T"":1791522968088,""s"":""NEARUSDT"",""S"":""Sell"",""v"":""161.1"",""p"":""4.8270""}"
2026-10-09T05:16:38.862668Z,1791522998566,WLDUSDT,Sell,47.6,0.5007,"{""T"":1791522998566,""s"":""WLDUSDT"",""S"":""Sell"",""v"":""47.6"",""p"":""0.5007""}"
2026-10-09T05:16:41.138310Z,1791523000770,STRKUSDT,Buy,550.0,0.06784,"{""T"":1791523000770,""s"":""STRKUSDT"",""S"":""Buy"",""v"":""550.0"",""p"":""0.06784""}"
2026-10-09T05:16:41.499743Z,1791523001100,RLCUSDT,Buy,12.3,0.8577,"{""T"":1791523001100,""s"":""RLCUSDT"",""S"":""Buy"",""v"":""12.3"",""p"":""0.8577""}"
2026-10-09T05:16:41.499743Z,1791523001296,RLCUSDT,Buy,110.7,0.8579,"{""T"":1791523001296,""s"":""RLCUSDT"",""S"":""Buy"",""v"":""110.7"",""p"":""0.8579""}"
2026-10-09T05:16:42.138250Z,1791523001633,STRKUSDT,Buy,1872.7,0.06785,"{""T"":1791523001633,""s"":""STRKUSDT"",""S"":""Buy"",""v"":""1872.7"",""p"":""0.06785""}"
2026-10-09T05:16:43.840450Z,1791523003748,AAVEUSDT,Sell,4.27,167.64,"{""T"":1791523003748,""s"":""AAVEUSDT"",""S"":""Sell"",""v"":""4.27"",""p"":""167.64""}"
2026-10-09T05:16:43.917404Z,1791523003748,ARBUSDT,Sell,6407.3,0.17986,"{""T"":1791523003748,""s"":""ARBUSDT"",""S"":""Sell"",""v"":""6407.3"",""p"":""0.17986""}"
2026-10-09T05:16:43.917982Z,1791523003748,1000PEPEUSDT,Sell,372400,0.0039600,"{""T"":1791523003748,""s"":""1000PEPEUSDT"",""S"":""Sell"",""v"":""372400"",""p"":""0.0039600""}"
2026-10-09T05:16:43.995389Z,1791523003748,SUIUSDT,Sell,1050,1.07220,"{""T"":1791523003748,""s"":""SUIUSDT"",""S"":""Sell"",""v"":""1050"",""p"":""1.07220""}"
2026-10-09T05:16:44.019207Z,1791523003749,NEARUSDT,Sell,336.7,4.8450,"{""T"":1791523003749,""s"":""NEARUSDT"",""S"":""Sell"",""v"":""336.7"",""p"":""4.8450""}"
2026-10-09T05:16:44.316664Z,1791523003749,METUSDT,Sell,1307.2,0.44410,"{""T"":1791523003749,""s"":""METUSDT"",""S"":""Sell"",""v"":""1307.2"",""p"":""0.44410""}"
2026-10-09T05:16:45.816062Z,1791523005416,TRUMPUSDT,Sell,140.0,1.871,"{""T"":1791523005416,""s"":""TRUMPUSDT"",""S"":""Sell"",""v"":""140.0"",""p"":""1.871""}"
2026-10-09T05:16:54.499940Z,1791523014182,RLCUSDT,Buy,20.0,0.8533,"{""T"":1791523014182,""s"":""RLCUSDT"",""S"":""Buy"",""v"":""20.0"",""p"":""0.8533""}"
2026-10-09T05:16:54.499940Z,1791523014220,RLCUSDT,Buy,102.2,0.8535,"{""T"":1791523014220,""s"":""RLCUSDT"",""S"":""Buy"",""v"":""102.2"",""p"":""0.8535""}"
2026-10-09T05:16:56.565846Z,1791523016071,SOLUSDT,Sell,1.0,110.930,"{""T"":1791523016071,""s"":""SOLUSDT"",""S"":""Sell"",""v"":""1.0"",""p"":""110.930""}"
2026-10-09T05:17:28.490138Z,1791523048320,XAUUSDT,Sell,0.003,4211.64,"{""T"":1791523048320,""s"":""XAUUSDT"",""S"":""Sell"",""v"":""0.003"",""p"":""4211.64""}"
2026-10-09T05:17:29.638362Z,1791523049379,STRKUSDT,Buy,3927.8,0.06685,"{""T"":1791523049379,""s"":""STRKUSDT"",""S"":""Buy"",""v"":""3927.8"",""p"":""0.06685""}"
2026-10-09T05:17:31.138268Z,1791523050585,OGNUSDT,Sell,3171,0.045394,"{""T"":1791523050585,""s"":""OGNUSDT"",""S"":""Sell"",""v"":""3171"",""p"":""0.045394""}"
2026-10-09T05:17:31.638526Z,1791523051150,OGNUSDT,Sell,11434,0.045451,"{""T"":1791523051150,""s"":""OGNUSDT"",""S"":""Sell"",""v"":""11434"",""p"":""0.045451""}"
2026-10-09T05:17:32.910894Z,1791523052426,TIAUSDT,Buy,15000.0,0.5159,"{""T"":1791523052426,""s"":""TIAUSDT"",""S"":""Buy"",""v"":""15000.0"",""p"":""0.5159""}"
2026-10-09T05:17:35.138466Z,1791523054693,OGNUSDT,Sell,310,0.045656,"{""T"":1791523054693,""s"":""OGNUSDT"",""S"":""Sell"",""v"":""310"",""p"":""0.045656""}"
2026-10-09T05:17:58.499590Z,1791523078284,XAUTUSDT,Sell,0.027,4213.10,"{""T"":1791523078284,""s"":""XAUTUSDT"",""S"":""Sell"",""v"":""0.027"",""p"":""4213.10""}"
2026-10-09T05:18:02.065395Z,1791523081483,SOLUSDT,Sell,4.7,111.010,"{""T"":1791523081483,""s"":""SOLUSDT"",""S"":""Sell"",""v"":""4.7"",""p"":""111.010""}"
2026-10-09T05:18:05.959175Z,1791523085723,ETHUSDT,Sell,4.54,2501.76,"{""T"":1791523085723,""s"":""ETHUSDT"",""S"":""Sell"",""v"":""4.54"",""p"":""2501.76""}"
2026-10-09T05:18:06.065918Z,1791523085976,SOLUSDT,Sell,0.4,111.050,"{""T"":1791523085976,""s"":""SOLUSDT"",""S"":""Sell"",""v"":""0.4"",""p"":""111.050""}"
2026-10-09T05:18:07.917125Z,1791523087588,ADAUSDT,Sell,31356,0.2383,"{""T"":1791523087588,""s"":""ADAUSDT"",""S"":""Sell"",""v"":""31356"",""p"":""0.2383""}"
2026-10-09T05:18:13.638156Z,1791523093287,OGNUSDT,Sell,7019,0.045811,"{""T"":1791523093287,""s"":""OGNUSDT"",""S"":""Sell"",""v"":""7019"",""p"":""0.045811""}"
2026-10-09T05:18:14.995220Z,1791523094867,SUIUSDT,Sell,350,1.07440,"{""T"":1791523094867,""s"":""SUIUSDT"",""S"":""Sell"",""v"":""350"",""p"":""1.07440""}"
2026-10-09T05:18:14.999196Z,1791523094907,PENGUUSDT,Sell,614700,0.008194,"{""T"":1791523094907,""s"":""PENGUUSDT"",""S"":""Sell"",""v"":""614700"",""p"":""0.008194""}"
2026-10-09T05:18:21.999386Z,1791523101494,RLCUSDT,Buy,100.0,0.8460,"{""T"":1791523101494,""s"":""RLCUSDT"",""S"":""Buy"",""v"":""100.0"",""p"":""0.8460""}"
2026-10-09T05:18:22.499038Z,1791523102127,RLCUSDT,Buy,5731.9,0.8464,"{""T"":1791523102127,""s"":""RLCUSDT"",""S"":""Buy"",""v"":""5731.9"",""p"":""0.8464""}"
2026-10-09T05:18:22.638132Z,1791523102527,OGNUSDT,Sell,8625,0.045942,"{""T"":1791523102527,""s"":""OGNUSDT"",""S"":""Sell"",""v"":""8625"",""p"":""0.045942""}"
2026-10-09T05:18:23.638962Z,1791523103182,OGNUSDT,Sell,7625,0.045996,"{""T"":1791523103182,""s"":""OGNUSDT"",""S"":""Sell"",""v"":""7625"",""p"":""0.045996""}"
2026-10-09T05:18:24.568547Z,1791523104059,BTCUSDT,Sell,0.003,82761.50,"{""T"":1791523104059,""s"":""BTCUSDT"",""S"":""Sell"",""v"":""0.003"",""p"":""82761.50""}"
2026-10-09T05:18:24.568547Z,1791523104121,BTCUSDT,Sell,0.011,82768.70,"{""T"":1791523104121,""s"":""BTCUSDT"",""S"":""Sell"",""v"":""0.011"",""p"":""82768.70""}"
2026-10-09T05:18:24.568547Z,1791523104208,BTCUSDT,Sell,0.002,82767.50,"{""T"":1791523104208,""s"":""BTCUSDT"",""S"":""Sell"",""v"":""0.002"",""p"":""82767.50""}"
2026-10-09T05:18:25.417119Z,1791523104966,1000PEPEUSDT,Sell,4900,0.0039750,"{""T"":1791523104966,""s"":""1000PEPEUSDT"",""S"":""Sell"",""v"":""4900"",""p"":""0.0039750""}"
2026-10-09T05:18:26.340202Z,1791523105993,ONDOUSDT,Sell,33,0.4855,"{""T"":1791523105993,""s"":""ONDOUSDT"",""S"":""Sell"",""v"":""33"",""p"":""0.4855""}"
2026-10-09T05:18:26.416902Z,1791523105970,ADAUSDT,Sell,1068,0.2386,"{""T"":1791523105970,""s"":""ADAUSDT"",""S"":""Sell"",""v"":""1068"",""p"":""0.2386""}"
2026-10-09T05:18:33.340546Z,1791523112893,XRPUSDT,Sell,62.5,1.4052,"{""T"":1791523112893,""s"":""XRPUSDT"",""S"":""Sell"",""v"":""62.5"",""p"":""1.4052""}"
2026-10-09T05:18:38.489874Z,1791523118259,XAUUSDT,Sell,1.512,4212.83,"{""T"":1791523118259,""s"":""XAUUSDT"",""S"":""Sell"",""v"":""1.512"",""p"":""4212.83""}"
2026-10-09T05:18:57.840699Z,1791523137366,ONDOUSDT,Sell,93,0.4861,"{""T"":1791523137366,""s"":""ONDOUSDT"",""S"":""Sell"",""v"":""93"",""p"":""0.4861""}"
2026-10-09T05:19:09.138504Z,1791523148686,OGNUSDT,Sell,246,0.046229,"{""T"":1791523148686,""s"":""OGNUSDT"",""S"":""Sell"",""v"":""246"",""p"":""0.046229""}"
2026-10-09T05:19:12.459093Z,1791523152160,ETHUSDT,Sell,11.80,2504.25,"{""T"":1791523152160,""s"":""ETHUSDT"",""S"":""Sell"",""v"":""11.80"",""p"":""2504.25""}"
2026-10-09T05:19:12.489916Z,1791523151949,USUSDT,Sell,860,0.018260,"{""T"":1791523151949,""s"":""USUSDT"",""S"":""Sell"",""v"":""860"",""p"":""0.018260""}"
2026-10-09T05:19:13.068652Z,1791523152819,BTCUSDT,Sell,0.017,82771.60,"{""T"":1791523152819,""s"":""BTCUSDT"",""S"":""Sell"",""v"":""0.017"",""p"":""82771.60""}"
2026-10-09T05:19:13.068652Z,1791523152902,BTCUSDT,Sell,0.003,82777.70,"{""T"":1791523152902,""s"":""BTCUSDT"",""S"":""Sell"",""v"":""0.003"",""p"":""82777.70""}"
2026-10-09T05:19:13.568657Z,1791523153303,BTCUSDT,Sell,0.220,82787.90,"{""T"":1791523153303,""s"":""BTCUSDT"",""S"":""Sell"",""v"":""0.220"",""p"":""82787.90""}"
2026-10-09T05:19:14.068699Z,1791523153518,BTCUSDT,Sell,0.085,82786.00,"{""T"":1791523153518,""s"":""BTCUSDT"",""S"":""Sell"",""v"":""0.085"",""p"":""82786.00""}"
2026-10-09T05:19:14.068699Z,1791523153666,BTCUSDT,Sell,0.269,82785.20,"{""T"":1791523153666,""s"":""BTCUSDT"",""S"":""Sell"",""v"":""0.269"",""p"":""82785.20""}"
2026-10-09T05:19:14.068699Z,1791523153752,BTCUSDT,Sell,0.484,82788.60,"{""T"":1791523153752,""s"":""BTCUSDT"",""S"":""Sell"",""v"":""0.484"",""p"":""82788.60""}"
2026-10-09T05:19:14.068699Z,1791523153836,BTCUSDT,Sell,0.030,82781.00,"{""T"":1791523153836,""s"":""BTCUSDT"",""S"":""Sell"",""v"":""0.030"",""p"":""82781.00""}"
2026-10-09T05:19:14.565647Z,1791523154209,SOLUSDT,Sell,118.0,111.220,"{""T"":1791523154209,""s"":""SOLUSDT"",""S"":""Sell"",""v"":""118.0"",""p"":""111.220""}"
2026-10-09T05:19:15.568702Z,1791523155232,BTCUSDT,Sell,0.028,82803.40,"{""T"":1791523155232,""s"":""BTCUSDT"",""S"":""Sell"",""v"":""0.028"",""p"":""82803.40""}"
2026-10-09T05:19:15.568702Z,1791523155388,BTCUSDT,Sell,0.017,82802.10,"{""T"":1791523155388,""s"":""BTCUSDT"",""S"":""Sell"",""v"":""0.017"",""p"":""82802.10""}"
2026-10-09T05:19:16.068740Z,1791523155725,BTCUSDT,Sell,0.009,82794.90,"{""T"":1791523155725,""s"":""BTCUSDT"",""S"":""Sell"",""v"":""0.009"",""p"":""82794.90""}"
2026-10-09T05:19:16.068740Z,1791523155896,BTCUSDT,Sell,0.002,82793.90,"{""T"":1791523155896,""s"":""BTCUSDT"",""S"":""Sell"",""v"":""0.002"",""p"":""82793.90""}"
2026-10-09T05:19:17.499689Z,1791523157052,INJUSDT,Sell,8.8,7.1510,"{""T"":1791523157052,""s"":""INJUSDT"",""S"":""Sell"",""v"":""8.8"",""p"":""7.1510""}"
2026-10-09T05:19:19.459262Z,1791523159183,QNTUSDT,Sell,2.66,239.54,"{""T"":1791523159183,""s"":""QNTUSDT"",""S"":""Sell"",""v"":""2.66"",""p"":""239.54""}"
2026-10-09T05:19:21.959236Z,1791523161860,ETHUSDT,Sell,0.05,2505.69,"{""T"":1791523161860,""s"":""ETHUSDT"",""S"":""Sell"",""v"":""0.05"",""p"":""2505.69""}"
2026-10-09T05:19:23.068735Z,1791523162610,BTCUSDT,Sell,0.003,82807.00,"{""T"":1791523162610,""s"":""BTCUSDT"",""S"":""Sell"",""v"":""0.003"",""p"":""82807.00""}"
2026-10-09T05:19:25.362402Z,1791523164901,SEIUSDT,Sell,3248,0.06793,"{""T"":1791523164901,""s"":""SEIUSDT"",""S"":""Sell"",""v"":""3248"",""p"":""0.06793""}"
2026-10-09T05:19:57.519352Z,1791523197353,NEARUSDT,Sell,129.9,4.8660,"{""T"":1791523197353,""s"":""NEARUSDT"",""S"":""Sell"",""v"":""129.9"",""p"":""4.8660""}"
2026-10-09T05:19:58.019522Z,1791523197909,NEARUSDT,Sell,298.7,4.8650,"{""T"":1791523197909,""s"":""NEARUSDT"",""S"":""Sell"",""v"":""298.7"",""p"":""4.8650""}"
2026-10-09T05:20:30.411348Z,1791523230204,CRVUSDT,Sell,109.2,0.3488,"{""T"":1791523230204,""s"":""CRVUSDT"",""S"":""Sell"",""v"":""109.2"",""p"":""0.3488""}"
2026-10-09T05:22:33.139132Z,1791523352707,OGNUSDT,Buy,33926,0.043460,"{""T"":1791523352707,""s"":""OGNUSDT"",""S"":""Buy"",""v"":""33926"",""p"":""0.043460""}"
2026-10-09T05:23:09.489717Z,1791523389386,USUSDT,Sell,3060,0.019050,"{""T"":1791523389386,""s"":""USUSDT"",""S"":""Sell"",""v"":""3060"",""p"":""0.019050""}"
2026-10-09T05:23:28.992232Z,1791523408441,USUSDT,Sell,720,0.019180,"{""T"":1791523408441,""s"":""USUSDT"",""S"":""Sell"",""v"":""720"",""p"":""0.019180""}"
2026-10-09T05:23:28.995381Z,1791523408442,MINAUSDT,Buy,876.3,0.07466,"{""T"":1791523408442,""s"":""MINAUSDT"",""S"":""Buy"",""v"":""876.3"",""p"":""0.07466""}"
2026-10-09T05:23:32.489825Z,1791523412178,USUSDT,Sell,940,0.019240,"{""T"":1791523412178,""s"":""USUSDT"",""S"":""Sell"",""v"":""940"",""p"":""0.019240""}"
2026-10-09T05:24:28.460083Z,1791523468102,QNTUSDT,Sell,2.00,241.19,"{""T"":1791523468102,""s"":""QNTUSDT"",""S"":""Sell"",""v"":""2.00"",""p"":""241.19""}"
2026-10-09T05:24:49.459201Z,1791523489279,QNTUSDT,Sell,0.18,241.73,"{""T"":1791523489279,""s"":""QNTUSDT"",""S"":""Sell"",""v"":""0.18"",""p"":""241.73""}"
2026-10-09T05:25:01.835155Z,1791523501370,PONSUSDT,Sell,27,0.3777,"{""T"":1791523501370,""s"":""PONSUSDT"",""S"":""Sell"",""v"":""27"",""p"":""0.3777""}"
2026-10-09T05:25:37.841294Z,1791523537351,AAVEUSDT,Sell,4.10,169.17,"{""T"":1791523537351,""s"":""AAVEUSDT"",""S"":""Sell"",""v"":""4.10"",""p"":""169.17""}"
2026-10-09T05:25:37.841696Z,1791523537351,XRPUSDT,Sell,607.0,1.4041,"{""T"":1791523537351,""s"":""XRPUSDT"",""S"":""Sell"",""v"":""607.0"",""p"":""1.4041""}"
2026-10-09T05:25:51.995611Z,1791523551708,1000BONKUSDT,Sell,200,0.0033980,"{""T"":1791523551708,""s"":""1000BONKUSDT"",""S"":""Sell"",""v"":""200"",""p"":""0.0033980""}"
2026-10-09T05:25:58.519669Z,1791523558098,NEARUSDT,Sell,16.6,4.8700,"{""T"":1791523558098,""s"":""NEARUSDT"",""S"":""Sell"",""v"":""16.6"",""p"":""4.8700""}"
2026-10-09T05:26:00.519702Z,1791523559976,TAOUSDT,Sell,5.358,277.71,"{""T"":1791523559976,""s"":""TAOUSDT"",""S"":""Sell"",""v"":""5.358"",""p"":""277.71""}"
2026-10-09T05:26:04.416938Z,1791523564248,ADAUSDT,Sell,305,0.2392,"{""T"":1791523564248,""s"":""ADAUSDT"",""S"":""Sell"",""v"":""305"",""p"":""0.2392""}"
2026-10-09T05:26:08.519580Z,1791523568249,NEARUSDT,Sell,86.1,4.8760,"{""T"":1791523568249,""s"":""NEARUSDT"",""S"":""Sell"",""v"":""86.1"",""p"":""4.8760""}"
2026-10-09T05:26:48.840588Z,1791523608470,ONDOUSDT,Sell,34,0.4883,"{""T"":1791523608470,""s"":""ONDOUSDT"",""S"":""Sell"",""v"":""34"",""p"":""0.4883""}"
2026-10-09T05:27:36.917337Z,1791523656613,1000PEPEUSDT,Sell,127500,0.0039830,"{""T"":1791523656613,""s"":""1000PEPEUSDT"",""S"":""Sell"",""v"":""127500"",""p"":""0.0039830""}"
2026-10-09T05:27:39.495556Z,1791523659185,SUIUSDT,Sell,107300,1.07740,"{""T"":1791523659185,""s"":""SUIUSDT"",""S"":""Sell"",""v"":""107300"",""p"":""1.07740""}"
2026-10-09T05:27:47.519201Z,1791523667318,NEARUSDT,Sell,50.9,4.8800,"{""T"":1791523667318,""s"":""NEARUSDT"",""S"":""Sell"",""v"":""50.9"",""p"":""4.8800""}"
2026-10-09T05:27:49.351390Z,1791523669092,USELESSUSDT,Sell,161,0.20504,"{""T"":1791523669092,""s"":""USELESSUSDT"",""S"":""Sell"",""v"":""161"",""p"":""0.20504""}"
2026-10-09T05:27:52.351509Z,1791523672144,USELESSUSDT,Sell,29,0.20577,"{""T"":1791523672144,""s"":""USELESSUSDT"",""S"":""Sell"",""v"":""29"",""p"":""0.20577""}"
2026-10-09T05:27:55.489925Z,1791523675195,BTWUSDT,Sell,30,1.54547,"{""T"":1791523675195,""s"":""BTWUSDT"",""S"":""Sell"",""v"":""30"",""p"":""1.54547""}"
2026-10-09T05:27:56.417003Z,1791523676259,ADAUSDT,Sell,107081,0.2394,"{""T"":1791523676259,""s"":""ADAUSDT"",""S"":""Sell"",""v"":""107081"",""p"":""0.2394""}"
2026-10-09T05:28:05.638955Z,1791523685290,STRKUSDT,Sell,64764.4,0.06985,"{""T"":1791523685290,""s"":""STRKUSDT"",""S"":""Sell"",""v"":""64764.4"",""p"":""0.06985""}"
2026-10-09T05:28:11.489619Z,1791523691003,XAUUSDT,Sell,0.823,4214.38,"{""T"":1791523691003,""s"":""XAUUSDT"",""S"":""Sell"",""v"":""0.823"",""p"":""4214.38""}"
2026-10-09T05:28:24.520004Z,1791523704308,NEARUSDT,Sell,253.2,4.8870,"{""T"":1791523704308,""s"":""NEARUSDT"",""S"":""Sell"",""v"":""253.2"",""p"":""4.8870""}"
2026-10-09T05:28:40.019231Z,1791523719629,NEARUSDT,Sell,16.0,4.8910,"{""T"":1791523719629,""s"":""NEARUSDT"",""S"":""Sell"",""v"":""16.0"",""p"":""4.8910""}"
2026-10-09T05:29:22.139129Z,1791523761608,STRKUSDT,Sell,729.6,0.06991,"{""T"":1791523761608,""s"":""STRKUSDT"",""S"":""Sell"",""v"":""729.6"",""p"":""0.06991""}"
2026-10-09T05:30:02.989933Z,1791523802718,XAUUSDT,Sell,0.242,4214.99,"{""T"":1791523802718,""s"":""XAUUSDT"",""S"":""Sell"",""v"":""0.242"",""p"":""4214.99""}"
2026-10-09T05:30:23.916990Z,1791523823508,ADAUSDT,Sell,97,0.2396,"{""T"":1791523823508,""s"":""ADAUSDT"",""S"":""Sell"",""v"":""97"",""p"":""0.2396""}"
2026-10-09T05:30:26.489790Z,1791523826055,XAUUSDT,Sell,0.130,4216.61,"{""T"":1791523826055,""s"":""XAUUSDT"",""S"":""Sell"",""v"":""0.130"",""p"":""4216.61""}"
2026-10-09T05:30:27.911702Z,1791523827751,JUPUSDT,Sell,440,0.36500,"{""T"":1791523827751,""s"":""JUPUSDT"",""S"":""Sell"",""v"":""440"",""p"":""0.36500""}"
2026-10-09T05:30:32.989957Z,1791523832783,XAUUSDT,Sell,0.066,4217.36,"{""T"":1791523832783,""s"":""XAUUSDT"",""S"":""Sell"",""v"":""0.066"",""p"":""4217.36""}"
2026-10-09T05:31:02.840768Z,1791523862627,XRPUSDT,Sell,14092.3,1.4062,"{""T"":1791523862627,""s"":""XRPUSDT"",""S"":""Sell"",""v"":""14092.3"",""p"":""1.4062""}"
2026-10-09T05:31:10.018941Z,1791523869736,NEARUSDT,Sell,83.2,4.8940,"{""T"":1791523869736,""s"":""NEARUSDT"",""S"":""Sell"",""v"":""83.2"",""p"":""4.8940""}"
2026-10-09T05:31:12.911174Z,1791523872418,TIAUSDT,Buy,247.4,0.5141,"{""T"":1791523872418,""s"":""TIAUSDT"",""S"":""Buy"",""v"":""247.4"",""p"":""0.5141""}"
2026-10-09T05:31:26.019347Z,1791523885889,NEARUSDT,Sell,19.3,4.8980,"{""T"":1791523885889,""s"":""NEARUSDT"",""S"":""Sell"",""v"":""19.3"",""p"":""4.8980""}"
2026-10-09T05:31:40.993359Z,1791523900719,XAUUSDT,Sell,0.069,4219.74,"{""T"":1791523900719,""s"":""XAUUSDT"",""S"":""Sell"",""v"":""0.069"",""p"":""4219.74""}"
2026-10-09T05:31:41.340168Z,1791523901098,AAVEUSDT,Sell,7.22,170.39,"{""T"":1791523901098,""s"":""AAVEUSDT"",""S"":""Sell"",""v"":""7.22"",""p"":""170.39""}"
2026-10-09T05:32:27.341301Z,1791523947009,XRPUSDT,Sell,122.2,1.4066,"{""T"":1791523947009,""s"":""XRPUSDT"",""S"":""Sell"",""v"":""122.2"",""p"":""1.4066""}"
2026-10-09T05:32:31.018983Z,1791523950510,LTCUSDT,Sell,39.0,64.57,"{""T"":1791523950510,""s"":""LTCUSDT"",""S"":""Sell"",""v"":""39.0"",""p"":""64.57""}"
2026-10-09T05:33:48.990215Z,1791524028492,XAUUSDT,Sell,0.030,4220.20,"{""T"":1791524028492,""s"":""XAUUSDT"",""S"":""Sell"",""v"":""0.030"",""p"":""4220.20""}"
2026-10-09T05:34:14.990284Z,1791524054599,USUSDT,Sell,110760,0.019610,"{""T"":1791524054599,""s"":""USUSDT"",""S"":""Sell"",""v"":""110760"",""p"":""0.019610""}"
2026-10-09T05:34:35.490078Z,1791524074933,USUSDT,Sell,54380,0.019950,"{""T"":1791524074933,""s"":""USUSDT"",""S"":""Sell"",""v"":""54380"",""p"":""0.019950""}"
2026-10-09T05:34:58.490144Z,1791524098173,XAUUSDT,Sell,2.000,4222.32,"{""T"":1791524098173,""s"":""XAUUSDT"",""S"":""Sell"",""v"":""2.000"",""p"":""4222.32""}"
2026-10-09T05:35:06.990053Z,1791524106749,USUSDT,Sell,630,0.019990,"{""T"":1791524106749,""s"":""USUSDT"",""S"":""Sell"",""v"":""630"",""p"":""0.019990""}"
2026-10-09T05:35:21.569092Z,1791524121358,BTCUSDT,Sell,0.001,82807.20,"{""T"":1791524121358,""s"":""BTCUSDT"",""S"":""Sell"",""v"":""0.001"",""p"":""82807.20""}"
2026-10-09T05:35:21.989738Z,1791524121606,ZROUSDT,Sell,269.9,2.1330,"{""T"":1791524121606,""s"":""ZROUSDT"",""S"":""Sell"",""v"":""269.9"",""p"":""2.1330""}"
2026-10-09T05:35:27.568493Z,1791524127038,BTCUSDT,Sell,0.012,82819.20,"{""T"":1791524127038,""s"":""BTCUSDT"",""S"":""Sell"",""v"":""0.012"",""p"":""82819.20""}"
2026-10-09T05:35:29.568674Z,1791524129109,BTCUSDT,Sell,0.152,82821.90,"{""T"":1791524129109,""s"":""BTCUSDT"",""S"":""Sell"",""v"":""0.152"",""p"":""82821.90""}"
2026-10-09T05:35:59.490021Z,1791524159048,XAUUSDT,Sell,0.062,4224.10,"{""T"":1791524159048,""s"":""XAUUSDT"",""S"":""Sell"",""v"":""0.062"",""p"":""4224.10""}"
2026-10-09T05:36:01.019161Z,1791524160869,NEARUSDT,Buy,123.7,4.8010,"{""T"":1791524160869,""s"":""NEARUSDT"",""S"":""Buy"",""v"":""123.7"",""p"":""4.8010""}"
2026-10-09T05:36:03.568807Z,1791524163474,BTCUSDT,Sell,0.011,82835.40,"{""T"":1791524163474,""s"":""BTCUSDT"",""S"":""Sell"",""v"":""0.011"",""p"":""82835.40""}"
2026-10-09T05:36:04.019553Z,1791524163549,LTCUSDT,Buy,156.6,63.67,"{""T"":1791524163549,""s"":""LTCUSDT"",""S"":""Buy"",""v"":""156.6"",""p"":""63.67""}"
2026-10-09T05:36:04.068866Z,1791524163549,BTCUSDT,Sell,0.500,82785.70,"{""T"":1791524163549,""s"":""BTCUSDT"",""S"":""Sell"",""v"":""0.500"",""p"":""82785.70""}"
2026-10-09T05:36:11.565646Z,1791524171420,SOLUSDT,Sell,1.1,111.250,"{""T"":1791524171420,""s"":""SOLUSDT"",""S"":""Sell"",""v"":""1.1"",""p"":""111.250""}"
2026-10-09T05:36:14.068828Z,1791524173831,BTCUSDT,Sell,0.012,82836.60,"{""T"":1791524173831,""s"":""BTCUSDT"",""S"":""Sell"",""v"":""0.012"",""p"":""82836.60""}"
2026-10-09T05:36:20.489809Z,1791524180296,XAUUSDT,Sell,0.130,4225.79,"{""T"":1791524180296,""s"":""XAUUSDT"",""S"":""Sell"",""v"":""0.130"",""p"":""4225.79""}"
2026-10-09T05:36:24.568605Z,1791524184221,BTCUSDT,Sell,0.138,82852.90,"{""T"":1791524184221,""s"":""BTCUSDT"",""S"":""Sell"",""v"":""0.138"",""p"":""82852.90""}"
2026-10-09T05:36:34.489782Z,1791524194029,XAUUSDT,Sell,0.729,4226.59,"{""T"":1791524194029,""s"":""XAUUSDT"",""S"":""Sell"",""v"":""0.729"",""p"":""4226.59""}"
2026-10-09T05:36:37.316617Z,1791524196835,HYPEUSDT,Sell,19.10,86.380,"{""T"":1791524196835,""s"":""HYPEUSDT"",""S"":""Sell"",""v"":""19.10"",""p"":""86.380""}"
2026-10-09T05:36:37.816110Z,1791524197232,HYPEUSDT,Sell,14.92,86.370,"{""T"":1791524197232,""s"":""HYPEUSDT"",""S"":""Sell"",""v"":""14.92"",""p"":""86.370""}"
2026-10-09T05:37:40.519147Z,1791524259943,NEARUSDT,Buy,1322.7,4.7880,"{""T"":1791524259943,""s"":""NEARUSDT"",""S"":""Buy"",""v"":""1322.7"",""p"":""4.7880""}"
2026-10-09T05:37:44.916912Z,1791524264473,UNIUSDT,Sell,114.4,7.493,"{""T"":1791524264473,""s"":""UNIUSDT"",""S"":""Sell"",""v"":""114.4"",""p"":""7.493""}"
2026-10-09T05:37:47.316665Z,1791524267075,GRASSUSDT,Sell,293,0.64440,"{""T"":1791524267075,""s"":""GRASSUSDT"",""S"":""Sell"",""v"":""293"",""p"":""0.64440""}"
2026-10-09T05:38:09.490110Z,1791524289063,SOXLUSDT,Sell,12.55,149.41,"{""T"":1791524289063,""s"":""SOXLUSDT"",""S"":""Sell"",""v"":""12.55"",""p"":""149.41""}"
2026-10-09T05:38:13.828254Z,1791524293312,ENAUSDT,Sell,53,0.21706,"{""T"":1791524293312,""s"":""ENAUSDT"",""S"":""Sell"",""v"":""53"",""p"":""0.21706""}"
2026-10-09T05:38:14.917011Z,1791524294767,ADAUSDT,Sell,12684,0.2405,"{""T"":1791524294767,""s"":""ADAUSDT"",""S"":""Sell"",""v"":""12684"",""p"":""0.2405""}"
2026-10-09T05:39:48.917322Z,1791524388689,1000PEPEUSDT,Sell,12000,0.0039890,"{""T"":1791524388689,""s"":""1000PEPEUSDT"",""S"":""Sell"",""v"":""12000"",""p"":""0.0039890""}"
2026-10-09T05:40:14.138963Z,1791524414034,STRKUSDT,Buy,6487.6,0.06743,"{""T"":1791524414034,""s"":""STRKUSDT"",""S"":""Buy"",""v"":""6487.6"",""p"":""0.06743""}"
2026-10-09T05:40:15.499133Z,1791524414968,RLCUSDT,Buy,963.9,0.8455,"{""T"":1791524414968,""s"":""RLCUSDT"",""S"":""Buy"",""v"":""963.9"",""p"":""0.8455""}"
2026-10-09T05:41:47.328662Z,1791524506926,ENAUSDT,Sell,30,0.21772,"{""T"":1791524506926,""s"":""ENAUSDT"",""S"":""Sell"",""v"":""30"",""p"":""0.21772""}"
2026-10-09T05:41:54.138922Z,1791524513624,STRKUSDT,Sell,800.0,0.07016,"{""T"":1791524513624,""s"":""STRKUSDT"",""S"":""Sell"",""v"":""800.0"",""p"":""0.07016""}"
2026-10-09T05:42:45.140122Z,1791524564836,STRKUSDT,Sell,3535.5,0.07046,"{""T"":1791524564836,""s"":""STRKUSDT"",""S"":""Sell"",""v"":""3535.5"",""p"":""0.07046""}"
2026-10-09T05:42:48.639036Z,1791524568083,STRKUSDT,Sell,3880.1,0.07056,"{""T"":1791524568083,""s"":""STRKUSDT"",""S"":""Sell"",""v"":""3880.1"",""p"":""0.07056""}"
2026-10-09T05:42:50.639557Z,1791524570544,STRKUSDT,Sell,215.3,0.07061,"{""T"":1791524570544,""s"":""STRKUSDT"",""S"":""Sell"",""v"":""215.3"",""p"":""0.07061""}"
2026-10-09T05:42:52.639766Z,1791524572153,STRKUSDT,Buy,19232.6,0.06816,"{""T"":1791524572153,""s"":""STRKUSDT"",""S"":""Buy"",""v"":""19232.6"",""p"":""0.06816""}"
2026-10-09T05:43:03.069886Z,1791524582536,BTCUSDT,Sell,0.001,82728.00,"{""T"":1791524582536,""s"":""BTCUSDT"",""S"":""Sell"",""v"":""0.001"",""p"":""82728.00""}"
2026-10-09T05:44:14.142827Z,1791524653698,STRKUSDT,Buy,298.7,0.06757,"{""T"":1791524653698,""s"":""STRKUSDT"",""S"":""Buy"",""v"":""298.7"",""p"":""0.06757""}"
2026-10-09T05:44:23.519930Z,1791524663228,ATOMUSDT,Sell,166.0,1.9000,"{""T"":1791524663228,""s"":""ATOMUSDT"",""S"":""Sell"",""v"":""166.0"",""p"":""1.9000""}"
2026-10-09T05:44:23.989917Z,1791524663739,ZROUSDT,Sell,40.7,2.1619,"{""T"":1791524663739,""s"":""ZROUSDT"",""S"":""Sell"",""v"":""40.7"",""p"":""2.1619""}"
2026-10-09T05:44:49.639217Z,1791524689393,OGNUSDT,Buy,619,0.043198,"{""T"":1791524689393,""s"":""OGNUSDT"",""S"":""Buy"",""v"":""619"",""p"":""0.043198""}"
2026-10-09T05:45:01.362662Z,1791524701179,APTUSDT,Sell,6.95,0.8082,"{""T"":1791524701179,""s"":""APTUSDT"",""S"":""Sell"",""v"":""6.95"",""p"":""0.8082""}"
2026-10-09T05:45:02.519987Z,1791524701974,NEARUSDT,Sell,100.6,4.8700,"{""T"":1791524701974,""s"":""NEARUSDT"",""S"":""Sell"",""v"":""100.6"",""p"":""4.8700""}"
2026-10-09T05:45:13.495743Z,1791524712943,OPUSDT,Sell,14641.2,0.12482,"{""T"":1791524712943,""s"":""OPUSDT"",""S"":""Sell"",""v"":""14641.2"",""p"":""0.12482""}"
2026-10-09T05:45:29.639393Z,1791524729099,OGNUSDT,Buy,296,0.043091,"{""T"":1791524729099,""s"":""OGNUSDT"",""S"":""Buy"",""v"":""296"",""p"":""0.043091""}"
2026-10-09T05:45:37.911408Z,1791524737364,TIAUSDT,Buy,1892.2,0.5074,"{""T"":1791524737364,""s"":""TIAUSDT"",""S"":""Buy"",""v"":""1892.2"",""p"":""0.5074""}"
2026-10-09T05:45:37.911408Z,1791524737414,TIAUSDT,Buy,731.8,0.5062,"{""T"":1791524737414,""s"":""TIAUSDT"",""S"":""Buy"",""v"":""731.8"",""p"":""0.5062""}"
2026-10-09T05:45:50.139132Z,1791524749954,OGNUSDT,Buy,50785,0.043010,"{""T"":1791524749954,""s"":""OGNUSDT"",""S"":""Buy"",""v"":""50785"",""p"":""0.043010""}"
2026-10-09T05:46:06.490462Z,1791524765938,USUSDT,Buy,13000,0.018280,"{""T"":1791524765938,""s"":""USUSDT"",""S"":""Buy"",""v"":""13000"",""p"":""0.018280""}"
2026-10-09T05:47:26.990258Z,1791524846481,USUSDT,Buy,5350,0.017860,"{""T"":1791524846481,""s"":""USUSDT"",""S"":""Buy"",""v"":""5350"",""p"":""0.017860""}"
2026-10-09T05:47:33.317159Z,1791524852793,PUMPFUNUSDT,Buy,2000,0.0055490,"{""T"":1791524852793,""s"":""PUMPFUNUSDT"",""S"":""Buy"",""v"":""2000"",""p"":""0.0055490""}"
2026-10-09T05:47:44.001028Z,1791524863788,RLCUSDT,Buy,11.1,0.8393,"{""T"":1791524863788,""s"":""RLCUSDT"",""S"":""Buy"",""v"":""11.1"",""p"":""0.8393""}"
2026-10-09T05:48:03.493237Z,1791524882985,USUSDT,Buy,6200,0.017470,"{""T"":1791524882985,""s"":""USUSDT"",""S"":""Buy"",""v"":""6200"",""p"":""0.017470""}"
2026-10-09T05:48:04.489706Z,1791524883986,USUSDT,Buy,17590,0.017380,"{""T"":1791524883986,""s"":""USUSDT"",""S"":""Buy"",""v"":""17590"",""p"":""0.017380""}"
2026-10-09T05:48:04.989693Z,1791524884859,USUSDT,Buy,9890,0.017330,"{""T"":1791524884859,""s"":""USUSDT"",""S"":""Buy"",""v"":""9890"",""p"":""0.017330""}"
2026-10-09T05:48:05.000081Z,1791524884738,RLCUSDT,Buy,180.4,0.8373,"{""T"":1791524884738,""s"":""RLCUSDT"",""S"":""Buy"",""v"":""180.4"",""p"":""0.8373""}"
2026-10-09T05:48:08.999852Z,1791524888811,RLCUSDT,Buy,20.9,0.8365,"{""T"":1791524888811,""s"":""RLCUSDT"",""S"":""Buy"",""v"":""20.9"",""p"":""0.8365""}"
2026-10-09T05:48:08.999852Z,1791524888866,RLCUSDT,Buy,27.3,0.8352,"{""T"":1791524888866,""s"":""RLCUSDT"",""S"":""Buy"",""v"":""27.3"",""p"":""0.8352""}"
2026-10-09T05:48:30.639134Z,1791524910179,OGNUSDT,Buy,172,0.042885,"{""T"":1791524910179,""s"":""OGNUSDT"",""S"":""Buy"",""v"":""172"",""p"":""0.042885""}"
2026-10-09T05:48:31.417523Z,1791524911120,UNIUSDT,Buy,5.1,7.350,"{""T"":1791524911120,""s"":""UNIUSDT"",""S"":""Buy"",""v"":""5.1"",""p"":""7.350""}"
2026-10-09T05:48:41.990202Z,1791524921783,USUSDT,Buy,2920,0.017290,"{""T"":1791524921783,""s"":""USUSDT"",""S"":""Buy"",""v"":""2920"",""p"":""0.017290""}"
2026-10-09T05:48:42.638811Z,1791524922344,STRKUSDT,Buy,711.2,0.06681,"{""T"":1791524922344,""s"":""STRKUSDT"",""S"":""Buy"",""v"":""711.2"",""p"":""0.06681""}"
2026-10-09T05:48:48.138822Z,1791524928048,OGNUSDT,Buy,6905,0.042519,"{""T"":1791524928048,""s"":""OGNUSDT"",""S"":""Buy"",""v"":""6905"",""p"":""0.042519""}"
2026-10-09T05:48:51.832154Z,1791524931391,LONGXIAUSDT,Sell,1000,0.0498,"{""T"":1791524931391,""s"":""LONGXIAUSDT"",""S"":""Sell"",""v"":""1000"",""p"":""0.0498""}"
2026-10-09T05:49:02.832757Z,1791524942328,LONGXIAUSDT,Sell,117,0.0498,"{""T"":1791524942328,""s"":""LONGXIAUSDT"",""S"":""Sell"",""v"":""117"",""p"":""0.0498""}"
2026-10-09T05:49:27.638928Z,1791524967146,OGNUSDT,Buy,4329,0.041962,"{""T"":1791524967146,""s"":""OGNUSDT"",""S"":""Buy"",""v"":""4329"",""p"":""0.041962""}"
2026-10-09T05:49:27.638928Z,1791524967321,OGNUSDT,Buy,1446,0.042159,"{""T"":1791524967321,""s"":""OGNUSDT"",""S"":""Buy"",""v"":""1446"",""p"":""0.042159""}"
2026-10-09T05:49:27.638928Z,1791524967406,OGNUSDT,Buy,1669,0.042297,"{""T"":1791524967406,""s"":""OGNUSDT"",""S"":""Buy"",""v"":""1669"",""p"":""0.042297""}"
2026-10-09T05:49:28.138832Z,1791524967569,OGNUSDT,Buy,1510,0.042217,"{""T"":1791524967569,""s"":""OGNUSDT"",""S"":""Buy"",""v"":""1510"",""p"":""0.042217""}"
2026-10-09T05:49:28.138832Z,1791524967610,OGNUSDT,Buy,10371,0.042035,"{""T"":1791524967610,""s"":""OGNUSDT"",""S"":""Buy"",""v"":""10371"",""p"":""0.042035""}"
2026-10-09T05:49:28.138832Z,1791524967649,OGNUSDT,Buy,192,0.042259,"{""T"":1791524967649,""s"":""OGNUSDT"",""S"":""Buy"",""v"":""192"",""p"":""0.042259""}"
2026-10-09T05:49:28.138832Z,1791524967659,OGNUSDT,Buy,43740,0.041979,"{""T"":1791524967659,""s"":""OGNUSDT"",""S"":""Buy"",""v"":""43740"",""p"":""0.041979""}"
2026-10-09T05:49:28.138832Z,1791524967970,OGNUSDT,Buy,5355,0.042455,"{""T"":1791524967970,""s"":""OGNUSDT"",""S"":""Buy"",""v"":""5355"",""p"":""0.042455""}"
2026-10-09T05:49:28.138832Z,1791524968020,OGNUSDT,Buy,536,0.042368,"{""T"":1791524968020,""s"":""OGNUSDT"",""S"":""Buy"",""v"":""536"",""p"":""0.042368""}"
2026-10-09T05:49:28.138832Z,1791524968030,OGNUSDT,Buy,5894,0.042302,"{""T"":1791524968030,""s"":""OGNUSDT"",""S"":""Buy"",""v"":""5894"",""p"":""0.042302""}"
2026-10-09T05:49:28.638626Z,1791524968056,OGNUSDT,Buy,345,0.042407,"{""T"":1791524968056,""s"":""OGNUSDT"",""S"":""Buy"",""v"":""345"",""p"":""0.042407""}"
2026-10-09T05:49:28.638626Z,1791524968174,OGNUSDT,Buy,7534,0.041659,"{""T"":1791524968174,""s"":""OGNUSDT"",""S"":""Buy"",""v"":""7534"",""p"":""0.041659""}"
2026-10-09T05:49:28.638626Z,1791524968430,OGNUSDT,Buy,257,0.041687,"{""T"":1791524968430,""s"":""OGNUSDT"",""S"":""Buy"",""v"":""257"",""p"":""0.041687""}"
2026-10-09T05:49:31.639755Z,1791524971511,OGNUSDT,Buy,151,0.041645,"{""T"":1791524971511,""s"":""OGNUSDT"",""S"":""Buy"",""v"":""151"",""p"":""0.041645""}"
2026-10-09T05:49:33.816413Z,1791524973727,PUMPFUNUSDT,Buy,36400,0.0055360,"{""T"":1791524973727,""s"":""PUMPFUNUSDT"",""S"":""Buy"",""v"":""36400"",""p"":""0.0055360""}"
2026-10-09T05:49:36.138741Z,1791524975995,OGNUSDT,Buy,50008,0.041468,"{""T"":1791524975995,""s"":""OGNUSDT"",""S"":""Buy"",""v"":""50008"",""p"":""0.041468""}"
2026-10-09T05:49:38.139625Z,1791524977619,OGNUSDT,Buy,3761,0.041375,"{""T"":1791524977619,""s"":""OGNUSDT"",""S"":""Buy"",""v"":""3761"",""p"":""0.041375""}"
2026-10-09T05:49:38.139625Z,1791524978008,OGNUSDT,Buy,3092,0.041391,"{""T"":1791524978008,""s"":""OGNUSDT"",""S"":""Buy"",""v"":""3092"",""p"":""0.041391""}"
2026-10-09T05:49:38.638868Z,1791524978541,OGNUSDT,Buy,865,0.041296,"{""T"":1791524978541,""s"":""OGNUSDT"",""S"":""Buy"",""v"":""865"",""p"":""0.041296""}"
2026-10-09T05:49:39.138539Z,1791524978973,OGNUSDT,Buy,11172,0.041289,"{""T"":1791524978973,""s"":""OGNUSDT"",""S"":""Buy"",""v"":""11172"",""p"":""0.041289""}"
2026-10-09T05:49:47.990198Z,1791524987780,USUSDT,Buy,3000,0.017280,"{""T"":1791524987780,""s"":""USUSDT"",""S"":""Buy"",""v"":""3000"",""p"":""0.017280""}"
2026-10-09T05:49:56.139068Z,1791524995752,OGNUSDT,Buy,46550,0.041274,"{""T"":1791524995752,""s"":""OGNUSDT"",""S"":""Buy"",""v"":""46550"",""p"":""0.041274""}"
2026-10-09T05:49:57.139185Z,1791524996936,OGNUSDT,Buy,27434,0.041212,"{""T"":1791524996936,""s"":""OGNUSDT"",""S"":""Buy"",""v"":""27434"",""p"":""0.041212""}"
2026-10-09T05:49:57.332059Z,1791524996936,JCTUSDT,Buy,139200,0.0022260,"{""T"":1791524996936,""s"":""JCTUSDT"",""S"":""Buy"",""v"":""139200"",""p"":""0.0022260""}"
2026-10-09T05:49:57.490301Z,1791524996936,USUSDT,Buy,58220,0.017200,"{""T"":1791524996936,""s"":""USUSDT"",""S"":""Buy"",""v"":""58220"",""p"":""0.017200""}"
2026-10-09T05:49:57.638695Z,1791524997206,OGNUSDT,Buy,294,0.041067,"{""T"":1791524997206,""s"":""OGNUSDT"",""S"":""Buy"",""v"":""294"",""p"":""0.041067""}"
2026-10-09T05:49:57.638695Z,1791524997255,OGNUSDT,Buy,522,0.041106,"{""T"":1791524997255,""s"":""OGNUSDT"",""S"":""Buy"",""v"":""522"",""p"":""0.041106""}"
2026-10-09T05:49:57.638695Z,1791524997261,OGNUSDT,Buy,26250,0.041129,"{""T"":1791524997261,""s"":""OGNUSDT"",""S"":""Buy"",""v"":""26250"",""p"":""0.041129""}"
2026-10-09T05:49:58.139701Z,1791524997851,OGNUSDT,Buy,745,0.041117,"{""T"":1791524997851,""s"":""OGNUSDT"",""S"":""Buy"",""v"":""745"",""p"":""0.041117""}"
2026-10-09T05:49:58.139701Z,1791524997938,OGNUSDT,Buy,19812,0.041020,"{""T"":1791524997938,""s"":""OGNUSDT"",""S"":""Buy"",""v"":""19812"",""p"":""0.041020""}"
2026-10-09T05:49:58.638644Z,1791524998304,OGNUSDT,Buy,550,0.040913,"{""T"":1791524998304,""s"":""OGNUSDT"",""S"":""Buy"",""v"":""550"",""p"":""0.040913""}"
2026-10-09T05:49:59.138795Z,1791524998552,OGNUSDT,Buy,125,0.040584,"{""T"":1791524998552,""s"":""OGNUSDT"",""S"":""Buy"",""v"":""125"",""p"":""0.040584""}"
2026-10-09T05:49:59.138795Z,1791524998715,OGNUSDT,Buy,498,0.040950,"{""T"":1791524998715,""s"":""OGNUSDT"",""S"":""Buy"",""v"":""498"",""p"":""0.040950""}"
2026-10-09T05:49:59.639052Z,1791524999066,OGNUSDT,Buy,402,0.040638,"{""T"":1791524999066,""s"":""OGNUSDT"",""S"":""Buy"",""v"":""402"",""p"":""0.040638""}"
2026-10-09T05:49:59.639052Z,1791524999209,OGNUSDT,Buy,1099,0.040565,"{""T"":1791524999209,""s"":""OGNUSDT"",""S"":""Buy"",""v"":""1099"",""p"":""0.040565""}"
2026-10-09T05:49:59.639052Z,1791524999234,OGNUSDT,Buy,15912,0.040777,"{""T"":1791524999234,""s"":""OGNUSDT"",""S"":""Buy"",""v"":""15912"",""p"":""0.040777""}"
2026-10-09T05:49:59.639052Z,1791524999243,OGNUSDT,Buy,82971,0.040432,"{""T"":1791524999243,""s"":""OGNUSDT"",""S"":""Buy"",""v"":""82971"",""p"":""0.040432""}"
2026-10-09T05:49:59.639052Z,1791524999287,OGNUSDT,Buy,68256,0.040400,"{""T"":1791524999287,""s"":""OGNUSDT"",""S"":""Buy"",""v"":""68256"",""p"":""0.040400""}"
2026-10-09T05:49:59.639052Z,1791524999359,OGNUSDT,Buy,8150,0.040442,"{""T"":1791524999359,""s"":""OGNUSDT"",""S"":""Buy"",""v"":""8150"",""p"":""0.040442""}"
2026-10-09T05:49:59.639052Z,1791524999382,OGNUSDT,Buy,3348,0.040332,"{""T"":1791524999382,""s"":""OGNUSDT"",""S"":""Buy"",""v"":""3348"",""p"":""0.040332""}"
2026-10-09T05:49:59.639052Z,1791524999538,OGNUSDT,Buy,5226,0.040311,"{""T"":1791524999538,""s"":""OGNUSDT"",""S"":""Buy"",""v"":""5226"",""p"":""0.040311""}"
2026-10-09T05:50:00.138786Z,1791524999580,OGNUSDT,Buy,275,0.040339,"{""T"":1791524999580,""s"":""OGNUSDT"",""S"":""Buy"",""v"":""275"",""p"":""0.040339""}"
2026-10-09T05:50:00.138786Z,1791524999872,OGNUSDT,Buy,1701,0.040346,"{""T"":1791524999872,""s"":""OGNUSDT"",""S"":""Buy"",""v"":""1701"",""p"":""0.040346""}"
2026-10-09T05:50:00.138786Z,1791524999895,OGNUSDT,Buy,6929,0.040413,"{""T"":1791524999895,""s"":""OGNUSDT"",""S"":""Buy"",""v"":""6929"",""p"":""0.040413""}"
2026-10-09T05:50:00.138786Z,1791524999898,OGNUSDT,Buy,22241,0.040379,"{""T"":1791524999898,""s"":""OGNUSDT"",""S"":""Buy"",""v"":""22241"",""p"":""0.040379""}"
2026-10-09T05:50:00.138786Z,1791524999952,OGNUSDT,Buy,8200,0.040411,"{""T"":1791524999952,""s"":""OGNUSDT"",""S"":""Buy"",""v"":""8200"",""p"":""0.040411""}"
2026-10-09T05:50:00.638888Z,1791525000388,OGNUSDT,Buy,2304,0.039985,"{""T"":1791525000388,""s"":""OGNUSDT"",""S"":""Buy"",""v"":""2304"",""p"":""0.039985""}"
2026-10-09T05:50:00.638888Z,1791525000481,OGNUSDT,Buy,563,0.040153,"{""T"":1791525000481,""s"":""OGNUSDT"",""S"":""Buy"",""v"":""563"",""p"":""0.040153""}"
2026-10-09T05:50:01.138947Z,1791525000718,OGNUSDT,Buy,332,0.040140,"{""T"":1791525000718,""s"":""OGNUSDT"",""S"":""Buy"",""v"":""332"",""p"":""0.040140""}"
2026-10-09T05:50:01.138947Z,1791525000822,OGNUSDT,Buy,5331,0.040080,"{""T"":1791525000822,""s"":""OGNUSDT"",""S"":""Buy"",""v"":""5331"",""p"":""0.040080""}"
2026-10-09T05:50:03.139159Z,1791525003004,OGNUSDT,Buy,6535,0.039917,"{""T"":1791525003004,""s"":""OGNUSDT"",""S"":""Buy"",""v"":""6535"",""p"":""0.039917""}"
2026-10-09T05:50:05.639182Z,1791525005344,OGNUSDT,Buy,455,0.039838,"{""T"":1791525005344,""s"":""OGNUSDT"",""S"":""Buy"",""v"":""455"",""p"":""0.039838""}"
2026-10-09T05:50:06.138914Z,1791525005571,OGNUSDT,Buy,754,0.039750,"{""T"":1791525005571,""s"":""OGNUSDT"",""S"":""Buy"",""v"":""754"",""p"":""0.039750""}"
2026-10-09T05:50:06.138914Z,1791525005864,OGNUSDT,Buy,122612,0.039847,"{""T"":1791525005864,""s"":""OGNUSDT"",""S"":""Buy"",""v"":""122612"",""p"":""0.039847""}"
2026-10-09T05:50:06.138914Z,1791525005932,OGNUSDT,Buy,16038,0.039711,"{""T"":1791525005932,""s"":""OGNUSDT"",""S"":""Buy"",""v"":""16038"",""p"":""0.039711""}"
2026-10-09T05:50:07.489826Z,1791525007179,WUSDT,Buy,1478.8,0.016509,"{""T"":1791525007179,""s"":""WUSDT"",""S"":""Buy"",""v"":""1478.8"",""p"":""0.016509""}"
2026-10-09T05:50:07.490296Z,1791525007179,USUSDT,Buy,530,0.017010,"{""T"":1791525007179,""s"":""USUSDT"",""S"":""Buy"",""v"":""530"",""p"":""0.017010""}"
2026-10-09T05:50:23.332848Z,1791525022887,JCTUSDT,Buy,38500,0.0021940,"{""T"":1791525022887,""s"":""JCTUSDT"",""S"":""Buy"",""v"":""38500"",""p"":""0.0021940""}"
2026-10-09T05:53:11.072942Z,1791525190707,BTCUSDT,Buy,0.001,82017.20,"{""T"":1791525190707,""s"":""BTCUSDT"",""S"":""Buy"",""v"":""0.001"",""p"":""82017.20""}"
2026-10-09T05:54:41.003072Z,1791525280763,RLCUSDT,Sell,1244.7,0.9072,"{""T"":1791525280763,""s"":""RLCUSDT"",""S"":""Sell"",""v"":""1244.7"",""p"":""0.9072""}"
2026-10-09T05:54:42.000506Z,1791525281780,RLCUSDT,Sell,484.1,0.9112,"{""T"":1791525281780,""s"":""RLCUSDT"",""S"":""Sell"",""v"":""484.1"",""p"":""0.9112""}"
2026-10-09T05:54:42.138999Z,1791525281780,OGNUSDT,Buy,6868,0.040684,"{""T"":1791525281780,""s"":""OGNUSDT"",""S"":""Buy"",""v"":""6868"",""p"":""0.040684""}"
2026-10-09T05:54:50.499756Z,1791525289973,RLCUSDT,Sell,30.0,0.9239,"{""T"":1791525289973,""s"":""RLCUSDT"",""S"":""Sell"",""v"":""30.0"",""p"":""0.9239""}"
2026-10-09T05:55:21.999997Z,1791525321821,RLCUSDT,Sell,2211.2,0.9511,"{""T"":1791525321821,""s"":""RLCUSDT"",""S"":""Sell"",""v"":""2211.2"",""p"":""0.9511""}"
2026-10-09T05:55:22.500033Z,1791525322040,RLCUSDT,Sell,61.2,0.9503,"{""T"":1791525322040,""s"":""RLCUSDT"",""S"":""Sell"",""v"":""61.2"",""p"":""0.9503""}"
2026-10-09T05:55:22.500033Z,1791525322375,RLCUSDT,Sell,98.0,0.9539,"{""T"":1791525322375,""s"":""RLCUSDT"",""S"":""Sell"",""v"":""98.0"",""p"":""0.9539""}"
2026-10-09T05:55:23.499975Z,1791525323400,RLCUSDT,Sell,1547.5,0.9553,"{""T"":1791525323400,""s"":""RLCUSDT"",""S"":""Sell"",""v"":""1547.5"",""p"":""0.9553""}"
2026-10-09T05:55:27.500144Z,1791525326955,RLCUSDT,Sell,397.2,0.9589,"{""T"":1791525326955,""s"":""RLCUSDT"",""S"":""Sell"",""v"":""397.2"",""p"":""0.9589""}"
2026-10-09T05:55:34.000534Z,1791525333736,RLCUSDT,Sell,83.8,0.9630,"{""T"":1791525333736,""s"":""RLCUSDT"",""S"":""Sell"",""v"":""83.8"",""p"":""0.9630""}"
2026-10-09T05:55:48.332533Z,1791525348211,LONGXIAUSDT,Sell,146,0.0504,"{""T"":1791525348211,""s"":""LONGXIAUSDT"",""S"":""Sell"",""v"":""146"",""p"":""0.0504""}"
2026-10-09T05:55:48.832175Z,1791525348251,LONGXIAUSDT,Sell,2382,0.0504,"{""T"":1791525348251,""s"":""LONGXIAUSDT"",""S"":""Sell"",""v"":""2382"",""p"":""0.0504""}"
2026-10-09T05:55:49.638933Z,1791525349100,STRKUSDT,Sell,29748.0,0.06996,"{""T"":1791525349100,""s"":""STRKUSDT"",""S"":""Sell"",""v"":""29748.0"",""p"":""0.06996""}"
2026-10-09T05:55:52.500172Z,1791525352203,RLCUSDT,Sell,73.8,0.9720,"{""T"":1791525352203,""s"":""RLCUSDT"",""S"":""Sell"",""v"":""73.8"",""p"":""0.9720""}"
2026-10-09T05:56:18.500157Z,1791525377975,RLCUSDT,Sell,352.7,0.9771,"{""T"":1791525377975,""s"":""RLCUSDT"",""S"":""Sell"",""v"":""352.7"",""p"":""0.9771""}"
2026-10-09T05:56:19.000663Z,1791525378795,RLCUSDT,Sell,10.7,0.9814,"{""T"":1791525378795,""s"":""RLCUSDT"",""S"":""Sell"",""v"":""10.7"",""p"":""0.9814""}"
2026-10-09T05:56:19.500008Z,1791525378944,RLCUSDT,Sell,6.6,0.9867,"{""T"":1791525378944,""s"":""RLCUSDT"",""S"":""Sell"",""v"":""6.6"",""p"":""0.9867""}"
2026-10-09T05:56:19.500008Z,1791525379061,RLCUSDT,Sell,100.0,0.9886,"{""T"":1791525379061,""s"":""RLCUSDT"",""S"":""Sell"",""v"":""100.0"",""p"":""0.9886""}"
2026-10-09T05:56:19.500008Z,1791525379171,RLCUSDT,Sell,95.9,0.9861,"{""T"":1791525379171,""s"":""RLCUSDT"",""S"":""Sell"",""v"":""95.9"",""p"":""0.9861""}"
2026-10-09T05:56:19.851243Z,1791525379750,SANDUSDT,Sell,7161,0.07286,"{""T"":1791525379750,""s"":""SANDUSDT"",""S"":""Sell"",""v"":""7161"",""p"":""0.07286""}"
2026-10-09T05:56:19.999889Z,1791525379750,RLCUSDT,Sell,1221.1,0.9906,"{""T"":1791525379750,""s"":""RLCUSDT"",""S"":""Sell"",""v"":""1221.1"",""p"":""0.9906""}"
2026-10-09T05:56:20.138800Z,1791525379750,STRKUSDT,Sell,870.0,0.06992,"{""T"":1791525379750,""s"":""STRKUSDT"",""S"":""Sell"",""v"":""870.0"",""p"":""0.06992""}"
2026-10-09T05:56:20.316649Z,1791525379750,GRASSUSDT,Sell,438,0.64360,"{""T"":1791525379750,""s"":""GRASSUSDT"",""S"":""Sell"",""v"":""438"",""p"":""0.64360""}"
2026-10-09T05:56:20.500685Z,1791525380360,RLCUSDT,Sell,5177.0,0.9903,"{""T"":1791525380360,""s"":""RLCUSDT"",""S"":""Sell"",""v"":""5177.0"",""p"":""0.9903""}"
2026-10-09T05:56:23.990220Z,1791525383455,SOXLUSDT,Sell,1.42,149.67,"{""T"":1791525383455,""s"":""SOXLUSDT"",""S"":""Sell"",""v"":""1.42"",""p"":""149.67""}"
2026-10-09T05:56:24.638873Z,1791525384475,STRKUSDT,Buy,5772.4,0.06801,"{""T"":1791525384475,""s"":""STRKUSDT"",""S"":""Buy"",""v"":""5772.4"",""p"":""0.06801""}"
2026-10-09T05:56:24.999890Z,1791525384475,RLCUSDT,Sell,1061.2,0.9932,"{""T"":1791525384475,""s"":""RLCUSDT"",""S"":""Sell"",""v"":""1061.2"",""p"":""0.9932""}"
2026-10-09T05:56:38.000802Z,1791525397494,RLCUSDT,Sell,21.6,1.0014,"{""T"":1791525397494,""s"":""RLCUSDT"",""S"":""Sell"",""v"":""21.6"",""p"":""1.0014""}"
2026-10-09T05:56:47.000163Z,1791525406625,RLCUSDT,Sell,3511.5,1.0045,"{""T"":1791525406625,""s"":""RLCUSDT"",""S"":""Sell"",""v"":""3511.5"",""p"":""1.0045""}"
2026-10-09T05:56:47.000163Z,1791525406872,RLCUSDT,Sell,2988.1,1.0087,"{""T"":1791525406872,""s"":""RLCUSDT"",""S"":""Sell"",""v"":""2988.1"",""p"":""1.0087""}"
2026-10-09T05:56:47.500005Z,1791525406966,RLCUSDT,Sell,7.0,1.0190,"{""T"":1791525406966,""s"":""RLCUSDT"",""S"":""Sell"",""v"":""7.0"",""p"":""1.0190""}"
2026-10-09T05:56:47.500005Z,1791525407025,RLCUSDT,Sell,13.7,1.0140,"{""T"":1791525407025,""s"":""RLCUSDT"",""S"":""Sell"",""v"":""13.7"",""p"":""1.0140""}"
2026-10-09T05:56:47.500005Z,1791525407201,RLCUSDT,Sell,1516.7,1.0137,"{""T"":1791525407201,""s"":""RLCUSDT"",""S"":""Sell"",""v"":""1516.7"",""p"":""1.0137""}"
2026-10-09T05:56:51.917817Z,1791525411655,ZECUSDT,Sell,1.00,1227.65,"{""T"":1791525411655,""s"":""ZECUSDT"",""S"":""Sell"",""v"":""1.00"",""p"":""1227.65""}"
2026-10-09T05:56:51.999925Z,1791525411655,RLCUSDT,Sell,1900.0,1.0264,"{""T"":1791525411655,""s"":""RLCUSDT"",""S"":""Sell"",""v"":""1900.0"",""p"":""1.0264""}"
2026-10-09T05:56:54.000096Z,1791525413451,RLCUSDT,Sell,135.9,1.0309,"{""T"":1791525413451,""s"":""RLCUSDT"",""S"":""Sell"",""v"":""135.9"",""p"":""1.0309""}"
2026-10-09T05:56:54.500075Z,1791525414308,RLCUSDT,Sell,6.2,1.0477,"{""T"":1791525414308,""s"":""RLCUSDT"",""S"":""Sell"",""v"":""6.2"",""p"":""1.0477""}"
2026-10-09T05:56:54.500075Z,1791525414311,RLCUSDT,Sell,5.4,1.0329,"{""T"":1791525414311,""s"":""RLCUSDT"",""S"":""Sell"",""v"":""5.4"",""p"":""1.0329""}"
2026-10-09T05:56:54.500075Z,1791525414315,RLCUSDT,Sell,239.0,1.0412,"{""T"":1791525414315,""s"":""RLCUSDT"",""S"":""Sell"",""v"":""239.0"",""p"":""1.0412""}"
2026-10-09T05:56:54.500075Z,1791525414333,RLCUSDT,Sell,76.7,1.0442,"{""T"":1791525414333,""s"":""RLCUSDT"",""S"":""Sell"",""v"":""76.7"",""p"":""1.0442""}"
2026-10-09T05:56:54.500075Z,1791525414381,RLCUSDT,Sell,63.4,1.0412,"{""T"":1791525414381,""s"":""RLCUSDT"",""S"":""Sell"",""v"":""63.4"",""p"":""1.0412""}"
2026-10-09T05:56:54.638895Z,1791525414488,AKEUSDT,Sell,9000,0.0282720,"{""T"":1791525414488,""s"":""AKEUSDT"",""S"":""Sell"",""v"":""9000"",""p"":""0.0282720""}"
2026-10-09T05:56:54.639262Z,1791525414488,OGNUSDT,Sell,10395,0.042530,"{""T"":1791525414488,""s"":""OGNUSDT"",""S"":""Sell"",""v"":""10395"",""p"":""0.042530""}"
2026-10-09T05:56:55.001344Z,1791525414446,RLCUSDT,Sell,10.5,1.0440,"{""T"":1791525414446,""s"":""RLCUSDT"",""S"":""Sell"",""v"":""10.5"",""p"":""1.0440""}"
2026-10-09T05:56:55.001344Z,1791525414488,RLCUSDT,Sell,1600.0,1.0556,"{""T"":1791525414488,""s"":""RLCUSDT"",""S"":""Sell"",""v"":""1600.0"",""p"":""1.0556""}"
2026-10-09T05:56:55.001344Z,1791525414516,RLCUSDT,Sell,0.5,1.0436,"{""T"":1791525414516,""s"":""RLCUSDT"",""S"":""Sell"",""v"":""0.5"",""p"":""1.0436""}"
2026-10-09T05:56:55.001344Z,1791525414587,RLCUSDT,Sell,229.8,1.0440,"{""T"":1791525414587,""s"":""RLCUSDT"",""S"":""Sell"",""v"":""229.8"",""p"":""1.0440""}"
2026-10-09T05:56:55.001344Z,1791525414664,RLCUSDT,Sell,9.0,1.0423,"{""T"":1791525414664,""s"":""RLCUSDT"",""S"":""Sell"",""v"":""9.0"",""p"":""1.0423""}"
2026-10-09T05:56:55.001344Z,1791525414675,RLCUSDT,Sell,566.5,1.0441,"{""T"":1791525414675,""s"":""RLCUSDT"",""S"":""Sell"",""v"":""566.5"",""p"":""1.0441""}"
2026-10-09T05:56:55.001344Z,1791525414706,RLCUSDT,Sell,57.6,1.0405,"{""T"":1791525414706,""s"":""RLCUSDT"",""S"":""Sell"",""v"":""57.6"",""p"":""1.0405""}"
2026-10-09T05:56:55.001344Z,1791525414747,RLCUSDT,Sell,331.6,1.0485,"{""T"":1791525414747,""s"":""RLCUSDT"",""S"":""Sell"",""v"":""331.6"",""p"":""1.0485""}"
2026-10-09T05:56:55.001344Z,1791525414868,RLCUSDT,Sell,1.4,1.0579,"{""T"":1791525414868,""s"":""RLCUSDT"",""S"":""Sell"",""v"":""1.4"",""p"":""1.0579""}"
2026-10-09T05:56:55.001344Z,1791525414876,RLCUSDT,Sell,1367.9,1.0397,"{""T"":1791525414876,""s"":""RLCUSDT"",""S"":""Sell"",""v"":""1367.9"",""p"":""1.0397""}"
2026-10-09T05:56:55.001344Z,1791525414895,RLCUSDT,Sell,7.3,1.0501,"{""T"":1791525414895,""s"":""RLCUSDT"",""S"":""Sell"",""v"":""7.3"",""p"":""1.0501""}"
2026-10-09T05:56:55.139877Z,1791525415017,STRKUSDT,Sell,496.9,0.06899,"{""T"":1791525415017,""s"":""STRKUSDT"",""S"":""Sell"",""v"":""496.9"",""p"":""0.06899""}"
2026-10-09T05:56:55.500123Z,1791525414959,RLCUSDT,Sell,2298.4,1.0474,"{""T"":1791525414959,""s"":""RLCUSDT"",""S"":""Sell"",""v"":""2298.4"",""p"":""1.0474""}"
2026-10-09T05:56:55.500123Z,1791525415017,RLCUSDT,Sell,1103.4,1.0330,"{""T"":1791525415017,""s"":""RLCUSDT"",""S"":""Sell"",""v"":""1103.4"",""p"":""1.0330""}"
2026-10-09T05:56:55.500123Z,1791525415027,RLCUSDT,Sell,1083.1,1.0553,"{""T"":1791525415027,""s"":""RLCUSDT"",""S"":""Sell"",""v"":""1083.1"",""p"":""1.0553""}"
2026-10-09T05:56:55.500123Z,1791525415051,RLCUSDT,Sell,555.5,1.0512,"{""T"":1791525415051,""s"":""RLCUSDT"",""S"":""Sell"",""v"":""555.5"",""p"":""1.0512""}"
2026-10-09T05:56:55.500123Z,1791525415077,RLCUSDT,Sell,4639.1,1.0538,"{""T"":1791525415077,""s"":""RLCUSDT"",""S"":""Sell"",""v"":""4639.1"",""p"":""1.0538""}"
2026-10-09T05:56:55.500123Z,1791525415121,RLCUSDT,Sell,2068.3,1.0336,"{""T"":1791525415121,""s"":""RLCUSDT"",""S"":""Sell"",""v"":""2068.3"",""p"":""1.0336""}"
2026-10-09T05:56:55.500123Z,1791525415248,RLCUSDT,Sell,8.9,1.0464,"{""T"":1791525415248,""s"":""RLCUSDT"",""S"":""Sell"",""v"":""8.9"",""p"":""1.0464""}"
2026-10-09T05:56:55.500123Z,1791525415251,RLCUSDT,Sell,254.1,1.0514,"{""T"":1791525415251,""s"":""RLCUSDT"",""S"":""Sell"",""v"":""254.1"",""p"":""1.0514""}"
2026-10-09T05:57:00.959400Z,1791525420690,QNTUSDT,Sell,20.89,241.64,"{""T"":1791525420690,""s"":""QNTUSDT"",""S"":""Sell"",""v"":""20.89"",""p"":""241.64""}"
2026-10-09T05:57:01.000031Z,1791525420690,RLCUSDT,Sell,4532.7,1.0605,"{""T"":1791525420690,""s"":""RLCUSDT"",""S"":""Sell"",""v"":""4532.7"",""p"":""1.0605""}"
2026-10-09T05:57:22.639309Z,1791525442396,STRKUSDT,Buy,215.5,0.06747,"{""T"":1791525442396,""s"":""STRKUSDT"",""S"":""Buy"",""v"":""215.5"",""p"":""0.06747""}"
2026-10-09T05:58:39.503766Z,1791525519084,RLCUSDT,Sell,50.0,1.0639,"{""T"":1791525519084,""s"":""RLCUSDT"",""S"":""Sell"",""v"":""50.0"",""p"":""1.0639""}"
2026-10-09T05:58:42.138844Z,1791525521963,OGNUSDT,Sell,33495,0.042592,"{""T"":1791525521963,""s"":""OGNUSDT"",""S"":""Sell"",""v"":""33495"",""p"":""0.042592""}"
2026-10-09T05:58:42.499975Z,1791525521963,RLCUSDT,Sell,2308.3,1.0722,"{""T"":1791525521963,""s"":""RLCUSDT"",""S"":""Sell"",""v"":""2308.3"",""p"":""1.0722""}"
2026-10-09T05:59:02.503178Z,1791525541930,RLCUSDT,Sell,71.0,1.0807,"{""T"":1791525541930,""s"":""RLCUSDT"",""S"":""Sell"",""v"":""71.0"",""p"":""1.0807""}"
2026-10-09T05:59:02.503178Z,1791525542254,RLCUSDT,Sell,4663.3,1.0772,"{""T"":1791525542254,""s"":""RLCUSDT"",""S"":""Sell"",""v"":""4663.3"",""p"":""1.0772""}"
2026-10-09T05:59:02.503178Z,1791525542316,RLCUSDT,Sell,41.3,1.0804,"{""T"":1791525542316,""s"":""RLCUSDT"",""S"":""Sell"",""v"":""41.3"",""p"":""1.0804""}"
2026-10-09T05:59:03.499867Z,1791525543090,RLCUSDT,Sell,79.9,1.0861,"{""T"":1791525543090,""s"":""RLCUSDT"",""S"":""Sell"",""v"":""79.9"",""p"":""1.0861""}"
2026-10-09T05:59:03.499867Z,1791525543160,RLCUSDT,Sell,137.5,1.0858,"{""T"":1791525543160,""s"":""RLCUSDT"",""S"":""Sell"",""v"":""137.5"",""p"":""1.0858""}"
2026-10-09T05:59:08.499940Z,1791525548296,RLCUSDT,Sell,11.3,1.1013,"{""T"":1791525548296,""s"":""RLCUSDT"",""S"":""Sell"",""v"":""11.3"",""p"":""1.1013""}"
2026-10-09T05:59:08.499940Z,1791525548318,RLCUSDT,Sell,17.4,1.0994,"{""T"":1791525548318,""s"":""RLCUSDT"",""S"":""Sell"",""v"":""17.4"",""p"":""1.0994""}"
2026-10-09T05:59:11.000025Z,1791525550621,RLCUSDT,Sell,12.4,1.1071,"{""T"":1791525550621,""s"":""RLCUSDT"",""S"":""Sell"",""v"":""12.4"",""p"":""1.1071""}"
2026-10-09T05:59:11.000025Z,1791525550680,RLCUSDT,Sell,713.8,1.1079,"{""T"":1791525550680,""s"":""RLCUSDT"",""S"":""Sell"",""v"":""713.8"",""p"":""1.1079""}"
2026-10-09T05:59:11.499917Z,1791525551329,RLCUSDT,Sell,32.2,1.1060,"{""T"":1791525551329,""s"":""RLCUSDT"",""S"":""Sell"",""v"":""32.2"",""p"":""1.1060""}"
2026-10-09T05:59:16.499905Z,1791525556163,RLCUSDT,Sell,256.6,1.1106,"{""T"":1791525556163,""s"":""RLCUSDT"",""S"":""Sell"",""v"":""256.6"",""p"":""1.1106""}"
2026-10-09T05:59:16.499905Z,1791525556190,RLCUSDT,Sell,444.9,1.1100,"{""T"":1791525556190,""s"":""RLCUSDT"",""S"":""Sell"",""v"":""444.9"",""p"":""1.1100""}"
2026-10-09T05:59:16.499905Z,1791525556359,RLCUSDT,Sell,9.8,1.1126,"{""T"":1791525556359,""s"":""RLCUSDT"",""S"":""Sell"",""v"":""9.8"",""p"":""1.1126""}"
2026-10-09T05:59:17.851295Z,1791525557499,SANDUSDT,Sell,17071,0.07268,"{""T"":1791525557499,""s"":""SANDUSDT"",""S"":""Sell"",""v"":""17071"",""p"":""0.07268""}"
2026-10-09T05:59:17.999990Z,1791525557499,RLCUSDT,Sell,2152.9,1.1175,"{""T"":1791525557499,""s"":""RLCUSDT"",""S"":""Sell"",""v"":""2152.9"",""p"":""1.1175""}"
2026-10-09T05:59:17.999990Z,1791525557518,RLCUSDT,Sell,38.2,1.1169,"{""T"":1791525557518,""s"":""RLCUSDT"",""S"":""Sell"",""v"":""38.2"",""p"":""1.1169""}"
2026-10-09T05:59:17.999990Z,1791525557571,RLCUSDT,Sell,400.0,1.1185,"{""T"":1791525557571,""s"":""RLCUSDT"",""S"":""Sell"",""v"":""400.0"",""p"":""1.1185""}"
2026-10-09T05:59:22.000106Z,1791525561670,RLCUSDT,Sell,1527.7,1.1210,"{""T"":1791525561670,""s"":""RLCUSDT"",""S"":""Sell"",""v"":""1527.7"",""p"":""1.1210""}"
2026-10-09T05:59:22.459291Z,1791525562223,ETHUSDT,Sell,1.49,2497.79,"{""T"":1791525562223,""s"":""ETHUSDT"",""S"":""Sell"",""v"":""1.49"",""p"":""2497.79""}"
2026-10-09T05:59:22.500212Z,1791525562063,RLCUSDT,Sell,49.0,1.1209,"{""T"":1791525562063,""s"":""RLCUSDT"",""S"":""Sell"",""v"":""49.0"",""p"":""1.1209""}"
2026-10-09T05:59:22.500212Z,1791525562223,RLCUSDT,Sell,2730.6,1.1192,"{""T"":1791525562223,""s"":""RLCUSDT"",""S"":""Sell"",""v"":""2730.6"",""p"":""1.1192""}"
2026-10-09T05:59:22.639233Z,1791525562223,OGNUSDT,Sell,34747,0.042697,"{""T"":1791525562223,""s"":""OGNUSDT"",""S"":""Sell"",""v"":""34747"",""p"":""0.042697""}"
2026-10-09T05:59:27.489760Z,1791525567013,SOXLUSDT,Buy,0.04,147.30,"{""T"":1791525567013,""s"":""SOXLUSDT"",""S"":""Buy"",""v"":""0.04"",""p"":""147.30""}"
2026-10-09T05:59:27.999980Z,1791525567904,RLCUSDT,Sell,4517.0,1.1220,"{""T"":1791525567904,""s"":""RLCUSDT"",""S"":""Sell"",""v"":""4517.0"",""p"":""1.1220""}"
2026-10-09T05:59:29.000500Z,1791525568890,RLCUSDT,Sell,19.5,1.1230,"{""T"":1791525568890,""s"":""RLCUSDT"",""S"":""Sell"",""v"":""19.5"",""p"":""1.1230""}"
2026-10-09T05:59:29.989787Z,1791525569542,BTWUSDT,Sell,180,1.54372,"{""T"":1791525569542,""s"":""BTWUSDT"",""S"":""Sell"",""v"":""180"",""p"":""1.54372""}"
2026-10-09T05:59:29.999846Z,1791525569542,RLCUSDT,Sell,1500.0,1.1274,"{""T"":1791525569542,""s"":""RLCUSDT"",""S"":""Sell"",""v"":""1500.0"",""p"":""1.1274""}"
2026-10-09T05:59:29.999846Z,1791525569616,RLCUSDT,Sell,923.2,1.1248,"{""T"":1791525569616,""s"":""RLCUSDT"",""S"":""Sell"",""v"":""923.2"",""p"":""1.1248""}"
2026-10-09T05:59:29.999846Z,1791525569842,RLCUSDT,Sell,65.3,1.1269,"{""T"":1791525569842,""s"":""RLCUSDT"",""S"":""Sell"",""v"":""65.3"",""p"":""1.1269""}"
2026-10-09T05:59:30.500002Z,1791525570368,RLCUSDT,Sell,116.4,1.1343,"{""T"":1791525570368,""s"":""RLCUSDT"",""S"":""Sell"",""v"":""116.4"",""p"":""1.1343""}"
2026-10-09T05:59:30.518893Z,1791525570368,NEARUSDT,Buy,3.9,4.8150,"{""T"":1791525570368,""s"":""NEARUSDT"",""S"":""Buy"",""v"":""3.9"",""p"":""4.8150""}"
2026-10-09T05:59:31.000095Z,1791525570594,RLCUSDT,Sell,450.3,1.1327,"{""T"":1791525570594,""s"":""RLCUSDT"",""S"":""Sell"",""v"":""450.3"",""p"":""1.1327""}"
2026-10-09T05:59:31.000095Z,1791525570655,RLCUSDT,Sell,204.8,1.1283,"{""T"":1791525570655,""s"":""RLCUSDT"",""S"":""Sell"",""v"":""204.8"",""p"":""1.1283""}"
2026-10-09T05:59:31.000095Z,1791525570688,RLCUSDT,Sell,1329.4,1.1302,"{""T"":1791525570688,""s"":""RLCUSDT"",""S"":""Sell"",""v"":""1329.4"",""p"":""1.1302""}"
2026-10-09T05:59:31.000095Z,1791525570696,RLCUSDT,Sell,884.4,1.1291,"{""T"":1791525570696,""s"":""RLCUSDT"",""S"":""Sell"",""v"":""884.4"",""p"":""1.1291""}"
2026-10-09T05:59:31.500491Z,1791525570943,RLCUSDT,Sell,32.0,1.1356,"{""T"":1791525570943,""s"":""RLCUSDT"",""S"":""Sell"",""v"":""32.0"",""p"":""1.1356""}"
2026-10-09T05:59:31.500491Z,1791525570977,RLCUSDT,Sell,1424.5,1.1364,"{""T"":1791525570977,""s"":""RLCUSDT"",""S"":""Sell"",""v"":""1424.5"",""p"":""1.1364""}"
2026-10-09T05:59:31.500491Z,1791525571082,RLCUSDT,Sell,145.9,1.1337,"{""T"":1791525571082,""s"":""RLCUSDT"",""S"":""Sell"",""v"":""145.9"",""p"":""1.1337""}"
2026-10-09T05:59:31.500491Z,1791525571134,RLCUSDT,Sell,1055.9,1.1351,"{""T"":1791525571134,""s"":""RLCUSDT"",""S"":""Sell"",""v"":""1055.9"",""p"":""1.1351""}"
2026-10-09T05:59:31.500491Z,1791525571152,RLCUSDT,Sell,830.9,1.1363,"{""T"":1791525571152,""s"":""RLCUSDT"",""S"":""Sell"",""v"":""830.9"",""p"":""1.1363""}"
2026-10-09T05:59:31.500491Z,1791525571177,RLCUSDT,Sell,126.1,1.1319,"{""T"":1791525571177,""s"":""RLCUSDT"",""S"":""Sell"",""v"":""126.1"",""p"":""1.1319""}"
2026-10-09T05:59:31.500491Z,1791525571306,RLCUSDT,Sell,15.0,1.1393,"{""T"":1791525571306,""s"":""RLCUSDT"",""S"":""Sell"",""v"":""15.0"",""p"":""1.1393""}"
2026-10-09T05:59:31.500491Z,1791525571336,RLCUSDT,Sell,1500.0,1.1462,"{""T"":1791525571336,""s"":""RLCUSDT"",""S"":""Sell"",""v"":""1500.0"",""p"":""1.1462""}"
2026-10-09T05:59:31.500491Z,1791525571346,RLCUSDT,Sell,424.5,1.1457,"{""T"":1791525571346,""s"":""RLCUSDT"",""S"":""Sell"",""v"":""424.5"",""p"":""1.1457""}"
2026-10-09T05:59:31.638885Z,1791525571134,OGNUSDT,Sell,14313,0.042525,"{""T"":1791525571134,""s"":""OGNUSDT"",""S"":""Sell"",""v"":""14313"",""p"":""0.042525""}"
2026-10-09T05:59:31.639314Z,1791525571336,STRKUSDT,Sell,10000.0,0.06989,"{""T"":1791525571336,""s"":""STRKUSDT"",""S"":""Sell"",""v"":""10000.0"",""p"":""0.06989""}"
2026-10-09T05:59:31.832248Z,1791525571546,LONGXIAUSDT,Buy,2000,0.0460,"{""T"":1791525571546,""s"":""LONGXIAUSDT"",""S"":""Buy"",""v"":""2000"",""p"":""0.0460""}"
2026-10-09T05:59:31.958922Z,1791525571546,ETHUSDT,Buy,0.14,2482.86,"{""T"":1791525571546,""s"":""ETHUSDT"",""S"":""Buy"",""v"":""0.14"",""p"":""2482.86""}"
2026-10-09T05:59:31.999808Z,1791525571457,RLCUSDT,Sell,2200.0,1.1461,"{""T"":1791525571457,""s"":""RLCUSDT"",""S"":""Sell"",""v"":""2200.0"",""p"":""1.1461""}"
2026-10-09T05:59:31.999808Z,1791525571475,RLCUSDT,Sell,33.4,1.1443,"{""T"":1791525571475,""s"":""RLCUSDT"",""S"":""Sell"",""v"":""33.4"",""p"":""1.1443""}"
2026-10-09T05:59:31.999808Z,1791525571546,RLCUSDT,Sell,100.0,1.1448,"{""T"":1791525571546,""s"":""RLCUSDT"",""S"":""Sell"",""v"":""100.0"",""p"":""1.1448""}"
2026-10-09T05:59:31.999808Z,1791525571556,RLCUSDT,Sell,2.1,1.1424,"{""T"":1791525571556,""s"":""RLCUSDT"",""S"":""Sell"",""v"":""2.1"",""p"":""1.1424""}"
2026-10-09T05:59:31.999808Z,1791525571822,RLCUSDT,Sell,22.7,1.1400,"{""T"":1791525571822,""s"":""RLCUSDT"",""S"":""Sell"",""v"":""22.7"",""p"":""1.1400""}"
2026-10-09T05:59:31.999808Z,1791525571865,RLCUSDT,Sell,69.7,1.1444,"{""T"":1791525571865,""s"":""RLCUSDT"",""S"":""Sell"",""v"":""69.7"",""p"":""1.1444""}"
2026-10-09T05:59:32.499945Z,1791525572011,RLCUSDT,Sell,4038.0,1.1468,"{""T"":1791525572011,""s"":""RLCUSDT"",""S"":""Sell"",""v"":""4038.0"",""p"":""1.1468""}"
2026-10-09T05:59:33.351811Z,1791525572913,SANDUSDT,Sell,21095,0.07271,"{""T"":1791525572913,""s"":""SANDUSDT"",""S"":""Sell"",""v"":""21095"",""p"":""0.07271""}"
2026-10-09T05:59:33.489880Z,1791525572913,BTWUSDT,Sell,60,1.54363,"{""T"":1791525572913,""s"":""BTWUSDT"",""S"":""Sell"",""v"":""60"",""p"":""1.54363""}"
2026-10-09T05:59:33.490291Z,1791525572913,WUSDT,Sell,280899.8,0.017134,"{""T"":1791525572913,""s"":""WUSDT"",""S"":""Sell"",""v"":""280899.8"",""p"":""0.017134""}"
2026-10-09T05:59:33.490612Z,1791525572913,USUSDT,Buy,900,0.018380,"{""T"":1791525572913,""s"":""USUSDT"",""S"":""Buy"",""v"":""900"",""p"":""0.018380""}"
2026-10-09T05:59:33.499886Z,1791525572913,RLCUSDT,Sell,4498.0,1.1519,"{""T"":1791525572913,""s"":""RLCUSDT"",""S"":""Sell"",""v"":""4498.0"",""p"":""1.1519""}"
2026-10-09T05:59:33.499886Z,1791525573237,RLCUSDT,Sell,303.8,1.1515,"{""T"":1791525573237,""s"":""RLCUSDT"",""S"":""Sell"",""v"":""303.8"",""p"":""1.1515""}"
2026-10-09T05:59:33.499886Z,1791525573321,RLCUSDT,Sell,6.2,1.1506,"{""T"":1791525573321,""s"":""RLCUSDT"",""S"":""Sell"",""v"":""6.2"",""p"":""1.1506""}"
2026-10-09T05:59:33.989895Z,1791525573484,BTWUSDT,Sell,50,1.53849,"{""T"":1791525573484,""s"":""BTWUSDT"",""S"":""Sell"",""v"":""50"",""p"":""1.53849""}"
2026-10-09T05:59:34.000082Z,1791525573456,RLCUSDT,Sell,16.9,1.1656,"{""T"":1791525573456,""s"":""RLCUSDT"",""S"":""Sell"",""v"":""16.9"",""p"":""1.1656""}"
2026-10-09T05:59:34.000082Z,1791525573485,RLCUSDT,Sell,61.1,1.1631,"{""T"":1791525573485,""s"":""RLCUSDT"",""S"":""Sell"",""v"":""61.1"",""p"":""1.1631""}"
2026-10-09T05:59:34.000082Z,1791525573489,RLCUSDT,Sell,28.0,1.1576,"{""T"":1791525573489,""s"":""RLCUSDT"",""S"":""Sell"",""v"":""28.0"",""p"":""1.1576""}"
2026-10-09T05:59:34.000082Z,1791525573499,RLCUSDT,Sell,841.5,1.1627,"{""T"":1791525573499,""s"":""RLCUSDT"",""S"":""Sell"",""v"":""841.5"",""p"":""1.1627""}"
2026-10-09T05:59:34.000082Z,1791525573832,RLCUSDT,Sell,38.9,1.1536,"{""T"":1791525573832,""s"":""RLCUSDT"",""S"":""Sell"",""v"":""38.9"",""p"":""1.1536""}"
2026-10-09T05:59:34.341160Z,1791525574024,ONDOUSDT,Buy,4158,0.4775,"{""T"":1791525574024,""s"":""ONDOUSDT"",""S"":""Buy"",""v"":""4158"",""p"":""0.4775""}"
2026-10-09T05:59:34.351332Z,1791525574024,USELESSUSDT,Sell,53086,0.20349,"{""T"":1791525574024,""s"":""USELESSUSDT"",""S"":""Sell"",""v"":""53086"",""p"":""0.20349""}"
2026-10-09T05:59:34.351792Z,1791525574024,SANDUSDT,Sell,70771,0.07270,"{""T"":1791525574024,""s"":""SANDUSDT"",""S"":""Sell"",""v"":""70771"",""p"":""0.07270""}"
2026-10-09T05:59:34.500070Z,1791525574002,RLCUSDT,Sell,201.6,1.1645,"{""T"":1791525574002,""s"":""RLCUSDT"",""S"":""Sell"",""v"":""201.6"",""p"":""1.1645""}"
2026-10-09T05:59:34.500070Z,1791525574024,RLCUSDT,Sell,4356.9,1.1640,"{""T"":1791525574024,""s"":""RLCUSDT"",""S"":""Sell"",""v"":""4356.9"",""p"":""1.1640""}"
2026-10-09T05:59:34.500070Z,1791525574164,RLCUSDT,Sell,26.7,1.1596,"{""T"":1791525574164,""s"":""RLCUSDT"",""S"":""Sell"",""v"":""26.7"",""p"":""1.1596""}"
2026-10-09T05:59:34.500070Z,1791525574293,RLCUSDT,Sell,29.5,1.1588,"{""T"":1791525574293,""s"":""RLCUSDT"",""S"":""Sell"",""v"":""29.5"",""p"":""1.1588""}"
2026-10-09T05:59:36.019623Z,1791525575851,PYTHUSDT,Buy,500,0.08170,"{""T"":1791525575851,""s"":""PYTHUSDT"",""S"":""Buy"",""v"":""500"",""p"":""0.08170""}"
2026-10-09T05:59:45.499973Z,1791525585326,RLCUSDT,Sell,129.6,1.1659,"{""T"":1791525585326,""s"":""RLCUSDT"",""S"":""Sell"",""v"":""129.6"",""p"":""1.1659""}"
2026-10-09T05:59:45.499973Z,1791525585388,RLCUSDT,Sell,925.2,1.1654,"{""T"":1791525585388,""s"":""RLCUSDT"",""S"":""Sell"",""v"":""925.2"",""p"":""1.1654""}"
2026-10-09T05:59:46.499901Z,1791525585971,RLCUSDT,Sell,92.2,1.1696,"{""T"":1791525585971,""s"":""RLCUSDT"",""S"":""Sell"",""v"":""92.2"",""p"":""1.1696""}"
2026-10-09T05:59:48.000966Z,1791525587559,RLCUSDT,Sell,569.4,1.1766,"{""T"":1791525587559,""s"":""RLCUSDT"",""S"":""Sell"",""v"":""569.4"",""p"":""1.1766""}"
2026-10-09T05:59:48.000966Z,1791525587703,RLCUSDT,Sell,16.1,1.1767,"{""T"":1791525587703,""s"":""RLCUSDT"",""S"":""Sell"",""v"":""16.1"",""p"":""1.1767""}"
2026-10-09T05:59:48.000966Z,1791525587782,RLCUSDT,Sell,137.5,1.1765,"{""T"":1791525587782,""s"":""RLCUSDT"",""S"":""Sell"",""v"":""137.5"",""p"":""1.1765""}"
2026-10-09T05:59:48.500665Z,1791525587938,RLCUSDT,Sell,14886.1,1.1737,"{""T"":1791525587938,""s"":""RLCUSDT"",""S"":""Sell"",""v"":""14886.1"",""p"":""1.1737""}"
2026-10-09T05:59:48.500665Z,1791525588091,RLCUSDT,Sell,134.4,1.1790,"{""T"":1791525588091,""s"":""RLCUSDT"",""S"":""Sell"",""v"":""134.4"",""p"":""1.1790""}"
2026-10-09T05:59:48.500665Z,1791525588166,RLCUSDT,Sell,2.7,1.1786,"{""T"":1791525588166,""s"":""RLCUSDT"",""S"":""Sell"",""v"":""2.7"",""p"":""1.1786""}"
2026-10-09T05:59:48.500665Z,1791525588235,RLCUSDT,Sell,144.9,1.1734,"{""T"":1791525588235,""s"":""RLCUSDT"",""S"":""Sell"",""v"":""144.9"",""p"":""1.1734""}"
2026-10-09T05:59:56.500349Z,1791525596199,RLCUSDT,Buy,1680.2,1.0929,"{""T"":1791525596199,""s"":""RLCUSDT"",""S"":""Buy"",""v"":""1680.2"",""p"":""1.0929""}"
2026-10-09T06:00:08.500200Z,1791525607917,RLCUSDT,Sell,6.4,1.1495,"{""T"":1791525607917,""s"":""RLCUSDT"",""S"":""Sell"",""v"":""6.4"",""p"":""1.1495""}"
2026-10-09T06:00:08.500200Z,1791525608053,RLCUSDT,Sell,128.6,1.1546,"{""T"":1791525608053,""s"":""RLCUSDT"",""S"":""Sell"",""v"":""128.6"",""p"":""1.1546""}"
2026-10-09T06:00:09.500329Z,1791525609003,RLCUSDT,Sell,264.9,1.1614,"{""T"":1791525609003,""s"":""RLCUSDT"",""S"":""Sell"",""v"":""264.9"",""p"":""1.1614""}"
2026-10-09T06:00:09.999985Z,1791525609589,RLCUSDT,Sell,169.8,1.1752,"{""T"":1791525609589,""s"":""RLCUSDT"",""S"":""Sell"",""v"":""169.8"",""p"":""1.1752""}"
2026-10-09T06:00:11.000035Z,1791525610861,RLCUSDT,Sell,338.0,1.1833,"{""T"":1791525610861,""s"":""RLCUSDT"",""S"":""Sell"",""v"":""338.0"",""p"":""1.1833""}"
2026-10-09T06:00:32.000196Z,1791525631573,RLCUSDT,Sell,44.2,1.1906,"{""T"":1791525631573,""s"":""RLCUSDT"",""S"":""Sell"",""v"":""44.2"",""p"":""1.1906""}"
2026-10-09T06:00:32.351504Z,1791525631967,SANDUSDT,Sell,4025,0.07262,"{""T"":1791525631967,""s"":""SANDUSDT"",""S"":""Sell"",""v"":""4025"",""p"":""0.07262""}"
2026-10-09T06:00:32.499850Z,1791525631967,RLCUSDT,Sell,797.6,1.1899,"{""T"":1791525631967,""s"":""RLCUSDT"",""S"":""Sell"",""v"":""797.6"",""p"":""1.1899""}"
2026-10-09T06:00:32.499850Z,1791525632080,RLCUSDT,Sell,164.8,1.1864,"{""T"":1791525632080,""s"":""RLCUSDT"",""S"":""Sell"",""v"":""164.8"",""p"":""1.1864""}"
2026-10-09T06:00:32.499850Z,1791525632255,RLCUSDT,Sell,11.6,1.1844,"{""T"":1791525632255,""s"":""RLCUSDT"",""S"":""Sell"",""v"":""11.6"",""p"":""1.1844""}"
2026-10-09T06:00:33.500128Z,1791525633327,RLCUSDT,Sell,486.4,1.2008,"{""T"":1791525633327,""s"":""RLCUSDT"",""S"":""Sell"",""v"":""486.4"",""p"":""1.2008""}"
2026-10-09T06:00:34.000149Z,1791525633471,RLCUSDT,Sell,6.5,1.1987,"{""T"":1791525633471,""s"":""RLCUSDT"",""S"":""Sell"",""v"":""6.5"",""p"":""1.1987""}"
2026-10-09T06:00:34.000149Z,1791525633729,RLCUSDT,Sell,176.3,1.1968,"{""T"":1791525633729,""s"":""RLCUSDT"",""S"":""Sell"",""v"":""176.3"",""p"":""1.1968""}"
2026-10-09T06:00:34.000149Z,1791525633732,RLCUSDT,Sell,232.9,1.2013,"{""T"":1791525633732,""s"":""RLCUSDT"",""S"":""Sell"",""v"":""232.9"",""p"":""1.2013""}"
2026-10-09T06:00:34.000149Z,1791525633890,RLCUSDT,Sell,428.5,1.1987,"{""T"":1791525633890,""s"":""RLCUSDT"",""S"":""Sell"",""v"":""428.5"",""p"":""1.1987""}"
2026-10-09T06:00:34.000149Z,1791525633902,RLCUSDT,Sell,59.1,1.2000,"{""T"":1791525633902,""s"":""RLCUSDT"",""S"":""Sell"",""v"":""59.1"",""p"":""1.2000""}"
2026-10-09T06:00:34.138918Z,1791525633890,OGNUSDT,Sell,2004,0.042376,"{""T"":1791525633890,""s"":""OGNUSDT"",""S"":""Sell"",""v"":""2004"",""p"":""0.042376""}"
2026-10-09T06:00:34.139383Z,1791525633890,STRKUSDT,Sell,740.2,0.07010,"{""T"":1791525633890,""s"":""STRKUSDT"",""S"":""Sell"",""v"":""740.2"",""p"":""0.07010""}"
2026-10-09T06:00:34.500097Z,1791525633980,RLCUSDT,Sell,917.4,1.1990,"{""T"":1791525633980,""s"":""RLCUSDT"",""S"":""Sell"",""v"":""917.4"",""p"":""1.1990""}"
2026-10-09T06:00:34.500097Z,1791525633995,RLCUSDT,Sell,36.8,1.2013,"{""T"":1791525633995,""s"":""RLCUSDT"",""S"":""Sell"",""v"":""36.8"",""p"":""1.2013""}"
2026-10-09T06:00:34.500097Z,1791525634028,RLCUSDT,Sell,115.2,1.2000,"{""T"":1791525634028,""s"":""RLCUSDT"",""S"":""Sell"",""v"":""115.2"",""p"":""1.2000""}"
2026-10-09T06:00:36.000383Z,1791525635457,RLCUSDT,Sell,43.7,1.2065,"{""T"":1791525635457,""s"":""RLCUSDT"",""S"":""Sell"",""v"":""43.7"",""p"":""1.2065""}"
2026-10-09T06:00:36.000383Z,1791525635793,RLCUSDT,Sell,30.8,1.2074,"{""T"":1791525635793,""s"":""RLCUSDT"",""S"":""Sell"",""v"":""30.8"",""p"":""1.2074""}"
2026-10-09T06:00:36.500267Z,1791525635913,RLCUSDT,Sell,1504.5,1.2079,"{""T"":1791525635913,""s"":""RLCUSDT"",""S"":""Sell"",""v"":""1504.5"",""p"":""1.2079""}"
2026-10-09T06:00:36.500267Z,1791525636032,RLCUSDT,Sell,36.7,1.2066,"{""T"":1791525636032,""s"":""RLCUSDT"",""S"":""Sell"",""v"":""36.7"",""p"":""1.2066""}"
2026-10-09T06:00:36.500267Z,1791525636274,RLCUSDT,Sell,49.3,1.2055,"{""T"":1791525636274,""s"":""RLCUSDT"",""S"":""Sell"",""v"":""49.3"",""p"":""1.2055""}"
2026-10-09T06:00:36.500267Z,1791525636289,RLCUSDT,Sell,3133.1,1.2062,"{""T"":1791525636289,""s"":""RLCUSDT"",""S"":""Sell"",""v"":""3133.1"",""p"":""1.2062""}"
2026-10-09T06:00:36.500267Z,1791525636398,RLCUSDT,Sell,80.0,1.2098,"{""T"":1791525636398,""s"":""RLCUSDT"",""S"":""Sell"",""v"":""80.0"",""p"":""1.2098""}"
2026-10-09T06:00:36.639118Z,1791525636398,AKEUSDT,Buy,900,0.0271550,"{""T"":1791525636398,""s"":""AKEUSDT"",""S"":""Buy"",""v"":""900"",""p"":""0.0271550""}"
2026-10-09T06:00:36.832218Z,1791525636398,LONGXIAUSDT,Buy,560,0.0463,"{""T"":1791525636398,""s"":""LONGXIAUSDT"",""S"":""Buy"",""v"":""560"",""p"":""0.0463""}"
2026-10-09T06:00:36.999976Z,1791525636889,RLCUSDT,Sell,32.8,1.2091,"{""T"":1791525636889,""s"":""RLCUSDT"",""S"":""Sell"",""v"":""32.8"",""p"":""1.2091""}"
2026-10-09T06:00:37.499916Z,1791525637015,RLCUSDT,Sell,9.0,1.2100,"{""T"":1791525637015,""s"":""RLCUSDT"",""S"":""Sell"",""v"":""9.0"",""p"":""1.2100""}"
2026-10-09T06:00:39.995893Z,1791525639810,MINAUSDT,Sell,61268.8,0.07908,"{""T"":1791525639810,""s"":""MINAUSDT"",""S"":""Sell"",""v"":""61268.8"",""p"":""0.07908""}"
2026-10-09T06:00:39.999999Z,1791525639606,RLCUSDT,Sell,58.4,1.2152,"{""T"":1791525639606,""s"":""RLCUSDT"",""S"":""Sell"",""v"":""58.4"",""p"":""1.2152""}"
2026-10-09T06:00:39.999999Z,1791525639614,RLCUSDT,Sell,72.4,1.2129,"{""T"":1791525639614,""s"":""RLCUSDT"",""S"":""Sell"",""v"":""72.4"",""p"":""1.2129""}"
2026-10-09T06:00:39.999999Z,1791525639788,RLCUSDT,Sell,2576.1,1.2136,"{""T"":1791525639788,""s"":""RLCUSDT"",""S"":""Sell"",""v"":""2576.1"",""p"":""1.2136""}"
2026-10-09T06:00:39.999999Z,1791525639810,RLCUSDT,Sell,3644.3,1.2138,"{""T"":1791525639810,""s"":""RLCUSDT"",""S"":""Sell"",""v"":""3644.3"",""p"":""1.2138""}"
2026-10-09T06:00:40.139859Z,1791525639606,OGNUSDT,Sell,521,0.042619,"{""T"":1791525639606,""s"":""OGNUSDT"",""S"":""Sell"",""v"":""521"",""p"":""0.042619""}"
2026-10-09T06:00:40.139859Z,1791525639810,OGNUSDT,Sell,7208,0.042577,"{""T"":1791525639810,""s"":""OGNUSDT"",""S"":""Sell"",""v"":""7208"",""p"":""0.042577""}"
2026-10-09T06:00:40.328938Z,1791525639810,VVVUSDT,Sell,4.34,23.4470,"{""T"":1791525639810,""s"":""VVVUSDT"",""S"":""Sell"",""v"":""4.34"",""p"":""23.4470""}"
2026-10-09T06:00:40.332614Z,1791525639810,JCTUSDT,Sell,84100,0.0023780,"{""T"":1791525639810,""s"":""JCTUSDT"",""S"":""Sell"",""v"":""84100"",""p"":""0.0023780""}"
2026-10-09T06:00:40.351786Z,1791525639810,SANDUSDT,Sell,1400,0.07263,"{""T"":1791525639810,""s"":""SANDUSDT"",""S"":""Sell"",""v"":""1400"",""p"":""0.07263""}"
2026-10-09T06:00:40.500369Z,1791525640139,RLCUSDT,Sell,23.7,1.2133,"{""T"":1791525640139,""s"":""RLCUSDT"",""S"":""Sell"",""v"":""23.7"",""p"":""1.2133""}"
2026-10-09T06:00:40.500369Z,1791525640152,RLCUSDT,Sell,188.6,1.2114,"{""T"":1791525640152,""s"":""RLCUSDT"",""S"":""Sell"",""v"":""188.6"",""p"":""1.2114""}"
2026-10-09T06:00:45.503266Z,1791525645095,RLCUSDT,Sell,350.4,1.2166,"{""T"":1791525645095,""s"":""RLCUSDT"",""S"":""Sell"",""v"":""350.4"",""p"":""1.2166""}"
2026-10-09T06:01:06.139099Z,1791525665636,OGNUSDT,Sell,620,0.043259,"{""T"":1791525665636,""s"":""OGNUSDT"",""S"":""Sell"",""v"":""620"",""p"":""0.043259""}"
2026-10-09T06:01:11.139028Z,1791525671022,OGNUSDT,Sell,43081,0.043229,"{""T"":1791525671022,""s"":""OGNUSDT"",""S"":""Sell"",""v"":""43081"",""p"":""0.043229""}"
2026-10-09T06:01:11.499895Z,1791525671022,RLCUSDT,Sell,2031.6,1.2058,"{""T"":1791525671022,""s"":""RLCUSDT"",""S"":""Sell"",""v"":""2031.6"",""p"":""1.2058""}"
2026-10-09T06:01:33.836069Z,1791525693602,JCTUSDT,Sell,386000,0.0024250,"{""T"":1791525693602,""s"":""JCTUSDT"",""S"":""Sell"",""v"":""386000"",""p"":""0.0024250""}"
2026-10-09T06:01:34.332287Z,1791525693827,JCTUSDT,Sell,734300,0.0024390,"{""T"":1791525693827,""s"":""JCTUSDT"",""S"":""Sell"",""v"":""734300"",""p"":""0.0024390""}"
2026-10-09T06:01:34.332287Z,1791525694194,JCTUSDT,Sell,47100,0.0024160,"{""T"":1791525694194,""s"":""JCTUSDT"",""S"":""Sell"",""v"":""47100"",""p"":""0.0024160""}"
2026-10-09T06:01:34.832389Z,1791525694435,JCTUSDT,Sell,6900,0.0024430,"{""T"":1791525694435,""s"":""JCTUSDT"",""S"":""Sell"",""v"":""6900"",""p"":""0.0024430""}"
2026-10-09T06:01:50.000123Z,1791525709909,RLCUSDT,Sell,2224.0,1.2086,"{""T"":1791525709909,""s"":""RLCUSDT"",""S"":""Sell"",""v"":""2224.0"",""p"":""1.2086""}"
2026-10-09T06:02:02.863188Z,1791525722299,APTUSDT,Sell,449.69,0.8162,"{""T"":1791525722299,""s"":""APTUSDT"",""S"":""Sell"",""v"":""449.69"",""p"":""0.8162""}"
2026-10-09T06:02:04.000105Z,1791525723594,RLCUSDT,Sell,600.0,1.2222,"{""T"":1791525723594,""s"":""RLCUSDT"",""S"":""Sell"",""v"":""600.0"",""p"":""1.2222""}"
2026-10-09T06:02:04.138625Z,1791525723991,OGNUSDT,Sell,119542,0.042656,"{""T"":1791525723991,""s"":""OGNUSDT"",""S"":""Sell"",""v"":""119542"",""p"":""0.042656""}"
2026-10-09T06:02:04.499915Z,1791525723942,RLCUSDT,Sell,229.3,1.2238,"{""T"":1791525723942,""s"":""RLCUSDT"",""S"":""Sell"",""v"":""229.3"",""p"":""1.2238""}"
2026-10-09T06:02:04.499915Z,1791525723991,RLCUSDT,Sell,10684.3,1.2251,"{""T"":1791525723991,""s"":""RLCUSDT"",""S"":""Sell"",""v"":""10684.3"",""p"":""1.2251""}"
2026-10-09T06:02:04.499915Z,1791525724056,RLCUSDT,Sell,12.2,1.2248,"{""T"":1791525724056,""s"":""RLCUSDT"",""S"":""Sell"",""v"":""12.2"",""p"":""1.2248""}"
2026-10-09T06:02:04.499915Z,1791525724144,RLCUSDT,Sell,4326.7,1.2214,"{""T"":1791525724144,""s"":""RLCUSDT"",""S"":""Sell"",""v"":""4326.7"",""p"":""1.2214""}"
2026-10-09T06:02:39.499886Z,1791525759103,RLCUSDT,Buy,34.7,1.1268,"{""T"":1791525759103,""s"":""RLCUSDT"",""S"":""Buy"",""v"":""34.7"",""p"":""1.1268""}"
2026-10-09T06:03:12.000225Z,1791525791891,RLCUSDT,Sell,3680.7,1.2260,"{""T"":1791525791891,""s"":""RLCUSDT"",""S"":""Sell"",""v"":""3680.7"",""p"":""1.2260""}"
2026-10-09T06:03:12.489790Z,1791525791979,BTWUSDT,Sell,90,1.53733,"{""T"":1791525791979,""s"":""BTWUSDT"",""S"":""Sell"",""v"":""90"",""p"":""1.53733""}"
2026-10-09T06:03:12.500072Z,1791525791943,RLCUSDT,Sell,45.5,1.2266,"{""T"":1791525791943,""s"":""RLCUSDT"",""S"":""Sell"",""v"":""45.5"",""p"":""1.2266""}"
2026-10-09T06:03:12.500072Z,1791525791979,RLCUSDT,Sell,657.0,1.2286,"{""T"":1791525791979,""s"":""RLCUSDT"",""S"":""Sell"",""v"":""657.0"",""p"":""1.2286""}"
2026-10-09T06:03:12.500072Z,1791525792305,RLCUSDT,Sell,113.5,1.2314,"{""T"":1791525792305,""s"":""RLCUSDT"",""S"":""Sell"",""v"":""113.5"",""p"":""1.2314""}"
2026-10-09T06:03:12.638889Z,1791525792435,OGNUSDT,Sell,2944,0.042312,"{""T"":1791525792435,""s"":""OGNUSDT"",""S"":""Sell"",""v"":""2944"",""p"":""0.042312""}"
2026-10-09T06:03:12.999808Z,1791525792435,RLCUSDT,Sell,1068.5,1.2270,"{""T"":1791525792435,""s"":""RLCUSDT"",""S"":""Sell"",""v"":""1068.5"",""p"":""1.2270""}"
2026-10-09T06:03:36.490068Z,1791525816248,BTWUSDT,Sell,1200,1.55034,"{""T"":1791525816248,""s"":""BTWUSDT"",""S"":""Sell"",""v"":""1200"",""p"":""1.55034""}"
2026-10-09T06:04:03.139409Z,1791525842855,STRKUSDT,Sell,2970.2,0.06992,"{""T"":1791525842855,""s"":""STRKUSDT"",""S"":""Sell"",""v"":""2970.2"",""p"":""0.06992""}"
2026-10-09T06:05:09.499937Z,1791525909183,RLCUSDT,Sell,1709.0,1.2321,"{""T"":1791525909183,""s"":""RLCUSDT"",""S"":""Sell"",""v"":""1709.0"",""p"":""1.2321""}"
2026-10-09T06:05:09.499937Z,1791525909369,RLCUSDT,Sell,35.0,1.2392,"{""T"":1791525909369,""s"":""RLCUSDT"",""S"":""Sell"",""v"":""35.0"",""p"":""1.2392""}"
2026-10-09T06:05:09.999950Z,1791525909841,RLCUSDT,Sell,141.4,1.2395,"{""T"":1791525909841,""s"":""RLCUSDT"",""S"":""Sell"",""v"":""141.4"",""p"":""1.2395""}"
2026-10-09T06:05:10.499936Z,1791525909914,RLCUSDT,Sell,107.4,1.2409,"{""T"":1791525909914,""s"":""RLCUSDT"",""S"":""Sell"",""v"":""107.4"",""p"":""1.2409""}"
2026-10-09T06:05:10.499936Z,1791525910234,RLCUSDT,Sell,77.8,1.2365,"{""T"":1791525910234,""s"":""RLCUSDT"",""S"":""Sell"",""v"":""77.8"",""p"":""1.2365""}"
2026-10-09T06:05:10.499936Z,1791525910407,RLCUSDT,Sell,483.7,1.2525,"{""T"":1791525910407,""s"":""RLCUSDT"",""S"":""Sell"",""v"":""483.7"",""p"":""1.2525""}"
2026-10-09T06:05:10.638615Z,1791525910486,OGNUSDT,Sell,4168,0.042064,"{""T"":1791525910486,""s"":""OGNUSDT"",""S"":""Sell"",""v"":""4168"",""p"":""0.042064""}"
2026-10-09T06:05:10.816568Z,1791525910458,GRASSUSDT,Buy,67,0.61960,"{""T"":1791525910458,""s"":""GRASSUSDT"",""S"":""Buy"",""v"":""67"",""p"":""0.61960""}"
2026-10-09T06:05:10.816930Z,1791525910487,PUMPFUNUSDT,Sell,19000,0.0056460,"{""T"":1791525910487,""s"":""PUMPFUNUSDT"",""S"":""Sell"",""v"":""19000"",""p"":""0.0056460""}"
2026-10-09T06:05:10.832138Z,1791525910486,JCTUSDT,Sell,39800,0.0024270,"{""T"":1791525910486,""s"":""JCTUSDT"",""S"":""Sell"",""v"":""39800"",""p"":""0.0024270""}"
2026-10-09T06:05:10.851516Z,1791525910458,WIFUSDT,Sell,345,0.21650,"{""T"":1791525910458,""s"":""WIFUSDT"",""S"":""Sell"",""v"":""345"",""p"":""0.21650""}"
2026-10-09T06:05:10.989602Z,1791525910486,ORCAUSDT,Sell,30.7,2.4978,"{""T"":1791525910486,""s"":""ORCAUSDT"",""S"":""Sell"",""v"":""30.7"",""p"":""2.4978""}"
2026-10-09T06:05:10.989886Z,1791525910407,USUSDT,Sell,6450,0.020340,"{""T"":1791525910407,""s"":""USUSDT"",""S"":""Sell"",""v"":""6450"",""p"":""0.020340""}"
2026-10-09T06:05:10.989991Z,1791525910407,BTWUSDT,Sell,310,1.54941,"{""T"":1791525910407,""s"":""BTWUSDT"",""S"":""Sell"",""v"":""310"",""p"":""1.54941""}"
2026-10-09T06:05:10.999983Z,1791525910426,RLCUSDT,Sell,1369.2,1.2456,"{""T"":1791525910426,""s"":""RLCUSDT"",""S"":""Sell"",""v"":""1369.2"",""p"":""1.2456""}"
2026-10-09T06:05:10.999983Z,1791525910458,RLCUSDT,Sell,88.4,1.2486,"{""T"":1791525910458,""s"":""RLCUSDT"",""S"":""Sell"",""v"":""88.4"",""p"":""1.2486""}"
2026-10-09T06:05:10.999983Z,1791525910486,RLCUSDT,Sell,170.1,1.2499,"{""T"":1791525910486,""s"":""RLCUSDT"",""S"":""Sell"",""v"":""170.1"",""p"":""1.2499""}"
2026-10-09T06:05:10.999983Z,1791525910540,RLCUSDT,Sell,477.0,1.2436,"{""T"":1791525910540,""s"":""RLCUSDT"",""S"":""Sell"",""v"":""477.0"",""p"":""1.2436""}"
2026-10-09T06:05:10.999983Z,1791525910583,RLCUSDT,Sell,875.3,1.2477,"{""T"":1791525910583,""s"":""RLCUSDT"",""S"":""Sell"",""v"":""875.3"",""p"":""1.2477""}"
2026-10-09T06:05:10.999983Z,1791525910731,RLCUSDT,Sell,176.0,1.2490,"{""T"":1791525910731,""s"":""RLCUSDT"",""S"":""Sell"",""v"":""176.0"",""p"":""1.2490""}"
2026-10-09T06:05:10.999983Z,1791525910747,RLCUSDT,Sell,473.2,1.2485,"{""T"":1791525910747,""s"":""RLCUSDT"",""S"":""Sell"",""v"":""473.2"",""p"":""1.2485""}"
2026-10-09T06:05:10.999983Z,1791525910830,RLCUSDT,Sell,1442.2,1.2478,"{""T"":1791525910830,""s"":""RLCUSDT"",""S"":""Sell"",""v"":""1442.2"",""p"":""1.2478""}"
2026-10-09T06:05:11.410984Z,1791525911232,HBARUSDT,Sell,3465,0.09275,"{""T"":1791525911232,""s"":""HBARUSDT"",""S"":""Sell"",""v"":""3465"",""p"":""0.09275""}"
2026-10-09T06:05:11.499966Z,1791525911232,RLCUSDT,Sell,237.6,1.2451,"{""T"":1791525911232,""s"":""RLCUSDT"",""S"":""Sell"",""v"":""237.6"",""p"":""1.2451""}"
2026-10-09T06:05:11.499966Z,1791525911237,RLCUSDT,Sell,426.5,1.2482,"{""T"":1791525911237,""s"":""RLCUSDT"",""S"":""Sell"",""v"":""426.5"",""p"":""1.2482""}"
2026-10-09T06:05:12.000074Z,1791525911664,RLCUSDT,Sell,156.9,1.2563,"{""T"":1791525911664,""s"":""RLCUSDT"",""S"":""Sell"",""v"":""156.9"",""p"":""1.2563""}"
2026-10-09T06:05:12.000074Z,1791525911734,RLCUSDT,Sell,45.6,1.2565,"{""T"":1791525911734,""s"":""RLCUSDT"",""S"":""Sell"",""v"":""45.6"",""p"":""1.2565""}"
2026-10-09T06:05:12.000074Z,1791525911809,RLCUSDT,Sell,468.0,1.2547,"{""T"":1791525911809,""s"":""RLCUSDT"",""S"":""Sell"",""v"":""468.0"",""p"":""1.2547""}"
2026-10-09T06:05:12.489746Z,1791525912188,USUSDT,Sell,9890,0.020340,"{""T"":1791525912188,""s"":""USUSDT"",""S"":""Sell"",""v"":""9890"",""p"":""0.020340""}"
2026-10-09T06:05:12.500341Z,1791525911997,RLCUSDT,Sell,6.6,1.2573,"{""T"":1791525911997,""s"":""RLCUSDT"",""S"":""Sell"",""v"":""6.6"",""p"":""1.2573""}"
2026-10-09T06:05:12.500341Z,1791525912188,RLCUSDT,Sell,213.5,1.2564,"{""T"":1791525912188,""s"":""RLCUSDT"",""S"":""Sell"",""v"":""213.5"",""p"":""1.2564""}"
2026-10-09T06:05:32.828952Z,1791525932537,MONUSDT,Buy,37276,0.024130,"{""T"":1791525932537,""s"":""MONUSDT"",""S"":""Buy"",""v"":""37276"",""p"":""0.024130""}"
2026-10-09T06:05:32.850843Z,1791525932537,USELESSUSDT,Buy,1200,0.18897,"{""T"":1791525932537,""s"":""USELESSUSDT"",""S"":""Buy"",""v"":""1200"",""p"":""0.18897""}"
2026-10-09T06:05:32.917349Z,1791525932537,1000PEPEUSDT,Buy,50000,0.0039080,"{""T"":1791525932537,""s"":""1000PEPEUSDT"",""S"":""Buy"",""v"":""50000"",""p"":""0.0039080""}"
2026-10-09T06:05:32.917790Z,1791525932537,ZECUSDT,Buy,0.20,1211.22,"{""T"":1791525932537,""s"":""ZECUSDT"",""S"":""Buy"",""v"":""0.20"",""p"":""1211.22""}"
2026-10-09T06:05:33.000286Z,1791525932537,RLCUSDT,Sell,840.0,1.2565,"{""T"":1791525932537,""s"":""RLCUSDT"",""S"":""Sell"",""v"":""840.0"",""p"":""1.2565""}"
2026-10-09T06:05:33.069275Z,1791525932537,BTCUSDT,Buy,0.050,82135.00,"{""T"":1791525932537,""s"":""BTCUSDT"",""S"":""Buy"",""v"":""0.050"",""p"":""82135.00""}"
2026-10-09T06:05:38.499957Z,1791525938294,RLCUSDT,Sell,39.2,1.2600,"{""T"":1791525938294,""s"":""RLCUSDT"",""S"":""Sell"",""v"":""39.2"",""p"":""1.2600""}"
2026-10-09T06:05:38.999872Z,1791525938568,RLCUSDT,Sell,3013.8,1.2618,"{""T"":1791525938568,""s"":""RLCUSDT"",""S"":""Sell"",""v"":""3013.8"",""p"":""1.2618""}"
2026-10-09T06:05:55.639383Z,1791525955081,OGNUSDT,Buy,56339,0.040335,"{""T"":1791525955081,""s"":""OGNUSDT"",""S"":""Buy"",""v"":""56339"",""p"":""0.040335""}"
2026-10-09T06:06:02.862883Z,1791525962606,APTUSDT,Sell,128.01,0.8243,"{""T"":1791525962606,""s"":""APTUSDT"",""S"":""Sell"",""v"":""128.01"",""p"":""0.8243""}"
2026-10-09T06:07:03.989572Z,1791526023432,USUSDT,Buy,1760,0.018750,"{""T"":1791526023432,""s"":""USUSDT"",""S"":""Buy"",""v"":""1760"",""p"":""0.018750""}"
2026-10-09T06:07:04.500597Z,1791526024279,RLCUSDT,Sell,46.7,1.2684,"{""T"":1791526024279,""s"":""RLCUSDT"",""S"":""Sell"",""v"":""46.7"",""p"":""1.2684""}"
2026-10-09T06:07:07.000600Z,1791526026723,RLCUSDT,Sell,86.4,1.2718,"{""T"":1791526026723,""s"":""RLCUSDT"",""S"":""Sell"",""v"":""86.4"",""p"":""1.2718""}"
2026-10-09T06:07:45.639880Z,1791526065191,STRKUSDT,Sell,1384.3,0.07068,"{""T"":1791526065191,""s"":""STRKUSDT"",""S"":""Sell"",""v"":""1384.3"",""p"":""0.07068""}"
2026-10-09T06:07:48.989649Z,1791526068820,SNDKUSDT,Sell,0.04,1654.13,"{""T"":1791526068820,""s"":""SNDKUSDT"",""S"":""Sell"",""v"":""0.04"",""p"":""1654.13""}"
2026-10-09T06:08:02.990364Z,1791526082568,USUSDT,Sell,4270,0.020570,"{""T"":1791526082568,""s"":""USUSDT"",""S"":""Sell"",""v"":""4270"",""p"":""0.020570""}"
2026-10-09T06:08:09.638665Z,1791526089432,STRKUSDT,Buy,864.0,0.06820,"{""T"":1791526089432,""s"":""STRKUSDT"",""S"":""Buy"",""v"":""864.0"",""p"":""0.06820""}"
2026-10-09T06:08:09.999999Z,1791526089432,RLCUSDT,Buy,1.1,1.1948,"{""T"":1791526089432,""s"":""RLCUSDT"",""S"":""Buy"",""v"":""1.1"",""p"":""1.1948""}"
2026-10-09T06:08:10.138827Z,1791526089555,STRKUSDT,Buy,681.3,0.06820,"{""T"":1791526089555,""s"":""STRKUSDT"",""S"":""Buy"",""v"":""681.3"",""p"":""0.06820""}"
2026-10-09T06:08:10.639102Z,1791526090181,STRKUSDT,Buy,578.5,0.06776,"{""T"":1791526090181,""s"":""STRKUSDT"",""S"":""Buy"",""v"":""578.5"",""p"":""0.06776""}"
2026-10-09T06:08:16.139267Z,1791526095809,OGNUSDT,Buy,149,0.040054,"{""T"":1791526095809,""s"":""OGNUSDT"",""S"":""Buy"",""v"":""149"",""p"":""0.040054""}"
2026-10-09T06:09:08.140050Z,1791526147758,STRKUSDT,Sell,1141.4,0.06950,"{""T"":1791526147758,""s"":""STRKUSDT"",""S"":""Sell"",""v"":""1141.4"",""p"":""0.06950""}"
2026-10-09T06:09:21.139122Z,1791526160896,STRKUSDT,Sell,98030.6,0.06954,"{""T"":1791526160896,""s"":""STRKUSDT"",""S"":""Sell"",""v"":""98030.6"",""p"":""0.06954""}"
2026-10-09T06:10:58.138727Z,1791526257622,STRKUSDT,Sell,5902.8,0.06958,"{""T"":1791526257622,""s"":""STRKUSDT"",""S"":""Sell"",""v"":""5902.8"",""p"":""0.06958""}"
2026-10-09T06:11:05.489893Z,1791526265190,USUSDT,Sell,3000,0.020980,"{""T"":1791526265190,""s"":""USUSDT"",""S"":""Sell"",""v"":""3000"",""p"":""0.020980""}"
2026-10-09T06:11:06.489613Z,1791526265957,USUSDT,Sell,1560,0.021060,"{""T"":1791526265957,""s"":""USUSDT"",""S"":""Sell"",""v"":""1560"",""p"":""0.021060""}"
2026-10-09T06:11:25.990090Z,1791526285681,USUSDT,Sell,2900,0.021190,"{""T"":1791526285681,""s"":""USUSDT"",""S"":""Sell"",""v"":""2900"",""p"":""0.021190""}"
2026-10-09T06:12:57.639137Z,1791526377403,STRKUSDT,Buy,2234.4,0.06695,"{""T"":1791526377403,""s"":""STRKUSDT"",""S"":""Buy"",""v"":""2234.4"",""p"":""0.06695""}"
2026-10-09T06:13:17.490063Z,1791526397020,USUSDT,Buy,2990,0.018950,"{""T"":1791526397020,""s"":""USUSDT"",""S"":""Buy"",""v"":""2990"",""p"":""0.018950""}"
2026-10-09T06:13:24.989849Z,1791526404818,USUSDT,Buy,590,0.018630,"{""T"":1791526404818,""s"":""USUSDT"",""S"":""Buy"",""v"":""590"",""p"":""0.018630""}"
2026-10-09T06:13:25.489931Z,1791526404908,BTWUSDT,Sell,30,1.56192,"{""T"":1791526404908,""s"":""BTWUSDT"",""S"":""Sell"",""v"":""30"",""p"":""1.56192""}"
2026-10-09T06:13:45.000486Z,1791526424494,RLCUSDT,Buy,434.1,1.1615,"{""T"":1791526424494,""s"":""RLCUSDT"",""S"":""Buy"",""v"":""434.1"",""p"":""1.1615""}"
2026-10-09T06:13:52.019945Z,1791526431824,NEARUSDT,Sell,1.8,4.8640,"{""T"":1791526431824,""s"":""NEARUSDT"",""S"":""Sell"",""v"":""1.8"",""p"":""4.8640""}"
2026-10-09T06:13:55.638920Z,1791526435135,OGNUSDT,Sell,72828,0.042450,"{""T"":1791526435135,""s"":""OGNUSDT"",""S"":""Sell"",""v"":""72828"",""p"":""0.042450""}"
2026-10-09T06:13:55.638920Z,1791526435544,OGNUSDT,Sell,3648,0.042678,"{""T"":1791526435544,""s"":""OGNUSDT"",""S"":""Sell"",""v"":""3648"",""p"":""0.042678""}"
2026-10-09T06:13:56.138639Z,1791526435646,OGNUSDT,Sell,120689,0.042707,"{""T"":1791526435646,""s"":""OGNUSDT"",""S"":""Sell"",""v"":""120689"",""p"":""0.042707""}"
2026-10-09T06:13:56.638863Z,1791526436420,OGNUSDT,Sell,283,0.042859,"{""T"":1791526436420,""s"":""OGNUSDT"",""S"":""Sell"",""v"":""283"",""p"":""0.042859""}"
2026-10-09T06:13:57.138970Z,1791526436693,OGNUSDT,Sell,5044,0.042907,"{""T"":1791526436693,""s"":""OGNUSDT"",""S"":""Sell"",""v"":""5044"",""p"":""0.042907""}"
2026-10-09T06:14:05.000194Z,1791526444649,RLCUSDT,Buy,826.0,1.1501,"{""T"":1791526444649,""s"":""RLCUSDT"",""S"":""Buy"",""v"":""826.0"",""p"":""1.1501""}"
2026-10-09T06:14:05.499895Z,1791526445027,RLCUSDT,Buy,16.5,1.1506,"{""T"":1791526445027,""s"":""RLCUSDT"",""S"":""Buy"",""v"":""16.5"",""p"":""1.1506""}"
2026-10-09T06:14:43.911164Z,1791526483820,JUPUSDT,Sell,1000,0.36300,"{""T"":1791526483820,""s"":""JUPUSDT"",""S"":""Sell"",""v"":""1000"",""p"":""0.36300""}"
2026-10-09T06:14:43.958919Z,1791526483820,QNTUSDT,Sell,9.82,244.08,"{""T"":1791526483820,""s"":""QNTUSDT"",""S"":""Sell"",""v"":""9.82"",""p"":""244.08""}"
2026-10-09T06:14:44.000424Z,1791526483820,LINKUSDT,Sell,90.0,12.983,"{""T"":1791526483820,""s"":""LINKUSDT"",""S"":""Sell"",""v"":""90.0"",""p"":""12.983""}"
2026-10-09T06:14:55.638942Z,1791526495240,STRKUSDT,Buy,1400.8,0.06635,"{""T"":1791526495240,""s"":""STRKUSDT"",""S"":""Buy"",""v"":""1400.8"",""p"":""0.06635""}"
2026-10-09T06:15:10.500256Z,1791526510023,RLCUSDT,Sell,13.2,1.2563,"{""T"":1791526510023,""s"":""RLCUSDT"",""S"":""Sell"",""v"":""13.2"",""p"":""1.2563""}"
2026-10-09T06:15:23.000315Z,1791526522776,RLCUSDT,Sell,133.2,1.2671,"{""T"":1791526522776,""s"":""RLCUSDT"",""S"":""Sell"",""v"":""133.2"",""p"":""1.2671""}"
2026-10-09T06:15:23.639462Z,1791526523452,OGNUSDT,Sell,458,0.042748,"{""T"":1791526523452,""s"":""OGNUSDT"",""S"":""Sell"",""v"":""458"",""p"":""0.042748""}"
2026-10-09T06:15:24.000325Z,1791526523452,RLCUSDT,Sell,69.7,1.2714,"{""T"":1791526523452,""s"":""RLCUSDT"",""S"":""Sell"",""v"":""69.7"",""p"":""1.2714""}"
2026-10-09T06:15:24.499983Z,1791526524198,RLCUSDT,Sell,551.3,1.2699,"{""T"":1791526524198,""s"":""RLCUSDT"",""S"":""Sell"",""v"":""551.3"",""p"":""1.2699""}"
2026-10-09T06:15:48.917957Z,1791526548509,ADAUSDT,Sell,161378,0.2410,"{""T"":1791526548509,""s"":""ADAUSDT"",""S"":""Sell"",""v"":""161378"",""p"":""0.2410""}"
2026-10-09T06:16:01.918959Z,1791526561540,1000PEPEUSDT,Sell,154300,0.0039950,"{""T"":1791526561540,""s"":""1000PEPEUSDT"",""S"":""Sell"",""v"":""154300"",""p"":""0.0039950""}"
2026-10-09T06:17:23.509539Z,1791526643391,RLCUSDT,Sell,75.6,1.2770,"{""T"":1791526643391,""s"":""RLCUSDT"",""S"":""Sell"",""v"":""75.6"",""p"":""1.2770""}"
2026-10-09T06:17:23.509539Z,1791526643400,RLCUSDT,Sell,109.9,1.2767,"{""T"":1791526643400,""s"":""RLCUSDT"",""S"":""Sell"",""v"":""109.9"",""p"":""1.2767""}"
2026-10-09T06:17:24.009469Z,1791526643897,RLCUSDT,Sell,92.6,1.2755,"{""T"":1791526643897,""s"":""RLCUSDT"",""S"":""Sell"",""v"":""92.6"",""p"":""1.2755""}"
2026-10-09T06:17:24.509840Z,1791526643975,RLCUSDT,Sell,51.5,1.2749,"{""T"":1791526643975,""s"":""RLCUSDT"",""S"":""Sell"",""v"":""51.5"",""p"":""1.2749""}"
2026-10-09T06:17:28.826005Z,1791526648473,PUMPFUNUSDT,Buy,87600,0.0055920,"{""T"":1791526648473,""s"":""PUMPFUNUSDT"",""S"":""Buy"",""v"":""87600"",""p"":""0.0055920""}"
2026-10-09T06:18:16.029578Z,1791526695769,AVAXUSDT,Sell,49.4,10.439,"{""T"":1791526695769,""s"":""AVAXUSDT"",""S"":""Sell"",""v"":""49.4"",""p"":""10.439""}"
2026-10-09T06:18:25.009330Z,1791526704486,RLCUSDT,Sell,285.0,1.2805,"{""T"":1791526704486,""s"":""RLCUSDT"",""S"":""Sell"",""v"":""285.0"",""p"":""1.2805""}"
2026-10-09T06:18:25.009330Z,1791526704676,RLCUSDT,Sell,2111.8,1.2794,"{""T"":1791526704676,""s"":""RLCUSDT"",""S"":""Sell"",""v"":""2111.8"",""p"":""1.2794""}"
2026-10-09T06:18:27.509240Z,1791526707014,RLCUSDT,Sell,256.9,1.2813,"{""T"":1791526707014,""s"":""RLCUSDT"",""S"":""Sell"",""v"":""256.9"",""p"":""1.2813""}"
2026-10-09T06:18:33.468296Z,1791526713328,QNTUSDT,Sell,0.04,244.63,"{""T"":1791526713328,""s"":""QNTUSDT"",""S"":""Sell"",""v"":""0.04"",""p"":""244.63""}"
2026-10-09T06:18:33.510387Z,1791526713328,RLCUSDT,Sell,37.8,1.2826,"{""T"":1791526713328,""s"":""RLCUSDT"",""S"":""Sell"",""v"":""37.8"",""p"":""1.2826""}"
2026-10-09T06:18:36.509496Z,1791526715952,RLCUSDT,Sell,556.1,1.2831,"{""T"":1791526715952,""s"":""RLCUSDT"",""S"":""Sell"",""v"":""556.1"",""p"":""1.2831""}"
2026-10-09T06:18:44.499342Z,1791526723986,BTWUSDT,Sell,740,1.56395,"{""T"":1791526723986,""s"":""BTWUSDT"",""S"":""Sell"",""v"":""740"",""p"":""1.56395""}"
2026-10-09T06:18:44.509890Z,1791526723986,RLCUSDT,Sell,3595.5,1.2858,"{""T"":1791526723986,""s"":""RLCUSDT"",""S"":""Sell"",""v"":""3595.5"",""p"":""1.2858""}"
2026-10-09T06:18:44.509890Z,1791526724004,RLCUSDT,Sell,623.6,1.2851,"{""T"":1791526724004,""s"":""RLCUSDT"",""S"":""Sell"",""v"":""623.6"",""p"":""1.2851""}"
2026-10-09T06:19:19.509360Z,1791526759054,RLCUSDT,Sell,108.3,1.2770,"{""T"":1791526759054,""s"":""RLCUSDT"",""S"":""Sell"",""v"":""108.3"",""p"":""1.2770""}"
2026-10-09T06:19:19.649046Z,1791526759054,STRKUSDT,Buy,12388.8,0.06648,"{""T"":1791526759054,""s"":""STRKUSDT"",""S"":""Buy"",""v"":""12388.8"",""p"":""0.06648""}"
2026-10-09T06:23:47.989914Z,1791527027535,SOXLUSDT,Buy,3.00,147.51,"{""T"":1791527027535,""s"":""SOXLUSDT"",""S"":""Buy"",""v"":""3.00"",""p"":""147.51""}"
2026-10-09T06:25:11.639088Z,1791527111106,STRKUSDT,Sell,63589.0,0.06872,"{""T"":1791527111106,""s"":""STRKUSDT"",""S"":""Sell"",""v"":""63589.0"",""p"":""0.06872""}"
2026-10-09T06:25:19.500173Z,1791527119075,RLCUSDT,Sell,659.5,1.2884,"{""T"":1791527119075,""s"":""RLCUSDT"",""S"":""Sell"",""v"":""659.5"",""p"":""1.2884""}"
2026-10-09T06:25:23.999968Z,1791527123780,RLCUSDT,Sell,19.8,1.2936,"{""T"":1791527123780,""s"":""RLCUSDT"",""S"":""Sell"",""v"":""19.8"",""p"":""1.2936""}"
2026-10-09T06:25:24.500052Z,1791527123930,RLCUSDT,Sell,10.5,1.2912,"{""T"":1791527123930,""s"":""RLCUSDT"",""S"":""Sell"",""v"":""10.5"",""p"":""1.2912""}"
2026-10-09T06:25:24.500052Z,1791527124357,RLCUSDT,Sell,151.8,1.2930,"{""T"":1791527124357,""s"":""RLCUSDT"",""S"":""Sell"",""v"":""151.8"",""p"":""1.2930""}"
2026-10-09T06:25:26.016993Z,1791527125414,RLCUSDT,Sell,20.8,1.2942,"{""T"":1791527125414,""s"":""RLCUSDT"",""S"":""Sell"",""v"":""20.8"",""p"":""1.2942""}"
2026-10-09T06:25:45.959284Z,1791527145485,ETHUSDT,Sell,0.03,2505.49,"{""T"":1791527145485,""s"":""ETHUSDT"",""S"":""Sell"",""v"":""0.03"",""p"":""2505.49""}"
2026-10-09T06:26:20.519255Z,1791527179935,PYTHUSDT,Sell,8884,0.08496,"{""T"":1791527179935,""s"":""PYTHUSDT"",""S"":""Sell"",""v"":""8884"",""p"":""0.08496""}"
2026-10-09T06:26:24.459152Z,1791527184246,QNTUSDT,Sell,0.31,244.47,"{""T"":1791527184246,""s"":""QNTUSDT"",""S"":""Sell"",""v"":""0.31"",""p"":""244.47""}"
2026-10-09T06:26:29.862667Z,1791527189675,WLDUSDT,Buy,172.8,0.4968,"{""T"":1791527189675,""s"":""WLDUSDT"",""S"":""Buy"",""v"":""172.8"",""p"":""0.4968""}"
2026-10-09T06:26:30.000725Z,1791527189415,RLCUSDT,Sell,549.7,1.3025,"{""T"":1791527189415,""s"":""RLCUSDT"",""S"":""Sell"",""v"":""549.7"",""p"":""1.3025""}"
2026-10-09T06:26:30.000725Z,1791527189419,RLCUSDT,Sell,289.1,1.3164,"{""T"":1791527189419,""s"":""RLCUSDT"",""S"":""Sell"",""v"":""289.1"",""p"":""1.3164""}"
2026-10-09T06:26:30.000725Z,1791527189419,RLCUSDT,Sell,90.8,1.3291,"{""T"":1791527189419,""s"":""RLCUSDT"",""S"":""Sell"",""v"":""90.8"",""p"":""1.3291""}"
2026-10-09T06:26:30.000725Z,1791527189486,RLCUSDT,Sell,0.1,1.3161,"{""T"":1791527189486,""s"":""RLCUSDT"",""S"":""Sell"",""v"":""0.1"",""p"":""1.3161""}"
2026-10-09T06:26:30.000725Z,1791527189488,RLCUSDT,Sell,251.6,1.3347,"{""T"":1791527189488,""s"":""RLCUSDT"",""S"":""Sell"",""v"":""251.6"",""p"":""1.3347""}"
2026-10-09T06:26:30.000725Z,1791527189494,RLCUSDT,Sell,214.0,1.3098,"{""T"":1791527189494,""s"":""RLCUSDT"",""S"":""Sell"",""v"":""214.0"",""p"":""1.3098""}"
2026-10-09T06:26:30.000725Z,1791527189495,RLCUSDT,Sell,1966.5,1.3476,"{""T"":1791527189495,""s"":""RLCUSDT"",""S"":""Sell"",""v"":""1966.5"",""p"":""1.3476""}"
2026-10-09T06:26:30.000725Z,1791527189535,RLCUSDT,Sell,14850.0,1.3265,"{""T"":1791527189535,""s"":""RLCUSDT"",""S"":""Sell"",""v"":""14850.0"",""p"":""1.3265""}"
2026-10-09T06:26:30.000725Z,1791527189549,RLCUSDT,Sell,16.3,1.3133,"{""T"":1791527189549,""s"":""RLCUSDT"",""S"":""Sell"",""v"":""16.3"",""p"":""1.3133""}"
2026-10-09T06:26:30.000725Z,1791527189592,RLCUSDT,Sell,295.9,1.3432,"{""T"":1791527189592,""s"":""RLCUSDT"",""S"":""Sell"",""v"":""295.9"",""p"":""1.3432""}"
2026-10-09T06:26:30.000725Z,1791527189602,RLCUSDT,Sell,411.2,1.2975,"{""T"":1791527189602,""s"":""RLCUSDT"",""S"":""Sell"",""v"":""411.2"",""p"":""1.2975""}"
2026-10-09T06:26:30.000725Z,1791527189609,RLCUSDT,Sell,380.0,1.3489,"{""T"":1791527189609,""s"":""RLCUSDT"",""S"":""Sell"",""v"":""380.0"",""p"":""1.3489""}"
2026-10-09T06:26:30.000725Z,1791527189615,RLCUSDT,Sell,327.9,1.3023,"{""T"":1791527189615,""s"":""RLCUSDT"",""S"":""Sell"",""v"":""327.9"",""p"":""1.3023""}"
2026-10-09T06:26:30.000725Z,1791527189629,RLCUSDT,Sell,15.1,1.3190,"{""T"":1791527189629,""s"":""RLCUSDT"",""S"":""Sell"",""v"":""15.1"",""p"":""1.3190""}"
2026-10-09T06:26:30.000725Z,1791527189641,RLCUSDT,Sell,538.5,1.3472,"{""T"":1791527189641,""s"":""RLCUSDT"",""S"":""Sell"",""v"":""538.5"",""p"":""1.3472""}"
2026-10-09T06:26:30.000725Z,1791527189653,RLCUSDT,Sell,942.9,1.3174,"{""T"":1791527189653,""s"":""RLCUSDT"",""S"":""Sell"",""v"":""942.9"",""p"":""1.3174""}"
2026-10-09T06:26:30.000725Z,1791527189670,RLCUSDT,Sell,23.1,1.3407,"{""T"":1791527189670,""s"":""RLCUSDT"",""S"":""Sell"",""v"":""23.1"",""p"":""1.3407""}"
2026-10-09T06:26:30.000725Z,1791527189675,RLCUSDT,Sell,589.0,1.3214,"{""T"":1791527189675,""s"":""RLCUSDT"",""S"":""Sell"",""v"":""589.0"",""p"":""1.3214""}"
2026-10-09T06:26:30.000725Z,1791527189680,RLCUSDT,Sell,92.0,1.3453,"{""T"":1791527189680,""s"":""RLCUSDT"",""S"":""Sell"",""v"":""92.0"",""p"":""1.3453""}"
2026-10-09T06:26:30.000725Z,1791527189690,RLCUSDT,Sell,26.0,1.2983,"{""T"":1791527189690,""s"":""RLCUSDT"",""S"":""Sell"",""v"":""26.0"",""p"":""1.2983""}"
2026-10-09T06:26:30.000725Z,1791527189705,RLCUSDT,Sell,859.0,1.3170,"{""T"":1791527189705,""s"":""RLCUSDT"",""S"":""Sell"",""v"":""859.0"",""p"":""1.3170""}"
2026-10-09T06:26:30.000725Z,1791527189706,RLCUSDT,Sell,12.4,1.3077,"{""T"":1791527189706,""s"":""RLCUSDT"",""S"":""Sell"",""v"":""12.4"",""p"":""1.3077""}"
2026-10-09T06:26:30.000725Z,1791527189707,RLCUSDT,Sell,56.3,1.3485,"{""T"":1791527189707,""s"":""RLCUSDT"",""S"":""Sell"",""v"":""56.3"",""p"":""1.3485""}"
2026-10-09T06:26:30.000725Z,1791527189791,RLCUSDT,Sell,1822.1,1.3307,"{""T"":1791527189791,""s"":""RLCUSDT"",""S"":""Sell"",""v"":""1822.1"",""p"":""1.3307""}"
2026-10-09T06:26:30.000725Z,1791527189814,RLCUSDT,Sell,63.3,1.3375,"{""T"":1791527189814,""s"":""RLCUSDT"",""S"":""Sell"",""v"":""63.3"",""p"":""1.3375""}"
2026-10-09T06:26:30.000725Z,1791527189816,RLCUSDT,Sell,910.7,1.3397,"{""T"":1791527189816,""s"":""RLCUSDT"",""S"":""Sell"",""v"":""910.7"",""p"":""1.3397""}"
2026-10-09T06:26:30.000725Z,1791527189816,RLCUSDT,Sell,271.1,1.3128,"{""T"":1791527189816,""s"":""RLCUSDT"",""S"":""Sell"",""v"":""271.1"",""p"":""1.3128""}"
2026-10-09T06:26:30.000725Z,1791527189849,RLCUSDT,Sell,8.4,1.2991,"{""T"":1791527189849,""s"":""RLCUSDT"",""S"":""Sell"",""v"":""8.4"",""p"":""1.2991""}"
2026-10-09T06:26:30.000725Z,1791527189855,RLCUSDT,Sell,114.6,1.3049,"{""T"":1791527189855,""s"":""RLCUSDT"",""S"":""Sell"",""v"":""114.6"",""p"":""1.3049""}"
2026-10-09T06:26:30.000725Z,1791527189880,RLCUSDT,Sell,4041.8,1.3463,"{""T"":1791527189880,""s"":""RLCUSDT"",""S"":""Sell"",""v"":""4041.8"",""p"":""1.3463""}"
2026-10-09T06:26:30.000725Z,1791527189888,RLCUSDT,Sell,101.0,1.3487,"{""T"":1791527189888,""s"":""RLCUSDT"",""S"":""Sell"",""v"":""101.0"",""p"":""1.3487""}"
2026-10-09T06:26:30.139421Z,1791527189641,STRKUSDT,Sell,7051.7,0.06871,"{""T"":1791527189641,""s"":""STRKUSDT"",""S"":""Sell"",""v"":""7051.7"",""p"":""0.06871""}"
2026-10-09T06:26:30.139421Z,1791527189937,STRKUSDT,Sell,11139.3,0.06846,"{""T"":1791527189937,""s"":""STRKUSDT"",""S"":""Sell"",""v"":""11139.3"",""p"":""0.06846""}"
2026-10-09T06:26:30.139901Z,1791527189675,OGNUSDT,Sell,8932,0.042229,"{""T"":1791527189675,""s"":""OGNUSDT"",""S"":""Sell"",""v"":""8932"",""p"":""0.042229""}"
2026-10-09T06:26:30.139901Z,1791527189937,OGNUSDT,Sell,46427,0.042701,"{""T"":1791527189937,""s"":""OGNUSDT"",""S"":""Sell"",""v"":""46427"",""p"":""0.042701""}"
2026-10-09T06:26:30.139901Z,1791527189986,OGNUSDT,Sell,120662,0.042851,"{""T"":1791527189986,""s"":""OGNUSDT"",""S"":""Sell"",""v"":""120662"",""p"":""0.042851""}"
2026-10-09T06:26:30.332678Z,1791527189937,JCTUSDT,Sell,547400,0.0024280,"{""T"":1791527189937,""s"":""JCTUSDT"",""S"":""Sell"",""v"":""547400"",""p"":""0.0024280""}"
2026-10-09T06:26:30.332678Z,1791527189986,JCTUSDT,Sell,2106000,0.0024390,"{""T"":1791527189986,""s"":""JCTUSDT"",""S"":""Sell"",""v"":""2106000"",""p"":""0.0024390""}"
2026-10-09T06:26:30.495892Z,1791527189937,MINAUSDT,Buy,2581.2,0.07769,"{""T"":1791527189937,""s"":""MINAUSDT"",""S"":""Buy"",""v"":""2581.2"",""p"":""0.07769""}"
2026-10-09T06:26:30.500501Z,1791527189912,RLCUSDT,Sell,77.7,1.3105,"{""T"":1791527189912,""s"":""RLCUSDT"",""S"":""Sell"",""v"":""77.7"",""p"":""1.3105""}"
2026-10-09T06:26:30.500501Z,1791527189932,RLCUSDT,Sell,110.6,1.3113,"{""T"":1791527189932,""s"":""RLCUSDT"",""S"":""Sell"",""v"":""110.6"",""p"":""1.3113""}"
2026-10-09T06:26:30.500501Z,1791527189937,RLCUSDT,Sell,3211.6,1.3395,"{""T"":1791527189937,""s"":""RLCUSDT"",""S"":""Sell"",""v"":""3211.6"",""p"":""1.3395""}"
2026-10-09T06:26:30.500501Z,1791527189937,RLCUSDT,Sell,162.6,1.2970,"{""T"":1791527189937,""s"":""RLCUSDT"",""S"":""Sell"",""v"":""162.6"",""p"":""1.2970""}"
2026-10-09T06:26:30.500501Z,1791527189947,RLCUSDT,Sell,107.3,1.3406,"{""T"":1791527189947,""s"":""RLCUSDT"",""S"":""Sell"",""v"":""107.3"",""p"":""1.3406""}"
2026-10-09T06:26:30.500501Z,1791527189986,RLCUSDT,Sell,32.3,1.3450,"{""T"":1791527189986,""s"":""RLCUSDT"",""S"":""Sell"",""v"":""32.3"",""p"":""1.3450""}"
2026-10-09T06:26:30.500501Z,1791527189985,RLCUSDT,Sell,4071.6,1.3453,"{""T"":1791527189985,""s"":""RLCUSDT"",""S"":""Sell"",""v"":""4071.6"",""p"":""1.3453""}"
2026-10-09T06:26:30.500501Z,1791527189991,RLCUSDT,Sell,2352.9,1.3152,"{""T"":1791527189991,""s"":""RLCUSDT"",""S"":""Sell"",""v"":""2352.9"",""p"":""1.3152""}"
2026-10-09T06:26:30.500501Z,1791527189993,RLCUSDT,Sell,92.0,1.3189,"{""T"":1791527189993,""s"":""RLCUSDT"",""S"":""Sell"",""v"":""92.0"",""p"":""1.3189""}"
2026-10-09T06:26:30.500501Z,1791527189996,RLCUSDT,Sell,8.0,1.3447,"{""T"":1791527189996,""s"":""RLCUSDT"",""S"":""Sell"",""v"":""8.0"",""p"":""1.3447""}"
2026-10-09T06:26:30.500501Z,1791527189999,RLCUSDT,Sell,11.3,1.3155,"{""T"":1791527189999,""s"":""RLCUSDT"",""S"":""Sell"",""v"":""11.3"",""p"":""1.3155""}"
2026-10-09T06:26:30.500501Z,1791527190009,RLCUSDT,Sell,31.3,1.3044,"{""T"":1791527190009,""s"":""RLCUSDT"",""S"":""Sell"",""v"":""31.3"",""p"":""1.3044""}"
2026-10-09T06:26:30.500501Z,1791527190014,RLCUSDT,Sell,10.5,1.3180,"{""T"":1791527190014,""s"":""RLCUSDT"",""S"":""Sell"",""v"":""10.5"",""p"":""1.3180""}"
2026-10-09T06:26:30.500501Z,1791527190019,RLCUSDT,Sell,28671.0,1.3162,"{""T"":1791527190019,""s"":""RLCUSDT"",""S"":""Sell"",""v"":""28671.0"",""p"":""1.3162""}"
2026-10-09T06:26:30.500501Z,1791527190077,RLCUSDT,Sell,7.1,1.3266,"{""T"":1791527190077,""s"":""RLCUSDT"",""S"":""Sell"",""v"":""7.1"",""p"":""1.3266""}"
2026-10-09T06:26:30.500501Z,1791527190083,RLCUSDT,Sell,7480.2,1.3430,"{""T"":1791527190083,""s"":""RLCUSDT"",""S"":""Sell"",""v"":""7480.2"",""p"":""1.3430""}"
2026-10-09T06:26:30.500501Z,1791527190101,RLCUSDT,Sell,818.8,1.3220,"{""T"":1791527190101,""s"":""RLCUSDT"",""S"":""Sell"",""v"":""818.8"",""p"":""1.3220""}"
2026-10-09T06:26:30.500501Z,1791527190120,RLCUSDT,Sell,124.4,1.3412,"{""T"":1791527190120,""s"":""RLCUSDT"",""S"":""Sell"",""v"":""124.4"",""p"":""1.3412""}"
2026-10-09T06:26:30.500501Z,1791527190142,RLCUSDT,Sell,531.4,1.3083,"{""T"":1791527190142,""s"":""RLCUSDT"",""S"":""Sell"",""v"":""531.4"",""p"":""1.3083""}"
2026-10-09T06:26:30.500501Z,1791527190181,RLCUSDT,Sell,259.2,1.3249,"{""T"":1791527190181,""s"":""RLCUSDT"",""S"":""Sell"",""v"":""259.2"",""p"":""1.3249""}"
2026-10-09T06:26:30.500501Z,1791527190192,RLCUSDT,Sell,209.6,1.3009,"{""T"":1791527190192,""s"":""RLCUSDT"",""S"":""Sell"",""v"":""209.6"",""p"":""1.3009""}"
2026-10-09T06:26:30.500501Z,1791527190223,RLCUSDT,Sell,446.1,1.3460,"{""T"":1791527190223,""s"":""RLCUSDT"",""S"":""Sell"",""v"":""446.1"",""p"":""1.3460""}"
2026-10-09T06:26:30.500501Z,1791527190278,RLCUSDT,Sell,82.7,1.3325,"{""T"":1791527190278,""s"":""RLCUSDT"",""S"":""Sell"",""v"":""82.7"",""p"":""1.3325""}"
2026-10-09T06:26:30.500501Z,1791527190331,RLCUSDT,Sell,116.0,1.2983,"{""T"":1791527190331,""s"":""RLCUSDT"",""S"":""Sell"",""v"":""116.0"",""p"":""1.2983""}"
2026-10-09T06:26:30.500501Z,1791527190354,RLCUSDT,Sell,793.4,1.3168,"{""T"":1791527190354,""s"":""RLCUSDT"",""S"":""Sell"",""v"":""793.4"",""p"":""1.3168""}"
2026-10-09T06:26:30.500501Z,1791527190361,RLCUSDT,Sell,848.5,1.3280,"{""T"":1791527190361,""s"":""RLCUSDT"",""S"":""Sell"",""v"":""848.5"",""p"":""1.3280""}"
2026-10-09T06:26:30.500501Z,1791527190361,RLCUSDT,Sell,6400.9,1.3096,"{""T"":1791527190361,""s"":""RLCUSDT"",""S"":""Sell"",""v"":""6400.9"",""p"":""1.3096""}"
2026-10-09T06:26:30.500501Z,1791527190375,RLCUSDT,Sell,23.1,1.2990,"{""T"":1791527190375,""s"":""RLCUSDT"",""S"":""Sell"",""v"":""23.1"",""p"":""1.2990""}"
2026-10-09T06:26:33.000075Z,1791527192486,RLCUSDT,Sell,17.0,1.3513,"{""T"":1791527192486,""s"":""RLCUSDT"",""S"":""Sell"",""v"":""17.0"",""p"":""1.3513""}"
2026-10-09T06:26:33.000075Z,1791527192744,RLCUSDT,Sell,3058.1,1.3546,"{""T"":1791527192744,""s"":""RLCUSDT"",""S"":""Sell"",""v"":""3058.1"",""p"":""1.3546""}"
2026-10-09T06:26:33.500188Z,1791527192968,RLCUSDT,Sell,12.3,1.3524,"{""T"":1791527192968,""s"":""RLCUSDT"",""S"":""Sell"",""v"":""12.3"",""p"":""1.3524""}"
2026-10-09T06:26:33.500188Z,1791527193287,RLCUSDT,Sell,7.2,1.3524,"{""T"":1791527193287,""s"":""RLCUSDT"",""S"":""Sell"",""v"":""7.2"",""p"":""1.3524""}"
2026-10-09T06:26:33.816514Z,1791527193412,METUSDT,Buy,1765.2,0.42710,"{""T"":1791527193412,""s"":""METUSDT"",""S"":""Buy"",""v"":""1765.2"",""p"":""0.42710""}"
2026-10-09T06:26:33.828855Z,1791527193637,ENAUSDT,Sell,39839,0.21838,"{""T"":1791527193637,""s"":""ENAUSDT"",""S"":""Sell"",""v"":""39839"",""p"":""0.21838""}"
2026-10-09T06:26:34.000283Z,1791527193412,RLCUSDT,Sell,663.0,1.3580,"{""T"":1791527193412,""s"":""RLCUSDT"",""S"":""Sell"",""v"":""663.0"",""p"":""1.3580""}"
2026-10-09T06:26:34.000283Z,1791527193637,RLCUSDT,Sell,4066.7,1.3598,"{""T"":1791527193637,""s"":""RLCUSDT"",""S"":""Sell"",""v"":""4066.7"",""p"":""1.3598""}"
2026-10-09T06:26:34.000283Z,1791527193662,RLCUSDT,Sell,265.2,1.3584,"{""T"":1791527193662,""s"":""RLCUSDT"",""S"":""Sell"",""v"":""265.2"",""p"":""1.3584""}"
2026-10-09T06:26:34.000831Z,1791527193637,STXUSDT,Sell,12794.2,0.39460,"{""T"":1791527193637,""s"":""STXUSDT"",""S"":""Sell"",""v"":""12794.2"",""p"":""0.39460""}"
2026-10-09T06:26:34.020569Z,1791527193637,NEARUSDT,Sell,1586.9,4.8870,"{""T"":1791527193637,""s"":""NEARUSDT"",""S"":""Sell"",""v"":""1586.9"",""p"":""4.8870""}"
2026-10-09T06:26:34.138759Z,1791527193637,OGNUSDT,Sell,71661,0.043128,"{""T"":1791527193637,""s"":""OGNUSDT"",""S"":""Sell"",""v"":""71661"",""p"":""0.043128""}"
2026-10-09T06:26:34.500020Z,1791527194258,RLCUSDT,Sell,867.6,1.3594,"{""T"":1791527194258,""s"":""RLCUSDT"",""S"":""Sell"",""v"":""867.6"",""p"":""1.3594""}"
2026-10-09T06:26:34.639252Z,1791527194258,OGNUSDT,Sell,3267,0.043212,"{""T"":1791527194258,""s"":""OGNUSDT"",""S"":""Sell"",""v"":""3267"",""p"":""0.043212""}"
2026-10-09T06:27:02.366474Z,1791527222166,APTUSDT,Sell,69.95,0.8306,"{""T"":1791527222166,""s"":""APTUSDT"",""S"":""Sell"",""v"":""69.95"",""p"":""0.8306""}"
2026-10-09T06:27:07.500123Z,1791527227179,RLCUSDT,Sell,16.2,1.3631,"{""T"":1791527227179,""s"":""RLCUSDT"",""S"":""Sell"",""v"":""16.2"",""p"":""1.3631""}"
2026-10-09T06:27:07.500123Z,1791527227291,RLCUSDT,Sell,38.7,1.3917,"{""T"":1791527227291,""s"":""RLCUSDT"",""S"":""Sell"",""v"":""38.7"",""p"":""1.3917""}"
2026-10-09T06:27:07.500123Z,1791527227296,RLCUSDT,Sell,878.9,1.3934,"{""T"":1791527227296,""s"":""RLCUSDT"",""S"":""Sell"",""v"":""878.9"",""p"":""1.3934""}"
2026-10-09T06:27:07.500123Z,1791527227346,RLCUSDT,Sell,4.1,1.3909,"{""T"":1791527227346,""s"":""RLCUSDT"",""S"":""Sell"",""v"":""4.1"",""p"":""1.3909""}"
2026-10-09T06:27:07.500123Z,1791527227358,RLCUSDT,Sell,7036.7,1.3672,"{""T"":1791527227358,""s"":""RLCUSDT"",""S"":""Sell"",""v"":""7036.7"",""p"":""1.3672""}"
2026-10-09T06:27:07.500123Z,1791527227398,RLCUSDT,Sell,2796.7,1.3890,"{""T"":1791527227398,""s"":""RLCUSDT"",""S"":""Sell"",""v"":""2796.7"",""p"":""1.3890""}"
2026-10-09T06:27:07.569501Z,1791527227427,BTCUSDT,Buy,0.034,82239.20,"{""T"":1791527227427,""s"":""BTCUSDT"",""S"":""Buy"",""v"":""0.034"",""p"":""82239.20""}"
2026-10-09T06:27:07.638895Z,1791527227530,OGNUSDT,Sell,1621,0.043060,"{""T"":1791527227530,""s"":""OGNUSDT"",""S"":""Sell"",""v"":""1621"",""p"":""0.043060""}"
2026-10-09T06:27:07.638895Z,1791527227550,OGNUSDT,Sell,17474,0.042923,"{""T"":1791527227550,""s"":""OGNUSDT"",""S"":""Sell"",""v"":""17474"",""p"":""0.042923""}"
2026-10-09T06:27:07.816359Z,1791527227530,GRASSUSDT,Buy,751,0.62090,"{""T"":1791527227530,""s"":""GRASSUSDT"",""S"":""Buy"",""v"":""751"",""p"":""0.62090""}"
2026-10-09T06:27:07.862407Z,1791527227427,GRAMUSDT,Buy,2095.3,1.3930,"{""T"":1791527227427,""s"":""GRAMUSDT"",""S"":""Buy"",""v"":""2095.3"",""p"":""1.3930""}"
2026-10-09T06:27:07.989677Z,1791527227550,BTWUSDT,Sell,830,1.54954,"{""T"":1791527227550,""s"":""BTWUSDT"",""S"":""Sell"",""v"":""830"",""p"":""1.54954""}"
2026-10-09T06:27:08.000726Z,1791527227427,RLCUSDT,Sell,4740.6,1.3919,"{""T"":1791527227427,""s"":""RLCUSDT"",""S"":""Sell"",""v"":""4740.6"",""p"":""1.3919""}"
2026-10-09T06:27:08.000726Z,1791527227439,RLCUSDT,Sell,29.4,1.3837,"{""T"":1791527227439,""s"":""RLCUSDT"",""S"":""Sell"",""v"":""29.4"",""p"":""1.3837""}"
2026-10-09T06:27:08.000726Z,1791527227457,RLCUSDT,Sell,134.9,1.3710,"{""T"":1791527227457,""s"":""RLCUSDT"",""S"":""Sell"",""v"":""134.9"",""p"":""1.3710""}"
2026-10-09T06:27:08.000726Z,1791527227486,RLCUSDT,Sell,4.3,1.3875,"{""T"":1791527227486,""s"":""RLCUSDT"",""S"":""Sell"",""v"":""4.3"",""p"":""1.3875""}"
2026-10-09T06:27:08.000726Z,1791527227530,RLCUSDT,Sell,366.5,1.3915,"{""T"":1791527227530,""s"":""RLCUSDT"",""S"":""Sell"",""v"":""366.5"",""p"":""1.3915""}"
2026-10-09T06:27:08.000726Z,1791527227542,RLCUSDT,Sell,251.2,1.3899,"{""T"":1791527227542,""s"":""RLCUSDT"",""S"":""Sell"",""v"":""251.2"",""p"":""1.3899""}"
2026-10-09T06:27:08.000726Z,1791527227550,RLCUSDT,Sell,1372.9,1.3865,"{""T"":1791527227550,""s"":""RLCUSDT"",""S"":""Sell"",""v"":""1372.9"",""p"":""1.3865""}"
2026-10-09T06:27:08.000726Z,1791527227575,RLCUSDT,Sell,327.6,1.3637,"{""T"":1791527227575,""s"":""RLCUSDT"",""S"":""Sell"",""v"":""327.6"",""p"":""1.3637""}"
2026-10-09T06:27:08.000726Z,1791527227593,RLCUSDT,Sell,24.0,1.3758,"{""T"":1791527227593,""s"":""RLCUSDT"",""S"":""Sell"",""v"":""24.0"",""p"":""1.3758""}"
2026-10-09T06:27:08.000726Z,1791527227670,RLCUSDT,Sell,229.5,1.3791,"{""T"":1791527227670,""s"":""RLCUSDT"",""S"":""Sell"",""v"":""229.5"",""p"":""1.3791""}"
2026-10-09T06:27:08.000726Z,1791527227680,RLCUSDT,Sell,6.7,1.3668,"{""T"":1791527227680,""s"":""RLCUSDT"",""S"":""Sell"",""v"":""6.7"",""p"":""1.3668""}"
2026-10-09T06:27:08.000726Z,1791527227732,RLCUSDT,Sell,1030.0,1.3915,"{""T"":1791527227732,""s"":""RLCUSDT"",""S"":""Sell"",""v"":""1030.0"",""p"":""1.3915""}"
2026-10-09T06:27:08.000726Z,1791527227746,RLCUSDT,Sell,31.9,1.3772,"{""T"":1791527227746,""s"":""RLCUSDT"",""S"":""Sell"",""v"":""31.9"",""p"":""1.3772""}"
2026-10-09T06:27:08.000726Z,1791527227763,RLCUSDT,Sell,82.4,1.3640,"{""T"":1791527227763,""s"":""RLCUSDT"",""S"":""Sell"",""v"":""82.4"",""p"":""1.3640""}"
2026-10-09T06:27:08.000726Z,1791527227766,RLCUSDT,Sell,285.6,1.3803,"{""T"":1791527227766,""s"":""RLCUSDT"",""S"":""Sell"",""v"":""285.6"",""p"":""1.3803""}"
2026-10-09T06:27:08.000726Z,1791527227809,RLCUSDT,Sell,29.2,1.3889,"{""T"":1791527227809,""s"":""RLCUSDT"",""S"":""Sell"",""v"":""29.2"",""p"":""1.3889""}"
2026-10-09T06:27:08.000726Z,1791527227868,RLCUSDT,Sell,770.0,1.3696,"{""T"":1791527227868,""s"":""RLCUSDT"",""S"":""Sell"",""v"":""770.0"",""p"":""1.3696""}"
2026-10-09T06:27:08.000726Z,1791527227890,RLCUSDT,Sell,116.5,1.3717,"{""T"":1791527227890,""s"":""RLCUSDT"",""S"":""Sell"",""v"":""116.5"",""p"":""1.3717""}"
2026-10-09T06:27:08.351642Z,1791527228162,SANDUSDT,Sell,15873,0.07254,"{""T"":1791527228162,""s"":""SANDUSDT"",""S"":""Sell"",""v"":""15873"",""p"":""0.07254""}"
2026-10-09T06:27:08.489989Z,1791527228162,BTWUSDT,Sell,1660,1.55745,"{""T"":1791527228162,""s"":""BTWUSDT"",""S"":""Sell"",""v"":""1660"",""p"":""1.55745""}"
2026-10-09T06:27:08.500244Z,1791527227914,RLCUSDT,Sell,293.1,1.3689,"{""T"":1791527227914,""s"":""RLCUSDT"",""S"":""Sell"",""v"":""293.1"",""p"":""1.3689""}"
2026-10-09T06:27:08.500244Z,1791527227965,RLCUSDT,Sell,233.4,1.3857,"{""T"":1791527227965,""s"":""RLCUSDT"",""S"":""Sell"",""v"":""233.4"",""p"":""1.3857""}"
2026-10-09T06:27:08.500244Z,1791527228034,RLCUSDT,Sell,71.7,1.3882,"{""T"":1791527228034,""s"":""RLCUSDT"",""S"":""Sell"",""v"":""71.7"",""p"":""1.3882""}"
2026-10-09T06:27:08.500244Z,1791527228083,RLCUSDT,Sell,8640.0,1.3852,"{""T"":1791527228083,""s"":""RLCUSDT"",""S"":""Sell"",""v"":""8640.0"",""p"":""1.3852""}"
2026-10-09T06:27:08.500244Z,1791527228117,RLCUSDT,Sell,300.0,1.3812,"{""T"":1791527228117,""s"":""RLCUSDT"",""S"":""Sell"",""v"":""300.0"",""p"":""1.3812""}"
2026-10-09T06:27:08.500244Z,1791527228128,RLCUSDT,Sell,174.9,1.3858,"{""T"":1791527228128,""s"":""RLCUSDT"",""S"":""Sell"",""v"":""174.9"",""p"":""1.3858""}"
2026-10-09T06:27:08.500244Z,1791527228151,RLCUSDT,Sell,457.2,1.3716,"{""T"":1791527228151,""s"":""RLCUSDT"",""S"":""Sell"",""v"":""457.2"",""p"":""1.3716""}"
2026-10-09T06:27:08.500244Z,1791527228162,RLCUSDT,Sell,1724.1,1.3898,"{""T"":1791527228162,""s"":""RLCUSDT"",""S"":""Sell"",""v"":""1724.1"",""p"":""1.3898""}"
2026-10-09T06:27:08.500244Z,1791527228164,RLCUSDT,Sell,610.7,1.3881,"{""T"":1791527228164,""s"":""RLCUSDT"",""S"":""Sell"",""v"":""610.7"",""p"":""1.3881""}"
2026-10-09T06:27:08.500244Z,1791527228173,RLCUSDT,Sell,1065.7,1.3890,"{""T"":1791527228173,""s"":""RLCUSDT"",""S"":""Sell"",""v"":""1065.7"",""p"":""1.3890""}"
2026-10-09T06:27:08.500244Z,1791527228181,RLCUSDT,Sell,4080.2,1.3841,"{""T"":1791527228181,""s"":""RLCUSDT"",""S"":""Sell"",""v"":""4080.2"",""p"":""1.3841""}"
2026-10-09T06:27:08.500244Z,1791527228184,RLCUSDT,Sell,2637.4,1.3900,"{""T"":1791527228184,""s"":""RLCUSDT"",""S"":""Sell"",""v"":""2637.4"",""p"":""1.3900""}"
2026-10-09T06:27:08.500244Z,1791527228239,RLCUSDT,Sell,26.3,1.3890,"{""T"":1791527228239,""s"":""RLCUSDT"",""S"":""Sell"",""v"":""26.3"",""p"":""1.3890""}"
2026-10-09T06:27:08.500244Z,1791527228254,RLCUSDT,Sell,140.0,1.3879,"{""T"":1791527228254,""s"":""RLCUSDT"",""S"":""Sell"",""v"":""140.0"",""p"":""1.3879""}"
2026-10-09T06:27:08.500244Z,1791527228255,RLCUSDT,Sell,6.2,1.3812,"{""T"":1791527228255,""s"":""RLCUSDT"",""S"":""Sell"",""v"":""6.2"",""p"":""1.3812""}"
2026-10-09T06:27:08.500244Z,1791527228265,RLCUSDT,Sell,85.5,1.3808,"{""T"":1791527228265,""s"":""RLCUSDT"",""S"":""Sell"",""v"":""85.5"",""p"":""1.3808""}"
2026-10-09T06:27:08.500244Z,1791527228284,RLCUSDT,Sell,40.9,1.3867,"{""T"":1791527228284,""s"":""RLCUSDT"",""S"":""Sell"",""v"":""40.9"",""p"":""1.3867""}"
2026-10-09T06:27:08.519141Z,1791527228254,NEARUSDT,Sell,48.0,4.8840,"{""T"":1791527228254,""s"":""NEARUSDT"",""S"":""Sell"",""v"":""48.0"",""p"":""4.8840""}"
2026-10-09T06:27:08.816548Z,1791527228254,HYPEUSDT,Sell,0.70,86.150,"{""T"":1791527228254,""s"":""HYPEUSDT"",""S"":""Sell"",""v"":""0.70"",""p"":""86.150""}"
2026-10-09T06:27:08.959482Z,1791527228418,ETHUSDT,Sell,0.15,2507.48,"{""T"":1791527228418,""s"":""ETHUSDT"",""S"":""Sell"",""v"":""0.15"",""p"":""2507.48""}"
2026-10-09T06:27:08.999968Z,1791527228710,RLCUSDT,Sell,2.1,1.4003,"{""T"":1791527228710,""s"":""RLCUSDT"",""S"":""Sell"",""v"":""2.1"",""p"":""1.4003""}"
2026-10-09T06:27:09.351501Z,1791527228941,SANDUSDT,Sell,1500,0.07256,"{""T"":1791527228941,""s"":""SANDUSDT"",""S"":""Sell"",""v"":""1500"",""p"":""0.07256""}"
2026-10-09T06:27:09.351501Z,1791527228999,SANDUSDT,Sell,282,0.07246,"{""T"":1791527228999,""s"":""SANDUSDT"",""S"":""Sell"",""v"":""282"",""p"":""0.07246""}"
2026-10-09T06:27:09.418101Z,1791527228941,ZECUSDT,Sell,0.16,1229.37,"{""T"":1791527228941,""s"":""ZECUSDT"",""S"":""Sell"",""v"":""0.16"",""p"":""1229.37""}"
2026-10-09T06:27:09.500265Z,1791527228940,RLCUSDT,Sell,226.9,1.3985,"{""T"":1791527228940,""s"":""RLCUSDT"",""S"":""Sell"",""v"":""226.9"",""p"":""1.3985""}"
2026-10-09T06:27:09.500265Z,1791527228999,RLCUSDT,Sell,257.7,1.3940,"{""T"":1791527228999,""s"":""RLCUSDT"",""S"":""Sell"",""v"":""257.7"",""p"":""1.3940""}"
2026-10-09T06:27:09.500265Z,1791527229046,RLCUSDT,Sell,2072.1,1.3993,"{""T"":1791527229046,""s"":""RLCUSDT"",""S"":""Sell"",""v"":""2072.1"",""p"":""1.3993""}"
2026-10-09T06:27:09.500265Z,1791527229099,RLCUSDT,Sell,120.0,1.3969,"{""T"":1791527229099,""s"":""RLCUSDT"",""S"":""Sell"",""v"":""120.0"",""p"":""1.3969""}"
2026-10-09T06:27:09.500265Z,1791527229188,RLCUSDT,Sell,63.6,1.3940,"{""T"":1791527229188,""s"":""RLCUSDT"",""S"":""Sell"",""v"":""63.6"",""p"":""1.3940""}"
2026-10-09T06:27:09.500265Z,1791527229401,RLCUSDT,Sell,999.8,1.3976,"{""T"":1791527229401,""s"":""RLCUSDT"",""S"":""Sell"",""v"":""999.8"",""p"":""1.3976""}"
2026-10-09T06:27:09.638945Z,1791527229473,OGNUSDT,Sell,5502,0.043111,"{""T"":1791527229473,""s"":""OGNUSDT"",""S"":""Sell"",""v"":""5502"",""p"":""0.043111""}"
2026-10-09T06:27:10.000171Z,1791527229414,RLCUSDT,Sell,316.4,1.3999,"{""T"":1791527229414,""s"":""RLCUSDT"",""S"":""Sell"",""v"":""316.4"",""p"":""1.3999""}"
2026-10-09T06:27:10.000171Z,1791527229420,RLCUSDT,Sell,9.4,1.3962,"{""T"":1791527229420,""s"":""RLCUSDT"",""S"":""Sell"",""v"":""9.4"",""p"":""1.3962""}"
2026-10-09T06:27:10.000171Z,1791527229473,RLCUSDT,Sell,35.5,1.3975,"{""T"":1791527229473,""s"":""RLCUSDT"",""S"":""Sell"",""v"":""35.5"",""p"":""1.3975""}"
2026-10-09T06:27:12.000012Z,1791527231424,RLCUSDT,Sell,172.0,1.4022,"{""T"":1791527231424,""s"":""RLCUSDT"",""S"":""Sell"",""v"":""172.0"",""p"":""1.4022""}"
2026-10-09T06:27:12.500051Z,1791527232254,RLCUSDT,Sell,50.4,1.4012,"{""T"":1791527232254,""s"":""RLCUSDT"",""S"":""Sell"",""v"":""50.4"",""p"":""1.4012""}"
2026-10-09T06:29:13.989929Z,1791527353892,WUSDT,Buy,152821.0,0.016604,"{""T"":1791527353892,""s"":""WUSDT"",""S"":""Buy"",""v"":""152821.0"",""p"":""0.016604""}"
2026-10-09T06:29:13.990366Z,1791527353892,USUSDT,Sell,52300,0.021390,"{""T"":1791527353892,""s"":""USUSDT"",""S"":""Sell"",""v"":""52300"",""p"":""0.021390""}"
2026-10-09T06:29:14.352199Z,1791527353892,SANDUSDT,Buy,28034,0.07069,"{""T"":1791527353892,""s"":""SANDUSDT"",""S"":""Buy"",""v"":""28034"",""p"":""0.07069""}"
2026-10-09T06:30:09.346200Z,1791527408935,ONDOUSDT,Buy,205,0.4758,"{""T"":1791527408935,""s"":""ONDOUSDT"",""S"":""Buy"",""v"":""205"",""p"":""0.4758""}"
2026-10-09T06:30:18.990190Z,1791527418818,USUSDT,Sell,28020,0.021420,"{""T"":1791527418818,""s"":""USUSDT"",""S"":""Sell"",""v"":""28020"",""p"":""0.021420""}"
2026-10-09T06:30:23.989824Z,1791527423729,USUSDT,Sell,40400,0.021490,"{""T"":1791527423729,""s"":""USUSDT"",""S"":""Sell"",""v"":""40400"",""p"":""0.021490""}"
2026-10-09T06:30:26.639530Z,1791527426416,OGNUSDT,Sell,4879,0.043394,"{""T"":1791527426416,""s"":""OGNUSDT"",""S"":""Sell"",""v"":""4879"",""p"":""0.043394""}"
2026-10-09T06:31:13.000521Z,1791527472891,RLCUSDT,Sell,195.6,1.3977,"{""T"":1791527472891,""s"":""RLCUSDT"",""S"":""Sell"",""v"":""195.6"",""p"":""1.3977""}"
2026-10-09T06:31:13.500005Z,1791527473165,RLCUSDT,Sell,175.9,1.3974,"{""T"":1791527473165,""s"":""RLCUSDT"",""S"":""Sell"",""v"":""175.9"",""p"":""1.3974""}"
2026-10-09T06:31:36.335828Z,1791527496131,JCTUSDT,Buy,14900,0.0022650,"{""T"":1791527496131,""s"":""JCTUSDT"",""S"":""Buy"",""v"":""14900"",""p"":""0.0022650""}"
2026-10-09T06:34:01.991018Z,1791527641839,USUSDT,Buy,2210,0.019710,"{""T"":1791527641839,""s"":""USUSDT"",""S"":""Buy"",""v"":""2210"",""p"":""0.019710""}"
2026-10-09T06:34:34.639295Z,1791527674175,OGNUSDT,Sell,190,0.043753,"{""T"":1791527674175,""s"":""OGNUSDT"",""S"":""Sell"",""v"":""190"",""p"":""0.043753""}"
2026-10-09T06:34:39.862577Z,1791527679553,SOXSUSDT,Buy,37.66,31.70,"{""T"":1791527679553,""s"":""SOXSUSDT"",""S"":""Buy"",""v"":""37.66"",""p"":""31.70""}"
2026-10-09T06:38:25.852351Z,1791527905588,SANDUSDT,Buy,22953,0.07019,"{""T"":1791527905588,""s"":""SANDUSDT"",""S"":""Buy"",""v"":""22953"",""p"":""0.07019""}"
2026-10-09T06:38:25.924891Z,1791527905588,ZECUSDT,Buy,1.26,1211.89,"{""T"":1791527905588,""s"":""ZECUSDT"",""S"":""Buy"",""v"":""1.26"",""p"":""1211.89""}"
2026-10-09T06:38:26.019873Z,1791527905588,NEARUSDT,Buy,230.1,4.8030,"{""T"":1791527905588,""s"":""NEARUSDT"",""S"":""Buy"",""v"":""230.1"",""p"":""4.8030""}"
2026-10-09T06:39:11.500634Z,1791527951240,RLCUSDT,Sell,1021.2,1.3846,"{""T"":1791527951240,""s"":""RLCUSDT"",""S"":""Sell"",""v"":""1021.2"",""p"":""1.3846""}"
2026-10-09T06:39:12.000146Z,1791527951726,RLCUSDT,Sell,78.2,1.3924,"{""T"":1791527951726,""s"":""RLCUSDT"",""S"":""Sell"",""v"":""78.2"",""p"":""1.3924""}"
2026-10-09T06:39:12.000146Z,1791527951868,RLCUSDT,Sell,74.7,1.3883,"{""T"":1791527951868,""s"":""RLCUSDT"",""S"":""Sell"",""v"":""74.7"",""p"":""1.3883""}"
2026-10-09T06:39:12.459107Z,1791527952329,QNTUSDT,Sell,0.15,247.69,"{""T"":1791527952329,""s"":""QNTUSDT"",""S"":""Sell"",""v"":""0.15"",""p"":""247.69""}"
2026-10-09T06:39:12.500069Z,1791527952099,RLCUSDT,Sell,7.5,1.3918,"{""T"":1791527952099,""s"":""RLCUSDT"",""S"":""Sell"",""v"":""7.5"",""p"":""1.3918""}"
2026-10-09T06:39:13.459174Z,1791527952980,QNTUSDT,Sell,1.87,247.96,"{""T"":1791527952980,""s"":""QNTUSDT"",""S"":""Sell"",""v"":""1.87"",""p"":""247.96""}"
2026-10-09T06:39:16.459063Z,1791527955981,QNTUSDT,Sell,0.24,247.97,"{""T"":1791527955981,""s"":""QNTUSDT"",""S"":""Sell"",""v"":""0.24"",""p"":""247.97""}"
2026-10-09T06:39:16.490411Z,1791527956015,WUSDT,Sell,1000.0,0.017362,"{""T"":1791527956015,""s"":""WUSDT"",""S"":""Sell"",""v"":""1000.0"",""p"":""0.017362""}"
2026-10-09T06:39:16.519512Z,1791527955981,NEARUSDT,Sell,3.9,4.8740,"{""T"":1791527955981,""s"":""NEARUSDT"",""S"":""Sell"",""v"":""3.9"",""p"":""4.8740""}"
2026-10-09T06:39:19.459033Z,1791527959001,QNTUSDT,Sell,1.40,248.42,"{""T"":1791527959001,""s"":""QNTUSDT"",""S"":""Sell"",""v"":""1.40"",""p"":""248.42""}"
2026-10-09T06:39:23.459121Z,1791527962884,QNTUSDT,Sell,1.50,249.03,"{""T"":1791527962884,""s"":""QNTUSDT"",""S"":""Sell"",""v"":""1.50"",""p"":""249.03""}"
2026-10-09T06:39:24.000032Z,1791527963568,RLCUSDT,Sell,16.1,1.3976,"{""T"":1791527963568,""s"":""RLCUSDT"",""S"":""Sell"",""v"":""16.1"",""p"":""1.3976""}"
2026-10-09T06:39:32.841151Z,1791527972651,XRPUSDT,Sell,15.7,1.4083,"{""T"":1791527972651,""s"":""XRPUSDT"",""S"":""Sell"",""v"":""15.7"",""p"":""1.4083""}"
2026-10-09T06:39:40.363752Z,1791527979967,GRAMUSDT,Sell,11.1,1.4170,"{""T"":1791527979967,""s"":""GRAMUSDT"",""S"":""Sell"",""v"":""11.1"",""p"":""1.4170""}"
2026-10-09T06:40:01.342160Z,1791528001084,XRPUSDT,Sell,693.0,1.4085,"{""T"":1791528001084,""s"":""XRPUSDT"",""S"":""Sell"",""v"":""693.0"",""p"":""1.4085""}"
2026-10-09T06:40:01.841104Z,1791528001451,XRPUSDT,Sell,66.8,1.4086,"{""T"":1791528001451,""s"":""XRPUSDT"",""S"":""Sell"",""v"":""66.8"",""p"":""1.4086""}"
2026-10-09T06:40:01.841104Z,1791528001565,XRPUSDT,Sell,50.8,1.4087,"{""T"":1791528001565,""s"":""XRPUSDT"",""S"":""Sell"",""v"":""50.8"",""p"":""1.4087""}"
2026-10-09T06:40:01.841104Z,1791528001654,XRPUSDT,Sell,93.1,1.4087,"{""T"":1791528001654,""s"":""XRPUSDT"",""S"":""Sell"",""v"":""93.1"",""p"":""1.4087""}"
2026-10-09T06:40:12.504945Z,1791528012268,RLCUSDT,Sell,800.0,1.4062,"{""T"":1791528012268,""s"":""RLCUSDT"",""S"":""Sell"",""v"":""800.0"",""p"":""1.4062""}"
2026-10-09T06:40:12.959103Z,1791528012738,QNTUSDT,Sell,1.81,250.17,"{""T"":1791528012738,""s"":""QNTUSDT"",""S"":""Sell"",""v"":""1.81"",""p"":""250.17""}"
2026-10-09T06:40:13.000176Z,1791528012466,RLCUSDT,Sell,428.5,1.4066,"{""T"":1791528012466,""s"":""RLCUSDT"",""S"":""Sell"",""v"":""428.5"",""p"":""1.4066""}"
2026-10-09T06:40:13.000176Z,1791528012677,RLCUSDT,Sell,18.1,1.4052,"{""T"":1791528012677,""s"":""RLCUSDT"",""S"":""Sell"",""v"":""18.1"",""p"":""1.4052""}"
2026-10-09T06:40:13.000176Z,1791528012777,RLCUSDT,Sell,272.4,1.4062,"{""T"":1791528012777,""s"":""RLCUSDT"",""S"":""Sell"",""v"":""272.4"",""p"":""1.4062""}"
2026-10-09T06:40:13.000176Z,1791528012899,RLCUSDT,Sell,300.0,1.4067,"{""T"":1791528012899,""s"":""RLCUSDT"",""S"":""Sell"",""v"":""300.0"",""p"":""1.4067""}"
2026-10-09T06:40:13.459100Z,1791528012899,ETHUSDT,Buy,0.20,2491.78,"{""T"":1791528012899,""s"":""ETHUSDT"",""S"":""Buy"",""v"":""0.20"",""p"":""2491.78""}"
2026-10-09T06:40:13.500147Z,1791528013141,RLCUSDT,Sell,2027.9,1.4068,"{""T"":1791528013141,""s"":""RLCUSDT"",""S"":""Sell"",""v"":""2027.9"",""p"":""1.4068""}"
2026-10-09T06:40:15.500806Z,1791528014989,RLCUSDT,Sell,85.0,1.4102,"{""T"":1791528014989,""s"":""RLCUSDT"",""S"":""Sell"",""v"":""85.0"",""p"":""1.4102""}"
2026-10-09T06:40:15.500806Z,1791528015004,RLCUSDT,Sell,93.6,1.4092,"{""T"":1791528015004,""s"":""RLCUSDT"",""S"":""Sell"",""v"":""93.6"",""p"":""1.4092""}"
2026-10-09T06:40:15.500806Z,1791528015299,RLCUSDT,Sell,1489.1,1.4157,"{""T"":1791528015299,""s"":""RLCUSDT"",""S"":""Sell"",""v"":""1489.1"",""p"":""1.4157""}"
2026-10-09T06:40:15.500806Z,1791528015341,RLCUSDT,Sell,128.8,1.4314,"{""T"":1791528015341,""s"":""RLCUSDT"",""S"":""Sell"",""v"":""128.8"",""p"":""1.4314""}"
2026-10-09T06:40:15.500806Z,1791528015362,RLCUSDT,Sell,126.4,1.4204,"{""T"":1791528015362,""s"":""RLCUSDT"",""S"":""Sell"",""v"":""126.4"",""p"":""1.4204""}"
2026-10-09T06:40:15.500806Z,1791528015370,RLCUSDT,Sell,192.9,1.4298,"{""T"":1791528015370,""s"":""RLCUSDT"",""S"":""Sell"",""v"":""192.9"",""p"":""1.4298""}"
2026-10-09T06:40:15.500806Z,1791528015390,RLCUSDT,Sell,9.6,1.4267,"{""T"":1791528015390,""s"":""RLCUSDT"",""S"":""Sell"",""v"":""9.6"",""p"":""1.4267""}"
2026-10-09T06:40:16.000512Z,1791528015546,RLCUSDT,Sell,365.5,1.4247,"{""T"":1791528015546,""s"":""RLCUSDT"",""S"":""Sell"",""v"":""365.5"",""p"":""1.4247""}"
2026-10-09T06:40:16.000512Z,1791528015586,RLCUSDT,Sell,4.7,1.4280,"{""T"":1791528015586,""s"":""RLCUSDT"",""S"":""Sell"",""v"":""4.7"",""p"":""1.4280""}"
2026-10-09T06:40:16.000512Z,1791528015657,RLCUSDT,Sell,6552.1,1.4244,"{""T"":1791528015657,""s"":""RLCUSDT"",""S"":""Sell"",""v"":""6552.1"",""p"":""1.4244""}"
2026-10-09T06:40:16.000512Z,1791528015677,RLCUSDT,Sell,78.3,1.4278,"{""T"":1791528015677,""s"":""RLCUSDT"",""S"":""Sell"",""v"":""78.3"",""p"":""1.4278""}"
2026-10-09T06:40:16.000512Z,1791528015681,RLCUSDT,Sell,332.0,1.4227,"{""T"":1791528015681,""s"":""RLCUSDT"",""S"":""Sell"",""v"":""332.0"",""p"":""1.4227""}"
2026-10-09T06:40:16.000512Z,1791528015788,RLCUSDT,Sell,1701.4,1.4272,"{""T"":1791528015788,""s"":""RLCUSDT"",""S"":""Sell"",""v"":""1701.4"",""p"":""1.4272""}"
2026-10-09T06:40:16.000512Z,1791528015803,RLCUSDT,Sell,164.9,1.4113,"{""T"":1791528015803,""s"":""RLCUSDT"",""S"":""Sell"",""v"":""164.9"",""p"":""1.4113""}"
2026-10-09T06:40:16.000512Z,1791528015839,RLCUSDT,Sell,524.1,1.4305,"{""T"":1791528015839,""s"":""RLCUSDT"",""S"":""Sell"",""v"":""524.1"",""p"":""1.4305""}"
2026-10-09T06:40:16.000512Z,1791528015842,RLCUSDT,Sell,43.1,1.4166,"{""T"":1791528015842,""s"":""RLCUSDT"",""S"":""Sell"",""v"":""43.1"",""p"":""1.4166""}"
2026-10-09T06:40:16.000512Z,1791528015908,RLCUSDT,Sell,14.4,1.4249,"{""T"":1791528015908,""s"":""RLCUSDT"",""S"":""Sell"",""v"":""14.4"",""p"":""1.4249""}"
2026-10-09T06:40:16.500199Z,1791528016145,RLCUSDT,Sell,690.0,1.4233,"{""T"":1791528016145,""s"":""RLCUSDT"",""S"":""Sell"",""v"":""690.0"",""p"":""1.4233""}"
2026-10-09T06:40:16.500199Z,1791528016211,RLCUSDT,Sell,85.5,1.4181,"{""T"":1791528016211,""s"":""RLCUSDT"",""S"":""Sell"",""v"":""85.5"",""p"":""1.4181""}"
2026-10-09T06:40:16.500199Z,1791528016219,RLCUSDT,Sell,987.4,1.4267,"{""T"":1791528016219,""s"":""RLCUSDT"",""S"":""Sell"",""v"":""987.4"",""p"":""1.4267""}"
2026-10-09T06:40:16.500199Z,1791528016222,RLCUSDT,Sell,42.3,1.4298,"{""T"":1791528016222,""s"":""RLCUSDT"",""S"":""Sell"",""v"":""42.3"",""p"":""1.4298""}"
2026-10-09T06:40:16.638835Z,1791528016145,OGNUSDT,Sell,13000,0.042771,"{""T"":1791528016145,""s"":""OGNUSDT"",""S"":""Sell"",""v"":""13000"",""p"":""0.042771""}"
2026-10-09T06:40:17.500128Z,1791528017226,RLCUSDT,Sell,55.8,1.4359,"{""T"":1791528017226,""s"":""RLCUSDT"",""S"":""Sell"",""v"":""55.8"",""p"":""1.4359""}"
2026-10-09T06:40:18.000750Z,1791528017665,RLCUSDT,Sell,141.4,1.4401,"{""T"":1791528017665,""s"":""RLCUSDT"",""S"":""Sell"",""v"":""141.4"",""p"":""1.4401""}"
2026-10-09T06:40:18.000750Z,1791528017768,RLCUSDT,Sell,270.2,1.4374,"{""T"":1791528017768,""s"":""RLCUSDT"",""S"":""Sell"",""v"":""270.2"",""p"":""1.4374""}"
2026-10-09T06:40:18.000750Z,1791528017854,RLCUSDT,Sell,57.2,1.4400,"{""T"":1791528017854,""s"":""RLCUSDT"",""S"":""Sell"",""v"":""57.2"",""p"":""1.4400""}"
2026-10-09T06:40:18.500214Z,1791528018056,RLCUSDT,Sell,1148.4,1.4378,"{""T"":1791528018056,""s"":""RLCUSDT"",""S"":""Sell"",""v"":""1148.4"",""p"":""1.4378""}"
2026-10-09T06:40:18.500214Z,1791528018322,RLCUSDT,Sell,534.0,1.4389,"{""T"":1791528018322,""s"":""RLCUSDT"",""S"":""Sell"",""v"":""534.0"",""p"":""1.4389""}"
2026-10-09T06:40:18.500214Z,1791528018352,RLCUSDT,Sell,1238.4,1.4392,"{""T"":1791528018352,""s"":""RLCUSDT"",""S"":""Sell"",""v"":""1238.4"",""p"":""1.4392""}"
2026-10-09T06:40:18.500214Z,1791528018373,RLCUSDT,Sell,4.2,1.4383,"{""T"":1791528018373,""s"":""RLCUSDT"",""S"":""Sell"",""v"":""4.2"",""p"":""1.4383""}"
2026-10-09T06:40:18.500214Z,1791528018390,RLCUSDT,Sell,92.0,1.4402,"{""T"":1791528018390,""s"":""RLCUSDT"",""S"":""Sell"",""v"":""92.0"",""p"":""1.4402""}"
2026-10-09T06:40:18.817060Z,1791528018672,METUSDT,Buy,213.7,0.42520,"{""T"":1791528018672,""s"":""METUSDT"",""S"":""Buy"",""v"":""213.7"",""p"":""0.42520""}"
2026-10-09T06:40:18.851975Z,1791528018672,SANDUSDT,Sell,1443,0.07198,"{""T"":1791528018672,""s"":""SANDUSDT"",""S"":""Sell"",""v"":""1443"",""p"":""0.07198""}"
2026-10-09T06:40:19.000120Z,1791528018421,RLCUSDT,Sell,79.7,1.4436,"{""T"":1791528018421,""s"":""RLCUSDT"",""S"":""Sell"",""v"":""79.7"",""p"":""1.4436""}"
2026-10-09T06:40:19.000120Z,1791528018672,RLCUSDT,Sell,155.6,1.4413,"{""T"":1791528018672,""s"":""RLCUSDT"",""S"":""Sell"",""v"":""155.6"",""p"":""1.4413""}"
2026-10-09T06:40:19.500259Z,1791528018985,RLCUSDT,Sell,33.5,1.4410,"{""T"":1791528018985,""s"":""RLCUSDT"",""S"":""Sell"",""v"":""33.5"",""p"":""1.4410""}"
2026-10-09T06:40:19.500259Z,1791528019134,RLCUSDT,Sell,71.7,1.4428,"{""T"":1791528019134,""s"":""RLCUSDT"",""S"":""Sell"",""v"":""71.7"",""p"":""1.4428""}"
2026-10-09T06:40:21.000095Z,1791528020632,RLCUSDT,Sell,10.2,1.4448,"{""T"":1791528020632,""s"":""RLCUSDT"",""S"":""Sell"",""v"":""10.2"",""p"":""1.4448""}"
2026-10-09T06:40:21.500032Z,1791528021389,RLCUSDT,Sell,1754.4,1.4439,"{""T"":1791528021389,""s"":""RLCUSDT"",""S"":""Sell"",""v"":""1754.4"",""p"":""1.4439""}"
2026-10-09T06:40:21.500032Z,1791528021402,RLCUSDT,Sell,23.8,1.4497,"{""T"":1791528021402,""s"":""RLCUSDT"",""S"":""Sell"",""v"":""23.8"",""p"":""1.4497""}"
2026-10-09T06:40:21.999964Z,1791528021469,RLCUSDT,Sell,327.7,1.4475,"{""T"":1791528021469,""s"":""RLCUSDT"",""S"":""Sell"",""v"":""327.7"",""p"":""1.4475""}"
2026-10-09T06:40:22.500028Z,1791528022153,RLCUSDT,Sell,161.0,1.4490,"{""T"":1791528022153,""s"":""RLCUSDT"",""S"":""Sell"",""v"":""161.0"",""p"":""1.4490""}"
2026-10-09T06:40:22.500028Z,1791528022359,RLCUSDT,Sell,950.6,1.4471,"{""T"":1791528022359,""s"":""RLCUSDT"",""S"":""Sell"",""v"":""950.6"",""p"":""1.4471""}"
2026-10-09T06:40:22.863039Z,1791528022359,GRAMUSDT,Buy,80.5,1.3960,"{""T"":1791528022359,""s"":""GRAMUSDT"",""S"":""Buy"",""v"":""80.5"",""p"":""1.3960""}"
2026-10-09T06:40:22.917975Z,1791528022358,UNIUSDT,Buy,11.5,7.353,"{""T"":1791528022358,""s"":""UNIUSDT"",""S"":""Buy"",""v"":""11.5"",""p"":""7.353""}"
2026-10-09T06:40:23.500071Z,1791528023295,RLCUSDT,Sell,399.5,1.4525,"{""T"":1791528023295,""s"":""RLCUSDT"",""S"":""Sell"",""v"":""399.5"",""p"":""1.4525""}"
2026-10-09T06:40:24.000204Z,1791528023732,RLCUSDT,Sell,100.0,1.4551,"{""T"":1791528023732,""s"":""RLCUSDT"",""S"":""Sell"",""v"":""100.0"",""p"":""1.4551""}"
2026-10-09T06:40:24.139558Z,1791528023732,OGNUSDT,Sell,4000,0.043096,"{""T"":1791528023732,""s"":""OGNUSDT"",""S"":""Sell"",""v"":""4000"",""p"":""0.043096""}"
2026-10-09T06:40:24.139989Z,1791528023732,STRKUSDT,Sell,884.7,0.06936,"{""T"":1791528023732,""s"":""STRKUSDT"",""S"":""Sell"",""v"":""884.7"",""p"":""0.06936""}"
2026-10-09T06:40:24.489885Z,1791528023976,USUSDT,Sell,4330,0.021680,"{""T"":1791528023976,""s"":""USUSDT"",""S"":""Sell"",""v"":""4330"",""p"":""0.021680""}"
2026-10-09T06:40:24.500044Z,1791528024105,RLCUSDT,Sell,12.0,1.4551,"{""T"":1791528024105,""s"":""RLCUSDT"",""S"":""Sell"",""v"":""12.0"",""p"":""1.4551""}"
2026-10-09T06:40:24.828628Z,1791528024527,FARTCOINUSDT,Buy,500,0.16413,"{""T"":1791528024527,""s"":""FARTCOINUSDT"",""S"":""Buy"",""v"":""500"",""p"":""0.16413""}"
2026-10-09T06:40:25.000533Z,1791528024465,RLCUSDT,Sell,3.3,1.4615,"{""T"":1791528024465,""s"":""RLCUSDT"",""S"":""Sell"",""v"":""3.3"",""p"":""1.4615""}"
2026-10-09T06:40:25.000533Z,1791528024527,RLCUSDT,Sell,203.5,1.4654,"{""T"":1791528024527,""s"":""RLCUSDT"",""S"":""Sell"",""v"":""203.5"",""p"":""1.4654""}"
2026-10-09T06:40:25.000533Z,1791528024553,RLCUSDT,Sell,28.1,1.4593,"{""T"":1791528024553,""s"":""RLCUSDT"",""S"":""Sell"",""v"":""28.1"",""p"":""1.4593""}"
2026-10-09T06:40:25.000533Z,1791528024867,RLCUSDT,Sell,42.1,1.4635,"{""T"":1791528024867,""s"":""RLCUSDT"",""S"":""Sell"",""v"":""42.1"",""p"":""1.4635""}"
2026-10-09T06:40:25.000533Z,1791528024876,RLCUSDT,Sell,19.8,1.4672,"{""T"":1791528024876,""s"":""RLCUSDT"",""S"":""Sell"",""v"":""19.8"",""p"":""1.4672""}"
2026-10-09T06:40:25.500174Z,1791528024931,RLCUSDT,Sell,7065.9,1.4567,"{""T"":1791528024931,""s"":""RLCUSDT"",""S"":""Sell"",""v"":""7065.9"",""p"":""1.4567""}"
2026-10-09T06:40:25.500174Z,1791528024959,RLCUSDT,Sell,85.3,1.4633,"{""T"":1791528024959,""s"":""RLCUSDT"",""S"":""Sell"",""v"":""85.3"",""p"":""1.4633""}"
2026-10-09T06:40:25.500174Z,1791528025136,RLCUSDT,Sell,809.7,1.4660,"{""T"":1791528025136,""s"":""RLCUSDT"",""S"":""Sell"",""v"":""809.7"",""p"":""1.4660""}"
2026-10-09T06:40:25.500174Z,1791528025225,RLCUSDT,Sell,3.3,1.4615,"{""T"":1791528025225,""s"":""RLCUSDT"",""S"":""Sell"",""v"":""3.3"",""p"":""1.4615""}"
2026-10-09T06:40:25.500174Z,1791528025267,RLCUSDT,Sell,1124.1,1.4647,"{""T"":1791528025267,""s"":""RLCUSDT"",""S"":""Sell"",""v"":""1124.1"",""p"":""1.4647""}"
2026-10-09T06:40:25.500174Z,1791528025272,RLCUSDT,Sell,281.5,1.4643,"{""T"":1791528025272,""s"":""RLCUSDT"",""S"":""Sell"",""v"":""281.5"",""p"":""1.4643""}"
2026-10-09T06:40:25.500174Z,1791528025278,RLCUSDT,Sell,73.6,1.4651,"{""T"":1791528025278,""s"":""RLCUSDT"",""S"":""Sell"",""v"":""73.6"",""p"":""1.4651""}"
2026-10-09T06:40:25.500174Z,1791528025307,RLCUSDT,Sell,88.3,1.4642,"{""T"":1791528025307,""s"":""RLCUSDT"",""S"":""Sell"",""v"":""88.3"",""p"":""1.4642""}"
2026-10-09T06:40:25.500174Z,1791528025320,RLCUSDT,Sell,114.7,1.4657,"{""T"":1791528025320,""s"":""RLCUSDT"",""S"":""Sell"",""v"":""114.7"",""p"":""1.4657""}"
2026-10-09T06:40:25.500174Z,1791528025321,RLCUSDT,Sell,1819.9,1.4663,"{""T"":1791528025321,""s"":""RLCUSDT"",""S"":""Sell"",""v"":""1819.9"",""p"":""1.4663""}"
2026-10-09T06:40:25.999913Z,1791528025416,RLCUSDT,Sell,65.5,1.4677,"{""T"":1791528025416,""s"":""RLCUSDT"",""S"":""Sell"",""v"":""65.5"",""p"":""1.4677""}"
2026-10-09T06:40:26.500338Z,1791528025915,RLCUSDT,Sell,112.9,1.4684,"{""T"":1791528025915,""s"":""RLCUSDT"",""S"":""Sell"",""v"":""112.9"",""p"":""1.4684""}"
2026-10-09T06:40:26.500338Z,1791528025935,RLCUSDT,Sell,1146.8,1.4680,"{""T"":1791528025935,""s"":""RLCUSDT"",""S"":""Sell"",""v"":""1146.8"",""p"":""1.4680""}"
2026-10-09T06:40:26.500338Z,1791528026284,RLCUSDT,Sell,162.5,1.4919,"{""T"":1791528026284,""s"":""RLCUSDT"",""S"":""Sell"",""v"":""162.5"",""p"":""1.4919""}"
2026-10-09T06:40:26.500338Z,1791528026311,RLCUSDT,Sell,12.2,1.4716,"{""T"":1791528026311,""s"":""RLCUSDT"",""S"":""Sell"",""v"":""12.2"",""p"":""1.4716""}"
2026-10-09T06:40:26.500338Z,1791528026408,RLCUSDT,Sell,3404.9,1.4754,"{""T"":1791528026408,""s"":""RLCUSDT"",""S"":""Sell"",""v"":""3404.9"",""p"":""1.4754""}"
2026-10-09T06:40:27.000251Z,1791528026423,RLCUSDT,Sell,72.2,1.4931,"{""T"":1791528026423,""s"":""RLCUSDT"",""S"":""Sell"",""v"":""72.2"",""p"":""1.4931""}"
2026-10-09T06:40:27.000251Z,1791528026491,RLCUSDT,Sell,115.5,1.4748,"{""T"":1791528026491,""s"":""RLCUSDT"",""S"":""Sell"",""v"":""115.5"",""p"":""1.4748""}"
2026-10-09T06:40:27.000251Z,1791528026555,RLCUSDT,Sell,109.4,1.4874,"{""T"":1791528026555,""s"":""RLCUSDT"",""S"":""Sell"",""v"":""109.4"",""p"":""1.4874""}"
2026-10-09T06:40:27.000251Z,1791528026582,RLCUSDT,Sell,81.2,1.4713,"{""T"":1791528026582,""s"":""RLCUSDT"",""S"":""Sell"",""v"":""81.2"",""p"":""1.4713""}"
2026-10-09T06:40:27.000251Z,1791528026657,RLCUSDT,Sell,863.4,1.4896,"{""T"":1791528026657,""s"":""RLCUSDT"",""S"":""Sell"",""v"":""863.4"",""p"":""1.4896""}"
2026-10-09T06:40:27.000251Z,1791528026668,RLCUSDT,Sell,246.5,1.4786,"{""T"":1791528026668,""s"":""RLCUSDT"",""S"":""Sell"",""v"":""246.5"",""p"":""1.4786""}"
2026-10-09T06:40:27.000251Z,1791528026720,RLCUSDT,Sell,30.5,1.4735,"{""T"":1791528026720,""s"":""RLCUSDT"",""S"":""Sell"",""v"":""30.5"",""p"":""1.4735""}"
2026-10-09T06:40:27.000251Z,1791528026723,RLCUSDT,Sell,284.2,1.4911,"{""T"":1791528026723,""s"":""RLCUSDT"",""S"":""Sell"",""v"":""284.2"",""p"":""1.4911""}"
2026-10-09T06:40:27.000251Z,1791528026784,RLCUSDT,Sell,3431.4,1.4912,"{""T"":1791528026784,""s"":""RLCUSDT"",""S"":""Sell"",""v"":""3431.4"",""p"":""1.4912""}"
2026-10-09T06:40:27.000251Z,1791528026786,RLCUSDT,Sell,1820.5,1.4804,"{""T"":1791528026786,""s"":""RLCUSDT"",""S"":""Sell"",""v"":""1820.5"",""p"":""1.4804""}"
2026-10-09T06:40:27.000251Z,1791528026910,RLCUSDT,Sell,1.5,1.4723,"{""T"":1791528026910,""s"":""RLCUSDT"",""S"":""Sell"",""v"":""1.5"",""p"":""1.4723""}"
2026-10-09T06:40:27.500048Z,1791528026917,RLCUSDT,Sell,81.1,1.4896,"{""T"":1791528026917,""s"":""RLCUSDT"",""S"":""Sell"",""v"":""81.1"",""p"":""1.4896""}"
2026-10-09T06:40:27.500048Z,1791528026952,RLCUSDT,Sell,65.4,1.4830,"{""T"":1791528026952,""s"":""RLCUSDT"",""S"":""Sell"",""v"":""65.4"",""p"":""1.4830""}"
2026-10-09T06:40:27.500048Z,1791528026966,RLCUSDT,Sell,116.9,1.4697,"{""T"":1791528026966,""s"":""RLCUSDT"",""S"":""Sell"",""v"":""116.9"",""p"":""1.4697""}"
2026-10-09T06:40:27.500048Z,1791528026998,RLCUSDT,Sell,13.1,1.4836,"{""T"":1791528026998,""s"":""RLCUSDT"",""S"":""Sell"",""v"":""13.1"",""p"":""1.4836""}"
2026-10-09T06:40:27.500048Z,1791528027067,RLCUSDT,Sell,1692.9,1.4758,"{""T"":1791528027067,""s"":""RLCUSDT"",""S"":""Sell"",""v"":""1692.9"",""p"":""1.4758""}"
2026-10-09T06:40:27.500048Z,1791528027079,RLCUSDT,Sell,89.5,1.4888,"{""T"":1791528027079,""s"":""RLCUSDT"",""S"":""Sell"",""v"":""89.5"",""p"":""1.4888""}"
2026-10-09T06:40:27.500048Z,1791528027184,RLCUSDT,Sell,3667.6,1.4836,"{""T"":1791528027184,""s"":""RLCUSDT"",""S"":""Sell"",""v"":""3667.6"",""p"":""1.4836""}"
2026-10-09T06:40:27.500048Z,1791528027196,RLCUSDT,Sell,433.0,1.4848,"{""T"":1791528027196,""s"":""RLCUSDT"",""S"":""Sell"",""v"":""433.0"",""p"":""1.4848""}"
2026-10-09T06:40:27.500048Z,1791528027254,RLCUSDT,Sell,83.7,1.4846,"{""T"":1791528027254,""s"":""RLCUSDT"",""S"":""Sell"",""v"":""83.7"",""p"":""1.4846""}"
2026-10-09T06:40:27.500048Z,1791528027269,RLCUSDT,Sell,171.8,1.4870,"{""T"":1791528027269,""s"":""RLCUSDT"",""S"":""Sell"",""v"":""171.8"",""p"":""1.4870""}"
2026-10-09T06:40:27.918117Z,1791528027560,ZECUSDT,Buy,0.10,1214.22,"{""T"":1791528027560,""s"":""ZECUSDT"",""S"":""Buy"",""v"":""0.10"",""p"":""1214.22""}"
2026-10-09T06:40:27.959150Z,1791528027560,QNTUSDT,Sell,0.50,249.86,"{""T"":1791528027560,""s"":""QNTUSDT"",""S"":""Sell"",""v"":""0.50"",""p"":""249.86""}"
2026-10-09T06:40:28.000326Z,1791528027560,RLCUSDT,Sell,200.0,1.5028,"{""T"":1791528027560,""s"":""RLCUSDT"",""S"":""Sell"",""v"":""200.0"",""p"":""1.5028""}"
2026-10-09T06:40:28.000326Z,1791528027736,RLCUSDT,Sell,5.6,1.5014,"{""T"":1791528027736,""s"":""RLCUSDT"",""S"":""Sell"",""v"":""5.6"",""p"":""1.5014""}"
2026-10-09T06:40:28.000326Z,1791528027822,RLCUSDT,Sell,200.0,1.4956,"{""T"":1791528027822,""s"":""RLCUSDT"",""S"":""Sell"",""v"":""200.0"",""p"":""1.4956""}"
2026-10-09T06:40:28.500309Z,1791528027925,RLCUSDT,Sell,559.3,1.5012,"{""T"":1791528027925,""s"":""RLCUSDT"",""S"":""Sell"",""v"":""559.3"",""p"":""1.5012""}"
2026-10-09T06:40:28.500309Z,1791528028297,RLCUSDT,Sell,413.3,1.5009,"{""T"":1791528028297,""s"":""RLCUSDT"",""S"":""Sell"",""v"":""413.3"",""p"":""1.5009""}"
2026-10-09T06:40:28.500309Z,1791528028365,RLCUSDT,Sell,40.8,1.5028,"{""T"":1791528028365,""s"":""RLCUSDT"",""S"":""Sell"",""v"":""40.8"",""p"":""1.5028""}"
2026-10-09T06:40:28.500309Z,1791528028369,RLCUSDT,Sell,525.6,1.5006,"{""T"":1791528028369,""s"":""RLCUSDT"",""S"":""Sell"",""v"":""525.6"",""p"":""1.5006""}"
2026-10-09T06:40:28.862576Z,1791528028365,GRAMUSDT,Buy,220.6,1.3960,"{""T"":1791528028365,""s"":""GRAMUSDT"",""S"":""Buy"",""v"":""220.6"",""p"":""1.3960""}"
2026-10-09T06:40:32.000134Z,1791528031478,RLCUSDT,Sell,7.2,1.5022,"{""T"":1791528031478,""s"":""RLCUSDT"",""S"":""Sell"",""v"":""7.2"",""p"":""1.5022""}"
2026-10-09T06:40:32.000134Z,1791528031535,RLCUSDT,Sell,20.4,1.5080,"{""T"":1791528031535,""s"":""RLCUSDT"",""S"":""Sell"",""v"":""20.4"",""p"":""1.5080""}"
2026-10-09T06:40:32.000134Z,1791528031770,RLCUSDT,Sell,12.6,1.5060,"{""T"":1791528031770,""s"":""RLCUSDT"",""S"":""Sell"",""v"":""12.6"",""p"":""1.5060""}"
2026-10-09T06:40:32.500175Z,1791528032393,RLCUSDT,Sell,690.3,1.5055,"{""T"":1791528032393,""s"":""RLCUSDT"",""S"":""Sell"",""v"":""690.3"",""p"":""1.5055""}"
2026-10-09T06:40:32.500175Z,1791528032393,RLCUSDT,Sell,318.5,1.5120,"{""T"":1791528032393,""s"":""RLCUSDT"",""S"":""Sell"",""v"":""318.5"",""p"":""1.5120""}"
2026-10-09T06:40:32.989927Z,1791528032811,BTWUSDT,Sell,680,1.56437,"{""T"":1791528032811,""s"":""BTWUSDT"",""S"":""Sell"",""v"":""680"",""p"":""1.56437""}"
2026-10-09T06:40:32.999840Z,1791528032423,RLCUSDT,Sell,5600.0,1.5146,"{""T"":1791528032423,""s"":""RLCUSDT"",""S"":""Sell"",""v"":""5600.0"",""p"":""1.5146""}"
2026-10-09T06:40:32.999840Z,1791528032456,RLCUSDT,Sell,639.8,1.5015,"{""T"":1791528032456,""s"":""RLCUSDT"",""S"":""Sell"",""v"":""639.8"",""p"":""1.5015""}"
2026-10-09T06:40:32.999840Z,1791528032566,RLCUSDT,Sell,52.3,1.5093,"{""T"":1791528032566,""s"":""RLCUSDT"",""S"":""Sell"",""v"":""52.3"",""p"":""1.5093""}"
2026-10-09T06:40:32.999840Z,1791528032750,RLCUSDT,Sell,109.0,1.5141,"{""T"":1791528032750,""s"":""RLCUSDT"",""S"":""Sell"",""v"":""109.0"",""p"":""1.5141""}"
2026-10-09T06:40:32.999840Z,1791528032768,RLCUSDT,Sell,169.0,1.5108,"{""T"":1791528032768,""s"":""RLCUSDT"",""S"":""Sell"",""v"":""169.0"",""p"":""1.5108""}"
2026-10-09T06:40:32.999840Z,1791528032811,RLCUSDT,Sell,3774.7,1.5133,"{""T"":1791528032811,""s"":""RLCUSDT"",""S"":""Sell"",""v"":""3774.7"",""p"":""1.5133""}"
2026-10-09T06:40:32.999840Z,1791528032819,RLCUSDT,Sell,3267.0,1.5094,"{""T"":1791528032819,""s"":""RLCUSDT"",""S"":""Sell"",""v"":""3267.0"",""p"":""1.5094""}"
2026-10-09T06:40:33.329034Z,1791528032819,FARTCOINUSDT,Buy,4306,0.16433,"{""T"":1791528032819,""s"":""FARTCOINUSDT"",""S"":""Buy"",""v"":""4306"",""p"":""0.16433""}"
2026-10-09T06:40:33.500235Z,1791528033159,RLCUSDT,Sell,3397.2,1.5090,"{""T"":1791528033159,""s"":""RLCUSDT"",""S"":""Sell"",""v"":""3397.2"",""p"":""1.5090""}"
2026-10-09T06:40:33.500235Z,1791528033276,RLCUSDT,Sell,327.4,1.5123,"{""T"":1791528033276,""s"":""RLCUSDT"",""S"":""Sell"",""v"":""327.4"",""p"":""1.5123""}"
2026-10-09T06:41:09.459189Z,1791528068932,ETHUSDT,Sell,0.20,2508.93,"{""T"":1791528068932,""s"":""ETHUSDT"",""S"":""Sell"",""v"":""0.20"",""p"":""2508.93""}"
2026-10-09T06:41:12.959152Z,1791528072870,QNTUSDT,Buy,0.78,243.67,"{""T"":1791528072870,""s"":""QNTUSDT"",""S"":""Buy"",""v"":""0.78"",""p"":""243.67""}"
2026-10-09T06:41:54.533948Z,1791528113859,NEARUSDT,Sell,131.0,4.8930,"{""T"":1791528113859,""s"":""NEARUSDT"",""S"":""Sell"",""v"":""131.0"",""p"":""4.8930""}"
2026-10-09T06:43:23.840746Z,1791528203312,AAVEUSDT,Buy,0.23,167.44,"{""T"":1791528203312,""s"":""AAVEUSDT"",""S"":""Buy"",""v"":""0.23"",""p"":""167.44""}"
2026-10-09T06:44:21.335606Z,1791528260944,JCTUSDT,Sell,20300,0.0024850,"{""T"":1791528260944,""s"":""JCTUSDT"",""S"":""Sell"",""v"":""20300"",""p"":""0.0024850""}"
2026-10-09T06:44:23.999384Z,1791528263445,RLCUSDT,Buy,432.5,1.3609,"{""T"":1791528263445,""s"":""RLCUSDT"",""S"":""Buy"",""v"":""432.5"",""p"":""1.3609""}"
2026-10-09T06:44:24.499578Z,1791528264329,RLCUSDT,Buy,4.7,1.3520,"{""T"":1791528264329,""s"":""RLCUSDT"",""S"":""Buy"",""v"":""4.7"",""p"":""1.3520""}"
2026-10-09T06:44:24.999844Z,1791528264693,RLCUSDT,Buy,72.0,1.3534,"{""T"":1791528264693,""s"":""RLCUSDT"",""S"":""Buy"",""v"":""72.0"",""p"":""1.3534""}"
2026-10-09T06:44:24.999844Z,1791528264705,RLCUSDT,Buy,98.7,1.3345,"{""T"":1791528264705,""s"":""RLCUSDT"",""S"":""Buy"",""v"":""98.7"",""p"":""1.3345""}"
2026-10-09T06:44:24.999844Z,1791528264759,RLCUSDT,Buy,182.8,1.3540,"{""T"":1791528264759,""s"":""RLCUSDT"",""S"":""Buy"",""v"":""182.8"",""p"":""1.3540""}"
2026-10-09T06:44:24.999844Z,1791528264792,RLCUSDT,Buy,1353.4,1.3531,"{""T"":1791528264792,""s"":""RLCUSDT"",""S"":""Buy"",""v"":""1353.4"",""p"":""1.3531""}"
2026-10-09T06:44:25.499685Z,1791528264913,RLCUSDT,Buy,68.3,1.3513,"{""T"":1791528264913,""s"":""RLCUSDT"",""S"":""Buy"",""v"":""68.3"",""p"":""1.3513""}"
2026-10-09T06:44:25.499685Z,1791528264935,RLCUSDT,Buy,16.9,1.3514,"{""T"":1791528264935,""s"":""RLCUSDT"",""S"":""Buy"",""v"":""16.9"",""p"":""1.3514""}"
2026-10-09T06:44:25.499685Z,1791528265093,RLCUSDT,Buy,204.6,1.3352,"{""T"":1791528265093,""s"":""RLCUSDT"",""S"":""Buy"",""v"":""204.6"",""p"":""1.3352""}"
2026-10-09T06:44:26.999656Z,1791528266519,RLCUSDT,Buy,18.0,1.3248,"{""T"":1791528266519,""s"":""RLCUSDT"",""S"":""Buy"",""v"":""18.0"",""p"":""1.3248""}"
2026-10-09T06:44:26.999656Z,1791528266832,RLCUSDT,Buy,9.9,1.3192,"{""T"":1791528266832,""s"":""RLCUSDT"",""S"":""Buy"",""v"":""9.9"",""p"":""1.3192""}"
2026-10-09T06:44:26.999656Z,1791528266876,RLCUSDT,Buy,294.8,1.3291,"{""T"":1791528266876,""s"":""RLCUSDT"",""S"":""Buy"",""v"":""294.8"",""p"":""1.3291""}"
2026-10-09T06:44:27.069709Z,1791528266519,BTCUSDT,Buy,0.001,82315.10,"{""T"":1791528266519,""s"":""BTCUSDT"",""S"":""Buy"",""v"":""0.001"",""p"":""82315.10""}"
2026-10-09T06:44:27.499594Z,1791528267251,RLCUSDT,Buy,7.4,1.3214,"{""T"":1791528267251,""s"":""RLCUSDT"",""S"":""Buy"",""v"":""7.4"",""p"":""1.3214""}"
2026-10-09T06:44:52.990136Z,1791528292896,USUSDT,Sell,9980,0.022250,"{""T"":1791528292896,""s"":""USUSDT"",""S"":""Sell"",""v"":""9980"",""p"":""0.022250""}"
2026-10-09T06:44:53.490058Z,1791528292948,USUSDT,Sell,11030,0.022270,"{""T"":1791528292948,""s"":""USUSDT"",""S"":""Sell"",""v"":""11030"",""p"":""0.022270""}"
2026-10-09T06:44:53.490058Z,1791528293096,USUSDT,Sell,500,0.022240,"{""T"":1791528293096,""s"":""USUSDT"",""S"":""Sell"",""v"":""500"",""p"":""0.022240""}"
2026-10-09T06:44:55.489961Z,1791528294958,USUSDT,Sell,980,0.022300,"{""T"":1791528294958,""s"":""USUSDT"",""S"":""Sell"",""v"":""980"",""p"":""0.022300""}"
2026-10-09T06:45:30.459385Z,1791528329884,QNTUSDT,Sell,3.32,248.21,"{""T"":1791528329884,""s"":""QNTUSDT"",""S"":""Sell"",""v"":""3.32"",""p"":""248.21""}"
2026-10-09T06:46:03.068812Z,1791528362949,BTCUSDT,Sell,0.002,82872.10,"{""T"":1791528362949,""s"":""BTCUSDT"",""S"":""Sell"",""v"":""0.002"",""p"":""82872.10""}"
2026-10-09T06:46:03.568993Z,1791528363218,BTCUSDT,Sell,0.006,82856.70,"{""T"":1791528363218,""s"":""BTCUSDT"",""S"":""Sell"",""v"":""0.006"",""p"":""82856.70""}"
2026-10-09T06:46:03.568993Z,1791528363229,BTCUSDT,Sell,0.065,82858.80,"{""T"":1791528363229,""s"":""BTCUSDT"",""S"":""Sell"",""v"":""0.065"",""p"":""82858.80""}"
2026-10-09T06:46:03.959614Z,1791528363703,ETHUSDT,Sell,2.06,2508.42,"{""T"":1791528363703,""s"":""ETHUSDT"",""S"":""Sell"",""v"":""2.06"",""p"":""2508.42""}"
2026-10-09T06:46:04.069705Z,1791528363703,BTCUSDT,Sell,0.102,82875.80,"{""T"":1791528363703,""s"":""BTCUSDT"",""S"":""Sell"",""v"":""0.102"",""p"":""82875.80""}"
2026-10-09T06:46:04.069705Z,1791528363728,BTCUSDT,Sell,0.025,82869.10,"{""T"":1791528363728,""s"":""BTCUSDT"",""S"":""Sell"",""v"":""0.025"",""p"":""82869.10""}"
2026-10-09T06:46:05.068631Z,1791528364547,BTCUSDT,Sell,0.071,82882.90,"{""T"":1791528364547,""s"":""BTCUSDT"",""S"":""Sell"",""v"":""0.071"",""p"":""82882.90""}"
2026-10-09T06:46:05.331830Z,1791528365050,LONGXIAUSDT,Sell,10949,0.0509,"{""T"":1791528365050,""s"":""LONGXIAUSDT"",""S"":""Sell"",""v"":""10949"",""p"":""0.0509""}"
2026-10-09T06:46:05.489889Z,1791528365050,USUSDT,Sell,130770,0.022380,"{""T"":1791528365050,""s"":""USUSDT"",""S"":""Sell"",""v"":""130770"",""p"":""0.022380""}"
2026-10-09T06:46:05.568940Z,1791528365050,BTCUSDT,Sell,0.026,82889.10,"{""T"":1791528365050,""s"":""BTCUSDT"",""S"":""Sell"",""v"":""0.026"",""p"":""82889.10""}"
2026-10-09T06:46:05.568940Z,1791528365439,BTCUSDT,Sell,0.002,82885.80,"{""T"":1791528365439,""s"":""BTCUSDT"",""S"":""Sell"",""v"":""0.002"",""p"":""82885.80""}"
2026-10-09T06:46:24.999556Z,1791528384573,RLCUSDT,Buy,139.4,1.2910,"{""T"":1791528384573,""s"":""RLCUSDT"",""S"":""Buy"",""v"":""139.4"",""p"":""1.2910""}"
2026-10-09T06:46:24.999556Z,1791528384841,RLCUSDT,Buy,776.3,1.2906,"{""T"":1791528384841,""s"":""RLCUSDT"",""S"":""Buy"",""v"":""776.3"",""p"":""1.2906""}"
2026-10-09T06:46:25.499284Z,1791528385146,RLCUSDT,Buy,17.5,1.3000,"{""T"":1791528385146,""s"":""RLCUSDT"",""S"":""Buy"",""v"":""17.5"",""p"":""1.3000""}"
2026-10-09T06:46:26.999423Z,1791528386463,RLCUSDT,Buy,7.0,1.2817,"{""T"":1791528386463,""s"":""RLCUSDT"",""S"":""Buy"",""v"":""7.0"",""p"":""1.2817""}"
2026-10-09T06:46:27.499776Z,1791528387038,RLCUSDT,Buy,281.0,1.2806,"{""T"":1791528387038,""s"":""RLCUSDT"",""S"":""Buy"",""v"":""281.0"",""p"":""1.2806""}"
2026-10-09T06:46:27.499776Z,1791528387375,RLCUSDT,Buy,70.2,1.2813,"{""T"":1791528387375,""s"":""RLCUSDT"",""S"":""Buy"",""v"":""70.2"",""p"":""1.2813""}"
2026-10-09T06:46:36.999532Z,1791528396847,RLCUSDT,Buy,1453.5,1.2779,"{""T"":1791528396847,""s"":""RLCUSDT"",""S"":""Buy"",""v"":""1453.5"",""p"":""1.2779""}"
2026-10-09T06:46:37.499506Z,1791528397377,RLCUSDT,Buy,12.7,1.2750,"{""T"":1791528397377,""s"":""RLCUSDT"",""S"":""Buy"",""v"":""12.7"",""p"":""1.2750""}"
2026-10-09T06:46:40.499424Z,1791528400011,RLCUSDT,Buy,176.5,1.2654,"{""T"":1791528400011,""s"":""RLCUSDT"",""S"":""Buy"",""v"":""176.5"",""p"":""1.2654""}"
2026-10-09T06:46:53.499650Z,1791528413295,RLCUSDT,Buy,53.9,1.2375,"{""T"":1791528413295,""s"":""RLCUSDT"",""S"":""Buy"",""v"":""53.9"",""p"":""1.2375""}"
2026-10-09T06:46:53.499650Z,1791528413346,RLCUSDT,Buy,171.9,1.2204,"{""T"":1791528413346,""s"":""RLCUSDT"",""S"":""Buy"",""v"":""171.9"",""p"":""1.2204""}"
2026-10-09T06:46:53.999511Z,1791528413653,RLCUSDT,Buy,254.7,1.2481,"{""T"":1791528413653,""s"":""RLCUSDT"",""S"":""Buy"",""v"":""254.7"",""p"":""1.2481""}"
2026-10-09T06:46:53.999511Z,1791528413701,RLCUSDT,Buy,46.9,1.2311,"{""T"":1791528413701,""s"":""RLCUSDT"",""S"":""Buy"",""v"":""46.9"",""p"":""1.2311""}"
2026-10-09T06:46:53.999511Z,1791528413768,RLCUSDT,Buy,25.8,1.2209,"{""T"":1791528413768,""s"":""RLCUSDT"",""S"":""Buy"",""v"":""25.8"",""p"":""1.2209""}"
2026-10-09T06:46:53.999511Z,1791528413823,RLCUSDT,Buy,20.0,1.2124,"{""T"":1791528413823,""s"":""RLCUSDT"",""S"":""Buy"",""v"":""20.0"",""p"":""1.2124""}"
2026-10-09T06:46:53.999511Z,1791528413910,RLCUSDT,Buy,660.8,1.2438,"{""T"":1791528413910,""s"":""RLCUSDT"",""S"":""Buy"",""v"":""660.8"",""p"":""1.2438""}"
2026-10-09T06:46:54.500028Z,1791528413927,RLCUSDT,Buy,21.8,1.2286,"{""T"":1791528413927,""s"":""RLCUSDT"",""S"":""Buy"",""v"":""21.8"",""p"":""1.2286""}"
2026-10-09T06:46:54.500028Z,1791528413937,RLCUSDT,Buy,1041.1,1.2538,"{""T"":1791528413937,""s"":""RLCUSDT"",""S"":""Buy"",""v"":""1041.1"",""p"":""1.2538""}"
2026-10-09T06:46:54.500028Z,1791528414049,RLCUSDT,Buy,191.0,1.2179,"{""T"":1791528414049,""s"":""RLCUSDT"",""S"":""Buy"",""v"":""191.0"",""p"":""1.2179""}"
2026-10-09T06:46:54.500028Z,1791528414170,RLCUSDT,Buy,11.7,1.2298,"{""T"":1791528414170,""s"":""RLCUSDT"",""S"":""Buy"",""v"":""11.7"",""p"":""1.2298""}"
2026-10-09T06:46:54.500028Z,1791528414194,RLCUSDT,Buy,8640.0,1.2439,"{""T"":1791528414194,""s"":""RLCUSDT"",""S"":""Buy"",""v"":""8640.0"",""p"":""1.2439""}"
2026-10-09T06:47:27.490807Z,1791528447086,USUSDT,Sell,21240,0.022440,"{""T"":1791528447086,""s"":""USUSDT"",""S"":""Sell"",""v"":""21240"",""p"":""0.022440""}"
2026-10-09T06:47:31.990800Z,1791528451603,USUSDT,Sell,162860,0.022530,"{""T"":1791528451603,""s"":""USUSDT"",""S"":""Sell"",""v"":""162860"",""p"":""0.022530""}"
2026-10-09T06:48:26.494000Z,1791528506330,ZROUSDT,Buy,221.1,2.0596,"{""T"":1791528506330,""s"":""ZROUSDT"",""S"":""Buy"",""v"":""221.1"",""p"":""2.0596""}"
2026-10-09T06:49:21.643497Z,1791528561126,STRKUSDT,Sell,1534.9,0.06951,"{""T"":1791528561126,""s"":""STRKUSDT"",""S"":""Sell"",""v"":""1534.9"",""p"":""0.06951""}"
2026-10-09T06:49:27.999973Z,1791528567734,RLCUSDT,Sell,44.3,1.3172,"{""T"":1791528567734,""s"":""RLCUSDT"",""S"":""Sell"",""v"":""44.3"",""p"":""1.3172""}"
2026-10-09T06:49:30.499970Z,1791528570264,RLCUSDT,Sell,249.8,1.3217,"{""T"":1791528570264,""s"":""RLCUSDT"",""S"":""Sell"",""v"":""249.8"",""p"":""1.3217""}"
2026-10-09T06:51:11.999866Z,1791528671412,RLCUSDT,Sell,261.6,1.3414,"{""T"":1791528671412,""s"":""RLCUSDT"",""S"":""Sell"",""v"":""261.6"",""p"":""1.3414""}"
2026-10-09T06:51:51.459408Z,1791528711317,QNTUSDT,Sell,0.44,249.70,"{""T"":1791528711317,""s"":""QNTUSDT"",""S"":""Sell"",""v"":""0.44"",""p"":""249.70""}"
2026-10-09T06:52:19.317086Z,1791528738737,PUMPFUNUSDT,Sell,12300,0.0057170,"{""T"":1791528738737,""s"":""PUMPFUNUSDT"",""S"":""Sell"",""v"":""12300"",""p"":""0.0057170""}"
2026-10-09T06:53:05.141567Z,1791528784551,OGNUSDT,Sell,358,0.043584,"{""T"":1791528784551,""s"":""OGNUSDT"",""S"":""Sell"",""v"":""358"",""p"":""0.043584""}"
2026-10-09T06:53:09.499520Z,1791528789331,RLCUSDT,Buy,56.4,1.2155,"{""T"":1791528789331,""s"":""RLCUSDT"",""S"":""Buy"",""v"":""56.4"",""p"":""1.2155""}"
2026-10-09T06:53:09.999561Z,1791528789555,RLCUSDT,Buy,1015.8,1.2156,"{""T"":1791528789555,""s"":""RLCUSDT"",""S"":""Buy"",""v"":""1015.8"",""p"":""1.2156""}"
2026-10-09T06:53:10.499693Z,1791528790250,RLCUSDT,Buy,500.0,1.2134,"{""T"":1791528790250,""s"":""RLCUSDT"",""S"":""Buy"",""v"":""500.0"",""p"":""1.2134""}"
2026-10-09T06:53:11.499591Z,1791528791154,RLCUSDT,Buy,7.6,1.2099,"{""T"":1791528791154,""s"":""RLCUSDT"",""S"":""Buy"",""v"":""7.6"",""p"":""1.2099""}"
2026-10-09T06:53:13.990045Z,1791528793442,USUSDT,Sell,45600,0.022630,"{""T"":1791528793442,""s"":""USUSDT"",""S"":""Sell"",""v"":""45600"",""p"":""0.022630""}"
2026-10-09T06:54:35.138710Z,1791528874809,AKEUSDT,Buy,1800,0.0267620,"{""T"":1791528874809,""s"":""AKEUSDT"",""S"":""Buy"",""v"":""1800"",""p"":""0.0267620""}"
2026-10-09T06:57:37.816095Z,1791529057466,PUMPFUNUSDT,Sell,17000,0.0057200,"{""T"":1791529057466,""s"":""PUMPFUNUSDT"",""S"":""Sell"",""v"":""17000"",""p"":""0.0057200""}"
2026-10-09T06:57:37.917390Z,1791529057466,ARBUSDT,Buy,300.0,0.17657,"{""T"":1791529057466,""s"":""ARBUSDT"",""S"":""Buy"",""v"":""300.0"",""p"":""0.17657""}"
2026-10-09T06:57:38.362464Z,1791529057908,APTUSDT,Buy,91.09,0.8070,"{""T"":1791529057908,""s"":""APTUSDT"",""S"":""Buy"",""v"":""91.09"",""p"":""0.8070""}"
2026-10-09T06:57:59.638855Z,1791529079477,OGNUSDT,Sell,593,0.043722,"{""T"":1791529079477,""s"":""OGNUSDT"",""S"":""Sell"",""v"":""593"",""p"":""0.043722""}"
2026-10-09T06:58:02.638573Z,1791529082544,OGNUSDT,Sell,2109,0.043763,"{""T"":1791529082544,""s"":""OGNUSDT"",""S"":""Sell"",""v"":""2109"",""p"":""0.043763""}"
2026-10-09T06:58:10.638682Z,1791529090098,OGNUSDT,Sell,8850,0.044101,"{""T"":1791529090098,""s"":""OGNUSDT"",""S"":""Sell"",""v"":""8850"",""p"":""0.044101""}"
2026-10-09T06:58:10.638682Z,1791529090246,OGNUSDT,Sell,14576,0.044059,"{""T"":1791529090246,""s"":""OGNUSDT"",""S"":""Sell"",""v"":""14576"",""p"":""0.044059""}"
2026-10-09T06:58:20.862670Z,1791529100650,APTUSDT,Buy,23.84,0.8054,"{""T"":1791529100650,""s"":""APTUSDT"",""S"":""Buy"",""v"":""23.84"",""p"":""0.8054""}"
2026-10-09T06:58:25.138545Z,1791529104892,STRKUSDT,Buy,375.2,0.06681,"{""T"":1791529104892,""s"":""STRKUSDT"",""S"":""Buy"",""v"":""375.2"",""p"":""0.06681""}"
2026-10-09T06:59:15.499992Z,1791529154946,RLCUSDT,Sell,1197.0,1.3134,"{""T"":1791529154946,""s"":""RLCUSDT"",""S"":""Sell"",""v"":""1197.0"",""p"":""1.3134""}"
2026-10-09T06:59:19.351719Z,1791529158805,SANDUSDT,Buy,351,0.07013,"{""T"":1791529158805,""s"":""SANDUSDT"",""S"":""Buy"",""v"":""351"",""p"":""0.07013""}"
2026-10-09T07:02:00.000468Z,1791529319841,RLCUSDT,Sell,206.1,1.3164,"{""T"":1791529319841,""s"":""RLCUSDT"",""S"":""Sell"",""v"":""206.1"",""p"":""1.3164""}"
2026-10-09T07:02:00.999487Z,1791529320865,RLCUSDT,Sell,95.3,1.3178,"{""T"":1791529320865,""s"":""RLCUSDT"",""S"":""Sell"",""v"":""95.3"",""p"":""1.3178""}"
2026-10-09T07:02:01.499511Z,1791529321161,RLCUSDT,Sell,132.5,1.3198,"{""T"":1791529321161,""s"":""RLCUSDT"",""S"":""Sell"",""v"":""132.5"",""p"":""1.3198""}"
2026-10-09T07:02:01.999424Z,1791529321821,RLCUSDT,Sell,20.9,1.3229,"{""T"":1791529321821,""s"":""RLCUSDT"",""S"":""Sell"",""v"":""20.9"",""p"":""1.3229""}"
2026-10-09T07:02:57.138712Z,1791529376566,STRKUSDT,Sell,718.9,0.06993,"{""T"":1791529376566,""s"":""STRKUSDT"",""S"":""Sell"",""v"":""718.9"",""p"":""0.06993""}"
2026-10-09T07:03:58.828288Z,1791529438326,FARTCOINUSDT,Buy,206,0.16358,"{""T"":1791529438326,""s"":""FARTCOINUSDT"",""S"":""Buy"",""v"":""206"",""p"":""0.16358""}"
2026-10-09T07:04:04.019285Z,1791529443602,NEARUSDT,Buy,50.4,4.7860,"{""T"":1791529443602,""s"":""NEARUSDT"",""S"":""Buy"",""v"":""50.4"",""p"":""4.7860""}"
2026-10-09T07:05:25.459996Z,1791529524971,QNTUSDT,Buy,1.04,240.70,"{""T"":1791529524971,""s"":""QNTUSDT"",""S"":""Buy"",""v"":""1.04"",""p"":""240.70""}"
2026-10-09T07:05:25.959343Z,1791529525491,QNTUSDT,Buy,2.50,240.75,"{""T"":1791529525491,""s"":""QNTUSDT"",""S"":""Buy"",""v"":""2.50"",""p"":""240.75""}"
2026-10-09T07:05:36.519547Z,1791529536223,PYTHUSDT,Buy,5805,0.08332,"{""T"":1791529536223,""s"":""PYTHUSDT"",""S"":""Buy"",""v"":""5805"",""p"":""0.08332""}"
2026-10-09T07:05:47.328675Z,1791529546827,AEROUSDT,Buy,62,0.8011,"{""T"":1791529546827,""s"":""AEROUSDT"",""S"":""Buy"",""v"":""62"",""p"":""0.8011""}"
2026-10-09T07:06:30.000329Z,1791529589686,RLCUSDT,Sell,402.5,1.3278,"{""T"":1791529589686,""s"":""RLCUSDT"",""S"":""Sell"",""v"":""402.5"",""p"":""1.3278""}"
2026-10-09T07:06:30.000329Z,1791529589789,RLCUSDT,Sell,8.1,1.3267,"{""T"":1791529589789,""s"":""RLCUSDT"",""S"":""Sell"",""v"":""8.1"",""p"":""1.3267""}"
2026-10-09T07:06:30.499543Z,1791529590207,RLCUSDT,Sell,5.0,1.3277,"{""T"":1791529590207,""s"":""RLCUSDT"",""S"":""Sell"",""v"":""5.0"",""p"":""1.3277""}"
2026-10-09T07:06:31.499539Z,1791529591112,RLCUSDT,Sell,231.9,1.3302,"{""T"":1791529591112,""s"":""RLCUSDT"",""S"":""Sell"",""v"":""231.9"",""p"":""1.3302""}"
2026-10-09T07:07:56.991399Z,1791529676879,USUSDT,Sell,9180,0.022650,"{""T"":1791529676879,""s"":""USUSDT"",""S"":""Sell"",""v"":""9180"",""p"":""0.022650""}"
2026-10-09T07:08:16.141291Z,1791529695924,OGNUSDT,Buy,745,0.041037,"{""T"":1791529695924,""s"":""OGNUSDT"",""S"":""Buy"",""v"":""745"",""p"":""0.041037""}"
2026-10-09T07:08:25.332290Z,1791529704786,LONGXIAUSDT,Buy,189,0.0440,"{""T"":1791529704786,""s"":""LONGXIAUSDT"",""S"":""Buy"",""v"":""189"",""p"":""0.0440""}"
2026-10-09T07:10:47.503115Z,1791529847233,RLCUSDT,Sell,171.7,1.3388,"{""T"":1791529847233,""s"":""RLCUSDT"",""S"":""Sell"",""v"":""171.7"",""p"":""1.3388""}"
2026-10-09T07:10:52.499404Z,1791529852078,RLCUSDT,Sell,18.8,1.3427,"{""T"":1791529852078,""s"":""RLCUSDT"",""S"":""Sell"",""v"":""18.8"",""p"":""1.3427""}"
2026-10-09T07:10:52.999609Z,1791529852739,RLCUSDT,Sell,99.9,1.3472,"{""T"":1791529852739,""s"":""RLCUSDT"",""S"":""Sell"",""v"":""99.9"",""p"":""1.3472""}"
2026-10-09T07:11:03.639395Z,1791529863527,STRKUSDT,Sell,171.0,0.07003,"{""T"":1791529863527,""s"":""STRKUSDT"",""S"":""Sell"",""v"":""171.0"",""p"":""0.07003""}"
2026-10-09T07:11:29.138596Z,1791529888853,STRKUSDT,Sell,720.8,0.07011,"{""T"":1791529888853,""s"":""STRKUSDT"",""S"":""Sell"",""v"":""720.8"",""p"":""0.07011""}"
2026-10-09T07:11:32.138322Z,1791529891647,STRKUSDT,Sell,102015.7,0.07015,"{""T"":1791529891647,""s"":""STRKUSDT"",""S"":""Sell"",""v"":""102015.7"",""p"":""0.07015""}"
2026-10-09T07:11:33.138419Z,1791529893025,STRKUSDT,Sell,76395.1,0.07023,"{""T"":1791529893025,""s"":""STRKUSDT"",""S"":""Sell"",""v"":""76395.1"",""p"":""0.07023""}"
2026-10-09T07:11:33.638823Z,1791529893389,STRKUSDT,Sell,136.5,0.07024,"{""T"":1791529893389,""s"":""STRKUSDT"",""S"":""Sell"",""v"":""136.5"",""p"":""0.07024""}"
2026-10-09T07:12:11.363387Z,1791529931124,APTUSDT,Sell,138.91,0.8336,"{""T"":1791529931124,""s"":""APTUSDT"",""S"":""Sell"",""v"":""138.91"",""p"":""0.8336""}"
2026-10-09T07:12:15.638571Z,1791529935335,STRKUSDT,Sell,110.2,0.07062,"{""T"":1791529935335,""s"":""STRKUSDT"",""S"":""Sell"",""v"":""110.2"",""p"":""0.07062""}"
2026-10-09T07:12:15.917457Z,1791529935335,ZECUSDT,Sell,0.01,1234.47,"{""T"":1791529935335,""s"":""ZECUSDT"",""S"":""Sell"",""v"":""0.01"",""p"":""1234.47""}"
2026-10-09T07:12:27.138725Z,1791529946764,STRKUSDT,Sell,1128.1,0.07067,"{""T"":1791529946764,""s"":""STRKUSDT"",""S"":""Sell"",""v"":""1128.1"",""p"":""0.07067""}"
2026-10-09T07:13:08.638311Z,1791529988233,STRKUSDT,Sell,105988.8,0.07115,"{""T"":1791529988233,""s"":""STRKUSDT"",""S"":""Sell"",""v"":""105988.8"",""p"":""0.07115""}"
2026-10-09T07:13:09.138466Z,1791529988834,STRKUSDT,Sell,749.8,0.07120,"{""T"":1791529988834,""s"":""STRKUSDT"",""S"":""Sell"",""v"":""749.8"",""p"":""0.07120""}"
2026-10-09T07:13:09.638703Z,1791529989513,STRKUSDT,Sell,1000.0,0.07133,"{""T"":1791529989513,""s"":""STRKUSDT"",""S"":""Sell"",""v"":""1000.0"",""p"":""0.07133""}"
2026-10-09T07:13:10.068946Z,1791529989513,BTCUSDT,Buy,0.002,82280.50,"{""T"":1791529989513,""s"":""BTCUSDT"",""S"":""Buy"",""v"":""0.002"",""p"":""82280.50""}"
2026-10-09T07:13:10.638215Z,1791529990314,STRKUSDT,Sell,17354.8,0.07135,"{""T"":1791529990314,""s"":""STRKUSDT"",""S"":""Sell"",""v"":""17354.8"",""p"":""0.07135""}"
2026-10-09T07:13:12.638364Z,1791529992194,JTOUSDT,Sell,174.7,0.5383,"{""T"":1791529992194,""s"":""JTOUSDT"",""S"":""Sell"",""v"":""174.7"",""p"":""0.5383""}"
2026-10-09T07:13:14.139254Z,1791529993710,STRKUSDT,Sell,207.0,0.07148,"{""T"":1791529993710,""s"":""STRKUSDT"",""S"":""Sell"",""v"":""207.0"",""p"":""0.07148""}"
2026-10-09T07:13:16.138513Z,1791529996025,STRKUSDT,Sell,6505.7,0.07165,"{""T"":1791529996025,""s"":""STRKUSDT"",""S"":""Sell"",""v"":""6505.7"",""p"":""0.07165""}"
2026-10-09T07:13:16.639245Z,1791529996341,STRKUSDT,Sell,137548.9,0.07153,"{""T"":1791529996341,""s"":""STRKUSDT"",""S"":""Sell"",""v"":""137548.9"",""p"":""0.07153""}"
2026-10-09T07:13:17.638484Z,1791529997251,STRKUSDT,Sell,896.0,0.07175,"{""T"":1791529997251,""s"":""STRKUSDT"",""S"":""Sell"",""v"":""896.0"",""p"":""0.07175""}"
2026-10-09T07:13:24.138131Z,1791530003935,STRKUSDT,Sell,830.3,0.07183,"{""T"":1791530003935,""s"":""STRKUSDT"",""S"":""Sell"",""v"":""830.3"",""p"":""0.07183""}"
2026-10-09T07:13:24.638923Z,1791530004327,STRKUSDT,Sell,129.7,0.07188,"{""T"":1791530004327,""s"":""STRKUSDT"",""S"":""Sell"",""v"":""129.7"",""p"":""0.07188""}"
2026-10-09T07:13:24.638923Z,1791530004478,STRKUSDT,Sell,5564.0,0.07188,"{""T"":1791530004478,""s"":""STRKUSDT"",""S"":""Sell"",""v"":""5564.0"",""p"":""0.07188""}"
2026-10-09T07:13:25.138296Z,1791530004714,STRKUSDT,Sell,176.9,0.07183,"{""T"":1791530004714,""s"":""STRKUSDT"",""S"":""Sell"",""v"":""176.9"",""p"":""0.07183""}"
2026-10-09T07:13:25.138296Z,1791530004869,STRKUSDT,Sell,3310.8,0.07177,"{""T"":1791530004869,""s"":""STRKUSDT"",""S"":""Sell"",""v"":""3310.8"",""p"":""0.07177""}"
2026-10-09T07:13:25.638417Z,1791530005303,STRKUSDT,Sell,12599.6,0.07191,"{""T"":1791530005303,""s"":""STRKUSDT"",""S"":""Sell"",""v"":""12599.6"",""p"":""0.07191""}"
2026-10-09T07:13:25.638417Z,1791530005404,STRKUSDT,Sell,21983.9,0.07204,"{""T"":1791530005404,""s"":""STRKUSDT"",""S"":""Sell"",""v"":""21983.9"",""p"":""0.07204""}"
2026-10-09T07:13:25.638417Z,1791530005434,STRKUSDT,Sell,4291.8,0.07197,"{""T"":1791530005434,""s"":""STRKUSDT"",""S"":""Sell"",""v"":""4291.8"",""p"":""0.07197""}"
2026-10-09T07:13:28.138352Z,1791530007815,STRKUSDT,Sell,855.5,0.07213,"{""T"":1791530007815,""s"":""STRKUSDT"",""S"":""Sell"",""v"":""855.5"",""p"":""0.07213""}"
2026-10-09T07:13:29.138311Z,1791530008788,STRKUSDT,Sell,21778.0,0.07225,"{""T"":1791530008788,""s"":""STRKUSDT"",""S"":""Sell"",""v"":""21778.0"",""p"":""0.07225""}"
2026-10-09T07:13:31.638323Z,1791530011343,STRKUSDT,Sell,896.0,0.07235,"{""T"":1791530011343,""s"":""STRKUSDT"",""S"":""Sell"",""v"":""896.0"",""p"":""0.07235""}"
2026-10-09T07:13:34.638339Z,1791530014249,STRKUSDT,Sell,1061.3,0.07242,"{""T"":1791530014249,""s"":""STRKUSDT"",""S"":""Sell"",""v"":""1061.3"",""p"":""0.07242""}"
2026-10-09T07:13:34.638339Z,1791530014504,STRKUSDT,Sell,7679.4,0.07244,"{""T"":1791530014504,""s"":""STRKUSDT"",""S"":""Sell"",""v"":""7679.4"",""p"":""0.07244""}"
2026-10-09T07:13:37.138702Z,1791530016811,STRKUSDT,Sell,7949.2,0.07251,"{""T"":1791530016811,""s"":""STRKUSDT"",""S"":""Sell"",""v"":""7949.2"",""p"":""0.07251""}"
2026-10-09T07:13:37.638515Z,1791530017310,STRKUSDT,Sell,750.1,0.07254,"{""T"":1791530017310,""s"":""STRKUSDT"",""S"":""Sell"",""v"":""750.1"",""p"":""0.07254""}"
2026-10-09T07:13:37.638515Z,1791530017351,STRKUSDT,Sell,15749.0,0.07255,"{""T"":1791530017351,""s"":""STRKUSDT"",""S"":""Sell"",""v"":""15749.0"",""p"":""0.07255""}"
2026-10-09T07:13:54.316045Z,1791530034035,XPLUSDT,Buy,132,0.08401,"{""T"":1791530034035,""s"":""XPLUSDT"",""S"":""Buy"",""v"":""132"",""p"":""0.08401""}"
2026-10-09T07:14:26.999695Z,1791530066732,RLCUSDT,Buy,4.7,1.2328,"{""T"":1791530066732,""s"":""RLCUSDT"",""S"":""Buy"",""v"":""4.7"",""p"":""1.2328""}"
2026-10-09T07:14:27.999720Z,1791530067883,RLCUSDT,Buy,294.7,1.2307,"{""T"":1791530067883,""s"":""RLCUSDT"",""S"":""Buy"",""v"":""294.7"",""p"":""1.2307""}"
2026-10-09T07:14:28.499660Z,1791530068287,RLCUSDT,Buy,152.7,1.2305,"{""T"":1791530068287,""s"":""RLCUSDT"",""S"":""Buy"",""v"":""152.7"",""p"":""1.2305""}"
2026-10-09T07:14:28.999932Z,1791530068713,RLCUSDT,Buy,40.2,1.2249,"{""T"":1791530068713,""s"":""RLCUSDT"",""S"":""Buy"",""v"":""40.2"",""p"":""1.2249""}"
2026-10-09T07:14:28.999932Z,1791530068812,RLCUSDT,Buy,83.7,1.2251,"{""T"":1791530068812,""s"":""RLCUSDT"",""S"":""Buy"",""v"":""83.7"",""p"":""1.2251""}"
2026-10-09T07:14:29.138659Z,1791530068812,OGNUSDT,Sell,141,0.042521,"{""T"":1791530068812,""s"":""OGNUSDT"",""S"":""Sell"",""v"":""141"",""p"":""0.042521""}"
2026-10-09T07:14:29.499672Z,1791530068933,RLCUSDT,Buy,143.9,1.2244,"{""T"":1791530068933,""s"":""RLCUSDT"",""S"":""Buy"",""v"":""143.9"",""p"":""1.2244""}"
2026-10-09T07:14:29.499672Z,1791530069224,RLCUSDT,Buy,29.2,1.2224,"{""T"":1791530069224,""s"":""RLCUSDT"",""S"":""Buy"",""v"":""29.2"",""p"":""1.2224""}"
2026-10-09T07:14:30.499580Z,1791530070219,RLCUSDT,Buy,18.0,1.2202,"{""T"":1791530070219,""s"":""RLCUSDT"",""S"":""Buy"",""v"":""18.0"",""p"":""1.2202""}"
2026-10-09T07:14:30.638342Z,1791530070219,OGNUSDT,Sell,125,0.042556,"{""T"":1791530070219,""s"":""OGNUSDT"",""S"":""Sell"",""v"":""125"",""p"":""0.042556""}"
2026-10-09T07:14:35.990338Z,1791530075486,USUSDT,Sell,7980,0.023260,"{""T"":1791530075486,""s"":""USUSDT"",""S"":""Sell"",""v"":""7980"",""p"":""0.023260""}"
2026-10-09T07:14:42.989814Z,1791530082629,USUSDT,Sell,9460,0.023450,"{""T"":1791530082629,""s"":""USUSDT"",""S"":""Sell"",""v"":""9460"",""p"":""0.023450""}"
2026-10-09T07:14:43.490143Z,1791530083044,USUSDT,Sell,9480,0.023470,"{""T"":1791530083044,""s"":""USUSDT"",""S"":""Sell"",""v"":""9480"",""p"":""0.023470""}"
2026-10-09T07:16:52.990054Z,1791530212672,USUSDT,Sell,40810,0.023620,"{""T"":1791530212672,""s"":""USUSDT"",""S"":""Sell"",""v"":""40810"",""p"":""0.023620""}"
2026-10-09T07:17:01.499705Z,1791530221303,RLCUSDT,Sell,236.5,1.3095,"{""T"":1791530221303,""s"":""RLCUSDT"",""S"":""Sell"",""v"":""236.5"",""p"":""1.3095""}"
2026-10-09T07:17:43.019846Z,1791530262789,NEARUSDT,Sell,887.5,4.9060,"{""T"":1791530262789,""s"":""NEARUSDT"",""S"":""Sell"",""v"":""887.5"",""p"":""4.9060""}"
2026-10-09T07:18:03.639212Z,1791530283249,OGNUSDT,Sell,2226,0.043467,"{""T"":1791530283249,""s"":""OGNUSDT"",""S"":""Sell"",""v"":""2226"",""p"":""0.043467""}"
2026-10-09T07:18:03.639212Z,1791530283365,OGNUSDT,Sell,1448,0.043430,"{""T"":1791530283365,""s"":""OGNUSDT"",""S"":""Sell"",""v"":""1448"",""p"":""0.043430""}"
2026-10-09T07:18:04.138141Z,1791530283948,OGNUSDT,Sell,776,0.043365,"{""T"":1791530283948,""s"":""OGNUSDT"",""S"":""Sell"",""v"":""776"",""p"":""0.043365""}"
2026-10-09T07:18:10.139055Z,1791530289730,OGNUSDT,Sell,5813,0.043605,"{""T"":1791530289730,""s"":""OGNUSDT"",""S"":""Sell"",""v"":""5813"",""p"":""0.043605""}"
2026-10-09T07:18:10.638360Z,1791530290154,OGNUSDT,Sell,17,0.043743,"{""T"":1791530290154,""s"":""OGNUSDT"",""S"":""Sell"",""v"":""17"",""p"":""0.043743""}"
2026-10-09T07:18:10.638360Z,1791530290530,OGNUSDT,Sell,3270,0.043704,"{""T"":1791530290530,""s"":""OGNUSDT"",""S"":""Sell"",""v"":""3270"",""p"":""0.043704""}"
2026-10-09T07:18:13.139235Z,1791530292620,OGNUSDT,Sell,5136,0.043786,"{""T"":1791530292620,""s"":""OGNUSDT"",""S"":""Sell"",""v"":""5136"",""p"":""0.043786""}"
2026-10-09T07:18:35.990153Z,1791530315706,USUSDT,Sell,900,0.023720,"{""T"":1791530315706,""s"":""USUSDT"",""S"":""Sell"",""v"":""900"",""p"":""0.023720""}"
2026-10-09T07:18:42.500004Z,1791530322020,RLCUSDT,Sell,6.7,1.3257,"{""T"":1791530322020,""s"":""RLCUSDT"",""S"":""Sell"",""v"":""6.7"",""p"":""1.3257""}"
2026-10-09T07:20:25.990617Z,1791530425639,USUSDT,Sell,59860,0.024020,"{""T"":1791530425639,""s"":""USUSDT"",""S"":""Sell"",""v"":""59860"",""p"":""0.024020""}"
2026-10-09T07:20:26.490018Z,1791530425903,USUSDT,Sell,83310,0.024030,"{""T"":1791530425903,""s"":""USUSDT"",""S"":""Sell"",""v"":""83310"",""p"":""0.024030""}"
2026-10-09T07:20:36.490132Z,1791530436067,USUSDT,Sell,130,0.024100,"{""T"":1791530436067,""s"":""USUSDT"",""S"":""Sell"",""v"":""130"",""p"":""0.024100""}"
2026-10-09T07:20:45.989916Z,1791530445461,USUSDT,Sell,77790,0.024230,"{""T"":1791530445461,""s"":""USUSDT"",""S"":""Sell"",""v"":""77790"",""p"":""0.024230""}"
2026-10-09T07:21:23.995873Z,1791530483414,OPUSDT,Sell,500.0,0.12503,"{""T"":1791530483414,""s"":""OPUSDT"",""S"":""Sell"",""v"":""500.0"",""p"":""0.12503""}"
2026-10-09T07:21:25.828275Z,1791530485477,VVVUSDT,Sell,9.64,23.4610,"{""T"":1791530485477,""s"":""VVVUSDT"",""S"":""Sell"",""v"":""9.64"",""p"":""23.4610""}"
2026-10-09T07:21:25.911273Z,1791530485477,JUPUSDT,Sell,740,0.36590,"{""T"":1791530485477,""s"":""JUPUSDT"",""S"":""Sell"",""v"":""740"",""p"":""0.36590""}"
2026-10-09T07:21:39.989946Z,1791530499520,USUSDT,Sell,130200,0.024490,"{""T"":1791530499520,""s"":""USUSDT"",""S"":""Sell"",""v"":""130200"",""p"":""0.024490""}"
2026-10-09T07:21:50.019372Z,1791530509807,NEARUSDT,Sell,26.3,4.9130,"{""T"":1791530509807,""s"":""NEARUSDT"",""S"":""Sell"",""v"":""26.3"",""p"":""4.9130""}"
2026-10-09T07:22:38.366297Z,1791530557863,APTUSDT,Sell,57.12,0.8434,"{""T"":1791530557863,""s"":""APTUSDT"",""S"":""Sell"",""v"":""57.12"",""p"":""0.8434""}"
2026-10-09T07:22:47.638144Z,1791530567534,OGNUSDT,Sell,2488,0.043635,"{""T"":1791530567534,""s"":""OGNUSDT"",""S"":""Sell"",""v"":""2488"",""p"":""0.043635""}"
2026-10-09T07:22:47.816274Z,1791530567534,METUSDT,Sell,418.0,0.45250,"{""T"":1791530567534,""s"":""METUSDT"",""S"":""Sell"",""v"":""418.0"",""p"":""0.45250""}"
2026-10-09T07:22:52.489856Z,1791530572243,USUSDT,Sell,207470,0.024590,"{""T"":1791530572243,""s"":""USUSDT"",""S"":""Sell"",""v"":""207470"",""p"":""0.024590""}"
2026-10-09T07:23:09.962716Z,1791530589475,ETHUSDT,Sell,0.01,2509.46,"{""T"":1791530589475,""s"":""ETHUSDT"",""S"":""Sell"",""v"":""0.01"",""p"":""2509.46""}"
2026-10-09T07:23:20.816589Z,1791530600428,METUSDT,Sell,343.5,0.45340,"{""T"":1791530600428,""s"":""METUSDT"",""S"":""Sell"",""v"":""343.5"",""p"":""0.45340""}"
2026-10-09T07:23:20.917280Z,1791530600727,DOTUSDT,Sell,21.8,1.1887,"{""T"":1791530600727,""s"":""DOTUSDT"",""S"":""Sell"",""v"":""21.8"",""p"":""1.1887""}"
2026-10-09T07:23:25.990148Z,1791530605466,USUSDT,Sell,24170,0.024680,"{""T"":1791530605466,""s"":""USUSDT"",""S"":""Sell"",""v"":""24170"",""p"":""0.024680""}"
2026-10-09T07:23:26.490186Z,1791530606271,USUSDT,Sell,40000,0.024690,"{""T"":1791530606271,""s"":""USUSDT"",""S"":""Sell"",""v"":""40000"",""p"":""0.024690""}"
2026-10-09T07:23:34.362648Z,1791530613813,APTUSDT,Sell,5000.00,0.8499,"{""T"":1791530613813,""s"":""APTUSDT"",""S"":""Sell"",""v"":""5000.00"",""p"":""0.8499""}"
2026-10-09T07:23:35.351770Z,1791530614835,SANDUSDT,Sell,2488,0.07162,"{""T"":1791530614835,""s"":""SANDUSDT"",""S"":""Sell"",""v"":""2488"",""p"":""0.07162""}"
2026-10-09T07:23:53.990518Z,1791530633674,USUSDT,Sell,2680,0.024760,"{""T"":1791530633674,""s"":""USUSDT"",""S"":""Sell"",""v"":""2680"",""p"":""0.024760""}"
2026-10-09T07:23:54.138338Z,1791530634047,OGNUSDT,Sell,477,0.043620,"{""T"":1791530634047,""s"":""OGNUSDT"",""S"":""Sell"",""v"":""477"",""p"":""0.043620""}"
2026-10-09T07:23:54.316331Z,1791530634047,METUSDT,Sell,171.4,0.45530,"{""T"":1791530634047,""s"":""METUSDT"",""S"":""Sell"",""v"":""171.4"",""p"":""0.45530""}"
2026-10-09T07:24:19.816201Z,1791530659671,HYPEUSDT,Sell,14.82,86.550,"{""T"":1791530659671,""s"":""HYPEUSDT"",""S"":""Sell"",""v"":""14.82"",""p"":""86.550""}"
2026-10-09T07:24:20.990593Z,1791530660860,USUSDT,Sell,13590,0.024820,"{""T"":1791530660860,""s"":""USUSDT"",""S"":""Sell"",""v"":""13590"",""p"":""0.024820""}"
2026-10-09T07:24:22.917204Z,1791530662341,ZECUSDT,Sell,2.00,1238.14,"{""T"":1791530662341,""s"":""ZECUSDT"",""S"":""Sell"",""v"":""2.00"",""p"":""1238.14""}"
2026-10-09T07:24:26.138250Z,1791530665869,STRKUSDT,Buy,1913.2,0.06914,"{""T"":1791530665869,""s"":""STRKUSDT"",""S"":""Buy"",""v"":""1913.2"",""p"":""0.06914""}"
2026-10-09T07:24:33.816520Z,1791530673624,METUSDT,Sell,1206.8,0.45680,"{""T"":1791530673624,""s"":""METUSDT"",""S"":""Sell"",""v"":""1206.8"",""p"":""0.45680""}"
2026-10-09T07:24:40.411280Z,1791530680005,TIAUSDT,Sell,1085.3,0.5174,"{""T"":1791530680005,""s"":""TIAUSDT"",""S"":""Sell"",""v"":""1085.3"",""p"":""0.5174""}"
2026-10-09T07:24:42.138472Z,1791530681580,OGNUSDT,Sell,32348,0.044024,"{""T"":1791530681580,""s"":""OGNUSDT"",""S"":""Sell"",""v"":""32348"",""p"":""0.044024""}"
2026-10-09T07:24:50.490170Z,1791530690202,ZROUSDT,Sell,26.9,2.1789,"{""T"":1791530690202,""s"":""ZROUSDT"",""S"":""Sell"",""v"":""26.9"",""p"":""2.1789""}"
2026-10-09T07:24:58.459556Z,1791530697941,ETHUSDT,Sell,0.82,2509.91,"{""T"":1791530697941,""s"":""ETHUSDT"",""S"":""Sell"",""v"":""0.82"",""p"":""2509.91""}"
2026-10-09T07:24:58.459556Z,1791530698175,ETHUSDT,Sell,2.03,2510.85,"{""T"":1791530698175,""s"":""ETHUSDT"",""S"":""Sell"",""v"":""2.03"",""p"":""2510.85""}"
2026-10-09T07:25:15.961586Z,1791530715724,ETHUSDT,Sell,0.05,2511.63,"{""T"":1791530715724,""s"":""ETHUSDT"",""S"":""Sell"",""v"":""0.05"",""p"":""2511.63""}"
2026-10-09T07:25:18.959932Z,1791530718848,ETHUSDT,Sell,0.11,2511.83,"{""T"":1791530718848,""s"":""ETHUSDT"",""S"":""Sell"",""v"":""0.11"",""p"":""2511.83""}"
2026-10-09T07:25:20.459242Z,1791530720358,ETHUSDT,Sell,0.07,2512.11,"{""T"":1791530720358,""s"":""ETHUSDT"",""S"":""Sell"",""v"":""0.07"",""p"":""2512.11""}"
2026-10-09T07:25:21.417475Z,1791530721117,ARBUSDT,Sell,3033.7,0.18113,"{""T"":1791530721117,""s"":""ARBUSDT"",""S"":""Sell"",""v"":""3033.7"",""p"":""0.18113""}"
2026-10-09T07:26:47.999658Z,1791530807507,RLCUSDT,Buy,80.8,1.2069,"{""T"":1791530807507,""s"":""RLCUSDT"",""S"":""Buy"",""v"":""80.8"",""p"":""1.2069""}"
2026-10-09T07:26:47.999658Z,1791530807554,RLCUSDT,Buy,89.5,1.2113,"{""T"":1791530807554,""s"":""RLCUSDT"",""S"":""Buy"",""v"":""89.5"",""p"":""1.2113""}"
2026-10-09T07:26:47.999658Z,1791530807776,RLCUSDT,Buy,52.8,1.2182,"{""T"":1791530807776,""s"":""RLCUSDT"",""S"":""Buy"",""v"":""52.8"",""p"":""1.2182""}"
2026-10-09T07:26:48.499406Z,1791530808225,RLCUSDT,Buy,231.0,1.2062,"{""T"":1791530808225,""s"":""RLCUSDT"",""S"":""Buy"",""v"":""231.0"",""p"":""1.2062""}"
2026-10-09T07:27:05.316637Z,1791530824928,METUSDT,Sell,400.0,0.46130,"{""T"":1791530824928,""s"":""METUSDT"",""S"":""Sell"",""v"":""400.0"",""p"":""0.46130""}"
2026-10-09T07:27:10.138497Z,1791530829943,STRKUSDT,Buy,8671.5,0.06849,"{""T"":1791530829943,""s"":""STRKUSDT"",""S"":""Buy"",""v"":""8671.5"",""p"":""0.06849""}"
2026-10-09T07:27:51.500220Z,1791530871125,RLCUSDT,Buy,20.7,1.1972,"{""T"":1791530871125,""s"":""RLCUSDT"",""S"":""Buy"",""v"":""20.7"",""p"":""1.1972""}"
2026-10-09T07:27:59.490047Z,1791530879375,ZROUSDT,Sell,50.0,2.2009,"{""T"":1791530879375,""s"":""ZROUSDT"",""S"":""Sell"",""v"":""50.0"",""p"":""2.2009""}"
2026-10-09T07:28:10.642090Z,1791530890374,STRKUSDT,Sell,700.0,0.07109,"{""T"":1791530890374,""s"":""STRKUSDT"",""S"":""Sell"",""v"":""700.0"",""p"":""0.07109""}"
2026-10-09T07:28:33.499421Z,1791530913374,STXUSDT,Buy,3030.7,0.38260,"{""T"":1791530913374,""s"":""STXUSDT"",""S"":""Buy"",""v"":""3030.7"",""p"":""0.38260""}"
2026-10-09T07:29:01.499584Z,1791530941203,RLCUSDT,Buy,22.5,1.1942,"{""T"":1791530941203,""s"":""RLCUSDT"",""S"":""Buy"",""v"":""22.5"",""p"":""1.1942""}"
2026-10-09T07:29:03.999574Z,1791530943709,RLCUSDT,Buy,172.0,1.1930,"{""T"":1791530943709,""s"":""RLCUSDT"",""S"":""Buy"",""v"":""172.0"",""p"":""1.1930""}"
2026-10-09T07:30:38.989955Z,1791531038517,USUSDT,Sell,6920,0.025260,"{""T"":1791531038517,""s"":""USUSDT"",""S"":""Sell"",""v"":""6920"",""p"":""0.025260""}"
2026-10-09T07:31:06.993847Z,1791531066676,CLUSDT,Buy,35.97,89.990,"{""T"":1791531066676,""s"":""CLUSDT"",""S"":""Buy"",""v"":""35.97"",""p"":""89.990""}"
2026-10-09T07:31:35.992383Z,1791531095749,ZROUSDT,Sell,60.0,2.2096,"{""T"":1791531095749,""s"":""ZROUSDT"",""S"":""Sell"",""v"":""60.0"",""p"":""2.2096""}"
2026-10-09T07:32:01.499773Z,1791531121031,RLCUSDT,Buy,114.4,1.1905,"{""T"":1791531121031,""s"":""RLCUSDT"",""S"":""Buy"",""v"":""114.4"",""p"":""1.1905""}"
2026-10-09T07:32:02.989838Z,1791531122709,USUSDT,Sell,25530,0.025590,"{""T"":1791531122709,""s"":""USUSDT"",""S"":""Sell"",""v"":""25530"",""p"":""0.025590""}"
2026-10-09T07:32:03.499476Z,1791531123144,RLCUSDT,Buy,44.2,1.1859,"{""T"":1791531123144,""s"":""RLCUSDT"",""S"":""Buy"",""v"":""44.2"",""p"":""1.1859""}"
2026-10-09T07:32:19.523151Z,1791531139239,ATOMUSDT,Sell,780.8,1.9460,"{""T"":1791531139239,""s"":""ATOMUSDT"",""S"":""Sell"",""v"":""780.8"",""p"":""1.9460""}"
2026-10-09T07:32:19.523151Z,1791531139241,ATOMUSDT,Sell,2468.0,1.9490,"{""T"":1791531139241,""s"":""ATOMUSDT"",""S"":""Sell"",""v"":""2468.0"",""p"":""1.9490""}"
2026-10-09T07:32:19.523151Z,1791531139256,ATOMUSDT,Sell,102.2,1.9820,"{""T"":1791531139256,""s"":""ATOMUSDT"",""S"":""Sell"",""v"":""102.2"",""p"":""1.9820""}"
2026-10-09T07:32:19.523151Z,1791531139274,ATOMUSDT,Sell,669.0,1.9680,"{""T"":1791531139274,""s"":""ATOMUSDT"",""S"":""Sell"",""v"":""669.0"",""p"":""1.9680""}"
2026-10-09T07:32:19.523151Z,1791531139389,ATOMUSDT,Sell,569.9,1.9540,"{""T"":1791531139389,""s"":""ATOMUSDT"",""S"":""Sell"",""v"":""569.9"",""p"":""1.9540""}"
2026-10-09T07:32:19.523151Z,1791531139397,ATOMUSDT,Sell,5143.5,1.9770,"{""T"":1791531139397,""s"":""ATOMUSDT"",""S"":""Sell"",""v"":""5143.5"",""p"":""1.9770""}"
2026-10-09T07:32:19.523151Z,1791531139418,ATOMUSDT,Sell,5144.2,1.9760,"{""T"":1791531139418,""s"":""ATOMUSDT"",""S"":""Sell"",""v"":""5144.2"",""p"":""1.9760""}"
2026-10-09T07:32:19.523151Z,1791531139425,ATOMUSDT,Sell,2579.8,1.9630,"{""T"":1791531139425,""s"":""ATOMUSDT"",""S"":""Sell"",""v"":""2579.8"",""p"":""1.9630""}"
2026-10-09T07:32:20.020077Z,1791531139448,ATOMUSDT,Sell,25.6,1.9760,"{""T"":1791531139448,""s"":""ATOMUSDT"",""S"":""Sell"",""v"":""25.6"",""p"":""1.9760""}"
2026-10-09T07:32:20.020077Z,1791531139459,ATOMUSDT,Sell,518.5,1.9530,"{""T"":1791531139459,""s"":""ATOMUSDT"",""S"":""Sell"",""v"":""518.5"",""p"":""1.9530""}"
2026-10-09T07:32:20.020077Z,1791531139479,ATOMUSDT,Sell,7.8,1.9380,"{""T"":1791531139479,""s"":""ATOMUSDT"",""S"":""Sell"",""v"":""7.8"",""p"":""1.9380""}"
2026-10-09T07:32:20.020077Z,1791531139482,ATOMUSDT,Sell,104.1,1.9450,"{""T"":1791531139482,""s"":""ATOMUSDT"",""S"":""Sell"",""v"":""104.1"",""p"":""1.9450""}"
2026-10-09T07:32:20.020077Z,1791531139501,ATOMUSDT,Sell,15.4,1.9410,"{""T"":1791531139501,""s"":""ATOMUSDT"",""S"":""Sell"",""v"":""15.4"",""p"":""1.9410""}"
2026-10-09T07:32:20.020077Z,1791531139507,ATOMUSDT,Sell,259.8,1.9470,"{""T"":1791531139507,""s"":""ATOMUSDT"",""S"":""Sell"",""v"":""259.8"",""p"":""1.9470""}"
2026-10-09T07:32:20.020077Z,1791531139520,ATOMUSDT,Sell,947.8,1.9510,"{""T"":1791531139520,""s"":""ATOMUSDT"",""S"":""Sell"",""v"":""947.8"",""p"":""1.9510""}"
2026-10-09T07:32:20.020077Z,1791531139524,ATOMUSDT,Sell,15.5,1.9540,"{""T"":1791531139524,""s"":""ATOMUSDT"",""S"":""Sell"",""v"":""15.5"",""p"":""1.9540""}"
2026-10-09T07:32:20.020077Z,1791531139544,ATOMUSDT,Sell,2579.3,1.9640,"{""T"":1791531139544,""s"":""ATOMUSDT"",""S"":""Sell"",""v"":""2579.3"",""p"":""1.9640""}"
2026-10-09T07:32:20.020077Z,1791531139544,ATOMUSDT,Sell,1040.1,1.9470,"{""T"":1791531139544,""s"":""ATOMUSDT"",""S"":""Sell"",""v"":""1040.1"",""p"":""1.9470""}"
2026-10-09T07:32:20.020077Z,1791531139574,ATOMUSDT,Sell,1302.0,1.9450,"{""T"":1791531139574,""s"":""ATOMUSDT"",""S"":""Sell"",""v"":""1302.0"",""p"":""1.9450""}"
2026-10-09T07:32:20.020077Z,1791531139592,ATOMUSDT,Sell,104.1,1.9450,"{""T"":1791531139592,""s"":""ATOMUSDT"",""S"":""Sell"",""v"":""104.1"",""p"":""1.9450""}"
2026-10-09T07:32:20.020077Z,1791531139625,ATOMUSDT,Sell,52.2,1.9380,"{""T"":1791531139625,""s"":""ATOMUSDT"",""S"":""Sell"",""v"":""52.2"",""p"":""1.9380""}"
2026-10-09T07:32:20.020077Z,1791531139665,ATOMUSDT,Sell,800.0,1.9560,"{""T"":1791531139665,""s"":""ATOMUSDT"",""S"":""Sell"",""v"":""800.0"",""p"":""1.9560""}"
2026-10-09T07:32:20.020077Z,1791531139670,ATOMUSDT,Sell,5143.2,1.9770,"{""T"":1791531139670,""s"":""ATOMUSDT"",""S"":""Sell"",""v"":""5143.2"",""p"":""1.9770""}"
2026-10-09T07:32:20.020077Z,1791531139708,ATOMUSDT,Sell,12.8,1.9670,"{""T"":1791531139708,""s"":""ATOMUSDT"",""S"":""Sell"",""v"":""12.8"",""p"":""1.9670""}"
2026-10-09T07:32:20.020077Z,1791531139722,ATOMUSDT,Sell,101.2,1.9830,"{""T"":1791531139722,""s"":""ATOMUSDT"",""S"":""Sell"",""v"":""101.2"",""p"":""1.9830""}"
2026-10-09T07:32:20.020077Z,1791531139733,ATOMUSDT,Sell,2000.0,1.9780,"{""T"":1791531139733,""s"":""ATOMUSDT"",""S"":""Sell"",""v"":""2000.0"",""p"":""1.9780""}"
2026-10-09T07:32:20.020077Z,1791531139807,ATOMUSDT,Sell,271.4,1.9390,"{""T"":1791531139807,""s"":""ATOMUSDT"",""S"":""Sell"",""v"":""271.4"",""p"":""1.9390""}"
2026-10-09T07:32:20.020077Z,1791531139831,ATOMUSDT,Sell,15.4,1.9610,"{""T"":1791531139831,""s"":""ATOMUSDT"",""S"":""Sell"",""v"":""15.4"",""p"":""1.9610""}"
2026-10-09T07:32:20.020077Z,1791531139868,ATOMUSDT,Sell,15.6,1.9450,"{""T"":1791531139868,""s"":""ATOMUSDT"",""S"":""Sell"",""v"":""15.6"",""p"":""1.9450""}"
2026-10-09T07:32:20.020077Z,1791531139868,ATOMUSDT,Sell,1038.5,1.9510,"{""T"":1791531139868,""s"":""ATOMUSDT"",""S"":""Sell"",""v"":""1038.5"",""p"":""1.9510""}"
2026-10-09T07:32:20.020077Z,1791531139881,ATOMUSDT,Sell,32.6,1.9390,"{""T"":1791531139881,""s"":""ATOMUSDT"",""S"":""Sell"",""v"":""32.6"",""p"":""1.9390""}"
2026-10-09T07:32:20.020077Z,1791531139897,ATOMUSDT,Sell,127.7,1.9520,"{""T"":1791531139897,""s"":""ATOMUSDT"",""S"":""Sell"",""v"":""127.7"",""p"":""1.9520""}"
2026-10-09T07:32:20.020077Z,1791531139907,ATOMUSDT,Sell,2469.1,1.9480,"{""T"":1791531139907,""s"":""ATOMUSDT"",""S"":""Sell"",""v"":""2469.1"",""p"":""1.9480""}"
2026-10-09T07:32:20.020077Z,1791531139916,ATOMUSDT,Sell,2055.8,1.9710,"{""T"":1791531139916,""s"":""ATOMUSDT"",""S"":""Sell"",""v"":""2055.8"",""p"":""1.9710""}"
2026-10-09T07:32:20.519951Z,1791531139960,ATOMUSDT,Sell,619.4,1.9620,"{""T"":1791531139960,""s"":""ATOMUSDT"",""S"":""Sell"",""v"":""619.4"",""p"":""1.9620""}"
2026-10-09T07:32:20.519951Z,1791531139969,ATOMUSDT,Sell,10.1,1.9760,"{""T"":1791531139969,""s"":""ATOMUSDT"",""S"":""Sell"",""v"":""10.1"",""p"":""1.9760""}"
2026-10-09T07:32:20.519951Z,1791531140017,ATOMUSDT,Sell,2556.2,1.9820,"{""T"":1791531140017,""s"":""ATOMUSDT"",""S"":""Sell"",""v"":""2556.2"",""p"":""1.9820""}"
2026-10-09T07:32:20.519951Z,1791531140063,ATOMUSDT,Sell,398.5,1.9190,"{""T"":1791531140063,""s"":""ATOMUSDT"",""S"":""Sell"",""v"":""398.5"",""p"":""1.9190""}"
2026-10-09T07:32:20.519951Z,1791531140081,ATOMUSDT,Sell,2300.6,1.9820,"{""T"":1791531140081,""s"":""ATOMUSDT"",""S"":""Sell"",""v"":""2300.6"",""p"":""1.9820""}"
2026-10-09T07:32:20.519951Z,1791531140092,ATOMUSDT,Sell,10.3,1.9530,"{""T"":1791531140092,""s"":""ATOMUSDT"",""S"":""Sell"",""v"":""10.3"",""p"":""1.9530""}"
2026-10-09T07:32:20.519951Z,1791531140106,ATOMUSDT,Sell,963.9,1.9780,"{""T"":1791531140106,""s"":""ATOMUSDT"",""S"":""Sell"",""v"":""963.9"",""p"":""1.9780""}"
2026-10-09T07:32:20.519951Z,1791531140110,ATOMUSDT,Sell,1666.8,1.9440,"{""T"":1791531140110,""s"":""ATOMUSDT"",""S"":""Sell"",""v"":""1666.8"",""p"":""1.9440""}"
2026-10-09T07:32:20.519951Z,1791531140138,ATOMUSDT,Sell,207.2,1.9550,"{""T"":1791531140138,""s"":""ATOMUSDT"",""S"":""Sell"",""v"":""207.2"",""p"":""1.9550""}"
2026-10-09T07:32:20.519951Z,1791531140193,ATOMUSDT,Sell,51.5,1.9610,"{""T"":1791531140193,""s"":""ATOMUSDT"",""S"":""Sell"",""v"":""51.5"",""p"":""1.9610""}"
2026-10-09T07:32:20.519951Z,1791531140196,ATOMUSDT,Sell,1038.4,1.9510,"{""T"":1791531140196,""s"":""ATOMUSDT"",""S"":""Sell"",""v"":""1038.4"",""p"":""1.9510""}"
2026-10-09T07:32:20.519951Z,1791531140208,ATOMUSDT,Sell,29.8,1.9750,"{""T"":1791531140208,""s"":""ATOMUSDT"",""S"":""Sell"",""v"":""29.8"",""p"":""1.9750""}"
2026-10-09T07:32:20.519951Z,1791531140228,ATOMUSDT,Sell,2041.4,1.9850,"{""T"":1791531140228,""s"":""ATOMUSDT"",""S"":""Sell"",""v"":""2041.4"",""p"":""1.9850""}"
2026-10-09T07:32:20.519951Z,1791531140320,ATOMUSDT,Sell,101.0,1.9860,"{""T"":1791531140320,""s"":""ATOMUSDT"",""S"":""Sell"",""v"":""101.0"",""p"":""1.9860""}"
2026-10-09T07:32:20.519951Z,1791531140422,ATOMUSDT,Sell,2298.2,1.9840,"{""T"":1791531140422,""s"":""ATOMUSDT"",""S"":""Sell"",""v"":""2298.2"",""p"":""1.9840""}"
2026-10-09T07:32:21.019513Z,1791531140614,ATOMUSDT,Sell,151.1,1.9920,"{""T"":1791531140614,""s"":""ATOMUSDT"",""S"":""Sell"",""v"":""151.1"",""p"":""1.9920""}"
2026-10-09T07:32:21.019513Z,1791531140694,ATOMUSDT,Sell,338.6,1.9980,"{""T"":1791531140694,""s"":""ATOMUSDT"",""S"":""Sell"",""v"":""338.6"",""p"":""1.9980""}"
2026-10-09T07:32:21.019513Z,1791531140737,ATOMUSDT,Sell,31.5,1.9920,"{""T"":1791531140737,""s"":""ATOMUSDT"",""S"":""Sell"",""v"":""31.5"",""p"":""1.9920""}"
2026-10-09T07:32:21.519858Z,1791531141130,ATOMUSDT,Sell,1350.9,1.9490,"{""T"":1791531141130,""s"":""ATOMUSDT"",""S"":""Sell"",""v"":""1350.9"",""p"":""1.9490""}"
2026-10-09T07:32:21.519858Z,1791531141131,ATOMUSDT,Sell,2411.2,1.9980,"{""T"":1791531141131,""s"":""ATOMUSDT"",""S"":""Sell"",""v"":""2411.2"",""p"":""1.9980""}"
2026-10-09T07:32:26.138359Z,1791531145889,STRKUSDT,Sell,9936.5,0.07204,"{""T"":1791531145889,""s"":""STRKUSDT"",""S"":""Sell"",""v"":""9936.5"",""p"":""0.07204""}"
2026-10-09T07:32:28.999707Z,1791531148874,RLCUSDT,Buy,241.2,1.1837,"{""T"":1791531148874,""s"":""RLCUSDT"",""S"":""Buy"",""v"":""241.2"",""p"":""1.1837""}"
2026-10-09T07:32:37.331739Z,1791531157192,JCTUSDT,Buy,12600,0.0022670,"{""T"":1791531157192,""s"":""JCTUSDT"",""S"":""Buy"",""v"":""12600"",""p"":""0.0022670""}"
2026-10-09T07:32:46.863651Z,1791531166388,WLDUSDT,Sell,16083.7,0.5055,"{""T"":1791531166388,""s"":""WLDUSDT"",""S"":""Sell"",""v"":""16083.7"",""p"":""0.5055""}"
2026-10-09T07:33:03.832782Z,1791531183437,JCTUSDT,Buy,39600,0.0022530,"{""T"":1791531183437,""s"":""JCTUSDT"",""S"":""Buy"",""v"":""39600"",""p"":""0.0022530""}"
2026-10-09T07:33:06.417376Z,1791531185979,DOTUSDT,Sell,2.8,1.1930,"{""T"":1791531185979,""s"":""DOTUSDT"",""S"":""Sell"",""v"":""2.8"",""p"":""1.1930""}"
2026-10-09T07:33:16.417227Z,1791531196136,DOTUSDT,Sell,179.7,1.1944,"{""T"":1791531196136,""s"":""DOTUSDT"",""S"":""Sell"",""v"":""179.7"",""p"":""1.1944""}"
2026-10-09T07:33:21.916988Z,1791531201579,ARBUSDT,Sell,93.0,0.18137,"{""T"":1791531201579,""s"":""ARBUSDT"",""S"":""Sell"",""v"":""93.0"",""p"":""0.18137""}"
2026-10-09T07:33:46.020146Z,1791531225527,ATOMUSDT,Sell,3.2,2.0230,"{""T"":1791531225527,""s"":""ATOMUSDT"",""S"":""Sell"",""v"":""3.2"",""p"":""2.0230""}"
2026-10-09T07:33:53.340676Z,1791531233131,ONDOUSDT,Sell,834,0.4940,"{""T"":1791531233131,""s"":""ONDOUSDT"",""S"":""Sell"",""v"":""834"",""p"":""0.4940""}"
2026-10-09T07:34:05.991221Z,1791531245701,WUSDT,Buy,8107.8,0.016983,"{""T"":1791531245701,""s"":""WUSDT"",""S"":""Buy"",""v"":""8107.8"",""p"":""0.016983""}"
2026-10-09T07:34:10.138482Z,1791531249551,OGNUSDT,Sell,112,0.044165,"{""T"":1791531249551,""s"":""OGNUSDT"",""S"":""Sell"",""v"":""112"",""p"":""0.044165""}"
2026-10-09T07:34:10.138482Z,1791531249726,OGNUSDT,Sell,20033,0.044293,"{""T"":1791531249726,""s"":""OGNUSDT"",""S"":""Sell"",""v"":""20033"",""p"":""0.044293""}"
2026-10-09T07:34:10.138482Z,1791531249956,OGNUSDT,Sell,199,0.044270,"{""T"":1791531249956,""s"":""OGNUSDT"",""S"":""Sell"",""v"":""199"",""p"":""0.044270""}"
2026-10-09T07:34:11.518952Z,1791531251316,ATOMUSDT,Buy,278.7,1.9780,"{""T"":1791531251316,""s"":""ATOMUSDT"",""S"":""Buy"",""v"":""278.7"",""p"":""1.9780""}"
2026-10-09T07:34:12.638783Z,1791531252221,OGNUSDT,Sell,8036,0.044390,"{""T"":1791531252221,""s"":""OGNUSDT"",""S"":""Sell"",""v"":""8036"",""p"":""0.044390""}"
2026-10-09T07:34:13.638819Z,1791531253096,OGNUSDT,Sell,53870,0.044404,"{""T"":1791531253096,""s"":""OGNUSDT"",""S"":""Sell"",""v"":""53870"",""p"":""0.044404""}"
2026-10-09T07:34:20.495248Z,1791531260304,SUIUSDT,Sell,30,1.08580,"{""T"":1791531260304,""s"":""SUIUSDT"",""S"":""Sell"",""v"":""30"",""p"":""1.08580""}"
2026-10-09T07:34:51.019065Z,1791531290922,ATOMUSDT,Buy,100.0,1.9610,"{""T"":1791531290922,""s"":""ATOMUSDT"",""S"":""Buy"",""v"":""100.0"",""p"":""1.9610""}"
2026-10-09T07:34:51.519235Z,1791531291076,ATOMUSDT,Buy,2411.2,1.9620,"{""T"":1791531291076,""s"":""ATOMUSDT"",""S"":""Buy"",""v"":""2411.2"",""p"":""1.9620""}"
2026-10-09T07:35:00.519147Z,1791531300404,ATOMUSDT,Buy,190.4,1.9540,"{""T"":1791531300404,""s"":""ATOMUSDT"",""S"":""Buy"",""v"":""190.4"",""p"":""1.9540""}"
2026-10-09T07:35:14.492057Z,1791531314376,USUSDT,Sell,230,0.025660,"{""T"":1791531314376,""s"":""USUSDT"",""S"":""Sell"",""v"":""230"",""p"":""0.025660""}"
2026-10-09T07:35:15.852121Z,1791531315637,SANDUSDT,Buy,9468,0.06974,"{""T"":1791531315637,""s"":""SANDUSDT"",""S"":""Buy"",""v"":""9468"",""p"":""0.06974""}"
2026-10-09T07:35:56.316120Z,1791531356093,PUMPFUNUSDT,Buy,84800,0.0055950,"{""T"":1791531356093,""s"":""PUMPFUNUSDT"",""S"":""Buy"",""v"":""84800"",""p"":""0.0055950""}"
2026-10-09T07:36:46.841030Z,1791531406268,XRPUSDT,Sell,17261.2,1.4107,"{""T"":1791531406268,""s"":""XRPUSDT"",""S"":""Sell"",""v"":""17261.2"",""p"":""1.4107""}"
2026-10-09T07:36:48.490188Z,1791531407910,USUSDT,Sell,3820,0.025760,"{""T"":1791531407910,""s"":""USUSDT"",""S"":""Sell"",""v"":""3820"",""p"":""0.025760""}"
2026-10-09T07:36:48.490188Z,1791531407934,USUSDT,Sell,7540,0.025750,"{""T"":1791531407934,""s"":""USUSDT"",""S"":""Sell"",""v"":""7540"",""p"":""0.025750""}"
2026-10-09T07:36:48.490611Z,1791531407934,BTWUSDT,Buy,70,1.42340,"{""T"":1791531407934,""s"":""BTWUSDT"",""S"":""Buy"",""v"":""70"",""p"":""1.42340""}"
2026-10-09T07:36:51.990241Z,1791531411536,USUSDT,Sell,4220,0.025790,"{""T"":1791531411536,""s"":""USUSDT"",""S"":""Sell"",""v"":""4220"",""p"":""0.025790""}"
2026-10-09T07:36:51.990241Z,1791531411606,USUSDT,Sell,16260,0.025810,"{""T"":1791531411606,""s"":""USUSDT"",""S"":""Sell"",""v"":""16260"",""p"":""0.025810""}"
2026-10-09T07:36:52.489897Z,1791531412071,USUSDT,Sell,7050,0.025800,"{""T"":1791531412071,""s"":""USUSDT"",""S"":""Sell"",""v"":""7050"",""p"":""0.025800""}"
2026-10-09T07:37:06.138857Z,1791531425561,STRKUSDT,Buy,21120.8,0.06977,"{""T"":1791531425561,""s"":""STRKUSDT"",""S"":""Buy"",""v"":""21120.8"",""p"":""0.06977""}"
2026-10-09T07:37:16.138545Z,1791531435716,STRKUSDT,Buy,2367.0,0.06955,"{""T"":1791531435716,""s"":""STRKUSDT"",""S"":""Buy"",""v"":""2367.0"",""p"":""0.06955""}"
2026-10-09T07:37:26.489919Z,1791531445985,USUSDT,Sell,1800,0.025950,"{""T"":1791531445985,""s"":""USUSDT"",""S"":""Sell"",""v"":""1800"",""p"":""0.025950""}"
2026-10-09T07:37:27.490250Z,1791531447183,USUSDT,Sell,3350,0.025960,"{""T"":1791531447183,""s"":""USUSDT"",""S"":""Sell"",""v"":""3350"",""p"":""0.025960""}"
2026-10-09T07:37:27.990015Z,1791531447509,USUSDT,Sell,67490,0.026010,"{""T"":1791531447509,""s"":""USUSDT"",""S"":""Sell"",""v"":""67490"",""p"":""0.026010""}"
2026-10-09T07:37:31.990160Z,1791531451470,USUSDT,Sell,2810,0.026230,"{""T"":1791531451470,""s"":""USUSDT"",""S"":""Sell"",""v"":""2810"",""p"":""0.026230""}"
2026-10-09T07:37:31.990160Z,1791531451480,USUSDT,Sell,33400,0.026100,"{""T"":1791531451480,""s"":""USUSDT"",""S"":""Sell"",""v"":""33400"",""p"":""0.026100""}"
2026-10-09T07:37:31.990160Z,1791531451691,USUSDT,Sell,215020,0.026070,"{""T"":1791531451691,""s"":""USUSDT"",""S"":""Sell"",""v"":""215020"",""p"":""0.026070""}"
2026-10-09T07:37:31.990160Z,1791531451737,USUSDT,Sell,15350,0.026200,"{""T"":1791531451737,""s"":""USUSDT"",""S"":""Sell"",""v"":""15350"",""p"":""0.026200""}"
2026-10-09T07:37:31.990160Z,1791531451799,USUSDT,Sell,16220,0.026020,"{""T"":1791531451799,""s"":""USUSDT"",""S"":""Sell"",""v"":""16220"",""p"":""0.026020""}"
2026-10-09T07:37:32.490139Z,1791531452194,USUSDT,Sell,66790,0.026190,"{""T"":1791531452194,""s"":""USUSDT"",""S"":""Sell"",""v"":""66790"",""p"":""0.026190""}"
2026-10-09T07:37:33.490218Z,1791531453218,USUSDT,Sell,337850,0.026330,"{""T"":1791531453218,""s"":""USUSDT"",""S"":""Sell"",""v"":""337850"",""p"":""0.026330""}"
2026-10-09T07:37:33.991075Z,1791531453509,USUSDT,Sell,27050,0.026360,"{""T"":1791531453509,""s"":""USUSDT"",""S"":""Sell"",""v"":""27050"",""p"":""0.026360""}"
2026-10-09T07:37:34.489879Z,1791531453988,USUSDT,Sell,1200,0.026380,"{""T"":1791531453988,""s"":""USUSDT"",""S"":""Sell"",""v"":""1200"",""p"":""0.026380""}"
2026-10-09T07:39:28.522659Z,1791531568235,NEARUSDT,Sell,4.4,4.9210,"{""T"":1791531568235,""s"":""NEARUSDT"",""S"":""Sell"",""v"":""4.4"",""p"":""4.9210""}"
2026-10-09T07:41:10.819217Z,1791531670594,METUSDT,Sell,29.6,0.46380,"{""T"":1791531670594,""s"":""METUSDT"",""S"":""Sell"",""v"":""29.6"",""p"":""0.46380""}"
2026-10-09T07:41:44.499521Z,1791531704022,RLCUSDT,Buy,84.9,1.1681,"{""T"":1791531704022,""s"":""RLCUSDT"",""S"":""Buy"",""v"":""84.9"",""p"":""1.1681""}"
2026-10-09T07:41:44.499521Z,1791531704174,RLCUSDT,Buy,86.4,1.1747,"{""T"":1791531704174,""s"":""RLCUSDT"",""S"":""Buy"",""v"":""86.4"",""p"":""1.1747""}"
2026-10-09T07:41:46.999695Z,1791531706422,RLCUSDT,Buy,319.0,1.1612,"{""T"":1791531706422,""s"":""RLCUSDT"",""S"":""Buy"",""v"":""319.0"",""p"":""1.1612""}"
2026-10-09T07:41:46.999695Z,1791531706770,RLCUSDT,Buy,254.8,1.1622,"{""T"":1791531706770,""s"":""RLCUSDT"",""S"":""Buy"",""v"":""254.8"",""p"":""1.1622""}"
2026-10-09T07:41:59.000042Z,1791531718589,RLCUSDT,Buy,267.5,1.1519,"{""T"":1791531718589,""s"":""RLCUSDT"",""S"":""Buy"",""v"":""267.5"",""p"":""1.1519""}"
2026-10-09T07:41:59.000042Z,1791531718715,RLCUSDT,Buy,575.8,1.1510,"{""T"":1791531718715,""s"":""RLCUSDT"",""S"":""Buy"",""v"":""575.8"",""p"":""1.1510""}"
2026-10-09T07:42:20.138300Z,1791531739702,STRKUSDT,Sell,554.8,0.07116,"{""T"":1791531739702,""s"":""STRKUSDT"",""S"":""Sell"",""v"":""554.8"",""p"":""0.07116""}"
2026-10-09T07:42:49.990390Z,1791531769495,USUSDT,Sell,2820,0.026560,"{""T"":1791531769495,""s"":""USUSDT"",""S"":""Sell"",""v"":""2820"",""p"":""0.026560""}"
2026-10-09T07:42:49.990390Z,1791531769875,USUSDT,Sell,31610,0.026530,"{""T"":1791531769875,""s"":""USUSDT"",""S"":""Sell"",""v"":""31610"",""p"":""0.026530""}"
2026-10-09T07:42:53.990053Z,1791531773473,USUSDT,Sell,230,0.026770,"{""T"":1791531773473,""s"":""USUSDT"",""S"":""Sell"",""v"":""230"",""p"":""0.026770""}"
2026-10-09T07:42:53.990053Z,1791531773668,USUSDT,Sell,75000,0.026810,"{""T"":1791531773668,""s"":""USUSDT"",""S"":""Sell"",""v"":""75000"",""p"":""0.026810""}"
2026-10-09T07:42:53.990053Z,1791531773759,USUSDT,Sell,64650,0.026670,"{""T"":1791531773759,""s"":""USUSDT"",""S"":""Sell"",""v"":""64650"",""p"":""0.026670""}"
2026-10-09T07:42:53.990053Z,1791531773844,USUSDT,Sell,1140,0.026880,"{""T"":1791531773844,""s"":""USUSDT"",""S"":""Sell"",""v"":""1140"",""p"":""0.026880""}"
2026-10-09T07:42:54.489796Z,1791531773929,USUSDT,Sell,76760,0.026900,"{""T"":1791531773929,""s"":""USUSDT"",""S"":""Sell"",""v"":""76760"",""p"":""0.026900""}"
2026-10-09T07:42:54.489796Z,1791531774130,USUSDT,Sell,1840,0.026880,"{""T"":1791531774130,""s"":""USUSDT"",""S"":""Sell"",""v"":""1840"",""p"":""0.026880""}"
2026-10-09T07:42:54.489796Z,1791531774152,USUSDT,Sell,310,0.026610,"{""T"":1791531774152,""s"":""USUSDT"",""S"":""Sell"",""v"":""310"",""p"":""0.026610""}"
2026-10-09T07:42:55.989894Z,1791531775774,USUSDT,Sell,6240,0.026930,"{""T"":1791531775774,""s"":""USUSDT"",""S"":""Sell"",""v"":""6240"",""p"":""0.026930""}"
2026-10-09T07:42:56.489862Z,1791531776231,USUSDT,Sell,43720,0.026840,"{""T"":1791531776231,""s"":""USUSDT"",""S"":""Sell"",""v"":""43720"",""p"":""0.026840""}"
2026-10-09T07:42:56.990192Z,1791531776598,USUSDT,Sell,1420,0.027050,"{""T"":1791531776598,""s"":""USUSDT"",""S"":""Sell"",""v"":""1420"",""p"":""0.027050""}"
2026-10-09T07:42:56.990192Z,1791531776639,USUSDT,Sell,62660,0.027060,"{""T"":1791531776639,""s"":""USUSDT"",""S"":""Sell"",""v"":""62660"",""p"":""0.027060""}"
2026-10-09T07:43:03.990048Z,1791531783597,USUSDT,Sell,72690,0.027090,"{""T"":1791531783597,""s"":""USUSDT"",""S"":""Sell"",""v"":""72690"",""p"":""0.027090""}"
2026-10-09T07:43:06.990081Z,1791531786761,USUSDT,Sell,14610,0.027300,"{""T"":1791531786761,""s"":""USUSDT"",""S"":""Sell"",""v"":""14610"",""p"":""0.027300""}"
2026-10-09T07:43:07.490051Z,1791531787367,BTWUSDT,Sell,150,1.56803,"{""T"":1791531787367,""s"":""BTWUSDT"",""S"":""Sell"",""v"":""150"",""p"":""1.56803""}"
2026-10-09T07:43:07.490461Z,1791531787311,USUSDT,Sell,3990,0.027260,"{""T"":1791531787311,""s"":""USUSDT"",""S"":""Sell"",""v"":""3990"",""p"":""0.027260""}"
2026-10-09T07:43:07.490461Z,1791531787367,USUSDT,Sell,14660,0.027360,"{""T"":1791531787367,""s"":""USUSDT"",""S"":""Sell"",""v"":""14660"",""p"":""0.027360""}"
2026-10-09T07:43:07.568969Z,1791531787367,BTCUSDT,Sell,0.012,82777.30,"{""T"":1791531787367,""s"":""BTCUSDT"",""S"":""Sell"",""v"":""0.012"",""p"":""82777.30""}"
2026-10-09T07:43:07.638470Z,1791531787367,OGNUSDT,Sell,1706,0.043710,"{""T"":1791531787367,""s"":""OGNUSDT"",""S"":""Sell"",""v"":""1706"",""p"":""0.043710""}"
2026-10-09T07:43:15.499613Z,1791531795194,RLCUSDT,Buy,64.7,1.1364,"{""T"":1791531795194,""s"":""RLCUSDT"",""S"":""Buy"",""v"":""64.7"",""p"":""1.1364""}"
2026-10-09T07:43:17.499861Z,1791531797067,RLCUSDT,Buy,1255.8,1.1307,"{""T"":1791531797067,""s"":""RLCUSDT"",""S"":""Buy"",""v"":""1255.8"",""p"":""1.1307""}"
2026-10-09T07:43:46.490225Z,1791531826134,USUSDT,Sell,221400,0.027500,"{""T"":1791531826134,""s"":""USUSDT"",""S"":""Sell"",""v"":""221400"",""p"":""0.027500""}"
2026-10-09T07:43:54.499954Z,1791531834312,RLCUSDT,Buy,246.4,1.1214,"{""T"":1791531834312,""s"":""RLCUSDT"",""S"":""Buy"",""v"":""246.4"",""p"":""1.1214""}"
2026-10-09T07:44:20.499837Z,1791531860321,RLCUSDT,Buy,362.1,1.1210,"{""T"":1791531860321,""s"":""RLCUSDT"",""S"":""Buy"",""v"":""362.1"",""p"":""1.1210""}"
2026-10-09T07:44:21.000226Z,1791531860650,RLCUSDT,Buy,24.0,1.1193,"{""T"":1791531860650,""s"":""RLCUSDT"",""S"":""Buy"",""v"":""24.0"",""p"":""1.1193""}"
2026-10-09T07:45:25.499550Z,1791531924994,RLCUSDT,Buy,10.0,1.1189,"{""T"":1791531924994,""s"":""RLCUSDT"",""S"":""Buy"",""v"":""10.0"",""p"":""1.1189""}"
2026-10-09T07:45:34.490277Z,1791531934207,USUSDT,Sell,2010,0.027250,"{""T"":1791531934207,""s"":""USUSDT"",""S"":""Sell"",""v"":""2010"",""p"":""0.027250""}"
2026-10-09T07:45:53.994262Z,1791531953792,SOXLUSDT,Buy,2.37,149.49,"{""T"":1791531953792,""s"":""SOXLUSDT"",""S"":""Buy"",""v"":""2.37"",""p"":""149.49""}"
2026-10-09T07:46:22.490037Z,1791531982104,USUSDT,Buy,400,0.025430,"{""T"":1791531982104,""s"":""USUSDT"",""S"":""Buy"",""v"":""400"",""p"":""0.025430""}"
2026-10-09T07:46:22.490037Z,1791531982318,USUSDT,Buy,21440,0.025290,"{""T"":1791531982318,""s"":""USUSDT"",""S"":""Buy"",""v"":""21440"",""p"":""0.025290""}"
2026-10-09T07:46:31.490040Z,1791531991101,USUSDT,Buy,4100,0.024780,"{""T"":1791531991101,""s"":""USUSDT"",""S"":""Buy"",""v"":""4100"",""p"":""0.024780""}"
2026-10-09T07:46:46.415231Z,1791532006044,JUPUSDT,Sell,13715,0.36830,"{""T"":1791532006044,""s"":""JUPUSDT"",""S"":""Sell"",""v"":""13715"",""p"":""0.36830""}"
2026-10-09T07:46:48.917350Z,1791532008726,ZECUSDT,Sell,0.12,1234.05,"{""T"":1791532008726,""s"":""ZECUSDT"",""S"":""Sell"",""v"":""0.12"",""p"":""1234.05""}"
2026-10-09T07:46:48.999850Z,1791532008557,RLCUSDT,Buy,693.9,1.1011,"{""T"":1791532008557,""s"":""RLCUSDT"",""S"":""Buy"",""v"":""693.9"",""p"":""1.1011""}"
2026-10-09T07:46:50.499515Z,1791532009929,RLCUSDT,Buy,60.0,1.0920,"{""T"":1791532009929,""s"":""RLCUSDT"",""S"":""Buy"",""v"":""60.0"",""p"":""1.0920""}"
2026-10-09T07:46:50.499515Z,1791532010175,RLCUSDT,Buy,83.1,1.0952,"{""T"":1791532010175,""s"":""RLCUSDT"",""S"":""Buy"",""v"":""83.1"",""p"":""1.0952""}"
2026-10-09T07:46:50.999578Z,1791532010514,RLCUSDT,Buy,12.5,1.0893,"{""T"":1791532010514,""s"":""RLCUSDT"",""S"":""Buy"",""v"":""12.5"",""p"":""1.0893""}"
2026-10-09T07:46:58.490525Z,1791532018337,USUSDT,Buy,190,0.025070,"{""T"":1791532018337,""s"":""USUSDT"",""S"":""Buy"",""v"":""190"",""p"":""0.025070""}"
2026-10-09T07:47:32.831707Z,1791532052639,JCTUSDT,Buy,14400,0.0022750,"{""T"":1791532052639,""s"":""JCTUSDT"",""S"":""Buy"",""v"":""14400"",""p"":""0.0022750""}"
2026-10-09T07:47:33.000419Z,1791532052639,RLCUSDT,Buy,343.4,1.0736,"{""T"":1791532052639,""s"":""RLCUSDT"",""S"":""Buy"",""v"":""343.4"",""p"":""1.0736""}"
2026-10-09T07:47:33.000419Z,1791532052769,RLCUSDT,Buy,305.7,1.0717,"{""T"":1791532052769,""s"":""RLCUSDT"",""S"":""Buy"",""v"":""305.7"",""p"":""1.0717""}"
2026-10-09T07:47:33.138933Z,1791532052638,OGNUSDT,Sell,456,0.043341,"{""T"":1791532052638,""s"":""OGNUSDT"",""S"":""Sell"",""v"":""456"",""p"":""0.043341""}"
2026-10-09T07:47:33.501767Z,1791532052994,RLCUSDT,Buy,1611.1,1.0774,"{""T"":1791532052994,""s"":""RLCUSDT"",""S"":""Buy"",""v"":""1611.1"",""p"":""1.0774""}"
2026-10-09T07:47:33.501767Z,1791532053077,RLCUSDT,Buy,695.5,1.0711,"{""T"":1791532053077,""s"":""RLCUSDT"",""S"":""Buy"",""v"":""695.5"",""p"":""1.0711""}"
2026-10-09T07:47:33.999575Z,1791532053468,RLCUSDT,Buy,284.2,1.0770,"{""T"":1791532053468,""s"":""RLCUSDT"",""S"":""Buy"",""v"":""284.2"",""p"":""1.0770""}"
2026-10-09T07:47:33.999575Z,1791532053742,RLCUSDT,Buy,37.5,1.0667,"{""T"":1791532053742,""s"":""RLCUSDT"",""S"":""Buy"",""v"":""37.5"",""p"":""1.0667""}"
2026-10-09T07:47:38.500675Z,1791532058326,RLCUSDT,Buy,258.8,1.0642,"{""T"":1791532058326,""s"":""RLCUSDT"",""S"":""Buy"",""v"":""258.8"",""p"":""1.0642""}"
2026-10-09T07:47:38.500675Z,1791532058348,RLCUSDT,Buy,221.7,1.0665,"{""T"":1791532058348,""s"":""RLCUSDT"",""S"":""Buy"",""v"":""221.7"",""p"":""1.0665""}"
2026-10-09T07:47:38.999496Z,1791532058520,RLCUSDT,Buy,10.0,1.0608,"{""T"":1791532058520,""s"":""RLCUSDT"",""S"":""Buy"",""v"":""10.0"",""p"":""1.0608""}"
2026-10-09T07:47:39.499663Z,1791532059238,RLCUSDT,Buy,220.9,1.0598,"{""T"":1791532059238,""s"":""RLCUSDT"",""S"":""Buy"",""v"":""220.9"",""p"":""1.0598""}"
2026-10-09T07:48:00.999720Z,1791532080782,RLCUSDT,Buy,1344.3,1.0440,"{""T"":1791532080782,""s"":""RLCUSDT"",""S"":""Buy"",""v"":""1344.3"",""p"":""1.0440""}"
2026-10-09T07:48:00.999720Z,1791532080903,RLCUSDT,Buy,57.7,1.0407,"{""T"":1791532080903,""s"":""RLCUSDT"",""S"":""Buy"",""v"":""57.7"",""p"":""1.0407""}"
2026-10-09T07:48:01.499328Z,1791532081205,RLCUSDT,Buy,4.6,1.0461,"{""T"":1791532081205,""s"":""RLCUSDT"",""S"":""Buy"",""v"":""4.6"",""p"":""1.0461""}"
2026-10-09T07:48:02.499457Z,1791532082313,RLCUSDT,Buy,23.4,1.0359,"{""T"":1791532082313,""s"":""RLCUSDT"",""S"":""Buy"",""v"":""23.4"",""p"":""1.0359""}"
2026-10-09T07:48:05.638678Z,1791532085536,OGNUSDT,Buy,760,0.041581,"{""T"":1791532085536,""s"":""OGNUSDT"",""S"":""Buy"",""v"":""760"",""p"":""0.041581""}"
2026-10-09T07:48:25.999917Z,1791532105436,RLCUSDT,Buy,95.4,1.0171,"{""T"":1791532105436,""s"":""RLCUSDT"",""S"":""Buy"",""v"":""95.4"",""p"":""1.0171""}"
2026-10-09T07:48:25.999917Z,1791532105509,RLCUSDT,Buy,347.9,1.0199,"{""T"":1791532105509,""s"":""RLCUSDT"",""S"":""Buy"",""v"":""347.9"",""p"":""1.0199""}"
2026-10-09T07:48:25.999917Z,1791532105825,RLCUSDT,Buy,171.8,1.0237,"{""T"":1791532105825,""s"":""RLCUSDT"",""S"":""Buy"",""v"":""171.8"",""p"":""1.0237""}"
2026-10-09T07:48:26.499595Z,1791532106162,RLCUSDT,Buy,150.9,1.0232,"{""T"":1791532106162,""s"":""RLCUSDT"",""S"":""Buy"",""v"":""150.9"",""p"":""1.0232""}"
2026-10-09T07:48:26.499595Z,1791532106184,RLCUSDT,Buy,29.8,1.0187,"{""T"":1791532106184,""s"":""RLCUSDT"",""S"":""Buy"",""v"":""29.8"",""p"":""1.0187""}"
2026-10-09T07:48:31.352939Z,1791532111160,SANDUSDT,Buy,11759,0.06935,"{""T"":1791532111160,""s"":""SANDUSDT"",""S"":""Buy"",""v"":""11759"",""p"":""0.06935""}"
2026-10-09T07:48:31.499668Z,1791532111192,RLCUSDT,Buy,500.0,1.0106,"{""T"":1791532111192,""s"":""RLCUSDT"",""S"":""Buy"",""v"":""500.0"",""p"":""1.0106""}"
2026-10-09T07:48:32.499840Z,1791532112241,RLCUSDT,Buy,6.0,1.0095,"{""T"":1791532112241,""s"":""RLCUSDT"",""S"":""Buy"",""v"":""6.0"",""p"":""1.0095""}"
2026-10-09T07:48:33.138813Z,1791532112872,OGNUSDT,Buy,765,0.041387,"{""T"":1791532112872,""s"":""OGNUSDT"",""S"":""Buy"",""v"":""765"",""p"":""0.041387""}"
2026-10-09T07:48:35.999807Z,1791532115417,RLCUSDT,Buy,1348.4,1.0073,"{""T"":1791532115417,""s"":""RLCUSDT"",""S"":""Buy"",""v"":""1348.4"",""p"":""1.0073""}"
2026-10-09T07:48:35.999807Z,1791532115804,RLCUSDT,Buy,595.0,1.0076,"{""T"":1791532115804,""s"":""RLCUSDT"",""S"":""Buy"",""v"":""595.0"",""p"":""1.0076""}"
2026-10-09T07:48:40.499652Z,1791532120396,RLCUSDT,Buy,70.5,1.0061,"{""T"":1791532120396,""s"":""RLCUSDT"",""S"":""Buy"",""v"":""70.5"",""p"":""1.0061""}"
2026-10-09T07:49:06.638564Z,1791532146416,OGNUSDT,Buy,2106,0.041159,"{""T"":1791532146416,""s"":""OGNUSDT"",""S"":""Buy"",""v"":""2106"",""p"":""0.041159""}"
2026-10-09T07:49:06.638564Z,1791532146546,OGNUSDT,Buy,8122,0.041179,"{""T"":1791532146546,""s"":""OGNUSDT"",""S"":""Buy"",""v"":""8122"",""p"":""0.041179""}"
2026-10-09T07:49:07.138288Z,1791532146628,OGNUSDT,Buy,32662,0.041190,"{""T"":1791532146628,""s"":""OGNUSDT"",""S"":""Buy"",""v"":""32662"",""p"":""0.041190""}"
2026-10-09T07:49:07.519292Z,1791532147314,NEARUSDT,Buy,5.0,4.8200,"{""T"":1791532147314,""s"":""NEARUSDT"",""S"":""Buy"",""v"":""5.0"",""p"":""4.8200""}"
2026-10-09T07:49:10.138580Z,1791532149928,OGNUSDT,Buy,34394,0.041097,"{""T"":1791532149928,""s"":""OGNUSDT"",""S"":""Buy"",""v"":""34394"",""p"":""0.041097""}"
2026-10-09T07:49:10.499653Z,1791532150057,RLCUSDT,Sell,96.4,1.0884,"{""T"":1791532150057,""s"":""RLCUSDT"",""S"":""Sell"",""v"":""96.4"",""p"":""1.0884""}"
2026-10-09T07:49:10.638646Z,1791532150451,OGNUSDT,Buy,6473,0.041066,"{""T"":1791532150451,""s"":""OGNUSDT"",""S"":""Buy"",""v"":""6473"",""p"":""0.041066""}"
2026-10-09T07:49:57.020692Z,1791532196743,NEARUSDT,Buy,12.0,4.8000,"{""T"":1791532196743,""s"":""NEARUSDT"",""S"":""Buy"",""v"":""12.0"",""p"":""4.8000""}"
2026-10-09T07:50:09.851667Z,1791532209434,WIFUSDT,Buy,679,0.21150,"{""T"":1791532209434,""s"":""WIFUSDT"",""S"":""Buy"",""v"":""679"",""p"":""0.21150""}"
2026-10-09T07:51:07.990504Z,1791532267604,USUSDT,Sell,77940,0.026920,"{""T"":1791532267604,""s"":""USUSDT"",""S"":""Sell"",""v"":""77940"",""p"":""0.026920""}"
2026-10-09T07:51:10.490325Z,1791532269958,USUSDT,Sell,200,0.027160,"{""T"":1791532269958,""s"":""USUSDT"",""S"":""Sell"",""v"":""200"",""p"":""0.027160""}"
2026-10-09T07:51:10.490325Z,1791532270196,USUSDT,Sell,66080,0.027150,"{""T"":1791532270196,""s"":""USUSDT"",""S"":""Sell"",""v"":""66080"",""p"":""0.027150""}"
2026-10-09T07:51:24.490521Z,1791532284275,USUSDT,Buy,2320,0.025290,"{""T"":1791532284275,""s"":""USUSDT"",""S"":""Buy"",""v"":""2320"",""p"":""0.025290""}"
2026-10-09T07:51:24.990071Z,1791532284730,USUSDT,Buy,1320,0.025320,"{""T"":1791532284730,""s"":""USUSDT"",""S"":""Buy"",""v"":""1320"",""p"":""0.025320""}"
2026-10-09T07:51:38.990217Z,1791532298667,USUSDT,Buy,370,0.024900,"{""T"":1791532298667,""s"":""USUSDT"",""S"":""Buy"",""v"":""370"",""p"":""0.024900""}"
2026-10-09T07:51:38.990217Z,1791532298788,USUSDT,Buy,10680,0.024860,"{""T"":1791532298788,""s"":""USUSDT"",""S"":""Buy"",""v"":""10680"",""p"":""0.024860""}"
2026-10-09T07:51:38.990217Z,1791532298840,USUSDT,Buy,1480,0.024870,"{""T"":1791532298840,""s"":""USUSDT"",""S"":""Buy"",""v"":""1480"",""p"":""0.024870""}"
2026-10-09T07:51:39.489985Z,1791532299271,USUSDT,Buy,17060,0.024850,"{""T"":1791532299271,""s"":""USUSDT"",""S"":""Buy"",""v"":""17060"",""p"":""0.024850""}"
2026-10-09T07:51:40.490562Z,1791532300184,USUSDT,Buy,230,0.024670,"{""T"":1791532300184,""s"":""USUSDT"",""S"":""Buy"",""v"":""230"",""p"":""0.024670""}"
2026-10-09T07:52:14.990918Z,1791532334622,USUSDT,Buy,19490,0.024550,"{""T"":1791532334622,""s"":""USUSDT"",""S"":""Buy"",""v"":""19490"",""p"":""0.024550""}"
2026-10-09T07:52:16.490025Z,1791532336224,USUSDT,Buy,25310,0.024290,"{""T"":1791532336224,""s"":""USUSDT"",""S"":""Buy"",""v"":""25310"",""p"":""0.024290""}"
2026-10-09T07:52:16.490025Z,1791532336259,USUSDT,Buy,3830,0.024290,"{""T"":1791532336259,""s"":""USUSDT"",""S"":""Buy"",""v"":""3830"",""p"":""0.024290""}"
2026-10-09T07:52:16.490025Z,1791532336301,USUSDT,Buy,63070,0.024320,"{""T"":1791532336301,""s"":""USUSDT"",""S"":""Buy"",""v"":""63070"",""p"":""0.024320""}"
2026-10-09T07:52:16.990134Z,1791532336674,USUSDT,Buy,12350,0.024450,"{""T"":1791532336674,""s"":""USUSDT"",""S"":""Buy"",""v"":""12350"",""p"":""0.024450""}"
2026-10-09T07:52:16.990134Z,1791532336774,USUSDT,Buy,600,0.024300,"{""T"":1791532336774,""s"":""USUSDT"",""S"":""Buy"",""v"":""600"",""p"":""0.024300""}"
2026-10-09T07:52:16.990134Z,1791532336778,USUSDT,Buy,230,0.024250,"{""T"":1791532336778,""s"":""USUSDT"",""S"":""Buy"",""v"":""230"",""p"":""0.024250""}"
2026-10-09T07:52:16.990134Z,1791532336889,USUSDT,Buy,68940,0.024260,"{""T"":1791532336889,""s"":""USUSDT"",""S"":""Buy"",""v"":""68940"",""p"":""0.024260""}"
2026-10-09T07:52:17.489898Z,1791532337108,USUSDT,Buy,7840,0.024350,"{""T"":1791532337108,""s"":""USUSDT"",""S"":""Buy"",""v"":""7840"",""p"":""0.024350""}"
2026-10-09T07:52:17.489898Z,1791532337180,USUSDT,Buy,13280,0.024230,"{""T"":1791532337180,""s"":""USUSDT"",""S"":""Buy"",""v"":""13280"",""p"":""0.024230""}"
2026-10-09T07:52:23.490413Z,1791532343264,USUSDT,Buy,77940,0.024120,"{""T"":1791532343264,""s"":""USUSDT"",""S"":""Buy"",""v"":""77940"",""p"":""0.024120""}"
2026-10-09T07:52:23.990094Z,1791532343676,USUSDT,Buy,100,0.024100,"{""T"":1791532343676,""s"":""USUSDT"",""S"":""Buy"",""v"":""100"",""p"":""0.024100""}"
2026-10-09T07:52:24.990247Z,1791532344691,USUSDT,Buy,12650,0.023930,"{""T"":1791532344691,""s"":""USUSDT"",""S"":""Buy"",""v"":""12650"",""p"":""0.023930""}"
2026-10-09T07:52:25.490828Z,1791532345106,USUSDT,Buy,10730,0.023910,"{""T"":1791532345106,""s"":""USUSDT"",""S"":""Buy"",""v"":""10730"",""p"":""0.023910""}"
2026-10-09T07:52:25.490828Z,1791532345188,USUSDT,Buy,10830,0.023940,"{""T"":1791532345188,""s"":""USUSDT"",""S"":""Buy"",""v"":""10830"",""p"":""0.023940""}"
2026-10-09T07:52:39.639087Z,1791532359222,OGNUSDT,Buy,7007,0.040796,"{""T"":1791532359222,""s"":""OGNUSDT"",""S"":""Buy"",""v"":""7007"",""p"":""0.040796""}"
2026-10-09T07:52:45.638614Z,1791532365259,OGNUSDT,Buy,60942,0.040587,"{""T"":1791532365259,""s"":""OGNUSDT"",""S"":""Buy"",""v"":""60942"",""p"":""0.040587""}"
2026-10-09T07:52:47.138341Z,1791532366555,OGNUSDT,Buy,299,0.040471,"{""T"":1791532366555,""s"":""OGNUSDT"",""S"":""Buy"",""v"":""299"",""p"":""0.040471""}"
2026-10-09T07:52:47.138341Z,1791532366722,OGNUSDT,Buy,139,0.040463,"{""T"":1791532366722,""s"":""OGNUSDT"",""S"":""Buy"",""v"":""139"",""p"":""0.040463""}"
2026-10-09T07:52:50.638903Z,1791532370180,OGNUSDT,Buy,2610,0.040357,"{""T"":1791532370180,""s"":""OGNUSDT"",""S"":""Buy"",""v"":""2610"",""p"":""0.040357""}"
2026-10-09T07:52:50.638903Z,1791532370491,OGNUSDT,Buy,3806,0.040366,"{""T"":1791532370491,""s"":""OGNUSDT"",""S"":""Buy"",""v"":""3806"",""p"":""0.040366""}"
2026-10-09T07:52:57.816119Z,1791532377433,WLFIUSDT,Buy,1648,0.05354,"{""T"":1791532377433,""s"":""WLFIUSDT"",""S"":""Buy"",""v"":""1648"",""p"":""0.05354""}"
2026-10-09T07:53:02.138864Z,1791532381956,OGNUSDT,Buy,6097,0.040234,"{""T"":1791532381956,""s"":""OGNUSDT"",""S"":""Buy"",""v"":""6097"",""p"":""0.040234""}"
2026-10-09T07:53:07.490072Z,1791532386988,USUSDT,Sell,920,0.025690,"{""T"":1791532386988,""s"":""USUSDT"",""S"":""Sell"",""v"":""920"",""p"":""0.025690""}"
2026-10-09T07:53:13.138278Z,1791532392989,OGNUSDT,Buy,6321,0.040193,"{""T"":1791532392989,""s"":""OGNUSDT"",""S"":""Buy"",""v"":""6321"",""p"":""0.040193""}"
2026-10-09T07:53:21.638587Z,1791532401439,STRKUSDT,Sell,108.7,0.07278,"{""T"":1791532401439,""s"":""STRKUSDT"",""S"":""Sell"",""v"":""108.7"",""p"":""0.07278""}"
2026-10-09T07:53:22.138951Z,1791532401622,STRKUSDT,Sell,11817.8,0.07258,"{""T"":1791532401622,""s"":""STRKUSDT"",""S"":""Sell"",""v"":""11817.8"",""p"":""0.07258""}"
2026-10-09T07:53:26.138894Z,1791532405727,STRKUSDT,Buy,5976.0,0.06994,"{""T"":1791532405727,""s"":""STRKUSDT"",""S"":""Buy"",""v"":""5976.0"",""p"":""0.06994""}"
2026-10-09T07:53:30.638500Z,1791532410227,STRKUSDT,Sell,3620.7,0.07213,"{""T"":1791532410227,""s"":""STRKUSDT"",""S"":""Sell"",""v"":""3620.7"",""p"":""0.07213""}"
2026-10-09T07:53:33.640660Z,1791532413417,STRKUSDT,Sell,2360.4,0.07226,"{""T"":1791532413417,""s"":""STRKUSDT"",""S"":""Sell"",""v"":""2360.4"",""p"":""0.07226""}"
2026-10-09T07:53:43.316119Z,1791532422777,GRASSUSDT,Sell,7820,0.65260,"{""T"":1791532422777,""s"":""GRASSUSDT"",""S"":""Sell"",""v"":""7820"",""p"":""0.65260""}"
2026-10-09T07:53:50.638390Z,1791532430525,STRKUSDT,Sell,1284.9,0.07287,"{""T"":1791532430525,""s"":""STRKUSDT"",""S"":""Sell"",""v"":""1284.9"",""p"":""0.07287""}"
2026-10-09T07:54:26.495817Z,1791532466063,OPUSDT,Sell,2651.4,0.12614,"{""T"":1791532466063,""s"":""OPUSDT"",""S"":""Sell"",""v"":""2651.4"",""p"":""0.12614""}"
2026-10-09T07:54:33.019491Z,1791532472496,PYTHUSDT,Sell,297,0.08616,"{""T"":1791532472496,""s"":""PYTHUSDT"",""S"":""Sell"",""v"":""297"",""p"":""0.08616""}"
2026-10-09T07:55:07.999603Z,1791532507443,RLCUSDT,Buy,644.9,1.0331,"{""T"":1791532507443,""s"":""RLCUSDT"",""S"":""Buy"",""v"":""644.9"",""p"":""1.0331""}"
2026-10-09T07:55:36.959778Z,1791532536861,ETHUSDT,Sell,8.21,2510.28,"{""T"":1791532536861,""s"":""ETHUSDT"",""S"":""Sell"",""v"":""8.21"",""p"":""2510.28""}"
2026-10-09T07:55:37.019376Z,1791532536861,NEARUSDT,Sell,850.7,4.9050,"{""T"":1791532536861,""s"":""NEARUSDT"",""S"":""Sell"",""v"":""850.7"",""p"":""4.9050""}"
2026-10-09T07:55:37.069152Z,1791532536861,BTCUSDT,Sell,0.422,82838.70,"{""T"":1791532536861,""s"":""BTCUSDT"",""S"":""Sell"",""v"":""0.422"",""p"":""82838.70""}"
2026-10-09T07:55:37.316660Z,1791532536861,METUSDT,Sell,4347.8,0.46390,"{""T"":1791532536861,""s"":""METUSDT"",""S"":""Sell"",""v"":""4347.8"",""p"":""0.46390""}"
2026-10-09T07:55:37.340912Z,1791532536861,XRPUSDT,Sell,14562.4,1.4105,"{""T"":1791532536861,""s"":""XRPUSDT"",""S"":""Sell"",""v"":""14562.4"",""p"":""1.4105""}"
2026-10-09T07:55:37.417327Z,1791532536861,ZECUSDT,Sell,5.72,1237.18,"{""T"":1791532536861,""s"":""ZECUSDT"",""S"":""Sell"",""v"":""5.72"",""p"":""1237.18""}"
2026-10-09T07:55:56.519904Z,1791532556187,ATOMUSDT,Buy,7.6,1.9370,"{""T"":1791532556187,""s"":""ATOMUSDT"",""S"":""Buy"",""v"":""7.6"",""p"":""1.9370""}"
2026-10-09T07:56:25.000160Z,1791532584846,RLCUSDT,Buy,33.9,1.0290,"{""T"":1791532584846,""s"":""RLCUSDT"",""S"":""Buy"",""v"":""33.9"",""p"":""1.0290""}"
2026-10-09T07:56:25.499665Z,1791532585164,RLCUSDT,Buy,1401.7,1.0289,"{""T"":1791532585164,""s"":""RLCUSDT"",""S"":""Buy"",""v"":""1401.7"",""p"":""1.0289""}"
2026-10-09T07:56:26.489976Z,1791532586273,ZROUSDT,Sell,20.0,2.2100,"{""T"":1791532586273,""s"":""ZROUSDT"",""S"":""Sell"",""v"":""20.0"",""p"":""2.2100""}"
2026-10-09T07:56:28.500200Z,1791532588256,RLCUSDT,Buy,235.2,1.0209,"{""T"":1791532588256,""s"":""RLCUSDT"",""S"":""Buy"",""v"":""235.2"",""p"":""1.0209""}"
2026-10-09T07:56:36.999556Z,1791532596902,RLCUSDT,Buy,26.8,1.0073,"{""T"":1791532596902,""s"":""RLCUSDT"",""S"":""Buy"",""v"":""26.8"",""p"":""1.0073""}"
2026-10-09T07:56:42.341030Z,1791532601870,XRPUSDT,Sell,63.1,1.4110,"{""T"":1791532601870,""s"":""XRPUSDT"",""S"":""Sell"",""v"":""63.1"",""p"":""1.4110""}"
2026-10-09T07:56:43.500120Z,1791532603165,RLCUSDT,Buy,139.0,1.0042,"{""T"":1791532603165,""s"":""RLCUSDT"",""S"":""Buy"",""v"":""139.0"",""p"":""1.0042""}"
2026-10-09T07:56:44.990395Z,1791532604656,USUSDT,Buy,220,0.024400,"{""T"":1791532604656,""s"":""USUSDT"",""S"":""Buy"",""v"":""220"",""p"":""0.024400""}"
2026-10-09T07:56:44.999379Z,1791532604656,RLCUSDT,Buy,4.6,0.9979,"{""T"":1791532604656,""s"":""RLCUSDT"",""S"":""Buy"",""v"":""4.6"",""p"":""0.9979""}"
2026-10-09T07:56:45.138404Z,1791532604656,OGNUSDT,Buy,136,0.040607,"{""T"":1791532604656,""s"":""OGNUSDT"",""S"":""Buy"",""v"":""136"",""p"":""0.040607""}"
2026-10-09T07:56:46.840881Z,1791532606387,XRPUSDT,Sell,6.5,1.4111,"{""T"":1791532606387,""s"":""XRPUSDT"",""S"":""Sell"",""v"":""6.5"",""p"":""1.4111""}"
2026-10-09T07:56:58.499999Z,1791532617949,RLCUSDT,Buy,140.7,0.9882,"{""T"":1791532617949,""s"":""RLCUSDT"",""S"":""Buy"",""v"":""140.7"",""p"":""0.9882""}"
2026-10-09T07:56:59.499424Z,1791532618931,RLCUSDT,Buy,370.5,0.9848,"{""T"":1791532618931,""s"":""RLCUSDT"",""S"":""Buy"",""v"":""370.5"",""p"":""0.9848""}"
2026-10-09T07:57:10.841007Z,1791532630431,XRPUSDT,Sell,34.9,1.4111,"{""T"":1791532630431,""s"":""XRPUSDT"",""S"":""Sell"",""v"":""34.9"",""p"":""1.4111""}"
2026-10-09T07:57:29.417270Z,1791532648983,ZECUSDT,Sell,0.45,1240.03,"{""T"":1791532648983,""s"":""ZECUSDT"",""S"":""Sell"",""v"":""0.45"",""p"":""1240.03""}"
2026-10-09T07:59:07.490229Z,1791532747290,USUSDT,Sell,4730,0.026410,"{""T"":1791532747290,""s"":""USUSDT"",""S"":""Sell"",""v"":""4730"",""p"":""0.026410""}"
2026-10-09T07:59:07.490229Z,1791532747311,USUSDT,Sell,71500,0.026370,"{""T"":1791532747311,""s"":""USUSDT"",""S"":""Sell"",""v"":""71500"",""p"":""0.026370""}"
2026-10-09T07:59:07.490229Z,1791532747312,USUSDT,Sell,580,0.026890,"{""T"":1791532747312,""s"":""USUSDT"",""S"":""Sell"",""v"":""580"",""p"":""0.026890""}"
2026-10-09T07:59:08.490147Z,1791532748229,USUSDT,Sell,1180,0.026890,"{""T"":1791532748229,""s"":""USUSDT"",""S"":""Sell"",""v"":""1180"",""p"":""0.026890""}"
2026-10-09T07:59:12.490161Z,1791532752041,USUSDT,Sell,36890,0.027100,"{""T"":1791532752041,""s"":""USUSDT"",""S"":""Sell"",""v"":""36890"",""p"":""0.027100""}"
2026-10-09T07:59:13.990043Z,1791532753784,USUSDT,Sell,48730,0.027290,"{""T"":1791532753784,""s"":""USUSDT"",""S"":""Sell"",""v"":""48730"",""p"":""0.027290""}"
2026-10-09T07:59:34.990568Z,1791532774695,USUSDT,Sell,10000,0.027320,"{""T"":1791532774695,""s"":""USUSDT"",""S"":""Sell"",""v"":""10000"",""p"":""0.027320""}"
2026-10-09T07:59:35.489972Z,1791532774905,USUSDT,Sell,200,0.027350,"{""T"":1791532774905,""s"":""USUSDT"",""S"":""Sell"",""v"":""200"",""p"":""0.027350""}"
2026-10-09T07:59:36.990211Z,1791532776482,USUSDT,Sell,1110,0.027420,"{""T"":1791532776482,""s"":""USUSDT"",""S"":""Sell"",""v"":""1110"",""p"":""0.027420""}"
2026-10-09T07:59:37.490609Z,1791532777229,USUSDT,Sell,220,0.027430,"{""T"":1791532777229,""s"":""USUSDT"",""S"":""Sell"",""v"":""220"",""p"":""0.027430""}"
2026-10-09T07:59:38.990110Z,1791532778654,USUSDT,Sell,290,0.027540,"{""T"":1791532778654,""s"":""USUSDT"",""S"":""Sell"",""v"":""290"",""p"":""0.027540""}"
2026-10-09T08:00:08.490533Z,1791532808035,SOXLUSDT,Buy,21.68,149.05,"{""T"":1791532808035,""s"":""SOXLUSDT"",""S"":""Buy"",""v"":""21.68"",""p"":""149.05""}"
2026-10-09T08:00:08.490533Z,1791532808232,SOXLUSDT,Buy,59.78,149.05,"{""T"":1791532808232,""s"":""SOXLUSDT"",""S"":""Buy"",""v"":""59.78"",""p"":""149.05""}"
2026-10-09T08:00:10.989945Z,1791532810819,USUSDT,Sell,12740,0.027680,"{""T"":1791532810819,""s"":""USUSDT"",""S"":""Sell"",""v"":""12740"",""p"":""0.027680""}"
2026-10-09T08:00:38.502117Z,1791532837994,RLCUSDT,Buy,500.0,0.9806,"{""T"":1791532837994,""s"":""RLCUSDT"",""S"":""Buy"",""v"":""500.0"",""p"":""0.9806""}"
2026-10-09T08:01:10.638409Z,1791532870204,OGNUSDT,Buy,9831,0.040047,"{""T"":1791532870204,""s"":""OGNUSDT"",""S"":""Buy"",""v"":""9831"",""p"":""0.040047""}"
2026-10-09T08:01:10.638409Z,1791532870245,OGNUSDT,Buy,136,0.039153,"{""T"":1791532870245,""s"":""OGNUSDT"",""S"":""Buy"",""v"":""136"",""p"":""0.039153""}"
2026-10-09T08:01:10.638409Z,1791532870345,OGNUSDT,Buy,9475,0.039568,"{""T"":1791532870345,""s"":""OGNUSDT"",""S"":""Buy"",""v"":""9475"",""p"":""0.039568""}"
2026-10-09T08:01:10.638409Z,1791532870362,OGNUSDT,Buy,113069,0.039488,"{""T"":1791532870362,""s"":""OGNUSDT"",""S"":""Buy"",""v"":""113069"",""p"":""0.039488""}"
2026-10-09T08:01:10.638409Z,1791532870442,OGNUSDT,Buy,11300,0.039865,"{""T"":1791532870442,""s"":""OGNUSDT"",""S"":""Buy"",""v"":""11300"",""p"":""0.039865""}"
2026-10-09T08:01:10.638409Z,1791532870457,OGNUSDT,Buy,18657,0.040099,"{""T"":1791532870457,""s"":""OGNUSDT"",""S"":""Buy"",""v"":""18657"",""p"":""0.040099""}"
2026-10-09T08:01:10.638409Z,1791532870470,OGNUSDT,Buy,171,0.039787,"{""T"":1791532870470,""s"":""OGNUSDT"",""S"":""Buy"",""v"":""171"",""p"":""0.039787""}"
2026-10-09T08:01:10.990223Z,1791532870862,ORCAUSDT,Buy,46.5,2.4118,"{""T"":1791532870862,""s"":""ORCAUSDT"",""S"":""Buy"",""v"":""46.5"",""p"":""2.4118""}"
2026-10-09T08:01:10.999394Z,1791532870862,RLCUSDT,Buy,178.2,0.9987,"{""T"":1791532870862,""s"":""RLCUSDT"",""S"":""Buy"",""v"":""178.2"",""p"":""0.9987""}"
2026-10-09T08:01:11.138698Z,1791532870573,OGNUSDT,Buy,2191,0.038871,"{""T"":1791532870573,""s"":""OGNUSDT"",""S"":""Buy"",""v"":""2191"",""p"":""0.038871""}"
2026-10-09T08:01:11.138698Z,1791532870574,OGNUSDT,Buy,44444,0.038873,"{""T"":1791532870574,""s"":""OGNUSDT"",""S"":""Buy"",""v"":""44444"",""p"":""0.038873""}"
2026-10-09T08:01:11.138698Z,1791532870578,OGNUSDT,Buy,501,0.039140,"{""T"":1791532870578,""s"":""OGNUSDT"",""S"":""Buy"",""v"":""501"",""p"":""0.039140""}"
2026-10-09T08:01:11.138698Z,1791532870697,OGNUSDT,Buy,5611,0.039484,"{""T"":1791532870697,""s"":""OGNUSDT"",""S"":""Buy"",""v"":""5611"",""p"":""0.039484""}"
2026-10-09T08:01:11.138698Z,1791532870730,OGNUSDT,Buy,152,0.039487,"{""T"":1791532870730,""s"":""OGNUSDT"",""S"":""Buy"",""v"":""152"",""p"":""0.039487""}"
2026-10-09T08:01:11.138698Z,1791532870802,OGNUSDT,Buy,698,0.039262,"{""T"":1791532870802,""s"":""OGNUSDT"",""S"":""Buy"",""v"":""698"",""p"":""0.039262""}"
2026-10-09T08:01:11.138698Z,1791532870862,OGNUSDT,Buy,18398,0.039162,"{""T"":1791532870862,""s"":""OGNUSDT"",""S"":""Buy"",""v"":""18398"",""p"":""0.039162""}"
2026-10-09T08:01:11.138698Z,1791532870956,OGNUSDT,Buy,7045,0.039418,"{""T"":1791532870956,""s"":""OGNUSDT"",""S"":""Buy"",""v"":""7045"",""p"":""0.039418""}"
2026-10-09T08:01:11.138698Z,1791532871030,OGNUSDT,Buy,2618,0.039403,"{""T"":1791532871030,""s"":""OGNUSDT"",""S"":""Buy"",""v"":""2618"",""p"":""0.039403""}"
2026-10-09T08:01:11.138698Z,1791532871039,OGNUSDT,Buy,8842,0.038983,"{""T"":1791532871039,""s"":""OGNUSDT"",""S"":""Buy"",""v"":""8842"",""p"":""0.038983""}"
2026-10-09T08:01:11.638558Z,1791532871109,OGNUSDT,Buy,8289,0.039357,"{""T"":1791532871109,""s"":""OGNUSDT"",""S"":""Buy"",""v"":""8289"",""p"":""0.039357""}"
2026-10-09T08:01:12.638343Z,1791532872339,OGNUSDT,Buy,20000,0.038616,"{""T"":1791532872339,""s"":""OGNUSDT"",""S"":""Buy"",""v"":""20000"",""p"":""0.038616""}"
2026-10-09T08:01:13.138500Z,1791532872677,OGNUSDT,Buy,604,0.038679,"{""T"":1791532872677,""s"":""OGNUSDT"",""S"":""Buy"",""v"":""604"",""p"":""0.038679""}"
2026-10-09T08:01:13.138500Z,1791532872740,OGNUSDT,Buy,77762,0.038671,"{""T"":1791532872740,""s"":""OGNUSDT"",""S"":""Buy"",""v"":""77762"",""p"":""0.038671""}"
2026-10-09T08:01:13.138500Z,1791532872837,OGNUSDT,Buy,363,0.038642,"{""T"":1791532872837,""s"":""OGNUSDT"",""S"":""Buy"",""v"":""363"",""p"":""0.038642""}"
2026-10-09T08:01:13.638338Z,1791532873226,OGNUSDT,Buy,177,0.038340,"{""T"":1791532873226,""s"":""OGNUSDT"",""S"":""Buy"",""v"":""177"",""p"":""0.038340""}"
2026-10-09T08:01:13.638338Z,1791532873410,OGNUSDT,Buy,6695,0.038401,"{""T"":1791532873410,""s"":""OGNUSDT"",""S"":""Buy"",""v"":""6695"",""p"":""0.038401""}"
2026-10-09T08:01:14.138701Z,1791532873629,OGNUSDT,Buy,938,0.038340,"{""T"":1791532873629,""s"":""OGNUSDT"",""S"":""Buy"",""v"":""938"",""p"":""0.038340""}"
2026-10-09T08:01:14.138701Z,1791532873674,OGNUSDT,Buy,4508,0.038399,"{""T"":1791532873674,""s"":""OGNUSDT"",""S"":""Buy"",""v"":""4508"",""p"":""0.038399""}"
2026-10-09T08:01:14.638319Z,1791532874110,OGNUSDT,Buy,366,0.038522,"{""T"":1791532874110,""s"":""OGNUSDT"",""S"":""Buy"",""v"":""366"",""p"":""0.038522""}"
2026-10-09T08:01:33.990378Z,1791532893784,BTWUSDT,Sell,70,1.58176,"{""T"":1791532893784,""s"":""BTWUSDT"",""S"":""Sell"",""v"":""70"",""p"":""1.58176""}"
2026-10-09T08:01:45.003556Z,1791532904733,RLCUSDT,Buy,121.8,0.9739,"{""T"":1791532904733,""s"":""RLCUSDT"",""S"":""Buy"",""v"":""121.8"",""p"":""0.9739""}"
2026-10-09T08:01:45.490224Z,1791532905061,BTWUSDT,Sell,260,1.58520,"{""T"":1791532905061,""s"":""BTWUSDT"",""S"":""Sell"",""v"":""260"",""p"":""1.58520""}"
2026-10-09T08:01:46.990731Z,1791532906470,BTWUSDT,Sell,300,1.58815,"{""T"":1791532906470,""s"":""BTWUSDT"",""S"":""Sell"",""v"":""300"",""p"":""1.58815""}"
2026-10-09T08:01:46.999336Z,1791532906544,RLCUSDT,Buy,7.3,0.9712,"{""T"":1791532906544,""s"":""RLCUSDT"",""S"":""Buy"",""v"":""7.3"",""p"":""0.9712""}"
2026-10-09T08:01:53.638364Z,1791532913247,OGNUSDT,Buy,1131,0.038283,"{""T"":1791532913247,""s"":""OGNUSDT"",""S"":""Buy"",""v"":""1131"",""p"":""0.038283""}"
2026-10-09T08:01:54.138418Z,1791532913818,OGNUSDT,Buy,2938,0.038290,"{""T"":1791532913818,""s"":""OGNUSDT"",""S"":""Buy"",""v"":""2938"",""p"":""0.038290""}"
2026-10-09T08:01:54.138418Z,1791532913888,OGNUSDT,Buy,1173,0.038304,"{""T"":1791532913888,""s"":""OGNUSDT"",""S"":""Buy"",""v"":""1173"",""p"":""0.038304""}"
2026-10-09T08:01:54.638865Z,1791532914369,OGNUSDT,Buy,3663,0.038149,"{""T"":1791532914369,""s"":""OGNUSDT"",""S"":""Buy"",""v"":""3663"",""p"":""0.038149""}"
2026-10-09T08:01:55.138383Z,1791532914765,OGNUSDT,Buy,226,0.038164,"{""T"":1791532914765,""s"":""OGNUSDT"",""S"":""Buy"",""v"":""226"",""p"":""0.038164""}"
2026-10-09T08:02:02.331899Z,1791532922064,JCTUSDT,Buy,114100,0.0021900,"{""T"":1791532922064,""s"":""JCTUSDT"",""S"":""Buy"",""v"":""114100"",""p"":""0.0021900""}"
2026-10-09T08:02:11.989986Z,1791532931448,USUSDT,Sell,360,0.027820,"{""T"":1791532931448,""s"":""USUSDT"",""S"":""Sell"",""v"":""360"",""p"":""0.027820""}"
2026-10-09T08:02:11.989986Z,1791532931532,USUSDT,Sell,560,0.027830,"{""T"":1791532931532,""s"":""USUSDT"",""S"":""Sell"",""v"":""560"",""p"":""0.027830""}"
2026-10-09T08:02:11.989986Z,1791532931626,USUSDT,Sell,740,0.027820,"{""T"":1791532931626,""s"":""USUSDT"",""S"":""Sell"",""v"":""740"",""p"":""0.027820""}"
2026-10-09T08:02:12.490197Z,1791532931982,USUSDT,Sell,2460,0.027990,"{""T"":1791532931982,""s"":""USUSDT"",""S"":""Sell"",""v"":""2460"",""p"":""0.027990""}"
2026-10-09T08:02:12.639189Z,1791532932482,OGNUSDT,Buy,3262,0.038110,"{""T"":1791532932482,""s"":""OGNUSDT"",""S"":""Buy"",""v"":""3262"",""p"":""0.038110""}"
2026-10-09T08:02:12.990102Z,1791532932610,USUSDT,Sell,24100,0.028030,"{""T"":1791532932610,""s"":""USUSDT"",""S"":""Sell"",""v"":""24100"",""p"":""0.028030""}"
2026-10-09T08:02:13.138307Z,1791532932682,OGNUSDT,Buy,507,0.038058,"{""T"":1791532932682,""s"":""OGNUSDT"",""S"":""Buy"",""v"":""507"",""p"":""0.038058""}"
2026-10-09T08:02:13.489961Z,1791532932940,USUSDT,Sell,10360,0.028110,"{""T"":1791532932940,""s"":""USUSDT"",""S"":""Sell"",""v"":""10360"",""p"":""0.028110""}"
2026-10-09T08:02:13.489961Z,1791532933392,USUSDT,Sell,19300,0.028090,"{""T"":1791532933392,""s"":""USUSDT"",""S"":""Sell"",""v"":""19300"",""p"":""0.028090""}"
2026-10-09T08:02:13.989951Z,1791532933814,USUSDT,Sell,25980,0.028290,"{""T"":1791532933814,""s"":""USUSDT"",""S"":""Sell"",""v"":""25980"",""p"":""0.028290""}"
2026-10-09T08:02:14.490324Z,1791532933915,USUSDT,Sell,1930,0.028350,"{""T"":1791532933915,""s"":""USUSDT"",""S"":""Sell"",""v"":""1930"",""p"":""0.028350""}"
2026-10-09T08:02:14.490324Z,1791532933925,USUSDT,Sell,24780,0.028300,"{""T"":1791532933925,""s"":""USUSDT"",""S"":""Sell"",""v"":""24780"",""p"":""0.028300""}"
2026-10-09T08:02:14.490324Z,1791532934118,USUSDT,Sell,2450,0.028190,"{""T"":1791532934118,""s"":""USUSDT"",""S"":""Sell"",""v"":""2450"",""p"":""0.028190""}"
2026-10-09T08:02:14.490324Z,1791532934191,USUSDT,Sell,1610,0.028310,"{""T"":1791532934191,""s"":""USUSDT"",""S"":""Sell"",""v"":""1610"",""p"":""0.028310""}"
2026-10-09T08:02:14.490324Z,1791532934200,USUSDT,Sell,2380,0.028290,"{""T"":1791532934200,""s"":""USUSDT"",""S"":""Sell"",""v"":""2380"",""p"":""0.028290""}"
2026-10-09T08:02:14.989958Z,1791532934410,BTWUSDT,Sell,50,1.59021,"{""T"":1791532934410,""s"":""BTWUSDT"",""S"":""Sell"",""v"":""50"",""p"":""1.59021""}"
2026-10-09T08:02:15.490343Z,1791532935115,USUSDT,Sell,153550,0.028400,"{""T"":1791532935115,""s"":""USUSDT"",""S"":""Sell"",""v"":""153550"",""p"":""0.028400""}"
2026-10-09T08:04:20.638649Z,1791533060481,JTOUSDT,Buy,184.2,0.5202,"{""T"":1791533060481,""s"":""JTOUSDT"",""S"":""Buy"",""v"":""184.2"",""p"":""0.5202""}"
2026-10-09T08:04:23.490233Z,1791533062948,BTWUSDT,Sell,80,1.60194,"{""T"":1791533062948,""s"":""BTWUSDT"",""S"":""Sell"",""v"":""80"",""p"":""1.60194""}"
2026-10-09T08:04:28.989981Z,1791533068882,BTWUSDT,Sell,4640,1.60677,"{""T"":1791533068882,""s"":""BTWUSDT"",""S"":""Sell"",""v"":""4640"",""p"":""1.60677""}"
2026-10-09T08:04:29.490018Z,1791533068954,BTWUSDT,Sell,20,1.60649,"{""T"":1791533068954,""s"":""BTWUSDT"",""S"":""Sell"",""v"":""20"",""p"":""1.60649""}"
2026-10-09T08:04:29.990188Z,1791533069464,BTWUSDT,Sell,10,1.61048,"{""T"":1791533069464,""s"":""BTWUSDT"",""S"":""Sell"",""v"":""10"",""p"":""1.61048""}"
2026-10-09T08:04:40.990233Z,1791533080451,USUSDT,Sell,20450,0.028460,"{""T"":1791533080451,""s"":""USUSDT"",""S"":""Sell"",""v"":""20450"",""p"":""0.028460""}"
2026-10-09T08:04:59.990691Z,1791533099524,USUSDT,Sell,1370,0.028610,"{""T"":1791533099524,""s"":""USUSDT"",""S"":""Sell"",""v"":""1370"",""p"":""0.028610""}"
2026-10-09T08:05:10.499937Z,1791533110106,RLCUSDT,Buy,8.2,0.9738,"{""T"":1791533110106,""s"":""RLCUSDT"",""S"":""Buy"",""v"":""8.2"",""p"":""0.9738""}"
2026-10-09T08:06:23.999976Z,1791533183786,RLCUSDT,Buy,228.7,0.9684,"{""T"":1791533183786,""s"":""RLCUSDT"",""S"":""Buy"",""v"":""228.7"",""p"":""0.9684""}"
2026-10-09T08:06:32.138337Z,1791533191720,OGNUSDT,Buy,3051,0.037931,"{""T"":1791533191720,""s"":""OGNUSDT"",""S"":""Buy"",""v"":""3051"",""p"":""0.037931""}"
2026-10-09T08:06:32.138337Z,1791533191967,OGNUSDT,Buy,8269,0.037927,"{""T"":1791533191967,""s"":""OGNUSDT"",""S"":""Buy"",""v"":""8269"",""p"":""0.037927""}"
2026-10-09T08:06:33.638245Z,1791533193451,OGNUSDT,Buy,38124,0.037830,"{""T"":1791533193451,""s"":""OGNUSDT"",""S"":""Buy"",""v"":""38124"",""p"":""0.037830""}"
2026-10-09T08:06:34.139130Z,1791533193569,OGNUSDT,Buy,128168,0.037917,"{""T"":1791533193569,""s"":""OGNUSDT"",""S"":""Buy"",""v"":""128168"",""p"":""0.037917""}"
2026-10-09T08:06:34.139130Z,1791533193648,OGNUSDT,Buy,40092,0.037824,"{""T"":1791533193648,""s"":""OGNUSDT"",""S"":""Buy"",""v"":""40092"",""p"":""0.037824""}"
2026-10-09T08:06:34.638861Z,1791533194155,OGNUSDT,Buy,35,0.037798,"{""T"":1791533194155,""s"":""OGNUSDT"",""S"":""Buy"",""v"":""35"",""p"":""0.037798""}"
2026-10-09T08:06:47.569680Z,1791533207224,BTCUSDT,Sell,0.093,82901.80,"{""T"":1791533207224,""s"":""BTCUSDT"",""S"":""Sell"",""v"":""0.093"",""p"":""82901.80""}"
2026-10-09T08:06:47.569680Z,1791533207353,BTCUSDT,Sell,0.001,82899.40,"{""T"":1791533207353,""s"":""BTCUSDT"",""S"":""Sell"",""v"":""0.001"",""p"":""82899.40""}"
2026-10-09T08:06:55.341085Z,1791533214759,XRPUSDT,Sell,376.6,1.4115,"{""T"":1791533214759,""s"":""XRPUSDT"",""S"":""Sell"",""v"":""376.6"",""p"":""1.4115""}"
2026-10-09T08:07:00.332352Z,1791533219909,LONGXIAUSDT,Buy,289,0.0435,"{""T"":1791533219909,""s"":""LONGXIAUSDT"",""S"":""Buy"",""v"":""289"",""p"":""0.0435""}"
2026-10-09T08:07:06.069282Z,1791533225891,BTCUSDT,Sell,0.001,82920.60,"{""T"":1791533225891,""s"":""BTCUSDT"",""S"":""Sell"",""v"":""0.001"",""p"":""82920.60""}"
2026-10-09T08:07:25.837150Z,1791533245231,METUSDT,Buy,13.8,0.43550,"{""T"":1791533245231,""s"":""METUSDT"",""S"":""Buy"",""v"":""13.8"",""p"":""0.43550""}"
2026-10-09T08:07:55.638832Z,1791533275256,STRKUSDT,Buy,4488.5,0.07028,"{""T"":1791533275256,""s"":""STRKUSDT"",""S"":""Buy"",""v"":""4488.5"",""p"":""0.07028""}"
2026-10-09T08:07:57.138256Z,1791533276681,STRKUSDT,Buy,2092.5,0.07005,"{""T"":1791533276681,""s"":""STRKUSDT"",""S"":""Buy"",""v"":""2092.5"",""p"":""0.07005""}"
2026-10-09T08:08:00.519247Z,1791533280187,ATOMUSDT,Buy,11.3,1.9320,"{""T"":1791533280187,""s"":""ATOMUSDT"",""S"":""Buy"",""v"":""11.3"",""p"":""1.9320""}"
2026-10-09T08:08:33.990026Z,1791533313454,USUSDT,Buy,730,0.025870,"{""T"":1791533313454,""s"":""USUSDT"",""S"":""Buy"",""v"":""730"",""p"":""0.025870""}"
2026-10-09T08:08:33.990026Z,1791533313477,USUSDT,Buy,3020,0.025980,"{""T"":1791533313477,""s"":""USUSDT"",""S"":""Buy"",""v"":""3020"",""p"":""0.025980""}"
2026-10-09T08:08:33.990026Z,1791533313513,USUSDT,Buy,3420,0.026090,"{""T"":1791533313513,""s"":""USUSDT"",""S"":""Buy"",""v"":""3420"",""p"":""0.026090""}"
2026-10-09T08:08:33.990026Z,1791533313513,USUSDT,Buy,10070,0.026030,"{""T"":1791533313513,""s"":""USUSDT"",""S"":""Buy"",""v"":""10070"",""p"":""0.026030""}"
2026-10-09T08:08:34.490043Z,1791533314154,USUSDT,Buy,1140,0.026250,"{""T"":1791533314154,""s"":""USUSDT"",""S"":""Buy"",""v"":""1140"",""p"":""0.026250""}"
2026-10-09T08:08:34.490043Z,1791533314205,USUSDT,Buy,850,0.025970,"{""T"":1791533314205,""s"":""USUSDT"",""S"":""Buy"",""v"":""850"",""p"":""0.025970""}"
2026-10-09T08:08:34.816200Z,1791533314592,METUSDT,Buy,2715.9,0.43240,"{""T"":1791533314592,""s"":""METUSDT"",""S"":""Buy"",""v"":""2715.9"",""p"":""0.43240""}"
2026-10-09T08:08:36.490720Z,1791533316122,USUSDT,Buy,109390,0.025730,"{""T"":1791533316122,""s"":""USUSDT"",""S"":""Buy"",""v"":""109390"",""p"":""0.025730""}"
2026-10-09T08:09:06.989883Z,1791533346620,USUSDT,Buy,310,0.025650,"{""T"":1791533346620,""s"":""USUSDT"",""S"":""Buy"",""v"":""310"",""p"":""0.025650""}"
2026-10-09T08:09:07.490064Z,1791533347032,USUSDT,Buy,890,0.025660,"{""T"":1791533347032,""s"":""USUSDT"",""S"":""Buy"",""v"":""890"",""p"":""0.025660""}"
2026-10-09T08:09:09.490116Z,1791533349250,USUSDT,Buy,1320,0.025440,"{""T"":1791533349250,""s"":""USUSDT"",""S"":""Buy"",""v"":""1320"",""p"":""0.025440""}"
2026-10-09T08:09:10.990159Z,1791533350734,USUSDT,Buy,10870,0.025250,"{""T"":1791533350734,""s"":""USUSDT"",""S"":""Buy"",""v"":""10870"",""p"":""0.025250""}"
2026-10-09T08:09:17.990177Z,1791533357765,USUSDT,Buy,8540,0.025160,"{""T"":1791533357765,""s"":""USUSDT"",""S"":""Buy"",""v"":""8540"",""p"":""0.025160""}"
2026-10-09T08:09:21.569298Z,1791533361039,BTCUSDT,Sell,0.010,82927.50,"{""T"":1791533361039,""s"":""BTCUSDT"",""S"":""Sell"",""v"":""0.010"",""p"":""82927.50""}"
2026-10-09T08:09:22.490506Z,1791533361927,USUSDT,Buy,43020,0.025040,"{""T"":1791533361927,""s"":""USUSDT"",""S"":""Buy"",""v"":""43020"",""p"":""0.025040""}"
2026-10-09T08:09:25.069011Z,1791533364851,BTCUSDT,Sell,0.025,82935.70,"{""T"":1791533364851,""s"":""BTCUSDT"",""S"":""Sell"",""v"":""0.025"",""p"":""82935.70""}"
2026-10-09T08:10:35.990381Z,1791533435458,USUSDT,Buy,10850,0.024910,"{""T"":1791533435458,""s"":""USUSDT"",""S"":""Buy"",""v"":""10850"",""p"":""0.024910""}"
2026-10-09T08:10:54.490668Z,1791533454040,USUSDT,Buy,10000,0.024780,"{""T"":1791533454040,""s"":""USUSDT"",""S"":""Buy"",""v"":""10000"",""p"":""0.024780""}"
2026-10-09T08:10:55.491163Z,1791533454910,USUSDT,Buy,370,0.024760,"{""T"":1791533454910,""s"":""USUSDT"",""S"":""Buy"",""v"":""370"",""p"":""0.024760""}"
2026-10-09T08:11:08.490398Z,1791533468191,USUSDT,Buy,26370,0.024640,"{""T"":1791533468191,""s"":""USUSDT"",""S"":""Buy"",""v"":""26370"",""p"":""0.024640""}"
2026-10-09T08:11:08.990252Z,1791533468538,USUSDT,Buy,580,0.024640,"{""T"":1791533468538,""s"":""USUSDT"",""S"":""Buy"",""v"":""580"",""p"":""0.024640""}"
2026-10-09T08:11:10.638532Z,1791533470436,STRKUSDT,Sell,993.4,0.07300,"{""T"":1791533470436,""s"":""STRKUSDT"",""S"":""Sell"",""v"":""993.4"",""p"":""0.07300""}"
2026-10-09T08:11:23.316943Z,1791533482765,METUSDT,Buy,89.3,0.41800,"{""T"":1791533482765,""s"":""METUSDT"",""S"":""Buy"",""v"":""89.3"",""p"":""0.41800""}"
2026-10-09T08:11:28.990117Z,1791533488648,USUSDT,Buy,21800,0.024250,"{""T"":1791533488648,""s"":""USUSDT"",""S"":""Buy"",""v"":""21800"",""p"":""0.024250""}"
2026-10-09T08:11:36.639289Z,1791533496201,STRKUSDT,Sell,97.6,0.07302,"{""T"":1791533496201,""s"":""STRKUSDT"",""S"":""Sell"",""v"":""97.6"",""p"":""0.07302""}"
2026-10-09T08:11:36.639289Z,1791533496299,STRKUSDT,Sell,4085.4,0.07306,"{""T"":1791533496299,""s"":""STRKUSDT"",""S"":""Sell"",""v"":""4085.4"",""p"":""0.07306""}"
2026-10-09T08:11:52.816344Z,1791533512673,METUSDT,Buy,41.4,0.41000,"{""T"":1791533512673,""s"":""METUSDT"",""S"":""Buy"",""v"":""41.4"",""p"":""0.41000""}"
2026-10-09T08:11:52.816344Z,1791533512710,METUSDT,Buy,123.5,0.41200,"{""T"":1791533512710,""s"":""METUSDT"",""S"":""Buy"",""v"":""123.5"",""p"":""0.41200""}"
2026-10-09T08:11:53.316321Z,1791533512783,METUSDT,Buy,25.5,0.40990,"{""T"":1791533512783,""s"":""METUSDT"",""S"":""Buy"",""v"":""25.5"",""p"":""0.40990""}"
2026-10-09T08:11:53.316321Z,1791533512875,METUSDT,Buy,476.8,0.40820,"{""T"":1791533512875,""s"":""METUSDT"",""S"":""Buy"",""v"":""476.8"",""p"":""0.40820""}"
2026-10-09T08:11:53.316321Z,1791533512892,METUSDT,Buy,27.2,0.40770,"{""T"":1791533512892,""s"":""METUSDT"",""S"":""Buy"",""v"":""27.2"",""p"":""0.40770""}"
2026-10-09T08:11:53.316321Z,1791533512932,METUSDT,Buy,206.1,0.40630,"{""T"":1791533512932,""s"":""METUSDT"",""S"":""Buy"",""v"":""206.1"",""p"":""0.40630""}"
2026-10-09T08:11:53.316321Z,1791533512987,METUSDT,Buy,528.1,0.40920,"{""T"":1791533512987,""s"":""METUSDT"",""S"":""Buy"",""v"":""528.1"",""p"":""0.40920""}"
2026-10-09T08:11:53.316321Z,1791533512988,METUSDT,Buy,315.0,0.40970,"{""T"":1791533512988,""s"":""METUSDT"",""S"":""Buy"",""v"":""315.0"",""p"":""0.40970""}"
2026-10-09T08:11:53.316321Z,1791533512988,METUSDT,Buy,151.9,0.40540,"{""T"":1791533512988,""s"":""METUSDT"",""S"":""Buy"",""v"":""151.9"",""p"":""0.40540""}"
2026-10-09T08:11:53.566714Z,1791533513289,BNBUSDT,Buy,0.03,739.90,"{""T"":1791533513289,""s"":""BNBUSDT"",""S"":""Buy"",""v"":""0.03"",""p"":""739.90""}"
2026-10-09T08:11:53.815930Z,1791533513227,METUSDT,Buy,1502.7,0.40680,"{""T"":1791533513227,""s"":""METUSDT"",""S"":""Buy"",""v"":""1502.7"",""p"":""0.40680""}"
2026-10-09T08:11:53.815930Z,1791533513278,METUSDT,Buy,40.6,0.41070,"{""T"":1791533513278,""s"":""METUSDT"",""S"":""Buy"",""v"":""40.6"",""p"":""0.41070""}"
2026-10-09T08:11:53.815930Z,1791533513289,METUSDT,Buy,64.4,0.40600,"{""T"":1791533513289,""s"":""METUSDT"",""S"":""Buy"",""v"":""64.4"",""p"":""0.40600""}"
2026-10-09T08:11:56.990252Z,1791533516852,USUSDT,Sell,840,0.026260,"{""T"":1791533516852,""s"":""USUSDT"",""S"":""Sell"",""v"":""840"",""p"":""0.026260""}"
2026-10-09T08:11:59.989965Z,1791533519786,USUSDT,Sell,910,0.026590,"{""T"":1791533519786,""s"":""USUSDT"",""S"":""Sell"",""v"":""910"",""p"":""0.026590""}"
2026-10-09T08:12:00.315903Z,1791533519912,METUSDT,Buy,12098.3,0.40460,"{""T"":1791533519912,""s"":""METUSDT"",""S"":""Buy"",""v"":""12098.3"",""p"":""0.40460""}"
2026-10-09T08:12:00.990199Z,1791533520455,USUSDT,Sell,330,0.026700,"{""T"":1791533520455,""s"":""USUSDT"",""S"":""Sell"",""v"":""330"",""p"":""0.026700""}"
2026-10-09T08:12:01.490113Z,1791533521376,USUSDT,Sell,9770,0.026850,"{""T"":1791533521376,""s"":""USUSDT"",""S"":""Sell"",""v"":""9770"",""p"":""0.026850""}"
2026-10-09T08:12:18.316676Z,1791533538124,METUSDT,Buy,2177.6,0.40260,"{""T"":1791533538124,""s"":""METUSDT"",""S"":""Buy"",""v"":""2177.6"",""p"":""0.40260""}"
2026-10-09T08:12:49.816214Z,1791533569495,METUSDT,Buy,12098.3,0.40070,"{""T"":1791533569495,""s"":""METUSDT"",""S"":""Buy"",""v"":""12098.3"",""p"":""0.40070""}"
2026-10-09T08:12:55.316023Z,1791533574820,METUSDT,Buy,93.1,0.40020,"{""T"":1791533574820,""s"":""METUSDT"",""S"":""Buy"",""v"":""93.1"",""p"":""0.40020""}"
2026-10-09T08:14:18.500222Z,1791533658215,RLCUSDT,Sell,83.6,1.0952,"{""T"":1791533658215,""s"":""RLCUSDT"",""S"":""Sell"",""v"":""83.6"",""p"":""1.0952""}"
2026-10-09T08:14:22.959512Z,1791533662781,ETHUSDT,Sell,0.28,2513.19,"{""T"":1791533662781,""s"":""ETHUSDT"",""S"":""Sell"",""v"":""0.28"",""p"":""2513.19""}"
2026-10-09T08:14:23.490113Z,1791533663007,USUSDT,Buy,10010,0.025360,"{""T"":1791533663007,""s"":""USUSDT"",""S"":""Buy"",""v"":""10010"",""p"":""0.025360""}"
2026-10-09T08:14:24.411313Z,1791533663959,BZUSDT,Buy,6.36,100.61,"{""T"":1791533663959,""s"":""BZUSDT"",""S"":""Buy"",""v"":""6.36"",""p"":""100.61""}"
2026-10-09T08:14:25.638422Z,1791533665463,OGNUSDT,Buy,114106,0.037704,"{""T"":1791533665463,""s"":""OGNUSDT"",""S"":""Buy"",""v"":""114106"",""p"":""0.037704""}"
2026-10-09T08:14:25.999645Z,1791533665463,RLCUSDT,Sell,771.4,1.0942,"{""T"":1791533665463,""s"":""RLCUSDT"",""S"":""Sell"",""v"":""771.4"",""p"":""1.0942""}"
2026-10-09T08:14:28.332088Z,1791533668033,LONGXIAUSDT,Buy,363,0.0428,"{""T"":1791533668033,""s"":""LONGXIAUSDT"",""S"":""Buy"",""v"":""363"",""p"":""0.0428""}"
2026-10-09T08:14:34.138599Z,1791533673552,OGNUSDT,Buy,15596,0.037513,"{""T"":1791533673552,""s"":""OGNUSDT"",""S"":""Buy"",""v"":""15596"",""p"":""0.037513""}"
2026-10-09T08:14:35.499642Z,1791533675289,RLCUSDT,Sell,99.2,1.1000,"{""T"":1791533675289,""s"":""RLCUSDT"",""S"":""Sell"",""v"":""99.2"",""p"":""1.1000""}"
2026-10-09T08:14:47.990832Z,1791533687553,USUSDT,Buy,2060,0.025100,"{""T"":1791533687553,""s"":""USUSDT"",""S"":""Buy"",""v"":""2060"",""p"":""0.025100""}"
2026-10-09T08:14:49.489970Z,1791533688959,USUSDT,Buy,4250,0.025000,"{""T"":1791533688959,""s"":""USUSDT"",""S"":""Buy"",""v"":""4250"",""p"":""0.025000""}"
2026-10-09T08:15:15.490206Z,1791533715370,USUSDT,Buy,15630,0.024760,"{""T"":1791533715370,""s"":""USUSDT"",""S"":""Buy"",""v"":""15630"",""p"":""0.024760""}"
2026-10-09T08:15:16.490072Z,1791533716196,USUSDT,Buy,1800,0.024770,"{""T"":1791533716196,""s"":""USUSDT"",""S"":""Buy"",""v"":""1800"",""p"":""0.024770""}"
2026-10-09T08:15:28.642320Z,1791533728280,OGNUSDT,Buy,153,0.037464,"{""T"":1791533728280,""s"":""OGNUSDT"",""S"":""Buy"",""v"":""153"",""p"":""0.037464""}"
2026-10-09T08:15:29.138386Z,1791533728813,OGNUSDT,Buy,1878,0.037467,"{""T"":1791533728813,""s"":""OGNUSDT"",""S"":""Buy"",""v"":""1878"",""p"":""0.037467""}"
2026-10-09T08:15:34.315995Z,1791533733984,METUSDT,Buy,2.0,0.39960,"{""T"":1791533733984,""s"":""METUSDT"",""S"":""Buy"",""v"":""2.0"",""p"":""0.39960""}"
2026-10-09T08:15:36.316069Z,1791533736099,METUSDT,Buy,45.1,0.39940,"{""T"":1791533736099,""s"":""METUSDT"",""S"":""Buy"",""v"":""45.1"",""p"":""0.39940""}"
2026-10-09T08:15:43.490091Z,1791533743219,USUSDT,Buy,64810,0.024500,"{""T"":1791533743219,""s"":""USUSDT"",""S"":""Buy"",""v"":""64810"",""p"":""0.024500""}"
2026-10-09T08:16:09.493792Z,1791533769299,USUSDT,Buy,440,0.024070,"{""T"":1791533769299,""s"":""USUSDT"",""S"":""Buy"",""v"":""440"",""p"":""0.024070""}"
2026-10-09T08:16:15.020065Z,1791533774708,NEARUSDT,Buy,1011.5,4.7800,"{""T"":1791533774708,""s"":""NEARUSDT"",""S"":""Buy"",""v"":""1011.5"",""p"":""4.7800""}"
2026-10-09T08:16:23.489823Z,1791533783395,USUSDT,Buy,206400,0.024060,"{""T"":1791533783395,""s"":""USUSDT"",""S"":""Buy"",""v"":""206400"",""p"":""0.024060""}"
2026-10-09T08:16:26.019945Z,1791533785458,NEARUSDT,Buy,79.6,4.7790,"{""T"":1791533785458,""s"":""NEARUSDT"",""S"":""Buy"",""v"":""79.6"",""p"":""4.7790""}"
2026-10-09T08:16:31.068700Z,1791533790954,BTCUSDT,Buy,0.025,82387.20,"{""T"":1791533790954,""s"":""BTCUSDT"",""S"":""Buy"",""v"":""0.025"",""p"":""82387.20""}"
2026-10-09T08:16:31.138768Z,1791533790954,STRKUSDT,Sell,28604.1,0.07328,"{""T"":1791533790954,""s"":""STRKUSDT"",""S"":""Sell"",""v"":""28604.1"",""p"":""0.07328""}"
2026-10-09T08:16:31.316474Z,1791533790954,XPLUSDT,Buy,7500,0.08400,"{""T"":1791533790954,""s"":""XPLUSDT"",""S"":""Buy"",""v"":""7500"",""p"":""0.08400""}"
2026-10-09T08:16:31.331960Z,1791533790954,PONSUSDT,Buy,2604,0.3492,"{""T"":1791533790954,""s"":""PONSUSDT"",""S"":""Buy"",""v"":""2604"",""p"":""0.3492""}"
2026-10-09T08:16:31.411408Z,1791533790954,TIAUSDT,Sell,3922.9,0.5151,"{""T"":1791533790954,""s"":""TIAUSDT"",""S"":""Sell"",""v"":""3922.9"",""p"":""0.5151""}"
2026-10-09T08:16:31.411902Z,1791533790954,HBARUSDT,Buy,3971,0.09143,"{""T"":1791533790954,""s"":""HBARUSDT"",""S"":""Buy"",""v"":""3971"",""p"":""0.09143""}"
2026-10-09T08:16:31.490380Z,1791533790953,ORCAUSDT,Buy,1.3,2.3856,"{""T"":1791533790953,""s"":""ORCAUSDT"",""S"":""Buy"",""v"":""1.3"",""p"":""2.3856""}"
2026-10-09T08:16:31.638498Z,1791533791050,STRKUSDT,Sell,786.0,0.07323,"{""T"":1791533791050,""s"":""STRKUSDT"",""S"":""Sell"",""v"":""786.0"",""p"":""0.07323""}"
2026-10-09T08:16:31.638498Z,1791533791334,STRKUSDT,Sell,14739.1,0.07322,"{""T"":1791533791334,""s"":""STRKUSDT"",""S"":""Sell"",""v"":""14739.1"",""p"":""0.07322""}"
2026-10-09T08:16:31.638498Z,1791533791505,STRKUSDT,Sell,653.1,0.07340,"{""T"":1791533791505,""s"":""STRKUSDT"",""S"":""Sell"",""v"":""653.1"",""p"":""0.07340""}"
2026-10-09T08:16:32.138424Z,1791533791582,STRKUSDT,Sell,372.5,0.07307,"{""T"":1791533791582,""s"":""STRKUSDT"",""S"":""Sell"",""v"":""372.5"",""p"":""0.07307""}"
2026-10-09T08:16:32.138424Z,1791533791607,STRKUSDT,Sell,1029.6,0.07312,"{""T"":1791533791607,""s"":""STRKUSDT"",""S"":""Sell"",""v"":""1029.6"",""p"":""0.07312""}"
2026-10-09T08:16:32.138424Z,1791533791723,STRKUSDT,Sell,15406.0,0.07337,"{""T"":1791533791723,""s"":""STRKUSDT"",""S"":""Sell"",""v"":""15406.0"",""p"":""0.07337""}"
2026-10-09T08:16:34.138693Z,1791533793877,STRKUSDT,Sell,1722.6,0.07361,"{""T"":1791533793877,""s"":""STRKUSDT"",""S"":""Sell"",""v"":""1722.6"",""p"":""0.07361""}"
2026-10-09T08:16:34.138693Z,1791533793904,STRKUSDT,Sell,1219.4,0.07353,"{""T"":1791533793904,""s"":""STRKUSDT"",""S"":""Sell"",""v"":""1219.4"",""p"":""0.07353""}"
2026-10-09T08:16:34.638293Z,1791533794064,STRKUSDT,Sell,3553.1,0.07364,"{""T"":1791533794064,""s"":""STRKUSDT"",""S"":""Sell"",""v"":""3553.1"",""p"":""0.07364""}"
2026-10-09T08:16:34.638293Z,1791533794270,STRKUSDT,Sell,27417.8,0.07363,"{""T"":1791533794270,""s"":""STRKUSDT"",""S"":""Sell"",""v"":""27417.8"",""p"":""0.07363""}"
2026-10-09T08:16:34.638293Z,1791533794360,STRKUSDT,Sell,746.3,0.07367,"{""T"":1791533794360,""s"":""STRKUSDT"",""S"":""Sell"",""v"":""746.3"",""p"":""0.07367""}"
2026-10-09T08:16:35.019601Z,1791533794704,AVAXUSDT,Sell,4.5,10.498,"{""T"":1791533794704,""s"":""AVAXUSDT"",""S"":""Sell"",""v"":""4.5"",""p"":""10.498""}"
2026-10-09T08:16:35.138844Z,1791533794623,STRKUSDT,Sell,46116.5,0.07365,"{""T"":1791533794623,""s"":""STRKUSDT"",""S"":""Sell"",""v"":""46116.5"",""p"":""0.07365""}"
2026-10-09T08:16:35.138844Z,1791533794704,STRKUSDT,Sell,1036.5,0.07361,"{""T"":1791533794704,""s"":""STRKUSDT"",""S"":""Sell"",""v"":""1036.5"",""p"":""0.07361""}"
2026-10-09T08:16:41.990210Z,1791533801678,USUSDT,Buy,360,0.023750,"{""T"":1791533801678,""s"":""USUSDT"",""S"":""Buy"",""v"":""360"",""p"":""0.023750""}"
2026-10-09T08:16:41.990210Z,1791533801775,USUSDT,Buy,34320,0.023760,"{""T"":1791533801775,""s"":""USUSDT"",""S"":""Buy"",""v"":""34320"",""p"":""0.023760""}"
2026-10-09T08:17:18.989922Z,1791533838872,USUSDT,Buy,4790,0.023570,"{""T"":1791533838872,""s"":""USUSDT"",""S"":""Buy"",""v"":""4790"",""p"":""0.023570""}"
2026-10-09T08:17:23.489984Z,1791533843370,USUSDT,Buy,5680,0.023310,"{""T"":1791533843370,""s"":""USUSDT"",""S"":""Buy"",""v"":""5680"",""p"":""0.023310""}"
2026-10-09T08:17:23.989803Z,1791533843522,USUSDT,Buy,1060,0.023210,"{""T"":1791533843522,""s"":""USUSDT"",""S"":""Buy"",""v"":""1060"",""p"":""0.023210""}"
2026-10-09T08:17:23.989803Z,1791533843712,USUSDT,Buy,115260,0.023300,"{""T"":1791533843712,""s"":""USUSDT"",""S"":""Buy"",""v"":""115260"",""p"":""0.023300""}"
2026-10-09T08:17:24.490181Z,1791533844003,USUSDT,Buy,1900,0.023370,"{""T"":1791533844003,""s"":""USUSDT"",""S"":""Buy"",""v"":""1900"",""p"":""0.023370""}"
2026-10-09T08:17:26.489901Z,1791533845902,USUSDT,Buy,390,0.023080,"{""T"":1791533845902,""s"":""USUSDT"",""S"":""Buy"",""v"":""390"",""p"":""0.023080""}"
2026-10-09T08:18:03.990119Z,1791533883788,USUSDT,Buy,1320,0.022750,"{""T"":1791533883788,""s"":""USUSDT"",""S"":""Buy"",""v"":""1320"",""p"":""0.022750""}"
2026-10-09T08:18:04.490321Z,1791533884242,USUSDT,Buy,5620,0.022680,"{""T"":1791533884242,""s"":""USUSDT"",""S"":""Buy"",""v"":""5620"",""p"":""0.022680""}"
2026-10-09T08:18:06.990295Z,1791533886722,USUSDT,Buy,36640,0.022610,"{""T"":1791533886722,""s"":""USUSDT"",""S"":""Buy"",""v"":""36640"",""p"":""0.022610""}"
2026-10-09T08:18:06.990295Z,1791533886767,USUSDT,Buy,30230,0.022560,"{""T"":1791533886767,""s"":""USUSDT"",""S"":""Buy"",""v"":""30230"",""p"":""0.022560""}"
2026-10-09T08:19:27.990078Z,1791533967721,USUSDT,Buy,58620,0.022300,"{""T"":1791533967721,""s"":""USUSDT"",""S"":""Buy"",""v"":""58620"",""p"":""0.022300""}"
2026-10-09T08:19:28.490033Z,1791533968240,USUSDT,Buy,3730,0.022070,"{""T"":1791533968240,""s"":""USUSDT"",""S"":""Buy"",""v"":""3730"",""p"":""0.022070""}"
2026-10-09T08:19:28.490033Z,1791533968257,USUSDT,Buy,5810,0.022010,"{""T"":1791533968257,""s"":""USUSDT"",""S"":""Buy"",""v"":""5810"",""p"":""0.022010""}"
2026-10-09T08:19:49.993382Z,1791533989674,USUSDT,Sell,890,0.024400,"{""T"":1791533989674,""s"":""USUSDT"",""S"":""Sell"",""v"":""890"",""p"":""0.024400""}"
2026-10-09T08:19:59.489828Z,1791533999122,USUSDT,Sell,860,0.024820,"{""T"":1791533999122,""s"":""USUSDT"",""S"":""Sell"",""v"":""860"",""p"":""0.024820""}"
2026-10-09T08:20:33.990008Z,1791534033547,USUSDT,Buy,240,0.023030,"{""T"":1791534033547,""s"":""USUSDT"",""S"":""Buy"",""v"":""240"",""p"":""0.023030""}"
2026-10-09T08:20:39.638123Z,1791534039163,STRKUSDT,Sell,817.2,0.07352,"{""T"":1791534039163,""s"":""STRKUSDT"",""S"":""Sell"",""v"":""817.2"",""p"":""0.07352""}"
2026-10-09T08:20:39.638123Z,1791534039183,STRKUSDT,Sell,18399.6,0.07351,"{""T"":1791534039183,""s"":""STRKUSDT"",""S"":""Sell"",""v"":""18399.6"",""p"":""0.07351""}"
2026-10-09T08:20:56.138633Z,1791534055605,STRKUSDT,Sell,2131.9,0.07366,"{""T"":1791534055605,""s"":""STRKUSDT"",""S"":""Sell"",""v"":""2131.9"",""p"":""0.07366""}"
2026-10-09T08:21:00.340835Z,1791534060229,XRPUSDT,Buy,2864.4,1.3965,"{""T"":1791534060229,""s"":""XRPUSDT"",""S"":""Buy"",""v"":""2864.4"",""p"":""1.3965""}"
2026-10-09T08:21:00.362582Z,1791534060229,GRAMUSDT,Buy,2193.1,1.4050,"{""T"":1791534060229,""s"":""GRAMUSDT"",""S"":""Buy"",""v"":""2193.1"",""p"":""1.4050""}"
2026-10-09T08:21:00.638756Z,1791534060229,STRKUSDT,Sell,115174.8,0.07384,"{""T"":1791534060229,""s"":""STRKUSDT"",""S"":""Sell"",""v"":""115174.8"",""p"":""0.07384""}"
2026-10-09T08:21:00.638756Z,1791534060332,STRKUSDT,Sell,11726.5,0.07389,"{""T"":1791534060332,""s"":""STRKUSDT"",""S"":""Sell"",""v"":""11726.5"",""p"":""0.07389""}"
2026-10-09T08:21:01.138372Z,1791534060747,STRKUSDT,Sell,17382.3,0.07382,"{""T"":1791534060747,""s"":""STRKUSDT"",""S"":""Sell"",""v"":""17382.3"",""p"":""0.07382""}"
2026-10-09T08:22:02.989934Z,1791534122691,USUSDT,Buy,690,0.022290,"{""T"":1791534122691,""s"":""USUSDT"",""S"":""Buy"",""v"":""690"",""p"":""0.022290""}"
2026-10-09T08:22:05.862530Z,1791534125391,APTUSDT,Buy,60.16,0.8104,"{""T"":1791534125391,""s"":""APTUSDT"",""S"":""Buy"",""v"":""60.16"",""p"":""0.8104""}"
2026-10-09T08:22:38.499970Z,1791534157968,RLCUSDT,Sell,763.8,1.0908,"{""T"":1791534157968,""s"":""RLCUSDT"",""S"":""Sell"",""v"":""763.8"",""p"":""1.0908""}"
2026-10-09T08:22:44.489662Z,1791534164039,USUSDT,Sell,1040,0.023900,"{""T"":1791534164039,""s"":""USUSDT"",""S"":""Sell"",""v"":""1040"",""p"":""0.023900""}"
2026-10-09T08:24:03.418557Z,1791534243183,ADAUSDT,Buy,237,0.2368,"{""T"":1791534243183,""s"":""ADAUSDT"",""S"":""Buy"",""v"":""237"",""p"":""0.2368""}"
2026-10-09T08:24:05.990220Z,1791534245808,USUSDT,Sell,18000,0.024710,"{""T"":1791534245808,""s"":""USUSDT"",""S"":""Sell"",""v"":""18000"",""p"":""0.024710""}"
2026-10-09T08:24:06.489939Z,1791534246151,USUSDT,Sell,660,0.024640,"{""T"":1791534246151,""s"":""USUSDT"",""S"":""Sell"",""v"":""660"",""p"":""0.024640""}"
2026-10-09T08:24:10.000356Z,1791534249633,RLCUSDT,Sell,30.0,1.1085,"{""T"":1791534249633,""s"":""RLCUSDT"",""S"":""Sell"",""v"":""30.0"",""p"":""1.1085""}"
2026-10-09T08:24:11.499546Z,1791534250932,RLCUSDT,Sell,143.5,1.1089,"{""T"":1791534250932,""s"":""RLCUSDT"",""S"":""Sell"",""v"":""143.5"",""p"":""1.1089""}"
2026-10-09T08:24:17.490006Z,1791534257063,USUSDT,Sell,14920,0.025000,"{""T"":1791534257063,""s"":""USUSDT"",""S"":""Sell"",""v"":""14920"",""p"":""0.025000""}"
2026-10-09T08:24:17.490006Z,1791534257183,USUSDT,Sell,1570,0.025100,"{""T"":1791534257183,""s"":""USUSDT"",""S"":""Sell"",""v"":""1570"",""p"":""0.025100""}"
2026-10-09T08:24:18.989998Z,1791534258678,USUSDT,Sell,6940,0.025400,"{""T"":1791534258678,""s"":""USUSDT"",""S"":""Sell"",""v"":""6940"",""p"":""0.025400""}"
2026-10-09T08:24:18.999371Z,1791534258691,RLCUSDT,Sell,5.9,1.1146,"{""T"":1791534258691,""s"":""RLCUSDT"",""S"":""Sell"",""v"":""5.9"",""p"":""1.1146""}"
2026-10-09T08:24:19.990067Z,1791534259596,USUSDT,Sell,2040,0.025440,"{""T"":1791534259596,""s"":""USUSDT"",""S"":""Sell"",""v"":""2040"",""p"":""0.025440""}"
2026-10-09T08:24:20.989826Z,1791534260603,USUSDT,Sell,410,0.025490,"{""T"":1791534260603,""s"":""USUSDT"",""S"":""Sell"",""v"":""410"",""p"":""0.025490""}"
2026-10-09T08:24:20.989826Z,1791534260637,USUSDT,Sell,2150,0.025470,"{""T"":1791534260637,""s"":""USUSDT"",""S"":""Sell"",""v"":""2150"",""p"":""0.025470""}"
2026-10-09T08:24:21.066740Z,1791534260544,SOLUSDT,Buy,7.0,109.610,"{""T"":1791534260544,""s"":""SOLUSDT"",""S"":""Buy"",""v"":""7.0"",""p"":""109.610""}"
2026-10-09T08:24:21.316163Z,1791534261077,METUSDT,Buy,329.8,0.40740,"{""T"":1791534261077,""s"":""METUSDT"",""S"":""Buy"",""v"":""329.8"",""p"":""0.40740""}"
2026-10-09T08:24:21.490156Z,1791534261077,USUSDT,Sell,91430,0.025490,"{""T"":1791534261077,""s"":""USUSDT"",""S"":""Sell"",""v"":""91430"",""p"":""0.025490""}"
2026-10-09T08:24:21.490156Z,1791534261163,USUSDT,Sell,3770,0.025480,"{""T"":1791534261163,""s"":""USUSDT"",""S"":""Sell"",""v"":""3770"",""p"":""0.025480""}"
2026-10-09T08:24:23.499304Z,1791534263068,RLCUSDT,Sell,3464.2,1.1201,"{""T"":1791534263068,""s"":""RLCUSDT"",""S"":""Sell"",""v"":""3464.2"",""p"":""1.1201""}"
2026-10-09T08:24:31.999473Z,1791534271735,RLCUSDT,Sell,2622.5,1.1311,"{""T"":1791534271735,""s"":""RLCUSDT"",""S"":""Sell"",""v"":""2622.5"",""p"":""1.1311""}"
2026-10-09T08:24:31.999473Z,1791534271759,RLCUSDT,Sell,734.8,1.1326,"{""T"":1791534271759,""s"":""RLCUSDT"",""S"":""Sell"",""v"":""734.8"",""p"":""1.1326""}"
2026-10-09T08:24:32.065757Z,1791534271778,SOLUSDT,Buy,0.3,109.570,"{""T"":1791534271778,""s"":""SOLUSDT"",""S"":""Buy"",""v"":""0.3"",""p"":""109.570""}"
2026-10-09T08:24:32.500145Z,1791534272020,RLCUSDT,Sell,0.9,1.1231,"{""T"":1791534272020,""s"":""RLCUSDT"",""S"":""Sell"",""v"":""0.9"",""p"":""1.1231""}"
2026-10-09T08:24:32.999584Z,1791534272430,RLCUSDT,Sell,244.1,1.1304,"{""T"":1791534272430,""s"":""RLCUSDT"",""S"":""Sell"",""v"":""244.1"",""p"":""1.1304""}"
2026-10-09T08:24:32.999584Z,1791534272439,RLCUSDT,Sell,778.8,1.1334,"{""T"":1791534272439,""s"":""RLCUSDT"",""S"":""Sell"",""v"":""778.8"",""p"":""1.1334""}"
2026-10-09T08:24:34.001552Z,1791534273511,RLCUSDT,Sell,10.0,1.1374,"{""T"":1791534273511,""s"":""RLCUSDT"",""S"":""Sell"",""v"":""10.0"",""p"":""1.1374""}"
2026-10-09T08:24:37.489981Z,1791534277374,USUSDT,Buy,300,0.023650,"{""T"":1791534277374,""s"":""USUSDT"",""S"":""Buy"",""v"":""300"",""p"":""0.023650""}"
2026-10-09T08:24:50.000192Z,1791534289691,RLCUSDT,Sell,28.0,1.1404,"{""T"":1791534289691,""s"":""RLCUSDT"",""S"":""Sell"",""v"":""28.0"",""p"":""1.1404""}"
2026-10-09T08:26:05.493755Z,1791534364966,USUSDT,Sell,16490,0.025550,"{""T"":1791534364966,""s"":""USUSDT"",""S"":""Sell"",""v"":""16490"",""p"":""0.025550""}"
2026-10-09T08:28:34.912500Z,1791534514586,TIAUSDT,Buy,14000.0,0.4976,"{""T"":1791534514586,""s"":""TIAUSDT"",""S"":""Buy"",""v"":""14000.0"",""p"":""0.4976""}"
2026-10-09T08:29:00.490460Z,1791534540131,USUSDT,Sell,690,0.025980,"{""T"":1791534540131,""s"":""USUSDT"",""S"":""Sell"",""v"":""690"",""p"":""0.025980""}"
2026-10-09T08:29:00.490460Z,1791534540326,USUSDT,Sell,140680,0.026040,"{""T"":1791534540326,""s"":""USUSDT"",""S"":""Sell"",""v"":""140680"",""p"":""0.026040""}"
2026-10-09T08:29:19.494047Z,1791534559399,USUSDT,Sell,890,0.026110,"{""T"":1791534559399,""s"":""USUSDT"",""S"":""Sell"",""v"":""890"",""p"":""0.026110""}"
2026-10-09T08:29:19.990329Z,1791534559737,USUSDT,Sell,14490,0.026110,"{""T"":1791534559737,""s"":""USUSDT"",""S"":""Sell"",""v"":""14490"",""p"":""0.026110""}"
2026-10-09T08:29:20.989842Z,1791534560543,USUSDT,Sell,3120,0.026190,"{""T"":1791534560543,""s"":""USUSDT"",""S"":""Sell"",""v"":""3120"",""p"":""0.026190""}"
2026-10-09T08:29:21.989813Z,1791534561570,USUSDT,Sell,173800,0.026300,"{""T"":1791534561570,""s"":""USUSDT"",""S"":""Sell"",""v"":""173800"",""p"":""0.026300""}"
2026-10-09T08:29:52.638487Z,1791534592091,STRKUSDT,Buy,6589.7,0.07053,"{""T"":1791534592091,""s"":""STRKUSDT"",""S"":""Buy"",""v"":""6589.7"",""p"":""0.07053""}"
2026-10-09T08:29:52.638487Z,1791534592283,STRKUSDT,Buy,457.1,0.07062,"{""T"":1791534592283,""s"":""STRKUSDT"",""S"":""Buy"",""v"":""457.1"",""p"":""0.07062""}"
2026-10-09T08:29:53.639195Z,1791534593124,STRKUSDT,Buy,33105.9,0.07048,"{""T"":1791534593124,""s"":""STRKUSDT"",""S"":""Buy"",""v"":""33105.9"",""p"":""0.07048""}"
2026-10-09T08:29:57.019821Z,1791534596906,NEARUSDT,Buy,96.7,4.7770,"{""T"":1791534596906,""s"":""NEARUSDT"",""S"":""Buy"",""v"":""96.7"",""p"":""4.7770""}"
2026-10-09T08:30:16.069362Z,1791534615752,SOLUSDT,Buy,4.3,109.530,"{""T"":1791534615752,""s"":""SOLUSDT"",""S"":""Buy"",""v"":""4.3"",""p"":""109.530""}"
2026-10-09T08:30:34.328532Z,1791534634130,FARTCOINUSDT,Buy,4316,0.16252,"{""T"":1791534634130,""s"":""FARTCOINUSDT"",""S"":""Buy"",""v"":""4316"",""p"":""0.16252""}"
2026-10-09T08:30:34.328814Z,1791534634130,RENDERUSDT,Buy,662.3,1.8860,"{""T"":1791534634130,""s"":""RENDERUSDT"",""S"":""Buy"",""v"":""662.3"",""p"":""1.8860""}"
2026-10-09T08:30:34.499636Z,1791534634130,LINKUSDT,Buy,78.4,12.761,"{""T"":1791534634130,""s"":""LINKUSDT"",""S"":""Buy"",""v"":""78.4"",""p"":""12.761""}"
2026-10-09T08:30:59.570018Z,1791534659214,SOLUSDT,Buy,5.0,109.520,"{""T"":1791534659214,""s"":""SOLUSDT"",""S"":""Buy"",""v"":""5.0"",""p"":""109.520""}"
2026-10-09T08:31:20.844952Z,1791534680449,XRPUSDT,Buy,1067.4,1.3916,"{""T"":1791534680449,""s"":""XRPUSDT"",""S"":""Buy"",""v"":""1067.4"",""p"":""1.3916""}"
2026-10-09T08:31:45.638910Z,1791534705282,STRKUSDT,Buy,698.1,0.07046,"{""T"":1791534705282,""s"":""STRKUSDT"",""S"":""Buy"",""v"":""698.1"",""p"":""0.07046""}"
2026-10-09T08:31:46.138095Z,1791534706036,STRKUSDT,Buy,5512.9,0.07044,"{""T"":1791534706036,""s"":""STRKUSDT"",""S"":""Buy"",""v"":""5512.9"",""p"":""0.07044""}"
2026-10-09T08:31:46.638835Z,1791534706067,STRKUSDT,Buy,952.6,0.07046,"{""T"":1791534706067,""s"":""STRKUSDT"",""S"":""Buy"",""v"":""952.6"",""p"":""0.07046""}"
2026-10-09T08:31:54.999373Z,1791534714903,PENGUUSDT,Buy,104950,0.008029,"{""T"":1791534714903,""s"":""PENGUUSDT"",""S"":""Buy"",""v"":""104950"",""p"":""0.008029""}"
2026-10-09T08:31:56.499529Z,1791534716281,PENGUUSDT,Buy,2070,0.008028,"{""T"":1791534716281,""s"":""PENGUUSDT"",""S"":""Buy"",""v"":""2070"",""p"":""0.008028""}"
2026-10-09T08:32:03.832196Z,1791534723630,JCTUSDT,Sell,258900,0.0024460,"{""T"":1791534723630,""s"":""JCTUSDT"",""S"":""Sell"",""v"":""258900"",""p"":""0.0024460""}"
2026-10-09T08:32:06.489741Z,1791534726035,USUSDT,Sell,2610,0.026780,"{""T"":1791534726035,""s"":""USUSDT"",""S"":""Sell"",""v"":""2610"",""p"":""0.026780""}"
2026-10-09T08:32:16.489947Z,1791534736140,USUSDT,Sell,490,0.026930,"{""T"":1791534736140,""s"":""USUSDT"",""S"":""Sell"",""v"":""490"",""p"":""0.026930""}"
2026-10-09T08:32:32.520390Z,1791534752236,PYTHUSDT,Buy,5618,0.08351,"{""T"":1791534752236,""s"":""PYTHUSDT"",""S"":""Buy"",""v"":""5618"",""p"":""0.08351""}"
2026-10-09T08:32:57.139007Z,1791534776588,STRKUSDT,Sell,165.6,0.07350,"{""T"":1791534776588,""s"":""STRKUSDT"",""S"":""Sell"",""v"":""165.6"",""p"":""0.07350""}"
2026-10-09T08:33:15.138762Z,1791534794824,STRKUSDT,Sell,97081.0,0.07393,"{""T"":1791534794824,""s"":""STRKUSDT"",""S"":""Sell"",""v"":""97081.0"",""p"":""0.07393""}"
2026-10-09T08:33:15.638155Z,1791534795073,STRKUSDT,Sell,2417.3,0.07401,"{""T"":1791534795073,""s"":""STRKUSDT"",""S"":""Sell"",""v"":""2417.3"",""p"":""0.07401""}"
2026-10-09T08:33:15.638155Z,1791534795090,STRKUSDT,Sell,1127.9,0.07389,"{""T"":1791534795090,""s"":""STRKUSDT"",""S"":""Sell"",""v"":""1127.9"",""p"":""0.07389""}"
2026-10-09T08:33:39.991318Z,1791534819871,USUSDT,Sell,9270,0.027090,"{""T"":1791534819871,""s"":""USUSDT"",""S"":""Sell"",""v"":""9270"",""p"":""0.027090""}"
2026-10-09T08:33:46.138238Z,1791534826009,STRKUSDT,Sell,898.9,0.07430,"{""T"":1791534826009,""s"":""STRKUSDT"",""S"":""Sell"",""v"":""898.9"",""p"":""0.07430""}"
2026-10-09T08:33:47.138245Z,1791534826705,STRKUSDT,Sell,105.6,0.07422,"{""T"":1791534826705,""s"":""STRKUSDT"",""S"":""Sell"",""v"":""105.6"",""p"":""0.07422""}"
2026-10-09T08:33:47.138245Z,1791534826977,STRKUSDT,Sell,3880.8,0.07436,"{""T"":1791534826977,""s"":""STRKUSDT"",""S"":""Sell"",""v"":""3880.8"",""p"":""0.07436""}"
2026-10-09T08:33:52.638803Z,1791534832196,STRKUSDT,Sell,205.1,0.07441,"{""T"":1791534832196,""s"":""STRKUSDT"",""S"":""Sell"",""v"":""205.1"",""p"":""0.07441""}"
2026-10-09T08:34:05.491004Z,1791534845050,USUSDT,Sell,13300,0.027130,"{""T"":1791534845050,""s"":""USUSDT"",""S"":""Sell"",""v"":""13300"",""p"":""0.027130""}"
2026-10-09T08:34:14.499479Z,1791534854227,ICPUSDT,Buy,6.2,2.966,"{""T"":1791534854227,""s"":""ICPUSDT"",""S"":""Buy"",""v"":""6.2"",""p"":""2.966""}"
2026-10-09T08:34:38.316814Z,1791534878003,METUSDT,Sell,781.7,0.42630,"{""T"":1791534878003,""s"":""METUSDT"",""S"":""Sell"",""v"":""781.7"",""p"":""0.42630""}"
2026-10-09T08:34:44.638338Z,1791534884439,STRKUSDT,Sell,31353.6,0.07454,"{""T"":1791534884439,""s"":""STRKUSDT"",""S"":""Sell"",""v"":""31353.6"",""p"":""0.07454""}"
2026-10-09T08:34:44.995314Z,1791534884439,OPUSDT,Sell,5777.6,0.12408,"{""T"":1791534884439,""s"":""OPUSDT"",""S"":""Sell"",""v"":""5777.6"",""p"":""0.12408""}"
2026-10-09T08:34:45.019535Z,1791534884439,ATOMUSDT,Sell,344.8,1.9390,"{""T"":1791534884439,""s"":""ATOMUSDT"",""S"":""Sell"",""v"":""344.8"",""p"":""1.9390""}"
2026-10-09T08:34:45.638723Z,1791534885433,STRKUSDT,Sell,1406.0,0.07467,"{""T"":1791534885433,""s"":""STRKUSDT"",""S"":""Sell"",""v"":""1406.0"",""p"":""0.07467""}"
2026-10-09T08:35:04.490372Z,1791534904387,USUSDT,Sell,3970,0.027300,"{""T"":1791534904387,""s"":""USUSDT"",""S"":""Sell"",""v"":""3970"",""p"":""0.027300""}"
2026-10-09T08:35:04.639138Z,1791534904375,STRKUSDT,Sell,104402.8,0.07477,"{""T"":1791534904375,""s"":""STRKUSDT"",""S"":""Sell"",""v"":""104402.8"",""p"":""0.07477""}"
2026-10-09T08:35:14.333382Z,1791534914242,JCTUSDT,Sell,4800,0.0025080,"{""T"":1791534914242,""s"":""JCTUSDT"",""S"":""Sell"",""v"":""4800"",""p"":""0.0025080""}"
2026-10-09T08:35:18.958917Z,1791534918461,QNTUSDT,Sell,0.54,245.29,"{""T"":1791534918461,""s"":""QNTUSDT"",""S"":""Sell"",""v"":""0.54"",""p"":""245.29""}"
2026-10-09T08:35:21.489923Z,1791534920941,USUSDT,Sell,10270,0.027380,"{""T"":1791534920941,""s"":""USUSDT"",""S"":""Sell"",""v"":""10270"",""p"":""0.027380""}"
2026-10-09T08:35:42.138266Z,1791534942042,AKEUSDT,Sell,800,0.0286760,"{""T"":1791534942042,""s"":""AKEUSDT"",""S"":""Sell"",""v"":""800"",""p"":""0.0286760""}"
2026-10-09T08:35:49.331825Z,1791534948873,JCTUSDT,Sell,8000,0.0025210,"{""T"":1791534948873,""s"":""JCTUSDT"",""S"":""Sell"",""v"":""8000"",""p"":""0.0025210""}"
2026-10-09T08:35:50.331905Z,1791534949900,JCTUSDT,Sell,33300,0.0025220,"{""T"":1791534949900,""s"":""JCTUSDT"",""S"":""Sell"",""v"":""33300"",""p"":""0.0025220""}"
2026-10-09T08:36:04.639576Z,1791534964498,STRKUSDT,Sell,4432.1,0.07493,"{""T"":1791534964498,""s"":""STRKUSDT"",""S"":""Sell"",""v"":""4432.1"",""p"":""0.07493""}"
2026-10-09T08:36:05.138402Z,1791534964861,STRKUSDT,Sell,3415.6,0.07484,"{""T"":1791534964861,""s"":""STRKUSDT"",""S"":""Sell"",""v"":""3415.6"",""p"":""0.07484""}"
2026-10-09T08:36:06.990024Z,1791534966757,USUSDT,Sell,84310,0.027540,"{""T"":1791534966757,""s"":""USUSDT"",""S"":""Sell"",""v"":""84310"",""p"":""0.027540""}"
2026-10-09T08:36:07.138353Z,1791534967026,AKEUSDT,Sell,200,0.0285830,"{""T"":1791534967026,""s"":""AKEUSDT"",""S"":""Sell"",""v"":""200"",""p"":""0.0285830""}"
2026-10-09T08:36:07.316203Z,1791534967026,GRASSUSDT,Buy,9,0.62290,"{""T"":1791534967026,""s"":""GRASSUSDT"",""S"":""Buy"",""v"":""9"",""p"":""0.62290""}"
2026-10-09T08:36:07.328778Z,1791534967026,FARTCOINUSDT,Sell,37,0.16759,"{""T"":1791534967026,""s"":""FARTCOINUSDT"",""S"":""Sell"",""v"":""37"",""p"":""0.16759""}"
2026-10-09T08:36:07.329227Z,1791534967026,VVVUSDT,Sell,0.23,23.2680,"{""T"":1791534967026,""s"":""VVVUSDT"",""S"":""Sell"",""v"":""0.23"",""p"":""23.2680""}"
2026-10-09T08:36:07.340330Z,1791534967026,LITUSDT,Sell,1.6,3.7280,"{""T"":1791534967026,""s"":""LITUSDT"",""S"":""Sell"",""v"":""1.6"",""p"":""3.7280""}"
2026-10-09T08:36:07.351702Z,1791534967026,SANDUSDT,Buy,87,0.06819,"{""T"":1791534967026,""s"":""SANDUSDT"",""S"":""Buy"",""v"":""87"",""p"":""0.06819""}"
2026-10-09T08:36:07.351862Z,1791534967026,USELESSUSDT,Sell,25,0.20059,"{""T"":1791534967026,""s"":""USELESSUSDT"",""S"":""Sell"",""v"":""25"",""p"":""0.20059""}"
2026-10-09T08:36:07.459490Z,1791534967026,QNTUSDT,Buy,0.02,240.54,"{""T"":1791534967026,""s"":""QNTUSDT"",""S"":""Buy"",""v"":""0.02"",""p"":""240.54""}"
2026-10-09T08:36:07.490047Z,1791534967026,ZROUSDT,Buy,3.2,2.1009,"{""T"":1791534967026,""s"":""ZROUSDT"",""S"":""Buy"",""v"":""3.2"",""p"":""2.1009""}"
2026-10-09T08:36:07.490518Z,1791534967026,USUSDT,Sell,9170,0.027570,"{""T"":1791534967026,""s"":""USUSDT"",""S"":""Sell"",""v"":""9170"",""p"":""0.027570""}"
2026-10-09T08:36:07.490518Z,1791534967345,USUSDT,Sell,300,0.027570,"{""T"":1791534967345,""s"":""USUSDT"",""S"":""Sell"",""v"":""300"",""p"":""0.027570""}"
2026-10-09T08:36:07.499667Z,1791534967026,RLCUSDT,Buy,8.4,1.0652,"{""T"":1791534967026,""s"":""RLCUSDT"",""S"":""Buy"",""v"":""8.4"",""p"":""1.0652""}"
2026-10-09T08:36:07.638649Z,1791534967289,STRKUSDT,Sell,1408.5,0.07500,"{""T"":1791534967289,""s"":""STRKUSDT"",""S"":""Sell"",""v"":""1408.5"",""p"":""0.07500""}"
2026-10-09T08:36:11.138345Z,1791534970953,STRKUSDT,Sell,66113.6,0.07522,"{""T"":1791534970953,""s"":""STRKUSDT"",""S"":""Sell"",""v"":""66113.6"",""p"":""0.07522""}"
2026-10-09T08:36:11.138345Z,1791534970989,STRKUSDT,Sell,15854.4,0.07503,"{""T"":1791534970989,""s"":""STRKUSDT"",""S"":""Sell"",""v"":""15854.4"",""p"":""0.07503""}"
2026-10-09T08:36:11.638586Z,1791534971233,STRKUSDT,Sell,284.4,0.07537,"{""T"":1791534971233,""s"":""STRKUSDT"",""S"":""Sell"",""v"":""284.4"",""p"":""0.07537""}"
2026-10-09T08:36:11.638586Z,1791534971361,STRKUSDT,Sell,35527.3,0.07509,"{""T"":1791534971361,""s"":""STRKUSDT"",""S"":""Sell"",""v"":""35527.3"",""p"":""0.07509""}"
2026-10-09T08:36:11.638586Z,1791534971468,STRKUSDT,Sell,16697.4,0.07503,"{""T"":1791534971468,""s"":""STRKUSDT"",""S"":""Sell"",""v"":""16697.4"",""p"":""0.07503""}"
2026-10-09T08:36:12.138457Z,1791534971845,STRKUSDT,Sell,4678.7,0.07529,"{""T"":1791534971845,""s"":""STRKUSDT"",""S"":""Sell"",""v"":""4678.7"",""p"":""0.07529""}"
2026-10-09T08:36:12.138457Z,1791534971852,STRKUSDT,Sell,3928.1,0.07543,"{""T"":1791534971852,""s"":""STRKUSDT"",""S"":""Sell"",""v"":""3928.1"",""p"":""0.07543""}"
2026-10-09T08:36:12.138457Z,1791534971898,STRKUSDT,Sell,1748.9,0.07551,"{""T"":1791534971898,""s"":""STRKUSDT"",""S"":""Sell"",""v"":""1748.9"",""p"":""0.07551""}"
2026-10-09T08:36:12.138457Z,1791534971903,STRKUSDT,Sell,986.4,0.07530,"{""T"":1791534971903,""s"":""STRKUSDT"",""S"":""Sell"",""v"":""986.4"",""p"":""0.07530""}"
2026-10-09T08:36:12.138457Z,1791534971934,STRKUSDT,Sell,334.9,0.07521,"{""T"":1791534971934,""s"":""STRKUSDT"",""S"":""Sell"",""v"":""334.9"",""p"":""0.07521""}"
2026-10-09T08:36:12.138457Z,1791534971971,STRKUSDT,Sell,7874.0,0.07554,"{""T"":1791534971971,""s"":""STRKUSDT"",""S"":""Sell"",""v"":""7874.0"",""p"":""0.07554""}"
2026-10-09T08:36:12.417594Z,1791534971903,ZECUSDT,Buy,0.06,1218.41,"{""T"":1791534971903,""s"":""ZECUSDT"",""S"":""Buy"",""v"":""0.06"",""p"":""1218.41""}"
2026-10-09T08:36:12.638692Z,1791534972170,STRKUSDT,Sell,728.4,0.07549,"{""T"":1791534972170,""s"":""STRKUSDT"",""S"":""Sell"",""v"":""728.4"",""p"":""0.07549""}"
2026-10-09T08:36:12.638692Z,1791534972174,STRKUSDT,Sell,1095.7,0.07554,"{""T"":1791534972174,""s"":""STRKUSDT"",""S"":""Sell"",""v"":""1095.7"",""p"":""0.07554""}"
2026-10-09T08:36:13.138376Z,1791534972607,STRKUSDT,Sell,1000.0,0.07551,"{""T"":1791534972607,""s"":""STRKUSDT"",""S"":""Sell"",""v"":""1000.0"",""p"":""0.07551""}"
2026-10-09T08:36:13.138376Z,1791534972765,STRKUSDT,Sell,11604.0,0.07552,"{""T"":1791534972765,""s"":""STRKUSDT"",""S"":""Sell"",""v"":""11604.0"",""p"":""0.07552""}"
2026-10-09T08:36:14.138425Z,1791534973651,STRKUSDT,Sell,2832.3,0.07559,"{""T"":1791534973651,""s"":""STRKUSDT"",""S"":""Sell"",""v"":""2832.3"",""p"":""0.07559""}"
2026-10-09T08:36:21.489710Z,1791534981357,USUSDT,Sell,3960,0.027770,"{""T"":1791534981357,""s"":""USUSDT"",""S"":""Sell"",""v"":""3960"",""p"":""0.027770""}"
2026-10-09T08:36:21.489710Z,1791534981361,USUSDT,Sell,220,0.027680,"{""T"":1791534981361,""s"":""USUSDT"",""S"":""Sell"",""v"":""220"",""p"":""0.027680""}"
2026-10-09T08:36:21.638116Z,1791534981357,OGNUSDT,Sell,2719,0.039540,"{""T"":1791534981357,""s"":""OGNUSDT"",""S"":""Sell"",""v"":""2719"",""p"":""0.039540""}"
2026-10-09T08:36:21.989935Z,1791534981433,USUSDT,Sell,79350,0.027720,"{""T"":1791534981433,""s"":""USUSDT"",""S"":""Sell"",""v"":""79350"",""p"":""0.027720""}"
2026-10-09T08:36:22.489828Z,1791534981978,USUSDT,Sell,540,0.027740,"{""T"":1791534981978,""s"":""USUSDT"",""S"":""Sell"",""v"":""540"",""p"":""0.027740""}"
2026-10-09T08:36:23.990587Z,1791534983649,USUSDT,Sell,20910,0.027900,"{""T"":1791534983649,""s"":""USUSDT"",""S"":""Sell"",""v"":""20910"",""p"":""0.027900""}"
2026-10-09T08:36:23.990587Z,1791534983682,USUSDT,Sell,950,0.027910,"{""T"":1791534983682,""s"":""USUSDT"",""S"":""Sell"",""v"":""950"",""p"":""0.027910""}"
2026-10-09T08:36:28.489981Z,1791534988013,USUSDT,Sell,47000,0.027960,"{""T"":1791534988013,""s"":""USUSDT"",""S"":""Sell"",""v"":""47000"",""p"":""0.027960""}"
2026-10-09T08:36:35.990143Z,1791534995693,USUSDT,Sell,6340,0.028100,"{""T"":1791534995693,""s"":""USUSDT"",""S"":""Sell"",""v"":""6340"",""p"":""0.028100""}"
2026-10-09T08:37:20.832096Z,1791535040591,LONGXIAUSDT,Buy,128,0.0421,"{""T"":1791535040591,""s"":""LONGXIAUSDT"",""S"":""Buy"",""v"":""128"",""p"":""0.0421""}"
2026-10-09T08:37:20.832096Z,1791535040651,LONGXIAUSDT,Buy,69306,0.0422,"{""T"":1791535040651,""s"":""LONGXIAUSDT"",""S"":""Buy"",""v"":""69306"",""p"":""0.0422""}"
2026-10-09T08:37:27.332607Z,1791535046810,LONGXIAUSDT,Buy,1991,0.0421,"{""T"":1791535046810,""s"":""LONGXIAUSDT"",""S"":""Buy"",""v"":""1991"",""p"":""0.0421""}"
2026-10-09T08:38:11.490126Z,1791535091371,USUSDT,Buy,11740,0.025880,"{""T"":1791535091371,""s"":""USUSDT"",""S"":""Buy"",""v"":""11740"",""p"":""0.025880""}"
2026-10-09T08:38:12.490574Z,1791535092269,USUSDT,Buy,68300,0.025600,"{""T"":1791535092269,""s"":""USUSDT"",""S"":""Buy"",""v"":""68300"",""p"":""0.025600""}"
2026-10-09T08:38:12.990054Z,1791535092733,USUSDT,Buy,20560,0.025590,"{""T"":1791535092733,""s"":""USUSDT"",""S"":""Buy"",""v"":""20560"",""p"":""0.025590""}"
2026-10-09T08:38:25.832569Z,1791535105365,JCTUSDT,Buy,602000,0.0023100,"{""T"":1791535105365,""s"":""JCTUSDT"",""S"":""Buy"",""v"":""602000"",""p"":""0.0023100""}"
2026-10-09T08:38:29.489975Z,1791535109281,USUSDT,Buy,740,0.025400,"{""T"":1791535109281,""s"":""USUSDT"",""S"":""Buy"",""v"":""740"",""p"":""0.025400""}"
2026-10-09T08:38:41.490372Z,1791535120974,CLUSDT,Buy,32.04,89.600,"{""T"":1791535120974,""s"":""CLUSDT"",""S"":""Buy"",""v"":""32.04"",""p"":""89.600""}"
2026-10-09T08:39:07.489911Z,1791535147066,USUSDT,Sell,680,0.027460,"{""T"":1791535147066,""s"":""USUSDT"",""S"":""Sell"",""v"":""680"",""p"":""0.027460""}"
2026-10-09T08:40:27.638790Z,1791535227334,OGNUSDT,Sell,175,0.039659,"{""T"":1791535227334,""s"":""OGNUSDT"",""S"":""Sell"",""v"":""175"",""p"":""0.039659""}"
2026-10-09T08:41:07.851749Z,1791535267357,SANDUSDT,Buy,884,0.06781,"{""T"":1791535267357,""s"":""SANDUSDT"",""S"":""Buy"",""v"":""884"",""p"":""0.06781""}"
2026-10-09T08:41:29.816736Z,1791535289261,PUMPFUNUSDT,Buy,2400,0.0055880,"{""T"":1791535289261,""s"":""PUMPFUNUSDT"",""S"":""Buy"",""v"":""2400"",""p"":""0.0055880""}"
2026-10-09T08:41:41.069495Z,1791535300956,SOLUSDT,Buy,2.2,109.440,"{""T"":1791535300956,""s"":""SOLUSDT"",""S"":""Buy"",""v"":""2.2"",""p"":""109.440""}"
2026-10-09T08:43:04.992665Z,1791535384451,USUSDT,Sell,390,0.027480,"{""T"":1791535384451,""s"":""USUSDT"",""S"":""Sell"",""v"":""390"",""p"":""0.027480""}"
2026-10-09T08:43:10.490144Z,1791535390325,USUSDT,Sell,7610,0.027610,"{""T"":1791535390325,""s"":""USUSDT"",""S"":""Sell"",""v"":""7610"",""p"":""0.027610""}"
2026-10-09T08:43:56.142724Z,1791535435784,OGNUSDT,Sell,6324,0.040039,"{""T"":1791535435784,""s"":""OGNUSDT"",""S"":""Sell"",""v"":""6324"",""p"":""0.040039""}"
2026-10-09T08:44:04.831720Z,1791535444723,LONGXIAUSDT,Buy,23336,0.0417,"{""T"":1791535444723,""s"":""LONGXIAUSDT"",""S"":""Buy"",""v"":""23336"",""p"":""0.0417""}"
2026-10-09T08:44:08.316307Z,1791535448093,SPCXUSDT,Sell,0.27,168.22,"{""T"":1791535448093,""s"":""SPCXUSDT"",""S"":""Sell"",""v"":""0.27"",""p"":""168.22""}"
2026-10-09T08:44:48.138191Z,1791535487860,OGNUSDT,Sell,2459,0.040078,"{""T"":1791535487860,""s"":""OGNUSDT"",""S"":""Sell"",""v"":""2459"",""p"":""0.040078""}"
2026-10-09T08:45:02.142264Z,1791535501851,OGNUSDT,Sell,530,0.040092,"{""T"":1791535501851,""s"":""OGNUSDT"",""S"":""Sell"",""v"":""530"",""p"":""0.040092""}"
2026-10-09T08:45:15.833048Z,1791535515557,LONGXIAUSDT,Buy,1934,0.0414,"{""T"":1791535515557,""s"":""LONGXIAUSDT"",""S"":""Buy"",""v"":""1934"",""p"":""0.0414""}"
2026-10-09T08:45:16.331980Z,1791535515814,LONGXIAUSDT,Buy,5107,0.0415,"{""T"":1791535515814,""s"":""LONGXIAUSDT"",""S"":""Buy"",""v"":""5107"",""p"":""0.0415""}"
2026-10-09T08:45:28.138624Z,1791535527980,OGNUSDT,Sell,10473,0.040409,"{""T"":1791535527980,""s"":""OGNUSDT"",""S"":""Sell"",""v"":""10473"",""p"":""0.040409""}"
2026-10-09T08:45:28.518961Z,1791535527980,NEARUSDT,Sell,151.3,4.8640,"{""T"":1791535527980,""s"":""NEARUSDT"",""S"":""Sell"",""v"":""151.3"",""p"":""4.8640""}"
2026-10-09T08:45:28.638192Z,1791535528425,OGNUSDT,Sell,400,0.040472,"{""T"":1791535528425,""s"":""OGNUSDT"",""S"":""Sell"",""v"":""400"",""p"":""0.040472""}"
2026-10-09T08:45:39.638794Z,1791535539254,STRKUSDT,Sell,14520.0,0.07573,"{""T"":1791535539254,""s"":""STRKUSDT"",""S"":""Sell"",""v"":""14520.0"",""p"":""0.07573""}"
2026-10-09T08:45:39.638794Z,1791535539418,STRKUSDT,Sell,109.5,0.07561,"{""T"":1791535539418,""s"":""STRKUSDT"",""S"":""Sell"",""v"":""109.5"",""p"":""0.07561""}"
2026-10-09T08:45:40.138473Z,1791535539576,STRKUSDT,Sell,2078.9,0.07559,"{""T"":1791535539576,""s"":""STRKUSDT"",""S"":""Sell"",""v"":""2078.9"",""p"":""0.07559""}"
2026-10-09T08:45:40.138473Z,1791535539821,STRKUSDT,Sell,5852.3,0.07562,"{""T"":1791535539821,""s"":""STRKUSDT"",""S"":""Sell"",""v"":""5852.3"",""p"":""0.07562""}"
2026-10-09T08:45:40.138473Z,1791535539882,STRKUSDT,Sell,650.7,0.07571,"{""T"":1791535539882,""s"":""STRKUSDT"",""S"":""Sell"",""v"":""650.7"",""p"":""0.07571""}"
2026-10-09T08:45:44.138723Z,1791535543799,STRKUSDT,Sell,1297.3,0.07575,"{""T"":1791535543799,""s"":""STRKUSDT"",""S"":""Sell"",""v"":""1297.3"",""p"":""0.07575""}"
2026-10-09T08:48:07.990558Z,1791535687609,QQQUSDT,Sell,0.09,764.64,"{""T"":1791535687609,""s"":""QQQUSDT"",""S"":""Sell"",""v"":""0.09"",""p"":""764.64""}"
2026-10-09T08:48:40.638305Z,1791535720218,STRKUSDT,Sell,134030.2,0.07585,"{""T"":1791535720218,""s"":""STRKUSDT"",""S"":""Sell"",""v"":""134030.2"",""p"":""0.07585""}"
2026-10-09T08:48:40.638305Z,1791535720260,STRKUSDT,Sell,1288.6,0.07582,"{""T"":1791535720260,""s"":""STRKUSDT"",""S"":""Sell"",""v"":""1288.6"",""p"":""0.07582""}"
2026-10-09T08:48:54.139331Z,1791535733877,STRKUSDT,Sell,4344.1,0.07592,"{""T"":1791535733877,""s"":""STRKUSDT"",""S"":""Sell"",""v"":""4344.1"",""p"":""0.07592""}"
2026-10-09T08:49:05.493155Z,1791535745086,USUSDT,Sell,720,0.027970,"{""T"":1791535745086,""s"":""USUSDT"",""S"":""Sell"",""v"":""720"",""p"":""0.027970""}"
2026-10-09T08:49:09.138356Z,1791535748883,STRKUSDT,Sell,2465.9,0.07636,"{""T"":1791535748883,""s"":""STRKUSDT"",""S"":""Sell"",""v"":""2465.9"",""p"":""0.07636""}"
2026-10-09T08:49:09.638156Z,1791535749174,STRKUSDT,Sell,1327.8,0.07630,"{""T"":1791535749174,""s"":""STRKUSDT"",""S"":""Sell"",""v"":""1327.8"",""p"":""0.07630""}"
2026-10-09T08:49:09.638156Z,1791535749260,STRKUSDT,Sell,8409.7,0.07629,"{""T"":1791535749260,""s"":""STRKUSDT"",""S"":""Sell"",""v"":""8409.7"",""p"":""0.07629""}"
2026-10-09T08:49:10.139524Z,1791535749819,STRKUSDT,Sell,61061.2,0.07613,"{""T"":1791535749819,""s"":""STRKUSDT"",""S"":""Sell"",""v"":""61061.2"",""p"":""0.07613""}"
2026-10-09T08:49:12.638241Z,1791535752099,STRKUSDT,Sell,94916.2,0.07661,"{""T"":1791535752099,""s"":""STRKUSDT"",""S"":""Sell"",""v"":""94916.2"",""p"":""0.07661""}"
2026-10-09T08:49:12.638241Z,1791535752102,STRKUSDT,Sell,1816.9,0.07677,"{""T"":1791535752102,""s"":""STRKUSDT"",""S"":""Sell"",""v"":""1816.9"",""p"":""0.07677""}"
2026-10-09T08:49:12.638241Z,1791535752323,STRKUSDT,Sell,12500.7,0.07667,"{""T"":1791535752323,""s"":""STRKUSDT"",""S"":""Sell"",""v"":""12500.7"",""p"":""0.07667""}"
2026-10-09T08:49:13.069323Z,1791535752811,BTCUSDT,Buy,0.001,82298.00,"{""T"":1791535752811,""s"":""BTCUSDT"",""S"":""Buy"",""v"":""0.001"",""p"":""82298.00""}"
2026-10-09T08:49:13.138351Z,1791535752765,STRKUSDT,Sell,46462.5,0.07675,"{""T"":1791535752765,""s"":""STRKUSDT"",""S"":""Sell"",""v"":""46462.5"",""p"":""0.07675""}"
2026-10-09T08:49:13.138351Z,1791535752811,STRKUSDT,Sell,2114.5,0.07684,"{""T"":1791535752811,""s"":""STRKUSDT"",""S"":""Sell"",""v"":""2114.5"",""p"":""0.07684""}"
2026-10-09T08:49:13.138351Z,1791535752821,STRKUSDT,Sell,72939.4,0.07670,"{""T"":1791535752821,""s"":""STRKUSDT"",""S"":""Sell"",""v"":""72939.4"",""p"":""0.07670""}"
2026-10-09T08:49:13.331776Z,1791535752811,PONSUSDT,Buy,39,0.3449,"{""T"":1791535752811,""s"":""PONSUSDT"",""S"":""Buy"",""v"":""39"",""p"":""0.3449""}"
2026-10-09T08:49:16.138272Z,1791535755879,STRKUSDT,Sell,6051.8,0.07698,"{""T"":1791535755879,""s"":""STRKUSDT"",""S"":""Sell"",""v"":""6051.8"",""p"":""0.07698""}"
2026-10-09T08:49:17.138551Z,1791535756575,STRKUSDT,Sell,5950.0,0.07700,"{""T"":1791535756575,""s"":""STRKUSDT"",""S"":""Sell"",""v"":""5950.0"",""p"":""0.07700""}"
2026-10-09T08:49:17.832011Z,1791535757690,LONGXIAUSDT,Buy,32032,0.0403,"{""T"":1791535757690,""s"":""LONGXIAUSDT"",""S"":""Buy"",""v"":""32032"",""p"":""0.0403""}"
2026-10-09T08:49:19.138366Z,1791535758818,STRKUSDT,Sell,41067.9,0.07700,"{""T"":1791535758818,""s"":""STRKUSDT"",""S"":""Sell"",""v"":""41067.9"",""p"":""0.07700""}"
2026-10-09T08:49:19.638409Z,1791535759381,STRKUSDT,Sell,6958.8,0.07723,"{""T"":1791535759381,""s"":""STRKUSDT"",""S"":""Sell"",""v"":""6958.8"",""p"":""0.07723""}"
2026-10-09T08:49:20.139027Z,1791535759563,STRKUSDT,Sell,29226.6,0.07722,"{""T"":1791535759563,""s"":""STRKUSDT"",""S"":""Sell"",""v"":""29226.6"",""p"":""0.07722""}"
2026-10-09T08:49:51.917195Z,1791535791444,DOTUSDT,Sell,2000.0,1.2065,"{""T"":1791535791444,""s"":""DOTUSDT"",""S"":""Sell"",""v"":""2000.0"",""p"":""1.2065""}"
2026-10-09T08:50:30.138784Z,1791535829825,STRKUSDT,Sell,109.8,0.07698,"{""T"":1791535829825,""s"":""STRKUSDT"",""S"":""Sell"",""v"":""109.8"",""p"":""0.07698""}"
2026-10-09T08:51:06.917455Z,1791535866431,DOTUSDT,Sell,4.5,1.2118,"{""T"":1791535866431,""s"":""DOTUSDT"",""S"":""Sell"",""v"":""4.5"",""p"":""1.2118""}"
2026-10-09T08:52:15.499890Z,1791535935228,RLCUSDT,Buy,12.6,1.0396,"{""T"":1791535935228,""s"":""RLCUSDT"",""S"":""Buy"",""v"":""12.6"",""p"":""1.0396""}"
2026-10-09T08:53:17.417819Z,1791535997133,DOTUSDT,Buy,4.5,1.1845,"{""T"":1791535997133,""s"":""DOTUSDT"",""S"":""Buy"",""v"":""4.5"",""p"":""1.1845""}"
2026-10-09T08:54:17.499758Z,1791536057236,RLCUSDT,Buy,21.5,1.0342,"{""T"":1791536057236,""s"":""RLCUSDT"",""S"":""Buy"",""v"":""21.5"",""p"":""1.0342""}"
2026-10-09T08:54:38.989654Z,1791536078859,WUSDT,Sell,1000.0,0.018274,"{""T"":1791536078859,""s"":""WUSDT"",""S"":""Sell"",""v"":""1000.0"",""p"":""0.018274""}"
2026-10-09T08:54:55.019075Z,1791536094750,NEARUSDT,Sell,12.9,4.8790,"{""T"":1791536094750,""s"":""NEARUSDT"",""S"":""Sell"",""v"":""12.9"",""p"":""4.8790""}"
2026-10-09T08:55:29.999795Z,1791536129661,RLCUSDT,Buy,36.3,1.0227,"{""T"":1791536129661,""s"":""RLCUSDT"",""S"":""Buy"",""v"":""36.3"",""p"":""1.0227""}"
2026-10-09T08:55:30.489404Z,1791536130073,WUSDT,Sell,847.3,0.018448,"{""T"":1791536130073,""s"":""WUSDT"",""S"":""Sell"",""v"":""847.3"",""p"":""0.018448""}"
2026-10-09T08:55:42.832184Z,1791536142594,ENAUSDT,Sell,1890,0.21940,"{""T"":1791536142594,""s"":""ENAUSDT"",""S"":""Sell"",""v"":""1890"",""p"":""0.21940""}"
2026-10-09T08:56:00.489379Z,1791536159909,WUSDT,Sell,361.3,0.018480,"{""T"":1791536159909,""s"":""WUSDT"",""S"":""Sell"",""v"":""361.3"",""p"":""0.018480""}"
2026-10-09T08:56:07.958870Z,1791536167617,ETHUSDT,Sell,1.00,2513.81,"{""T"":1791536167617,""s"":""ETHUSDT"",""S"":""Sell"",""v"":""1.00"",""p"":""2513.81""}"
2026-10-09T08:56:07.958870Z,1791536167745,ETHUSDT,Sell,93.37,2513.68,"{""T"":1791536167745,""s"":""ETHUSDT"",""S"":""Sell"",""v"":""93.37"",""p"":""2513.68""}"
2026-10-09T08:56:08.568727Z,1791536168048,BTCUSDT,Sell,0.009,82959.30,"{""T"":1791536168048,""s"":""BTCUSDT"",""S"":""Sell"",""v"":""0.009"",""p"":""82959.30""}"
2026-10-09T08:56:08.568727Z,1791536168080,BTCUSDT,Sell,0.100,82952.90,"{""T"":1791536168080,""s"":""BTCUSDT"",""S"":""Sell"",""v"":""0.100"",""p"":""82952.90""}"
2026-10-09T08:56:09.066009Z,1791536168929,SOLUSDT,Sell,2.7,111.080,"{""T"":1791536168929,""s"":""SOLUSDT"",""S"":""Sell"",""v"":""2.7"",""p"":""111.080""}"
2026-10-09T08:56:09.416782Z,1791536169126,ARBUSDT,Sell,3180.0,0.18150,"{""T"":1791536169126,""s"":""ARBUSDT"",""S"":""Sell"",""v"":""3180.0"",""p"":""0.18150""}"
2026-10-09T08:56:09.458640Z,1791536169317,ETHUSDT,Sell,0.41,2514.26,"{""T"":1791536169317,""s"":""ETHUSDT"",""S"":""Sell"",""v"":""0.41"",""p"":""2514.26""}"
2026-10-09T08:56:09.458640Z,1791536169345,ETHUSDT,Sell,0.20,2514.25,"{""T"":1791536169345,""s"":""ETHUSDT"",""S"":""Sell"",""v"":""0.20"",""p"":""2514.25""}"
2026-10-09T08:56:09.568805Z,1791536169273,BTCUSDT,Sell,0.038,82974.90,"{""T"":1791536169273,""s"":""BTCUSDT"",""S"":""Sell"",""v"":""0.038"",""p"":""82974.90""}"
2026-10-09T08:56:09.568805Z,1791536169345,BTCUSDT,Sell,0.016,82971.00,"{""T"":1791536169345,""s"":""BTCUSDT"",""S"":""Sell"",""v"":""0.016"",""p"":""82971.00""}"
2026-10-09T08:56:09.568805Z,1791536169379,BTCUSDT,Sell,0.600,82967.30,"{""T"":1791536169379,""s"":""BTCUSDT"",""S"":""Sell"",""v"":""0.600"",""p"":""82967.30""}"
2026-10-09T08:56:09.815937Z,1791536169345,TRUMPUSDT,Sell,56.0,1.876,"{""T"":1791536169345,""s"":""TRUMPUSDT"",""S"":""Sell"",""v"":""56.0"",""p"":""1.876""}"
2026-10-09T08:56:10.569046Z,1791536170155,BTCUSDT,Sell,0.020,82981.20,"{""T"":1791536170155,""s"":""BTCUSDT"",""S"":""Sell"",""v"":""0.020"",""p"":""82981.20""}"
2026-10-09T08:56:11.068918Z,1791536170745,BTCUSDT,Sell,0.030,82982.60,"{""T"":1791536170745,""s"":""BTCUSDT"",""S"":""Sell"",""v"":""0.030"",""p"":""82982.60""}"
2026-10-09T08:57:13.329356Z,1791536233048,ENAUSDT,Sell,2171,0.21991,"{""T"":1791536233048,""s"":""ENAUSDT"",""S"":""Sell"",""v"":""2171"",""p"":""0.21991""}"
2026-10-09T08:57:16.917062Z,1791536236574,DOTUSDT,Buy,19.5,1.1817,"{""T"":1791536236574,""s"":""DOTUSDT"",""S"":""Buy"",""v"":""19.5"",""p"":""1.1817""}"
2026-10-09T08:57:37.566060Z,1791536257123,SOLUSDT,Sell,7.8,111.180,"{""T"":1791536257123,""s"":""SOLUSDT"",""S"":""Sell"",""v"":""7.8"",""p"":""111.180""}"
2026-10-09T08:57:54.139153Z,1791536273810,STRKUSDT,Sell,99518.4,0.07700,"{""T"":1791536273810,""s"":""STRKUSDT"",""S"":""Sell"",""v"":""99518.4"",""p"":""0.07700""}"
2026-10-09T08:58:01.066013Z,1791536280616,SOLUSDT,Sell,0.9,111.250,"{""T"":1791536280616,""s"":""SOLUSDT"",""S"":""Sell"",""v"":""0.9"",""p"":""111.250""}"
2026-10-09T08:58:07.638192Z,1791536287116,STRKUSDT,Sell,68994.0,0.07732,"{""T"":1791536287116,""s"":""STRKUSDT"",""S"":""Sell"",""v"":""68994.0"",""p"":""0.07732""}"
2026-10-09T08:58:07.638192Z,1791536287443,STRKUSDT,Sell,194.8,0.07713,"{""T"":1791536287443,""s"":""STRKUSDT"",""S"":""Sell"",""v"":""194.8"",""p"":""0.07713""}"
2026-10-09T08:58:07.638192Z,1791536287508,STRKUSDT,Sell,365.8,0.07735,"{""T"":1791536287508,""s"":""STRKUSDT"",""S"":""Sell"",""v"":""365.8"",""p"":""0.07735""}"
2026-10-09T08:58:07.638192Z,1791536287541,STRKUSDT,Sell,104857.7,0.07735,"{""T"":1791536287541,""s"":""STRKUSDT"",""S"":""Sell"",""v"":""104857.7"",""p"":""0.07735""}"
2026-10-09T08:58:08.138320Z,1791536287715,STRKUSDT,Sell,144454.5,0.07759,"{""T"":1791536287715,""s"":""STRKUSDT"",""S"":""Sell"",""v"":""144454.5"",""p"":""0.07759""}"
2026-10-09T08:58:08.138320Z,1791536287808,STRKUSDT,Sell,119135.1,0.07738,"{""T"":1791536287808,""s"":""STRKUSDT"",""S"":""Sell"",""v"":""119135.1"",""p"":""0.07738""}"
2026-10-09T08:58:08.138320Z,1791536287870,STRKUSDT,Sell,690.7,0.07740,"{""T"":1791536287870,""s"":""STRKUSDT"",""S"":""Sell"",""v"":""690.7"",""p"":""0.07740""}"
2026-10-09T08:58:08.989598Z,1791536288680,WUSDT,Sell,18000.0,0.018465,"{""T"":1791536288680,""s"":""WUSDT"",""S"":""Sell"",""v"":""18000.0"",""p"":""0.018465""}"
2026-10-09T08:58:10.850681Z,1791536290368,SANDUSDT,Buy,825,0.06772,"{""T"":1791536290368,""s"":""SANDUSDT"",""S"":""Buy"",""v"":""825"",""p"":""0.06772""}"
2026-10-09T08:58:57.458913Z,1791536337317,ETHUSDT,Sell,0.66,2515.23,"{""T"":1791536337317,""s"":""ETHUSDT"",""S"":""Sell"",""v"":""0.66"",""p"":""2515.23""}"
2026-10-09T08:59:35.350973Z,1791536375081,QUSDT,Buy,16460,0.027150,"{""T"":1791536375081,""s"":""QUSDT"",""S"":""Buy"",""v"":""16460"",""p"":""0.027150""}"
2026-10-09T08:59:35.850603Z,1791536375265,QUSDT,Buy,97320,0.027190,"{""T"":1791536375265,""s"":""QUSDT"",""S"":""Buy"",""v"":""97320"",""p"":""0.027190""}"
2026-10-09T08:59:52.328112Z,1791536392059,FARTCOINUSDT,Buy,477,0.16184,"{""T"":1791536392059,""s"":""FARTCOINUSDT"",""S"":""Buy"",""v"":""477"",""p"":""0.16184""}"
2026-10-09T08:59:58.327855Z,1791536397942,FARTCOINUSDT,Buy,13308,0.16182,"{""T"":1791536397942,""s"":""FARTCOINUSDT"",""S"":""Buy"",""v"":""13308"",""p"":""0.16182""}"
2026-10-09T09:01:23.827787Z,1791536483427,RAYDIUMUSDT,Buy,2028.3,2.3810,"{""T"":1791536483427,""s"":""RAYDIUMUSDT"",""S"":""Buy"",""v"":""2028.3"",""p"":""2.3810""}"
2026-10-09T09:01:35.990731Z,1791536495866,USUSDT,Sell,55390,0.027810,"{""T"":1791536495866,""s"":""USUSDT"",""S"":""Sell"",""v"":""55390"",""p"":""0.027810""}"
2026-10-09T09:01:46.638811Z,1791536506372,OGNUSDT,Buy,48496,0.037666,"{""T"":1791536506372,""s"":""OGNUSDT"",""S"":""Buy"",""v"":""48496"",""p"":""0.037666""}"
2026-10-09T09:01:47.638776Z,1791536507234,OGNUSDT,Buy,292,0.037235,"{""T"":1791536507234,""s"":""OGNUSDT"",""S"":""Buy"",""v"":""292"",""p"":""0.037235""}"
2026-10-09T09:01:47.638776Z,1791536507244,OGNUSDT,Buy,3232,0.037242,"{""T"":1791536507244,""s"":""OGNUSDT"",""S"":""Buy"",""v"":""3232"",""p"":""0.037242""}"
2026-10-09T09:01:47.638776Z,1791536507262,OGNUSDT,Buy,2239,0.037159,"{""T"":1791536507262,""s"":""OGNUSDT"",""S"":""Buy"",""v"":""2239"",""p"":""0.037159""}"
2026-10-09T09:01:47.638776Z,1791536507481,OGNUSDT,Buy,133,0.037132,"{""T"":1791536507481,""s"":""OGNUSDT"",""S"":""Buy"",""v"":""133"",""p"":""0.037132""}"
2026-10-09T09:01:47.638776Z,1791536507494,OGNUSDT,Buy,17800,0.037174,"{""T"":1791536507494,""s"":""OGNUSDT"",""S"":""Buy"",""v"":""17800"",""p"":""0.037174""}"
2026-10-09T09:01:47.638776Z,1791536507545,OGNUSDT,Buy,55287,0.037349,"{""T"":1791536507545,""s"":""OGNUSDT"",""S"":""Buy"",""v"":""55287"",""p"":""0.037349""}"
2026-10-09T09:01:48.138675Z,1791536507580,OGNUSDT,Buy,148,0.037219,"{""T"":1791536507580,""s"":""OGNUSDT"",""S"":""Buy"",""v"":""148"",""p"":""0.037219""}"
2026-10-09T09:01:48.138675Z,1791536507612,OGNUSDT,Buy,2041,0.037340,"{""T"":1791536507612,""s"":""OGNUSDT"",""S"":""Buy"",""v"":""2041"",""p"":""0.037340""}"
2026-10-09T09:01:48.138675Z,1791536507632,OGNUSDT,Buy,127885,0.037319,"{""T"":1791536507632,""s"":""OGNUSDT"",""S"":""Buy"",""v"":""127885"",""p"":""0.037319""}"
2026-10-09T09:01:48.138675Z,1791536507657,OGNUSDT,Buy,28673,0.037342,"{""T"":1791536507657,""s"":""OGNUSDT"",""S"":""Buy"",""v"":""28673"",""p"":""0.037342""}"
2026-10-09T09:01:48.138675Z,1791536507766,OGNUSDT,Buy,6582,0.037243,"{""T"":1791536507766,""s"":""OGNUSDT"",""S"":""Buy"",""v"":""6582"",""p"":""0.037243""}"
2026-10-09T09:01:48.138675Z,1791536507837,OGNUSDT,Buy,21412,0.037170,"{""T"":1791536507837,""s"":""OGNUSDT"",""S"":""Buy"",""v"":""21412"",""p"":""0.037170""}"
2026-10-09T09:01:48.138675Z,1791536507934,OGNUSDT,Buy,775,0.037332,"{""T"":1791536507934,""s"":""OGNUSDT"",""S"":""Buy"",""v"":""775"",""p"":""0.037332""}"
2026-10-09T09:01:48.138675Z,1791536507948,OGNUSDT,Buy,158,0.037349,"{""T"":1791536507948,""s"":""OGNUSDT"",""S"":""Buy"",""v"":""158"",""p"":""0.037349""}"
2026-10-09T09:02:07.138644Z,1791536526823,OGNUSDT,Sell,306,0.039421,"{""T"":1791536526823,""s"":""OGNUSDT"",""S"":""Sell"",""v"":""306"",""p"":""0.039421""}"
2026-10-09T09:02:13.638582Z,1791536533201,STRKUSDT,Buy,12592.7,0.07440,"{""T"":1791536533201,""s"":""STRKUSDT"",""S"":""Buy"",""v"":""12592.7"",""p"":""0.07440""}"
2026-10-09T09:02:17.138717Z,1791536536654,STRKUSDT,Buy,2000.0,0.07432,"{""T"":1791536536654,""s"":""STRKUSDT"",""S"":""Buy"",""v"":""2000.0"",""p"":""0.07432""}"
2026-10-09T09:03:08.638932Z,1791536588138,STRKUSDT,Sell,10000.0,0.07653,"{""T"":1791536588138,""s"":""STRKUSDT"",""S"":""Sell"",""v"":""10000.0"",""p"":""0.07653""}"
2026-10-09T09:03:15.489286Z,1791536595189,WUSDT,Sell,486.1,0.018403,"{""T"":1791536595189,""s"":""WUSDT"",""S"":""Sell"",""v"":""486.1"",""p"":""0.018403""}"
2026-10-09T09:04:16.917042Z,1791536656394,1000PEPEUSDT,Buy,46700,0.0038780,"{""T"":1791536656394,""s"":""1000PEPEUSDT"",""S"":""Buy"",""v"":""46700"",""p"":""0.0038780""}"
2026-10-09T09:04:33.495653Z,1791536673358,MINAUSDT,Buy,89.8,0.07495,"{""T"":1791536673358,""s"":""MINAUSDT"",""S"":""Buy"",""v"":""89.8"",""p"":""0.07495""}"
2026-10-09T09:04:38.989557Z,1791536678573,USUSDT,Sell,760,0.028120,"{""T"":1791536678573,""s"":""USUSDT"",""S"":""Sell"",""v"":""760"",""p"":""0.028120""}"
2026-10-09T09:04:44.489855Z,1791536683937,USUSDT,Sell,4620,0.028290,"{""T"":1791536683937,""s"":""USUSDT"",""S"":""Sell"",""v"":""4620"",""p"":""0.028290""}"
2026-10-09T09:04:44.489855Z,1791536683947,USUSDT,Sell,4510,0.028320,"{""T"":1791536683947,""s"":""USUSDT"",""S"":""Sell"",""v"":""4510"",""p"":""0.028320""}"
2026-10-09T09:04:50.489753Z,1791536690296,SOXLUSDT,Buy,1.63,149.15,"{""T"":1791536690296,""s"":""SOXLUSDT"",""S"":""Buy"",""v"":""1.63"",""p"":""149.15""}"
2026-10-09T09:05:07.638755Z,1791536707377,STRKUSDT,Sell,7050.3,0.07673,"{""T"":1791536707377,""s"":""STRKUSDT"",""S"":""Sell"",""v"":""7050.3"",""p"":""0.07673""}"
2026-10-09T09:05:19.138856Z,1791536718616,STRKUSDT,Sell,2950.0,0.07684,"{""T"":1791536718616,""s"":""STRKUSDT"",""S"":""Sell"",""v"":""2950.0"",""p"":""0.07684""}"
2026-10-09T09:05:37.418013Z,1791536737270,DOGEUSDT,Buy,1102,0.08429,"{""T"":1791536737270,""s"":""DOGEUSDT"",""S"":""Buy"",""v"":""1102"",""p"":""0.08429""}"
2026-10-09T09:06:34.639248Z,1791536794480,STRKUSDT,Sell,118.5,0.07706,"{""T"":1791536794480,""s"":""STRKUSDT"",""S"":""Sell"",""v"":""118.5"",""p"":""0.07706""}"
2026-10-09T09:06:36.138206Z,1791536795850,STRKUSDT,Sell,2211.4,0.07715,"{""T"":1791536795850,""s"":""STRKUSDT"",""S"":""Sell"",""v"":""2211.4"",""p"":""0.07715""}"
2026-10-09T09:07:01.836556Z,1791536821532,PONSUSDT,Buy,620,0.3395,"{""T"":1791536821532,""s"":""PONSUSDT"",""S"":""Buy"",""v"":""620"",""p"":""0.3395""}"
2026-10-09T09:07:12.657624Z,1791536832357,OGNUSDT,Buy,167,0.037218,"{""T"":1791536832357,""s"":""OGNUSDT"",""S"":""Buy"",""v"":""167"",""p"":""0.037218""}"
2026-10-09T09:07:36.442860Z,1791536856152,UNIUSDT,Buy,4.4,7.324,"{""T"":1791536856152,""s"":""UNIUSDT"",""S"":""Buy"",""v"":""4.4"",""p"":""7.324""}"
2026-10-09T09:07:59.489646Z,1791536878945,BTWUSDT,Buy,1610,1.37657,"{""T"":1791536878945,""s"":""BTWUSDT"",""S"":""Buy"",""v"":""1610"",""p"":""1.37657""}"
2026-10-09T09:08:00.638331Z,1791536880314,OGNUSDT,Buy,1493,0.037035,"{""T"":1791536880314,""s"":""OGNUSDT"",""S"":""Buy"",""v"":""1493"",""p"":""0.037035""}"
2026-10-09T09:09:12.492949Z,1791536952276,USUSDT,Buy,1130,0.026120,"{""T"":1791536952276,""s"":""USUSDT"",""S"":""Buy"",""v"":""1130"",""p"":""0.026120""}"
2026-10-09T09:09:14.989188Z,1791536954697,USUSDT,Buy,1210,0.026000,"{""T"":1791536954697,""s"":""USUSDT"",""S"":""Buy"",""v"":""1210"",""p"":""0.026000""}"
2026-10-09T09:09:54.416899Z,1791536994294,UNIUSDT,Buy,0.8,7.318,"{""T"":1791536994294,""s"":""UNIUSDT"",""S"":""Buy"",""v"":""0.8"",""p"":""7.318""}"
2026-10-09T09:09:59.518465Z,1791536998967,MNTUSDT,Buy,332.2,0.53470,"{""T"":1791536998967,""s"":""MNTUSDT"",""S"":""Buy"",""v"":""332.2"",""p"":""0.53470""}"
2026-10-09T09:10:01.018475Z,1791537000580,MNTUSDT,Buy,184.7,0.53400,"{""T"":1791537000580,""s"":""MNTUSDT"",""S"":""Buy"",""v"":""184.7"",""p"":""0.53400""}"
2026-10-09T09:10:21.521459Z,1791537021295,MNTUSDT,Buy,537.9,0.53330,"{""T"":1791537021295,""s"":""MNTUSDT"",""S"":""Buy"",""v"":""537.9"",""p"":""0.53330""}"
2026-10-09T09:10:26.018890Z,1791537025791,MNTUSDT,Buy,1140.3,0.53300,"{""T"":1791537025791,""s"":""MNTUSDT"",""S"":""Buy"",""v"":""1140.3"",""p"":""0.53300""}"
2026-10-09T09:10:26.018890Z,1791537025811,MNTUSDT,Buy,9162.2,0.53290,"{""T"":1791537025811,""s"":""MNTUSDT"",""S"":""Buy"",""v"":""9162.2"",""p"":""0.53290""}"
2026-10-09T09:10:30.018735Z,1791537029464,MNTUSDT,Buy,3676.3,0.53280,"{""T"":1791537029464,""s"":""MNTUSDT"",""S"":""Buy"",""v"":""3676.3"",""p"":""0.53280""}"
2026-10-09T09:10:31.018969Z,1791537030485,MNTUSDT,Buy,439.3,0.53260,"{""T"":1791537030485,""s"":""MNTUSDT"",""S"":""Buy"",""v"":""439.3"",""p"":""0.53260""}"
2026-10-09T09:10:44.816363Z,1791537044685,METUSDT,Sell,2580.3,0.43300,"{""T"":1791537044685,""s"":""METUSDT"",""S"":""Sell"",""v"":""2580.3"",""p"":""0.43300""}"
2026-10-09T09:11:22.816046Z,1791537082627,METUSDT,Sell,120.0,0.43470,"{""T"":1791537082627,""s"":""METUSDT"",""S"":""Sell"",""v"":""120.0"",""p"":""0.43470""}"
2026-10-09T09:12:38.641090Z,1791537158310,STRKUSDT,Buy,6560.1,0.07469,"{""T"":1791537158310,""s"":""STRKUSDT"",""S"":""Buy"",""v"":""6560.1"",""p"":""0.07469""}"
2026-10-09T09:12:38.989315Z,1791537158585,USUSDT,Sell,1430,0.028280,"{""T"":1791537158585,""s"":""USUSDT"",""S"":""Sell"",""v"":""1430"",""p"":""0.028280""}"
2026-10-09T09:12:40.989318Z,1791537160604,USUSDT,Sell,6650,0.028390,"{""T"":1791537160604,""s"":""USUSDT"",""S"":""Sell"",""v"":""6650"",""p"":""0.028390""}"
2026-10-09T09:12:40.989318Z,1791537160633,USUSDT,Sell,750,0.028400,"{""T"":1791537160633,""s"":""USUSDT"",""S"":""Sell"",""v"":""750"",""p"":""0.028400""}"
2026-10-09T09:12:45.489363Z,1791537165162,USUSDT,Sell,2370,0.028410,"{""T"":1791537165162,""s"":""USUSDT"",""S"":""Sell"",""v"":""2370"",""p"":""0.028410""}"
2026-10-09T09:14:49.989494Z,1791537289458,USUSDT,Sell,130280,0.028510,"{""T"":1791537289458,""s"":""USUSDT"",""S"":""Sell"",""v"":""130280"",""p"":""0.028510""}"
2026-10-09T09:15:07.492568Z,1791537307012,USUSDT,Sell,440,0.028590,"{""T"":1791537307012,""s"":""USUSDT"",""S"":""Sell"",""v"":""440"",""p"":""0.028590""}"
2026-10-09T09:15:12.489731Z,1791537311968,USUSDT,Sell,7530,0.028640,"{""T"":1791537311968,""s"":""USUSDT"",""S"":""Sell"",""v"":""7530"",""p"":""0.028640""}"
2026-10-09T09:15:14.999787Z,1791537314417,RLCUSDT,Sell,51.1,1.1145,"{""T"":1791537314417,""s"":""RLCUSDT"",""S"":""Sell"",""v"":""51.1"",""p"":""1.1145""}"
2026-10-09T09:15:15.489474Z,1791537315162,USUSDT,Sell,9510,0.028680,"{""T"":1791537315162,""s"":""USUSDT"",""S"":""Sell"",""v"":""9510"",""p"":""0.028680""}"
2026-10-09T09:15:15.989756Z,1791537315425,USUSDT,Sell,1600,0.028720,"{""T"":1791537315425,""s"":""USUSDT"",""S"":""Sell"",""v"":""1600"",""p"":""0.028720""}"
2026-10-09T09:15:15.989756Z,1791537315578,USUSDT,Sell,3550,0.028700,"{""T"":1791537315578,""s"":""USUSDT"",""S"":""Sell"",""v"":""3550"",""p"":""0.028700""}"
2026-10-09T09:15:15.989756Z,1791537315603,USUSDT,Sell,100000,0.028770,"{""T"":1791537315603,""s"":""USUSDT"",""S"":""Sell"",""v"":""100000"",""p"":""0.028770""}"
2026-10-09T09:15:15.989756Z,1791537315845,USUSDT,Sell,6280,0.028790,"{""T"":1791537315845,""s"":""USUSDT"",""S"":""Sell"",""v"":""6280"",""p"":""0.028790""}"
2026-10-09T09:15:53.989446Z,1791537353670,USUSDT,Sell,350,0.028870,"{""T"":1791537353670,""s"":""USUSDT"",""S"":""Sell"",""v"":""350"",""p"":""0.028870""}"
2026-10-09T09:15:59.489193Z,1791537359093,USUSDT,Sell,1890,0.028920,"{""T"":1791537359093,""s"":""USUSDT"",""S"":""Sell"",""v"":""1890"",""p"":""0.028920""}"
2026-10-09T09:16:01.489858Z,1791537360992,USUSDT,Sell,170920,0.028950,"{""T"":1791537360992,""s"":""USUSDT"",""S"":""Sell"",""v"":""170920"",""p"":""0.028950""}"
2026-10-09T09:16:01.989338Z,1791537361777,USUSDT,Sell,41630,0.029030,"{""T"":1791537361777,""s"":""USUSDT"",""S"":""Sell"",""v"":""41630"",""p"":""0.029030""}"
2026-10-09T09:16:01.989338Z,1791537361808,USUSDT,Sell,460,0.029060,"{""T"":1791537361808,""s"":""USUSDT"",""S"":""Sell"",""v"":""460"",""p"":""0.029060""}"
2026-10-09T09:16:03.489241Z,1791537363378,USUSDT,Sell,15120,0.029260,"{""T"":1791537363378,""s"":""USUSDT"",""S"":""Sell"",""v"":""15120"",""p"":""0.029260""}"
2026-10-09T09:16:03.989587Z,1791537363766,USUSDT,Sell,2560,0.029170,"{""T"":1791537363766,""s"":""USUSDT"",""S"":""Sell"",""v"":""2560"",""p"":""0.029170""}"
2026-10-09T09:16:03.989587Z,1791537363808,USUSDT,Sell,10590,0.029200,"{""T"":1791537363808,""s"":""USUSDT"",""S"":""Sell"",""v"":""10590"",""p"":""0.029200""}"
2026-10-09T09:16:04.489657Z,1791537364189,USUSDT,Sell,1150,0.029200,"{""T"":1791537364189,""s"":""USUSDT"",""S"":""Sell"",""v"":""1150"",""p"":""0.029200""}"
2026-10-09T09:16:04.489657Z,1791537364189,USUSDT,Sell,111230,0.029140,"{""T"":1791537364189,""s"":""USUSDT"",""S"":""Sell"",""v"":""111230"",""p"":""0.029140""}"
2026-10-09T09:16:05.989296Z,1791537365665,USUSDT,Sell,2490,0.029360,"{""T"":1791537365665,""s"":""USUSDT"",""S"":""Sell"",""v"":""2490"",""p"":""0.029360""}"
2026-10-09T09:16:06.489512Z,1791537366225,USUSDT,Sell,93900,0.029360,"{""T"":1791537366225,""s"":""USUSDT"",""S"":""Sell"",""v"":""93900"",""p"":""0.029360""}"
2026-10-09T09:16:07.489675Z,1791537366981,USUSDT,Sell,2030,0.029380,"{""T"":1791537366981,""s"":""USUSDT"",""S"":""Sell"",""v"":""2030"",""p"":""0.029380""}"
2026-10-09T09:16:07.489675Z,1791537367245,USUSDT,Sell,740,0.029430,"{""T"":1791537367245,""s"":""USUSDT"",""S"":""Sell"",""v"":""740"",""p"":""0.029430""}"
2026-10-09T09:16:07.489675Z,1791537367331,USUSDT,Sell,35250,0.029610,"{""T"":1791537367331,""s"":""USUSDT"",""S"":""Sell"",""v"":""35250"",""p"":""0.029610""}"
2026-10-09T09:16:07.489675Z,1791537367363,USUSDT,Sell,29120,0.029610,"{""T"":1791537367363,""s"":""USUSDT"",""S"":""Sell"",""v"":""29120"",""p"":""0.029610""}"
2026-10-09T09:16:07.638408Z,1791537367363,OGNUSDT,Buy,1736,0.037669,"{""T"":1791537367363,""s"":""OGNUSDT"",""S"":""Buy"",""v"":""1736"",""p"":""0.037669""}"
2026-10-09T09:16:07.989391Z,1791537367415,USUSDT,Sell,37270,0.029640,"{""T"":1791537367415,""s"":""USUSDT"",""S"":""Sell"",""v"":""37270"",""p"":""0.029640""}"
2026-10-09T09:16:07.989391Z,1791537367455,USUSDT,Sell,1270,0.029560,"{""T"":1791537367455,""s"":""USUSDT"",""S"":""Sell"",""v"":""1270"",""p"":""0.029560""}"
2026-10-09T09:16:07.989391Z,1791537367636,USUSDT,Sell,2100,0.029420,"{""T"":1791537367636,""s"":""USUSDT"",""S"":""Sell"",""v"":""2100"",""p"":""0.029420""}"
2026-10-09T09:16:07.989391Z,1791537367662,USUSDT,Sell,10100,0.029410,"{""T"":1791537367662,""s"":""USUSDT"",""S"":""Sell"",""v"":""10100"",""p"":""0.029410""}"
2026-10-09T09:16:07.989391Z,1791537367896,USUSDT,Sell,1840,0.029540,"{""T"":1791537367896,""s"":""USUSDT"",""S"":""Sell"",""v"":""1840"",""p"":""0.029540""}"
2026-10-09T09:16:08.489337Z,1791537368039,XAUUSDT,Buy,0.017,4173.69,"{""T"":1791537368039,""s"":""XAUUSDT"",""S"":""Buy"",""v"":""0.017"",""p"":""4173.69""}"
2026-10-09T09:16:08.490068Z,1791537367952,USUSDT,Sell,3220,0.029630,"{""T"":1791537367952,""s"":""USUSDT"",""S"":""Sell"",""v"":""3220"",""p"":""0.029630""}"
2026-10-09T09:16:08.490068Z,1791537367985,USUSDT,Sell,18620,0.029590,"{""T"":1791537367985,""s"":""USUSDT"",""S"":""Sell"",""v"":""18620"",""p"":""0.029590""}"
2026-10-09T09:16:08.490068Z,1791537368106,USUSDT,Sell,9860,0.029630,"{""T"":1791537368106,""s"":""USUSDT"",""S"":""Sell"",""v"":""9860"",""p"":""0.029630""}"
2026-10-09T09:16:08.490068Z,1791537368124,USUSDT,Sell,35940,0.029660,"{""T"":1791537368124,""s"":""USUSDT"",""S"":""Sell"",""v"":""35940"",""p"":""0.029660""}"
2026-10-09T09:16:08.490068Z,1791537368176,USUSDT,Sell,19860,0.029510,"{""T"":1791537368176,""s"":""USUSDT"",""S"":""Sell"",""v"":""19860"",""p"":""0.029510""}"
2026-10-09T09:16:08.490068Z,1791537368179,USUSDT,Sell,560,0.029630,"{""T"":1791537368179,""s"":""USUSDT"",""S"":""Sell"",""v"":""560"",""p"":""0.029630""}"
2026-10-09T09:16:08.499285Z,1791537368175,RLCUSDT,Sell,120.8,1.1062,"{""T"":1791537368175,""s"":""RLCUSDT"",""S"":""Sell"",""v"":""120.8"",""p"":""1.1062""}"
2026-10-09T09:16:08.638700Z,1791537368175,OGNUSDT,Sell,7247,0.038960,"{""T"":1791537368175,""s"":""OGNUSDT"",""S"":""Sell"",""v"":""7247"",""p"":""0.038960""}"
2026-10-09T09:16:08.989495Z,1791537368814,XAUUSDT,Buy,0.010,4173.63,"{""T"":1791537368814,""s"":""XAUUSDT"",""S"":""Buy"",""v"":""0.010"",""p"":""4173.63""}"
2026-10-09T09:16:16.989591Z,1791537376444,USUSDT,Sell,1730,0.029950,"{""T"":1791537376444,""s"":""USUSDT"",""S"":""Sell"",""v"":""1730"",""p"":""0.029950""}"
2026-10-09T09:16:16.989591Z,1791537376487,USUSDT,Sell,10330,0.029850,"{""T"":1791537376487,""s"":""USUSDT"",""S"":""Sell"",""v"":""10330"",""p"":""0.029850""}"
2026-10-09T09:16:16.989591Z,1791537376756,USUSDT,Sell,28860,0.029720,"{""T"":1791537376756,""s"":""USUSDT"",""S"":""Sell"",""v"":""28860"",""p"":""0.029720""}"
2026-10-09T09:16:17.000197Z,1791537376832,RLCUSDT,Sell,5.9,1.1180,"{""T"":1791537376832,""s"":""RLCUSDT"",""S"":""Sell"",""v"":""5.9"",""p"":""1.1180""}"
2026-10-09T09:16:17.489749Z,1791537376984,USUSDT,Sell,12570,0.029980,"{""T"":1791537376984,""s"":""USUSDT"",""S"":""Sell"",""v"":""12570"",""p"":""0.029980""}"
2026-10-09T09:16:17.489749Z,1791537377053,USUSDT,Sell,600,0.029730,"{""T"":1791537377053,""s"":""USUSDT"",""S"":""Sell"",""v"":""600"",""p"":""0.029730""}"
2026-10-09T09:16:17.489749Z,1791537377106,USUSDT,Sell,36670,0.029770,"{""T"":1791537377106,""s"":""USUSDT"",""S"":""Sell"",""v"":""36670"",""p"":""0.029770""}"
2026-10-09T09:16:18.489308Z,1791537378351,USUSDT,Sell,109540,0.030110,"{""T"":1791537378351,""s"":""USUSDT"",""S"":""Sell"",""v"":""109540"",""p"":""0.030110""}"
2026-10-09T09:16:27.138983Z,1791537386750,STRKUSDT,Buy,100.9,0.07356,"{""T"":1791537386750,""s"":""STRKUSDT"",""S"":""Buy"",""v"":""100.9"",""p"":""0.07356""}"
2026-10-09T09:16:27.499911Z,1791537387244,RLCUSDT,Sell,1841.8,1.1262,"{""T"":1791537387244,""s"":""RLCUSDT"",""S"":""Sell"",""v"":""1841.8"",""p"":""1.1262""}"
2026-10-09T09:17:22.638908Z,1791537442395,STRKUSDT,Sell,2770.0,0.07588,"{""T"":1791537442395,""s"":""STRKUSDT"",""S"":""Sell"",""v"":""2770.0"",""p"":""0.07588""}"
2026-10-09T09:17:45.638781Z,1791537465452,OGNUSDT,Sell,366,0.039889,"{""T"":1791537465452,""s"":""OGNUSDT"",""S"":""Sell"",""v"":""366"",""p"":""0.039889""}"
2026-10-09T09:18:14.502422Z,1791537494125,RLCUSDT,Sell,11.7,1.1383,"{""T"":1791537494125,""s"":""RLCUSDT"",""S"":""Sell"",""v"":""11.7"",""p"":""1.1383""}"
2026-10-09T09:18:19.489395Z,1791537499225,WUSDT,Sell,5833.0,0.018690,"{""T"":1791537499225,""s"":""WUSDT"",""S"":""Sell"",""v"":""5833.0"",""p"":""0.018690""}"
2026-10-09T09:18:30.638737Z,1791537510545,STRKUSDT,Buy,1177.9,0.07356,"{""T"":1791537510545,""s"":""STRKUSDT"",""S"":""Buy"",""v"":""1177.9"",""p"":""0.07356""}"
2026-10-09T09:18:36.638586Z,1791537516083,STRKUSDT,Buy,5000.0,0.07330,"{""T"":1791537516083,""s"":""STRKUSDT"",""S"":""Buy"",""v"":""5000.0"",""p"":""0.07330""}"
2026-10-09T09:18:59.489860Z,1791537539037,USUSDT,Buy,66250,0.027800,"{""T"":1791537539037,""s"":""USUSDT"",""S"":""Buy"",""v"":""66250"",""p"":""0.027800""}"
2026-10-09T09:19:06.489383Z,1791537545985,USUSDT,Buy,71920,0.027570,"{""T"":1791537545985,""s"":""USUSDT"",""S"":""Buy"",""v"":""71920"",""p"":""0.027570""}"
2026-10-09T09:19:06.489383Z,1791537546080,USUSDT,Buy,7820,0.027530,"{""T"":1791537546080,""s"":""USUSDT"",""S"":""Buy"",""v"":""7820"",""p"":""0.027530""}"
2026-10-09T09:19:09.489336Z,1791537549344,USUSDT,Buy,2370,0.027440,"{""T"":1791537549344,""s"":""USUSDT"",""S"":""Buy"",""v"":""2370"",""p"":""0.027440""}"
2026-10-09T09:19:09.989391Z,1791537549478,USUSDT,Buy,1120,0.027420,"{""T"":1791537549478,""s"":""USUSDT"",""S"":""Buy"",""v"":""1120"",""p"":""0.027420""}"
2026-10-09T09:19:31.489609Z,1791537570935,USUSDT,Buy,167300,0.027360,"{""T"":1791537570935,""s"":""USUSDT"",""S"":""Buy"",""v"":""167300"",""p"":""0.027360""}"
2026-10-09T09:19:37.989483Z,1791537577819,USUSDT,Buy,10120,0.026920,"{""T"":1791537577819,""s"":""USUSDT"",""S"":""Buy"",""v"":""10120"",""p"":""0.026920""}"
2026-10-09T09:19:47.489852Z,1791537587089,USUSDT,Buy,80310,0.026610,"{""T"":1791537587089,""s"":""USUSDT"",""S"":""Buy"",""v"":""80310"",""p"":""0.026610""}"
2026-10-09T09:19:53.316233Z,1791537592889,ASTERUSDT,Buy,533,0.6882,"{""T"":1791537592889,""s"":""ASTERUSDT"",""S"":""Buy"",""v"":""533"",""p"":""0.6882""}"
2026-10-09T09:19:58.499900Z,1791537598311,RLCUSDT,Sell,766.0,1.1537,"{""T"":1791537598311,""s"":""RLCUSDT"",""S"":""Sell"",""v"":""766.0"",""p"":""1.1537""}"
2026-10-09T09:20:15.138572Z,1791537614625,STRKUSDT,Buy,354.0,0.07225,"{""T"":1791537614625,""s"":""STRKUSDT"",""S"":""Buy"",""v"":""354.0"",""p"":""0.07225""}"
2026-10-09T09:20:27.917302Z,1791537627391,DOGEUSDT,Buy,59,0.08424,"{""T"":1791537627391,""s"":""DOGEUSDT"",""S"":""Buy"",""v"":""59"",""p"":""0.08424""}"
2026-10-09T09:20:32.416969Z,1791537632041,DOGEUSDT,Buy,317,0.08423,"{""T"":1791537632041,""s"":""DOGEUSDT"",""S"":""Buy"",""v"":""317"",""p"":""0.08423""}"
2026-10-09T09:20:36.137989Z,1791537635656,STRKUSDT,Buy,609.9,0.07204,"{""T"":1791537635656,""s"":""STRKUSDT"",""S"":""Buy"",""v"":""609.9"",""p"":""0.07204""}"
2026-10-09T09:20:36.417745Z,1791537635915,DOGEUSDT,Buy,15693,0.08422,"{""T"":1791537635915,""s"":""DOGEUSDT"",""S"":""Buy"",""v"":""15693"",""p"":""0.08422""}"
2026-10-09T09:20:36.569269Z,1791537636066,BTCUSDT,Buy,0.330,82262.00,"{""T"":1791537636066,""s"":""BTCUSDT"",""S"":""Buy"",""v"":""0.330"",""p"":""82262.00""}"
2026-10-09T09:20:36.638171Z,1791537636066,STRKUSDT,Buy,59267.1,0.07192,"{""T"":1791537636066,""s"":""STRKUSDT"",""S"":""Buy"",""v"":""59267.1"",""p"":""0.07192""}"
2026-10-09T09:20:37.490234Z,1791537637212,USUSDT,Buy,270,0.026230,"{""T"":1791537637212,""s"":""USUSDT"",""S"":""Buy"",""v"":""270"",""p"":""0.026230""}"
2026-10-09T09:20:43.019042Z,1791537642836,NEARUSDT,Buy,40.4,4.7620,"{""T"":1791537642836,""s"":""NEARUSDT"",""S"":""Buy"",""v"":""40.4"",""p"":""4.7620""}"
2026-10-09T09:21:19.350803Z,1791537678895,QUSDT,Buy,1280,0.026810,"{""T"":1791537678895,""s"":""QUSDT"",""S"":""Buy"",""v"":""1280"",""p"":""0.026810""}"
2026-10-09T09:21:29.489545Z,1791537689236,WUSDT,Sell,24595.1,0.018840,"{""T"":1791537689236,""s"":""WUSDT"",""S"":""Sell"",""v"":""24595.1"",""p"":""0.018840""}"
2026-10-09T09:21:32.489290Z,1791537692285,WUSDT,Sell,15000.0,0.018868,"{""T"":1791537692285,""s"":""WUSDT"",""S"":""Sell"",""v"":""15000.0"",""p"":""0.018868""}"
2026-10-09T09:21:33.490037Z,1791537693140,WUSDT,Sell,6871.5,0.018863,"{""T"":1791537693140,""s"":""WUSDT"",""S"":""Sell"",""v"":""6871.5"",""p"":""0.018863""}"
2026-10-09T09:23:59.489208Z,1791537838943,WUSDT,Buy,34176.6,0.018045,"{""T"":1791537838943,""s"":""WUSDT"",""S"":""Buy"",""v"":""34176.6"",""p"":""0.018045""}"
2026-10-09T09:24:03.989609Z,1791537843576,USUSDT,Sell,350,0.028720,"{""T"":1791537843576,""s"":""USUSDT"",""S"":""Sell"",""v"":""350"",""p"":""0.028720""}"
2026-10-09T09:24:04.489715Z,1791537844224,USUSDT,Sell,3670,0.028740,"{""T"":1791537844224,""s"":""USUSDT"",""S"":""Sell"",""v"":""3670"",""p"":""0.028740""}"
2026-10-09T09:24:13.989834Z,1791537853538,USUSDT,Sell,1390,0.028790,"{""T"":1791537853538,""s"":""USUSDT"",""S"":""Sell"",""v"":""1390"",""p"":""0.028790""}"
2026-10-09T09:24:13.989834Z,1791537853798,USUSDT,Sell,31800,0.028810,"{""T"":1791537853798,""s"":""USUSDT"",""S"":""Sell"",""v"":""31800"",""p"":""0.028810""}"
2026-10-09T09:24:27.489656Z,1791537867389,USUSDT,Sell,146450,0.028900,"{""T"":1791537867389,""s"":""USUSDT"",""S"":""Sell"",""v"":""146450"",""p"":""0.028900""}"
2026-10-09T09:24:39.519130Z,1791537879260,ALGOUSDT,Sell,41274.7,0.12022,"{""T"":1791537879260,""s"":""ALGOUSDT"",""S"":""Sell"",""v"":""41274.7"",""p"":""0.12022""}"
2026-10-09T09:26:34.958828Z,1791537994579,ETHUSDT,Sell,1.23,2515.62,"{""T"":1791537994579,""s"":""ETHUSDT"",""S"":""Sell"",""v"":""1.23"",""p"":""2515.62""}"
2026-10-09T09:26:34.958828Z,1791537994600,ETHUSDT,Sell,12.92,2515.70,"{""T"":1791537994600,""s"":""ETHUSDT"",""S"":""Sell"",""v"":""12.92"",""p"":""2515.70""}"
2026-10-09T09:26:35.990031Z,1791537995606,USUSDT,Sell,51890,0.029120,"{""T"":1791537995606,""s"":""USUSDT"",""S"":""Sell"",""v"":""51890"",""p"":""0.029120""}"
2026-10-09T09:26:36.138281Z,1791537995606,STRKUSDT,Sell,57286.4,0.07507,"{""T"":1791537995606,""s"":""STRKUSDT"",""S"":""Sell"",""v"":""57286.4"",""p"":""0.07507""}"
2026-10-09T09:26:36.989292Z,1791537996715,USUSDT,Sell,21480,0.029180,"{""T"":1791537996715,""s"":""USUSDT"",""S"":""Sell"",""v"":""21480"",""p"":""0.029180""}"
2026-10-09T09:26:37.489475Z,1791537997118,USUSDT,Sell,53040,0.029220,"{""T"":1791537997118,""s"":""USUSDT"",""S"":""Sell"",""v"":""53040"",""p"":""0.029220""}"
2026-10-09T09:27:55.832690Z,1791538075584,LONGXIAUSDT,Buy,112,0.0400,"{""T"":1791538075584,""s"":""LONGXIAUSDT"",""S"":""Buy"",""v"":""112"",""p"":""0.0400""}"
2026-10-09T09:27:59.831721Z,1791538079602,LONGXIAUSDT,Buy,542,0.0398,"{""T"":1791538079602,""s"":""LONGXIAUSDT"",""S"":""Buy"",""v"":""542"",""p"":""0.0398""}"
2026-10-09T09:28:17.831917Z,1791538097371,JCTUSDT,Buy,4100,0.0022650,"{""T"":1791538097371,""s"":""JCTUSDT"",""S"":""Buy"",""v"":""4100"",""p"":""0.0022650""}"
2026-10-09T09:28:24.332111Z,1791538103941,LONGXIAUSDT,Buy,3548,0.0396,"{""T"":1791538103941,""s"":""LONGXIAUSDT"",""S"":""Buy"",""v"":""3548"",""p"":""0.0396""}"
2026-10-09T09:28:32.138385Z,1791538111814,STRKUSDT,Buy,14530.2,0.07235,"{""T"":1791538111814,""s"":""STRKUSDT"",""S"":""Buy"",""v"":""14530.2"",""p"":""0.07235""}"
2026-10-09T09:28:33.831710Z,1791538113696,LONGXIAUSDT,Buy,6999,0.0395,"{""T"":1791538113696,""s"":""LONGXIAUSDT"",""S"":""Buy"",""v"":""6999"",""p"":""0.0395""}"
2026-10-09T09:28:34.331601Z,1791538114028,LONGXIAUSDT,Buy,1695,0.0394,"{""T"":1791538114028,""s"":""LONGXIAUSDT"",""S"":""Buy"",""v"":""1695"",""p"":""0.0394""}"
2026-10-09T09:28:34.831919Z,1791538114255,LONGXIAUSDT,Buy,1239,0.0393,"{""T"":1791538114255,""s"":""LONGXIAUSDT"",""S"":""Buy"",""v"":""1239"",""p"":""0.0393""}"
2026-10-09T09:28:34.831919Z,1791538114734,LONGXIAUSDT,Buy,6872,0.0394,"{""T"":1791538114734,""s"":""LONGXIAUSDT"",""S"":""Buy"",""v"":""6872"",""p"":""0.0394""}"
2026-10-09T09:28:37.831993Z,1791538117361,LONGXIAUSDT,Buy,14287,0.0392,"{""T"":1791538117361,""s"":""LONGXIAUSDT"",""S"":""Buy"",""v"":""14287"",""p"":""0.0392""}"
2026-10-09T09:28:37.831993Z,1791538117361,LONGXIAUSDT,Buy,13085,0.0393,"{""T"":1791538117361,""s"":""LONGXIAUSDT"",""S"":""Buy"",""v"":""13085"",""p"":""0.0393""}"
2026-10-09T09:28:38.331704Z,1791538117831,LONGXIAUSDT,Buy,1945,0.0392,"{""T"":1791538117831,""s"":""LONGXIAUSDT"",""S"":""Buy"",""v"":""1945"",""p"":""0.0392""}"
2026-10-09T09:28:44.138410Z,1791538123983,STRKUSDT,Buy,1609.9,0.07193,"{""T"":1791538123983,""s"":""STRKUSDT"",""S"":""Buy"",""v"":""1609.9"",""p"":""0.07193""}"
2026-10-09T09:28:50.000325Z,1791538129831,RLCUSDT,Buy,50.0,1.0893,"{""T"":1791538129831,""s"":""RLCUSDT"",""S"":""Buy"",""v"":""50.0"",""p"":""1.0893""}"
2026-10-09T09:28:50.138253Z,1791538129831,STRKUSDT,Buy,18000.0,0.07171,"{""T"":1791538129831,""s"":""STRKUSDT"",""S"":""Buy"",""v"":""18000.0"",""p"":""0.07171""}"
2026-10-09T09:28:50.138774Z,1791538129831,OGNUSDT,Buy,2000,0.037636,"{""T"":1791538129831,""s"":""OGNUSDT"",""S"":""Buy"",""v"":""2000"",""p"":""0.037636""}"
2026-10-09T09:28:59.138594Z,1791538138739,STRKUSDT,Buy,4046.9,0.07167,"{""T"":1791538138739,""s"":""STRKUSDT"",""S"":""Buy"",""v"":""4046.9"",""p"":""0.07167""}"
2026-10-09T09:29:10.642701Z,1791538150440,STRKUSDT,Sell,37439.5,0.07426,"{""T"":1791538150440,""s"":""STRKUSDT"",""S"":""Sell"",""v"":""37439.5"",""p"":""0.07426""}"
2026-10-09T09:29:58.000683Z,1791538197452,RLCUSDT,Sell,168.1,1.1500,"{""T"":1791538197452,""s"":""RLCUSDT"",""S"":""Sell"",""v"":""168.1"",""p"":""1.1500""}"
2026-10-09T09:30:04.518799Z,1791538204227,NEARUSDT,Buy,59.7,4.7540,"{""T"":1791538204227,""s"":""NEARUSDT"",""S"":""Buy"",""v"":""59.7"",""p"":""4.7540""}"
2026-10-09T09:31:00.816121Z,1791538260703,PUMPFUNUSDT,Buy,3100,0.0056010,"{""T"":1791538260703,""s"":""PUMPFUNUSDT"",""S"":""Buy"",""v"":""3100"",""p"":""0.0056010""}"
2026-10-09T09:31:06.520112Z,1791538266123,NEARUSDT,Buy,122.8,4.7530,"{""T"":1791538266123,""s"":""NEARUSDT"",""S"":""Buy"",""v"":""122.8"",""p"":""4.7530""}"
2026-10-09T09:32:11.138561Z,1791538330901,AKEUSDT,Buy,1000,0.0271400,"{""T"":1791538330901,""s"":""AKEUSDT"",""S"":""Buy"",""v"":""1000"",""p"":""0.0271400""}"
2026-10-09T09:33:58.816579Z,1791538438381,PUMPFUNUSDT,Buy,478300,0.0055940,"{""T"":1791538438381,""s"":""PUMPFUNUSDT"",""S"":""Buy"",""v"":""478300"",""p"":""0.0055940""}"
2026-10-09T09:34:26.002206Z,1791538465878,RLCUSDT,Sell,1222.9,1.1602,"{""T"":1791538465878,""s"":""RLCUSDT"",""S"":""Sell"",""v"":""1222.9"",""p"":""1.1602""}"
2026-10-09T09:35:11.319834Z,1791538510784,METUSDT,Buy,548.2,0.41720,"{""T"":1791538510784,""s"":""METUSDT"",""S"":""Buy"",""v"":""548.2"",""p"":""0.41720""}"
2026-10-09T09:35:28.489610Z,1791538528202,XAUUSDT,Buy,0.031,4173.31,"{""T"":1791538528202,""s"":""XAUUSDT"",""S"":""Buy"",""v"":""0.031"",""p"":""4173.31""}"
2026-10-09T09:35:51.489417Z,1791538551359,USUSDT,Buy,1660,0.027280,"{""T"":1791538551359,""s"":""USUSDT"",""S"":""Buy"",""v"":""1660"",""p"":""0.027280""}"
2026-10-09T09:35:56.638213Z,1791538556355,AKEUSDT,Buy,800,0.0269940,"{""T"":1791538556355,""s"":""AKEUSDT"",""S"":""Buy"",""v"":""800"",""p"":""0.0269940""}"
2026-10-09T09:36:01.000223Z,1791538560528,RLCUSDT,Buy,53.0,1.0605,"{""T"":1791538560528,""s"":""RLCUSDT"",""S"":""Buy"",""v"":""53.0"",""p"":""1.0605""}"
2026-10-09T09:36:01.989776Z,1791538561709,BTWUSDT,Sell,50,1.56823,"{""T"":1791538561709,""s"":""BTWUSDT"",""S"":""Sell"",""v"":""50"",""p"":""1.56823""}"
2026-10-09T09:36:01.999420Z,1791538561709,PENGUUSDT,Buy,360000,0.008039,"{""T"":1791538561709,""s"":""PENGUUSDT"",""S"":""Buy"",""v"":""360000"",""p"":""0.008039""}"
2026-10-09T09:36:06.350741Z,1791538565909,QUSDT,Buy,100000,0.025550,"{""T"":1791538565909,""s"":""QUSDT"",""S"":""Buy"",""v"":""100000"",""p"":""0.025550""}"
2026-10-09T09:36:06.500379Z,1791538566281,RLCUSDT,Buy,10.5,1.0481,"{""T"":1791538566281,""s"":""RLCUSDT"",""S"":""Buy"",""v"":""10.5"",""p"":""1.0481""}"
2026-10-09T09:36:08.850779Z,1791538568573,QUSDT,Buy,3530,0.025470,"{""T"":1791538568573,""s"":""QUSDT"",""S"":""Buy"",""v"":""3530"",""p"":""0.025470""}"
2026-10-09T09:36:13.638711Z,1791538573201,STRKUSDT,Buy,950.4,0.07252,"{""T"":1791538573201,""s"":""STRKUSDT"",""S"":""Buy"",""v"":""950.4"",""p"":""0.07252""}"
2026-10-09T09:36:15.499581Z,1791538574982,RLCUSDT,Buy,60.6,1.0355,"{""T"":1791538574982,""s"":""RLCUSDT"",""S"":""Buy"",""v"":""60.6"",""p"":""1.0355""}"
2026-10-09T09:36:18.638390Z,1791538578091,STRKUSDT,Buy,468.3,0.07245,"{""T"":1791538578091,""s"":""STRKUSDT"",""S"":""Buy"",""v"":""468.3"",""p"":""0.07245""}"
2026-10-09T09:36:19.350879Z,1791538579161,SANDUSDT,Buy,108,0.06749,"{""T"":1791538579161,""s"":""SANDUSDT"",""S"":""Buy"",""v"":""108"",""p"":""0.06749""}"
2026-10-09T09:36:23.989069Z,1791538583437,USUSDT,Buy,24240,0.027060,"{""T"":1791538583437,""s"":""USUSDT"",""S"":""Buy"",""v"":""24240"",""p"":""0.027060""}"
2026-10-09T09:36:29.850944Z,1791538589688,QUSDT,Buy,670,0.025030,"{""T"":1791538589688,""s"":""QUSDT"",""S"":""Buy"",""v"":""670"",""p"":""0.025030""}"
2026-10-09T09:37:00.351567Z,1791538620085,QUSDT,Buy,960,0.024800,"{""T"":1791538620085,""s"":""QUSDT"",""S"":""Buy"",""v"":""960"",""p"":""0.024800""}"
2026-10-09T09:37:42.992162Z,1791538662604,XAUUSDT,Buy,0.036,4172.41,"{""T"":1791538662604,""s"":""XAUUSDT"",""S"":""Buy"",""v"":""0.036"",""p"":""4172.41""}"
2026-10-09T09:38:02.351203Z,1791538682228,QUSDT,Buy,2130,0.024100,"{""T"":1791538682228,""s"":""QUSDT"",""S"":""Buy"",""v"":""2130"",""p"":""0.024100""}"
2026-10-09T09:39:28.642140Z,1791538768114,STRKUSDT,Sell,14578.3,0.07513,"{""T"":1791538768114,""s"":""STRKUSDT"",""S"":""Sell"",""v"":""14578.3"",""p"":""0.07513""}"
2026-10-09T09:40:37.138808Z,1791538836638,STRKUSDT,Sell,1234.7,0.07547,"{""T"":1791538836638,""s"":""STRKUSDT"",""S"":""Sell"",""v"":""1234.7"",""p"":""0.07547""}"
2026-10-09T09:40:48.138644Z,1791538847709,OGNUSDT,Buy,677,0.037209,"{""T"":1791538847709,""s"":""OGNUSDT"",""S"":""Buy"",""v"":""677"",""p"":""0.037209""}"
2026-10-09T09:41:40.489755Z,1791538899990,USUSDT,Buy,70420,0.026980,"{""T"":1791538899990,""s"":""USUSDT"",""S"":""Buy"",""v"":""70420"",""p"":""0.026980""}"
2026-10-09T09:41:47.989395Z,1791538907671,USUSDT,Buy,1050,0.026890,"{""T"":1791538907671,""s"":""USUSDT"",""S"":""Buy"",""v"":""1050"",""p"":""0.026890""}"
2026-10-09T09:41:48.989322Z,1791538908742,USUSDT,Buy,6520,0.026850,"{""T"":1791538908742,""s"":""USUSDT"",""S"":""Buy"",""v"":""6520"",""p"":""0.026850""}"
2026-10-09T09:41:50.989845Z,1791538910590,USUSDT,Buy,1750,0.026790,"{""T"":1791538910590,""s"":""USUSDT"",""S"":""Buy"",""v"":""1750"",""p"":""0.026790""}"
2026-10-09T09:41:50.989845Z,1791538910676,USUSDT,Buy,21260,0.026830,"{""T"":1791538910676,""s"":""USUSDT"",""S"":""Buy"",""v"":""21260"",""p"":""0.026830""}"
2026-10-09T09:41:51.489415Z,1791538911030,USUSDT,Buy,3540,0.026790,"{""T"":1791538911030,""s"":""USUSDT"",""S"":""Buy"",""v"":""3540"",""p"":""0.026790""}"
2026-10-09T09:42:55.138860Z,1791538974915,OGNUSDT,Buy,1303,0.036891,"{""T"":1791538974915,""s"":""OGNUSDT"",""S"":""Buy"",""v"":""1303"",""p"":""0.036891""}"
2026-10-09T09:42:55.638416Z,1791538975253,OGNUSDT,Buy,8988,0.036817,"{""T"":1791538975253,""s"":""OGNUSDT"",""S"":""Buy"",""v"":""8988"",""p"":""0.036817""}"
2026-10-09T09:42:56.138474Z,1791538975610,OGNUSDT,Buy,16944,0.036766,"{""T"":1791538975610,""s"":""OGNUSDT"",""S"":""Buy"",""v"":""16944"",""p"":""0.036766""}"
2026-10-09T09:42:56.138474Z,1791538976001,OGNUSDT,Buy,1571,0.036815,"{""T"":1791538976001,""s"":""OGNUSDT"",""S"":""Buy"",""v"":""1571"",""p"":""0.036815""}"
2026-10-09T09:43:00.638467Z,1791538980147,OGNUSDT,Buy,2485,0.036693,"{""T"":1791538980147,""s"":""OGNUSDT"",""S"":""Buy"",""v"":""2485"",""p"":""0.036693""}"
2026-10-09T09:43:00.638467Z,1791538980469,OGNUSDT,Buy,35674,0.036691,"{""T"":1791538980469,""s"":""OGNUSDT"",""S"":""Buy"",""v"":""35674"",""p"":""0.036691""}"
2026-10-09T09:43:01.138803Z,1791538980741,OGNUSDT,Buy,342,0.036744,"{""T"":1791538980741,""s"":""OGNUSDT"",""S"":""Buy"",""v"":""342"",""p"":""0.036744""}"
2026-10-09T09:44:12.638808Z,1791539052538,STRKUSDT,Buy,15995.2,0.07281,"{""T"":1791539052538,""s"":""STRKUSDT"",""S"":""Buy"",""v"":""15995.2"",""p"":""0.07281""}"
2026-10-09T09:44:46.328759Z,1791539085820,RAYDIUMUSDT,Buy,151.5,2.3402,"{""T"":1791539085820,""s"":""RAYDIUMUSDT"",""S"":""Buy"",""v"":""151.5"",""p"":""2.3402""}"
2026-10-09T09:45:30.316448Z,1791539130172,METUSDT,Buy,1722.2,0.41120,"{""T"":1791539130172,""s"":""METUSDT"",""S"":""Buy"",""v"":""1722.2"",""p"":""0.41120""}"
2026-10-09T09:45:36.331891Z,1791539135850,JCTUSDT,Sell,19500,0.0024490,"{""T"":1791539135850,""s"":""JCTUSDT"",""S"":""Sell"",""v"":""19500"",""p"":""0.0024490""}"
2026-10-09T09:45:54.832565Z,1791539154726,JCTUSDT,Sell,4500,0.0024620,"{""T"":1791539154726,""s"":""JCTUSDT"",""S"":""Sell"",""v"":""4500"",""p"":""0.0024620""}"
2026-10-09T09:46:12.828298Z,1791539172377,KAIAUSDT,Sell,6862,0.05453,"{""T"":1791539172377,""s"":""KAIAUSDT"",""S"":""Sell"",""v"":""6862"",""p"":""0.05453""}"
2026-10-09T09:46:12.828298Z,1791539172553,KAIAUSDT,Sell,16923,0.05453,"{""T"":1791539172553,""s"":""KAIAUSDT"",""S"":""Sell"",""v"":""16923"",""p"":""0.05453""}"
2026-10-09T09:46:16.827979Z,1791539176406,KAIAUSDT,Buy,29280,0.05276,"{""T"":1791539176406,""s"":""KAIAUSDT"",""S"":""Buy"",""v"":""29280"",""p"":""0.05276""}"
2026-10-09T09:46:31.828598Z,1791539191699,KAIAUSDT,Buy,817,0.05274,"{""T"":1791539191699,""s"":""KAIAUSDT"",""S"":""Buy"",""v"":""817"",""p"":""0.05274""}"
2026-10-09T09:46:45.828589Z,1791539205593,KAIAUSDT,Buy,5477,0.05253,"{""T"":1791539205593,""s"":""KAIAUSDT"",""S"":""Buy"",""v"":""5477"",""p"":""0.05253""}"
2026-10-09T09:47:32.328048Z,1791539251944,KAIAUSDT,Sell,1725,0.05524,"{""T"":1791539251944,""s"":""KAIAUSDT"",""S"":""Sell"",""v"":""1725"",""p"":""0.05524""}"
2026-10-09T09:48:18.328530Z,1791539297953,KAIAUSDT,Buy,53,0.05324,"{""T"":1791539297953,""s"":""KAIAUSDT"",""S"":""Buy"",""v"":""53"",""p"":""0.05324""}"
2026-10-09T09:49:45.328281Z,1791539384976,KAIAUSDT,Sell,6007,0.05597,"{""T"":1791539384976,""s"":""KAIAUSDT"",""S"":""Sell"",""v"":""6007"",""p"":""0.05597""}"
2026-10-09T09:49:48.328173Z,1791539388066,KAIAUSDT,Sell,1928,0.05612,"{""T"":1791539388066,""s"":""KAIAUSDT"",""S"":""Sell"",""v"":""1928"",""p"":""0.05612""}"
2026-10-09T09:49:57.328560Z,1791539396960,KAIAUSDT,Sell,18211,0.05640,"{""T"":1791539396960,""s"":""KAIAUSDT"",""S"":""Sell"",""v"":""18211"",""p"":""0.05640""}"
2026-10-09T09:51:07.828520Z,1791539467310,KAIAUSDT,Buy,140,0.05394,"{""T"":1791539467310,""s"":""KAIAUSDT"",""S"":""Buy"",""v"":""140"",""p"":""0.05394""}"
2026-10-09T09:51:24.316659Z,1791539484029,WLFIUSDT,Buy,95498,0.05324,"{""T"":1791539484029,""s"":""WLFIUSDT"",""S"":""Buy"",""v"":""95498"",""p"":""0.05324""}"
2026-10-09T09:51:27.327890Z,1791539487163,KAIAUSDT,Sell,1129,0.05593,"{""T"":1791539487163,""s"":""KAIAUSDT"",""S"":""Sell"",""v"":""1129"",""p"":""0.05593""}"
2026-10-09T09:51:42.328232Z,1791539502215,KAIAUSDT,Sell,18252,0.05587,"{""T"":1791539502215,""s"":""KAIAUSDT"",""S"":""Sell"",""v"":""18252"",""p"":""0.05587""}"
2026-10-09T09:51:50.828224Z,1791539510269,KAIAUSDT,Sell,71794,0.05593,"{""T"":1791539510269,""s"":""KAIAUSDT"",""S"":""Sell"",""v"":""71794"",""p"":""0.05593""}"
2026-10-09T09:51:57.316298Z,1791539517010,PUMPFUNUSDT,Buy,900,0.0055910,"{""T"":1791539517010,""s"":""PUMPFUNUSDT"",""S"":""Buy"",""v"":""900"",""p"":""0.0055910""}"
2026-10-09T09:52:11.329014Z,1791539530911,KAIAUSDT,Sell,19091,0.05620,"{""T"":1791539530911,""s"":""KAIAUSDT"",""S"":""Sell"",""v"":""19091"",""p"":""0.05620""}"
2026-10-09T09:53:17.638663Z,1791539597288,STRKUSDT,Buy,106692.7,0.07226,"{""T"":1791539597288,""s"":""STRKUSDT"",""S"":""Buy"",""v"":""106692.7"",""p"":""0.07226""}"
2026-10-09T09:54:54.332267Z,1791539694062,JCTUSDT,Sell,133800,0.0024930,"{""T"":1791539694062,""s"":""JCTUSDT"",""S"":""Sell"",""v"":""133800"",""p"":""0.0024930""}"
2026-10-09T09:55:34.918083Z,1791539734449,ZECUSDT,Sell,0.09,1238.53,"{""T"":1791539734449,""s"":""ZECUSDT"",""S"":""Sell"",""v"":""0.09"",""p"":""1238.53""}"
2026-10-09T09:55:36.917406Z,1791539736628,ZECUSDT,Sell,4.32,1241.85,"{""T"":1791539736628,""s"":""ZECUSDT"",""S"":""Sell"",""v"":""4.32"",""p"":""1241.85""}"
2026-10-09T09:55:37.019185Z,1791539736628,NEARUSDT,Sell,217.6,4.8260,"{""T"":1791539736628,""s"":""NEARUSDT"",""S"":""Sell"",""v"":""217.6"",""p"":""4.8260""}"
2026-10-09T09:55:37.417780Z,1791539736860,ZECUSDT,Sell,1.52,1241.40,"{""T"":1791539736860,""s"":""ZECUSDT"",""S"":""Sell"",""v"":""1.52"",""p"":""1241.40""}"
2026-10-09T09:56:14.328813Z,1791539774104,KAIAUSDT,Buy,1303,0.05306,"{""T"":1791539774104,""s"":""KAIAUSDT"",""S"":""Buy"",""v"":""1303"",""p"":""0.05306""}"
2026-10-09T09:56:34.990165Z,1791539794711,USUSDT,Buy,350,0.026690,"{""T"":1791539794711,""s"":""USUSDT"",""S"":""Buy"",""v"":""350"",""p"":""0.026690""}"
2026-10-09T09:56:56.828744Z,1791539816641,KAIAUSDT,Buy,448,0.05313,"{""T"":1791539816641,""s"":""KAIAUSDT"",""S"":""Buy"",""v"":""448"",""p"":""0.05313""}"
2026-10-09T09:56:59.828547Z,1791539819259,KAIAUSDT,Buy,65477,0.05296,"{""T"":1791539819259,""s"":""KAIAUSDT"",""S"":""Buy"",""v"":""65477"",""p"":""0.05296""}"
2026-10-09T09:57:02.327970Z,1791539821773,KAIAUSDT,Buy,6112,0.05285,"{""T"":1791539821773,""s"":""KAIAUSDT"",""S"":""Buy"",""v"":""6112"",""p"":""0.05285""}"
2026-10-09T09:57:04.828085Z,1791539824440,KAIAUSDT,Buy,36522,0.05273,"{""T"":1791539824440,""s"":""KAIAUSDT"",""S"":""Buy"",""v"":""36522"",""p"":""0.05273""}"
2026-10-09T09:57:07.832368Z,1791539827282,JCTUSDT,Sell,10000,0.0025060,"{""T"":1791539827282,""s"":""JCTUSDT"",""S"":""Sell"",""v"":""10000"",""p"":""0.0025060""}"
2026-10-09T09:57:32.328172Z,1791539851771,KAIAUSDT,Buy,408,0.05291,"{""T"":1791539851771,""s"":""KAIAUSDT"",""S"":""Buy"",""v"":""408"",""p"":""0.05291""}"
2026-10-09T09:58:28.316751Z,1791539907763,HYPEUSDT,Sell,1.18,86.760,"{""T"":1791539907763,""s"":""HYPEUSDT"",""S"":""Sell"",""v"":""1.18"",""p"":""86.760""}"
2026-10-09T09:59:59.328567Z,1791539998879,KAIAUSDT,Buy,810,0.05357,"{""T"":1791539998879,""s"":""KAIAUSDT"",""S"":""Buy"",""v"":""810"",""p"":""0.05357""}"
2026-10-09T10:00:25.828552Z,1791540025583,KAIAUSDT,Sell,18453,0.05524,"{""T"":1791540025583,""s"":""KAIAUSDT"",""S"":""Sell"",""v"":""18453"",""p"":""0.05524""}"
2026-10-09T10:00:37.332459Z,1791540037113,KAIAUSDT,Buy,2804,0.05339,"{""T"":1791540037113,""s"":""KAIAUSDT"",""S"":""Buy"",""v"":""2804"",""p"":""0.05339""}"
2026-10-09T10:00:45.138631Z,1791540044980,STRKUSDT,Buy,2295.9,0.07211,"{""T"":1791540044980,""s"":""STRKUSDT"",""S"":""Buy"",""v"":""2295.9"",""p"":""0.07211""}"
2026-10-09T10:00:46.138858Z,1791540045825,STRKUSDT,Buy,799.9,0.07192,"{""T"":1791540045825,""s"":""STRKUSDT"",""S"":""Buy"",""v"":""799.9"",""p"":""0.07192""}"
2026-10-09T10:01:14.639057Z,1791540074473,STRKUSDT,Buy,1938.8,0.07182,"{""T"":1791540074473,""s"":""STRKUSDT"",""S"":""Buy"",""v"":""1938.8"",""p"":""0.07182""}"
2026-10-09T10:01:32.328395Z,1791540091830,KAIAUSDT,Sell,119017,0.05491,"{""T"":1791540091830,""s"":""KAIAUSDT"",""S"":""Sell"",""v"":""119017"",""p"":""0.05491""}"
2026-10-09T10:01:47.344905Z,1791540106988,LDOUSDT,Buy,7407.9,0.4193,"{""T"":1791540106988,""s"":""LDOUSDT"",""S"":""Buy"",""v"":""7407.9"",""p"":""0.4193""}"
2026-10-09T10:01:53.328426Z,1791540113190,KAIAUSDT,Sell,18456,0.05523,"{""T"":1791540113190,""s"":""KAIAUSDT"",""S"":""Sell"",""v"":""18456"",""p"":""0.05523""}"
2026-10-09T10:01:58.990043Z,1791540118767,USUSDT,Sell,7510,0.028980,"{""T"":1791540118767,""s"":""USUSDT"",""S"":""Sell"",""v"":""7510"",""p"":""0.028980""}"
2026-10-09T10:02:02.995411Z,1791540122904,MINAUSDT,Sell,1019.6,0.08020,"{""T"":1791540122904,""s"":""MINAUSDT"",""S"":""Sell"",""v"":""1019.6"",""p"":""0.08020""}"
2026-10-09T10:02:58.831696Z,1791540178469,KAIAUSDT,Buy,7751,0.05332,"{""T"":1791540178469,""s"":""KAIAUSDT"",""S"":""Buy"",""v"":""7751"",""p"":""0.05332""}"
2026-10-09T10:03:15.494147Z,1791540195091,USUSDT,Sell,32960,0.029260,"{""T"":1791540195091,""s"":""USUSDT"",""S"":""Sell"",""v"":""32960"",""p"":""0.029260""}"
2026-10-09T10:03:16.989895Z,1791540196472,USUSDT,Sell,3400,0.029330,"{""T"":1791540196472,""s"":""USUSDT"",""S"":""Sell"",""v"":""3400"",""p"":""0.029330""}"
2026-10-09T10:03:17.489678Z,1791540197004,USUSDT,Sell,2550,0.029300,"{""T"":1791540197004,""s"":""USUSDT"",""S"":""Sell"",""v"":""2550"",""p"":""0.029300""}"
2026-10-09T10:03:19.490497Z,1791540199107,USUSDT,Sell,570,0.029400,"{""T"":1791540199107,""s"":""USUSDT"",""S"":""Sell"",""v"":""570"",""p"":""0.029400""}"
2026-10-09T10:03:27.816234Z,1791540207700,METUSDT,Sell,1637.6,0.43670,"{""T"":1791540207700,""s"":""METUSDT"",""S"":""Sell"",""v"":""1637.6"",""p"":""0.43670""}"
2026-10-09T10:03:28.489724Z,1791540208083,USUSDT,Sell,22980,0.029430,"{""T"":1791540208083,""s"":""USUSDT"",""S"":""Sell"",""v"":""22980"",""p"":""0.029430""}"
2026-10-09T10:04:05.489770Z,1791540245308,BTWUSDT,Sell,10,1.60076,"{""T"":1791540245308,""s"":""BTWUSDT"",""S"":""Sell"",""v"":""10"",""p"":""1.60076""}"
2026-10-09T10:04:14.489992Z,1791540253917,BTWUSDT,Sell,3400,1.60474,"{""T"":1791540253917,""s"":""BTWUSDT"",""S"":""Sell"",""v"":""3400"",""p"":""1.60474""}"
2026-10-09T10:04:14.489992Z,1791540254031,BTWUSDT,Sell,30,1.60383,"{""T"":1791540254031,""s"":""BTWUSDT"",""S"":""Sell"",""v"":""30"",""p"":""1.60383""}"
2026-10-09T10:04:21.989655Z,1791540261725,USUSDT,Sell,9190,0.029480,"{""T"":1791540261725,""s"":""USUSDT"",""S"":""Sell"",""v"":""9190"",""p"":""0.029480""}"
2026-10-09T10:04:54.832796Z,1791540294619,JCTUSDT,Buy,18600,0.0023050,"{""T"":1791540294619,""s"":""JCTUSDT"",""S"":""Buy"",""v"":""18600"",""p"":""0.0023050""}"
2026-10-09T10:04:58.828049Z,1791540298738,KAIAUSDT,Sell,183218,0.05560,"{""T"":1791540298738,""s"":""KAIAUSDT"",""S"":""Sell"",""v"":""183218"",""p"":""0.05560""}"
2026-10-09T10:07:27.510231Z,1791540447381,USUSDT,Sell,940,0.029630,"{""T"":1791540447381,""s"":""USUSDT"",""S"":""Sell"",""v"":""940"",""p"":""0.029630""}"
2026-10-09T10:07:32.990412Z,1791540452666,USUSDT,Sell,22650,0.029710,"{""T"":1791540452666,""s"":""USUSDT"",""S"":""Sell"",""v"":""22650"",""p"":""0.029710""}"
2026-10-09T10:07:33.489545Z,1791540453076,USUSDT,Sell,16920,0.029730,"{""T"":1791540453076,""s"":""USUSDT"",""S"":""Sell"",""v"":""16920"",""p"":""0.029730""}"
2026-10-09T10:07:47.639371Z,1791540467492,STRKUSDT,Sell,6684.5,0.07514,"{""T"":1791540467492,""s"":""STRKUSDT"",""S"":""Sell"",""v"":""6684.5"",""p"":""0.07514""}"
2026-10-09T10:08:17.328517Z,1791540496804,KAIAUSDT,Sell,5684,0.05610,"{""T"":1791540496804,""s"":""KAIAUSDT"",""S"":""Sell"",""v"":""5684"",""p"":""0.05610""}"
2026-10-09T10:08:41.831145Z,1791540521652,KAIAUSDT,Sell,116,0.05655,"{""T"":1791540521652,""s"":""KAIAUSDT"",""S"":""Sell"",""v"":""116"",""p"":""0.05655""}"
2026-10-09T10:09:38.489734Z,1791540578396,WUSDT,Buy,9709.8,0.016987,"{""T"":1791540578396,""s"":""WUSDT"",""S"":""Buy"",""v"":""9709.8"",""p"":""0.016987""}"
2026-10-09T10:09:39.328074Z,1791540579229,KAIAUSDT,Sell,1194,0.05712,"{""T"":1791540579229,""s"":""KAIAUSDT"",""S"":""Sell"",""v"":""1194"",""p"":""0.05712""}"
2026-10-09T10:09:39.828514Z,1791540579271,KAIAUSDT,Sell,360,0.05718,"{""T"":1791540579271,""s"":""KAIAUSDT"",""S"":""Sell"",""v"":""360"",""p"":""0.05718""}"
2026-10-09T10:09:39.828514Z,1791540579309,KAIAUSDT,Sell,5757,0.05684,"{""T"":1791540579309,""s"":""KAIAUSDT"",""S"":""Sell"",""v"":""5757"",""p"":""0.05684""}"
2026-10-09T10:09:54.138561Z,1791540593892,STRKUSDT,Buy,88.7,0.07264,"{""T"":1791540593892,""s"":""STRKUSDT"",""S"":""Buy"",""v"":""88.7"",""p"":""0.07264""}"
2026-10-09T10:10:03.829564Z,1791540603658,KAIAUSDT,Sell,6088,0.05764,"{""T"":1791540603658,""s"":""KAIAUSDT"",""S"":""Sell"",""v"":""6088"",""p"":""0.05764""}"
2026-10-09T10:10:04.328204Z,1791540603896,KAIAUSDT,Sell,11539,0.05758,"{""T"":1791540603896,""s"":""KAIAUSDT"",""S"":""Sell"",""v"":""11539"",""p"":""0.05758""}"
2026-10-09T10:10:04.328204Z,1791540604133,KAIAUSDT,Sell,5145,0.05768,"{""T"":1791540604133,""s"":""KAIAUSDT"",""S"":""Sell"",""v"":""5145"",""p"":""0.05768""}"
2026-10-09T10:10:05.851612Z,1791540605672,SANDUSDT,Buy,4246,0.06837,"{""T"":1791540605672,""s"":""SANDUSDT"",""S"":""Buy"",""v"":""4246"",""p"":""0.06837""}"
2026-10-09T10:10:06.327979Z,1791540605746,KAIAUSDT,Sell,2077,0.05787,"{""T"":1791540605746,""s"":""KAIAUSDT"",""S"":""Sell"",""v"":""2077"",""p"":""0.05787""}"
2026-10-09T10:10:06.327979Z,1791540606070,KAIAUSDT,Sell,1502,0.05776,"{""T"":1791540606070,""s"":""KAIAUSDT"",""S"":""Sell"",""v"":""1502"",""p"":""0.05776""}"
2026-10-09T10:10:06.828063Z,1791540606333,KAIAUSDT,Sell,20000,0.05775,"{""T"":1791540606333,""s"":""KAIAUSDT"",""S"":""Sell"",""v"":""20000"",""p"":""0.05775""}"
2026-10-09T10:10:28.328340Z,1791540627825,KAIAUSDT,Sell,161861,0.05828,"{""T"":1791540627825,""s"":""KAIAUSDT"",""S"":""Sell"",""v"":""161861"",""p"":""0.05828""}"
2026-10-09T10:10:33.328665Z,1791540633211,KAIAUSDT,Sell,20350,0.05833,"{""T"":1791540633211,""s"":""KAIAUSDT"",""S"":""Sell"",""v"":""20350"",""p"":""0.05833""}"
2026-10-09T10:10:34.841638Z,1791540634579,ONDOUSDT,Buy,4000,0.4821,"{""T"":1791540634579,""s"":""ONDOUSDT"",""S"":""Buy"",""v"":""4000"",""p"":""0.4821""}"
2026-10-09T10:10:37.328002Z,1791540637177,KAIAUSDT,Sell,7817,0.05837,"{""T"":1791540637177,""s"":""KAIAUSDT"",""S"":""Sell"",""v"":""7817"",""p"":""0.05837""}"
2026-10-09T10:10:38.828229Z,1791540638243,KAIAUSDT,Sell,15182,0.05850,"{""T"":1791540638243,""s"":""KAIAUSDT"",""S"":""Sell"",""v"":""15182"",""p"":""0.05850""}"
2026-10-09T10:10:38.828229Z,1791540638404,KAIAUSDT,Sell,475,0.05841,"{""T"":1791540638404,""s"":""KAIAUSDT"",""S"":""Sell"",""v"":""475"",""p"":""0.05841""}"
2026-10-09T10:11:13.328098Z,1791540673182,KAIAUSDT,Buy,251,0.05619,"{""T"":1791540673182,""s"":""KAIAUSDT"",""S"":""Buy"",""v"":""251"",""p"":""0.05619""}"
2026-10-09T10:11:13.489422Z,1791540673050,BTWUSDT,Sell,40,1.61531,"{""T"":1791540673050,""s"":""BTWUSDT"",""S"":""Sell"",""v"":""40"",""p"":""1.61531""}"
2026-10-09T10:11:16.828156Z,1791540676503,ETHFIUSDT,Buy,406.8,0.6874,"{""T"":1791540676503,""s"":""ETHFIUSDT"",""S"":""Buy"",""v"":""406.8"",""p"":""0.6874""}"
2026-10-09T10:12:51.330161Z,1791540771157,KAIAUSDT,Sell,53271,0.05831,"{""T"":1791540771157,""s"":""KAIAUSDT"",""S"":""Sell"",""v"":""53271"",""p"":""0.05831""}"
2026-10-09T10:13:01.829244Z,1791540781330,KAIAUSDT,Sell,18581,0.05876,"{""T"":1791540781330,""s"":""KAIAUSDT"",""S"":""Sell"",""v"":""18581"",""p"":""0.05876""}"
2026-10-09T10:13:10.328418Z,1791540789858,KAIAUSDT,Sell,482,0.05893,"{""T"":1791540789858,""s"":""KAIAUSDT"",""S"":""Sell"",""v"":""482"",""p"":""0.05893""}"
2026-10-09T10:13:15.828420Z,1791540795697,KAIAUSDT,Sell,128284,0.05903,"{""T"":1791540795697,""s"":""KAIAUSDT"",""S"":""Sell"",""v"":""128284"",""p"":""0.05903""}"
2026-10-09T10:13:17.328341Z,1791540796985,KAIAUSDT,Sell,24910,0.05910,"{""T"":1791540796985,""s"":""KAIAUSDT"",""S"":""Sell"",""v"":""24910"",""p"":""0.05910""}"
2026-10-09T10:13:17.328341Z,1791540797040,KAIAUSDT,Sell,4110,0.05911,"{""T"":1791540797040,""s"":""KAIAUSDT"",""S"":""Sell"",""v"":""4110"",""p"":""0.05911""}"
2026-10-09T10:13:17.828520Z,1791540797320,KAIAUSDT,Sell,221,0.05914,"{""T"":1791540797320,""s"":""KAIAUSDT"",""S"":""Sell"",""v"":""221"",""p"":""0.05914""}"
2026-10-09T10:13:45.138951Z,1791540824928,STRKUSDT,Sell,157.4,0.07530,"{""T"":1791540824928,""s"":""STRKUSDT"",""S"":""Sell"",""v"":""157.4"",""p"":""0.07530""}"
2026-10-09T10:13:45.827869Z,1791540825311,KAIAUSDT,Sell,12282,0.05892,"{""T"":1791540825311,""s"":""KAIAUSDT"",""S"":""Sell"",""v"":""12282"",""p"":""0.05892""}"
2026-10-09T10:13:53.638792Z,1791540833179,STRKUSDT,Sell,2298.0,0.07600,"{""T"":1791540833179,""s"":""STRKUSDT"",""S"":""Sell"",""v"":""2298.0"",""p"":""0.07600""}"
2026-10-09T10:14:18.328151Z,1791540857874,KAIAUSDT,Buy,17,0.05696,"{""T"":1791540857874,""s"":""KAIAUSDT"",""S"":""Buy"",""v"":""17"",""p"":""0.05696""}"
2026-10-09T10:14:40.832630Z,1791540880477,KAIAUSDT,Sell,11235,0.05921,"{""T"":1791540880477,""s"":""KAIAUSDT"",""S"":""Sell"",""v"":""11235"",""p"":""0.05921""}"
2026-10-09T10:14:47.827869Z,1791540887501,KAIAUSDT,Sell,3141,0.05953,"{""T"":1791540887501,""s"":""KAIAUSDT"",""S"":""Sell"",""v"":""3141"",""p"":""0.05953""}"
2026-10-09T10:14:47.827869Z,1791540887539,KAIAUSDT,Sell,1983,0.05936,"{""T"":1791540887539,""s"":""KAIAUSDT"",""S"":""Sell"",""v"":""1983"",""p"":""0.05936""}"
2026-10-09T10:14:47.827869Z,1791540887608,KAIAUSDT,Sell,7338,0.05940,"{""T"":1791540887608,""s"":""KAIAUSDT"",""S"":""Sell"",""v"":""7338"",""p"":""0.05940""}"
2026-10-09T10:14:51.828031Z,1791540891625,KAIAUSDT,Sell,19223,0.05980,"{""T"":1791540891625,""s"":""KAIAUSDT"",""S"":""Sell"",""v"":""19223"",""p"":""0.05980""}"
2026-10-09T10:14:53.328019Z,1791540893141,KAIAUSDT,Sell,29686,0.05984,"{""T"":1791540893141,""s"":""KAIAUSDT"",""S"":""Sell"",""v"":""29686"",""p"":""0.05984""}"
2026-10-09T10:14:53.828037Z,1791540893736,KAIAUSDT,Sell,22345,0.05999,"{""T"":1791540893736,""s"":""KAIAUSDT"",""S"":""Sell"",""v"":""22345"",""p"":""0.05999""}"
2026-10-09T10:14:54.068885Z,1791540893512,BTCUSDT,Sell,0.003,82961.30,"{""T"":1791540893512,""s"":""BTCUSDT"",""S"":""Sell"",""v"":""0.003"",""p"":""82961.30""}"
2026-10-09T10:14:54.327914Z,1791540893772,KAIAUSDT,Sell,119,0.06012,"{""T"":1791540893772,""s"":""KAIAUSDT"",""S"":""Sell"",""v"":""119"",""p"":""0.06012""}"
2026-10-09T10:15:08.490244Z,1791540908383,USUSDT,Buy,2470,0.027490,"{""T"":1791540908383,""s"":""USUSDT"",""S"":""Buy"",""v"":""2470"",""p"":""0.027490""}"
2026-10-09T10:15:12.328174Z,1791540911897,KAIAUSDT,Sell,27098,0.06014,"{""T"":1791540911897,""s"":""KAIAUSDT"",""S"":""Sell"",""v"":""27098"",""p"":""0.06014""}"
2026-10-09T10:15:12.827930Z,1791540912538,KAIAUSDT,Sell,2251,0.06035,"{""T"":1791540912538,""s"":""KAIAUSDT"",""S"":""Sell"",""v"":""2251"",""p"":""0.06035""}"
2026-10-09T10:15:18.328137Z,1791540918226,KAIAUSDT,Sell,18227,0.06044,"{""T"":1791540918226,""s"":""KAIAUSDT"",""S"":""Sell"",""v"":""18227"",""p"":""0.06044""}"
2026-10-09T10:15:20.828347Z,1791540920279,KAIAUSDT,Sell,1216,0.06056,"{""T"":1791540920279,""s"":""KAIAUSDT"",""S"":""Sell"",""v"":""1216"",""p"":""0.06056""}"
2026-10-09T10:15:49.328227Z,1791540948972,KAIAUSDT,Sell,4242,0.06097,"{""T"":1791540948972,""s"":""KAIAUSDT"",""S"":""Sell"",""v"":""4242"",""p"":""0.06097""}"
2026-10-09T10:15:56.828324Z,1791540956641,KAIAUSDT,Sell,65951,0.06145,"{""T"":1791540956641,""s"":""KAIAUSDT"",""S"":""Sell"",""v"":""65951"",""p"":""0.06145""}"
2026-10-09T10:15:57.327771Z,1791540957188,KAIAUSDT,Sell,878,0.06135,"{""T"":1791540957188,""s"":""KAIAUSDT"",""S"":""Sell"",""v"":""878"",""p"":""0.06135""}"
2026-10-09T10:16:02.362330Z,1791540961977,GRAMUSDT,Sell,49.4,1.5010,"{""T"":1791540961977,""s"":""GRAMUSDT"",""S"":""Sell"",""v"":""49.4"",""p"":""1.5010""}"
2026-10-09T10:16:06.828839Z,1791540966727,KAIAUSDT,Buy,16042,0.05918,"{""T"":1791540966727,""s"":""KAIAUSDT"",""S"":""Buy"",""v"":""16042"",""p"":""0.05918""}"
2026-10-09T10:16:21.331848Z,1791540981166,KAIAUSDT,Sell,14579,0.06088,"{""T"":1791540981166,""s"":""KAIAUSDT"",""S"":""Sell"",""v"":""14579"",""p"":""0.06088""}"
2026-10-09T10:16:41.828320Z,1791541001356,KAIAUSDT,Sell,2291,0.06090,"{""T"":1791541001356,""s"":""KAIAUSDT"",""S"":""Sell"",""v"":""2291"",""p"":""0.06090""}"
2026-10-09T10:16:45.000561Z,1791541004520,INJUSDT,Buy,6.9,6.9810,"{""T"":1791541004520,""s"":""INJUSDT"",""S"":""Buy"",""v"":""6.9"",""p"":""6.9810""}"
2026-10-09T10:17:07.995172Z,1791541027494,MINAUSDT,Sell,91.4,0.08204,"{""T"":1791541027494,""s"":""MINAUSDT"",""S"":""Sell"",""v"":""91.4"",""p"":""0.08204""}"
2026-10-09T10:17:12.327973Z,1791541032188,KAIAUSDT,Sell,4877,0.06090,"{""T"":1791541032188,""s"":""KAIAUSDT"",""S"":""Sell"",""v"":""4877"",""p"":""0.06090""}"
2026-10-09T10:17:19.138627Z,1791541038549,STRKUSDT,Buy,100974.3,0.07332,"{""T"":1791541038549,""s"":""STRKUSDT"",""S"":""Buy"",""v"":""100974.3"",""p"":""0.07332""}"
2026-10-09T10:17:23.827971Z,1791541043712,KAIAUSDT,Sell,1463,0.06171,"{""T"":1791541043712,""s"":""KAIAUSDT"",""S"":""Sell"",""v"":""1463"",""p"":""0.06171""}"
2026-10-09T10:17:24.328260Z,1791541043847,KAIAUSDT,Sell,99,0.06158,"{""T"":1791541043847,""s"":""KAIAUSDT"",""S"":""Sell"",""v"":""99"",""p"":""0.06158""}"
2026-10-09T10:17:24.828576Z,1791541044297,KAIAUSDT,Sell,3796,0.06163,"{""T"":1791541044297,""s"":""KAIAUSDT"",""S"":""Sell"",""v"":""3796"",""p"":""0.06163""}"
2026-10-09T10:17:24.828576Z,1791541044507,KAIAUSDT,Sell,1359,0.06207,"{""T"":1791541044507,""s"":""KAIAUSDT"",""S"":""Sell"",""v"":""1359"",""p"":""0.06207""}"
2026-10-09T10:17:25.327736Z,1791541045155,KAIAUSDT,Sell,1186,0.06208,"{""T"":1791541045155,""s"":""KAIAUSDT"",""S"":""Sell"",""v"":""1186"",""p"":""0.06208""}"
2026-10-09T10:17:25.827870Z,1791541045354,KAIAUSDT,Sell,98,0.06186,"{""T"":1791541045354,""s"":""KAIAUSDT"",""S"":""Sell"",""v"":""98"",""p"":""0.06186""}"
2026-10-09T10:17:25.827870Z,1791541045365,KAIAUSDT,Sell,2231,0.06196,"{""T"":1791541045365,""s"":""KAIAUSDT"",""S"":""Sell"",""v"":""2231"",""p"":""0.06196""}"
2026-10-09T10:17:25.827870Z,1791541045481,KAIAUSDT,Sell,8700,0.06213,"{""T"":1791541045481,""s"":""KAIAUSDT"",""S"":""Sell"",""v"":""8700"",""p"":""0.06213""}"
2026-10-09T10:17:25.827870Z,1791541045538,KAIAUSDT,Sell,12303,0.06215,"{""T"":1791541045538,""s"":""KAIAUSDT"",""S"":""Sell"",""v"":""12303"",""p"":""0.06215""}"
2026-10-09T10:17:25.989606Z,1791541045538,USUSDT,Sell,2130,0.029330,"{""T"":1791541045538,""s"":""USUSDT"",""S"":""Sell"",""v"":""2130"",""p"":""0.029330""}"
2026-10-09T10:17:52.831640Z,1791541072471,KAIAUSDT,Sell,170,0.06203,"{""T"":1791541072471,""s"":""KAIAUSDT"",""S"":""Sell"",""v"":""170"",""p"":""0.06203""}"
2026-10-09T10:17:59.139049Z,1791541078878,OGNUSDT,Sell,15469,0.039256,"{""T"":1791541078878,""s"":""OGNUSDT"",""S"":""Sell"",""v"":""15469"",""p"":""0.039256""}"
2026-10-09T10:18:18.828520Z,1791541098542,KAIAUSDT,Buy,333,0.05966,"{""T"":1791541098542,""s"":""KAIAUSDT"",""S"":""Buy"",""v"":""333"",""p"":""0.05966""}"
2026-10-09T10:18:49.328271Z,1791541128806,KAIAUSDT,Sell,2160,0.06192,"{""T"":1791541128806,""s"":""KAIAUSDT"",""S"":""Sell"",""v"":""2160"",""p"":""0.06192""}"
2026-10-09T10:18:51.327805Z,1791541130869,KAIAUSDT,Sell,102,0.06218,"{""T"":1791541130869,""s"":""KAIAUSDT"",""S"":""Sell"",""v"":""102"",""p"":""0.06218""}"
2026-10-09T10:18:51.828662Z,1791541131626,KAIAUSDT,Sell,5711,0.06222,"{""T"":1791541131626,""s"":""KAIAUSDT"",""S"":""Sell"",""v"":""5711"",""p"":""0.06222""}"
2026-10-09T10:19:36.328247Z,1791541175953,KAIAUSDT,Sell,147,0.06234,"{""T"":1791541175953,""s"":""KAIAUSDT"",""S"":""Sell"",""v"":""147"",""p"":""0.06234""}"
2026-10-09T10:19:36.328247Z,1791541176216,KAIAUSDT,Sell,50634,0.06243,"{""T"":1791541176216,""s"":""KAIAUSDT"",""S"":""Sell"",""v"":""50634"",""p"":""0.06243""}"
2026-10-09T10:19:36.569005Z,1791541176216,BTCUSDT,Buy,0.122,82349.50,"{""T"":1791541176216,""s"":""BTCUSDT"",""S"":""Buy"",""v"":""0.122"",""p"":""82349.50""}"
2026-10-09T10:19:36.828514Z,1791541176258,KAIAUSDT,Sell,76495,0.06241,"{""T"":1791541176258,""s"":""KAIAUSDT"",""S"":""Sell"",""v"":""76495"",""p"":""0.06241""}"
2026-10-09T10:19:44.328194Z,1791541184170,KAIAUSDT,Sell,3715,0.06196,"{""T"":1791541184170,""s"":""KAIAUSDT"",""S"":""Sell"",""v"":""3715"",""p"":""0.06196""}"
2026-10-09T10:19:54.831048Z,1791541194621,KAIAUSDT,Buy,108,0.05968,"{""T"":1791541194621,""s"":""KAIAUSDT"",""S"":""Buy"",""v"":""108"",""p"":""0.05968""}"
2026-10-09T10:20:24.329962Z,1791541223742,KAIAUSDT,Buy,478,0.05951,"{""T"":1791541223742,""s"":""KAIAUSDT"",""S"":""Buy"",""v"":""478"",""p"":""0.05951""}"
2026-10-09T10:20:24.827861Z,1791541224277,KAIAUSDT,Buy,408,0.05958,"{""T"":1791541224277,""s"":""KAIAUSDT"",""S"":""Buy"",""v"":""408"",""p"":""0.05958""}"
2026-10-09T10:20:25.827916Z,1791541225681,KAIAUSDT,Buy,19229,0.05919,"{""T"":1791541225681,""s"":""KAIAUSDT"",""S"":""Buy"",""v"":""19229"",""p"":""0.05919""}"
2026-10-09T10:20:26.828892Z,1791541226567,KAIAUSDT,Buy,14464,0.05945,"{""T"":1791541226567,""s"":""KAIAUSDT"",""S"":""Buy"",""v"":""14464"",""p"":""0.05945""}"
2026-10-09T10:20:31.328085Z,1791541231203,KAIAUSDT,Buy,585,0.05901,"{""T"":1791541231203,""s"":""KAIAUSDT"",""S"":""Buy"",""v"":""585"",""p"":""0.05901""}"
2026-10-09T10:21:41.328399Z,1791541300758,KAIAUSDT,Buy,3530,0.05908,"{""T"":1791541300758,""s"":""KAIAUSDT"",""S"":""Buy"",""v"":""3530"",""p"":""0.05908""}"
2026-10-09T10:21:45.827973Z,1791541305332,KAIAUSDT,Buy,4110,0.05884,"{""T"":1791541305332,""s"":""KAIAUSDT"",""S"":""Buy"",""v"":""4110"",""p"":""0.05884""}"
2026-10-09T10:21:46.328398Z,1791541306118,KAIAUSDT,Buy,3025,0.05882,"{""T"":1791541306118,""s"":""KAIAUSDT"",""S"":""Buy"",""v"":""3025"",""p"":""0.05882""}"
2026-10-09T10:21:49.827828Z,1791541309736,KAIAUSDT,Buy,1059,0.05852,"{""T"":1791541309736,""s"":""KAIAUSDT"",""S"":""Buy"",""v"":""1059"",""p"":""0.05852""}"
2026-10-09T10:22:08.328386Z,1791541328217,KAIAUSDT,Buy,6636,0.05853,"{""T"":1791541328217,""s"":""KAIAUSDT"",""S"":""Buy"",""v"":""6636"",""p"":""0.05853""}"
2026-10-09T10:22:24.828864Z,1791541344609,KAIAUSDT,Buy,42435,0.05842,"{""T"":1791541344609,""s"":""KAIAUSDT"",""S"":""Buy"",""v"":""42435"",""p"":""0.05842""}"
2026-10-09T10:22:25.827902Z,1791541345338,KAIAUSDT,Buy,27293,0.05843,"{""T"":1791541345338,""s"":""KAIAUSDT"",""S"":""Buy"",""v"":""27293"",""p"":""0.05843""}"
2026-10-09T10:23:06.989735Z,1791541386677,USUSDT,Sell,1680,0.029940,"{""T"":1791541386677,""s"":""USUSDT"",""S"":""Sell"",""v"":""1680"",""p"":""0.029940""}"
2026-10-09T10:23:08.328772Z,1791541387878,KAIAUSDT,Buy,3290,0.05836,"{""T"":1791541387878,""s"":""KAIAUSDT"",""S"":""Buy"",""v"":""3290"",""p"":""0.05836""}"
2026-10-09T10:23:08.828047Z,1791541388621,KAIAUSDT,Buy,829,0.05821,"{""T"":1791541388621,""s"":""KAIAUSDT"",""S"":""Buy"",""v"":""829"",""p"":""0.05821""}"
2026-10-09T10:23:08.828047Z,1791541388640,KAIAUSDT,Buy,41556,0.05820,"{""T"":1791541388640,""s"":""KAIAUSDT"",""S"":""Buy"",""v"":""41556"",""p"":""0.05820""}"
2026-10-09T10:23:23.328989Z,1791541403041,KAIAUSDT,Sell,3274,0.06040,"{""T"":1791541403041,""s"":""KAIAUSDT"",""S"":""Sell"",""v"":""3274"",""p"":""0.06040""}"
2026-10-09T10:23:30.989527Z,1791541410554,ZROUSDT,Buy,479.7,2.1164,"{""T"":1791541410554,""s"":""ZROUSDT"",""S"":""Buy"",""v"":""479.7"",""p"":""2.1164""}"
2026-10-09T10:23:40.000087Z,1791541419722,PENGUUSDT,Buy,84170,0.008012,"{""T"":1791541419722,""s"":""PENGUUSDT"",""S"":""Buy"",""v"":""84170"",""p"":""0.008012""}"
2026-10-09T10:24:09.328208Z,1791541448998,KAIAUSDT,Buy,6349,0.05856,"{""T"":1791541448998,""s"":""KAIAUSDT"",""S"":""Buy"",""v"":""6349"",""p"":""0.05856""}"
2026-10-09T10:25:00.831323Z,1791541500252,KAIAUSDT,Buy,3415,0.05813,"{""T"":1791541500252,""s"":""KAIAUSDT"",""S"":""Buy"",""v"":""3415"",""p"":""0.05813""}"
2026-10-09T10:25:01.828236Z,1791541501572,KAIAUSDT,Buy,1411,0.05765,"{""T"":1791541501572,""s"":""KAIAUSDT"",""S"":""Buy"",""v"":""1411"",""p"":""0.05765""}"
2026-10-09T10:25:22.989979Z,1791541522790,USUSDT,Sell,2020,0.029970,"{""T"":1791541522790,""s"":""USUSDT"",""S"":""Sell"",""v"":""2020"",""p"":""0.029970""}"
2026-10-09T10:25:23.989550Z,1791541523884,USUSDT,Sell,3180,0.030010,"{""T"":1791541523884,""s"":""USUSDT"",""S"":""Sell"",""v"":""3180"",""p"":""0.030010""}"
2026-10-09T10:25:29.489763Z,1791541529316,USUSDT,Sell,22230,0.030130,"{""T"":1791541529316,""s"":""USUSDT"",""S"":""Sell"",""v"":""22230"",""p"":""0.030130""}"
2026-10-09T10:25:29.489763Z,1791541529331,USUSDT,Sell,24130,0.030390,"{""T"":1791541529331,""s"":""USUSDT"",""S"":""Sell"",""v"":""24130"",""p"":""0.030390""}"
2026-10-09T10:25:29.989589Z,1791541529558,USUSDT,Sell,66430,0.030160,"{""T"":1791541529558,""s"":""USUSDT"",""S"":""Sell"",""v"":""66430"",""p"":""0.030160""}"
2026-10-09T10:25:29.989589Z,1791541529575,USUSDT,Sell,2480,0.030240,"{""T"":1791541529575,""s"":""USUSDT"",""S"":""Sell"",""v"":""2480"",""p"":""0.030240""}"
2026-10-09T10:25:29.989589Z,1791541529894,USUSDT,Sell,220,0.030340,"{""T"":1791541529894,""s"":""USUSDT"",""S"":""Sell"",""v"":""220"",""p"":""0.030340""}"
2026-10-09T10:25:30.489800Z,1791541530053,USUSDT,Sell,11340,0.030130,"{""T"":1791541530053,""s"":""USUSDT"",""S"":""Sell"",""v"":""11340"",""p"":""0.030130""}"
2026-10-09T10:25:30.489800Z,1791541530101,USUSDT,Sell,32780,0.030330,"{""T"":1791541530101,""s"":""USUSDT"",""S"":""Sell"",""v"":""32780"",""p"":""0.030330""}"
2026-10-09T10:25:30.489800Z,1791541530111,USUSDT,Sell,9750,0.030360,"{""T"":1791541530111,""s"":""USUSDT"",""S"":""Sell"",""v"":""9750"",""p"":""0.030360""}"
2026-10-09T10:25:30.489800Z,1791541530151,USUSDT,Sell,780,0.030360,"{""T"":1791541530151,""s"":""USUSDT"",""S"":""Sell"",""v"":""780"",""p"":""0.030360""}"
2026-10-09T10:25:30.489800Z,1791541530159,USUSDT,Sell,540,0.030100,"{""T"":1791541530159,""s"":""USUSDT"",""S"":""Sell"",""v"":""540"",""p"":""0.030100""}"
2026-10-09T10:25:30.989843Z,1791541530721,USUSDT,Sell,210,0.030560,"{""T"":1791541530721,""s"":""USUSDT"",""S"":""Sell"",""v"":""210"",""p"":""0.030560""}"
2026-10-09T10:25:30.989843Z,1791541530732,USUSDT,Sell,8800,0.030500,"{""T"":1791541530732,""s"":""USUSDT"",""S"":""Sell"",""v"":""8800"",""p"":""0.030500""}"
2026-10-09T10:25:30.989843Z,1791541530748,USUSDT,Sell,3050,0.030650,"{""T"":1791541530748,""s"":""USUSDT"",""S"":""Sell"",""v"":""3050"",""p"":""0.030650""}"
2026-10-09T10:25:30.989843Z,1791541530758,USUSDT,Sell,2160,0.030630,"{""T"":1791541530758,""s"":""USUSDT"",""S"":""Sell"",""v"":""2160"",""p"":""0.030630""}"
2026-10-09T10:25:30.989843Z,1791541530832,USUSDT,Sell,17700,0.030620,"{""T"":1791541530832,""s"":""USUSDT"",""S"":""Sell"",""v"":""17700"",""p"":""0.030620""}"
2026-10-09T10:25:31.316068Z,1791541531151,METUSDT,Sell,359.1,0.43300,"{""T"":1791541531151,""s"":""METUSDT"",""S"":""Sell"",""v"":""359.1"",""p"":""0.43300""}"
2026-10-09T10:25:31.489484Z,1791541530953,USUSDT,Sell,3360,0.030540,"{""T"":1791541530953,""s"":""USUSDT"",""S"":""Sell"",""v"":""3360"",""p"":""0.030540""}"
2026-10-09T10:25:31.489484Z,1791541530965,USUSDT,Sell,194220,0.030600,"{""T"":1791541530965,""s"":""USUSDT"",""S"":""Sell"",""v"":""194220"",""p"":""0.030600""}"
2026-10-09T10:25:31.489484Z,1791541531145,USUSDT,Sell,39630,0.030560,"{""T"":1791541531145,""s"":""USUSDT"",""S"":""Sell"",""v"":""39630"",""p"":""0.030560""}"
2026-10-09T10:25:31.489484Z,1791541531151,USUSDT,Sell,46890,0.030670,"{""T"":1791541531151,""s"":""USUSDT"",""S"":""Sell"",""v"":""46890"",""p"":""0.030670""}"
2026-10-09T10:25:31.489484Z,1791541531273,USUSDT,Sell,10850,0.030420,"{""T"":1791541531273,""s"":""USUSDT"",""S"":""Sell"",""v"":""10850"",""p"":""0.030420""}"
2026-10-09T10:25:31.489484Z,1791541531334,USUSDT,Sell,18250,0.030410,"{""T"":1791541531334,""s"":""USUSDT"",""S"":""Sell"",""v"":""18250"",""p"":""0.030410""}"
2026-10-09T10:25:31.828757Z,1791541531285,KAIAUSDT,Buy,2870,0.05762,"{""T"":1791541531285,""s"":""KAIAUSDT"",""S"":""Buy"",""v"":""2870"",""p"":""0.05762""}"
2026-10-09T10:25:31.989557Z,1791541531420,USUSDT,Sell,100,0.030520,"{""T"":1791541531420,""s"":""USUSDT"",""S"":""Sell"",""v"":""100"",""p"":""0.030520""}"
2026-10-09T10:25:31.989557Z,1791541531428,USUSDT,Sell,105640,0.030520,"{""T"":1791541531428,""s"":""USUSDT"",""S"":""Sell"",""v"":""105640"",""p"":""0.030520""}"
2026-10-09T10:26:00.638922Z,1791541560375,STRKUSDT,Sell,48474.3,0.07539,"{""T"":1791541560375,""s"":""STRKUSDT"",""S"":""Sell"",""v"":""48474.3"",""p"":""0.07539""}"
2026-10-09T10:26:27.328219Z,1791541587234,KAIAUSDT,Sell,334,0.05990,"{""T"":1791541587234,""s"":""KAIAUSDT"",""S"":""Sell"",""v"":""334"",""p"":""0.05990""}"
2026-10-09T10:26:37.639059Z,1791541597261,AKEUSDT,Buy,300,0.0268390,"{""T"":1791541597261,""s"":""AKEUSDT"",""S"":""Buy"",""v"":""300"",""p"":""0.0268390""}"
2026-10-09T10:26:41.328533Z,1791541600928,KAIAUSDT,Sell,1735,0.06012,"{""T"":1791541600928,""s"":""KAIAUSDT"",""S"":""Sell"",""v"":""1735"",""p"":""0.06012""}"
2026-10-09T10:26:48.638475Z,1791541608078,OGNUSDT,Buy,880,0.036742,"{""T"":1791541608078,""s"":""OGNUSDT"",""S"":""Buy"",""v"":""880"",""p"":""0.036742""}"
2026-10-09T10:27:00.828596Z,1791541620696,KAIAUSDT,Sell,321,0.06066,"{""T"":1791541620696,""s"":""KAIAUSDT"",""S"":""Sell"",""v"":""321"",""p"":""0.06066""}"
2026-10-09T10:28:08.828058Z,1791541688363,KAIAUSDT,Buy,2600,0.05733,"{""T"":1791541688363,""s"":""KAIAUSDT"",""S"":""Buy"",""v"":""2600"",""p"":""0.05733""}"
2026-10-09T10:28:46.828754Z,1791541726609,KAIAUSDT,Buy,2310,0.05750,"{""T"":1791541726609,""s"":""KAIAUSDT"",""S"":""Buy"",""v"":""2310"",""p"":""0.05750""}"
2026-10-09T10:28:50.828292Z,1791541730739,KAIAUSDT,Buy,2483,0.05719,"{""T"":1791541730739,""s"":""KAIAUSDT"",""S"":""Buy"",""v"":""2483"",""p"":""0.05719""}"
2026-10-09T10:29:45.328267Z,1791541784873,KAIAUSDT,Sell,381,0.05956,"{""T"":1791541784873,""s"":""KAIAUSDT"",""S"":""Sell"",""v"":""381"",""p"":""0.05956""}"
2026-10-09T10:30:19.989812Z,1791541819577,WUSDT,Sell,3762.7,0.017729,"{""T"":1791541819577,""s"":""WUSDT"",""S"":""Sell"",""v"":""3762.7"",""p"":""0.017729""}"
2026-10-09T10:31:31.328334Z,1791541891156,KAIAUSDT,Sell,89,0.05865,"{""T"":1791541891156,""s"":""KAIAUSDT"",""S"":""Sell"",""v"":""89"",""p"":""0.05865""}"
2026-10-09T10:31:37.332236Z,1791541896847,JCTUSDT,Sell,7500,0.0024590,"{""T"":1791541896847,""s"":""JCTUSDT"",""S"":""Sell"",""v"":""7500"",""p"":""0.0024590""}"
2026-10-09T10:31:40.827906Z,1791541900252,KAIAUSDT,Buy,7364,0.05659,"{""T"":1791541900252,""s"":""KAIAUSDT"",""S"":""Buy"",""v"":""7364"",""p"":""0.05659""}"
2026-10-09T10:31:41.328220Z,1791541900959,KAIAUSDT,Buy,61909,0.05658,"{""T"":1791541900959,""s"":""KAIAUSDT"",""S"":""Buy"",""v"":""61909"",""p"":""0.05658""}"
2026-10-09T10:32:04.570013Z,1791541924256,BTCUSDT,Buy,0.001,82327.20,"{""T"":1791541924256,""s"":""BTCUSDT"",""S"":""Buy"",""v"":""0.001"",""p"":""82327.20""}"
2026-10-09T10:32:07.489642Z,1791541927368,SOXLUSDT,Buy,0.50,148.04,"{""T"":1791541927368,""s"":""SOXLUSDT"",""S"":""Buy"",""v"":""0.50"",""p"":""148.04""}"
2026-10-09T10:32:09.489427Z,1791541929135,XAGUSDT,Buy,1.531,60.11,"{""T"":1791541929135,""s"":""XAGUSDT"",""S"":""Buy"",""v"":""1.531"",""p"":""60.11""}"
2026-10-09T10:32:25.328281Z,1791541945076,KAIAUSDT,Sell,6228,0.05873,"{""T"":1791541945076,""s"":""KAIAUSDT"",""S"":""Sell"",""v"":""6228"",""p"":""0.05873""}"
2026-10-09T10:32:32.332116Z,1791541951875,PONSUSDT,Buy,882,0.3415,"{""T"":1791541951875,""s"":""PONSUSDT"",""S"":""Buy"",""v"":""882"",""p"":""0.3415""}"
2026-10-09T10:32:53.328345Z,1791541973074,KAIAUSDT,Buy,6786,0.05656,"{""T"":1791541973074,""s"":""KAIAUSDT"",""S"":""Buy"",""v"":""6786"",""p"":""0.05656""}"
2026-10-09T10:32:56.917834Z,1791541976588,DOGEUSDT,Buy,5411,0.08413,"{""T"":1791541976588,""s"":""DOGEUSDT"",""S"":""Buy"",""v"":""5411"",""p"":""0.08413""}"
2026-10-09T10:32:59.910977Z,1791541979475,TIAUSDT,Buy,434.7,0.4900,"{""T"":1791541979475,""s"":""TIAUSDT"",""S"":""Buy"",""v"":""434.7"",""p"":""0.4900""}"
2026-10-09T10:33:17.828752Z,1791541997512,FARTCOINUSDT,Buy,26265,0.16065,"{""T"":1791541997512,""s"":""FARTCOINUSDT"",""S"":""Buy"",""v"":""26265"",""p"":""0.16065""}"
2026-10-09T10:33:31.917605Z,1791542011446,ZECUSDT,Buy,8.16,1217.28,"{""T"":1791542011446,""s"":""ZECUSDT"",""S"":""Buy"",""v"":""8.16"",""p"":""1217.28""}"
2026-10-09T10:33:32.019105Z,1791542011446,NEARUSDT,Buy,2094.4,4.7410,"{""T"":1791542011446,""s"":""NEARUSDT"",""S"":""Buy"",""v"":""2094.4"",""p"":""4.7410""}"
2026-10-09T10:33:32.019664Z,1791542011446,TAOUSDT,Buy,22.800,271.23,"{""T"":1791542011446,""s"":""TAOUSDT"",""S"":""Buy"",""v"":""22.800"",""p"":""271.23""}"
2026-10-09T10:33:32.019928Z,1791542011446,AVAXUSDT,Buy,792.0,10.261,"{""T"":1791542011446,""s"":""AVAXUSDT"",""S"":""Buy"",""v"":""792.0"",""p"":""10.261""}"
2026-10-09T10:33:44.911138Z,1791542024795,TIAUSDT,Buy,90.8,0.4870,"{""T"":1791542024795,""s"":""TIAUSDT"",""S"":""Buy"",""v"":""90.8"",""p"":""0.4870""}"
2026-10-09T10:33:51.910998Z,1791542031738,TIAUSDT,Buy,5793.3,0.4774,"{""T"":1791542031738,""s"":""TIAUSDT"",""S"":""Buy"",""v"":""5793.3"",""p"":""0.4774""}"
2026-10-09T10:33:51.910998Z,1791542031752,TIAUSDT,Buy,201.4,0.4777,"{""T"":1791542031752,""s"":""TIAUSDT"",""S"":""Buy"",""v"":""201.4"",""p"":""0.4777""}"
2026-10-09T10:33:51.910998Z,1791542031764,TIAUSDT,Buy,50.2,0.4833,"{""T"":1791542031764,""s"":""TIAUSDT"",""S"":""Buy"",""v"":""50.2"",""p"":""0.4833""}"
2026-10-09T10:33:52.332840Z,1791542031915,LONGXIAUSDT,Buy,1000,0.0424,"{""T"":1791542031915,""s"":""LONGXIAUSDT"",""S"":""Buy"",""v"":""1000"",""p"":""0.0424""}"
2026-10-09T10:33:52.410836Z,1791542031904,TIAUSDT,Buy,20000.0,0.4818,"{""T"":1791542031904,""s"":""TIAUSDT"",""S"":""Buy"",""v"":""20000.0"",""p"":""0.4818""}"
2026-10-09T10:33:52.410836Z,1791542031915,TIAUSDT,Buy,350.0,0.4805,"{""T"":1791542031915,""s"":""TIAUSDT"",""S"":""Buy"",""v"":""350.0"",""p"":""0.4805""}"
2026-10-09T10:33:52.410836Z,1791542031942,TIAUSDT,Buy,356.8,0.4822,"{""T"":1791542031942,""s"":""TIAUSDT"",""S"":""Buy"",""v"":""356.8"",""p"":""0.4822""}"
2026-10-09T10:33:52.410836Z,1791542031997,TIAUSDT,Buy,1027.1,0.4771,"{""T"":1791542031997,""s"":""TIAUSDT"",""S"":""Buy"",""v"":""1027.1"",""p"":""0.4771""}"
2026-10-09T10:33:52.410836Z,1791542032064,TIAUSDT,Buy,12.9,0.4785,"{""T"":1791542032064,""s"":""TIAUSDT"",""S"":""Buy"",""v"":""12.9"",""p"":""0.4785""}"
2026-10-09T10:33:52.410836Z,1791542032135,TIAUSDT,Buy,1025.2,0.4776,"{""T"":1791542032135,""s"":""TIAUSDT"",""S"":""Buy"",""v"":""1025.2"",""p"":""0.4776""}"
2026-10-09T10:33:52.410836Z,1791542032240,TIAUSDT,Buy,29231.2,0.4796,"{""T"":1791542032240,""s"":""TIAUSDT"",""S"":""Buy"",""v"":""29231.2"",""p"":""0.4796""}"
2026-10-09T10:33:52.910843Z,1791542032436,TIAUSDT,Buy,6160.1,0.4773,"{""T"":1791542032436,""s"":""TIAUSDT"",""S"":""Buy"",""v"":""6160.1"",""p"":""0.4773""}"
2026-10-09T10:33:52.910843Z,1791542032473,TIAUSDT,Buy,5987.2,0.4786,"{""T"":1791542032473,""s"":""TIAUSDT"",""S"":""Buy"",""v"":""5987.2"",""p"":""0.4786""}"
2026-10-09T10:33:52.910843Z,1791542032478,TIAUSDT,Buy,10466.9,0.4775,"{""T"":1791542032478,""s"":""TIAUSDT"",""S"":""Buy"",""v"":""10466.9"",""p"":""0.4775""}"
2026-10-09T10:33:52.910843Z,1791542032526,TIAUSDT,Buy,2054.6,0.4770,"{""T"":1791542032526,""s"":""TIAUSDT"",""S"":""Buy"",""v"":""2054.6"",""p"":""0.4770""}"
2026-10-09T10:34:04.958997Z,1791542044829,ETHUSDT,Buy,1.47,2488.02,"{""T"":1791542044829,""s"":""ETHUSDT"",""S"":""Buy"",""v"":""1.47"",""p"":""2488.02""}"
2026-10-09T10:34:14.317177Z,1791542054212,PUMPFUNUSDT,Buy,8700,0.0055610,"{""T"":1791542054212,""s"":""PUMPFUNUSDT"",""S"":""Buy"",""v"":""8700"",""p"":""0.0055610""}"
2026-10-09T10:34:14.816734Z,1791542054610,PUMPFUNUSDT,Buy,190200,0.0055570,"{""T"":1791542054610,""s"":""PUMPFUNUSDT"",""S"":""Buy"",""v"":""190200"",""p"":""0.0055570""}"
2026-10-09T10:34:36.417832Z,1791542075902,ADAUSDT,Buy,5543,0.2356,"{""T"":1791542075902,""s"":""ADAUSDT"",""S"":""Buy"",""v"":""5543"",""p"":""0.2356""}"
2026-10-09T10:34:39.495886Z,1791542079368,SUIUSDT,Buy,90,1.04980,"{""T"":1791542079368,""s"":""SUIUSDT"",""S"":""Buy"",""v"":""90"",""p"":""1.04980""}"
2026-10-09T10:34:41.340965Z,1791542080970,XRPUSDT,Buy,28.5,1.3887,"{""T"":1791542080970,""s"":""XRPUSDT"",""S"":""Buy"",""v"":""28.5"",""p"":""1.3887""}"
2026-10-09T10:34:41.459628Z,1791542081077,ETHUSDT,Buy,4.52,2487.20,"{""T"":1791542081077,""s"":""ETHUSDT"",""S"":""Buy"",""v"":""4.52"",""p"":""2487.20""}"
2026-10-09T10:34:41.565730Z,1791542081435,SOLUSDT,Buy,14.4,109.400,"{""T"":1791542081435,""s"":""SOLUSDT"",""S"":""Buy"",""v"":""14.4"",""p"":""109.400""}"
2026-10-09T10:34:45.495600Z,1791542085397,1000BONKUSDT,Buy,14700,0.0033100,"{""T"":1791542085397,""s"":""1000BONKUSDT"",""S"":""Buy"",""v"":""14700"",""p"":""0.0033100""}"
2026-10-09T10:35:01.411107Z,1791542101135,TIAUSDT,Buy,11913.6,0.4746,"{""T"":1791542101135,""s"":""TIAUSDT"",""S"":""Buy"",""v"":""11913.6"",""p"":""0.4746""}"
2026-10-09T10:35:01.910725Z,1791542101433,TIAUSDT,Buy,600000.0,0.4742,"{""T"":1791542101433,""s"":""TIAUSDT"",""S"":""Buy"",""v"":""600000.0"",""p"":""0.4742""}"
2026-10-09T10:35:02.910943Z,1791542102554,TIAUSDT,Buy,2503.3,0.4724,"{""T"":1791542102554,""s"":""TIAUSDT"",""S"":""Buy"",""v"":""2503.3"",""p"":""0.4724""}"
2026-10-09T10:35:03.910823Z,1791542103374,TIAUSDT,Buy,4638.8,0.4712,"{""T"":1791542103374,""s"":""TIAUSDT"",""S"":""Buy"",""v"":""4638.8"",""p"":""0.4712""}"
2026-10-09T10:35:11.362211Z,1791542111186,APTUSDT,Buy,12.18,0.8044,"{""T"":1791542111186,""s"":""APTUSDT"",""S"":""Buy"",""v"":""12.18"",""p"":""0.8044""}"
2026-10-09T10:35:11.816358Z,1791542111350,XPLUSDT,Buy,13884,0.08365,"{""T"":1791542111350,""s"":""XPLUSDT"",""S"":""Buy"",""v"":""13884"",""p"":""0.08365""}"
2026-10-09T10:35:17.919195Z,1791542117403,DOGEUSDT,Buy,814,0.08387,"{""T"":1791542117403,""s"":""DOGEUSDT"",""S"":""Buy"",""v"":""814"",""p"":""0.08387""}"
2026-10-09T10:35:23.410878Z,1791542123290,CRVUSDT,Buy,1761.7,0.3367,"{""T"":1791542123290,""s"":""CRVUSDT"",""S"":""Buy"",""v"":""1761.7"",""p"":""0.3367""}"
2026-10-09T10:35:23.840812Z,1791542123670,ONDOUSDT,Buy,2067,0.4790,"{""T"":1791542123670,""s"":""ONDOUSDT"",""S"":""Buy"",""v"":""2067"",""p"":""0.4790""}"
2026-10-09T10:35:25.495676Z,1791542125283,SUIUSDT,Buy,1030,1.04840,"{""T"":1791542125283,""s"":""SUIUSDT"",""S"":""Buy"",""v"":""1030"",""p"":""1.04840""}"
2026-10-09T10:35:25.917302Z,1791542125687,DOGEUSDT,Buy,2199,0.08384,"{""T"":1791542125687,""s"":""DOGEUSDT"",""S"":""Buy"",""v"":""2199"",""p"":""0.08384""}"
2026-10-09T10:35:26.995950Z,1791542126787,SUIUSDT,Buy,2220,1.04820,"{""T"":1791542126787,""s"":""SUIUSDT"",""S"":""Buy"",""v"":""2220"",""p"":""1.04820""}"
2026-10-09T10:35:34.519553Z,1791542134364,TAOUSDT,Buy,0.140,270.50,"{""T"":1791542134364,""s"":""TAOUSDT"",""S"":""Buy"",""v"":""0.140"",""p"":""270.50""}"
2026-10-09T10:35:34.850987Z,1791542134710,WIFUSDT,Buy,233,0.20850,"{""T"":1791542134710,""s"":""WIFUSDT"",""S"":""Buy"",""v"":""233"",""p"":""0.20850""}"
2026-10-09T10:35:40.565910Z,1791542140306,SOLUSDT,Buy,1.0,109.350,"{""T"":1791542140306,""s"":""SOLUSDT"",""S"":""Buy"",""v"":""1.0"",""p"":""109.350""}"
2026-10-09T10:35:41.018820Z,1791542140646,NEARUSDT,Buy,242.6,4.7350,"{""T"":1791542140646,""s"":""NEARUSDT"",""S"":""Buy"",""v"":""242.6"",""p"":""4.7350""}"
2026-10-09T10:35:41.840789Z,1791542141510,XRPUSDT,Buy,66.0,1.3876,"{""T"":1791542141510,""s"":""XRPUSDT"",""S"":""Buy"",""v"":""66.0"",""p"":""1.3876""}"
2026-10-09T10:35:41.840789Z,1791542141688,XRPUSDT,Buy,191.5,1.3874,"{""T"":1791542141688,""s"":""XRPUSDT"",""S"":""Buy"",""v"":""191.5"",""p"":""1.3874""}"
2026-10-09T10:35:41.862204Z,1791542141749,WLDUSDT,Buy,99.9,0.4880,"{""T"":1791542141749,""s"":""WLDUSDT"",""S"":""Buy"",""v"":""99.9"",""p"":""0.4880""}"
2026-10-09T10:35:41.999694Z,1791542141749,VIRTUALUSDT,Buy,69,0.7012,"{""T"":1791542141749,""s"":""VIRTUALUSDT"",""S"":""Buy"",""v"":""69"",""p"":""0.7012""}"
2026-10-09T10:35:46.019151Z,1791542145851,NEARUSDT,Buy,144.0,4.7330,"{""T"":1791542145851,""s"":""NEARUSDT"",""S"":""Buy"",""v"":""144.0"",""p"":""4.7330""}"
2026-10-09T10:35:49.417350Z,1791542149051,ADAUSDT,Buy,118952,0.2353,"{""T"":1791542149051,""s"":""ADAUSDT"",""S"":""Buy"",""v"":""118952"",""p"":""0.2353""}"
2026-10-09T10:35:53.340731Z,1791542152758,XRPUSDT,Buy,1267.8,1.3873,"{""T"":1791542152758,""s"":""XRPUSDT"",""S"":""Buy"",""v"":""1267.8"",""p"":""1.3873""}"
2026-10-09T10:35:58.019593Z,1791542157500,NEARUSDT,Buy,20.0,4.7240,"{""T"":1791542157500,""s"":""NEARUSDT"",""S"":""Buy"",""v"":""20.0"",""p"":""4.7240""}"
2026-10-09T10:35:59.065831Z,1791542158517,SOLUSDT,Buy,7.0,109.320,"{""T"":1791542158517,""s"":""SOLUSDT"",""S"":""Buy"",""v"":""7.0"",""p"":""109.320""}"
2026-10-09T10:36:00.341145Z,1791542160114,XRPUSDT,Buy,713.8,1.3870,"{""T"":1791542160114,""s"":""XRPUSDT"",""S"":""Buy"",""v"":""713.8"",""p"":""1.3870""}"
2026-10-09T10:36:01.410723Z,1791542160888,TIAUSDT,Buy,100000.0,0.4695,"{""T"":1791542160888,""s"":""TIAUSDT"",""S"":""Buy"",""v"":""100000.0"",""p"":""0.4695""}"
2026-10-09T10:36:08.065801Z,1791542167542,SOLUSDT,Buy,0.3,109.250,"{""T"":1791542167542,""s"":""SOLUSDT"",""S"":""Buy"",""v"":""0.3"",""p"":""109.250""}"
2026-10-09T10:36:08.138378Z,1791542167853,JTOUSDT,Buy,53.2,0.5108,"{""T"":1791542167853,""s"":""JTOUSDT"",""S"":""Buy"",""v"":""53.2"",""p"":""0.5108""}"
2026-10-09T10:36:14.340749Z,1791542174066,ONDOUSDT,Buy,1547,0.4777,"{""T"":1791542174066,""s"":""ONDOUSDT"",""S"":""Buy"",""v"":""1547"",""p"":""0.4777""}"
2026-10-09T10:36:15.995236Z,1791542175883,MINAUSDT,Buy,1478.5,0.07690,"{""T"":1791542175883,""s"":""MINAUSDT"",""S"":""Buy"",""v"":""1478.5"",""p"":""0.07690""}"
2026-10-09T10:36:16.828035Z,1791542176540,KAIAUSDT,Buy,801,0.05655,"{""T"":1791542176540,""s"":""KAIAUSDT"",""S"":""Buy"",""v"":""801"",""p"":""0.05655""}"
2026-10-09T10:36:17.496102Z,1791542177065,SUIUSDT,Buy,1550,1.04500,"{""T"":1791542177065,""s"":""SUIUSDT"",""S"":""Buy"",""v"":""1550"",""p"":""1.04500""}"
2026-10-09T10:36:19.565801Z,1791542179243,SOLUSDT,Buy,21.7,109.220,"{""T"":1791542179243,""s"":""SOLUSDT"",""S"":""Buy"",""v"":""21.7"",""p"":""109.220""}"
2026-10-09T10:36:21.828166Z,1791542181718,KAIAUSDT,Sell,1111,0.05873,"{""T"":1791542181718,""s"":""KAIAUSDT"",""S"":""Sell"",""v"":""1111"",""p"":""0.05873""}"
2026-10-09T10:36:22.341042Z,1791542182036,ONDOUSDT,Buy,102,0.4771,"{""T"":1791542182036,""s"":""ONDOUSDT"",""S"":""Buy"",""v"":""102"",""p"":""0.4771""}"
2026-10-09T10:36:22.958720Z,1791542182463,ETHUSDT,Buy,0.07,2485.47,"{""T"":1791542182463,""s"":""ETHUSDT"",""S"":""Buy"",""v"":""0.07"",""p"":""2485.47""}"
2026-10-09T10:36:22.958720Z,1791542182680,ETHUSDT,Buy,0.86,2485.09,"{""T"":1791542182680,""s"":""ETHUSDT"",""S"":""Buy"",""v"":""0.86"",""p"":""2485.09""}"
2026-10-09T10:36:22.958720Z,1791542182695,ETHUSDT,Buy,49.66,2485.52,"{""T"":1791542182695,""s"":""ETHUSDT"",""S"":""Buy"",""v"":""49.66"",""p"":""2485.52""}"
2026-10-09T10:36:26.565891Z,1791542186027,SOLUSDT,Buy,0.5,109.160,"{""T"":1791542186027,""s"":""SOLUSDT"",""S"":""Buy"",""v"":""0.5"",""p"":""109.160""}"
2026-10-09T10:36:30.316726Z,1791542190090,TRUMPUSDT,Buy,542.8,1.823,"{""T"":1791542190090,""s"":""TRUMPUSDT"",""S"":""Buy"",""v"":""542.8"",""p"":""1.823""}"
2026-10-09T10:36:30.852598Z,1791542190706,XRPUSDT,Buy,338.3,1.3864,"{""T"":1791542190706,""s"":""XRPUSDT"",""S"":""Buy"",""v"":""338.3"",""p"":""1.3864""}"
2026-10-09T10:36:31.065941Z,1791542190820,SOLUSDT,Buy,1.0,109.150,"{""T"":1791542190820,""s"":""SOLUSDT"",""S"":""Buy"",""v"":""1.0"",""p"":""109.150""}"
2026-10-09T10:36:31.827981Z,1791542191634,MONUSDT,Buy,23209,0.024220,"{""T"":1791542191634,""s"":""MONUSDT"",""S"":""Buy"",""v"":""23209"",""p"":""0.024220""}"
2026-10-09T10:36:33.316233Z,1791542193187,TRUMPUSDT,Buy,3091.7,1.822,"{""T"":1791542193187,""s"":""TRUMPUSDT"",""S"":""Buy"",""v"":""3091.7"",""p"":""1.822""}"
2026-10-09T10:36:52.328384Z,1791542212114,KAIAUSDT,Sell,162,0.05958,"{""T"":1791542212114,""s"":""KAIAUSDT"",""S"":""Sell"",""v"":""162"",""p"":""0.05958""}"
2026-10-09T10:36:52.328384Z,1791542212128,KAIAUSDT,Sell,67878,0.05944,"{""T"":1791542212128,""s"":""KAIAUSDT"",""S"":""Sell"",""v"":""67878"",""p"":""0.05944""}"
2026-10-09T10:36:52.328384Z,1791542212208,KAIAUSDT,Sell,78358,0.05957,"{""T"":1791542212208,""s"":""KAIAUSDT"",""S"":""Sell"",""v"":""78358"",""p"":""0.05957""}"
2026-10-09T10:37:02.410938Z,1791542221843,TIAUSDT,Buy,3923.5,0.4661,"{""T"":1791542221843,""s"":""TIAUSDT"",""S"":""Buy"",""v"":""3923.5"",""p"":""0.4661""}"
2026-10-09T10:37:02.911201Z,1791542222647,TIAUSDT,Buy,9460.4,0.4660,"{""T"":1791542222647,""s"":""TIAUSDT"",""S"":""Buy"",""v"":""9460.4"",""p"":""0.4660""}"
2026-10-09T10:37:03.341514Z,1791542223231,XRPUSDT,Buy,15.0,1.3862,"{""T"":1791542223231,""s"":""XRPUSDT"",""S"":""Buy"",""v"":""15.0"",""p"":""1.3862""}"
2026-10-09T10:37:03.910846Z,1791542223388,TIAUSDT,Buy,8035.1,0.4645,"{""T"":1791542223388,""s"":""TIAUSDT"",""S"":""Buy"",""v"":""8035.1"",""p"":""0.4645""}"
2026-10-09T10:37:19.828197Z,1791542239481,KAIAUSDT,Sell,535,0.05970,"{""T"":1791542239481,""s"":""KAIAUSDT"",""S"":""Sell"",""v"":""535"",""p"":""0.05970""}"
2026-10-09T10:37:44.828639Z,1791542264549,KAIAUSDT,Sell,11520,0.05995,"{""T"":1791542264549,""s"":""KAIAUSDT"",""S"":""Sell"",""v"":""11520"",""p"":""0.05995""}"
2026-10-09T10:37:46.328181Z,1791542265852,KAIAUSDT,Sell,137,0.06000,"{""T"":1791542265852,""s"":""KAIAUSDT"",""S"":""Sell"",""v"":""137"",""p"":""0.06000""}"
2026-10-09T10:37:46.328181Z,1791542265903,KAIAUSDT,Sell,14236,0.06006,"{""T"":1791542265903,""s"":""KAIAUSDT"",""S"":""Sell"",""v"":""14236"",""p"":""0.06006""}"
2026-10-09T10:37:51.989814Z,1791542271835,USUSDT,Buy,200,0.028080,"{""T"":1791542271835,""s"":""USUSDT"",""S"":""Buy"",""v"":""200"",""p"":""0.028080""}"
2026-10-09T10:37:56.831955Z,1791542276661,PONSUSDT,Buy,405,0.3359,"{""T"":1791542276661,""s"":""PONSUSDT"",""S"":""Buy"",""v"":""405"",""p"":""0.3359""}"
2026-10-09T10:38:01.411735Z,1791542280950,TIAUSDT,Buy,1299.9,0.4614,"{""T"":1791542280950,""s"":""TIAUSDT"",""S"":""Buy"",""v"":""1299.9"",""p"":""0.4614""}"
2026-10-09T10:38:01.411735Z,1791542281213,TIAUSDT,Buy,523.1,0.4608,"{""T"":1791542281213,""s"":""TIAUSDT"",""S"":""Buy"",""v"":""523.1"",""p"":""0.4608""}"
2026-10-09T10:38:01.459094Z,1791542281212,ETHUSDT,Sell,0.19,2501.65,"{""T"":1791542281212,""s"":""ETHUSDT"",""S"":""Sell"",""v"":""0.19"",""p"":""2501.65""}"
2026-10-09T10:38:01.499944Z,1791542281213,RLCUSDT,Buy,56.3,1.0363,"{""T"":1791542281213,""s"":""RLCUSDT"",""S"":""Buy"",""v"":""56.3"",""p"":""1.0363""}"
2026-10-09T10:38:01.569239Z,1791542281212,BTCUSDT,Sell,0.011,82741.40,"{""T"":1791542281212,""s"":""BTCUSDT"",""S"":""Sell"",""v"":""0.011"",""p"":""82741.40""}"
2026-10-09T10:38:11.000636Z,1791542290891,RLCUSDT,Buy,88.0,1.0302,"{""T"":1791542290891,""s"":""RLCUSDT"",""S"":""Buy"",""v"":""88.0"",""p"":""1.0302""}"
2026-10-09T10:38:20.841056Z,1791542300662,XRPUSDT,Buy,71.4,1.3860,"{""T"":1791542300662,""s"":""XRPUSDT"",""S"":""Buy"",""v"":""71.4"",""p"":""1.3860""}"
2026-10-09T10:38:42.841094Z,1791542322319,XRPUSDT,Buy,127.8,1.3846,"{""T"":1791542322319,""s"":""XRPUSDT"",""S"":""Buy"",""v"":""127.8"",""p"":""1.3846""}"
2026-10-09T10:38:46.459143Z,1791542326269,ETHUSDT,Buy,0.71,2484.23,"{""T"":1791542326269,""s"":""ETHUSDT"",""S"":""Buy"",""v"":""0.71"",""p"":""2484.23""}"
2026-10-09T10:38:56.317016Z,1791542336153,TRUMPUSDT,Buy,1593.1,1.820,"{""T"":1791542336153,""s"":""TRUMPUSDT"",""S"":""Buy"",""v"":""1593.1"",""p"":""1.820""}"
2026-10-09T10:38:56.917684Z,1791542336412,DOGEUSDT,Buy,286,0.08370,"{""T"":1791542336412,""s"":""DOGEUSDT"",""S"":""Buy"",""v"":""286"",""p"":""0.08370""}"
2026-10-09T10:39:02.910687Z,1791542342394,TIAUSDT,Buy,500.0,0.4602,"{""T"":1791542342394,""s"":""TIAUSDT"",""S"":""Buy"",""v"":""500.0"",""p"":""0.4602""}"
2026-10-09T10:39:11.565866Z,1791542351041,SOLUSDT,Buy,5.8,109.100,"{""T"":1791542351041,""s"":""SOLUSDT"",""S"":""Buy"",""v"":""5.8"",""p"":""109.100""}"
2026-10-09T10:39:17.959085Z,1791542357856,ETHUSDT,Buy,0.80,2484.09,"{""T"":1791542357856,""s"":""ETHUSDT"",""S"":""Buy"",""v"":""0.80"",""p"":""2484.09""}"
2026-10-09T10:39:18.842066Z,1791542358625,XRPUSDT,Buy,2515.3,1.3842,"{""T"":1791542358625,""s"":""XRPUSDT"",""S"":""Buy"",""v"":""2515.3"",""p"":""1.3842""}"
2026-10-09T10:39:19.065927Z,1791542358925,SOLUSDT,Buy,1.3,109.080,"{""T"":1791542358925,""s"":""SOLUSDT"",""S"":""Buy"",""v"":""1.3"",""p"":""109.080""}"
2026-10-09T10:39:19.417471Z,1791542358906,1000PEPEUSDT,Buy,5100,0.0038650,"{""T"":1791542358906,""s"":""1000PEPEUSDT"",""S"":""Buy"",""v"":""5100"",""p"":""0.0038650""}"
2026-10-09T10:39:22.341670Z,1791542362012,LITUSDT,Buy,19.7,3.5600,"{""T"":1791542362012,""s"":""LITUSDT"",""S"":""Buy"",""v"":""19.7"",""p"":""3.5600""}"
2026-10-09T10:40:08.355109Z,1791542408223,WIFUSDT,Buy,331,0.20820,"{""T"":1791542408223,""s"":""WIFUSDT"",""S"":""Buy"",""v"":""331"",""p"":""0.20820""}"
2026-10-09T10:40:14.417314Z,1791542414326,1000PEPEUSDT,Buy,2500,0.0038630,"{""T"":1791542414326,""s"":""1000PEPEUSDT"",""S"":""Buy"",""v"":""2500"",""p"":""0.0038630""}"
2026-10-09T10:40:14.917564Z,1791542414336,1000PEPEUSDT,Buy,13500,0.0038640,"{""T"":1791542414336,""s"":""1000PEPEUSDT"",""S"":""Buy"",""v"":""13500"",""p"":""0.0038640""}"
2026-10-09T10:40:16.829215Z,1791542416442,KAIAUSDT,Sell,12185,0.05964,"{""T"":1791542416442,""s"":""KAIAUSDT"",""S"":""Sell"",""v"":""12185"",""p"":""0.05964""}"
2026-10-09T10:40:42.828188Z,1791542442659,KAIAUSDT,Buy,1373,0.05745,"{""T"":1791542442659,""s"":""KAIAUSDT"",""S"":""Buy"",""v"":""1373"",""p"":""0.05745""}"
2026-10-09T10:40:49.851374Z,1791542449306,SANDUSDT,Buy,74349,0.06645,"{""T"":1791542449306,""s"":""SANDUSDT"",""S"":""Buy"",""v"":""74349"",""p"":""0.06645""}"
2026-10-09T10:40:57.328769Z,1791542456825,KAIAUSDT,Buy,352,0.05699,"{""T"":1791542456825,""s"":""KAIAUSDT"",""S"":""Buy"",""v"":""352"",""p"":""0.05699""}"
2026-10-09T10:41:01.828251Z,1791542461581,KAIAUSDT,Buy,13745,0.05682,"{""T"":1791542461581,""s"":""KAIAUSDT"",""S"":""Buy"",""v"":""13745"",""p"":""0.05682""}"
2026-10-09T10:41:03.351613Z,1791542463206,SANDUSDT,Buy,20167,0.06639,"{""T"":1791542463206,""s"":""SANDUSDT"",""S"":""Buy"",""v"":""20167"",""p"":""0.06639""}"
2026-10-09T10:41:07.351231Z,1791542466846,SANDUSDT,Buy,224047,0.06626,"{""T"":1791542466846,""s"":""SANDUSDT"",""S"":""Buy"",""v"":""224047"",""p"":""0.06626""}"
2026-10-09T10:41:26.816671Z,1791542486656,METUSDT,Buy,2282.2,0.40980,"{""T"":1791542486656,""s"":""METUSDT"",""S"":""Buy"",""v"":""2282.2"",""p"":""0.40980""}"
2026-10-09T10:41:31.828484Z,1791542491322,KAIAUSDT,Buy,5251,0.05646,"{""T"":1791542491322,""s"":""KAIAUSDT"",""S"":""Buy"",""v"":""5251"",""p"":""0.05646""}"
2026-10-09T10:41:31.828484Z,1791542491389,KAIAUSDT,Buy,92,0.05632,"{""T"":1791542491389,""s"":""KAIAUSDT"",""S"":""Buy"",""v"":""92"",""p"":""0.05632""}"
2026-10-09T10:41:36.328111Z,1791542496188,KAIAUSDT,Buy,4686,0.05608,"{""T"":1791542496188,""s"":""KAIAUSDT"",""S"":""Buy"",""v"":""4686"",""p"":""0.05608""}"
2026-10-09T10:41:44.340531Z,1791542504154,XRPUSDT,Buy,67.0,1.3830,"{""T"":1791542504154,""s"":""XRPUSDT"",""S"":""Buy"",""v"":""67.0"",""p"":""1.3830""}"
2026-10-09T10:41:44.340531Z,1791542504188,XRPUSDT,Buy,1893.8,1.3832,"{""T"":1791542504188,""s"":""XRPUSDT"",""S"":""Buy"",""v"":""1893.8"",""p"":""1.3832""}"
2026-10-09T10:41:44.417192Z,1791542504188,1000PEPEUSDT,Buy,10000,0.0038650,"{""T"":1791542504188,""s"":""1000PEPEUSDT"",""S"":""Buy"",""v"":""10000"",""p"":""0.0038650""}"
2026-10-09T10:41:44.458942Z,1791542504188,ETHUSDT,Buy,0.01,2486.05,"{""T"":1791542504188,""s"":""ETHUSDT"",""S"":""Buy"",""v"":""0.01"",""p"":""2486.05""}"
2026-10-09T10:41:44.568773Z,1791542504188,BTCUSDT,Buy,0.002,82139.40,"{""T"":1791542504188,""s"":""BTCUSDT"",""S"":""Buy"",""v"":""0.002"",""p"":""82139.40""}"
2026-10-09T10:41:45.827987Z,1791542505614,KAIAUSDT,Buy,76640,0.05546,"{""T"":1791542505614,""s"":""KAIAUSDT"",""S"":""Buy"",""v"":""76640"",""p"":""0.05546""}"
2026-10-09T10:41:46.328688Z,1791542505836,KAIAUSDT,Buy,4099,0.05574,"{""T"":1791542505836,""s"":""KAIAUSDT"",""S"":""Buy"",""v"":""4099"",""p"":""0.05574""}"
2026-10-09T10:41:46.328688Z,1791542506159,KAIAUSDT,Buy,605,0.05552,"{""T"":1791542506159,""s"":""KAIAUSDT"",""S"":""Buy"",""v"":""605"",""p"":""0.05552""}"
2026-10-09T10:41:46.828213Z,1791542506457,KAIAUSDT,Buy,1217,0.05567,"{""T"":1791542506457,""s"":""KAIAUSDT"",""S"":""Buy"",""v"":""1217"",""p"":""0.05567""}"
2026-10-09T10:41:46.958935Z,1791542506803,QNTUSDT,Sell,0.30,244.08,"{""T"":1791542506803,""s"":""QNTUSDT"",""S"":""Sell"",""v"":""0.30"",""p"":""244.08""}"
2026-10-09T10:41:47.328871Z,1791542506803,KAIAUSDT,Buy,3920,0.05534,"{""T"":1791542506803,""s"":""KAIAUSDT"",""S"":""Buy"",""v"":""3920"",""p"":""0.05534""}"
2026-10-09T10:41:52.862633Z,1791542512540,WLDUSDT,Buy,56.8,0.4872,"{""T"":1791542512540,""s"":""WLDUSDT"",""S"":""Buy"",""v"":""56.8"",""p"":""0.4872""}"
2026-10-09T10:41:53.828200Z,1791542513466,ETHFIUSDT,Buy,1728.0,0.6806,"{""T"":1791542513466,""s"":""ETHFIUSDT"",""S"":""Buy"",""v"":""1728.0"",""p"":""0.6806""}"
2026-10-09T10:41:56.328010Z,1791542515987,KAIAUSDT,Buy,18779,0.05504,"{""T"":1791542515987,""s"":""KAIAUSDT"",""S"":""Buy"",""v"":""18779"",""p"":""0.05504""}"
2026-10-09T10:41:57.327968Z,1791542517188,KAIAUSDT,Buy,3407,0.05498,"{""T"":1791542517188,""s"":""KAIAUSDT"",""S"":""Buy"",""v"":""3407"",""p"":""0.05498""}"
2026-10-09T10:42:03.917342Z,1791542523671,UNIUSDT,Buy,750.0,7.272,"{""T"":1791542523671,""s"":""UNIUSDT"",""S"":""Buy"",""v"":""750.0"",""p"":""7.272""}"
2026-10-09T10:42:03.995620Z,1791542523830,MINAUSDT,Buy,6497.7,0.07684,"{""T"":1791542523830,""s"":""MINAUSDT"",""S"":""Buy"",""v"":""6497.7"",""p"":""0.07684""}"
2026-10-09T10:42:04.019125Z,1791542523671,PYTHUSDT,Buy,7500,0.08213,"{""T"":1791542523671,""s"":""PYTHUSDT"",""S"":""Buy"",""v"":""7500"",""p"":""0.08213""}"
2026-10-09T10:42:04.328091Z,1791542523830,ETHFIUSDT,Buy,1467.7,0.6797,"{""T"":1791542523830,""s"":""ETHFIUSDT"",""S"":""Buy"",""v"":""1467.7"",""p"":""0.6797""}"
2026-10-09T10:42:04.341913Z,1791542523830,ONDOUSDT,Buy,4126,0.4782,"{""T"":1791542523830,""s"":""ONDOUSDT"",""S"":""Buy"",""v"":""4126"",""p"":""0.4782""}"
2026-10-09T10:42:04.411118Z,1791542523830,HBARUSDT,Buy,16191,0.09023,"{""T"":1791542523830,""s"":""HBARUSDT"",""S"":""Buy"",""v"":""16191"",""p"":""0.09023""}"
2026-10-09T10:42:04.416976Z,1791542523830,ADAUSDT,Buy,7080,0.2346,"{""T"":1791542523830,""s"":""ADAUSDT"",""S"":""Buy"",""v"":""7080"",""p"":""0.2346""}"
2026-10-09T10:42:06.327845Z,1791542526025,KAIAUSDT,Sell,131849,0.05668,"{""T"":1791542526025,""s"":""KAIAUSDT"",""S"":""Sell"",""v"":""131849"",""p"":""0.05668""}"
2026-10-09T10:42:08.639172Z,1791542528323,STRKUSDT,Buy,84.7,0.07266,"{""T"":1791542528323,""s"":""STRKUSDT"",""S"":""Buy"",""v"":""84.7"",""p"":""0.07266""}"
2026-10-09T10:42:15.139379Z,1791542534939,STRKUSDT,Buy,1059.2,0.07257,"{""T"":1791542534939,""s"":""STRKUSDT"",""S"":""Buy"",""v"":""1059.2"",""p"":""0.07257""}"
2026-10-09T10:42:15.639237Z,1791542535212,STRKUSDT,Buy,319.4,0.07252,"{""T"":1791542535212,""s"":""STRKUSDT"",""S"":""Buy"",""v"":""319.4"",""p"":""0.07252""}"
2026-10-09T10:42:15.828155Z,1791542535549,KAIAUSDT,Buy,11104,0.05482,"{""T"":1791542535549,""s"":""KAIAUSDT"",""S"":""Buy"",""v"":""11104"",""p"":""0.05482""}"
2026-10-09T10:42:15.828155Z,1791542535692,KAIAUSDT,Buy,556,0.05475,"{""T"":1791542535692,""s"":""KAIAUSDT"",""S"":""Buy"",""v"":""556"",""p"":""0.05475""}"
2026-10-09T10:42:15.917408Z,1791542535692,ZECUSDT,Buy,0.17,1216.09,"{""T"":1791542535692,""s"":""ZECUSDT"",""S"":""Buy"",""v"":""0.17"",""p"":""1216.09""}"
2026-10-09T10:42:16.328063Z,1791542535926,KAIAUSDT,Buy,2369,0.05476,"{""T"":1791542535926,""s"":""KAIAUSDT"",""S"":""Buy"",""v"":""2369"",""p"":""0.05476""}"
2026-10-09T10:42:16.328063Z,1791542535936,KAIAUSDT,Buy,134202,0.05488,"{""T"":1791542535936,""s"":""KAIAUSDT"",""S"":""Buy"",""v"":""134202"",""p"":""0.05488""}"
2026-10-09T10:42:17.500211Z,1791542537094,RLCUSDT,Buy,8.5,1.0208,"{""T"":1791542537094,""s"":""RLCUSDT"",""S"":""Buy"",""v"":""8.5"",""p"":""1.0208""}"
2026-10-09T10:42:17.999985Z,1791542537676,RLCUSDT,Buy,20.9,1.0164,"{""T"":1791542537676,""s"":""RLCUSDT"",""S"":""Buy"",""v"":""20.9"",""p"":""1.0164""}"
2026-10-09T10:42:21.827993Z,1791542541318,KAIAUSDT,Buy,13106,0.05466,"{""T"":1791542541318,""s"":""KAIAUSDT"",""S"":""Buy"",""v"":""13106"",""p"":""0.05466""}"
2026-10-09T10:42:23.828221Z,1791542543657,KAIAUSDT,Buy,35925,0.05456,"{""T"":1791542543657,""s"":""KAIAUSDT"",""S"":""Buy"",""v"":""35925"",""p"":""0.05456""}"
2026-10-09T10:42:30.327842Z,1791542549804,KAIAUSDT,Sell,18968,0.05631,"{""T"":1791542549804,""s"":""KAIAUSDT"",""S"":""Sell"",""v"":""18968"",""p"":""0.05631""}"
2026-10-09T10:42:40.341581Z,1791542560156,XRPUSDT,Buy,26.0,1.3819,"{""T"":1791542560156,""s"":""XRPUSDT"",""S"":""Buy"",""v"":""26.0"",""p"":""1.3819""}"
2026-10-09T10:43:17.081088Z,1791542596585,BTCUSDT,Buy,0.089,82120.50,"{""T"":1791542596585,""s"":""BTCUSDT"",""S"":""Buy"",""v"":""0.089"",""p"":""82120.50""}"
2026-10-09T10:43:17.971145Z,1791542597465,ETHUSDT,Buy,2.30,2483.74,"{""T"":1791542597465,""s"":""ETHUSDT"",""S"":""Buy"",""v"":""2.30"",""p"":""2483.74""}"
2026-10-09T10:43:25.077221Z,1791542604610,SOLUSDT,Buy,25.0,108.980,"{""T"":1791542604610,""s"":""SOLUSDT"",""S"":""Buy"",""v"":""25.0"",""p"":""108.980""}"
2026-10-09T10:43:25.081659Z,1791542604881,BTCUSDT,Buy,0.001,82105.70,"{""T"":1791542604881,""s"":""BTCUSDT"",""S"":""Buy"",""v"":""0.001"",""p"":""82105.70""}"
2026-10-09T10:43:29.080534Z,1791542608884,BTCUSDT,Buy,0.024,82096.50,"{""T"":1791542608884,""s"":""BTCUSDT"",""S"":""Buy"",""v"":""0.024"",""p"":""82096.50""}"
2026-10-09T10:43:37.863226Z,1791542617611,SANDUSDT,Buy,40085,0.06555,"{""T"":1791542617611,""s"":""SANDUSDT"",""S"":""Buy"",""v"":""40085"",""p"":""0.06555""}"
2026-10-09T10:43:41.352772Z,1791542621041,XRPUSDT,Buy,384.6,1.3807,"{""T"":1791542621041,""s"":""XRPUSDT"",""S"":""Buy"",""v"":""384.6"",""p"":""1.3807""}"
2026-10-09T10:43:54.340174Z,1791542633809,KAIAUSDT,Buy,36460,0.05448,"{""T"":1791542633809,""s"":""KAIAUSDT"",""S"":""Buy"",""v"":""36460"",""p"":""0.05448""}"
2026-10-09T10:43:54.840651Z,1791542634240,KAIAUSDT,Buy,13484,0.05453,"{""T"":1791542634240,""s"":""KAIAUSDT"",""S"":""Buy"",""v"":""13484"",""p"":""0.05453""}"
2026-10-09T10:43:55.340170Z,1791542635081,KAIAUSDT,Buy,29684,0.05444,"{""T"":1791542635081,""s"":""KAIAUSDT"",""S"":""Buy"",""v"":""29684"",""p"":""0.05444""}"
2026-10-09T10:43:55.840014Z,1791542635702,KAIAUSDT,Buy,11462,0.05440,"{""T"":1791542635702,""s"":""KAIAUSDT"",""S"":""Buy"",""v"":""11462"",""p"":""0.05440""}"
2026-10-09T10:43:56.339995Z,1791542635760,KAIAUSDT,Buy,12466,0.05440,"{""T"":1791542635760,""s"":""KAIAUSDT"",""S"":""Buy"",""v"":""12466"",""p"":""0.05440""}"
2026-10-09T10:43:56.339995Z,1791542636156,KAIAUSDT,Buy,541,0.05434,"{""T"":1791542636156,""s"":""KAIAUSDT"",""S"":""Buy"",""v"":""541"",""p"":""0.05434""}"
2026-10-09T10:43:58.340222Z,1791542637866,KAIAUSDT,Buy,94,0.05429,"{""T"":1791542637866,""s"":""KAIAUSDT"",""S"":""Buy"",""v"":""94"",""p"":""0.05429""}"
2026-10-09T10:44:13.845022Z,1791542653358,KAIAUSDT,Sell,16283,0.05633,"{""T"":1791542653358,""s"":""KAIAUSDT"",""S"":""Sell"",""v"":""16283"",""p"":""0.05633""}"
2026-10-09T10:45:11.340926Z,1791542710752,KAIAUSDT,Buy,26630,0.05431,"{""T"":1791542710752,""s"":""KAIAUSDT"",""S"":""Buy"",""v"":""26630"",""p"":""0.05431""}"
2026-10-09T10:45:16.839925Z,1791542716381,KAIAUSDT,Buy,5242,0.05413,"{""T"":1791542716381,""s"":""KAIAUSDT"",""S"":""Buy"",""v"":""5242"",""p"":""0.05413""}"
2026-10-09T10:45:25.363552Z,1791542724945,SANDUSDT,Buy,860,0.06534,"{""T"":1791542724945,""s"":""SANDUSDT"",""S"":""Buy"",""v"":""860"",""p"":""0.06534""}"
2026-10-09T10:45:36.150078Z,1791542735918,STRKUSDT,Sell,68.5,0.07478,"{""T"":1791542735918,""s"":""STRKUSDT"",""S"":""Sell"",""v"":""68.5"",""p"":""0.07478""}"
2026-10-09T10:45:43.339805Z,1791542742964,KAIAUSDT,Sell,196,0.05671,"{""T"":1791542742964,""s"":""KAIAUSDT"",""S"":""Sell"",""v"":""196"",""p"":""0.05671""}"
2026-10-09T10:45:43.839951Z,1791542743437,KAIAUSDT,Sell,1304,0.05673,"{""T"":1791542743437,""s"":""KAIAUSDT"",""S"":""Sell"",""v"":""1304"",""p"":""0.05673""}"
2026-10-09T10:45:54.650478Z,1791542754354,STRKUSDT,Buy,22900.4,0.07224,"{""T"":1791542754354,""s"":""STRKUSDT"",""S"":""Buy"",""v"":""22900.4"",""p"":""0.07224""}"
2026-10-09T10:46:07.363832Z,1791542767156,SANDUSDT,Buy,9130,0.06489,"{""T"":1791542767156,""s"":""SANDUSDT"",""S"":""Buy"",""v"":""9130"",""p"":""0.06489""}"
2026-10-09T10:46:13.339822Z,1791542772826,KAIAUSDT,Sell,3912,0.05711,"{""T"":1791542772826,""s"":""KAIAUSDT"",""S"":""Sell"",""v"":""3912"",""p"":""0.05711""}"
2026-10-09T10:47:02.428784Z,1791542822080,1000PEPEUSDT,Buy,3600,0.0038560,"{""T"":1791542822080,""s"":""1000PEPEUSDT"",""S"":""Buy"",""v"":""3600"",""p"":""0.0038560""}"
2026-10-09T10:48:46.840200Z,1791542926664,KAIAUSDT,Buy,76950,0.05547,"{""T"":1791542926664,""s"":""KAIAUSDT"",""S"":""Buy"",""v"":""76950"",""p"":""0.05547""}"
2026-10-09T10:48:51.839870Z,1791542931686,KAIAUSDT,Buy,7290,0.05500,"{""T"":1791542931686,""s"":""KAIAUSDT"",""S"":""Buy"",""v"":""7290"",""p"":""0.05500""}"
2026-10-09T10:48:56.839899Z,1791542936694,KAIAUSDT,Buy,8822,0.05463,"{""T"":1791542936694,""s"":""KAIAUSDT"",""S"":""Buy"",""v"":""8822"",""p"":""0.05463""}"
2026-10-09T10:49:00.339806Z,1791542939749,KAIAUSDT,Sell,674,0.05629,"{""T"":1791542939749,""s"":""KAIAUSDT"",""S"":""Sell"",""v"":""674"",""p"":""0.05629""}"
2026-10-09T10:49:06.374131Z,1791542945780,GRAMUSDT,Buy,12.9,1.4610,"{""T"":1791542945780,""s"":""GRAMUSDT"",""S"":""Buy"",""v"":""12.9"",""p"":""1.4610""}"
2026-10-09T10:49:06.501508Z,1791542946297,ZROUSDT,Buy,1438.3,2.0807,"{""T"":1791542946297,""s"":""ZROUSDT"",""S"":""Buy"",""v"":""1438.3"",""p"":""2.0807""}"
2026-10-09T10:49:17.429512Z,1791542956934,ZECUSDT,Buy,0.03,1211.46,"{""T"":1791542956934,""s"":""ZECUSDT"",""S"":""Buy"",""v"":""0.03"",""p"":""1211.46""}"
2026-10-09T10:49:22.970929Z,1791542962387,ETHUSDT,Buy,0.01,2482.54,"{""T"":1791542962387,""s"":""ETHUSDT"",""S"":""Buy"",""v"":""0.01"",""p"":""2482.54""}"
2026-10-09T10:49:23.006834Z,1791542962622,1000BONKUSDT,Buy,138100,0.0032860,"{""T"":1791542962622,""s"":""1000BONKUSDT"",""S"":""Buy"",""v"":""138100"",""p"":""0.0032860""}"
2026-10-09T10:49:35.840288Z,1791542975727,KAIAUSDT,Buy,3553,0.05400,"{""T"":1791542975727,""s"":""KAIAUSDT"",""S"":""Buy"",""v"":""3553"",""p"":""0.05400""}"
2026-10-09T10:49:36.340714Z,1791542975974,KAIAUSDT,Buy,33636,0.05390,"{""T"":1791542975974,""s"":""KAIAUSDT"",""S"":""Buy"",""v"":""33636"",""p"":""0.05390""}"
2026-10-09T10:49:41.839878Z,1791542981247,KAIAUSDT,Buy,2720,0.05377,"{""T"":1791542981247,""s"":""KAIAUSDT"",""S"":""Buy"",""v"":""2720"",""p"":""0.05377""}"
2026-10-09T10:49:44.929238Z,1791542984718,DOGEUSDT,Buy,1879,0.08353,"{""T"":1791542984718,""s"":""DOGEUSDT"",""S"":""Buy"",""v"":""1879"",""p"":""0.08353""}"
2026-10-09T10:49:45.339835Z,1791542985011,KAIAUSDT,Buy,3403,0.05361,"{""T"":1791542985011,""s"":""KAIAUSDT"",""S"":""Buy"",""v"":""3403"",""p"":""0.05361""}"
2026-10-09T10:49:45.840162Z,1791542985417,KAIAUSDT,Buy,1760,0.05366,"{""T"":1791542985417,""s"":""KAIAUSDT"",""S"":""Buy"",""v"":""1760"",""p"":""0.05366""}"
2026-10-09T10:49:45.970766Z,1791542985779,ETHUSDT,Buy,0.07,2481.08,"{""T"":1791542985779,""s"":""ETHUSDT"",""S"":""Buy"",""v"":""0.07"",""p"":""2481.08""}"
2026-10-09T10:49:46.149978Z,1791542986018,OGNUSDT,Sell,415,0.038246,"{""T"":1791542986018,""s"":""OGNUSDT"",""S"":""Sell"",""v"":""415"",""p"":""0.038246""}"
2026-10-09T10:49:46.339769Z,1791542986017,KAIAUSDT,Buy,3134,0.05350,"{""T"":1791542986017,""s"":""KAIAUSDT"",""S"":""Buy"",""v"":""3134"",""p"":""0.05350""}"
2026-10-09T10:49:46.339769Z,1791542986018,KAIAUSDT,Buy,727,0.05338,"{""T"":1791542986018,""s"":""KAIAUSDT"",""S"":""Buy"",""v"":""727"",""p"":""0.05338""}"
2026-10-09T10:49:46.339769Z,1791542986064,KAIAUSDT,Buy,1025,0.05352,"{""T"":1791542986064,""s"":""KAIAUSDT"",""S"":""Buy"",""v"":""1025"",""p"":""0.05352""}"
2026-10-09T10:49:48.352354Z,1791542987837,XRPUSDT,Buy,379.9,1.3806,"{""T"":1791542987837,""s"":""XRPUSDT"",""S"":""Buy"",""v"":""379.9"",""p"":""1.3806""}"
2026-10-09T10:49:48.428690Z,1791542988072,ZECUSDT,Buy,0.01,1209.79,"{""T"":1791542988072,""s"":""ZECUSDT"",""S"":""Buy"",""v"":""0.01"",""p"":""1209.79""}"
2026-10-09T10:49:48.929035Z,1791542988346,ZECUSDT,Buy,0.22,1209.15,"{""T"":1791542988346,""s"":""ZECUSDT"",""S"":""Buy"",""v"":""0.22"",""p"":""1209.15""}"
2026-10-09T10:49:52.471850Z,1791542992104,ETHUSDT,Buy,1.14,2480.31,"{""T"":1791542992104,""s"":""ETHUSDT"",""S"":""Buy"",""v"":""1.14"",""p"":""2480.31""}"
2026-10-09T10:49:55.501707Z,1791542995147,USUSDT,Sell,50150,0.030370,"{""T"":1791542995147,""s"":""USUSDT"",""S"":""Sell"",""v"":""50150"",""p"":""0.030370""}"
2026-10-09T10:49:56.970932Z,1791542996796,ETHUSDT,Buy,0.20,2480.25,"{""T"":1791542996796,""s"":""ETHUSDT"",""S"":""Buy"",""v"":""0.20"",""p"":""2480.25""}"
2026-10-09T10:49:58.827862Z,1791542998664,HYPEUSDT,Buy,40.16,85.010,"{""T"":1791542998664,""s"":""HYPEUSDT"",""S"":""Buy"",""v"":""40.16"",""p"":""85.010""}"
2026-10-09T10:49:59.471710Z,1791542999328,ETHUSDT,Buy,3.87,2480.15,"{""T"":1791542999328,""s"":""ETHUSDT"",""S"":""Buy"",""v"":""3.87"",""p"":""2480.15""}"
2026-10-09T10:50:03.470722Z,1791543003201,ETHUSDT,Buy,1.47,2479.74,"{""T"":1791543003201,""s"":""ETHUSDT"",""S"":""Buy"",""v"":""1.47"",""p"":""2479.74""}"
2026-10-09T10:50:03.470722Z,1791543003249,ETHUSDT,Buy,27.35,2479.63,"{""T"":1791543003249,""s"":""ETHUSDT"",""S"":""Buy"",""v"":""27.35"",""p"":""2479.63""}"
2026-10-09T10:50:04.355867Z,1791543003990,XRPUSDT,Buy,14.2,1.3784,"{""T"":1791543003990,""s"":""XRPUSDT"",""S"":""Buy"",""v"":""14.2"",""p"":""1.3784""}"
2026-10-09T10:50:04.863578Z,1791543004638,SANDUSDT,Buy,2500,0.06603,"{""T"":1791543004638,""s"":""SANDUSDT"",""S"":""Buy"",""v"":""2500"",""p"":""0.06603""}"
2026-10-09T10:50:04.874005Z,1791543004638,WLDUSDT,Buy,3500.0,0.4858,"{""T"":1791543004638,""s"":""WLDUSDT"",""S"":""Buy"",""v"":""3500.0"",""p"":""0.4858""}"
2026-10-09T10:50:05.012964Z,1791543004638,INJUSDT,Buy,200.0,6.9240,"{""T"":1791543004638,""s"":""INJUSDT"",""S"":""Buy"",""v"":""200.0"",""p"":""6.9240""}"
2026-10-09T10:50:05.030771Z,1791543004638,NEARUSDT,Buy,275.0,4.7160,"{""T"":1791543004638,""s"":""NEARUSDT"",""S"":""Buy"",""v"":""275.0"",""p"":""4.7160""}"
2026-10-09T10:50:05.530697Z,1791543004933,NEARUSDT,Buy,28.5,4.7150,"{""T"":1791543004933,""s"":""NEARUSDT"",""S"":""Buy"",""v"":""28.5"",""p"":""4.7150""}"
2026-10-09T10:50:06.340649Z,1791543006067,VVVUSDT,Buy,1.55,21.7590,"{""T"":1791543006067,""s"":""VVVUSDT"",""S"":""Buy"",""v"":""1.55"",""p"":""21.7590""}"
2026-10-09T10:50:06.353389Z,1791543006178,XRPUSDT,Buy,5000.0,1.3769,"{""T"":1791543006178,""s"":""XRPUSDT"",""S"":""Buy"",""v"":""5000.0"",""p"":""1.3769""}"
2026-10-09T10:50:06.502043Z,1791543006067,XAUUSDT,Buy,0.032,4169.77,"{""T"":1791543006067,""s"":""XAUUSDT"",""S"":""Buy"",""v"":""0.032"",""p"":""4169.77""}"
2026-10-09T10:50:06.577216Z,1791543005997,SOLUSDT,Buy,7.2,108.850,"{""T"":1791543005997,""s"":""SOLUSDT"",""S"":""Buy"",""v"":""7.2"",""p"":""108.850""}"
2026-10-09T10:50:06.577216Z,1791543006178,SOLUSDT,Buy,50.0,108.840,"{""T"":1791543006178,""s"":""SOLUSDT"",""S"":""Buy"",""v"":""50.0"",""p"":""108.840""}"
2026-10-09T10:50:06.577216Z,1791543006235,SOLUSDT,Buy,0.1,108.850,"{""T"":1791543006235,""s"":""SOLUSDT"",""S"":""Buy"",""v"":""0.1"",""p"":""108.850""}"
2026-10-09T10:50:06.577216Z,1791543006405,SOLUSDT,Buy,0.7,108.840,"{""T"":1791543006405,""s"":""SOLUSDT"",""S"":""Buy"",""v"":""0.7"",""p"":""108.840""}"
2026-10-09T10:50:06.856931Z,1791543006504,XRPUSDT,Buy,42.2,1.3772,"{""T"":1791543006504,""s"":""XRPUSDT"",""S"":""Buy"",""v"":""42.2"",""p"":""1.3772""}"
2026-10-09T10:50:07.077350Z,1791543006819,SOLUSDT,Buy,30.4,108.850,"{""T"":1791543006819,""s"":""SOLUSDT"",""S"":""Buy"",""v"":""30.4"",""p"":""108.850""}"
2026-10-09T10:50:07.470885Z,1791543007111,ETHUSDT,Buy,1.34,2479.20,"{""T"":1791543007111,""s"":""ETHUSDT"",""S"":""Buy"",""v"":""1.34"",""p"":""2479.20""}"
2026-10-09T10:50:08.428836Z,1791543008300,DOGEUSDT,Buy,2618,0.08344,"{""T"":1791543008300,""s"":""DOGEUSDT"",""S"":""Buy"",""v"":""2618"",""p"":""0.08344""}"
2026-10-09T10:50:08.470828Z,1791543007979,ETHUSDT,Buy,0.04,2479.14,"{""T"":1791543007979,""s"":""ETHUSDT"",""S"":""Buy"",""v"":""0.04"",""p"":""2479.14""}"
2026-10-09T10:50:12.352076Z,1791543011900,XRPUSDT,Buy,2500.0,1.3764,"{""T"":1791543011900,""s"":""XRPUSDT"",""S"":""Buy"",""v"":""2500.0"",""p"":""1.3764""}"
2026-10-09T10:50:12.852594Z,1791543012549,XRPUSDT,Buy,356.6,1.3767,"{""T"":1791543012549,""s"":""XRPUSDT"",""S"":""Buy"",""v"":""356.6"",""p"":""1.3767""}"
2026-10-09T10:50:12.852594Z,1791543012699,XRPUSDT,Buy,13925.1,1.3766,"{""T"":1791543012699,""s"":""XRPUSDT"",""S"":""Buy"",""v"":""13925.1"",""p"":""1.3766""}"
2026-10-09T10:50:14.030872Z,1791543013799,TAOUSDT,Buy,4.444,269.25,"{""T"":1791543013799,""s"":""TAOUSDT"",""S"":""Buy"",""v"":""4.444"",""p"":""269.25""}"
2026-10-09T10:50:16.351977Z,1791543015922,XRPUSDT,Buy,6903.9,1.3742,"{""T"":1791543015922,""s"":""XRPUSDT"",""S"":""Buy"",""v"":""6903.9"",""p"":""1.3742""}"
2026-10-09T10:50:16.351977Z,1791543016158,XRPUSDT,Buy,86.4,1.3751,"{""T"":1791543016158,""s"":""XRPUSDT"",""S"":""Buy"",""v"":""86.4"",""p"":""1.3751""}"
2026-10-09T10:50:16.351977Z,1791543016225,XRPUSDT,Buy,16240.1,1.3754,"{""T"":1791543016225,""s"":""XRPUSDT"",""S"":""Buy"",""v"":""16240.1"",""p"":""1.3754""}"
2026-10-09T10:50:16.852980Z,1791543016292,XRPUSDT,Buy,143.4,1.3740,"{""T"":1791543016292,""s"":""XRPUSDT"",""S"":""Buy"",""v"":""143.4"",""p"":""1.3740""}"
2026-10-09T10:50:16.852980Z,1791543016485,XRPUSDT,Buy,2500.0,1.3744,"{""T"":1791543016485,""s"":""XRPUSDT"",""S"":""Buy"",""v"":""2500.0"",""p"":""1.3744""}"
2026-10-09T10:50:16.852980Z,1791543016598,XRPUSDT,Buy,243.3,1.3758,"{""T"":1791543016598,""s"":""XRPUSDT"",""S"":""Buy"",""v"":""243.3"",""p"":""1.3758""}"
2026-10-09T10:50:16.852980Z,1791543016727,XRPUSDT,Buy,1182.1,1.3751,"{""T"":1791543016727,""s"":""XRPUSDT"",""S"":""Buy"",""v"":""1182.1"",""p"":""1.3751""}"
2026-10-09T10:50:16.971737Z,1791543016489,QNTUSDT,Buy,0.06,238.79,"{""T"":1791543016489,""s"":""QNTUSDT"",""S"":""Buy"",""v"":""0.06"",""p"":""238.79""}"
2026-10-09T10:50:18.340154Z,1791543018032,KAIAUSDT,Buy,7451,0.05270,"{""T"":1791543018032,""s"":""KAIAUSDT"",""S"":""Buy"",""v"":""7451"",""p"":""0.05270""}"
2026-10-09T10:50:19.839845Z,1791543019504,KAIAUSDT,Buy,2502,0.05265,"{""T"":1791543019504,""s"":""KAIAUSDT"",""S"":""Buy"",""v"":""2502"",""p"":""0.05265""}"
2026-10-09T10:50:21.340758Z,1791543021200,KAIAUSDT,Buy,400,0.05250,"{""T"":1791543021200,""s"":""KAIAUSDT"",""S"":""Buy"",""v"":""400"",""p"":""0.05250""}"
2026-10-09T10:50:46.852315Z,1791543046609,AAVEUSDT,Buy,1.60,163.23,"{""T"":1791543046609,""s"":""AAVEUSDT"",""S"":""Buy"",""v"":""1.60"",""p"":""163.23""}"
2026-10-09T10:50:55.339818Z,1791543054754,KAIAUSDT,Buy,6036,0.05234,"{""T"":1791543054754,""s"":""KAIAUSDT"",""S"":""Buy"",""v"":""6036"",""p"":""0.05234""}"
2026-10-09T10:51:06.001872Z,1791543065619,USUSDT,Sell,200,0.030580,"{""T"":1791543065619,""s"":""USUSDT"",""S"":""Sell"",""v"":""200"",""p"":""0.030580""}"
2026-10-09T10:51:06.501996Z,1791543065904,USUSDT,Sell,3450,0.030580,"{""T"":1791543065904,""s"":""USUSDT"",""S"":""Sell"",""v"":""3450"",""p"":""0.030580""}"
2026-10-09T10:51:15.842324Z,1791543075589,KAIAUSDT,Sell,1606,0.05428,"{""T"":1791543075589,""s"":""KAIAUSDT"",""S"":""Sell"",""v"":""1606"",""p"":""0.05428""}"
2026-10-09T10:51:17.928659Z,1791543077433,UNIUSDT,Sell,1.0,7.368,"{""T"":1791543077433,""s"":""UNIUSDT"",""S"":""Sell"",""v"":""1.0"",""p"":""7.368""}"
2026-10-09T10:51:18.003636Z,1791543077433,USUSDT,Sell,2470,0.030650,"{""T"":1791543077433,""s"":""USUSDT"",""S"":""Sell"",""v"":""2470"",""p"":""0.030650""}"
2026-10-09T10:51:18.031156Z,1791543077433,AVAXUSDT,Buy,2.0,10.248,"{""T"":1791543077433,""s"":""AVAXUSDT"",""S"":""Buy"",""v"":""2.0"",""p"":""10.248""}"
2026-10-09T10:51:20.001305Z,1791543079634,USUSDT,Sell,21600,0.030730,"{""T"":1791543079634,""s"":""USUSDT"",""S"":""Sell"",""v"":""21600"",""p"":""0.030730""}"
2026-10-09T10:51:20.502101Z,1791543079959,USUSDT,Sell,2300,0.030720,"{""T"":1791543079959,""s"":""USUSDT"",""S"":""Sell"",""v"":""2300"",""p"":""0.030720""}"
2026-10-09T10:52:40.867405Z,1791543160424,SANDUSDT,Sell,21990,0.06798,"{""T"":1791543160424,""s"":""SANDUSDT"",""S"":""Sell"",""v"":""21990"",""p"":""0.06798""}"
2026-10-09T10:54:01.002192Z,1791543240492,USUSDT,Sell,93070,0.030780,"{""T"":1791543240492,""s"":""USUSDT"",""S"":""Sell"",""v"":""93070"",""p"":""0.030780""}"
2026-10-09T10:54:01.002192Z,1791543240788,USUSDT,Sell,186250,0.030790,"{""T"":1791543240788,""s"":""USUSDT"",""S"":""Sell"",""v"":""186250"",""p"":""0.030790""}"
2026-10-09T10:54:06.340313Z,1791543245922,KAIAUSDT,Sell,57330,0.05519,"{""T"":1791543245922,""s"":""KAIAUSDT"",""S"":""Sell"",""v"":""57330"",""p"":""0.05519""}"
2026-10-09T10:54:14.839768Z,1791543254691,KAIAUSDT,Sell,4801,0.05536,"{""T"":1791543254691,""s"":""KAIAUSDT"",""S"":""Sell"",""v"":""4801"",""p"":""0.05536""}"
2026-10-09T10:55:01.340399Z,1791543300873,KAIAUSDT,Sell,200,0.05582,"{""T"":1791543300873,""s"":""KAIAUSDT"",""S"":""Sell"",""v"":""200"",""p"":""0.05582""}"
2026-10-09T10:55:25.841754Z,1791543325273,KAIAUSDT,Sell,89532,0.05603,"{""T"":1791543325273,""s"":""KAIAUSDT"",""S"":""Sell"",""v"":""89532"",""p"":""0.05603""}"
2026-10-09T10:55:27.340215Z,1791543327023,KAIAUSDT,Sell,533,0.05608,"{""T"":1791543327023,""s"":""KAIAUSDT"",""S"":""Sell"",""v"":""533"",""p"":""0.05608""}"
2026-10-09T10:55:53.340668Z,1791543353200,VVVUSDT,Buy,16.80,21.7390,"{""T"":1791543353200,""s"":""VVVUSDT"",""S"":""Buy"",""v"":""16.80"",""p"":""21.7390""}"
2026-10-09T10:57:38.340106Z,1791543458238,KAIAUSDT,Sell,1750,0.05602,"{""T"":1791543458238,""s"":""KAIAUSDT"",""S"":""Sell"",""v"":""1750"",""p"":""0.05602""}"
2026-10-09T10:57:40.511918Z,1791543460232,RLCUSDT,Sell,955.4,1.0985,"{""T"":1791543460232,""s"":""RLCUSDT"",""S"":""Sell"",""v"":""955.4"",""p"":""1.0985""}"
2026-10-09T10:58:05.844094Z,1791543485461,JCTUSDT,Buy,15200,0.0022410,"{""T"":1791543485461,""s"":""JCTUSDT"",""S"":""Buy"",""v"":""15200"",""p"":""0.0022410""}"
2026-10-09T10:58:55.840193Z,1791543535703,KAIAUSDT,Sell,5239,0.05634,"{""T"":1791543535703,""s"":""KAIAUSDT"",""S"":""Sell"",""v"":""5239"",""p"":""0.05634""}"
2026-10-09T10:59:09.151037Z,1791543548729,STRKUSDT,Buy,85.3,0.07264,"{""T"":1791543548729,""s"":""STRKUSDT"",""S"":""Buy"",""v"":""85.3"",""p"":""0.07264""}"
2026-10-09T10:59:09.339919Z,1791543548858,KAIAUSDT,Buy,1280,0.05401,"{""T"":1791543548858,""s"":""KAIAUSDT"",""S"":""Buy"",""v"":""1280"",""p"":""0.05401""}"
2026-10-09T10:59:28.340636Z,1791543567906,KAIAUSDT,Buy,4723,0.05356,"{""T"":1791543567906,""s"":""KAIAUSDT"",""S"":""Buy"",""v"":""4723"",""p"":""0.05356""}"
2026-10-09T10:59:29.340948Z,1791543569034,KAIAUSDT,Buy,412,0.05349,"{""T"":1791543569034,""s"":""KAIAUSDT"",""S"":""Buy"",""v"":""412"",""p"":""0.05349""}"
2026-10-09T10:59:41.501960Z,1791543581036,USUSDT,Buy,640,0.028490,"{""T"":1791543581036,""s"":""USUSDT"",""S"":""Buy"",""v"":""640"",""p"":""0.028490""}"
2026-10-09T10:59:43.501572Z,1791543582981,USUSDT,Buy,350,0.028430,"{""T"":1791543582981,""s"":""USUSDT"",""S"":""Buy"",""v"":""350"",""p"":""0.028430""}"
2026-10-09T10:59:56.842925Z,1791543596444,KAIAUSDT,Buy,18,0.05340,"{""T"":1791543596444,""s"":""KAIAUSDT"",""S"":""Buy"",""v"":""18"",""p"":""0.05340""}"
2026-10-09T11:00:14.011408Z,1791543613665,RLCUSDT,Buy,104.9,1.0086,"{""T"":1791543613665,""s"":""RLCUSDT"",""S"":""Buy"",""v"":""104.9"",""p"":""1.0086""}"
2026-10-09T11:00:14.011408Z,1791543613877,RLCUSDT,Buy,53.5,1.0115,"{""T"":1791543613877,""s"":""RLCUSDT"",""S"":""Buy"",""v"":""53.5"",""p"":""1.0115""}"
2026-10-09T11:00:32.344267Z,1791543632158,KAIAUSDT,Sell,18484,0.05569,"{""T"":1791543632158,""s"":""KAIAUSDT"",""S"":""Sell"",""v"":""18484"",""p"":""0.05569""}"
2026-10-09T11:00:33.001512Z,1791543632693,USUSDT,Buy,290,0.028340,"{""T"":1791543632693,""s"":""USUSDT"",""S"":""Buy"",""v"":""290"",""p"":""0.028340""}"
2026-10-09T11:00:33.501657Z,1791543633233,USUSDT,Buy,1720,0.028360,"{""T"":1791543633233,""s"":""USUSDT"",""S"":""Buy"",""v"":""1720"",""p"":""0.028360""}"
2026-10-09T11:00:39.840107Z,1791543639243,KAIAUSDT,Sell,893,0.05575,"{""T"":1791543639243,""s"":""KAIAUSDT"",""S"":""Sell"",""v"":""893"",""p"":""0.05575""}"
2026-10-09T11:00:40.841589Z,1791543640299,KAIAUSDT,Sell,6175,0.05592,"{""T"":1791543640299,""s"":""KAIAUSDT"",""S"":""Sell"",""v"":""6175"",""p"":""0.05592""}"
2026-10-09T11:01:17.150593Z,1791543676858,STRKUSDT,Buy,4061.1,0.07246,"{""T"":1791543676858,""s"":""STRKUSDT"",""S"":""Buy"",""v"":""4061.1"",""p"":""0.07246""}"
2026-10-09T11:01:37.331345Z,1791543697139,PUMPFUNUSDT,Sell,6400,0.0057060,"{""T"":1791543697139,""s"":""PUMPFUNUSDT"",""S"":""Sell"",""v"":""6400"",""p"":""0.0057060""}"
2026-10-09T11:01:37.501403Z,1791543697139,USUSDT,Buy,240,0.028200,"{""T"":1791543697139,""s"":""USUSDT"",""S"":""Buy"",""v"":""240"",""p"":""0.028200""}"
2026-10-09T11:01:59.366564Z,1791543719089,SANDUSDT,Buy,15585,0.06688,"{""T"":1791543719089,""s"":""SANDUSDT"",""S"":""Buy"",""v"":""15585"",""p"":""0.06688""}"
2026-10-09T11:02:31.501251Z,1791543750996,USUSDT,Buy,7760,0.028090,"{""T"":1791543750996,""s"":""USUSDT"",""S"":""Buy"",""v"":""7760"",""p"":""0.028090""}"
2026-10-09T11:02:44.650570Z,1791543764209,STRKUSDT,Buy,6000.0,0.07180,"{""T"":1791543764209,""s"":""STRKUSDT"",""S"":""Buy"",""v"":""6000.0"",""p"":""0.07180""}"
2026-10-09T11:02:44.650570Z,1791543764462,STRKUSDT,Buy,17113.9,0.07183,"{""T"":1791543764462,""s"":""STRKUSDT"",""S"":""Buy"",""v"":""17113.9"",""p"":""0.07183""}"
2026-10-09T11:03:18.649948Z,1791543798433,OGNUSDT,Sell,218,0.038775,"{""T"":1791543798433,""s"":""OGNUSDT"",""S"":""Sell"",""v"":""218"",""p"":""0.038775""}"
2026-10-09T11:03:18.840069Z,1791543798433,KAIAUSDT,Sell,2651,0.05612,"{""T"":1791543798433,""s"":""KAIAUSDT"",""S"":""Sell"",""v"":""2651"",""p"":""0.05612""}"
2026-10-09T11:03:38.150079Z,1791543817683,OGNUSDT,Sell,1900,0.038975,"{""T"":1791543817683,""s"":""OGNUSDT"",""S"":""Sell"",""v"":""1900"",""p"":""0.038975""}"
2026-10-09T11:03:40.001414Z,1791543819784,USUSDT,Sell,15490,0.030180,"{""T"":1791543819784,""s"":""USUSDT"",""S"":""Sell"",""v"":""15490"",""p"":""0.030180""}"
2026-10-09T11:03:40.339908Z,1791543819784,KAIAUSDT,Sell,17296,0.05611,"{""T"":1791543819784,""s"":""KAIAUSDT"",""S"":""Sell"",""v"":""17296"",""p"":""0.05611""}"
2026-10-09T11:03:43.843274Z,1791543823440,JCTUSDT,Sell,21600,0.0024200,"{""T"":1791543823440,""s"":""JCTUSDT"",""S"":""Sell"",""v"":""21600"",""p"":""0.0024200""}"
2026-10-09T11:03:46.031680Z,1791543825852,ALGOUSDT,Buy,136.6,0.11510,"{""T"":1791543825852,""s"":""ALGOUSDT"",""S"":""Buy"",""v"":""136.6"",""p"":""0.11510""}"
2026-10-09T11:03:52.874735Z,1791543832302,APTUSDT,Buy,1794.29,0.8004,"{""T"":1791543832302,""s"":""APTUSDT"",""S"":""Buy"",""v"":""1794.29"",""p"":""0.8004""}"
2026-10-09T11:04:23.840108Z,1791543863687,KAIAUSDT,Sell,1269,0.05603,"{""T"":1791543863687,""s"":""KAIAUSDT"",""S"":""Sell"",""v"":""1269"",""p"":""0.05603""}"
2026-10-09T11:04:40.650383Z,1791543880474,STRKUSDT,Sell,25078.6,0.07423,"{""T"":1791543880474,""s"":""STRKUSDT"",""S"":""Sell"",""v"":""25078.6"",""p"":""0.07423""}"
2026-10-09T11:04:44.649924Z,1791543884076,OGNUSDT,Sell,18707,0.039061,"{""T"":1791543884076,""s"":""OGNUSDT"",""S"":""Sell"",""v"":""18707"",""p"":""0.039061""}"
2026-10-09T11:05:05.002170Z,1791543904423,XAUUSDT,Buy,0.018,4168.29,"{""T"":1791543904423,""s"":""XAUUSDT"",""S"":""Buy"",""v"":""0.018"",""p"":""4168.29""}"
2026-10-09T11:05:46.341307Z,1791543946154,KAIAUSDT,Sell,271,0.05672,"{""T"":1791543946154,""s"":""KAIAUSDT"",""S"":""Sell"",""v"":""271"",""p"":""0.05672""}"
2026-10-09T11:05:47.340413Z,1791543947055,KAIAUSDT,Sell,450,0.05679,"{""T"":1791543947055,""s"":""KAIAUSDT"",""S"":""Sell"",""v"":""450"",""p"":""0.05679""}"
2026-10-09T11:05:53.650080Z,1791543953092,STRKUSDT,Sell,13238.4,0.07473,"{""T"":1791543953092,""s"":""STRKUSDT"",""S"":""Sell"",""v"":""13238.4"",""p"":""0.07473""}"
2026-10-09T11:05:54.001578Z,1791543953529,USUSDT,Sell,6940,0.030350,"{""T"":1791543953529,""s"":""USUSDT"",""S"":""Sell"",""v"":""6940"",""p"":""0.030350""}"
2026-10-09T11:05:54.001578Z,1791543953837,USUSDT,Sell,6070,0.030280,"{""T"":1791543953837,""s"":""USUSDT"",""S"":""Sell"",""v"":""6070"",""p"":""0.030280""}"
2026-10-09T11:06:28.650561Z,1791543988312,OGNUSDT,Sell,1988,0.039142,"{""T"":1791543988312,""s"":""OGNUSDT"",""S"":""Sell"",""v"":""1988"",""p"":""0.039142""}"
2026-10-09T11:07:01.840080Z,1791544021546,KAIAUSDT,Buy,26118,0.05446,"{""T"":1791544021546,""s"":""KAIAUSDT"",""S"":""Buy"",""v"":""26118"",""p"":""0.05446""}"
2026-10-09T11:07:10.827379Z,1791544030266,PUMPFUNUSDT,Sell,1200,0.0057330,"{""T"":1791544030266,""s"":""PUMPFUNUSDT"",""S"":""Sell"",""v"":""1200"",""p"":""0.0057330""}"
2026-10-09T11:07:38.498055Z,1791544057897,QNTUSDT,Sell,0.29,247.16,"{""T"":1791544057897,""s"":""QNTUSDT"",""S"":""Sell"",""v"":""0.29"",""p"":""247.16""}"
2026-10-09T11:07:42.840663Z,1791544062405,KAIAUSDT,Buy,18,0.05380,"{""T"":1791544062405,""s"":""KAIAUSDT"",""S"":""Buy"",""v"":""18"",""p"":""0.05380""}"
2026-10-09T11:08:35.653912Z,1791544115058,STRKUSDT,Sell,8603.9,0.07487,"{""T"":1791544115058,""s"":""STRKUSDT"",""S"":""Sell"",""v"":""8603.9"",""p"":""0.07487""}"
2026-10-09T11:08:41.149759Z,1791544120761,STRKUSDT,Sell,16790.0,0.07493,"{""T"":1791544120761,""s"":""STRKUSDT"",""S"":""Sell"",""v"":""16790.0"",""p"":""0.07493""}"
2026-10-09T11:08:45.530927Z,1791544125356,NEARUSDT,Sell,40.7,4.8220,"{""T"":1791544125356,""s"":""NEARUSDT"",""S"":""Sell"",""v"":""40.7"",""p"":""4.8220""}"
2026-10-09T11:09:39.863519Z,1791544179737,SANDUSDT,Buy,800,0.06659,"{""T"":1791544179737,""s"":""SANDUSDT"",""S"":""Buy"",""v"":""800"",""p"":""0.06659""}"
2026-10-09T11:11:27.840293Z,1791544287325,FARTCOINUSDT,Buy,266,0.16006,"{""T"":1791544287325,""s"":""FARTCOINUSDT"",""S"":""Buy"",""v"":""266"",""p"":""0.16006""}"
2026-10-09T11:11:59.150217Z,1791544318912,STRKUSDT,Buy,782.4,0.07253,"{""T"":1791544318912,""s"":""STRKUSDT"",""S"":""Buy"",""v"":""782.4"",""p"":""0.07253""}"
2026-10-09T11:12:09.843196Z,1791544329566,KAIAUSDT,Sell,146,0.05551,"{""T"":1791544329566,""s"":""KAIAUSDT"",""S"":""Sell"",""v"":""146"",""p"":""0.05551""}"
2026-10-09T11:12:11.341855Z,1791544330986,KAIAUSDT,Sell,41794,0.05566,"{""T"":1791544330986,""s"":""KAIAUSDT"",""S"":""Sell"",""v"":""41794"",""p"":""0.05566""}"
2026-10-09T11:13:25.840377Z,1791544405548,KAIAUSDT,Sell,6387,0.05568,"{""T"":1791544405548,""s"":""KAIAUSDT"",""S"":""Sell"",""v"":""6387"",""p"":""0.05568""}"
2026-10-09T11:14:24.840314Z,1791544464411,KAIAUSDT,Sell,377,0.05616,"{""T"":1791544464411,""s"":""KAIAUSDT"",""S"":""Sell"",""v"":""377"",""p"":""0.05616""}"
2026-10-09T11:14:37.578514Z,1791544477084,XMRUSDT,Sell,0.19,543.11,"{""T"":1791544477084,""s"":""XMRUSDT"",""S"":""Sell"",""v"":""0.19"",""p"":""543.11""}"
2026-10-09T11:15:45.340166Z,1791544544916,KAIAUSDT,Sell,5906,0.05666,"{""T"":1791544544916,""s"":""KAIAUSDT"",""S"":""Sell"",""v"":""5906"",""p"":""0.05666""}"
2026-10-09T11:15:48.840042Z,1791544548732,KAIAUSDT,Sell,22691,0.05680,"{""T"":1791544548732,""s"":""KAIAUSDT"",""S"":""Sell"",""v"":""22691"",""p"":""0.05680""}"
2026-10-09T11:16:32.844057Z,1791544592566,KAIAUSDT,Sell,4954,0.05683,"{""T"":1791544592566,""s"":""KAIAUSDT"",""S"":""Sell"",""v"":""4954"",""p"":""0.05683""}"
2026-10-09T11:16:54.341940Z,1791544614000,KAIAUSDT,Sell,1034,0.05737,"{""T"":1791544614000,""s"":""KAIAUSDT"",""S"":""Sell"",""v"":""1034"",""p"":""0.05737""}"
2026-10-09T11:16:58.339881Z,1791544618149,KAIAUSDT,Sell,684,0.05756,"{""T"":1791544618149,""s"":""KAIAUSDT"",""S"":""Sell"",""v"":""684"",""p"":""0.05756""}"
2026-10-09T11:17:14.031170Z,1791544633906,NEARUSDT,Sell,3.2,4.8540,"{""T"":1791544633906,""s"":""NEARUSDT"",""S"":""Sell"",""v"":""3.2"",""p"":""4.8540""}"
2026-10-09T11:17:34.863588Z,1791544654569,SANDUSDT,Buy,2449,0.06680,"{""T"":1791544654569,""s"":""SANDUSDT"",""S"":""Buy"",""v"":""2449"",""p"":""0.06680""}"
2026-10-09T11:17:39.839858Z,1791544659448,KAIAUSDT,Buy,5069,0.05498,"{""T"":1791544659448,""s"":""KAIAUSDT"",""S"":""Buy"",""v"":""5069"",""p"":""0.05498""}"
2026-10-09T11:18:01.002142Z,1791544680578,USUSDT,Buy,340,0.028330,"{""T"":1791544680578,""s"":""USUSDT"",""S"":""Buy"",""v"":""340"",""p"":""0.028330""}"
2026-10-09T11:19:38.428700Z,1791544778305,ZECUSDT,Sell,0.56,1234.74,"{""T"":1791544778305,""s"":""ZECUSDT"",""S"":""Sell"",""v"":""0.56"",""p"":""1234.74""}"
2026-10-09T11:19:49.840349Z,1791544789623,KAIAUSDT,Sell,14727,0.05788,"{""T"":1791544789623,""s"":""KAIAUSDT"",""S"":""Sell"",""v"":""14727"",""p"":""0.05788""}"
2026-10-09T11:20:04.340333Z,1791544804065,KAIAUSDT,Sell,12763,0.05809,"{""T"":1791544804065,""s"":""KAIAUSDT"",""S"":""Sell"",""v"":""12763"",""p"":""0.05809""}"
2026-10-09T11:20:04.340333Z,1791544804151,KAIAUSDT,Sell,3766,0.05807,"{""T"":1791544804151,""s"":""KAIAUSDT"",""S"":""Sell"",""v"":""3766"",""p"":""0.05807""}"
2026-10-09T11:20:18.001768Z,1791544817690,SOXLUSDT,Sell,10.35,150.08,"{""T"":1791544817690,""s"":""SOXLUSDT"",""S"":""Sell"",""v"":""10.35"",""p"":""150.08""}"
2026-10-09T11:21:12.340857Z,1791544871822,KAIAUSDT,Buy,36919,0.05509,"{""T"":1791544871822,""s"":""KAIAUSDT"",""S"":""Buy"",""v"":""36919"",""p"":""0.05509""}"
2026-10-09T11:21:37.840393Z,1791544897618,KAIAUSDT,Buy,908,0.05437,"{""T"":1791544897618,""s"":""KAIAUSDT"",""S"":""Buy"",""v"":""908"",""p"":""0.05437""}"
2026-10-09T11:22:04.505040Z,1791544924387,USUSDT,Buy,660,0.027880,"{""T"":1791544924387,""s"":""USUSDT"",""S"":""Buy"",""v"":""660"",""p"":""0.027880""}"
2026-10-09T11:22:10.340563Z,1791544930183,KAIAUSDT,Sell,810,0.05635,"{""T"":1791544930183,""s"":""KAIAUSDT"",""S"":""Sell"",""v"":""810"",""p"":""0.05635""}"
2026-10-09T11:22:15.001293Z,1791544934407,USUSDT,Buy,1660,0.027850,"{""T"":1791544934407,""s"":""USUSDT"",""S"":""Buy"",""v"":""1660"",""p"":""0.027850""}"
2026-10-09T11:22:25.501944Z,1791544945110,USUSDT,Buy,11800,0.027800,"{""T"":1791544945110,""s"":""USUSDT"",""S"":""Buy"",""v"":""11800"",""p"":""0.027800""}"
2026-10-09T11:22:38.002045Z,1791544957556,USUSDT,Buy,1290,0.027710,"{""T"":1791544957556,""s"":""USUSDT"",""S"":""Buy"",""v"":""1290"",""p"":""0.027710""}"
2026-10-09T11:22:38.650215Z,1791544958431,OGNUSDT,Buy,2387,0.036569,"{""T"":1791544958431,""s"":""OGNUSDT"",""S"":""Buy"",""v"":""2387"",""p"":""0.036569""}"
2026-10-09T11:22:40.501596Z,1791544959950,USUSDT,Buy,37870,0.027640,"{""T"":1791544959950,""s"":""USUSDT"",""S"":""Buy"",""v"":""37870"",""p"":""0.027640""}"
2026-10-09T11:23:17.150514Z,1791544996708,STRKUSDT,Sell,475.1,0.07564,"{""T"":1791544996708,""s"":""STRKUSDT"",""S"":""Sell"",""v"":""475.1"",""p"":""0.07564""}"
2026-10-09T11:23:30.650494Z,1791545010100,STRKUSDT,Sell,237.5,0.07576,"{""T"":1791545010100,""s"":""STRKUSDT"",""S"":""Sell"",""v"":""237.5"",""p"":""0.07576""}"
2026-10-09T11:23:42.340368Z,1791545022142,KAIAUSDT,Buy,7093,0.05437,"{""T"":1791545022142,""s"":""KAIAUSDT"",""S"":""Buy"",""v"":""7093"",""p"":""0.05437""}"
2026-10-09T11:24:36.863484Z,1791545076393,SANDUSDT,Sell,1581,0.06854,"{""T"":1791545076393,""s"":""SANDUSDT"",""S"":""Sell"",""v"":""1581"",""p"":""0.06854""}"
2026-10-09T11:25:02.344198Z,1791545102201,JCTUSDT,Sell,7200,0.0024920,"{""T"":1791545102201,""s"":""JCTUSDT"",""S"":""Sell"",""v"":""7200"",""p"":""0.0024920""}"
2026-10-09T11:25:15.840246Z,1791545115730,KAIAUSDT,Sell,146,0.05628,"{""T"":1791545115730,""s"":""KAIAUSDT"",""S"":""Sell"",""v"":""146"",""p"":""0.05628""}"
2026-10-09T11:25:37.863264Z,1791545137647,SANDUSDT,Sell,31988,0.06899,"{""T"":1791545137647,""s"":""SANDUSDT"",""S"":""Sell"",""v"":""31988"",""p"":""0.06899""}"
2026-10-09T11:25:39.340278Z,1791545139187,KAIAUSDT,Sell,160,0.05657,"{""T"":1791545139187,""s"":""KAIAUSDT"",""S"":""Sell"",""v"":""160"",""p"":""0.05657""}"
2026-10-09T11:25:49.031504Z,1791545148866,NEARUSDT,Buy,500.2,4.7620,"{""T"":1791545148866,""s"":""NEARUSDT"",""S"":""Buy"",""v"":""500.2"",""p"":""4.7620""}"
2026-10-09T11:30:24.149934Z,1791545423776,OGNUSDT,Buy,9677,0.036531,"{""T"":1791545423776,""s"":""OGNUSDT"",""S"":""Buy"",""v"":""9677"",""p"":""0.036531""}"
2026-10-09T11:30:27.150130Z,1791545426942,OGNUSDT,Buy,9403,0.036448,"{""T"":1791545426942,""s"":""OGNUSDT"",""S"":""Buy"",""v"":""9403"",""p"":""0.036448""}"
2026-10-09T11:31:32.001737Z,1791545491857,USUSDT,Sell,540,0.030050,"{""T"":1791545491857,""s"":""USUSDT"",""S"":""Sell"",""v"":""540"",""p"":""0.030050""}"
2026-10-09T11:31:52.577727Z,1791545512018,SOLUSDT,Sell,1.3,110.690,"{""T"":1791545512018,""s"":""SOLUSDT"",""S"":""Sell"",""v"":""1.3"",""p"":""110.690""}"
2026-10-09T11:31:53.580568Z,1791545513218,BTCUSDT,Sell,0.015,82916.40,"{""T"":1791545513218,""s"":""BTCUSDT"",""S"":""Sell"",""v"":""0.015"",""p"":""82916.40""}"
2026-10-09T11:32:01.580795Z,1791545521426,BTCUSDT,Sell,0.010,82935.50,"{""T"":1791545521426,""s"":""BTCUSDT"",""S"":""Sell"",""v"":""0.010"",""p"":""82935.50""}"
2026-10-09T11:32:03.827789Z,1791545523715,PUMPFUNUSDT,Sell,135200,0.0058170,"{""T"":1791545523715,""s"":""PUMPFUNUSDT"",""S"":""Sell"",""v"":""135200"",""p"":""0.0058170""}"
2026-10-09T11:32:07.030786Z,1791545526477,NEARUSDT,Sell,3.1,4.8610,"{""T"":1791545526477,""s"":""NEARUSDT"",""S"":""Sell"",""v"":""3.1"",""p"":""4.8610""}"
2026-10-09T11:32:07.078780Z,1791545526917,SOLUSDT,Sell,4.3,110.860,"{""T"":1791545526917,""s"":""SOLUSDT"",""S"":""Sell"",""v"":""4.3"",""p"":""110.860""}"
2026-10-09T11:32:07.471317Z,1791545527000,ETHUSDT,Sell,0.20,2503.88,"{""T"":1791545527000,""s"":""ETHUSDT"",""S"":""Sell"",""v"":""0.20"",""p"":""2503.88""}"
2026-10-09T11:32:07.501567Z,1791545527374,USUSDT,Sell,520,0.030140,"{""T"":1791545527374,""s"":""USUSDT"",""S"":""Sell"",""v"":""520"",""p"":""0.030140""}"
2026-10-09T11:32:07.530698Z,1791545527374,NEARUSDT,Sell,26.4,4.8730,"{""T"":1791545527374,""s"":""NEARUSDT"",""S"":""Sell"",""v"":""26.4"",""p"":""4.8730""}"
2026-10-09T11:32:08.031274Z,1791545527644,NEARUSDT,Sell,18.7,4.8620,"{""T"":1791545527644,""s"":""NEARUSDT"",""S"":""Sell"",""v"":""18.7"",""p"":""4.8620""}"
2026-10-09T11:32:10.084936Z,1791545529535,BTCUSDT,Sell,0.002,82972.40,"{""T"":1791545529535,""s"":""BTCUSDT"",""S"":""Sell"",""v"":""0.002"",""p"":""82972.40""}"
2026-10-09T11:32:11.580276Z,1791545531205,BTCUSDT,Sell,0.386,83015.90,"{""T"":1791545531205,""s"":""BTCUSDT"",""S"":""Sell"",""v"":""0.386"",""p"":""83015.90""}"
2026-10-09T11:32:11.580276Z,1791545531396,BTCUSDT,Sell,0.014,82993.20,"{""T"":1791545531396,""s"":""BTCUSDT"",""S"":""Sell"",""v"":""0.014"",""p"":""82993.20""}"
2026-10-09T11:32:12.080565Z,1791545531859,BTCUSDT,Sell,0.045,83042.70,"{""T"":1791545531859,""s"":""BTCUSDT"",""S"":""Sell"",""v"":""0.045"",""p"":""83042.70""}"
2026-10-09T11:32:12.080565Z,1791545531871,BTCUSDT,Sell,0.001,83038.80,"{""T"":1791545531871,""s"":""BTCUSDT"",""S"":""Sell"",""v"":""0.001"",""p"":""83038.80""}"
2026-10-09T11:32:12.080565Z,1791545531924,BTCUSDT,Sell,0.040,83072.50,"{""T"":1791545531924,""s"":""BTCUSDT"",""S"":""Sell"",""v"":""0.040"",""p"":""83072.50""}"
2026-10-09T11:32:12.080565Z,1791545531934,BTCUSDT,Sell,0.242,83081.40,"{""T"":1791545531934,""s"":""BTCUSDT"",""S"":""Sell"",""v"":""0.242"",""p"":""83081.40""}"
2026-10-09T11:32:12.080565Z,1791545531972,BTCUSDT,Sell,0.004,83065.20,"{""T"":1791545531972,""s"":""BTCUSDT"",""S"":""Sell"",""v"":""0.004"",""p"":""83065.20""}"
2026-10-09T11:32:12.080565Z,1791545531974,BTCUSDT,Sell,0.001,83027.70,"{""T"":1791545531974,""s"":""BTCUSDT"",""S"":""Sell"",""v"":""0.001"",""p"":""83027.70""}"
2026-10-09T11:32:12.470692Z,1791545532335,ETHUSDT,Sell,0.17,2507.08,"{""T"":1791545532335,""s"":""ETHUSDT"",""S"":""Sell"",""v"":""0.17"",""p"":""2507.08""}"
2026-10-09T11:32:12.580634Z,1791545531981,BTCUSDT,Sell,0.001,83027.80,"{""T"":1791545531981,""s"":""BTCUSDT"",""S"":""Sell"",""v"":""0.001"",""p"":""83027.80""}"
2026-10-09T11:32:12.580634Z,1791545531984,BTCUSDT,Sell,0.015,83075.90,"{""T"":1791545531984,""s"":""BTCUSDT"",""S"":""Sell"",""v"":""0.015"",""p"":""83075.90""}"
2026-10-09T11:32:12.580634Z,1791545532056,BTCUSDT,Sell,0.030,83047.60,"{""T"":1791545532056,""s"":""BTCUSDT"",""S"":""Sell"",""v"":""0.030"",""p"":""83047.60""}"
2026-10-09T11:32:12.580634Z,1791545532069,BTCUSDT,Sell,0.019,83075.80,"{""T"":1791545532069,""s"":""BTCUSDT"",""S"":""Sell"",""v"":""0.019"",""p"":""83075.80""}"
2026-10-09T11:32:12.580634Z,1791545532090,BTCUSDT,Sell,0.004,83054.30,"{""T"":1791545532090,""s"":""BTCUSDT"",""S"":""Sell"",""v"":""0.004"",""p"":""83054.30""}"
2026-10-09T11:32:12.580634Z,1791545532101,BTCUSDT,Sell,0.027,83045.50,"{""T"":1791545532101,""s"":""BTCUSDT"",""S"":""Sell"",""v"":""0.027"",""p"":""83045.50""}"
2026-10-09T11:32:12.580634Z,1791545532131,BTCUSDT,Sell,0.120,83069.40,"{""T"":1791545532131,""s"":""BTCUSDT"",""S"":""Sell"",""v"":""0.120"",""p"":""83069.40""}"
2026-10-09T11:32:12.580634Z,1791545532151,BTCUSDT,Sell,0.001,83056.40,"{""T"":1791545532151,""s"":""BTCUSDT"",""S"":""Sell"",""v"":""0.001"",""p"":""83056.40""}"
2026-10-09T11:32:12.580634Z,1791545532335,BTCUSDT,Sell,0.004,83084.60,"{""T"":1791545532335,""s"":""BTCUSDT"",""S"":""Sell"",""v"":""0.004"",""p"":""83084.60""}"
2026-10-09T11:32:12.580634Z,1791545532337,BTCUSDT,Sell,0.150,83047.30,"{""T"":1791545532337,""s"":""BTCUSDT"",""S"":""Sell"",""v"":""0.150"",""p"":""83047.30""}"
2026-10-09T11:32:12.580634Z,1791545532472,BTCUSDT,Sell,0.002,83085.50,"{""T"":1791545532472,""s"":""BTCUSDT"",""S"":""Sell"",""v"":""0.002"",""p"":""83085.50""}"
2026-10-09T11:32:12.928714Z,1791545532335,DOGEUSDT,Sell,622,0.08533,"{""T"":1791545532335,""s"":""DOGEUSDT"",""S"":""Sell"",""v"":""622"",""p"":""0.08533""}"
2026-10-09T11:32:13.080269Z,1791545532522,BTCUSDT,Sell,0.001,83071.50,"{""T"":1791545532522,""s"":""BTCUSDT"",""S"":""Sell"",""v"":""0.001"",""p"":""83071.50""}"
2026-10-09T11:32:13.080269Z,1791545532526,BTCUSDT,Sell,0.007,83068.90,"{""T"":1791545532526,""s"":""BTCUSDT"",""S"":""Sell"",""v"":""0.007"",""p"":""83068.90""}"
2026-10-09T11:32:13.080269Z,1791545532678,BTCUSDT,Sell,0.033,83088.50,"{""T"":1791545532678,""s"":""BTCUSDT"",""S"":""Sell"",""v"":""0.033"",""p"":""83088.50""}"
2026-10-09T11:32:13.080269Z,1791545532707,BTCUSDT,Sell,0.002,83060.90,"{""T"":1791545532707,""s"":""BTCUSDT"",""S"":""Sell"",""v"":""0.002"",""p"":""83060.90""}"
2026-10-09T11:32:13.080269Z,1791545532742,BTCUSDT,Sell,0.355,83053.00,"{""T"":1791545532742,""s"":""BTCUSDT"",""S"":""Sell"",""v"":""0.355"",""p"":""83053.00""}"
2026-10-09T11:32:13.080269Z,1791545532835,BTCUSDT,Sell,0.006,83065.50,"{""T"":1791545532835,""s"":""BTCUSDT"",""S"":""Sell"",""v"":""0.006"",""p"":""83065.50""}"
2026-10-09T11:32:14.077566Z,1791545533881,SOLUSDT,Sell,114.6,111.050,"{""T"":1791545533881,""s"":""SOLUSDT"",""S"":""Sell"",""v"":""114.6"",""p"":""111.050""}"
2026-10-09T11:32:14.470824Z,1791545533881,ETHUSDT,Sell,18.07,2507.51,"{""T"":1791545533881,""s"":""ETHUSDT"",""S"":""Sell"",""v"":""18.07"",""p"":""2507.51""}"
2026-10-09T11:32:14.470824Z,1791545534072,ETHUSDT,Sell,1.00,2507.78,"{""T"":1791545534072,""s"":""ETHUSDT"",""S"":""Sell"",""v"":""1.00"",""p"":""2507.78""}"
2026-10-09T11:32:14.577570Z,1791545534343,SOLUSDT,Sell,431.8,111.080,"{""T"":1791545534343,""s"":""SOLUSDT"",""S"":""Sell"",""v"":""431.8"",""p"":""111.080""}"
2026-10-09T11:32:14.580174Z,1791545534449,BTCUSDT,Sell,0.050,83096.30,"{""T"":1791545534449,""s"":""BTCUSDT"",""S"":""Sell"",""v"":""0.050"",""p"":""83096.30""}"
2026-10-09T11:32:15.080538Z,1791545534691,BTCUSDT,Sell,0.003,83093.10,"{""T"":1791545534691,""s"":""BTCUSDT"",""S"":""Sell"",""v"":""0.003"",""p"":""83093.10""}"
2026-10-09T11:32:15.080538Z,1791545534773,BTCUSDT,Sell,0.030,83095.70,"{""T"":1791545534773,""s"":""BTCUSDT"",""S"":""Sell"",""v"":""0.030"",""p"":""83095.70""}"
2026-10-09T11:32:15.080538Z,1791545534780,BTCUSDT,Sell,0.001,83093.90,"{""T"":1791545534780,""s"":""BTCUSDT"",""S"":""Sell"",""v"":""0.001"",""p"":""83093.90""}"
2026-10-09T11:32:15.428604Z,1791545534837,ZECUSDT,Sell,2.45,1239.65,"{""T"":1791545534837,""s"":""ZECUSDT"",""S"":""Sell"",""v"":""2.45"",""p"":""1239.65""}"
2026-10-09T11:32:25.501650Z,1791545545131,USUSDT,Sell,2080,0.030210,"{""T"":1791545545131,""s"":""USUSDT"",""S"":""Sell"",""v"":""2080"",""p"":""0.030210""}"
2026-10-09T11:32:30.002395Z,1791545549709,USUSDT,Sell,6940,0.030240,"{""T"":1791545549709,""s"":""USUSDT"",""S"":""Sell"",""v"":""6940"",""p"":""0.030240""}"
2026-10-09T11:33:15.340618Z,1791545595038,KAIAUSDT,Sell,1291,0.05728,"{""T"":1791545595038,""s"":""KAIAUSDT"",""S"":""Sell"",""v"":""1291"",""p"":""0.05728""}"
2026-10-09T11:33:15.340618Z,1791545595193,KAIAUSDT,Sell,83804,0.05723,"{""T"":1791545595193,""s"":""KAIAUSDT"",""S"":""Sell"",""v"":""83804"",""p"":""0.05723""}"
2026-10-09T11:33:52.080149Z,1791545631978,BTCUSDT,Sell,2.000,83099.60,"{""T"":1791545631978,""s"":""BTCUSDT"",""S"":""Sell"",""v"":""2.000"",""p"":""83099.60""}"
2026-10-09T11:33:52.580886Z,1791545632221,BTCUSDT,Sell,0.113,83099.20,"{""T"":1791545632221,""s"":""BTCUSDT"",""S"":""Sell"",""v"":""0.113"",""p"":""83099.20""}"
2026-10-09T11:33:53.080531Z,1791545632593,BTCUSDT,Sell,0.380,83105.30,"{""T"":1791545632593,""s"":""BTCUSDT"",""S"":""Sell"",""v"":""0.380"",""p"":""83105.30""}"
2026-10-09T11:33:53.580424Z,1791545633448,BTCUSDT,Sell,0.400,83108.00,"{""T"":1791545633448,""s"":""BTCUSDT"",""S"":""Sell"",""v"":""0.400"",""p"":""83108.00""}"
2026-10-09T11:33:54.580391Z,1791545634360,BTCUSDT,Sell,0.042,83113.80,"{""T"":1791545634360,""s"":""BTCUSDT"",""S"":""Sell"",""v"":""0.042"",""p"":""83113.80""}"
2026-10-09T11:33:58.080121Z,1791545637932,BTCUSDT,Sell,0.027,83111.60,"{""T"":1791545637932,""s"":""BTCUSDT"",""S"":""Sell"",""v"":""0.027"",""p"":""83111.60""}"
2026-10-09T11:33:58.080121Z,1791545637964,BTCUSDT,Sell,0.005,83120.20,"{""T"":1791545637964,""s"":""BTCUSDT"",""S"":""Sell"",""v"":""0.005"",""p"":""83120.20""}"
2026-10-09T11:34:19.001649Z,1791545658764,USUSDT,Sell,180,0.030320,"{""T"":1791545658764,""s"":""USUSDT"",""S"":""Sell"",""v"":""180"",""p"":""0.030320""}"
2026-10-09T11:34:36.001840Z,1791545675633,USUSDT,Sell,670,0.030420,"{""T"":1791545675633,""s"":""USUSDT"",""S"":""Sell"",""v"":""670"",""p"":""0.030420""}"
2026-10-09T11:34:36.150009Z,1791545675633,STRKUSDT,Sell,207.2,0.07621,"{""T"":1791545675633,""s"":""STRKUSDT"",""S"":""Sell"",""v"":""207.2"",""p"":""0.07621""}"
2026-10-09T11:34:39.080365Z,1791545678882,BTCUSDT,Sell,0.521,83134.90,"{""T"":1791545678882,""s"":""BTCUSDT"",""S"":""Sell"",""v"":""0.521"",""p"":""83134.90""}"
2026-10-09T11:34:39.580822Z,1791545679047,BTCUSDT,Sell,0.200,83135.10,"{""T"":1791545679047,""s"":""BTCUSDT"",""S"":""Sell"",""v"":""0.200"",""p"":""83135.10""}"
2026-10-09T11:34:39.580822Z,1791545679183,BTCUSDT,Sell,0.200,83130.80,"{""T"":1791545679183,""s"":""BTCUSDT"",""S"":""Sell"",""v"":""0.200"",""p"":""83130.80""}"
2026-10-09T11:34:40.080302Z,1791545679948,BTCUSDT,Sell,0.014,83139.60,"{""T"":1791545679948,""s"":""BTCUSDT"",""S"":""Sell"",""v"":""0.014"",""p"":""83139.60""}"
2026-10-09T11:34:52.340140Z,1791545691752,KAIAUSDT,Buy,186,0.05547,"{""T"":1791545691752,""s"":""KAIAUSDT"",""S"":""Buy"",""v"":""186"",""p"":""0.05547""}"
2026-10-09T11:34:53.339871Z,1791545693102,KAIAUSDT,Buy,174,0.05538,"{""T"":1791545693102,""s"":""KAIAUSDT"",""S"":""Buy"",""v"":""174"",""p"":""0.05538""}"
2026-10-09T11:34:59.001775Z,1791545698800,CLUSDT,Buy,4.00,89.790,"{""T"":1791545698800,""s"":""CLUSDT"",""S"":""Buy"",""v"":""4.00"",""p"":""89.790""}"
2026-10-09T11:34:59.002224Z,1791545698800,XAUUSDT,Buy,0.200,4173.70,"{""T"":1791545698800,""s"":""XAUUSDT"",""S"":""Buy"",""v"":""0.200"",""p"":""4173.70""}"
2026-10-09T11:34:59.080654Z,1791545698799,BTCUSDT,Sell,0.010,83073.40,"{""T"":1791545698799,""s"":""BTCUSDT"",""S"":""Sell"",""v"":""0.010"",""p"":""83073.40""}"
2026-10-09T11:35:05.031130Z,1791545704851,NEARUSDT,Sell,70.8,4.8930,"{""T"":1791545704851,""s"":""NEARUSDT"",""S"":""Sell"",""v"":""70.8"",""p"":""4.8930""}"
2026-10-09T11:35:17.471069Z,1791545716913,QNTUSDT,Sell,48.24,251.36,"{""T"":1791545716913,""s"":""QNTUSDT"",""S"":""Sell"",""v"":""48.24"",""p"":""251.36""}"
2026-10-09T11:37:42.580618Z,1791545861989,BTCUSDT,Sell,0.008,83152.90,"{""T"":1791545861989,""s"":""BTCUSDT"",""S"":""Sell"",""v"":""0.008"",""p"":""83152.90""}"
2026-10-09T11:37:42.580618Z,1791545862228,BTCUSDT,Sell,0.002,83154.20,"{""T"":1791545862228,""s"":""BTCUSDT"",""S"":""Sell"",""v"":""0.002"",""p"":""83154.20""}"
2026-10-09T11:37:42.580618Z,1791545862405,BTCUSDT,Sell,0.002,83156.40,"{""T"":1791545862405,""s"":""BTCUSDT"",""S"":""Sell"",""v"":""0.002"",""p"":""83156.40""}"
2026-10-09T11:37:43.080455Z,1791545862568,BTCUSDT,Sell,0.185,83150.20,"{""T"":1791545862568,""s"":""BTCUSDT"",""S"":""Sell"",""v"":""0.185"",""p"":""83150.20""}"
2026-10-09T11:37:43.080455Z,1791545862569,BTCUSDT,Sell,0.037,83155.50,"{""T"":1791545862569,""s"":""BTCUSDT"",""S"":""Sell"",""v"":""0.037"",""p"":""83155.50""}"
2026-10-09T11:37:43.080455Z,1791545862691,BTCUSDT,Sell,0.003,83154.90,"{""T"":1791545862691,""s"":""BTCUSDT"",""S"":""Sell"",""v"":""0.003"",""p"":""83154.90""}"
2026-10-09T11:37:46.580424Z,1791545865985,BTCUSDT,Sell,0.033,83163.80,"{""T"":1791545865985,""s"":""BTCUSDT"",""S"":""Sell"",""v"":""0.033"",""p"":""83163.80""}"
2026-10-09T11:37:46.580424Z,1791545866127,BTCUSDT,Sell,0.173,83159.40,"{""T"":1791545866127,""s"":""BTCUSDT"",""S"":""Sell"",""v"":""0.173"",""p"":""83159.40""}"
2026-10-09T11:37:47.082081Z,1791545866708,BTCUSDT,Sell,0.007,83164.50,"{""T"":1791545866708,""s"":""BTCUSDT"",""S"":""Sell"",""v"":""0.007"",""p"":""83164.50""}"
2026-10-09T11:37:48.080558Z,1791545867616,BTCUSDT,Sell,0.020,83172.40,"{""T"":1791545867616,""s"":""BTCUSDT"",""S"":""Sell"",""v"":""0.020"",""p"":""83172.40""}"
2026-10-09T11:37:49.580523Z,1791545868985,BTCUSDT,Sell,0.010,83181.50,"{""T"":1791545868985,""s"":""BTCUSDT"",""S"":""Sell"",""v"":""0.010"",""p"":""83181.50""}"
2026-10-09T11:37:50.470729Z,1791545870281,ETHUSDT,Sell,0.46,2508.89,"{""T"":1791545870281,""s"":""ETHUSDT"",""S"":""Sell"",""v"":""0.46"",""p"":""2508.89""}"
2026-10-09T11:37:50.580378Z,1791545870295,BTCUSDT,Sell,0.074,83186.90,"{""T"":1791545870295,""s"":""BTCUSDT"",""S"":""Sell"",""v"":""0.074"",""p"":""83186.90""}"
2026-10-09T11:38:10.432366Z,1791545890264,DOGEUSDT,Sell,3042,0.08538,"{""T"":1791545890264,""s"":""DOGEUSDT"",""S"":""Sell"",""v"":""3042"",""p"":""0.08538""}"
2026-10-09T11:38:16.580083Z,1791545896338,BTCUSDT,Sell,0.619,83215.80,"{""T"":1791545896338,""s"":""BTCUSDT"",""S"":""Sell"",""v"":""0.619"",""p"":""83215.80""}"
2026-10-09T11:38:25.030741Z,1791545904500,PYTHUSDT,Sell,1668,0.08532,"{""T"":1791545904500,""s"":""PYTHUSDT"",""S"":""Sell"",""v"":""1668"",""p"":""0.08532""}"
2026-10-09T11:38:26.428804Z,1791545906009,ZECUSDT,Sell,0.12,1241.59,"{""T"":1791545906009,""s"":""ZECUSDT"",""S"":""Sell"",""v"":""0.12"",""p"":""1241.59""}"
2026-10-09T11:38:29.080319Z,1791545908971,BTCUSDT,Sell,0.006,83216.60,"{""T"":1791545908971,""s"":""BTCUSDT"",""S"":""Sell"",""v"":""0.006"",""p"":""83216.60""}"
2026-10-09T11:38:29.928559Z,1791545909542,ZECUSDT,Sell,0.89,1243.38,"{""T"":1791545909542,""s"":""ZECUSDT"",""S"":""Sell"",""v"":""0.89"",""p"":""1243.38""}"
2026-10-09T11:38:29.928559Z,1791545909556,ZECUSDT,Sell,4.21,1245.04,"{""T"":1791545909556,""s"":""ZECUSDT"",""S"":""Sell"",""v"":""4.21"",""p"":""1245.04""}"
2026-10-09T11:38:30.080377Z,1791545909862,BTCUSDT,Sell,0.001,83226.10,"{""T"":1791545909862,""s"":""BTCUSDT"",""S"":""Sell"",""v"":""0.001"",""p"":""83226.10""}"
2026-10-09T11:38:30.150239Z,1791545909895,STRKUSDT,Buy,15991.4,0.07329,"{""T"":1791545909895,""s"":""STRKUSDT"",""S"":""Buy"",""v"":""15991.4"",""p"":""0.07329""}"
2026-10-09T11:38:30.428669Z,1791545909889,ZECUSDT,Sell,7.93,1245.46,"{""T"":1791545909889,""s"":""ZECUSDT"",""S"":""Sell"",""v"":""7.93"",""p"":""1245.46""}"
2026-10-09T11:38:30.428669Z,1791545909964,ZECUSDT,Sell,0.07,1243.25,"{""T"":1791545909964,""s"":""ZECUSDT"",""S"":""Sell"",""v"":""0.07"",""p"":""1243.25""}"
2026-10-09T11:38:30.580720Z,1791545910192,BTCUSDT,Sell,0.008,83226.90,"{""T"":1791545910192,""s"":""BTCUSDT"",""S"":""Sell"",""v"":""0.008"",""p"":""83226.90""}"
2026-10-09T11:38:30.580720Z,1791545910412,BTCUSDT,Sell,0.001,83225.60,"{""T"":1791545910412,""s"":""BTCUSDT"",""S"":""Sell"",""v"":""0.001"",""p"":""83225.60""}"
2026-10-09T11:38:34.827850Z,1791545914415,XPLUSDT,Sell,3946,0.08602,"{""T"":1791545914415,""s"":""XPLUSDT"",""S"":""Sell"",""v"":""3946"",""p"":""0.08602""}"
2026-10-09T11:38:41.078619Z,1791545920794,SOLUSDT,Sell,46.4,111.260,"{""T"":1791545920794,""s"":""SOLUSDT"",""S"":""Sell"",""v"":""46.4"",""p"":""111.260""}"
2026-10-09T11:39:00.429142Z,1791545940098,ZECUSDT,Sell,3.79,1247.77,"{""T"":1791545940098,""s"":""ZECUSDT"",""S"":""Sell"",""v"":""3.79"",""p"":""1247.77""}"
2026-10-09T11:39:00.429142Z,1791545940166,ZECUSDT,Sell,0.04,1248.00,"{""T"":1791545940166,""s"":""ZECUSDT"",""S"":""Sell"",""v"":""0.04"",""p"":""1248.00""}"
2026-10-09T11:39:00.429142Z,1791545940323,ZECUSDT,Sell,0.03,1247.97,"{""T"":1791545940323,""s"":""ZECUSDT"",""S"":""Sell"",""v"":""0.03"",""p"":""1247.97""}"
2026-10-09T11:39:00.511064Z,1791545940166,RLCUSDT,Buy,8.8,1.0242,"{""T"":1791545940166,""s"":""RLCUSDT"",""S"":""Buy"",""v"":""8.8"",""p"":""1.0242""}"
2026-10-09T11:39:18.932825Z,1791545958747,ARBUSDT,Sell,14300.0,0.18201,"{""T"":1791545958747,""s"":""ARBUSDT"",""S"":""Sell"",""v"":""14300.0"",""p"":""0.18201""}"
2026-10-09T11:39:19.080508Z,1791545958492,BTCUSDT,Sell,0.159,83235.80,"{""T"":1791545958492,""s"":""BTCUSDT"",""S"":""Sell"",""v"":""0.159"",""p"":""83235.80""}"
2026-10-09T11:39:21.080457Z,1791545960726,BTCUSDT,Sell,0.200,83240.70,"{""T"":1791545960726,""s"":""BTCUSDT"",""S"":""Sell"",""v"":""0.200"",""p"":""83240.70""}"
2026-10-09T11:39:21.080457Z,1791545960739,BTCUSDT,Sell,0.002,83241.60,"{""T"":1791545960739,""s"":""BTCUSDT"",""S"":""Sell"",""v"":""0.002"",""p"":""83241.60""}"
2026-10-09T11:39:22.580308Z,1791545962264,BTCUSDT,Sell,0.054,83248.70,"{""T"":1791545962264,""s"":""BTCUSDT"",""S"":""Sell"",""v"":""0.054"",""p"":""83248.70""}"
2026-10-09T11:39:24.840508Z,1791545964346,KAIAUSDT,Buy,149,0.05461,"{""T"":1791545964346,""s"":""KAIAUSDT"",""S"":""Buy"",""v"":""149"",""p"":""0.05461""}"
2026-10-09T11:39:29.580648Z,1791545969023,BTCUSDT,Sell,0.133,83250.20,"{""T"":1791545969023,""s"":""BTCUSDT"",""S"":""Sell"",""v"":""0.133"",""p"":""83250.20""}"
2026-10-09T11:39:29.580648Z,1791545969032,BTCUSDT,Sell,0.061,83252.70,"{""T"":1791545969032,""s"":""BTCUSDT"",""S"":""Sell"",""v"":""0.061"",""p"":""83252.70""}"
2026-10-09T11:39:37.828302Z,1791545977470,HYPEUSDT,Sell,58.12,86.850,"{""T"":1791545977470,""s"":""HYPEUSDT"",""S"":""Sell"",""v"":""58.12"",""p"":""86.850""}"
2026-10-09T11:39:37.828302Z,1791545977724,HYPEUSDT,Sell,2.97,86.850,"{""T"":1791545977724,""s"":""HYPEUSDT"",""S"":""Sell"",""v"":""2.97"",""p"":""86.850""}"
2026-10-09T11:39:38.327715Z,1791545977820,HYPEUSDT,Sell,3.77,86.860,"{""T"":1791545977820,""s"":""HYPEUSDT"",""S"":""Sell"",""v"":""3.77"",""p"":""86.860""}"
2026-10-09T11:39:38.352373Z,1791545978248,XRPUSDT,Sell,2009.9,1.4031,"{""T"":1791545978248,""s"":""XRPUSDT"",""S"":""Sell"",""v"":""2009.9"",""p"":""1.4031""}"
2026-10-09T11:39:41.340196Z,1791545981077,ENAUSDT,Sell,20,0.21960,"{""T"":1791545981077,""s"":""ENAUSDT"",""S"":""Sell"",""v"":""20"",""p"":""0.21960""}"
2026-10-09T11:39:41.580788Z,1791545981077,BTCUSDT,Sell,0.002,83256.40,"{""T"":1791545981077,""s"":""BTCUSDT"",""S"":""Sell"",""v"":""0.002"",""p"":""83256.40""}"
2026-10-09T11:39:43.429207Z,1791545983019,ZECUSDT,Sell,0.01,1251.11,"{""T"":1791545983019,""s"":""ZECUSDT"",""S"":""Sell"",""v"":""0.01"",""p"":""1251.11""}"
2026-10-09T11:39:44.080402Z,1791545983783,BTCUSDT,Sell,0.001,83257.50,"{""T"":1791545983783,""s"":""BTCUSDT"",""S"":""Sell"",""v"":""0.001"",""p"":""83257.50""}"
2026-10-09T11:39:49.507358Z,1791545989228,OPUSDT,Sell,180.0,0.12503,"{""T"":1791545989228,""s"":""OPUSDT"",""S"":""Sell"",""v"":""180.0"",""p"":""0.12503""}"
2026-10-09T11:39:53.649953Z,1791545993498,STRKUSDT,Buy,2003.0,0.07295,"{""T"":1791545993498,""s"":""STRKUSDT"",""S"":""Buy"",""v"":""2003.0"",""p"":""0.07295""}"
2026-10-09T11:39:53.840604Z,1791545993499,KAIAUSDT,Buy,1099,0.05488,"{""T"":1791545993499,""s"":""KAIAUSDT"",""S"":""Buy"",""v"":""1099"",""p"":""0.05488""}"
2026-10-09T11:39:54.081219Z,1791545993585,BTCUSDT,Sell,0.195,83263.30,"{""T"":1791545993585,""s"":""BTCUSDT"",""S"":""Sell"",""v"":""0.195"",""p"":""83263.30""}"
2026-10-09T11:39:55.076907Z,1791545994696,SOLUSDT,Sell,1.0,111.350,"{""T"":1791545994696,""s"":""SOLUSDT"",""S"":""Sell"",""v"":""1.0"",""p"":""111.350""}"
2026-10-09T11:39:55.580565Z,1791545995168,BTCUSDT,Sell,0.008,83290.00,"{""T"":1791545995168,""s"":""BTCUSDT"",""S"":""Sell"",""v"":""0.008"",""p"":""83290.00""}"
2026-10-09T11:39:55.580565Z,1791545995418,BTCUSDT,Sell,0.008,83270.80,"{""T"":1791545995418,""s"":""BTCUSDT"",""S"":""Sell"",""v"":""0.008"",""p"":""83270.80""}"
2026-10-09T11:39:55.580565Z,1791545995427,BTCUSDT,Sell,0.161,83284.30,"{""T"":1791545995427,""s"":""BTCUSDT"",""S"":""Sell"",""v"":""0.161"",""p"":""83284.30""}"
2026-10-09T11:39:56.080403Z,1791545995505,BTCUSDT,Sell,0.029,83283.40,"{""T"":1791545995505,""s"":""BTCUSDT"",""S"":""Sell"",""v"":""0.029"",""p"":""83283.40""}"
2026-10-09T11:39:56.080403Z,1791545995682,BTCUSDT,Sell,0.078,83284.80,"{""T"":1791545995682,""s"":""BTCUSDT"",""S"":""Sell"",""v"":""0.078"",""p"":""83284.80""}"
2026-10-09T11:39:56.080403Z,1791545995884,BTCUSDT,Sell,0.003,83276.40,"{""T"":1791545995884,""s"":""BTCUSDT"",""S"":""Sell"",""v"":""0.003"",""p"":""83276.40""}"
2026-10-09T11:39:56.580492Z,1791545995985,BTCUSDT,Sell,0.026,83290.70,"{""T"":1791545995985,""s"":""BTCUSDT"",""S"":""Sell"",""v"":""0.026"",""p"":""83290.70""}"
2026-10-09T11:39:58.149835Z,1791545997975,STRKUSDT,Buy,30033.8,0.07283,"{""T"":1791545997975,""s"":""STRKUSDT"",""S"":""Buy"",""v"":""30033.8"",""p"":""0.07283""}"
2026-10-09T11:40:02.362803Z,1791546001991,SANDUSDT,Buy,569,0.06802,"{""T"":1791546001991,""s"":""SANDUSDT"",""S"":""Buy"",""v"":""569"",""p"":""0.06802""}"
2026-10-09T11:40:44.340106Z,1791546044138,KAIAUSDT,Buy,8026,0.05426,"{""T"":1791546044138,""s"":""KAIAUSDT"",""S"":""Buy"",""v"":""8026"",""p"":""0.05426""}"
2026-10-09T11:41:48.001685Z,1791546107483,USUSDT,Sell,4190,0.030660,"{""T"":1791546107483,""s"":""USUSDT"",""S"":""Sell"",""v"":""4190"",""p"":""0.030660""}"
2026-10-09T11:41:53.471086Z,1791546112951,QNTUSDT,Sell,6.85,251.54,"{""T"":1791546112951,""s"":""QNTUSDT"",""S"":""Sell"",""v"":""6.85"",""p"":""251.54""}"
2026-10-09T11:41:53.471086Z,1791546112993,QNTUSDT,Sell,1.45,251.48,"{""T"":1791546112993,""s"":""QNTUSDT"",""S"":""Sell"",""v"":""1.45"",""p"":""251.48""}"
2026-10-09T11:42:10.970950Z,1791546130844,QNTUSDT,Sell,0.39,251.99,"{""T"":1791546130844,""s"":""QNTUSDT"",""S"":""Sell"",""v"":""0.39"",""p"":""251.99""}"
2026-10-09T11:42:14.970821Z,1791546134804,QNTUSDT,Sell,8.00,252.10,"{""T"":1791546134804,""s"":""QNTUSDT"",""S"":""Sell"",""v"":""8.00"",""p"":""252.10""}"
2026-10-09T11:42:58.846165Z,1791546178496,PONSUSDT,Sell,141,0.3641,"{""T"":1791546178496,""s"":""PONSUSDT"",""S"":""Sell"",""v"":""141"",""p"":""0.3641""}"
