recv_ts_utc,exch_ts_ms,symbol,side,size,price,raw_json
2026-09-15T00:00:03.409884Z,1789430403117,LSKUSDT,Buy,7342.9,0.37770,"{""T"":1789430403117,""s"":""LSKUSDT"",""S"":""Buy"",""v"":""7342.9"",""p"":""0.37770""}"
2026-09-15T00:00:07.988515Z,1789430407458,CLUSDT,Sell,21.79,98.240,"{""T"":1789430407458,""s"":""CLUSDT"",""S"":""Sell"",""v"":""21.79"",""p"":""98.240""}"
2026-09-15T00:00:07.988515Z,1789430407890,CLUSDT,Sell,23.91,98.330,"{""T"":1789430407890,""s"":""CLUSDT"",""S"":""Sell"",""v"":""23.91"",""p"":""98.330""}"
2026-09-15T00:00:17.636697Z,1789430417074,ARKUSDT,Sell,14,0.18196,"{""T"":1789430417074,""s"":""ARKUSDT"",""S"":""Sell"",""v"":""14"",""p"":""0.18196""}"
2026-09-15T00:00:19.909225Z,1789430419819,LSKUSDT,Buy,1597.5,0.37245,"{""T"":1789430419819,""s"":""LSKUSDT"",""S"":""Buy"",""v"":""1597.5"",""p"":""0.37245""}"
2026-09-15T00:00:20.409248Z,1789430419875,LSKUSDT,Buy,838.0,0.37201,"{""T"":1789430419875,""s"":""LSKUSDT"",""S"":""Buy"",""v"":""838.0"",""p"":""0.37201""}"
2026-09-15T00:00:20.409248Z,1789430419875,LSKUSDT,Buy,2194.3,0.37224,"{""T"":1789430419875,""s"":""LSKUSDT"",""S"":""Buy"",""v"":""2194.3"",""p"":""0.37224""}"
2026-09-15T00:00:20.409248Z,1789430419897,LSKUSDT,Buy,1614.8,0.37223,"{""T"":1789430419897,""s"":""LSKUSDT"",""S"":""Buy"",""v"":""1614.8"",""p"":""0.37223""}"
2026-09-15T00:00:20.409248Z,1789430420303,LSKUSDT,Buy,174.0,0.37099,"{""T"":1789430420303,""s"":""LSKUSDT"",""S"":""Buy"",""v"":""174.0"",""p"":""0.37099""}"
2026-09-15T00:00:21.409962Z,1789430420985,LSKUSDT,Buy,77.8,0.37106,"{""T"":1789430420985,""s"":""LSKUSDT"",""S"":""Buy"",""v"":""77.8"",""p"":""0.37106""}"
2026-09-15T00:00:21.909866Z,1789430421408,LSKUSDT,Buy,229.7,0.37048,"{""T"":1789430421408,""s"":""LSKUSDT"",""S"":""Buy"",""v"":""229.7"",""p"":""0.37048""}"
2026-09-15T00:00:23.636726Z,1789430423196,ARKUSDT,Sell,60,0.18319,"{""T"":1789430423196,""s"":""ARKUSDT"",""S"":""Sell"",""v"":""60"",""p"":""0.18319""}"
2026-09-15T00:00:32.409324Z,1789430431959,KORUUSDT,Sell,23.63,19.87,"{""T"":1789430431959,""s"":""KORUUSDT"",""S"":""Sell"",""v"":""23.63"",""p"":""19.87""}"
2026-09-15T00:00:34.136884Z,1789430434041,ARKUSDT,Sell,81,0.18368,"{""T"":1789430434041,""s"":""ARKUSDT"",""S"":""Sell"",""v"":""81"",""p"":""0.18368""}"
2026-09-15T00:00:34.636499Z,1789430434279,ARKUSDT,Sell,82,0.18492,"{""T"":1789430434279,""s"":""ARKUSDT"",""S"":""Sell"",""v"":""82"",""p"":""0.18492""}"
2026-09-15T00:00:34.636499Z,1789430434384,ARKUSDT,Sell,203,0.18396,"{""T"":1789430434384,""s"":""ARKUSDT"",""S"":""Sell"",""v"":""203"",""p"":""0.18396""}"
2026-09-15T00:00:45.137102Z,1789430444931,ARKUSDT,Sell,598,0.18569,"{""T"":1789430444931,""s"":""ARKUSDT"",""S"":""Sell"",""v"":""598"",""p"":""0.18569""}"
2026-09-15T00:00:45.636714Z,1789430445445,ARKUSDT,Sell,5439,0.18616,"{""T"":1789430445445,""s"":""ARKUSDT"",""S"":""Sell"",""v"":""5439"",""p"":""0.18616""}"
2026-09-15T00:00:45.993752Z,1789430445445,BRUSDT,Sell,427,0.58618,"{""T"":1789430445445,""s"":""BRUSDT"",""S"":""Sell"",""v"":""427"",""p"":""0.58618""}"
2026-09-15T00:00:47.338888Z,1789430447042,CVCUSDT,Sell,1872,0.03319,"{""T"":1789430447042,""s"":""CVCUSDT"",""S"":""Sell"",""v"":""1872"",""p"":""0.03319""}"
2026-09-15T00:00:52.994143Z,1789430452701,OPUSDT,Sell,1220.6,0.10419,"{""T"":1789430452701,""s"":""OPUSDT"",""S"":""Sell"",""v"":""1220.6"",""p"":""0.10419""}"
2026-09-15T00:00:55.409764Z,1789430455189,LSKUSDT,Buy,7715.7,0.36858,"{""T"":1789430455189,""s"":""LSKUSDT"",""S"":""Buy"",""v"":""7715.7"",""p"":""0.36858""}"
2026-09-15T00:00:55.909296Z,1789430455484,LSKUSDT,Buy,1377.9,0.36847,"{""T"":1789430455484,""s"":""LSKUSDT"",""S"":""Buy"",""v"":""1377.9"",""p"":""0.36847""}"
2026-09-15T00:00:56.409863Z,1789430455860,LSKUSDT,Buy,238.4,0.36892,"{""T"":1789430455860,""s"":""LSKUSDT"",""S"":""Buy"",""v"":""238.4"",""p"":""0.36892""}"
2026-09-15T00:00:56.409863Z,1789430456148,LSKUSDT,Buy,456.1,0.36732,"{""T"":1789430456148,""s"":""LSKUSDT"",""S"":""Buy"",""v"":""456.1"",""p"":""0.36732""}"
2026-09-15T00:00:56.409863Z,1789430456237,LSKUSDT,Buy,26.4,0.36730,"{""T"":1789430456237,""s"":""LSKUSDT"",""S"":""Buy"",""v"":""26.4"",""p"":""0.36730""}"
2026-09-15T00:00:56.409863Z,1789430456242,LSKUSDT,Buy,227.5,0.36711,"{""T"":1789430456242,""s"":""LSKUSDT"",""S"":""Buy"",""v"":""227.5"",""p"":""0.36711""}"
2026-09-15T00:00:56.909171Z,1789430456408,LSKUSDT,Buy,2305.8,0.36751,"{""T"":1789430456408,""s"":""LSKUSDT"",""S"":""Buy"",""v"":""2305.8"",""p"":""0.36751""}"
2026-09-15T00:01:02.409906Z,1789430462039,LSKUSDT,Buy,1000.0,0.36197,"{""T"":1789430462039,""s"":""LSKUSDT"",""S"":""Buy"",""v"":""1000.0"",""p"":""0.36197""}"
2026-09-15T00:01:02.409906Z,1789430462049,LSKUSDT,Buy,1507.7,0.36389,"{""T"":1789430462049,""s"":""LSKUSDT"",""S"":""Buy"",""v"":""1507.7"",""p"":""0.36389""}"
2026-09-15T00:01:02.409906Z,1789430462084,LSKUSDT,Buy,400.0,0.36130,"{""T"":1789430462084,""s"":""LSKUSDT"",""S"":""Buy"",""v"":""400.0"",""p"":""0.36130""}"
2026-09-15T00:01:02.409906Z,1789430462180,LSKUSDT,Buy,35.3,0.36276,"{""T"":1789430462180,""s"":""LSKUSDT"",""S"":""Buy"",""v"":""35.3"",""p"":""0.36276""}"
2026-09-15T00:01:02.409906Z,1789430462319,LSKUSDT,Buy,1420.9,0.36404,"{""T"":1789430462319,""s"":""LSKUSDT"",""S"":""Buy"",""v"":""1420.9"",""p"":""0.36404""}"
2026-09-15T00:01:02.409906Z,1789430462320,LSKUSDT,Buy,7514.3,0.36469,"{""T"":1789430462320,""s"":""LSKUSDT"",""S"":""Buy"",""v"":""7514.3"",""p"":""0.36469""}"
2026-09-15T00:01:02.849891Z,1789430462400,MARSCOINUSDT,Buy,2730,0.08967,"{""T"":1789430462400,""s"":""MARSCOINUSDT"",""S"":""Buy"",""v"":""2730"",""p"":""0.08967""}"
2026-09-15T00:01:02.910089Z,1789430462345,LSKUSDT,Buy,123.8,0.36601,"{""T"":1789430462345,""s"":""LSKUSDT"",""S"":""Buy"",""v"":""123.8"",""p"":""0.36601""}"
2026-09-15T00:01:02.910089Z,1789430462350,LSKUSDT,Buy,180.1,0.36091,"{""T"":1789430462350,""s"":""LSKUSDT"",""S"":""Buy"",""v"":""180.1"",""p"":""0.36091""}"
2026-09-15T00:01:02.910089Z,1789430462385,LSKUSDT,Buy,484.2,0.36124,"{""T"":1789430462385,""s"":""LSKUSDT"",""S"":""Buy"",""v"":""484.2"",""p"":""0.36124""}"
2026-09-15T00:01:02.910089Z,1789430462400,LSKUSDT,Buy,542.6,0.36014,"{""T"":1789430462400,""s"":""LSKUSDT"",""S"":""Buy"",""v"":""542.6"",""p"":""0.36014""}"
2026-09-15T00:01:02.910089Z,1789430462450,LSKUSDT,Buy,12.6,0.36048,"{""T"":1789430462450,""s"":""LSKUSDT"",""S"":""Buy"",""v"":""12.6"",""p"":""0.36048""}"
2026-09-15T00:01:02.910089Z,1789430462529,LSKUSDT,Buy,2003.2,0.36480,"{""T"":1789430462529,""s"":""LSKUSDT"",""S"":""Buy"",""v"":""2003.2"",""p"":""0.36480""}"
2026-09-15T00:01:02.910089Z,1789430462538,LSKUSDT,Buy,16.2,0.36263,"{""T"":1789430462538,""s"":""LSKUSDT"",""S"":""Buy"",""v"":""16.2"",""p"":""0.36263""}"
2026-09-15T00:01:02.910089Z,1789430462546,LSKUSDT,Buy,52.9,0.36486,"{""T"":1789430462546,""s"":""LSKUSDT"",""S"":""Buy"",""v"":""52.9"",""p"":""0.36486""}"
2026-09-15T00:01:02.910089Z,1789430462568,LSKUSDT,Buy,241.8,0.36646,"{""T"":1789430462568,""s"":""LSKUSDT"",""S"":""Buy"",""v"":""241.8"",""p"":""0.36646""}"
2026-09-15T00:01:02.910089Z,1789430462716,LSKUSDT,Buy,60.5,0.36323,"{""T"":1789430462716,""s"":""LSKUSDT"",""S"":""Buy"",""v"":""60.5"",""p"":""0.36323""}"
2026-09-15T00:01:02.910089Z,1789430462739,LSKUSDT,Buy,83.0,0.36561,"{""T"":1789430462739,""s"":""LSKUSDT"",""S"":""Buy"",""v"":""83.0"",""p"":""0.36561""}"
2026-09-15T00:01:02.910089Z,1789430462759,LSKUSDT,Buy,61.1,0.36298,"{""T"":1789430462759,""s"":""LSKUSDT"",""S"":""Buy"",""v"":""61.1"",""p"":""0.36298""}"
2026-09-15T00:01:02.910089Z,1789430462783,LSKUSDT,Buy,1585.0,0.36041,"{""T"":1789430462783,""s"":""LSKUSDT"",""S"":""Buy"",""v"":""1585.0"",""p"":""0.36041""}"
2026-09-15T00:01:03.409579Z,1789430462830,LSKUSDT,Buy,13.9,0.36509,"{""T"":1789430462830,""s"":""LSKUSDT"",""S"":""Buy"",""v"":""13.9"",""p"":""0.36509""}"
2026-09-15T00:01:03.409579Z,1789430462831,LSKUSDT,Buy,24.8,0.35937,"{""T"":1789430462831,""s"":""LSKUSDT"",""S"":""Buy"",""v"":""24.8"",""p"":""0.35937""}"
2026-09-15T00:01:03.409579Z,1789430462850,LSKUSDT,Buy,691.0,0.36169,"{""T"":1789430462850,""s"":""LSKUSDT"",""S"":""Buy"",""v"":""691.0"",""p"":""0.36169""}"
2026-09-15T00:01:03.409579Z,1789430462861,LSKUSDT,Buy,299.0,0.36387,"{""T"":1789430462861,""s"":""LSKUSDT"",""S"":""Buy"",""v"":""299.0"",""p"":""0.36387""}"
2026-09-15T00:01:03.409579Z,1789430462912,LSKUSDT,Buy,3979.0,0.36268,"{""T"":1789430462912,""s"":""LSKUSDT"",""S"":""Buy"",""v"":""3979.0"",""p"":""0.36268""}"
2026-09-15T00:01:03.409579Z,1789430462957,LSKUSDT,Buy,4955.8,0.36486,"{""T"":1789430462957,""s"":""LSKUSDT"",""S"":""Buy"",""v"":""4955.8"",""p"":""0.36486""}"
2026-09-15T00:01:04.409779Z,1789430464212,LSKUSDT,Buy,465.5,0.35920,"{""T"":1789430464212,""s"":""LSKUSDT"",""S"":""Buy"",""v"":""465.5"",""p"":""0.35920""}"
2026-09-15T00:01:05.409396Z,1789430464975,LSKUSDT,Buy,30.2,0.35958,"{""T"":1789430464975,""s"":""LSKUSDT"",""S"":""Buy"",""v"":""30.2"",""p"":""0.35958""}"
2026-09-15T00:01:08.063675Z,1789430467763,FILUSDT,Buy,19.7,0.9122,"{""T"":1789430467763,""s"":""FILUSDT"",""S"":""Buy"",""v"":""19.7"",""p"":""0.9122""}"
2026-09-15T00:01:08.063675Z,1789430467843,FILUSDT,Buy,1291.7,0.9079,"{""T"":1789430467843,""s"":""FILUSDT"",""S"":""Buy"",""v"":""1291.7"",""p"":""0.9079""}"
2026-09-15T00:01:08.063675Z,1789430467867,FILUSDT,Buy,2205.3,0.9098,"{""T"":1789430467867,""s"":""FILUSDT"",""S"":""Buy"",""v"":""2205.3"",""p"":""0.9098""}"
2026-09-15T00:01:45.360750Z,1789430504816,TUSDT,Sell,80490,0.005270,"{""T"":1789430504816,""s"":""TUSDT"",""S"":""Sell"",""v"":""80490"",""p"":""0.005270""}"
2026-09-15T00:01:45.861014Z,1789430505627,TUSDT,Sell,26700,0.005266,"{""T"":1789430505627,""s"":""TUSDT"",""S"":""Sell"",""v"":""26700"",""p"":""0.005266""}"
2026-09-15T00:02:09.862546Z,1789430529454,TUSDT,Sell,49360,0.005311,"{""T"":1789430529454,""s"":""TUSDT"",""S"":""Sell"",""v"":""49360"",""p"":""0.005311""}"
2026-09-15T00:02:10.360704Z,1789430529942,TUSDT,Sell,2050,0.005336,"{""T"":1789430529942,""s"":""TUSDT"",""S"":""Sell"",""v"":""2050"",""p"":""0.005336""}"
2026-09-15T00:02:11.860576Z,1789430531361,TUSDT,Sell,8450,0.005347,"{""T"":1789430531361,""s"":""TUSDT"",""S"":""Sell"",""v"":""8450"",""p"":""0.005347""}"
2026-09-15T00:02:30.637207Z,1789430550057,AKEUSDT,Sell,3500,0.0163810,"{""T"":1789430550057,""s"":""AKEUSDT"",""S"":""Sell"",""v"":""3500"",""p"":""0.0163810""}"
2026-09-15T00:02:49.137028Z,1789430568845,AKEUSDT,Sell,63200,0.0164340,"{""T"":1789430568845,""s"":""AKEUSDT"",""S"":""Sell"",""v"":""63200"",""p"":""0.0164340""}"
2026-09-15T00:02:50.998016Z,1789430570468,STORJUSDT,Buy,5301.4,0.03300,"{""T"":1789430570468,""s"":""STORJUSDT"",""S"":""Buy"",""v"":""5301.4"",""p"":""0.03300""}"
2026-09-15T00:02:59.636313Z,1789430579293,AKEUSDT,Sell,13200,0.0165300,"{""T"":1789430579293,""s"":""AKEUSDT"",""S"":""Sell"",""v"":""13200"",""p"":""0.0165300""}"
2026-09-15T00:03:08.915153Z,1789430588763,DOTUSDT,Buy,0.7,0.9887,"{""T"":1789430588763,""s"":""DOTUSDT"",""S"":""Buy"",""v"":""0.7"",""p"":""0.9887""}"
2026-09-15T00:03:09.415207Z,1789430589009,DOTUSDT,Buy,0.6,0.9887,"{""T"":1789430589009,""s"":""DOTUSDT"",""S"":""Buy"",""v"":""0.6"",""p"":""0.9887""}"
2026-09-15T00:03:26.492220Z,1789430606248,XAUUSDT,Buy,0.002,4274.76,"{""T"":1789430606248,""s"":""XAUUSDT"",""S"":""Buy"",""v"":""0.002"",""p"":""4274.76""}"
2026-09-15T00:04:33.017108Z,1789430672594,LTCUSDT,Buy,4.9,52.63,"{""T"":1789430672594,""s"":""LTCUSDT"",""S"":""Buy"",""v"":""4.9"",""p"":""52.63""}"
2026-09-15T00:04:38.988279Z,1789430678417,XAUUSDT,Buy,0.333,4274.11,"{""T"":1789430678417,""s"":""XAUUSDT"",""S"":""Buy"",""v"":""0.333"",""p"":""4274.11""}"
2026-09-15T00:05:04.364040Z,1789430704161,TUSDT,Buy,24910,0.004974,"{""T"":1789430704161,""s"":""TUSDT"",""S"":""Buy"",""v"":""24910"",""p"":""0.004974""}"
2026-09-15T00:05:05.860780Z,1789430705292,TUSDT,Buy,261160,0.004933,"{""T"":1789430705292,""s"":""TUSDT"",""S"":""Buy"",""v"":""261160"",""p"":""0.004933""}"
2026-09-15T00:05:26.491530Z,1789430726254,XAUUSDT,Buy,0.082,4273.21,"{""T"":1789430726254,""s"":""XAUUSDT"",""S"":""Buy"",""v"":""0.082"",""p"":""4273.21""}"
2026-09-15T00:05:38.830214Z,1789430738522,NIULAIUSDT,Sell,3080,0.12606,"{""T"":1789430738522,""s"":""NIULAIUSDT"",""S"":""Sell"",""v"":""3080"",""p"":""0.12606""}"
2026-09-15T00:05:39.067074Z,1789430738522,BTCUSDT,Buy,0.010,77874.00,"{""T"":1789430738522,""s"":""BTCUSDT"",""S"":""Buy"",""v"":""0.010"",""p"":""77874.00""}"
2026-09-15T00:05:39.329879Z,1789430739006,NIULAIUSDT,Sell,50,0.12592,"{""T"":1789430739006,""s"":""NIULAIUSDT"",""S"":""Sell"",""v"":""50"",""p"":""0.12592""}"
2026-09-15T00:05:40.329768Z,1789430740039,NIULAIUSDT,Sell,200,0.12631,"{""T"":1789430740039,""s"":""NIULAIUSDT"",""S"":""Sell"",""v"":""200"",""p"":""0.12631""}"
2026-09-15T00:05:42.988119Z,1789430742647,XAUUSDT,Buy,0.010,4272.89,"{""T"":1789430742647,""s"":""XAUUSDT"",""S"":""Buy"",""v"":""0.010"",""p"":""4272.89""}"
2026-09-15T00:05:58.458345Z,1789430758153,ETHUSDT,Buy,10.00,2502.12,"{""T"":1789430758153,""s"":""ETHUSDT"",""S"":""Buy"",""v"":""10.00"",""p"":""2502.12""}"
2026-09-15T00:06:08.457398Z,1789430768069,ETHUSDT,Buy,1.59,2501.96,"{""T"":1789430768069,""s"":""ETHUSDT"",""S"":""Buy"",""v"":""1.59"",""p"":""2501.96""}"
2026-09-15T00:06:11.850129Z,1789430771513,UAIUSDT,Buy,44,0.43100,"{""T"":1789430771513,""s"":""UAIUSDT"",""S"":""Buy"",""v"":""44"",""p"":""0.43100""}"
2026-09-15T00:06:13.338427Z,1789430772983,ONDOUSDT,Buy,17246,0.3517,"{""T"":1789430772983,""s"":""ONDOUSDT"",""S"":""Buy"",""v"":""17246"",""p"":""0.3517""}"
2026-09-15T00:06:13.349756Z,1789430772983,UAIUSDT,Buy,5550,0.42150,"{""T"":1789430772983,""s"":""UAIUSDT"",""S"":""Buy"",""v"":""5550"",""p"":""0.42150""}"
2026-09-15T00:06:13.349756Z,1789430773005,UAIUSDT,Buy,1016,0.42220,"{""T"":1789430773005,""s"":""UAIUSDT"",""S"":""Buy"",""v"":""1016"",""p"":""0.42220""}"
2026-09-15T00:06:13.457367Z,1789430772983,ETHUSDT,Buy,1.03,2504.96,"{""T"":1789430772983,""s"":""ETHUSDT"",""S"":""Buy"",""v"":""1.03"",""p"":""2504.96""}"
2026-09-15T00:06:13.517794Z,1789430772983,TAOUSDT,Buy,8.650,230.46,"{""T"":1789430772983,""s"":""TAOUSDT"",""S"":""Buy"",""v"":""8.650"",""p"":""230.46""}"
2026-09-15T00:06:13.850033Z,1789430773747,UAIUSDT,Buy,212,0.42300,"{""T"":1789430773747,""s"":""UAIUSDT"",""S"":""Buy"",""v"":""212"",""p"":""0.42300""}"
2026-09-15T00:06:40.993847Z,1789430800596,SUIUSDT,Buy,250,0.71250,"{""T"":1789430800596,""s"":""SUIUSDT"",""S"":""Buy"",""v"":""250"",""p"":""0.71250""}"
2026-09-15T00:06:44.988902Z,1789430804669,SOXLUSDT,Buy,53.00,101.40,"{""T"":1789430804669,""s"":""SOXLUSDT"",""S"":""Buy"",""v"":""53.00"",""p"":""101.40""}"
2026-09-15T00:06:45.409787Z,1789430805058,LSKUSDT,Sell,134.2,0.38840,"{""T"":1789430805058,""s"":""LSKUSDT"",""S"":""Sell"",""v"":""134.2"",""p"":""0.38840""}"
2026-09-15T00:06:53.457945Z,1789430813272,ETHUSDT,Buy,0.88,2501.83,"{""T"":1789430813272,""s"":""ETHUSDT"",""S"":""Buy"",""v"":""0.88"",""p"":""2501.83""}"
2026-09-15T00:07:07.415593Z,1789430827211,1000PEPEUSDT,Buy,6200,0.0034120,"{""T"":1789430827211,""s"":""1000PEPEUSDT"",""S"":""Buy"",""v"":""6200"",""p"":""0.0034120""}"
2026-09-15T00:07:07.564085Z,1789430827310,FILUSDT,Buy,249.4,0.9080,"{""T"":1789430827310,""s"":""FILUSDT"",""S"":""Buy"",""v"":""249.4"",""p"":""0.9080""}"
2026-09-15T00:07:15.869039Z,1789430835578,UAIUSDT,Buy,171,0.41400,"{""T"":1789430835578,""s"":""UAIUSDT"",""S"":""Buy"",""v"":""171"",""p"":""0.41400""}"
2026-09-15T00:07:17.938223Z,1789430837762,STEEMUSDT,Sell,2891,0.06004,"{""T"":1789430837762,""s"":""STEEMUSDT"",""S"":""Sell"",""v"":""2891"",""p"":""0.06004""}"
2026-09-15T00:07:18.409329Z,1789430838087,STEEMUSDT,Sell,100,0.05991,"{""T"":1789430838087,""s"":""STEEMUSDT"",""S"":""Sell"",""v"":""100"",""p"":""0.05991""}"
2026-09-15T00:07:22.349798Z,1789430841867,UAIUSDT,Buy,175,0.41200,"{""T"":1789430841867,""s"":""UAIUSDT"",""S"":""Buy"",""v"":""175"",""p"":""0.41200""}"
2026-09-15T00:07:44.912980Z,1789430864545,CRVUSDT,Buy,1568.1,0.3442,"{""T"":1789430864545,""s"":""CRVUSDT"",""S"":""Buy"",""v"":""1568.1"",""p"":""0.3442""}"
2026-09-15T00:07:51.136398Z,1789430870937,ARKUSDT,Buy,339,0.16609,"{""T"":1789430870937,""s"":""ARKUSDT"",""S"":""Buy"",""v"":""339"",""p"":""0.16609""}"
2026-09-15T00:07:51.349485Z,1789430871117,UAIUSDT,Buy,125,0.40920,"{""T"":1789430871117,""s"":""UAIUSDT"",""S"":""Buy"",""v"":""125"",""p"":""0.40920""}"
2026-09-15T00:07:52.137067Z,1789430871916,ARKUSDT,Buy,5093,0.16530,"{""T"":1789430871916,""s"":""ARKUSDT"",""S"":""Buy"",""v"":""5093"",""p"":""0.16530""}"
2026-09-15T00:07:52.636569Z,1789430872205,ARKUSDT,Buy,1500,0.16417,"{""T"":1789430872205,""s"":""ARKUSDT"",""S"":""Buy"",""v"":""1500"",""p"":""0.16417""}"
2026-09-15T00:08:12.409998Z,1789430891955,STEEMUSDT,Sell,118,0.06251,"{""T"":1789430891955,""s"":""STEEMUSDT"",""S"":""Sell"",""v"":""118"",""p"":""0.06251""}"
2026-09-15T00:08:13.409635Z,1789430892952,STEEMUSDT,Sell,7073,0.06285,"{""T"":1789430892952,""s"":""STEEMUSDT"",""S"":""Sell"",""v"":""7073"",""p"":""0.06285""}"
2026-09-15T00:10:04.994186Z,1789431004845,MTLUSDT,Buy,32.1,0.3073,"{""T"":1789431004845,""s"":""MTLUSDT"",""S"":""Buy"",""v"":""32.1"",""p"":""0.3073""}"
2026-09-15T00:10:05.493980Z,1789431005051,MTLUSDT,Buy,33.3,0.3071,"{""T"":1789431005051,""s"":""MTLUSDT"",""S"":""Buy"",""v"":""33.3"",""p"":""0.3071""}"
2026-09-15T00:10:20.997474Z,1789431020669,MTLUSDT,Buy,1338.5,0.3040,"{""T"":1789431020669,""s"":""MTLUSDT"",""S"":""Buy"",""v"":""1338.5"",""p"":""0.3040""}"
2026-09-15T00:10:22.993752Z,1789431022525,MTLUSDT,Buy,56.0,0.3014,"{""T"":1789431022525,""s"":""MTLUSDT"",""S"":""Buy"",""v"":""56.0"",""p"":""0.3014""}"
2026-09-15T00:10:27.488191Z,1789431027047,SOXLUSDT,Buy,0.67,101.97,"{""T"":1789431027047,""s"":""SOXLUSDT"",""S"":""Buy"",""v"":""0.67"",""p"":""101.97""}"
2026-09-15T00:10:28.493878Z,1789431028143,MTLUSDT,Buy,666.7,0.3004,"{""T"":1789431028143,""s"":""MTLUSDT"",""S"":""Buy"",""v"":""666.7"",""p"":""0.3004""}"
2026-09-15T00:10:48.910103Z,1789431048483,LSKUSDT,Buy,42.0,0.36376,"{""T"":1789431048483,""s"":""LSKUSDT"",""S"":""Buy"",""v"":""42.0"",""p"":""0.36376""}"
2026-09-15T00:10:51.909758Z,1789431051514,LSKUSDT,Buy,7218.5,0.36342,"{""T"":1789431051514,""s"":""LSKUSDT"",""S"":""Buy"",""v"":""7218.5"",""p"":""0.36342""}"
2026-09-15T00:10:57.993783Z,1789431057844,MTLUSDT,Buy,399.6,0.2976,"{""T"":1789431057844,""s"":""MTLUSDT"",""S"":""Buy"",""v"":""399.6"",""p"":""0.2976""}"
2026-09-15T00:11:03.409932Z,1789431063253,LSKUSDT,Buy,710.3,0.35862,"{""T"":1789431063253,""s"":""LSKUSDT"",""S"":""Buy"",""v"":""710.3"",""p"":""0.35862""}"
2026-09-15T00:11:03.567051Z,1789431063252,BTCUSDT,Buy,0.009,77927.90,"{""T"":1789431063252,""s"":""BTCUSDT"",""S"":""Buy"",""v"":""0.009"",""p"":""77927.90""}"
2026-09-15T00:11:04.409760Z,1789431063893,LSKUSDT,Buy,3461.0,0.35902,"{""T"":1789431063893,""s"":""LSKUSDT"",""S"":""Buy"",""v"":""3461.0"",""p"":""0.35902""}"
2026-09-15T00:12:39.637171Z,1789431159328,ARKUSDT,Sell,733,0.17639,"{""T"":1789431159328,""s"":""ARKUSDT"",""S"":""Sell"",""v"":""733"",""p"":""0.17639""}"
2026-09-15T00:12:39.988115Z,1789431159890,XAGUSDT,Buy,22.371,62.83,"{""T"":1789431159890,""s"":""XAGUSDT"",""S"":""Buy"",""v"":""22.371"",""p"":""62.83""}"
2026-09-15T00:12:40.326657Z,1789431159890,ETHFIUSDT,Buy,41.1,0.6195,"{""T"":1789431159890,""s"":""ETHFIUSDT"",""S"":""Buy"",""v"":""41.1"",""p"":""0.6195""}"
2026-09-15T00:12:43.636754Z,1789431163278,ARKUSDT,Sell,1811,0.17669,"{""T"":1789431163278,""s"":""ARKUSDT"",""S"":""Sell"",""v"":""1811"",""p"":""0.17669""}"
2026-09-15T00:12:52.910099Z,1789431172708,LSKUSDT,Buy,4008.9,0.35759,"{""T"":1789431172708,""s"":""LSKUSDT"",""S"":""Buy"",""v"":""4008.9"",""p"":""0.35759""}"
2026-09-15T00:14:09.410062Z,1789431248856,LSKUSDT,Buy,156.4,0.35716,"{""T"":1789431248856,""s"":""LSKUSDT"",""S"":""Buy"",""v"":""156.4"",""p"":""0.35716""}"
2026-09-15T00:14:50.640410Z,1789431290307,ARKUSDT,Buy,1591,0.16611,"{""T"":1789431290307,""s"":""ARKUSDT"",""S"":""Buy"",""v"":""1591"",""p"":""0.16611""}"
2026-09-15T00:15:09.494054Z,1789431309026,SUIUSDT,Buy,340,0.71130,"{""T"":1789431309026,""s"":""SUIUSDT"",""S"":""Buy"",""v"":""340"",""p"":""0.71130""}"
2026-09-15T00:15:14.415326Z,1789431313930,ZECUSDT,Buy,0.34,1153.66,"{""T"":1789431313930,""s"":""ZECUSDT"",""S"":""Buy"",""v"":""0.34"",""p"":""1153.66""}"
2026-09-15T00:15:18.567330Z,1789431318479,BTCUSDT,Buy,0.004,77821.80,"{""T"":1789431318479,""s"":""BTCUSDT"",""S"":""Buy"",""v"":""0.004"",""p"":""77821.80""}"
2026-09-15T00:15:26.997720Z,1789431326772,PENGUUSDT,Buy,53380,0.007048,"{""T"":1789431326772,""s"":""PENGUUSDT"",""S"":""Buy"",""v"":""53380"",""p"":""0.007048""}"
2026-09-15T00:15:35.564384Z,1789431335194,FILUSDT,Buy,363.5,0.9054,"{""T"":1789431335194,""s"":""FILUSDT"",""S"":""Buy"",""v"":""363.5"",""p"":""0.9054""}"
2026-09-15T00:15:41.567474Z,1789431341310,BTCUSDT,Buy,0.001,77815.40,"{""T"":1789431341310,""s"":""BTCUSDT"",""S"":""Buy"",""v"":""0.001"",""p"":""77815.40""}"
2026-09-15T00:16:04.410936Z,1789431364311,LSKUSDT,Buy,137.9,0.35578,"{""T"":1789431364311,""s"":""LSKUSDT"",""S"":""Buy"",""v"":""137.9"",""p"":""0.35578""}"
2026-09-15T00:16:04.410936Z,1789431364313,LSKUSDT,Buy,71.9,0.35566,"{""T"":1789431364313,""s"":""LSKUSDT"",""S"":""Buy"",""v"":""71.9"",""p"":""0.35566""}"
2026-09-15T00:16:04.909511Z,1789431364531,LSKUSDT,Buy,48.8,0.35566,"{""T"":1789431364531,""s"":""LSKUSDT"",""S"":""Buy"",""v"":""48.8"",""p"":""0.35566""}"
2026-09-15T00:16:04.909511Z,1789431364754,LSKUSDT,Buy,115.8,0.35485,"{""T"":1789431364754,""s"":""LSKUSDT"",""S"":""Buy"",""v"":""115.8"",""p"":""0.35485""}"
2026-09-15T00:16:05.409519Z,1789431364985,LSKUSDT,Buy,1174.3,0.35547,"{""T"":1789431364985,""s"":""LSKUSDT"",""S"":""Buy"",""v"":""1174.3"",""p"":""0.35547""}"
2026-09-15T00:16:07.909995Z,1789431367561,LSKUSDT,Buy,16.8,0.35403,"{""T"":1789431367561,""s"":""LSKUSDT"",""S"":""Buy"",""v"":""16.8"",""p"":""0.35403""}"
2026-09-15T00:16:07.909995Z,1789431367659,LSKUSDT,Buy,150.0,0.35391,"{""T"":1789431367659,""s"":""LSKUSDT"",""S"":""Buy"",""v"":""150.0"",""p"":""0.35391""}"
2026-09-15T00:16:08.409543Z,1789431367939,LSKUSDT,Buy,13816.0,0.35406,"{""T"":1789431367939,""s"":""LSKUSDT"",""S"":""Buy"",""v"":""13816.0"",""p"":""0.35406""}"
2026-09-15T00:16:08.409543Z,1789431368286,LSKUSDT,Buy,491.0,0.35347,"{""T"":1789431368286,""s"":""LSKUSDT"",""S"":""Buy"",""v"":""491.0"",""p"":""0.35347""}"
2026-09-15T00:16:08.909490Z,1789431368418,LSKUSDT,Buy,1571.9,0.35353,"{""T"":1789431368418,""s"":""LSKUSDT"",""S"":""Buy"",""v"":""1571.9"",""p"":""0.35353""}"
2026-09-15T00:16:08.909490Z,1789431368458,LSKUSDT,Buy,63.9,0.35331,"{""T"":1789431368458,""s"":""LSKUSDT"",""S"":""Buy"",""v"":""63.9"",""p"":""0.35331""}"
2026-09-15T00:16:08.909490Z,1789431368648,LSKUSDT,Buy,120.0,0.35328,"{""T"":1789431368648,""s"":""LSKUSDT"",""S"":""Buy"",""v"":""120.0"",""p"":""0.35328""}"
2026-09-15T00:16:08.909490Z,1789431368719,LSKUSDT,Buy,577.4,0.35313,"{""T"":1789431368719,""s"":""LSKUSDT"",""S"":""Buy"",""v"":""577.4"",""p"":""0.35313""}"
2026-09-15T00:16:08.998394Z,1789431368458,FLOCKUSDT,Buy,152,0.07008,"{""T"":1789431368458,""s"":""FLOCKUSDT"",""S"":""Buy"",""v"":""152"",""p"":""0.07008""}"
2026-09-15T00:16:10.410723Z,1789431370110,LSKUSDT,Buy,700.4,0.35308,"{""T"":1789431370110,""s"":""LSKUSDT"",""S"":""Buy"",""v"":""700.4"",""p"":""0.35308""}"
2026-09-15T00:16:10.410723Z,1789431370239,LSKUSDT,Buy,109.7,0.35299,"{""T"":1789431370239,""s"":""LSKUSDT"",""S"":""Buy"",""v"":""109.7"",""p"":""0.35299""}"
2026-09-15T00:16:10.909799Z,1789431370606,LSKUSDT,Buy,494.5,0.35274,"{""T"":1789431370606,""s"":""LSKUSDT"",""S"":""Buy"",""v"":""494.5"",""p"":""0.35274""}"
2026-09-15T00:16:10.909799Z,1789431370792,LSKUSDT,Buy,393.5,0.35253,"{""T"":1789431370792,""s"":""LSKUSDT"",""S"":""Buy"",""v"":""393.5"",""p"":""0.35253""}"
2026-09-15T00:16:11.409709Z,1789431370903,LSKUSDT,Buy,563.6,0.35242,"{""T"":1789431370903,""s"":""LSKUSDT"",""S"":""Buy"",""v"":""563.6"",""p"":""0.35242""}"
2026-09-15T00:16:11.909533Z,1789431371527,LSKUSDT,Buy,51.2,0.35149,"{""T"":1789431371527,""s"":""LSKUSDT"",""S"":""Buy"",""v"":""51.2"",""p"":""0.35149""}"
2026-09-15T00:16:11.909533Z,1789431371667,LSKUSDT,Buy,353.5,0.35176,"{""T"":1789431371667,""s"":""LSKUSDT"",""S"":""Buy"",""v"":""353.5"",""p"":""0.35176""}"
2026-09-15T00:16:11.909533Z,1789431371668,LSKUSDT,Buy,2962.1,0.35110,"{""T"":1789431371668,""s"":""LSKUSDT"",""S"":""Buy"",""v"":""2962.1"",""p"":""0.35110""}"
2026-09-15T00:16:11.909533Z,1789431371705,LSKUSDT,Buy,35.8,0.35045,"{""T"":1789431371705,""s"":""LSKUSDT"",""S"":""Buy"",""v"":""35.8"",""p"":""0.35045""}"
2026-09-15T00:16:11.909533Z,1789431371738,LSKUSDT,Buy,600.0,0.35172,"{""T"":1789431371738,""s"":""LSKUSDT"",""S"":""Buy"",""v"":""600.0"",""p"":""0.35172""}"
2026-09-15T00:16:13.839008Z,1789431373490,CVCUSDT,Sell,4566,0.03372,"{""T"":1789431373490,""s"":""CVCUSDT"",""S"":""Sell"",""v"":""4566"",""p"":""0.03372""}"
2026-09-15T00:16:13.839008Z,1789431373697,CVCUSDT,Sell,2708,0.03371,"{""T"":1789431373697,""s"":""CVCUSDT"",""S"":""Sell"",""v"":""2708"",""p"":""0.03371""}"
2026-09-15T00:16:13.909560Z,1789431373395,LSKUSDT,Buy,19.0,0.35084,"{""T"":1789431373395,""s"":""LSKUSDT"",""S"":""Buy"",""v"":""19.0"",""p"":""0.35084""}"
2026-09-15T00:16:18.488365Z,1789431378357,CLUSDT,Buy,1.89,97.520,"{""T"":1789431378357,""s"":""CLUSDT"",""S"":""Buy"",""v"":""1.89"",""p"":""97.520""}"
2026-09-15T00:16:18.838507Z,1789431378357,CVCUSDT,Sell,2537,0.03414,"{""T"":1789431378357,""s"":""CVCUSDT"",""S"":""Sell"",""v"":""2537"",""p"":""0.03414""}"
2026-09-15T00:16:19.339027Z,1789431379152,CVCUSDT,Sell,33845,0.03424,"{""T"":1789431379152,""s"":""CVCUSDT"",""S"":""Sell"",""v"":""33845"",""p"":""0.03424""}"
2026-09-15T00:16:19.910011Z,1789431379418,LSKUSDT,Buy,711.4,0.34977,"{""T"":1789431379418,""s"":""LSKUSDT"",""S"":""Buy"",""v"":""711.4"",""p"":""0.34977""}"
2026-09-15T00:16:19.910011Z,1789431379433,LSKUSDT,Buy,220.2,0.34889,"{""T"":1789431379433,""s"":""LSKUSDT"",""S"":""Buy"",""v"":""220.2"",""p"":""0.34889""}"
2026-09-15T00:16:19.910011Z,1789431379565,LSKUSDT,Buy,40.0,0.35006,"{""T"":1789431379565,""s"":""LSKUSDT"",""S"":""Buy"",""v"":""40.0"",""p"":""0.35006""}"
2026-09-15T00:16:19.910011Z,1789431379581,LSKUSDT,Buy,14.4,0.34901,"{""T"":1789431379581,""s"":""LSKUSDT"",""S"":""Buy"",""v"":""14.4"",""p"":""0.34901""}"
2026-09-15T00:16:19.910011Z,1789431379605,LSKUSDT,Buy,2258.3,0.34965,"{""T"":1789431379605,""s"":""LSKUSDT"",""S"":""Buy"",""v"":""2258.3"",""p"":""0.34965""}"
2026-09-15T00:16:19.910011Z,1789431379621,LSKUSDT,Buy,52.4,0.34895,"{""T"":1789431379621,""s"":""LSKUSDT"",""S"":""Buy"",""v"":""52.4"",""p"":""0.34895""}"
2026-09-15T00:16:20.909623Z,1789431380640,LSKUSDT,Buy,0.2,0.34867,"{""T"":1789431380640,""s"":""LSKUSDT"",""S"":""Buy"",""v"":""0.2"",""p"":""0.34867""}"
2026-09-15T00:16:22.409528Z,1789431381985,LSKUSDT,Buy,386.0,0.34848,"{""T"":1789431381985,""s"":""LSKUSDT"",""S"":""Buy"",""v"":""386.0"",""p"":""0.34848""}"
2026-09-15T00:16:24.909773Z,1789431384338,LSKUSDT,Buy,3284.1,0.34785,"{""T"":1789431384338,""s"":""LSKUSDT"",""S"":""Buy"",""v"":""3284.1"",""p"":""0.34785""}"
2026-09-15T00:16:24.909773Z,1789431384423,LSKUSDT,Buy,1654.9,0.34680,"{""T"":1789431384423,""s"":""LSKUSDT"",""S"":""Buy"",""v"":""1654.9"",""p"":""0.34680""}"
2026-09-15T00:16:24.909773Z,1789431384466,LSKUSDT,Buy,139.2,0.34684,"{""T"":1789431384466,""s"":""LSKUSDT"",""S"":""Buy"",""v"":""139.2"",""p"":""0.34684""}"
2026-09-15T00:16:24.909773Z,1789431384595,LSKUSDT,Buy,2324.7,0.34769,"{""T"":1789431384595,""s"":""LSKUSDT"",""S"":""Buy"",""v"":""2324.7"",""p"":""0.34769""}"
2026-09-15T00:16:24.909773Z,1789431384725,LSKUSDT,Buy,643.7,0.34788,"{""T"":1789431384725,""s"":""LSKUSDT"",""S"":""Buy"",""v"":""643.7"",""p"":""0.34788""}"
2026-09-15T00:16:24.909773Z,1789431384755,LSKUSDT,Buy,284.3,0.34819,"{""T"":1789431384755,""s"":""LSKUSDT"",""S"":""Buy"",""v"":""284.3"",""p"":""0.34819""}"
2026-09-15T00:16:24.909773Z,1789431384783,LSKUSDT,Buy,91.1,0.34625,"{""T"":1789431384783,""s"":""LSKUSDT"",""S"":""Buy"",""v"":""91.1"",""p"":""0.34625""}"
2026-09-15T00:16:25.067685Z,1789431384952,BTCUSDT,Buy,0.025,77839.90,"{""T"":1789431384952,""s"":""BTCUSDT"",""S"":""Buy"",""v"":""0.025"",""p"":""77839.90""}"
2026-09-15T00:16:25.409692Z,1789431384920,LSKUSDT,Buy,0.1,0.34632,"{""T"":1789431384920,""s"":""LSKUSDT"",""S"":""Buy"",""v"":""0.1"",""p"":""0.34632""}"
2026-09-15T00:16:25.409692Z,1789431384952,LSKUSDT,Buy,242.1,0.34634,"{""T"":1789431384952,""s"":""LSKUSDT"",""S"":""Buy"",""v"":""242.1"",""p"":""0.34634""}"
2026-09-15T00:16:25.409692Z,1789431385040,LSKUSDT,Buy,1088.1,0.34835,"{""T"":1789431385040,""s"":""LSKUSDT"",""S"":""Buy"",""v"":""1088.1"",""p"":""0.34835""}"
2026-09-15T00:16:25.909931Z,1789431385718,LSKUSDT,Buy,359.2,0.34594,"{""T"":1789431385718,""s"":""LSKUSDT"",""S"":""Buy"",""v"":""359.2"",""p"":""0.34594""}"
2026-09-15T00:16:26.409398Z,1789431386201,LSKUSDT,Buy,460.9,0.34500,"{""T"":1789431386201,""s"":""LSKUSDT"",""S"":""Buy"",""v"":""460.9"",""p"":""0.34500""}"
2026-09-15T00:16:26.909687Z,1789431386750,LSKUSDT,Buy,15.0,0.34552,"{""T"":1789431386750,""s"":""LSKUSDT"",""S"":""Buy"",""v"":""15.0"",""p"":""0.34552""}"
2026-09-15T00:16:27.409906Z,1789431386850,LSKUSDT,Buy,4288.3,0.34474,"{""T"":1789431386850,""s"":""LSKUSDT"",""S"":""Buy"",""v"":""4288.3"",""p"":""0.34474""}"
2026-09-15T00:16:27.911737Z,1789431387470,LSKUSDT,Buy,113.8,0.34429,"{""T"":1789431387470,""s"":""LSKUSDT"",""S"":""Buy"",""v"":""113.8"",""p"":""0.34429""}"
2026-09-15T00:16:27.911737Z,1789431387755,LSKUSDT,Buy,103.6,0.34367,"{""T"":1789431387755,""s"":""LSKUSDT"",""S"":""Buy"",""v"":""103.6"",""p"":""0.34367""}"
2026-09-15T00:16:28.409610Z,1789431387992,LSKUSDT,Buy,1260.7,0.34299,"{""T"":1789431387992,""s"":""LSKUSDT"",""S"":""Buy"",""v"":""1260.7"",""p"":""0.34299""}"
2026-09-15T00:16:28.409610Z,1789431388250,LSKUSDT,Buy,2770.0,0.34256,"{""T"":1789431388250,""s"":""LSKUSDT"",""S"":""Buy"",""v"":""2770.0"",""p"":""0.34256""}"
2026-09-15T00:16:28.909743Z,1789431388699,LSKUSDT,Buy,1003.3,0.34269,"{""T"":1789431388699,""s"":""LSKUSDT"",""S"":""Buy"",""v"":""1003.3"",""p"":""0.34269""}"
2026-09-15T00:16:28.909743Z,1789431388797,LSKUSDT,Buy,33.0,0.34168,"{""T"":1789431388797,""s"":""LSKUSDT"",""S"":""Buy"",""v"":""33.0"",""p"":""0.34168""}"
2026-09-15T00:16:29.409447Z,1789431388827,LSKUSDT,Buy,198.3,0.34201,"{""T"":1789431388827,""s"":""LSKUSDT"",""S"":""Buy"",""v"":""198.3"",""p"":""0.34201""}"
2026-09-15T00:16:29.409447Z,1789431388853,LSKUSDT,Buy,384.6,0.34266,"{""T"":1789431388853,""s"":""LSKUSDT"",""S"":""Buy"",""v"":""384.6"",""p"":""0.34266""}"
2026-09-15T00:16:29.409447Z,1789431389007,LSKUSDT,Buy,35.1,0.34236,"{""T"":1789431389007,""s"":""LSKUSDT"",""S"":""Buy"",""v"":""35.1"",""p"":""0.34236""}"
2026-09-15T00:16:29.409447Z,1789431389024,LSKUSDT,Buy,231.5,0.34235,"{""T"":1789431389024,""s"":""LSKUSDT"",""S"":""Buy"",""v"":""231.5"",""p"":""0.34235""}"
2026-09-15T00:16:45.498525Z,1789431405159,PENGUUSDT,Buy,1430,0.007045,"{""T"":1789431405159,""s"":""PENGUUSDT"",""S"":""Buy"",""v"":""1430"",""p"":""0.007045""}"
2026-09-15T00:17:03.464330Z,1789431423281,ETHUSDT,Buy,0.01,2501.14,"{""T"":1789431423281,""s"":""ETHUSDT"",""S"":""Buy"",""v"":""0.01"",""p"":""2501.14""}"
2026-09-15T00:17:42.909566Z,1789431462454,LSKUSDT,Sell,352.0,0.37005,"{""T"":1789431462454,""s"":""LSKUSDT"",""S"":""Sell"",""v"":""352.0"",""p"":""0.37005""}"
2026-09-15T00:18:11.518035Z,1789431491272,TAOUSDT,Buy,1.533,229.57,"{""T"":1789431491272,""s"":""TAOUSDT"",""S"":""Buy"",""v"":""1.533"",""p"":""229.57""}"
2026-09-15T00:18:18.017409Z,1789431497919,ATOMUSDT,Buy,3154.6,1.5630,"{""T"":1789431497919,""s"":""ATOMUSDT"",""S"":""Buy"",""v"":""3154.6"",""p"":""1.5630""}"
2026-09-15T00:18:18.338787Z,1789431497919,AAVEUSDT,Buy,164.04,126.82,"{""T"":1789431497919,""s"":""AAVEUSDT"",""S"":""Buy"",""v"":""164.04"",""p"":""126.82""}"
2026-09-15T00:18:18.415775Z,1789431497919,ADAUSDT,Buy,28096,0.2064,"{""T"":1789431497919,""s"":""ADAUSDT"",""S"":""Buy"",""v"":""28096"",""p"":""0.2064""}"
2026-09-15T00:18:18.958127Z,1789431498391,ETHUSDT,Buy,0.01,2500.55,"{""T"":1789431498391,""s"":""ETHUSDT"",""S"":""Buy"",""v"":""0.01"",""p"":""2500.55""}"
2026-09-15T00:18:22.018652Z,1789431501849,LTCUSDT,Buy,6.0,52.51,"{""T"":1789431501849,""s"":""LTCUSDT"",""S"":""Buy"",""v"":""6.0"",""p"":""52.51""}"
2026-09-15T00:18:22.338676Z,1789431501849,AAVEUSDT,Buy,1.00,126.85,"{""T"":1789431501849,""s"":""AAVEUSDT"",""S"":""Buy"",""v"":""1.00"",""p"":""126.85""}"
2026-09-15T00:18:37.567384Z,1789431517380,BTCUSDT,Buy,0.004,77797.80,"{""T"":1789431517380,""s"":""BTCUSDT"",""S"":""Buy"",""v"":""0.004"",""p"":""77797.80""}"
2026-09-15T00:18:37.830868Z,1789431517460,REZUSDT,Buy,21292,0.003899,"{""T"":1789431517460,""s"":""REZUSDT"",""S"":""Buy"",""v"":""21292"",""p"":""0.003899""}"
2026-09-15T00:18:42.567404Z,1789431522423,BTCUSDT,Buy,0.062,77789.00,"{""T"":1789431522423,""s"":""BTCUSDT"",""S"":""Buy"",""v"":""0.062"",""p"":""77789.00""}"
2026-09-15T00:18:42.567404Z,1789431522443,BTCUSDT,Buy,0.003,77789.60,"{""T"":1789431522443,""s"":""BTCUSDT"",""S"":""Buy"",""v"":""0.003"",""p"":""77789.60""}"
2026-09-15T00:19:23.457964Z,1789431562911,ETHUSDT,Buy,0.09,2499.95,"{""T"":1789431562911,""s"":""ETHUSDT"",""S"":""Buy"",""v"":""0.09"",""p"":""2499.95""}"
2026-09-15T00:19:23.457964Z,1789431562979,ETHUSDT,Buy,22.91,2499.66,"{""T"":1789431562979,""s"":""ETHUSDT"",""S"":""Buy"",""v"":""22.91"",""p"":""2499.66""}"
2026-09-15T00:19:23.457964Z,1789431563031,ETHUSDT,Buy,0.10,2499.40,"{""T"":1789431563031,""s"":""ETHUSDT"",""S"":""Buy"",""v"":""0.10"",""p"":""2499.40""}"
2026-09-15T00:19:23.457964Z,1789431563198,ETHUSDT,Buy,0.38,2499.72,"{""T"":1789431563198,""s"":""ETHUSDT"",""S"":""Buy"",""v"":""0.38"",""p"":""2499.72""}"
2026-09-15T00:19:26.457742Z,1789431566071,ETHUSDT,Buy,0.41,2499.12,"{""T"":1789431566071,""s"":""ETHUSDT"",""S"":""Buy"",""v"":""0.41"",""p"":""2499.12""}"
2026-09-15T00:19:50.067750Z,1789431589853,BTCUSDT,Buy,0.130,77765.90,"{""T"":1789431589853,""s"":""BTCUSDT"",""S"":""Buy"",""v"":""0.130"",""p"":""77765.90""}"
2026-09-15T00:19:52.018335Z,1789431591522,LTCUSDT,Buy,19.8,52.47,"{""T"":1789431591522,""s"":""LTCUSDT"",""S"":""Buy"",""v"":""19.8"",""p"":""52.47""}"
2026-09-15T00:19:54.839525Z,1789431594484,CVCUSDT,Buy,160,0.03233,"{""T"":1789431594484,""s"":""CVCUSDT"",""S"":""Buy"",""v"":""160"",""p"":""0.03233""}"
2026-09-15T00:20:06.340707Z,1789431606247,XRPUSDT,Buy,202.6,1.4113,"{""T"":1789431606247,""s"":""XRPUSDT"",""S"":""Buy"",""v"":""202.6"",""p"":""1.4113""}"
2026-09-15T00:20:20.567419Z,1789431620037,BTCUSDT,Buy,0.003,77755.50,"{""T"":1789431620037,""s"":""BTCUSDT"",""S"":""Buy"",""v"":""0.003"",""p"":""77755.50""}"
2026-09-15T00:20:20.988377Z,1789431620817,CLUSDT,Sell,0.13,98.590,"{""T"":1789431620817,""s"":""CLUSDT"",""S"":""Sell"",""v"":""0.13"",""p"":""98.590""}"
2026-09-15T00:20:21.067564Z,1789431620702,BTCUSDT,Buy,0.008,77753.20,"{""T"":1789431620702,""s"":""BTCUSDT"",""S"":""Buy"",""v"":""0.008"",""p"":""77753.20""}"
2026-09-15T00:20:21.067564Z,1789431620801,BTCUSDT,Buy,0.007,77751.50,"{""T"":1789431620801,""s"":""BTCUSDT"",""S"":""Buy"",""v"":""0.007"",""p"":""77751.50""}"
2026-09-15T00:20:26.338725Z,1789431625811,XRPUSDT,Buy,10.0,1.4108,"{""T"":1789431625811,""s"":""XRPUSDT"",""S"":""Buy"",""v"":""10.0"",""p"":""1.4108""}"
2026-09-15T00:20:26.564314Z,1789431626096,SOLUSDT,Buy,149.9,101.870,"{""T"":1789431626096,""s"":""SOLUSDT"",""S"":""Buy"",""v"":""149.9"",""p"":""101.870""}"
2026-09-15T00:20:31.338788Z,1789431631237,XRPUSDT,Buy,39.7,1.4106,"{""T"":1789431631237,""s"":""XRPUSDT"",""S"":""Buy"",""v"":""39.7"",""p"":""1.4106""}"
2026-09-15T00:20:31.415887Z,1789431631111,ZECUSDT,Buy,4.00,1152.94,"{""T"":1789431631111,""s"":""ZECUSDT"",""S"":""Buy"",""v"":""4.00"",""p"":""1152.94""}"
2026-09-15T00:20:31.457709Z,1789431631111,ETHUSDT,Buy,4.00,2497.96,"{""T"":1789431631111,""s"":""ETHUSDT"",""S"":""Buy"",""v"":""4.00"",""p"":""2497.96""}"
2026-09-15T00:20:31.457709Z,1789431631150,ETHUSDT,Buy,0.95,2497.96,"{""T"":1789431631150,""s"":""ETHUSDT"",""S"":""Buy"",""v"":""0.95"",""p"":""2497.96""}"
2026-09-15T00:20:31.488224Z,1789431631263,QQQUSDT,Buy,1.00,700.94,"{""T"":1789431631263,""s"":""QQQUSDT"",""S"":""Buy"",""v"":""1.00"",""p"":""700.94""}"
2026-09-15T00:20:31.838802Z,1789431631263,XRPUSDT,Buy,416.7,1.4103,"{""T"":1789431631263,""s"":""XRPUSDT"",""S"":""Buy"",""v"":""416.7"",""p"":""1.4103""}"
2026-09-15T00:20:32.564025Z,1789431632434,SOLUSDT,Buy,4.6,101.860,"{""T"":1789431632434,""s"":""SOLUSDT"",""S"":""Buy"",""v"":""4.6"",""p"":""101.860""}"
2026-09-15T00:20:34.957995Z,1789431634392,ETHUSDT,Buy,0.01,2497.90,"{""T"":1789431634392,""s"":""ETHUSDT"",""S"":""Buy"",""v"":""0.01"",""p"":""2497.90""}"
2026-09-15T00:21:16.314891Z,1789431675977,TRUMPUSDT,Buy,4166.1,1.977,"{""T"":1789431675977,""s"":""TRUMPUSDT"",""S"":""Buy"",""v"":""4166.1"",""p"":""1.977""}"
2026-09-15T00:21:29.839043Z,1789431689538,XRPUSDT,Buy,5035.9,1.4101,"{""T"":1789431689538,""s"":""XRPUSDT"",""S"":""Buy"",""v"":""5035.9"",""p"":""1.4101""}"
2026-09-15T00:22:38.409714Z,1789431758202,POWERUSDT,Sell,452,0.15749,"{""T"":1789431758202,""s"":""POWERUSDT"",""S"":""Sell"",""v"":""452"",""p"":""0.15749""}"
2026-09-15T00:22:38.909736Z,1789431758376,POWERUSDT,Sell,1743,0.15810,"{""T"":1789431758376,""s"":""POWERUSDT"",""S"":""Sell"",""v"":""1743"",""p"":""0.15810""}"
2026-09-15T00:22:39.410527Z,1789431759113,POWERUSDT,Sell,884,0.15763,"{""T"":1789431759113,""s"":""POWERUSDT"",""S"":""Sell"",""v"":""884"",""p"":""0.15763""}"
2026-09-15T00:22:46.415424Z,1789431765984,ARBUSDT,Buy,3913.0,0.13149,"{""T"":1789431765984,""s"":""ARBUSDT"",""S"":""Buy"",""v"":""3913.0"",""p"":""0.13149""}"
2026-09-15T00:22:46.916527Z,1789431766329,ARBUSDT,Buy,26631.4,0.13149,"{""T"":1789431766329,""s"":""ARBUSDT"",""S"":""Buy"",""v"":""26631.4"",""p"":""0.13149""}"
2026-09-15T00:22:46.916527Z,1789431766349,ARBUSDT,Buy,3594.0,0.13144,"{""T"":1789431766349,""s"":""ARBUSDT"",""S"":""Buy"",""v"":""3594.0"",""p"":""0.13144""}"
2026-09-15T00:24:07.411716Z,1789431846985,POWERUSDT,Sell,25833,0.15853,"{""T"":1789431846985,""s"":""POWERUSDT"",""S"":""Sell"",""v"":""25833"",""p"":""0.15853""}"
2026-09-15T00:24:22.833703Z,1789431862248,4STOCKUSDT,Buy,560,0.01539,"{""T"":1789431862248,""s"":""4STOCKUSDT"",""S"":""Buy"",""v"":""560"",""p"":""0.01539""}"
2026-09-15T00:24:23.830718Z,1789431863652,4STOCKUSDT,Buy,780,0.01533,"{""T"":1789431863652,""s"":""4STOCKUSDT"",""S"":""Buy"",""v"":""780"",""p"":""0.01533""}"
2026-09-15T00:24:30.361244Z,1789431870238,SNXXUSDT,Sell,2.65,14.14,"{""T"":1789431870238,""s"":""SNXXUSDT"",""S"":""Sell"",""v"":""2.65"",""p"":""14.14""}"
2026-09-15T00:24:32.409787Z,1789431872057,STEEMUSDT,Sell,92520,0.06788,"{""T"":1789431872057,""s"":""STEEMUSDT"",""S"":""Sell"",""v"":""92520"",""p"":""0.06788""}"
2026-09-15T00:24:47.409983Z,1789431886858,STEEMUSDT,Sell,2957,0.06847,"{""T"":1789431886858,""s"":""STEEMUSDT"",""S"":""Sell"",""v"":""2957"",""p"":""0.06847""}"
2026-09-15T00:25:10.409759Z,1789431910187,STEEMUSDT,Sell,903,0.06935,"{""T"":1789431910187,""s"":""STEEMUSDT"",""S"":""Sell"",""v"":""903"",""p"":""0.06935""}"
2026-09-15T00:26:35.063946Z,1789431994715,FILUSDT,Buy,99.7,0.9024,"{""T"":1789431994715,""s"":""FILUSDT"",""S"":""Buy"",""v"":""99.7"",""p"":""0.9024""}"
2026-09-15T00:26:39.064049Z,1789431998974,FILUSDT,Buy,155.2,0.9021,"{""T"":1789431998974,""s"":""FILUSDT"",""S"":""Buy"",""v"":""155.2"",""p"":""0.9021""}"
2026-09-15T00:26:59.338822Z,1789432019038,CVCUSDT,Sell,3690,0.03479,"{""T"":1789432019038,""s"":""CVCUSDT"",""S"":""Sell"",""v"":""3690"",""p"":""0.03479""}"
2026-09-15T00:26:59.494042Z,1789432019038,BRUSDT,Sell,24,0.57899,"{""T"":1789432019038,""s"":""BRUSDT"",""S"":""Sell"",""v"":""24"",""p"":""0.57899""}"
2026-09-15T00:27:16.068094Z,1789432035781,FILUSDT,Buy,589.6,0.9009,"{""T"":1789432035781,""s"":""FILUSDT"",""S"":""Buy"",""v"":""589.6"",""p"":""0.9009""}"
2026-09-15T00:27:26.994727Z,1789432046507,LAUSDT,Buy,7011.9,0.06827,"{""T"":1789432046507,""s"":""LAUSDT"",""S"":""Buy"",""v"":""7011.9"",""p"":""0.06827""}"
2026-09-15T00:27:41.067719Z,1789432060637,FILUSDT,Buy,1274.9,0.8996,"{""T"":1789432060637,""s"":""FILUSDT"",""S"":""Buy"",""v"":""1274.9"",""p"":""0.8996""}"
2026-09-15T00:27:59.064783Z,1789432078964,FILUSDT,Buy,68.7,0.8962,"{""T"":1789432078964,""s"":""FILUSDT"",""S"":""Buy"",""v"":""68.7"",""p"":""0.8962""}"
2026-09-15T00:27:59.564402Z,1789432079461,FILUSDT,Buy,37.8,0.8960,"{""T"":1789432079461,""s"":""FILUSDT"",""S"":""Buy"",""v"":""37.8"",""p"":""0.8960""}"
2026-09-15T00:28:05.563303Z,1789432085464,FILUSDT,Buy,22.6,0.8946,"{""T"":1789432085464,""s"":""FILUSDT"",""S"":""Buy"",""v"":""22.6"",""p"":""0.8946""}"
2026-09-15T00:28:35.567551Z,1789432115316,BTCUSDT,Buy,0.003,77717.80,"{""T"":1789432115316,""s"":""BTCUSDT"",""S"":""Buy"",""v"":""0.003"",""p"":""77717.80""}"
2026-09-15T00:28:35.839249Z,1789432115551,XRPUSDT,Buy,4000.0,1.4091,"{""T"":1789432115551,""s"":""XRPUSDT"",""S"":""Buy"",""v"":""4000.0"",""p"":""1.4091""}"
2026-09-15T00:28:37.339213Z,1789432116986,XRPUSDT,Buy,88.0,1.4087,"{""T"":1789432116986,""s"":""XRPUSDT"",""S"":""Buy"",""v"":""88.0"",""p"":""1.4087""}"
2026-09-15T00:28:37.566613Z,1789432117407,BTCUSDT,Buy,0.001,77709.60,"{""T"":1789432117407,""s"":""BTCUSDT"",""S"":""Buy"",""v"":""0.001"",""p"":""77709.60""}"
2026-09-15T00:28:56.909595Z,1789432136432,POWERUSDT,Sell,3768,0.15974,"{""T"":1789432136432,""s"":""POWERUSDT"",""S"":""Sell"",""v"":""3768"",""p"":""0.15974""}"
2026-09-15T00:29:02.909471Z,1789432142744,POWERUSDT,Sell,344,0.15996,"{""T"":1789432142744,""s"":""POWERUSDT"",""S"":""Sell"",""v"":""344"",""p"":""0.15996""}"
2026-09-15T00:29:48.564365Z,1789432188153,FILUSDT,Buy,230.6,0.8933,"{""T"":1789432188153,""s"":""FILUSDT"",""S"":""Buy"",""v"":""230.6"",""p"":""0.8933""}"
2026-09-15T00:29:57.063527Z,1789432196890,FILUSDT,Buy,1033.3,0.8898,"{""T"":1789432196890,""s"":""FILUSDT"",""S"":""Buy"",""v"":""1033.3"",""p"":""0.8898""}"
2026-09-15T00:29:57.563488Z,1789432197195,FILUSDT,Buy,1286.3,0.8901,"{""T"":1789432197195,""s"":""FILUSDT"",""S"":""Buy"",""v"":""1286.3"",""p"":""0.8901""}"
2026-09-15T00:29:57.563488Z,1789432197323,FILUSDT,Buy,100.0,0.8900,"{""T"":1789432197323,""s"":""FILUSDT"",""S"":""Buy"",""v"":""100.0"",""p"":""0.8900""}"
2026-09-15T00:32:09.360854Z,1789432329136,TUSDT,Sell,77710,0.005438,"{""T"":1789432329136,""s"":""TUSDT"",""S"":""Sell"",""v"":""77710"",""p"":""0.005438""}"
2026-09-15T00:32:24.412684Z,1789432344095,POWERUSDT,Sell,148,0.16137,"{""T"":1789432344095,""s"":""POWERUSDT"",""S"":""Sell"",""v"":""148"",""p"":""0.16137""}"
2026-09-15T00:32:28.409758Z,1789432348237,LSKUSDT,Buy,1621.0,0.35235,"{""T"":1789432348237,""s"":""LSKUSDT"",""S"":""Buy"",""v"":""1621.0"",""p"":""0.35235""}"
2026-09-15T00:32:28.409758Z,1789432348263,LSKUSDT,Buy,1287.5,0.35185,"{""T"":1789432348263,""s"":""LSKUSDT"",""S"":""Buy"",""v"":""1287.5"",""p"":""0.35185""}"
2026-09-15T00:32:29.409537Z,1789432348968,LSKUSDT,Buy,29.9,0.35266,"{""T"":1789432348968,""s"":""LSKUSDT"",""S"":""Buy"",""v"":""29.9"",""p"":""0.35266""}"
2026-09-15T00:32:31.409075Z,1789432351228,LSKUSDT,Buy,564.9,0.34907,"{""T"":1789432351228,""s"":""LSKUSDT"",""S"":""Buy"",""v"":""564.9"",""p"":""0.34907""}"
2026-09-15T00:32:52.909774Z,1789432372448,POWERUSDT,Sell,231,0.16249,"{""T"":1789432372448,""s"":""POWERUSDT"",""S"":""Sell"",""v"":""231"",""p"":""0.16249""}"
2026-09-15T00:32:56.409175Z,1789432376176,POWERUSDT,Sell,252,0.16289,"{""T"":1789432376176,""s"":""POWERUSDT"",""S"":""Sell"",""v"":""252"",""p"":""0.16289""}"
2026-09-15T00:32:56.409175Z,1789432376182,POWERUSDT,Sell,608,0.16277,"{""T"":1789432376182,""s"":""POWERUSDT"",""S"":""Sell"",""v"":""608"",""p"":""0.16277""}"
2026-09-15T00:33:43.361070Z,1789432423204,TUSDT,Sell,200,0.005490,"{""T"":1789432423204,""s"":""TUSDT"",""S"":""Sell"",""v"":""200"",""p"":""0.005490""}"
2026-09-15T00:36:10.317755Z,1789432569823,XPLUSDT,Sell,69,0.08504,"{""T"":1789432569823,""s"":""XPLUSDT"",""S"":""Sell"",""v"":""69"",""p"":""0.08504""}"
2026-09-15T00:36:10.813786Z,1789432570336,XPLUSDT,Sell,99,0.08505,"{""T"":1789432570336,""s"":""XPLUSDT"",""S"":""Sell"",""v"":""99"",""p"":""0.08505""}"
2026-09-15T00:36:21.567220Z,1789432581440,BTCUSDT,Buy,0.007,77687.50,"{""T"":1789432581440,""s"":""BTCUSDT"",""S"":""Buy"",""v"":""0.007"",""p"":""77687.50""}"
2026-09-15T00:37:19.409329Z,1789432639239,CAPUSDT,Sell,8720,0.06779,"{""T"":1789432639239,""s"":""CAPUSDT"",""S"":""Sell"",""v"":""8720"",""p"":""0.06779""}"
2026-09-15T00:37:21.410057Z,1789432641239,CAPUSDT,Sell,1580,0.06793,"{""T"":1789432641239,""s"":""CAPUSDT"",""S"":""Sell"",""v"":""1580"",""p"":""0.06793""}"
2026-09-15T00:37:23.409119Z,1789432643085,CAPUSDT,Sell,170,0.06848,"{""T"":1789432643085,""s"":""CAPUSDT"",""S"":""Sell"",""v"":""170"",""p"":""0.06848""}"
2026-09-15T00:40:09.415602Z,1789432809195,UNIUSDT,Sell,471.9,6.693,"{""T"":1789432809195,""s"":""UNIUSDT"",""S"":""Sell"",""v"":""471.9"",""p"":""6.693""}"
2026-09-15T00:40:43.409313Z,1789432843019,LSKUSDT,Sell,5268.2,0.37732,"{""T"":1789432843019,""s"":""LSKUSDT"",""S"":""Sell"",""v"":""5268.2"",""p"":""0.37732""}"
2026-09-15T00:41:02.909786Z,1789432862816,LSKUSDT,Sell,95.0,0.37916,"{""T"":1789432862816,""s"":""LSKUSDT"",""S"":""Sell"",""v"":""95.0"",""p"":""0.37916""}"
2026-09-15T00:41:53.409532Z,1789432913033,LSKUSDT,Sell,1782.0,0.38860,"{""T"":1789432913033,""s"":""LSKUSDT"",""S"":""Sell"",""v"":""1782.0"",""p"":""0.38860""}"
2026-09-15T00:41:53.909337Z,1789432913797,LSKUSDT,Sell,425.0,0.38910,"{""T"":1789432913797,""s"":""LSKUSDT"",""S"":""Sell"",""v"":""425.0"",""p"":""0.38910""}"
2026-09-15T00:42:19.349566Z,1789432938965,UAIUSDT,Buy,119,0.42240,"{""T"":1789432938965,""s"":""UAIUSDT"",""S"":""Buy"",""v"":""119"",""p"":""0.42240""}"
2026-09-15T00:42:36.409758Z,1789432956057,LSKUSDT,Sell,837.6,0.39138,"{""T"":1789432956057,""s"":""LSKUSDT"",""S"":""Sell"",""v"":""837.6"",""p"":""0.39138""}"
2026-09-15T00:42:40.338603Z,1789432960197,LITUSDT,Buy,0.1,4.3350,"{""T"":1789432960197,""s"":""LITUSDT"",""S"":""Buy"",""v"":""0.1"",""p"":""4.3350""}"
2026-09-15T00:42:40.566796Z,1789432960101,BTCUSDT,Buy,0.012,77660.30,"{""T"":1789432960101,""s"":""BTCUSDT"",""S"":""Buy"",""v"":""0.012"",""p"":""77660.30""}"
2026-09-15T00:42:40.838380Z,1789432960276,LITUSDT,Buy,0.1,4.3350,"{""T"":1789432960276,""s"":""LITUSDT"",""S"":""Buy"",""v"":""0.1"",""p"":""4.3350""}"
2026-09-15T00:42:41.066681Z,1789432960676,BTCUSDT,Buy,0.473,77683.50,"{""T"":1789432960676,""s"":""BTCUSDT"",""S"":""Buy"",""v"":""0.473"",""p"":""77683.50""}"
2026-09-15T00:42:41.066681Z,1789432960779,BTCUSDT,Buy,0.186,77662.40,"{""T"":1789432960779,""s"":""BTCUSDT"",""S"":""Buy"",""v"":""0.186"",""p"":""77662.40""}"
2026-09-15T00:42:43.909303Z,1789432963722,CRCLUSDT,Buy,21.84,93.35,"{""T"":1789432963722,""s"":""CRCLUSDT"",""S"":""Buy"",""v"":""21.84"",""p"":""93.35""}"
2026-09-15T00:42:48.915632Z,1789432968741,ZECUSDT,Buy,0.01,1153.10,"{""T"":1789432968741,""s"":""ZECUSDT"",""S"":""Buy"",""v"":""0.01"",""p"":""1153.10""}"
2026-09-15T00:42:49.314633Z,1789432968741,PUMPFUNUSDT,Buy,976500,0.0036410,"{""T"":1789432968741,""s"":""PUMPFUNUSDT"",""S"":""Buy"",""v"":""976500"",""p"":""0.0036410""}"
2026-09-15T00:42:49.315063Z,1789432968741,XPLUSDT,Buy,32256,0.08339,"{""T"":1789432968741,""s"":""XPLUSDT"",""S"":""Buy"",""v"":""32256"",""p"":""0.08339""}"
2026-09-15T00:42:49.326397Z,1789432968741,FARTCOINUSDT,Buy,41,0.14170,"{""T"":1789432968741,""s"":""FARTCOINUSDT"",""S"":""Buy"",""v"":""41"",""p"":""0.14170""}"
2026-09-15T00:42:54.909653Z,1789432974488,LSKUSDT,Sell,39.3,0.39377,"{""T"":1789432974488,""s"":""LSKUSDT"",""S"":""Sell"",""v"":""39.3"",""p"":""0.39377""}"
2026-09-15T00:43:34.830006Z,1789433014562,PONSUSDT,Buy,27,0.6142,"{""T"":1789433014562,""s"":""PONSUSDT"",""S"":""Buy"",""v"":""27"",""p"":""0.6142""}"
2026-09-15T00:43:34.830006Z,1789433014607,PONSUSDT,Buy,119,0.6135,"{""T"":1789433014607,""s"":""PONSUSDT"",""S"":""Buy"",""v"":""119"",""p"":""0.6135""}"
2026-09-15T00:43:58.353686Z,1789433037912,UAIUSDT,Buy,649,0.40540,"{""T"":1789433037912,""s"":""UAIUSDT"",""S"":""Buy"",""v"":""649"",""p"":""0.40540""}"
2026-09-15T00:44:22.350071Z,1789433061999,UAIUSDT,Buy,26,0.40370,"{""T"":1789433061999,""s"":""UAIUSDT"",""S"":""Buy"",""v"":""26"",""p"":""0.40370""}"
2026-09-15T00:44:22.350071Z,1789433062205,UAIUSDT,Buy,881,0.40270,"{""T"":1789433062205,""s"":""UAIUSDT"",""S"":""Buy"",""v"":""881"",""p"":""0.40270""}"
2026-09-15T00:45:02.350058Z,1789433102121,UAIUSDT,Buy,24,0.40060,"{""T"":1789433102121,""s"":""UAIUSDT"",""S"":""Buy"",""v"":""24"",""p"":""0.40060""}"
2026-09-15T00:45:03.360757Z,1789433103071,TUSDT,Sell,24300,0.005605,"{""T"":1789433103071,""s"":""TUSDT"",""S"":""Sell"",""v"":""24300"",""p"":""0.005605""}"
2026-09-15T00:45:16.849604Z,1789433116479,UAIUSDT,Buy,228,0.39530,"{""T"":1789433116479,""s"":""UAIUSDT"",""S"":""Buy"",""v"":""228"",""p"":""0.39530""}"
2026-09-15T00:46:30.488358Z,1789433190024,SOXLUSDT,Buy,47.18,102.69,"{""T"":1789433190024,""s"":""SOXLUSDT"",""S"":""Buy"",""v"":""47.18"",""p"":""102.69""}"
2026-09-15T00:47:02.830535Z,1789433222433,NIULAIUSDT,Buy,240,0.11807,"{""T"":1789433222433,""s"":""NIULAIUSDT"",""S"":""Buy"",""v"":""240"",""p"":""0.11807""}"
2026-09-15T00:47:08.826698Z,1789433228484,AVAAIUSDT,Sell,2460,0.010687,"{""T"":1789433228484,""s"":""AVAAIUSDT"",""S"":""Sell"",""v"":""2460"",""p"":""0.010687""}"
2026-09-15T00:47:08.849743Z,1789433228484,USELESSUSDT,Buy,117,0.19275,"{""T"":1789433228484,""s"":""USELESSUSDT"",""S"":""Buy"",""v"":""117"",""p"":""0.19275""}"
2026-09-15T00:47:08.860946Z,1789433228484,APTUSDT,Buy,0.67,0.5805,"{""T"":1789433228484,""s"":""APTUSDT"",""S"":""Buy"",""v"":""0.67"",""p"":""0.5805""}"
2026-09-15T00:47:08.909307Z,1789433228484,POWERUSDT,Sell,238,0.16184,"{""T"":1789433228484,""s"":""POWERUSDT"",""S"":""Sell"",""v"":""238"",""p"":""0.16184""}"
2026-09-15T00:47:08.915043Z,1789433228484,ARBUSDT,Buy,2034.1,0.13106,"{""T"":1789433228484,""s"":""ARBUSDT"",""S"":""Buy"",""v"":""2034.1"",""p"":""0.13106""}"
2026-09-15T00:47:10.415621Z,1789433230272,ARBUSDT,Buy,68784.3,0.13085,"{""T"":1789433230272,""s"":""ARBUSDT"",""S"":""Buy"",""v"":""68784.3"",""p"":""0.13085""}"
2026-09-15T00:47:10.915391Z,1789433230548,ARBUSDT,Buy,6308.9,0.13083,"{""T"":1789433230548,""s"":""ARBUSDT"",""S"":""Buy"",""v"":""6308.9"",""p"":""0.13083""}"
2026-09-15T00:47:12.915240Z,1789433232462,ARBUSDT,Buy,762.4,0.13079,"{""T"":1789433232462,""s"":""ARBUSDT"",""S"":""Buy"",""v"":""762.4"",""p"":""0.13079""}"
2026-09-15T00:47:13.861501Z,1789433233627,APTUSDT,Buy,84.12,0.5792,"{""T"":1789433233627,""s"":""APTUSDT"",""S"":""Buy"",""v"":""84.12"",""p"":""0.5792""}"
2026-09-15T00:47:13.915260Z,1789433233627,ARBUSDT,Buy,698.9,0.13059,"{""T"":1789433233627,""s"":""ARBUSDT"",""S"":""Buy"",""v"":""698.9"",""p"":""0.13059""}"
2026-09-15T00:48:17.636923Z,1789433297281,ARKUSDT,Buy,485,0.16170,"{""T"":1789433297281,""s"":""ARKUSDT"",""S"":""Buy"",""v"":""485"",""p"":""0.16170""}"
2026-09-15T00:48:26.137105Z,1789433305636,ARKUSDT,Buy,1765,0.16110,"{""T"":1789433305636,""s"":""ARKUSDT"",""S"":""Buy"",""v"":""1765"",""p"":""0.16110""}"
2026-09-15T00:49:21.409730Z,1789433361020,LSKUSDT,Buy,236.2,0.37012,"{""T"":1789433361020,""s"":""LSKUSDT"",""S"":""Buy"",""v"":""236.2"",""p"":""0.37012""}"
2026-09-15T00:52:26.325081Z,1789433546060,AVAAIUSDT,Sell,1575,0.010830,"{""T"":1789433546060,""s"":""AVAAIUSDT"",""S"":""Sell"",""v"":""1575"",""p"":""0.010830""}"
2026-09-15T00:56:14.408117Z,1789433773893,CAPUSDT,Sell,1000,0.06871,"{""T"":1789433773893,""s"":""CAPUSDT"",""S"":""Sell"",""v"":""1000"",""p"":""0.06871""}"
2026-09-15T00:56:25.411050Z,1789433785292,LSKUSDT,Sell,3131.4,0.39223,"{""T"":1789433785292,""s"":""LSKUSDT"",""S"":""Sell"",""v"":""3131.4"",""p"":""0.39223""}"
2026-09-15T00:56:25.907737Z,1789433785720,LSKUSDT,Sell,359.2,0.39274,"{""T"":1789433785720,""s"":""LSKUSDT"",""S"":""Sell"",""v"":""359.2"",""p"":""0.39274""}"
2026-09-15T00:56:26.407654Z,1789433785912,LSKUSDT,Sell,4743.7,0.39306,"{""T"":1789433785912,""s"":""LSKUSDT"",""S"":""Sell"",""v"":""4743.7"",""p"":""0.39306""}"
2026-09-15T00:56:27.907941Z,1789433787406,LSKUSDT,Sell,3017.7,0.39497,"{""T"":1789433787406,""s"":""LSKUSDT"",""S"":""Sell"",""v"":""3017.7"",""p"":""0.39497""}"
2026-09-15T00:56:27.907941Z,1789433787651,LSKUSDT,Sell,20.3,0.39467,"{""T"":1789433787651,""s"":""LSKUSDT"",""S"":""Sell"",""v"":""20.3"",""p"":""0.39467""}"
2026-09-15T00:56:29.408618Z,1789433789210,LSKUSDT,Sell,809.7,0.39654,"{""T"":1789433789210,""s"":""LSKUSDT"",""S"":""Sell"",""v"":""809.7"",""p"":""0.39654""}"
2026-09-15T00:56:29.907510Z,1789433789653,LSKUSDT,Sell,57.6,0.39816,"{""T"":1789433789653,""s"":""LSKUSDT"",""S"":""Sell"",""v"":""57.6"",""p"":""0.39816""}"
2026-09-15T00:56:30.907759Z,1789433790340,LSKUSDT,Sell,5257.2,0.39872,"{""T"":1789433790340,""s"":""LSKUSDT"",""S"":""Sell"",""v"":""5257.2"",""p"":""0.39872""}"
2026-09-15T00:56:31.407621Z,1789433790867,LSKUSDT,Sell,16.5,0.39866,"{""T"":1789433790867,""s"":""LSKUSDT"",""S"":""Sell"",""v"":""16.5"",""p"":""0.39866""}"
2026-09-15T00:56:32.407954Z,1789433791953,LSKUSDT,Sell,15377.3,0.40116,"{""T"":1789433791953,""s"":""LSKUSDT"",""S"":""Sell"",""v"":""15377.3"",""p"":""0.40116""}"
2026-09-15T00:56:41.486550Z,1789433800906,SKHYUSDT,Buy,37.24,176.79,"{""T"":1789433800906,""s"":""SKHYUSDT"",""S"":""Buy"",""v"":""37.24"",""p"":""176.79""}"
2026-09-15T00:57:28.913753Z,1789433848618,DOTUSDT,Buy,513.2,0.9835,"{""T"":1789433848618,""s"":""DOTUSDT"",""S"":""Buy"",""v"":""513.2"",""p"":""0.9835""}"
2026-09-15T00:57:29.913739Z,1789433849397,DOTUSDT,Buy,106.8,0.9817,"{""T"":1789433849397,""s"":""DOTUSDT"",""S"":""Buy"",""v"":""106.8"",""p"":""0.9817""}"
2026-09-15T00:58:10.828893Z,1789433890427,4STOCKUSDT,Buy,41520,0.01521,"{""T"":1789433890427,""s"":""4STOCKUSDT"",""S"":""Buy"",""v"":""41520"",""p"":""0.01521""}"
2026-09-15T00:58:10.828893Z,1789433890518,4STOCKUSDT,Buy,55270,0.01521,"{""T"":1789433890518,""s"":""4STOCKUSDT"",""S"":""Buy"",""v"":""55270"",""p"":""0.01521""}"
2026-09-15T00:58:26.062226Z,1789433905648,FILUSDT,Buy,815.9,0.8881,"{""T"":1789433905648,""s"":""FILUSDT"",""S"":""Buy"",""v"":""815.9"",""p"":""0.8881""}"
2026-09-15T00:58:45.408719Z,1789433924873,POWERUSDT,Buy,385,0.14768,"{""T"":1789433924873,""s"":""POWERUSDT"",""S"":""Buy"",""v"":""385"",""p"":""0.14768""}"
2026-09-15T00:58:59.907908Z,1789433939678,POWERUSDT,Buy,736,0.14598,"{""T"":1789433939678,""s"":""POWERUSDT"",""S"":""Buy"",""v"":""736"",""p"":""0.14598""}"
2026-09-15T00:59:06.907610Z,1789433946792,POWERUSDT,Buy,99,0.14520,"{""T"":1789433946792,""s"":""POWERUSDT"",""S"":""Buy"",""v"":""99"",""p"":""0.14520""}"
2026-09-15T00:59:06.907610Z,1789433946822,POWERUSDT,Buy,60,0.14414,"{""T"":1789433946822,""s"":""POWERUSDT"",""S"":""Buy"",""v"":""60"",""p"":""0.14414""}"
2026-09-15T00:59:07.407750Z,1789433947034,POWERUSDT,Buy,130,0.14519,"{""T"":1789433947034,""s"":""POWERUSDT"",""S"":""Buy"",""v"":""130"",""p"":""0.14519""}"
2026-09-15T01:00:34.565942Z,1789434034251,BTCUSDT,Buy,0.833,77630.30,"{""T"":1789434034251,""s"":""BTCUSDT"",""S"":""Buy"",""v"":""0.833"",""p"":""77630.30""}"
2026-09-15T01:00:34.565942Z,1789434034389,BTCUSDT,Buy,0.019,77632.00,"{""T"":1789434034389,""s"":""BTCUSDT"",""S"":""Buy"",""v"":""0.019"",""p"":""77632.00""}"
2026-09-15T01:00:41.407721Z,1789434041081,POWERUSDT,Buy,189,0.14272,"{""T"":1789434041081,""s"":""POWERUSDT"",""S"":""Buy"",""v"":""189"",""p"":""0.14272""}"
2026-09-15T01:00:44.914050Z,1789434044711,DOTUSDT,Buy,0.6,0.9774,"{""T"":1789434044711,""s"":""DOTUSDT"",""S"":""Buy"",""v"":""0.6"",""p"":""0.9774""}"
2026-09-15T01:00:50.812349Z,1789434050253,TRUMPUSDT,Buy,4.6,1.971,"{""T"":1789434050253,""s"":""TRUMPUSDT"",""S"":""Buy"",""v"":""4.6"",""p"":""1.971""}"
2026-09-15T01:00:50.824661Z,1789434050622,FARTCOINUSDT,Buy,140,0.14131,"{""T"":1789434050622,""s"":""FARTCOINUSDT"",""S"":""Buy"",""v"":""140"",""p"":""0.14131""}"
2026-09-15T01:00:51.907671Z,1789434051578,LSKUSDT,Sell,207.4,0.40193,"{""T"":1789434051578,""s"":""LSKUSDT"",""S"":""Sell"",""v"":""207.4"",""p"":""0.40193""}"
2026-09-15T01:00:52.407793Z,1789434051984,LSKUSDT,Sell,9433.5,0.40261,"{""T"":1789434051984,""s"":""LSKUSDT"",""S"":""Sell"",""v"":""9433.5"",""p"":""0.40261""}"
2026-09-15T01:00:55.065224Z,1789434054502,BTCUSDT,Buy,0.012,77612.60,"{""T"":1789434054502,""s"":""BTCUSDT"",""S"":""Buy"",""v"":""0.012"",""p"":""77612.60""}"
2026-09-15T01:00:55.065224Z,1789434054652,BTCUSDT,Buy,0.004,77614.60,"{""T"":1789434054652,""s"":""BTCUSDT"",""S"":""Buy"",""v"":""0.004"",""p"":""77614.60""}"
2026-09-15T01:00:55.065224Z,1789434054832,BTCUSDT,Buy,0.025,77609.60,"{""T"":1789434054832,""s"":""BTCUSDT"",""S"":""Buy"",""v"":""0.025"",""p"":""77609.60""}"
2026-09-15T01:00:55.337241Z,1789434054832,XRPUSDT,Sell,305.3,1.4241,"{""T"":1789434054832,""s"":""XRPUSDT"",""S"":""Sell"",""v"":""305.3"",""p"":""1.4241""}"
2026-09-15T01:00:58.063109Z,1789434057698,FILUSDT,Buy,15.2,0.8877,"{""T"":1789434057698,""s"":""FILUSDT"",""S"":""Buy"",""v"":""15.2"",""p"":""0.8877""}"
2026-09-15T01:01:04.907892Z,1789434064615,CAPUSDT,Sell,1720,0.06911,"{""T"":1789434064615,""s"":""CAPUSDT"",""S"":""Sell"",""v"":""1720"",""p"":""0.06911""}"
2026-09-15T01:01:05.907721Z,1789434065580,CAPUSDT,Sell,1940,0.06923,"{""T"":1789434065580,""s"":""CAPUSDT"",""S"":""Sell"",""v"":""1940"",""p"":""0.06923""}"
2026-09-15T01:01:05.908260Z,1789434065540,LSKUSDT,Sell,550.4,0.40366,"{""T"":1789434065540,""s"":""LSKUSDT"",""S"":""Sell"",""v"":""550.4"",""p"":""0.40366""}"
2026-09-15T01:01:06.065087Z,1789434065840,BTCUSDT,Sell,0.006,78102.40,"{""T"":1789434065840,""s"":""BTCUSDT"",""S"":""Sell"",""v"":""0.006"",""p"":""78102.40""}"
2026-09-15T01:01:06.407678Z,1789434065840,CAPUSDT,Sell,8710,0.06924,"{""T"":1789434065840,""s"":""CAPUSDT"",""S"":""Sell"",""v"":""8710"",""p"":""0.06924""}"
2026-09-15T01:01:17.136455Z,1789434076860,ARKUSDT,Buy,1925,0.16445,"{""T"":1789434076860,""s"":""ARKUSDT"",""S"":""Buy"",""v"":""1925"",""p"":""0.16445""}"
2026-09-15T01:01:30.066363Z,1789434089538,BTCUSDT,Buy,0.006,77602.70,"{""T"":1789434089538,""s"":""BTCUSDT"",""S"":""Buy"",""v"":""0.006"",""p"":""77602.70""}"
2026-09-15T01:01:35.907814Z,1789434095414,CAPUSDT,Sell,110,0.06983,"{""T"":1789434095414,""s"":""CAPUSDT"",""S"":""Sell"",""v"":""110"",""p"":""0.06983""}"
2026-09-15T01:01:36.407604Z,1789434095961,CAPUSDT,Sell,3500,0.06996,"{""T"":1789434095961,""s"":""CAPUSDT"",""S"":""Sell"",""v"":""3500"",""p"":""0.06996""}"
2026-09-15T01:01:45.565558Z,1789434105174,BTCUSDT,Buy,0.001,77596.20,"{""T"":1789434105174,""s"":""BTCUSDT"",""S"":""Buy"",""v"":""0.001"",""p"":""77596.20""}"
2026-09-15T01:01:47.565698Z,1789434107154,BTCUSDT,Buy,0.025,77580.30,"{""T"":1789434107154,""s"":""BTCUSDT"",""S"":""Buy"",""v"":""0.025"",""p"":""77580.30""}"
2026-09-15T01:01:48.565655Z,1789434108329,BTCUSDT,Buy,0.003,77568.50,"{""T"":1789434108329,""s"":""BTCUSDT"",""S"":""Buy"",""v"":""0.003"",""p"":""77568.50""}"
2026-09-15T01:01:49.065158Z,1789434108638,BTCUSDT,Buy,0.251,77570.80,"{""T"":1789434108638,""s"":""BTCUSDT"",""S"":""Buy"",""v"":""0.251"",""p"":""77570.80""}"
2026-09-15T01:01:54.907783Z,1789434114527,STEEMUSDT,Buy,5873,0.05840,"{""T"":1789434114527,""s"":""STEEMUSDT"",""S"":""Buy"",""v"":""5873"",""p"":""0.05840""}"
2026-09-15T01:01:58.328534Z,1789434118151,REZUSDT,Buy,26415,0.003845,"{""T"":1789434118151,""s"":""REZUSDT"",""S"":""Buy"",""v"":""26415"",""p"":""0.003845""}"
2026-09-15T01:02:21.068121Z,1789434140771,BTCUSDT,Buy,0.001,77565.00,"{""T"":1789434140771,""s"":""BTCUSDT"",""S"":""Buy"",""v"":""0.001"",""p"":""77565.00""}"
2026-09-15T01:02:21.824875Z,1789434141436,FARTCOINUSDT,Buy,1408,0.14123,"{""T"":1789434141436,""s"":""FARTCOINUSDT"",""S"":""Buy"",""v"":""1408"",""p"":""0.14123""}"
2026-09-15T01:03:47.565573Z,1789434227338,BTCUSDT,Buy,0.067,77543.90,"{""T"":1789434227338,""s"":""BTCUSDT"",""S"":""Buy"",""v"":""0.067"",""p"":""77543.90""}"
2026-09-15T01:04:36.490231Z,1789434276156,BTWUSDT,Buy,120,0.54615,"{""T"":1789434276156,""s"":""BTWUSDT"",""S"":""Buy"",""v"":""120"",""p"":""0.54615""}"
2026-09-15T01:04:36.635106Z,1789434276156,ARKUSDT,Buy,846,0.16074,"{""T"":1789434276156,""s"":""ARKUSDT"",""S"":""Buy"",""v"":""846"",""p"":""0.16074""}"
2026-09-15T01:04:45.065214Z,1789434284844,BTCUSDT,Buy,0.075,77540.20,"{""T"":1789434284844,""s"":""BTCUSDT"",""S"":""Buy"",""v"":""0.075"",""p"":""77540.20""}"
2026-09-15T01:05:03.566075Z,1789434303018,BTCUSDT,Buy,0.355,77536.10,"{""T"":1789434303018,""s"":""BTCUSDT"",""S"":""Buy"",""v"":""0.355"",""p"":""77536.10""}"
2026-09-15T01:05:03.566075Z,1789434303421,BTCUSDT,Buy,0.029,77538.80,"{""T"":1789434303421,""s"":""BTCUSDT"",""S"":""Buy"",""v"":""0.029"",""p"":""77538.80""}"
2026-09-15T01:05:04.565387Z,1789434304147,BTCUSDT,Buy,0.005,77532.90,"{""T"":1789434304147,""s"":""BTCUSDT"",""S"":""Buy"",""v"":""0.005"",""p"":""77532.90""}"
2026-09-15T01:05:04.565387Z,1789434304455,BTCUSDT,Buy,0.014,77533.20,"{""T"":1789434304455,""s"":""BTCUSDT"",""S"":""Buy"",""v"":""0.014"",""p"":""77533.20""}"
2026-09-15T01:05:16.859693Z,1789434316495,TUSDT,Buy,33010,0.005198,"{""T"":1789434316495,""s"":""TUSDT"",""S"":""Buy"",""v"":""33010"",""p"":""0.005198""}"
2026-09-15T01:05:23.859131Z,1789434323673,TUSDT,Buy,2640,0.005119,"{""T"":1789434323673,""s"":""TUSDT"",""S"":""Buy"",""v"":""2640"",""p"":""0.005119""}"
2026-09-15T01:05:28.348090Z,1789434328253,MARSCOINUSDT,Sell,1180,0.09640,"{""T"":1789434328253,""s"":""MARSCOINUSDT"",""S"":""Sell"",""v"":""1180"",""p"":""0.09640""}"
2026-09-15T01:06:18.413926Z,1789434377875,UNIUSDT,Sell,99.5,6.751,"{""T"":1789434377875,""s"":""UNIUSDT"",""S"":""Sell"",""v"":""99.5"",""p"":""6.751""}"
2026-09-15T01:07:23.930304Z,1789434443468,POWERUSDT,Buy,1252,0.14438,"{""T"":1789434443468,""s"":""POWERUSDT"",""S"":""Buy"",""v"":""1252"",""p"":""0.14438""}"
2026-09-15T01:07:25.407689Z,1789434444880,POWERUSDT,Buy,2570,0.14390,"{""T"":1789434444880,""s"":""POWERUSDT"",""S"":""Buy"",""v"":""2570"",""p"":""0.14390""}"
2026-09-15T01:07:26.907862Z,1789434446466,POWERUSDT,Buy,7298,0.14319,"{""T"":1789434446466,""s"":""POWERUSDT"",""S"":""Buy"",""v"":""7298"",""p"":""0.14319""}"
2026-09-15T01:07:27.907605Z,1789434447784,POWERUSDT,Buy,111,0.14196,"{""T"":1789434447784,""s"":""POWERUSDT"",""S"":""Buy"",""v"":""111"",""p"":""0.14196""}"
2026-09-15T01:07:29.907987Z,1789434449486,POWERUSDT,Buy,598,0.14091,"{""T"":1789434449486,""s"":""POWERUSDT"",""S"":""Buy"",""v"":""598"",""p"":""0.14091""}"
2026-09-15T01:07:31.907878Z,1789434451655,POWERUSDT,Buy,255,0.13968,"{""T"":1789434451655,""s"":""POWERUSDT"",""S"":""Buy"",""v"":""255"",""p"":""0.13968""}"
2026-09-15T01:07:32.907701Z,1789434452455,POWERUSDT,Buy,50861,0.13921,"{""T"":1789434452455,""s"":""POWERUSDT"",""S"":""Buy"",""v"":""50861"",""p"":""0.13921""}"
2026-09-15T01:07:33.407897Z,1789434453120,POWERUSDT,Buy,2930,0.13947,"{""T"":1789434453120,""s"":""POWERUSDT"",""S"":""Buy"",""v"":""2930"",""p"":""0.13947""}"
2026-09-15T01:07:36.065574Z,1789434455896,BTCUSDT,Buy,0.009,77524.60,"{""T"":1789434455896,""s"":""BTCUSDT"",""S"":""Buy"",""v"":""0.009"",""p"":""77524.60""}"
2026-09-15T01:07:37.907839Z,1789434457546,POWERUSDT,Buy,461,0.13757,"{""T"":1789434457546,""s"":""POWERUSDT"",""S"":""Buy"",""v"":""461"",""p"":""0.13757""}"
2026-09-15T01:07:37.907839Z,1789434457613,POWERUSDT,Buy,819,0.13570,"{""T"":1789434457613,""s"":""POWERUSDT"",""S"":""Buy"",""v"":""819"",""p"":""0.13570""}"
2026-09-15T01:07:37.907839Z,1789434457810,POWERUSDT,Buy,967,0.13680,"{""T"":1789434457810,""s"":""POWERUSDT"",""S"":""Buy"",""v"":""967"",""p"":""0.13680""}"
2026-09-15T01:07:38.329477Z,1789434458007,REZUSDT,Buy,8067,0.003903,"{""T"":1789434458007,""s"":""REZUSDT"",""S"":""Buy"",""v"":""8067"",""p"":""0.003903""}"
2026-09-15T01:07:38.347807Z,1789434458007,UAIUSDT,Buy,146,0.41720,"{""T"":1789434458007,""s"":""UAIUSDT"",""S"":""Buy"",""v"":""146"",""p"":""0.41720""}"
2026-09-15T01:07:38.407750Z,1789434458007,POWERUSDT,Buy,389,0.13648,"{""T"":1789434458007,""s"":""POWERUSDT"",""S"":""Buy"",""v"":""389"",""p"":""0.13648""}"
2026-09-15T01:07:38.407750Z,1789434458169,POWERUSDT,Buy,396,0.13893,"{""T"":1789434458169,""s"":""POWERUSDT"",""S"":""Buy"",""v"":""396"",""p"":""0.13893""}"
2026-09-15T01:07:38.407750Z,1789434458194,POWERUSDT,Buy,100,0.13884,"{""T"":1789434458194,""s"":""POWERUSDT"",""S"":""Buy"",""v"":""100"",""p"":""0.13884""}"
2026-09-15T01:07:38.407750Z,1789434458233,POWERUSDT,Buy,1569,0.13605,"{""T"":1789434458233,""s"":""POWERUSDT"",""S"":""Buy"",""v"":""1569"",""p"":""0.13605""}"
2026-09-15T01:07:38.407750Z,1789434458249,POWERUSDT,Buy,2444,0.13602,"{""T"":1789434458249,""s"":""POWERUSDT"",""S"":""Buy"",""v"":""2444"",""p"":""0.13602""}"
2026-09-15T01:07:38.408127Z,1789434458007,LSKUSDT,Buy,68.4,0.38192,"{""T"":1789434458007,""s"":""LSKUSDT"",""S"":""Buy"",""v"":""68.4"",""p"":""0.38192""}"
2026-09-15T01:07:38.907547Z,1789434458480,POWERUSDT,Buy,72014,0.13505,"{""T"":1789434458480,""s"":""POWERUSDT"",""S"":""Buy"",""v"":""72014"",""p"":""0.13505""}"
2026-09-15T01:08:38.065656Z,1789434517951,BTCUSDT,Buy,0.010,77517.00,"{""T"":1789434517951,""s"":""BTCUSDT"",""S"":""Buy"",""v"":""0.010"",""p"":""77517.00""}"
2026-09-15T01:08:38.566475Z,1789434518213,BTCUSDT,Buy,0.001,77518.00,"{""T"":1789434518213,""s"":""BTCUSDT"",""S"":""Buy"",""v"":""0.001"",""p"":""77518.00""}"
2026-09-15T01:08:39.065178Z,1789434518722,BTCUSDT,Buy,0.110,77518.70,"{""T"":1789434518722,""s"":""BTCUSDT"",""S"":""Buy"",""v"":""0.110"",""p"":""77518.70""}"
2026-09-15T01:08:51.959712Z,1789434531862,ETHUSDT,Buy,5.00,2500.54,"{""T"":1789434531862,""s"":""ETHUSDT"",""S"":""Buy"",""v"":""5.00"",""p"":""2500.54""}"
2026-09-15T01:08:51.992055Z,1789434531862,SUIUSDT,Buy,3000,0.71070,"{""T"":1789434531862,""s"":""SUIUSDT"",""S"":""Buy"",""v"":""3000"",""p"":""0.71070""}"
2026-09-15T01:08:51.992496Z,1789434531862,BRUSDT,Buy,650,0.47901,"{""T"":1789434531862,""s"":""BRUSDT"",""S"":""Buy"",""v"":""650"",""p"":""0.47901""}"
2026-09-15T01:08:52.015657Z,1789434531862,AVAXUSDT,Buy,250.0,7.500,"{""T"":1789434531862,""s"":""AVAXUSDT"",""S"":""Buy"",""v"":""250.0"",""p"":""7.500""}"
2026-09-15T01:08:52.016035Z,1789434531862,NEARUSDT,Buy,1500.0,2.4460,"{""T"":1789434531862,""s"":""NEARUSDT"",""S"":""Buy"",""v"":""1500.0"",""p"":""2.4460""}"
2026-09-15T01:08:52.313511Z,1789434531862,HYPEUSDT,Buy,30.00,79.660,"{""T"":1789434531862,""s"":""HYPEUSDT"",""S"":""Buy"",""v"":""30.00"",""p"":""79.660""}"
2026-09-15T01:08:52.324815Z,1789434531862,FARTCOINUSDT,Buy,10000,0.14139,"{""T"":1789434531862,""s"":""FARTCOINUSDT"",""S"":""Buy"",""v"":""10000"",""p"":""0.14139""}"
2026-09-15T01:08:52.325075Z,1789434531862,VVVUSDT,Buy,25.00,22.0950,"{""T"":1789434531862,""s"":""VVVUSDT"",""S"":""Buy"",""v"":""25.00"",""p"":""22.0950""}"
2026-09-15T01:08:52.327780Z,1789434531862,NIULAIUSDT,Buy,7870,0.11519,"{""T"":1789434531862,""s"":""NIULAIUSDT"",""S"":""Buy"",""v"":""7870"",""p"":""0.11519""}"
2026-09-15T01:08:52.347678Z,1789434531862,XLMUSDT,Buy,20000,0.19100,"{""T"":1789434531862,""s"":""XLMUSDT"",""S"":""Buy"",""v"":""20000"",""p"":""0.19100""}"
2026-09-15T01:08:52.407752Z,1789434531862,HBARUSDT,Buy,17970,0.07739,"{""T"":1789434531862,""s"":""HBARUSDT"",""S"":""Buy"",""v"":""17970"",""p"":""0.07739""}"
2026-09-15T01:08:52.413635Z,1789434531862,ADAUSDT,Buy,20000,0.2062,"{""T"":1789434531862,""s"":""ADAUSDT"",""S"":""Buy"",""v"":""20000"",""p"":""0.2062""}"
2026-09-15T01:09:04.913958Z,1789434544550,ZECUSDT,Buy,0.52,1151.48,"{""T"":1789434544550,""s"":""ZECUSDT"",""S"":""Buy"",""v"":""0.52"",""p"":""1151.48""}"
2026-09-15T01:09:05.413950Z,1789434544951,ZECUSDT,Buy,0.40,1150.92,"{""T"":1789434544951,""s"":""ZECUSDT"",""S"":""Buy"",""v"":""0.40"",""p"":""1150.92""}"
2026-09-15T01:09:06.336820Z,1789434545956,CVCUSDT,Buy,687,0.03098,"{""T"":1789434545956,""s"":""CVCUSDT"",""S"":""Buy"",""v"":""687"",""p"":""0.03098""}"
2026-09-15T01:09:07.066110Z,1789434546899,BTCUSDT,Buy,0.006,77496.70,"{""T"":1789434546899,""s"":""BTCUSDT"",""S"":""Buy"",""v"":""0.006"",""p"":""77496.70""}"
2026-09-15T01:09:07.564942Z,1789434547153,BTCUSDT,Buy,0.013,77499.90,"{""T"":1789434547153,""s"":""BTCUSDT"",""S"":""Buy"",""v"":""0.013"",""p"":""77499.90""}"
2026-09-15T01:09:08.065518Z,1789434547679,BTCUSDT,Buy,0.001,77499.90,"{""T"":1789434547679,""s"":""BTCUSDT"",""S"":""Buy"",""v"":""0.001"",""p"":""77499.90""}"
2026-09-15T01:09:09.457149Z,1789434549257,ETHUSDT,Buy,0.20,2499.50,"{""T"":1789434549257,""s"":""ETHUSDT"",""S"":""Buy"",""v"":""0.20"",""p"":""2499.50""}"
2026-09-15T01:09:09.565919Z,1789434549257,BTCUSDT,Buy,0.008,77481.30,"{""T"":1789434549257,""s"":""BTCUSDT"",""S"":""Buy"",""v"":""0.008"",""p"":""77481.30""}"
2026-09-15T01:09:09.813121Z,1789434549719,ASTERUSDT,Buy,13,0.6967,"{""T"":1789434549719,""s"":""ASTERUSDT"",""S"":""Buy"",""v"":""13"",""p"":""0.6967""}"
2026-09-15T01:09:10.137611Z,1789434549719,ARKUSDT,Buy,4038,0.16024,"{""T"":1789434549719,""s"":""ARKUSDT"",""S"":""Buy"",""v"":""4038"",""p"":""0.16024""}"
2026-09-15T01:09:10.565311Z,1789434550438,BTCUSDT,Buy,0.009,77477.20,"{""T"":1789434550438,""s"":""BTCUSDT"",""S"":""Buy"",""v"":""0.009"",""p"":""77477.20""}"
2026-09-15T01:09:14.134799Z,1789434553818,ARKUSDT,Buy,118,0.15994,"{""T"":1789434553818,""s"":""ARKUSDT"",""S"":""Buy"",""v"":""118"",""p"":""0.15994""}"
2026-09-15T01:09:34.813064Z,1789434574679,HYPEUSDT,Buy,9.38,79.570,"{""T"":1789434574679,""s"":""HYPEUSDT"",""S"":""Buy"",""v"":""9.38"",""p"":""79.570""}"
2026-09-15T01:09:37.565723Z,1789434577202,BTCUSDT,Buy,0.057,77475.00,"{""T"":1789434577202,""s"":""BTCUSDT"",""S"":""Buy"",""v"":""0.057"",""p"":""77475.00""}"
2026-09-15T01:09:40.312389Z,1789434580187,TRUMPUSDT,Buy,74.5,1.961,"{""T"":1789434580187,""s"":""TRUMPUSDT"",""S"":""Buy"",""v"":""74.5"",""p"":""1.961""}"
2026-09-15T01:09:41.312616Z,1789434581026,TRUMPUSDT,Buy,100.1,1.961,"{""T"":1789434581026,""s"":""TRUMPUSDT"",""S"":""Buy"",""v"":""100.1"",""p"":""1.961""}"
2026-09-15T01:09:41.312616Z,1789434581063,TRUMPUSDT,Buy,123.9,1.961,"{""T"":1789434581063,""s"":""TRUMPUSDT"",""S"":""Buy"",""v"":""123.9"",""p"":""1.961""}"
2026-09-15T01:09:48.634970Z,1789434588241,ARKUSDT,Buy,1086,0.15863,"{""T"":1789434588241,""s"":""ARKUSDT"",""S"":""Buy"",""v"":""1086"",""p"":""0.15863""}"
2026-09-15T01:09:57.913668Z,1789434597343,1000PEPEUSDT,Buy,146400,0.0034070,"{""T"":1789434597343,""s"":""1000PEPEUSDT"",""S"":""Buy"",""v"":""146400"",""p"":""0.0034070""}"
2026-09-15T01:09:58.635583Z,1789434598373,ARKUSDT,Buy,74,0.15776,"{""T"":1789434598373,""s"":""ARKUSDT"",""S"":""Buy"",""v"":""74"",""p"":""0.15776""}"
2026-09-15T01:10:00.134752Z,1789434599800,ARKUSDT,Buy,1562,0.15768,"{""T"":1789434599800,""s"":""ARKUSDT"",""S"":""Buy"",""v"":""1562"",""p"":""0.15768""}"
2026-09-15T01:10:03.565285Z,1789434603374,BTCUSDT,Buy,0.023,77462.60,"{""T"":1789434603374,""s"":""BTCUSDT"",""S"":""Buy"",""v"":""0.023"",""p"":""77462.60""}"
2026-09-15T01:10:03.565285Z,1789434603437,BTCUSDT,Buy,0.066,77468.90,"{""T"":1789434603437,""s"":""BTCUSDT"",""S"":""Buy"",""v"":""0.066"",""p"":""77468.90""}"
2026-09-15T01:10:04.065155Z,1789434603770,BTCUSDT,Buy,0.120,77465.30,"{""T"":1789434603770,""s"":""BTCUSDT"",""S"":""Buy"",""v"":""0.120"",""p"":""77465.30""}"
2026-09-15T01:10:04.065155Z,1789434603865,BTCUSDT,Buy,0.006,77459.00,"{""T"":1789434603865,""s"":""BTCUSDT"",""S"":""Buy"",""v"":""0.006"",""p"":""77459.00""}"
2026-09-15T01:10:05.635390Z,1789434605161,ARKUSDT,Buy,400,0.15695,"{""T"":1789434605161,""s"":""ARKUSDT"",""S"":""Buy"",""v"":""400"",""p"":""0.15695""}"
2026-09-15T01:10:05.635390Z,1789434605173,ARKUSDT,Buy,28886,0.15713,"{""T"":1789434605173,""s"":""ARKUSDT"",""S"":""Buy"",""v"":""28886"",""p"":""0.15713""}"
2026-09-15T01:10:14.413466Z,1789434613850,ZECUSDT,Buy,1.15,1148.10,"{""T"":1789434613850,""s"":""ZECUSDT"",""S"":""Buy"",""v"":""1.15"",""p"":""1148.10""}"
2026-09-15T01:11:28.635147Z,1789434688209,ARKUSDT,Buy,13,0.15527,"{""T"":1789434688209,""s"":""ARKUSDT"",""S"":""Buy"",""v"":""13"",""p"":""0.15527""}"
2026-09-15T01:11:28.635147Z,1789434688351,ARKUSDT,Buy,1384,0.15557,"{""T"":1789434688351,""s"":""ARKUSDT"",""S"":""Buy"",""v"":""1384"",""p"":""0.15557""}"
2026-09-15T01:11:29.141025Z,1789434688734,ARKUSDT,Buy,4215,0.15488,"{""T"":1789434688734,""s"":""ARKUSDT"",""S"":""Buy"",""v"":""4215"",""p"":""0.15488""}"
2026-09-15T01:11:29.141025Z,1789434688956,ARKUSDT,Buy,576,0.15503,"{""T"":1789434688956,""s"":""ARKUSDT"",""S"":""Buy"",""v"":""576"",""p"":""0.15503""}"
2026-09-15T01:11:32.516531Z,1789434692141,NEARUSDT,Buy,458.9,2.4360,"{""T"":1789434692141,""s"":""NEARUSDT"",""S"":""Buy"",""v"":""458.9"",""p"":""2.4360""}"
2026-09-15T01:11:33.408005Z,1789434693313,CAPUSDT,Sell,81400,0.07056,"{""T"":1789434693313,""s"":""CAPUSDT"",""S"":""Sell"",""v"":""81400"",""p"":""0.07056""}"
2026-09-15T01:11:49.908171Z,1789434709501,CAPUSDT,Sell,4700,0.07112,"{""T"":1789434709501,""s"":""CAPUSDT"",""S"":""Sell"",""v"":""4700"",""p"":""0.07112""}"
2026-09-15T01:11:49.991643Z,1789434709501,BRUSDT,Sell,144,0.57940,"{""T"":1789434709501,""s"":""BRUSDT"",""S"":""Sell"",""v"":""144"",""p"":""0.57940""}"
2026-09-15T01:12:03.492536Z,1789434723173,BRUSDT,Buy,64,0.48034,"{""T"":1789434723173,""s"":""BRUSDT"",""S"":""Buy"",""v"":""64"",""p"":""0.48034""}"
2026-09-15T01:12:03.634731Z,1789434723173,ARKUSDT,Buy,1247,0.15396,"{""T"":1789434723173,""s"":""ARKUSDT"",""S"":""Buy"",""v"":""1247"",""p"":""0.15396""}"
2026-09-15T01:12:04.135248Z,1789434724018,ARKUSDT,Buy,146,0.15393,"{""T"":1789434724018,""s"":""ARKUSDT"",""S"":""Buy"",""v"":""146"",""p"":""0.15393""}"
2026-09-15T01:12:18.635158Z,1789434738356,ARKUSDT,Buy,2333,0.15352,"{""T"":1789434738356,""s"":""ARKUSDT"",""S"":""Buy"",""v"":""2333"",""p"":""0.15352""}"
2026-09-15T01:12:20.409064Z,1789434740320,CAPUSDT,Sell,1810,0.07143,"{""T"":1789434740320,""s"":""CAPUSDT"",""S"":""Sell"",""v"":""1810"",""p"":""0.07143""}"
2026-09-15T01:12:34.520210Z,1789434754221,NEARUSDT,Buy,202.8,2.4320,"{""T"":1789434754221,""s"":""NEARUSDT"",""S"":""Buy"",""v"":""202.8"",""p"":""2.4320""}"
2026-09-15T01:13:05.913485Z,1789434785752,ZECUSDT,Buy,1.93,1146.33,"{""T"":1789434785752,""s"":""ZECUSDT"",""S"":""Buy"",""v"":""1.93"",""p"":""1146.33""}"
2026-09-15T01:14:22.813325Z,1789434862575,PUMPFUNUSDT,Buy,3500,0.0036210,"{""T"":1789434862575,""s"":""PUMPFUNUSDT"",""S"":""Buy"",""v"":""3500"",""p"":""0.0036210""}"
2026-09-15T01:14:23.913742Z,1789434863523,ZECUSDT,Buy,0.44,1145.21,"{""T"":1789434863523,""s"":""ZECUSDT"",""S"":""Buy"",""v"":""0.44"",""p"":""1145.21""}"
2026-09-15T01:14:30.914132Z,1789434870527,ADAUSDT,Buy,2605,0.2058,"{""T"":1789434870527,""s"":""ADAUSDT"",""S"":""Buy"",""v"":""2605"",""p"":""0.2058""}"
2026-09-15T01:15:17.486836Z,1789434917092,CLUSDT,Buy,0.06,97.220,"{""T"":1789434917092,""s"":""CLUSDT"",""S"":""Buy"",""v"":""0.06"",""p"":""97.220""}"
2026-09-15T01:15:18.407740Z,1789434918284,LSKUSDT,Buy,177.8,0.37564,"{""T"":1789434918284,""s"":""LSKUSDT"",""S"":""Buy"",""v"":""177.8"",""p"":""0.37564""}"
2026-09-15T01:15:19.956190Z,1789434919819,ETHUSDT,Buy,0.39,2501.21,"{""T"":1789434919819,""s"":""ETHUSDT"",""S"":""Buy"",""v"":""0.39"",""p"":""2501.21""}"
2026-09-15T01:15:20.062325Z,1789434919819,SOLUSDT,Buy,4.4,101.770,"{""T"":1789434919819,""s"":""SOLUSDT"",""S"":""Buy"",""v"":""4.4"",""p"":""101.770""}"
2026-09-15T01:15:20.325186Z,1789434919819,ENAUSDT,Buy,9808,0.14159,"{""T"":1789434919819,""s"":""ENAUSDT"",""S"":""Buy"",""v"":""9808"",""p"":""0.14159""}"
2026-09-15T01:15:20.336958Z,1789434919819,XRPUSDT,Buy,1032.7,1.4078,"{""T"":1789434919819,""s"":""XRPUSDT"",""S"":""Buy"",""v"":""1032.7"",""p"":""1.4078""}"
2026-09-15T01:15:29.561921Z,1789434929055,SOLUSDT,Buy,2.0,101.760,"{""T"":1789434929055,""s"":""SOLUSDT"",""S"":""Buy"",""v"":""2.0"",""p"":""101.760""}"
2026-09-15T01:15:32.407724Z,1789434932280,LSKUSDT,Buy,1198.7,0.37333,"{""T"":1789434932280,""s"":""LSKUSDT"",""S"":""Buy"",""v"":""1198.7"",""p"":""0.37333""}"
2026-09-15T01:15:47.911704Z,1789434947354,LSKUSDT,Buy,24.2,0.37120,"{""T"":1789434947354,""s"":""LSKUSDT"",""S"":""Buy"",""v"":""24.2"",""p"":""0.37120""}"
2026-09-15T01:15:52.909568Z,1789434952373,LSKUSDT,Buy,179.2,0.36747,"{""T"":1789434952373,""s"":""LSKUSDT"",""S"":""Buy"",""v"":""179.2"",""p"":""0.36747""}"
2026-09-15T01:16:31.986595Z,1789434991783,XAUUSDT,Sell,0.084,4323.29,"{""T"":1789434991783,""s"":""XAUUSDT"",""S"":""Sell"",""v"":""0.084"",""p"":""4323.29""}"
2026-09-15T01:17:22.135386Z,1789435041938,ARKUSDT,Sell,11084,0.16687,"{""T"":1789435041938,""s"":""ARKUSDT"",""S"":""Sell"",""v"":""11084"",""p"":""0.16687""}"
2026-09-15T01:17:56.907912Z,1789435076789,LSKUSDT,Buy,73.4,0.36392,"{""T"":1789435076789,""s"":""LSKUSDT"",""S"":""Buy"",""v"":""73.4"",""p"":""0.36392""}"
2026-09-15T01:18:01.824693Z,1789435081540,AVAAIUSDT,Buy,78785,0.010250,"{""T"":1789435081540,""s"":""AVAAIUSDT"",""S"":""Buy"",""v"":""78785"",""p"":""0.010250""}"
2026-09-15T01:18:03.324743Z,1789435082777,AVAAIUSDT,Buy,84908,0.010215,"{""T"":1789435082777,""s"":""AVAAIUSDT"",""S"":""Buy"",""v"":""84908"",""p"":""0.010215""}"
2026-09-15T01:18:41.913682Z,1789435121566,ZECUSDT,Buy,0.04,1143.91,"{""T"":1789435121566,""s"":""ZECUSDT"",""S"":""Buy"",""v"":""0.04"",""p"":""1143.91""}"
2026-09-15T01:19:11.062382Z,1789435150677,FILUSDT,Buy,253.8,0.8864,"{""T"":1789435150677,""s"":""FILUSDT"",""S"":""Buy"",""v"":""253.8"",""p"":""0.8864""}"
2026-09-15T01:21:29.908054Z,1789435289773,CAPUSDT,Sell,20110,0.07120,"{""T"":1789435289773,""s"":""CAPUSDT"",""S"":""Sell"",""v"":""20110"",""p"":""0.07120""}"
2026-09-15T01:21:34.908346Z,1789435294447,CAPUSDT,Sell,14700,0.07129,"{""T"":1789435294447,""s"":""CAPUSDT"",""S"":""Sell"",""v"":""14700"",""p"":""0.07129""}"
2026-09-15T01:21:34.908346Z,1789435294743,CAPUSDT,Sell,16550,0.07127,"{""T"":1789435294743,""s"":""CAPUSDT"",""S"":""Sell"",""v"":""16550"",""p"":""0.07127""}"
2026-09-15T01:21:39.408716Z,1789435299217,CAPUSDT,Sell,90,0.07149,"{""T"":1789435299217,""s"":""CAPUSDT"",""S"":""Sell"",""v"":""90"",""p"":""0.07149""}"
2026-09-15T01:21:39.413378Z,1789435299217,ZECUSDT,Sell,0.01,1163.24,"{""T"":1789435299217,""s"":""ZECUSDT"",""S"":""Sell"",""v"":""0.01"",""p"":""1163.24""}"
2026-09-15T01:21:41.407738Z,1789435301261,CAPUSDT,Sell,860,0.07155,"{""T"":1789435301261,""s"":""CAPUSDT"",""S"":""Sell"",""v"":""860"",""p"":""0.07155""}"
2026-09-15T01:21:41.908080Z,1789435301362,CAPUSDT,Sell,90,0.07172,"{""T"":1789435301362,""s"":""CAPUSDT"",""S"":""Sell"",""v"":""90"",""p"":""0.07172""}"
2026-09-15T01:22:49.337036Z,1789435369056,XRPUSDT,Sell,2952.9,1.4292,"{""T"":1789435369056,""s"":""XRPUSDT"",""S"":""Sell"",""v"":""2952.9"",""p"":""1.4292""}"
2026-09-15T01:23:07.908277Z,1789435387727,LSKUSDT,Buy,491.3,0.35911,"{""T"":1789435387727,""s"":""LSKUSDT"",""S"":""Buy"",""v"":""491.3"",""p"":""0.35911""}"
2026-09-15T01:23:09.908192Z,1789435389604,LSKUSDT,Buy,140.3,0.35857,"{""T"":1789435389604,""s"":""LSKUSDT"",""S"":""Buy"",""v"":""140.3"",""p"":""0.35857""}"
2026-09-15T01:23:10.359781Z,1789435390102,TUSDT,Buy,20360,0.005016,"{""T"":1789435390102,""s"":""TUSDT"",""S"":""Buy"",""v"":""20360"",""p"":""0.005016""}"
2026-09-15T01:23:10.836984Z,1789435390512,XRPUSDT,Sell,32.9,1.4309,"{""T"":1789435390512,""s"":""XRPUSDT"",""S"":""Sell"",""v"":""32.9"",""p"":""1.4309""}"
2026-09-15T01:23:10.859551Z,1789435390636,TUSDT,Buy,61650,0.005019,"{""T"":1789435390636,""s"":""TUSDT"",""S"":""Buy"",""v"":""61650"",""p"":""0.005019""}"
2026-09-15T01:23:17.829158Z,1789435397585,4STOCKUSDT,Buy,10000,0.01517,"{""T"":1789435397585,""s"":""4STOCKUSDT"",""S"":""Buy"",""v"":""10000"",""p"":""0.01517""}"
2026-09-15T01:23:54.837370Z,1789435434622,XRPUSDT,Sell,3255.0,1.4322,"{""T"":1789435434622,""s"":""XRPUSDT"",""S"":""Sell"",""v"":""3255.0"",""p"":""1.4322""}"
2026-09-15T01:24:13.828996Z,1789435453637,4STOCKUSDT,Buy,5220,0.01511,"{""T"":1789435453637,""s"":""4STOCKUSDT"",""S"":""Buy"",""v"":""5220"",""p"":""0.01511""}"
2026-09-15T01:24:20.996745Z,1789435460771,DASHUSDT,Sell,0.01,54.73,"{""T"":1789435460771,""s"":""DASHUSDT"",""S"":""Sell"",""v"":""0.01"",""p"":""54.73""}"
2026-09-15T01:24:39.986982Z,1789435479507,BTWUSDT,Sell,4660,0.63012,"{""T"":1789435479507,""s"":""BTWUSDT"",""S"":""Sell"",""v"":""4660"",""p"":""0.63012""}"
2026-09-15T01:25:46.135586Z,1789435545885,ARKUSDT,Sell,718,0.16763,"{""T"":1789435545885,""s"":""ARKUSDT"",""S"":""Sell"",""v"":""718"",""p"":""0.16763""}"
2026-09-15T01:26:05.486836Z,1789435564940,BTWUSDT,Sell,20,0.64135,"{""T"":1789435564940,""s"":""BTWUSDT"",""S"":""Sell"",""v"":""20"",""p"":""0.64135""}"
2026-09-15T01:26:15.986926Z,1789435575869,BTWUSDT,Sell,450,0.64257,"{""T"":1789435575869,""s"":""BTWUSDT"",""S"":""Sell"",""v"":""450"",""p"":""0.64257""}"
2026-09-15T01:26:18.986820Z,1789435578810,BTWUSDT,Sell,10,0.64447,"{""T"":1789435578810,""s"":""BTWUSDT"",""S"":""Sell"",""v"":""10"",""p"":""0.64447""}"
2026-09-15T01:26:19.487019Z,1789435579316,BTWUSDT,Sell,60,0.64480,"{""T"":1789435579316,""s"":""BTWUSDT"",""S"":""Sell"",""v"":""60"",""p"":""0.64480""}"
2026-09-15T01:27:22.314389Z,1789435641898,ASTERUSDT,Buy,113,0.6931,"{""T"":1789435641898,""s"":""ASTERUSDT"",""S"":""Buy"",""v"":""113"",""p"":""0.6931""}"
2026-09-15T01:27:23.314342Z,1789435642994,ASTERUSDT,Buy,37,0.6926,"{""T"":1789435642994,""s"":""ASTERUSDT"",""S"":""Buy"",""v"":""37"",""p"":""0.6926""}"
2026-09-15T01:27:25.313982Z,1789435645110,ASTERUSDT,Buy,131,0.6923,"{""T"":1789435645110,""s"":""ASTERUSDT"",""S"":""Buy"",""v"":""131"",""p"":""0.6923""}"
2026-09-15T01:27:25.313982Z,1789435645186,ASTERUSDT,Buy,272,0.6924,"{""T"":1789435645186,""s"":""ASTERUSDT"",""S"":""Buy"",""v"":""272"",""p"":""0.6924""}"
2026-09-15T01:27:37.817084Z,1789435657505,ASTERUSDT,Buy,134,0.6919,"{""T"":1789435657505,""s"":""ASTERUSDT"",""S"":""Buy"",""v"":""134"",""p"":""0.6919""}"
2026-09-15T01:27:37.817084Z,1789435657636,ASTERUSDT,Buy,1958,0.6919,"{""T"":1789435657636,""s"":""ASTERUSDT"",""S"":""Buy"",""v"":""1958"",""p"":""0.6919""}"
2026-09-15T01:27:37.817084Z,1789435657712,ASTERUSDT,Buy,1,0.6912,"{""T"":1789435657712,""s"":""ASTERUSDT"",""S"":""Buy"",""v"":""1"",""p"":""0.6912""}"
2026-09-15T01:27:38.314250Z,1789435657809,ASTERUSDT,Buy,63,0.6912,"{""T"":1789435657809,""s"":""ASTERUSDT"",""S"":""Buy"",""v"":""63"",""p"":""0.6912""}"
2026-09-15T01:27:38.314250Z,1789435657920,ASTERUSDT,Buy,13,0.6919,"{""T"":1789435657920,""s"":""ASTERUSDT"",""S"":""Buy"",""v"":""13"",""p"":""0.6919""}"
2026-09-15T01:27:38.314250Z,1789435658065,ASTERUSDT,Buy,1,0.6912,"{""T"":1789435658065,""s"":""ASTERUSDT"",""S"":""Buy"",""v"":""1"",""p"":""0.6912""}"
2026-09-15T01:27:48.814291Z,1789435668272,ASTERUSDT,Buy,253,0.6908,"{""T"":1789435668272,""s"":""ASTERUSDT"",""S"":""Buy"",""v"":""253"",""p"":""0.6908""}"
2026-09-15T01:28:28.313853Z,1789435708003,ASTERUSDT,Buy,6111,0.6903,"{""T"":1789435708003,""s"":""ASTERUSDT"",""S"":""Buy"",""v"":""6111"",""p"":""0.6903""}"
2026-09-15T01:28:32.327006Z,1789435712023,FARTCOINUSDT,Buy,2696,0.14102,"{""T"":1789435712023,""s"":""FARTCOINUSDT"",""S"":""Buy"",""v"":""2696"",""p"":""0.14102""}"
2026-09-15T01:28:35.830520Z,1789435715728,PONSUSDT,Buy,26,0.6078,"{""T"":1789435715728,""s"":""PONSUSDT"",""S"":""Buy"",""v"":""26"",""p"":""0.6078""}"
2026-09-15T01:28:36.987712Z,1789435716609,SOXLUSDT,Buy,2.31,102.41,"{""T"":1789435716609,""s"":""SOXLUSDT"",""S"":""Buy"",""v"":""2.31"",""p"":""102.41""}"
2026-09-15T01:28:40.325644Z,1789435720085,FARTCOINUSDT,Buy,100,0.14096,"{""T"":1789435720085,""s"":""FARTCOINUSDT"",""S"":""Buy"",""v"":""100"",""p"":""0.14096""}"
2026-09-15T01:28:42.329715Z,1789435721920,PONSUSDT,Buy,686,0.6071,"{""T"":1789435721920,""s"":""PONSUSDT"",""S"":""Buy"",""v"":""686"",""p"":""0.6071""}"
2026-09-15T01:28:52.314119Z,1789435732210,ASTERUSDT,Buy,3216,0.6898,"{""T"":1789435732210,""s"":""ASTERUSDT"",""S"":""Buy"",""v"":""3216"",""p"":""0.6898""}"
2026-09-15T01:28:58.456923Z,1789435737945,ETHUSDT,Buy,0.06,2499.20,"{""T"":1789435737945,""s"":""ETHUSDT"",""S"":""Buy"",""v"":""0.06"",""p"":""2499.20""}"
2026-09-15T01:29:11.498715Z,1789435751260,VIRTUALUSDT,Buy,15843,0.6042,"{""T"":1789435751260,""s"":""VIRTUALUSDT"",""S"":""Buy"",""v"":""15843"",""p"":""0.6042""}"
2026-09-15T01:29:11.826047Z,1789435751260,FARTCOINUSDT,Buy,35914,0.14086,"{""T"":1789435751260,""s"":""FARTCOINUSDT"",""S"":""Buy"",""v"":""35914"",""p"":""0.14086""}"
2026-09-15T01:29:13.997537Z,1789435753725,INJUSDT,Buy,2.5,6.1380,"{""T"":1789435753725,""s"":""INJUSDT"",""S"":""Buy"",""v"":""2.5"",""p"":""6.1380""}"
2026-09-15T01:29:35.487488Z,1789435775013,BTWUSDT,Sell,1270,0.66504,"{""T"":1789435775013,""s"":""BTWUSDT"",""S"":""Sell"",""v"":""1270"",""p"":""0.66504""}"
2026-09-15T01:29:49.064582Z,1789435788667,SOLUSDT,Buy,19.2,101.610,"{""T"":1789435788667,""s"":""SOLUSDT"",""S"":""Buy"",""v"":""19.2"",""p"":""101.610""}"
2026-09-15T01:30:02.326297Z,1789435802227,VVVUSDT,Buy,1.68,21.9100,"{""T"":1789435802227,""s"":""VVVUSDT"",""S"":""Buy"",""v"":""1.68"",""p"":""21.9100""}"
2026-09-15T01:30:12.064007Z,1789435811897,SOLUSDT,Buy,0.4,101.600,"{""T"":1789435811897,""s"":""SOLUSDT"",""S"":""Buy"",""v"":""0.4"",""p"":""101.600""}"
2026-09-15T01:30:24.833851Z,1789435824613,4STOCKUSDT,Buy,2070,0.01451,"{""T"":1789435824613,""s"":""4STOCKUSDT"",""S"":""Buy"",""v"":""2070"",""p"":""0.01451""}"
2026-09-15T01:30:24.833851Z,1789435824637,4STOCKUSDT,Buy,173650,0.01469,"{""T"":1789435824637,""s"":""4STOCKUSDT"",""S"":""Buy"",""v"":""173650"",""p"":""0.01469""}"
2026-09-15T01:30:24.833851Z,1789435824657,4STOCKUSDT,Buy,29720,0.01442,"{""T"":1789435824657,""s"":""4STOCKUSDT"",""S"":""Buy"",""v"":""29720"",""p"":""0.01442""}"
2026-09-15T01:30:24.833851Z,1789435824699,4STOCKUSDT,Buy,117470,0.01499,"{""T"":1789435824699,""s"":""4STOCKUSDT"",""S"":""Buy"",""v"":""117470"",""p"":""0.01499""}"
2026-09-15T01:30:25.329919Z,1789435824775,4STOCKUSDT,Buy,2640,0.01482,"{""T"":1789435824775,""s"":""4STOCKUSDT"",""S"":""Buy"",""v"":""2640"",""p"":""0.01482""}"
2026-09-15T01:30:25.329919Z,1789435824793,4STOCKUSDT,Buy,13620,0.01457,"{""T"":1789435824793,""s"":""4STOCKUSDT"",""S"":""Buy"",""v"":""13620"",""p"":""0.01457""}"
2026-09-15T01:30:25.329919Z,1789435824825,4STOCKUSDT,Buy,4210,0.01473,"{""T"":1789435824825,""s"":""4STOCKUSDT"",""S"":""Buy"",""v"":""4210"",""p"":""0.01473""}"
2026-09-15T01:30:25.329919Z,1789435824878,4STOCKUSDT,Buy,830,0.01475,"{""T"":1789435824878,""s"":""4STOCKUSDT"",""S"":""Buy"",""v"":""830"",""p"":""0.01475""}"
2026-09-15T01:30:25.329919Z,1789435824885,4STOCKUSDT,Buy,470,0.01476,"{""T"":1789435824885,""s"":""4STOCKUSDT"",""S"":""Buy"",""v"":""470"",""p"":""0.01476""}"
2026-09-15T01:30:25.329919Z,1789435824948,4STOCKUSDT,Buy,1071940,0.01493,"{""T"":1789435824948,""s"":""4STOCKUSDT"",""S"":""Buy"",""v"":""1071940"",""p"":""0.01493""}"
2026-09-15T01:30:25.830216Z,1789435825332,4STOCKUSDT,Buy,4830,0.01482,"{""T"":1789435825332,""s"":""4STOCKUSDT"",""S"":""Buy"",""v"":""4830"",""p"":""0.01482""}"
2026-09-15T01:30:25.830216Z,1789435825481,4STOCKUSDT,Buy,10710,0.01442,"{""T"":1789435825481,""s"":""4STOCKUSDT"",""S"":""Buy"",""v"":""10710"",""p"":""0.01442""}"
2026-09-15T01:30:25.830216Z,1789435825516,4STOCKUSDT,Buy,580,0.01413,"{""T"":1789435825516,""s"":""4STOCKUSDT"",""S"":""Buy"",""v"":""580"",""p"":""0.01413""}"
2026-09-15T01:30:26.329743Z,1789435825867,4STOCKUSDT,Buy,1430,0.01420,"{""T"":1789435825867,""s"":""4STOCKUSDT"",""S"":""Buy"",""v"":""1430"",""p"":""0.01420""}"
2026-09-15T01:30:26.329743Z,1789435825870,4STOCKUSDT,Buy,480,0.01403,"{""T"":1789435825870,""s"":""4STOCKUSDT"",""S"":""Buy"",""v"":""480"",""p"":""0.01403""}"
2026-09-15T01:30:26.329743Z,1789435825897,4STOCKUSDT,Buy,35060,0.01426,"{""T"":1789435825897,""s"":""4STOCKUSDT"",""S"":""Buy"",""v"":""35060"",""p"":""0.01426""}"
2026-09-15T01:30:26.329743Z,1789435825940,4STOCKUSDT,Buy,820,0.01428,"{""T"":1789435825940,""s"":""4STOCKUSDT"",""S"":""Buy"",""v"":""820"",""p"":""0.01428""}"
2026-09-15T01:30:26.329743Z,1789435826141,4STOCKUSDT,Buy,20,0.01430,"{""T"":1789435826141,""s"":""4STOCKUSDT"",""S"":""Buy"",""v"":""20"",""p"":""0.01430""}"
2026-09-15T01:30:26.329743Z,1789435826224,4STOCKUSDT,Buy,9730,0.01413,"{""T"":1789435826224,""s"":""4STOCKUSDT"",""S"":""Buy"",""v"":""9730"",""p"":""0.01413""}"
2026-09-15T01:30:26.830468Z,1789435826389,4STOCKUSDT,Buy,30,0.01394,"{""T"":1789435826389,""s"":""4STOCKUSDT"",""S"":""Buy"",""v"":""30"",""p"":""0.01394""}"
2026-09-15T01:30:27.329844Z,1789435827170,4STOCKUSDT,Buy,63090,0.01397,"{""T"":1789435827170,""s"":""4STOCKUSDT"",""S"":""Buy"",""v"":""63090"",""p"":""0.01397""}"
2026-09-15T01:31:04.992828Z,1789435864724,MTLUSDT,Sell,471.5,0.3335,"{""T"":1789435864724,""s"":""MTLUSDT"",""S"":""Sell"",""v"":""471.5"",""p"":""0.3335""}"
2026-09-15T01:31:46.908781Z,1789435906442,LSKUSDT,Sell,1399.1,0.38302,"{""T"":1789435906442,""s"":""LSKUSDT"",""S"":""Sell"",""v"":""1399.1"",""p"":""0.38302""}"
2026-09-15T01:31:46.992596Z,1789435906812,BRUSDT,Sell,49,0.60332,"{""T"":1789435906812,""s"":""BRUSDT"",""S"":""Sell"",""v"":""49"",""p"":""0.60332""}"
2026-09-15T01:31:47.493065Z,1789435906956,BRUSDT,Sell,223,0.61188,"{""T"":1789435906956,""s"":""BRUSDT"",""S"":""Sell"",""v"":""223"",""p"":""0.61188""}"
2026-09-15T01:31:47.493065Z,1789435906979,BRUSDT,Sell,17,0.61221,"{""T"":1789435906979,""s"":""BRUSDT"",""S"":""Sell"",""v"":""17"",""p"":""0.61221""}"
2026-09-15T01:31:47.493065Z,1789435907007,BRUSDT,Sell,17,0.61336,"{""T"":1789435907007,""s"":""BRUSDT"",""S"":""Sell"",""v"":""17"",""p"":""0.61336""}"
2026-09-15T01:31:47.493065Z,1789435907015,BRUSDT,Sell,99,0.60560,"{""T"":1789435907015,""s"":""BRUSDT"",""S"":""Sell"",""v"":""99"",""p"":""0.60560""}"
2026-09-15T01:31:47.493065Z,1789435907016,BRUSDT,Sell,838,0.61425,"{""T"":1789435907016,""s"":""BRUSDT"",""S"":""Sell"",""v"":""838"",""p"":""0.61425""}"
2026-09-15T01:31:47.493065Z,1789435907035,BRUSDT,Sell,193,0.60916,"{""T"":1789435907035,""s"":""BRUSDT"",""S"":""Sell"",""v"":""193"",""p"":""0.60916""}"
2026-09-15T01:31:47.493065Z,1789435907090,BRUSDT,Sell,102,0.61484,"{""T"":1789435907090,""s"":""BRUSDT"",""S"":""Sell"",""v"":""102"",""p"":""0.61484""}"
2026-09-15T01:31:47.493065Z,1789435907105,BRUSDT,Sell,602,0.60005,"{""T"":1789435907105,""s"":""BRUSDT"",""S"":""Sell"",""v"":""602"",""p"":""0.60005""}"
2026-09-15T01:31:47.493065Z,1789435907112,BRUSDT,Sell,132,0.61133,"{""T"":1789435907112,""s"":""BRUSDT"",""S"":""Sell"",""v"":""132"",""p"":""0.61133""}"
2026-09-15T01:31:47.493065Z,1789435907122,BRUSDT,Sell,68,0.60741,"{""T"":1789435907122,""s"":""BRUSDT"",""S"":""Sell"",""v"":""68"",""p"":""0.60741""}"
2026-09-15T01:31:47.493065Z,1789435907211,BRUSDT,Sell,104,0.61492,"{""T"":1789435907211,""s"":""BRUSDT"",""S"":""Sell"",""v"":""104"",""p"":""0.61492""}"
2026-09-15T01:31:47.493065Z,1789435907222,BRUSDT,Sell,24,0.61584,"{""T"":1789435907222,""s"":""BRUSDT"",""S"":""Sell"",""v"":""24"",""p"":""0.61584""}"
2026-09-15T01:31:47.493065Z,1789435907227,BRUSDT,Sell,207,0.60707,"{""T"":1789435907227,""s"":""BRUSDT"",""S"":""Sell"",""v"":""207"",""p"":""0.60707""}"
2026-09-15T01:31:47.493065Z,1789435907265,BRUSDT,Sell,586,0.61390,"{""T"":1789435907265,""s"":""BRUSDT"",""S"":""Sell"",""v"":""586"",""p"":""0.61390""}"
2026-09-15T01:31:47.493065Z,1789435907277,BRUSDT,Sell,100,0.61408,"{""T"":1789435907277,""s"":""BRUSDT"",""S"":""Sell"",""v"":""100"",""p"":""0.61408""}"
2026-09-15T01:31:47.493065Z,1789435907336,BRUSDT,Sell,1068,0.60936,"{""T"":1789435907336,""s"":""BRUSDT"",""S"":""Sell"",""v"":""1068"",""p"":""0.60936""}"
2026-09-15T01:31:47.493065Z,1789435907338,BRUSDT,Sell,152,0.60600,"{""T"":1789435907338,""s"":""BRUSDT"",""S"":""Sell"",""v"":""152"",""p"":""0.60600""}"
2026-09-15T01:31:47.493065Z,1789435907373,BRUSDT,Sell,98,0.61334,"{""T"":1789435907373,""s"":""BRUSDT"",""S"":""Sell"",""v"":""98"",""p"":""0.61334""}"
2026-09-15T01:31:47.493065Z,1789435907383,BRUSDT,Sell,58,0.60890,"{""T"":1789435907383,""s"":""BRUSDT"",""S"":""Sell"",""v"":""58"",""p"":""0.60890""}"
2026-09-15T01:31:47.493065Z,1789435907383,BRUSDT,Sell,218,0.61416,"{""T"":1789435907383,""s"":""BRUSDT"",""S"":""Sell"",""v"":""218"",""p"":""0.61416""}"
2026-09-15T01:31:47.493065Z,1789435907390,BRUSDT,Sell,388,0.61232,"{""T"":1789435907390,""s"":""BRUSDT"",""S"":""Sell"",""v"":""388"",""p"":""0.61232""}"
2026-09-15T01:31:47.493065Z,1789435907393,BRUSDT,Sell,10,0.60200,"{""T"":1789435907393,""s"":""BRUSDT"",""S"":""Sell"",""v"":""10"",""p"":""0.60200""}"
2026-09-15T01:31:47.493065Z,1789435907393,BRUSDT,Sell,10,0.61214,"{""T"":1789435907393,""s"":""BRUSDT"",""S"":""Sell"",""v"":""10"",""p"":""0.61214""}"
2026-09-15T01:31:47.493065Z,1789435907399,BRUSDT,Sell,10,0.61672,"{""T"":1789435907399,""s"":""BRUSDT"",""S"":""Sell"",""v"":""10"",""p"":""0.61672""}"
2026-09-15T01:31:47.813791Z,1789435907660,ASTERUSDT,Buy,410,0.6922,"{""T"":1789435907660,""s"":""ASTERUSDT"",""S"":""Buy"",""v"":""410"",""p"":""0.6922""}"
2026-09-15T01:31:47.908808Z,1789435907611,LSKUSDT,Buy,751.1,0.36788,"{""T"":1789435907611,""s"":""LSKUSDT"",""S"":""Buy"",""v"":""751.1"",""p"":""0.36788""}"
2026-09-15T01:31:47.993991Z,1789435907407,BRUSDT,Sell,294,0.61011,"{""T"":1789435907407,""s"":""BRUSDT"",""S"":""Sell"",""v"":""294"",""p"":""0.61011""}"
2026-09-15T01:31:47.993991Z,1789435907409,BRUSDT,Sell,19,0.60439,"{""T"":1789435907409,""s"":""BRUSDT"",""S"":""Sell"",""v"":""19"",""p"":""0.60439""}"
2026-09-15T01:31:47.993991Z,1789435907457,BRUSDT,Sell,15,0.61039,"{""T"":1789435907457,""s"":""BRUSDT"",""S"":""Sell"",""v"":""15"",""p"":""0.61039""}"
2026-09-15T01:31:47.993991Z,1789435907468,BRUSDT,Sell,149,0.61720,"{""T"":1789435907468,""s"":""BRUSDT"",""S"":""Sell"",""v"":""149"",""p"":""0.61720""}"
2026-09-15T01:31:47.993991Z,1789435907514,BRUSDT,Sell,150,0.61681,"{""T"":1789435907514,""s"":""BRUSDT"",""S"":""Sell"",""v"":""150"",""p"":""0.61681""}"
2026-09-15T01:31:47.993991Z,1789435907554,BRUSDT,Sell,32,0.60919,"{""T"":1789435907554,""s"":""BRUSDT"",""S"":""Sell"",""v"":""32"",""p"":""0.60919""}"
2026-09-15T01:31:47.993991Z,1789435907558,BRUSDT,Sell,65,0.60631,"{""T"":1789435907558,""s"":""BRUSDT"",""S"":""Sell"",""v"":""65"",""p"":""0.60631""}"
2026-09-15T01:31:47.993991Z,1789435907611,BRUSDT,Sell,2395,0.61472,"{""T"":1789435907611,""s"":""BRUSDT"",""S"":""Sell"",""v"":""2395"",""p"":""0.61472""}"
2026-09-15T01:31:47.993991Z,1789435907642,BRUSDT,Sell,63,0.61795,"{""T"":1789435907642,""s"":""BRUSDT"",""S"":""Sell"",""v"":""63"",""p"":""0.61795""}"
2026-09-15T01:31:47.993991Z,1789435907660,BRUSDT,Sell,633,0.61301,"{""T"":1789435907660,""s"":""BRUSDT"",""S"":""Sell"",""v"":""633"",""p"":""0.61301""}"
2026-09-15T01:31:47.993991Z,1789435907669,BRUSDT,Sell,35,0.61240,"{""T"":1789435907669,""s"":""BRUSDT"",""S"":""Sell"",""v"":""35"",""p"":""0.61240""}"
2026-09-15T01:31:47.993991Z,1789435907679,BRUSDT,Sell,102,0.60162,"{""T"":1789435907679,""s"":""BRUSDT"",""S"":""Sell"",""v"":""102"",""p"":""0.60162""}"
2026-09-15T01:31:47.993991Z,1789435907685,BRUSDT,Sell,44,0.60699,"{""T"":1789435907685,""s"":""BRUSDT"",""S"":""Sell"",""v"":""44"",""p"":""0.60699""}"
2026-09-15T01:31:47.993991Z,1789435907689,BRUSDT,Sell,73,0.61378,"{""T"":1789435907689,""s"":""BRUSDT"",""S"":""Sell"",""v"":""73"",""p"":""0.61378""}"
2026-09-15T01:31:47.993991Z,1789435907742,BRUSDT,Sell,44,0.60967,"{""T"":1789435907742,""s"":""BRUSDT"",""S"":""Sell"",""v"":""44"",""p"":""0.60967""}"
2026-09-15T01:31:47.993991Z,1789435907748,BRUSDT,Sell,13,0.60978,"{""T"":1789435907748,""s"":""BRUSDT"",""S"":""Sell"",""v"":""13"",""p"":""0.60978""}"
2026-09-15T01:31:47.993991Z,1789435907749,BRUSDT,Sell,10,0.61738,"{""T"":1789435907749,""s"":""BRUSDT"",""S"":""Sell"",""v"":""10"",""p"":""0.61738""}"
2026-09-15T01:31:47.993991Z,1789435907757,BRUSDT,Sell,49,0.61227,"{""T"":1789435907757,""s"":""BRUSDT"",""S"":""Sell"",""v"":""49"",""p"":""0.61227""}"
2026-09-15T01:31:47.993991Z,1789435907764,BRUSDT,Sell,13,0.60775,"{""T"":1789435907764,""s"":""BRUSDT"",""S"":""Sell"",""v"":""13"",""p"":""0.60775""}"
2026-09-15T01:31:47.993991Z,1789435907791,BRUSDT,Sell,19,0.61453,"{""T"":1789435907791,""s"":""BRUSDT"",""S"":""Sell"",""v"":""19"",""p"":""0.61453""}"
2026-09-15T01:31:48.017501Z,1789435907611,AVAXUSDT,Buy,67.5,7.499,"{""T"":1789435907611,""s"":""AVAXUSDT"",""S"":""Buy"",""v"":""67.5"",""p"":""7.499""}"
2026-09-15T01:31:48.492857Z,1789435908022,BRUSDT,Sell,87,0.61867,"{""T"":1789435908022,""s"":""BRUSDT"",""S"":""Sell"",""v"":""87"",""p"":""0.61867""}"
2026-09-15T01:31:48.492857Z,1789435908053,BRUSDT,Sell,129,0.61922,"{""T"":1789435908053,""s"":""BRUSDT"",""S"":""Sell"",""v"":""129"",""p"":""0.61922""}"
2026-09-15T01:31:49.492925Z,1789435909180,BRUSDT,Sell,133,0.62095,"{""T"":1789435909180,""s"":""BRUSDT"",""S"":""Sell"",""v"":""133"",""p"":""0.62095""}"
2026-09-15T01:31:50.492879Z,1789435910126,BRUSDT,Sell,57,0.62147,"{""T"":1789435910126,""s"":""BRUSDT"",""S"":""Sell"",""v"":""57"",""p"":""0.62147""}"
2026-09-15T01:31:58.860491Z,1789435918664,TUSDT,Buy,29180,0.004944,"{""T"":1789435918664,""s"":""TUSDT"",""S"":""Buy"",""v"":""29180"",""p"":""0.004944""}"
2026-09-15T01:32:04.408822Z,1789435923936,CAPUSDT,Sell,200,0.07216,"{""T"":1789435923936,""s"":""CAPUSDT"",""S"":""Sell"",""v"":""200"",""p"":""0.07216""}"
2026-09-15T01:32:05.360662Z,1789435925059,TUSDT,Buy,80000,0.004931,"{""T"":1789435925059,""s"":""TUSDT"",""S"":""Buy"",""v"":""80000"",""p"":""0.004931""}"
2026-09-15T01:32:06.567247Z,1789435926251,BTCUSDT,Buy,0.187,77639.80,"{""T"":1789435926251,""s"":""BTCUSDT"",""S"":""Buy"",""v"":""0.187"",""p"":""77639.80""}"
2026-09-15T01:32:06.915834Z,1789435926759,UNIUSDT,Sell,0.2,6.759,"{""T"":1789435926759,""s"":""UNIUSDT"",""S"":""Sell"",""v"":""0.2"",""p"":""6.759""}"
2026-09-15T01:33:17.412567Z,1789435997078,LSKUSDT,Sell,5955.0,0.39008,"{""T"":1789435997078,""s"":""LSKUSDT"",""S"":""Sell"",""v"":""5955.0"",""p"":""0.39008""}"
2026-09-15T01:33:23.408839Z,1789436003218,LSKUSDT,Sell,1260.2,0.39179,"{""T"":1789436003218,""s"":""LSKUSDT"",""S"":""Sell"",""v"":""1260.2"",""p"":""0.39179""}"
2026-09-15T01:33:31.908639Z,1789436011748,LSKUSDT,Sell,491.2,0.39670,"{""T"":1789436011748,""s"":""LSKUSDT"",""S"":""Sell"",""v"":""491.2"",""p"":""0.39670""}"
2026-09-15T01:34:25.993128Z,1789436065479,BRUSDT,Buy,92,0.45959,"{""T"":1789436065479,""s"":""BRUSDT"",""S"":""Buy"",""v"":""92"",""p"":""0.45959""}"
2026-09-15T01:34:46.987713Z,1789436086466,SOXLUSDT,Buy,30.00,102.04,"{""T"":1789436086466,""s"":""SOXLUSDT"",""S"":""Buy"",""v"":""30.00"",""p"":""102.04""}"
2026-09-15T01:35:03.487701Z,1789436102971,BTWUSDT,Buy,50,0.57550,"{""T"":1789436102971,""s"":""BTWUSDT"",""S"":""Buy"",""v"":""50"",""p"":""0.57550""}"
2026-09-15T01:35:13.993194Z,1789436113687,MTLUSDT,Buy,256.7,0.3159,"{""T"":1789436113687,""s"":""MTLUSDT"",""S"":""Buy"",""v"":""256.7"",""p"":""0.3159""}"
2026-09-15T01:37:08.326068Z,1789436228031,AVAAIUSDT,Buy,447528,0.010014,"{""T"":1789436228031,""s"":""AVAAIUSDT"",""S"":""Buy"",""v"":""447528"",""p"":""0.010014""}"
2026-09-15T01:37:08.326068Z,1789436228179,AVAAIUSDT,Buy,967,0.009939,"{""T"":1789436228179,""s"":""AVAAIUSDT"",""S"":""Buy"",""v"":""967"",""p"":""0.009939""}"
2026-09-15T01:37:08.408658Z,1789436228179,CAPUSDT,Sell,270,0.07145,"{""T"":1789436228179,""s"":""CAPUSDT"",""S"":""Sell"",""v"":""270"",""p"":""0.07145""}"
2026-09-15T01:37:08.409308Z,1789436228179,LSKUSDT,Sell,17.3,0.39707,"{""T"":1789436228179,""s"":""LSKUSDT"",""S"":""Sell"",""v"":""17.3"",""p"":""0.39707""}"
2026-09-15T01:37:08.492736Z,1789436228179,BRUSDT,Buy,13,0.47102,"{""T"":1789436228179,""s"":""BRUSDT"",""S"":""Buy"",""v"":""13"",""p"":""0.47102""}"
2026-09-15T01:37:08.563684Z,1789436228179,SOLUSDT,Buy,0.1,101.850,"{""T"":1789436228179,""s"":""SOLUSDT"",""S"":""Buy"",""v"":""0.1"",""p"":""101.850""}"
2026-09-15T01:37:41.826159Z,1789436261702,AVAAIUSDT,Buy,929,0.009584,"{""T"":1789436261702,""s"":""AVAAIUSDT"",""S"":""Buy"",""v"":""929"",""p"":""0.009584""}"
2026-09-15T01:37:42.325916Z,1789436261894,AVAAIUSDT,Buy,1546,0.009703,"{""T"":1789436261894,""s"":""AVAAIUSDT"",""S"":""Buy"",""v"":""1546"",""p"":""0.009703""}"
2026-09-15T01:37:42.325916Z,1789436261958,AVAAIUSDT,Buy,14060,0.009686,"{""T"":1789436261958,""s"":""AVAAIUSDT"",""S"":""Buy"",""v"":""14060"",""p"":""0.009686""}"
2026-09-15T01:37:42.325916Z,1789436261960,AVAAIUSDT,Buy,34562,0.009606,"{""T"":1789436261960,""s"":""AVAAIUSDT"",""S"":""Buy"",""v"":""34562"",""p"":""0.009606""}"
2026-09-15T01:37:42.325916Z,1789436262072,AVAAIUSDT,Buy,2448,0.009755,"{""T"":1789436262072,""s"":""AVAAIUSDT"",""S"":""Buy"",""v"":""2448"",""p"":""0.009755""}"
2026-09-15T01:37:42.825801Z,1789436262316,AVAAIUSDT,Buy,383253,0.009693,"{""T"":1789436262316,""s"":""AVAAIUSDT"",""S"":""Buy"",""v"":""383253"",""p"":""0.009693""}"
2026-09-15T01:37:42.825801Z,1789436262489,AVAAIUSDT,Buy,20386,0.009768,"{""T"":1789436262489,""s"":""AVAAIUSDT"",""S"":""Buy"",""v"":""20386"",""p"":""0.009768""}"
2026-09-15T01:37:42.825801Z,1789436262558,AVAAIUSDT,Buy,4155,0.009682,"{""T"":1789436262558,""s"":""AVAAIUSDT"",""S"":""Buy"",""v"":""4155"",""p"":""0.009682""}"
2026-09-15T01:37:51.826544Z,1789436271585,AVAAIUSDT,Buy,18078,0.009524,"{""T"":1789436271585,""s"":""AVAAIUSDT"",""S"":""Buy"",""v"":""18078"",""p"":""0.009524""}"
2026-09-15T01:37:54.487572Z,1789436273976,BTWUSDT,Sell,3000,0.68020,"{""T"":1789436273976,""s"":""BTWUSDT"",""S"":""Sell"",""v"":""3000"",""p"":""0.68020""}"
2026-09-15T01:37:57.487654Z,1789436276954,BTWUSDT,Sell,10,0.68237,"{""T"":1789436276954,""s"":""BTWUSDT"",""S"":""Sell"",""v"":""10"",""p"":""0.68237""}"
2026-09-15T01:38:10.329681Z,1789436289822,AVAAIUSDT,Buy,6610,0.009397,"{""T"":1789436289822,""s"":""AVAAIUSDT"",""S"":""Buy"",""v"":""6610"",""p"":""0.009397""}"
2026-09-15T01:38:12.487482Z,1789436291955,BTWUSDT,Sell,120,0.69212,"{""T"":1789436291955,""s"":""BTWUSDT"",""S"":""Sell"",""v"":""120"",""p"":""0.69212""}"
2026-09-15T01:38:12.987280Z,1789436292759,BTWUSDT,Sell,2900,0.69298,"{""T"":1789436292759,""s"":""BTWUSDT"",""S"":""Sell"",""v"":""2900"",""p"":""0.69298""}"
2026-09-15T01:38:13.987268Z,1789436293874,BTWUSDT,Sell,10,0.69365,"{""T"":1789436293874,""s"":""BTWUSDT"",""S"":""Sell"",""v"":""10"",""p"":""0.69365""}"
2026-09-15T01:38:15.487490Z,1789436294932,BTWUSDT,Sell,10,0.70129,"{""T"":1789436294932,""s"":""BTWUSDT"",""S"":""Sell"",""v"":""10"",""p"":""0.70129""}"
2026-09-15T01:39:57.908886Z,1789436397645,STEEMUSDT,Buy,10807,0.05607,"{""T"":1789436397645,""s"":""STEEMUSDT"",""S"":""Buy"",""v"":""10807"",""p"":""0.05607""}"
2026-09-15T01:40:57.910515Z,1789436457732,CAPUSDT,Sell,11520,0.07283,"{""T"":1789436457732,""s"":""CAPUSDT"",""S"":""Sell"",""v"":""11520"",""p"":""0.07283""}"
2026-09-15T01:42:16.993087Z,1789436536596,MTLUSDT,Buy,4121.7,0.3083,"{""T"":1789436536596,""s"":""MTLUSDT"",""S"":""Buy"",""v"":""4121.7"",""p"":""0.3083""}"
2026-09-15T01:43:15.349411Z,1789436594989,UAIUSDT,Buy,784,0.39920,"{""T"":1789436594989,""s"":""UAIUSDT"",""S"":""Buy"",""v"":""784"",""p"":""0.39920""}"
2026-09-15T01:43:24.908812Z,1789436604479,LSKUSDT,Buy,2712.1,0.37308,"{""T"":1789436604479,""s"":""LSKUSDT"",""S"":""Buy"",""v"":""2712.1"",""p"":""0.37308""}"
2026-09-15T01:43:25.408543Z,1789436604831,LSKUSDT,Buy,2443.3,0.37342,"{""T"":1789436604831,""s"":""LSKUSDT"",""S"":""Buy"",""v"":""2443.3"",""p"":""0.37342""}"
2026-09-15T01:43:36.908848Z,1789436616441,LSKUSDT,Buy,2277.6,0.36985,"{""T"":1789436616441,""s"":""LSKUSDT"",""S"":""Buy"",""v"":""2277.6"",""p"":""0.36985""}"
2026-09-15T01:44:08.908574Z,1789436648595,LSKUSDT,Buy,68.3,0.37527,"{""T"":1789436648595,""s"":""LSKUSDT"",""S"":""Buy"",""v"":""68.3"",""p"":""0.37527""}"
2026-09-15T01:44:08.987930Z,1789436648595,BTWUSDT,Sell,410,0.71491,"{""T"":1789436648595,""s"":""BTWUSDT"",""S"":""Sell"",""v"":""410"",""p"":""0.71491""}"
2026-09-15T01:45:03.318171Z,1789436702856,ASTERUSDT,Buy,142,0.6894,"{""T"":1789436702856,""s"":""ASTERUSDT"",""S"":""Buy"",""v"":""142"",""p"":""0.6894""}"
2026-09-15T01:45:03.318171Z,1789436702928,ASTERUSDT,Buy,163,0.6891,"{""T"":1789436702928,""s"":""ASTERUSDT"",""S"":""Buy"",""v"":""163"",""p"":""0.6891""}"
2026-09-15T01:45:03.814121Z,1789436703342,ASTERUSDT,Buy,90,0.6888,"{""T"":1789436703342,""s"":""ASTERUSDT"",""S"":""Buy"",""v"":""90"",""p"":""0.6888""}"
2026-09-15T01:45:04.313908Z,1789436703903,ASTERUSDT,Buy,288,0.6888,"{""T"":1789436703903,""s"":""ASTERUSDT"",""S"":""Buy"",""v"":""288"",""p"":""0.6888""}"
2026-09-15T01:45:34.908519Z,1789436734587,CAPUSDT,Sell,3850,0.07367,"{""T"":1789436734587,""s"":""CAPUSDT"",""S"":""Sell"",""v"":""3850"",""p"":""0.07367""}"
2026-09-15T01:46:12.813887Z,1789436772412,ASTERUSDT,Buy,5273,0.6886,"{""T"":1789436772412,""s"":""ASTERUSDT"",""S"":""Buy"",""v"":""5273"",""p"":""0.6886""}"
2026-09-15T01:47:17.487638Z,1789436837397,BTWUSDT,Sell,40,0.72000,"{""T"":1789436837397,""s"":""BTWUSDT"",""S"":""Sell"",""v"":""40"",""p"":""0.72000""}"
2026-09-15T01:47:17.989215Z,1789436837455,BTWUSDT,Sell,340,0.72033,"{""T"":1789436837455,""s"":""BTWUSDT"",""S"":""Sell"",""v"":""340"",""p"":""0.72033""}"
2026-09-15T01:47:17.989215Z,1789436837481,BTWUSDT,Sell,750,0.73836,"{""T"":1789436837481,""s"":""BTWUSDT"",""S"":""Sell"",""v"":""750"",""p"":""0.73836""}"
2026-09-15T01:47:17.989215Z,1789436837490,BTWUSDT,Sell,110,0.73182,"{""T"":1789436837490,""s"":""BTWUSDT"",""S"":""Sell"",""v"":""110"",""p"":""0.73182""}"
2026-09-15T01:47:17.992837Z,1789436837481,BRUSDT,Sell,484,0.56347,"{""T"":1789436837481,""s"":""BRUSDT"",""S"":""Sell"",""v"":""484"",""p"":""0.56347""}"
2026-09-15T01:47:18.487582Z,1789436837924,BTWUSDT,Sell,4000,0.73602,"{""T"":1789436837924,""s"":""BTWUSDT"",""S"":""Sell"",""v"":""4000"",""p"":""0.73602""}"
2026-09-15T01:49:09.497976Z,1789436949177,LINKUSDT,Sell,1.3,11.679,"{""T"":1789436949177,""s"":""LINKUSDT"",""S"":""Sell"",""v"":""1.3"",""p"":""11.679""}"
2026-09-15T01:49:17.493276Z,1789436957172,OPUSDT,Sell,207.8,0.10318,"{""T"":1789436957172,""s"":""OPUSDT"",""S"":""Sell"",""v"":""207.8"",""p"":""0.10318""}"
2026-09-15T01:50:47.908359Z,1789437047328,LSKUSDT,Sell,67.6,0.40331,"{""T"":1789437047328,""s"":""LSKUSDT"",""S"":""Sell"",""v"":""67.6"",""p"":""0.40331""}"
2026-09-15T01:50:48.908689Z,1789437048334,LSKUSDT,Sell,31.5,0.40416,"{""T"":1789437048334,""s"":""LSKUSDT"",""S"":""Sell"",""v"":""31.5"",""p"":""0.40416""}"
2026-09-15T01:50:56.409507Z,1789437056203,LSKUSDT,Sell,6663.6,0.40514,"{""T"":1789437056203,""s"":""LSKUSDT"",""S"":""Sell"",""v"":""6663.6"",""p"":""0.40514""}"
2026-09-15T01:50:56.908665Z,1789437056339,LSKUSDT,Sell,748.1,0.40580,"{""T"":1789437056339,""s"":""LSKUSDT"",""S"":""Sell"",""v"":""748.1"",""p"":""0.40580""}"
2026-09-15T01:50:56.908665Z,1789437056711,LSKUSDT,Sell,27.1,0.40541,"{""T"":1789437056711,""s"":""LSKUSDT"",""S"":""Sell"",""v"":""27.1"",""p"":""0.40541""}"
2026-09-15T01:50:56.908665Z,1789437056782,LSKUSDT,Sell,20.4,0.40549,"{""T"":1789437056782,""s"":""LSKUSDT"",""S"":""Sell"",""v"":""20.4"",""p"":""0.40549""}"
2026-09-15T01:50:59.909291Z,1789437059611,LSKUSDT,Sell,73.1,0.40660,"{""T"":1789437059611,""s"":""LSKUSDT"",""S"":""Sell"",""v"":""73.1"",""p"":""0.40660""}"
2026-09-15T01:51:16.915350Z,1789437076819,ZECUSDT,Sell,0.01,1172.71,"{""T"":1789437076819,""s"":""ZECUSDT"",""S"":""Sell"",""v"":""0.01"",""p"":""1172.71""}"
2026-09-15T01:51:35.490757Z,1789437095141,BTWUSDT,Sell,40,0.74766,"{""T"":1789437095141,""s"":""BTWUSDT"",""S"":""Sell"",""v"":""40"",""p"":""0.74766""}"
2026-09-15T01:52:49.912662Z,1789437169331,CAPUSDT,Sell,770,0.07393,"{""T"":1789437169331,""s"":""CAPUSDT"",""S"":""Sell"",""v"":""770"",""p"":""0.07393""}"
2026-09-15T01:52:50.908656Z,1789437170354,CAPUSDT,Sell,130,0.07400,"{""T"":1789437170354,""s"":""CAPUSDT"",""S"":""Sell"",""v"":""130"",""p"":""0.07400""}"
2026-09-15T01:52:53.908641Z,1789437173780,CAPUSDT,Sell,7590,0.07421,"{""T"":1789437173780,""s"":""CAPUSDT"",""S"":""Sell"",""v"":""7590"",""p"":""0.07421""}"
2026-09-15T01:53:08.987574Z,1789437188554,BTWUSDT,Sell,30,0.75343,"{""T"":1789437188554,""s"":""BTWUSDT"",""S"":""Sell"",""v"":""30"",""p"":""0.75343""}"
2026-09-15T01:54:03.063971Z,1789437242748,FILUSDT,Buy,19.5,0.8823,"{""T"":1789437242748,""s"":""FILUSDT"",""S"":""Buy"",""v"":""19.5"",""p"":""0.8823""}"
2026-09-15T01:54:03.063971Z,1789437242755,FILUSDT,Buy,8.2,0.8816,"{""T"":1789437242755,""s"":""FILUSDT"",""S"":""Buy"",""v"":""8.2"",""p"":""0.8816""}"
2026-09-15T01:54:03.563592Z,1789437243160,FILUSDT,Buy,35.3,0.8802,"{""T"":1789437243160,""s"":""FILUSDT"",""S"":""Buy"",""v"":""35.3"",""p"":""0.8802""}"
2026-09-15T01:54:04.063628Z,1789437243499,FILUSDT,Buy,102.0,0.8825,"{""T"":1789437243499,""s"":""FILUSDT"",""S"":""Buy"",""v"":""102.0"",""p"":""0.8825""}"
2026-09-15T01:54:09.987538Z,1789437249824,CLUSDT,Sell,60.68,98.820,"{""T"":1789437249824,""s"":""CLUSDT"",""S"":""Sell"",""v"":""60.68"",""p"":""98.820""}"
2026-09-15T01:54:29.409027Z,1789437268906,LSKUSDT,Sell,81.7,0.40830,"{""T"":1789437268906,""s"":""LSKUSDT"",""S"":""Sell"",""v"":""81.7"",""p"":""0.40830""}"
2026-09-15T01:54:29.409027Z,1789437268922,LSKUSDT,Sell,1834.6,0.40775,"{""T"":1789437268922,""s"":""LSKUSDT"",""S"":""Sell"",""v"":""1834.6"",""p"":""0.40775""}"
2026-09-15T01:54:29.908506Z,1789437269547,LSKUSDT,Sell,15.5,0.40763,"{""T"":1789437269547,""s"":""LSKUSDT"",""S"":""Sell"",""v"":""15.5"",""p"":""0.40763""}"
2026-09-15T01:54:30.408757Z,1789437270122,LSKUSDT,Sell,12694.3,0.40934,"{""T"":1789437270122,""s"":""LSKUSDT"",""S"":""Sell"",""v"":""12694.3"",""p"":""0.40934""}"
2026-09-15T01:54:31.408538Z,1789437270930,LSKUSDT,Sell,5405.3,0.40902,"{""T"":1789437270930,""s"":""LSKUSDT"",""S"":""Sell"",""v"":""5405.3"",""p"":""0.40902""}"
2026-09-15T01:54:31.908634Z,1789437271806,LSKUSDT,Sell,28.2,0.40989,"{""T"":1789437271806,""s"":""LSKUSDT"",""S"":""Sell"",""v"":""28.2"",""p"":""0.40989""}"
2026-09-15T01:56:14.997635Z,1789437374593,STORJUSDT,Buy,14268.6,0.03266,"{""T"":1789437374593,""s"":""STORJUSDT"",""S"":""Buy"",""v"":""14268.6"",""p"":""0.03266""}"
2026-09-15T01:56:28.987906Z,1789437388856,BTWUSDT,Sell,620,0.75965,"{""T"":1789437388856,""s"":""BTWUSDT"",""S"":""Sell"",""v"":""620"",""p"":""0.75965""}"
2026-09-15T01:56:28.992607Z,1789437388856,BRUSDT,Sell,400,0.57580,"{""T"":1789437388856,""s"":""BRUSDT"",""S"":""Sell"",""v"":""400"",""p"":""0.57580""}"
2026-09-15T01:56:28.992920Z,1789437388856,MTLUSDT,Buy,4532.3,0.3045,"{""T"":1789437388856,""s"":""MTLUSDT"",""S"":""Buy"",""v"":""4532.3"",""p"":""0.3045""}"
2026-09-15T01:56:29.066954Z,1789437388856,BTCUSDT,Sell,0.014,78208.50,"{""T"":1789437388856,""s"":""BTCUSDT"",""S"":""Sell"",""v"":""0.014"",""p"":""78208.50""}"
2026-09-15T01:56:29.314089Z,1789437388856,PUMPFUNUSDT,Sell,116000,0.0037610,"{""T"":1789437388856,""s"":""PUMPFUNUSDT"",""S"":""Sell"",""v"":""116000"",""p"":""0.0037610""}"
2026-09-15T01:56:29.314501Z,1789437388856,HYPEUSDT,Sell,6.00,80.990,"{""T"":1789437388856,""s"":""HYPEUSDT"",""S"":""Sell"",""v"":""6.00"",""p"":""80.990""}"
2026-09-15T01:56:29.329590Z,1789437388856,REZUSDT,Buy,288789,0.003844,"{""T"":1789437388856,""s"":""REZUSDT"",""S"":""Buy"",""v"":""288789"",""p"":""0.003844""}"
2026-09-15T01:56:29.338424Z,1789437388856,XRPUSDT,Sell,691.8,1.4298,"{""T"":1789437388856,""s"":""XRPUSDT"",""S"":""Sell"",""v"":""691.8"",""p"":""1.4298""}"
2026-09-15T01:56:29.408749Z,1789437388856,CAPUSDT,Buy,140,0.06673,"{""T"":1789437388856,""s"":""CAPUSDT"",""S"":""Buy"",""v"":""140"",""p"":""0.06673""}"
2026-09-15T01:56:56.330133Z,1789437416013,REZUSDT,Buy,1215000,0.003837,"{""T"":1789437416013,""s"":""REZUSDT"",""S"":""Buy"",""v"":""1215000"",""p"":""0.003837""}"
2026-09-15T01:57:36.487192Z,1789437455985,BTWUSDT,Buy,1380,0.64894,"{""T"":1789437455985,""s"":""BTWUSDT"",""S"":""Buy"",""v"":""1380"",""p"":""0.64894""}"
2026-09-15T01:57:55.487508Z,1789437475249,BTWUSDT,Buy,140,0.62372,"{""T"":1789437475249,""s"":""BTWUSDT"",""S"":""Buy"",""v"":""140"",""p"":""0.62372""}"
2026-09-15T01:58:09.491475Z,1789437488971,BTWUSDT,Buy,20,0.60966,"{""T"":1789437488971,""s"":""BTWUSDT"",""S"":""Buy"",""v"":""20"",""p"":""0.60966""}"
2026-09-15T01:58:13.330596Z,1789437492895,REZUSDT,Buy,56692,0.003799,"{""T"":1789437492895,""s"":""REZUSDT"",""S"":""Buy"",""v"":""56692"",""p"":""0.003799""}"
2026-09-15T01:58:29.329886Z,1789437508903,4STOCKUSDT,Buy,13790,0.01389,"{""T"":1789437508903,""s"":""4STOCKUSDT"",""S"":""Buy"",""v"":""13790"",""p"":""0.01389""}"
2026-09-15T01:58:37.329973Z,1789437517216,4STOCKUSDT,Buy,300,0.01384,"{""T"":1789437517216,""s"":""4STOCKUSDT"",""S"":""Buy"",""v"":""300"",""p"":""0.01384""}"
2026-09-15T01:59:05.908991Z,1789437545748,KORUUSDT,Buy,0.75,19.40,"{""T"":1789437545748,""s"":""KORUUSDT"",""S"":""Buy"",""v"":""0.75"",""p"":""19.40""}"
2026-09-15T01:59:14.330507Z,1789437553894,4STOCKUSDT,Buy,19770,0.01383,"{""T"":1789437553894,""s"":""4STOCKUSDT"",""S"":""Buy"",""v"":""19770"",""p"":""0.01383""}"
2026-09-15T02:00:04.494272Z,1789437604384,SUIUSDT,Buy,10,0.71230,"{""T"":1789437604384,""s"":""SUIUSDT"",""S"":""Buy"",""v"":""10"",""p"":""0.71230""}"
2026-09-15T02:00:04.498168Z,1789437604384,STORJUSDT,Buy,20.9,0.03277,"{""T"":1789437604384,""s"":""STORJUSDT"",""S"":""Buy"",""v"":""20.9"",""p"":""0.03277""}"
2026-09-15T02:00:04.908682Z,1789437604384,LSKUSDT,Buy,1.2,0.38162,"{""T"":1789437604384,""s"":""LSKUSDT"",""S"":""Buy"",""v"":""1.2"",""p"":""0.38162""}"
2026-09-15T02:00:21.987763Z,1789437621650,XAUUSDT,Sell,0.948,4328.68,"{""T"":1789437621650,""s"":""XAUUSDT"",""S"":""Sell"",""v"":""0.948"",""p"":""4328.68""}"
2026-09-15T02:01:02.908852Z,1789437662535,CAPUSDT,Sell,570,0.07492,"{""T"":1789437662535,""s"":""CAPUSDT"",""S"":""Sell"",""v"":""570"",""p"":""0.07492""}"
2026-09-15T02:01:23.914503Z,1789437683347,CAPUSDT,Sell,140,0.07551,"{""T"":1789437683347,""s"":""CAPUSDT"",""S"":""Sell"",""v"":""140"",""p"":""0.07551""}"
2026-09-15T02:01:29.408772Z,1789437689236,CAPUSDT,Sell,3000,0.07590,"{""T"":1789437689236,""s"":""CAPUSDT"",""S"":""Sell"",""v"":""3000"",""p"":""0.07590""}"
2026-09-15T02:01:29.908738Z,1789437689659,CAPUSDT,Sell,160,0.07567,"{""T"":1789437689659,""s"":""CAPUSDT"",""S"":""Sell"",""v"":""160"",""p"":""0.07567""}"
2026-09-15T02:01:49.408640Z,1789437709107,CAPUSDT,Sell,56850,0.07609,"{""T"":1789437709107,""s"":""CAPUSDT"",""S"":""Sell"",""v"":""56850"",""p"":""0.07609""}"
2026-09-15T02:01:50.408568Z,1789437709867,CAPUSDT,Sell,80,0.07616,"{""T"":1789437709867,""s"":""CAPUSDT"",""S"":""Sell"",""v"":""80"",""p"":""0.07616""}"
2026-09-15T02:01:50.487223Z,1789437709935,XAUUSDT,Sell,0.002,4331.46,"{""T"":1789437709935,""s"":""XAUUSDT"",""S"":""Sell"",""v"":""0.002"",""p"":""4331.46""}"
2026-09-15T02:01:51.908653Z,1789437711740,CAPUSDT,Sell,160,0.07627,"{""T"":1789437711740,""s"":""CAPUSDT"",""S"":""Sell"",""v"":""160"",""p"":""0.07627""}"
2026-09-15T02:01:52.487257Z,1789437712390,XAUUSDT,Sell,0.032,4331.93,"{""T"":1789437712390,""s"":""XAUUSDT"",""S"":""Sell"",""v"":""0.032"",""p"":""4331.93""}"
2026-09-15T02:02:01.410497Z,1789437721024,CAPUSDT,Sell,410,0.07645,"{""T"":1789437721024,""s"":""CAPUSDT"",""S"":""Sell"",""v"":""410"",""p"":""0.07645""}"
2026-09-15T02:02:10.813989Z,1789437730389,XPLUSDT,Buy,18443,0.08308,"{""T"":1789437730389,""s"":""XPLUSDT"",""S"":""Buy"",""v"":""18443"",""p"":""0.08308""}"
2026-09-15T02:02:14.408895Z,1789437734161,CAPUSDT,Sell,580,0.07707,"{""T"":1789437734161,""s"":""CAPUSDT"",""S"":""Sell"",""v"":""580"",""p"":""0.07707""}"
2026-09-15T02:02:14.909003Z,1789437734390,CAPUSDT,Sell,80,0.07691,"{""T"":1789437734390,""s"":""CAPUSDT"",""S"":""Sell"",""v"":""80"",""p"":""0.07691""}"
2026-09-15T02:02:14.909003Z,1789437734414,CAPUSDT,Sell,160,0.07674,"{""T"":1789437734414,""s"":""CAPUSDT"",""S"":""Sell"",""v"":""160"",""p"":""0.07674""}"
2026-09-15T02:02:15.408641Z,1789437734878,CAPUSDT,Sell,24380,0.07714,"{""T"":1789437734878,""s"":""CAPUSDT"",""S"":""Sell"",""v"":""24380"",""p"":""0.07714""}"
2026-09-15T02:02:24.314499Z,1789437744172,ASTERUSDT,Buy,1395,0.6879,"{""T"":1789437744172,""s"":""ASTERUSDT"",""S"":""Buy"",""v"":""1395"",""p"":""0.6879""}"
2026-09-15T02:02:27.909143Z,1789437747627,LSKUSDT,Buy,17.9,0.37909,"{""T"":1789437747627,""s"":""LSKUSDT"",""S"":""Buy"",""v"":""17.9"",""p"":""0.37909""}"
2026-09-15T02:02:27.909143Z,1789437747753,LSKUSDT,Buy,102.7,0.37903,"{""T"":1789437747753,""s"":""LSKUSDT"",""S"":""Buy"",""v"":""102.7"",""p"":""0.37903""}"
2026-09-15T02:02:28.408732Z,1789437748166,LSKUSDT,Buy,673.9,0.37822,"{""T"":1789437748166,""s"":""LSKUSDT"",""S"":""Buy"",""v"":""673.9"",""p"":""0.37822""}"
2026-09-15T02:02:39.419173Z,1789437759328,ZECUSDT,Sell,0.02,1174.03,"{""T"":1789437759328,""s"":""ZECUSDT"",""S"":""Sell"",""v"":""0.02"",""p"":""1174.03""}"
2026-09-15T02:02:39.493304Z,1789437759328,MTLUSDT,Buy,23.1,0.3027,"{""T"":1789437759328,""s"":""MTLUSDT"",""S"":""Buy"",""v"":""23.1"",""p"":""0.3027""}"
2026-09-15T02:02:40.814211Z,1789437760264,ASTERUSDT,Buy,700,0.6867,"{""T"":1789437760264,""s"":""ASTERUSDT"",""S"":""Buy"",""v"":""700"",""p"":""0.6867""}"
2026-09-15T02:02:44.339051Z,1789437763769,XRPUSDT,Sell,272.5,1.4329,"{""T"":1789437763769,""s"":""XRPUSDT"",""S"":""Sell"",""v"":""272.5"",""p"":""1.4329""}"
2026-09-15T02:03:22.997907Z,1789437802866,VIRTUALUSDT,Buy,2948,0.6029,"{""T"":1789437802866,""s"":""VIRTUALUSDT"",""S"":""Buy"",""v"":""2948"",""p"":""0.6029""}"
2026-09-15T02:03:23.330309Z,1789437803095,4STOCKUSDT,Buy,16820,0.01358,"{""T"":1789437803095,""s"":""4STOCKUSDT"",""S"":""Buy"",""v"":""16820"",""p"":""0.01358""}"
2026-09-15T02:03:25.814246Z,1789437805593,ASTERUSDT,Buy,504,0.6858,"{""T"":1789437805593,""s"":""ASTERUSDT"",""S"":""Buy"",""v"":""504"",""p"":""0.6858""}"
2026-09-15T02:03:26.315096Z,1789437805792,ASTERUSDT,Buy,797,0.6858,"{""T"":1789437805792,""s"":""ASTERUSDT"",""S"":""Buy"",""v"":""797"",""p"":""0.6858""}"
2026-09-15T02:03:26.315096Z,1789437805836,ASTERUSDT,Buy,36,0.6856,"{""T"":1789437805836,""s"":""ASTERUSDT"",""S"":""Buy"",""v"":""36"",""p"":""0.6856""}"
2026-09-15T02:03:26.315096Z,1789437805855,ASTERUSDT,Buy,59,0.6832,"{""T"":1789437805855,""s"":""ASTERUSDT"",""S"":""Buy"",""v"":""59"",""p"":""0.6832""}"
2026-09-15T02:03:26.315096Z,1789437806101,ASTERUSDT,Buy,553,0.6843,"{""T"":1789437806101,""s"":""ASTERUSDT"",""S"":""Buy"",""v"":""553"",""p"":""0.6843""}"
2026-09-15T02:03:26.315096Z,1789437806168,ASTERUSDT,Buy,231,0.6842,"{""T"":1789437806168,""s"":""ASTERUSDT"",""S"":""Buy"",""v"":""231"",""p"":""0.6842""}"
2026-09-15T02:03:26.315096Z,1789437806169,ASTERUSDT,Buy,57,0.6843,"{""T"":1789437806169,""s"":""ASTERUSDT"",""S"":""Buy"",""v"":""57"",""p"":""0.6843""}"
2026-09-15T02:03:26.315096Z,1789437806210,ASTERUSDT,Buy,714,0.6845,"{""T"":1789437806210,""s"":""ASTERUSDT"",""S"":""Buy"",""v"":""714"",""p"":""0.6845""}"
2026-09-15T02:03:36.408814Z,1789437815904,LSKUSDT,Buy,237.0,0.37439,"{""T"":1789437815904,""s"":""LSKUSDT"",""S"":""Buy"",""v"":""237.0"",""p"":""0.37439""}"
2026-09-15T02:03:36.908997Z,1789437816530,LSKUSDT,Buy,384.8,0.37489,"{""T"":1789437816530,""s"":""LSKUSDT"",""S"":""Buy"",""v"":""384.8"",""p"":""0.37489""}"
2026-09-15T02:04:08.408735Z,1789437848278,LSKUSDT,Buy,336.8,0.37371,"{""T"":1789437848278,""s"":""LSKUSDT"",""S"":""Buy"",""v"":""336.8"",""p"":""0.37371""}"
2026-09-15T02:04:08.909181Z,1789437848494,LSKUSDT,Buy,301.6,0.37391,"{""T"":1789437848494,""s"":""LSKUSDT"",""S"":""Buy"",""v"":""301.6"",""p"":""0.37391""}"
2026-09-15T02:04:28.409200Z,1789437868114,LSKUSDT,Buy,5521.9,0.37174,"{""T"":1789437868114,""s"":""LSKUSDT"",""S"":""Buy"",""v"":""5521.9"",""p"":""0.37174""}"
2026-09-15T02:04:28.409200Z,1789437868182,LSKUSDT,Buy,291.8,0.37210,"{""T"":1789437868182,""s"":""LSKUSDT"",""S"":""Buy"",""v"":""291.8"",""p"":""0.37210""}"
2026-09-15T02:04:53.637563Z,1789437893210,ARKUSDT,Buy,464,0.15317,"{""T"":1789437893210,""s"":""ARKUSDT"",""S"":""Buy"",""v"":""464"",""p"":""0.15317""}"
2026-09-15T02:04:53.637563Z,1789437893399,ARKUSDT,Buy,3018,0.15226,"{""T"":1789437893399,""s"":""ARKUSDT"",""S"":""Buy"",""v"":""3018"",""p"":""0.15226""}"
2026-09-15T02:04:54.136421Z,1789437893868,ARKUSDT,Buy,37012,0.15285,"{""T"":1789437893868,""s"":""ARKUSDT"",""S"":""Buy"",""v"":""37012"",""p"":""0.15285""}"
2026-09-15T02:04:54.636605Z,1789437894154,ARKUSDT,Buy,579,0.15215,"{""T"":1789437894154,""s"":""ARKUSDT"",""S"":""Buy"",""v"":""579"",""p"":""0.15215""}"
2026-09-15T02:05:14.409427Z,1789437913925,LSKUSDT,Buy,793.2,0.37006,"{""T"":1789437913925,""s"":""LSKUSDT"",""S"":""Buy"",""v"":""793.2"",""p"":""0.37006""}"
2026-09-15T02:05:40.339034Z,1789437939918,XRPUSDT,Sell,87.4,1.4334,"{""T"":1789437939918,""s"":""XRPUSDT"",""S"":""Sell"",""v"":""87.4"",""p"":""1.4334""}"
2026-09-15T02:05:50.908675Z,1789437950779,LSKUSDT,Buy,3837.0,0.36836,"{""T"":1789437950779,""s"":""LSKUSDT"",""S"":""Buy"",""v"":""3837.0"",""p"":""0.36836""}"
2026-09-15T02:05:50.908675Z,1789437950804,LSKUSDT,Buy,64.0,0.36810,"{""T"":1789437950804,""s"":""LSKUSDT"",""S"":""Buy"",""v"":""64.0"",""p"":""0.36810""}"
2026-09-15T02:06:24.826242Z,1789437984248,ENAUSDT,Buy,990,0.14118,"{""T"":1789437984248,""s"":""ENAUSDT"",""S"":""Buy"",""v"":""990"",""p"":""0.14118""}"
2026-09-15T02:06:30.409043Z,1789437989895,LSKUSDT,Buy,427.5,0.36660,"{""T"":1789437989895,""s"":""LSKUSDT"",""S"":""Buy"",""v"":""427.5"",""p"":""0.36660""}"
2026-09-15T02:06:30.860119Z,1789437990453,WLDUSDT,Buy,932.9,0.3785,"{""T"":1789437990453,""s"":""WLDUSDT"",""S"":""Buy"",""v"":""932.9"",""p"":""0.3785""}"
2026-09-15T02:06:41.412465Z,1789438000917,LSKUSDT,Buy,202.3,0.36423,"{""T"":1789438000917,""s"":""LSKUSDT"",""S"":""Buy"",""v"":""202.3"",""p"":""0.36423""}"
2026-09-15T02:06:50.908717Z,1789438010597,LSKUSDT,Buy,75.2,0.36346,"{""T"":1789438010597,""s"":""LSKUSDT"",""S"":""Buy"",""v"":""75.2"",""p"":""0.36346""}"
2026-09-15T02:07:10.826601Z,1789438030365,ENAUSDT,Buy,1067,0.14092,"{""T"":1789438030365,""s"":""ENAUSDT"",""S"":""Buy"",""v"":""1067"",""p"":""0.14092""}"
2026-09-15T02:07:17.510966Z,1789438037070,OPUSDT,Buy,67.3,0.10074,"{""T"":1789438037070,""s"":""OPUSDT"",""S"":""Buy"",""v"":""67.3"",""p"":""0.10074""}"
2026-09-15T02:07:18.378150Z,1789438037894,WLDUSDT,Buy,1209.1,0.3785,"{""T"":1789438037894,""s"":""WLDUSDT"",""S"":""Buy"",""v"":""1209.1"",""p"":""0.3785""}"
2026-09-15T02:07:27.935526Z,1789438047528,ADAUSDT,Buy,2000,0.2056,"{""T"":1789438047528,""s"":""ADAUSDT"",""S"":""Buy"",""v"":""2000"",""p"":""0.2056""}"
2026-09-15T02:07:28.415774Z,1789438048157,ADAUSDT,Buy,795,0.2056,"{""T"":1789438048157,""s"":""ADAUSDT"",""S"":""Buy"",""v"":""795"",""p"":""0.2056""}"
2026-09-15T02:07:34.066959Z,1789438053588,BTCUSDT,Buy,0.189,77579.20,"{""T"":1789438053588,""s"":""BTCUSDT"",""S"":""Buy"",""v"":""0.189"",""p"":""77579.20""}"
2026-09-15T02:07:43.814157Z,1789438063713,PUMPFUNUSDT,Buy,6300,0.0036800,"{""T"":1789438063713,""s"":""PUMPFUNUSDT"",""S"":""Buy"",""v"":""6300"",""p"":""0.0036800""}"
2026-09-15T02:07:47.408917Z,1789438066971,LSKUSDT,Buy,147.6,0.36023,"{""T"":1789438066971,""s"":""LSKUSDT"",""S"":""Buy"",""v"":""147.6"",""p"":""0.36023""}"
2026-09-15T02:07:47.408917Z,1789438067113,LSKUSDT,Buy,146.1,0.35989,"{""T"":1789438067113,""s"":""LSKUSDT"",""S"":""Buy"",""v"":""146.1"",""p"":""0.35989""}"
2026-09-15T02:07:47.408917Z,1789438067287,LSKUSDT,Buy,24.5,0.35875,"{""T"":1789438067287,""s"":""LSKUSDT"",""S"":""Buy"",""v"":""24.5"",""p"":""0.35875""}"
2026-09-15T02:07:47.408917Z,1789438067301,LSKUSDT,Buy,6199.9,0.35897,"{""T"":1789438067301,""s"":""LSKUSDT"",""S"":""Buy"",""v"":""6199.9"",""p"":""0.35897""}"
2026-09-15T02:07:58.349376Z,1789438077967,UAIUSDT,Buy,510,0.38650,"{""T"":1789438077967,""s"":""UAIUSDT"",""S"":""Buy"",""v"":""510"",""p"":""0.38650""}"
2026-09-15T02:08:08.852105Z,1789438088729,UAIUSDT,Buy,13,0.38430,"{""T"":1789438088729,""s"":""UAIUSDT"",""S"":""Buy"",""v"":""13"",""p"":""0.38430""}"
2026-09-15T02:11:04.909188Z,1789438264620,LSKUSDT,Sell,22.7,0.38622,"{""T"":1789438264620,""s"":""LSKUSDT"",""S"":""Sell"",""v"":""22.7"",""p"":""0.38622""}"
2026-09-15T02:11:34.339091Z,1789438294119,XRPUSDT,Sell,36.4,1.4355,"{""T"":1789438294119,""s"":""XRPUSDT"",""S"":""Sell"",""v"":""36.4"",""p"":""1.4355""}"
2026-09-15T02:12:06.839365Z,1789438326440,XRPUSDT,Sell,6213.1,1.4356,"{""T"":1789438326440,""s"":""XRPUSDT"",""S"":""Sell"",""v"":""6213.1"",""p"":""1.4356""}"
2026-09-15T02:12:08.408824Z,1789438327936,CAPUSDT,Buy,33830,0.06546,"{""T"":1789438327936,""s"":""CAPUSDT"",""S"":""Buy"",""v"":""33830"",""p"":""0.06546""}"
2026-09-15T02:12:08.408824Z,1789438328061,CAPUSDT,Buy,670,0.06515,"{""T"":1789438328061,""s"":""CAPUSDT"",""S"":""Buy"",""v"":""670"",""p"":""0.06515""}"
2026-09-15T02:12:08.908750Z,1789438328594,CAPUSDT,Buy,1050,0.06514,"{""T"":1789438328594,""s"":""CAPUSDT"",""S"":""Buy"",""v"":""1050"",""p"":""0.06514""}"
2026-09-15T02:12:09.409149Z,1789438328931,CAPUSDT,Buy,950,0.06520,"{""T"":1789438328931,""s"":""CAPUSDT"",""S"":""Buy"",""v"":""950"",""p"":""0.06520""}"
2026-09-15T02:12:19.908980Z,1789438339752,CAPUSDT,Buy,160,0.06489,"{""T"":1789438339752,""s"":""CAPUSDT"",""S"":""Buy"",""v"":""160"",""p"":""0.06489""}"
2026-09-15T02:12:46.409086Z,1789438365949,CAPUSDT,Buy,16910,0.06480,"{""T"":1789438365949,""s"":""CAPUSDT"",""S"":""Buy"",""v"":""16910"",""p"":""0.06480""}"
2026-09-15T02:13:18.849594Z,1789438398369,XLMUSDT,Sell,1024,0.19780,"{""T"":1789438398369,""s"":""XLMUSDT"",""S"":""Sell"",""v"":""1024"",""p"":""0.19780""}"
2026-09-15T02:13:19.908802Z,1789438399450,CAPUSDT,Buy,26760,0.06472,"{""T"":1789438399450,""s"":""CAPUSDT"",""S"":""Buy"",""v"":""26760"",""p"":""0.06472""}"
2026-09-15T02:13:58.497789Z,1789438437999,INJUSDT,Buy,65.7,6.0900,"{""T"":1789438437999,""s"":""INJUSDT"",""S"":""Buy"",""v"":""65.7"",""p"":""6.0900""}"
2026-09-15T02:19:59.329909Z,1789438799239,PONSUSDT,Sell,20,0.6574,"{""T"":1789438799239,""s"":""PONSUSDT"",""S"":""Sell"",""v"":""20"",""p"":""0.6574""}"
2026-09-15T02:20:03.829998Z,1789438803569,PONSUSDT,Sell,14,0.6593,"{""T"":1789438803569,""s"":""PONSUSDT"",""S"":""Sell"",""v"":""14"",""p"":""0.6593""}"
2026-09-15T02:21:15.636732Z,1789438875085,ARKUSDT,Buy,771,0.15171,"{""T"":1789438875085,""s"":""ARKUSDT"",""S"":""Buy"",""v"":""771"",""p"":""0.15171""}"
2026-09-15T02:21:33.915157Z,1789438893371,ZECUSDT,Buy,0.23,1146.51,"{""T"":1789438893371,""s"":""ZECUSDT"",""S"":""Buy"",""v"":""0.23"",""p"":""1146.51""}"
2026-09-15T02:22:24.833082Z,1789438944422,4STOCKUSDT,Buy,700,0.01344,"{""T"":1789438944422,""s"":""4STOCKUSDT"",""S"":""Buy"",""v"":""700"",""p"":""0.01344""}"
2026-09-15T02:22:25.493520Z,1789438944995,BRUSDT,Buy,9084,0.44441,"{""T"":1789438944995,""s"":""BRUSDT"",""S"":""Buy"",""v"":""9084"",""p"":""0.44441""}"
2026-09-15T02:22:25.992880Z,1789438945531,BRUSDT,Buy,61,0.44659,"{""T"":1789438945531,""s"":""BRUSDT"",""S"":""Buy"",""v"":""61"",""p"":""0.44659""}"
2026-09-15T02:22:32.829768Z,1789438952539,4STOCKUSDT,Buy,7810,0.01332,"{""T"":1789438952539,""s"":""4STOCKUSDT"",""S"":""Buy"",""v"":""7810"",""p"":""0.01332""}"
2026-09-15T02:22:45.830091Z,1789438965562,4STOCKUSDT,Buy,5900,0.01324,"{""T"":1789438965562,""s"":""4STOCKUSDT"",""S"":""Buy"",""v"":""5900"",""p"":""0.01324""}"
2026-09-15T02:22:47.326533Z,1789438967096,ENAUSDT,Sell,435,0.14436,"{""T"":1789438967096,""s"":""ENAUSDT"",""S"":""Sell"",""v"":""435"",""p"":""0.14436""}"
2026-09-15T02:22:47.329623Z,1789438967096,4STOCKUSDT,Buy,8570,0.01320,"{""T"":1789438967096,""s"":""4STOCKUSDT"",""S"":""Buy"",""v"":""8570"",""p"":""0.01320""}"
2026-09-15T02:22:47.338936Z,1789438967096,LITUSDT,Sell,7.5,4.4080,"{""T"":1789438967096,""s"":""LITUSDT"",""S"":""Sell"",""v"":""7.5"",""p"":""4.4080""}"
2026-09-15T02:22:47.348936Z,1789438967096,XLMUSDT,Buy,430,0.19400,"{""T"":1789438967096,""s"":""XLMUSDT"",""S"":""Buy"",""v"":""430"",""p"":""0.19400""}"
2026-09-15T02:22:47.408466Z,1789438967096,CRVUSDT,Sell,454.2,0.3490,"{""T"":1789438967096,""s"":""CRVUSDT"",""S"":""Sell"",""v"":""454.2"",""p"":""0.3490""}"
2026-09-15T02:22:47.414996Z,1789438967096,ADAUSDT,Buy,596,0.2061,"{""T"":1789438967096,""s"":""ADAUSDT"",""S"":""Buy"",""v"":""596"",""p"":""0.2061""}"
2026-09-15T02:22:47.516515Z,1789438967096,NEARUSDT,Sell,10.2,2.4490,"{""T"":1789438967096,""s"":""NEARUSDT"",""S"":""Sell"",""v"":""10.2"",""p"":""2.4490""}"
2026-09-15T02:23:03.829828Z,1789438983409,4STOCKUSDT,Buy,450,0.01313,"{""T"":1789438983409,""s"":""4STOCKUSDT"",""S"":""Buy"",""v"":""450"",""p"":""0.01313""}"
2026-09-15T02:23:03.829828Z,1789438983485,4STOCKUSDT,Buy,1950,0.01314,"{""T"":1789438983485,""s"":""4STOCKUSDT"",""S"":""Buy"",""v"":""1950"",""p"":""0.01314""}"
2026-09-15T02:23:05.330197Z,1789438984974,4STOCKUSDT,Buy,1980,0.01311,"{""T"":1789438984974,""s"":""4STOCKUSDT"",""S"":""Buy"",""v"":""1980"",""p"":""0.01311""}"
2026-09-15T02:23:05.830170Z,1789438985280,4STOCKUSDT,Buy,7420,0.01307,"{""T"":1789438985280,""s"":""4STOCKUSDT"",""S"":""Buy"",""v"":""7420"",""p"":""0.01307""}"
2026-09-15T02:23:12.829877Z,1789438992431,4STOCKUSDT,Buy,390,0.01296,"{""T"":1789438992431,""s"":""4STOCKUSDT"",""S"":""Buy"",""v"":""390"",""p"":""0.01296""}"
2026-09-15T02:23:12.829877Z,1789438992483,4STOCKUSDT,Buy,10670,0.01296,"{""T"":1789438992483,""s"":""4STOCKUSDT"",""S"":""Buy"",""v"":""10670"",""p"":""0.01296""}"
2026-09-15T02:24:16.329844Z,1789439056102,4STOCKUSDT,Buy,28860,0.01287,"{""T"":1789439056102,""s"":""4STOCKUSDT"",""S"":""Buy"",""v"":""28860"",""p"":""0.01287""}"
2026-09-15T02:24:16.329844Z,1789439056188,4STOCKUSDT,Buy,1810,0.01287,"{""T"":1789439056188,""s"":""4STOCKUSDT"",""S"":""Buy"",""v"":""1810"",""p"":""0.01287""}"
2026-09-15T02:24:50.330150Z,1789439089909,NIULAIUSDT,Buy,1730,0.11391,"{""T"":1789439089909,""s"":""NIULAIUSDT"",""S"":""Buy"",""v"":""1730"",""p"":""0.11391""}"
2026-09-15T02:25:52.829730Z,1789439152399,4STOCKUSDT,Buy,3480,0.01282,"{""T"":1789439152399,""s"":""4STOCKUSDT"",""S"":""Buy"",""v"":""3480"",""p"":""0.01282""}"
2026-09-15T02:26:04.136851Z,1789439163636,ARKUSDT,Buy,31015,0.15017,"{""T"":1789439163636,""s"":""ARKUSDT"",""S"":""Buy"",""v"":""31015"",""p"":""0.15017""}"
2026-09-15T02:26:51.408937Z,1789439211088,POWERUSDT,Sell,484,0.16423,"{""T"":1789439211088,""s"":""POWERUSDT"",""S"":""Sell"",""v"":""484"",""p"":""0.16423""}"
2026-09-15T02:26:54.329629Z,1789439213852,NIULAIUSDT,Buy,7940,0.11343,"{""T"":1789439213852,""s"":""NIULAIUSDT"",""S"":""Buy"",""v"":""7940"",""p"":""0.11343""}"
2026-09-15T02:26:54.408816Z,1789439213982,POWERUSDT,Sell,1530,0.16552,"{""T"":1789439213982,""s"":""POWERUSDT"",""S"":""Sell"",""v"":""1530"",""p"":""0.16552""}"
2026-09-15T02:26:59.408823Z,1789439219291,POWERUSDT,Sell,2047,0.16575,"{""T"":1789439219291,""s"":""POWERUSDT"",""S"":""Sell"",""v"":""2047"",""p"":""0.16575""}"
2026-09-15T02:26:59.408823Z,1789439219311,POWERUSDT,Sell,291,0.16608,"{""T"":1789439219311,""s"":""POWERUSDT"",""S"":""Sell"",""v"":""291"",""p"":""0.16608""}"
2026-09-15T02:27:47.410515Z,1789439267204,POWERUSDT,Sell,1260,0.16736,"{""T"":1789439267204,""s"":""POWERUSDT"",""S"":""Sell"",""v"":""1260"",""p"":""0.16736""}"
2026-09-15T02:27:55.830059Z,1789439275502,NIULAIUSDT,Buy,220,0.11301,"{""T"":1789439275502,""s"":""NIULAIUSDT"",""S"":""Buy"",""v"":""220"",""p"":""0.11301""}"
2026-09-15T02:28:02.909638Z,1789439282450,POWERUSDT,Sell,12,0.16810,"{""T"":1789439282450,""s"":""POWERUSDT"",""S"":""Sell"",""v"":""12"",""p"":""0.16810""}"
2026-09-15T02:29:07.839134Z,1789439347689,XRPUSDT,Sell,6.7,1.4349,"{""T"":1789439347689,""s"":""XRPUSDT"",""S"":""Sell"",""v"":""6.7"",""p"":""1.4349""}"
2026-09-15T02:29:07.909664Z,1789439347689,POWERUSDT,Sell,65,0.16807,"{""T"":1789439347689,""s"":""POWERUSDT"",""S"":""Sell"",""v"":""65"",""p"":""0.16807""}"
2026-09-15T02:29:07.910145Z,1789439347689,TSLAUSDT,Buy,0.02,358.39,"{""T"":1789439347689,""s"":""TSLAUSDT"",""S"":""Buy"",""v"":""0.02"",""p"":""358.39""}"
2026-09-15T02:29:07.993731Z,1789439347689,BRUSDT,Sell,6,0.55565,"{""T"":1789439347689,""s"":""BRUSDT"",""S"":""Sell"",""v"":""6"",""p"":""0.55565""}"
2026-09-15T02:29:59.409809Z,1789439399141,POWERUSDT,Sell,3392,0.16866,"{""T"":1789439399141,""s"":""POWERUSDT"",""S"":""Sell"",""v"":""3392"",""p"":""0.16866""}"
2026-09-15T02:31:00.409332Z,1789439459928,LSKUSDT,Buy,723.5,0.36954,"{""T"":1789439459928,""s"":""LSKUSDT"",""S"":""Buy"",""v"":""723.5"",""p"":""0.36954""}"
2026-09-15T02:32:44.363666Z,1789439564072,WLDUSDT,Buy,987.6,0.3776,"{""T"":1789439564072,""s"":""WLDUSDT"",""S"":""Buy"",""v"":""987.6"",""p"":""0.3776""}"
2026-09-15T02:34:00.492202Z,1789439640135,LAUSDT,Sell,4275.8,0.07515,"{""T"":1789439640135,""s"":""LAUSDT"",""S"":""Sell"",""v"":""4275.8"",""p"":""0.07515""}"
2026-09-15T02:34:07.992895Z,1789439647801,LAUSDT,Sell,1467.5,0.07532,"{""T"":1789439647801,""s"":""LAUSDT"",""S"":""Sell"",""v"":""1467.5"",""p"":""0.07532""}"
2026-09-15T02:34:59.328496Z,1789439699194,4STOCKUSDT,Sell,2180,0.01508,"{""T"":1789439699194,""s"":""4STOCKUSDT"",""S"":""Sell"",""v"":""2180"",""p"":""0.01508""}"
2026-09-15T02:36:03.328421Z,1789439763115,NIULAIUSDT,Buy,100,0.11208,"{""T"":1789439763115,""s"":""NIULAIUSDT"",""S"":""Buy"",""v"":""100"",""p"":""0.11208""}"
2026-09-15T02:36:37.408274Z,1789439797014,CAPUSDT,Buy,8270,0.06344,"{""T"":1789439797014,""s"":""CAPUSDT"",""S"":""Buy"",""v"":""8270"",""p"":""0.06344""}"
2026-09-15T02:38:07.566323Z,1789439887245,SOLUSDT,Buy,84.2,101.550,"{""T"":1789439887245,""s"":""SOLUSDT"",""S"":""Buy"",""v"":""84.2"",""p"":""101.550""}"
2026-09-15T02:38:08.562818Z,1789439888187,FILUSDT,Buy,500.0,0.8756,"{""T"":1789439888187,""s"":""FILUSDT"",""S"":""Buy"",""v"":""500.0"",""p"":""0.8756""}"
2026-09-15T02:38:09.348028Z,1789439889132,WIFUSDT,Buy,27,0.18350,"{""T"":1789439889132,""s"":""WIFUSDT"",""S"":""Buy"",""v"":""27"",""p"":""0.18350""}"
2026-09-15T02:38:44.907830Z,1789439924655,POWERUSDT,Sell,12000,0.17034,"{""T"":1789439924655,""s"":""POWERUSDT"",""S"":""Sell"",""v"":""12000"",""p"":""0.17034""}"
2026-09-15T02:38:44.956071Z,1789439924655,ETHUSDT,Sell,0.16,2519.62,"{""T"":1789439924655,""s"":""ETHUSDT"",""S"":""Sell"",""v"":""0.16"",""p"":""2519.62""}"
2026-09-15T02:38:58.908744Z,1789439938758,POWERUSDT,Sell,239,0.17201,"{""T"":1789439938758,""s"":""POWERUSDT"",""S"":""Sell"",""v"":""239"",""p"":""0.17201""}"
2026-09-15T02:39:10.911617Z,1789439950684,POWERUSDT,Sell,429,0.17279,"{""T"":1789439950684,""s"":""POWERUSDT"",""S"":""Sell"",""v"":""429"",""p"":""0.17279""}"
2026-09-15T02:40:51.407921Z,1789440051250,POWERUSDT,Sell,8323,0.17307,"{""T"":1789440051250,""s"":""POWERUSDT"",""S"":""Sell"",""v"":""8323"",""p"":""0.17307""}"
2026-09-15T02:44:46.829462Z,1789440286395,NIULAIUSDT,Buy,170,0.10993,"{""T"":1789440286395,""s"":""NIULAIUSDT"",""S"":""Buy"",""v"":""170"",""p"":""0.10993""}"
2026-09-15T02:44:47.828644Z,1789440287444,NIULAIUSDT,Buy,1520,0.10984,"{""T"":1789440287444,""s"":""NIULAIUSDT"",""S"":""Buy"",""v"":""1520"",""p"":""0.10984""}"
2026-09-15T02:44:51.496284Z,1789440291165,INJUSDT,Buy,16.9,6.0610,"{""T"":1789440291165,""s"":""INJUSDT"",""S"":""Buy"",""v"":""16.9"",""p"":""6.0610""}"
2026-09-15T02:45:20.908143Z,1789440320633,LSKUSDT,Buy,13.2,0.36786,"{""T"":1789440320633,""s"":""LSKUSDT"",""S"":""Buy"",""v"":""13.2"",""p"":""0.36786""}"
2026-09-15T02:45:34.908131Z,1789440334358,LSKUSDT,Buy,7301.6,0.36491,"{""T"":1789440334358,""s"":""LSKUSDT"",""S"":""Buy"",""v"":""7301.6"",""p"":""0.36491""}"
2026-09-15T02:45:34.908131Z,1789440334596,LSKUSDT,Buy,368.8,0.36503,"{""T"":1789440334596,""s"":""LSKUSDT"",""S"":""Buy"",""v"":""368.8"",""p"":""0.36503""}"
2026-09-15T02:51:33.458902Z,1789440693283,ETHUSDT,Buy,0.15,2500.83,"{""T"":1789440693283,""s"":""ETHUSDT"",""S"":""Buy"",""v"":""0.15"",""p"":""2500.83""}"
2026-09-15T02:51:41.325774Z,1789440700918,FARTCOINUSDT,Buy,16551,0.14097,"{""T"":1789440700918,""s"":""FARTCOINUSDT"",""S"":""Buy"",""v"":""16551"",""p"":""0.14097""}"
2026-09-15T02:51:42.848194Z,1789440702753,WIFUSDT,Buy,266,0.18320,"{""T"":1789440702753,""s"":""WIFUSDT"",""S"":""Buy"",""v"":""266"",""p"":""0.18320""}"
2026-09-15T02:54:34.408092Z,1789440874018,LSKUSDT,Sell,21.0,0.38844,"{""T"":1789440874018,""s"":""LSKUSDT"",""S"":""Sell"",""v"":""21.0"",""p"":""0.38844""}"
2026-09-15T02:55:02.908014Z,1789440902686,LSKUSDT,Sell,115.6,0.39266,"{""T"":1789440902686,""s"":""LSKUSDT"",""S"":""Sell"",""v"":""115.6"",""p"":""0.39266""}"
2026-09-15T02:55:44.908339Z,1789440944756,POWERUSDT,Buy,646,0.16014,"{""T"":1789440944756,""s"":""POWERUSDT"",""S"":""Buy"",""v"":""646"",""p"":""0.16014""}"
2026-09-15T02:55:45.407845Z,1789440944967,POWERUSDT,Buy,112,0.16003,"{""T"":1789440944967,""s"":""POWERUSDT"",""S"":""Buy"",""v"":""112"",""p"":""0.16003""}"
2026-09-15T02:55:45.407845Z,1789440945204,POWERUSDT,Buy,361,0.16020,"{""T"":1789440945204,""s"":""POWERUSDT"",""S"":""Buy"",""v"":""361"",""p"":""0.16020""}"
2026-09-15T02:57:35.828266Z,1789441055683,NIULAIUSDT,Buy,90,0.10937,"{""T"":1789441055683,""s"":""NIULAIUSDT"",""S"":""Buy"",""v"":""90"",""p"":""0.10937""}"
2026-09-15T02:58:51.836995Z,1789441131364,CVCUSDT,Buy,209,0.03119,"{""T"":1789441131364,""s"":""CVCUSDT"",""S"":""Buy"",""v"":""209"",""p"":""0.03119""}"
2026-09-15T03:00:07.063081Z,1789441206862,SOLUSDT,Buy,170.0,101.410,"{""T"":1789441206862,""s"":""SOLUSDT"",""S"":""Buy"",""v"":""170.0"",""p"":""101.410""}"
2026-09-15T03:00:25.562484Z,1789441225348,SOLUSDT,Buy,7.5,101.390,"{""T"":1789441225348,""s"":""SOLUSDT"",""S"":""Buy"",""v"":""7.5"",""p"":""101.390""}"
2026-09-15T03:00:26.062473Z,1789441225783,SOLUSDT,Buy,6.8,101.390,"{""T"":1789441225783,""s"":""SOLUSDT"",""S"":""Buy"",""v"":""6.8"",""p"":""101.390""}"
2026-09-15T03:00:29.337308Z,1789441229132,XRPUSDT,Buy,192.3,1.4143,"{""T"":1789441229132,""s"":""XRPUSDT"",""S"":""Buy"",""v"":""192.3"",""p"":""1.4143""}"
2026-09-15T03:00:37.062423Z,1789441236849,SOLUSDT,Buy,0.1,101.370,"{""T"":1789441236849,""s"":""SOLUSDT"",""S"":""Buy"",""v"":""0.1"",""p"":""101.370""}"
2026-09-15T03:01:10.312398Z,1789441269949,HYPEUSDT,Buy,30.00,79.330,"{""T"":1789441269949,""s"":""HYPEUSDT"",""S"":""Buy"",""v"":""30.00"",""p"":""79.330""}"
2026-09-15T03:01:10.408020Z,1789441269949,BCHUSDT,Buy,10.00,220.90,"{""T"":1789441269949,""s"":""BCHUSDT"",""S"":""Buy"",""v"":""10.00"",""p"":""220.90""}"
2026-09-15T03:01:21.837271Z,1789441281313,XRPUSDT,Buy,6.4,1.4138,"{""T"":1789441281313,""s"":""XRPUSDT"",""S"":""Buy"",""v"":""6.4"",""p"":""1.4138""}"
2026-09-15T03:01:37.562787Z,1789441297250,SOLUSDT,Buy,5.6,101.350,"{""T"":1789441297250,""s"":""SOLUSDT"",""S"":""Buy"",""v"":""5.6"",""p"":""101.350""}"
2026-09-15T03:01:38.062794Z,1789441297538,SOLUSDT,Buy,0.4,101.330,"{""T"":1789441297538,""s"":""SOLUSDT"",""S"":""Buy"",""v"":""0.4"",""p"":""101.330""}"
2026-09-15T03:01:42.562835Z,1789441302370,SOLUSDT,Buy,1.1,101.300,"{""T"":1789441302370,""s"":""SOLUSDT"",""S"":""Buy"",""v"":""1.1"",""p"":""101.300""}"
2026-09-15T03:01:43.562611Z,1789441303090,SOLUSDT,Buy,16.5,101.270,"{""T"":1789441303090,""s"":""SOLUSDT"",""S"":""Buy"",""v"":""16.5"",""p"":""101.270""}"
2026-09-15T03:01:46.496992Z,1789441306058,VIRTUALUSDT,Buy,5013,0.6008,"{""T"":1789441306058,""s"":""VIRTUALUSDT"",""S"":""Buy"",""v"":""5013"",""p"":""0.6008""}"
2026-09-15T03:01:51.135388Z,1789441310747,ARKUSDT,Buy,80,0.14910,"{""T"":1789441310747,""s"":""ARKUSDT"",""S"":""Buy"",""v"":""80"",""p"":""0.14910""}"
2026-09-15T03:01:51.135388Z,1789441310836,ARKUSDT,Buy,413,0.14938,"{""T"":1789441310836,""s"":""ARKUSDT"",""S"":""Buy"",""v"":""413"",""p"":""0.14938""}"
2026-09-15T03:01:51.135388Z,1789441310954,ARKUSDT,Buy,115,0.14924,"{""T"":1789441310954,""s"":""ARKUSDT"",""S"":""Buy"",""v"":""115"",""p"":""0.14924""}"
2026-09-15T03:01:57.837154Z,1789441317569,XRPUSDT,Buy,311.2,1.4114,"{""T"":1789441317569,""s"":""XRPUSDT"",""S"":""Buy"",""v"":""311.2"",""p"":""1.4114""}"
2026-09-15T03:02:03.812794Z,1789441323556,HYPEUSDT,Buy,0.13,79.260,"{""T"":1789441323556,""s"":""HYPEUSDT"",""S"":""Buy"",""v"":""0.13"",""p"":""79.260""}"
2026-09-15T03:02:15.414095Z,1789441335069,ADAUSDT,Buy,30786,0.2054,"{""T"":1789441335069,""s"":""ADAUSDT"",""S"":""Buy"",""v"":""30786"",""p"":""0.2054""}"
2026-09-15T03:02:23.913768Z,1789441343541,ADAUSDT,Buy,2328,0.2051,"{""T"":1789441343541,""s"":""ADAUSDT"",""S"":""Buy"",""v"":""2328"",""p"":""0.2051""}"
2026-09-15T03:02:23.955818Z,1789441343751,ETHUSDT,Buy,0.45,2497.50,"{""T"":1789441343751,""s"":""ETHUSDT"",""S"":""Buy"",""v"":""0.45"",""p"":""2497.50""}"
2026-09-15T03:02:24.312563Z,1789441344121,PUMPFUNUSDT,Buy,487200,0.0036550,"{""T"":1789441344121,""s"":""PUMPFUNUSDT"",""S"":""Buy"",""v"":""487200"",""p"":""0.0036550""}"
2026-09-15T03:02:24.313010Z,1789441344121,XPLUSDT,Buy,21847,0.08206,"{""T"":1789441344121,""s"":""XPLUSDT"",""S"":""Buy"",""v"":""21847"",""p"":""0.08206""}"
2026-09-15T03:02:24.313242Z,1789441344121,HYPEUSDT,Buy,0.07,79.260,"{""T"":1789441344121,""s"":""HYPEUSDT"",""S"":""Buy"",""v"":""0.07"",""p"":""79.260""}"
2026-09-15T03:02:24.407894Z,1789441344121,HBARUSDT,Buy,76,0.07755,"{""T"":1789441344121,""s"":""HBARUSDT"",""S"":""Buy"",""v"":""76"",""p"":""0.07755""}"
2026-09-15T03:02:24.413532Z,1789441344154,ZECUSDT,Buy,0.71,1144.65,"{""T"":1789441344154,""s"":""ZECUSDT"",""S"":""Buy"",""v"":""0.71"",""p"":""1144.65""}"
2026-09-15T03:02:24.455823Z,1789441343929,ETHUSDT,Buy,2.75,2497.43,"{""T"":1789441343929,""s"":""ETHUSDT"",""S"":""Buy"",""v"":""2.75"",""p"":""2497.43""}"
2026-09-15T03:02:24.455823Z,1789441344154,ETHUSDT,Buy,0.22,2496.35,"{""T"":1789441344154,""s"":""ETHUSDT"",""S"":""Buy"",""v"":""0.22"",""p"":""2496.35""}"
2026-09-15T03:02:25.956960Z,1789441345822,ETHUSDT,Buy,0.29,2495.61,"{""T"":1789441345822,""s"":""ETHUSDT"",""S"":""Buy"",""v"":""0.29"",""p"":""2495.61""}"
2026-09-15T03:02:26.337751Z,1789441346125,XRPUSDT,Buy,42.8,1.4100,"{""T"":1789441346125,""s"":""XRPUSDT"",""S"":""Buy"",""v"":""42.8"",""p"":""1.4100""}"
2026-09-15T03:02:26.458157Z,1789441346124,ETHUSDT,Buy,0.42,2495.59,"{""T"":1789441346124,""s"":""ETHUSDT"",""S"":""Buy"",""v"":""0.42"",""p"":""2495.59""}"
2026-09-15T03:02:26.562897Z,1789441346125,SOLUSDT,Buy,9.3,101.240,"{""T"":1789441346125,""s"":""SOLUSDT"",""S"":""Buy"",""v"":""9.3"",""p"":""101.240""}"
2026-09-15T03:02:27.062892Z,1789441346661,SOLUSDT,Buy,0.5,101.240,"{""T"":1789441346661,""s"":""SOLUSDT"",""S"":""Buy"",""v"":""0.5"",""p"":""101.240""}"
2026-09-15T03:02:27.325293Z,1789441346759,FARTCOINUSDT,Buy,121,0.14069,"{""T"":1789441346759,""s"":""FARTCOINUSDT"",""S"":""Buy"",""v"":""121"",""p"":""0.14069""}"
2026-09-15T03:02:27.359279Z,1789441346980,APTUSDT,Buy,5000.00,0.5803,"{""T"":1789441346980,""s"":""APTUSDT"",""S"":""Buy"",""v"":""5000.00"",""p"":""0.5803""}"
2026-09-15T03:02:27.413722Z,1789441346980,ADAUSDT,Buy,30000,0.2050,"{""T"":1789441346980,""s"":""ADAUSDT"",""S"":""Buy"",""v"":""30000"",""p"":""0.2050""}"
2026-09-15T03:02:27.496517Z,1789441346980,DASHUSDT,Buy,93.68,52.79,"{""T"":1789441346980,""s"":""DASHUSDT"",""S"":""Buy"",""v"":""93.68"",""p"":""52.79""}"
2026-09-15T03:02:27.913861Z,1789441347770,1000PEPEUSDT,Buy,298900,0.0034230,"{""T"":1789441347770,""s"":""1000PEPEUSDT"",""S"":""Buy"",""v"":""298900"",""p"":""0.0034230""}"
2026-09-15T03:02:27.955812Z,1789441347770,ETHUSDT,Buy,1.45,2494.86,"{""T"":1789441347770,""s"":""ETHUSDT"",""S"":""Buy"",""v"":""1.45"",""p"":""2494.86""}"
2026-09-15T03:02:27.996237Z,1789441347461,PENGUUSDT,Buy,36610,0.007044,"{""T"":1789441347461,""s"":""PENGUUSDT"",""S"":""Buy"",""v"":""36610"",""p"":""0.007044""}"
2026-09-15T03:02:28.062246Z,1789441347770,SOLUSDT,Buy,16.8,101.210,"{""T"":1789441347770,""s"":""SOLUSDT"",""S"":""Buy"",""v"":""16.8"",""p"":""101.210""}"
2026-09-15T03:02:28.065038Z,1789441347770,BTCUSDT,Buy,0.046,77490.80,"{""T"":1789441347770,""s"":""BTCUSDT"",""S"":""Buy"",""v"":""0.046"",""p"":""77490.80""}"
2026-09-15T03:02:28.455789Z,1789441348208,ETHUSDT,Buy,4.37,2494.91,"{""T"":1789441348208,""s"":""ETHUSDT"",""S"":""Buy"",""v"":""4.37"",""p"":""2494.91""}"
2026-09-15T03:02:28.562072Z,1789441348137,SOLUSDT,Buy,36.1,101.210,"{""T"":1789441348137,""s"":""SOLUSDT"",""S"":""Buy"",""v"":""36.1"",""p"":""101.210""}"
2026-09-15T03:03:04.347960Z,1789441383909,WIFUSDT,Buy,4413,0.18250,"{""T"":1789441383909,""s"":""WIFUSDT"",""S"":""Buy"",""v"":""4413"",""p"":""0.18250""}"
2026-09-15T03:03:07.409379Z,1789441387168,BCHUSDT,Buy,5.19,220.40,"{""T"":1789441387168,""s"":""BCHUSDT"",""S"":""Buy"",""v"":""5.19"",""p"":""220.40""}"
2026-09-15T03:03:07.562061Z,1789441387168,FILUSDT,Buy,0.6,0.8782,"{""T"":1789441387168,""s"":""FILUSDT"",""S"":""Buy"",""v"":""0.6"",""p"":""0.8782""}"
2026-09-15T03:03:21.848130Z,1789441401755,MARSCOINUSDT,Buy,50760,0.08590,"{""T"":1789441401755,""s"":""MARSCOINUSDT"",""S"":""Buy"",""v"":""50760"",""p"":""0.08590""}"
2026-09-15T03:03:21.848130Z,1789441401761,MARSCOINUSDT,Buy,20850,0.08754,"{""T"":1789441401761,""s"":""MARSCOINUSDT"",""S"":""Buy"",""v"":""20850"",""p"":""0.08754""}"
2026-09-15T03:03:22.347850Z,1789441401812,MARSCOINUSDT,Buy,10180,0.08598,"{""T"":1789441401812,""s"":""MARSCOINUSDT"",""S"":""Buy"",""v"":""10180"",""p"":""0.08598""}"
2026-09-15T03:03:22.347850Z,1789441401956,MARSCOINUSDT,Buy,110,0.08763,"{""T"":1789441401956,""s"":""MARSCOINUSDT"",""S"":""Buy"",""v"":""110"",""p"":""0.08763""}"
2026-09-15T03:03:22.347850Z,1789441401980,MARSCOINUSDT,Buy,700,0.08680,"{""T"":1789441401980,""s"":""MARSCOINUSDT"",""S"":""Buy"",""v"":""700"",""p"":""0.08680""}"
2026-09-15T03:03:22.347850Z,1789441402173,MARSCOINUSDT,Buy,1090,0.08645,"{""T"":1789441402173,""s"":""MARSCOINUSDT"",""S"":""Buy"",""v"":""1090"",""p"":""0.08645""}"
2026-09-15T03:03:22.847860Z,1789441402533,MARSCOINUSDT,Buy,980,0.08627,"{""T"":1789441402533,""s"":""MARSCOINUSDT"",""S"":""Buy"",""v"":""980"",""p"":""0.08627""}"
2026-09-15T03:03:22.847860Z,1789441402547,MARSCOINUSDT,Buy,15420,0.08642,"{""T"":1789441402547,""s"":""MARSCOINUSDT"",""S"":""Buy"",""v"":""15420"",""p"":""0.08642""}"
2026-09-15T03:03:22.847860Z,1789441402702,MARSCOINUSDT,Buy,4200,0.08666,"{""T"":1789441402702,""s"":""MARSCOINUSDT"",""S"":""Buy"",""v"":""4200"",""p"":""0.08666""}"
2026-09-15T03:03:23.348091Z,1789441402943,MARSCOINUSDT,Buy,750,0.08511,"{""T"":1789441402943,""s"":""MARSCOINUSDT"",""S"":""Buy"",""v"":""750"",""p"":""0.08511""}"
2026-09-15T03:03:23.348091Z,1789441402977,MARSCOINUSDT,Buy,16750,0.08543,"{""T"":1789441402977,""s"":""MARSCOINUSDT"",""S"":""Buy"",""v"":""16750"",""p"":""0.08543""}"
2026-09-15T03:03:41.914058Z,1789441421747,ZECUSDT,Buy,0.04,1142.70,"{""T"":1789441421747,""s"":""ZECUSDT"",""S"":""Buy"",""v"":""0.04"",""p"":""1142.70""}"
2026-09-15T03:03:42.413733Z,1789441421908,ZECUSDT,Buy,0.12,1141.97,"{""T"":1789441421908,""s"":""ZECUSDT"",""S"":""Buy"",""v"":""0.12"",""p"":""1141.97""}"
2026-09-15T03:04:27.837476Z,1789441467658,CVCUSDT,Buy,5376,0.03038,"{""T"":1789441467658,""s"":""CVCUSDT"",""S"":""Buy"",""v"":""5376"",""p"":""0.03038""}"
2026-09-15T03:04:28.135629Z,1789441467658,ARKUSDT,Buy,1549,0.14926,"{""T"":1789441467658,""s"":""ARKUSDT"",""S"":""Buy"",""v"":""1549"",""p"":""0.14926""}"
2026-09-15T03:04:45.917277Z,1789441485782,ZECUSDT,Buy,0.32,1141.49,"{""T"":1789441485782,""s"":""ZECUSDT"",""S"":""Buy"",""v"":""0.32"",""p"":""1141.49""}"
2026-09-15T03:05:24.496315Z,1789441524102,FLOCKUSDT,Buy,123,0.06988,"{""T"":1789441524102,""s"":""FLOCKUSDT"",""S"":""Buy"",""v"":""123"",""p"":""0.06988""}"
2026-09-15T03:05:24.516200Z,1789441524102,NEARUSDT,Buy,53.8,2.4100,"{""T"":1789441524102,""s"":""NEARUSDT"",""S"":""Buy"",""v"":""53.8"",""p"":""2.4100""}"
2026-09-15T03:05:47.562482Z,1789441547375,SOLUSDT,Buy,0.3,101.120,"{""T"":1789441547375,""s"":""SOLUSDT"",""S"":""Buy"",""v"":""0.3"",""p"":""101.120""}"
2026-09-15T03:05:51.312919Z,1789441551018,HYPEUSDT,Buy,5.70,79.130,"{""T"":1789441551018,""s"":""HYPEUSDT"",""S"":""Buy"",""v"":""5.70"",""p"":""79.130""}"
2026-09-15T03:06:10.312977Z,1789441570137,HYPEUSDT,Buy,2.37,79.060,"{""T"":1789441570137,""s"":""HYPEUSDT"",""S"":""Buy"",""v"":""2.37"",""p"":""79.060""}"
2026-09-15T03:06:10.812916Z,1789441570607,HYPEUSDT,Buy,2.10,79.080,"{""T"":1789441570607,""s"":""HYPEUSDT"",""S"":""Buy"",""v"":""2.10"",""p"":""79.080""}"
2026-09-15T03:06:10.812916Z,1789441570614,HYPEUSDT,Buy,5.17,79.050,"{""T"":1789441570614,""s"":""HYPEUSDT"",""S"":""Buy"",""v"":""5.17"",""p"":""79.050""}"
2026-09-15T03:07:00.337259Z,1789441620119,ONDOUSDT,Buy,2800,0.3490,"{""T"":1789441620119,""s"":""ONDOUSDT"",""S"":""Buy"",""v"":""2800"",""p"":""0.3490""}"
2026-09-15T03:07:00.359577Z,1789441620119,APTUSDT,Buy,750.00,0.5801,"{""T"":1789441620119,""s"":""APTUSDT"",""S"":""Buy"",""v"":""750.00"",""p"":""0.5801""}"
2026-09-15T03:07:02.955828Z,1789441622564,ETHUSDT,Buy,9.00,2494.15,"{""T"":1789441622564,""s"":""ETHUSDT"",""S"":""Buy"",""v"":""9.00"",""p"":""2494.15""}"
2026-09-15T03:07:33.909645Z,1789441653720,POWERUSDT,Sell,260,0.17481,"{""T"":1789441653720,""s"":""POWERUSDT"",""S"":""Sell"",""v"":""260"",""p"":""0.17481""}"
2026-09-15T03:07:49.908229Z,1789441669450,POWERUSDT,Sell,679,0.17642,"{""T"":1789441669450,""s"":""POWERUSDT"",""S"":""Sell"",""v"":""679"",""p"":""0.17642""}"
2026-09-15T03:07:49.908229Z,1789441669784,POWERUSDT,Sell,4708,0.17620,"{""T"":1789441669784,""s"":""POWERUSDT"",""S"":""Sell"",""v"":""4708"",""p"":""0.17620""}"
2026-09-15T03:07:53.325169Z,1789441672889,AVAAIUSDT,Buy,860,0.010135,"{""T"":1789441672889,""s"":""AVAAIUSDT"",""S"":""Buy"",""v"":""860"",""p"":""0.010135""}"
2026-09-15T03:07:53.407874Z,1789441672889,POWERUSDT,Sell,179,0.17691,"{""T"":1789441672889,""s"":""POWERUSDT"",""S"":""Sell"",""v"":""179"",""p"":""0.17691""}"
2026-09-15T03:08:46.459403Z,1789441726005,ETHUSDT,Buy,12.69,2492.84,"{""T"":1789441726005,""s"":""ETHUSDT"",""S"":""Buy"",""v"":""12.69"",""p"":""2492.84""}"
2026-09-15T03:08:46.459403Z,1789441726010,ETHUSDT,Buy,0.13,2493.27,"{""T"":1789441726010,""s"":""ETHUSDT"",""S"":""Buy"",""v"":""0.13"",""p"":""2493.27""}"
2026-09-15T03:08:46.459403Z,1789441726137,ETHUSDT,Buy,4.14,2493.00,"{""T"":1789441726137,""s"":""ETHUSDT"",""S"":""Buy"",""v"":""4.14"",""p"":""2493.00""}"
2026-09-15T03:08:46.955911Z,1789441726667,ETHUSDT,Buy,1.22,2493.01,"{""T"":1789441726667,""s"":""ETHUSDT"",""S"":""Buy"",""v"":""1.22"",""p"":""2493.01""}"
2026-09-15T03:08:47.348540Z,1789441727261,WIFUSDT,Buy,82,0.18190,"{""T"":1789441727261,""s"":""WIFUSDT"",""S"":""Buy"",""v"":""82"",""p"":""0.18190""}"
2026-09-15T03:08:48.348288Z,1789441727833,WIFUSDT,Buy,31,0.18200,"{""T"":1789441727833,""s"":""WIFUSDT"",""S"":""Buy"",""v"":""31"",""p"":""0.18200""}"
2026-09-15T03:08:48.348288Z,1789441728047,WIFUSDT,Buy,539,0.18160,"{""T"":1789441728047,""s"":""WIFUSDT"",""S"":""Buy"",""v"":""539"",""p"":""0.18160""}"
2026-09-15T03:08:48.348288Z,1789441728261,WIFUSDT,Buy,26640,0.18180,"{""T"":1789441728261,""s"":""WIFUSDT"",""S"":""Buy"",""v"":""26640"",""p"":""0.18180""}"
2026-09-15T03:09:00.908327Z,1789441740466,CAPUSDT,Buy,280,0.06144,"{""T"":1789441740466,""s"":""CAPUSDT"",""S"":""Buy"",""v"":""280"",""p"":""0.06144""}"
2026-09-15T03:09:00.908327Z,1789441740525,CAPUSDT,Buy,3120,0.06157,"{""T"":1789441740525,""s"":""CAPUSDT"",""S"":""Buy"",""v"":""3120"",""p"":""0.06157""}"
2026-09-15T03:09:00.955991Z,1789441740648,ETHUSDT,Buy,0.09,2492.57,"{""T"":1789441740648,""s"":""ETHUSDT"",""S"":""Buy"",""v"":""0.09"",""p"":""2492.57""}"
2026-09-15T03:09:01.408021Z,1789441741009,CAPUSDT,Buy,28770,0.06158,"{""T"":1789441741009,""s"":""CAPUSDT"",""S"":""Buy"",""v"":""28770"",""p"":""0.06158""}"
2026-09-15T03:09:01.408021Z,1789441741105,CAPUSDT,Buy,600,0.06136,"{""T"":1789441741105,""s"":""CAPUSDT"",""S"":""Buy"",""v"":""600"",""p"":""0.06136""}"
2026-09-15T03:09:22.959046Z,1789441762795,ETHUSDT,Buy,0.88,2492.48,"{""T"":1789441762795,""s"":""ETHUSDT"",""S"":""Buy"",""v"":""0.88"",""p"":""2492.48""}"
2026-09-15T03:09:23.455853Z,1789441762983,ETHUSDT,Buy,0.08,2492.49,"{""T"":1789441762983,""s"":""ETHUSDT"",""S"":""Buy"",""v"":""0.08"",""p"":""2492.49""}"
2026-09-15T03:09:26.955530Z,1789441766811,ETHUSDT,Buy,0.39,2492.28,"{""T"":1789441766811,""s"":""ETHUSDT"",""S"":""Buy"",""v"":""0.39"",""p"":""2492.28""}"
2026-09-15T03:09:27.414094Z,1789441767056,ADAUSDT,Buy,3617,0.2047,"{""T"":1789441767056,""s"":""ADAUSDT"",""S"":""Buy"",""v"":""3617"",""p"":""0.2047""}"
2026-09-15T03:09:27.455616Z,1789441767255,ETHUSDT,Buy,5.89,2492.28,"{""T"":1789441767255,""s"":""ETHUSDT"",""S"":""Buy"",""v"":""5.89"",""p"":""2492.28""}"
2026-09-15T03:09:30.062191Z,1789441769530,SOLUSDT,Buy,364.7,101.010,"{""T"":1789441769530,""s"":""SOLUSDT"",""S"":""Buy"",""v"":""364.7"",""p"":""101.010""}"
2026-09-15T03:09:30.062191Z,1789441769674,SOLUSDT,Buy,4.1,101.000,"{""T"":1789441769674,""s"":""SOLUSDT"",""S"":""Buy"",""v"":""4.1"",""p"":""101.000""}"
2026-09-15T03:09:30.062191Z,1789441769919,SOLUSDT,Buy,1.2,101.000,"{""T"":1789441769919,""s"":""SOLUSDT"",""S"":""Buy"",""v"":""1.2"",""p"":""101.000""}"
2026-09-15T03:09:30.065351Z,1789441769945,BTCUSDT,Buy,0.100,77470.50,"{""T"":1789441769945,""s"":""BTCUSDT"",""S"":""Buy"",""v"":""0.100"",""p"":""77470.50""}"
2026-09-15T03:09:30.316238Z,1789441769945,HYPEUSDT,Buy,50.00,78.990,"{""T"":1789441769945,""s"":""HYPEUSDT"",""S"":""Buy"",""v"":""50.00"",""p"":""78.990""}"
2026-09-15T03:09:30.407863Z,1789441769945,AAPLUSDT,Buy,2.26,329.94,"{""T"":1789441769945,""s"":""AAPLUSDT"",""S"":""Buy"",""v"":""2.26"",""p"":""329.94""}"
2026-09-15T03:09:30.455782Z,1789441769945,ETHUSDT,Buy,5.00,2491.95,"{""T"":1789441769945,""s"":""ETHUSDT"",""S"":""Buy"",""v"":""5.00"",""p"":""2491.95""}"
2026-09-15T03:09:30.455782Z,1789441769963,ETHUSDT,Buy,3.00,2492.14,"{""T"":1789441769963,""s"":""ETHUSDT"",""S"":""Buy"",""v"":""3.00"",""p"":""2492.14""}"
2026-09-15T03:09:30.455782Z,1789441770001,ETHUSDT,Buy,0.01,2492.17,"{""T"":1789441770001,""s"":""ETHUSDT"",""S"":""Buy"",""v"":""0.01"",""p"":""2492.17""}"
2026-09-15T03:09:30.496750Z,1789441769944,INJUSDT,Buy,200.0,6.0360,"{""T"":1789441769944,""s"":""INJUSDT"",""S"":""Buy"",""v"":""200.0"",""p"":""6.0360""}"
2026-09-15T03:09:30.497206Z,1789441769945,XAUTUSDT,Buy,1.690,4279.50,"{""T"":1789441769945,""s"":""XAUTUSDT"",""S"":""Buy"",""v"":""1.690"",""p"":""4279.50""}"
2026-09-15T03:09:30.837813Z,1789441770398,XRPUSDT,Buy,289.2,1.4098,"{""T"":1789441770398,""s"":""XRPUSDT"",""S"":""Buy"",""v"":""289.2"",""p"":""1.4098""}"
2026-09-15T03:09:30.861217Z,1789441770534,WLDUSDT,Buy,1553.8,0.3762,"{""T"":1789441770534,""s"":""WLDUSDT"",""S"":""Buy"",""v"":""1553.8"",""p"":""0.3762""}"
2026-09-15T03:09:30.861217Z,1789441770672,WLDUSDT,Buy,3734.7,0.3760,"{""T"":1789441770672,""s"":""WLDUSDT"",""S"":""Buy"",""v"":""3734.7"",""p"":""0.3760""}"
2026-09-15T03:09:30.914173Z,1789441770398,ADAUSDT,Buy,529,0.2044,"{""T"":1789441770398,""s"":""ADAUSDT"",""S"":""Buy"",""v"":""529"",""p"":""0.2044""}"
2026-09-15T03:09:30.956162Z,1789441770398,ETHUSDT,Buy,0.40,2492.04,"{""T"":1789441770398,""s"":""ETHUSDT"",""S"":""Buy"",""v"":""0.40"",""p"":""2492.04""}"
2026-09-15T03:09:30.956162Z,1789441770499,ETHUSDT,Buy,0.01,2491.98,"{""T"":1789441770499,""s"":""ETHUSDT"",""S"":""Buy"",""v"":""0.01"",""p"":""2491.98""}"
2026-09-15T03:09:30.956162Z,1789441770745,ETHUSDT,Buy,0.06,2492.05,"{""T"":1789441770745,""s"":""ETHUSDT"",""S"":""Buy"",""v"":""0.06"",""p"":""2492.05""}"
2026-09-15T03:09:31.847795Z,1789441771513,WIFUSDT,Buy,92,0.18160,"{""T"":1789441771513,""s"":""WIFUSDT"",""S"":""Buy"",""v"":""92"",""p"":""0.18160""}"
2026-09-15T03:09:51.135865Z,1789441790878,AKEUSDT,Buy,1900,0.0154830,"{""T"":1789441790878,""s"":""AKEUSDT"",""S"":""Buy"",""v"":""1900"",""p"":""0.0154830""}"
2026-09-15T03:09:51.635029Z,1789441791218,AKEUSDT,Buy,600,0.0154970,"{""T"":1789441791218,""s"":""AKEUSDT"",""S"":""Buy"",""v"":""600"",""p"":""0.0154970""}"
2026-09-15T03:10:27.312767Z,1789441827095,HYPEUSDT,Buy,4.96,78.890,"{""T"":1789441827095,""s"":""HYPEUSDT"",""S"":""Buy"",""v"":""4.96"",""p"":""78.890""}"
2026-09-15T03:10:31.347963Z,1789441830904,WIFUSDT,Buy,932,0.18140,"{""T"":1789441830904,""s"":""WIFUSDT"",""S"":""Buy"",""v"":""932"",""p"":""0.18140""}"
2026-09-15T03:10:31.562136Z,1789441831339,SOLUSDT,Buy,0.1,100.940,"{""T"":1789441831339,""s"":""SOLUSDT"",""S"":""Buy"",""v"":""0.1"",""p"":""100.940""}"
2026-09-15T03:10:32.062369Z,1789441831934,SOLUSDT,Buy,25.2,100.960,"{""T"":1789441831934,""s"":""SOLUSDT"",""S"":""Buy"",""v"":""25.2"",""p"":""100.960""}"
2026-09-15T03:10:32.065109Z,1789441831900,BTCUSDT,Buy,0.509,77477.90,"{""T"":1789441831900,""s"":""BTCUSDT"",""S"":""Buy"",""v"":""0.509"",""p"":""77477.90""}"
2026-09-15T03:10:32.065109Z,1789441831934,BTCUSDT,Buy,0.077,77482.90,"{""T"":1789441831934,""s"":""BTCUSDT"",""S"":""Buy"",""v"":""0.077"",""p"":""77482.90""}"
2026-09-15T03:10:32.336808Z,1789441831796,XRPUSDT,Buy,11.8,1.4074,"{""T"":1789441831796,""s"":""XRPUSDT"",""S"":""Buy"",""v"":""11.8"",""p"":""1.4074""}"
2026-09-15T03:10:32.336808Z,1789441831913,XRPUSDT,Buy,365.3,1.4074,"{""T"":1789441831913,""s"":""XRPUSDT"",""S"":""Buy"",""v"":""365.3"",""p"":""1.4074""}"
2026-09-15T03:10:32.456085Z,1789441831900,ETHUSDT,Buy,15.30,2490.49,"{""T"":1789441831900,""s"":""ETHUSDT"",""S"":""Buy"",""v"":""15.30"",""p"":""2490.49""}"
2026-09-15T03:10:32.456085Z,1789441831934,ETHUSDT,Buy,1.52,2490.67,"{""T"":1789441831934,""s"":""ETHUSDT"",""S"":""Buy"",""v"":""1.52"",""p"":""2490.67""}"
2026-09-15T03:10:32.456085Z,1789441832169,ETHUSDT,Buy,0.01,2491.45,"{""T"":1789441832169,""s"":""ETHUSDT"",""S"":""Buy"",""v"":""0.01"",""p"":""2491.45""}"
2026-09-15T03:10:32.456085Z,1789441832229,ETHUSDT,Buy,0.01,2491.27,"{""T"":1789441832229,""s"":""ETHUSDT"",""S"":""Buy"",""v"":""0.01"",""p"":""2491.27""}"
2026-09-15T03:10:32.456085Z,1789441832306,ETHUSDT,Buy,0.04,2491.78,"{""T"":1789441832306,""s"":""ETHUSDT"",""S"":""Buy"",""v"":""0.04"",""p"":""2491.78""}"
2026-09-15T03:10:32.836950Z,1789441832298,XRPUSDT,Buy,52.5,1.4082,"{""T"":1789441832298,""s"":""XRPUSDT"",""S"":""Buy"",""v"":""52.5"",""p"":""1.4082""}"
2026-09-15T03:10:32.836950Z,1789441832709,XRPUSDT,Buy,48.1,1.4073,"{""T"":1789441832709,""s"":""XRPUSDT"",""S"":""Buy"",""v"":""48.1"",""p"":""1.4073""}"
2026-09-15T03:10:33.337852Z,1789441832915,XRPUSDT,Buy,58.7,1.4073,"{""T"":1789441832915,""s"":""XRPUSDT"",""S"":""Buy"",""v"":""58.7"",""p"":""1.4073""}"
2026-09-15T03:10:33.956147Z,1789441833417,ETHUSDT,Buy,1.00,2490.22,"{""T"":1789441833417,""s"":""ETHUSDT"",""S"":""Buy"",""v"":""1.00"",""p"":""2490.22""}"
2026-09-15T03:10:34.408018Z,1789441834283,POWERUSDT,Sell,1,0.17712,"{""T"":1789441834283,""s"":""POWERUSDT"",""S"":""Sell"",""v"":""1"",""p"":""0.17712""}"
2026-09-15T03:10:34.562246Z,1789441834367,SOLUSDT,Buy,125.0,100.940,"{""T"":1789441834367,""s"":""SOLUSDT"",""S"":""Buy"",""v"":""125.0"",""p"":""100.940""}"
2026-09-15T03:10:34.907984Z,1789441834777,POWERUSDT,Sell,843,0.17770,"{""T"":1789441834777,""s"":""POWERUSDT"",""S"":""Sell"",""v"":""843"",""p"":""0.17770""}"
2026-09-15T03:10:36.407949Z,1789441835891,POWERUSDT,Sell,4086,0.17824,"{""T"":1789441835891,""s"":""POWERUSDT"",""S"":""Sell"",""v"":""4086"",""p"":""0.17824""}"
2026-09-15T03:10:37.455871Z,1789441836938,ETHUSDT,Buy,65.85,2489.77,"{""T"":1789441836938,""s"":""ETHUSDT"",""S"":""Buy"",""v"":""65.85"",""p"":""2489.77""}"
2026-09-15T03:10:37.455871Z,1789441837176,ETHUSDT,Buy,35.35,2490.08,"{""T"":1789441837176,""s"":""ETHUSDT"",""S"":""Buy"",""v"":""35.35"",""p"":""2490.08""}"
2026-09-15T03:10:39.407931Z,1789441839049,CAPUSDT,Buy,1800,0.06106,"{""T"":1789441839049,""s"":""CAPUSDT"",""S"":""Buy"",""v"":""1800"",""p"":""0.06106""}"
2026-09-15T03:10:40.455856Z,1789441840221,ETHUSDT,Buy,0.01,2489.54,"{""T"":1789441840221,""s"":""ETHUSDT"",""S"":""Buy"",""v"":""0.01"",""p"":""2489.54""}"
2026-09-15T03:10:41.848072Z,1789441841357,WIFUSDT,Buy,3020,0.18130,"{""T"":1789441841357,""s"":""WIFUSDT"",""S"":""Buy"",""v"":""3020"",""p"":""0.18130""}"
2026-09-15T03:10:42.907856Z,1789441842800,CAPUSDT,Buy,130,0.06094,"{""T"":1789441842800,""s"":""CAPUSDT"",""S"":""Buy"",""v"":""130"",""p"":""0.06094""}"
2026-09-15T03:10:44.908164Z,1789441844571,CAPUSDT,Buy,360,0.06081,"{""T"":1789441844571,""s"":""CAPUSDT"",""S"":""Buy"",""v"":""360"",""p"":""0.06081""}"
2026-09-15T03:10:46.496231Z,1789441846281,STORJUSDT,Sell,1818.1,0.03595,"{""T"":1789441846281,""s"":""STORJUSDT"",""S"":""Sell"",""v"":""1818.1"",""p"":""0.03595""}"
2026-09-15T03:10:55.907880Z,1789441855724,CAPUSDT,Buy,1100,0.06057,"{""T"":1789441855724,""s"":""CAPUSDT"",""S"":""Buy"",""v"":""1100"",""p"":""0.06057""}"
2026-09-15T03:11:00.324986Z,1789441860105,ETHFIUSDT,Buy,39.1,0.6068,"{""T"":1789441860105,""s"":""ETHFIUSDT"",""S"":""Buy"",""v"":""39.1"",""p"":""0.6068""}"
2026-09-15T03:11:00.825254Z,1789441860430,ETHFIUSDT,Buy,115.6,0.6072,"{""T"":1789441860430,""s"":""ETHFIUSDT"",""S"":""Buy"",""v"":""115.6"",""p"":""0.6072""}"
2026-09-15T03:11:01.325348Z,1789441861075,ETHFIUSDT,Buy,1721.0,0.6060,"{""T"":1789441861075,""s"":""ETHFIUSDT"",""S"":""Buy"",""v"":""1721.0"",""p"":""0.6060""}"
2026-09-15T03:11:28.348384Z,1789441888211,WIFUSDT,Buy,300,0.18090,"{""T"":1789441888211,""s"":""WIFUSDT"",""S"":""Buy"",""v"":""300"",""p"":""0.18090""}"
2026-09-15T03:11:31.336977Z,1789441890937,LITUSDT,Buy,334.2,4.2770,"{""T"":1789441890937,""s"":""LITUSDT"",""S"":""Buy"",""v"":""334.2"",""p"":""4.2770""}"
2026-09-15T03:11:34.360061Z,1789441893891,WLDUSDT,Buy,230.4,0.3759,"{""T"":1789441893891,""s"":""WLDUSDT"",""S"":""Buy"",""v"":""230.4"",""p"":""0.3759""}"
2026-09-15T03:11:35.312928Z,1789441894954,HYPEUSDT,Buy,46.87,78.860,"{""T"":1789441894954,""s"":""HYPEUSDT"",""S"":""Buy"",""v"":""46.87"",""p"":""78.860""}"
2026-09-15T03:11:35.325710Z,1789441894954,FARTCOINUSDT,Buy,8936,0.14011,"{""T"":1789441894954,""s"":""FARTCOINUSDT"",""S"":""Buy"",""v"":""8936"",""p"":""0.14011""}"
2026-09-15T03:11:38.812793Z,1789441898543,HYPEUSDT,Buy,0.10,78.850,"{""T"":1789441898543,""s"":""HYPEUSDT"",""S"":""Buy"",""v"":""0.10"",""p"":""78.850""}"
2026-09-15T03:11:39.065460Z,1789441898937,BTCUSDT,Buy,0.897,77466.60,"{""T"":1789441898937,""s"":""BTCUSDT"",""S"":""Buy"",""v"":""0.897"",""p"":""77466.60""}"
2026-09-15T03:11:39.336992Z,1789441898895,XRPUSDT,Buy,354.3,1.4072,"{""T"":1789441898895,""s"":""XRPUSDT"",""S"":""Buy"",""v"":""354.3"",""p"":""1.4072""}"
2026-09-15T03:11:39.336992Z,1789441899136,XRPUSDT,Buy,6.1,1.4071,"{""T"":1789441899136,""s"":""XRPUSDT"",""S"":""Buy"",""v"":""6.1"",""p"":""1.4071""}"
2026-09-15T03:11:39.455599Z,1789441898895,ETHUSDT,Buy,0.19,2489.31,"{""T"":1789441898895,""s"":""ETHUSDT"",""S"":""Buy"",""v"":""0.19"",""p"":""2489.31""}"
2026-09-15T03:11:39.562340Z,1789441899404,SOLUSDT,Buy,0.7,100.880,"{""T"":1789441899404,""s"":""SOLUSDT"",""S"":""Buy"",""v"":""0.7"",""p"":""100.880""}"
2026-09-15T03:11:39.914223Z,1789441899429,ZECUSDT,Buy,3.16,1138.44,"{""T"":1789441899429,""s"":""ZECUSDT"",""S"":""Buy"",""v"":""3.16"",""p"":""1138.44""}"
2026-09-15T03:11:39.914223Z,1789441899484,ZECUSDT,Buy,0.17,1138.57,"{""T"":1789441899484,""s"":""ZECUSDT"",""S"":""Buy"",""v"":""0.17"",""p"":""1138.57""}"
2026-09-15T03:11:40.337522Z,1789441899964,ONDOUSDT,Buy,2183,0.3483,"{""T"":1789441899964,""s"":""ONDOUSDT"",""S"":""Buy"",""v"":""2183"",""p"":""0.3483""}"
2026-09-15T03:11:43.496626Z,1789441903343,LINKUSDT,Buy,55.6,11.413,"{""T"":1789441903343,""s"":""LINKUSDT"",""S"":""Buy"",""v"":""55.6"",""p"":""11.413""}"
2026-09-15T03:11:43.562394Z,1789441903343,SOLUSDT,Buy,6.3,100.870,"{""T"":1789441903343,""s"":""SOLUSDT"",""S"":""Buy"",""v"":""6.3"",""p"":""100.870""}"
2026-09-15T03:11:43.565638Z,1789441903067,BTCUSDT,Buy,0.075,77450.20,"{""T"":1789441903067,""s"":""BTCUSDT"",""S"":""Buy"",""v"":""0.075"",""p"":""77450.20""}"
2026-09-15T03:11:43.837990Z,1789441903699,XRPUSDT,Buy,70.2,1.4068,"{""T"":1789441903699,""s"":""XRPUSDT"",""S"":""Buy"",""v"":""70.2"",""p"":""1.4068""}"
2026-09-15T03:11:43.914648Z,1789441903343,ZECUSDT,Buy,0.01,1138.67,"{""T"":1789441903343,""s"":""ZECUSDT"",""S"":""Buy"",""v"":""0.01"",""p"":""1138.67""}"
2026-09-15T03:11:44.065630Z,1789441903485,BTCUSDT,Buy,0.014,77449.30,"{""T"":1789441903485,""s"":""BTCUSDT"",""S"":""Buy"",""v"":""0.014"",""p"":""77449.30""}"
2026-09-15T03:11:44.065630Z,1789441903755,BTCUSDT,Buy,0.003,77445.50,"{""T"":1789441903755,""s"":""BTCUSDT"",""S"":""Buy"",""v"":""0.003"",""p"":""77445.50""}"
2026-09-15T03:11:44.065630Z,1789441903831,BTCUSDT,Buy,0.014,77457.00,"{""T"":1789441903831,""s"":""BTCUSDT"",""S"":""Buy"",""v"":""0.014"",""p"":""77457.00""}"
2026-09-15T03:11:44.325260Z,1789441904229,FARTCOINUSDT,Buy,293,0.14008,"{""T"":1789441904229,""s"":""FARTCOINUSDT"",""S"":""Buy"",""v"":""293"",""p"":""0.14008""}"
2026-09-15T03:11:44.455767Z,1789441904359,ETHUSDT,Buy,0.01,2488.62,"{""T"":1789441904359,""s"":""ETHUSDT"",""S"":""Buy"",""v"":""0.01"",""p"":""2488.62""}"
2026-09-15T03:11:44.825109Z,1789441904489,FARTCOINUSDT,Buy,200,0.14005,"{""T"":1789441904489,""s"":""FARTCOINUSDT"",""S"":""Buy"",""v"":""200"",""p"":""0.14005""}"
2026-09-15T03:11:44.996456Z,1789441904894,LINKUSDT,Buy,371.3,11.412,"{""T"":1789441904894,""s"":""LINKUSDT"",""S"":""Buy"",""v"":""371.3"",""p"":""11.412""}"
2026-09-15T03:11:51.065556Z,1789441910949,BTCUSDT,Buy,0.012,77434.20,"{""T"":1789441910949,""s"":""BTCUSDT"",""S"":""Buy"",""v"":""0.012"",""p"":""77434.20""}"
2026-09-15T03:11:51.456149Z,1789441910949,ETHUSDT,Buy,0.38,2488.36,"{""T"":1789441910949,""s"":""ETHUSDT"",""S"":""Buy"",""v"":""0.38"",""p"":""2488.36""}"
2026-09-15T03:11:51.565465Z,1789441911478,BTCUSDT,Buy,0.202,77431.90,"{""T"":1789441911478,""s"":""BTCUSDT"",""S"":""Buy"",""v"":""0.202"",""p"":""77431.90""}"
2026-09-15T03:11:51.828477Z,1789441911619,NIULAIUSDT,Buy,580,0.10718,"{""T"":1789441911619,""s"":""NIULAIUSDT"",""S"":""Buy"",""v"":""580"",""p"":""0.10718""}"
2026-09-15T03:11:52.328482Z,1789441911983,NIULAIUSDT,Buy,60,0.10749,"{""T"":1789441911983,""s"":""NIULAIUSDT"",""S"":""Buy"",""v"":""60"",""p"":""0.10749""}"
2026-09-15T03:11:52.328482Z,1789441912026,NIULAIUSDT,Buy,4170,0.10770,"{""T"":1789441912026,""s"":""NIULAIUSDT"",""S"":""Buy"",""v"":""4170"",""p"":""0.10770""}"
2026-09-15T03:11:53.836971Z,1789441913718,XRPUSDT,Buy,3690.5,1.4063,"{""T"":1789441913718,""s"":""XRPUSDT"",""S"":""Buy"",""v"":""3690.5"",""p"":""1.4063""}"
2026-09-15T03:11:53.955928Z,1789441913646,ETHUSDT,Buy,1.59,2487.63,"{""T"":1789441913646,""s"":""ETHUSDT"",""S"":""Buy"",""v"":""1.59"",""p"":""2487.63""}"
2026-09-15T03:11:54.455619Z,1789441914196,ETHUSDT,Buy,53.90,2488.02,"{""T"":1789441914196,""s"":""ETHUSDT"",""S"":""Buy"",""v"":""53.90"",""p"":""2488.02""}"
2026-09-15T03:11:54.455619Z,1789441914217,ETHUSDT,Buy,0.98,2488.17,"{""T"":1789441914217,""s"":""ETHUSDT"",""S"":""Buy"",""v"":""0.98"",""p"":""2488.17""}"
2026-09-15T03:11:54.455619Z,1789441914251,ETHUSDT,Buy,0.09,2487.73,"{""T"":1789441914251,""s"":""ETHUSDT"",""S"":""Buy"",""v"":""0.09"",""p"":""2487.73""}"
2026-09-15T03:11:54.566174Z,1789441914319,BTCUSDT,Buy,0.075,77416.80,"{""T"":1789441914319,""s"":""BTCUSDT"",""S"":""Buy"",""v"":""0.075"",""p"":""77416.80""}"
2026-09-15T03:11:54.825074Z,1789441914249,ENAUSDT,Buy,451,0.14055,"{""T"":1789441914249,""s"":""ENAUSDT"",""S"":""Buy"",""v"":""451"",""p"":""0.14055""}"
2026-09-15T03:11:55.016105Z,1789441914921,NEARUSDT,Buy,87.5,2.4070,"{""T"":1789441914921,""s"":""NEARUSDT"",""S"":""Buy"",""v"":""87.5"",""p"":""2.4070""}"
2026-09-15T03:11:55.065173Z,1789441914710,BTCUSDT,Buy,0.013,77411.20,"{""T"":1789441914710,""s"":""BTCUSDT"",""S"":""Buy"",""v"":""0.013"",""p"":""77411.20""}"
2026-09-15T03:11:55.065173Z,1789441914904,BTCUSDT,Buy,0.030,77418.70,"{""T"":1789441914904,""s"":""BTCUSDT"",""S"":""Buy"",""v"":""0.030"",""p"":""77418.70""}"
2026-09-15T03:11:55.065173Z,1789441914921,BTCUSDT,Buy,0.186,77414.30,"{""T"":1789441914921,""s"":""BTCUSDT"",""S"":""Buy"",""v"":""0.186"",""p"":""77414.30""}"
2026-09-15T03:11:55.413565Z,1789441914921,ZECUSDT,Buy,0.55,1138.87,"{""T"":1789441914921,""s"":""ZECUSDT"",""S"":""Buy"",""v"":""0.55"",""p"":""1138.87""}"
2026-09-15T03:11:55.455774Z,1789441914921,ETHUSDT,Buy,1.58,2487.44,"{""T"":1789441914921,""s"":""ETHUSDT"",""S"":""Buy"",""v"":""1.58"",""p"":""2487.44""}"
2026-09-15T03:12:00.812814Z,1789441920601,ASTERUSDT,Buy,499,0.6830,"{""T"":1789441920601,""s"":""ASTERUSDT"",""S"":""Buy"",""v"":""499"",""p"":""0.6830""}"
2026-09-15T03:12:00.813555Z,1789441920601,PUMPFUNUSDT,Buy,71100,0.0036340,"{""T"":1789441920601,""s"":""PUMPFUNUSDT"",""S"":""Buy"",""v"":""71100"",""p"":""0.0036340""}"
2026-09-15T03:12:01.812694Z,1789441921331,ASTERUSDT,Buy,1444,0.6830,"{""T"":1789441921331,""s"":""ASTERUSDT"",""S"":""Buy"",""v"":""1444"",""p"":""0.6830""}"
2026-09-15T03:12:04.913709Z,1789441924675,ZECUSDT,Buy,8.71,1138.86,"{""T"":1789441924675,""s"":""ZECUSDT"",""S"":""Buy"",""v"":""8.71"",""p"":""1138.86""}"
2026-09-15T03:12:04.955720Z,1789441924675,ETHUSDT,Buy,24.03,2486.86,"{""T"":1789441924675,""s"":""ETHUSDT"",""S"":""Buy"",""v"":""24.03"",""p"":""2486.86""}"
2026-09-15T03:12:05.565739Z,1789441925138,BTCUSDT,Buy,0.006,77406.50,"{""T"":1789441925138,""s"":""BTCUSDT"",""S"":""Buy"",""v"":""0.006"",""p"":""77406.50""}"
2026-09-15T03:12:06.065581Z,1789441925596,BTCUSDT,Buy,0.021,77404.80,"{""T"":1789441925596,""s"":""BTCUSDT"",""S"":""Buy"",""v"":""0.021"",""p"":""77404.80""}"
2026-09-15T03:12:07.908097Z,1789441927444,LSKUSDT,Buy,38.0,0.36583,"{""T"":1789441927444,""s"":""LSKUSDT"",""S"":""Buy"",""v"":""38.0"",""p"":""0.36583""}"
2026-09-15T03:12:07.908097Z,1789441927528,LSKUSDT,Buy,46.9,0.36542,"{""T"":1789441927528,""s"":""LSKUSDT"",""S"":""Buy"",""v"":""46.9"",""p"":""0.36542""}"
2026-09-15T03:12:07.913616Z,1789441927379,ADAUSDT,Buy,1405,0.2040,"{""T"":1789441927379,""s"":""ADAUSDT"",""S"":""Buy"",""v"":""1405"",""p"":""0.2040""}"
2026-09-15T03:12:43.914036Z,1789441963626,DOTUSDT,Buy,0.5,0.9767,"{""T"":1789441963626,""s"":""DOTUSDT"",""S"":""Buy"",""v"":""0.5"",""p"":""0.9767""}"
2026-09-15T03:13:13.850348Z,1789441993310,WIFUSDT,Buy,27247,0.18040,"{""T"":1789441993310,""s"":""WIFUSDT"",""S"":""Buy"",""v"":""27247"",""p"":""0.18040""}"
2026-09-15T03:13:13.850348Z,1789441993584,WIFUSDT,Buy,4929,0.18040,"{""T"":1789441993584,""s"":""WIFUSDT"",""S"":""Buy"",""v"":""4929"",""p"":""0.18040""}"
2026-09-15T03:13:14.348137Z,1789441993956,WIFUSDT,Buy,7288,0.18030,"{""T"":1789441993956,""s"":""WIFUSDT"",""S"":""Buy"",""v"":""7288"",""p"":""0.18030""}"
2026-09-15T03:13:14.812446Z,1789441994535,PUMPFUNUSDT,Buy,807100,0.0036100,"{""T"":1789441994535,""s"":""PUMPFUNUSDT"",""S"":""Buy"",""v"":""807100"",""p"":""0.0036100""}"
2026-09-15T03:13:15.312535Z,1789441995008,TRUMPUSDT,Buy,7.5,1.957,"{""T"":1789441995008,""s"":""TRUMPUSDT"",""S"":""Buy"",""v"":""7.5"",""p"":""1.957""}"
2026-09-15T03:13:15.347851Z,1789441994846,WIFUSDT,Buy,99,0.17950,"{""T"":1789441994846,""s"":""WIFUSDT"",""S"":""Buy"",""v"":""99"",""p"":""0.17950""}"
2026-09-15T03:13:15.825099Z,1789441995371,ETHFIUSDT,Buy,2745.5,0.6042,"{""T"":1789441995371,""s"":""ETHFIUSDT"",""S"":""Buy"",""v"":""2745.5"",""p"":""0.6042""}"
2026-09-15T03:13:17.496649Z,1789441997347,INJUSDT,Buy,282.4,6.0390,"{""T"":1789441997347,""s"":""INJUSDT"",""S"":""Buy"",""v"":""282.4"",""p"":""6.0390""}"
2026-09-15T03:13:17.825932Z,1789441997347,ENAUSDT,Buy,14356,0.13972,"{""T"":1789441997347,""s"":""ENAUSDT"",""S"":""Buy"",""v"":""14356"",""p"":""0.13972""}"
2026-09-15T03:13:17.825932Z,1789441997351,ENAUSDT,Buy,26754,0.13995,"{""T"":1789441997351,""s"":""ENAUSDT"",""S"":""Buy"",""v"":""26754"",""p"":""0.13995""}"
2026-09-15T03:13:33.351357Z,1789442013141,WIFUSDT,Buy,383,0.18010,"{""T"":1789442013141,""s"":""WIFUSDT"",""S"":""Buy"",""v"":""383"",""p"":""0.18010""}"
2026-09-15T03:13:33.413618Z,1789442013140,1000PEPEUSDT,Buy,900,0.0034190,"{""T"":1789442013140,""s"":""1000PEPEUSDT"",""S"":""Buy"",""v"":""900"",""p"":""0.0034190""}"
2026-09-15T03:13:34.348168Z,1789442013783,WIFUSDT,Buy,14014,0.18000,"{""T"":1789442013783,""s"":""WIFUSDT"",""S"":""Buy"",""v"":""14014"",""p"":""0.18000""}"
2026-09-15T03:13:34.847892Z,1789442014363,WIFUSDT,Buy,54957,0.17980,"{""T"":1789442014363,""s"":""WIFUSDT"",""S"":""Buy"",""v"":""54957"",""p"":""0.17980""}"
2026-09-15T03:13:36.492989Z,1789442016089,SUIUSDT,Buy,570,0.70920,"{""T"":1789442016089,""s"":""SUIUSDT"",""S"":""Buy"",""v"":""570"",""p"":""0.70920""}"
2026-09-15T03:13:50.409892Z,1789442030305,POWERUSDT,Sell,4461,0.17970,"{""T"":1789442030305,""s"":""POWERUSDT"",""S"":""Sell"",""v"":""4461"",""p"":""0.17970""}"
2026-09-15T03:14:03.912812Z,1789442043440,POWERUSDT,Sell,3700,0.18017,"{""T"":1789442043440,""s"":""POWERUSDT"",""S"":""Sell"",""v"":""3700"",""p"":""0.18017""}"
2026-09-15T03:14:03.912812Z,1789442043485,POWERUSDT,Sell,126,0.18021,"{""T"":1789442043485,""s"":""POWERUSDT"",""S"":""Sell"",""v"":""126"",""p"":""0.18021""}"
2026-09-15T03:14:04.017745Z,1789442043440,NEARUSDT,Buy,1.7,2.4040,"{""T"":1789442043440,""s"":""NEARUSDT"",""S"":""Buy"",""v"":""1.7"",""p"":""2.4040""}"
2026-09-15T03:14:04.909548Z,1789442044650,CAPUSDT,Buy,110,0.06047,"{""T"":1789442044650,""s"":""CAPUSDT"",""S"":""Buy"",""v"":""110"",""p"":""0.06047""}"
2026-09-15T03:14:07.339386Z,1789442047144,CVCUSDT,Sell,8266,0.03265,"{""T"":1789442047144,""s"":""CVCUSDT"",""S"":""Sell"",""v"":""8266"",""p"":""0.03265""}"
2026-09-15T03:14:40.915415Z,1789442080630,UNIUSDT,Buy,1.9,6.445,"{""T"":1789442080630,""s"":""UNIUSDT"",""S"":""Buy"",""v"":""1.9"",""p"":""6.445""}"
2026-09-15T03:14:40.915415Z,1789442080636,UNIUSDT,Buy,366.8,6.456,"{""T"":1789442080636,""s"":""UNIUSDT"",""S"":""Buy"",""v"":""366.8"",""p"":""6.456""}"
2026-09-15T03:14:40.915415Z,1789442080684,UNIUSDT,Buy,93.8,6.455,"{""T"":1789442080684,""s"":""UNIUSDT"",""S"":""Buy"",""v"":""93.8"",""p"":""6.455""}"
2026-09-15T03:14:42.814304Z,1789442082482,ASTERUSDT,Buy,115,0.6826,"{""T"":1789442082482,""s"":""ASTERUSDT"",""S"":""Buy"",""v"":""115"",""p"":""0.6826""}"
2026-09-15T03:14:42.915560Z,1789442082482,UNIUSDT,Buy,6.0,6.444,"{""T"":1789442082482,""s"":""UNIUSDT"",""S"":""Buy"",""v"":""6.0"",""p"":""6.444""}"
2026-09-15T03:14:42.916019Z,1789442082482,DOGEUSDT,Buy,844,0.08275,"{""T"":1789442082482,""s"":""DOGEUSDT"",""S"":""Buy"",""v"":""844"",""p"":""0.08275""}"
2026-09-15T03:15:04.326814Z,1789442103807,FARTCOINUSDT,Buy,3051,0.13981,"{""T"":1789442103807,""s"":""FARTCOINUSDT"",""S"":""Buy"",""v"":""3051"",""p"":""0.13981""}"
2026-09-15T03:15:27.998645Z,1789442127699,PENGUUSDT,Buy,103400,0.007011,"{""T"":1789442127699,""s"":""PENGUUSDT"",""S"":""Buy"",""v"":""103400"",""p"":""0.007011""}"
2026-09-15T03:15:35.861654Z,1789442135693,WLDUSDT,Buy,20.6,0.3743,"{""T"":1789442135693,""s"":""WLDUSDT"",""S"":""Buy"",""v"":""20.6"",""p"":""0.3743""}"
2026-09-15T03:15:56.338748Z,1789442156106,AAVEUSDT,Buy,27.50,125.83,"{""T"":1789442156106,""s"":""AAVEUSDT"",""S"":""Buy"",""v"":""27.50"",""p"":""125.83""}"
2026-09-15T03:15:56.415489Z,1789442156290,DOGEUSDT,Buy,3516,0.08277,"{""T"":1789442156290,""s"":""DOGEUSDT"",""S"":""Buy"",""v"":""3516"",""p"":""0.08277""}"
2026-09-15T03:15:56.415880Z,1789442156289,UNIUSDT,Buy,15.0,6.443,"{""T"":1789442156289,""s"":""UNIUSDT"",""S"":""Buy"",""v"":""15.0"",""p"":""6.443""}"
2026-09-15T03:15:56.416089Z,1789442156290,ZECUSDT,Buy,0.30,1138.54,"{""T"":1789442156290,""s"":""ZECUSDT"",""S"":""Buy"",""v"":""0.30"",""p"":""1138.54""}"
2026-09-15T03:15:59.339472Z,1789442158984,XRPUSDT,Buy,453.3,1.4047,"{""T"":1789442158984,""s"":""XRPUSDT"",""S"":""Buy"",""v"":""453.3"",""p"":""1.4047""}"
2026-09-15T03:16:19.915720Z,1789442179438,ADAUSDT,Buy,707,0.2039,"{""T"":1789442179438,""s"":""ADAUSDT"",""S"":""Buy"",""v"":""707"",""p"":""0.2039""}"
2026-09-15T03:16:29.839327Z,1789442189276,XRPUSDT,Buy,2628.1,1.4044,"{""T"":1789442189276,""s"":""XRPUSDT"",""S"":""Buy"",""v"":""2628.1"",""p"":""1.4044""}"
2026-09-15T03:17:25.415789Z,1789442244986,ZECUSDT,Buy,3.00,1135.09,"{""T"":1789442244986,""s"":""ZECUSDT"",""S"":""Buy"",""v"":""3.00"",""p"":""1135.09""}"
2026-09-15T03:17:27.063901Z,1789442246830,SOLUSDT,Buy,14.3,100.710,"{""T"":1789442246830,""s"":""SOLUSDT"",""S"":""Buy"",""v"":""14.3"",""p"":""100.710""}"
2026-09-15T03:18:02.314759Z,1789442281985,PUMPFUNUSDT,Buy,2300,0.0036020,"{""T"":1789442281985,""s"":""PUMPFUNUSDT"",""S"":""Buy"",""v"":""2300"",""p"":""0.0036020""}"
2026-09-15T03:18:08.813901Z,1789442288238,PUMPFUNUSDT,Buy,568100,0.0036010,"{""T"":1789442288238,""s"":""PUMPFUNUSDT"",""S"":""Buy"",""v"":""568100"",""p"":""0.0036010""}"
2026-09-15T03:18:10.814516Z,1789442290566,PUMPFUNUSDT,Buy,21600,0.0035930,"{""T"":1789442290566,""s"":""PUMPFUNUSDT"",""S"":""Buy"",""v"":""21600"",""p"":""0.0035930""}"
2026-09-15T03:18:18.910465Z,1789442298533,LSKUSDT,Buy,420.5,0.36101,"{""T"":1789442298533,""s"":""LSKUSDT"",""S"":""Buy"",""v"":""420.5"",""p"":""0.36101""}"
2026-09-15T03:18:20.409571Z,1789442299971,LSKUSDT,Buy,66.2,0.36079,"{""T"":1789442299971,""s"":""LSKUSDT"",""S"":""Buy"",""v"":""66.2"",""p"":""0.36079""}"
2026-09-15T03:18:20.909325Z,1789442300335,LSKUSDT,Buy,107.6,0.36076,"{""T"":1789442300335,""s"":""LSKUSDT"",""S"":""Buy"",""v"":""107.6"",""p"":""0.36076""}"
2026-09-15T03:18:39.830649Z,1789442319647,4STOCKUSDT,Buy,374900,0.01302,"{""T"":1789442319647,""s"":""4STOCKUSDT"",""S"":""Buy"",""v"":""374900"",""p"":""0.01302""}"
2026-09-15T03:18:39.909602Z,1789442319647,LSKUSDT,Buy,13446.6,0.36175,"{""T"":1789442319647,""s"":""LSKUSDT"",""S"":""Buy"",""v"":""13446.6"",""p"":""0.36175""}"
2026-09-15T03:18:50.409752Z,1789442330269,LSKUSDT,Buy,18.6,0.36000,"{""T"":1789442330269,""s"":""LSKUSDT"",""S"":""Buy"",""v"":""18.6"",""p"":""0.36000""}"
2026-09-15T03:18:50.909590Z,1789442330440,LSKUSDT,Buy,149.0,0.36000,"{""T"":1789442330440,""s"":""LSKUSDT"",""S"":""Buy"",""v"":""149.0"",""p"":""0.36000""}"
2026-09-15T03:18:50.909590Z,1789442330813,LSKUSDT,Buy,467.0,0.35972,"{""T"":1789442330813,""s"":""LSKUSDT"",""S"":""Buy"",""v"":""467.0"",""p"":""0.35972""}"
2026-09-15T03:18:52.494157Z,1789442332066,MTLUSDT,Buy,8908.9,0.2961,"{""T"":1789442332066,""s"":""MTLUSDT"",""S"":""Buy"",""v"":""8908.9"",""p"":""0.2961""}"
2026-09-15T03:20:33.410100Z,1789442433004,POWERUSDT,Buy,504,0.16719,"{""T"":1789442433004,""s"":""POWERUSDT"",""S"":""Buy"",""v"":""504"",""p"":""0.16719""}"
2026-09-15T03:20:39.909628Z,1789442439809,LSKUSDT,Buy,3584.5,0.35887,"{""T"":1789442439809,""s"":""LSKUSDT"",""S"":""Buy"",""v"":""3584.5"",""p"":""0.35887""}"
2026-09-15T03:21:03.493959Z,1789442463330,LAUSDT,Buy,24273.6,0.06990,"{""T"":1789442463330,""s"":""LAUSDT"",""S"":""Buy"",""v"":""24273.6"",""p"":""0.06990""}"
2026-09-15T03:21:04.993654Z,1789442464417,MTLUSDT,Buy,30.5,0.2955,"{""T"":1789442464417,""s"":""MTLUSDT"",""S"":""Buy"",""v"":""30.5"",""p"":""0.2955""}"
2026-09-15T03:22:05.636911Z,1789442525054,ARKUSDT,Buy,302,0.14875,"{""T"":1789442525054,""s"":""ARKUSDT"",""S"":""Buy"",""v"":""302"",""p"":""0.14875""}"
2026-09-15T03:22:09.326504Z,1789442529194,VVVUSDT,Buy,1.33,21.5710,"{""T"":1789442529194,""s"":""VVVUSDT"",""S"":""Buy"",""v"":""1.33"",""p"":""21.5710""}"
2026-09-15T03:22:09.409365Z,1789442529194,LSKUSDT,Buy,96.7,0.35911,"{""T"":1789442529194,""s"":""LSKUSDT"",""S"":""Buy"",""v"":""96.7"",""p"":""0.35911""}"
2026-09-15T03:23:16.457302Z,1789442596256,ETHUSDT,Buy,0.01,2493.17,"{""T"":1789442596256,""s"":""ETHUSDT"",""S"":""Buy"",""v"":""0.01"",""p"":""2493.17""}"
2026-09-15T03:23:54.361030Z,1789442633883,TUSDT,Buy,38190,0.004911,"{""T"":1789442633883,""s"":""TUSDT"",""S"":""Buy"",""v"":""38190"",""p"":""0.004911""}"
2026-09-15T03:24:34.830361Z,1789442674253,NIULAIUSDT,Buy,13110,0.10642,"{""T"":1789442674253,""s"":""NIULAIUSDT"",""S"":""Buy"",""v"":""13110"",""p"":""0.10642""}"
2026-09-15T03:24:38.860795Z,1789442678456,TUSDT,Buy,9420,0.004898,"{""T"":1789442678456,""s"":""TUSDT"",""S"":""Buy"",""v"":""9420"",""p"":""0.004898""}"
2026-09-15T03:25:15.915233Z,1789442715409,ZECUSDT,Buy,1.23,1132.80,"{""T"":1789442715409,""s"":""ZECUSDT"",""S"":""Buy"",""v"":""1.23"",""p"":""1132.80""}"
2026-09-15T03:25:28.409587Z,1789442728036,STEEMUSDT,Buy,26536,0.05531,"{""T"":1789442728036,""s"":""STEEMUSDT"",""S"":""Buy"",""v"":""26536"",""p"":""0.05531""}"
2026-09-15T03:25:28.493485Z,1789442728036,SUIUSDT,Buy,3510,0.71010,"{""T"":1789442728036,""s"":""SUIUSDT"",""S"":""Buy"",""v"":""3510"",""p"":""0.71010""}"
2026-09-15T03:27:22.409903Z,1789442841891,LSKUSDT,Buy,100.0,0.36182,"{""T"":1789442841891,""s"":""LSKUSDT"",""S"":""Buy"",""v"":""100.0"",""p"":""0.36182""}"
2026-09-15T03:27:38.360622Z,1789442858130,TUSDT,Buy,266720,0.004834,"{""T"":1789442858130,""s"":""TUSDT"",""S"":""Buy"",""v"":""266720"",""p"":""0.004834""}"
2026-09-15T03:28:35.360798Z,1789442915122,TUSDT,Buy,3880,0.004796,"{""T"":1789442915122,""s"":""TUSDT"",""S"":""Buy"",""v"":""3880"",""p"":""0.004796""}"
2026-09-15T03:28:35.860287Z,1789442915403,TUSDT,Buy,19300,0.004781,"{""T"":1789442915403,""s"":""TUSDT"",""S"":""Buy"",""v"":""19300"",""p"":""0.004781""}"
2026-09-15T03:29:30.861081Z,1789442970597,TUSDT,Buy,69710,0.004726,"{""T"":1789442970597,""s"":""TUSDT"",""S"":""Buy"",""v"":""69710"",""p"":""0.004726""}"
2026-09-15T03:30:08.839075Z,1789443008329,CVCUSDT,Sell,9492,0.03331,"{""T"":1789443008329,""s"":""CVCUSDT"",""S"":""Sell"",""v"":""9492"",""p"":""0.03331""}"
2026-09-15T03:30:50.352117Z,1789443049847,UAIUSDT,Sell,2735,0.42240,"{""T"":1789443049847,""s"":""UAIUSDT"",""S"":""Sell"",""v"":""2735"",""p"":""0.42240""}"
2026-09-15T03:31:24.908976Z,1789443084344,POWERUSDT,Buy,701,0.16329,"{""T"":1789443084344,""s"":""POWERUSDT"",""S"":""Buy"",""v"":""701"",""p"":""0.16329""}"
2026-09-15T03:31:24.908976Z,1789443084393,POWERUSDT,Buy,760,0.16487,"{""T"":1789443084393,""s"":""POWERUSDT"",""S"":""Buy"",""v"":""760"",""p"":""0.16487""}"
2026-09-15T03:31:24.908976Z,1789443084452,POWERUSDT,Buy,3945,0.16386,"{""T"":1789443084452,""s"":""POWERUSDT"",""S"":""Buy"",""v"":""3945"",""p"":""0.16386""}"
2026-09-15T03:31:24.908976Z,1789443084681,POWERUSDT,Buy,234,0.16385,"{""T"":1789443084681,""s"":""POWERUSDT"",""S"":""Buy"",""v"":""234"",""p"":""0.16385""}"
2026-09-15T03:31:34.908984Z,1789443094408,POWERUSDT,Buy,2882,0.16298,"{""T"":1789443094408,""s"":""POWERUSDT"",""S"":""Buy"",""v"":""2882"",""p"":""0.16298""}"
2026-09-15T03:31:34.908984Z,1789443094690,POWERUSDT,Buy,5036,0.16293,"{""T"":1789443094690,""s"":""POWERUSDT"",""S"":""Buy"",""v"":""5036"",""p"":""0.16293""}"
2026-09-15T03:33:03.317886Z,1789443183073,PUMPFUNUSDT,Sell,46800,0.0036780,"{""T"":1789443183073,""s"":""PUMPFUNUSDT"",""S"":""Sell"",""v"":""46800"",""p"":""0.0036780""}"
2026-09-15T03:33:37.909823Z,1789443217506,CAPUSDT,Buy,190,0.06021,"{""T"":1789443217506,""s"":""CAPUSDT"",""S"":""Buy"",""v"":""190"",""p"":""0.06021""}"
2026-09-15T03:34:49.330502Z,1789443288939,4STOCKUSDT,Buy,43780,0.01272,"{""T"":1789443288939,""s"":""4STOCKUSDT"",""S"":""Buy"",""v"":""43780"",""p"":""0.01272""}"
2026-09-15T03:34:49.330502Z,1789443289098,4STOCKUSDT,Buy,25100,0.01272,"{""T"":1789443289098,""s"":""4STOCKUSDT"",""S"":""Buy"",""v"":""25100"",""p"":""0.01272""}"
2026-09-15T03:34:49.330502Z,1789443289156,4STOCKUSDT,Buy,2940,0.01274,"{""T"":1789443289156,""s"":""4STOCKUSDT"",""S"":""Buy"",""v"":""2940"",""p"":""0.01274""}"
2026-09-15T03:34:49.998836Z,1789443289662,STORJUSDT,Sell,25461.9,0.03596,"{""T"":1789443289662,""s"":""STORJUSDT"",""S"":""Sell"",""v"":""25461.9"",""p"":""0.03596""}"
2026-09-15T03:35:02.330718Z,1789443301748,4STOCKUSDT,Buy,540,0.01258,"{""T"":1789443301748,""s"":""4STOCKUSDT"",""S"":""Buy"",""v"":""540"",""p"":""0.01258""}"
2026-09-15T03:35:02.830725Z,1789443302310,4STOCKUSDT,Buy,11600,0.01257,"{""T"":1789443302310,""s"":""4STOCKUSDT"",""S"":""Buy"",""v"":""11600"",""p"":""0.01257""}"
2026-09-15T03:35:03.830656Z,1789443303412,4STOCKUSDT,Buy,800,0.01251,"{""T"":1789443303412,""s"":""4STOCKUSDT"",""S"":""Buy"",""v"":""800"",""p"":""0.01251""}"
2026-09-15T03:39:38.408950Z,1789443578168,POWERUSDT,Sell,38,0.18186,"{""T"":1789443578168,""s"":""POWERUSDT"",""S"":""Sell"",""v"":""38"",""p"":""0.18186""}"
2026-09-15T03:39:39.409278Z,1789443578824,POWERUSDT,Sell,48,0.18192,"{""T"":1789443578824,""s"":""POWERUSDT"",""S"":""Sell"",""v"":""48"",""p"":""0.18192""}"
2026-09-15T03:39:39.409278Z,1789443578949,POWERUSDT,Sell,61,0.18213,"{""T"":1789443578949,""s"":""POWERUSDT"",""S"":""Sell"",""v"":""61"",""p"":""0.18213""}"
2026-09-15T03:39:52.409480Z,1789443592242,POWERUSDT,Sell,3109,0.18335,"{""T"":1789443592242,""s"":""POWERUSDT"",""S"":""Sell"",""v"":""3109"",""p"":""0.18335""}"
2026-09-15T03:39:52.409480Z,1789443592289,POWERUSDT,Sell,100,0.18335,"{""T"":1789443592289,""s"":""POWERUSDT"",""S"":""Sell"",""v"":""100"",""p"":""0.18335""}"
2026-09-15T03:39:52.415007Z,1789443592289,ZECUSDT,Buy,0.01,1133.81,"{""T"":1789443592289,""s"":""ZECUSDT"",""S"":""Buy"",""v"":""0.01"",""p"":""1133.81""}"
2026-09-15T03:39:52.493713Z,1789443592289,SUIUSDT,Buy,20,0.71140,"{""T"":1789443592289,""s"":""SUIUSDT"",""S"":""Buy"",""v"":""20"",""p"":""0.71140""}"
2026-09-15T03:39:52.636711Z,1789443592289,AKEUSDT,Buy,1300,0.0155430,"{""T"":1789443592289,""s"":""AKEUSDT"",""S"":""Buy"",""v"":""1300"",""p"":""0.0155430""}"
2026-09-15T03:39:52.830125Z,1789443592289,PONSUSDT,Buy,16,0.6047,"{""T"":1789443592289,""s"":""PONSUSDT"",""S"":""Buy"",""v"":""16"",""p"":""0.6047""}"
2026-09-15T03:39:52.909021Z,1789443592790,POWERUSDT,Sell,2941,0.18293,"{""T"":1789443592790,""s"":""POWERUSDT"",""S"":""Sell"",""v"":""2941"",""p"":""0.18293""}"
2026-09-15T03:39:53.409205Z,1789443592864,POWERUSDT,Sell,191,0.18275,"{""T"":1789443592864,""s"":""POWERUSDT"",""S"":""Sell"",""v"":""191"",""p"":""0.18275""}"
2026-09-15T03:39:53.409205Z,1789443592983,POWERUSDT,Sell,533,0.18308,"{""T"":1789443592983,""s"":""POWERUSDT"",""S"":""Sell"",""v"":""533"",""p"":""0.18308""}"
2026-09-15T03:40:01.993714Z,1789443601468,LAUSDT,Buy,850.0,0.06652,"{""T"":1789443601468,""s"":""LAUSDT"",""S"":""Buy"",""v"":""850.0"",""p"":""0.06652""}"
2026-09-15T03:40:29.912906Z,1789443629506,POWERUSDT,Sell,91,0.18447,"{""T"":1789443629506,""s"":""POWERUSDT"",""S"":""Sell"",""v"":""91"",""p"":""0.18447""}"
2026-09-15T03:40:30.409028Z,1789443630040,POWERUSDT,Sell,602,0.18440,"{""T"":1789443630040,""s"":""POWERUSDT"",""S"":""Sell"",""v"":""602"",""p"":""0.18440""}"
2026-09-15T03:42:22.409259Z,1789443742144,POWERUSDT,Sell,115,0.18537,"{""T"":1789443742144,""s"":""POWERUSDT"",""S"":""Sell"",""v"":""115"",""p"":""0.18537""}"
2026-09-15T03:42:22.409259Z,1789443742258,POWERUSDT,Sell,200,0.18565,"{""T"":1789443742258,""s"":""POWERUSDT"",""S"":""Sell"",""v"":""200"",""p"":""0.18565""}"
2026-09-15T03:42:24.339739Z,1789443744152,CVCUSDT,Sell,5497,0.03425,"{""T"":1789443744152,""s"":""CVCUSDT"",""S"":""Sell"",""v"":""5497"",""p"":""0.03425""}"
2026-09-15T03:42:26.815272Z,1789443746300,ASTERUSDT,Buy,158,0.6858,"{""T"":1789443746300,""s"":""ASTERUSDT"",""S"":""Buy"",""v"":""158"",""p"":""0.6858""}"
2026-09-15T03:42:26.838722Z,1789443746300,CVCUSDT,Sell,1780,0.03432,"{""T"":1789443746300,""s"":""CVCUSDT"",""S"":""Sell"",""v"":""1780"",""p"":""0.03432""}"
2026-09-15T03:42:33.338932Z,1789443752877,CVCUSDT,Sell,7007,0.03440,"{""T"":1789443752877,""s"":""CVCUSDT"",""S"":""Sell"",""v"":""7007"",""p"":""0.03440""}"
2026-09-15T03:43:19.326324Z,1789443798913,AVAAIUSDT,Buy,411802,0.009956,"{""T"":1789443798913,""s"":""AVAAIUSDT"",""S"":""Buy"",""v"":""411802"",""p"":""0.009956""}"
2026-09-15T03:43:27.636505Z,1789443807223,AKEUSDT,Sell,3500,0.0164760,"{""T"":1789443807223,""s"":""AKEUSDT"",""S"":""Sell"",""v"":""3500"",""p"":""0.0164760""}"
2026-09-15T03:43:27.636505Z,1789443807278,AKEUSDT,Sell,2000,0.0164910,"{""T"":1789443807278,""s"":""AKEUSDT"",""S"":""Sell"",""v"":""2000"",""p"":""0.0164910""}"
2026-09-15T03:45:34.409517Z,1789443933832,POWERUSDT,Sell,948,0.18691,"{""T"":1789443933832,""s"":""POWERUSDT"",""S"":""Sell"",""v"":""948"",""p"":""0.18691""}"
2026-09-15T03:45:51.909338Z,1789443951439,POWERUSDT,Sell,10547,0.18752,"{""T"":1789443951439,""s"":""POWERUSDT"",""S"":""Sell"",""v"":""10547"",""p"":""0.18752""}"
2026-09-15T03:46:10.339751Z,1789443970073,CVCUSDT,Sell,3000,0.03502,"{""T"":1789443970073,""s"":""CVCUSDT"",""S"":""Sell"",""v"":""3000"",""p"":""0.03502""}"
2026-09-15T03:46:10.408969Z,1789443970073,LSKUSDT,Sell,258.8,0.38364,"{""T"":1789443970073,""s"":""LSKUSDT"",""S"":""Sell"",""v"":""258.8"",""p"":""0.38364""}"
2026-09-15T03:46:11.339677Z,1789443970820,CVCUSDT,Sell,8846,0.03512,"{""T"":1789443970820,""s"":""CVCUSDT"",""S"":""Sell"",""v"":""8846"",""p"":""0.03512""}"
2026-09-15T03:46:17.637101Z,1789443977339,ARKUSDT,Sell,718,0.15714,"{""T"":1789443977339,""s"":""ARKUSDT"",""S"":""Sell"",""v"":""718"",""p"":""0.15714""}"
2026-09-15T03:46:42.840107Z,1789444002543,CVCUSDT,Sell,2211,0.03606,"{""T"":1789444002543,""s"":""CVCUSDT"",""S"":""Sell"",""v"":""2211"",""p"":""0.03606""}"
2026-09-15T03:46:50.338510Z,1789444010060,CVCUSDT,Sell,4234,0.03627,"{""T"":1789444010060,""s"":""CVCUSDT"",""S"":""Sell"",""v"":""4234"",""p"":""0.03627""}"
2026-09-15T03:46:50.636714Z,1789444010522,AKEUSDT,Sell,3400,0.0162790,"{""T"":1789444010522,""s"":""AKEUSDT"",""S"":""Sell"",""v"":""3400"",""p"":""0.0162790""}"
2026-09-15T03:46:50.814103Z,1789444010522,WLFIUSDT,Buy,7463,0.05663,"{""T"":1789444010522,""s"":""WLFIUSDT"",""S"":""Buy"",""v"":""7463"",""p"":""0.05663""}"
2026-09-15T03:46:50.838585Z,1789444010522,CVCUSDT,Sell,3130,0.03632,"{""T"":1789444010522,""s"":""CVCUSDT"",""S"":""Sell"",""v"":""3130"",""p"":""0.03632""}"
2026-09-15T03:46:50.916081Z,1789444010522,ZECUSDT,Sell,0.13,1149.58,"{""T"":1789444010522,""s"":""ZECUSDT"",""S"":""Sell"",""v"":""0.13"",""p"":""1149.58""}"
2026-09-15T03:46:50.988111Z,1789444010522,BTWUSDT,Sell,20,0.74085,"{""T"":1789444010522,""s"":""BTWUSDT"",""S"":""Sell"",""v"":""20"",""p"":""0.74085""}"
2026-09-15T03:46:51.016840Z,1789444010522,NEARUSDT,Sell,44.1,2.4460,"{""T"":1789444010522,""s"":""NEARUSDT"",""S"":""Sell"",""v"":""44.1"",""p"":""2.4460""}"
2026-09-15T03:46:52.997998Z,1789444012577,STORJUSDT,Buy,262.0,0.03360,"{""T"":1789444012577,""s"":""STORJUSDT"",""S"":""Buy"",""v"":""262.0"",""p"":""0.03360""}"
2026-09-15T03:46:53.838812Z,1789444013434,CVCUSDT,Sell,710,0.03638,"{""T"":1789444013434,""s"":""CVCUSDT"",""S"":""Sell"",""v"":""710"",""p"":""0.03638""}"
2026-09-15T03:46:56.838836Z,1789444016619,CVCUSDT,Sell,3046,0.03645,"{""T"":1789444016619,""s"":""CVCUSDT"",""S"":""Sell"",""v"":""3046"",""p"":""0.03645""}"
2026-09-15T03:46:56.909174Z,1789444016619,CAPUSDT,Sell,800,0.06899,"{""T"":1789444016619,""s"":""CAPUSDT"",""S"":""Sell"",""v"":""800"",""p"":""0.06899""}"
2026-09-15T03:46:56.993058Z,1789444016619,BRUSDT,Sell,79,0.55815,"{""T"":1789444016619,""s"":""BRUSDT"",""S"":""Sell"",""v"":""79"",""p"":""0.55815""}"
2026-09-15T03:47:32.339270Z,1789444052128,CVCUSDT,Sell,11000,0.03669,"{""T"":1789444052128,""s"":""CVCUSDT"",""S"":""Sell"",""v"":""11000"",""p"":""0.03669""}"
2026-09-15T03:47:33.339708Z,1789444053210,CVCUSDT,Sell,21549,0.03703,"{""T"":1789444053210,""s"":""CVCUSDT"",""S"":""Sell"",""v"":""21549"",""p"":""0.03703""}"
2026-09-15T03:47:33.838795Z,1789444053459,CVCUSDT,Sell,5500,0.03699,"{""T"":1789444053459,""s"":""CVCUSDT"",""S"":""Sell"",""v"":""5500"",""p"":""0.03699""}"
2026-09-15T03:47:34.339114Z,1789444053930,CVCUSDT,Sell,17448,0.03687,"{""T"":1789444053930,""s"":""CVCUSDT"",""S"":""Sell"",""v"":""17448"",""p"":""0.03687""}"
2026-09-15T03:47:44.909244Z,1789444064748,POWERUSDT,Sell,5729,0.18844,"{""T"":1789444064748,""s"":""POWERUSDT"",""S"":""Sell"",""v"":""5729"",""p"":""0.18844""}"
2026-09-15T03:47:46.408996Z,1789444066095,POWERUSDT,Sell,186,0.18964,"{""T"":1789444066095,""s"":""POWERUSDT"",""S"":""Sell"",""v"":""186"",""p"":""0.18964""}"
2026-09-15T03:47:46.909078Z,1789444066426,POWERUSDT,Sell,6827,0.18995,"{""T"":1789444066426,""s"":""POWERUSDT"",""S"":""Sell"",""v"":""6827"",""p"":""0.18995""}"
2026-09-15T03:47:47.409049Z,1789444067072,POWERUSDT,Sell,3961,0.19018,"{""T"":1789444067072,""s"":""POWERUSDT"",""S"":""Sell"",""v"":""3961"",""p"":""0.19018""}"
2026-09-15T03:47:49.339427Z,1789444068950,CVCUSDT,Sell,1653,0.03712,"{""T"":1789444068950,""s"":""CVCUSDT"",""S"":""Sell"",""v"":""1653"",""p"":""0.03712""}"
2026-09-15T03:47:50.909285Z,1789444070376,POWERUSDT,Sell,151,0.19134,"{""T"":1789444070376,""s"":""POWERUSDT"",""S"":""Sell"",""v"":""151"",""p"":""0.19134""}"
2026-09-15T03:47:52.408904Z,1789444072286,POWERUSDT,Sell,8008,0.19170,"{""T"":1789444072286,""s"":""POWERUSDT"",""S"":""Sell"",""v"":""8008"",""p"":""0.19170""}"
2026-09-15T03:47:55.909009Z,1789444075651,POWERUSDT,Sell,200,0.19222,"{""T"":1789444075651,""s"":""POWERUSDT"",""S"":""Sell"",""v"":""200"",""p"":""0.19222""}"
2026-09-15T03:49:01.908985Z,1789444141464,POWERUSDT,Sell,3695,0.19258,"{""T"":1789444141464,""s"":""POWERUSDT"",""S"":""Sell"",""v"":""3695"",""p"":""0.19258""}"
2026-09-15T03:49:04.137119Z,1789444143773,AKEUSDT,Sell,48100,0.0171990,"{""T"":1789444143773,""s"":""AKEUSDT"",""S"":""Sell"",""v"":""48100"",""p"":""0.0171990""}"
2026-09-15T03:49:04.137119Z,1789444143879,AKEUSDT,Sell,2600,0.0172310,"{""T"":1789444143879,""s"":""AKEUSDT"",""S"":""Sell"",""v"":""2600"",""p"":""0.0172310""}"
2026-09-15T03:49:04.349265Z,1789444143773,MARSCOINUSDT,Buy,6110,0.08685,"{""T"":1789444143773,""s"":""MARSCOINUSDT"",""S"":""Buy"",""v"":""6110"",""p"":""0.08685""}"
2026-09-15T03:49:37.136938Z,1789444176763,AKEUSDT,Sell,90700,0.0173380,"{""T"":1789444176763,""s"":""AKEUSDT"",""S"":""Sell"",""v"":""90700"",""p"":""0.0173380""}"
2026-09-15T03:49:37.136938Z,1789444176838,AKEUSDT,Sell,4500,0.0174290,"{""T"":1789444176838,""s"":""AKEUSDT"",""S"":""Sell"",""v"":""4500"",""p"":""0.0174290""}"
2026-09-15T03:49:37.136938Z,1789444176894,AKEUSDT,Sell,169000,0.0174690,"{""T"":1789444176894,""s"":""AKEUSDT"",""S"":""Sell"",""v"":""169000"",""p"":""0.0174690""}"
2026-09-15T03:49:37.136938Z,1789444176993,AKEUSDT,Sell,90500,0.0177180,"{""T"":1789444176993,""s"":""AKEUSDT"",""S"":""Sell"",""v"":""90500"",""p"":""0.0177180""}"
2026-09-15T03:49:37.493560Z,1789444177217,BRUSDT,Sell,177,0.55295,"{""T"":1789444177217,""s"":""BRUSDT"",""S"":""Sell"",""v"":""177"",""p"":""0.55295""}"
2026-09-15T03:49:37.636888Z,1789444177217,AKEUSDT,Sell,17200,0.0179690,"{""T"":1789444177217,""s"":""AKEUSDT"",""S"":""Sell"",""v"":""17200"",""p"":""0.0179690""}"
2026-09-15T03:49:37.636888Z,1789444177254,AKEUSDT,Sell,40400,0.0174720,"{""T"":1789444177254,""s"":""AKEUSDT"",""S"":""Sell"",""v"":""40400"",""p"":""0.0174720""}"
2026-09-15T03:49:37.636888Z,1789444177382,AKEUSDT,Sell,100,0.0175290,"{""T"":1789444177382,""s"":""AKEUSDT"",""S"":""Sell"",""v"":""100"",""p"":""0.0175290""}"
2026-09-15T03:49:37.636888Z,1789444177395,AKEUSDT,Sell,800,0.0177750,"{""T"":1789444177395,""s"":""AKEUSDT"",""S"":""Sell"",""v"":""800"",""p"":""0.0177750""}"
2026-09-15T03:49:37.636888Z,1789444177431,AKEUSDT,Sell,4700,0.0179010,"{""T"":1789444177431,""s"":""AKEUSDT"",""S"":""Sell"",""v"":""4700"",""p"":""0.0179010""}"
2026-09-15T03:49:37.636888Z,1789444177432,AKEUSDT,Sell,1600,0.0173850,"{""T"":1789444177432,""s"":""AKEUSDT"",""S"":""Sell"",""v"":""1600"",""p"":""0.0173850""}"
2026-09-15T03:49:38.137052Z,1789444177553,AKEUSDT,Sell,43400,0.0178920,"{""T"":1789444177553,""s"":""AKEUSDT"",""S"":""Sell"",""v"":""43400"",""p"":""0.0178920""}"
2026-09-15T03:49:46.909102Z,1789444186626,POWERUSDT,Sell,1028,0.19422,"{""T"":1789444186626,""s"":""POWERUSDT"",""S"":""Sell"",""v"":""1028"",""p"":""0.19422""}"
2026-09-15T03:50:36.840410Z,1789444236607,CVCUSDT,Buy,167,0.03440,"{""T"":1789444236607,""s"":""CVCUSDT"",""S"":""Buy"",""v"":""167"",""p"":""0.03440""}"
2026-09-15T03:50:42.136971Z,1789444241908,AKEUSDT,Buy,6100,0.0159570,"{""T"":1789444241908,""s"":""AKEUSDT"",""S"":""Buy"",""v"":""6100"",""p"":""0.0159570""}"
2026-09-15T03:50:42.636544Z,1789444242525,AKEUSDT,Buy,5500,0.0160010,"{""T"":1789444242525,""s"":""AKEUSDT"",""S"":""Buy"",""v"":""5500"",""p"":""0.0160010""}"
2026-09-15T03:50:46.909125Z,1789444246354,POWERUSDT,Sell,153,0.19570,"{""T"":1789444246354,""s"":""POWERUSDT"",""S"":""Sell"",""v"":""153"",""p"":""0.19570""}"
2026-09-15T03:50:48.909183Z,1789444248545,POWERUSDT,Sell,1649,0.19604,"{""T"":1789444248545,""s"":""POWERUSDT"",""S"":""Sell"",""v"":""1649"",""p"":""0.19604""}"
2026-09-15T03:51:05.409386Z,1789444265131,POWERUSDT,Sell,260,0.19652,"{""T"":1789444265131,""s"":""POWERUSDT"",""S"":""Sell"",""v"":""260"",""p"":""0.19652""}"
2026-09-15T03:51:08.909585Z,1789444268491,POWERUSDT,Sell,36407,0.19729,"{""T"":1789444268491,""s"":""POWERUSDT"",""S"":""Sell"",""v"":""36407"",""p"":""0.19729""}"
2026-09-15T03:51:08.909585Z,1789444268772,POWERUSDT,Sell,1552,0.19730,"{""T"":1789444268772,""s"":""POWERUSDT"",""S"":""Sell"",""v"":""1552"",""p"":""0.19730""}"
2026-09-15T03:51:12.909205Z,1789444272347,POWERUSDT,Sell,1309,0.19769,"{""T"":1789444272347,""s"":""POWERUSDT"",""S"":""Sell"",""v"":""1309"",""p"":""0.19769""}"
2026-09-15T03:51:12.909205Z,1789444272537,POWERUSDT,Sell,1161,0.19897,"{""T"":1789444272537,""s"":""POWERUSDT"",""S"":""Sell"",""v"":""1161"",""p"":""0.19897""}"
2026-09-15T03:51:13.410011Z,1789444272838,POWERUSDT,Sell,280,0.19879,"{""T"":1789444272838,""s"":""POWERUSDT"",""S"":""Sell"",""v"":""280"",""p"":""0.19879""}"
2026-09-15T03:51:13.410011Z,1789444273172,POWERUSDT,Sell,456,0.19995,"{""T"":1789444273172,""s"":""POWERUSDT"",""S"":""Sell"",""v"":""456"",""p"":""0.19995""}"
2026-09-15T03:51:13.860589Z,1789444273439,MUUSDT,Buy,2.00,930.24,"{""T"":1789444273439,""s"":""MUUSDT"",""S"":""Buy"",""v"":""2.00"",""p"":""930.24""}"
2026-09-15T03:51:13.909104Z,1789444273440,POWERUSDT,Sell,10042,0.20085,"{""T"":1789444273440,""s"":""POWERUSDT"",""S"":""Sell"",""v"":""10042"",""p"":""0.20085""}"
2026-09-15T03:51:13.909104Z,1789444273779,POWERUSDT,Sell,1420,0.20073,"{""T"":1789444273779,""s"":""POWERUSDT"",""S"":""Sell"",""v"":""1420"",""p"":""0.20073""}"
2026-09-15T03:51:13.909104Z,1789444273816,POWERUSDT,Sell,76,0.20083,"{""T"":1789444273816,""s"":""POWERUSDT"",""S"":""Sell"",""v"":""76"",""p"":""0.20083""}"
2026-09-15T03:51:13.987747Z,1789444273440,BTWUSDT,Sell,2130,0.74117,"{""T"":1789444273440,""s"":""BTWUSDT"",""S"":""Sell"",""v"":""2130"",""p"":""0.74117""}"
2026-09-15T03:51:17.338731Z,1789444276844,CVCUSDT,Buy,483,0.03434,"{""T"":1789444276844,""s"":""CVCUSDT"",""S"":""Buy"",""v"":""483"",""p"":""0.03434""}"
2026-09-15T03:51:17.839025Z,1789444277268,CVCUSDT,Buy,1060,0.03423,"{""T"":1789444277268,""s"":""CVCUSDT"",""S"":""Buy"",""v"":""1060"",""p"":""0.03423""}"
2026-09-15T03:51:20.909032Z,1789444280512,POWERUSDT,Sell,560,0.20151,"{""T"":1789444280512,""s"":""POWERUSDT"",""S"":""Sell"",""v"":""560"",""p"":""0.20151""}"
2026-09-15T03:51:23.909785Z,1789444283596,POWERUSDT,Sell,3250,0.20171,"{""T"":1789444283596,""s"":""POWERUSDT"",""S"":""Sell"",""v"":""3250"",""p"":""0.20171""}"
2026-09-15T03:51:24.409010Z,1789444284054,POWERUSDT,Sell,14555,0.20211,"{""T"":1789444284054,""s"":""POWERUSDT"",""S"":""Sell"",""v"":""14555"",""p"":""0.20211""}"
2026-09-15T03:51:24.409010Z,1789444284159,POWERUSDT,Sell,875,0.20178,"{""T"":1789444284159,""s"":""POWERUSDT"",""S"":""Sell"",""v"":""875"",""p"":""0.20178""}"
2026-09-15T03:51:27.909007Z,1789444287398,POWERUSDT,Sell,141,0.20248,"{""T"":1789444287398,""s"":""POWERUSDT"",""S"":""Sell"",""v"":""141"",""p"":""0.20248""}"
2026-09-15T03:51:28.408982Z,1789444287836,POWERUSDT,Sell,424,0.20240,"{""T"":1789444287836,""s"":""POWERUSDT"",""S"":""Sell"",""v"":""424"",""p"":""0.20240""}"
2026-09-15T03:51:28.909281Z,1789444288572,POWERUSDT,Sell,740,0.20279,"{""T"":1789444288572,""s"":""POWERUSDT"",""S"":""Sell"",""v"":""740"",""p"":""0.20279""}"
2026-09-15T03:51:32.488525Z,1789444292015,SOXLUSDT,Buy,0.31,102.24,"{""T"":1789444292015,""s"":""SOXLUSDT"",""S"":""Buy"",""v"":""0.31"",""p"":""102.24""}"
2026-09-15T03:52:07.409015Z,1789444326877,CAPUSDT,Sell,2530,0.06980,"{""T"":1789444326877,""s"":""CAPUSDT"",""S"":""Sell"",""v"":""2530"",""p"":""0.06980""}"
2026-09-15T03:52:33.839072Z,1789444353399,CVCUSDT,Buy,3000,0.03348,"{""T"":1789444353399,""s"":""CVCUSDT"",""S"":""Buy"",""v"":""3000"",""p"":""0.03348""}"
2026-09-15T03:52:33.839072Z,1789444353737,CVCUSDT,Buy,5847,0.03352,"{""T"":1789444353737,""s"":""CVCUSDT"",""S"":""Buy"",""v"":""5847"",""p"":""0.03352""}"
2026-09-15T03:52:34.408912Z,1789444353904,POWERUSDT,Sell,6165,0.20339,"{""T"":1789444353904,""s"":""POWERUSDT"",""S"":""Sell"",""v"":""6165"",""p"":""0.20339""}"
2026-09-15T03:52:36.909131Z,1789444356639,CAPUSDT,Sell,6920,0.07034,"{""T"":1789444356639,""s"":""CAPUSDT"",""S"":""Sell"",""v"":""6920"",""p"":""0.07034""}"
2026-09-15T03:52:49.839110Z,1789444369255,CVCUSDT,Buy,1288,0.03311,"{""T"":1789444369255,""s"":""CVCUSDT"",""S"":""Buy"",""v"":""1288"",""p"":""0.03311""}"
2026-09-15T03:52:55.839154Z,1789444375648,CVCUSDT,Buy,11047,0.03288,"{""T"":1789444375648,""s"":""CVCUSDT"",""S"":""Buy"",""v"":""11047"",""p"":""0.03288""}"
2026-09-15T03:53:39.637143Z,1789444419354,PENDLEUSDT,Buy,74,2.2920,"{""T"":1789444419354,""s"":""PENDLEUSDT"",""S"":""Buy"",""v"":""74"",""p"":""2.2920""}"
2026-09-15T03:54:53.998161Z,1789444493655,LINKUSDT,Buy,50.0,11.470,"{""T"":1789444493655,""s"":""LINKUSDT"",""S"":""Buy"",""v"":""50.0"",""p"":""11.470""}"
2026-09-15T03:54:59.339233Z,1789444498994,CVCUSDT,Buy,193,0.03251,"{""T"":1789444498994,""s"":""CVCUSDT"",""S"":""Buy"",""v"":""193"",""p"":""0.03251""}"
2026-09-15T03:55:06.909145Z,1789444506324,POWERUSDT,Buy,93,0.18751,"{""T"":1789444506324,""s"":""POWERUSDT"",""S"":""Buy"",""v"":""93"",""p"":""0.18751""}"
2026-09-15T03:55:08.067393Z,1789444507634,BTCUSDT,Buy,0.003,77401.10,"{""T"":1789444507634,""s"":""BTCUSDT"",""S"":""Buy"",""v"":""0.003"",""p"":""77401.10""}"
2026-09-15T03:55:08.067393Z,1789444507658,BTCUSDT,Buy,0.096,77398.20,"{""T"":1789444507658,""s"":""BTCUSDT"",""S"":""Buy"",""v"":""0.096"",""p"":""77398.20""}"
2026-09-15T03:55:08.567174Z,1789444507990,BTCUSDT,Buy,0.002,77400.30,"{""T"":1789444507990,""s"":""BTCUSDT"",""S"":""Buy"",""v"":""0.002"",""p"":""77400.30""}"
2026-09-15T03:55:15.908919Z,1789444515702,POWERUSDT,Buy,35,0.18716,"{""T"":1789444515702,""s"":""POWERUSDT"",""S"":""Buy"",""v"":""35"",""p"":""0.18716""}"
2026-09-15T03:55:27.067706Z,1789444526556,BTCUSDT,Buy,0.006,77389.70,"{""T"":1789444526556,""s"":""BTCUSDT"",""S"":""Buy"",""v"":""0.006"",""p"":""77389.70""}"
2026-09-15T03:56:38.910647Z,1789444598430,CAPUSDT,Sell,1250,0.07052,"{""T"":1789444598430,""s"":""CAPUSDT"",""S"":""Sell"",""v"":""1250"",""p"":""0.07052""}"
2026-09-15T03:56:46.409174Z,1789444606087,CAPUSDT,Sell,410,0.07070,"{""T"":1789444606087,""s"":""CAPUSDT"",""S"":""Sell"",""v"":""410"",""p"":""0.07070""}"
2026-09-15T03:56:46.909181Z,1789444606360,CAPUSDT,Sell,4940,0.07075,"{""T"":1789444606360,""s"":""CAPUSDT"",""S"":""Sell"",""v"":""4940"",""p"":""0.07075""}"
2026-09-15T03:56:55.908955Z,1789444615418,CAPUSDT,Sell,180,0.07111,"{""T"":1789444615418,""s"":""CAPUSDT"",""S"":""Sell"",""v"":""180"",""p"":""0.07111""}"
2026-09-15T03:56:59.830629Z,1789444619253,PONSUSDT,Buy,16,0.5959,"{""T"":1789444619253,""s"":""PONSUSDT"",""S"":""Buy"",""v"":""16"",""p"":""0.5959""}"
2026-09-15T03:57:44.330187Z,1789444664009,NIULAIUSDT,Buy,280,0.10628,"{""T"":1789444664009,""s"":""NIULAIUSDT"",""S"":""Buy"",""v"":""280"",""p"":""0.10628""}"
2026-09-15T03:57:44.415761Z,1789444664009,UNIUSDT,Buy,1.4,6.495,"{""T"":1789444664009,""s"":""UNIUSDT"",""S"":""Buy"",""v"":""1.4"",""p"":""6.495""}"
2026-09-15T03:57:44.488245Z,1789444664009,SOXLUSDT,Buy,1.31,101.78,"{""T"":1789444664009,""s"":""SOXLUSDT"",""S"":""Buy"",""v"":""1.31"",""p"":""101.78""}"
2026-09-15T03:57:44.493705Z,1789444664009,SUIUSDT,Buy,70,0.70840,"{""T"":1789444664009,""s"":""SUIUSDT"",""S"":""Buy"",""v"":""70"",""p"":""0.70840""}"
2026-09-15T03:57:44.498997Z,1789444664009,STORJUSDT,Buy,828.5,0.03313,"{""T"":1789444664009,""s"":""STORJUSDT"",""S"":""Buy"",""v"":""828.5"",""p"":""0.03313""}"
2026-09-15T03:58:04.412222Z,1789444684222,CAPUSDT,Sell,5390,0.07175,"{""T"":1789444684222,""s"":""CAPUSDT"",""S"":""Sell"",""v"":""5390"",""p"":""0.07175""}"
2026-09-15T03:58:04.909123Z,1789444684569,CAPUSDT,Sell,120,0.07166,"{""T"":1789444684569,""s"":""CAPUSDT"",""S"":""Sell"",""v"":""120"",""p"":""0.07166""}"
2026-09-15T03:58:04.909123Z,1789444684641,CAPUSDT,Sell,80,0.07155,"{""T"":1789444684641,""s"":""CAPUSDT"",""S"":""Sell"",""v"":""80"",""p"":""0.07155""}"
2026-09-15T03:58:10.909141Z,1789444690608,CAPUSDT,Sell,130,0.07187,"{""T"":1789444690608,""s"":""CAPUSDT"",""S"":""Sell"",""v"":""130"",""p"":""0.07187""}"
2026-09-15T03:58:55.567418Z,1789444735199,BTCUSDT,Buy,0.018,77376.20,"{""T"":1789444735199,""s"":""BTCUSDT"",""S"":""Buy"",""v"":""0.018"",""p"":""77376.20""}"
2026-09-15T03:59:11.567463Z,1789444751101,BTCUSDT,Buy,0.006,77371.90,"{""T"":1789444751101,""s"":""BTCUSDT"",""S"":""Buy"",""v"":""0.006"",""p"":""77371.90""}"
2026-09-15T03:59:24.570749Z,1789444764076,BTCUSDT,Buy,0.094,77371.00,"{""T"":1789444764076,""s"":""BTCUSDT"",""S"":""Buy"",""v"":""0.094"",""p"":""77371.00""}"
2026-09-15T03:59:24.570749Z,1789444764146,BTCUSDT,Buy,0.020,77366.70,"{""T"":1789444764146,""s"":""BTCUSDT"",""S"":""Buy"",""v"":""0.020"",""p"":""77366.70""}"
2026-09-15T03:59:24.570749Z,1789444764147,BTCUSDT,Buy,0.006,77368.40,"{""T"":1789444764147,""s"":""BTCUSDT"",""S"":""Buy"",""v"":""0.006"",""p"":""77368.40""}"
2026-09-15T03:59:44.567994Z,1789444784402,BTCUSDT,Buy,0.057,77363.90,"{""T"":1789444784402,""s"":""BTCUSDT"",""S"":""Buy"",""v"":""0.057"",""p"":""77363.90""}"
2026-09-15T03:59:47.068056Z,1789444786557,BTCUSDT,Buy,0.003,77361.60,"{""T"":1789444786557,""s"":""BTCUSDT"",""S"":""Buy"",""v"":""0.003"",""p"":""77361.60""}"
2026-09-15T04:00:01.339107Z,1789444801201,CVCUSDT,Buy,1311,0.03209,"{""T"":1789444801201,""s"":""CVCUSDT"",""S"":""Buy"",""v"":""1311"",""p"":""0.03209""}"
2026-09-15T04:00:10.415425Z,1789444810192,DOGEUSDT,Buy,179,0.08260,"{""T"":1789444810192,""s"":""DOGEUSDT"",""S"":""Buy"",""v"":""179"",""p"":""0.08260""}"
2026-09-15T04:00:10.415425Z,1789444810250,DOGEUSDT,Buy,30000,0.08261,"{""T"":1789444810250,""s"":""DOGEUSDT"",""S"":""Buy"",""v"":""30000"",""p"":""0.08261""}"
2026-09-15T04:00:13.564364Z,1789444813421,SOLUSDT,Buy,25.0,100.980,"{""T"":1789444813421,""s"":""SOLUSDT"",""S"":""Buy"",""v"":""25.0"",""p"":""100.980""}"
2026-09-15T04:00:13.838974Z,1789444813421,XRPUSDT,Buy,2500.0,1.4081,"{""T"":1789444813421,""s"":""XRPUSDT"",""S"":""Buy"",""v"":""2500.0"",""p"":""1.4081""}"
2026-09-15T04:00:13.909299Z,1789444813421,HBARUSDT,Buy,20000,0.07681,"{""T"":1789444813421,""s"":""HBARUSDT"",""S"":""Buy"",""v"":""20000"",""p"":""0.07681""}"
2026-09-15T04:00:13.915132Z,1789444813421,ADAUSDT,Buy,50000,0.2033,"{""T"":1789444813421,""s"":""ADAUSDT"",""S"":""Buy"",""v"":""50000"",""p"":""0.2033""}"
2026-09-15T04:00:13.993345Z,1789444813421,SUIUSDT,Buy,2000,0.70840,"{""T"":1789444813421,""s"":""SUIUSDT"",""S"":""Buy"",""v"":""2000"",""p"":""0.70840""}"
2026-09-15T04:01:39.326305Z,1789444899039,AVAAIUSDT,Sell,24099,0.010585,"{""T"":1789444899039,""s"":""AVAAIUSDT"",""S"":""Sell"",""v"":""24099"",""p"":""0.010585""}"
2026-09-15T04:01:39.408983Z,1789444898925,POWERUSDT,Sell,93,0.20018,"{""T"":1789444898925,""s"":""POWERUSDT"",""S"":""Sell"",""v"":""93"",""p"":""0.20018""}"
2026-09-15T04:01:48.993158Z,1789444908786,BRUSDT,Buy,576,0.43337,"{""T"":1789444908786,""s"":""BRUSDT"",""S"":""Buy"",""v"":""576"",""p"":""0.43337""}"
2026-09-15T04:01:49.493155Z,1789444909200,BRUSDT,Buy,26,0.43054,"{""T"":1789444909200,""s"":""BRUSDT"",""S"":""Buy"",""v"":""26"",""p"":""0.43054""}"
2026-09-15T04:01:49.993228Z,1789444909474,BRUSDT,Buy,211,0.43096,"{""T"":1789444909474,""s"":""BRUSDT"",""S"":""Buy"",""v"":""211"",""p"":""0.43096""}"
2026-09-15T04:02:25.909236Z,1789444945703,CAPUSDT,Buy,15820,0.06031,"{""T"":1789444945703,""s"":""CAPUSDT"",""S"":""Buy"",""v"":""15820"",""p"":""0.06031""}"
2026-09-15T04:02:36.909152Z,1789444956796,CAPUSDT,Buy,200,0.05991,"{""T"":1789444956796,""s"":""CAPUSDT"",""S"":""Buy"",""v"":""200"",""p"":""0.05991""}"
2026-09-15T04:02:39.409051Z,1789444958839,CAPUSDT,Buy,1320,0.05969,"{""T"":1789444958839,""s"":""CAPUSDT"",""S"":""Buy"",""v"":""1320"",""p"":""0.05969""}"
2026-09-15T04:02:44.360730Z,1789444964174,TUSDT,Buy,1140,0.004695,"{""T"":1789444964174,""s"":""TUSDT"",""S"":""Buy"",""v"":""1140"",""p"":""0.004695""}"
2026-09-15T04:02:45.493585Z,1789444965213,BRUSDT,Buy,18,0.42903,"{""T"":1789444965213,""s"":""BRUSDT"",""S"":""Buy"",""v"":""18"",""p"":""0.42903""}"
2026-09-15T04:02:48.993386Z,1789444968853,BRUSDT,Buy,298,0.42827,"{""T"":1789444968853,""s"":""BRUSDT"",""S"":""Buy"",""v"":""298"",""p"":""0.42827""}"
2026-09-15T04:02:50.993140Z,1789444970783,BRUSDT,Buy,124,0.42711,"{""T"":1789444970783,""s"":""BRUSDT"",""S"":""Buy"",""v"":""124"",""p"":""0.42711""}"
2026-09-15T04:02:58.493532Z,1789444977927,LAUSDT,Buy,22913.2,0.06622,"{""T"":1789444977927,""s"":""LAUSDT"",""S"":""Buy"",""v"":""22913.2"",""p"":""0.06622""}"
2026-09-15T04:03:00.860683Z,1789444980554,TUSDT,Buy,620610,0.004679,"{""T"":1789444980554,""s"":""TUSDT"",""S"":""Buy"",""v"":""620610"",""p"":""0.004679""}"
2026-09-15T04:03:02.909056Z,1789444982391,CAPUSDT,Buy,1130,0.05937,"{""T"":1789444982391,""s"":""CAPUSDT"",""S"":""Buy"",""v"":""1130"",""p"":""0.05937""}"
2026-09-15T04:03:06.493789Z,1789444985940,BRUSDT,Buy,9,0.42632,"{""T"":1789444985940,""s"":""BRUSDT"",""S"":""Buy"",""v"":""9"",""p"":""0.42632""}"
2026-09-15T04:03:13.493239Z,1789444993042,LAUSDT,Buy,537.0,0.06540,"{""T"":1789444993042,""s"":""LAUSDT"",""S"":""Buy"",""v"":""537.0"",""p"":""0.06540""}"
2026-09-15T04:03:14.493975Z,1789444993961,BRUSDT,Buy,10,0.42520,"{""T"":1789444993961,""s"":""BRUSDT"",""S"":""Buy"",""v"":""10"",""p"":""0.42520""}"
2026-09-15T04:03:14.493975Z,1789444993999,BRUSDT,Buy,37,0.42564,"{""T"":1789444993999,""s"":""BRUSDT"",""S"":""Buy"",""v"":""37"",""p"":""0.42564""}"
2026-09-15T04:03:14.993117Z,1789444994575,BRUSDT,Buy,200,0.42510,"{""T"":1789444994575,""s"":""BRUSDT"",""S"":""Buy"",""v"":""200"",""p"":""0.42510""}"
2026-09-15T04:03:17.911160Z,1789444997377,POWERUSDT,Sell,141,0.20295,"{""T"":1789444997377,""s"":""POWERUSDT"",""S"":""Sell"",""v"":""141"",""p"":""0.20295""}"
2026-09-15T04:03:17.911160Z,1789444997483,POWERUSDT,Sell,7500,0.20291,"{""T"":1789444997483,""s"":""POWERUSDT"",""S"":""Sell"",""v"":""7500"",""p"":""0.20291""}"
2026-09-15T04:03:52.993353Z,1789445032817,BRUSDT,Buy,1395,0.41017,"{""T"":1789445032817,""s"":""BRUSDT"",""S"":""Buy"",""v"":""1395"",""p"":""0.41017""}"
2026-09-15T04:03:52.993353Z,1789445032817,BRUSDT,Buy,2163,0.41140,"{""T"":1789445032817,""s"":""BRUSDT"",""S"":""Buy"",""v"":""2163"",""p"":""0.41140""}"
2026-09-15T04:03:52.993353Z,1789445032848,BRUSDT,Buy,26,0.41716,"{""T"":1789445032848,""s"":""BRUSDT"",""S"":""Buy"",""v"":""26"",""p"":""0.41716""}"
2026-09-15T04:03:52.993353Z,1789445032852,BRUSDT,Buy,183,0.41735,"{""T"":1789445032852,""s"":""BRUSDT"",""S"":""Buy"",""v"":""183"",""p"":""0.41735""}"
2026-09-15T04:03:52.993353Z,1789445032862,BRUSDT,Buy,12,0.41928,"{""T"":1789445032862,""s"":""BRUSDT"",""S"":""Buy"",""v"":""12"",""p"":""0.41928""}"
2026-09-15T04:03:53.493797Z,1789445032920,BRUSDT,Buy,2753,0.41911,"{""T"":1789445032920,""s"":""BRUSDT"",""S"":""Buy"",""v"":""2753"",""p"":""0.41911""}"
2026-09-15T04:03:53.493797Z,1789445032955,BRUSDT,Buy,42,0.41840,"{""T"":1789445032955,""s"":""BRUSDT"",""S"":""Buy"",""v"":""42"",""p"":""0.41840""}"
2026-09-15T04:03:53.493797Z,1789445032955,BRUSDT,Buy,106,0.41731,"{""T"":1789445032955,""s"":""BRUSDT"",""S"":""Buy"",""v"":""106"",""p"":""0.41731""}"
2026-09-15T04:03:53.493797Z,1789445032972,BRUSDT,Buy,13,0.41551,"{""T"":1789445032972,""s"":""BRUSDT"",""S"":""Buy"",""v"":""13"",""p"":""0.41551""}"
2026-09-15T04:03:53.493797Z,1789445032982,BRUSDT,Buy,3,0.42005,"{""T"":1789445032982,""s"":""BRUSDT"",""S"":""Buy"",""v"":""3"",""p"":""0.42005""}"
2026-09-15T04:03:53.493797Z,1789445033026,BRUSDT,Buy,43,0.41275,"{""T"":1789445033026,""s"":""BRUSDT"",""S"":""Buy"",""v"":""43"",""p"":""0.41275""}"
2026-09-15T04:03:53.493797Z,1789445033042,BRUSDT,Buy,100,0.41158,"{""T"":1789445033042,""s"":""BRUSDT"",""S"":""Buy"",""v"":""100"",""p"":""0.41158""}"
2026-09-15T04:03:53.493797Z,1789445033049,BRUSDT,Buy,10,0.41572,"{""T"":1789445033049,""s"":""BRUSDT"",""S"":""Buy"",""v"":""10"",""p"":""0.41572""}"
2026-09-15T04:03:53.493797Z,1789445033054,BRUSDT,Buy,54,0.42122,"{""T"":1789445033054,""s"":""BRUSDT"",""S"":""Buy"",""v"":""54"",""p"":""0.42122""}"
2026-09-15T04:03:53.493797Z,1789445033068,BRUSDT,Buy,286,0.42413,"{""T"":1789445033068,""s"":""BRUSDT"",""S"":""Buy"",""v"":""286"",""p"":""0.42413""}"
2026-09-15T04:03:53.493797Z,1789445033137,BRUSDT,Buy,145,0.41190,"{""T"":1789445033137,""s"":""BRUSDT"",""S"":""Buy"",""v"":""145"",""p"":""0.41190""}"
2026-09-15T04:03:53.493797Z,1789445033220,BRUSDT,Buy,17,0.41971,"{""T"":1789445033220,""s"":""BRUSDT"",""S"":""Buy"",""v"":""17"",""p"":""0.41971""}"
2026-09-15T04:03:53.493797Z,1789445033229,BRUSDT,Buy,130,0.40898,"{""T"":1789445033229,""s"":""BRUSDT"",""S"":""Buy"",""v"":""130"",""p"":""0.40898""}"
2026-09-15T04:03:53.493797Z,1789445033255,BRUSDT,Buy,38,0.41484,"{""T"":1789445033255,""s"":""BRUSDT"",""S"":""Buy"",""v"":""38"",""p"":""0.41484""}"
2026-09-15T04:03:53.493797Z,1789445033281,BRUSDT,Buy,154,0.41762,"{""T"":1789445033281,""s"":""BRUSDT"",""S"":""Buy"",""v"":""154"",""p"":""0.41762""}"
2026-09-15T04:03:53.493797Z,1789445033333,BRUSDT,Buy,19,0.41122,"{""T"":1789445033333,""s"":""BRUSDT"",""S"":""Buy"",""v"":""19"",""p"":""0.41122""}"
2026-09-15T04:03:53.493797Z,1789445033362,BRUSDT,Buy,148,0.41840,"{""T"":1789445033362,""s"":""BRUSDT"",""S"":""Buy"",""v"":""148"",""p"":""0.41840""}"
2026-09-15T04:03:53.993888Z,1789445033479,BRUSDT,Buy,66,0.42400,"{""T"":1789445033479,""s"":""BRUSDT"",""S"":""Buy"",""v"":""66"",""p"":""0.42400""}"
2026-09-15T04:03:53.993888Z,1789445033480,BRUSDT,Buy,10,0.41203,"{""T"":1789445033480,""s"":""BRUSDT"",""S"":""Buy"",""v"":""10"",""p"":""0.41203""}"
2026-09-15T04:03:53.993888Z,1789445033525,BRUSDT,Buy,1033,0.41294,"{""T"":1789445033525,""s"":""BRUSDT"",""S"":""Buy"",""v"":""1033"",""p"":""0.41294""}"
2026-09-15T04:03:53.993888Z,1789445033544,BRUSDT,Buy,86,0.42176,"{""T"":1789445033544,""s"":""BRUSDT"",""S"":""Buy"",""v"":""86"",""p"":""0.42176""}"
2026-09-15T04:03:53.993888Z,1789445033560,BRUSDT,Buy,636,0.41252,"{""T"":1789445033560,""s"":""BRUSDT"",""S"":""Buy"",""v"":""636"",""p"":""0.41252""}"
2026-09-15T04:03:53.993888Z,1789445033635,BRUSDT,Buy,942,0.42134,"{""T"":1789445033635,""s"":""BRUSDT"",""S"":""Buy"",""v"":""942"",""p"":""0.42134""}"
2026-09-15T04:03:57.409330Z,1789445037289,POWERUSDT,Sell,3640,0.20437,"{""T"":1789445037289,""s"":""POWERUSDT"",""S"":""Sell"",""v"":""3640"",""p"":""0.20437""}"
2026-09-15T04:03:57.567503Z,1789445037289,BTCUSDT,Sell,0.011,77909.50,"{""T"":1789445037289,""s"":""BTCUSDT"",""S"":""Sell"",""v"":""0.011"",""p"":""77909.50""}"
2026-09-15T04:03:59.993246Z,1789445039815,BRUSDT,Buy,200,0.40733,"{""T"":1789445039815,""s"":""BRUSDT"",""S"":""Buy"",""v"":""200"",""p"":""0.40733""}"
2026-09-15T04:04:00.993259Z,1789445040698,BRUSDT,Buy,24,0.40686,"{""T"":1789445040698,""s"":""BRUSDT"",""S"":""Buy"",""v"":""24"",""p"":""0.40686""}"
2026-09-15T04:04:01.993240Z,1789445041775,BRUSDT,Buy,232,0.40539,"{""T"":1789445041775,""s"":""BRUSDT"",""S"":""Buy"",""v"":""232"",""p"":""0.40539""}"
2026-09-15T04:04:04.493536Z,1789445044082,BRUSDT,Buy,543,0.40472,"{""T"":1789445044082,""s"":""BRUSDT"",""S"":""Buy"",""v"":""543"",""p"":""0.40472""}"
2026-09-15T04:04:05.993367Z,1789445045641,BRUSDT,Buy,1000,0.40391,"{""T"":1789445045641,""s"":""BRUSDT"",""S"":""Buy"",""v"":""1000"",""p"":""0.40391""}"
2026-09-15T04:04:06.493133Z,1789445046059,BRUSDT,Buy,49,0.40260,"{""T"":1789445046059,""s"":""BRUSDT"",""S"":""Buy"",""v"":""49"",""p"":""0.40260""}"
2026-09-15T04:04:06.993119Z,1789445046609,BRUSDT,Buy,497,0.40301,"{""T"":1789445046609,""s"":""BRUSDT"",""S"":""Buy"",""v"":""497"",""p"":""0.40301""}"
2026-09-15T04:04:09.493360Z,1789445049040,BRUSDT,Buy,15,0.40107,"{""T"":1789445049040,""s"":""BRUSDT"",""S"":""Buy"",""v"":""15"",""p"":""0.40107""}"
2026-09-15T04:04:09.993597Z,1789445049678,BRUSDT,Buy,24,0.40093,"{""T"":1789445049678,""s"":""BRUSDT"",""S"":""Buy"",""v"":""24"",""p"":""0.40093""}"
2026-09-15T04:04:10.993342Z,1789445050903,MTLUSDT,Buy,61.3,0.2901,"{""T"":1789445050903,""s"":""MTLUSDT"",""S"":""Buy"",""v"":""61.3"",""p"":""0.2901""}"
2026-09-15T04:04:10.993847Z,1789445050742,BRUSDT,Buy,15,0.40026,"{""T"":1789445050742,""s"":""BRUSDT"",""S"":""Buy"",""v"":""15"",""p"":""0.40026""}"
2026-09-15T04:04:10.993847Z,1789445050757,BRUSDT,Buy,10,0.40000,"{""T"":1789445050757,""s"":""BRUSDT"",""S"":""Buy"",""v"":""10"",""p"":""0.40000""}"
2026-09-15T04:04:21.993617Z,1789445061713,BRUSDT,Buy,17,0.39404,"{""T"":1789445061713,""s"":""BRUSDT"",""S"":""Buy"",""v"":""17"",""p"":""0.39404""}"
2026-09-15T04:04:50.909205Z,1789445090413,POWERUSDT,Sell,37,0.20482,"{""T"":1789445090413,""s"":""POWERUSDT"",""S"":""Sell"",""v"":""37"",""p"":""0.20482""}"
2026-09-15T04:04:55.993698Z,1789445095423,BRUSDT,Buy,589,0.38878,"{""T"":1789445095423,""s"":""BRUSDT"",""S"":""Buy"",""v"":""589"",""p"":""0.38878""}"
2026-09-15T04:05:04.908997Z,1789445104718,LSKUSDT,Buy,25.2,0.35952,"{""T"":1789445104718,""s"":""LSKUSDT"",""S"":""Buy"",""v"":""25.2"",""p"":""0.35952""}"
2026-09-15T04:05:12.908968Z,1789445112435,LSKUSDT,Buy,1782.4,0.35716,"{""T"":1789445112435,""s"":""LSKUSDT"",""S"":""Buy"",""v"":""1782.4"",""p"":""0.35716""}"
2026-09-15T04:05:12.908968Z,1789445112591,LSKUSDT,Buy,1490.3,0.35826,"{""T"":1789445112591,""s"":""LSKUSDT"",""S"":""Buy"",""v"":""1490.3"",""p"":""0.35826""}"
2026-09-15T04:05:13.410326Z,1789445112844,LSKUSDT,Buy,1020.3,0.35589,"{""T"":1789445112844,""s"":""LSKUSDT"",""S"":""Buy"",""v"":""1020.3"",""p"":""0.35589""}"
2026-09-15T04:05:13.410326Z,1789445113027,LSKUSDT,Buy,15665.6,0.35439,"{""T"":1789445113027,""s"":""LSKUSDT"",""S"":""Buy"",""v"":""15665.6"",""p"":""0.35439""}"
2026-09-15T04:05:15.408974Z,1789445115259,LSKUSDT,Buy,45.0,0.35250,"{""T"":1789445115259,""s"":""LSKUSDT"",""S"":""Buy"",""v"":""45.0"",""p"":""0.35250""}"
2026-09-15T04:05:15.909195Z,1789445115437,LSKUSDT,Buy,38.0,0.35232,"{""T"":1789445115437,""s"":""LSKUSDT"",""S"":""Buy"",""v"":""38.0"",""p"":""0.35232""}"
2026-09-15T04:05:15.909195Z,1789445115473,LSKUSDT,Buy,780.1,0.35220,"{""T"":1789445115473,""s"":""LSKUSDT"",""S"":""Buy"",""v"":""780.1"",""p"":""0.35220""}"
2026-09-15T04:05:15.909195Z,1789445115504,LSKUSDT,Buy,114.3,0.35287,"{""T"":1789445115504,""s"":""LSKUSDT"",""S"":""Buy"",""v"":""114.3"",""p"":""0.35287""}"
2026-09-15T04:05:15.909195Z,1789445115650,LSKUSDT,Buy,1400.0,0.35347,"{""T"":1789445115650,""s"":""LSKUSDT"",""S"":""Buy"",""v"":""1400.0"",""p"":""0.35347""}"
2026-09-15T04:05:15.909195Z,1789445115801,LSKUSDT,Buy,17.5,0.35342,"{""T"":1789445115801,""s"":""LSKUSDT"",""S"":""Buy"",""v"":""17.5"",""p"":""0.35342""}"
2026-09-15T04:05:16.408967Z,1789445115916,LSKUSDT,Buy,72.0,0.35225,"{""T"":1789445115916,""s"":""LSKUSDT"",""S"":""Buy"",""v"":""72.0"",""p"":""0.35225""}"
2026-09-15T04:05:30.409402Z,1789445129894,POWERUSDT,Sell,281,0.20675,"{""T"":1789445129894,""s"":""POWERUSDT"",""S"":""Sell"",""v"":""281"",""p"":""0.20675""}"
2026-09-15T04:05:30.409892Z,1789445129894,LSKUSDT,Buy,119.9,0.35358,"{""T"":1789445129894,""s"":""LSKUSDT"",""S"":""Buy"",""v"":""119.9"",""p"":""0.35358""}"
2026-09-15T04:05:30.909102Z,1789445130328,POWERUSDT,Sell,1068,0.20770,"{""T"":1789445130328,""s"":""POWERUSDT"",""S"":""Sell"",""v"":""1068"",""p"":""0.20770""}"
2026-09-15T04:05:30.909748Z,1789445130328,LSKUSDT,Buy,198.7,0.35334,"{""T"":1789445130328,""s"":""LSKUSDT"",""S"":""Buy"",""v"":""198.7"",""p"":""0.35334""}"
2026-09-15T04:05:31.409124Z,1789445131063,POWERUSDT,Sell,6721,0.20745,"{""T"":1789445131063,""s"":""POWERUSDT"",""S"":""Sell"",""v"":""6721"",""p"":""0.20745""}"
2026-09-15T04:05:37.409097Z,1789445137169,POWERUSDT,Sell,718,0.20824,"{""T"":1789445137169,""s"":""POWERUSDT"",""S"":""Sell"",""v"":""718"",""p"":""0.20824""}"
2026-09-15T04:05:42.909001Z,1789445142619,POWERUSDT,Sell,122,0.20989,"{""T"":1789445142619,""s"":""POWERUSDT"",""S"":""Sell"",""v"":""122"",""p"":""0.20989""}"
2026-09-15T04:05:43.409015Z,1789445143053,POWERUSDT,Sell,2083,0.20971,"{""T"":1789445143053,""s"":""POWERUSDT"",""S"":""Sell"",""v"":""2083"",""p"":""0.20971""}"
2026-09-15T04:05:43.909197Z,1789445143352,POWERUSDT,Sell,450,0.21085,"{""T"":1789445143352,""s"":""POWERUSDT"",""S"":""Sell"",""v"":""450"",""p"":""0.21085""}"
2026-09-15T04:05:43.909197Z,1789445143735,POWERUSDT,Sell,24381,0.21073,"{""T"":1789445143735,""s"":""POWERUSDT"",""S"":""Sell"",""v"":""24381"",""p"":""0.21073""}"
2026-09-15T04:05:43.909752Z,1789445143735,LSKUSDT,Buy,131.0,0.35535,"{""T"":1789445143735,""s"":""LSKUSDT"",""S"":""Buy"",""v"":""131.0"",""p"":""0.35535""}"
2026-09-15T04:05:44.065028Z,1789445143735,FILUSDT,Buy,55.7,0.8755,"{""T"":1789445143735,""s"":""FILUSDT"",""S"":""Buy"",""v"":""55.7"",""p"":""0.8755""}"
2026-09-15T04:06:16.409630Z,1789445176246,POWERUSDT,Buy,143,0.19309,"{""T"":1789445176246,""s"":""POWERUSDT"",""S"":""Buy"",""v"":""143"",""p"":""0.19309""}"
2026-09-15T04:06:49.493011Z,1789445209037,BRUSDT,Buy,517,0.38774,"{""T"":1789445209037,""s"":""BRUSDT"",""S"":""Buy"",""v"":""517"",""p"":""0.38774""}"
2026-09-15T04:07:02.493616Z,1789445222001,BRUSDT,Buy,4040,0.38644,"{""T"":1789445222001,""s"":""BRUSDT"",""S"":""Buy"",""v"":""4040"",""p"":""0.38644""}"
2026-09-15T04:07:59.850699Z,1789445279598,XLMUSDT,Buy,6369,0.19200,"{""T"":1789445279598,""s"":""XLMUSDT"",""S"":""Buy"",""v"":""6369"",""p"":""0.19200""}"
2026-09-15T04:08:32.910237Z,1789445312363,POWERUSDT,Buy,2615,0.18936,"{""T"":1789445312363,""s"":""POWERUSDT"",""S"":""Buy"",""v"":""2615"",""p"":""0.18936""}"
2026-09-15T04:09:23.909337Z,1789445363684,POWERUSDT,Buy,50,0.18870,"{""T"":1789445363684,""s"":""POWERUSDT"",""S"":""Buy"",""v"":""50"",""p"":""0.18870""}"
2026-09-15T04:09:24.909400Z,1789445364692,POWERUSDT,Buy,450,0.18790,"{""T"":1789445364692,""s"":""POWERUSDT"",""S"":""Buy"",""v"":""450"",""p"":""0.18790""}"
2026-09-15T04:09:26.409128Z,1789445366180,POWERUSDT,Buy,13034,0.18579,"{""T"":1789445366180,""s"":""POWERUSDT"",""S"":""Buy"",""v"":""13034"",""p"":""0.18579""}"
2026-09-15T04:09:26.409128Z,1789445366181,POWERUSDT,Buy,539,0.18706,"{""T"":1789445366181,""s"":""POWERUSDT"",""S"":""Buy"",""v"":""539"",""p"":""0.18706""}"
2026-09-15T04:09:26.409128Z,1789445366303,POWERUSDT,Buy,1726,0.18464,"{""T"":1789445366303,""s"":""POWERUSDT"",""S"":""Buy"",""v"":""1726"",""p"":""0.18464""}"
2026-09-15T04:09:26.908926Z,1789445366792,POWERUSDT,Buy,443,0.18593,"{""T"":1789445366792,""s"":""POWERUSDT"",""S"":""Buy"",""v"":""443"",""p"":""0.18593""}"
2026-09-15T04:09:27.409024Z,1789445367098,POWERUSDT,Buy,282,0.18644,"{""T"":1789445367098,""s"":""POWERUSDT"",""S"":""Buy"",""v"":""282"",""p"":""0.18644""}"
2026-09-15T04:09:33.409124Z,1789445372866,POWERUSDT,Buy,10437,0.18236,"{""T"":1789445372866,""s"":""POWERUSDT"",""S"":""Buy"",""v"":""10437"",""p"":""0.18236""}"
2026-09-15T04:09:33.409124Z,1789445372952,POWERUSDT,Buy,183,0.18276,"{""T"":1789445372952,""s"":""POWERUSDT"",""S"":""Buy"",""v"":""183"",""p"":""0.18276""}"
2026-09-15T04:09:33.409124Z,1789445373150,POWERUSDT,Buy,853,0.18329,"{""T"":1789445373150,""s"":""POWERUSDT"",""S"":""Buy"",""v"":""853"",""p"":""0.18329""}"
2026-09-15T04:09:33.409124Z,1789445373230,POWERUSDT,Buy,448,0.18123,"{""T"":1789445373230,""s"":""POWERUSDT"",""S"":""Buy"",""v"":""448"",""p"":""0.18123""}"
2026-09-15T04:09:33.409124Z,1789445373276,POWERUSDT,Buy,2428,0.18125,"{""T"":1789445373276,""s"":""POWERUSDT"",""S"":""Buy"",""v"":""2428"",""p"":""0.18125""}"
2026-09-15T04:09:33.909257Z,1789445373545,POWERUSDT,Buy,3051,0.18165,"{""T"":1789445373545,""s"":""POWERUSDT"",""S"":""Buy"",""v"":""3051"",""p"":""0.18165""}"
2026-09-15T04:10:29.317732Z,1789445428980,TRUMPUSDT,Buy,11.4,1.953,"{""T"":1789445428980,""s"":""TRUMPUSDT"",""S"":""Buy"",""v"":""11.4"",""p"":""1.953""}"
2026-09-15T04:11:49.993632Z,1789445509694,BRUSDT,Sell,763,0.51764,"{""T"":1789445509694,""s"":""BRUSDT"",""S"":""Sell"",""v"":""763"",""p"":""0.51764""}"
2026-09-15T04:11:52.493326Z,1789445512015,BRUSDT,Sell,638,0.51871,"{""T"":1789445512015,""s"":""BRUSDT"",""S"":""Sell"",""v"":""638"",""p"":""0.51871""}"
2026-09-15T04:11:52.493326Z,1789445512264,BRUSDT,Sell,139,0.51933,"{""T"":1789445512264,""s"":""BRUSDT"",""S"":""Sell"",""v"":""139"",""p"":""0.51933""}"
2026-09-15T04:12:02.493049Z,1789445522243,BRUSDT,Sell,11288,0.52033,"{""T"":1789445522243,""s"":""BRUSDT"",""S"":""Sell"",""v"":""11288"",""p"":""0.52033""}"
2026-09-15T04:12:04.408974Z,1789445524273,CAPUSDT,Buy,120,0.05849,"{""T"":1789445524273,""s"":""CAPUSDT"",""S"":""Buy"",""v"":""120"",""p"":""0.05849""}"
2026-09-15T04:12:14.067283Z,1789445533944,BTCUSDT,Buy,0.014,77360.40,"{""T"":1789445533944,""s"":""BTCUSDT"",""S"":""Buy"",""v"":""0.014"",""p"":""77360.40""}"
2026-09-15T04:12:14.493088Z,1789445534349,SUIUSDT,Buy,370,0.70610,"{""T"":1789445534349,""s"":""SUIUSDT"",""S"":""Buy"",""v"":""370"",""p"":""0.70610""}"
2026-09-15T04:12:22.314333Z,1789445542070,TRUMPUSDT,Buy,97.3,1.947,"{""T"":1789445542070,""s"":""TRUMPUSDT"",""S"":""Buy"",""v"":""97.3"",""p"":""1.947""}"
2026-09-15T04:12:24.338852Z,1789445544064,XRPUSDT,Buy,81.7,1.4054,"{""T"":1789445544064,""s"":""XRPUSDT"",""S"":""Buy"",""v"":""81.7"",""p"":""1.4054""}"
2026-09-15T04:12:54.909033Z,1789445574649,CAPUSDT,Buy,148330,0.05822,"{""T"":1789445574649,""s"":""CAPUSDT"",""S"":""Buy"",""v"":""148330"",""p"":""0.05822""}"
2026-09-15T04:12:55.830620Z,1789445575552,4STOCKUSDT,Buy,60680,0.01278,"{""T"":1789445575552,""s"":""4STOCKUSDT"",""S"":""Buy"",""v"":""60680"",""p"":""0.01278""}"
2026-09-15T04:12:55.908964Z,1789445575551,CAPUSDT,Buy,38960,0.05795,"{""T"":1789445575551,""s"":""CAPUSDT"",""S"":""Buy"",""v"":""38960"",""p"":""0.05795""}"
2026-09-15T04:12:56.409205Z,1789445575863,CAPUSDT,Buy,35230,0.05808,"{""T"":1789445575863,""s"":""CAPUSDT"",""S"":""Buy"",""v"":""35230"",""p"":""0.05808""}"
2026-09-15T04:12:57.409068Z,1789445577318,CAPUSDT,Buy,90,0.05788,"{""T"":1789445577318,""s"":""CAPUSDT"",""S"":""Buy"",""v"":""90"",""p"":""0.05788""}"
2026-09-15T04:13:27.409315Z,1789445607208,POWERUSDT,Sell,1410,0.19716,"{""T"":1789445607208,""s"":""POWERUSDT"",""S"":""Sell"",""v"":""1410"",""p"":""0.19716""}"
2026-09-15T04:13:37.909328Z,1789445617778,POWERUSDT,Sell,34,0.19857,"{""T"":1789445617778,""s"":""POWERUSDT"",""S"":""Sell"",""v"":""34"",""p"":""0.19857""}"
2026-09-15T04:13:38.409241Z,1789445617835,POWERUSDT,Sell,142,0.19861,"{""T"":1789445617835,""s"":""POWERUSDT"",""S"":""Sell"",""v"":""142"",""p"":""0.19861""}"
2026-09-15T04:16:13.860318Z,1789445773360,TUSDT,Buy,1100,0.004670,"{""T"":1789445773360,""s"":""TUSDT"",""S"":""Buy"",""v"":""1100"",""p"":""0.004670""}"
2026-09-15T04:16:13.908887Z,1789445773360,POWERUSDT,Sell,11590,0.20235,"{""T"":1789445773360,""s"":""POWERUSDT"",""S"":""Sell"",""v"":""11590"",""p"":""0.20235""}"
2026-09-15T04:16:22.861316Z,1789445782551,TUSDT,Buy,218440,0.004655,"{""T"":1789445782551,""s"":""TUSDT"",""S"":""Buy"",""v"":""218440"",""p"":""0.004655""}"
2026-09-15T04:16:30.330711Z,1789445789791,FFUSDT,Sell,46,0.13315,"{""T"":1789445789791,""s"":""FFUSDT"",""S"":""Sell"",""v"":""46"",""p"":""0.13315""}"
2026-09-15T04:18:39.330089Z,1789445919122,FFUSDT,Sell,322,0.13827,"{""T"":1789445919122,""s"":""FFUSDT"",""S"":""Sell"",""v"":""322"",""p"":""0.13827""}"
2026-09-15T04:18:41.830326Z,1789445921506,FFUSDT,Sell,139,0.13889,"{""T"":1789445921506,""s"":""FFUSDT"",""S"":""Sell"",""v"":""139"",""p"":""0.13889""}"
2026-09-15T04:18:41.997996Z,1789445921506,PENGUUSDT,Buy,9880,0.007006,"{""T"":1789445921506,""s"":""PENGUUSDT"",""S"":""Buy"",""v"":""9880"",""p"":""0.007006""}"
2026-09-15T04:18:43.330412Z,1789445922984,FFUSDT,Sell,770,0.13925,"{""T"":1789445922984,""s"":""FFUSDT"",""S"":""Sell"",""v"":""770"",""p"":""0.13925""}"
2026-09-15T04:19:45.415406Z,1789445985046,ZECUSDT,Sell,0.15,1156.58,"{""T"":1789445985046,""s"":""ZECUSDT"",""S"":""Sell"",""v"":""0.15"",""p"":""1156.58""}"
2026-09-15T04:19:50.330504Z,1789445990030,FFUSDT,Buy,1374,0.13101,"{""T"":1789445990030,""s"":""FFUSDT"",""S"":""Buy"",""v"":""1374"",""p"":""0.13101""}"
2026-09-15T04:20:31.918762Z,1789446031543,ZECUSDT,Sell,0.04,1161.50,"{""T"":1789446031543,""s"":""ZECUSDT"",""S"":""Sell"",""v"":""0.04"",""p"":""1161.50""}"
2026-09-15T04:20:36.416020Z,1789446036180,ZECUSDT,Sell,2.00,1161.93,"{""T"":1789446036180,""s"":""ZECUSDT"",""S"":""Sell"",""v"":""2.00"",""p"":""1161.93""}"
2026-09-15T04:21:36.830116Z,1789446096740,4STOCKUSDT,Buy,421990,0.01245,"{""T"":1789446096740,""s"":""4STOCKUSDT"",""S"":""Buy"",""v"":""421990"",""p"":""0.01245""}"
2026-09-15T04:21:37.830612Z,1789446097377,4STOCKUSDT,Buy,3740,0.01244,"{""T"":1789446097377,""s"":""4STOCKUSDT"",""S"":""Buy"",""v"":""3740"",""p"":""0.01244""}"
2026-09-15T04:21:37.830612Z,1789446097648,4STOCKUSDT,Buy,1520,0.01234,"{""T"":1789446097648,""s"":""4STOCKUSDT"",""S"":""Buy"",""v"":""1520"",""p"":""0.01234""}"
2026-09-15T04:21:38.909590Z,1789446098345,POWERUSDT,Sell,489,0.20330,"{""T"":1789446098345,""s"":""POWERUSDT"",""S"":""Sell"",""v"":""489"",""p"":""0.20330""}"
2026-09-15T04:21:39.408959Z,1789446098835,POWERUSDT,Sell,741,0.20340,"{""T"":1789446098835,""s"":""POWERUSDT"",""S"":""Sell"",""v"":""741"",""p"":""0.20340""}"
2026-09-15T04:21:59.833601Z,1789446119735,4STOCKUSDT,Buy,6720,0.01218,"{""T"":1789446119735,""s"":""4STOCKUSDT"",""S"":""Buy"",""v"":""6720"",""p"":""0.01218""}"
2026-09-15T04:22:00.329935Z,1789446119863,4STOCKUSDT,Buy,800,0.01221,"{""T"":1789446119863,""s"":""4STOCKUSDT"",""S"":""Buy"",""v"":""800"",""p"":""0.01221""}"
2026-09-15T04:22:00.329935Z,1789446120045,4STOCKUSDT,Buy,12740,0.01219,"{""T"":1789446120045,""s"":""4STOCKUSDT"",""S"":""Buy"",""v"":""12740"",""p"":""0.01219""}"
2026-09-15T04:22:00.830014Z,1789446120339,4STOCKUSDT,Buy,4420,0.01202,"{""T"":1789446120339,""s"":""4STOCKUSDT"",""S"":""Buy"",""v"":""4420"",""p"":""0.01202""}"
2026-09-15T04:22:00.830014Z,1789446120346,4STOCKUSDT,Buy,127680,0.01210,"{""T"":1789446120346,""s"":""4STOCKUSDT"",""S"":""Buy"",""v"":""127680"",""p"":""0.01210""}"
2026-09-15T04:22:00.849265Z,1789446120339,MARSCOINUSDT,Buy,1040,0.08749,"{""T"":1789446120339,""s"":""MARSCOINUSDT"",""S"":""Buy"",""v"":""1040"",""p"":""0.08749""}"
2026-09-15T04:22:01.330131Z,1789446120982,4STOCKUSDT,Buy,213590,0.01199,"{""T"":1789446120982,""s"":""4STOCKUSDT"",""S"":""Buy"",""v"":""213590"",""p"":""0.01199""}"
2026-09-15T04:22:06.329932Z,1789446125898,4STOCKUSDT,Buy,2560,0.01196,"{""T"":1789446125898,""s"":""4STOCKUSDT"",""S"":""Buy"",""v"":""2560"",""p"":""0.01196""}"
2026-09-15T04:22:06.830171Z,1789446126363,4STOCKUSDT,Buy,70110,0.01192,"{""T"":1789446126363,""s"":""4STOCKUSDT"",""S"":""Buy"",""v"":""70110"",""p"":""0.01192""}"
2026-09-15T04:22:07.330399Z,1789446126932,4STOCKUSDT,Buy,43200,0.01187,"{""T"":1789446126932,""s"":""4STOCKUSDT"",""S"":""Buy"",""v"":""43200"",""p"":""0.01187""}"
2026-09-15T04:22:18.491368Z,1789446138054,BTWUSDT,Buy,650,0.63598,"{""T"":1789446138054,""s"":""BTWUSDT"",""S"":""Buy"",""v"":""650"",""p"":""0.63598""}"
2026-09-15T04:22:27.830286Z,1789446147583,4STOCKUSDT,Buy,630,0.01185,"{""T"":1789446147583,""s"":""4STOCKUSDT"",""S"":""Buy"",""v"":""630"",""p"":""0.01185""}"
2026-09-15T04:22:28.830736Z,1789446148268,4STOCKUSDT,Buy,50560,0.01185,"{""T"":1789446148268,""s"":""4STOCKUSDT"",""S"":""Buy"",""v"":""50560"",""p"":""0.01185""}"
2026-09-15T04:22:29.830112Z,1789446149376,4STOCKUSDT,Buy,17710,0.01183,"{""T"":1789446149376,""s"":""4STOCKUSDT"",""S"":""Buy"",""v"":""17710"",""p"":""0.01183""}"
2026-09-15T04:22:30.330035Z,1789446149929,4STOCKUSDT,Buy,2510,0.01182,"{""T"":1789446149929,""s"":""4STOCKUSDT"",""S"":""Buy"",""v"":""2510"",""p"":""0.01182""}"
2026-09-15T04:23:46.460812Z,1789446226097,ETHUSDT,Buy,1.00,2487.21,"{""T"":1789446226097,""s"":""ETHUSDT"",""S"":""Buy"",""v"":""1.00"",""p"":""2487.21""}"
2026-09-15T04:23:46.567124Z,1789446226097,BTCUSDT,Buy,0.030,77359.90,"{""T"":1789446226097,""s"":""BTCUSDT"",""S"":""Buy"",""v"":""0.030"",""p"":""77359.90""}"
2026-09-15T04:23:46.987860Z,1789446226406,SOXLUSDT,Buy,1.05,101.27,"{""T"":1789446226406,""s"":""SOXLUSDT"",""S"":""Buy"",""v"":""1.05"",""p"":""101.27""}"
2026-09-15T04:24:14.567951Z,1789446254250,BTCUSDT,Buy,0.167,77352.40,"{""T"":1789446254250,""s"":""BTCUSDT"",""S"":""Buy"",""v"":""0.167"",""p"":""77352.40""}"
2026-09-15T04:24:18.067177Z,1789446257662,BTCUSDT,Buy,0.007,77349.40,"{""T"":1789446257662,""s"":""BTCUSDT"",""S"":""Buy"",""v"":""0.007"",""p"":""77349.40""}"
2026-09-15T04:24:18.489064Z,1789446258267,SOXLUSDT,Buy,46.60,101.15,"{""T"":1789446258267,""s"":""SOXLUSDT"",""S"":""Buy"",""v"":""46.60"",""p"":""101.15""}"
2026-09-15T04:24:29.567535Z,1789446269184,BTCUSDT,Buy,0.005,77337.20,"{""T"":1789446269184,""s"":""BTCUSDT"",""S"":""Buy"",""v"":""0.005"",""p"":""77337.20""}"
2026-09-15T04:24:30.067214Z,1789446269547,BTCUSDT,Buy,0.002,77342.40,"{""T"":1789446269547,""s"":""BTCUSDT"",""S"":""Buy"",""v"":""0.002"",""p"":""77342.40""}"
2026-09-15T04:24:30.067214Z,1789446269777,BTCUSDT,Buy,0.025,77338.80,"{""T"":1789446269777,""s"":""BTCUSDT"",""S"":""Buy"",""v"":""0.025"",""p"":""77338.80""}"
2026-09-15T04:24:31.067306Z,1789446270846,BTCUSDT,Buy,0.030,77334.20,"{""T"":1789446270846,""s"":""BTCUSDT"",""S"":""Buy"",""v"":""0.030"",""p"":""77334.20""}"
2026-09-15T04:24:49.068306Z,1789446288601,BTCUSDT,Buy,0.022,77327.40,"{""T"":1789446288601,""s"":""BTCUSDT"",""S"":""Buy"",""v"":""0.022"",""p"":""77327.40""}"
2026-09-15T04:24:51.067201Z,1789446290978,BTCUSDT,Buy,0.176,77319.00,"{""T"":1789446290978,""s"":""BTCUSDT"",""S"":""Buy"",""v"":""0.176"",""p"":""77319.00""}"
2026-09-15T04:25:00.567266Z,1789446300053,BTCUSDT,Buy,0.020,77315.40,"{""T"":1789446300053,""s"":""BTCUSDT"",""S"":""Buy"",""v"":""0.020"",""p"":""77315.40""}"
2026-09-15T04:25:49.457371Z,1789446349003,ETHUSDT,Buy,4.47,2485.21,"{""T"":1789446349003,""s"":""ETHUSDT"",""S"":""Buy"",""v"":""4.47"",""p"":""2485.21""}"
2026-09-15T04:25:49.567678Z,1789446349003,BTCUSDT,Buy,0.149,77292.70,"{""T"":1789446349003,""s"":""BTCUSDT"",""S"":""Buy"",""v"":""0.149"",""p"":""77292.70""}"
2026-09-15T04:25:49.567678Z,1789446349078,BTCUSDT,Buy,0.005,77293.00,"{""T"":1789446349078,""s"":""BTCUSDT"",""S"":""Buy"",""v"":""0.005"",""p"":""77293.00""}"
2026-09-15T04:25:50.067940Z,1789446349754,BTCUSDT,Buy,0.315,77293.30,"{""T"":1789446349754,""s"":""BTCUSDT"",""S"":""Buy"",""v"":""0.315"",""p"":""77293.30""}"
2026-09-15T04:25:54.457039Z,1789446353962,ETHUSDT,Buy,0.10,2484.87,"{""T"":1789446353962,""s"":""ETHUSDT"",""S"":""Buy"",""v"":""0.10"",""p"":""2484.87""}"
2026-09-15T04:25:55.457758Z,1789446355309,ETHUSDT,Buy,0.19,2484.57,"{""T"":1789446355309,""s"":""ETHUSDT"",""S"":""Buy"",""v"":""0.19"",""p"":""2484.57""}"
2026-09-15T04:25:55.957846Z,1789446355705,ETHUSDT,Buy,0.10,2484.59,"{""T"":1789446355705,""s"":""ETHUSDT"",""S"":""Buy"",""v"":""0.10"",""p"":""2484.59""}"
2026-09-15T04:26:02.567348Z,1789446362264,BTCUSDT,Buy,0.001,77282.70,"{""T"":1789446362264,""s"":""BTCUSDT"",""S"":""Buy"",""v"":""0.001"",""p"":""77282.70""}"
2026-09-15T04:26:03.915517Z,1789446363502,ARBUSDT,Buy,2407.4,0.13115,"{""T"":1789446363502,""s"":""ARBUSDT"",""S"":""Buy"",""v"":""2407.4"",""p"":""0.13115""}"
2026-09-15T04:26:03.957020Z,1789446363502,ETHUSDT,Buy,0.27,2484.43,"{""T"":1789446363502,""s"":""ETHUSDT"",""S"":""Buy"",""v"":""0.27"",""p"":""2484.43""}"
2026-09-15T04:26:38.493697Z,1789446397947,SUIUSDT,Buy,560,0.70560,"{""T"":1789446397947,""s"":""SUIUSDT"",""S"":""Buy"",""v"":""560"",""p"":""0.70560""}"
2026-09-15T04:26:38.838996Z,1789446398396,XRPUSDT,Buy,30.3,1.4040,"{""T"":1789446398396,""s"":""XRPUSDT"",""S"":""Buy"",""v"":""30.3"",""p"":""1.4040""}"
2026-09-15T04:26:44.956938Z,1789446404762,ETHUSDT,Buy,0.14,2484.02,"{""T"":1789446404762,""s"":""ETHUSDT"",""S"":""Buy"",""v"":""0.14"",""p"":""2484.02""}"
2026-09-15T04:27:16.909787Z,1789446436377,POWERUSDT,Buy,2058,0.18503,"{""T"":1789446436377,""s"":""POWERUSDT"",""S"":""Buy"",""v"":""2058"",""p"":""0.18503""}"
2026-09-15T04:27:16.909787Z,1789446436647,POWERUSDT,Buy,658,0.18393,"{""T"":1789446436647,""s"":""POWERUSDT"",""S"":""Buy"",""v"":""658"",""p"":""0.18393""}"
2026-09-15T04:27:17.409085Z,1789446436915,POWERUSDT,Buy,51,0.18497,"{""T"":1789446436915,""s"":""POWERUSDT"",""S"":""Buy"",""v"":""51"",""p"":""0.18497""}"
2026-09-15T04:27:17.909350Z,1789446437361,POWERUSDT,Buy,5066,0.18358,"{""T"":1789446437361,""s"":""POWERUSDT"",""S"":""Buy"",""v"":""5066"",""p"":""0.18358""}"
2026-09-15T04:28:12.956288Z,1789446492486,ETHUSDT,Buy,0.45,2483.62,"{""T"":1789446492486,""s"":""ETHUSDT"",""S"":""Buy"",""v"":""0.45"",""p"":""2483.62""}"
2026-09-15T04:29:06.486925Z,1789446546235,SOXLUSDT,Buy,1.54,100.85,"{""T"":1789446546235,""s"":""SOXLUSDT"",""S"":""Buy"",""v"":""1.54"",""p"":""100.85""}"
2026-09-15T04:29:21.492170Z,1789446561140,BRUSDT,Sell,34,0.52528,"{""T"":1789446561140,""s"":""BRUSDT"",""S"":""Sell"",""v"":""34"",""p"":""0.52528""}"
2026-09-15T04:29:21.992109Z,1789446561538,BRUSDT,Sell,329,0.52754,"{""T"":1789446561538,""s"":""BRUSDT"",""S"":""Sell"",""v"":""329"",""p"":""0.52754""}"
2026-09-15T04:29:21.992109Z,1789446561873,BRUSDT,Sell,7580,0.52403,"{""T"":1789446561873,""s"":""BRUSDT"",""S"":""Sell"",""v"":""7580"",""p"":""0.52403""}"
2026-09-15T04:29:46.313650Z,1789446585759,TRUMPUSDT,Buy,30.0,1.947,"{""T"":1789446585759,""s"":""TRUMPUSDT"",""S"":""Buy"",""v"":""30.0"",""p"":""1.947""}"
2026-09-15T04:31:05.828775Z,1789446665320,4STOCKUSDT,Buy,2850,0.01154,"{""T"":1789446665320,""s"":""4STOCKUSDT"",""S"":""Buy"",""v"":""2850"",""p"":""0.01154""}"
2026-09-15T04:31:05.828775Z,1789446665371,4STOCKUSDT,Buy,37050,0.01140,"{""T"":1789446665371,""s"":""4STOCKUSDT"",""S"":""Buy"",""v"":""37050"",""p"":""0.01140""}"
2026-09-15T04:31:05.828775Z,1789446665719,4STOCKUSDT,Buy,297130,0.01149,"{""T"":1789446665719,""s"":""4STOCKUSDT"",""S"":""Buy"",""v"":""297130"",""p"":""0.01149""}"
2026-09-15T04:31:06.330757Z,1789446666073,4STOCKUSDT,Buy,156270,0.01138,"{""T"":1789446666073,""s"":""4STOCKUSDT"",""S"":""Buy"",""v"":""156270"",""p"":""0.01138""}"
2026-09-15T04:31:07.328321Z,1789446667228,4STOCKUSDT,Buy,14370,0.01133,"{""T"":1789446667228,""s"":""4STOCKUSDT"",""S"":""Buy"",""v"":""14370"",""p"":""0.01133""}"
2026-09-15T04:32:38.407737Z,1789446757826,SKHYNIXUSDT,Sell,0.022,1264.16,"{""T"":1789446757826,""s"":""SKHYNIXUSDT"",""S"":""Sell"",""v"":""0.022"",""p"":""1264.16""}"
2026-09-15T04:33:03.337282Z,1789446783168,XRPUSDT,Buy,222.7,1.4037,"{""T"":1789446783168,""s"":""XRPUSDT"",""S"":""Buy"",""v"":""222.7"",""p"":""1.4037""}"
2026-09-15T04:33:03.413796Z,1789446783168,ZECUSDT,Buy,0.12,1136.34,"{""T"":1789446783168,""s"":""ZECUSDT"",""S"":""Buy"",""v"":""0.12"",""p"":""1136.34""}"
2026-09-15T04:33:03.456739Z,1789446783168,ETHUSDT,Buy,0.20,2483.97,"{""T"":1789446783168,""s"":""ETHUSDT"",""S"":""Buy"",""v"":""0.20"",""p"":""2483.97""}"
2026-09-15T04:33:06.337231Z,1789446785994,XRPUSDT,Buy,35.0,1.4034,"{""T"":1789446785994,""s"":""XRPUSDT"",""S"":""Buy"",""v"":""35.0"",""p"":""1.4034""}"
2026-09-15T04:33:06.413425Z,1789446785999,ARBUSDT,Buy,344.1,0.13101,"{""T"":1789446785999,""s"":""ARBUSDT"",""S"":""Buy"",""v"":""344.1"",""p"":""0.13101""}"
2026-09-15T04:33:07.455814Z,1789446787006,ETHUSDT,Buy,0.33,2483.34,"{""T"":1789446787006,""s"":""ETHUSDT"",""S"":""Buy"",""v"":""0.33"",""p"":""2483.34""}"
2026-09-15T04:33:07.956186Z,1789446787446,ETHUSDT,Buy,0.94,2483.40,"{""T"":1789446787446,""s"":""ETHUSDT"",""S"":""Buy"",""v"":""0.94"",""p"":""2483.40""}"
2026-09-15T04:33:08.455746Z,1789446788046,ETHUSDT,Buy,0.07,2483.29,"{""T"":1789446788046,""s"":""ETHUSDT"",""S"":""Buy"",""v"":""0.07"",""p"":""2483.29""}"
2026-09-15T04:33:09.407879Z,1789446789295,CAPUSDT,Sell,1590,0.06733,"{""T"":1789446789295,""s"":""CAPUSDT"",""S"":""Sell"",""v"":""1590"",""p"":""0.06733""}"
2026-09-15T04:33:09.496563Z,1789446789015,LINKUSDT,Buy,123.0,11.366,"{""T"":1789446789015,""s"":""LINKUSDT"",""S"":""Buy"",""v"":""123.0"",""p"":""11.366""}"
2026-09-15T04:33:10.337745Z,1789446789894,XRPUSDT,Buy,5215.1,1.4028,"{""T"":1789446789894,""s"":""XRPUSDT"",""S"":""Buy"",""v"":""5215.1"",""p"":""1.4028""}"
2026-09-15T04:33:10.348229Z,1789446790126,USELESSUSDT,Buy,695,0.19115,"{""T"":1789446790126,""s"":""USELESSUSDT"",""S"":""Buy"",""v"":""695"",""p"":""0.19115""}"
2026-09-15T04:33:10.414142Z,1789446790126,ADAUSDT,Buy,1622,0.2031,"{""T"":1789446790126,""s"":""ADAUSDT"",""S"":""Buy"",""v"":""1622"",""p"":""0.2031""}"
2026-09-15T04:33:10.455732Z,1789446790126,ETHUSDT,Buy,0.16,2483.10,"{""T"":1789446790126,""s"":""ETHUSDT"",""S"":""Buy"",""v"":""0.16"",""p"":""2483.10""}"
2026-09-15T04:33:10.455732Z,1789446790133,ETHUSDT,Buy,0.21,2482.99,"{""T"":1789446790133,""s"":""ETHUSDT"",""S"":""Buy"",""v"":""0.21"",""p"":""2482.99""}"
2026-09-15T04:33:10.495854Z,1789446790126,LINKUSDT,Buy,19.5,11.368,"{""T"":1789446790126,""s"":""LINKUSDT"",""S"":""Buy"",""v"":""19.5"",""p"":""11.368""}"
2026-09-15T04:33:10.515521Z,1789446790100,LTCUSDT,Buy,18.1,52.31,"{""T"":1789446790100,""s"":""LTCUSDT"",""S"":""Buy"",""v"":""18.1"",""p"":""52.31""}"
2026-09-15T04:33:14.337196Z,1789446794086,XRPUSDT,Buy,14.1,1.4021,"{""T"":1789446794086,""s"":""XRPUSDT"",""S"":""Buy"",""v"":""14.1"",""p"":""1.4021""}"
2026-09-15T04:33:14.955586Z,1789446794427,ETHUSDT,Buy,1.34,2482.30,"{""T"":1789446794427,""s"":""ETHUSDT"",""S"":""Buy"",""v"":""1.34"",""p"":""2482.30""}"
2026-09-15T04:33:15.836966Z,1789446795509,ONDOUSDT,Buy,1405,0.3479,"{""T"":1789446795509,""s"":""ONDOUSDT"",""S"":""Buy"",""v"":""1405"",""p"":""0.3479""}"
2026-09-15T04:33:15.913735Z,1789446795509,ADAUSDT,Buy,968,0.2029,"{""T"":1789446795509,""s"":""ADAUSDT"",""S"":""Buy"",""v"":""968"",""p"":""0.2029""}"
2026-09-15T04:33:15.913735Z,1789446795663,ADAUSDT,Buy,253,0.2030,"{""T"":1789446795663,""s"":""ADAUSDT"",""S"":""Buy"",""v"":""253"",""p"":""0.2030""}"
2026-09-15T04:33:15.914245Z,1789446795509,ARBUSDT,Buy,2254.3,0.13089,"{""T"":1789446795509,""s"":""ARBUSDT"",""S"":""Buy"",""v"":""2254.3"",""p"":""0.13089""}"
2026-09-15T04:33:16.413683Z,1789446796124,ADAUSDT,Buy,133,0.2029,"{""T"":1789446796124,""s"":""ADAUSDT"",""S"":""Buy"",""v"":""133"",""p"":""0.2029""}"
2026-09-15T04:33:19.836997Z,1789446799253,XRPUSDT,Buy,6.8,1.4020,"{""T"":1789446799253,""s"":""XRPUSDT"",""S"":""Buy"",""v"":""6.8"",""p"":""1.4020""}"
2026-09-15T04:33:19.836997Z,1789446799328,XRPUSDT,Buy,363.3,1.4015,"{""T"":1789446799328,""s"":""XRPUSDT"",""S"":""Buy"",""v"":""363.3"",""p"":""1.4015""}"
2026-09-15T04:33:25.838109Z,1789446805625,XRPUSDT,Buy,247.3,1.4013,"{""T"":1789446805625,""s"":""XRPUSDT"",""S"":""Buy"",""v"":""247.3"",""p"":""1.4013""}"
2026-09-15T04:33:29.955867Z,1789446809832,ETHUSDT,Buy,29.67,2481.77,"{""T"":1789446809832,""s"":""ETHUSDT"",""S"":""Buy"",""v"":""29.67"",""p"":""2481.77""}"
2026-09-15T04:33:30.065483Z,1789446809832,BTCUSDT,Buy,0.296,77266.00,"{""T"":1789446809832,""s"":""BTCUSDT"",""S"":""Buy"",""v"":""0.296"",""p"":""77266.00""}"
2026-09-15T04:34:08.824894Z,1789446848585,FARTCOINUSDT,Buy,1200,0.14001,"{""T"":1789446848585,""s"":""FARTCOINUSDT"",""S"":""Buy"",""v"":""1200"",""p"":""0.14001""}"
2026-09-15T04:34:08.825320Z,1789446848585,ENAUSDT,Buy,100,0.13971,"{""T"":1789446848585,""s"":""ENAUSDT"",""S"":""Buy"",""v"":""100"",""p"":""0.13971""}"
2026-09-15T04:34:08.914207Z,1789446848585,ARBUSDT,Buy,1700.0,0.13058,"{""T"":1789446848585,""s"":""ARBUSDT"",""S"":""Buy"",""v"":""1700.0"",""p"":""0.13058""}"
2026-09-15T04:34:08.914774Z,1789446848585,DOTUSDT,Buy,210.0,0.9796,"{""T"":1789446848585,""s"":""DOTUSDT"",""S"":""Buy"",""v"":""210.0"",""p"":""0.9796""}"
2026-09-15T04:34:08.915056Z,1789446848330,ADAUSDT,Buy,8000,0.2028,"{""T"":1789446848330,""s"":""ADAUSDT"",""S"":""Buy"",""v"":""8000"",""p"":""0.2028""}"
2026-09-15T04:34:33.813185Z,1789446873666,PUMPFUNUSDT,Buy,59100,0.0035970,"{""T"":1789446873666,""s"":""PUMPFUNUSDT"",""S"":""Buy"",""v"":""59100"",""p"":""0.0035970""}"
2026-09-15T04:34:49.062883Z,1789446888878,SOLUSDT,Buy,0.8,100.670,"{""T"":1789446888878,""s"":""SOLUSDT"",""S"":""Buy"",""v"":""0.8"",""p"":""100.670""}"
2026-09-15T04:34:51.313066Z,1789446890963,PUMPFUNUSDT,Buy,2200,0.0035950,"{""T"":1789446890963,""s"":""PUMPFUNUSDT"",""S"":""Buy"",""v"":""2200"",""p"":""0.0035950""}"
2026-09-15T04:34:51.813046Z,1789446891480,PUMPFUNUSDT,Buy,226800,0.0035930,"{""T"":1789446891480,""s"":""PUMPFUNUSDT"",""S"":""Buy"",""v"":""226800"",""p"":""0.0035930""}"
2026-09-15T04:35:15.492376Z,1789446915135,BRUSDT,Buy,2311,0.38590,"{""T"":1789446915135,""s"":""BRUSDT"",""S"":""Buy"",""v"":""2311"",""p"":""0.38590""}"
2026-09-15T04:35:28.492383Z,1789446928348,BRUSDT,Buy,63,0.38188,"{""T"":1789446928348,""s"":""BRUSDT"",""S"":""Buy"",""v"":""63"",""p"":""0.38188""}"
2026-09-15T04:35:30.992692Z,1789446930534,BRUSDT,Buy,319,0.38129,"{""T"":1789446930534,""s"":""BRUSDT"",""S"":""Buy"",""v"":""319"",""p"":""0.38129""}"
2026-09-15T04:35:31.492067Z,1789446930998,BRUSDT,Buy,105,0.38040,"{""T"":1789446930998,""s"":""BRUSDT"",""S"":""Buy"",""v"":""105"",""p"":""0.38040""}"
2026-09-15T04:35:49.328692Z,1789446948819,FFUSDT,Sell,390,0.14891,"{""T"":1789446948819,""s"":""FFUSDT"",""S"":""Sell"",""v"":""390"",""p"":""0.14891""}"
2026-09-15T04:36:02.412119Z,1789446961839,POWERUSDT,Buy,153,0.18215,"{""T"":1789446961839,""s"":""POWERUSDT"",""S"":""Buy"",""v"":""153"",""p"":""0.18215""}"
2026-09-15T04:36:02.412119Z,1789446961872,POWERUSDT,Buy,545,0.18249,"{""T"":1789446961872,""s"":""POWERUSDT"",""S"":""Buy"",""v"":""545"",""p"":""0.18249""}"
2026-09-15T04:36:02.412119Z,1789446962237,POWERUSDT,Buy,208,0.18233,"{""T"":1789446962237,""s"":""POWERUSDT"",""S"":""Buy"",""v"":""208"",""p"":""0.18233""}"
2026-09-15T04:36:02.907918Z,1789446962709,POWERUSDT,Buy,4929,0.18181,"{""T"":1789446962709,""s"":""POWERUSDT"",""S"":""Buy"",""v"":""4929"",""p"":""0.18181""}"
2026-09-15T04:36:05.992202Z,1789446965551,BRUSDT,Buy,12,0.37869,"{""T"":1789446965551,""s"":""BRUSDT"",""S"":""Buy"",""v"":""12"",""p"":""0.37869""}"
2026-09-15T04:37:17.455716Z,1789447037278,ETHUSDT,Buy,11.98,2481.36,"{""T"":1789447037278,""s"":""ETHUSDT"",""S"":""Buy"",""v"":""11.98"",""p"":""2481.36""}"
2026-09-15T04:37:17.828946Z,1789447037278,CASHCATUSDT,Buy,1960,0.14742,"{""T"":1789447037278,""s"":""CASHCATUSDT"",""S"":""Buy"",""v"":""1960"",""p"":""0.14742""}"
2026-09-15T04:37:17.956203Z,1789447037662,ETHUSDT,Buy,1.00,2481.39,"{""T"":1789447037662,""s"":""ETHUSDT"",""S"":""Buy"",""v"":""1.00"",""p"":""2481.39""}"
2026-09-15T04:37:17.956203Z,1789447037716,ETHUSDT,Buy,0.60,2481.14,"{""T"":1789447037716,""s"":""ETHUSDT"",""S"":""Buy"",""v"":""0.60"",""p"":""2481.14""}"
2026-09-15T04:37:21.955876Z,1789447041774,ETHUSDT,Buy,0.08,2480.93,"{""T"":1789447041774,""s"":""ETHUSDT"",""S"":""Buy"",""v"":""0.08"",""p"":""2480.93""}"
2026-09-15T04:37:22.955681Z,1789447042839,ETHUSDT,Buy,0.01,2480.80,"{""T"":1789447042839,""s"":""ETHUSDT"",""S"":""Buy"",""v"":""0.01"",""p"":""2480.80""}"
2026-09-15T04:37:39.813391Z,1789447059432,HYPEUSDT,Buy,1.26,78.810,"{""T"":1789447059432,""s"":""HYPEUSDT"",""S"":""Buy"",""v"":""1.26"",""p"":""78.810""}"
2026-09-15T04:37:44.908099Z,1789447064337,POWERUSDT,Buy,872,0.18030,"{""T"":1789447064337,""s"":""POWERUSDT"",""S"":""Buy"",""v"":""872"",""p"":""0.18030""}"
2026-09-15T04:37:44.908099Z,1789447064391,POWERUSDT,Buy,790,0.18040,"{""T"":1789447064391,""s"":""POWERUSDT"",""S"":""Buy"",""v"":""790"",""p"":""0.18040""}"
2026-09-15T04:37:45.407795Z,1789447064829,POWERUSDT,Buy,600,0.18036,"{""T"":1789447064829,""s"":""POWERUSDT"",""S"":""Buy"",""v"":""600"",""p"":""0.18036""}"
2026-09-15T04:37:55.908849Z,1789447075418,POWERUSDT,Buy,235,0.17926,"{""T"":1789447075418,""s"":""POWERUSDT"",""S"":""Buy"",""v"":""235"",""p"":""0.17926""}"
2026-09-15T04:37:55.908849Z,1789447075628,POWERUSDT,Buy,3500,0.17916,"{""T"":1789447075628,""s"":""POWERUSDT"",""S"":""Buy"",""v"":""3500"",""p"":""0.17916""}"
2026-09-15T04:37:58.407807Z,1789447078000,POWERUSDT,Buy,52,0.17889,"{""T"":1789447078000,""s"":""POWERUSDT"",""S"":""Buy"",""v"":""52"",""p"":""0.17889""}"
2026-09-15T04:38:02.828200Z,1789447082361,FFUSDT,Sell,650,0.15105,"{""T"":1789447082361,""s"":""FFUSDT"",""S"":""Sell"",""v"":""650"",""p"":""0.15105""}"
2026-09-15T04:38:24.496353Z,1789447104088,PENGUUSDT,Buy,707310,0.006968,"{""T"":1789447104088,""s"":""PENGUUSDT"",""S"":""Buy"",""v"":""707310"",""p"":""0.006968""}"
2026-09-15T04:38:41.831853Z,1789447121436,FFUSDT,Sell,880,0.15299,"{""T"":1789447121436,""s"":""FFUSDT"",""S"":""Sell"",""v"":""880"",""p"":""0.15299""}"
2026-09-15T04:38:57.639092Z,1789447137323,PENDLEUSDT,Sell,3,2.3550,"{""T"":1789447137323,""s"":""PENDLEUSDT"",""S"":""Sell"",""v"":""3"",""p"":""2.3550""}"
2026-09-15T04:39:01.907668Z,1789447141526,LSKUSDT,Sell,283.7,0.38587,"{""T"":1789447141526,""s"":""LSKUSDT"",""S"":""Sell"",""v"":""283.7"",""p"":""0.38587""}"
2026-09-15T04:39:15.408252Z,1789447155256,POWERUSDT,Buy,50,0.17785,"{""T"":1789447155256,""s"":""POWERUSDT"",""S"":""Buy"",""v"":""50"",""p"":""0.17785""}"
2026-09-15T04:39:16.407905Z,1789447156082,POWERUSDT,Buy,2531,0.17792,"{""T"":1789447156082,""s"":""POWERUSDT"",""S"":""Buy"",""v"":""2531"",""p"":""0.17792""}"
2026-09-15T04:39:16.407905Z,1789447156177,POWERUSDT,Buy,821,0.17782,"{""T"":1789447156177,""s"":""POWERUSDT"",""S"":""Buy"",""v"":""821"",""p"":""0.17782""}"
2026-09-15T04:39:16.407905Z,1789447156204,POWERUSDT,Buy,1036,0.17770,"{""T"":1789447156204,""s"":""POWERUSDT"",""S"":""Buy"",""v"":""1036"",""p"":""0.17770""}"
2026-09-15T04:39:17.908036Z,1789447157775,POWERUSDT,Buy,50,0.17766,"{""T"":1789447157775,""s"":""POWERUSDT"",""S"":""Buy"",""v"":""50"",""p"":""0.17766""}"
2026-09-15T04:39:18.907542Z,1789447158371,POWERUSDT,Buy,59,0.17760,"{""T"":1789447158371,""s"":""POWERUSDT"",""S"":""Buy"",""v"":""59"",""p"":""0.17760""}"
2026-09-15T04:39:19.407785Z,1789447158840,POWERUSDT,Buy,386,0.17742,"{""T"":1789447158840,""s"":""POWERUSDT"",""S"":""Buy"",""v"":""386"",""p"":""0.17742""}"
2026-09-15T04:39:24.408042Z,1789447164266,POWERUSDT,Buy,3741,0.17547,"{""T"":1789447164266,""s"":""POWERUSDT"",""S"":""Buy"",""v"":""3741"",""p"":""0.17547""}"
2026-09-15T04:39:24.907947Z,1789447164606,POWERUSDT,Buy,126,0.17643,"{""T"":1789447164606,""s"":""POWERUSDT"",""S"":""Buy"",""v"":""126"",""p"":""0.17643""}"
2026-09-15T04:39:24.907947Z,1789447164617,POWERUSDT,Buy,7876,0.17609,"{""T"":1789447164617,""s"":""POWERUSDT"",""S"":""Buy"",""v"":""7876"",""p"":""0.17609""}"
2026-09-15T04:39:24.907947Z,1789447164709,POWERUSDT,Buy,8423,0.17570,"{""T"":1789447164709,""s"":""POWERUSDT"",""S"":""Buy"",""v"":""8423"",""p"":""0.17570""}"
2026-09-15T04:39:24.907947Z,1789447164820,POWERUSDT,Buy,141,0.17563,"{""T"":1789447164820,""s"":""POWERUSDT"",""S"":""Buy"",""v"":""141"",""p"":""0.17563""}"
2026-09-15T04:39:25.407874Z,1789447164969,POWERUSDT,Buy,3117,0.17646,"{""T"":1789447164969,""s"":""POWERUSDT"",""S"":""Buy"",""v"":""3117"",""p"":""0.17646""}"
2026-09-15T04:39:25.407874Z,1789447164980,POWERUSDT,Buy,11925,0.17711,"{""T"":1789447164980,""s"":""POWERUSDT"",""S"":""Buy"",""v"":""11925"",""p"":""0.17711""}"
2026-09-15T04:39:25.407874Z,1789447165048,POWERUSDT,Buy,101,0.17651,"{""T"":1789447165048,""s"":""POWERUSDT"",""S"":""Buy"",""v"":""101"",""p"":""0.17651""}"
2026-09-15T04:40:50.407918Z,1789447250089,POWERUSDT,Sell,1602,0.18937,"{""T"":1789447250089,""s"":""POWERUSDT"",""S"":""Sell"",""v"":""1602"",""p"":""0.18937""}"
2026-09-15T04:42:00.986891Z,1789447320420,SOXLUSDT,Sell,48.32,102.58,"{""T"":1789447320420,""s"":""SOXLUSDT"",""S"":""Sell"",""v"":""48.32"",""p"":""102.58""}"
2026-09-15T04:42:42.828534Z,1789447362640,FFUSDT,Sell,1728,0.15822,"{""T"":1789447362640,""s"":""FFUSDT"",""S"":""Sell"",""v"":""1728"",""p"":""0.15822""}"
2026-09-15T04:43:47.907901Z,1789447427555,POWERUSDT,Sell,4412,0.19006,"{""T"":1789447427555,""s"":""POWERUSDT"",""S"":""Sell"",""v"":""4412"",""p"":""0.19006""}"
2026-09-15T04:44:35.908136Z,1789447475710,POWERUSDT,Sell,1659,0.19158,"{""T"":1789447475710,""s"":""POWERUSDT"",""S"":""Sell"",""v"":""1659"",""p"":""0.19158""}"
2026-09-15T04:44:39.328185Z,1789447479091,FFUSDT,Sell,45,0.16418,"{""T"":1789447479091,""s"":""FFUSDT"",""S"":""Sell"",""v"":""45"",""p"":""0.16418""}"
2026-09-15T04:44:39.828329Z,1789447479511,FFUSDT,Sell,72,0.16462,"{""T"":1789447479511,""s"":""FFUSDT"",""S"":""Sell"",""v"":""72"",""p"":""0.16462""}"
2026-09-15T04:44:52.828850Z,1789447492316,FFUSDT,Sell,666,0.16575,"{""T"":1789447492316,""s"":""FFUSDT"",""S"":""Sell"",""v"":""666"",""p"":""0.16575""}"
2026-09-15T04:46:38.410959Z,1789447598102,POWERUSDT,Buy,1000,0.17890,"{""T"":1789447598102,""s"":""POWERUSDT"",""S"":""Buy"",""v"":""1000"",""p"":""0.17890""}"
2026-09-15T04:46:49.328411Z,1789447608754,FFUSDT,Sell,1379,0.16940,"{""T"":1789447608754,""s"":""FFUSDT"",""S"":""Sell"",""v"":""1379"",""p"":""0.16940""}"
2026-09-15T04:47:04.408039Z,1789447623895,STEEMUSDT,Buy,99,0.05349,"{""T"":1789447623895,""s"":""STEEMUSDT"",""S"":""Buy"",""v"":""99"",""p"":""0.05349""}"
2026-09-15T04:47:15.828897Z,1789447635360,FFUSDT,Sell,2350,0.17068,"{""T"":1789447635360,""s"":""FFUSDT"",""S"":""Sell"",""v"":""2350"",""p"":""0.17068""}"
2026-09-15T04:47:39.911308Z,1789447659491,POWERUSDT,Buy,30,0.17618,"{""T"":1789447659491,""s"":""POWERUSDT"",""S"":""Buy"",""v"":""30"",""p"":""0.17618""}"
2026-09-15T04:47:47.828282Z,1789447667644,FFUSDT,Sell,69,0.17277,"{""T"":1789447667644,""s"":""FFUSDT"",""S"":""Sell"",""v"":""69"",""p"":""0.17277""}"
2026-09-15T04:47:53.407763Z,1789447673147,AAPLUSDT,Buy,0.06,329.23,"{""T"":1789447673147,""s"":""AAPLUSDT"",""S"":""Buy"",""v"":""0.06"",""p"":""329.23""}"
2026-09-15T04:47:53.907821Z,1789447673332,POWERUSDT,Buy,700,0.17486,"{""T"":1789447673332,""s"":""POWERUSDT"",""S"":""Buy"",""v"":""700"",""p"":""0.17486""}"
2026-09-15T04:47:54.408207Z,1789447673856,POWERUSDT,Buy,220,0.17507,"{""T"":1789447673856,""s"":""POWERUSDT"",""S"":""Buy"",""v"":""220"",""p"":""0.17507""}"
2026-09-15T04:47:54.408207Z,1789447674004,POWERUSDT,Buy,3842,0.17490,"{""T"":1789447674004,""s"":""POWERUSDT"",""S"":""Buy"",""v"":""3842"",""p"":""0.17490""}"
2026-09-15T04:47:54.408207Z,1789447674021,POWERUSDT,Buy,422,0.17513,"{""T"":1789447674021,""s"":""POWERUSDT"",""S"":""Buy"",""v"":""422"",""p"":""0.17513""}"
2026-09-15T04:48:03.907766Z,1789447683497,POWERUSDT,Buy,3042,0.17419,"{""T"":1789447683497,""s"":""POWERUSDT"",""S"":""Buy"",""v"":""3042"",""p"":""0.17419""}"
2026-09-15T04:48:04.407805Z,1789447683847,POWERUSDT,Buy,6009,0.17427,"{""T"":1789447683847,""s"":""POWERUSDT"",""S"":""Buy"",""v"":""6009"",""p"":""0.17427""}"
2026-09-15T04:48:04.407805Z,1789447684216,POWERUSDT,Buy,22792,0.17404,"{""T"":1789447684216,""s"":""POWERUSDT"",""S"":""Buy"",""v"":""22792"",""p"":""0.17404""}"
2026-09-15T04:48:05.408883Z,1789447685089,POWERUSDT,Buy,259,0.17402,"{""T"":1789447685089,""s"":""POWERUSDT"",""S"":""Buy"",""v"":""259"",""p"":""0.17402""}"
2026-09-15T04:48:14.837029Z,1789447694610,CVCUSDT,Sell,11901,0.03380,"{""T"":1789447694610,""s"":""CVCUSDT"",""S"":""Sell"",""v"":""11901"",""p"":""0.03380""}"
2026-09-15T04:48:35.490272Z,1789447715053,SOXLUSDT,Sell,0.05,102.80,"{""T"":1789447715053,""s"":""SOXLUSDT"",""S"":""Sell"",""v"":""0.05"",""p"":""102.80""}"
2026-09-15T04:48:35.859140Z,1789447715368,TUSDT,Sell,9090,0.004824,"{""T"":1789447715368,""s"":""TUSDT"",""S"":""Sell"",""v"":""9090"",""p"":""0.004824""}"
2026-09-15T04:48:35.907962Z,1789447715368,POWERUSDT,Buy,239,0.17234,"{""T"":1789447715368,""s"":""POWERUSDT"",""S"":""Buy"",""v"":""239"",""p"":""0.17234""}"
2026-09-15T04:48:36.407904Z,1789447716043,POWERUSDT,Buy,755,0.17295,"{""T"":1789447716043,""s"":""POWERUSDT"",""S"":""Buy"",""v"":""755"",""p"":""0.17295""}"
2026-09-15T04:48:36.407904Z,1789447716059,POWERUSDT,Buy,1207,0.17310,"{""T"":1789447716059,""s"":""POWERUSDT"",""S"":""Buy"",""v"":""1207"",""p"":""0.17310""}"
2026-09-15T04:49:22.832055Z,1789447762346,FFUSDT,Buy,1691,0.15784,"{""T"":1789447762346,""s"":""FFUSDT"",""S"":""Buy"",""v"":""1691"",""p"":""0.15784""}"
2026-09-15T04:49:35.331892Z,1789447775168,FFUSDT,Buy,1470,0.15579,"{""T"":1789447775168,""s"":""FFUSDT"",""S"":""Buy"",""v"":""1470"",""p"":""0.15579""}"
2026-09-15T04:49:40.827985Z,1789447780366,FFUSDT,Buy,4263,0.15365,"{""T"":1789447780366,""s"":""FFUSDT"",""S"":""Buy"",""v"":""4263"",""p"":""0.15365""}"
2026-09-15T04:50:05.989834Z,1789447805823,BTWUSDT,Buy,3550,0.58755,"{""T"":1789447805823,""s"":""BTWUSDT"",""S"":""Buy"",""v"":""3550"",""p"":""0.58755""}"
2026-09-15T04:50:09.486420Z,1789447809330,BTWUSDT,Buy,120,0.58558,"{""T"":1789447809330,""s"":""BTWUSDT"",""S"":""Buy"",""v"":""120"",""p"":""0.58558""}"
2026-09-15T04:51:04.329039Z,1789447863768,FFUSDT,Buy,139,0.15039,"{""T"":1789447863768,""s"":""FFUSDT"",""S"":""Buy"",""v"":""139"",""p"":""0.15039""}"
2026-09-15T04:52:22.852034Z,1789447942509,MARSCOINUSDT,Buy,600,0.08562,"{""T"":1789447942509,""s"":""MARSCOINUSDT"",""S"":""Buy"",""v"":""600"",""p"":""0.08562""}"
2026-09-15T04:53:22.635656Z,1789448002204,AKEUSDT,Sell,4300,0.0174050,"{""T"":1789448002204,""s"":""AKEUSDT"",""S"":""Sell"",""v"":""4300"",""p"":""0.0174050""}"
2026-09-15T04:53:24.829038Z,1789448004329,4STOCKUSDT,Sell,18600,0.01384,"{""T"":1789448004329,""s"":""4STOCKUSDT"",""S"":""Sell"",""v"":""18600"",""p"":""0.01384""}"
2026-09-15T04:56:14.487271Z,1789448174370,BTWUSDT,Buy,1600,0.56007,"{""T"":1789448174370,""s"":""BTWUSDT"",""S"":""Buy"",""v"":""1600"",""p"":""0.56007""}"
2026-09-15T04:56:54.407787Z,1789448213910,SKHYNIXUSDT,Buy,0.084,1242.13,"{""T"":1789448213910,""s"":""SKHYNIXUSDT"",""S"":""Buy"",""v"":""0.084"",""p"":""1242.13""}"
2026-09-15T04:58:20.407546Z,1789448300275,POWERUSDT,Sell,4200,0.18868,"{""T"":1789448300275,""s"":""POWERUSDT"",""S"":""Sell"",""v"":""4200"",""p"":""0.18868""}"
2026-09-15T04:59:51.486964Z,1789448391185,SOXLUSDT,Buy,30.31,100.57,"{""T"":1789448391185,""s"":""SOXLUSDT"",""S"":""Buy"",""v"":""30.31"",""p"":""100.57""}"
2026-09-15T04:59:55.407850Z,1789448395162,SKHYNIXUSDT,Buy,0.028,1238.35,"{""T"":1789448395162,""s"":""SKHYNIXUSDT"",""S"":""Buy"",""v"":""0.028"",""p"":""1238.35""}"
2026-09-15T05:01:48.337576Z,1789448508082,CVCUSDT,Sell,8202,0.03459,"{""T"":1789448508082,""s"":""CVCUSDT"",""S"":""Sell"",""v"":""8202"",""p"":""0.03459""}"
2026-09-15T05:02:52.907754Z,1789448572325,POWERUSDT,Sell,1207,0.19147,"{""T"":1789448572325,""s"":""POWERUSDT"",""S"":""Sell"",""v"":""1207"",""p"":""0.19147""}"
2026-09-15T05:02:54.407691Z,1789448574061,POWERUSDT,Sell,267,0.19226,"{""T"":1789448574061,""s"":""POWERUSDT"",""S"":""Sell"",""v"":""267"",""p"":""0.19226""}"
2026-09-15T05:03:00.828549Z,1789448580515,PONSUSDT,Sell,1691,0.6520,"{""T"":1789448580515,""s"":""PONSUSDT"",""S"":""Sell"",""v"":""1691"",""p"":""0.6520""}"
2026-09-15T05:03:11.411683Z,1789448590953,LSKUSDT,Sell,13.7,0.38875,"{""T"":1789448590953,""s"":""LSKUSDT"",""S"":""Sell"",""v"":""13.7"",""p"":""0.38875""}"
2026-09-15T05:05:50.907755Z,1789448750547,POWERUSDT,Sell,34,0.19292,"{""T"":1789448750547,""s"":""POWERUSDT"",""S"":""Sell"",""v"":""34"",""p"":""0.19292""}"
2026-09-15T05:05:51.407807Z,1789448751316,POWERUSDT,Sell,731,0.19316,"{""T"":1789448751316,""s"":""POWERUSDT"",""S"":""Sell"",""v"":""731"",""p"":""0.19316""}"
2026-09-15T05:05:53.907817Z,1789448753555,POWERUSDT,Sell,138,0.19378,"{""T"":1789448753555,""s"":""POWERUSDT"",""S"":""Sell"",""v"":""138"",""p"":""0.19378""}"
2026-09-15T05:05:54.407618Z,1789448754053,POWERUSDT,Sell,54,0.19385,"{""T"":1789448754053,""s"":""POWERUSDT"",""S"":""Sell"",""v"":""54"",""p"":""0.19385""}"
2026-09-15T05:06:24.408516Z,1789448784283,POWERUSDT,Sell,855,0.19487,"{""T"":1789448784283,""s"":""POWERUSDT"",""S"":""Sell"",""v"":""855"",""p"":""0.19487""}"
2026-09-15T05:06:35.408027Z,1789448795307,POWERUSDT,Sell,2965,0.19698,"{""T"":1789448795307,""s"":""POWERUSDT"",""S"":""Sell"",""v"":""2965"",""p"":""0.19698""}"
2026-09-15T05:06:36.407787Z,1789448796122,POWERUSDT,Sell,114,0.19637,"{""T"":1789448796122,""s"":""POWERUSDT"",""S"":""Sell"",""v"":""114"",""p"":""0.19637""}"
2026-09-15T05:06:36.407787Z,1789448796178,POWERUSDT,Sell,146,0.19687,"{""T"":1789448796178,""s"":""POWERUSDT"",""S"":""Sell"",""v"":""146"",""p"":""0.19687""}"
2026-09-15T05:06:44.907704Z,1789448804593,POWERUSDT,Sell,261,0.19780,"{""T"":1789448804593,""s"":""POWERUSDT"",""S"":""Sell"",""v"":""261"",""p"":""0.19780""}"
2026-09-15T05:06:44.907704Z,1789448804714,POWERUSDT,Sell,6309,0.19744,"{""T"":1789448804714,""s"":""POWERUSDT"",""S"":""Sell"",""v"":""6309"",""p"":""0.19744""}"
2026-09-15T05:06:45.408306Z,1789448805086,POWERUSDT,Sell,148,0.19757,"{""T"":1789448805086,""s"":""POWERUSDT"",""S"":""Sell"",""v"":""148"",""p"":""0.19757""}"
2026-09-15T05:06:46.908295Z,1789448806726,LSKUSDT,Sell,592.1,0.39054,"{""T"":1789448806726,""s"":""LSKUSDT"",""S"":""Sell"",""v"":""592.1"",""p"":""0.39054""}"
2026-09-15T05:06:51.407913Z,1789448811185,POWERUSDT,Sell,7972,0.19940,"{""T"":1789448811185,""s"":""POWERUSDT"",""S"":""Sell"",""v"":""7972"",""p"":""0.19940""}"
2026-09-15T05:06:52.407826Z,1789448812021,POWERUSDT,Sell,770,0.19927,"{""T"":1789448812021,""s"":""POWERUSDT"",""S"":""Sell"",""v"":""770"",""p"":""0.19927""}"
2026-09-15T05:06:58.486723Z,1789448818371,SOXLUSDT,Buy,57.59,100.51,"{""T"":1789448818371,""s"":""SOXLUSDT"",""S"":""Buy"",""v"":""57.59"",""p"":""100.51""}"
2026-09-15T05:06:58.909180Z,1789448818371,KORUUSDT,Buy,30.06,18.99,"{""T"":1789448818371,""s"":""KORUUSDT"",""S"":""Buy"",""v"":""30.06"",""p"":""18.99""}"
2026-09-15T05:07:35.409651Z,1789448854910,POWERUSDT,Sell,56,0.20032,"{""T"":1789448854910,""s"":""POWERUSDT"",""S"":""Sell"",""v"":""56"",""p"":""0.20032""}"
2026-09-15T05:07:40.907780Z,1789448860806,POWERUSDT,Sell,121,0.20075,"{""T"":1789448860806,""s"":""POWERUSDT"",""S"":""Sell"",""v"":""121"",""p"":""0.20075""}"
2026-09-15T05:08:03.911061Z,1789448883665,LSKUSDT,Sell,1316.5,0.39333,"{""T"":1789448883665,""s"":""LSKUSDT"",""S"":""Sell"",""v"":""1316.5"",""p"":""0.39333""}"
2026-09-15T05:08:12.408720Z,1789448892229,LSKUSDT,Sell,7390.3,0.39404,"{""T"":1789448892229,""s"":""LSKUSDT"",""S"":""Sell"",""v"":""7390.3"",""p"":""0.39404""}"
2026-09-15T05:08:12.907712Z,1789448892461,LSKUSDT,Sell,557.9,0.39367,"{""T"":1789448892461,""s"":""LSKUSDT"",""S"":""Sell"",""v"":""557.9"",""p"":""0.39367""}"
2026-09-15T05:08:15.407780Z,1789448895062,LSKUSDT,Sell,430.2,0.39439,"{""T"":1789448895062,""s"":""LSKUSDT"",""S"":""Sell"",""v"":""430.2"",""p"":""0.39439""}"
2026-09-15T05:08:49.907763Z,1789448929638,LSKUSDT,Sell,686.7,0.39515,"{""T"":1789448929638,""s"":""LSKUSDT"",""S"":""Sell"",""v"":""686.7"",""p"":""0.39515""}"
2026-09-15T05:08:49.907763Z,1789448929754,LSKUSDT,Sell,65.7,0.39484,"{""T"":1789448929754,""s"":""LSKUSDT"",""S"":""Sell"",""v"":""65.7"",""p"":""0.39484""}"
2026-09-15T05:09:15.991676Z,1789448955541,BTWUSDT,Sell,100,0.67177,"{""T"":1789448955541,""s"":""BTWUSDT"",""S"":""Sell"",""v"":""100"",""p"":""0.67177""}"
2026-09-15T05:09:43.493029Z,1789448983145,SUIUSDT,Buy,20,0.70370,"{""T"":1789448983145,""s"":""SUIUSDT"",""S"":""Buy"",""v"":""20"",""p"":""0.70370""}"
2026-09-15T05:09:44.486593Z,1789448983948,SOXLUSDT,Buy,98.08,100.16,"{""T"":1789448983948,""s"":""SOXLUSDT"",""S"":""Buy"",""v"":""98.08"",""p"":""100.16""}"
2026-09-15T05:09:46.337352Z,1789448985915,XRPUSDT,Buy,32.9,1.4009,"{""T"":1789448985915,""s"":""XRPUSDT"",""S"":""Buy"",""v"":""32.9"",""p"":""1.4009""}"
2026-09-15T05:09:46.836840Z,1789448986580,XRPUSDT,Buy,32.8,1.4007,"{""T"":1789448986580,""s"":""XRPUSDT"",""S"":""Buy"",""v"":""32.8"",""p"":""1.4007""}"
2026-09-15T05:09:50.955712Z,1789448990644,ETHUSDT,Buy,0.95,2480.23,"{""T"":1789448990644,""s"":""ETHUSDT"",""S"":""Buy"",""v"":""0.95"",""p"":""2480.23""}"
2026-09-15T05:09:54.455396Z,1789448993930,ETHUSDT,Buy,0.51,2479.95,"{""T"":1789448993930,""s"":""ETHUSDT"",""S"":""Buy"",""v"":""0.51"",""p"":""2479.95""}"
2026-09-15T05:09:55.562365Z,1789448995150,SOLUSDT,Buy,0.7,100.580,"{""T"":1789448995150,""s"":""SOLUSDT"",""S"":""Buy"",""v"":""0.7"",""p"":""100.580""}"
2026-09-15T05:10:00.956085Z,1789449000750,ETHUSDT,Buy,0.11,2479.45,"{""T"":1789449000750,""s"":""ETHUSDT"",""S"":""Buy"",""v"":""0.11"",""p"":""2479.45""}"
2026-09-15T05:10:00.956085Z,1789449000857,ETHUSDT,Buy,19.71,2479.59,"{""T"":1789449000857,""s"":""ETHUSDT"",""S"":""Buy"",""v"":""19.71"",""p"":""2479.59""}"
2026-09-15T05:10:01.337112Z,1789449000848,XRPUSDT,Buy,10.8,1.4001,"{""T"":1789449000848,""s"":""XRPUSDT"",""S"":""Buy"",""v"":""10.8"",""p"":""1.4001""}"
2026-09-15T05:10:01.337112Z,1789449000995,XRPUSDT,Buy,1089.4,1.3997,"{""T"":1789449000995,""s"":""XRPUSDT"",""S"":""Buy"",""v"":""1089.4"",""p"":""1.3997""}"
2026-09-15T05:10:01.337112Z,1789449001065,XRPUSDT,Buy,72.9,1.4004,"{""T"":1789449001065,""s"":""XRPUSDT"",""S"":""Buy"",""v"":""72.9"",""p"":""1.4004""}"
2026-09-15T05:10:01.337112Z,1789449001124,XRPUSDT,Buy,10000.0,1.4001,"{""T"":1789449001124,""s"":""XRPUSDT"",""S"":""Buy"",""v"":""10000.0"",""p"":""1.4001""}"
2026-09-15T05:10:01.455760Z,1789449001124,ETHUSDT,Buy,3.00,2479.74,"{""T"":1789449001124,""s"":""ETHUSDT"",""S"":""Buy"",""v"":""3.00"",""p"":""2479.74""}"
2026-09-15T05:10:01.837031Z,1789449001742,XRPUSDT,Buy,4.6,1.4000,"{""T"":1789449001742,""s"":""XRPUSDT"",""S"":""Buy"",""v"":""4.6"",""p"":""1.4000""}"
2026-09-15T05:10:02.337066Z,1789449002237,XRPUSDT,Buy,12.9,1.3996,"{""T"":1789449002237,""s"":""XRPUSDT"",""S"":""Buy"",""v"":""12.9"",""p"":""1.3996""}"
2026-09-15T05:10:02.955609Z,1789449002527,ETHUSDT,Buy,0.27,2479.19,"{""T"":1789449002527,""s"":""ETHUSDT"",""S"":""Buy"",""v"":""0.27"",""p"":""2479.19""}"
2026-09-15T05:10:03.336814Z,1789449003196,XRPUSDT,Buy,1000.0,1.3995,"{""T"":1789449003196,""s"":""XRPUSDT"",""S"":""Buy"",""v"":""1000.0"",""p"":""1.3995""}"
2026-09-15T05:10:03.413606Z,1789449002939,DOGEUSDT,Buy,9400,0.08233,"{""T"":1789449002939,""s"":""DOGEUSDT"",""S"":""Buy"",""v"":""9400"",""p"":""0.08233""}"
2026-09-15T05:10:03.413606Z,1789449003201,DOGEUSDT,Buy,2879,0.08234,"{""T"":1789449003201,""s"":""DOGEUSDT"",""S"":""Buy"",""v"":""2879"",""p"":""0.08234""}"
2026-09-15T05:10:03.413606Z,1789449003228,DOGEUSDT,Buy,5386,0.08233,"{""T"":1789449003228,""s"":""DOGEUSDT"",""S"":""Buy"",""v"":""5386"",""p"":""0.08233""}"
2026-09-15T05:10:03.837998Z,1789449003348,XRPUSDT,Buy,1201.7,1.3994,"{""T"":1789449003348,""s"":""XRPUSDT"",""S"":""Buy"",""v"":""1201.7"",""p"":""1.3994""}"
2026-09-15T05:10:04.562071Z,1789449004408,SOLUSDT,Buy,12.0,100.520,"{""T"":1789449004408,""s"":""SOLUSDT"",""S"":""Buy"",""v"":""12.0"",""p"":""100.520""}"
2026-09-15T05:10:36.065767Z,1789449035912,BTCUSDT,Buy,0.041,77244.70,"{""T"":1789449035912,""s"":""BTCUSDT"",""S"":""Buy"",""v"":""0.041"",""p"":""77244.70""}"
2026-09-15T05:10:37.065747Z,1789449036522,BTCUSDT,Buy,0.004,77238.20,"{""T"":1789449036522,""s"":""BTCUSDT"",""S"":""Buy"",""v"":""0.004"",""p"":""77238.20""}"
2026-09-15T05:10:37.065747Z,1789449036727,BTCUSDT,Buy,0.224,77240.50,"{""T"":1789449036727,""s"":""BTCUSDT"",""S"":""Buy"",""v"":""0.224"",""p"":""77240.50""}"
2026-09-15T05:10:38.562273Z,1789449038183,SOLUSDT,Buy,28.1,100.490,"{""T"":1789449038183,""s"":""SOLUSDT"",""S"":""Buy"",""v"":""28.1"",""p"":""100.490""}"
2026-09-15T05:10:38.562273Z,1789449038282,SOLUSDT,Buy,39.1,100.470,"{""T"":1789449038282,""s"":""SOLUSDT"",""S"":""Buy"",""v"":""39.1"",""p"":""100.470""}"
2026-09-15T05:10:39.062364Z,1789449038789,SOLUSDT,Buy,3.7,100.500,"{""T"":1789449038789,""s"":""SOLUSDT"",""S"":""Buy"",""v"":""3.7"",""p"":""100.500""}"
2026-09-15T05:10:39.065078Z,1789449038828,BTCUSDT,Buy,0.001,77243.50,"{""T"":1789449038828,""s"":""BTCUSDT"",""S"":""Buy"",""v"":""0.001"",""p"":""77243.50""}"
2026-09-15T05:10:39.065078Z,1789449038970,BTCUSDT,Buy,0.002,77235.40,"{""T"":1789449038970,""s"":""BTCUSDT"",""S"":""Buy"",""v"":""0.002"",""p"":""77235.40""}"
2026-09-15T05:10:39.336840Z,1789449038828,XRPUSDT,Buy,205.3,1.3987,"{""T"":1789449038828,""s"":""XRPUSDT"",""S"":""Buy"",""v"":""205.3"",""p"":""1.3987""}"
2026-09-15T05:10:39.565385Z,1789449039322,BTCUSDT,Buy,0.001,77234.80,"{""T"":1789449039322,""s"":""BTCUSDT"",""S"":""Buy"",""v"":""0.001"",""p"":""77234.80""}"
2026-09-15T05:10:39.812378Z,1789449039690,ASTERUSDT,Buy,13,0.6817,"{""T"":1789449039690,""s"":""ASTERUSDT"",""S"":""Buy"",""v"":""13"",""p"":""0.6817""}"
2026-09-15T05:10:39.837396Z,1789449039453,XRPUSDT,Buy,1000.0,1.3987,"{""T"":1789449039453,""s"":""XRPUSDT"",""S"":""Buy"",""v"":""1000.0"",""p"":""1.3987""}"
2026-09-15T05:10:39.992594Z,1789449039897,SUIUSDT,Buy,270,0.70270,"{""T"":1789449039897,""s"":""SUIUSDT"",""S"":""Buy"",""v"":""270"",""p"":""0.70270""}"
2026-09-15T05:10:40.312557Z,1789449039895,TRUMPUSDT,Buy,74.8,1.934,"{""T"":1789449039895,""s"":""TRUMPUSDT"",""S"":""Buy"",""v"":""74.8"",""p"":""1.934""}"
2026-09-15T05:10:40.313013Z,1789449040188,PUMPFUNUSDT,Buy,2500,0.0035910,"{""T"":1789449040188,""s"":""PUMPFUNUSDT"",""S"":""Buy"",""v"":""2500"",""p"":""0.0035910""}"
2026-09-15T05:10:40.313013Z,1789449040218,PUMPFUNUSDT,Buy,5200,0.0035900,"{""T"":1789449040218,""s"":""PUMPFUNUSDT"",""S"":""Buy"",""v"":""5200"",""p"":""0.0035900""}"
2026-09-15T05:10:40.336902Z,1789449040074,XRPUSDT,Buy,128.0,1.3979,"{""T"":1789449040074,""s"":""XRPUSDT"",""S"":""Buy"",""v"":""128.0"",""p"":""1.3979""}"
2026-09-15T05:10:40.336902Z,1789449040102,XRPUSDT,Buy,131.9,1.3982,"{""T"":1789449040102,""s"":""XRPUSDT"",""S"":""Buy"",""v"":""131.9"",""p"":""1.3982""}"
2026-09-15T05:10:40.413746Z,1789449039975,ADAUSDT,Buy,10766,0.2025,"{""T"":1789449039975,""s"":""ADAUSDT"",""S"":""Buy"",""v"":""10766"",""p"":""0.2025""}"
2026-09-15T05:10:40.414210Z,1789449039914,DOGEUSDT,Buy,3955,0.08221,"{""T"":1789449039914,""s"":""DOGEUSDT"",""S"":""Buy"",""v"":""3955"",""p"":""0.08221""}"
2026-09-15T05:10:40.486483Z,1789449039975,SOXLUSDT,Buy,12.61,99.97,"{""T"":1789449039975,""s"":""SOXLUSDT"",""S"":""Buy"",""v"":""12.61"",""p"":""99.97""}"
2026-09-15T05:10:40.487002Z,1789449039975,XAUUSDT,Buy,1.167,4289.65,"{""T"":1789449039975,""s"":""XAUUSDT"",""S"":""Buy"",""v"":""1.167"",""p"":""4289.65""}"
2026-09-15T05:10:40.837900Z,1789449040350,XRPUSDT,Buy,721.3,1.3982,"{""T"":1789449040350,""s"":""XRPUSDT"",""S"":""Buy"",""v"":""721.3"",""p"":""1.3982""}"
2026-09-15T05:10:40.837900Z,1789449040450,XRPUSDT,Buy,3.8,1.3981,"{""T"":1789449040450,""s"":""XRPUSDT"",""S"":""Buy"",""v"":""3.8"",""p"":""1.3981""}"
2026-09-15T05:10:40.837900Z,1789449040456,XRPUSDT,Buy,292.0,1.3984,"{""T"":1789449040456,""s"":""XRPUSDT"",""S"":""Buy"",""v"":""292.0"",""p"":""1.3984""}"
2026-09-15T05:10:40.956165Z,1789449040435,ETHUSDT,Buy,0.15,2476.64,"{""T"":1789449040435,""s"":""ETHUSDT"",""S"":""Buy"",""v"":""0.15"",""p"":""2476.64""}"
2026-09-15T05:10:40.956165Z,1789449040446,ETHUSDT,Buy,71.27,2476.69,"{""T"":1789449040446,""s"":""ETHUSDT"",""S"":""Buy"",""v"":""71.27"",""p"":""2476.69""}"
2026-09-15T05:10:41.062053Z,1789449040825,SOLUSDT,Buy,43.0,100.480,"{""T"":1789449040825,""s"":""SOLUSDT"",""S"":""Buy"",""v"":""43.0"",""p"":""100.480""}"
2026-09-15T05:10:42.562170Z,1789449042124,SOLUSDT,Buy,33.7,100.450,"{""T"":1789449042124,""s"":""SOLUSDT"",""S"":""Buy"",""v"":""33.7"",""p"":""100.450""}"
2026-09-15T05:10:42.825051Z,1789449042524,ENAUSDT,Buy,31305,0.13935,"{""T"":1789449042524,""s"":""ENAUSDT"",""S"":""Buy"",""v"":""31305"",""p"":""0.13935""}"
2026-09-15T05:10:42.956543Z,1789449042379,ETHUSDT,Buy,20.00,2476.27,"{""T"":1789449042379,""s"":""ETHUSDT"",""S"":""Buy"",""v"":""20.00"",""p"":""2476.27""}"
2026-09-15T05:10:43.065185Z,1789449042957,BTCUSDT,Buy,0.028,77214.30,"{""T"":1789449042957,""s"":""BTCUSDT"",""S"":""Buy"",""v"":""0.028"",""p"":""77214.30""}"
2026-09-15T05:10:46.065786Z,1789449045755,BTCUSDT,Buy,0.004,77205.40,"{""T"":1789449045755,""s"":""BTCUSDT"",""S"":""Buy"",""v"":""0.004"",""p"":""77205.40""}"
2026-09-15T05:10:46.565328Z,1789449046133,BTCUSDT,Buy,0.022,77200.60,"{""T"":1789449046133,""s"":""BTCUSDT"",""S"":""Buy"",""v"":""0.022"",""p"":""77200.60""}"
2026-09-15T05:10:48.562064Z,1789449048144,SOLUSDT,Buy,24.2,100.420,"{""T"":1789449048144,""s"":""SOLUSDT"",""S"":""Buy"",""v"":""24.2"",""p"":""100.420""}"
2026-09-15T05:10:48.564908Z,1789449048174,BTCUSDT,Buy,0.012,77194.80,"{""T"":1789449048174,""s"":""BTCUSDT"",""S"":""Buy"",""v"":""0.012"",""p"":""77194.80""}"
2026-09-15T05:10:48.955892Z,1789449048540,ETHUSDT,Buy,0.24,2475.44,"{""T"":1789449048540,""s"":""ETHUSDT"",""S"":""Buy"",""v"":""0.24"",""p"":""2475.44""}"
2026-09-15T05:10:49.062842Z,1789449048882,SOLUSDT,Buy,2.4,100.440,"{""T"":1789449048882,""s"":""SOLUSDT"",""S"":""Buy"",""v"":""2.4"",""p"":""100.440""}"
2026-09-15T05:10:49.065158Z,1789449048883,BTCUSDT,Buy,0.011,77185.70,"{""T"":1789449048883,""s"":""BTCUSDT"",""S"":""Buy"",""v"":""0.011"",""p"":""77185.70""}"
2026-09-15T05:10:49.065158Z,1789449048967,BTCUSDT,Buy,0.409,77194.70,"{""T"":1789449048967,""s"":""BTCUSDT"",""S"":""Buy"",""v"":""0.409"",""p"":""77194.70""}"
2026-09-15T05:10:49.337341Z,1789449048778,XRPUSDT,Buy,501.0,1.3972,"{""T"":1789449048778,""s"":""XRPUSDT"",""S"":""Buy"",""v"":""501.0"",""p"":""1.3972""}"
2026-09-15T05:10:49.337341Z,1789449048967,XRPUSDT,Buy,23370.0,1.3973,"{""T"":1789449048967,""s"":""XRPUSDT"",""S"":""Buy"",""v"":""23370.0"",""p"":""1.3973""}"
2026-09-15T05:10:49.337341Z,1789449048995,XRPUSDT,Buy,501.9,1.3974,"{""T"":1789449048995,""s"":""XRPUSDT"",""S"":""Buy"",""v"":""501.9"",""p"":""1.3974""}"
2026-09-15T05:10:49.413676Z,1789449048906,ARBUSDT,Buy,14358.7,0.13053,"{""T"":1789449048906,""s"":""ARBUSDT"",""S"":""Buy"",""v"":""14358.7"",""p"":""0.13053""}"
2026-09-15T05:10:49.455747Z,1789449048992,ETHUSDT,Buy,0.65,2475.02,"{""T"":1789449048992,""s"":""ETHUSDT"",""S"":""Buy"",""v"":""0.65"",""p"":""2475.02""}"
2026-09-15T05:10:49.455747Z,1789449049103,ETHUSDT,Buy,0.06,2474.93,"{""T"":1789449049103,""s"":""ETHUSDT"",""S"":""Buy"",""v"":""0.06"",""p"":""2474.93""}"
2026-09-15T05:10:49.455747Z,1789449049230,ETHUSDT,Buy,11.83,2474.89,"{""T"":1789449049230,""s"":""ETHUSDT"",""S"":""Buy"",""v"":""11.83"",""p"":""2474.89""}"
2026-09-15T05:10:49.562852Z,1789449049062,SOLUSDT,Buy,13.0,100.420,"{""T"":1789449049062,""s"":""SOLUSDT"",""S"":""Buy"",""v"":""13.0"",""p"":""100.420""}"
2026-09-15T05:10:49.562852Z,1789449049419,SOLUSDT,Buy,256.2,100.410,"{""T"":1789449049419,""s"":""SOLUSDT"",""S"":""Buy"",""v"":""256.2"",""p"":""100.410""}"
2026-09-15T05:10:49.565173Z,1789449049167,BTCUSDT,Buy,0.001,77142.90,"{""T"":1789449049167,""s"":""BTCUSDT"",""S"":""Buy"",""v"":""0.001"",""p"":""77142.90""}"
2026-09-15T05:10:49.565173Z,1789449049172,BTCUSDT,Buy,0.004,77162.50,"{""T"":1789449049172,""s"":""BTCUSDT"",""S"":""Buy"",""v"":""0.004"",""p"":""77162.50""}"
2026-09-15T05:10:49.565173Z,1789449049181,BTCUSDT,Buy,0.009,77170.20,"{""T"":1789449049181,""s"":""BTCUSDT"",""S"":""Buy"",""v"":""0.009"",""p"":""77170.20""}"
2026-09-15T05:10:49.565173Z,1789449049202,BTCUSDT,Buy,0.006,77147.30,"{""T"":1789449049202,""s"":""BTCUSDT"",""S"":""Buy"",""v"":""0.006"",""p"":""77147.30""}"
2026-09-15T05:10:49.812269Z,1789449049421,XPLUSDT,Buy,60879,0.08099,"{""T"":1789449049421,""s"":""XPLUSDT"",""S"":""Buy"",""v"":""60879"",""p"":""0.08099""}"
2026-09-15T05:10:49.812269Z,1789449049522,XPLUSDT,Buy,48417,0.08096,"{""T"":1789449049522,""s"":""XPLUSDT"",""S"":""Buy"",""v"":""48417"",""p"":""0.08096""}"
2026-09-15T05:10:49.847701Z,1789449049522,XLMUSDT,Buy,51350,0.19030,"{""T"":1789449049522,""s"":""XLMUSDT"",""S"":""Buy"",""v"":""51350"",""p"":""0.19030""}"
2026-09-15T05:10:49.955705Z,1789449049799,ETHUSDT,Buy,0.03,2474.64,"{""T"":1789449049799,""s"":""ETHUSDT"",""S"":""Buy"",""v"":""0.03"",""p"":""2474.64""}"
2026-09-15T05:10:50.065706Z,1789449049620,BTCUSDT,Buy,0.013,77172.00,"{""T"":1789449049620,""s"":""BTCUSDT"",""S"":""Buy"",""v"":""0.013"",""p"":""77172.00""}"
2026-09-15T05:10:50.065706Z,1789449049698,BTCUSDT,Buy,0.015,77157.40,"{""T"":1789449049698,""s"":""BTCUSDT"",""S"":""Buy"",""v"":""0.015"",""p"":""77157.40""}"
2026-09-15T05:10:50.065706Z,1789449049817,BTCUSDT,Buy,0.002,77150.50,"{""T"":1789449049817,""s"":""BTCUSDT"",""S"":""Buy"",""v"":""0.002"",""p"":""77150.50""}"
2026-09-15T05:10:50.065706Z,1789449049838,BTCUSDT,Buy,0.001,77171.90,"{""T"":1789449049838,""s"":""BTCUSDT"",""S"":""Buy"",""v"":""0.001"",""p"":""77171.90""}"
2026-09-15T05:10:50.491977Z,1789449050188,SUIUSDT,Buy,1170,0.70160,"{""T"":1789449050188,""s"":""SUIUSDT"",""S"":""Buy"",""v"":""1170"",""p"":""0.70160""}"
2026-09-15T05:10:52.986596Z,1789449052409,BTWUSDT,Sell,13130,0.70432,"{""T"":1789449052409,""s"":""BTWUSDT"",""S"":""Sell"",""v"":""13130"",""p"":""0.70432""}"
2026-09-15T05:10:52.986596Z,1789449052565,BTWUSDT,Sell,20,0.70689,"{""T"":1789449052565,""s"":""BTWUSDT"",""S"":""Sell"",""v"":""20"",""p"":""0.70689""}"
2026-09-15T05:10:55.858809Z,1789449055769,TUSDT,Buy,19410,0.004616,"{""T"":1789449055769,""s"":""TUSDT"",""S"":""Buy"",""v"":""19410"",""p"":""0.004616""}"
2026-09-15T05:10:56.359993Z,1789449056002,TUSDT,Buy,48920,0.004621,"{""T"":1789449056002,""s"":""TUSDT"",""S"":""Buy"",""v"":""48920"",""p"":""0.004621""}"
2026-09-15T05:10:56.859018Z,1789449056590,TUSDT,Buy,35670,0.004622,"{""T"":1789449056590,""s"":""TUSDT"",""S"":""Buy"",""v"":""35670"",""p"":""0.004622""}"
2026-09-15T05:12:12.316272Z,1789449132105,HYPEUSDT,Buy,8.86,78.560,"{""T"":1789449132105,""s"":""HYPEUSDT"",""S"":""Buy"",""v"":""8.86"",""p"":""78.560""}"
2026-09-15T05:12:14.812813Z,1789449134517,HYPEUSDT,Buy,30.55,78.550,"{""T"":1789449134517,""s"":""HYPEUSDT"",""S"":""Buy"",""v"":""30.55"",""p"":""78.550""}"
2026-09-15T05:12:38.815735Z,1789449158531,HYPEUSDT,Buy,9.38,78.520,"{""T"":1789449158531,""s"":""HYPEUSDT"",""S"":""Buy"",""v"":""9.38"",""p"":""78.520""}"
2026-09-15T05:12:46.455846Z,1789449165895,ETHUSDT,Buy,0.30,2474.15,"{""T"":1789449165895,""s"":""ETHUSDT"",""S"":""Buy"",""v"":""0.30"",""p"":""2474.15""}"
2026-09-15T05:12:46.455846Z,1789449166211,ETHUSDT,Buy,0.02,2474.30,"{""T"":1789449166211,""s"":""ETHUSDT"",""S"":""Buy"",""v"":""0.02"",""p"":""2474.30""}"
2026-09-15T05:12:48.836870Z,1789449168316,XRPUSDT,Buy,4057.6,1.3969,"{""T"":1789449168316,""s"":""XRPUSDT"",""S"":""Buy"",""v"":""4057.6"",""p"":""1.3969""}"
2026-09-15T05:13:02.337286Z,1789449182011,XRPUSDT,Buy,843.7,1.3964,"{""T"":1789449182011,""s"":""XRPUSDT"",""S"":""Buy"",""v"":""843.7"",""p"":""1.3964""}"
2026-09-15T05:13:02.407708Z,1789449182040,POWERUSDT,Sell,668,0.20223,"{""T"":1789449182040,""s"":""POWERUSDT"",""S"":""Sell"",""v"":""668"",""p"":""0.20223""}"
2026-09-15T05:13:02.456463Z,1789449182335,ETHUSDT,Buy,0.03,2473.86,"{""T"":1789449182335,""s"":""ETHUSDT"",""S"":""Buy"",""v"":""0.03"",""p"":""2473.86""}"
2026-09-15T05:13:02.496247Z,1789449182334,PENGUUSDT,Buy,3330,0.006973,"{""T"":1789449182334,""s"":""PENGUUSDT"",""S"":""Buy"",""v"":""3330"",""p"":""0.006973""}"
2026-09-15T05:13:02.635041Z,1789449182426,PENDLEUSDT,Buy,9,2.3300,"{""T"":1789449182426,""s"":""PENDLEUSDT"",""S"":""Buy"",""v"":""9"",""p"":""2.3300""}"
2026-09-15T05:13:02.825225Z,1789449182334,FARTCOINUSDT,Buy,679,0.13967,"{""T"":1789449182334,""s"":""FARTCOINUSDT"",""S"":""Buy"",""v"":""679"",""p"":""0.13967""}"
2026-09-15T05:13:02.837141Z,1789449182396,XRPUSDT,Buy,312.8,1.3962,"{""T"":1789449182396,""s"":""XRPUSDT"",""S"":""Buy"",""v"":""312.8"",""p"":""1.3962""}"
2026-09-15T05:13:02.859076Z,1789449182426,APTUSDT,Buy,50.00,0.5774,"{""T"":1789449182426,""s"":""APTUSDT"",""S"":""Buy"",""v"":""50.00"",""p"":""0.5774""}"
2026-09-15T05:13:02.986444Z,1789449182426,CLUSDT,Buy,0.75,98.320,"{""T"":1789449182426,""s"":""CLUSDT"",""S"":""Buy"",""v"":""0.75"",""p"":""98.320""}"
2026-09-15T05:13:02.992066Z,1789449182426,SUIUSDT,Buy,230,0.70250,"{""T"":1789449182426,""s"":""SUIUSDT"",""S"":""Buy"",""v"":""230"",""p"":""0.70250""}"
2026-09-15T05:13:10.312340Z,1789449190160,HYPEUSDT,Buy,1.74,78.510,"{""T"":1789449190160,""s"":""HYPEUSDT"",""S"":""Buy"",""v"":""1.74"",""p"":""78.510""}"
2026-09-15T05:13:14.826309Z,1789449194287,ENAUSDT,Buy,38,0.13893,"{""T"":1789449194287,""s"":""ENAUSDT"",""S"":""Buy"",""v"":""38"",""p"":""0.13893""}"
2026-09-15T05:13:16.413988Z,1789449196236,ADAUSDT,Buy,70,0.2019,"{""T"":1789449196236,""s"":""ADAUSDT"",""S"":""Buy"",""v"":""70"",""p"":""0.2019""}"
2026-09-15T05:13:17.414186Z,1789449196970,ADAUSDT,Buy,1354,0.2021,"{""T"":1789449196970,""s"":""ADAUSDT"",""S"":""Buy"",""v"":""1354"",""p"":""0.2021""}"
2026-09-15T05:13:17.565160Z,1789449197114,BTCUSDT,Buy,0.004,77134.30,"{""T"":1789449197114,""s"":""BTCUSDT"",""S"":""Buy"",""v"":""0.004"",""p"":""77134.30""}"
2026-09-15T05:13:18.812475Z,1789449198495,TRUMPUSDT,Buy,39.4,1.934,"{""T"":1789449198495,""s"":""TRUMPUSDT"",""S"":""Buy"",""v"":""39.4"",""p"":""1.934""}"
2026-09-15T05:13:18.837332Z,1789449198495,XRPUSDT,Buy,185.9,1.3963,"{""T"":1789449198495,""s"":""XRPUSDT"",""S"":""Buy"",""v"":""185.9"",""p"":""1.3963""}"
2026-09-15T05:13:18.913592Z,1789449198495,DOGEUSDT,Buy,2368,0.08218,"{""T"":1789449198495,""s"":""DOGEUSDT"",""S"":""Buy"",""v"":""2368"",""p"":""0.08218""}"
2026-09-15T05:13:18.955509Z,1789449198495,ETHUSDT,Buy,0.36,2473.29,"{""T"":1789449198495,""s"":""ETHUSDT"",""S"":""Buy"",""v"":""0.36"",""p"":""2473.29""}"
2026-09-15T05:13:18.996528Z,1789449198495,LINKUSDT,Buy,13.4,11.321,"{""T"":1789449198495,""s"":""LINKUSDT"",""S"":""Buy"",""v"":""13.4"",""p"":""11.321""}"
2026-09-15T05:13:19.016669Z,1789449198495,ATOMUSDT,Buy,61.6,1.5710,"{""T"":1789449198495,""s"":""ATOMUSDT"",""S"":""Buy"",""v"":""61.6"",""p"":""1.5710""}"
2026-09-15T05:13:19.017165Z,1789449198495,AVAXUSDT,Buy,23.9,7.434,"{""T"":1789449198495,""s"":""AVAXUSDT"",""S"":""Buy"",""v"":""23.9"",""p"":""7.434""}"
2026-09-15T05:13:19.017566Z,1789449198496,TAOUSDT,Buy,0.281,229.77,"{""T"":1789449198496,""s"":""TAOUSDT"",""S"":""Buy"",""v"":""0.281"",""p"":""229.77""}"
2026-09-15T05:13:19.062126Z,1789449198495,SOLUSDT,Buy,2.7,100.410,"{""T"":1789449198495,""s"":""SOLUSDT"",""S"":""Buy"",""v"":""2.7"",""p"":""100.410""}"
2026-09-15T05:13:19.065123Z,1789449198495,BTCUSDT,Buy,0.008,77132.40,"{""T"":1789449198495,""s"":""BTCUSDT"",""S"":""Buy"",""v"":""0.008"",""p"":""77132.40""}"
2026-09-15T05:13:19.065123Z,1789449198495,BTCUSDT,Buy,0.050,77133.20,"{""T"":1789449198495,""s"":""BTCUSDT"",""S"":""Buy"",""v"":""0.050"",""p"":""77133.20""}"
2026-09-15T05:13:19.065123Z,1789449198969,BTCUSDT,Buy,0.003,77131.90,"{""T"":1789449198969,""s"":""BTCUSDT"",""S"":""Buy"",""v"":""0.003"",""p"":""77131.90""}"
2026-09-15T05:13:19.565557Z,1789449198985,BTCUSDT,Buy,0.031,77129.90,"{""T"":1789449198985,""s"":""BTCUSDT"",""S"":""Buy"",""v"":""0.031"",""p"":""77129.90""}"
2026-09-15T05:13:19.956284Z,1789449199653,ETHUSDT,Buy,0.31,2472.99,"{""T"":1789449199653,""s"":""ETHUSDT"",""S"":""Buy"",""v"":""0.31"",""p"":""2472.99""}"
2026-09-15T05:13:19.956284Z,1789449199841,ETHUSDT,Buy,5.00,2473.11,"{""T"":1789449199841,""s"":""ETHUSDT"",""S"":""Buy"",""v"":""5.00"",""p"":""2473.11""}"
2026-09-15T05:13:20.016078Z,1789449199841,LTCUSDT,Buy,50.0,52.25,"{""T"":1789449199841,""s"":""LTCUSDT"",""S"":""Buy"",""v"":""50.0"",""p"":""52.25""}"
2026-09-15T05:13:20.312500Z,1789449199841,PUMPFUNUSDT,Buy,500000,0.0035800,"{""T"":1789449199841,""s"":""PUMPFUNUSDT"",""S"":""Buy"",""v"":""500000"",""p"":""0.0035800""}"
2026-09-15T05:13:20.337532Z,1789449200056,XRPUSDT,Buy,206.5,1.3957,"{""T"":1789449200056,""s"":""XRPUSDT"",""S"":""Buy"",""v"":""206.5"",""p"":""1.3957""}"
2026-09-15T05:13:20.455572Z,1789449199892,ETHUSDT,Buy,0.01,2472.95,"{""T"":1789449199892,""s"":""ETHUSDT"",""S"":""Buy"",""v"":""0.01"",""p"":""2472.95""}"
2026-09-15T05:13:20.455572Z,1789449200078,ETHUSDT,Buy,0.01,2473.12,"{""T"":1789449200078,""s"":""ETHUSDT"",""S"":""Buy"",""v"":""0.01"",""p"":""2473.12""}"
2026-09-15T05:13:20.838106Z,1789449200338,XRPUSDT,Buy,339.5,1.3958,"{""T"":1789449200338,""s"":""XRPUSDT"",""S"":""Buy"",""v"":""339.5"",""p"":""1.3958""}"
2026-09-15T05:13:20.838106Z,1789449200525,XRPUSDT,Buy,22.0,1.3958,"{""T"":1789449200525,""s"":""XRPUSDT"",""S"":""Buy"",""v"":""22.0"",""p"":""1.3958""}"
2026-09-15T05:13:22.062805Z,1789449201707,FILUSDT,Buy,130.6,0.8664,"{""T"":1789449201707,""s"":""FILUSDT"",""S"":""Buy"",""v"":""130.6"",""p"":""0.8664""}"
2026-09-15T05:13:23.337875Z,1789449202965,CVCUSDT,Buy,205,0.03174,"{""T"":1789449202965,""s"":""CVCUSDT"",""S"":""Buy"",""v"":""205"",""p"":""0.03174""}"
2026-09-15T05:13:24.324914Z,1789449203996,FARTCOINUSDT,Buy,100,0.13933,"{""T"":1789449203996,""s"":""FARTCOINUSDT"",""S"":""Buy"",""v"":""100"",""p"":""0.13933""}"
2026-09-15T05:13:24.324914Z,1789449204158,FARTCOINUSDT,Buy,37,0.13935,"{""T"":1789449204158,""s"":""FARTCOINUSDT"",""S"":""Buy"",""v"":""37"",""p"":""0.13935""}"
2026-09-15T05:13:26.065099Z,1789449205578,BTCUSDT,Buy,0.039,77125.80,"{""T"":1789449205578,""s"":""BTCUSDT"",""S"":""Buy"",""v"":""0.039"",""p"":""77125.80""}"
2026-09-15T05:13:27.907722Z,1789449207530,POWERUSDT,Buy,387,0.18543,"{""T"":1789449207530,""s"":""POWERUSDT"",""S"":""Buy"",""v"":""387"",""p"":""0.18543""}"
2026-09-15T05:13:27.907722Z,1789449207662,POWERUSDT,Buy,84,0.18434,"{""T"":1789449207662,""s"":""POWERUSDT"",""S"":""Buy"",""v"":""84"",""p"":""0.18434""}"
2026-09-15T05:13:28.408179Z,1789449207887,POWERUSDT,Buy,280,0.18493,"{""T"":1789449207887,""s"":""POWERUSDT"",""S"":""Buy"",""v"":""280"",""p"":""0.18493""}"
2026-09-15T05:13:28.408179Z,1789449207922,POWERUSDT,Buy,132,0.18672,"{""T"":1789449207922,""s"":""POWERUSDT"",""S"":""Buy"",""v"":""132"",""p"":""0.18672""}"
2026-09-15T05:13:28.408179Z,1789449207955,POWERUSDT,Buy,274,0.18464,"{""T"":1789449207955,""s"":""POWERUSDT"",""S"":""Buy"",""v"":""274"",""p"":""0.18464""}"
2026-09-15T05:13:28.408179Z,1789449208047,POWERUSDT,Buy,1538,0.18591,"{""T"":1789449208047,""s"":""POWERUSDT"",""S"":""Buy"",""v"":""1538"",""p"":""0.18591""}"
2026-09-15T05:13:29.348089Z,1789449209110,MARSCOINUSDT,Buy,18530,0.08467,"{""T"":1789449209110,""s"":""MARSCOINUSDT"",""S"":""Buy"",""v"":""18530"",""p"":""0.08467""}"
2026-09-15T05:13:31.566228Z,1789449211003,BTCUSDT,Buy,0.136,77114.40,"{""T"":1789449211003,""s"":""BTCUSDT"",""S"":""Buy"",""v"":""0.136"",""p"":""77114.40""}"
2026-09-15T05:13:31.566228Z,1789449211054,BTCUSDT,Buy,0.012,77118.30,"{""T"":1789449211054,""s"":""BTCUSDT"",""S"":""Buy"",""v"":""0.012"",""p"":""77118.30""}"
2026-09-15T05:13:31.566228Z,1789449211304,BTCUSDT,Buy,0.002,77114.40,"{""T"":1789449211304,""s"":""BTCUSDT"",""S"":""Buy"",""v"":""0.002"",""p"":""77114.40""}"
2026-09-15T05:13:35.336878Z,1789449215222,XRPUSDT,Buy,6085.0,1.3951,"{""T"":1789449215222,""s"":""XRPUSDT"",""S"":""Buy"",""v"":""6085.0"",""p"":""1.3951""}"
2026-09-15T05:13:42.914025Z,1789449222545,ADAUSDT,Buy,28,0.2019,"{""T"":1789449222545,""s"":""ADAUSDT"",""S"":""Buy"",""v"":""28"",""p"":""0.2019""}"
2026-09-15T05:13:43.913911Z,1789449223362,ADAUSDT,Buy,132,0.2018,"{""T"":1789449223362,""s"":""ADAUSDT"",""S"":""Buy"",""v"":""132"",""p"":""0.2018""}"
2026-09-15T05:13:45.063273Z,1789449224867,SOLUSDT,Buy,31.0,100.360,"{""T"":1789449224867,""s"":""SOLUSDT"",""S"":""Buy"",""v"":""31.0"",""p"":""100.360""}"
2026-09-15T05:13:46.329322Z,1789449226178,REZUSDT,Buy,100000,0.003817,"{""T"":1789449226178,""s"":""REZUSDT"",""S"":""Buy"",""v"":""100000"",""p"":""0.003817""}"
2026-09-15T05:13:46.408351Z,1789449226279,POWERUSDT,Buy,1445,0.18448,"{""T"":1789449226279,""s"":""POWERUSDT"",""S"":""Buy"",""v"":""1445"",""p"":""0.18448""}"
2026-09-15T05:13:46.413852Z,1789449226178,DOTUSDT,Buy,500.0,0.9766,"{""T"":1789449226178,""s"":""DOTUSDT"",""S"":""Buy"",""v"":""500.0"",""p"":""0.9766""}"
2026-09-15T05:13:46.562081Z,1789449226177,FILUSDT,Buy,300.0,0.8650,"{""T"":1789449226177,""s"":""FILUSDT"",""S"":""Buy"",""v"":""300.0"",""p"":""0.8650""}"
2026-09-15T05:13:50.915080Z,1789449230388,ARBUSDT,Buy,695.1,0.13041,"{""T"":1789449230388,""s"":""ARBUSDT"",""S"":""Buy"",""v"":""695.1"",""p"":""0.13041""}"
2026-09-15T05:13:56.914081Z,1789449236621,ARBUSDT,Buy,75.6,0.13014,"{""T"":1789449236621,""s"":""ARBUSDT"",""S"":""Buy"",""v"":""75.6"",""p"":""0.13014""}"
2026-09-15T05:13:56.914081Z,1789449236685,ARBUSDT,Buy,164.6,0.13014,"{""T"":1789449236685,""s"":""ARBUSDT"",""S"":""Buy"",""v"":""164.6"",""p"":""0.13014""}"
2026-09-15T05:13:57.415958Z,1789449236952,ARBUSDT,Buy,4253.0,0.13024,"{""T"":1789449236952,""s"":""ARBUSDT"",""S"":""Buy"",""v"":""4253.0"",""p"":""0.13024""}"
2026-09-15T05:13:57.415958Z,1789449237138,ARBUSDT,Buy,1036.0,0.13033,"{""T"":1789449237138,""s"":""ARBUSDT"",""S"":""Buy"",""v"":""1036.0"",""p"":""0.13033""}"
2026-09-15T05:13:57.913552Z,1789449237349,ARBUSDT,Buy,45.6,0.13029,"{""T"":1789449237349,""s"":""ARBUSDT"",""S"":""Buy"",""v"":""45.6"",""p"":""0.13029""}"
2026-09-15T05:13:58.414486Z,1789449238255,ARBUSDT,Buy,770.5,0.13001,"{""T"":1789449238255,""s"":""ARBUSDT"",""S"":""Buy"",""v"":""770.5"",""p"":""0.13001""}"
2026-09-15T05:13:58.914062Z,1789449238436,ARBUSDT,Buy,204256.5,0.13006,"{""T"":1789449238436,""s"":""ARBUSDT"",""S"":""Buy"",""v"":""204256.5"",""p"":""0.13006""}"
2026-09-15T05:13:58.914062Z,1789449238697,ARBUSDT,Buy,200.0,0.13009,"{""T"":1789449238697,""s"":""ARBUSDT"",""S"":""Buy"",""v"":""200.0"",""p"":""0.13009""}"
2026-09-15T05:14:01.956739Z,1789449241747,ETHUSDT,Buy,0.21,2472.37,"{""T"":1789449241747,""s"":""ETHUSDT"",""S"":""Buy"",""v"":""0.21"",""p"":""2472.37""}"
2026-09-15T05:14:02.812349Z,1789449242377,HYPEUSDT,Buy,63.17,78.450,"{""T"":1789449242377,""s"":""HYPEUSDT"",""S"":""Buy"",""v"":""63.17"",""p"":""78.450""}"
2026-09-15T05:14:03.455536Z,1789449243310,ETHUSDT,Buy,0.61,2472.04,"{""T"":1789449243310,""s"":""ETHUSDT"",""S"":""Buy"",""v"":""0.61"",""p"":""2472.04""}"
2026-09-15T05:14:03.955869Z,1789449243437,ETHUSDT,Buy,0.09,2471.86,"{""T"":1789449243437,""s"":""ETHUSDT"",""S"":""Buy"",""v"":""0.09"",""p"":""2471.86""}"
2026-09-15T05:14:04.456313Z,1789449244244,ETHUSDT,Buy,0.15,2471.76,"{""T"":1789449244244,""s"":""ETHUSDT"",""S"":""Buy"",""v"":""0.15"",""p"":""2471.76""}"
2026-09-15T05:14:04.955963Z,1789449244434,ETHUSDT,Buy,0.15,2471.73,"{""T"":1789449244434,""s"":""ETHUSDT"",""S"":""Buy"",""v"":""0.15"",""p"":""2471.73""}"
2026-09-15T05:14:05.348224Z,1789449244857,MARSCOINUSDT,Buy,21450,0.08451,"{""T"":1789449244857,""s"":""MARSCOINUSDT"",""S"":""Buy"",""v"":""21450"",""p"":""0.08451""}"
2026-09-15T05:14:05.413646Z,1789449244857,DOGEUSDT,Buy,50000,0.08213,"{""T"":1789449244857,""s"":""DOGEUSDT"",""S"":""Buy"",""v"":""50000"",""p"":""0.08213""}"
2026-09-15T05:14:08.065683Z,1789449247853,BTCUSDT,Buy,0.022,77096.80,"{""T"":1789449247853,""s"":""BTCUSDT"",""S"":""Buy"",""v"":""0.022"",""p"":""77096.80""}"
2026-09-15T05:14:08.495901Z,1789449248320,PENGUUSDT,Buy,29070,0.006962,"{""T"":1789449248320,""s"":""PENGUUSDT"",""S"":""Buy"",""v"":""29070"",""p"":""0.006962""}"
2026-09-15T05:14:08.565043Z,1789449248320,BTCUSDT,Buy,0.009,77100.40,"{""T"":1789449248320,""s"":""BTCUSDT"",""S"":""Buy"",""v"":""0.009"",""p"":""77100.40""}"
2026-09-15T05:14:08.565043Z,1789449248322,BTCUSDT,Buy,0.031,77096.40,"{""T"":1789449248322,""s"":""BTCUSDT"",""S"":""Buy"",""v"":""0.031"",""p"":""77096.40""}"
2026-09-15T05:14:09.455666Z,1789449249313,ETHUSDT,Buy,0.08,2471.53,"{""T"":1789449249313,""s"":""ETHUSDT"",""S"":""Buy"",""v"":""0.08"",""p"":""2471.53""}"
2026-09-15T05:14:10.065841Z,1789449249917,BTCUSDT,Buy,0.004,77092.50,"{""T"":1789449249917,""s"":""BTCUSDT"",""S"":""Buy"",""v"":""0.004"",""p"":""77092.50""}"
2026-09-15T05:14:11.065270Z,1789449250481,BTCUSDT,Buy,0.001,77089.50,"{""T"":1789449250481,""s"":""BTCUSDT"",""S"":""Buy"",""v"":""0.001"",""p"":""77089.50""}"
2026-09-15T05:14:12.456175Z,1789449251917,ETHUSDT,Buy,0.03,2471.35,"{""T"":1789449251917,""s"":""ETHUSDT"",""S"":""Buy"",""v"":""0.03"",""p"":""2471.35""}"
2026-09-15T05:14:12.456175Z,1789449252357,ETHUSDT,Buy,3.20,2471.26,"{""T"":1789449252357,""s"":""ETHUSDT"",""S"":""Buy"",""v"":""3.20"",""p"":""2471.26""}"
2026-09-15T05:14:16.413567Z,1789449256079,1000PEPEUSDT,Buy,43000,0.0033900,"{""T"":1789449256079,""s"":""1000PEPEUSDT"",""S"":""Buy"",""v"":""43000"",""p"":""0.0033900""}"
2026-09-15T05:14:20.567111Z,1789449260072,BTCUSDT,Buy,0.016,77082.70,"{""T"":1789449260072,""s"":""BTCUSDT"",""S"":""Buy"",""v"":""0.016"",""p"":""77082.70""}"
2026-09-15T05:14:20.914067Z,1789449260770,DOGEUSDT,Buy,203,0.08209,"{""T"":1789449260770,""s"":""DOGEUSDT"",""S"":""Buy"",""v"":""203"",""p"":""0.08209""}"
2026-09-15T05:14:21.065351Z,1789449260589,BTCUSDT,Buy,0.036,77084.70,"{""T"":1789449260589,""s"":""BTCUSDT"",""S"":""Buy"",""v"":""0.036"",""p"":""77084.70""}"
2026-09-15T05:14:21.413571Z,1789449260873,DOGEUSDT,Buy,40525,0.08208,"{""T"":1789449260873,""s"":""DOGEUSDT"",""S"":""Buy"",""v"":""40525"",""p"":""0.08208""}"
2026-09-15T05:14:21.566151Z,1789449261382,BTCUSDT,Buy,0.019,77047.10,"{""T"":1789449261382,""s"":""BTCUSDT"",""S"":""Buy"",""v"":""0.019"",""p"":""77047.10""}"
2026-09-15T05:14:21.566151Z,1789449261384,BTCUSDT,Buy,0.011,77071.40,"{""T"":1789449261384,""s"":""BTCUSDT"",""S"":""Buy"",""v"":""0.011"",""p"":""77071.40""}"
2026-09-15T05:14:21.566151Z,1789449261416,BTCUSDT,Buy,0.001,77072.80,"{""T"":1789449261416,""s"":""BTCUSDT"",""S"":""Buy"",""v"":""0.001"",""p"":""77072.80""}"
2026-09-15T05:14:21.812701Z,1789449261422,PUMPFUNUSDT,Buy,349400,0.0035720,"{""T"":1789449261422,""s"":""PUMPFUNUSDT"",""S"":""Buy"",""v"":""349400"",""p"":""0.0035720""}"
2026-09-15T05:14:21.813202Z,1789449261498,HYPEUSDT,Buy,7.41,78.390,"{""T"":1789449261498,""s"":""HYPEUSDT"",""S"":""Buy"",""v"":""7.41"",""p"":""78.390""}"
2026-09-15T05:14:21.914003Z,1789449261648,DOGEUSDT,Buy,801,0.08209,"{""T"":1789449261648,""s"":""DOGEUSDT"",""S"":""Buy"",""v"":""801"",""p"":""0.08209""}"
2026-09-15T05:14:21.955708Z,1789449261691,ETHUSDT,Buy,0.71,2470.28,"{""T"":1789449261691,""s"":""ETHUSDT"",""S"":""Buy"",""v"":""0.71"",""p"":""2470.28""}"
2026-09-15T05:14:21.986490Z,1789449261901,SNDKUSDT,Buy,0.01,1545.92,"{""T"":1789449261901,""s"":""SNDKUSDT"",""S"":""Buy"",""v"":""0.01"",""p"":""1545.92""}"
2026-09-15T05:14:22.062008Z,1789449261880,SOLUSDT,Buy,8.5,100.310,"{""T"":1789449261880,""s"":""SOLUSDT"",""S"":""Buy"",""v"":""8.5"",""p"":""100.310""}"
2026-09-15T05:14:22.065402Z,1789449261492,BTCUSDT,Buy,0.001,77056.50,"{""T"":1789449261492,""s"":""BTCUSDT"",""S"":""Buy"",""v"":""0.001"",""p"":""77056.50""}"
2026-09-15T05:14:22.065402Z,1789449261585,BTCUSDT,Buy,0.001,77078.40,"{""T"":1789449261585,""s"":""BTCUSDT"",""S"":""Buy"",""v"":""0.001"",""p"":""77078.40""}"
2026-09-15T05:14:22.065402Z,1789449261796,BTCUSDT,Buy,0.011,77066.70,"{""T"":1789449261796,""s"":""BTCUSDT"",""S"":""Buy"",""v"":""0.011"",""p"":""77066.70""}"
2026-09-15T05:14:22.065402Z,1789449261890,BTCUSDT,Buy,0.118,77028.00,"{""T"":1789449261890,""s"":""BTCUSDT"",""S"":""Buy"",""v"":""0.118"",""p"":""77028.00""}"
2026-09-15T05:14:22.065402Z,1789449261970,BTCUSDT,Buy,0.002,77031.00,"{""T"":1789449261970,""s"":""BTCUSDT"",""S"":""Buy"",""v"":""0.002"",""p"":""77031.00""}"
2026-09-15T05:14:22.455747Z,1789449261901,ETHUSDT,Buy,0.01,2470.34,"{""T"":1789449261901,""s"":""ETHUSDT"",""S"":""Buy"",""v"":""0.01"",""p"":""2470.34""}"
2026-09-15T05:14:22.562519Z,1789449262206,SOLUSDT,Buy,7.5,100.290,"{""T"":1789449262206,""s"":""SOLUSDT"",""S"":""Buy"",""v"":""7.5"",""p"":""100.290""}"
2026-09-15T05:14:22.565604Z,1789449262291,BTCUSDT,Buy,0.002,77037.90,"{""T"":1789449262291,""s"":""BTCUSDT"",""S"":""Buy"",""v"":""0.002"",""p"":""77037.90""}"
2026-09-15T05:14:22.955722Z,1789449262371,ETHUSDT,Buy,0.24,2470.35,"{""T"":1789449262371,""s"":""ETHUSDT"",""S"":""Buy"",""v"":""0.24"",""p"":""2470.35""}"
2026-09-15T05:14:23.065719Z,1789449262738,BTCUSDT,Buy,0.012,77038.50,"{""T"":1789449262738,""s"":""BTCUSDT"",""S"":""Buy"",""v"":""0.012"",""p"":""77038.50""}"
2026-09-15T05:14:23.065719Z,1789449262886,BTCUSDT,Buy,0.005,77017.70,"{""T"":1789449262886,""s"":""BTCUSDT"",""S"":""Buy"",""v"":""0.005"",""p"":""77017.70""}"
2026-09-15T05:14:23.312406Z,1789449263009,ASTERUSDT,Buy,1314,0.6811,"{""T"":1789449263009,""s"":""ASTERUSDT"",""S"":""Buy"",""v"":""1314"",""p"":""0.6811""}"
2026-09-15T05:14:23.312406Z,1789449263111,ASTERUSDT,Buy,425,0.6811,"{""T"":1789449263111,""s"":""ASTERUSDT"",""S"":""Buy"",""v"":""425"",""p"":""0.6811""}"
2026-09-15T05:14:23.413763Z,1789449263151,DOGEUSDT,Buy,30000,0.08206,"{""T"":1789449263151,""s"":""DOGEUSDT"",""S"":""Buy"",""v"":""30000"",""p"":""0.08206""}"
2026-09-15T05:14:23.455855Z,1789449263361,ETHUSDT,Buy,0.05,2470.22,"{""T"":1789449263361,""s"":""ETHUSDT"",""S"":""Buy"",""v"":""0.05"",""p"":""2470.22""}"
2026-09-15T05:14:23.563043Z,1789449263464,SOLUSDT,Buy,3.1,100.280,"{""T"":1789449263464,""s"":""SOLUSDT"",""S"":""Buy"",""v"":""3.1"",""p"":""100.280""}"
2026-09-15T05:14:23.565136Z,1789449263198,BTCUSDT,Buy,0.002,77009.40,"{""T"":1789449263198,""s"":""BTCUSDT"",""S"":""Buy"",""v"":""0.002"",""p"":""77009.40""}"
2026-09-15T05:14:23.565136Z,1789449263306,BTCUSDT,Buy,0.067,77025.20,"{""T"":1789449263306,""s"":""BTCUSDT"",""S"":""Buy"",""v"":""0.067"",""p"":""77025.20""}"
2026-09-15T05:14:23.565136Z,1789449263400,BTCUSDT,Buy,0.010,77013.20,"{""T"":1789449263400,""s"":""BTCUSDT"",""S"":""Buy"",""v"":""0.010"",""p"":""77013.20""}"
2026-09-15T05:14:23.565136Z,1789449263415,BTCUSDT,Buy,0.095,77009.80,"{""T"":1789449263415,""s"":""BTCUSDT"",""S"":""Buy"",""v"":""0.095"",""p"":""77009.80""}"
2026-09-15T05:14:23.565136Z,1789449263464,BTCUSDT,Buy,0.007,77012.90,"{""T"":1789449263464,""s"":""BTCUSDT"",""S"":""Buy"",""v"":""0.007"",""p"":""77012.90""}"
2026-09-15T05:14:23.836947Z,1789449263464,XRPUSDT,Buy,166.5,1.3946,"{""T"":1789449263464,""s"":""XRPUSDT"",""S"":""Buy"",""v"":""166.5"",""p"":""1.3946""}"
2026-09-15T05:14:23.908024Z,1789449263438,SKHYNIXUSDT,Buy,0.072,1229.89,"{""T"":1789449263438,""s"":""SKHYNIXUSDT"",""S"":""Buy"",""v"":""0.072"",""p"":""1229.89""}"
2026-09-15T05:14:23.913671Z,1789449263464,DOGEUSDT,Buy,1945,0.08207,"{""T"":1789449263464,""s"":""DOGEUSDT"",""S"":""Buy"",""v"":""1945"",""p"":""0.08207""}"
2026-09-15T05:14:23.955598Z,1789449263464,ETHUSDT,Buy,0.14,2469.90,"{""T"":1789449263464,""s"":""ETHUSDT"",""S"":""Buy"",""v"":""0.14"",""p"":""2469.90""}"
2026-09-15T05:14:23.955598Z,1789449263752,ETHUSDT,Buy,0.40,2470.17,"{""T"":1789449263752,""s"":""ETHUSDT"",""S"":""Buy"",""v"":""0.40"",""p"":""2470.17""}"
2026-09-15T05:14:23.955598Z,1789449263764,ETHUSDT,Buy,5.07,2469.83,"{""T"":1789449263764,""s"":""ETHUSDT"",""S"":""Buy"",""v"":""5.07"",""p"":""2469.83""}"
2026-09-15T05:14:24.065176Z,1789449263530,BTCUSDT,Buy,0.003,77008.30,"{""T"":1789449263530,""s"":""BTCUSDT"",""S"":""Buy"",""v"":""0.003"",""p"":""77008.30""}"
2026-09-15T05:14:24.065176Z,1789449263588,BTCUSDT,Buy,0.012,77014.30,"{""T"":1789449263588,""s"":""BTCUSDT"",""S"":""Buy"",""v"":""0.012"",""p"":""77014.30""}"
2026-09-15T05:14:24.065176Z,1789449263667,BTCUSDT,Buy,0.100,77025.10,"{""T"":1789449263667,""s"":""BTCUSDT"",""S"":""Buy"",""v"":""0.100"",""p"":""77025.10""}"
2026-09-15T05:14:24.065176Z,1789449263764,BTCUSDT,Buy,0.140,77010.80,"{""T"":1789449263764,""s"":""BTCUSDT"",""S"":""Buy"",""v"":""0.140"",""p"":""77010.80""}"
2026-09-15T05:14:24.324928Z,1789449264043,FARTCOINUSDT,Buy,24297,0.13917,"{""T"":1789449264043,""s"":""FARTCOINUSDT"",""S"":""Buy"",""v"":""24297"",""p"":""0.13917""}"
2026-09-15T05:14:24.824933Z,1789449264371,FARTCOINUSDT,Buy,103,0.13919,"{""T"":1789449264371,""s"":""FARTCOINUSDT"",""S"":""Buy"",""v"":""103"",""p"":""0.13919""}"
2026-09-15T05:15:15.486681Z,1789449315213,SOXLUSDT,Buy,17.33,99.74,"{""T"":1789449315213,""s"":""SOXLUSDT"",""S"":""Buy"",""v"":""17.33"",""p"":""99.74""}"
2026-09-15T05:16:04.409768Z,1789449363971,LSKUSDT,Sell,1545.3,0.39915,"{""T"":1789449363971,""s"":""LSKUSDT"",""S"":""Sell"",""v"":""1545.3"",""p"":""0.39915""}"
2026-09-15T05:16:04.908014Z,1789449364532,LSKUSDT,Sell,730.8,0.39857,"{""T"":1789449364532,""s"":""LSKUSDT"",""S"":""Sell"",""v"":""730.8"",""p"":""0.39857""}"
2026-09-15T05:16:04.908014Z,1789449364608,LSKUSDT,Sell,612.2,0.39826,"{""T"":1789449364608,""s"":""LSKUSDT"",""S"":""Sell"",""v"":""612.2"",""p"":""0.39826""}"
2026-09-15T05:16:09.408249Z,1789449369231,LSKUSDT,Sell,48.7,0.39942,"{""T"":1789449369231,""s"":""LSKUSDT"",""S"":""Sell"",""v"":""48.7"",""p"":""0.39942""}"
2026-09-15T05:16:18.812680Z,1789449378254,SPCXUSDT,Buy,8.74,147.23,"{""T"":1789449378254,""s"":""SPCXUSDT"",""S"":""Buy"",""v"":""8.74"",""p"":""147.23""}"
2026-09-15T05:16:19.848476Z,1789449379653,MARSCOINUSDT,Buy,8450,0.08429,"{""T"":1789449379653,""s"":""MARSCOINUSDT"",""S"":""Buy"",""v"":""8450"",""p"":""0.08429""}"
2026-09-15T05:16:20.347973Z,1789449379813,MARSCOINUSDT,Buy,790,0.08420,"{""T"":1789449379813,""s"":""MARSCOINUSDT"",""S"":""Buy"",""v"":""790"",""p"":""0.08420""}"
2026-09-15T05:16:20.347973Z,1789449379870,MARSCOINUSDT,Buy,106370,0.08407,"{""T"":1789449379870,""s"":""MARSCOINUSDT"",""S"":""Buy"",""v"":""106370"",""p"":""0.08407""}"
2026-09-15T05:16:20.347973Z,1789449379900,MARSCOINUSDT,Buy,550,0.08411,"{""T"":1789449379900,""s"":""MARSCOINUSDT"",""S"":""Buy"",""v"":""550"",""p"":""0.08411""}"
2026-09-15T05:16:20.347973Z,1789449380196,MARSCOINUSDT,Buy,12950,0.08413,"{""T"":1789449380196,""s"":""MARSCOINUSDT"",""S"":""Buy"",""v"":""12950"",""p"":""0.08413""}"
2026-09-15T05:16:22.847868Z,1789449382480,UAIUSDT,Buy,506,0.38590,"{""T"":1789449382480,""s"":""UAIUSDT"",""S"":""Buy"",""v"":""506"",""p"":""0.38590""}"
2026-09-15T05:16:24.848105Z,1789449384362,MARSCOINUSDT,Buy,4730,0.08398,"{""T"":1789449384362,""s"":""MARSCOINUSDT"",""S"":""Buy"",""v"":""4730"",""p"":""0.08398""}"
2026-09-15T05:16:25.847833Z,1789449385612,MARSCOINUSDT,Buy,5400,0.08377,"{""T"":1789449385612,""s"":""MARSCOINUSDT"",""S"":""Buy"",""v"":""5400"",""p"":""0.08377""}"
2026-09-15T05:16:46.408700Z,1789449406246,LSKUSDT,Sell,1145.0,0.40116,"{""T"":1789449406246,""s"":""LSKUSDT"",""S"":""Sell"",""v"":""1145.0"",""p"":""0.40116""}"
2026-09-15T05:16:46.907553Z,1789449406358,LSKUSDT,Sell,21.3,0.40132,"{""T"":1789449406358,""s"":""LSKUSDT"",""S"":""Sell"",""v"":""21.3"",""p"":""0.40132""}"
2026-09-15T05:16:58.907747Z,1789449418584,LSKUSDT,Sell,2910.6,0.40403,"{""T"":1789449418584,""s"":""LSKUSDT"",""S"":""Sell"",""v"":""2910.6"",""p"":""0.40403""}"
2026-09-15T05:17:10.907874Z,1789449430511,LSKUSDT,Sell,296.1,0.40443,"{""T"":1789449430511,""s"":""LSKUSDT"",""S"":""Sell"",""v"":""296.1"",""p"":""0.40443""}"
2026-09-15T05:17:11.408396Z,1789449431045,LSKUSDT,Sell,232.6,0.40449,"{""T"":1789449431045,""s"":""LSKUSDT"",""S"":""Sell"",""v"":""232.6"",""p"":""0.40449""}"
2026-09-15T05:17:16.992481Z,1789449436431,SUIUSDT,Buy,400,0.70030,"{""T"":1789449436431,""s"":""SUIUSDT"",""S"":""Buy"",""v"":""400"",""p"":""0.70030""}"
2026-09-15T05:17:18.562002Z,1789449438394,SOLUSDT,Buy,54.5,100.220,"{""T"":1789449438394,""s"":""SOLUSDT"",""S"":""Buy"",""v"":""54.5"",""p"":""100.220""}"
2026-09-15T05:17:21.992345Z,1789449441754,SUIUSDT,Buy,30,0.70000,"{""T"":1789449441754,""s"":""SUIUSDT"",""S"":""Buy"",""v"":""30"",""p"":""0.70000""}"
2026-09-15T05:17:46.565583Z,1789449466051,SOLUSDT,Buy,0.6,100.070,"{""T"":1789449466051,""s"":""SOLUSDT"",""S"":""Buy"",""v"":""0.6"",""p"":""100.070""}"
2026-09-15T05:17:47.062511Z,1789449466741,SOLUSDT,Buy,15.5,100.160,"{""T"":1789449466741,""s"":""SOLUSDT"",""S"":""Buy"",""v"":""15.5"",""p"":""100.160""}"
2026-09-15T05:17:47.359132Z,1789449466855,WLDUSDT,Buy,390.8,0.3724,"{""T"":1789449466855,""s"":""WLDUSDT"",""S"":""Buy"",""v"":""390.8"",""p"":""0.3724""}"
2026-09-15T05:17:48.336955Z,1789449468099,XRPUSDT,Buy,125.3,1.3947,"{""T"":1789449468099,""s"":""XRPUSDT"",""S"":""Buy"",""v"":""125.3"",""p"":""1.3947""}"
2026-09-15T05:17:48.562335Z,1789449468099,FILUSDT,Buy,134.6,0.8638,"{""T"":1789449468099,""s"":""FILUSDT"",""S"":""Buy"",""v"":""134.6"",""p"":""0.8638""}"
2026-09-15T05:17:53.492872Z,1789449473266,SUIUSDT,Buy,24370,0.69940,"{""T"":1789449473266,""s"":""SUIUSDT"",""S"":""Buy"",""v"":""24370"",""p"":""0.69940""}"
2026-09-15T05:18:00.336993Z,1789449479960,XRPUSDT,Buy,7705.3,1.3939,"{""T"":1789449479960,""s"":""XRPUSDT"",""S"":""Buy"",""v"":""7705.3"",""p"":""1.3939""}"
2026-09-15T05:18:02.337660Z,1789449482060,XRPUSDT,Buy,1355.4,1.3935,"{""T"":1789449482060,""s"":""XRPUSDT"",""S"":""Buy"",""v"":""1355.4"",""p"":""1.3935""}"
2026-09-15T05:18:07.991999Z,1789449487905,SUIUSDT,Buy,10,0.69910,"{""T"":1789449487905,""s"":""SUIUSDT"",""S"":""Buy"",""v"":""10"",""p"":""0.69910""}"
2026-09-15T05:18:10.907943Z,1789449490744,POWERUSDT,Buy,308,0.18364,"{""T"":1789449490744,""s"":""POWERUSDT"",""S"":""Buy"",""v"":""308"",""p"":""0.18364""}"
2026-09-15T05:18:28.828678Z,1789449508428,PONSUSDT,Buy,60,0.6068,"{""T"":1789449508428,""s"":""PONSUSDT"",""S"":""Buy"",""v"":""60"",""p"":""0.6068""}"
2026-09-15T05:18:30.492500Z,1789449510038,SUIUSDT,Buy,50,0.69870,"{""T"":1789449510038,""s"":""SUIUSDT"",""S"":""Buy"",""v"":""50"",""p"":""0.69870""}"
2026-09-15T05:18:30.492500Z,1789449510068,SUIUSDT,Buy,10,0.69870,"{""T"":1789449510068,""s"":""SUIUSDT"",""S"":""Buy"",""v"":""10"",""p"":""0.69870""}"
2026-09-15T05:18:31.496231Z,1789449511393,LINKUSDT,Buy,13.5,11.304,"{""T"":1789449511393,""s"":""LINKUSDT"",""S"":""Buy"",""v"":""13.5"",""p"":""11.304""}"
2026-09-15T05:18:31.837572Z,1789449511376,XRPUSDT,Buy,13681.1,1.3931,"{""T"":1789449511376,""s"":""XRPUSDT"",""S"":""Buy"",""v"":""13681.1"",""p"":""1.3931""}"
2026-09-15T05:18:37.348326Z,1789449517064,MARSCOINUSDT,Buy,750,0.08324,"{""T"":1789449517064,""s"":""MARSCOINUSDT"",""S"":""Buy"",""v"":""750"",""p"":""0.08324""}"
2026-09-15T05:18:37.847943Z,1789449517347,MARSCOINUSDT,Buy,48210,0.08325,"{""T"":1789449517347,""s"":""MARSCOINUSDT"",""S"":""Buy"",""v"":""48210"",""p"":""0.08325""}"
2026-09-15T05:18:48.411068Z,1789449528251,POWERUSDT,Buy,264,0.18292,"{""T"":1789449528251,""s"":""POWERUSDT"",""S"":""Buy"",""v"":""264"",""p"":""0.18292""}"
2026-09-15T05:18:54.407885Z,1789449534077,POWERUSDT,Buy,539,0.18168,"{""T"":1789449534077,""s"":""POWERUSDT"",""S"":""Buy"",""v"":""539"",""p"":""0.18168""}"
2026-09-15T05:19:00.407693Z,1789449540284,LSKUSDT,Sell,546.0,0.40771,"{""T"":1789449540284,""s"":""LSKUSDT"",""S"":""Sell"",""v"":""546.0"",""p"":""0.40771""}"
2026-09-15T05:19:00.407693Z,1789449540298,LSKUSDT,Sell,4241.0,0.40765,"{""T"":1789449540298,""s"":""LSKUSDT"",""S"":""Sell"",""v"":""4241.0"",""p"":""0.40765""}"
2026-09-15T05:19:05.907754Z,1789449545497,LSKUSDT,Sell,3397.1,0.40838,"{""T"":1789449545497,""s"":""LSKUSDT"",""S"":""Sell"",""v"":""3397.1"",""p"":""0.40838""}"
2026-09-15T05:19:06.908418Z,1789449546683,LSKUSDT,Sell,7997.9,0.40979,"{""T"":1789449546683,""s"":""LSKUSDT"",""S"":""Sell"",""v"":""7997.9"",""p"":""0.40979""}"
2026-09-15T05:19:06.908418Z,1789449546773,LSKUSDT,Sell,271.4,0.40914,"{""T"":1789449546773,""s"":""LSKUSDT"",""S"":""Sell"",""v"":""271.4"",""p"":""0.40914""}"
2026-09-15T05:19:07.407804Z,1789449547177,LSKUSDT,Sell,15.0,0.41052,"{""T"":1789449547177,""s"":""LSKUSDT"",""S"":""Sell"",""v"":""15.0"",""p"":""0.41052""}"
2026-09-15T05:19:08.407694Z,1789449547824,LSKUSDT,Sell,1195.2,0.41111,"{""T"":1789449547824,""s"":""LSKUSDT"",""S"":""Sell"",""v"":""1195.2"",""p"":""0.41111""}"
2026-09-15T05:19:18.908004Z,1789449558561,LSKUSDT,Sell,2426.2,0.41314,"{""T"":1789449558561,""s"":""LSKUSDT"",""S"":""Sell"",""v"":""2426.2"",""p"":""0.41314""}"
2026-09-15T05:19:21.407752Z,1789449560906,LSKUSDT,Sell,843.7,0.41351,"{""T"":1789449560906,""s"":""LSKUSDT"",""S"":""Sell"",""v"":""843.7"",""p"":""0.41351""}"
2026-09-15T05:19:24.408127Z,1789449564241,CAPUSDT,Sell,130,0.06653,"{""T"":1789449564241,""s"":""CAPUSDT"",""S"":""Sell"",""v"":""130"",""p"":""0.06653""}"
2026-09-15T05:19:24.408596Z,1789449564193,LSKUSDT,Sell,105.8,0.41581,"{""T"":1789449564193,""s"":""LSKUSDT"",""S"":""Sell"",""v"":""105.8"",""p"":""0.41581""}"
2026-09-15T05:19:24.408596Z,1789449564241,LSKUSDT,Sell,44.0,0.41591,"{""T"":1789449564241,""s"":""LSKUSDT"",""S"":""Sell"",""v"":""44.0"",""p"":""0.41591""}"
2026-09-15T05:19:24.907700Z,1789449564475,LSKUSDT,Sell,2542.5,0.41563,"{""T"":1789449564475,""s"":""LSKUSDT"",""S"":""Sell"",""v"":""2542.5"",""p"":""0.41563""}"
2026-09-15T05:19:24.907700Z,1789449564735,LSKUSDT,Sell,525.4,0.41498,"{""T"":1789449564735,""s"":""LSKUSDT"",""S"":""Sell"",""v"":""525.4"",""p"":""0.41498""}"
2026-09-15T05:19:25.407771Z,1789449564919,LSKUSDT,Sell,913.9,0.41611,"{""T"":1789449564919,""s"":""LSKUSDT"",""S"":""Sell"",""v"":""913.9"",""p"":""0.41611""}"
2026-09-15T05:19:25.907686Z,1789449565467,LSKUSDT,Sell,2202.0,0.41629,"{""T"":1789449565467,""s"":""LSKUSDT"",""S"":""Sell"",""v"":""2202.0"",""p"":""0.41629""}"
2026-09-15T05:19:25.907686Z,1789449565541,LSKUSDT,Sell,500.1,0.41723,"{""T"":1789449565541,""s"":""LSKUSDT"",""S"":""Sell"",""v"":""500.1"",""p"":""0.41723""}"
2026-09-15T05:19:25.907686Z,1789449565551,LSKUSDT,Sell,5773.3,0.41786,"{""T"":1789449565551,""s"":""LSKUSDT"",""S"":""Sell"",""v"":""5773.3"",""p"":""0.41786""}"
2026-09-15T05:19:25.907686Z,1789449565819,LSKUSDT,Sell,100.0,0.41673,"{""T"":1789449565819,""s"":""LSKUSDT"",""S"":""Sell"",""v"":""100.0"",""p"":""0.41673""}"
2026-09-15T05:19:26.408672Z,1789449565829,LSKUSDT,Sell,1442.8,0.41792,"{""T"":1789449565829,""s"":""LSKUSDT"",""S"":""Sell"",""v"":""1442.8"",""p"":""0.41792""}"
2026-09-15T05:19:26.408672Z,1789449566165,LSKUSDT,Sell,274.7,0.41740,"{""T"":1789449566165,""s"":""LSKUSDT"",""S"":""Sell"",""v"":""274.7"",""p"":""0.41740""}"
2026-09-15T05:19:26.408672Z,1789449566225,LSKUSDT,Sell,1083.4,0.41856,"{""T"":1789449566225,""s"":""LSKUSDT"",""S"":""Sell"",""v"":""1083.4"",""p"":""0.41856""}"
2026-09-15T05:19:26.908100Z,1789449566325,LSKUSDT,Sell,1842.3,0.41831,"{""T"":1789449566325,""s"":""LSKUSDT"",""S"":""Sell"",""v"":""1842.3"",""p"":""0.41831""}"
2026-09-15T05:19:30.347793Z,1789449569789,MARSCOINUSDT,Buy,420,0.08267,"{""T"":1789449569789,""s"":""MARSCOINUSDT"",""S"":""Buy"",""v"":""420"",""p"":""0.08267""}"
2026-09-15T05:19:30.347793Z,1789449569897,MARSCOINUSDT,Buy,24290,0.08264,"{""T"":1789449569897,""s"":""MARSCOINUSDT"",""S"":""Buy"",""v"":""24290"",""p"":""0.08264""}"
2026-09-15T05:19:30.347793Z,1789449570013,MARSCOINUSDT,Buy,1270,0.08302,"{""T"":1789449570013,""s"":""MARSCOINUSDT"",""S"":""Buy"",""v"":""1270"",""p"":""0.08302""}"
2026-09-15T05:19:30.347793Z,1789449570256,MARSCOINUSDT,Buy,700,0.08262,"{""T"":1789449570256,""s"":""MARSCOINUSDT"",""S"":""Buy"",""v"":""700"",""p"":""0.08262""}"
2026-09-15T05:19:30.848141Z,1789449570468,MARSCOINUSDT,Buy,110,0.08295,"{""T"":1789449570468,""s"":""MARSCOINUSDT"",""S"":""Buy"",""v"":""110"",""p"":""0.08295""}"
2026-09-15T05:19:48.908072Z,1789449588646,LSKUSDT,Sell,111.6,0.41914,"{""T"":1789449588646,""s"":""LSKUSDT"",""S"":""Sell"",""v"":""111.6"",""p"":""0.41914""}"
2026-09-15T05:19:50.407691Z,1789449590250,LSKUSDT,Sell,314.9,0.42000,"{""T"":1789449590250,""s"":""LSKUSDT"",""S"":""Sell"",""v"":""314.9"",""p"":""0.42000""}"
2026-09-15T05:19:54.907771Z,1789449594735,LSKUSDT,Sell,12635.9,0.42110,"{""T"":1789449594735,""s"":""LSKUSDT"",""S"":""Sell"",""v"":""12635.9"",""p"":""0.42110""}"
2026-09-15T05:19:55.409292Z,1789449594923,LSKUSDT,Sell,74.9,0.42094,"{""T"":1789449594923,""s"":""LSKUSDT"",""S"":""Sell"",""v"":""74.9"",""p"":""0.42094""}"
2026-09-15T05:19:55.409292Z,1789449595060,LSKUSDT,Sell,3677.6,0.42113,"{""T"":1789449595060,""s"":""LSKUSDT"",""S"":""Sell"",""v"":""3677.6"",""p"":""0.42113""}"
2026-09-15T05:20:52.408016Z,1789449652036,LSKUSDT,Buy,361.2,0.39645,"{""T"":1789449652036,""s"":""LSKUSDT"",""S"":""Buy"",""v"":""361.2"",""p"":""0.39645""}"
2026-09-15T05:21:21.849056Z,1789449681653,UAIUSDT,Buy,13,0.38190,"{""T"":1789449681653,""s"":""UAIUSDT"",""S"":""Buy"",""v"":""13"",""p"":""0.38190""}"
2026-09-15T05:21:25.986529Z,1789449685885,XAUUSDT,Buy,0.323,4285.92,"{""T"":1789449685885,""s"":""XAUUSDT"",""S"":""Buy"",""v"":""0.323"",""p"":""4285.92""}"
2026-09-15T05:21:45.848982Z,1789449705478,UAIUSDT,Buy,1185,0.37980,"{""T"":1789449705478,""s"":""UAIUSDT"",""S"":""Buy"",""v"":""1185"",""p"":""0.37980""}"
2026-09-15T05:22:00.348792Z,1789449720008,UAIUSDT,Buy,198,0.38140,"{""T"":1789449720008,""s"":""UAIUSDT"",""S"":""Buy"",""v"":""198"",""p"":""0.38140""}"
2026-09-15T05:22:00.349217Z,1789449720008,MARSCOINUSDT,Buy,4380,0.08209,"{""T"":1789449720008,""s"":""MARSCOINUSDT"",""S"":""Buy"",""v"":""4380"",""p"":""0.08209""}"
2026-09-15T05:22:00.407745Z,1789449720008,LSKUSDT,Buy,50.4,0.39880,"{""T"":1789449720008,""s"":""LSKUSDT"",""S"":""Buy"",""v"":""50.4"",""p"":""0.39880""}"
2026-09-15T05:22:00.848652Z,1789449720354,MARSCOINUSDT,Buy,10680,0.08224,"{""T"":1789449720354,""s"":""MARSCOINUSDT"",""S"":""Buy"",""v"":""10680"",""p"":""0.08224""}"
2026-09-15T05:22:02.347713Z,1789449722174,MARSCOINUSDT,Buy,1750,0.08170,"{""T"":1789449722174,""s"":""MARSCOINUSDT"",""S"":""Buy"",""v"":""1750"",""p"":""0.08170""}"
2026-09-15T05:22:02.847960Z,1789449722369,MARSCOINUSDT,Buy,250,0.08181,"{""T"":1789449722369,""s"":""MARSCOINUSDT"",""S"":""Buy"",""v"":""250"",""p"":""0.08181""}"
2026-09-15T05:22:02.847960Z,1789449722555,MARSCOINUSDT,Buy,140,0.08165,"{""T"":1789449722555,""s"":""MARSCOINUSDT"",""S"":""Buy"",""v"":""140"",""p"":""0.08165""}"
2026-09-15T05:22:03.348095Z,1789449723124,MARSCOINUSDT,Buy,4350,0.08164,"{""T"":1789449723124,""s"":""MARSCOINUSDT"",""S"":""Buy"",""v"":""4350"",""p"":""0.08164""}"
2026-09-15T05:22:03.847736Z,1789449723676,MARSCOINUSDT,Buy,5000,0.08160,"{""T"":1789449723676,""s"":""MARSCOINUSDT"",""S"":""Buy"",""v"":""5000"",""p"":""0.08160""}"
2026-09-15T05:22:07.348385Z,1789449727156,MARSCOINUSDT,Buy,8000,0.08151,"{""T"":1789449727156,""s"":""MARSCOINUSDT"",""S"":""Buy"",""v"":""8000"",""p"":""0.08151""}"
2026-09-15T05:22:07.358879Z,1789449727031,APTUSDT,Buy,98.34,0.5757,"{""T"":1789449727031,""s"":""APTUSDT"",""S"":""Buy"",""v"":""98.34"",""p"":""0.5757""}"
2026-09-15T05:22:10.859927Z,1789449730637,APTUSDT,Buy,1530.80,0.5754,"{""T"":1789449730637,""s"":""APTUSDT"",""S"":""Buy"",""v"":""1530.80"",""p"":""0.5754""}"
2026-09-15T05:22:29.848683Z,1789449749696,MARSCOINUSDT,Buy,4120,0.08138,"{""T"":1789449749696,""s"":""MARSCOINUSDT"",""S"":""Buy"",""v"":""4120"",""p"":""0.08138""}"
2026-09-15T05:22:29.848683Z,1789449749705,MARSCOINUSDT,Buy,60,0.08143,"{""T"":1789449749705,""s"":""MARSCOINUSDT"",""S"":""Buy"",""v"":""60"",""p"":""0.08143""}"
2026-09-15T05:22:30.348005Z,1789449749874,MARSCOINUSDT,Buy,2410,0.08097,"{""T"":1789449749874,""s"":""MARSCOINUSDT"",""S"":""Buy"",""v"":""2410"",""p"":""0.08097""}"
2026-09-15T05:22:30.348005Z,1789449750255,MARSCOINUSDT,Buy,3230,0.08130,"{""T"":1789449750255,""s"":""MARSCOINUSDT"",""S"":""Buy"",""v"":""3230"",""p"":""0.08130""}"
2026-09-15T05:22:30.847994Z,1789449750567,MARSCOINUSDT,Buy,4830,0.08098,"{""T"":1789449750567,""s"":""MARSCOINUSDT"",""S"":""Buy"",""v"":""4830"",""p"":""0.08098""}"
2026-09-15T05:22:47.411004Z,1789449766843,LSKUSDT,Sell,8185.1,0.41933,"{""T"":1789449766843,""s"":""LSKUSDT"",""S"":""Sell"",""v"":""8185.1"",""p"":""0.41933""}"
2026-09-15T05:23:23.359358Z,1789449803247,WLDUSDT,Buy,749.9,0.3722,"{""T"":1789449803247,""s"":""WLDUSDT"",""S"":""Buy"",""v"":""749.9"",""p"":""0.3722""}"
2026-09-15T05:23:27.359128Z,1789449807169,WLDUSDT,Buy,42208.8,0.3721,"{""T"":1789449807169,""s"":""WLDUSDT"",""S"":""Buy"",""v"":""42208.8"",""p"":""0.3721""}"
2026-09-15T05:23:44.859402Z,1789449824299,APTUSDT,Buy,473.48,0.5734,"{""T"":1789449824299,""s"":""APTUSDT"",""S"":""Buy"",""v"":""473.48"",""p"":""0.5734""}"
2026-09-15T05:23:44.859402Z,1789449824689,APTUSDT,Buy,317.78,0.5734,"{""T"":1789449824689,""s"":""APTUSDT"",""S"":""Buy"",""v"":""317.78"",""p"":""0.5734""}"
2026-09-15T05:23:55.908073Z,1789449835430,LSKUSDT,Sell,200.0,0.42277,"{""T"":1789449835430,""s"":""LSKUSDT"",""S"":""Sell"",""v"":""200.0"",""p"":""0.42277""}"
2026-09-15T05:23:56.407913Z,1789449836121,LSKUSDT,Sell,1630.2,0.42426,"{""T"":1789449836121,""s"":""LSKUSDT"",""S"":""Sell"",""v"":""1630.2"",""p"":""0.42426""}"
2026-09-15T05:23:56.407913Z,1789449836314,LSKUSDT,Sell,474.8,0.42457,"{""T"":1789449836314,""s"":""LSKUSDT"",""S"":""Sell"",""v"":""474.8"",""p"":""0.42457""}"
2026-09-15T05:23:56.909218Z,1789449836499,LSKUSDT,Sell,1560.0,0.42401,"{""T"":1789449836499,""s"":""LSKUSDT"",""S"":""Sell"",""v"":""1560.0"",""p"":""0.42401""}"
2026-09-15T05:23:56.909218Z,1789449836779,LSKUSDT,Sell,2809.4,0.42393,"{""T"":1789449836779,""s"":""LSKUSDT"",""S"":""Sell"",""v"":""2809.4"",""p"":""0.42393""}"
2026-09-15T05:23:57.407725Z,1789449837054,LSKUSDT,Sell,11049.0,0.42415,"{""T"":1789449837054,""s"":""LSKUSDT"",""S"":""Sell"",""v"":""11049.0"",""p"":""0.42415""}"
2026-09-15T05:24:03.492270Z,1789449843113,OPUSDT,Buy,7822.3,0.10002,"{""T"":1789449843113,""s"":""OPUSDT"",""S"":""Buy"",""v"":""7822.3"",""p"":""0.10002""}"
2026-09-15T05:24:03.496040Z,1789449843113,INJUSDT,Buy,55.9,6.0070,"{""T"":1789449843113,""s"":""INJUSDT"",""S"":""Buy"",""v"":""55.9"",""p"":""6.0070""}"
2026-09-15T05:24:57.331997Z,1789449896850,PONSUSDT,Buy,1110,0.6035,"{""T"":1789449896850,""s"":""PONSUSDT"",""S"":""Buy"",""v"":""1110"",""p"":""0.6035""}"
2026-09-15T05:25:04.907842Z,1789449904526,LSKUSDT,Sell,33.0,0.42510,"{""T"":1789449904526,""s"":""LSKUSDT"",""S"":""Sell"",""v"":""33.0"",""p"":""0.42510""}"
2026-09-15T05:25:28.313671Z,1789449928076,PUMPFUNUSDT,Buy,1557900,0.0035630,"{""T"":1789449928076,""s"":""PUMPFUNUSDT"",""S"":""Buy"",""v"":""1557900"",""p"":""0.0035630""}"
2026-09-15T05:25:28.813193Z,1789449928306,PUMPFUNUSDT,Buy,4200,0.0035670,"{""T"":1789449928306,""s"":""PUMPFUNUSDT"",""S"":""Buy"",""v"":""4200"",""p"":""0.0035670""}"
2026-09-15T05:26:07.859043Z,1789449967648,APTUSDT,Buy,9.00,0.5725,"{""T"":1789449967648,""s"":""APTUSDT"",""S"":""Buy"",""v"":""9.00"",""p"":""0.5725""}"
2026-09-15T05:26:22.359457Z,1789449982121,WLDUSDT,Buy,588.5,0.3712,"{""T"":1789449982121,""s"":""WLDUSDT"",""S"":""Buy"",""v"":""588.5"",""p"":""0.3712""}"
2026-09-15T05:26:29.359966Z,1789449989065,APTUSDT,Buy,323.39,0.5716,"{""T"":1789449989065,""s"":""APTUSDT"",""S"":""Buy"",""v"":""323.39"",""p"":""0.5716""}"
2026-09-15T05:26:51.348798Z,1789450011195,UAIUSDT,Buy,328,0.37550,"{""T"":1789450011195,""s"":""UAIUSDT"",""S"":""Buy"",""v"":""328"",""p"":""0.37550""}"
2026-09-15T05:26:52.348101Z,1789450011775,UAIUSDT,Buy,1379,0.37280,"{""T"":1789450011775,""s"":""UAIUSDT"",""S"":""Buy"",""v"":""1379"",""p"":""0.37280""}"
2026-09-15T05:26:52.348101Z,1789450011780,UAIUSDT,Buy,186,0.37450,"{""T"":1789450011780,""s"":""UAIUSDT"",""S"":""Buy"",""v"":""186"",""p"":""0.37450""}"
2026-09-15T05:27:03.411007Z,1789450023084,LSKUSDT,Buy,499.5,0.39425,"{""T"":1789450023084,""s"":""LSKUSDT"",""S"":""Buy"",""v"":""499.5"",""p"":""0.39425""}"
2026-09-15T05:27:04.907773Z,1789450024733,LSKUSDT,Buy,18.3,0.39387,"{""T"":1789450024733,""s"":""LSKUSDT"",""S"":""Buy"",""v"":""18.3"",""p"":""0.39387""}"
