recv_ts_utc,exch_ts_ms,symbol,side,size,price,raw_json
2026-09-30T00:00:27.816477Z,1790726427283,0GUSDT,Buy,152.3,0.3215,"{""T"":1790726427283,""s"":""0GUSDT"",""S"":""Buy"",""v"":""152.3"",""p"":""0.3215""}"
2026-09-30T00:00:27.816477Z,1790726427661,0GUSDT,Buy,418.6,0.3213,"{""T"":1790726427661,""s"":""0GUSDT"",""S"":""Buy"",""v"":""418.6"",""p"":""0.3213""}"
2026-09-30T00:00:31.955935Z,1790726431642,QNTUSDT,Sell,0.59,270.76,"{""T"":1790726431642,""s"":""QNTUSDT"",""S"":""Sell"",""v"":""0.59"",""p"":""270.76""}"
2026-09-30T00:00:33.955703Z,1790726433516,QNTUSDT,Sell,8.65,271.51,"{""T"":1790726433516,""s"":""QNTUSDT"",""S"":""Sell"",""v"":""8.65"",""p"":""271.51""}"
2026-09-30T00:00:56.859906Z,1790726456511,SOXSUSDT,Buy,0.10,32.41,"{""T"":1790726456511,""s"":""SOXSUSDT"",""S"":""Buy"",""v"":""0.10"",""p"":""32.41""}"
2026-09-30T00:01:14.456131Z,1790726474147,QNTUSDT,Sell,0.37,271.65,"{""T"":1790726474147,""s"":""QNTUSDT"",""S"":""Sell"",""v"":""0.37"",""p"":""271.65""}"
2026-09-30T00:01:45.813109Z,1790726505355,PUMPFUNUSDT,Sell,88500,0.0059540,"{""T"":1790726505355,""s"":""PUMPFUNUSDT"",""S"":""Sell"",""v"":""88500"",""p"":""0.0059540""}"
2026-09-30T00:01:49.413891Z,1790726509111,ARBUSDT,Sell,99.2,0.20583,"{""T"":1790726509111,""s"":""ARBUSDT"",""S"":""Sell"",""v"":""99.2"",""p"":""0.20583""}"
2026-09-30T00:01:57.455832Z,1790726517241,QNTUSDT,Sell,18.20,273.62,"{""T"":1790726517241,""s"":""QNTUSDT"",""S"":""Sell"",""v"":""18.20"",""p"":""273.62""}"
2026-09-30T00:01:59.955872Z,1790726519597,QNTUSDT,Sell,20.00,274.06,"{""T"":1790726519597,""s"":""QNTUSDT"",""S"":""Sell"",""v"":""20.00"",""p"":""274.06""}"
2026-09-30T00:02:17.956775Z,1790726537664,QNTUSDT,Sell,1.32,275.48,"{""T"":1790726537664,""s"":""QNTUSDT"",""S"":""Sell"",""v"":""1.32"",""p"":""275.48""}"
2026-09-30T00:02:17.956775Z,1790726537739,QNTUSDT,Sell,0.18,276.04,"{""T"":1790726537739,""s"":""QNTUSDT"",""S"":""Sell"",""v"":""0.18"",""p"":""276.04""}"
2026-09-30T00:02:17.956775Z,1790726537749,QNTUSDT,Sell,1.49,276.12,"{""T"":1790726537749,""s"":""QNTUSDT"",""S"":""Sell"",""v"":""1.49"",""p"":""276.12""}"
2026-09-30T00:02:17.956775Z,1790726537836,QNTUSDT,Sell,2.19,275.56,"{""T"":1790726537836,""s"":""QNTUSDT"",""S"":""Sell"",""v"":""2.19"",""p"":""275.56""}"
2026-09-30T00:02:18.455767Z,1790726538147,QNTUSDT,Sell,4.40,275.31,"{""T"":1790726538147,""s"":""QNTUSDT"",""S"":""Sell"",""v"":""4.40"",""p"":""275.31""}"
2026-09-30T00:02:24.836984Z,1790726544622,LITUSDT,Buy,48.8,3.8880,"{""T"":1790726544622,""s"":""LITUSDT"",""S"":""Buy"",""v"":""48.8"",""p"":""3.8880""}"
2026-09-30T00:02:29.456795Z,1790726548970,QNTUSDT,Sell,0.31,275.49,"{""T"":1790726548970,""s"":""QNTUSDT"",""S"":""Sell"",""v"":""0.31"",""p"":""275.49""}"
2026-09-30T00:03:26.956975Z,1790726606773,QNTUSDT,Sell,0.64,276.01,"{""T"":1790726606773,""s"":""QNTUSDT"",""S"":""Sell"",""v"":""0.64"",""p"":""276.01""}"
2026-09-30T00:03:28.456397Z,1790726608195,QNTUSDT,Sell,1.85,276.17,"{""T"":1790726608195,""s"":""QNTUSDT"",""S"":""Sell"",""v"":""1.85"",""p"":""276.17""}"
2026-09-30T00:03:30.455927Z,1790726610043,QNTUSDT,Sell,0.12,276.52,"{""T"":1790726610043,""s"":""QNTUSDT"",""S"":""Sell"",""v"":""0.12"",""p"":""276.52""}"
2026-09-30T00:03:56.417011Z,1790726636049,ZECUSDT,Sell,0.10,1433.86,"{""T"":1790726636049,""s"":""ZECUSDT"",""S"":""Sell"",""v"":""0.10"",""p"":""1433.86""}"
2026-09-30T00:04:03.907911Z,1790726643677,HBARUSDT,Buy,49,0.10115,"{""T"":1790726643677,""s"":""HBARUSDT"",""S"":""Buy"",""v"":""49"",""p"":""0.10115""}"
2026-09-30T00:04:04.407900Z,1790726643884,HBARUSDT,Buy,296,0.10118,"{""T"":1790726643884,""s"":""HBARUSDT"",""S"":""Buy"",""v"":""296"",""p"":""0.10118""}"
2026-09-30T00:04:04.407900Z,1790726643992,HBARUSDT,Buy,4444,0.10124,"{""T"":1790726643992,""s"":""HBARUSDT"",""S"":""Buy"",""v"":""4444"",""p"":""0.10124""}"
2026-09-30T00:04:04.407900Z,1790726644090,HBARUSDT,Buy,86,0.10116,"{""T"":1790726644090,""s"":""HBARUSDT"",""S"":""Buy"",""v"":""86"",""p"":""0.10116""}"
2026-09-30T00:04:04.407900Z,1790726644096,HBARUSDT,Buy,1026,0.10112,"{""T"":1790726644096,""s"":""HBARUSDT"",""S"":""Buy"",""v"":""1026"",""p"":""0.10112""}"
2026-09-30T00:04:11.907872Z,1790726651352,HBARUSDT,Buy,349,0.10111,"{""T"":1790726651352,""s"":""HBARUSDT"",""S"":""Buy"",""v"":""349"",""p"":""0.10111""}"
2026-09-30T00:04:33.500819Z,1790726673234,LINKUSDT,Buy,3402.0,14.410,"{""T"":1790726673234,""s"":""LINKUSDT"",""S"":""Buy"",""v"":""3402.0"",""p"":""14.410""}"
2026-09-30T00:04:34.996233Z,1790726674741,LINKUSDT,Buy,41.9,14.406,"{""T"":1790726674741,""s"":""LINKUSDT"",""S"":""Buy"",""v"":""41.9"",""p"":""14.406""}"
2026-09-30T00:04:35.996940Z,1790726675875,LINKUSDT,Buy,123.7,14.406,"{""T"":1790726675875,""s"":""LINKUSDT"",""S"":""Buy"",""v"":""123.7"",""p"":""14.406""}"
2026-09-30T00:04:38.996224Z,1790726678854,LINKUSDT,Buy,4.0,14.399,"{""T"":1790726678854,""s"":""LINKUSDT"",""S"":""Buy"",""v"":""4.0"",""p"":""14.399""}"
2026-09-30T00:05:04.493144Z,1790726704402,SOONUSDT,Sell,179,0.42440,"{""T"":1790726704402,""s"":""SOONUSDT"",""S"":""Sell"",""v"":""179"",""p"":""0.42440""}"
2026-09-30T00:05:04.837350Z,1790726704402,AAVEUSDT,Buy,2.74,164.15,"{""T"":1790726704402,""s"":""AAVEUSDT"",""S"":""Buy"",""v"":""2.74"",""p"":""164.15""}"
2026-09-30T00:05:04.908064Z,1790726704402,CRVUSDT,Buy,798.4,0.3775,"{""T"":1790726704402,""s"":""CRVUSDT"",""S"":""Buy"",""v"":""798.4"",""p"":""0.3775""}"
2026-09-30T00:05:04.955712Z,1790726704402,QNTUSDT,Sell,0.83,277.04,"{""T"":1790726704402,""s"":""QNTUSDT"",""S"":""Sell"",""v"":""0.83"",""p"":""277.04""}"
2026-09-30T00:05:05.956166Z,1790726705645,QNTUSDT,Sell,9.49,277.15,"{""T"":1790726705645,""s"":""QNTUSDT"",""S"":""Sell"",""v"":""9.49"",""p"":""277.15""}"
2026-09-30T00:05:06.812743Z,1790726706611,GRASSUSDT,Sell,69,0.79310,"{""T"":1790726706611,""s"":""GRASSUSDT"",""S"":""Sell"",""v"":""69"",""p"":""0.79310""}"
2026-09-30T00:05:15.455902Z,1790726715154,QNTUSDT,Sell,0.18,278.05,"{""T"":1790726715154,""s"":""QNTUSDT"",""S"":""Sell"",""v"":""0.18"",""p"":""278.05""}"
2026-09-30T00:05:40.956454Z,1790726740481,QNTUSDT,Buy,1.67,271.20,"{""T"":1790726740481,""s"":""QNTUSDT"",""S"":""Buy"",""v"":""1.67"",""p"":""271.20""}"
2026-09-30T00:06:04.813744Z,1790726764526,ASTERUSDT,Sell,114,0.7404,"{""T"":1790726764526,""s"":""ASTERUSDT"",""S"":""Sell"",""v"":""114"",""p"":""0.7404""}"
2026-09-30T00:06:18.956143Z,1790726778714,QNTUSDT,Sell,1.02,278.03,"{""T"":1790726778714,""s"":""QNTUSDT"",""S"":""Sell"",""v"":""1.02"",""p"":""278.03""}"
2026-09-30T00:07:15.928620Z,1790726835375,HBARUSDT,Buy,292,0.10093,"{""T"":1790726835375,""s"":""HBARUSDT"",""S"":""Buy"",""v"":""292"",""p"":""0.10093""}"
2026-09-30T00:07:45.349925Z,1790726864839,CASHCATUSDT,Sell,3110,0.18315,"{""T"":1790726864839,""s"":""CASHCATUSDT"",""S"":""Sell"",""v"":""3110"",""p"":""0.18315""}"
2026-09-30T00:07:46.837903Z,1790726866567,LITUSDT,Buy,400.0,3.8770,"{""T"":1790726866567,""s"":""LITUSDT"",""S"":""Buy"",""v"":""400.0"",""p"":""3.8770""}"
2026-09-30T00:07:57.908242Z,1790726877361,HBARUSDT,Buy,1907,0.10079,"{""T"":1790726877361,""s"":""HBARUSDT"",""S"":""Buy"",""v"":""1907"",""p"":""0.10079""}"
2026-09-30T00:07:58.908134Z,1790726878456,HBARUSDT,Buy,3387,0.10073,"{""T"":1790726878456,""s"":""HBARUSDT"",""S"":""Buy"",""v"":""3387"",""p"":""0.10073""}"
2026-09-30T00:08:03.455906Z,1790726883076,QNTUSDT,Sell,0.14,278.93,"{""T"":1790726883076,""s"":""QNTUSDT"",""S"":""Sell"",""v"":""0.14"",""p"":""278.93""}"
2026-09-30T00:08:20.908181Z,1790726900815,HBARUSDT,Buy,77,0.10071,"{""T"":1790726900815,""s"":""HBARUSDT"",""S"":""Buy"",""v"":""77"",""p"":""0.10071""}"
2026-09-30T00:09:49.496796Z,1790726989250,LINKUSDT,Buy,3441.8,14.376,"{""T"":1790726989250,""s"":""LINKUSDT"",""S"":""Buy"",""v"":""3441.8"",""p"":""14.376""}"
2026-09-30T00:09:49.956058Z,1790726989830,CELOUSDT,Buy,1133.3,0.09732,"{""T"":1790726989830,""s"":""CELOUSDT"",""S"":""Buy"",""v"":""1133.3"",""p"":""0.09732""}"
2026-09-30T00:09:50.812982Z,1790726990621,PUMPFUNUSDT,Buy,16900,0.0058030,"{""T"":1790726990621,""s"":""PUMPFUNUSDT"",""S"":""Buy"",""v"":""16900"",""p"":""0.0058030""}"
2026-09-30T00:09:55.813258Z,1790726995542,0GUSDT,Buy,242.0,0.3220,"{""T"":1790726995542,""s"":""0GUSDT"",""S"":""Buy"",""v"":""242.0"",""p"":""0.3220""}"
2026-09-30T00:10:06.516536Z,1790727006018,NMRUSDT,Buy,92.2,11.903,"{""T"":1790727006018,""s"":""NMRUSDT"",""S"":""Buy"",""v"":""92.2"",""p"":""11.903""}"
2026-09-30T00:10:11.456543Z,1790727011340,ETHUSDT,Buy,0.14,2664.03,"{""T"":1790727011340,""s"":""ETHUSDT"",""S"":""Buy"",""v"":""0.14"",""p"":""2664.03""}"
2026-09-30T00:10:11.456543Z,1790727011351,ETHUSDT,Buy,0.02,2664.13,"{""T"":1790727011351,""s"":""ETHUSDT"",""S"":""Buy"",""v"":""0.02"",""p"":""2664.13""}"
2026-09-30T00:10:23.414222Z,1790727022877,DOGEUSDT,Buy,826,0.09288,"{""T"":1790727022877,""s"":""DOGEUSDT"",""S"":""Buy"",""v"":""826"",""p"":""0.09288""}"
2026-09-30T00:10:40.837764Z,1790727040510,LITUSDT,Buy,23.7,3.7720,"{""T"":1790727040510,""s"":""LITUSDT"",""S"":""Buy"",""v"":""23.7"",""p"":""3.7720""}"
2026-09-30T00:10:47.413934Z,1790727047007,DOGEUSDT,Buy,611,0.09285,"{""T"":1790727047007,""s"":""DOGEUSDT"",""S"":""Buy"",""v"":""611"",""p"":""0.09285""}"
2026-09-30T00:10:48.914067Z,1790727048823,DOGEUSDT,Buy,17184,0.09284,"{""T"":1790727048823,""s"":""DOGEUSDT"",""S"":""Buy"",""v"":""17184"",""p"":""0.09284""}"
2026-09-30T00:10:55.859693Z,1790727055561,GRAMUSDT,Buy,4967.1,1.4650,"{""T"":1790727055561,""s"":""GRAMUSDT"",""S"":""Buy"",""v"":""4967.1"",""p"":""1.4650""}"
2026-09-30T00:10:55.996752Z,1790727055561,LINKUSDT,Buy,256.0,14.340,"{""T"":1790727055561,""s"":""LINKUSDT"",""S"":""Buy"",""v"":""256.0"",""p"":""14.340""}"
2026-09-30T00:11:07.313071Z,1790727067143,PUMPFUNUSDT,Buy,431200,0.0057960,"{""T"":1790727067143,""s"":""PUMPFUNUSDT"",""S"":""Buy"",""v"":""431200"",""p"":""0.0057960""}"
2026-09-30T00:11:13.016196Z,1790727072557,NMRUSDT,Buy,135.5,11.875,"{""T"":1790727072557,""s"":""NMRUSDT"",""S"":""Buy"",""v"":""135.5"",""p"":""11.875""}"
2026-09-30T00:11:15.457098Z,1790727075337,QNTUSDT,Sell,0.05,278.50,"{""T"":1790727075337,""s"":""QNTUSDT"",""S"":""Sell"",""v"":""0.05"",""p"":""278.50""}"
2026-09-30T00:11:17.813817Z,1790727077276,PUMPFUNUSDT,Buy,1200,0.0057910,"{""T"":1790727077276,""s"":""PUMPFUNUSDT"",""S"":""Buy"",""v"":""1200"",""p"":""0.0057910""}"
2026-09-30T00:11:20.516117Z,1790727080249,LTCUSDT,Buy,44.4,66.14,"{""T"":1790727080249,""s"":""LTCUSDT"",""S"":""Buy"",""v"":""44.4"",""p"":""66.14""}"
2026-09-30T00:11:21.837108Z,1790727081674,AAVEUSDT,Buy,64.89,162.91,"{""T"":1790727081674,""s"":""AAVEUSDT"",""S"":""Buy"",""v"":""64.89"",""p"":""162.91""}"
2026-09-30T00:11:22.016879Z,1790727081524,LTCUSDT,Buy,1.8,66.12,"{""T"":1790727081524,""s"":""LTCUSDT"",""S"":""Buy"",""v"":""1.8"",""p"":""66.12""}"
2026-09-30T00:11:23.837736Z,1790727083681,LITUSDT,Buy,34.0,3.7460,"{""T"":1790727083681,""s"":""LITUSDT"",""S"":""Buy"",""v"":""34.0"",""p"":""3.7460""}"
2026-09-30T00:11:26.516291Z,1790727085981,LTCUSDT,Buy,40.1,66.10,"{""T"":1790727085981,""s"":""LTCUSDT"",""S"":""Buy"",""v"":""40.1"",""p"":""66.10""}"
2026-09-30T00:11:26.812871Z,1790727086558,0GUSDT,Buy,402.5,0.3216,"{""T"":1790727086558,""s"":""0GUSDT"",""S"":""Buy"",""v"":""402.5"",""p"":""0.3216""}"
2026-09-30T00:11:26.996836Z,1790727086558,DASHUSDT,Buy,4.04,59.89,"{""T"":1790727086558,""s"":""DASHUSDT"",""S"":""Buy"",""v"":""4.04"",""p"":""59.89""}"
2026-09-30T00:11:27.337278Z,1790727086955,LITUSDT,Buy,1.4,3.7410,"{""T"":1790727086955,""s"":""LITUSDT"",""S"":""Buy"",""v"":""1.4"",""p"":""3.7410""}"
2026-09-30T00:11:40.016409Z,1790727099912,NMRUSDT,Buy,1.2,11.824,"{""T"":1790727099912,""s"":""NMRUSDT"",""S"":""Buy"",""v"":""1.2"",""p"":""11.824""}"
2026-09-30T00:11:40.408023Z,1790727100087,CRVUSDT,Buy,7413.6,0.3744,"{""T"":1790727100087,""s"":""CRVUSDT"",""S"":""Buy"",""v"":""7413.6"",""p"":""0.3744""}"
2026-09-30T00:11:40.456413Z,1790727100192,ETHUSDT,Buy,0.30,2662.70,"{""T"":1790727100192,""s"":""ETHUSDT"",""S"":""Buy"",""v"":""0.30"",""p"":""2662.70""}"
2026-09-30T00:11:40.516464Z,1790727099959,NMRUSDT,Buy,16.6,11.759,"{""T"":1790727099959,""s"":""NMRUSDT"",""S"":""Buy"",""v"":""16.6"",""p"":""11.759""}"
2026-09-30T00:11:40.516464Z,1790727100158,NMRUSDT,Buy,6.9,11.804,"{""T"":1790727100158,""s"":""NMRUSDT"",""S"":""Buy"",""v"":""6.9"",""p"":""11.804""}"
2026-09-30T00:11:40.516464Z,1790727100162,NMRUSDT,Buy,0.6,11.860,"{""T"":1790727100162,""s"":""NMRUSDT"",""S"":""Buy"",""v"":""0.6"",""p"":""11.860""}"
2026-09-30T00:11:40.837186Z,1790727100378,XRPUSDT,Buy,37.8,1.4790,"{""T"":1790727100378,""s"":""XRPUSDT"",""S"":""Buy"",""v"":""37.8"",""p"":""1.4790""}"
2026-09-30T00:11:40.914388Z,1790727100359,DOGEUSDT,Buy,66,0.09280,"{""T"":1790727100359,""s"":""DOGEUSDT"",""S"":""Buy"",""v"":""66"",""p"":""0.09280""}"
2026-09-30T00:11:40.956094Z,1790727100438,ETHUSDT,Buy,0.42,2662.14,"{""T"":1790727100438,""s"":""ETHUSDT"",""S"":""Buy"",""v"":""0.42"",""p"":""2662.14""}"
2026-09-30T00:11:41.016333Z,1790727100489,NMRUSDT,Buy,83.5,11.722,"{""T"":1790727100489,""s"":""NMRUSDT"",""S"":""Buy"",""v"":""83.5"",""p"":""11.722""}"
2026-09-30T00:11:41.016333Z,1790727100498,NMRUSDT,Buy,2.1,11.727,"{""T"":1790727100498,""s"":""NMRUSDT"",""S"":""Buy"",""v"":""2.1"",""p"":""11.727""}"
2026-09-30T00:11:41.066208Z,1790727100582,BTCUSDT,Buy,0.022,83227.20,"{""T"":1790727100582,""s"":""BTCUSDT"",""S"":""Buy"",""v"":""0.022"",""p"":""83227.20""}"
2026-09-30T00:11:41.516053Z,1790727101050,NMRUSDT,Buy,2.3,11.687,"{""T"":1790727101050,""s"":""NMRUSDT"",""S"":""Buy"",""v"":""2.3"",""p"":""11.687""}"
2026-09-30T00:11:42.016171Z,1790727101796,NMRUSDT,Buy,840.0,11.639,"{""T"":1790727101796,""s"":""NMRUSDT"",""S"":""Buy"",""v"":""840.0"",""p"":""11.639""}"
2026-09-30T00:11:42.337190Z,1790727102059,XRPUSDT,Buy,56.7,1.4788,"{""T"":1790727102059,""s"":""XRPUSDT"",""S"":""Buy"",""v"":""56.7"",""p"":""1.4788""}"
2026-09-30T00:11:52.956462Z,1790727112435,QNTUSDT,Sell,0.15,279.25,"{""T"":1790727112435,""s"":""QNTUSDT"",""S"":""Sell"",""v"":""0.15"",""p"":""279.25""}"
2026-09-30T00:11:58.859946Z,1790727118489,GRAMUSDT,Buy,153.4,1.4620,"{""T"":1790727118489,""s"":""GRAMUSDT"",""S"":""Buy"",""v"":""153.4"",""p"":""1.4620""}"
2026-09-30T00:12:11.019354Z,1790727130774,NMRUSDT,Sell,0.2,12.078,"{""T"":1790727130774,""s"":""NMRUSDT"",""S"":""Sell"",""v"":""0.2"",""p"":""12.078""}"
2026-09-30T00:12:48.312914Z,1790727168040,XPLUSDT,Buy,11496,0.09394,"{""T"":1790727168040,""s"":""XPLUSDT"",""S"":""Buy"",""v"":""11496"",""p"":""0.09394""}"
2026-09-30T00:13:17.459921Z,1790727197156,QNTUSDT,Buy,0.86,272.23,"{""T"":1790727197156,""s"":""QNTUSDT"",""S"":""Buy"",""v"":""0.86"",""p"":""272.23""}"
2026-09-30T00:13:35.986856Z,1790727215617,BTWUSDT,Sell,140,1.44728,"{""T"":1790727215617,""s"":""BTWUSDT"",""S"":""Sell"",""v"":""140"",""p"":""1.44728""}"
2026-09-30T00:13:36.516155Z,1790727216358,LTCUSDT,Buy,127.7,66.06,"{""T"":1790727216358,""s"":""LTCUSDT"",""S"":""Buy"",""v"":""127.7"",""p"":""66.06""}"
2026-09-30T00:13:55.456799Z,1790727234976,QNTUSDT,Buy,0.21,271.37,"{""T"":1790727234976,""s"":""QNTUSDT"",""S"":""Buy"",""v"":""0.21"",""p"":""271.37""}"
2026-09-30T00:13:57.456103Z,1790727237209,QNTUSDT,Buy,0.60,271.16,"{""T"":1790727237209,""s"":""QNTUSDT"",""S"":""Buy"",""v"":""0.60"",""p"":""271.16""}"
2026-09-30T00:14:05.956785Z,1790727245697,QNTUSDT,Buy,2.70,270.53,"{""T"":1790727245697,""s"":""QNTUSDT"",""S"":""Buy"",""v"":""2.70"",""p"":""270.53""}"
2026-09-30T00:14:22.456367Z,1790727261993,QNTUSDT,Sell,1.00,278.20,"{""T"":1790727261993,""s"":""QNTUSDT"",""S"":""Sell"",""v"":""1.00"",""p"":""278.20""}"
2026-09-30T00:14:23.956058Z,1790727263845,QNTUSDT,Sell,0.22,282.28,"{""T"":1790727263845,""s"":""QNTUSDT"",""S"":""Sell"",""v"":""0.22"",""p"":""282.28""}"
2026-09-30T00:14:23.986588Z,1790727263845,BTWUSDT,Sell,40,1.45388,"{""T"":1790727263845,""s"":""BTWUSDT"",""S"":""Sell"",""v"":""40"",""p"":""1.45388""}"
2026-09-30T00:14:24.456884Z,1790727263900,QNTUSDT,Sell,2.50,282.04,"{""T"":1790727263900,""s"":""QNTUSDT"",""S"":""Sell"",""v"":""2.50"",""p"":""282.04""}"
2026-09-30T00:14:24.456884Z,1790727263915,QNTUSDT,Sell,0.34,281.75,"{""T"":1790727263915,""s"":""QNTUSDT"",""S"":""Sell"",""v"":""0.34"",""p"":""281.75""}"
2026-09-30T00:14:24.456884Z,1790727263998,QNTUSDT,Sell,6.45,280.94,"{""T"":1790727263998,""s"":""QNTUSDT"",""S"":""Sell"",""v"":""6.45"",""p"":""280.94""}"
2026-09-30T00:14:24.456884Z,1790727264154,QNTUSDT,Sell,0.75,281.81,"{""T"":1790727264154,""s"":""QNTUSDT"",""S"":""Sell"",""v"":""0.75"",""p"":""281.81""}"
2026-09-30T00:14:24.456884Z,1790727264204,QNTUSDT,Sell,11.80,280.46,"{""T"":1790727264204,""s"":""QNTUSDT"",""S"":""Sell"",""v"":""11.80"",""p"":""280.46""}"
2026-09-30T00:14:24.456884Z,1790727264285,QNTUSDT,Sell,0.21,281.37,"{""T"":1790727264285,""s"":""QNTUSDT"",""S"":""Sell"",""v"":""0.21"",""p"":""281.37""}"
2026-09-30T00:14:24.456884Z,1790727264317,QNTUSDT,Sell,0.15,280.93,"{""T"":1790727264317,""s"":""QNTUSDT"",""S"":""Sell"",""v"":""0.15"",""p"":""280.93""}"
2026-09-30T00:14:24.456884Z,1790727264333,QNTUSDT,Sell,0.96,281.67,"{""T"":1790727264333,""s"":""QNTUSDT"",""S"":""Sell"",""v"":""0.96"",""p"":""281.67""}"
2026-09-30T00:14:24.456884Z,1790727264356,QNTUSDT,Sell,0.02,281.72,"{""T"":1790727264356,""s"":""QNTUSDT"",""S"":""Sell"",""v"":""0.02"",""p"":""281.72""}"
2026-09-30T00:14:24.492255Z,1790727264154,SOONUSDT,Sell,365,0.41920,"{""T"":1790727264154,""s"":""SOONUSDT"",""S"":""Sell"",""v"":""365"",""p"":""0.41920""}"
2026-09-30T00:14:24.956103Z,1790727264384,QNTUSDT,Sell,32.06,280.50,"{""T"":1790727264384,""s"":""QNTUSDT"",""S"":""Sell"",""v"":""32.06"",""p"":""280.50""}"
2026-09-30T00:14:24.956103Z,1790727264388,QNTUSDT,Sell,17.96,281.93,"{""T"":1790727264388,""s"":""QNTUSDT"",""S"":""Sell"",""v"":""17.96"",""p"":""281.93""}"
2026-09-30T00:14:24.956103Z,1790727264435,QNTUSDT,Sell,2.08,282.10,"{""T"":1790727264435,""s"":""QNTUSDT"",""S"":""Sell"",""v"":""2.08"",""p"":""282.10""}"
2026-09-30T00:14:24.956103Z,1790727264585,QNTUSDT,Sell,3.69,281.60,"{""T"":1790727264585,""s"":""QNTUSDT"",""S"":""Sell"",""v"":""3.69"",""p"":""281.60""}"
2026-09-30T00:14:24.956103Z,1790727264616,QNTUSDT,Sell,3.00,282.09,"{""T"":1790727264616,""s"":""QNTUSDT"",""S"":""Sell"",""v"":""3.00"",""p"":""282.09""}"
2026-09-30T00:14:24.956103Z,1790727264626,QNTUSDT,Sell,0.54,280.77,"{""T"":1790727264626,""s"":""QNTUSDT"",""S"":""Sell"",""v"":""0.54"",""p"":""280.77""}"
2026-09-30T00:14:24.956103Z,1790727264691,QNTUSDT,Sell,8.31,281.84,"{""T"":1790727264691,""s"":""QNTUSDT"",""S"":""Sell"",""v"":""8.31"",""p"":""281.84""}"
2026-09-30T00:14:25.955925Z,1790727265715,QNTUSDT,Sell,0.25,282.86,"{""T"":1790727265715,""s"":""QNTUSDT"",""S"":""Sell"",""v"":""0.25"",""p"":""282.86""}"
2026-09-30T00:14:26.455946Z,1790727265945,QNTUSDT,Sell,0.05,283.10,"{""T"":1790727265945,""s"":""QNTUSDT"",""S"":""Sell"",""v"":""0.05"",""p"":""283.10""}"
2026-09-30T00:14:26.455946Z,1790727265955,QNTUSDT,Sell,85.10,283.50,"{""T"":1790727265955,""s"":""QNTUSDT"",""S"":""Sell"",""v"":""85.10"",""p"":""283.50""}"
2026-09-30T00:14:26.455946Z,1790727266213,QNTUSDT,Sell,9.00,283.08,"{""T"":1790727266213,""s"":""QNTUSDT"",""S"":""Sell"",""v"":""9.00"",""p"":""283.08""}"
2026-09-30T00:14:26.455946Z,1790727266308,QNTUSDT,Sell,0.07,282.90,"{""T"":1790727266308,""s"":""QNTUSDT"",""S"":""Sell"",""v"":""0.07"",""p"":""282.90""}"
2026-09-30T00:14:30.456648Z,1790727270157,QNTUSDT,Sell,0.02,283.67,"{""T"":1790727270157,""s"":""QNTUSDT"",""S"":""Sell"",""v"":""0.02"",""p"":""283.67""}"
2026-09-30T00:14:33.456132Z,1790727273056,QNTUSDT,Sell,4.00,283.99,"{""T"":1790727273056,""s"":""QNTUSDT"",""S"":""Sell"",""v"":""4.00"",""p"":""283.99""}"
2026-09-30T00:14:33.456132Z,1790727273312,QNTUSDT,Sell,14.65,283.81,"{""T"":1790727273312,""s"":""QNTUSDT"",""S"":""Sell"",""v"":""14.65"",""p"":""283.81""}"
2026-09-30T00:14:33.456132Z,1790727273348,QNTUSDT,Sell,6.28,283.95,"{""T"":1790727273348,""s"":""QNTUSDT"",""S"":""Sell"",""v"":""6.28"",""p"":""283.95""}"
2026-09-30T00:14:33.956267Z,1790727273462,QNTUSDT,Sell,4.64,283.95,"{""T"":1790727273462,""s"":""QNTUSDT"",""S"":""Sell"",""v"":""4.64"",""p"":""283.95""}"
2026-09-30T00:14:33.956267Z,1790727273613,QNTUSDT,Sell,0.04,284.54,"{""T"":1790727273613,""s"":""QNTUSDT"",""S"":""Sell"",""v"":""0.04"",""p"":""284.54""}"
2026-09-30T00:14:33.956267Z,1790727273684,QNTUSDT,Sell,0.15,284.20,"{""T"":1790727273684,""s"":""QNTUSDT"",""S"":""Sell"",""v"":""0.15"",""p"":""284.20""}"
2026-09-30T00:14:33.956267Z,1790727273689,QNTUSDT,Sell,3.85,284.33,"{""T"":1790727273689,""s"":""QNTUSDT"",""S"":""Sell"",""v"":""3.85"",""p"":""284.33""}"
2026-09-30T00:14:34.456425Z,1790727273991,QNTUSDT,Sell,6.42,284.18,"{""T"":1790727273991,""s"":""QNTUSDT"",""S"":""Sell"",""v"":""6.42"",""p"":""284.18""}"
2026-09-30T00:14:34.456425Z,1790727274042,QNTUSDT,Sell,0.33,284.31,"{""T"":1790727274042,""s"":""QNTUSDT"",""S"":""Sell"",""v"":""0.33"",""p"":""284.31""}"
2026-09-30T00:14:34.456425Z,1790727274073,QNTUSDT,Sell,17.81,284.31,"{""T"":1790727274073,""s"":""QNTUSDT"",""S"":""Sell"",""v"":""17.81"",""p"":""284.31""}"
2026-09-30T00:14:34.456425Z,1790727274110,QNTUSDT,Sell,0.87,284.26,"{""T"":1790727274110,""s"":""QNTUSDT"",""S"":""Sell"",""v"":""0.87"",""p"":""284.26""}"
2026-09-30T00:14:43.956105Z,1790727283868,QNTUSDT,Sell,0.08,285.09,"{""T"":1790727283868,""s"":""QNTUSDT"",""S"":""Sell"",""v"":""0.08"",""p"":""285.09""}"
2026-09-30T00:14:46.955958Z,1790727286809,QNTUSDT,Sell,17.73,285.36,"{""T"":1790727286809,""s"":""QNTUSDT"",""S"":""Sell"",""v"":""17.73"",""p"":""285.36""}"
2026-09-30T00:14:47.456086Z,1790727286932,QNTUSDT,Sell,0.36,285.40,"{""T"":1790727286932,""s"":""QNTUSDT"",""S"":""Sell"",""v"":""0.36"",""p"":""285.40""}"
2026-09-30T00:14:53.955885Z,1790727293392,QNTUSDT,Sell,4.58,285.39,"{""T"":1790727293392,""s"":""QNTUSDT"",""S"":""Sell"",""v"":""4.58"",""p"":""285.39""}"
2026-09-30T00:15:08.956080Z,1790727308707,QNTUSDT,Buy,2.11,277.21,"{""T"":1790727308707,""s"":""QNTUSDT"",""S"":""Buy"",""v"":""2.11"",""p"":""277.21""}"
2026-09-30T00:15:11.456206Z,1790727311322,QNTUSDT,Buy,0.16,276.66,"{""T"":1790727311322,""s"":""QNTUSDT"",""S"":""Buy"",""v"":""0.16"",""p"":""276.66""}"
2026-09-30T00:15:16.996965Z,1790727316572,SYRUPUSDT,Buy,31,0.22770,"{""T"":1790727316572,""s"":""SYRUPUSDT"",""S"":""Buy"",""v"":""31"",""p"":""0.22770""}"
2026-09-30T00:15:16.996965Z,1790727316581,SYRUPUSDT,Buy,2484,0.22770,"{""T"":1790727316581,""s"":""SYRUPUSDT"",""S"":""Buy"",""v"":""2484"",""p"":""0.22770""}"
2026-09-30T00:15:34.956745Z,1790727334678,QNTUSDT,Sell,0.35,285.68,"{""T"":1790727334678,""s"":""QNTUSDT"",""S"":""Sell"",""v"":""0.35"",""p"":""285.68""}"
2026-09-30T00:15:35.455962Z,1790727335155,QNTUSDT,Sell,1.00,285.98,"{""T"":1790727335155,""s"":""QNTUSDT"",""S"":""Sell"",""v"":""1.00"",""p"":""285.98""}"
2026-09-30T00:15:35.486806Z,1790727335399,BTWUSDT,Sell,10,1.43275,"{""T"":1790727335399,""s"":""BTWUSDT"",""S"":""Sell"",""v"":""10"",""p"":""1.43275""}"
2026-09-30T00:15:35.956247Z,1790727335399,QNTUSDT,Sell,1.88,284.75,"{""T"":1790727335399,""s"":""QNTUSDT"",""S"":""Sell"",""v"":""1.88"",""p"":""284.75""}"
2026-09-30T00:15:36.956050Z,1790727336492,QNTUSDT,Sell,0.13,286.18,"{""T"":1790727336492,""s"":""QNTUSDT"",""S"":""Sell"",""v"":""0.13"",""p"":""286.18""}"
2026-09-30T00:16:05.987166Z,1790727365647,BTWUSDT,Sell,1670,1.46581,"{""T"":1790727365647,""s"":""BTWUSDT"",""S"":""Sell"",""v"":""1670"",""p"":""1.46581""}"
2026-09-30T00:16:06.066397Z,1790727365647,BTCUSDT,Buy,0.015,83221.70,"{""T"":1790727365647,""s"":""BTCUSDT"",""S"":""Buy"",""v"":""0.015"",""p"":""83221.70""}"
2026-09-30T00:16:12.492472Z,1790727372205,SOONUSDT,Buy,18,0.40080,"{""T"":1790727372205,""s"":""SOONUSDT"",""S"":""Buy"",""v"":""18"",""p"":""0.40080""}"
2026-09-30T00:16:12.993061Z,1790727372860,SOONUSDT,Buy,545,0.40130,"{""T"":1790727372860,""s"":""SOONUSDT"",""S"":""Buy"",""v"":""545"",""p"":""0.40130""}"
2026-09-30T00:16:15.312758Z,1790727374796,GRASSUSDT,Buy,150,0.74150,"{""T"":1790727374796,""s"":""GRASSUSDT"",""S"":""Buy"",""v"":""150"",""p"":""0.74150""}"
2026-09-30T00:16:34.456319Z,1790727394144,QNTUSDT,Buy,1.00,272.30,"{""T"":1790727394144,""s"":""QNTUSDT"",""S"":""Buy"",""v"":""1.00"",""p"":""272.30""}"
2026-09-30T00:16:34.956712Z,1790727394502,QNTUSDT,Buy,2.10,272.49,"{""T"":1790727394502,""s"":""QNTUSDT"",""S"":""Buy"",""v"":""2.10"",""p"":""272.49""}"
2026-09-30T00:16:35.456081Z,1790727395070,QNTUSDT,Buy,11.51,270.72,"{""T"":1790727395070,""s"":""QNTUSDT"",""S"":""Buy"",""v"":""11.51"",""p"":""270.72""}"
2026-09-30T00:16:35.456081Z,1790727395196,QNTUSDT,Buy,0.86,270.44,"{""T"":1790727395196,""s"":""QNTUSDT"",""S"":""Buy"",""v"":""0.86"",""p"":""270.44""}"
2026-09-30T00:16:35.456081Z,1790727395243,QNTUSDT,Buy,12.58,270.93,"{""T"":1790727395243,""s"":""QNTUSDT"",""S"":""Buy"",""v"":""12.58"",""p"":""270.93""}"
2026-09-30T00:16:35.456081Z,1790727395266,QNTUSDT,Buy,0.04,271.49,"{""T"":1790727395266,""s"":""QNTUSDT"",""S"":""Buy"",""v"":""0.04"",""p"":""271.49""}"
2026-09-30T00:16:35.566020Z,1790727395196,BTCUSDT,Buy,0.002,83230.90,"{""T"":1790727395196,""s"":""BTCUSDT"",""S"":""Buy"",""v"":""0.002"",""p"":""83230.90""}"
2026-09-30T00:16:35.956305Z,1790727395729,QNTUSDT,Buy,10.68,271.30,"{""T"":1790727395729,""s"":""QNTUSDT"",""S"":""Buy"",""v"":""10.68"",""p"":""271.30""}"
2026-09-30T00:16:46.456860Z,1790727405928,QNTUSDT,Buy,0.11,269.61,"{""T"":1790727405928,""s"":""QNTUSDT"",""S"":""Buy"",""v"":""0.11"",""p"":""269.61""}"
2026-09-30T00:16:48.455897Z,1790727408273,QNTUSDT,Buy,2.70,268.00,"{""T"":1790727408273,""s"":""QNTUSDT"",""S"":""Buy"",""v"":""2.70"",""p"":""268.00""}"
2026-09-30T00:16:48.635248Z,1790727408154,ESPORTSUSDT,Buy,828,0.011980,"{""T"":1790727408154,""s"":""ESPORTSUSDT"",""S"":""Buy"",""v"":""828"",""p"":""0.011980""}"
2026-09-30T00:16:48.955982Z,1790727408459,QNTUSDT,Buy,0.90,267.12,"{""T"":1790727408459,""s"":""QNTUSDT"",""S"":""Buy"",""v"":""0.90"",""p"":""267.12""}"
2026-09-30T00:16:49.956095Z,1790727409438,QNTUSDT,Buy,0.03,265.16,"{""T"":1790727409438,""s"":""QNTUSDT"",""S"":""Buy"",""v"":""0.03"",""p"":""265.16""}"
2026-09-30T00:16:55.849124Z,1790727415392,XLMUSDT,Buy,31877,0.21910,"{""T"":1790727415392,""s"":""XLMUSDT"",""S"":""Buy"",""v"":""31877"",""p"":""0.21910""}"
2026-09-30T00:17:04.812872Z,1790727424599,XPLUSDT,Buy,50,0.09388,"{""T"":1790727424599,""s"":""XPLUSDT"",""S"":""Buy"",""v"":""50"",""p"":""0.09388""}"
2026-09-30T00:17:04.908035Z,1790727424599,LSKUSDT,Buy,32.0,0.28943,"{""T"":1790727424599,""s"":""LSKUSDT"",""S"":""Buy"",""v"":""32.0"",""p"":""0.28943""}"
2026-09-30T00:17:05.062803Z,1790727424599,FILUSDT,Buy,5.0,1.0333,"{""T"":1790727424599,""s"":""FILUSDT"",""S"":""Buy"",""v"":""5.0"",""p"":""1.0333""}"
2026-09-30T00:17:05.456311Z,1790727425226,QNTUSDT,Sell,10.55,272.76,"{""T"":1790727425226,""s"":""QNTUSDT"",""S"":""Sell"",""v"":""10.55"",""p"":""272.76""}"
2026-09-30T00:17:06.825495Z,1790727426718,ENAUSDT,Buy,358,0.24385,"{""T"":1790727426718,""s"":""ENAUSDT"",""S"":""Buy"",""v"":""358"",""p"":""0.24385""}"
2026-09-30T00:17:06.859732Z,1790727426718,WLDUSDT,Buy,8111.2,0.4771,"{""T"":1790727426718,""s"":""WLDUSDT"",""S"":""Buy"",""v"":""8111.2"",""p"":""0.4771""}"
2026-09-30T00:17:06.860148Z,1790727426718,APTUSDT,Buy,2460.34,0.7777,"{""T"":1790727426718,""s"":""APTUSDT"",""S"":""Buy"",""v"":""2460.34"",""p"":""0.7777""}"
2026-09-30T00:17:06.908503Z,1790727426718,MSTRUSDT,Buy,0.63,153.37,"{""T"":1790727426718,""s"":""MSTRUSDT"",""S"":""Buy"",""v"":""0.63"",""p"":""153.37""}"
2026-09-30T00:17:06.955982Z,1790727426718,ETHUSDT,Buy,1.46,2662.36,"{""T"":1790727426718,""s"":""ETHUSDT"",""S"":""Buy"",""v"":""1.46"",""p"":""2662.36""}"
2026-09-30T00:17:07.016010Z,1790727426718,NEARUSDT,Buy,42.0,4.9020,"{""T"":1790727426718,""s"":""NEARUSDT"",""S"":""Buy"",""v"":""42.0"",""p"":""4.9020""}"
2026-09-30T00:17:07.016425Z,1790727426809,LTCUSDT,Buy,8.0,66.12,"{""T"":1790727426809,""s"":""LTCUSDT"",""S"":""Buy"",""v"":""8.0"",""p"":""66.12""}"
2026-09-30T00:17:07.016797Z,1790727426809,AVAXUSDT,Buy,18.7,11.284,"{""T"":1790727426809,""s"":""AVAXUSDT"",""S"":""Buy"",""v"":""18.7"",""p"":""11.284""}"
2026-09-30T00:17:07.063682Z,1790727426810,FILUSDT,Buy,150.0,1.0330,"{""T"":1790727426810,""s"":""FILUSDT"",""S"":""Buy"",""v"":""150.0"",""p"":""1.0330""}"
2026-09-30T00:17:07.065591Z,1790727426718,BTCUSDT,Buy,0.122,83234.80,"{""T"":1790727426718,""s"":""BTCUSDT"",""S"":""Buy"",""v"":""0.122"",""p"":""83234.80""}"
2026-09-30T00:17:07.325077Z,1790727426809,ETHFIUSDT,Buy,254.4,0.7532,"{""T"":1790727426809,""s"":""ETHFIUSDT"",""S"":""Buy"",""v"":""254.4"",""p"":""0.7532""}"
2026-09-30T00:17:07.348179Z,1790727426810,WIFUSDT,Buy,544,0.23760,"{""T"":1790727426810,""s"":""WIFUSDT"",""S"":""Buy"",""v"":""544"",""p"":""0.23760""}"
2026-09-30T00:17:07.359372Z,1790727426810,GRAMUSDT,Buy,197.9,1.4650,"{""T"":1790727426810,""s"":""GRAMUSDT"",""S"":""Buy"",""v"":""197.9"",""p"":""1.4650""}"
2026-09-30T00:17:14.956298Z,1790727434438,QNTUSDT,Sell,4.88,274.70,"{""T"":1790727434438,""s"":""QNTUSDT"",""S"":""Sell"",""v"":""4.88"",""p"":""274.70""}"
2026-09-30T00:17:16.455841Z,1790727436270,QNTUSDT,Sell,0.11,275.05,"{""T"":1790727436270,""s"":""QNTUSDT"",""S"":""Sell"",""v"":""0.11"",""p"":""275.05""}"
2026-09-30T00:17:35.837415Z,1790727455595,AAVEUSDT,Buy,5.58,162.11,"{""T"":1790727455595,""s"":""AAVEUSDT"",""S"":""Buy"",""v"":""5.58"",""p"":""162.11""}"
2026-09-30T00:17:50.959364Z,1790727470688,QNTUSDT,Sell,0.70,274.17,"{""T"":1790727470688,""s"":""QNTUSDT"",""S"":""Sell"",""v"":""0.70"",""p"":""274.17""}"
2026-09-30T00:18:03.062910Z,1790727482902,SOLUSDT,Buy,1.4,118.100,"{""T"":1790727482902,""s"":""SOLUSDT"",""S"":""Buy"",""v"":""1.4"",""p"":""118.100""}"
2026-09-30T00:18:04.456037Z,1790727483905,ETHUSDT,Buy,3.02,2660.46,"{""T"":1790727483905,""s"":""ETHUSDT"",""S"":""Buy"",""v"":""3.02"",""p"":""2660.46""}"
2026-09-30T00:18:05.065755Z,1790727484552,BTCUSDT,Buy,0.016,83176.50,"{""T"":1790727484552,""s"":""BTCUSDT"",""S"":""Buy"",""v"":""0.016"",""p"":""83176.50""}"
2026-09-30T00:18:11.914027Z,1790727491668,DOGEUSDT,Buy,40637,0.09267,"{""T"":1790727491668,""s"":""DOGEUSDT"",""S"":""Buy"",""v"":""40637"",""p"":""0.09267""}"
2026-09-30T00:18:11.956037Z,1790727491572,ETHUSDT,Buy,0.02,2660.26,"{""T"":1790727491572,""s"":""ETHUSDT"",""S"":""Buy"",""v"":""0.02"",""p"":""2660.26""}"
2026-09-30T00:18:12.456807Z,1790727491919,ETHUSDT,Buy,4.92,2660.21,"{""T"":1790727491919,""s"":""ETHUSDT"",""S"":""Buy"",""v"":""4.92"",""p"":""2660.21""}"
2026-09-30T00:18:15.065851Z,1790727494512,BTCUSDT,Buy,0.009,83153.40,"{""T"":1790727494512,""s"":""BTCUSDT"",""S"":""Buy"",""v"":""0.009"",""p"":""83153.40""}"
2026-09-30T00:18:19.314484Z,1790727498955,PUMPFUNUSDT,Sell,1000,0.0059070,"{""T"":1790727498955,""s"":""PUMPFUNUSDT"",""S"":""Sell"",""v"":""1000"",""p"":""0.0059070""}"
2026-09-30T00:18:19.456244Z,1790727498955,QNTUSDT,Sell,0.03,275.67,"{""T"":1790727498955,""s"":""QNTUSDT"",""S"":""Sell"",""v"":""0.03"",""p"":""275.67""}"
2026-09-30T00:18:30.016514Z,1790727509617,NMRUSDT,Buy,30.8,11.576,"{""T"":1790727509617,""s"":""NMRUSDT"",""S"":""Buy"",""v"":""30.8"",""p"":""11.576""}"
2026-09-30T00:18:34.516595Z,1790727513940,NMRUSDT,Buy,0.1,11.491,"{""T"":1790727513940,""s"":""NMRUSDT"",""S"":""Buy"",""v"":""0.1"",""p"":""11.491""}"
2026-09-30T00:18:34.516595Z,1790727514014,NMRUSDT,Buy,121.5,11.499,"{""T"":1790727514014,""s"":""NMRUSDT"",""S"":""Buy"",""v"":""121.5"",""p"":""11.499""}"
2026-09-30T00:18:34.516595Z,1790727514223,NMRUSDT,Buy,13.8,11.558,"{""T"":1790727514223,""s"":""NMRUSDT"",""S"":""Buy"",""v"":""13.8"",""p"":""11.558""}"
2026-09-30T00:18:34.516595Z,1790727514234,NMRUSDT,Buy,4.0,11.528,"{""T"":1790727514234,""s"":""NMRUSDT"",""S"":""Buy"",""v"":""4.0"",""p"":""11.528""}"
2026-09-30T00:18:34.516595Z,1790727514249,NMRUSDT,Buy,117.2,11.521,"{""T"":1790727514249,""s"":""NMRUSDT"",""S"":""Buy"",""v"":""117.2"",""p"":""11.521""}"
2026-09-30T00:18:34.813087Z,1790727514518,PUMPFUNUSDT,Sell,944400,0.0059000,"{""T"":1790727514518,""s"":""PUMPFUNUSDT"",""S"":""Sell"",""v"":""944400"",""p"":""0.0059000""}"
2026-09-30T00:18:34.956089Z,1790727514518,ETHUSDT,Buy,11.29,2662.41,"{""T"":1790727514518,""s"":""ETHUSDT"",""S"":""Buy"",""v"":""11.29"",""p"":""2662.41""}"
2026-09-30T00:18:35.016413Z,1790727514518,NMRUSDT,Buy,379.3,11.489,"{""T"":1790727514518,""s"":""NMRUSDT"",""S"":""Buy"",""v"":""379.3"",""p"":""11.489""}"
2026-09-30T00:18:35.016413Z,1790727514619,NMRUSDT,Buy,11.6,11.548,"{""T"":1790727514619,""s"":""NMRUSDT"",""S"":""Buy"",""v"":""11.6"",""p"":""11.548""}"
2026-09-30T00:18:35.016413Z,1790727514628,NMRUSDT,Buy,3.1,11.516,"{""T"":1790727514628,""s"":""NMRUSDT"",""S"":""Buy"",""v"":""3.1"",""p"":""11.516""}"
2026-09-30T00:18:52.414446Z,1790727532201,ADAUSDT,Buy,12348,0.2404,"{""T"":1790727532201,""s"":""ADAUSDT"",""S"":""Buy"",""v"":""12348"",""p"":""0.2404""}"
2026-09-30T00:18:52.456260Z,1790727532040,ETHUSDT,Buy,13.73,2660.03,"{""T"":1790727532040,""s"":""ETHUSDT"",""S"":""Buy"",""v"":""13.73"",""p"":""2660.03""}"
2026-09-30T00:18:52.456260Z,1790727532201,ETHUSDT,Buy,1.61,2659.97,"{""T"":1790727532201,""s"":""ETHUSDT"",""S"":""Buy"",""v"":""1.61"",""p"":""2659.97""}"
2026-09-30T00:18:52.563266Z,1790727532040,SOLUSDT,Buy,70.0,118.040,"{""T"":1790727532040,""s"":""SOLUSDT"",""S"":""Buy"",""v"":""70.0"",""p"":""118.040""}"
2026-09-30T00:18:52.566337Z,1790727532040,BTCUSDT,Buy,0.388,83154.20,"{""T"":1790727532040,""s"":""BTCUSDT"",""S"":""Buy"",""v"":""0.388"",""p"":""83154.20""}"
2026-09-30T00:19:06.516965Z,1790727545984,NMRUSDT,Buy,1.5,11.442,"{""T"":1790727545984,""s"":""NMRUSDT"",""S"":""Buy"",""v"":""1.5"",""p"":""11.442""}"
2026-09-30T00:19:06.516965Z,1790727545992,NMRUSDT,Buy,12.4,11.443,"{""T"":1790727545992,""s"":""NMRUSDT"",""S"":""Buy"",""v"":""12.4"",""p"":""11.443""}"
2026-09-30T00:19:06.516965Z,1790727546206,NMRUSDT,Buy,0.4,11.441,"{""T"":1790727546206,""s"":""NMRUSDT"",""S"":""Buy"",""v"":""0.4"",""p"":""11.441""}"
2026-09-30T00:19:10.516373Z,1790727550070,NMRUSDT,Buy,3.9,11.421,"{""T"":1790727550070,""s"":""NMRUSDT"",""S"":""Buy"",""v"":""3.9"",""p"":""11.421""}"
2026-09-30T00:19:10.516373Z,1790727550240,NMRUSDT,Buy,0.7,11.424,"{""T"":1790727550240,""s"":""NMRUSDT"",""S"":""Buy"",""v"":""0.7"",""p"":""11.424""}"
2026-09-30T00:19:12.016112Z,1790727551872,NMRUSDT,Buy,4.2,11.417,"{""T"":1790727551872,""s"":""NMRUSDT"",""S"":""Buy"",""v"":""4.2"",""p"":""11.417""}"
2026-09-30T00:19:15.348459Z,1790727554764,QUSDT,Buy,4100,0.022630,"{""T"":1790727554764,""s"":""QUSDT"",""S"":""Buy"",""v"":""4100"",""p"":""0.022630""}"
2026-09-30T00:19:19.312665Z,1790727558887,GRASSUSDT,Buy,2900,0.73520,"{""T"":1790727558887,""s"":""GRASSUSDT"",""S"":""Buy"",""v"":""2900"",""p"":""0.73520""}"
2026-09-30T00:19:24.016879Z,1790727563729,NMRUSDT,Sell,86.0,11.837,"{""T"":1790727563729,""s"":""NMRUSDT"",""S"":""Sell"",""v"":""86.0"",""p"":""11.837""}"
2026-09-30T00:19:30.337410Z,1790727569859,AAVEUSDT,Buy,2.28,162.01,"{""T"":1790727569859,""s"":""AAVEUSDT"",""S"":""Buy"",""v"":""2.28"",""p"":""162.01""}"
2026-09-30T00:19:34.565947Z,1790727574206,BTCUSDT,Buy,0.004,83132.10,"{""T"":1790727574206,""s"":""BTCUSDT"",""S"":""Buy"",""v"":""0.004"",""p"":""83132.10""}"
2026-09-30T00:19:36.337248Z,1790727576020,XRPUSDT,Buy,3000.0,1.4788,"{""T"":1790727576020,""s"":""XRPUSDT"",""S"":""Buy"",""v"":""3000.0"",""p"":""1.4788""}"
2026-09-30T00:19:36.408427Z,1790727576020,HBARUSDT,Buy,24000,0.10045,"{""T"":1790727576020,""s"":""HBARUSDT"",""S"":""Buy"",""v"":""24000"",""p"":""0.10045""}"
2026-09-30T00:19:36.414321Z,1790727576020,ADAUSDT,Buy,17000,0.2404,"{""T"":1790727576020,""s"":""ADAUSDT"",""S"":""Buy"",""v"":""17000"",""p"":""0.2404""}"
2026-09-30T00:19:36.456071Z,1790727576020,ETHUSDT,Buy,5.50,2659.75,"{""T"":1790727576020,""s"":""ETHUSDT"",""S"":""Buy"",""v"":""5.50"",""p"":""2659.75""}"
2026-09-30T00:19:36.563165Z,1790727576020,SOLUSDT,Buy,80.0,118.040,"{""T"":1790727576020,""s"":""SOLUSDT"",""S"":""Buy"",""v"":""80.0"",""p"":""118.040""}"
2026-09-30T00:19:57.562965Z,1790727597150,SOLUSDT,Buy,0.1,118.010,"{""T"":1790727597150,""s"":""SOLUSDT"",""S"":""Buy"",""v"":""0.1"",""p"":""118.010""}"
2026-09-30T00:20:05.062696Z,1790727604680,SOLUSDT,Buy,0.3,117.990,"{""T"":1790727604680,""s"":""SOLUSDT"",""S"":""Buy"",""v"":""0.3"",""p"":""117.990""}"
2026-09-30T00:20:26.487010Z,1790727626354,BTWUSDT,Sell,580,1.47315,"{""T"":1790727626354,""s"":""BTWUSDT"",""S"":""Sell"",""v"":""580"",""p"":""1.47315""}"
2026-09-30T00:20:32.408044Z,1790727632251,CRVUSDT,Buy,716.7,0.3726,"{""T"":1790727632251,""s"":""CRVUSDT"",""S"":""Buy"",""v"":""716.7"",""p"":""0.3726""}"
2026-09-30T00:20:32.563352Z,1790727632244,SOLUSDT,Buy,0.2,117.950,"{""T"":1790727632244,""s"":""SOLUSDT"",""S"":""Buy"",""v"":""0.2"",""p"":""117.950""}"
2026-09-30T00:20:33.456276Z,1790727633019,ETHUSDT,Buy,1.25,2659.10,"{""T"":1790727633019,""s"":""ETHUSDT"",""S"":""Buy"",""v"":""1.25"",""p"":""2659.10""}"
2026-09-30T00:20:33.956187Z,1790727633573,ETHUSDT,Buy,0.25,2659.13,"{""T"":1790727633573,""s"":""ETHUSDT"",""S"":""Buy"",""v"":""0.25"",""p"":""2659.13""}"
2026-09-30T00:20:36.956123Z,1790727636469,ETHUSDT,Buy,0.03,2658.85,"{""T"":1790727636469,""s"":""ETHUSDT"",""S"":""Buy"",""v"":""0.03"",""p"":""2658.85""}"
2026-09-30T00:20:37.986874Z,1790727637777,BTWUSDT,Sell,30,1.47739,"{""T"":1790727637777,""s"":""BTWUSDT"",""S"":""Sell"",""v"":""30"",""p"":""1.47739""}"
2026-09-30T00:20:42.812841Z,1790727642660,XPLUSDT,Buy,1258,0.09367,"{""T"":1790727642660,""s"":""XPLUSDT"",""S"":""Buy"",""v"":""1258"",""p"":""0.09367""}"
2026-09-30T00:20:48.516983Z,1790727648317,TAOUSDT,Buy,1.902,295.61,"{""T"":1790727648317,""s"":""TAOUSDT"",""S"":""Buy"",""v"":""1.902"",""p"":""295.61""}"
2026-09-30T00:20:51.456025Z,1790727651313,ETHUSDT,Buy,1.28,2658.56,"{""T"":1790727651313,""s"":""ETHUSDT"",""S"":""Buy"",""v"":""1.28"",""p"":""2658.56""}"
2026-09-30T00:21:02.914408Z,1790727662384,DOGEUSDT,Buy,244,0.09262,"{""T"":1790727662384,""s"":""DOGEUSDT"",""S"":""Buy"",""v"":""244"",""p"":""0.09262""}"
2026-09-30T00:21:02.956822Z,1790727662608,ETHUSDT,Buy,0.84,2658.44,"{""T"":1790727662608,""s"":""ETHUSDT"",""S"":""Buy"",""v"":""0.84"",""p"":""2658.44""}"
2026-09-30T00:21:03.414052Z,1790727662856,DOGEUSDT,Buy,1008,0.09261,"{""T"":1790727662856,""s"":""DOGEUSDT"",""S"":""Buy"",""v"":""1008"",""p"":""0.09261""}"
2026-09-30T00:21:03.414052Z,1790727662906,DOGEUSDT,Buy,367,0.09261,"{""T"":1790727662906,""s"":""DOGEUSDT"",""S"":""Buy"",""v"":""367"",""p"":""0.09261""}"
2026-09-30T00:21:03.813375Z,1790727663481,PUMPFUNUSDT,Buy,206400,0.0057380,"{""T"":1790727663481,""s"":""PUMPFUNUSDT"",""S"":""Buy"",""v"":""206400"",""p"":""0.0057380""}"
2026-09-30T00:21:04.063394Z,1790727663673,SOLUSDT,Buy,0.2,117.910,"{""T"":1790727663673,""s"":""SOLUSDT"",""S"":""Buy"",""v"":""0.2"",""p"":""117.910""}"
2026-09-30T00:21:57.456085Z,1790727717311,QNTUSDT,Buy,3.81,267.48,"{""T"":1790727717311,""s"":""QNTUSDT"",""S"":""Buy"",""v"":""3.81"",""p"":""267.48""}"
2026-09-30T00:21:58.812900Z,1790727718577,PUMPFUNUSDT,Buy,85700,0.0057270,"{""T"":1790727718577,""s"":""PUMPFUNUSDT"",""S"":""Buy"",""v"":""85700"",""p"":""0.0057270""}"
2026-09-30T00:22:04.313424Z,1790727723820,PUMPFUNUSDT,Buy,88700,0.0057240,"{""T"":1790727723820,""s"":""PUMPFUNUSDT"",""S"":""Buy"",""v"":""88700"",""p"":""0.0057240""}"
2026-09-30T00:22:04.313424Z,1790727723995,PUMPFUNUSDT,Buy,5800,0.0057230,"{""T"":1790727723995,""s"":""PUMPFUNUSDT"",""S"":""Buy"",""v"":""5800"",""p"":""0.0057230""}"
2026-09-30T00:22:04.313424Z,1790727724201,PUMPFUNUSDT,Buy,174500,0.0057130,"{""T"":1790727724201,""s"":""PUMPFUNUSDT"",""S"":""Buy"",""v"":""174500"",""p"":""0.0057130""}"
2026-09-30T00:22:05.955891Z,1790727725780,QNTUSDT,Buy,2.83,266.62,"{""T"":1790727725780,""s"":""QNTUSDT"",""S"":""Buy"",""v"":""2.83"",""p"":""266.62""}"
2026-09-30T00:22:05.955891Z,1790727725857,QNTUSDT,Buy,0.45,266.40,"{""T"":1790727725857,""s"":""QNTUSDT"",""S"":""Buy"",""v"":""0.45"",""p"":""266.40""}"
2026-09-30T00:22:11.563383Z,1790727731198,SOLUSDT,Buy,0.2,117.870,"{""T"":1790727731198,""s"":""SOLUSDT"",""S"":""Buy"",""v"":""0.2"",""p"":""117.870""}"
2026-09-30T00:22:13.956820Z,1790727733446,QNTUSDT,Buy,0.65,264.93,"{""T"":1790727733446,""s"":""QNTUSDT"",""S"":""Buy"",""v"":""0.65"",""p"":""264.93""}"
2026-09-30T00:22:16.987005Z,1790727736449,XAGUSDT,Buy,13.518,61.17,"{""T"":1790727736449,""s"":""XAGUSDT"",""S"":""Buy"",""v"":""13.518"",""p"":""61.17""}"
2026-09-30T00:22:40.956581Z,1790727760442,QNTUSDT,Buy,0.46,263.26,"{""T"":1790727760442,""s"":""QNTUSDT"",""S"":""Buy"",""v"":""0.46"",""p"":""263.26""}"
2026-09-30T00:23:14.987267Z,1790727794865,SOXLUSDT,Buy,2.95,147.74,"{""T"":1790727794865,""s"":""SOXLUSDT"",""S"":""Buy"",""v"":""2.95"",""p"":""147.74""}"
2026-09-30T00:23:16.812831Z,1790727796427,XPLUSDT,Buy,3549,0.09365,"{""T"":1790727796427,""s"":""XPLUSDT"",""S"":""Buy"",""v"":""3549"",""p"":""0.09365""}"
2026-09-30T00:23:16.825037Z,1790727796427,FARTCOINUSDT,Buy,1453,0.17571,"{""T"":1790727796427,""s"":""FARTCOINUSDT"",""S"":""Buy"",""v"":""1453"",""p"":""0.17571""}"
2026-09-30T00:23:16.837465Z,1790727796427,XRPUSDT,Buy,293.3,1.4777,"{""T"":1790727796427,""s"":""XRPUSDT"",""S"":""Buy"",""v"":""293.3"",""p"":""1.4777""}"
2026-09-30T00:23:16.956015Z,1790727796427,ETHUSDT,Buy,0.18,2658.33,"{""T"":1790727796427,""s"":""ETHUSDT"",""S"":""Buy"",""v"":""0.18"",""p"":""2658.33""}"
2026-09-30T00:23:17.837809Z,1790727797614,XRPUSDT,Buy,264.7,1.4777,"{""T"":1790727797614,""s"":""XRPUSDT"",""S"":""Buy"",""v"":""264.7"",""p"":""1.4777""}"
2026-09-30T00:23:19.496573Z,1790727799276,VIRTUALUSDT,Buy,12,0.7511,"{""T"":1790727799276,""s"":""VIRTUALUSDT"",""S"":""Buy"",""v"":""12"",""p"":""0.7511""}"
2026-09-30T00:23:36.313214Z,1790727815914,PUMPFUNUSDT,Sell,139000,0.0058320,"{""T"":1790727815914,""s"":""PUMPFUNUSDT"",""S"":""Sell"",""v"":""139000"",""p"":""0.0058320""}"
2026-09-30T00:23:49.813518Z,1790727829484,GRASSUSDT,Buy,39,0.72760,"{""T"":1790727829484,""s"":""GRASSUSDT"",""S"":""Buy"",""v"":""39"",""p"":""0.72760""}"
2026-09-30T00:23:49.837849Z,1790727829483,LDOUSDT,Buy,494.6,0.4569,"{""T"":1790727829483,""s"":""LDOUSDT"",""S"":""Buy"",""v"":""494.6"",""p"":""0.4569""}"
2026-09-30T00:24:00.860043Z,1790727840718,GRAMUSDT,Buy,4365.5,1.4620,"{""T"":1790727840718,""s"":""GRAMUSDT"",""S"":""Buy"",""v"":""4365.5"",""p"":""1.4620""}"
2026-09-30T00:24:30.862953Z,1790727870627,GRAMUSDT,Buy,180.0,1.4610,"{""T"":1790727870627,""s"":""GRAMUSDT"",""S"":""Buy"",""v"":""180.0"",""p"":""1.4610""}"
2026-09-30T00:24:33.859496Z,1790727873584,GRAMUSDT,Buy,14.0,1.4590,"{""T"":1790727873584,""s"":""GRAMUSDT"",""S"":""Buy"",""v"":""14.0"",""p"":""1.4590""}"
2026-09-30T00:24:34.517260Z,1790727874262,NEARUSDT,Sell,816.0,4.9790,"{""T"":1790727874262,""s"":""NEARUSDT"",""S"":""Sell"",""v"":""816.0"",""p"":""4.9790""}"
2026-09-30T00:24:34.517260Z,1790727874288,NEARUSDT,Sell,60.9,4.9900,"{""T"":1790727874288,""s"":""NEARUSDT"",""S"":""Sell"",""v"":""60.9"",""p"":""4.9900""}"
2026-09-30T00:24:36.359902Z,1790727875935,GRAMUSDT,Buy,207.4,1.4580,"{""T"":1790727875935,""s"":""GRAMUSDT"",""S"":""Buy"",""v"":""207.4"",""p"":""1.4580""}"
2026-09-30T00:24:51.837710Z,1790727891346,AAVEUSDT,Buy,1.18,161.04,"{""T"":1790727891346,""s"":""AAVEUSDT"",""S"":""Buy"",""v"":""1.18"",""p"":""161.04""}"
2026-09-30T00:24:55.359500Z,1790727894923,GRAMUSDT,Buy,3319.9,1.4590,"{""T"":1790727894923,""s"":""GRAMUSDT"",""S"":""Buy"",""v"":""3319.9"",""p"":""1.4590""}"
2026-09-30T00:24:55.359500Z,1790727895019,GRAMUSDT,Buy,85.5,1.4580,"{""T"":1790727895019,""s"":""GRAMUSDT"",""S"":""Buy"",""v"":""85.5"",""p"":""1.4580""}"
2026-09-30T00:24:55.359500Z,1790727895082,GRAMUSDT,Buy,24413.2,1.4570,"{""T"":1790727895082,""s"":""GRAMUSDT"",""S"":""Buy"",""v"":""24413.2"",""p"":""1.4570""}"
2026-09-30T00:24:55.859978Z,1790727895740,GRAMUSDT,Buy,55.4,1.4560,"{""T"":1790727895740,""s"":""GRAMUSDT"",""S"":""Buy"",""v"":""55.4"",""p"":""1.4560""}"
2026-09-30T00:24:56.359384Z,1790727896061,GRAMUSDT,Buy,3.5,1.4560,"{""T"":1790727896061,""s"":""GRAMUSDT"",""S"":""Buy"",""v"":""3.5"",""p"":""1.4560""}"
2026-09-30T00:24:56.956129Z,1790727896563,QNTUSDT,Sell,0.35,274.74,"{""T"":1790727896563,""s"":""QNTUSDT"",""S"":""Sell"",""v"":""0.35"",""p"":""274.74""}"
2026-09-30T00:24:57.859523Z,1790727897384,GRAMUSDT,Buy,263.5,1.4560,"{""T"":1790727897384,""s"":""GRAMUSDT"",""S"":""Buy"",""v"":""263.5"",""p"":""1.4560""}"
2026-09-30T00:24:57.859523Z,1790727897571,GRAMUSDT,Buy,824.5,1.4550,"{""T"":1790727897571,""s"":""GRAMUSDT"",""S"":""Buy"",""v"":""824.5"",""p"":""1.4550""}"
2026-09-30T00:25:42.848493Z,1790727942668,MARSCOINUSDT,Sell,80,0.14424,"{""T"":1790727942668,""s"":""MARSCOINUSDT"",""S"":""Sell"",""v"":""80"",""p"":""0.14424""}"
2026-09-30T00:25:42.987211Z,1790727942668,USUSDT,Buy,1250,0.016500,"{""T"":1790727942668,""s"":""USUSDT"",""S"":""Buy"",""v"":""1250"",""p"":""0.016500""}"
2026-09-30T00:25:42.993013Z,1790727942668,SOONUSDT,Sell,35,0.42950,"{""T"":1790727942668,""s"":""SOONUSDT"",""S"":""Sell"",""v"":""35"",""p"":""0.42950""}"
2026-09-30T00:26:17.359529Z,1790727976895,GRAMUSDT,Buy,506.8,1.4520,"{""T"":1790727976895,""s"":""GRAMUSDT"",""S"":""Buy"",""v"":""506.8"",""p"":""1.4520""}"
2026-09-30T00:26:17.359529Z,1790727977199,GRAMUSDT,Buy,545.6,1.4530,"{""T"":1790727977199,""s"":""GRAMUSDT"",""S"":""Buy"",""v"":""545.6"",""p"":""1.4530""}"
2026-09-30T00:26:35.456205Z,1790727995234,QNTUSDT,Buy,1.61,267.56,"{""T"":1790727995234,""s"":""QNTUSDT"",""S"":""Buy"",""v"":""1.61"",""p"":""267.56""}"
2026-09-30T00:27:14.312863Z,1790728034131,0GUSDT,Sell,755.7,0.3333,"{""T"":1790728034131,""s"":""0GUSDT"",""S"":""Sell"",""v"":""755.7"",""p"":""0.3333""}"
2026-09-30T00:27:36.360000Z,1790728056051,GRAMUSDT,Buy,931.6,1.4500,"{""T"":1790728056051,""s"":""GRAMUSDT"",""S"":""Buy"",""v"":""931.6"",""p"":""1.4500""}"
2026-09-30T00:27:49.337102Z,1790728069234,LITUSDT,Sell,204.6,3.8610,"{""T"":1790728069234,""s"":""LITUSDT"",""S"":""Sell"",""v"":""204.6"",""p"":""3.8610""}"
2026-09-30T00:28:40.493206Z,1790728120350,SOONUSDT,Sell,73,0.43100,"{""T"":1790728120350,""s"":""SOONUSDT"",""S"":""Sell"",""v"":""73"",""p"":""0.43100""}"
2026-09-30T00:28:40.493206Z,1790728120372,SOONUSDT,Sell,22,0.43190,"{""T"":1790728120372,""s"":""SOONUSDT"",""S"":""Sell"",""v"":""22"",""p"":""0.43190""}"
2026-09-30T00:29:11.860181Z,1790728151471,GRAMUSDT,Buy,58.0,1.4490,"{""T"":1790728151471,""s"":""GRAMUSDT"",""S"":""Buy"",""v"":""58.0"",""p"":""1.4490""}"
2026-09-30T00:29:28.363319Z,1790728168033,GRAMUSDT,Buy,303.8,1.4490,"{""T"":1790728168033,""s"":""GRAMUSDT"",""S"":""Buy"",""v"":""303.8"",""p"":""1.4490""}"
2026-09-30T00:29:47.991479Z,1790728187435,ZROUSDT,Sell,333.7,1.7269,"{""T"":1790728187435,""s"":""ZROUSDT"",""S"":""Sell"",""v"":""333.7"",""p"":""1.7269""}"
2026-09-30T00:30:39.456626Z,1790728238905,QNTUSDT,Sell,0.91,277.10,"{""T"":1790728238905,""s"":""QNTUSDT"",""S"":""Sell"",""v"":""0.91"",""p"":""277.10""}"
2026-09-30T00:30:39.956054Z,1790728239498,QNTUSDT,Sell,8.09,277.01,"{""T"":1790728239498,""s"":""QNTUSDT"",""S"":""Sell"",""v"":""8.09"",""p"":""277.01""}"
2026-09-30T00:31:05.996799Z,1790728265853,ICPUSDT,Sell,2.9,3.476,"{""T"":1790728265853,""s"":""ICPUSDT"",""S"":""Sell"",""v"":""2.9"",""p"":""3.476""}"
2026-09-30T00:31:54.495758Z,1790728313939,SOONUSDT,Sell,48,0.43270,"{""T"":1790728313939,""s"":""SOONUSDT"",""S"":""Sell"",""v"":""48"",""p"":""0.43270""}"
2026-09-30T00:32:01.493212Z,1790728321161,SOONUSDT,Sell,7260,0.43300,"{""T"":1790728321161,""s"":""SOONUSDT"",""S"":""Sell"",""v"":""7260"",""p"":""0.43300""}"
2026-09-30T00:32:01.956492Z,1790728321403,CELOUSDT,Sell,1819.9,0.09981,"{""T"":1790728321403,""s"":""CELOUSDT"",""S"":""Sell"",""v"":""1819.9"",""p"":""0.09981""}"
2026-09-30T00:32:09.313973Z,1790728328835,ASTERUSDT,Sell,8,0.7484,"{""T"":1790728328835,""s"":""ASTERUSDT"",""S"":""Sell"",""v"":""8"",""p"":""0.7484""}"
2026-09-30T00:32:09.996486Z,1790728329517,ICPUSDT,Sell,43.8,3.479,"{""T"":1790728329517,""s"":""ICPUSDT"",""S"":""Sell"",""v"":""43.8"",""p"":""3.479""}"
2026-09-30T00:32:25.640523Z,1790728345324,ESPORTSUSDT,Buy,45646,0.011850,"{""T"":1790728345324,""s"":""ESPORTSUSDT"",""S"":""Buy"",""v"":""45646"",""p"":""0.011850""}"
2026-09-30T00:32:25.640523Z,1790728345335,ESPORTSUSDT,Buy,8197,0.011870,"{""T"":1790728345335,""s"":""ESPORTSUSDT"",""S"":""Buy"",""v"":""8197"",""p"":""0.011870""}"
2026-09-30T00:32:55.136151Z,1790728374710,ESPORTSUSDT,Buy,35372,0.011820,"{""T"":1790728374710,""s"":""ESPORTSUSDT"",""S"":""Buy"",""v"":""35372"",""p"":""0.011820""}"
2026-09-30T00:32:55.635175Z,1790728375456,ESPORTSUSDT,Buy,5824,0.011830,"{""T"":1790728375456,""s"":""ESPORTSUSDT"",""S"":""Buy"",""v"":""5824"",""p"":""0.011830""}"
2026-09-30T00:33:07.956122Z,1790728387632,QNTUSDT,Sell,3.45,275.03,"{""T"":1790728387632,""s"":""QNTUSDT"",""S"":""Sell"",""v"":""3.45"",""p"":""275.03""}"
2026-09-30T00:33:11.635089Z,1790728391161,ESPORTSUSDT,Buy,33019,0.011810,"{""T"":1790728391161,""s"":""ESPORTSUSDT"",""S"":""Buy"",""v"":""33019"",""p"":""0.011810""}"
2026-09-30T00:33:18.455961Z,1790728398114,QNTUSDT,Buy,1.50,268.26,"{""T"":1790728398114,""s"":""QNTUSDT"",""S"":""Buy"",""v"":""1.50"",""p"":""268.26""}"
2026-09-30T00:33:26.135832Z,1790728405740,ESPORTSUSDT,Buy,38726,0.011800,"{""T"":1790728405740,""s"":""ESPORTSUSDT"",""S"":""Buy"",""v"":""38726"",""p"":""0.011800""}"
2026-09-30T00:33:26.135832Z,1790728406032,ESPORTSUSDT,Buy,36625,0.011810,"{""T"":1790728406032,""s"":""ESPORTSUSDT"",""S"":""Buy"",""v"":""36625"",""p"":""0.011810""}"
2026-09-30T00:33:26.635205Z,1790728406206,ESPORTSUSDT,Buy,37661,0.011800,"{""T"":1790728406206,""s"":""ESPORTSUSDT"",""S"":""Buy"",""v"":""37661"",""p"":""0.011800""}"
2026-09-30T00:33:26.635205Z,1790728406233,ESPORTSUSDT,Buy,39455,0.011790,"{""T"":1790728406233,""s"":""ESPORTSUSDT"",""S"":""Buy"",""v"":""39455"",""p"":""0.011790""}"
2026-09-30T00:33:26.635205Z,1790728406527,ESPORTSUSDT,Buy,38979,0.011790,"{""T"":1790728406527,""s"":""ESPORTSUSDT"",""S"":""Buy"",""v"":""38979"",""p"":""0.011790""}"
2026-09-30T00:33:27.135832Z,1790728406553,ESPORTSUSDT,Buy,38433,0.011800,"{""T"":1790728406553,""s"":""ESPORTSUSDT"",""S"":""Buy"",""v"":""38433"",""p"":""0.011800""}"
2026-09-30T00:33:39.455938Z,1790728418966,QNTUSDT,Buy,0.36,265.14,"{""T"":1790728418966,""s"":""QNTUSDT"",""S"":""Buy"",""v"":""0.36"",""p"":""265.14""}"
2026-09-30T00:33:39.455938Z,1790728418966,QNTUSDT,Buy,1.58,265.30,"{""T"":1790728418966,""s"":""QNTUSDT"",""S"":""Buy"",""v"":""1.58"",""p"":""265.30""}"
2026-09-30T00:33:39.455938Z,1790728419049,QNTUSDT,Buy,0.25,265.14,"{""T"":1790728419049,""s"":""QNTUSDT"",""S"":""Buy"",""v"":""0.25"",""p"":""265.14""}"
2026-09-30T00:34:15.135542Z,1790728454693,ESPORTSUSDT,Buy,55818,0.011750,"{""T"":1790728454693,""s"":""ESPORTSUSDT"",""S"":""Buy"",""v"":""55818"",""p"":""0.011750""}"
2026-09-30T00:34:15.635700Z,1790728455086,ESPORTSUSDT,Buy,45782,0.011770,"{""T"":1790728455086,""s"":""ESPORTSUSDT"",""S"":""Buy"",""v"":""45782"",""p"":""0.011770""}"
2026-09-30T00:34:15.635700Z,1790728455181,ESPORTSUSDT,Buy,670,0.011750,"{""T"":1790728455181,""s"":""ESPORTSUSDT"",""S"":""Buy"",""v"":""670"",""p"":""0.011750""}"
2026-09-30T00:34:17.134953Z,1790728457033,ESPORTSUSDT,Buy,88444,0.011750,"{""T"":1790728457033,""s"":""ESPORTSUSDT"",""S"":""Buy"",""v"":""88444"",""p"":""0.011750""}"
2026-09-30T00:34:17.134953Z,1790728457043,ESPORTSUSDT,Buy,75237,0.011750,"{""T"":1790728457043,""s"":""ESPORTSUSDT"",""S"":""Buy"",""v"":""75237"",""p"":""0.011750""}"
2026-09-30T00:34:17.635074Z,1790728457252,ESPORTSUSDT,Buy,59896,0.011750,"{""T"":1790728457252,""s"":""ESPORTSUSDT"",""S"":""Buy"",""v"":""59896"",""p"":""0.011750""}"
2026-09-30T00:34:19.135222Z,1790728458717,ESPORTSUSDT,Buy,1728,0.011670,"{""T"":1790728458717,""s"":""ESPORTSUSDT"",""S"":""Buy"",""v"":""1728"",""p"":""0.011670""}"
2026-09-30T00:34:19.135222Z,1790728458763,ESPORTSUSDT,Buy,3048,0.011670,"{""T"":1790728458763,""s"":""ESPORTSUSDT"",""S"":""Buy"",""v"":""3048"",""p"":""0.011670""}"
2026-09-30T00:34:19.135222Z,1790728458781,ESPORTSUSDT,Buy,2302,0.011730,"{""T"":1790728458781,""s"":""ESPORTSUSDT"",""S"":""Buy"",""v"":""2302"",""p"":""0.011730""}"
2026-09-30T00:34:19.135222Z,1790728458904,ESPORTSUSDT,Buy,20004,0.011650,"{""T"":1790728458904,""s"":""ESPORTSUSDT"",""S"":""Buy"",""v"":""20004"",""p"":""0.011650""}"
2026-09-30T00:34:19.135222Z,1790728458965,ESPORTSUSDT,Buy,20000,0.011740,"{""T"":1790728458965,""s"":""ESPORTSUSDT"",""S"":""Buy"",""v"":""20000"",""p"":""0.011740""}"
2026-09-30T00:34:19.135222Z,1790728459005,ESPORTSUSDT,Buy,2261,0.011640,"{""T"":1790728459005,""s"":""ESPORTSUSDT"",""S"":""Buy"",""v"":""2261"",""p"":""0.011640""}"
2026-09-30T00:34:19.135222Z,1790728459015,ESPORTSUSDT,Buy,2665,0.011610,"{""T"":1790728459015,""s"":""ESPORTSUSDT"",""S"":""Buy"",""v"":""2665"",""p"":""0.011610""}"
2026-09-30T00:34:19.635064Z,1790728459055,ESPORTSUSDT,Buy,6837,0.011690,"{""T"":1790728459055,""s"":""ESPORTSUSDT"",""S"":""Buy"",""v"":""6837"",""p"":""0.011690""}"
2026-09-30T00:34:21.135238Z,1790728460624,ESPORTSUSDT,Buy,3100,0.011570,"{""T"":1790728460624,""s"":""ESPORTSUSDT"",""S"":""Buy"",""v"":""3100"",""p"":""0.011570""}"
2026-09-30T00:34:25.135168Z,1790728464943,ESPORTSUSDT,Buy,18143,0.011530,"{""T"":1790728464943,""s"":""ESPORTSUSDT"",""S"":""Buy"",""v"":""18143"",""p"":""0.011530""}"
2026-09-30T00:34:25.955958Z,1790728465855,QNTUSDT,Buy,0.10,262.92,"{""T"":1790728465855,""s"":""QNTUSDT"",""S"":""Buy"",""v"":""0.10"",""p"":""262.92""}"
2026-09-30T00:34:27.986466Z,1790728467592,ZROUSDT,Sell,156.9,1.7518,"{""T"":1790728467592,""s"":""ZROUSDT"",""S"":""Sell"",""v"":""156.9"",""p"":""1.7518""}"
2026-09-30T00:35:04.062742Z,1790728503641,SOLUSDT,Sell,8.6,119.710,"{""T"":1790728503641,""s"":""SOLUSDT"",""S"":""Sell"",""v"":""8.6"",""p"":""119.710""}"
2026-09-30T00:35:04.492098Z,1790728504049,SOONUSDT,Sell,143,0.43340,"{""T"":1790728504049,""s"":""SOONUSDT"",""S"":""Sell"",""v"":""143"",""p"":""0.43340""}"
2026-09-30T00:35:04.492098Z,1790728504068,SOONUSDT,Sell,1429,0.43340,"{""T"":1790728504068,""s"":""SOONUSDT"",""S"":""Sell"",""v"":""1429"",""p"":""0.43340""}"
2026-09-30T00:35:04.492098Z,1790728504393,SOONUSDT,Sell,164,0.43440,"{""T"":1790728504393,""s"":""SOONUSDT"",""S"":""Sell"",""v"":""164"",""p"":""0.43440""}"
2026-09-30T00:35:04.992246Z,1790728504512,SOONUSDT,Sell,2456,0.43410,"{""T"":1790728504512,""s"":""SOONUSDT"",""S"":""Sell"",""v"":""2456"",""p"":""0.43410""}"
2026-09-30T00:35:04.992246Z,1790728504552,SOONUSDT,Sell,788,0.43480,"{""T"":1790728504552,""s"":""SOONUSDT"",""S"":""Sell"",""v"":""788"",""p"":""0.43480""}"
2026-09-30T00:35:04.992246Z,1790728504597,SOONUSDT,Sell,1880,0.43450,"{""T"":1790728504597,""s"":""SOONUSDT"",""S"":""Sell"",""v"":""1880"",""p"":""0.43450""}"
2026-09-30T00:35:04.992246Z,1790728504668,SOONUSDT,Sell,33,0.43380,"{""T"":1790728504668,""s"":""SOONUSDT"",""S"":""Sell"",""v"":""33"",""p"":""0.43380""}"
2026-09-30T00:35:04.992246Z,1790728504900,SOONUSDT,Sell,132,0.43420,"{""T"":1790728504900,""s"":""SOONUSDT"",""S"":""Sell"",""v"":""132"",""p"":""0.43420""}"
2026-09-30T00:35:05.491972Z,1790728505302,SOONUSDT,Sell,848,0.43470,"{""T"":1790728505302,""s"":""SOONUSDT"",""S"":""Sell"",""v"":""848"",""p"":""0.43470""}"
2026-09-30T00:35:05.992142Z,1790728505465,SOONUSDT,Sell,241,0.43490,"{""T"":1790728505465,""s"":""SOONUSDT"",""S"":""Sell"",""v"":""241"",""p"":""0.43490""}"
2026-09-30T00:35:07.992505Z,1790728507409,SOONUSDT,Sell,151,0.43530,"{""T"":1790728507409,""s"":""SOONUSDT"",""S"":""Sell"",""v"":""151"",""p"":""0.43530""}"
2026-09-30T00:35:07.992505Z,1790728507675,SOONUSDT,Sell,1261,0.43540,"{""T"":1790728507675,""s"":""SOONUSDT"",""S"":""Sell"",""v"":""1261"",""p"":""0.43540""}"
2026-09-30T00:35:08.407724Z,1790728507916,BZUSDT,Buy,4.98,95.46,"{""T"":1790728507916,""s"":""BZUSDT"",""S"":""Buy"",""v"":""4.98"",""p"":""95.46""}"
2026-09-30T00:35:08.492039Z,1790728507916,SOONUSDT,Sell,3700,0.43550,"{""T"":1790728507916,""s"":""SOONUSDT"",""S"":""Sell"",""v"":""3700"",""p"":""0.43550""}"
2026-09-30T00:35:08.492039Z,1790728507975,SOONUSDT,Sell,1939,0.43500,"{""T"":1790728507975,""s"":""SOONUSDT"",""S"":""Sell"",""v"":""1939"",""p"":""0.43500""}"
2026-09-30T00:35:08.492039Z,1790728508356,SOONUSDT,Sell,11198,0.43550,"{""T"":1790728508356,""s"":""SOONUSDT"",""S"":""Sell"",""v"":""11198"",""p"":""0.43550""}"
2026-09-30T00:35:22.914183Z,1790728522413,ZECUSDT,Sell,0.06,1440.66,"{""T"":1790728522413,""s"":""ZECUSDT"",""S"":""Sell"",""v"":""0.06"",""p"":""1440.66""}"
2026-09-30T00:35:24.914384Z,1790728524737,ZECUSDT,Sell,0.11,1441.50,"{""T"":1790728524737,""s"":""ZECUSDT"",""S"":""Sell"",""v"":""0.11"",""p"":""1441.50""}"
2026-09-30T00:35:25.015755Z,1790728524714,NEARUSDT,Sell,242.5,5.0670,"{""T"":1790728524714,""s"":""NEARUSDT"",""S"":""Sell"",""v"":""242.5"",""p"":""5.0670""}"
2026-09-30T00:35:30.991955Z,1790728530613,SOONUSDT,Sell,252,0.43590,"{""T"":1790728530613,""s"":""SOONUSDT"",""S"":""Sell"",""v"":""252"",""p"":""0.43590""}"
2026-09-30T00:35:33.492035Z,1790728533332,SOONUSDT,Sell,363,0.43630,"{""T"":1790728533332,""s"":""SOONUSDT"",""S"":""Sell"",""v"":""363"",""p"":""0.43630""}"
2026-09-30T00:35:34.492412Z,1790728533942,SOONUSDT,Sell,25,0.43640,"{""T"":1790728533942,""s"":""SOONUSDT"",""S"":""Sell"",""v"":""25"",""p"":""0.43640""}"
2026-09-30T00:35:34.492412Z,1790728534066,SOONUSDT,Sell,1346,0.43600,"{""T"":1790728534066,""s"":""SOONUSDT"",""S"":""Sell"",""v"":""1346"",""p"":""0.43600""}"
2026-09-30T00:35:58.492760Z,1790728558402,SOONUSDT,Sell,37,0.43630,"{""T"":1790728558402,""s"":""SOONUSDT"",""S"":""Sell"",""v"":""37"",""p"":""0.43630""}"
2026-09-30T00:35:58.992648Z,1790728558409,SOONUSDT,Sell,373,0.43710,"{""T"":1790728558409,""s"":""SOONUSDT"",""S"":""Sell"",""v"":""373"",""p"":""0.43710""}"
2026-09-30T00:35:58.992648Z,1790728558410,SOONUSDT,Sell,25,0.43650,"{""T"":1790728558410,""s"":""SOONUSDT"",""S"":""Sell"",""v"":""25"",""p"":""0.43650""}"
2026-09-30T00:35:58.992648Z,1790728558459,SOONUSDT,Sell,251,0.43750,"{""T"":1790728558459,""s"":""SOONUSDT"",""S"":""Sell"",""v"":""251"",""p"":""0.43750""}"
2026-09-30T00:35:58.992648Z,1790728558488,SOONUSDT,Sell,181,0.44010,"{""T"":1790728558488,""s"":""SOONUSDT"",""S"":""Sell"",""v"":""181"",""p"":""0.44010""}"
2026-09-30T00:35:58.992648Z,1790728558495,SOONUSDT,Sell,346,0.44070,"{""T"":1790728558495,""s"":""SOONUSDT"",""S"":""Sell"",""v"":""346"",""p"":""0.44070""}"
2026-09-30T00:35:58.992648Z,1790728558519,SOONUSDT,Sell,1440,0.43780,"{""T"":1790728558519,""s"":""SOONUSDT"",""S"":""Sell"",""v"":""1440"",""p"":""0.43780""}"
2026-09-30T00:35:58.992648Z,1790728558571,SOONUSDT,Sell,2506,0.43790,"{""T"":1790728558571,""s"":""SOONUSDT"",""S"":""Sell"",""v"":""2506"",""p"":""0.43790""}"
2026-09-30T00:35:58.992648Z,1790728558589,SOONUSDT,Sell,552,0.43660,"{""T"":1790728558589,""s"":""SOONUSDT"",""S"":""Sell"",""v"":""552"",""p"":""0.43660""}"
2026-09-30T00:35:58.992648Z,1790728558650,SOONUSDT,Sell,136,0.44010,"{""T"":1790728558650,""s"":""SOONUSDT"",""S"":""Sell"",""v"":""136"",""p"":""0.44010""}"
2026-09-30T00:35:58.992648Z,1790728558659,SOONUSDT,Sell,1942,0.43730,"{""T"":1790728558659,""s"":""SOONUSDT"",""S"":""Sell"",""v"":""1942"",""p"":""0.43730""}"
2026-09-30T00:35:58.992648Z,1790728558664,SOONUSDT,Sell,2632,0.43950,"{""T"":1790728558664,""s"":""SOONUSDT"",""S"":""Sell"",""v"":""2632"",""p"":""0.43950""}"
2026-09-30T00:35:58.992648Z,1790728558696,SOONUSDT,Sell,219,0.43760,"{""T"":1790728558696,""s"":""SOONUSDT"",""S"":""Sell"",""v"":""219"",""p"":""0.43760""}"
2026-09-30T00:35:58.992648Z,1790728558837,SOONUSDT,Sell,13,0.43840,"{""T"":1790728558837,""s"":""SOONUSDT"",""S"":""Sell"",""v"":""13"",""p"":""0.43840""}"
2026-09-30T00:35:59.492297Z,1790728558967,SOONUSDT,Sell,1258,0.43920,"{""T"":1790728558967,""s"":""SOONUSDT"",""S"":""Sell"",""v"":""1258"",""p"":""0.43920""}"
2026-09-30T00:35:59.492297Z,1790728559018,SOONUSDT,Sell,2505,0.43840,"{""T"":1790728559018,""s"":""SOONUSDT"",""S"":""Sell"",""v"":""2505"",""p"":""0.43840""}"
2026-09-30T00:35:59.492297Z,1790728559019,SOONUSDT,Sell,818,0.43870,"{""T"":1790728559019,""s"":""SOONUSDT"",""S"":""Sell"",""v"":""818"",""p"":""0.43870""}"
2026-09-30T00:35:59.492297Z,1790728559061,SOONUSDT,Sell,186,0.43960,"{""T"":1790728559061,""s"":""SOONUSDT"",""S"":""Sell"",""v"":""186"",""p"":""0.43960""}"
2026-09-30T00:35:59.492297Z,1790728559149,SOONUSDT,Sell,1833,0.43970,"{""T"":1790728559149,""s"":""SOONUSDT"",""S"":""Sell"",""v"":""1833"",""p"":""0.43970""}"
2026-09-30T00:35:59.492297Z,1790728559199,SOONUSDT,Sell,732,0.44000,"{""T"":1790728559199,""s"":""SOONUSDT"",""S"":""Sell"",""v"":""732"",""p"":""0.44000""}"
2026-09-30T00:35:59.492297Z,1790728559226,SOONUSDT,Sell,193,0.43910,"{""T"":1790728559226,""s"":""SOONUSDT"",""S"":""Sell"",""v"":""193"",""p"":""0.43910""}"
2026-09-30T00:35:59.492297Z,1790728559245,SOONUSDT,Sell,18,0.43800,"{""T"":1790728559245,""s"":""SOONUSDT"",""S"":""Sell"",""v"":""18"",""p"":""0.43800""}"
2026-09-30T00:35:59.492297Z,1790728559294,SOONUSDT,Sell,2502,0.43930,"{""T"":1790728559294,""s"":""SOONUSDT"",""S"":""Sell"",""v"":""2502"",""p"":""0.43930""}"
2026-09-30T00:35:59.492297Z,1790728559329,SOONUSDT,Sell,222,0.43970,"{""T"":1790728559329,""s"":""SOONUSDT"",""S"":""Sell"",""v"":""222"",""p"":""0.43970""}"
2026-09-30T00:35:59.492297Z,1790728559356,SOONUSDT,Sell,232,0.43980,"{""T"":1790728559356,""s"":""SOONUSDT"",""S"":""Sell"",""v"":""232"",""p"":""0.43980""}"
2026-09-30T00:36:07.956260Z,1790728567442,QNTUSDT,Buy,0.66,264.92,"{""T"":1790728567442,""s"":""QNTUSDT"",""S"":""Buy"",""v"":""0.66"",""p"":""264.92""}"
2026-09-30T00:36:08.337104Z,1790728568059,LITUSDT,Buy,14.9,3.9230,"{""T"":1790728568059,""s"":""LITUSDT"",""S"":""Buy"",""v"":""14.9"",""p"":""3.9230""}"
2026-09-30T00:36:34.849228Z,1790728594420,MARSCOINUSDT,Sell,720,0.14868,"{""T"":1790728594420,""s"":""MARSCOINUSDT"",""S"":""Sell"",""v"":""720"",""p"":""0.14868""}"
2026-09-30T00:36:42.486590Z,1790728602128,SOXLUSDT,Buy,1.94,147.91,"{""T"":1790728602128,""s"":""SOXLUSDT"",""S"":""Buy"",""v"":""1.94"",""p"":""147.91""}"
2026-09-30T00:38:00.955914Z,1790728680462,QNTUSDT,Buy,18.68,263.60,"{""T"":1790728680462,""s"":""QNTUSDT"",""S"":""Buy"",""v"":""18.68"",""p"":""263.60""}"
2026-09-30T00:38:06.634838Z,1790728686523,ESPORTSUSDT,Buy,4546,0.011300,"{""T"":1790728686523,""s"":""ESPORTSUSDT"",""S"":""Buy"",""v"":""4546"",""p"":""0.011300""}"
2026-09-30T00:38:07.135771Z,1790728686782,ESPORTSUSDT,Buy,1106,0.011450,"{""T"":1790728686782,""s"":""ESPORTSUSDT"",""S"":""Buy"",""v"":""1106"",""p"":""0.011450""}"
2026-09-30T00:38:07.635091Z,1790728687275,ESPORTSUSDT,Buy,1593,0.011420,"{""T"":1790728687275,""s"":""ESPORTSUSDT"",""S"":""Buy"",""v"":""1593"",""p"":""0.011420""}"
2026-09-30T00:38:08.635286Z,1790728688516,ESPORTSUSDT,Buy,7593,0.011220,"{""T"":1790728688516,""s"":""ESPORTSUSDT"",""S"":""Buy"",""v"":""7593"",""p"":""0.011220""}"
2026-09-30T00:38:52.956296Z,1790728732645,QNTUSDT,Sell,18.27,268.63,"{""T"":1790728732645,""s"":""QNTUSDT"",""S"":""Sell"",""v"":""18.27"",""p"":""268.63""}"
2026-09-30T00:38:53.455972Z,1790728733128,QNTUSDT,Sell,0.60,268.80,"{""T"":1790728733128,""s"":""QNTUSDT"",""S"":""Sell"",""v"":""0.60"",""p"":""268.80""}"
2026-09-30T00:39:02.635861Z,1790728742512,ESPORTSUSDT,Buy,1777,0.011180,"{""T"":1790728742512,""s"":""ESPORTSUSDT"",""S"":""Buy"",""v"":""1777"",""p"":""0.011180""}"
2026-09-30T00:39:28.136072Z,1790728767655,ESPORTSUSDT,Buy,678,0.011100,"{""T"":1790728767655,""s"":""ESPORTSUSDT"",""S"":""Buy"",""v"":""678"",""p"":""0.011100""}"
2026-09-30T00:39:28.634908Z,1790728768354,ESPORTSUSDT,Buy,5198,0.011140,"{""T"":1790728768354,""s"":""ESPORTSUSDT"",""S"":""Buy"",""v"":""5198"",""p"":""0.011140""}"
2026-09-30T00:40:47.456503Z,1790728846911,QNTUSDT,Sell,1.10,267.24,"{""T"":1790728846911,""s"":""QNTUSDT"",""S"":""Sell"",""v"":""1.10"",""p"":""267.24""}"
2026-09-30T00:43:41.457361Z,1790729021238,QNTUSDT,Buy,0.32,263.71,"{""T"":1790729021238,""s"":""QNTUSDT"",""S"":""Buy"",""v"":""0.32"",""p"":""263.71""}"
2026-09-30T00:43:56.997424Z,1790729036881,ICPUSDT,Buy,1.5,3.434,"{""T"":1790729036881,""s"":""ICPUSDT"",""S"":""Buy"",""v"":""1.5"",""p"":""3.434""}"
2026-09-30T00:44:01.955961Z,1790729041634,QNTUSDT,Sell,0.10,270.39,"{""T"":1790729041634,""s"":""QNTUSDT"",""S"":""Sell"",""v"":""0.10"",""p"":""270.39""}"
2026-09-30T00:44:23.457135Z,1790729063063,QNTUSDT,Sell,2.31,270.46,"{""T"":1790729063063,""s"":""QNTUSDT"",""S"":""Sell"",""v"":""2.31"",""p"":""270.46""}"
2026-09-30T00:45:13.848819Z,1790729113661,MARSCOINUSDT,Sell,2470,0.15059,"{""T"":1790729113661,""s"":""MARSCOINUSDT"",""S"":""Sell"",""v"":""2470"",""p"":""0.15059""}"
2026-09-30T00:45:13.992857Z,1790729113473,SOONUSDT,Buy,1751,0.41030,"{""T"":1790729113473,""s"":""SOONUSDT"",""S"":""Buy"",""v"":""1751"",""p"":""0.41030""}"
2026-09-30T00:45:20.993026Z,1790729120658,SOONUSDT,Buy,17,0.40850,"{""T"":1790729120658,""s"":""SOONUSDT"",""S"":""Buy"",""v"":""17"",""p"":""0.40850""}"
2026-09-30T00:45:21.492489Z,1790729120934,SOONUSDT,Buy,743,0.40850,"{""T"":1790729120934,""s"":""SOONUSDT"",""S"":""Buy"",""v"":""743"",""p"":""0.40850""}"
2026-09-30T00:45:23.993237Z,1790729123532,SOONUSDT,Buy,330,0.40770,"{""T"":1790729123532,""s"":""SOONUSDT"",""S"":""Buy"",""v"":""330"",""p"":""0.40770""}"
2026-09-30T00:45:27.486761Z,1790729127313,SOXLUSDT,Buy,0.37,147.26,"{""T"":1790729127313,""s"":""SOXLUSDT"",""S"":""Buy"",""v"":""0.37"",""p"":""147.26""}"
2026-09-30T00:45:27.992478Z,1790729127654,SOONUSDT,Buy,93,0.40590,"{""T"":1790729127654,""s"":""SOONUSDT"",""S"":""Buy"",""v"":""93"",""p"":""0.40590""}"
2026-09-30T00:45:32.992230Z,1790729132436,SOONUSDT,Buy,42,0.40300,"{""T"":1790729132436,""s"":""SOONUSDT"",""S"":""Buy"",""v"":""42"",""p"":""0.40300""}"
2026-09-30T00:45:32.992230Z,1790729132842,SOONUSDT,Buy,2360,0.40290,"{""T"":1790729132842,""s"":""SOONUSDT"",""S"":""Buy"",""v"":""2360"",""p"":""0.40290""}"
2026-09-30T00:45:43.516232Z,1790729143322,NEARUSDT,Buy,246.0,4.9690,"{""T"":1790729143322,""s"":""NEARUSDT"",""S"":""Buy"",""v"":""246.0"",""p"":""4.9690""}"
2026-09-30T00:46:08.959381Z,1790729168760,QNTUSDT,Sell,4.28,270.96,"{""T"":1790729168760,""s"":""QNTUSDT"",""S"":""Sell"",""v"":""4.28"",""p"":""270.96""}"
2026-09-30T00:47:04.459650Z,1790729224218,QNTUSDT,Sell,0.80,271.57,"{""T"":1790729224218,""s"":""QNTUSDT"",""S"":""Sell"",""v"":""0.80"",""p"":""271.57""}"
2026-09-30T00:47:11.348226Z,1790729230993,MARSCOINUSDT,Sell,1160,0.15065,"{""T"":1790729230993,""s"":""MARSCOINUSDT"",""S"":""Sell"",""v"":""1160"",""p"":""0.15065""}"
2026-09-30T00:47:16.956040Z,1790729236540,QNTUSDT,Sell,0.71,271.78,"{""T"":1790729236540,""s"":""QNTUSDT"",""S"":""Sell"",""v"":""0.71"",""p"":""271.78""}"
2026-09-30T00:47:27.956547Z,1790729247383,QNTUSDT,Sell,18.57,271.93,"{""T"":1790729247383,""s"":""QNTUSDT"",""S"":""Sell"",""v"":""18.57"",""p"":""271.93""}"
2026-09-30T00:47:40.956115Z,1790729260833,QNTUSDT,Sell,0.07,272.70,"{""T"":1790729260833,""s"":""QNTUSDT"",""S"":""Sell"",""v"":""0.07"",""p"":""272.70""}"
2026-09-30T00:47:41.456080Z,1790729261173,QNTUSDT,Sell,0.29,273.71,"{""T"":1790729261173,""s"":""QNTUSDT"",""S"":""Sell"",""v"":""0.29"",""p"":""273.71""}"
2026-09-30T00:47:41.456080Z,1790729261198,QNTUSDT,Sell,9.57,273.50,"{""T"":1790729261198,""s"":""QNTUSDT"",""S"":""Sell"",""v"":""9.57"",""p"":""273.50""}"
2026-09-30T00:47:51.455935Z,1790729271145,QNTUSDT,Sell,0.12,274.20,"{""T"":1790729271145,""s"":""QNTUSDT"",""S"":""Sell"",""v"":""0.12"",""p"":""274.20""}"
2026-09-30T00:48:02.992789Z,1790729282850,SOONUSDT,Buy,27,0.39860,"{""T"":1790729282850,""s"":""SOONUSDT"",""S"":""Buy"",""v"":""27"",""p"":""0.39860""}"
2026-09-30T00:48:03.492295Z,1790729283145,SOONUSDT,Buy,1139,0.39870,"{""T"":1790729283145,""s"":""SOONUSDT"",""S"":""Buy"",""v"":""1139"",""p"":""0.39870""}"
2026-09-30T00:48:03.492295Z,1790729283291,SOONUSDT,Buy,380,0.39840,"{""T"":1790729283291,""s"":""SOONUSDT"",""S"":""Buy"",""v"":""380"",""p"":""0.39840""}"
2026-09-30T00:48:05.492210Z,1790729285101,SOONUSDT,Buy,353,0.39790,"{""T"":1790729285101,""s"":""SOONUSDT"",""S"":""Buy"",""v"":""353"",""p"":""0.39790""}"
2026-09-30T00:48:28.337369Z,1790729308144,LITUSDT,Buy,631.9,3.9130,"{""T"":1790729308144,""s"":""LITUSDT"",""S"":""Buy"",""v"":""631.9"",""p"":""3.9130""}"
2026-09-30T00:50:34.812591Z,1790729434539,GRASSUSDT,Buy,295,0.71820,"{""T"":1790729434539,""s"":""GRASSUSDT"",""S"":""Buy"",""v"":""295"",""p"":""0.71820""}"
2026-09-30T00:50:42.565630Z,1790729442360,BTCUSDT,Buy,0.130,83082.30,"{""T"":1790729442360,""s"":""BTCUSDT"",""S"":""Buy"",""v"":""0.130"",""p"":""83082.30""}"
2026-09-30T00:50:53.065965Z,1790729452737,BTCUSDT,Buy,0.013,83069.00,"{""T"":1790729452737,""s"":""BTCUSDT"",""S"":""Buy"",""v"":""0.013"",""p"":""83069.00""}"
2026-09-30T00:51:00.065986Z,1790729459823,BTCUSDT,Buy,0.002,83062.00,"{""T"":1790729459823,""s"":""BTCUSDT"",""S"":""Buy"",""v"":""0.002"",""p"":""83062.00""}"
2026-09-30T00:51:01.812778Z,1790729461679,PUMPFUNUSDT,Sell,1000,0.0058620,"{""T"":1790729461679,""s"":""PUMPFUNUSDT"",""S"":""Sell"",""v"":""1000"",""p"":""0.0058620""}"
2026-09-30T00:51:12.986910Z,1790729472518,SOXLUSDT,Buy,4.00,146.74,"{""T"":1790729472518,""s"":""SOXLUSDT"",""S"":""Buy"",""v"":""4.00"",""p"":""146.74""}"
2026-09-30T00:51:18.065555Z,1790729477894,BTCUSDT,Buy,0.004,83059.60,"{""T"":1790729477894,""s"":""BTCUSDT"",""S"":""Buy"",""v"":""0.004"",""p"":""83059.60""}"
2026-09-30T00:51:30.065930Z,1790729489789,SOLUSDT,Buy,1.0,117.980,"{""T"":1790729489789,""s"":""SOLUSDT"",""S"":""Buy"",""v"":""1.0"",""p"":""117.980""}"
2026-09-30T00:51:30.066279Z,1790729489789,BTCUSDT,Buy,0.008,83052.50,"{""T"":1790729489789,""s"":""BTCUSDT"",""S"":""Buy"",""v"":""0.008"",""p"":""83052.50""}"
2026-09-30T00:53:06.908342Z,1790729586541,HBARUSDT,Buy,4243,0.10038,"{""T"":1790729586541,""s"":""HBARUSDT"",""S"":""Buy"",""v"":""4243"",""p"":""0.10038""}"
2026-09-30T00:53:08.312725Z,1790729587944,GRASSUSDT,Buy,515,0.71640,"{""T"":1790729587944,""s"":""GRASSUSDT"",""S"":""Buy"",""v"":""515"",""p"":""0.71640""}"
2026-09-30T00:53:08.325011Z,1790729587944,ENAUSDT,Buy,6139,0.24430,"{""T"":1790729587944,""s"":""ENAUSDT"",""S"":""Buy"",""v"":""6139"",""p"":""0.24430""}"
2026-09-30T00:55:25.993208Z,1790729725431,SOONUSDT,Sell,12160,0.42130,"{""T"":1790729725431,""s"":""SOONUSDT"",""S"":""Sell"",""v"":""12160"",""p"":""0.42130""}"
2026-09-30T00:55:53.813270Z,1790729753553,PUMPFUNUSDT,Sell,169500,0.0058930,"{""T"":1790729753553,""s"":""PUMPFUNUSDT"",""S"":""Sell"",""v"":""169500"",""p"":""0.0058930""}"
2026-09-30T00:55:53.813270Z,1790729753679,PUMPFUNUSDT,Sell,19300,0.0058980,"{""T"":1790729753679,""s"":""PUMPFUNUSDT"",""S"":""Sell"",""v"":""19300"",""p"":""0.0058980""}"
2026-09-30T00:56:32.837298Z,1790729792641,XRPUSDT,Sell,488.3,1.4975,"{""T"":1790729792641,""s"":""XRPUSDT"",""S"":""Sell"",""v"":""488.3"",""p"":""1.4975""}"
2026-09-30T00:56:32.992265Z,1790729792641,SOONUSDT,Sell,3055,0.42400,"{""T"":1790729792641,""s"":""SOONUSDT"",""S"":""Sell"",""v"":""3055"",""p"":""0.42400""}"
2026-09-30T00:56:39.492609Z,1790729799327,SOONUSDT,Sell,79,0.42500,"{""T"":1790729799327,""s"":""SOONUSDT"",""S"":""Sell"",""v"":""79"",""p"":""0.42500""}"
2026-09-30T00:56:47.992081Z,1790729807660,SOONUSDT,Sell,361,0.42690,"{""T"":1790729807660,""s"":""SOONUSDT"",""S"":""Sell"",""v"":""361"",""p"":""0.42690""}"
2026-09-30T00:56:48.492341Z,1790729808255,SOONUSDT,Sell,444,0.42730,"{""T"":1790729808255,""s"":""SOONUSDT"",""S"":""Sell"",""v"":""444"",""p"":""0.42730""}"
2026-09-30T00:57:21.492391Z,1790729841312,SOONUSDT,Sell,13,0.43100,"{""T"":1790729841312,""s"":""SOONUSDT"",""S"":""Sell"",""v"":""13"",""p"":""0.43100""}"
2026-09-30T00:57:43.995572Z,1790729863547,SOONUSDT,Sell,58,0.43700,"{""T"":1790729863547,""s"":""SOONUSDT"",""S"":""Sell"",""v"":""58"",""p"":""0.43700""}"
2026-09-30T00:57:50.992794Z,1790729870810,SOONUSDT,Sell,114,0.43790,"{""T"":1790729870810,""s"":""SOONUSDT"",""S"":""Sell"",""v"":""114"",""p"":""0.43790""}"
2026-09-30T00:57:57.813128Z,1790729877260,0GUSDT,Sell,202.7,0.3400,"{""T"":1790729877260,""s"":""0GUSDT"",""S"":""Sell"",""v"":""202.7"",""p"":""0.3400""}"
2026-09-30T00:58:26.516457Z,1790729906337,NEARUSDT,Sell,1812.8,5.0370,"{""T"":1790729906337,""s"":""NEARUSDT"",""S"":""Sell"",""v"":""1812.8"",""p"":""5.0370""}"
2026-09-30T00:58:54.813344Z,1790729934604,0GUSDT,Sell,15.6,0.3439,"{""T"":1790729934604,""s"":""0GUSDT"",""S"":""Sell"",""v"":""15.6"",""p"":""0.3439""}"
2026-09-30T00:58:55.135547Z,1790729934604,AKEUSDT,Sell,300,0.0311310,"{""T"":1790729934604,""s"":""AKEUSDT"",""S"":""Sell"",""v"":""300"",""p"":""0.0311310""}"
2026-09-30T01:00:58.635079Z,1790730058535,AKEUSDT,Sell,86100,0.0313720,"{""T"":1790730058535,""s"":""AKEUSDT"",""S"":""Sell"",""v"":""86100"",""p"":""0.0313720""}"
2026-09-30T01:01:05.859308Z,1790730065584,SEIUSDT,Sell,69,0.07499,"{""T"":1790730065584,""s"":""SEIUSDT"",""S"":""Sell"",""v"":""69"",""p"":""0.07499""}"
2026-09-30T01:01:06.359664Z,1790730066054,WLDUSDT,Sell,50.3,0.4958,"{""T"":1790730066054,""s"":""WLDUSDT"",""S"":""Sell"",""v"":""50.3"",""p"":""0.4958""}"
2026-09-30T01:01:06.859634Z,1790730066295,WLDUSDT,Sell,871.1,0.4959,"{""T"":1790730066295,""s"":""WLDUSDT"",""S"":""Sell"",""v"":""871.1"",""p"":""0.4959""}"
2026-09-30T01:01:46.359801Z,1790730106136,WLDUSDT,Sell,78.9,0.4960,"{""T"":1790730106136,""s"":""WLDUSDT"",""S"":""Sell"",""v"":""78.9"",""p"":""0.4960""}"
2026-09-30T01:02:04.987015Z,1790730124729,ZROUSDT,Sell,316.6,1.7818,"{""T"":1790730124729,""s"":""ZROUSDT"",""S"":""Sell"",""v"":""316.6"",""p"":""1.7818""}"
2026-09-30T01:02:35.135727Z,1790730154829,JTOUSDT,Sell,1210.1,0.5656,"{""T"":1790730154829,""s"":""JTOUSDT"",""S"":""Sell"",""v"":""1210.1"",""p"":""0.5656""}"
2026-09-30T01:02:45.837801Z,1790730165407,XRPUSDT,Sell,5.7,1.5011,"{""T"":1790730165407,""s"":""XRPUSDT"",""S"":""Sell"",""v"":""5.7"",""p"":""1.5011""}"
2026-09-30T01:02:51.955818Z,1790730171400,QNTUSDT,Sell,3.58,276.32,"{""T"":1790730171400,""s"":""QNTUSDT"",""S"":""Sell"",""v"":""3.58"",""p"":""276.32""}"
2026-09-30T01:02:56.859326Z,1790730176409,WLDUSDT,Sell,971.1,0.4987,"{""T"":1790730176409,""s"":""WLDUSDT"",""S"":""Sell"",""v"":""971.1"",""p"":""0.4987""}"
2026-09-30T01:03:02.328565Z,1790730181997,PONSUSDT,Sell,664,0.5349,"{""T"":1790730181997,""s"":""PONSUSDT"",""S"":""Sell"",""v"":""664"",""p"":""0.5349""}"
2026-09-30T01:03:08.359329Z,1790730187826,WLDUSDT,Sell,274.3,0.4992,"{""T"":1790730187826,""s"":""WLDUSDT"",""S"":""Sell"",""v"":""274.3"",""p"":""0.4992""}"
2026-09-30T01:03:17.016137Z,1790730196602,NEARUSDT,Sell,21.6,5.0790,"{""T"":1790730196602,""s"":""NEARUSDT"",""S"":""Sell"",""v"":""21.6"",""p"":""5.0790""}"
2026-09-30T01:03:18.496354Z,1790730198114,PENGUUSDT,Sell,1170,0.010131,"{""T"":1790730198114,""s"":""PENGUUSDT"",""S"":""Sell"",""v"":""1170"",""p"":""0.010131""}"
2026-09-30T01:03:47.017018Z,1790730226756,NEARUSDT,Sell,437.1,5.0910,"{""T"":1790730226756,""s"":""NEARUSDT"",""S"":""Sell"",""v"":""437.1"",""p"":""5.0910""}"
2026-09-30T01:04:11.992393Z,1790730251632,SOONUSDT,Buy,48,0.41260,"{""T"":1790730251632,""s"":""SOONUSDT"",""S"":""Buy"",""v"":""48"",""p"":""0.41260""}"
2026-09-30T01:04:23.495967Z,1790730263173,SOONUSDT,Buy,561,0.41210,"{""T"":1790730263173,""s"":""SOONUSDT"",""S"":""Buy"",""v"":""561"",""p"":""0.41210""}"
2026-09-30T01:04:56.828983Z,1790730296409,PONSUSDT,Sell,20,0.5452,"{""T"":1790730296409,""s"":""PONSUSDT"",""S"":""Sell"",""v"":""20"",""p"":""0.5452""}"
2026-09-30T01:05:03.455920Z,1790730303126,QNTUSDT,Sell,3.23,277.06,"{""T"":1790730303126,""s"":""QNTUSDT"",""S"":""Sell"",""v"":""3.23"",""p"":""277.06""}"
2026-09-30T01:06:00.813181Z,1790730360716,HYPEUSDT,Sell,2.49,86.950,"{""T"":1790730360716,""s"":""HYPEUSDT"",""S"":""Sell"",""v"":""2.49"",""p"":""86.950""}"
2026-09-30T01:06:37.492206Z,1790730397393,SOONUSDT,Sell,23,0.43570,"{""T"":1790730397393,""s"":""SOONUSDT"",""S"":""Sell"",""v"":""23"",""p"":""0.43570""}"
2026-09-30T01:07:38.457478Z,1790730457969,QNTUSDT,Buy,5.82,270.00,"{""T"":1790730457969,""s"":""QNTUSDT"",""S"":""Buy"",""v"":""5.82"",""p"":""270.00""}"
2026-09-30T01:07:45.813006Z,1790730465604,0GUSDT,Sell,419.6,0.3468,"{""T"":1790730465604,""s"":""0GUSDT"",""S"":""Sell"",""v"":""419.6"",""p"":""0.3468""}"
2026-09-30T01:08:03.848523Z,1790730483343,QUSDT,Buy,5640,0.022270,"{""T"":1790730483343,""s"":""QUSDT"",""S"":""Buy"",""v"":""5640"",""p"":""0.022270""}"
2026-09-30T01:09:03.317461Z,1790730543030,INITUSDT,Buy,53,0.09782,"{""T"":1790730543030,""s"":""INITUSDT"",""S"":""Buy"",""v"":""53"",""p"":""0.09782""}"
2026-09-30T01:09:15.337525Z,1790730554996,XRPUSDT,Sell,669.2,1.5031,"{""T"":1790730554996,""s"":""XRPUSDT"",""S"":""Sell"",""v"":""669.2"",""p"":""1.5031""}"
2026-09-30T01:09:33.317021Z,1790730573022,0GUSDT,Sell,168.3,0.3481,"{""T"":1790730573022,""s"":""0GUSDT"",""S"":""Sell"",""v"":""168.3"",""p"":""0.3481""}"
2026-09-30T01:09:33.317021Z,1790730573078,0GUSDT,Sell,301.1,0.3482,"{""T"":1790730573078,""s"":""0GUSDT"",""S"":""Sell"",""v"":""301.1"",""p"":""0.3482""}"
2026-09-30T01:09:33.848880Z,1790730573696,WIFUSDT,Sell,194,0.24590,"{""T"":1790730573696,""s"":""WIFUSDT"",""S"":""Sell"",""v"":""194"",""p"":""0.24590""}"
2026-09-30T01:09:36.956691Z,1790730576478,QNTUSDT,Buy,0.02,267.05,"{""T"":1790730576478,""s"":""QNTUSDT"",""S"":""Buy"",""v"":""0.02"",""p"":""267.05""}"
2026-09-30T01:09:39.993277Z,1790730579623,SUIUSDT,Sell,90,1.17340,"{""T"":1790730579623,""s"":""SUIUSDT"",""S"":""Sell"",""v"":""90"",""p"":""1.17340""}"
2026-09-30T01:09:40.855162Z,1790730580606,MARSCOINUSDT,Sell,90,0.15293,"{""T"":1790730580606,""s"":""MARSCOINUSDT"",""S"":""Sell"",""v"":""90"",""p"":""0.15293""}"
2026-09-30T01:10:09.832751Z,1790730609607,PONSUSDT,Sell,39,0.5532,"{""T"":1790730609607,""s"":""PONSUSDT"",""S"":""Sell"",""v"":""39"",""p"":""0.5532""}"
2026-09-30T01:11:29.993017Z,1790730689464,SUIUSDT,Sell,90,1.17470,"{""T"":1790730689464,""s"":""SUIUSDT"",""S"":""Sell"",""v"":""90"",""p"":""1.17470""}"
2026-09-30T01:11:30.486764Z,1790730690344,ZROUSDT,Sell,451.8,1.7968,"{""T"":1790730690344,""s"":""ZROUSDT"",""S"":""Sell"",""v"":""451.8"",""p"":""1.7968""}"
2026-09-30T01:11:31.312901Z,1790730691046,0GUSDT,Sell,20.1,0.3492,"{""T"":1790730691046,""s"":""0GUSDT"",""S"":""Sell"",""v"":""20.1"",""p"":""0.3492""}"
2026-09-30T01:11:43.415218Z,1790730702946,1000PEPEUSDT,Sell,95900,0.0043250,"{""T"":1790730702946,""s"":""1000PEPEUSDT"",""S"":""Sell"",""v"":""95900"",""p"":""0.0043250""}"
2026-09-30T01:12:09.956222Z,1790730729774,QNTUSDT,Sell,0.03,277.82,"{""T"":1790730729774,""s"":""QNTUSDT"",""S"":""Sell"",""v"":""0.03"",""p"":""277.82""}"
2026-09-30T01:12:10.955788Z,1790730730544,QNTUSDT,Sell,0.62,278.31,"{""T"":1790730730544,""s"":""QNTUSDT"",""S"":""Sell"",""v"":""0.62"",""p"":""278.31""}"
2026-09-30T01:13:22.813171Z,1790730802422,ASTERUSDT,Sell,4231,0.7555,"{""T"":1790730802422,""s"":""ASTERUSDT"",""S"":""Sell"",""v"":""4231"",""p"":""0.7555""}"
2026-09-30T01:13:39.486917Z,1790730819221,SOXLUSDT,Buy,2.00,145.95,"{""T"":1790730819221,""s"":""SOXLUSDT"",""S"":""Buy"",""v"":""2.00"",""p"":""145.95""}"
2026-09-30T01:13:44.955904Z,1790730824723,QNTUSDT,Buy,6.87,270.89,"{""T"":1790730824723,""s"":""QNTUSDT"",""S"":""Buy"",""v"":""6.87"",""p"":""270.89""}"
2026-09-30T01:14:12.313718Z,1790730852010,ASTERUSDT,Sell,687,0.7577,"{""T"":1790730852010,""s"":""ASTERUSDT"",""S"":""Sell"",""v"":""687"",""p"":""0.7577""}"
2026-09-30T01:14:38.992602Z,1790730878820,SUIUSDT,Sell,4200,1.17890,"{""T"":1790730878820,""s"":""SUIUSDT"",""S"":""Sell"",""v"":""4200"",""p"":""1.17890""}"
2026-09-30T01:14:43.313077Z,1790730883033,GRASSUSDT,Buy,15,0.71190,"{""T"":1790730883033,""s"":""GRASSUSDT"",""S"":""Buy"",""v"":""15"",""p"":""0.71190""}"
2026-09-30T01:15:07.313582Z,1790730906883,GRASSUSDT,Buy,35,0.71110,"{""T"":1790730906883,""s"":""GRASSUSDT"",""S"":""Buy"",""v"":""35"",""p"":""0.71110""}"
2026-09-30T01:15:27.816387Z,1790730927633,ASTERUSDT,Sell,1288,0.7622,"{""T"":1790730927633,""s"":""ASTERUSDT"",""S"":""Sell"",""v"":""1288"",""p"":""0.7622""}"
2026-09-30T01:15:27.987342Z,1790730927441,CLUSDT,Sell,4.79,90.020,"{""T"":1790730927441,""s"":""CLUSDT"",""S"":""Sell"",""v"":""4.79"",""p"":""90.020""}"
2026-09-30T01:15:28.066014Z,1790730927633,BTCUSDT,Sell,0.011,83576.80,"{""T"":1790730927633,""s"":""BTCUSDT"",""S"":""Sell"",""v"":""0.011"",""p"":""83576.80""}"
2026-09-30T01:15:51.456699Z,1790730951270,QNTUSDT,Sell,3.53,276.29,"{""T"":1790730951270,""s"":""QNTUSDT"",""S"":""Sell"",""v"":""3.53"",""p"":""276.29""}"
2026-09-30T01:16:10.563854Z,1790730970367,SOLUSDT,Sell,9.4,119.950,"{""T"":1790730970367,""s"":""SOLUSDT"",""S"":""Sell"",""v"":""9.4"",""p"":""119.950""}"
2026-09-30T01:16:25.956143Z,1790730985786,QNTUSDT,Buy,17.50,268.85,"{""T"":1790730985786,""s"":""QNTUSDT"",""S"":""Buy"",""v"":""17.50"",""p"":""268.85""}"
2026-09-30T01:17:02.956093Z,1790731022626,QNTUSDT,Buy,8.22,266.62,"{""T"":1790731022626,""s"":""QNTUSDT"",""S"":""Buy"",""v"":""8.22"",""p"":""266.62""}"
2026-09-30T01:17:02.992358Z,1790731022447,SOONUSDT,Buy,20,0.40920,"{""T"":1790731022447,""s"":""SOONUSDT"",""S"":""Buy"",""v"":""20"",""p"":""0.40920""}"
2026-09-30T01:17:09.812953Z,1790731029657,0GUSDT,Sell,7554.9,0.3503,"{""T"":1790731029657,""s"":""0GUSDT"",""S"":""Sell"",""v"":""7554.9"",""p"":""0.3503""}"
2026-09-30T01:17:13.955953Z,1790731033700,QNTUSDT,Buy,1.83,265.59,"{""T"":1790731033700,""s"":""QNTUSDT"",""S"":""Buy"",""v"":""1.83"",""p"":""265.59""}"
2026-09-30T01:18:01.408968Z,1790731080901,HBARUSDT,Sell,74,0.10362,"{""T"":1790731080901,""s"":""HBARUSDT"",""S"":""Sell"",""v"":""74"",""p"":""0.10362""}"
2026-09-30T01:19:17.987085Z,1790731157890,XAUUSDT,Buy,0.015,4159.13,"{""T"":1790731157890,""s"":""XAUUSDT"",""S"":""Buy"",""v"":""0.015"",""p"":""4159.13""}"
2026-09-30T01:19:26.635277Z,1790731166378,AKEUSDT,Sell,1600,0.0317350,"{""T"":1790731166378,""s"":""AKEUSDT"",""S"":""Sell"",""v"":""1600"",""p"":""0.0317350""}"
2026-09-30T01:19:38.348845Z,1790731177767,MARSCOINUSDT,Sell,1440,0.15322,"{""T"":1790731177767,""s"":""MARSCOINUSDT"",""S"":""Sell"",""v"":""1440"",""p"":""0.15322""}"
2026-09-30T01:19:48.135495Z,1790731187721,AKEUSDT,Sell,14700,0.0317830,"{""T"":1790731187721,""s"":""AKEUSDT"",""S"":""Sell"",""v"":""14700"",""p"":""0.0317830""}"
2026-09-30T01:20:06.987214Z,1790731206454,USUSDT,Buy,21490,0.016400,"{""T"":1790731206454,""s"":""USUSDT"",""S"":""Buy"",""v"":""21490"",""p"":""0.016400""}"
2026-09-30T01:20:56.316235Z,1790731256056,0GUSDT,Sell,144.8,0.3521,"{""T"":1790731256056,""s"":""0GUSDT"",""S"":""Sell"",""v"":""144.8"",""p"":""0.3521""}"
2026-09-30T01:20:56.812581Z,1790731256670,0GUSDT,Sell,250.0,0.3520,"{""T"":1790731256670,""s"":""0GUSDT"",""S"":""Sell"",""v"":""250.0"",""p"":""0.3520""}"
2026-09-30T01:21:19.487167Z,1790731279317,USUSDT,Buy,630,0.016190,"{""T"":1790731279317,""s"":""USUSDT"",""S"":""Buy"",""v"":""630"",""p"":""0.016190""}"
2026-09-30T01:21:19.987317Z,1790731279510,USUSDT,Buy,940,0.016340,"{""T"":1790731279510,""s"":""USUSDT"",""S"":""Buy"",""v"":""940"",""p"":""0.016340""}"
2026-09-30T01:21:19.987317Z,1790731279681,USUSDT,Buy,980,0.016170,"{""T"":1790731279681,""s"":""USUSDT"",""S"":""Buy"",""v"":""980"",""p"":""0.016170""}"
2026-09-30T01:21:19.987317Z,1790731279717,USUSDT,Buy,540,0.016270,"{""T"":1790731279717,""s"":""USUSDT"",""S"":""Buy"",""v"":""540"",""p"":""0.016270""}"
2026-09-30T01:21:19.987317Z,1790731279825,USUSDT,Buy,3100,0.016370,"{""T"":1790731279825,""s"":""USUSDT"",""S"":""Buy"",""v"":""3100"",""p"":""0.016370""}"
2026-09-30T01:21:19.987317Z,1790731279843,USUSDT,Buy,6030,0.016320,"{""T"":1790731279843,""s"":""USUSDT"",""S"":""Buy"",""v"":""6030"",""p"":""0.016320""}"
2026-09-30T01:21:19.987317Z,1790731279899,USUSDT,Buy,1220,0.016190,"{""T"":1790731279899,""s"":""USUSDT"",""S"":""Buy"",""v"":""1220"",""p"":""0.016190""}"
2026-09-30T01:23:41.959623Z,1790731421594,QNTUSDT,Buy,4.21,267.34,"{""T"":1790731421594,""s"":""QNTUSDT"",""S"":""Buy"",""v"":""4.21"",""p"":""267.34""}"
2026-09-30T01:24:02.914329Z,1790731442773,1000PEPEUSDT,Sell,1035500,0.0043460,"{""T"":1790731442773,""s"":""1000PEPEUSDT"",""S"":""Sell"",""v"":""1035500"",""p"":""0.0043460""}"
2026-09-30T01:24:14.313019Z,1790731453957,0GUSDT,Buy,4254.6,0.3403,"{""T"":1790731453957,""s"":""0GUSDT"",""S"":""Buy"",""v"":""4254.6"",""p"":""0.3403""}"
2026-09-30T01:24:17.338133Z,1790731457017,XRPUSDT,Sell,95.8,1.5053,"{""T"":1790731457017,""s"":""XRPUSDT"",""S"":""Sell"",""v"":""95.8"",""p"":""1.5053""}"
2026-09-30T01:24:27.415665Z,1790731467297,ADAUSDT,Sell,80,0.2476,"{""T"":1790731467297,""s"":""ADAUSDT"",""S"":""Sell"",""v"":""80"",""p"":""0.2476""}"
2026-09-30T01:24:29.337251Z,1790731468895,LITUSDT,Buy,25.8,3.7570,"{""T"":1790731468895,""s"":""LITUSDT"",""S"":""Buy"",""v"":""25.8"",""p"":""3.7570""}"
2026-09-30T01:24:36.313198Z,1790731476173,PUMPFUNUSDT,Sell,173100,0.0060230,"{""T"":1790731476173,""s"":""PUMPFUNUSDT"",""S"":""Sell"",""v"":""173100"",""p"":""0.0060230""}"
2026-09-30T01:24:58.016266Z,1790731497713,NEARUSDT,Sell,113.3,5.1060,"{""T"":1790731497713,""s"":""NEARUSDT"",""S"":""Sell"",""v"":""113.3"",""p"":""5.1060""}"
2026-09-30T01:25:04.913943Z,1790731504818,ADAUSDT,Sell,644,0.2480,"{""T"":1790731504818,""s"":""ADAUSDT"",""S"":""Sell"",""v"":""644"",""p"":""0.2480""}"
2026-09-30T01:25:09.415232Z,1790731509210,DOGEUSDT,Sell,800,0.09498,"{""T"":1790731509210,""s"":""DOGEUSDT"",""S"":""Sell"",""v"":""800"",""p"":""0.09498""}"
2026-09-30T01:25:09.635459Z,1790731509210,AKEUSDT,Sell,1500,0.0317540,"{""T"":1790731509210,""s"":""AKEUSDT"",""S"":""Sell"",""v"":""1500"",""p"":""0.0317540""}"
2026-09-30T01:25:13.908209Z,1790731513465,CRVUSDT,Sell,557.4,0.3903,"{""T"":1790731513465,""s"":""CRVUSDT"",""S"":""Sell"",""v"":""557.4"",""p"":""0.3903""}"
2026-09-30T01:25:21.337265Z,1790731520910,XRPUSDT,Sell,20.5,1.5068,"{""T"":1790731520910,""s"":""XRPUSDT"",""S"":""Sell"",""v"":""20.5"",""p"":""1.5068""}"
2026-09-30T01:25:21.913995Z,1790731521637,1000PEPEUSDT,Sell,39500,0.0043550,"{""T"":1790731521637,""s"":""1000PEPEUSDT"",""S"":""Sell"",""v"":""39500"",""p"":""0.0043550""}"
2026-09-30T01:25:32.337878Z,1790731531936,XRPUSDT,Sell,316.5,1.5068,"{""T"":1790731531936,""s"":""XRPUSDT"",""S"":""Sell"",""v"":""316.5"",""p"":""1.5068""}"
2026-09-30T01:25:59.813636Z,1790731559664,TRUMPUSDT,Sell,6.7,2.105,"{""T"":1790731559664,""s"":""TRUMPUSDT"",""S"":""Sell"",""v"":""6.7"",""p"":""2.105""}"
2026-09-30T01:26:37.828907Z,1790731597516,PONSUSDT,Sell,1194,0.5570,"{""T"":1790731597516,""s"":""PONSUSDT"",""S"":""Sell"",""v"":""1194"",""p"":""0.5570""}"
2026-09-30T01:27:00.992757Z,1790731620790,SOONUSDT,Buy,63,0.40600,"{""T"":1790731620790,""s"":""SOONUSDT"",""S"":""Buy"",""v"":""63"",""p"":""0.40600""}"
2026-09-30T01:27:02.812891Z,1790731622691,0GUSDT,Buy,911.1,0.3343,"{""T"":1790731622691,""s"":""0GUSDT"",""S"":""Buy"",""v"":""911.1"",""p"":""0.3343""}"
2026-09-30T01:28:28.992624Z,1790731708568,SOONUSDT,Buy,347,0.40450,"{""T"":1790731708568,""s"":""SOONUSDT"",""S"":""Buy"",""v"":""347"",""p"":""0.40450""}"
2026-09-30T01:28:28.992624Z,1790731708673,SOONUSDT,Buy,179,0.40410,"{""T"":1790731708673,""s"":""SOONUSDT"",""S"":""Buy"",""v"":""179"",""p"":""0.40410""}"
2026-09-30T01:30:01.987526Z,1790731801530,XAUUSDT,Buy,0.003,4156.37,"{""T"":1790731801530,""s"":""XAUUSDT"",""S"":""Buy"",""v"":""0.003"",""p"":""4156.37""}"
2026-09-30T01:30:01.987526Z,1790731801597,XAUUSDT,Buy,0.044,4156.04,"{""T"":1790731801597,""s"":""XAUUSDT"",""S"":""Buy"",""v"":""0.044"",""p"":""4156.04""}"
2026-09-30T01:30:21.456057Z,1790731821350,QNTUSDT,Sell,1.49,278.47,"{""T"":1790731821350,""s"":""QNTUSDT"",""S"":""Sell"",""v"":""1.49"",""p"":""278.47""}"
2026-09-30T01:30:21.565608Z,1790731821290,BTCUSDT,Buy,0.020,83033.20,"{""T"":1790731821290,""s"":""BTCUSDT"",""S"":""Buy"",""v"":""0.020"",""p"":""83033.20""}"
2026-09-30T01:30:22.456252Z,1790731821915,QNTUSDT,Sell,0.37,278.98,"{""T"":1790731821915,""s"":""QNTUSDT"",""S"":""Sell"",""v"":""0.37"",""p"":""278.98""}"
2026-09-30T01:30:22.456252Z,1790731822011,QNTUSDT,Sell,0.05,278.79,"{""T"":1790731822011,""s"":""QNTUSDT"",""S"":""Sell"",""v"":""0.05"",""p"":""278.79""}"
2026-09-30T01:30:22.956619Z,1790731822558,QNTUSDT,Sell,4.07,279.35,"{""T"":1790731822558,""s"":""QNTUSDT"",""S"":""Sell"",""v"":""4.07"",""p"":""279.35""}"
2026-09-30T01:30:23.566241Z,1790731823000,BTCUSDT,Buy,0.064,83025.70,"{""T"":1790731823000,""s"":""BTCUSDT"",""S"":""Buy"",""v"":""0.064"",""p"":""83025.70""}"
2026-09-30T01:30:27.956481Z,1790731827579,QNTUSDT,Sell,1.41,280.54,"{""T"":1790731827579,""s"":""QNTUSDT"",""S"":""Sell"",""v"":""1.41"",""p"":""280.54""}"
2026-09-30T01:30:27.956481Z,1790731827720,QNTUSDT,Sell,0.07,280.52,"{""T"":1790731827720,""s"":""QNTUSDT"",""S"":""Sell"",""v"":""0.07"",""p"":""280.52""}"
2026-09-30T01:32:11.457247Z,1790731930910,QNTUSDT,Buy,0.78,273.67,"{""T"":1790731930910,""s"":""QNTUSDT"",""S"":""Buy"",""v"":""0.78"",""p"":""273.67""}"
2026-09-30T01:33:09.456261Z,1790731989074,QNTUSDT,Sell,9.25,281.55,"{""T"":1790731989074,""s"":""QNTUSDT"",""S"":""Sell"",""v"":""9.25"",""p"":""281.55""}"
2026-09-30T01:34:06.456348Z,1790732046106,QNTUSDT,Buy,0.22,273.08,"{""T"":1790732046106,""s"":""QNTUSDT"",""S"":""Buy"",""v"":""0.22"",""p"":""273.08""}"
2026-09-30T01:34:49.813780Z,1790732089232,PUMPFUNUSDT,Buy,15200,0.0058220,"{""T"":1790732089232,""s"":""PUMPFUNUSDT"",""S"":""Buy"",""v"":""15200"",""p"":""0.0058220""}"
2026-09-30T01:34:59.313571Z,1790732099122,PUMPFUNUSDT,Buy,134300,0.0058140,"{""T"":1790732099122,""s"":""PUMPFUNUSDT"",""S"":""Buy"",""v"":""134300"",""p"":""0.0058140""}"
2026-09-30T01:35:16.812999Z,1790732116597,PUMPFUNUSDT,Buy,928100,0.0058050,"{""T"":1790732116597,""s"":""PUMPFUNUSDT"",""S"":""Buy"",""v"":""928100"",""p"":""0.0058050""}"
2026-09-30T01:36:04.813705Z,1790732164690,PUMPFUNUSDT,Sell,256700,0.0059400,"{""T"":1790732164690,""s"":""PUMPFUNUSDT"",""S"":""Sell"",""v"":""256700"",""p"":""0.0059400""}"
2026-09-30T01:36:05.813031Z,1790732165376,PUMPFUNUSDT,Sell,485500,0.0059350,"{""T"":1790732165376,""s"":""PUMPFUNUSDT"",""S"":""Sell"",""v"":""485500"",""p"":""0.0059350""}"
2026-09-30T01:36:38.992416Z,1790732198683,SOONUSDT,Buy,763,0.40320,"{""T"":1790732198683,""s"":""SOONUSDT"",""S"":""Buy"",""v"":""763"",""p"":""0.40320""}"
2026-09-30T01:37:14.312766Z,1790732234198,0GUSDT,Buy,129.7,0.3367,"{""T"":1790732234198,""s"":""0GUSDT"",""S"":""Buy"",""v"":""129.7"",""p"":""0.3367""}"
2026-09-30T01:38:19.456103Z,1790732298934,QNTUSDT,Buy,0.28,274.51,"{""T"":1790732298934,""s"":""QNTUSDT"",""S"":""Buy"",""v"":""0.28"",""p"":""274.51""}"
2026-09-30T01:39:20.956266Z,1790732360855,QNTUSDT,Sell,0.84,282.35,"{""T"":1790732360855,""s"":""QNTUSDT"",""S"":""Sell"",""v"":""0.84"",""p"":""282.35""}"
2026-09-30T01:40:45.956426Z,1790732445860,QNTUSDT,Sell,7.33,282.84,"{""T"":1790732445860,""s"":""QNTUSDT"",""S"":""Sell"",""v"":""7.33"",""p"":""282.84""}"
2026-09-30T01:40:46.456931Z,1790732445984,QNTUSDT,Sell,0.04,282.72,"{""T"":1790732445984,""s"":""QNTUSDT"",""S"":""Sell"",""v"":""0.04"",""p"":""282.72""}"
2026-09-30T01:41:21.337382Z,1790732480762,AAVEUSDT,Buy,2.39,159.43,"{""T"":1790732480762,""s"":""AAVEUSDT"",""S"":""Buy"",""v"":""2.39"",""p"":""159.43""}"
2026-09-30T01:42:02.455894Z,1790732522143,QNTUSDT,Sell,0.14,281.79,"{""T"":1790732522143,""s"":""QNTUSDT"",""S"":""Sell"",""v"":""0.14"",""p"":""281.79""}"
2026-09-30T01:42:06.992126Z,1790732526666,1000BONKUSDT,Sell,1558800,0.0038100,"{""T"":1790732526666,""s"":""1000BONKUSDT"",""S"":""Sell"",""v"":""1558800"",""p"":""0.0038100""}"
2026-09-30T01:42:24.992213Z,1790732544805,SOONUSDT,Buy,99,0.39780,"{""T"":1790732544805,""s"":""SOONUSDT"",""S"":""Buy"",""v"":""99"",""p"":""0.39780""}"
2026-09-30T01:44:14.313059Z,1790732654013,PUMPFUNUSDT,Sell,25900,0.0059650,"{""T"":1790732654013,""s"":""PUMPFUNUSDT"",""S"":""Sell"",""v"":""25900"",""p"":""0.0059650""}"
2026-09-30T01:44:14.955488Z,1790732654494,QNTUSDT,Buy,8.40,273.33,"{""T"":1790732654494,""s"":""QNTUSDT"",""S"":""Buy"",""v"":""8.40"",""p"":""273.33""}"
2026-09-30T01:44:15.455748Z,1790732654871,QNTUSDT,Buy,0.23,273.24,"{""T"":1790732654871,""s"":""QNTUSDT"",""S"":""Buy"",""v"":""0.23"",""p"":""273.24""}"
2026-09-30T01:45:08.313535Z,1790732708062,0GUSDT,Buy,3703.5,0.3342,"{""T"":1790732708062,""s"":""0GUSDT"",""S"":""Buy"",""v"":""3703.5"",""p"":""0.3342""}"
2026-09-30T01:46:46.825478Z,1790732806323,FARTCOINUSDT,Sell,1018,0.18388,"{""T"":1790732806323,""s"":""FARTCOINUSDT"",""S"":""Sell"",""v"":""1018"",""p"":""0.18388""}"
2026-09-30T01:47:03.992363Z,1790732823884,SOONUSDT,Sell,302,0.42190,"{""T"":1790732823884,""s"":""SOONUSDT"",""S"":""Sell"",""v"":""302"",""p"":""0.42190""}"
2026-09-30T01:49:06.487129Z,1790732946010,BTWUSDT,Sell,70,1.47830,"{""T"":1790732946010,""s"":""BTWUSDT"",""S"":""Sell"",""v"":""70"",""p"":""1.47830""}"
2026-09-30T01:49:39.455811Z,1790732979043,QNTUSDT,Sell,8.54,283.50,"{""T"":1790732979043,""s"":""QNTUSDT"",""S"":""Sell"",""v"":""8.54"",""p"":""283.50""}"
2026-09-30T01:49:45.455523Z,1790732985164,QNTUSDT,Sell,0.63,284.54,"{""T"":1790732985164,""s"":""QNTUSDT"",""S"":""Sell"",""v"":""0.63"",""p"":""284.54""}"
2026-09-30T01:49:58.316669Z,1790732998211,PUMPFUNUSDT,Sell,21600,0.0059930,"{""T"":1790732998211,""s"":""PUMPFUNUSDT"",""S"":""Sell"",""v"":""21600"",""p"":""0.0059930""}"
2026-09-30T01:50:34.955464Z,1790733034727,QNTUSDT,Sell,17.27,284.95,"{""T"":1790733034727,""s"":""QNTUSDT"",""S"":""Sell"",""v"":""17.27"",""p"":""284.95""}"
2026-09-30T01:50:41.955966Z,1790733041733,QNTUSDT,Sell,15.57,285.32,"{""T"":1790733041733,""s"":""QNTUSDT"",""S"":""Sell"",""v"":""15.57"",""p"":""285.32""}"
2026-09-30T01:50:42.455336Z,1790733041967,QNTUSDT,Sell,0.42,286.01,"{""T"":1790733041967,""s"":""QNTUSDT"",""S"":""Sell"",""v"":""0.42"",""p"":""286.01""}"
2026-09-30T01:50:42.455336Z,1790733042051,QNTUSDT,Sell,1.91,286.34,"{""T"":1790733042051,""s"":""QNTUSDT"",""S"":""Sell"",""v"":""1.91"",""p"":""286.34""}"
2026-09-30T01:50:42.455336Z,1790733042122,QNTUSDT,Sell,3.19,286.24,"{""T"":1790733042122,""s"":""QNTUSDT"",""S"":""Sell"",""v"":""3.19"",""p"":""286.24""}"
2026-09-30T01:50:42.455336Z,1790733042233,QNTUSDT,Sell,0.08,286.36,"{""T"":1790733042233,""s"":""QNTUSDT"",""S"":""Sell"",""v"":""0.08"",""p"":""286.36""}"
2026-09-30T01:50:42.955878Z,1790733042455,QNTUSDT,Sell,0.09,286.18,"{""T"":1790733042455,""s"":""QNTUSDT"",""S"":""Sell"",""v"":""0.09"",""p"":""286.18""}"
2026-09-30T01:50:42.955878Z,1790733042867,QNTUSDT,Sell,2.26,286.78,"{""T"":1790733042867,""s"":""QNTUSDT"",""S"":""Sell"",""v"":""2.26"",""p"":""286.78""}"
2026-09-30T01:50:43.015981Z,1790733042867,NEARUSDT,Buy,15.6,4.9860,"{""T"":1790733042867,""s"":""NEARUSDT"",""S"":""Buy"",""v"":""15.6"",""p"":""4.9860""}"
2026-09-30T01:50:43.455830Z,1790733043195,QNTUSDT,Sell,2.73,287.30,"{""T"":1790733043195,""s"":""QNTUSDT"",""S"":""Sell"",""v"":""2.73"",""p"":""287.30""}"
2026-09-30T01:50:43.455830Z,1790733043266,QNTUSDT,Sell,9.29,287.00,"{""T"":1790733043266,""s"":""QNTUSDT"",""S"":""Sell"",""v"":""9.29"",""p"":""287.00""}"
2026-09-30T01:50:43.955993Z,1790733043511,QNTUSDT,Sell,0.15,286.87,"{""T"":1790733043511,""s"":""QNTUSDT"",""S"":""Sell"",""v"":""0.15"",""p"":""286.87""}"
2026-09-30T01:50:49.455796Z,1790733049072,QNTUSDT,Sell,22.09,287.60,"{""T"":1790733049072,""s"":""QNTUSDT"",""S"":""Sell"",""v"":""22.09"",""p"":""287.60""}"
2026-09-30T01:51:04.990197Z,1790733064827,PHAUSDT,Sell,6647,0.07313,"{""T"":1790733064827,""s"":""PHAUSDT"",""S"":""Sell"",""v"":""6647"",""p"":""0.07313""}"
2026-09-30T01:51:05.486616Z,1790733064918,USUSDT,Sell,6140,0.017690,"{""T"":1790733064918,""s"":""USUSDT"",""S"":""Sell"",""v"":""6140"",""p"":""0.017690""}"
2026-09-30T01:52:12.062393Z,1790733131701,SOLUSDT,Sell,5.0,120.190,"{""T"":1790733131701,""s"":""SOLUSDT"",""S"":""Sell"",""v"":""5.0"",""p"":""120.190""}"
2026-09-30T01:52:14.455701Z,1790733134071,QNTUSDT,Sell,1.88,287.45,"{""T"":1790733134071,""s"":""QNTUSDT"",""S"":""Sell"",""v"":""1.88"",""p"":""287.45""}"
2026-09-30T01:52:55.492999Z,1790733175139,SOONUSDT,Buy,55,0.39640,"{""T"":1790733175139,""s"":""SOONUSDT"",""S"":""Buy"",""v"":""55"",""p"":""0.39640""}"
2026-09-30T01:53:35.986793Z,1790733215569,USUSDT,Sell,3740,0.017730,"{""T"":1790733215569,""s"":""USUSDT"",""S"":""Sell"",""v"":""3740"",""p"":""0.017730""}"
2026-09-30T01:54:00.956766Z,1790733240477,QNTUSDT,Buy,18.58,279.20,"{""T"":1790733240477,""s"":""QNTUSDT"",""S"":""Buy"",""v"":""18.58"",""p"":""279.20""}"
2026-09-30T01:54:32.986295Z,1790733272799,USUSDT,Sell,650,0.017960,"{""T"":1790733272799,""s"":""USUSDT"",""S"":""Sell"",""v"":""650"",""p"":""0.017960""}"
2026-09-30T01:54:43.486731Z,1790733283116,USUSDT,Sell,21350,0.018050,"{""T"":1790733283116,""s"":""USUSDT"",""S"":""Sell"",""v"":""21350"",""p"":""0.018050""}"
2026-09-30T01:55:00.407977Z,1790733299897,CRVUSDT,Sell,116.3,0.3951,"{""T"":1790733299897,""s"":""CRVUSDT"",""S"":""Sell"",""v"":""116.3"",""p"":""0.3951""}"
2026-09-30T01:55:32.486503Z,1790733332368,BTWUSDT,Sell,10,1.48193,"{""T"":1790733332368,""s"":""BTWUSDT"",""S"":""Sell"",""v"":""10"",""p"":""1.48193""}"
2026-09-30T01:56:26.486621Z,1790733385962,USUSDT,Sell,5890,0.018650,"{""T"":1790733385962,""s"":""USUSDT"",""S"":""Sell"",""v"":""5890"",""p"":""0.018650""}"
2026-09-30T01:56:29.455995Z,1790733388956,QNTUSDT,Buy,1.31,279.99,"{""T"":1790733388956,""s"":""QNTUSDT"",""S"":""Buy"",""v"":""1.31"",""p"":""279.99""}"
2026-09-30T01:56:32.455910Z,1790733392225,QNTUSDT,Buy,0.63,279.11,"{""T"":1790733392225,""s"":""QNTUSDT"",""S"":""Buy"",""v"":""0.63"",""p"":""279.11""}"
2026-09-30T01:57:13.992532Z,1790733433478,SOONUSDT,Buy,41,0.39230,"{""T"":1790733433478,""s"":""SOONUSDT"",""S"":""Buy"",""v"":""41"",""p"":""0.39230""}"
2026-09-30T01:57:13.992532Z,1790733433617,SOONUSDT,Buy,47,0.39120,"{""T"":1790733433617,""s"":""SOONUSDT"",""S"":""Buy"",""v"":""47"",""p"":""0.39120""}"
2026-09-30T01:57:13.992532Z,1790733433773,SOONUSDT,Buy,27,0.39200,"{""T"":1790733433773,""s"":""SOONUSDT"",""S"":""Buy"",""v"":""27"",""p"":""0.39200""}"
2026-09-30T01:57:14.492013Z,1790733433994,SOONUSDT,Buy,46,0.39150,"{""T"":1790733433994,""s"":""SOONUSDT"",""S"":""Buy"",""v"":""46"",""p"":""0.39150""}"
2026-09-30T01:57:14.492013Z,1790733434236,SOONUSDT,Buy,25,0.39140,"{""T"":1790733434236,""s"":""SOONUSDT"",""S"":""Buy"",""v"":""25"",""p"":""0.39140""}"
2026-09-30T01:58:04.494390Z,1790733484316,SOONUSDT,Buy,475,0.39090,"{""T"":1790733484316,""s"":""SOONUSDT"",""S"":""Buy"",""v"":""475"",""p"":""0.39090""}"
2026-09-30T01:58:04.992230Z,1790733484737,SOONUSDT,Buy,64,0.39120,"{""T"":1790733484737,""s"":""SOONUSDT"",""S"":""Buy"",""v"":""64"",""p"":""0.39120""}"
2026-09-30T01:58:09.991893Z,1790733489662,SOONUSDT,Buy,220,0.38930,"{""T"":1790733489662,""s"":""SOONUSDT"",""S"":""Buy"",""v"":""220"",""p"":""0.38930""}"
2026-09-30T01:58:21.992195Z,1790733501502,SOONUSDT,Buy,672,0.38580,"{""T"":1790733501502,""s"":""SOONUSDT"",""S"":""Buy"",""v"":""672"",""p"":""0.38580""}"
2026-09-30T01:58:21.992195Z,1790733501666,SOONUSDT,Buy,500,0.38680,"{""T"":1790733501666,""s"":""SOONUSDT"",""S"":""Buy"",""v"":""500"",""p"":""0.38680""}"
2026-09-30T01:58:22.491829Z,1790733502073,SOONUSDT,Buy,8914,0.38560,"{""T"":1790733502073,""s"":""SOONUSDT"",""S"":""Buy"",""v"":""8914"",""p"":""0.38560""}"
2026-09-30T01:58:23.492018Z,1790733503147,SOONUSDT,Buy,321,0.38430,"{""T"":1790733503147,""s"":""SOONUSDT"",""S"":""Buy"",""v"":""321"",""p"":""0.38430""}"
2026-09-30T01:58:30.491998Z,1790733509993,SOONUSDT,Buy,1276,0.38310,"{""T"":1790733509993,""s"":""SOONUSDT"",""S"":""Buy"",""v"":""1276"",""p"":""0.38310""}"
2026-09-30T01:58:38.491998Z,1790733517988,SOONUSDT,Buy,70,0.38260,"{""T"":1790733517988,""s"":""SOONUSDT"",""S"":""Buy"",""v"":""70"",""p"":""0.38260""}"
2026-09-30T01:58:40.456080Z,1790733520255,QNTUSDT,Sell,3.21,286.21,"{""T"":1790733520255,""s"":""QNTUSDT"",""S"":""Sell"",""v"":""3.21"",""p"":""286.21""}"
2026-09-30T01:58:48.455832Z,1790733528215,QNTUSDT,Sell,1.58,287.05,"{""T"":1790733528215,""s"":""QNTUSDT"",""S"":""Sell"",""v"":""1.58"",""p"":""287.05""}"
2026-09-30T01:59:45.956444Z,1790733585387,QNTUSDT,Buy,0.06,279.98,"{""T"":1790733585387,""s"":""QNTUSDT"",""S"":""Buy"",""v"":""0.06"",""p"":""279.98""}"
2026-09-30T01:59:45.956444Z,1790733585589,QNTUSDT,Buy,2.58,280.19,"{""T"":1790733585589,""s"":""QNTUSDT"",""S"":""Buy"",""v"":""2.58"",""p"":""280.19""}"
2026-09-30T02:01:36.987625Z,1790733696610,SOXLUSDT,Sell,2.73,148.30,"{""T"":1790733696610,""s"":""SOXLUSDT"",""S"":""Sell"",""v"":""2.73"",""p"":""148.30""}"
2026-09-30T02:01:56.062667Z,1790733715964,SOLUSDT,Sell,13.8,120.200,"{""T"":1790733715964,""s"":""SOLUSDT"",""S"":""Sell"",""v"":""13.8"",""p"":""120.200""}"
2026-09-30T02:02:56.456493Z,1790733776342,QNTUSDT,Sell,0.26,287.55,"{""T"":1790733776342,""s"":""QNTUSDT"",""S"":""Sell"",""v"":""0.26"",""p"":""287.55""}"
2026-09-30T02:03:39.956198Z,1790733819753,QNTUSDT,Sell,0.10,288.17,"{""T"":1790733819753,""s"":""QNTUSDT"",""S"":""Sell"",""v"":""0.10"",""p"":""288.17""}"
2026-09-30T02:03:40.455816Z,1790733820040,QNTUSDT,Sell,0.94,288.56,"{""T"":1790733820040,""s"":""QNTUSDT"",""S"":""Sell"",""v"":""0.94"",""p"":""288.56""}"
2026-09-30T02:03:40.455816Z,1790733820044,QNTUSDT,Sell,2.00,288.56,"{""T"":1790733820044,""s"":""QNTUSDT"",""S"":""Sell"",""v"":""2.00"",""p"":""288.56""}"
2026-09-30T02:03:40.455816Z,1790733820224,QNTUSDT,Sell,0.04,288.38,"{""T"":1790733820224,""s"":""QNTUSDT"",""S"":""Sell"",""v"":""0.04"",""p"":""288.38""}"
2026-09-30T02:03:40.955923Z,1790733820654,QNTUSDT,Sell,2.26,288.95,"{""T"":1790733820654,""s"":""QNTUSDT"",""S"":""Sell"",""v"":""2.26"",""p"":""288.95""}"
2026-09-30T02:03:40.955923Z,1790733820668,QNTUSDT,Sell,2.25,289.86,"{""T"":1790733820668,""s"":""QNTUSDT"",""S"":""Sell"",""v"":""2.25"",""p"":""289.86""}"
2026-09-30T02:03:40.955923Z,1790733820696,QNTUSDT,Sell,1.96,289.51,"{""T"":1790733820696,""s"":""QNTUSDT"",""S"":""Sell"",""v"":""1.96"",""p"":""289.51""}"
2026-09-30T02:03:40.955923Z,1790733820806,QNTUSDT,Sell,14.00,289.99,"{""T"":1790733820806,""s"":""QNTUSDT"",""S"":""Sell"",""v"":""14.00"",""p"":""289.99""}"
2026-09-30T02:03:41.135205Z,1790733820806,ESPORTSUSDT,Sell,46657,0.012580,"{""T"":1790733820806,""s"":""ESPORTSUSDT"",""S"":""Sell"",""v"":""46657"",""p"":""0.012580""}"
2026-09-30T02:03:41.455978Z,1790733820891,QNTUSDT,Sell,0.17,289.12,"{""T"":1790733820891,""s"":""QNTUSDT"",""S"":""Sell"",""v"":""0.17"",""p"":""289.12""}"
2026-09-30T02:03:41.455978Z,1790733820929,QNTUSDT,Sell,7.78,288.67,"{""T"":1790733820929,""s"":""QNTUSDT"",""S"":""Sell"",""v"":""7.78"",""p"":""288.67""}"
2026-09-30T02:03:41.455978Z,1790733820976,QNTUSDT,Sell,1.36,289.25,"{""T"":1790733820976,""s"":""QNTUSDT"",""S"":""Sell"",""v"":""1.36"",""p"":""289.25""}"
2026-09-30T02:03:41.455978Z,1790733820987,QNTUSDT,Sell,2.06,288.98,"{""T"":1790733820987,""s"":""QNTUSDT"",""S"":""Sell"",""v"":""2.06"",""p"":""288.98""}"
2026-09-30T02:03:41.455978Z,1790733821024,QNTUSDT,Sell,0.08,288.96,"{""T"":1790733821024,""s"":""QNTUSDT"",""S"":""Sell"",""v"":""0.08"",""p"":""288.96""}"
2026-09-30T02:03:53.456396Z,1790733832882,QNTUSDT,Sell,0.04,288.23,"{""T"":1790733832882,""s"":""QNTUSDT"",""S"":""Sell"",""v"":""0.04"",""p"":""288.23""}"
2026-09-30T02:03:53.456396Z,1790733833289,QNTUSDT,Sell,0.61,287.98,"{""T"":1790733833289,""s"":""QNTUSDT"",""S"":""Sell"",""v"":""0.61"",""p"":""287.98""}"
2026-09-30T02:03:53.956268Z,1790733833407,QNTUSDT,Sell,1.93,287.86,"{""T"":1790733833407,""s"":""QNTUSDT"",""S"":""Sell"",""v"":""1.93"",""p"":""287.86""}"
2026-09-30T02:03:57.456099Z,1790733837233,QNTUSDT,Sell,0.56,288.91,"{""T"":1790733837233,""s"":""QNTUSDT"",""S"":""Sell"",""v"":""0.56"",""p"":""288.91""}"
2026-09-30T02:03:57.956036Z,1790733837578,QNTUSDT,Sell,2.92,289.37,"{""T"":1790733837578,""s"":""QNTUSDT"",""S"":""Sell"",""v"":""2.92"",""p"":""289.37""}"
2026-09-30T02:04:01.455986Z,1790733840962,QNTUSDT,Sell,2.28,290.32,"{""T"":1790733840962,""s"":""QNTUSDT"",""S"":""Sell"",""v"":""2.28"",""p"":""290.32""}"
2026-09-30T02:04:01.455986Z,1790733841256,QNTUSDT,Sell,0.44,290.94,"{""T"":1790733841256,""s"":""QNTUSDT"",""S"":""Sell"",""v"":""0.44"",""p"":""290.94""}"
2026-09-30T02:04:01.955992Z,1790733841411,QNTUSDT,Sell,0.74,290.92,"{""T"":1790733841411,""s"":""QNTUSDT"",""S"":""Sell"",""v"":""0.74"",""p"":""290.92""}"
2026-09-30T02:04:18.562822Z,1790733858163,SOLUSDT,Sell,0.1,120.240,"{""T"":1790733858163,""s"":""SOLUSDT"",""S"":""Sell"",""v"":""0.1"",""p"":""120.240""}"
2026-09-30T02:04:18.562822Z,1790733858443,SOLUSDT,Sell,1.0,120.260,"{""T"":1790733858443,""s"":""SOLUSDT"",""S"":""Sell"",""v"":""1.0"",""p"":""120.260""}"
2026-09-30T02:04:54.997560Z,1790733894765,PENGUUSDT,Sell,76010,0.010296,"{""T"":1790733894765,""s"":""PENGUUSDT"",""S"":""Sell"",""v"":""76010"",""p"":""0.010296""}"
2026-09-30T02:05:02.496502Z,1790733901919,PENGUUSDT,Sell,75000,0.010309,"{""T"":1790733901919,""s"":""PENGUUSDT"",""S"":""Sell"",""v"":""75000"",""p"":""0.010309""}"
2026-09-30T02:05:05.063128Z,1790733904750,SOLUSDT,Sell,54.8,120.320,"{""T"":1790733904750,""s"":""SOLUSDT"",""S"":""Sell"",""v"":""54.8"",""p"":""120.320""}"
2026-09-30T02:05:28.456965Z,1790733928079,QNTUSDT,Sell,0.64,291.13,"{""T"":1790733928079,""s"":""QNTUSDT"",""S"":""Sell"",""v"":""0.64"",""p"":""291.13""}"
2026-09-30T02:05:28.956162Z,1790733928703,QNTUSDT,Sell,0.10,291.04,"{""T"":1790733928703,""s"":""QNTUSDT"",""S"":""Sell"",""v"":""0.10"",""p"":""291.04""}"
2026-09-30T02:05:29.456117Z,1790733929205,QNTUSDT,Sell,1.00,291.39,"{""T"":1790733929205,""s"":""QNTUSDT"",""S"":""Sell"",""v"":""1.00"",""p"":""291.39""}"
2026-09-30T02:05:34.456154Z,1790733934350,CELOUSDT,Buy,507.8,0.09899,"{""T"":1790733934350,""s"":""CELOUSDT"",""S"":""Buy"",""v"":""507.8"",""p"":""0.09899""}"
2026-09-30T02:05:34.456660Z,1790733934204,QNTUSDT,Sell,0.02,291.99,"{""T"":1790733934204,""s"":""QNTUSDT"",""S"":""Sell"",""v"":""0.02"",""p"":""291.99""}"
2026-09-30T02:05:34.456660Z,1790733934350,QNTUSDT,Sell,5.38,291.80,"{""T"":1790733934350,""s"":""QNTUSDT"",""S"":""Sell"",""v"":""5.38"",""p"":""291.80""}"
2026-09-30T02:05:34.516347Z,1790733934350,NMRUSDT,Buy,27.0,11.645,"{""T"":1790733934350,""s"":""NMRUSDT"",""S"":""Buy"",""v"":""27.0"",""p"":""11.645""}"
2026-09-30T02:05:34.956142Z,1790733934384,QNTUSDT,Sell,2.53,292.15,"{""T"":1790733934384,""s"":""QNTUSDT"",""S"":""Sell"",""v"":""2.53"",""p"":""292.15""}"
2026-09-30T02:05:35.455896Z,1790733935330,QNTUSDT,Sell,0.53,292.31,"{""T"":1790733935330,""s"":""QNTUSDT"",""S"":""Sell"",""v"":""0.53"",""p"":""292.31""}"
2026-09-30T02:05:35.956007Z,1790733935535,QNTUSDT,Sell,1.11,292.48,"{""T"":1790733935535,""s"":""QNTUSDT"",""S"":""Sell"",""v"":""1.11"",""p"":""292.48""}"
2026-09-30T02:05:36.455997Z,1790733935967,QNTUSDT,Sell,1.80,292.57,"{""T"":1790733935967,""s"":""QNTUSDT"",""S"":""Sell"",""v"":""1.80"",""p"":""292.57""}"
2026-09-30T02:05:36.955984Z,1790733936751,QNTUSDT,Sell,4.00,292.62,"{""T"":1790733936751,""s"":""QNTUSDT"",""S"":""Sell"",""v"":""4.00"",""p"":""292.62""}"
2026-09-30T02:05:37.456174Z,1790733937167,QNTUSDT,Sell,6.03,292.77,"{""T"":1790733937167,""s"":""QNTUSDT"",""S"":""Sell"",""v"":""6.03"",""p"":""292.77""}"
2026-09-30T02:05:38.986755Z,1790733938705,USUSDT,Sell,2380,0.019520,"{""T"":1790733938705,""s"":""USUSDT"",""S"":""Sell"",""v"":""2380"",""p"":""0.019520""}"
2026-09-30T02:05:39.487389Z,1790733939233,USUSDT,Sell,5240,0.019540,"{""T"":1790733939233,""s"":""USUSDT"",""S"":""Sell"",""v"":""5240"",""p"":""0.019540""}"
2026-09-30T02:06:15.062563Z,1790733974896,SOLUSDT,Sell,156.4,120.350,"{""T"":1790733974896,""s"":""SOLUSDT"",""S"":""Sell"",""v"":""156.4"",""p"":""120.350""}"
2026-09-30T02:06:16.329355Z,1790733975925,PONSUSDT,Sell,348,0.5666,"{""T"":1790733975925,""s"":""PONSUSDT"",""S"":""Sell"",""v"":""348"",""p"":""0.5666""}"
2026-09-30T02:06:16.956059Z,1790733976662,QNTUSDT,Sell,9.50,292.82,"{""T"":1790733976662,""s"":""QNTUSDT"",""S"":""Sell"",""v"":""9.50"",""p"":""292.82""}"
2026-09-30T02:06:26.456518Z,1790733985901,QNTUSDT,Sell,0.38,293.27,"{""T"":1790733985901,""s"":""QNTUSDT"",""S"":""Sell"",""v"":""0.38"",""p"":""293.27""}"
2026-09-30T02:06:26.456518Z,1790733986024,QNTUSDT,Sell,0.60,292.98,"{""T"":1790733986024,""s"":""QNTUSDT"",""S"":""Sell"",""v"":""0.60"",""p"":""292.98""}"
2026-09-30T02:06:26.456518Z,1790733986083,QNTUSDT,Sell,1.78,293.01,"{""T"":1790733986083,""s"":""QNTUSDT"",""S"":""Sell"",""v"":""1.78"",""p"":""293.01""}"
2026-09-30T02:06:26.456518Z,1790733986304,QNTUSDT,Sell,0.19,293.16,"{""T"":1790733986304,""s"":""QNTUSDT"",""S"":""Sell"",""v"":""0.19"",""p"":""293.16""}"
2026-09-30T02:06:27.956210Z,1790733987634,QNTUSDT,Sell,0.23,293.77,"{""T"":1790733987634,""s"":""QNTUSDT"",""S"":""Sell"",""v"":""0.23"",""p"":""293.77""}"
2026-09-30T02:06:28.456008Z,1790733987887,QNTUSDT,Sell,17.20,293.84,"{""T"":1790733987887,""s"":""QNTUSDT"",""S"":""Sell"",""v"":""17.20"",""p"":""293.84""}"
2026-09-30T02:06:28.456008Z,1790733987991,QNTUSDT,Sell,40.14,295.13,"{""T"":1790733987991,""s"":""QNTUSDT"",""S"":""Sell"",""v"":""40.14"",""p"":""295.13""}"
2026-09-30T02:06:28.456008Z,1790733988023,QNTUSDT,Sell,2.93,293.82,"{""T"":1790733988023,""s"":""QNTUSDT"",""S"":""Sell"",""v"":""2.93"",""p"":""293.82""}"
2026-09-30T02:06:28.456008Z,1790733988143,QNTUSDT,Sell,0.43,294.59,"{""T"":1790733988143,""s"":""QNTUSDT"",""S"":""Sell"",""v"":""0.43"",""p"":""294.59""}"
2026-09-30T02:06:28.456008Z,1790733988164,QNTUSDT,Sell,1.95,293.67,"{""T"":1790733988164,""s"":""QNTUSDT"",""S"":""Sell"",""v"":""1.95"",""p"":""293.67""}"
2026-09-30T02:06:28.456008Z,1790733988237,QNTUSDT,Sell,15.87,294.21,"{""T"":1790733988237,""s"":""QNTUSDT"",""S"":""Sell"",""v"":""15.87"",""p"":""294.21""}"
2026-09-30T02:06:28.456008Z,1790733988287,QNTUSDT,Sell,1.42,294.69,"{""T"":1790733988287,""s"":""QNTUSDT"",""S"":""Sell"",""v"":""1.42"",""p"":""294.69""}"
2026-09-30T02:06:28.456008Z,1790733988307,QNTUSDT,Sell,0.25,293.67,"{""T"":1790733988307,""s"":""QNTUSDT"",""S"":""Sell"",""v"":""0.25"",""p"":""293.67""}"
2026-09-30T02:06:28.456008Z,1790733988307,QNTUSDT,Sell,0.08,294.16,"{""T"":1790733988307,""s"":""QNTUSDT"",""S"":""Sell"",""v"":""0.08"",""p"":""294.16""}"
2026-09-30T02:06:28.456008Z,1790733988341,QNTUSDT,Sell,9.68,293.73,"{""T"":1790733988341,""s"":""QNTUSDT"",""S"":""Sell"",""v"":""9.68"",""p"":""293.73""}"
2026-09-30T02:06:28.456008Z,1790733988346,QNTUSDT,Sell,4.97,294.15,"{""T"":1790733988346,""s"":""QNTUSDT"",""S"":""Sell"",""v"":""4.97"",""p"":""294.15""}"
2026-09-30T02:06:28.456008Z,1790733988346,QNTUSDT,Sell,0.11,293.83,"{""T"":1790733988346,""s"":""QNTUSDT"",""S"":""Sell"",""v"":""0.11"",""p"":""293.83""}"
2026-09-30T02:06:28.487369Z,1790733988143,BTWUSDT,Sell,40,1.46282,"{""T"":1790733988143,""s"":""BTWUSDT"",""S"":""Sell"",""v"":""40"",""p"":""1.46282""}"
2026-09-30T02:06:28.848391Z,1790733988287,USELESSUSDT,Buy,1056,0.23539,"{""T"":1790733988287,""s"":""USELESSUSDT"",""S"":""Buy"",""v"":""1056"",""p"":""0.23539""}"
2026-09-30T02:06:32.956375Z,1790733992827,QNTUSDT,Sell,2.07,295.21,"{""T"":1790733992827,""s"":""QNTUSDT"",""S"":""Sell"",""v"":""2.07"",""p"":""295.21""}"
2026-09-30T02:06:33.455812Z,1790733993344,QNTUSDT,Sell,0.12,295.31,"{""T"":1790733993344,""s"":""QNTUSDT"",""S"":""Sell"",""v"":""0.12"",""p"":""295.31""}"
2026-09-30T02:06:33.837651Z,1790733993667,AAVEUSDT,Buy,0.07,159.66,"{""T"":1790733993667,""s"":""AAVEUSDT"",""S"":""Buy"",""v"":""0.07"",""p"":""159.66""}"
2026-09-30T02:06:33.908185Z,1790733993667,HBARUSDT,Buy,155,0.10261,"{""T"":1790733993667,""s"":""HBARUSDT"",""S"":""Buy"",""v"":""155"",""p"":""0.10261""}"
2026-09-30T02:06:33.955820Z,1790733993667,QNTUSDT,Sell,0.20,295.36,"{""T"":1790733993667,""s"":""QNTUSDT"",""S"":""Sell"",""v"":""0.20"",""p"":""295.36""}"
2026-09-30T02:06:34.016034Z,1790733993667,NMRUSDT,Buy,1.8,11.668,"{""T"":1790733993667,""s"":""NMRUSDT"",""S"":""Buy"",""v"":""1.8"",""p"":""11.668""}"
2026-09-30T02:06:40.956518Z,1790734000764,QNTUSDT,Sell,2.85,295.85,"{""T"":1790734000764,""s"":""QNTUSDT"",""S"":""Sell"",""v"":""2.85"",""p"":""295.85""}"
2026-09-30T02:06:41.455970Z,1790734000876,QNTUSDT,Sell,0.37,295.67,"{""T"":1790734000876,""s"":""QNTUSDT"",""S"":""Sell"",""v"":""0.37"",""p"":""295.67""}"
2026-09-30T02:06:41.455970Z,1790734001207,QNTUSDT,Sell,0.20,295.83,"{""T"":1790734001207,""s"":""QNTUSDT"",""S"":""Sell"",""v"":""0.20"",""p"":""295.83""}"
2026-09-30T02:06:41.956273Z,1790734001421,QNTUSDT,Sell,0.14,295.88,"{""T"":1790734001421,""s"":""QNTUSDT"",""S"":""Sell"",""v"":""0.14"",""p"":""295.88""}"
2026-09-30T02:06:41.956273Z,1790734001557,QNTUSDT,Sell,8.42,296.03,"{""T"":1790734001557,""s"":""QNTUSDT"",""S"":""Sell"",""v"":""8.42"",""p"":""296.03""}"
2026-09-30T02:06:41.956273Z,1790734001622,QNTUSDT,Sell,1.45,296.16,"{""T"":1790734001622,""s"":""QNTUSDT"",""S"":""Sell"",""v"":""1.45"",""p"":""296.16""}"
2026-09-30T02:06:41.956273Z,1790734001718,QNTUSDT,Sell,0.80,295.80,"{""T"":1790734001718,""s"":""QNTUSDT"",""S"":""Sell"",""v"":""0.80"",""p"":""295.80""}"
2026-09-30T02:06:41.956273Z,1790734001718,QNTUSDT,Sell,0.78,296.40,"{""T"":1790734001718,""s"":""QNTUSDT"",""S"":""Sell"",""v"":""0.78"",""p"":""296.40""}"
2026-09-30T02:06:41.956273Z,1790734001826,QNTUSDT,Sell,2.00,296.76,"{""T"":1790734001826,""s"":""QNTUSDT"",""S"":""Sell"",""v"":""2.00"",""p"":""296.76""}"
2026-09-30T02:06:41.956273Z,1790734001829,QNTUSDT,Sell,0.99,296.81,"{""T"":1790734001829,""s"":""QNTUSDT"",""S"":""Sell"",""v"":""0.99"",""p"":""296.81""}"
2026-09-30T02:06:41.956870Z,1790734001826,ETHUSDT,Buy,1.00,2665.28,"{""T"":1790734001826,""s"":""ETHUSDT"",""S"":""Buy"",""v"":""1.00"",""p"":""2665.28""}"
2026-09-30T02:06:42.313293Z,1790734001826,NILUSDT,Sell,2000,0.08111,"{""T"":1790734001826,""s"":""NILUSDT"",""S"":""Sell"",""v"":""2000"",""p"":""0.08111""}"
2026-09-30T02:06:42.313852Z,1790734001826,ASTERUSDT,Buy,750,0.7390,"{""T"":1790734001826,""s"":""ASTERUSDT"",""S"":""Buy"",""v"":""750"",""p"":""0.7390""}"
2026-09-30T02:06:42.314167Z,1790734001829,HYPEUSDT,Buy,4.63,85.870,"{""T"":1790734001829,""s"":""HYPEUSDT"",""S"":""Buy"",""v"":""4.63"",""p"":""85.870""}"
2026-09-30T02:06:42.456084Z,1790734002103,QNTUSDT,Sell,0.31,296.26,"{""T"":1790734002103,""s"":""QNTUSDT"",""S"":""Sell"",""v"":""0.31"",""p"":""296.26""}"
2026-09-30T02:06:42.456084Z,1790734002113,QNTUSDT,Sell,5.63,296.40,"{""T"":1790734002113,""s"":""QNTUSDT"",""S"":""Sell"",""v"":""5.63"",""p"":""296.40""}"
2026-09-30T02:06:42.456084Z,1790734002134,QNTUSDT,Sell,6.00,296.59,"{""T"":1790734002134,""s"":""QNTUSDT"",""S"":""Sell"",""v"":""6.00"",""p"":""296.59""}"
2026-09-30T02:06:42.456084Z,1790734002253,QNTUSDT,Sell,1.25,296.32,"{""T"":1790734002253,""s"":""QNTUSDT"",""S"":""Sell"",""v"":""1.25"",""p"":""296.32""}"
2026-09-30T02:06:42.955904Z,1790734002477,QNTUSDT,Sell,14.74,296.46,"{""T"":1790734002477,""s"":""QNTUSDT"",""S"":""Sell"",""v"":""14.74"",""p"":""296.46""}"
2026-09-30T02:06:42.955904Z,1790734002494,QNTUSDT,Sell,16.25,296.85,"{""T"":1790734002494,""s"":""QNTUSDT"",""S"":""Sell"",""v"":""16.25"",""p"":""296.85""}"
2026-09-30T02:07:04.066725Z,1790734023604,SOLUSDT,Sell,4.4,120.420,"{""T"":1790734023604,""s"":""SOLUSDT"",""S"":""Sell"",""v"":""4.4"",""p"":""120.420""}"
2026-09-30T02:07:13.914617Z,1790734033754,ZECUSDT,Buy,0.04,1415.29,"{""T"":1790734033754,""s"":""ZECUSDT"",""S"":""Buy"",""v"":""0.04"",""p"":""1415.29""}"
2026-09-30T02:07:13.956308Z,1790734033754,QNTUSDT,Sell,0.32,296.99,"{""T"":1790734033754,""s"":""QNTUSDT"",""S"":""Sell"",""v"":""0.32"",""p"":""296.99""}"
2026-09-30T02:07:14.913990Z,1790734034438,1000PEPEUSDT,Sell,109600,0.0043610,"{""T"":1790734034438,""s"":""1000PEPEUSDT"",""S"":""Sell"",""v"":""109600"",""p"":""0.0043610""}"
2026-09-30T02:07:14.956448Z,1790734034462,QNTUSDT,Sell,0.28,296.86,"{""T"":1790734034462,""s"":""QNTUSDT"",""S"":""Sell"",""v"":""0.28"",""p"":""296.86""}"
2026-09-30T02:07:14.956448Z,1790734034611,QNTUSDT,Sell,1.06,297.00,"{""T"":1790734034611,""s"":""QNTUSDT"",""S"":""Sell"",""v"":""1.06"",""p"":""297.00""}"
2026-09-30T02:07:15.957140Z,1790734035657,QNTUSDT,Sell,0.06,297.04,"{""T"":1790734035657,""s"":""QNTUSDT"",""S"":""Sell"",""v"":""0.06"",""p"":""297.04""}"
2026-09-30T02:07:16.955856Z,1790734036513,QNTUSDT,Sell,0.03,297.17,"{""T"":1790734036513,""s"":""QNTUSDT"",""S"":""Sell"",""v"":""0.03"",""p"":""297.17""}"
2026-09-30T02:07:17.479579Z,1790734037198,QNTUSDT,Sell,0.63,297.26,"{""T"":1790734037198,""s"":""QNTUSDT"",""S"":""Sell"",""v"":""0.63"",""p"":""297.26""}"
2026-09-30T02:07:22.980692Z,1790734042795,QNTUSDT,Sell,0.27,297.54,"{""T"":1790734042795,""s"":""QNTUSDT"",""S"":""Sell"",""v"":""0.27"",""p"":""297.54""}"
2026-09-30T02:07:23.337686Z,1790734042795,XRPUSDT,Buy,78.0,1.4934,"{""T"":1790734042795,""s"":""XRPUSDT"",""S"":""Buy"",""v"":""78.0"",""p"":""1.4934""}"
2026-09-30T02:07:24.956143Z,1790734044437,QNTUSDT,Sell,40.74,297.66,"{""T"":1790734044437,""s"":""QNTUSDT"",""S"":""Sell"",""v"":""40.74"",""p"":""297.66""}"
2026-09-30T02:07:24.956143Z,1790734044736,QNTUSDT,Sell,0.69,298.23,"{""T"":1790734044736,""s"":""QNTUSDT"",""S"":""Sell"",""v"":""0.69"",""p"":""298.23""}"
2026-09-30T02:07:24.956143Z,1790734044831,QNTUSDT,Sell,2.64,298.36,"{""T"":1790734044831,""s"":""QNTUSDT"",""S"":""Sell"",""v"":""2.64"",""p"":""298.36""}"
2026-09-30T02:07:25.135314Z,1790734045018,AKEUSDT,Buy,3700,0.0301980,"{""T"":1790734045018,""s"":""AKEUSDT"",""S"":""Buy"",""v"":""3700"",""p"":""0.0301980""}"
2026-09-30T02:07:25.312679Z,1790734044951,0GUSDT,Sell,1438.9,0.3339,"{""T"":1790734044951,""s"":""0GUSDT"",""S"":""Sell"",""v"":""1438.9"",""p"":""0.3339""}"
2026-09-30T02:07:25.325580Z,1790734045018,ENAUSDT,Sell,2526,0.25243,"{""T"":1790734045018,""s"":""ENAUSDT"",""S"":""Sell"",""v"":""2526"",""p"":""0.25243""}"
2026-09-30T02:07:25.336917Z,1790734045018,ONDOUSDT,Buy,5718,0.5010,"{""T"":1790734045018,""s"":""ONDOUSDT"",""S"":""Buy"",""v"":""5718"",""p"":""0.5010""}"
2026-09-30T02:07:25.414268Z,1790734045018,1000PEPEUSDT,Buy,340300,0.0042790,"{""T"":1790734045018,""s"":""1000PEPEUSDT"",""S"":""Buy"",""v"":""340300"",""p"":""0.0042790""}"
2026-09-30T02:07:25.414734Z,1790734045018,ZECUSDT,Buy,1.31,1415.26,"{""T"":1790734045018,""s"":""ZECUSDT"",""S"":""Buy"",""v"":""1.31"",""p"":""1415.26""}"
2026-09-30T02:07:25.456174Z,1790734044951,QNTUSDT,Sell,8.00,298.60,"{""T"":1790734044951,""s"":""QNTUSDT"",""S"":""Sell"",""v"":""8.00"",""p"":""298.60""}"
2026-09-30T02:07:25.456174Z,1790734044993,QNTUSDT,Sell,1.93,298.03,"{""T"":1790734044993,""s"":""QNTUSDT"",""S"":""Sell"",""v"":""1.93"",""p"":""298.03""}"
2026-09-30T02:07:25.456174Z,1790734045016,QNTUSDT,Sell,0.62,298.21,"{""T"":1790734045016,""s"":""QNTUSDT"",""S"":""Sell"",""v"":""0.62"",""p"":""298.21""}"
2026-09-30T02:07:25.456174Z,1790734045018,QNTUSDT,Sell,12.66,298.56,"{""T"":1790734045018,""s"":""QNTUSDT"",""S"":""Sell"",""v"":""12.66"",""p"":""298.56""}"
2026-09-30T02:07:25.456174Z,1790734045048,QNTUSDT,Sell,16.98,298.25,"{""T"":1790734045048,""s"":""QNTUSDT"",""S"":""Sell"",""v"":""16.98"",""p"":""298.25""}"
2026-09-30T02:07:25.456174Z,1790734045295,QNTUSDT,Sell,17.10,298.27,"{""T"":1790734045295,""s"":""QNTUSDT"",""S"":""Sell"",""v"":""17.10"",""p"":""298.27""}"
2026-09-30T02:07:25.456767Z,1790734044951,ETHUSDT,Sell,1.50,2683.82,"{""T"":1790734044951,""s"":""ETHUSDT"",""S"":""Sell"",""v"":""1.50"",""p"":""2683.82""}"
2026-09-30T02:07:25.457056Z,1790734045018,CELOUSDT,Buy,13336.8,0.09876,"{""T"":1790734045018,""s"":""CELOUSDT"",""S"":""Buy"",""v"":""13336.8"",""p"":""0.09876""}"
2026-09-30T02:07:25.486660Z,1790734045018,XAUUSDT,Sell,0.360,4198.07,"{""T"":1790734045018,""s"":""XAUUSDT"",""S"":""Sell"",""v"":""0.360"",""p"":""4198.07""}"
2026-09-30T02:07:25.492515Z,1790734045018,SUIUSDT,Sell,3930,1.17740,"{""T"":1790734045018,""s"":""SUIUSDT"",""S"":""Sell"",""v"":""3930"",""p"":""1.17740""}"
2026-09-30T02:07:25.516631Z,1790734045018,TAOUSDT,Sell,10.125,306.37,"{""T"":1790734045018,""s"":""TAOUSDT"",""S"":""Sell"",""v"":""10.125"",""p"":""306.37""}"
2026-09-30T02:07:25.563191Z,1790734045295,SOLUSDT,Buy,70.0,119.420,"{""T"":1790734045295,""s"":""SOLUSDT"",""S"":""Buy"",""v"":""70.0"",""p"":""119.420""}"
2026-09-30T02:07:25.635527Z,1790734045380,ESPORTSUSDT,Buy,23170,0.011250,"{""T"":1790734045380,""s"":""ESPORTSUSDT"",""S"":""Buy"",""v"":""23170"",""p"":""0.011250""}"
2026-09-30T02:07:25.956182Z,1790734045380,QNTUSDT,Sell,2.05,298.68,"{""T"":1790734045380,""s"":""QNTUSDT"",""S"":""Sell"",""v"":""2.05"",""p"":""298.68""}"
2026-09-30T02:07:25.956182Z,1790734045428,QNTUSDT,Sell,0.10,297.66,"{""T"":1790734045428,""s"":""QNTUSDT"",""S"":""Sell"",""v"":""0.10"",""p"":""297.66""}"
2026-09-30T02:07:25.956182Z,1790734045459,QNTUSDT,Sell,0.39,297.73,"{""T"":1790734045459,""s"":""QNTUSDT"",""S"":""Sell"",""v"":""0.39"",""p"":""297.73""}"
2026-09-30T02:07:25.956182Z,1790734045483,QNTUSDT,Sell,19.40,297.84,"{""T"":1790734045483,""s"":""QNTUSDT"",""S"":""Sell"",""v"":""19.40"",""p"":""297.84""}"
2026-09-30T02:07:25.956182Z,1790734045526,QNTUSDT,Sell,0.11,297.77,"{""T"":1790734045526,""s"":""QNTUSDT"",""S"":""Sell"",""v"":""0.11"",""p"":""297.77""}"
2026-09-30T02:07:25.956182Z,1790734045597,QNTUSDT,Sell,1.23,298.23,"{""T"":1790734045597,""s"":""QNTUSDT"",""S"":""Sell"",""v"":""1.23"",""p"":""298.23""}"
2026-09-30T02:07:25.956182Z,1790734045677,QNTUSDT,Sell,0.37,298.18,"{""T"":1790734045677,""s"":""QNTUSDT"",""S"":""Sell"",""v"":""0.37"",""p"":""298.18""}"
2026-09-30T02:07:25.956182Z,1790734045695,QNTUSDT,Sell,0.21,297.81,"{""T"":1790734045695,""s"":""QNTUSDT"",""S"":""Sell"",""v"":""0.21"",""p"":""297.81""}"
2026-09-30T02:07:25.956182Z,1790734045697,QNTUSDT,Sell,0.59,298.25,"{""T"":1790734045697,""s"":""QNTUSDT"",""S"":""Sell"",""v"":""0.59"",""p"":""298.25""}"
2026-09-30T02:07:29.455998Z,1790734049285,QNTUSDT,Sell,19.97,298.83,"{""T"":1790734049285,""s"":""QNTUSDT"",""S"":""Sell"",""v"":""19.97"",""p"":""298.83""}"
2026-09-30T02:07:29.455998Z,1790734049368,QNTUSDT,Sell,0.19,299.04,"{""T"":1790734049368,""s"":""QNTUSDT"",""S"":""Sell"",""v"":""0.19"",""p"":""299.04""}"
2026-09-30T02:07:29.955878Z,1790734049396,QNTUSDT,Sell,0.99,298.85,"{""T"":1790734049396,""s"":""QNTUSDT"",""S"":""Sell"",""v"":""0.99"",""p"":""298.85""}"
2026-09-30T02:07:30.062668Z,1790734049818,SOLUSDT,Sell,10.2,120.540,"{""T"":1790734049818,""s"":""SOLUSDT"",""S"":""Sell"",""v"":""10.2"",""p"":""120.540""}"
2026-09-30T02:07:31.337010Z,1790734050814,XRPUSDT,Sell,2.8,1.5087,"{""T"":1790734050814,""s"":""XRPUSDT"",""S"":""Sell"",""v"":""2.8"",""p"":""1.5087""}"
2026-09-30T02:07:34.562309Z,1790734054067,SOLUSDT,Sell,0.9,120.570,"{""T"":1790734054067,""s"":""SOLUSDT"",""S"":""Sell"",""v"":""0.9"",""p"":""120.570""}"
2026-09-30T02:07:35.337340Z,1790734055204,XRPUSDT,Sell,5.1,1.5091,"{""T"":1790734055204,""s"":""XRPUSDT"",""S"":""Sell"",""v"":""5.1"",""p"":""1.5091""}"
2026-09-30T02:07:36.837274Z,1790734056479,XRPUSDT,Sell,701.1,1.5095,"{""T"":1790734056479,""s"":""XRPUSDT"",""S"":""Sell"",""v"":""701.1"",""p"":""1.5095""}"
2026-09-30T02:07:39.062807Z,1790734058563,SOLUSDT,Sell,8.2,120.600,"{""T"":1790734058563,""s"":""SOLUSDT"",""S"":""Sell"",""v"":""8.2"",""p"":""120.600""}"
2026-09-30T02:09:06.987022Z,1790734146538,SOXLUSDT,Buy,1.42,145.28,"{""T"":1790734146538,""s"":""SOXLUSDT"",""S"":""Buy"",""v"":""1.42"",""p"":""145.28""}"
2026-09-30T02:09:07.486657Z,1790734147222,SOXLUSDT,Buy,1.21,145.24,"{""T"":1790734147222,""s"":""SOXLUSDT"",""S"":""Buy"",""v"":""1.21"",""p"":""145.24""}"
2026-09-30T02:09:08.955927Z,1790734148606,QNTUSDT,Sell,0.15,299.56,"{""T"":1790734148606,""s"":""QNTUSDT"",""S"":""Sell"",""v"":""0.15"",""p"":""299.56""}"
2026-09-30T02:09:09.456049Z,1790734148972,QNTUSDT,Sell,1.09,299.19,"{""T"":1790734148972,""s"":""QNTUSDT"",""S"":""Sell"",""v"":""1.09"",""p"":""299.19""}"
2026-09-30T02:09:09.456049Z,1790734149077,QNTUSDT,Sell,0.11,299.46,"{""T"":1790734149077,""s"":""QNTUSDT"",""S"":""Sell"",""v"":""0.11"",""p"":""299.46""}"
2026-09-30T02:09:09.456049Z,1790734149220,QNTUSDT,Sell,0.15,299.05,"{""T"":1790734149220,""s"":""QNTUSDT"",""S"":""Sell"",""v"":""0.15"",""p"":""299.05""}"
2026-09-30T02:09:09.456049Z,1790734149307,QNTUSDT,Sell,0.10,299.17,"{""T"":1790734149307,""s"":""QNTUSDT"",""S"":""Sell"",""v"":""0.10"",""p"":""299.17""}"
2026-09-30T02:09:09.456049Z,1790734149339,QNTUSDT,Sell,0.23,299.58,"{""T"":1790734149339,""s"":""QNTUSDT"",""S"":""Sell"",""v"":""0.23"",""p"":""299.58""}"
2026-09-30T02:09:09.566155Z,1790734149339,BTCUSDT,Sell,0.001,83761.30,"{""T"":1790734149339,""s"":""BTCUSDT"",""S"":""Sell"",""v"":""0.001"",""p"":""83761.30""}"
2026-09-30T02:09:09.955825Z,1790734149742,QNTUSDT,Sell,1.10,300.00,"{""T"":1790734149742,""s"":""QNTUSDT"",""S"":""Sell"",""v"":""1.10"",""p"":""300.00""}"
2026-09-30T02:09:09.986904Z,1790734149561,SOXLUSDT,Buy,9.27,145.10,"{""T"":1790734149561,""s"":""SOXLUSDT"",""S"":""Buy"",""v"":""9.27"",""p"":""145.10""}"
2026-09-30T02:09:10.456687Z,1790734149943,QNTUSDT,Sell,1.00,300.00,"{""T"":1790734149943,""s"":""QNTUSDT"",""S"":""Sell"",""v"":""1.00"",""p"":""300.00""}"
2026-09-30T02:09:10.956063Z,1790734150437,QNTUSDT,Sell,0.04,300.25,"{""T"":1790734150437,""s"":""QNTUSDT"",""S"":""Sell"",""v"":""0.04"",""p"":""300.25""}"
2026-09-30T02:09:22.956294Z,1790734162484,QNTUSDT,Sell,19.35,300.52,"{""T"":1790734162484,""s"":""QNTUSDT"",""S"":""Sell"",""v"":""19.35"",""p"":""300.52""}"
2026-09-30T02:09:22.956294Z,1790734162625,QNTUSDT,Sell,7.97,300.71,"{""T"":1790734162625,""s"":""QNTUSDT"",""S"":""Sell"",""v"":""7.97"",""p"":""300.71""}"
2026-09-30T02:09:23.456207Z,1790734163037,QNTUSDT,Sell,0.20,300.76,"{""T"":1790734163037,""s"":""QNTUSDT"",""S"":""Sell"",""v"":""0.20"",""p"":""300.76""}"
2026-09-30T02:09:23.956966Z,1790734163418,QNTUSDT,Sell,0.12,300.82,"{""T"":1790734163418,""s"":""QNTUSDT"",""S"":""Sell"",""v"":""0.12"",""p"":""300.82""}"
2026-09-30T02:09:23.956966Z,1790734163547,QNTUSDT,Sell,16.91,301.12,"{""T"":1790734163547,""s"":""QNTUSDT"",""S"":""Sell"",""v"":""16.91"",""p"":""301.12""}"
2026-09-30T02:09:25.956018Z,1790734165625,QNTUSDT,Sell,17.40,301.05,"{""T"":1790734165625,""s"":""QNTUSDT"",""S"":""Sell"",""v"":""17.40"",""p"":""301.05""}"
2026-09-30T02:09:26.455984Z,1790734165997,QNTUSDT,Sell,1.90,301.22,"{""T"":1790734165997,""s"":""QNTUSDT"",""S"":""Sell"",""v"":""1.90"",""p"":""301.22""}"
2026-09-30T02:09:26.455984Z,1790734166350,QNTUSDT,Sell,2.08,301.18,"{""T"":1790734166350,""s"":""QNTUSDT"",""S"":""Sell"",""v"":""2.08"",""p"":""301.18""}"
2026-09-30T02:09:50.997422Z,1790734190567,PENGUUSDT,Sell,990,0.010355,"{""T"":1790734190567,""s"":""PENGUUSDT"",""S"":""Sell"",""v"":""990"",""p"":""0.010355""}"
2026-09-30T02:11:22.408050Z,1790734282027,SKHYNIXUSDT,Buy,0.270,1311.94,"{""T"":1790734282027,""s"":""SKHYNIXUSDT"",""S"":""Buy"",""v"":""0.270"",""p"":""1311.94""}"
2026-09-30T02:11:22.486861Z,1790734282027,SOXLUSDT,Buy,0.24,144.66,"{""T"":1790734282027,""s"":""SOXLUSDT"",""S"":""Buy"",""v"":""0.24"",""p"":""144.66""}"
2026-09-30T02:11:27.455726Z,1790734286985,QNTUSDT,Buy,12.01,293.78,"{""T"":1790734286985,""s"":""QNTUSDT"",""S"":""Buy"",""v"":""12.01"",""p"":""293.78""}"
2026-09-30T02:11:33.456026Z,1790734293122,QNTUSDT,Buy,0.72,292.45,"{""T"":1790734293122,""s"":""QNTUSDT"",""S"":""Buy"",""v"":""0.72"",""p"":""292.45""}"
2026-09-30T02:11:33.456026Z,1790734293131,QNTUSDT,Buy,2.95,292.09,"{""T"":1790734293131,""s"":""QNTUSDT"",""S"":""Buy"",""v"":""2.95"",""p"":""292.09""}"
2026-09-30T02:11:44.956168Z,1790734304438,QNTUSDT,Sell,0.62,297.21,"{""T"":1790734304438,""s"":""QNTUSDT"",""S"":""Sell"",""v"":""0.62"",""p"":""297.21""}"
2026-09-30T02:11:56.956141Z,1790734316573,QNTUSDT,Sell,0.53,299.78,"{""T"":1790734316573,""s"":""QNTUSDT"",""S"":""Sell"",""v"":""0.53"",""p"":""299.78""}"
2026-09-30T02:12:03.458883Z,1790734323337,QNTUSDT,Sell,0.08,300.26,"{""T"":1790734323337,""s"":""QNTUSDT"",""S"":""Sell"",""v"":""0.08"",""p"":""300.26""}"
2026-09-30T02:12:05.986793Z,1790734325618,USUSDT,Buy,20100,0.018000,"{""T"":1790734325618,""s"":""USUSDT"",""S"":""Buy"",""v"":""20100"",""p"":""0.018000""}"
2026-09-30T02:12:13.955887Z,1790734333468,QNTUSDT,Sell,0.36,301.53,"{""T"":1790734333468,""s"":""QNTUSDT"",""S"":""Sell"",""v"":""0.36"",""p"":""301.53""}"
2026-09-30T02:12:14.987205Z,1790734334892,BTWUSDT,Sell,430,1.47502,"{""T"":1790734334892,""s"":""BTWUSDT"",""S"":""Sell"",""v"":""430"",""p"":""1.47502""}"
2026-09-30T02:12:14.987205Z,1790734334901,BTWUSDT,Sell,210,1.47480,"{""T"":1790734334901,""s"":""BTWUSDT"",""S"":""Sell"",""v"":""210"",""p"":""1.47480""}"
2026-09-30T02:12:15.456222Z,1790734334892,QNTUSDT,Sell,1.81,301.66,"{""T"":1790734334892,""s"":""QNTUSDT"",""S"":""Sell"",""v"":""1.81"",""p"":""301.66""}"
2026-09-30T02:12:15.456222Z,1790734334901,QNTUSDT,Sell,0.58,301.56,"{""T"":1790734334901,""s"":""QNTUSDT"",""S"":""Sell"",""v"":""0.58"",""p"":""301.56""}"
2026-09-30T02:12:25.455836Z,1790734345347,QNTUSDT,Sell,1.36,302.06,"{""T"":1790734345347,""s"":""QNTUSDT"",""S"":""Sell"",""v"":""1.36"",""p"":""302.06""}"
2026-09-30T02:12:26.456085Z,1790734346329,QNTUSDT,Sell,1.66,302.26,"{""T"":1790734346329,""s"":""QNTUSDT"",""S"":""Sell"",""v"":""1.66"",""p"":""302.26""}"
2026-09-30T02:12:26.492542Z,1790734346329,MUBARAKUSDT,Sell,4257,0.062318,"{""T"":1790734346329,""s"":""MUBARAKUSDT"",""S"":""Sell"",""v"":""4257"",""p"":""0.062318""}"
2026-09-30T02:12:26.565775Z,1790734346329,BTCUSDT,Sell,0.012,83716.30,"{""T"":1790734346329,""s"":""BTCUSDT"",""S"":""Sell"",""v"":""0.012"",""p"":""83716.30""}"
2026-09-30T02:12:26.812980Z,1790734346329,GRASSUSDT,Sell,323,0.76230,"{""T"":1790734346329,""s"":""GRASSUSDT"",""S"":""Sell"",""v"":""323"",""p"":""0.76230""}"
2026-09-30T02:12:26.955981Z,1790734346762,QNTUSDT,Sell,17.26,302.98,"{""T"":1790734346762,""s"":""QNTUSDT"",""S"":""Sell"",""v"":""17.26"",""p"":""302.98""}"
2026-09-30T02:12:26.955981Z,1790734346793,QNTUSDT,Sell,0.47,302.78,"{""T"":1790734346793,""s"":""QNTUSDT"",""S"":""Sell"",""v"":""0.47"",""p"":""302.78""}"
2026-09-30T02:12:27.456025Z,1790734346993,QNTUSDT,Sell,15.40,302.94,"{""T"":1790734346993,""s"":""QNTUSDT"",""S"":""Sell"",""v"":""15.40"",""p"":""302.94""}"
2026-09-30T02:12:27.456025Z,1790734347114,QNTUSDT,Sell,0.84,303.03,"{""T"":1790734347114,""s"":""QNTUSDT"",""S"":""Sell"",""v"":""0.84"",""p"":""303.03""}"
2026-09-30T02:12:27.456025Z,1790734347225,QNTUSDT,Sell,0.02,303.70,"{""T"":1790734347225,""s"":""QNTUSDT"",""S"":""Sell"",""v"":""0.02"",""p"":""303.70""}"
2026-09-30T02:12:27.456025Z,1790734347331,QNTUSDT,Sell,2.21,303.66,"{""T"":1790734347331,""s"":""QNTUSDT"",""S"":""Sell"",""v"":""2.21"",""p"":""303.66""}"
2026-09-30T02:12:27.456025Z,1790734347336,QNTUSDT,Sell,3.45,303.12,"{""T"":1790734347336,""s"":""QNTUSDT"",""S"":""Sell"",""v"":""3.45"",""p"":""303.12""}"
2026-09-30T02:12:29.456360Z,1790734348912,QNTUSDT,Sell,0.30,304.28,"{""T"":1790734348912,""s"":""QNTUSDT"",""S"":""Sell"",""v"":""0.30"",""p"":""304.28""}"
2026-09-30T02:12:29.456360Z,1790734349228,QNTUSDT,Sell,13.34,304.17,"{""T"":1790734349228,""s"":""QNTUSDT"",""S"":""Sell"",""v"":""13.34"",""p"":""304.17""}"
2026-09-30T02:12:29.955877Z,1790734349619,QNTUSDT,Sell,2.40,304.14,"{""T"":1790734349619,""s"":""QNTUSDT"",""S"":""Sell"",""v"":""2.40"",""p"":""304.14""}"
2026-09-30T02:12:30.455699Z,1790734350234,QNTUSDT,Sell,3.33,304.37,"{""T"":1790734350234,""s"":""QNTUSDT"",""S"":""Sell"",""v"":""3.33"",""p"":""304.37""}"
2026-09-30T02:12:30.956229Z,1790734350403,QNTUSDT,Sell,0.05,304.50,"{""T"":1790734350403,""s"":""QNTUSDT"",""S"":""Sell"",""v"":""0.05"",""p"":""304.50""}"
2026-09-30T02:12:31.956169Z,1790734351732,QNTUSDT,Sell,2.72,304.87,"{""T"":1790734351732,""s"":""QNTUSDT"",""S"":""Sell"",""v"":""2.72"",""p"":""304.87""}"
2026-09-30T02:12:32.456231Z,1790734352306,QNTUSDT,Sell,46.41,304.95,"{""T"":1790734352306,""s"":""QNTUSDT"",""S"":""Sell"",""v"":""46.41"",""p"":""304.95""}"
2026-09-30T02:12:36.956112Z,1790734356730,QNTUSDT,Sell,1.00,305.27,"{""T"":1790734356730,""s"":""QNTUSDT"",""S"":""Sell"",""v"":""1.00"",""p"":""305.27""}"
2026-09-30T02:12:37.456088Z,1790734357091,QNTUSDT,Sell,9.79,305.58,"{""T"":1790734357091,""s"":""QNTUSDT"",""S"":""Sell"",""v"":""9.79"",""p"":""305.58""}"
2026-09-30T02:12:37.456088Z,1790734357291,QNTUSDT,Sell,4.88,305.59,"{""T"":1790734357291,""s"":""QNTUSDT"",""S"":""Sell"",""v"":""4.88"",""p"":""305.59""}"
2026-09-30T02:12:37.456088Z,1790734357366,QNTUSDT,Sell,16.20,305.95,"{""T"":1790734357366,""s"":""QNTUSDT"",""S"":""Sell"",""v"":""16.20"",""p"":""305.95""}"
2026-09-30T02:12:37.456489Z,1790734357366,ETHUSDT,Sell,2.30,2680.11,"{""T"":1790734357366,""s"":""ETHUSDT"",""S"":""Sell"",""v"":""2.30"",""p"":""2680.11""}"
2026-09-30T02:12:37.563173Z,1790734357366,SOLUSDT,Sell,62.0,120.250,"{""T"":1790734357366,""s"":""SOLUSDT"",""S"":""Sell"",""v"":""62.0"",""p"":""120.250""}"
2026-09-30T02:12:37.566155Z,1790734357366,BTCUSDT,Sell,0.020,83710.30,"{""T"":1790734357366,""s"":""BTCUSDT"",""S"":""Sell"",""v"":""0.020"",""p"":""83710.30""}"
2026-09-30T02:12:37.913887Z,1790734357366,ZECUSDT,Sell,7.00,1427.19,"{""T"":1790734357366,""s"":""ZECUSDT"",""S"":""Sell"",""v"":""7.00"",""p"":""1427.19""}"
2026-09-30T02:12:37.956056Z,1790734357440,QNTUSDT,Sell,0.04,305.07,"{""T"":1790734357440,""s"":""QNTUSDT"",""S"":""Sell"",""v"":""0.04"",""p"":""305.07""}"
2026-09-30T02:12:37.956056Z,1790734357525,QNTUSDT,Sell,1.44,305.50,"{""T"":1790734357525,""s"":""QNTUSDT"",""S"":""Sell"",""v"":""1.44"",""p"":""305.50""}"
2026-09-30T02:12:38.455851Z,1790734358146,QNTUSDT,Sell,1.38,306.26,"{""T"":1790734358146,""s"":""QNTUSDT"",""S"":""Sell"",""v"":""1.38"",""p"":""306.26""}"
2026-09-30T02:12:38.955922Z,1790734358411,QNTUSDT,Sell,3.57,306.33,"{""T"":1790734358411,""s"":""QNTUSDT"",""S"":""Sell"",""v"":""3.57"",""p"":""306.33""}"
2026-09-30T02:12:38.955922Z,1790734358829,QNTUSDT,Sell,0.19,307.24,"{""T"":1790734358829,""s"":""QNTUSDT"",""S"":""Sell"",""v"":""0.19"",""p"":""307.24""}"
2026-09-30T02:12:39.325291Z,1790734359034,ENAUSDT,Buy,1809,0.24760,"{""T"":1790734359034,""s"":""ENAUSDT"",""S"":""Buy"",""v"":""1809"",""p"":""0.24760""}"
2026-09-30T02:12:39.408161Z,1790734359034,HBARUSDT,Buy,11594,0.10263,"{""T"":1790734359034,""s"":""HBARUSDT"",""S"":""Buy"",""v"":""11594"",""p"":""0.10263""}"
2026-09-30T02:12:39.456130Z,1790734358985,QNTUSDT,Sell,5.09,307.62,"{""T"":1790734358985,""s"":""QNTUSDT"",""S"":""Sell"",""v"":""5.09"",""p"":""307.62""}"
2026-09-30T02:12:39.456130Z,1790734359034,QNTUSDT,Sell,6.06,307.33,"{""T"":1790734359034,""s"":""QNTUSDT"",""S"":""Sell"",""v"":""6.06"",""p"":""307.33""}"
2026-09-30T02:12:39.456130Z,1790734359115,QNTUSDT,Sell,16.49,306.77,"{""T"":1790734359115,""s"":""QNTUSDT"",""S"":""Sell"",""v"":""16.49"",""p"":""306.77""}"
2026-09-30T02:12:39.456130Z,1790734359233,QNTUSDT,Sell,7.09,307.79,"{""T"":1790734359233,""s"":""QNTUSDT"",""S"":""Sell"",""v"":""7.09"",""p"":""307.79""}"
2026-09-30T02:12:39.456130Z,1790734359272,QNTUSDT,Sell,4.40,307.22,"{""T"":1790734359272,""s"":""QNTUSDT"",""S"":""Sell"",""v"":""4.40"",""p"":""307.22""}"
2026-09-30T02:12:39.456130Z,1790734359325,QNTUSDT,Sell,0.32,307.35,"{""T"":1790734359325,""s"":""QNTUSDT"",""S"":""Sell"",""v"":""0.32"",""p"":""307.35""}"
2026-09-30T02:12:39.486771Z,1790734358985,BTWUSDT,Sell,370,1.47039,"{""T"":1790734358985,""s"":""BTWUSDT"",""S"":""Sell"",""v"":""370"",""p"":""1.47039""}"
2026-09-30T02:12:39.486771Z,1790734359233,BTWUSDT,Sell,1320,1.47228,"{""T"":1790734359233,""s"":""BTWUSDT"",""S"":""Sell"",""v"":""1320"",""p"":""1.47228""}"
2026-09-30T02:12:39.486771Z,1790734359325,BTWUSDT,Sell,10,1.46395,"{""T"":1790734359325,""s"":""BTWUSDT"",""S"":""Sell"",""v"":""10"",""p"":""1.46395""}"
2026-09-30T02:12:39.496855Z,1790734359034,ICPUSDT,Buy,80.3,3.430,"{""T"":1790734359034,""s"":""ICPUSDT"",""S"":""Buy"",""v"":""80.3"",""p"":""3.430""}"
2026-09-30T02:12:39.956765Z,1790734359524,QNTUSDT,Sell,3.55,306.79,"{""T"":1790734359524,""s"":""QNTUSDT"",""S"":""Sell"",""v"":""3.55"",""p"":""306.79""}"
2026-09-30T02:12:39.956765Z,1790734359550,QNTUSDT,Sell,10.83,307.74,"{""T"":1790734359550,""s"":""QNTUSDT"",""S"":""Sell"",""v"":""10.83"",""p"":""307.74""}"
2026-09-30T02:12:39.956765Z,1790734359649,QNTUSDT,Sell,1.93,306.72,"{""T"":1790734359649,""s"":""QNTUSDT"",""S"":""Sell"",""v"":""1.93"",""p"":""306.72""}"
2026-09-30T02:12:39.956765Z,1790734359780,QNTUSDT,Sell,7.98,308.59,"{""T"":1790734359780,""s"":""QNTUSDT"",""S"":""Sell"",""v"":""7.98"",""p"":""308.59""}"
2026-09-30T02:12:39.986997Z,1790734359550,BTWUSDT,Sell,1360,1.47218,"{""T"":1790734359550,""s"":""BTWUSDT"",""S"":""Sell"",""v"":""1360"",""p"":""1.47218""}"
2026-09-30T02:12:40.456276Z,1790734360079,QNTUSDT,Sell,16.40,308.64,"{""T"":1790734360079,""s"":""QNTUSDT"",""S"":""Sell"",""v"":""16.40"",""p"":""308.64""}"
2026-09-30T02:12:40.456276Z,1790734360206,QNTUSDT,Sell,0.09,308.62,"{""T"":1790734360206,""s"":""QNTUSDT"",""S"":""Sell"",""v"":""0.09"",""p"":""308.62""}"
2026-09-30T02:12:40.456276Z,1790734360290,QNTUSDT,Sell,6.60,308.58,"{""T"":1790734360290,""s"":""QNTUSDT"",""S"":""Sell"",""v"":""6.60"",""p"":""308.58""}"
2026-09-30T02:12:40.456276Z,1790734360371,QNTUSDT,Sell,0.38,308.49,"{""T"":1790734360371,""s"":""QNTUSDT"",""S"":""Sell"",""v"":""0.38"",""p"":""308.49""}"
2026-09-30T02:12:40.493136Z,1790734360079,MUBARAKUSDT,Sell,77959,0.062191,"{""T"":1790734360079,""s"":""MUBARAKUSDT"",""S"":""Sell"",""v"":""77959"",""p"":""0.062191""}"
2026-09-30T02:12:40.956253Z,1790734360546,QNTUSDT,Sell,2.00,308.48,"{""T"":1790734360546,""s"":""QNTUSDT"",""S"":""Sell"",""v"":""2.00"",""p"":""308.48""}"
2026-09-30T02:12:42.456104Z,1790734362352,QNTUSDT,Sell,0.02,308.90,"{""T"":1790734362352,""s"":""QNTUSDT"",""S"":""Sell"",""v"":""0.02"",""p"":""308.90""}"
2026-09-30T02:12:47.955929Z,1790734367515,QNTUSDT,Sell,1.88,307.46,"{""T"":1790734367515,""s"":""QNTUSDT"",""S"":""Sell"",""v"":""1.88"",""p"":""307.46""}"
2026-09-30T02:13:43.956268Z,1790734423690,QNTUSDT,Sell,0.02,310.17,"{""T"":1790734423690,""s"":""QNTUSDT"",""S"":""Sell"",""v"":""0.02"",""p"":""310.17""}"
2026-09-30T02:13:43.956268Z,1790734423701,QNTUSDT,Sell,0.06,309.96,"{""T"":1790734423701,""s"":""QNTUSDT"",""S"":""Sell"",""v"":""0.06"",""p"":""309.96""}"
2026-09-30T02:13:43.956268Z,1790734423847,QNTUSDT,Sell,1.31,309.60,"{""T"":1790734423847,""s"":""QNTUSDT"",""S"":""Sell"",""v"":""1.31"",""p"":""309.60""}"
2026-09-30T02:13:44.456110Z,1790734424121,QNTUSDT,Sell,0.33,309.90,"{""T"":1790734424121,""s"":""QNTUSDT"",""S"":""Sell"",""v"":""0.33"",""p"":""309.90""}"
2026-09-30T02:13:44.456110Z,1790734424135,QNTUSDT,Sell,0.09,309.77,"{""T"":1790734424135,""s"":""QNTUSDT"",""S"":""Sell"",""v"":""0.09"",""p"":""309.77""}"
2026-09-30T02:13:44.955874Z,1790734424397,QNTUSDT,Sell,0.14,309.73,"{""T"":1790734424397,""s"":""QNTUSDT"",""S"":""Sell"",""v"":""0.14"",""p"":""309.73""}"
2026-09-30T02:13:44.955874Z,1790734424492,QNTUSDT,Sell,1.21,310.01,"{""T"":1790734424492,""s"":""QNTUSDT"",""S"":""Sell"",""v"":""1.21"",""p"":""310.01""}"
2026-09-30T02:14:48.487614Z,1790734488345,USUSDT,Sell,7310,0.019180,"{""T"":1790734488345,""s"":""USUSDT"",""S"":""Sell"",""v"":""7310"",""p"":""0.019180""}"
2026-09-30T02:15:11.460294Z,1790734511362,QNTUSDT,Buy,0.99,298.96,"{""T"":1790734511362,""s"":""QNTUSDT"",""S"":""Buy"",""v"":""0.99"",""p"":""298.96""}"
2026-09-30T02:15:31.459536Z,1790734531018,QNTUSDT,Sell,2.86,308.68,"{""T"":1790734531018,""s"":""QNTUSDT"",""S"":""Sell"",""v"":""2.86"",""p"":""308.68""}"
2026-09-30T02:15:31.956349Z,1790734531426,QNTUSDT,Sell,0.47,308.43,"{""T"":1790734531426,""s"":""QNTUSDT"",""S"":""Sell"",""v"":""0.47"",""p"":""308.43""}"
2026-09-30T02:15:38.456099Z,1790734538092,QNTUSDT,Buy,0.17,301.01,"{""T"":1790734538092,""s"":""QNTUSDT"",""S"":""Buy"",""v"":""0.17"",""p"":""301.01""}"
2026-09-30T02:15:40.456027Z,1790734540104,QNTUSDT,Buy,2.01,298.82,"{""T"":1790734540104,""s"":""QNTUSDT"",""S"":""Buy"",""v"":""2.01"",""p"":""298.82""}"
2026-09-30T02:15:40.456027Z,1790734540308,QNTUSDT,Buy,1.44,299.52,"{""T"":1790734540308,""s"":""QNTUSDT"",""S"":""Buy"",""v"":""1.44"",""p"":""299.52""}"
2026-09-30T02:15:42.956300Z,1790734542709,QNTUSDT,Buy,3.36,298.03,"{""T"":1790734542709,""s"":""QNTUSDT"",""S"":""Buy"",""v"":""3.36"",""p"":""298.03""}"
2026-09-30T02:15:47.456543Z,1790734547149,QNTUSDT,Buy,1.26,296.46,"{""T"":1790734547149,""s"":""QNTUSDT"",""S"":""Buy"",""v"":""1.26"",""p"":""296.46""}"
2026-09-30T02:15:47.456543Z,1790734547310,QNTUSDT,Buy,0.08,296.61,"{""T"":1790734547310,""s"":""QNTUSDT"",""S"":""Buy"",""v"":""0.08"",""p"":""296.61""}"
2026-09-30T02:15:55.955920Z,1790734555455,QNTUSDT,Buy,10.04,295.24,"{""T"":1790734555455,""s"":""QNTUSDT"",""S"":""Buy"",""v"":""10.04"",""p"":""295.24""}"
2026-09-30T02:16:05.455925Z,1790734565180,QNTUSDT,Buy,1.87,294.02,"{""T"":1790734565180,""s"":""QNTUSDT"",""S"":""Buy"",""v"":""1.87"",""p"":""294.02""}"
2026-09-30T02:16:11.456356Z,1790734571207,QNTUSDT,Buy,0.12,292.53,"{""T"":1790734571207,""s"":""QNTUSDT"",""S"":""Buy"",""v"":""0.12"",""p"":""292.53""}"
2026-09-30T02:16:12.956051Z,1790734572820,QNTUSDT,Buy,0.96,291.30,"{""T"":1790734572820,""s"":""QNTUSDT"",""S"":""Buy"",""v"":""0.96"",""p"":""291.30""}"
2026-09-30T02:16:13.312900Z,1790734572820,PUMPFUNUSDT,Sell,106400,0.0059420,"{""T"":1790734572820,""s"":""PUMPFUNUSDT"",""S"":""Sell"",""v"":""106400"",""p"":""0.0059420""}"
2026-09-30T02:16:13.313351Z,1790734572820,HYPEUSDT,Sell,2.83,86.800,"{""T"":1790734572820,""s"":""HYPEUSDT"",""S"":""Sell"",""v"":""2.83"",""p"":""86.800""}"
2026-09-30T02:16:13.313636Z,1790734572820,TRUMPUSDT,Buy,23.4,2.072,"{""T"":1790734572820,""s"":""TRUMPUSDT"",""S"":""Buy"",""v"":""23.4"",""p"":""2.072""}"
2026-09-30T02:16:15.455888Z,1790734575248,QNTUSDT,Buy,14.85,290.75,"{""T"":1790734575248,""s"":""QNTUSDT"",""S"":""Buy"",""v"":""14.85"",""p"":""290.75""}"
2026-09-30T02:16:15.455888Z,1790734575332,QNTUSDT,Buy,7.78,291.07,"{""T"":1790734575332,""s"":""QNTUSDT"",""S"":""Buy"",""v"":""7.78"",""p"":""291.07""}"
2026-09-30T02:16:38.837328Z,1790734598409,ONDOUSDT,Buy,99,0.4959,"{""T"":1790734598409,""s"":""ONDOUSDT"",""S"":""Buy"",""v"":""99"",""p"":""0.4959""}"
2026-09-30T02:16:39.635096Z,1790734599504,ESPORTSUSDT,Buy,7871,0.011060,"{""T"":1790734599504,""s"":""ESPORTSUSDT"",""S"":""Buy"",""v"":""7871"",""p"":""0.011060""}"
2026-09-30T02:16:40.136108Z,1790734599561,ESPORTSUSDT,Buy,6209,0.011090,"{""T"":1790734599561,""s"":""ESPORTSUSDT"",""S"":""Buy"",""v"":""6209"",""p"":""0.011090""}"
2026-09-30T02:16:40.136108Z,1790734599666,ESPORTSUSDT,Buy,876,0.010960,"{""T"":1790734599666,""s"":""ESPORTSUSDT"",""S"":""Buy"",""v"":""876"",""p"":""0.010960""}"
2026-09-30T02:16:40.635566Z,1790734600144,ESPORTSUSDT,Buy,3783,0.011070,"{""T"":1790734600144,""s"":""ESPORTSUSDT"",""S"":""Buy"",""v"":""3783"",""p"":""0.011070""}"
2026-09-30T02:16:40.635566Z,1790734600238,ESPORTSUSDT,Buy,10498,0.011000,"{""T"":1790734600238,""s"":""ESPORTSUSDT"",""S"":""Buy"",""v"":""10498"",""p"":""0.011000""}"
2026-09-30T02:16:40.635566Z,1790734600420,ESPORTSUSDT,Buy,77989,0.011030,"{""T"":1790734600420,""s"":""ESPORTSUSDT"",""S"":""Buy"",""v"":""77989"",""p"":""0.011030""}"
2026-09-30T02:16:40.635566Z,1790734600462,ESPORTSUSDT,Buy,58800,0.011060,"{""T"":1790734600462,""s"":""ESPORTSUSDT"",""S"":""Buy"",""v"":""58800"",""p"":""0.011060""}"
2026-09-30T02:16:40.635566Z,1790734600465,ESPORTSUSDT,Buy,8300,0.010940,"{""T"":1790734600465,""s"":""ESPORTSUSDT"",""S"":""Buy"",""v"":""8300"",""p"":""0.010940""}"
2026-09-30T02:16:41.456101Z,1790734601178,QNTUSDT,Buy,0.56,290.48,"{""T"":1790734601178,""s"":""QNTUSDT"",""S"":""Buy"",""v"":""0.56"",""p"":""290.48""}"
2026-09-30T02:16:45.635612Z,1790734605245,ESPORTSUSDT,Buy,24855,0.010880,"{""T"":1790734605245,""s"":""ESPORTSUSDT"",""S"":""Buy"",""v"":""24855"",""p"":""0.010880""}"
2026-09-30T02:16:47.635590Z,1790734607256,ESPORTSUSDT,Buy,73529,0.010860,"{""T"":1790734607256,""s"":""ESPORTSUSDT"",""S"":""Buy"",""v"":""73529"",""p"":""0.010860""}"
2026-09-30T02:17:06.636488Z,1790734626210,ESPORTSUSDT,Buy,648,0.010800,"{""T"":1790734626210,""s"":""ESPORTSUSDT"",""S"":""Buy"",""v"":""648"",""p"":""0.010800""}"
2026-09-30T02:17:39.955931Z,1790734659841,QNTUSDT,Buy,0.06,289.99,"{""T"":1790734659841,""s"":""QNTUSDT"",""S"":""Buy"",""v"":""0.06"",""p"":""289.99""}"
2026-09-30T02:17:51.956271Z,1790734671698,QNTUSDT,Buy,0.03,289.01,"{""T"":1790734671698,""s"":""QNTUSDT"",""S"":""Buy"",""v"":""0.03"",""p"":""289.01""}"
2026-09-30T02:18:05.956174Z,1790734685712,QNTUSDT,Buy,0.77,286.33,"{""T"":1790734685712,""s"":""QNTUSDT"",""S"":""Buy"",""v"":""0.77"",""p"":""286.33""}"
2026-09-30T02:18:57.813309Z,1790734737389,PUMPFUNUSDT,Buy,846400,0.0058260,"{""T"":1790734737389,""s"":""PUMPFUNUSDT"",""S"":""Buy"",""v"":""846400"",""p"":""0.0058260""}"
2026-09-30T02:18:57.956155Z,1790734737389,QNTUSDT,Buy,18.28,281.08,"{""T"":1790734737389,""s"":""QNTUSDT"",""S"":""Buy"",""v"":""18.28"",""p"":""281.08""}"
2026-09-30T02:18:57.956155Z,1790734737563,QNTUSDT,Buy,1.33,281.58,"{""T"":1790734737563,""s"":""QNTUSDT"",""S"":""Buy"",""v"":""1.33"",""p"":""281.58""}"
2026-09-30T02:19:02.956224Z,1790734742793,QNTUSDT,Buy,0.21,280.50,"{""T"":1790734742793,""s"":""QNTUSDT"",""S"":""Buy"",""v"":""0.21"",""p"":""280.50""}"
2026-09-30T02:19:05.456212Z,1790734745171,QNTUSDT,Buy,0.80,279.05,"{""T"":1790734745171,""s"":""QNTUSDT"",""S"":""Buy"",""v"":""0.80"",""p"":""279.05""}"
2026-09-30T02:19:33.957049Z,1790734773377,QNTUSDT,Buy,11.34,279.46,"{""T"":1790734773377,""s"":""QNTUSDT"",""S"":""Buy"",""v"":""11.34"",""p"":""279.46""}"
2026-09-30T02:19:41.956235Z,1790734781377,QNTUSDT,Buy,0.14,278.47,"{""T"":1790734781377,""s"":""QNTUSDT"",""S"":""Buy"",""v"":""0.14"",""p"":""278.47""}"
2026-09-30T02:19:41.956235Z,1790734781649,QNTUSDT,Buy,5.60,276.11,"{""T"":1790734781649,""s"":""QNTUSDT"",""S"":""Buy"",""v"":""5.60"",""p"":""276.11""}"
2026-09-30T02:19:41.956235Z,1790734781715,QNTUSDT,Buy,0.25,275.63,"{""T"":1790734781715,""s"":""QNTUSDT"",""S"":""Buy"",""v"":""0.25"",""p"":""275.63""}"
2026-09-30T02:19:42.456023Z,1790734782053,QNTUSDT,Buy,1.09,275.71,"{""T"":1790734782053,""s"":""QNTUSDT"",""S"":""Buy"",""v"":""1.09"",""p"":""275.71""}"
2026-09-30T02:19:42.456023Z,1790734782245,QNTUSDT,Buy,0.36,276.75,"{""T"":1790734782245,""s"":""QNTUSDT"",""S"":""Buy"",""v"":""0.36"",""p"":""276.75""}"
2026-09-30T02:19:42.456023Z,1790734782319,QNTUSDT,Buy,6.61,278.01,"{""T"":1790734782319,""s"":""QNTUSDT"",""S"":""Buy"",""v"":""6.61"",""p"":""278.01""}"
2026-09-30T02:19:45.956151Z,1790734785614,QNTUSDT,Sell,0.19,283.44,"{""T"":1790734785614,""s"":""QNTUSDT"",""S"":""Sell"",""v"":""0.19"",""p"":""283.44""}"
2026-09-30T02:19:54.492490Z,1790734794347,SUIUSDT,Buy,50,1.14580,"{""T"":1790734794347,""s"":""SUIUSDT"",""S"":""Buy"",""v"":""50"",""p"":""1.14580""}"
2026-09-30T02:19:57.913821Z,1790734797509,ZECUSDT,Buy,0.12,1404.70,"{""T"":1790734797509,""s"":""ZECUSDT"",""S"":""Buy"",""v"":""0.12"",""p"":""1404.70""}"
2026-09-30T02:19:59.956462Z,1790734799758,QNTUSDT,Sell,3.13,285.43,"{""T"":1790734799758,""s"":""QNTUSDT"",""S"":""Sell"",""v"":""3.13"",""p"":""285.43""}"
2026-09-30T02:20:05.486682Z,1790734805356,USUSDT,Buy,8540,0.017540,"{""T"":1790734805356,""s"":""USUSDT"",""S"":""Buy"",""v"":""8540"",""p"":""0.017540""}"
2026-09-30T02:20:07.837777Z,1790734807510,AAVEUSDT,Buy,0.63,158.85,"{""T"":1790734807510,""s"":""AAVEUSDT"",""S"":""Buy"",""v"":""0.63"",""p"":""158.85""}"
2026-09-30T02:20:08.015912Z,1790734807886,NEARUSDT,Buy,273.5,4.9190,"{""T"":1790734807886,""s"":""NEARUSDT"",""S"":""Buy"",""v"":""273.5"",""p"":""4.9190""}"
2026-09-30T02:20:10.956150Z,1790734810634,QNTUSDT,Sell,30.23,287.64,"{""T"":1790734810634,""s"":""QNTUSDT"",""S"":""Sell"",""v"":""30.23"",""p"":""287.64""}"
2026-09-30T02:20:10.956150Z,1790734810690,QNTUSDT,Sell,8.39,287.52,"{""T"":1790734810690,""s"":""QNTUSDT"",""S"":""Sell"",""v"":""8.39"",""p"":""287.52""}"
2026-09-30T02:20:13.955982Z,1790734813795,QNTUSDT,Buy,0.97,280.82,"{""T"":1790734813795,""s"":""QNTUSDT"",""S"":""Buy"",""v"":""0.97"",""p"":""280.82""}"
2026-09-30T02:20:28.456593Z,1790734827880,QNTUSDT,Sell,5.67,287.93,"{""T"":1790734827880,""s"":""QNTUSDT"",""S"":""Sell"",""v"":""5.67"",""p"":""287.93""}"
2026-09-30T02:20:28.456593Z,1790734828218,QNTUSDT,Sell,0.16,287.79,"{""T"":1790734828218,""s"":""QNTUSDT"",""S"":""Sell"",""v"":""0.16"",""p"":""287.79""}"
2026-09-30T02:20:53.456101Z,1790734852976,QNTUSDT,Sell,0.58,288.60,"{""T"":1790734852976,""s"":""QNTUSDT"",""S"":""Sell"",""v"":""0.58"",""p"":""288.60""}"
2026-09-30T02:20:54.955879Z,1790734854657,QNTUSDT,Sell,7.76,288.90,"{""T"":1790734854657,""s"":""QNTUSDT"",""S"":""Sell"",""v"":""7.76"",""p"":""288.90""}"
2026-09-30T02:21:12.496538Z,1790734872033,SOONUSDT,Sell,12698,0.40760,"{""T"":1790734872033,""s"":""SOONUSDT"",""S"":""Sell"",""v"":""12698"",""p"":""0.40760""}"
2026-09-30T02:21:29.456614Z,1790734889164,QNTUSDT,Sell,3.04,289.81,"{""T"":1790734889164,""s"":""QNTUSDT"",""S"":""Sell"",""v"":""3.04"",""p"":""289.81""}"
2026-09-30T02:21:34.956206Z,1790734894563,QNTUSDT,Sell,0.05,290.38,"{""T"":1790734894563,""s"":""QNTUSDT"",""S"":""Sell"",""v"":""0.05"",""p"":""290.38""}"
2026-09-30T02:21:36.456338Z,1790734896259,QNTUSDT,Sell,2.79,290.90,"{""T"":1790734896259,""s"":""QNTUSDT"",""S"":""Sell"",""v"":""2.79"",""p"":""290.90""}"
2026-09-30T02:21:47.499682Z,1790734907222,ICPUSDT,Sell,143.2,3.466,"{""T"":1790734907222,""s"":""ICPUSDT"",""S"":""Sell"",""v"":""143.2"",""p"":""3.466""}"
2026-09-30T02:22:14.956346Z,1790734934736,QNTUSDT,Buy,2.56,284.45,"{""T"":1790734934736,""s"":""QNTUSDT"",""S"":""Buy"",""v"":""2.56"",""p"":""284.45""}"
2026-09-30T02:23:09.313211Z,1790734988949,0GUSDT,Buy,7679.7,0.3175,"{""T"":1790734988949,""s"":""0GUSDT"",""S"":""Buy"",""v"":""7679.7"",""p"":""0.3175""}"
2026-09-30T02:23:17.313022Z,1790734996903,0GUSDT,Buy,261.2,0.3131,"{""T"":1790734996903,""s"":""0GUSDT"",""S"":""Buy"",""v"":""261.2"",""p"":""0.3131""}"
2026-09-30T02:23:17.313022Z,1790734997036,0GUSDT,Buy,1273.4,0.3161,"{""T"":1790734997036,""s"":""0GUSDT"",""S"":""Buy"",""v"":""1273.4"",""p"":""0.3161""}"
2026-09-30T02:23:17.313022Z,1790734997065,0GUSDT,Buy,125.2,0.3130,"{""T"":1790734997065,""s"":""0GUSDT"",""S"":""Buy"",""v"":""125.2"",""p"":""0.3130""}"
2026-09-30T02:23:17.313022Z,1790734997121,0GUSDT,Buy,116.4,0.3168,"{""T"":1790734997121,""s"":""0GUSDT"",""S"":""Buy"",""v"":""116.4"",""p"":""0.3168""}"
2026-09-30T02:23:17.313022Z,1790734997200,0GUSDT,Buy,590.5,0.3141,"{""T"":1790734997200,""s"":""0GUSDT"",""S"":""Buy"",""v"":""590.5"",""p"":""0.3141""}"
2026-09-30T02:23:17.313022Z,1790734997206,0GUSDT,Buy,2569.2,0.3159,"{""T"":1790734997206,""s"":""0GUSDT"",""S"":""Buy"",""v"":""2569.2"",""p"":""0.3159""}"
2026-09-30T02:23:17.813080Z,1790734997318,0GUSDT,Buy,545.7,0.3166,"{""T"":1790734997318,""s"":""0GUSDT"",""S"":""Buy"",""v"":""545.7"",""p"":""0.3166""}"
2026-09-30T02:23:17.813080Z,1790734997343,0GUSDT,Buy,305.1,0.3121,"{""T"":1790734997343,""s"":""0GUSDT"",""S"":""Buy"",""v"":""305.1"",""p"":""0.3121""}"
2026-09-30T02:23:17.813080Z,1790734997396,0GUSDT,Buy,3930.7,0.3136,"{""T"":1790734997396,""s"":""0GUSDT"",""S"":""Buy"",""v"":""3930.7"",""p"":""0.3136""}"
2026-09-30T02:23:17.813080Z,1790734997438,0GUSDT,Buy,185.0,0.3130,"{""T"":1790734997438,""s"":""0GUSDT"",""S"":""Buy"",""v"":""185.0"",""p"":""0.3130""}"
2026-09-30T02:23:17.813080Z,1790734997452,0GUSDT,Buy,1881.7,0.3125,"{""T"":1790734997452,""s"":""0GUSDT"",""S"":""Buy"",""v"":""1881.7"",""p"":""0.3125""}"
2026-09-30T02:23:17.813080Z,1790734997538,0GUSDT,Buy,62.9,0.3114,"{""T"":1790734997538,""s"":""0GUSDT"",""S"":""Buy"",""v"":""62.9"",""p"":""0.3114""}"
2026-09-30T02:23:17.813080Z,1790734997541,0GUSDT,Buy,52.6,0.3137,"{""T"":1790734997541,""s"":""0GUSDT"",""S"":""Buy"",""v"":""52.6"",""p"":""0.3137""}"
2026-09-30T02:23:17.813080Z,1790734997557,0GUSDT,Buy,1570.3,0.3121,"{""T"":1790734997557,""s"":""0GUSDT"",""S"":""Buy"",""v"":""1570.3"",""p"":""0.3121""}"
2026-09-30T02:23:17.838057Z,1790734997396,LITUSDT,Sell,4.6,3.8680,"{""T"":1790734997396,""s"":""LITUSDT"",""S"":""Sell"",""v"":""4.6"",""p"":""3.8680""}"
2026-09-30T02:23:17.909117Z,1790734997396,HBARUSDT,Buy,562,0.10296,"{""T"":1790734997396,""s"":""HBARUSDT"",""S"":""Buy"",""v"":""562"",""p"":""0.10296""}"
2026-09-30T02:23:17.909525Z,1790734997396,BCHUSDT,Buy,0.31,306.90,"{""T"":1790734997396,""s"":""BCHUSDT"",""S"":""Buy"",""v"":""0.31"",""p"":""306.90""}"
2026-09-30T02:23:17.955998Z,1790734997396,ETHUSDT,Sell,0.02,2676.91,"{""T"":1790734997396,""s"":""ETHUSDT"",""S"":""Sell"",""v"":""0.02"",""p"":""2676.91""}"
2026-09-30T02:23:18.312915Z,1790734997739,0GUSDT,Buy,4715.4,0.3118,"{""T"":1790734997739,""s"":""0GUSDT"",""S"":""Buy"",""v"":""4715.4"",""p"":""0.3118""}"
2026-09-30T02:23:18.312915Z,1790734997764,0GUSDT,Buy,393.5,0.3127,"{""T"":1790734997764,""s"":""0GUSDT"",""S"":""Buy"",""v"":""393.5"",""p"":""0.3127""}"
2026-09-30T02:23:18.312915Z,1790734997788,0GUSDT,Buy,183.4,0.3132,"{""T"":1790734997788,""s"":""0GUSDT"",""S"":""Buy"",""v"":""183.4"",""p"":""0.3132""}"
2026-09-30T02:24:09.813697Z,1790735049675,0GUSDT,Sell,93.3,0.3264,"{""T"":1790735049675,""s"":""0GUSDT"",""S"":""Sell"",""v"":""93.3"",""p"":""0.3264""}"
2026-09-30T02:24:15.456634Z,1790735055016,QNTUSDT,Sell,0.25,291.76,"{""T"":1790735055016,""s"":""QNTUSDT"",""S"":""Sell"",""v"":""0.25"",""p"":""291.76""}"
2026-09-30T02:24:24.496728Z,1790735064134,ICPUSDT,Buy,499.6,3.366,"{""T"":1790735064134,""s"":""ICPUSDT"",""S"":""Buy"",""v"":""499.6"",""p"":""3.366""}"
2026-09-30T02:24:27.496243Z,1790735067193,ICPUSDT,Buy,114.2,3.359,"{""T"":1790735067193,""s"":""ICPUSDT"",""S"":""Buy"",""v"":""114.2"",""p"":""3.359""}"
2026-09-30T02:25:02.813240Z,1790735102482,HYPEUSDT,Buy,4.46,85.650,"{""T"":1790735102482,""s"":""HYPEUSDT"",""S"":""Buy"",""v"":""4.46"",""p"":""85.650""}"
2026-09-30T02:25:03.016700Z,1790735102482,NEARUSDT,Buy,150.0,4.9100,"{""T"":1790735102482,""s"":""NEARUSDT"",""S"":""Buy"",""v"":""150.0"",""p"":""4.9100""}"
2026-09-30T02:25:38.565483Z,1790735138432,BTCUSDT,Buy,0.041,83134.60,"{""T"":1790735138432,""s"":""BTCUSDT"",""S"":""Buy"",""v"":""0.041"",""p"":""83134.60""}"
2026-09-30T02:25:39.016207Z,1790735138432,NEARUSDT,Buy,397.3,4.9070,"{""T"":1790735138432,""s"":""NEARUSDT"",""S"":""Buy"",""v"":""397.3"",""p"":""4.9070""}"
2026-09-30T02:26:07.457035Z,1790735167044,QNTUSDT,Sell,4.91,293.15,"{""T"":1790735167044,""s"":""QNTUSDT"",""S"":""Sell"",""v"":""4.91"",""p"":""293.15""}"
2026-09-30T02:26:08.986858Z,1790735168517,USUSDT,Buy,33890,0.017200,"{""T"":1790735168517,""s"":""USUSDT"",""S"":""Buy"",""v"":""33890"",""p"":""0.017200""}"
2026-09-30T02:26:25.456471Z,1790735184872,QNTUSDT,Sell,0.02,294.43,"{""T"":1790735184872,""s"":""QNTUSDT"",""S"":""Sell"",""v"":""0.02"",""p"":""294.43""}"
2026-09-30T02:26:27.313148Z,1790735187191,PUMPFUNUSDT,Buy,1800,0.0058020,"{""T"":1790735187191,""s"":""PUMPFUNUSDT"",""S"":""Buy"",""v"":""1800"",""p"":""0.0058020""}"
2026-09-30T02:26:27.456273Z,1790735187191,QNTUSDT,Sell,7.69,294.59,"{""T"":1790735187191,""s"":""QNTUSDT"",""S"":""Sell"",""v"":""7.69"",""p"":""294.59""}"
2026-09-30T02:26:29.813652Z,1790735189238,PUMPFUNUSDT,Buy,8800,0.0057990,"{""T"":1790735189238,""s"":""PUMPFUNUSDT"",""S"":""Buy"",""v"":""8800"",""p"":""0.0057990""}"
2026-09-30T02:26:45.956182Z,1790735205528,QNTUSDT,Sell,8.34,295.02,"{""T"":1790735205528,""s"":""QNTUSDT"",""S"":""Sell"",""v"":""8.34"",""p"":""295.02""}"
2026-09-30T02:26:49.956266Z,1790735209869,QNTUSDT,Sell,41.00,295.73,"{""T"":1790735209869,""s"":""QNTUSDT"",""S"":""Sell"",""v"":""41.00"",""p"":""295.73""}"
2026-09-30T02:27:06.960204Z,1790735226453,QNTUSDT,Sell,17.08,296.85,"{""T"":1790735226453,""s"":""QNTUSDT"",""S"":""Sell"",""v"":""17.08"",""p"":""296.85""}"
2026-09-30T02:27:17.997450Z,1790735237675,ICPUSDT,Buy,415.9,3.338,"{""T"":1790735237675,""s"":""ICPUSDT"",""S"":""Buy"",""v"":""415.9"",""p"":""3.338""}"
2026-09-30T02:27:35.956357Z,1790735255665,QNTUSDT,Buy,5.62,291.99,"{""T"":1790735255665,""s"":""QNTUSDT"",""S"":""Buy"",""v"":""5.62"",""p"":""291.99""}"
2026-09-30T02:27:36.837702Z,1790735256662,AAVEUSDT,Buy,4.00,158.66,"{""T"":1790735256662,""s"":""AAVEUSDT"",""S"":""Buy"",""v"":""4.00"",""p"":""158.66""}"
2026-09-30T02:28:08.414745Z,1790735288278,ZECUSDT,Buy,0.42,1403.17,"{""T"":1790735288278,""s"":""ZECUSDT"",""S"":""Buy"",""v"":""0.42"",""p"":""1403.17""}"
2026-09-30T02:28:20.313491Z,1790735299905,PUMPFUNUSDT,Buy,7500,0.0058030,"{""T"":1790735299905,""s"":""PUMPFUNUSDT"",""S"":""Buy"",""v"":""7500"",""p"":""0.0058030""}"
2026-09-30T02:28:20.456095Z,1790735299905,QNTUSDT,Buy,0.65,289.84,"{""T"":1790735299905,""s"":""QNTUSDT"",""S"":""Buy"",""v"":""0.65"",""p"":""289.84""}"
2026-09-30T02:28:20.456095Z,1790735299920,QNTUSDT,Buy,0.13,290.02,"{""T"":1790735299920,""s"":""QNTUSDT"",""S"":""Buy"",""v"":""0.13"",""p"":""290.02""}"
2026-09-30T02:28:31.837526Z,1790735311655,ONDOUSDT,Buy,10000,0.4933,"{""T"":1790735311655,""s"":""ONDOUSDT"",""S"":""Buy"",""v"":""10000"",""p"":""0.4933""}"
2026-09-30T02:28:33.338155Z,1790735312794,ONDOUSDT,Buy,34096,0.4930,"{""T"":1790735312794,""s"":""ONDOUSDT"",""S"":""Buy"",""v"":""34096"",""p"":""0.4930""}"
2026-09-30T02:29:01.992635Z,1790735341846,OPUSDT,Buy,27081.2,0.12837,"{""T"":1790735341846,""s"":""OPUSDT"",""S"":""Buy"",""v"":""27081.2"",""p"":""0.12837""}"
2026-09-30T02:30:35.956540Z,1790735435762,QNTUSDT,Buy,0.87,288.79,"{""T"":1790735435762,""s"":""QNTUSDT"",""S"":""Buy"",""v"":""0.87"",""p"":""288.79""}"
2026-09-30T02:30:39.956245Z,1790735439426,CELOUSDT,Buy,1002.8,0.09771,"{""T"":1790735439426,""s"":""CELOUSDT"",""S"":""Buy"",""v"":""1002.8"",""p"":""0.09771""}"
2026-09-30T02:32:27.956487Z,1790735547525,QNTUSDT,Buy,6.10,286.81,"{""T"":1790735547525,""s"":""QNTUSDT"",""S"":""Buy"",""v"":""6.10"",""p"":""286.81""}"
2026-09-30T02:32:35.456136Z,1790735555044,QNTUSDT,Buy,0.17,285.63,"{""T"":1790735555044,""s"":""QNTUSDT"",""S"":""Buy"",""v"":""0.17"",""p"":""285.63""}"
2026-09-30T02:32:41.456052Z,1790735561048,QNTUSDT,Sell,3.32,292.30,"{""T"":1790735561048,""s"":""QNTUSDT"",""S"":""Sell"",""v"":""3.32"",""p"":""292.30""}"
2026-09-30T02:33:02.996164Z,1790735582456,SOONUSDT,Sell,90,0.41360,"{""T"":1790735582456,""s"":""SOONUSDT"",""S"":""Sell"",""v"":""90"",""p"":""0.41360""}"
2026-09-30T02:33:14.456404Z,1790735593918,QNTUSDT,Sell,0.58,294.77,"{""T"":1790735593918,""s"":""QNTUSDT"",""S"":""Sell"",""v"":""0.58"",""p"":""294.77""}"
2026-09-30T02:34:32.456484Z,1790735672057,ETHUSDT,Buy,1.98,2657.76,"{""T"":1790735672057,""s"":""ETHUSDT"",""S"":""Buy"",""v"":""1.98"",""p"":""2657.76""}"
2026-09-30T02:34:33.956277Z,1790735673413,ETHUSDT,Buy,0.01,2657.58,"{""T"":1790735673413,""s"":""ETHUSDT"",""S"":""Buy"",""v"":""0.01"",""p"":""2657.58""}"
2026-09-30T02:34:43.456219Z,1790735683258,QNTUSDT,Buy,10.00,287.93,"{""T"":1790735683258,""s"":""QNTUSDT"",""S"":""Buy"",""v"":""10.00"",""p"":""287.93""}"
2026-09-30T02:34:58.456528Z,1790735698287,ETHUSDT,Buy,0.15,2657.51,"{""T"":1790735698287,""s"":""ETHUSDT"",""S"":""Buy"",""v"":""0.15"",""p"":""2657.51""}"
2026-09-30T02:35:34.565317Z,1790735734171,BTCUSDT,Buy,0.124,83007.50,"{""T"":1790735734171,""s"":""BTCUSDT"",""S"":""Buy"",""v"":""0.124"",""p"":""83007.50""}"
2026-09-30T02:35:35.065672Z,1790735734865,BTCUSDT,Buy,0.037,83014.40,"{""T"":1790735734865,""s"":""BTCUSDT"",""S"":""Buy"",""v"":""0.037"",""p"":""83014.40""}"
2026-09-30T02:35:36.065879Z,1790735735776,BTCUSDT,Buy,0.007,83002.90,"{""T"":1790735735776,""s"":""BTCUSDT"",""S"":""Buy"",""v"":""0.007"",""p"":""83002.90""}"
2026-09-30T02:36:25.956715Z,1790735785646,QNTUSDT,Buy,0.04,285.52,"{""T"":1790735785646,""s"":""QNTUSDT"",""S"":""Buy"",""v"":""0.04"",""p"":""285.52""}"
2026-09-30T02:36:42.066406Z,1790735801859,BTCUSDT,Buy,0.011,83000.10,"{""T"":1790735801859,""s"":""BTCUSDT"",""S"":""Buy"",""v"":""0.011"",""p"":""83000.10""}"
2026-09-30T02:36:42.956380Z,1790735802755,ETHUSDT,Buy,0.03,2656.98,"{""T"":1790735802755,""s"":""ETHUSDT"",""S"":""Buy"",""v"":""0.03"",""p"":""2656.98""}"
2026-09-30T02:36:47.955881Z,1790735807665,ETHUSDT,Buy,0.19,2656.60,"{""T"":1790735807665,""s"":""ETHUSDT"",""S"":""Buy"",""v"":""0.19"",""p"":""2656.60""}"
2026-09-30T02:37:27.956257Z,1790735847483,QNTUSDT,Sell,4.17,294.87,"{""T"":1790735847483,""s"":""QNTUSDT"",""S"":""Sell"",""v"":""4.17"",""p"":""294.87""}"
2026-09-30T02:37:27.956257Z,1790735847824,QNTUSDT,Sell,17.21,295.41,"{""T"":1790735847824,""s"":""QNTUSDT"",""S"":""Sell"",""v"":""17.21"",""p"":""295.41""}"
2026-09-30T02:37:37.408124Z,1790735856831,KORUUSDT,Buy,71.92,20.44,"{""T"":1790735856831,""s"":""KORUUSDT"",""S"":""Buy"",""v"":""71.92"",""p"":""20.44""}"
2026-09-30T02:38:01.956660Z,1790735881696,QNTUSDT,Buy,1.00,287.90,"{""T"":1790735881696,""s"":""QNTUSDT"",""S"":""Buy"",""v"":""1.00"",""p"":""287.90""}"
2026-09-30T02:38:33.956337Z,1790735913497,ETHUSDT,Buy,18.16,2656.31,"{""T"":1790735913497,""s"":""ETHUSDT"",""S"":""Buy"",""v"":""18.16"",""p"":""2656.31""}"
2026-09-30T02:38:40.955982Z,1790735920551,ETHUSDT,Buy,0.04,2656.09,"{""T"":1790735920551,""s"":""ETHUSDT"",""S"":""Buy"",""v"":""0.04"",""p"":""2656.09""}"
2026-09-30T02:41:01.847781Z,1790736061548,MARSCOINUSDT,Sell,3380,0.15378,"{""T"":1790736061548,""s"":""MARSCOINUSDT"",""S"":""Sell"",""v"":""3380"",""p"":""0.15378""}"
2026-09-30T02:41:06.986341Z,1790736066886,ZROUSDT,Sell,2517.2,1.7749,"{""T"":1790736066886,""s"":""ZROUSDT"",""S"":""Sell"",""v"":""2517.2"",""p"":""1.7749""}"
2026-09-30T02:41:08.847770Z,1790736068565,MARSCOINUSDT,Sell,370,0.15427,"{""T"":1790736068565,""s"":""MARSCOINUSDT"",""S"":""Sell"",""v"":""370"",""p"":""0.15427""}"
2026-09-30T02:42:32.456019Z,1790736151978,QNTUSDT,Buy,1.24,286.38,"{""T"":1790736151978,""s"":""QNTUSDT"",""S"":""Buy"",""v"":""1.24"",""p"":""286.38""}"
2026-09-30T02:43:21.456764Z,1790736201144,QNTUSDT,Sell,11.24,291.02,"{""T"":1790736201144,""s"":""QNTUSDT"",""S"":""Sell"",""v"":""11.24"",""p"":""291.02""}"
2026-09-30T02:43:41.455560Z,1790736221087,QNTUSDT,Buy,3.09,285.07,"{""T"":1790736221087,""s"":""QNTUSDT"",""S"":""Buy"",""v"":""3.09"",""p"":""285.07""}"
2026-09-30T02:44:39.955698Z,1790736279870,QNTUSDT,Buy,0.16,283.10,"{""T"":1790736279870,""s"":""QNTUSDT"",""S"":""Buy"",""v"":""0.16"",""p"":""283.10""}"
2026-09-30T02:45:02.986706Z,1790736302529,USUSDT,Buy,21730,0.016570,"{""T"":1790736302529,""s"":""USUSDT"",""S"":""Buy"",""v"":""21730"",""p"":""0.016570""}"
2026-09-30T02:45:03.486216Z,1790736303026,USUSDT,Buy,37590,0.016560,"{""T"":1790736303026,""s"":""USUSDT"",""S"":""Buy"",""v"":""37590"",""p"":""0.016560""}"
2026-09-30T02:45:09.312660Z,1790736308774,PUMPFUNUSDT,Buy,150000,0.0057770,"{""T"":1790736308774,""s"":""PUMPFUNUSDT"",""S"":""Buy"",""v"":""150000"",""p"":""0.0057770""}"
2026-09-30T02:45:20.455731Z,1790736319959,QNTUSDT,Buy,10.00,282.24,"{""T"":1790736319959,""s"":""QNTUSDT"",""S"":""Buy"",""v"":""10.00"",""p"":""282.24""}"
2026-09-30T02:45:20.955420Z,1790736320775,QNTUSDT,Buy,1.90,281.72,"{""T"":1790736320775,""s"":""QNTUSDT"",""S"":""Buy"",""v"":""1.90"",""p"":""281.72""}"
2026-09-30T02:45:23.491724Z,1790736323273,SOONUSDT,Sell,29,0.41790,"{""T"":1790736323273,""s"":""SOONUSDT"",""S"":""Sell"",""v"":""29"",""p"":""0.41790""}"
2026-09-30T02:45:25.491794Z,1790736325355,SOONUSDT,Sell,1066,0.41850,"{""T"":1790736325355,""s"":""SOONUSDT"",""S"":""Sell"",""v"":""1066"",""p"":""0.41850""}"
2026-09-30T02:46:09.487223Z,1790736369243,XAUUSDT,Sell,0.017,4202.58,"{""T"":1790736369243,""s"":""XAUUSDT"",""S"":""Sell"",""v"":""0.017"",""p"":""4202.58""}"
2026-09-30T02:46:10.486183Z,1790736370244,XAUUSDT,Sell,0.021,4202.83,"{""T"":1790736370244,""s"":""XAUUSDT"",""S"":""Sell"",""v"":""0.021"",""p"":""4202.83""}"
2026-09-30T02:46:23.955525Z,1790736383503,QNTUSDT,Sell,0.21,287.64,"{""T"":1790736383503,""s"":""QNTUSDT"",""S"":""Sell"",""v"":""0.21"",""p"":""287.64""}"
2026-09-30T02:47:18.455793Z,1790736437906,QNTUSDT,Buy,1.17,283.14,"{""T"":1790736437906,""s"":""QNTUSDT"",""S"":""Buy"",""v"":""1.17"",""p"":""283.14""}"
2026-09-30T02:47:23.991710Z,1790736443415,SOONUSDT,Buy,821,0.39350,"{""T"":1790736443415,""s"":""SOONUSDT"",""S"":""Buy"",""v"":""821"",""p"":""0.39350""}"
2026-09-30T02:47:27.955313Z,1790736447398,QNTUSDT,Buy,0.57,282.61,"{""T"":1790736447398,""s"":""QNTUSDT"",""S"":""Buy"",""v"":""0.57"",""p"":""282.61""}"
2026-09-30T02:47:57.986331Z,1790736477851,XAUUSDT,Sell,0.086,4205.76,"{""T"":1790736477851,""s"":""XAUUSDT"",""S"":""Sell"",""v"":""0.086"",""p"":""4205.76""}"
2026-09-30T02:48:19.955829Z,1790736499532,QNTUSDT,Sell,0.20,287.72,"{""T"":1790736499532,""s"":""QNTUSDT"",""S"":""Sell"",""v"":""0.20"",""p"":""287.72""}"
2026-09-30T02:49:13.408061Z,1790736552849,JUPUSDT,Sell,79,0.33550,"{""T"":1790736552849,""s"":""JUPUSDT"",""S"":""Sell"",""v"":""79"",""p"":""0.33550""}"
2026-09-30T02:49:24.456355Z,1790736563969,QNTUSDT,Sell,0.21,288.34,"{""T"":1790736563969,""s"":""QNTUSDT"",""S"":""Sell"",""v"":""0.21"",""p"":""288.34""}"
2026-09-30T02:49:31.063061Z,1790736570905,XMRUSDT,Sell,0.01,551.12,"{""T"":1790736570905,""s"":""XMRUSDT"",""S"":""Sell"",""v"":""0.01"",""p"":""551.12""}"
2026-09-30T02:50:45.348380Z,1790736644827,MARSCOINUSDT,Sell,10,0.15488,"{""T"":1790736644827,""s"":""MARSCOINUSDT"",""S"":""Sell"",""v"":""10"",""p"":""0.15488""}"
2026-09-30T02:50:45.847814Z,1790736645746,MARSCOINUSDT,Sell,260,0.15508,"{""T"":1790736645746,""s"":""MARSCOINUSDT"",""S"":""Sell"",""v"":""260"",""p"":""0.15508""}"
2026-09-30T02:51:31.957045Z,1790736691523,QNTUSDT,Buy,6.58,280.46,"{""T"":1790736691523,""s"":""QNTUSDT"",""S"":""Buy"",""v"":""6.58"",""p"":""280.46""}"
2026-09-30T02:51:31.957045Z,1790736691626,QNTUSDT,Buy,1.55,280.56,"{""T"":1790736691626,""s"":""QNTUSDT"",""S"":""Buy"",""v"":""1.55"",""p"":""280.56""}"
2026-09-30T02:51:33.455475Z,1790736693278,QNTUSDT,Buy,0.36,280.18,"{""T"":1790736693278,""s"":""QNTUSDT"",""S"":""Buy"",""v"":""0.36"",""p"":""280.18""}"
2026-09-30T02:51:33.955366Z,1790736693377,QNTUSDT,Buy,17.65,279.84,"{""T"":1790736693377,""s"":""QNTUSDT"",""S"":""Buy"",""v"":""17.65"",""p"":""279.84""}"
2026-09-30T02:52:36.313700Z,1790736756212,PUMPFUNUSDT,Sell,180600,0.0059190,"{""T"":1790736756212,""s"":""PUMPFUNUSDT"",""S"":""Sell"",""v"":""180600"",""p"":""0.0059190""}"
2026-09-30T02:52:43.486531Z,1790736763136,SOXLUSDT,Sell,45.41,146.87,"{""T"":1790736763136,""s"":""SOXLUSDT"",""S"":""Sell"",""v"":""45.41"",""p"":""146.87""}"
2026-09-30T02:53:53.997475Z,1790736833479,PENGUUSDT,Buy,501350,0.009891,"{""T"":1790736833479,""s"":""PENGUUSDT"",""S"":""Buy"",""v"":""501350"",""p"":""0.009891""}"
2026-09-30T02:55:04.486836Z,1790736904191,USUSDT,Sell,112310,0.018030,"{""T"":1790736904191,""s"":""USUSDT"",""S"":""Sell"",""v"":""112310"",""p"":""0.018030""}"
2026-09-30T02:55:25.015590Z,1790736924457,NMRUSDT,Sell,8.5,11.909,"{""T"":1790736924457,""s"":""NMRUSDT"",""S"":""Sell"",""v"":""8.5"",""p"":""11.909""}"
2026-09-30T02:56:35.813482Z,1790736995495,GRASSUSDT,Buy,3750,0.71820,"{""T"":1790736995495,""s"":""GRASSUSDT"",""S"":""Buy"",""v"":""3750"",""p"":""0.71820""}"
2026-09-30T02:56:46.956265Z,1790737006616,QNTUSDT,Buy,9.70,278.90,"{""T"":1790737006616,""s"":""QNTUSDT"",""S"":""Buy"",""v"":""9.70"",""p"":""278.90""}"
2026-09-30T02:56:47.455828Z,1790737006924,QNTUSDT,Buy,0.49,278.46,"{""T"":1790737006924,""s"":""QNTUSDT"",""S"":""Buy"",""v"":""0.49"",""p"":""278.46""}"
2026-09-30T02:57:09.497224Z,1790737029214,PENGUUSDT,Buy,12140,0.009871,"{""T"":1790737029214,""s"":""PENGUUSDT"",""S"":""Buy"",""v"":""12140"",""p"":""0.009871""}"
2026-09-30T02:57:11.991787Z,1790737031526,SOONUSDT,Sell,55,0.42410,"{""T"":1790737031526,""s"":""SOONUSDT"",""S"":""Sell"",""v"":""55"",""p"":""0.42410""}"
2026-09-30T02:57:11.991787Z,1790737031781,SOONUSDT,Sell,2000,0.42310,"{""T"":1790737031781,""s"":""SOONUSDT"",""S"":""Sell"",""v"":""2000"",""p"":""0.42310""}"
2026-09-30T02:57:29.986696Z,1790737049609,ZROUSDT,Sell,3046.2,1.8069,"{""T"":1790737049609,""s"":""ZROUSDT"",""S"":""Sell"",""v"":""3046.2"",""p"":""1.8069""}"
2026-09-30T02:57:33.986306Z,1790737053491,ZROUSDT,Sell,112.5,1.8101,"{""T"":1790737053491,""s"":""ZROUSDT"",""S"":""Sell"",""v"":""112.5"",""p"":""1.8101""}"
2026-09-30T02:57:36.491627Z,1790737056119,SOONUSDT,Sell,452,0.42620,"{""T"":1790737056119,""s"":""SOONUSDT"",""S"":""Sell"",""v"":""452"",""p"":""0.42620""}"
2026-09-30T02:57:37.492077Z,1790737057040,SOONUSDT,Sell,505,0.42730,"{""T"":1790737057040,""s"":""SOONUSDT"",""S"":""Sell"",""v"":""505"",""p"":""0.42730""}"
2026-09-30T02:57:46.992848Z,1790737066522,SOONUSDT,Sell,2552,0.43050,"{""T"":1790737066522,""s"":""SOONUSDT"",""S"":""Sell"",""v"":""2552"",""p"":""0.43050""}"
2026-09-30T02:57:46.992848Z,1790737066767,SOONUSDT,Sell,54,0.43050,"{""T"":1790737066767,""s"":""SOONUSDT"",""S"":""Sell"",""v"":""54"",""p"":""0.43050""}"
2026-09-30T02:57:46.992848Z,1790737066870,SOONUSDT,Sell,12381,0.43040,"{""T"":1790737066870,""s"":""SOONUSDT"",""S"":""Sell"",""v"":""12381"",""p"":""0.43040""}"
2026-09-30T02:57:47.492627Z,1790737067259,SOONUSDT,Sell,1820,0.43010,"{""T"":1790737067259,""s"":""SOONUSDT"",""S"":""Sell"",""v"":""1820"",""p"":""0.43010""}"
2026-09-30T03:00:02.991964Z,1790737202800,SOONUSDT,Sell,27,0.43120,"{""T"":1790737202800,""s"":""SOONUSDT"",""S"":""Sell"",""v"":""27"",""p"":""0.43120""}"
2026-09-30T03:00:08.312898Z,1790737207785,PUMPFUNUSDT,Sell,32700,0.0059290,"{""T"":1790737207785,""s"":""PUMPFUNUSDT"",""S"":""Sell"",""v"":""32700"",""p"":""0.0059290""}"
2026-09-30T03:00:24.492964Z,1790737224400,SOONUSDT,Sell,3000,0.43260,"{""T"":1790737224400,""s"":""SOONUSDT"",""S"":""Sell"",""v"":""3000"",""p"":""0.43260""}"
2026-09-30T03:00:24.955885Z,1790737224400,QNTUSDT,Sell,3.00,285.06,"{""T"":1790737224400,""s"":""QNTUSDT"",""S"":""Sell"",""v"":""3.00"",""p"":""285.06""}"
2026-09-30T03:00:27.956272Z,1790737227744,QNTUSDT,Sell,0.62,285.97,"{""T"":1790737227744,""s"":""QNTUSDT"",""S"":""Sell"",""v"":""0.62"",""p"":""285.97""}"
2026-09-30T03:01:40.313237Z,1790737299867,PUMPFUNUSDT,Buy,2700,0.0057770,"{""T"":1790737299867,""s"":""PUMPFUNUSDT"",""S"":""Buy"",""v"":""2700"",""p"":""0.0057770""}"
2026-09-30T03:01:44.837964Z,1790737304556,LITUSDT,Buy,1319.8,3.7370,"{""T"":1790737304556,""s"":""LITUSDT"",""S"":""Buy"",""v"":""1319.8"",""p"":""3.7370""}"
2026-09-30T03:01:52.312889Z,1790737312078,TRUMPUSDT,Buy,733.4,2.042,"{""T"":1790737312078,""s"":""TRUMPUSDT"",""S"":""Buy"",""v"":""733.4"",""p"":""2.042""}"
2026-09-30T03:01:52.337583Z,1790737312078,XRPUSDT,Buy,1217.8,1.4899,"{""T"":1790737312078,""s"":""XRPUSDT"",""S"":""Buy"",""v"":""1217.8"",""p"":""1.4899""}"
2026-09-30T03:01:52.496648Z,1790737311993,PENGUUSDT,Buy,24040,0.009837,"{""T"":1790737311993,""s"":""PENGUUSDT"",""S"":""Buy"",""v"":""24040"",""p"":""0.009837""}"
2026-09-30T03:01:54.313028Z,1790737314116,PUMPFUNUSDT,Buy,10200,0.0057700,"{""T"":1790737314116,""s"":""PUMPFUNUSDT"",""S"":""Buy"",""v"":""10200"",""p"":""0.0057700""}"
2026-09-30T03:02:02.312874Z,1790737321920,0GUSDT,Buy,42.6,0.3215,"{""T"":1790737321920,""s"":""0GUSDT"",""S"":""Buy"",""v"":""42.6"",""p"":""0.3215""}"
2026-09-30T03:02:02.913975Z,1790737322567,DOGEUSDT,Buy,7005,0.09290,"{""T"":1790737322567,""s"":""DOGEUSDT"",""S"":""Buy"",""v"":""7005"",""p"":""0.09290""}"
2026-09-30T03:02:03.955774Z,1790737323862,QNTUSDT,Sell,0.12,291.13,"{""T"":1790737323862,""s"":""QNTUSDT"",""S"":""Sell"",""v"":""0.12"",""p"":""291.13""}"
2026-09-30T03:02:56.352168Z,1790737376234,XLMUSDT,Buy,1342,0.21830,"{""T"":1790737376234,""s"":""XLMUSDT"",""S"":""Buy"",""v"":""1342"",""p"":""0.21830""}"
2026-09-30T03:03:35.837239Z,1790737415419,LITUSDT,Buy,38.4,3.7180,"{""T"":1790737415419,""s"":""LITUSDT"",""S"":""Buy"",""v"":""38.4"",""p"":""3.7180""}"
2026-09-30T03:04:00.996385Z,1790737440452,SOONUSDT,Sell,2974,0.43660,"{""T"":1790737440452,""s"":""SOONUSDT"",""S"":""Sell"",""v"":""2974"",""p"":""0.43660""}"
2026-09-30T03:04:11.955763Z,1790737451549,QNTUSDT,Buy,0.66,282.75,"{""T"":1790737451549,""s"":""QNTUSDT"",""S"":""Buy"",""v"":""0.66"",""p"":""282.75""}"
2026-09-30T03:04:12.456369Z,1790737451891,QNTUSDT,Buy,0.05,281.64,"{""T"":1790737451891,""s"":""QNTUSDT"",""S"":""Buy"",""v"":""0.05"",""p"":""281.64""}"
2026-09-30T03:04:36.490586Z,1790737475949,ZROUSDT,Sell,515.3,1.8139,"{""T"":1790737475949,""s"":""ZROUSDT"",""S"":""Sell"",""v"":""515.3"",""p"":""1.8139""}"
2026-09-30T03:04:36.490586Z,1790737476185,ZROUSDT,Sell,233.7,1.8142,"{""T"":1790737476185,""s"":""ZROUSDT"",""S"":""Sell"",""v"":""233.7"",""p"":""1.8142""}"
2026-09-30T03:04:37.486190Z,1790737477135,ZROUSDT,Sell,363.5,1.8143,"{""T"":1790737477135,""s"":""ZROUSDT"",""S"":""Sell"",""v"":""363.5"",""p"":""1.8143""}"
2026-09-30T03:04:54.135676Z,1790737493601,ESPORTSUSDT,Buy,3485,0.010790,"{""T"":1790737493601,""s"":""ESPORTSUSDT"",""S"":""Buy"",""v"":""3485"",""p"":""0.010790""}"
2026-09-30T03:05:06.491803Z,1790737506385,SOONUSDT,Sell,108,0.43770,"{""T"":1790737506385,""s"":""SOONUSDT"",""S"":""Sell"",""v"":""108"",""p"":""0.43770""}"
2026-09-30T03:05:06.635216Z,1790737506385,ESPORTSUSDT,Buy,483,0.010830,"{""T"":1790737506385,""s"":""ESPORTSUSDT"",""S"":""Buy"",""v"":""483"",""p"":""0.010830""}"
2026-09-30T03:05:15.492597Z,1790737514915,SOONUSDT,Sell,2243,0.43820,"{""T"":1790737514915,""s"":""SOONUSDT"",""S"":""Sell"",""v"":""2243"",""p"":""0.43820""}"
2026-09-30T03:05:28.459657Z,1790737527883,QNTUSDT,Buy,0.86,281.91,"{""T"":1790737527883,""s"":""QNTUSDT"",""S"":""Buy"",""v"":""0.86"",""p"":""281.91""}"
2026-09-30T03:06:47.959811Z,1790737607623,QNTUSDT,Buy,0.38,279.29,"{""T"":1790737607623,""s"":""QNTUSDT"",""S"":""Buy"",""v"":""0.38"",""p"":""279.29""}"
2026-09-30T03:06:52.955295Z,1790737612700,QNTUSDT,Buy,0.22,278.38,"{""T"":1790737612700,""s"":""QNTUSDT"",""S"":""Buy"",""v"":""0.22"",""p"":""278.38""}"
2026-09-30T03:06:53.955329Z,1790737613837,QNTUSDT,Buy,0.20,277.98,"{""T"":1790737613837,""s"":""QNTUSDT"",""S"":""Buy"",""v"":""0.20"",""p"":""277.98""}"
2026-09-30T03:07:47.956957Z,1790737667525,QNTUSDT,Buy,0.92,277.22,"{""T"":1790737667525,""s"":""QNTUSDT"",""S"":""Buy"",""v"":""0.92"",""p"":""277.22""}"
2026-09-30T03:08:11.414715Z,1790737691154,UNIUSDT,Buy,38.9,8.690,"{""T"":1790737691154,""s"":""UNIUSDT"",""S"":""Buy"",""v"":""38.9"",""p"":""8.690""}"
2026-09-30T03:08:14.955466Z,1790737694441,QNTUSDT,Sell,0.41,284.42,"{""T"":1790737694441,""s"":""QNTUSDT"",""S"":""Sell"",""v"":""0.41"",""p"":""284.42""}"
2026-09-30T03:08:47.313349Z,1790737727143,0GUSDT,Sell,16.0,0.3323,"{""T"":1790737727143,""s"":""0GUSDT"",""S"":""Sell"",""v"":""16.0"",""p"":""0.3323""}"
2026-09-30T03:08:49.136057Z,1790737728686,AKEUSDT,Sell,72500,0.0321090,"{""T"":1790737728686,""s"":""AKEUSDT"",""S"":""Sell"",""v"":""72500"",""p"":""0.0321090""}"
2026-09-30T03:09:11.486549Z,1790737750911,USUSDT,Sell,13450,0.018790,"{""T"":1790737750911,""s"":""USUSDT"",""S"":""Sell"",""v"":""13450"",""p"":""0.018790""}"
2026-09-30T03:09:13.986619Z,1790737753621,USUSDT,Sell,322560,0.018880,"{""T"":1790737753621,""s"":""USUSDT"",""S"":""Sell"",""v"":""322560"",""p"":""0.018880""}"
2026-09-30T03:09:14.986490Z,1790737754469,USUSDT,Sell,170350,0.018920,"{""T"":1790737754469,""s"":""USUSDT"",""S"":""Sell"",""v"":""170350"",""p"":""0.018920""}"
2026-09-30T03:09:41.955797Z,1790737781632,QNTUSDT,Sell,0.06,286.98,"{""T"":1790737781632,""s"":""QNTUSDT"",""S"":""Sell"",""v"":""0.06"",""p"":""286.98""}"
2026-09-30T03:11:47.955672Z,1790737907756,QNTUSDT,Sell,0.27,288.29,"{""T"":1790737907756,""s"":""QNTUSDT"",""S"":""Sell"",""v"":""0.27"",""p"":""288.29""}"
2026-09-30T03:12:08.956080Z,1790737928754,QNTUSDT,Sell,0.96,289.16,"{""T"":1790737928754,""s"":""QNTUSDT"",""S"":""Sell"",""v"":""0.96"",""p"":""289.16""}"
2026-09-30T03:12:12.455396Z,1790737932304,QNTUSDT,Sell,0.51,289.47,"{""T"":1790737932304,""s"":""QNTUSDT"",""S"":""Sell"",""v"":""0.51"",""p"":""289.47""}"
2026-09-30T03:12:36.455743Z,1790737956144,QNTUSDT,Sell,0.22,291.94,"{""T"":1790737956144,""s"":""QNTUSDT"",""S"":""Sell"",""v"":""0.22"",""p"":""291.94""}"
2026-09-30T03:13:09.955780Z,1790737989558,QNTUSDT,Sell,6.00,293.28,"{""T"":1790737989558,""s"":""QNTUSDT"",""S"":""Sell"",""v"":""6.00"",""p"":""293.28""}"
2026-09-30T03:13:35.956268Z,1790738015710,QNTUSDT,Buy,0.12,286.42,"{""T"":1790738015710,""s"":""QNTUSDT"",""S"":""Buy"",""v"":""0.12"",""p"":""286.42""}"
2026-09-30T03:13:39.325021Z,1790738018852,ENAUSDT,Buy,3958,0.24440,"{""T"":1790738018852,""s"":""ENAUSDT"",""S"":""Buy"",""v"":""3958"",""p"":""0.24440""}"
2026-09-30T03:14:18.955418Z,1790738058791,QNTUSDT,Sell,0.21,293.76,"{""T"":1790738058791,""s"":""QNTUSDT"",""S"":""Sell"",""v"":""0.21"",""p"":""293.76""}"
2026-09-30T03:14:29.324820Z,1790738069000,MONUSDT,Buy,178391,0.026430,"{""T"":1790738069000,""s"":""MONUSDT"",""S"":""Buy"",""v"":""178391"",""p"":""0.026430""}"
2026-09-30T03:14:29.408261Z,1790738069000,HBARUSDT,Buy,37742,0.10272,"{""T"":1790738069000,""s"":""HBARUSDT"",""S"":""Buy"",""v"":""37742"",""p"":""0.10272""}"
2026-09-30T03:14:29.414915Z,1790738069000,ZECUSDT,Buy,2.04,1402.72,"{""T"":1790738069000,""s"":""ZECUSDT"",""S"":""Buy"",""v"":""2.04"",""p"":""1402.72""}"
2026-09-30T03:14:29.496590Z,1790738069000,PENGUUSDT,Buy,517120,0.009831,"{""T"":1790738069000,""s"":""PENGUUSDT"",""S"":""Buy"",""v"":""517120"",""p"":""0.009831""}"
2026-09-30T03:14:43.813577Z,1790738083256,GRASSUSDT,Buy,24,0.71100,"{""T"":1790738083256,""s"":""GRASSUSDT"",""S"":""Buy"",""v"":""24"",""p"":""0.71100""}"
2026-09-30T03:14:57.956537Z,1790738097697,QNTUSDT,Sell,9.75,294.79,"{""T"":1790738097697,""s"":""QNTUSDT"",""S"":""Sell"",""v"":""9.75"",""p"":""294.79""}"
2026-09-30T03:15:42.313684Z,1790738142035,GRASSUSDT,Buy,41,0.70960,"{""T"":1790738142035,""s"":""GRASSUSDT"",""S"":""Buy"",""v"":""41"",""p"":""0.70960""}"
2026-09-30T03:15:42.986529Z,1790738142495,BTWUSDT,Sell,30,1.48706,"{""T"":1790738142495,""s"":""BTWUSDT"",""S"":""Sell"",""v"":""30"",""p"":""1.48706""}"
2026-09-30T03:15:42.986529Z,1790738142701,BTWUSDT,Sell,20,1.48576,"{""T"":1790738142701,""s"":""BTWUSDT"",""S"":""Sell"",""v"":""20"",""p"":""1.48576""}"
2026-09-30T03:15:43.486608Z,1790738143080,BTWUSDT,Sell,230,1.48553,"{""T"":1790738143080,""s"":""BTWUSDT"",""S"":""Sell"",""v"":""230"",""p"":""1.48553""}"
2026-09-30T03:15:43.486608Z,1790738143187,BTWUSDT,Sell,1540,1.48987,"{""T"":1790738143187,""s"":""BTWUSDT"",""S"":""Sell"",""v"":""1540"",""p"":""1.48987""}"
2026-09-30T03:16:21.914181Z,1790738181724,DOGEUSDT,Buy,798,0.09272,"{""T"":1790738181724,""s"":""DOGEUSDT"",""S"":""Buy"",""v"":""798"",""p"":""0.09272""}"
2026-09-30T03:16:22.913996Z,1790738182629,1000PEPEUSDT,Buy,1717000,0.0042230,"{""T"":1790738182629,""s"":""1000PEPEUSDT"",""S"":""Buy"",""v"":""1717000"",""p"":""0.0042230""}"
2026-09-30T03:16:23.997049Z,1790738183659,LINKUSDT,Buy,1.3,14.270,"{""T"":1790738183659,""s"":""LINKUSDT"",""S"":""Buy"",""v"":""1.3"",""p"":""14.270""}"
2026-09-30T03:16:33.838427Z,1790738193719,XRPUSDT,Buy,3.7,1.4852,"{""T"":1790738193719,""s"":""XRPUSDT"",""S"":""Buy"",""v"":""3.7"",""p"":""1.4852""}"
2026-09-30T03:16:37.414175Z,1790738197064,ARBUSDT,Buy,46.5,0.19995,"{""T"":1790738197064,""s"":""ARBUSDT"",""S"":""Buy"",""v"":""46.5"",""p"":""0.19995""}"
2026-09-30T03:16:43.407594Z,1790738203009,CRVUSDT,Buy,197.2,0.3811,"{""T"":1790738203009,""s"":""CRVUSDT"",""S"":""Buy"",""v"":""197.2"",""p"":""0.3811""}"
2026-09-30T03:16:47.414516Z,1790738207221,DOGEUSDT,Buy,45000,0.09264,"{""T"":1790738207221,""s"":""DOGEUSDT"",""S"":""Buy"",""v"":""45000"",""p"":""0.09264""}"
2026-09-30T03:16:47.955372Z,1790738207410,QNTUSDT,Sell,0.11,297.42,"{""T"":1790738207410,""s"":""QNTUSDT"",""S"":""Sell"",""v"":""0.11"",""p"":""297.42""}"
2026-09-30T03:16:51.324759Z,1790738210767,FARTCOINUSDT,Buy,3326,0.17597,"{""T"":1790738210767,""s"":""FARTCOINUSDT"",""S"":""Buy"",""v"":""3326"",""p"":""0.17597""}"
2026-09-30T03:16:51.337703Z,1790738210872,XRPUSDT,Buy,4.3,1.4843,"{""T"":1790738210872,""s"":""XRPUSDT"",""S"":""Buy"",""v"":""4.3"",""p"":""1.4843""}"
2026-09-30T03:16:51.338117Z,1790738210767,AAVEUSDT,Buy,3.33,158.66,"{""T"":1790738210767,""s"":""AAVEUSDT"",""S"":""Buy"",""v"":""3.33"",""p"":""158.66""}"
2026-09-30T03:16:51.565970Z,1790738211155,BTCUSDT,Buy,0.004,82956.90,"{""T"":1790738211155,""s"":""BTCUSDT"",""S"":""Buy"",""v"":""0.004"",""p"":""82956.90""}"
2026-09-30T03:16:51.565970Z,1790738211303,BTCUSDT,Buy,0.004,82956.50,"{""T"":1790738211303,""s"":""BTCUSDT"",""S"":""Buy"",""v"":""0.004"",""p"":""82956.50""}"
2026-09-30T03:16:51.565970Z,1790738211423,BTCUSDT,Buy,0.068,82956.80,"{""T"":1790738211423,""s"":""BTCUSDT"",""S"":""Buy"",""v"":""0.068"",""p"":""82956.80""}"
2026-09-30T03:16:51.813194Z,1790738211371,HYPEUSDT,Buy,2.37,85.510,"{""T"":1790738211371,""s"":""HYPEUSDT"",""S"":""Buy"",""v"":""2.37"",""p"":""85.510""}"
2026-09-30T03:16:51.914203Z,1790738211371,DOGEUSDT,Buy,2309,0.09261,"{""T"":1790738211371,""s"":""DOGEUSDT"",""S"":""Buy"",""v"":""2309"",""p"":""0.09261""}"
2026-09-30T03:16:52.065596Z,1790738211812,BTCUSDT,Buy,0.148,82955.80,"{""T"":1790738211812,""s"":""BTCUSDT"",""S"":""Buy"",""v"":""0.148"",""p"":""82955.80""}"
2026-09-30T03:16:52.566069Z,1790738212174,BTCUSDT,Buy,0.005,82942.30,"{""T"":1790738212174,""s"":""BTCUSDT"",""S"":""Buy"",""v"":""0.005"",""p"":""82942.30""}"
2026-09-30T03:16:53.065858Z,1790738212522,BTCUSDT,Buy,0.010,82940.50,"{""T"":1790738212522,""s"":""BTCUSDT"",""S"":""Buy"",""v"":""0.010"",""p"":""82940.50""}"
2026-09-30T03:16:59.914204Z,1790738219481,DOGEUSDT,Buy,114375,0.09256,"{""T"":1790738219481,""s"":""DOGEUSDT"",""S"":""Buy"",""v"":""114375"",""p"":""0.09256""}"
2026-09-30T03:16:59.997043Z,1790738219481,LINKUSDT,Buy,672.8,14.259,"{""T"":1790738219481,""s"":""LINKUSDT"",""S"":""Buy"",""v"":""672.8"",""p"":""14.259""}"
2026-09-30T03:17:00.016309Z,1790738219481,NEARUSDT,Buy,1975.5,4.9000,"{""T"":1790738219481,""s"":""NEARUSDT"",""S"":""Buy"",""v"":""1975.5"",""p"":""4.9000""}"
2026-09-30T03:17:16.498936Z,1790738235940,DASHUSDT,Buy,0.83,60.15,"{""T"":1790738235940,""s"":""DASHUSDT"",""S"":""Buy"",""v"":""0.83"",""p"":""60.15""}"
2026-09-30T03:17:17.812850Z,1790738237599,XPLUSDT,Buy,225,0.09456,"{""T"":1790738237599,""s"":""XPLUSDT"",""S"":""Buy"",""v"":""225"",""p"":""0.09456""}"
2026-09-30T03:17:18.015337Z,1790738237756,AVAXUSDT,Buy,4.3,11.218,"{""T"":1790738237756,""s"":""AVAXUSDT"",""S"":""Buy"",""v"":""4.3"",""p"":""11.218""}"
2026-09-30T03:17:34.955928Z,1790738254764,QNTUSDT,Buy,0.48,290.32,"{""T"":1790738254764,""s"":""QNTUSDT"",""S"":""Buy"",""v"":""0.48"",""p"":""290.32""}"
2026-09-30T03:17:40.359367Z,1790738260230,APTUSDT,Buy,2869.65,0.7779,"{""T"":1790738260230,""s"":""APTUSDT"",""S"":""Buy"",""v"":""2869.65"",""p"":""0.7779""}"
2026-09-30T03:17:41.065717Z,1790738260716,BTCUSDT,Buy,0.242,82931.90,"{""T"":1790738260716,""s"":""BTCUSDT"",""S"":""Buy"",""v"":""0.242"",""p"":""82931.90""}"
2026-09-30T03:17:41.065717Z,1790738260830,BTCUSDT,Buy,0.002,82933.30,"{""T"":1790738260830,""s"":""BTCUSDT"",""S"":""Buy"",""v"":""0.002"",""p"":""82933.30""}"
2026-09-30T03:17:42.414025Z,1790738262032,ZECUSDT,Buy,0.08,1397.51,"{""T"":1790738262032,""s"":""ZECUSDT"",""S"":""Buy"",""v"":""0.08"",""p"":""1397.51""}"
2026-09-30T03:17:45.347970Z,1790738265144,XLMUSDT,Buy,2032,0.21800,"{""T"":1790738265144,""s"":""XLMUSDT"",""S"":""Buy"",""v"":""2032"",""p"":""0.21800""}"
2026-09-30T03:17:46.413870Z,1790738266324,DOGEUSDT,Buy,54,0.09244,"{""T"":1790738266324,""s"":""DOGEUSDT"",""S"":""Buy"",""v"":""54"",""p"":""0.09244""}"
2026-09-30T03:18:04.063075Z,1790738283706,SOLUSDT,Buy,0.6,118.560,"{""T"":1790738283706,""s"":""SOLUSDT"",""S"":""Buy"",""v"":""0.6"",""p"":""118.560""}"
2026-09-30T03:18:04.566284Z,1790738284296,BTCUSDT,Buy,0.016,82914.70,"{""T"":1790738284296,""s"":""BTCUSDT"",""S"":""Buy"",""v"":""0.016"",""p"":""82914.70""}"
2026-09-30T03:18:28.635773Z,1790738308151,ESPORTSUSDT,Buy,461,0.010750,"{""T"":1790738308151,""s"":""ESPORTSUSDT"",""S"":""Buy"",""v"":""461"",""p"":""0.010750""}"
2026-09-30T03:18:30.566272Z,1790738310056,BTCUSDT,Buy,0.029,82905.10,"{""T"":1790738310056,""s"":""BTCUSDT"",""S"":""Buy"",""v"":""0.029"",""p"":""82905.10""}"
2026-09-30T03:18:31.065808Z,1790738310731,BTCUSDT,Buy,0.154,82898.30,"{""T"":1790738310731,""s"":""BTCUSDT"",""S"":""Buy"",""v"":""0.154"",""p"":""82898.30""}"
2026-09-30T03:18:32.566320Z,1790738312012,BTCUSDT,Buy,0.014,82891.00,"{""T"":1790738312012,""s"":""BTCUSDT"",""S"":""Buy"",""v"":""0.014"",""p"":""82891.00""}"
2026-09-30T03:18:44.328081Z,1790738324157,FARTCOINUSDT,Buy,15420,0.17521,"{""T"":1790738324157,""s"":""FARTCOINUSDT"",""S"":""Buy"",""v"":""15420"",""p"":""0.17521""}"
2026-09-30T03:18:45.908387Z,1790738325568,BCHUSDT,Buy,0.35,303.20,"{""T"":1790738325568,""s"":""BCHUSDT"",""S"":""Buy"",""v"":""0.35"",""p"":""303.20""}"
2026-09-30T03:18:49.337726Z,1790738329022,XRPUSDT,Buy,12.0,1.4826,"{""T"":1790738329022,""s"":""XRPUSDT"",""S"":""Buy"",""v"":""12.0"",""p"":""1.4826""}"
2026-09-30T03:18:51.828678Z,1790738331420,PONSUSDT,Buy,500,0.5268,"{""T"":1790738331420,""s"":""PONSUSDT"",""S"":""Buy"",""v"":""500"",""p"":""0.5268""}"
2026-09-30T03:18:51.837235Z,1790738331420,LITUSDT,Buy,100.0,3.6990,"{""T"":1790738331420,""s"":""LITUSDT"",""S"":""Buy"",""v"":""100.0"",""p"":""3.6990""}"
2026-09-30T03:19:02.066092Z,1790738341485,BTCUSDT,Buy,0.040,82879.60,"{""T"":1790738341485,""s"":""BTCUSDT"",""S"":""Buy"",""v"":""0.040"",""p"":""82879.60""}"
2026-09-30T03:19:11.496573Z,1790738351332,LINKUSDT,Buy,1.6,14.235,"{""T"":1790738351332,""s"":""LINKUSDT"",""S"":""Buy"",""v"":""1.6"",""p"":""14.235""}"
2026-09-30T03:19:13.015616Z,1790738352841,AVAXUSDT,Buy,10.6,11.144,"{""T"":1790738352841,""s"":""AVAXUSDT"",""S"":""Buy"",""v"":""10.6"",""p"":""11.144""}"
2026-09-30T03:19:14.566536Z,1790738354413,BTCUSDT,Buy,0.015,82870.50,"{""T"":1790738354413,""s"":""BTCUSDT"",""S"":""Buy"",""v"":""0.015"",""p"":""82870.50""}"
2026-09-30T03:19:15.066663Z,1790738354729,BTCUSDT,Buy,0.004,82870.80,"{""T"":1790738354729,""s"":""BTCUSDT"",""S"":""Buy"",""v"":""0.004"",""p"":""82870.80""}"
2026-09-30T03:19:16.848634Z,1790738356338,XLMUSDT,Buy,1743,0.21760,"{""T"":1790738356338,""s"":""XLMUSDT"",""S"":""Buy"",""v"":""1743"",""p"":""0.21760""}"
2026-09-30T03:20:00.066242Z,1790738399851,BTCUSDT,Buy,0.013,82859.30,"{""T"":1790738399851,""s"":""BTCUSDT"",""S"":""Buy"",""v"":""0.013"",""p"":""82859.30""}"
2026-09-30T03:20:00.566053Z,1790738400018,BTCUSDT,Buy,0.092,82861.00,"{""T"":1790738400018,""s"":""BTCUSDT"",""S"":""Buy"",""v"":""0.092"",""p"":""82861.00""}"
2026-09-30T03:20:13.986651Z,1790738413806,USUSDT,Sell,138290,0.019010,"{""T"":1790738413806,""s"":""USUSDT"",""S"":""Sell"",""v"":""138290"",""p"":""0.019010""}"
2026-09-30T03:20:14.486348Z,1790738414093,USUSDT,Sell,58920,0.019000,"{""T"":1790738414093,""s"":""USUSDT"",""S"":""Sell"",""v"":""58920"",""p"":""0.019000""}"
2026-09-30T03:20:22.914596Z,1790738422655,DOGEUSDT,Buy,1794,0.09240,"{""T"":1790738422655,""s"":""DOGEUSDT"",""S"":""Buy"",""v"":""1794"",""p"":""0.09240""}"
2026-09-30T03:20:22.996936Z,1790738422655,LINKUSDT,Buy,35.2,14.226,"{""T"":1790738422655,""s"":""LINKUSDT"",""S"":""Buy"",""v"":""35.2"",""p"":""14.226""}"
2026-09-30T03:20:53.956238Z,1790738453845,QNTUSDT,Sell,0.03,298.07,"{""T"":1790738453845,""s"":""QNTUSDT"",""S"":""Sell"",""v"":""0.03"",""p"":""298.07""}"
2026-09-30T03:21:23.992265Z,1790738483741,SOONUSDT,Buy,122,0.40700,"{""T"":1790738483741,""s"":""SOONUSDT"",""S"":""Buy"",""v"":""122"",""p"":""0.40700""}"
2026-09-30T03:21:24.065681Z,1790738483741,BTCUSDT,Buy,0.001,82918.50,"{""T"":1790738483741,""s"":""BTCUSDT"",""S"":""Buy"",""v"":""0.001"",""p"":""82918.50""}"
2026-09-30T03:23:07.455674Z,1790738586888,QNTUSDT,Sell,4.90,296.23,"{""T"":1790738586888,""s"":""QNTUSDT"",""S"":""Sell"",""v"":""4.90"",""p"":""296.23""}"
2026-09-30T03:23:07.455674Z,1790738587230,QNTUSDT,Sell,2.86,296.30,"{""T"":1790738587230,""s"":""QNTUSDT"",""S"":""Sell"",""v"":""2.86"",""p"":""296.30""}"
2026-09-30T03:23:29.955508Z,1790738609447,QNTUSDT,Sell,0.25,297.86,"{""T"":1790738609447,""s"":""QNTUSDT"",""S"":""Sell"",""v"":""0.25"",""p"":""297.86""}"
2026-09-30T03:25:00.495424Z,1790738700080,SOONUSDT,Buy,318,0.40310,"{""T"":1790738700080,""s"":""SOONUSDT"",""S"":""Buy"",""v"":""318"",""p"":""0.40310""}"
2026-09-30T03:25:05.991555Z,1790738705620,SOONUSDT,Buy,108,0.40200,"{""T"":1790738705620,""s"":""SOONUSDT"",""S"":""Buy"",""v"":""108"",""p"":""0.40200""}"
2026-09-30T03:25:20.991731Z,1790738720829,SOONUSDT,Buy,21,0.39560,"{""T"":1790738720829,""s"":""SOONUSDT"",""S"":""Buy"",""v"":""21"",""p"":""0.39560""}"
2026-09-30T03:26:00.955148Z,1790738760631,QNTUSDT,Buy,1.59,291.93,"{""T"":1790738760631,""s"":""QNTUSDT"",""S"":""Buy"",""v"":""1.59"",""p"":""291.93""}"
2026-09-30T03:29:05.456093Z,1790738945073,QNTUSDT,Sell,7.17,297.80,"{""T"":1790738945073,""s"":""QNTUSDT"",""S"":""Sell"",""v"":""7.17"",""p"":""297.80""}"
2026-09-30T03:30:06.337618Z,1790739005756,LITUSDT,Buy,103.2,3.7280,"{""T"":1790739005756,""s"":""LITUSDT"",""S"":""Buy"",""v"":""103.2"",""p"":""3.7280""}"
2026-09-30T03:30:37.956043Z,1790739037753,QNTUSDT,Buy,0.02,291.49,"{""T"":1790739037753,""s"":""QNTUSDT"",""S"":""Buy"",""v"":""0.02"",""p"":""291.49""}"
2026-09-30T03:31:07.958765Z,1790739067608,QNTUSDT,Buy,0.25,289.73,"{""T"":1790739067608,""s"":""QNTUSDT"",""S"":""Buy"",""v"":""0.25"",""p"":""289.73""}"
2026-09-30T03:31:42.135364Z,1790739101719,ESPORTSUSDT,Buy,1687,0.010680,"{""T"":1790739101719,""s"":""ESPORTSUSDT"",""S"":""Buy"",""v"":""1687"",""p"":""0.010680""}"
2026-09-30T03:31:42.635997Z,1790739102058,ESPORTSUSDT,Buy,929,0.010670,"{""T"":1790739102058,""s"":""ESPORTSUSDT"",""S"":""Buy"",""v"":""929"",""p"":""0.010670""}"
2026-09-30T03:31:42.635997Z,1790739102078,ESPORTSUSDT,Buy,60702,0.010690,"{""T"":1790739102078,""s"":""ESPORTSUSDT"",""S"":""Buy"",""v"":""60702"",""p"":""0.010690""}"
2026-09-30T03:31:42.635997Z,1790739102323,ESPORTSUSDT,Buy,3890,0.010690,"{""T"":1790739102323,""s"":""ESPORTSUSDT"",""S"":""Buy"",""v"":""3890"",""p"":""0.010690""}"
2026-09-30T03:31:43.825112Z,1790739103284,ENAUSDT,Buy,786,0.24217,"{""T"":1790739103284,""s"":""ENAUSDT"",""S"":""Buy"",""v"":""786"",""p"":""0.24217""}"
2026-09-30T03:32:24.955712Z,1790739144588,QNTUSDT,Buy,1.60,287.97,"{""T"":1790739144588,""s"":""QNTUSDT"",""S"":""Buy"",""v"":""1.60"",""p"":""287.97""}"
2026-09-30T03:32:25.955310Z,1790739145850,QNTUSDT,Buy,2.72,287.49,"{""T"":1790739145850,""s"":""QNTUSDT"",""S"":""Buy"",""v"":""2.72"",""p"":""287.49""}"
2026-09-30T03:32:26.455705Z,1790739146068,QNTUSDT,Buy,1.39,286.98,"{""T"":1790739146068,""s"":""QNTUSDT"",""S"":""Buy"",""v"":""1.39"",""p"":""286.98""}"
2026-09-30T03:32:33.814275Z,1790739153438,0GUSDT,Buy,632.1,0.3234,"{""T"":1790739153438,""s"":""0GUSDT"",""S"":""Buy"",""v"":""632.1"",""p"":""0.3234""}"
2026-09-30T03:32:33.955550Z,1790739153438,QNTUSDT,Buy,1.45,285.16,"{""T"":1790739153438,""s"":""QNTUSDT"",""S"":""Buy"",""v"":""1.45"",""p"":""285.16""}"
2026-09-30T03:32:39.313187Z,1790739158989,HYPEUSDT,Buy,0.06,85.190,"{""T"":1790739158989,""s"":""HYPEUSDT"",""S"":""Buy"",""v"":""0.06"",""p"":""85.190""}"
2026-09-30T03:32:45.455314Z,1790739165161,QNTUSDT,Buy,0.12,284.69,"{""T"":1790739165161,""s"":""QNTUSDT"",""S"":""Buy"",""v"":""0.12"",""p"":""284.69""}"
2026-09-30T03:33:08.955794Z,1790739188775,QNTUSDT,Sell,0.15,294.21,"{""T"":1790739188775,""s"":""QNTUSDT"",""S"":""Sell"",""v"":""0.15"",""p"":""294.21""}"
2026-09-30T03:33:10.515713Z,1790739190198,NEARUSDT,Buy,1.5,4.8720,"{""T"":1790739190198,""s"":""NEARUSDT"",""S"":""Buy"",""v"":""1.5"",""p"":""4.8720""}"
2026-09-30T03:33:20.956018Z,1790739200423,QNTUSDT,Sell,0.13,294.45,"{""T"":1790739200423,""s"":""QNTUSDT"",""S"":""Sell"",""v"":""0.13"",""p"":""294.45""}"
2026-09-30T03:35:15.324865Z,1790739314741,VVVUSDT,Buy,21.34,26.0090,"{""T"":1790739314741,""s"":""VVVUSDT"",""S"":""Buy"",""v"":""21.34"",""p"":""26.0090""}"
2026-09-30T03:35:29.516268Z,1790739329150,NMRUSDT,Buy,8.5,11.495,"{""T"":1790739329150,""s"":""NMRUSDT"",""S"":""Buy"",""v"":""8.5"",""p"":""11.495""}"
2026-09-30T03:35:38.313010Z,1790739338099,PUMPFUNUSDT,Buy,6600,0.0056390,"{""T"":1790739338099,""s"":""PUMPFUNUSDT"",""S"":""Buy"",""v"":""6600"",""p"":""0.0056390""}"
2026-09-30T03:35:38.812873Z,1790739338589,PUMPFUNUSDT,Buy,49200,0.0056470,"{""T"":1790739338589,""s"":""PUMPFUNUSDT"",""S"":""Buy"",""v"":""49200"",""p"":""0.0056470""}"
2026-09-30T03:36:01.486723Z,1790739361255,ZROUSDT,Buy,23.2,1.7487,"{""T"":1790739361255,""s"":""ZROUSDT"",""S"":""Buy"",""v"":""23.2"",""p"":""1.7487""}"
2026-09-30T03:36:06.456005Z,1790739365931,QNTUSDT,Buy,0.27,286.58,"{""T"":1790739365931,""s"":""QNTUSDT"",""S"":""Buy"",""v"":""0.27"",""p"":""286.58""}"
2026-09-30T03:38:29.956062Z,1790739509628,QNTUSDT,Sell,16.86,292.86,"{""T"":1790739509628,""s"":""QNTUSDT"",""S"":""Sell"",""v"":""16.86"",""p"":""292.86""}"
2026-09-30T03:39:25.956113Z,1790739565644,QNTUSDT,Sell,0.25,294.74,"{""T"":1790739565644,""s"":""QNTUSDT"",""S"":""Sell"",""v"":""0.25"",""p"":""294.74""}"
2026-09-30T03:40:00.987090Z,1790739600731,ZROUSDT,Sell,619.0,1.8283,"{""T"":1790739600731,""s"":""ZROUSDT"",""S"":""Sell"",""v"":""619.0"",""p"":""1.8283""}"
2026-09-30T03:40:01.986867Z,1790739601750,ZROUSDT,Sell,23.7,1.8286,"{""T"":1790739601750,""s"":""ZROUSDT"",""S"":""Sell"",""v"":""23.7"",""p"":""1.8286""}"
2026-09-30T03:40:02.485967Z,1790739602297,USUSDT,Buy,2820,0.017740,"{""T"":1790739602297,""s"":""USUSDT"",""S"":""Buy"",""v"":""2820"",""p"":""0.017740""}"
2026-09-30T03:40:04.986702Z,1790739604743,USUSDT,Buy,5900,0.017730,"{""T"":1790739604743,""s"":""USUSDT"",""S"":""Buy"",""v"":""5900"",""p"":""0.017730""}"
2026-09-30T03:40:47.987506Z,1790739647547,ZROUSDT,Sell,200.0,1.8308,"{""T"":1790739647547,""s"":""ZROUSDT"",""S"":""Sell"",""v"":""200.0"",""p"":""1.8308""}"
2026-09-30T03:41:30.337891Z,1790739690110,XRPUSDT,Sell,86.5,1.5059,"{""T"":1790739690110,""s"":""XRPUSDT"",""S"":""Sell"",""v"":""86.5"",""p"":""1.5059""}"
2026-09-30T03:41:32.062870Z,1790739691874,SOLUSDT,Sell,4.0,120.300,"{""T"":1790739691874,""s"":""SOLUSDT"",""S"":""Sell"",""v"":""4.0"",""p"":""120.300""}"
2026-09-30T03:42:05.408537Z,1790739724998,HBARUSDT,Sell,2679,0.10494,"{""T"":1790739724998,""s"":""HBARUSDT"",""S"":""Sell"",""v"":""2679"",""p"":""0.10494""}"
2026-09-30T03:42:08.956331Z,1790739728564,QNTUSDT,Buy,0.64,289.64,"{""T"":1790739728564,""s"":""QNTUSDT"",""S"":""Buy"",""v"":""0.64"",""p"":""289.64""}"
2026-09-30T03:43:01.313075Z,1790739781184,PUMPFUNUSDT,Sell,15700,0.0057940,"{""T"":1790739781184,""s"":""PUMPFUNUSDT"",""S"":""Sell"",""v"":""15700"",""p"":""0.0057940""}"
2026-09-30T03:45:01.956494Z,1790739901619,QNTUSDT,Buy,0.35,287.70,"{""T"":1790739901619,""s"":""QNTUSDT"",""S"":""Buy"",""v"":""0.35"",""p"":""287.70""}"
2026-09-30T03:45:07.908339Z,1790739907582,HBARUSDT,Sell,919,0.10535,"{""T"":1790739907582,""s"":""HBARUSDT"",""S"":""Sell"",""v"":""919"",""p"":""0.10535""}"
2026-09-30T03:45:08.908788Z,1790739908629,HBARUSDT,Sell,615,0.10542,"{""T"":1790739908629,""s"":""HBARUSDT"",""S"":""Sell"",""v"":""615"",""p"":""0.10542""}"
2026-09-30T03:46:19.313055Z,1790739978806,PUMPFUNUSDT,Buy,30300,0.0056750,"{""T"":1790739978806,""s"":""PUMPFUNUSDT"",""S"":""Buy"",""v"":""30300"",""p"":""0.0056750""}"
2026-09-30T03:47:10.337508Z,1790740030068,LITUSDT,Buy,149.2,3.6870,"{""T"":1790740030068,""s"":""LITUSDT"",""S"":""Buy"",""v"":""149.2"",""p"":""3.6870""}"
2026-09-30T03:48:02.456259Z,1790740081881,QNTUSDT,Sell,0.03,297.23,"{""T"":1790740081881,""s"":""QNTUSDT"",""S"":""Sell"",""v"":""0.03"",""p"":""297.23""}"
2026-09-30T03:48:07.837172Z,1790740087267,ONDOUSDT,Buy,51460,0.4935,"{""T"":1790740087267,""s"":""ONDOUSDT"",""S"":""Buy"",""v"":""51460"",""p"":""0.4935""}"
2026-09-30T03:48:18.987172Z,1790740098775,USUSDT,Buy,5450,0.017570,"{""T"":1790740098775,""s"":""USUSDT"",""S"":""Buy"",""v"":""5450"",""p"":""0.017570""}"
2026-09-30T03:48:19.986948Z,1790740099554,USUSDT,Buy,9180,0.017490,"{""T"":1790740099554,""s"":""USUSDT"",""S"":""Buy"",""v"":""9180"",""p"":""0.017490""}"
2026-09-30T03:48:22.987692Z,1790740102553,USUSDT,Buy,1090,0.017260,"{""T"":1790740102553,""s"":""USUSDT"",""S"":""Buy"",""v"":""1090"",""p"":""0.017260""}"
2026-09-30T03:48:29.487417Z,1790740109056,USUSDT,Buy,3000,0.017180,"{""T"":1790740109056,""s"":""USUSDT"",""S"":""Buy"",""v"":""3000"",""p"":""0.017180""}"
2026-09-30T03:49:29.337379Z,1790740169111,LITUSDT,Buy,50.6,3.6780,"{""T"":1790740169111,""s"":""LITUSDT"",""S"":""Buy"",""v"":""50.6"",""p"":""3.6780""}"
2026-09-30T03:49:29.837251Z,1790740169336,LITUSDT,Buy,32.6,3.6870,"{""T"":1790740169336,""s"":""LITUSDT"",""S"":""Buy"",""v"":""32.6"",""p"":""3.6870""}"
2026-09-30T03:49:30.337535Z,1790740169827,LITUSDT,Buy,217.2,3.6810,"{""T"":1790740169827,""s"":""LITUSDT"",""S"":""Buy"",""v"":""217.2"",""p"":""3.6810""}"
2026-09-30T03:49:30.837366Z,1790740170633,LITUSDT,Buy,9.2,3.6760,"{""T"":1790740170633,""s"":""LITUSDT"",""S"":""Buy"",""v"":""9.2"",""p"":""3.6760""}"
2026-09-30T03:49:38.456051Z,1790740177933,QNTUSDT,Sell,3.99,298.05,"{""T"":1790740177933,""s"":""QNTUSDT"",""S"":""Sell"",""v"":""3.99"",""p"":""298.05""}"
2026-09-30T03:49:38.456051Z,1790740177988,QNTUSDT,Sell,0.53,298.83,"{""T"":1790740177988,""s"":""QNTUSDT"",""S"":""Sell"",""v"":""0.53"",""p"":""298.83""}"
2026-09-30T03:49:38.456051Z,1790740178125,QNTUSDT,Sell,2.36,299.55,"{""T"":1790740178125,""s"":""QNTUSDT"",""S"":""Sell"",""v"":""2.36"",""p"":""299.55""}"
2026-09-30T03:49:38.956167Z,1790740178463,QNTUSDT,Sell,9.14,300.75,"{""T"":1790740178463,""s"":""QNTUSDT"",""S"":""Sell"",""v"":""9.14"",""p"":""300.75""}"
2026-09-30T03:49:38.956167Z,1790740178576,QNTUSDT,Sell,0.06,301.53,"{""T"":1790740178576,""s"":""QNTUSDT"",""S"":""Sell"",""v"":""0.06"",""p"":""301.53""}"
2026-09-30T03:49:39.456097Z,1790740179344,QNTUSDT,Sell,0.32,301.18,"{""T"":1790740179344,""s"":""QNTUSDT"",""S"":""Sell"",""v"":""0.32"",""p"":""301.18""}"
2026-09-30T03:49:40.338017Z,1790740179881,LITUSDT,Buy,145.0,3.6750,"{""T"":1790740179881,""s"":""LITUSDT"",""S"":""Buy"",""v"":""145.0"",""p"":""3.6750""}"
2026-09-30T03:49:43.016108Z,1790740182876,NEARUSDT,Buy,52.9,4.8670,"{""T"":1790740182876,""s"":""NEARUSDT"",""S"":""Buy"",""v"":""52.9"",""p"":""4.8670""}"
2026-09-30T03:49:43.837349Z,1790740183453,LITUSDT,Buy,128.5,3.6720,"{""T"":1790740183453,""s"":""LITUSDT"",""S"":""Buy"",""v"":""128.5"",""p"":""3.6720""}"
2026-09-30T03:49:44.456365Z,1790740183892,QNTUSDT,Sell,23.78,301.82,"{""T"":1790740183892,""s"":""QNTUSDT"",""S"":""Sell"",""v"":""23.78"",""p"":""301.82""}"
2026-09-30T03:49:45.955878Z,1790740185417,QNTUSDT,Sell,0.04,301.88,"{""T"":1790740185417,""s"":""QNTUSDT"",""S"":""Sell"",""v"":""0.04"",""p"":""301.88""}"
2026-09-30T03:49:45.955878Z,1790740185856,QNTUSDT,Sell,0.10,302.12,"{""T"":1790740185856,""s"":""QNTUSDT"",""S"":""Sell"",""v"":""0.10"",""p"":""302.12""}"
2026-09-30T03:50:10.992528Z,1790740210684,SOONUSDT,Buy,17,0.39350,"{""T"":1790740210684,""s"":""SOONUSDT"",""S"":""Buy"",""v"":""17"",""p"":""0.39350""}"
2026-09-30T03:50:27.458008Z,1790740227230,QNTUSDT,Sell,0.08,302.11,"{""T"":1790740227230,""s"":""QNTUSDT"",""S"":""Sell"",""v"":""0.08"",""p"":""302.11""}"
2026-09-30T03:50:30.017125Z,1790740229915,NEARUSDT,Buy,5.0,4.8600,"{""T"":1790740229915,""s"":""NEARUSDT"",""S"":""Buy"",""v"":""5.0"",""p"":""4.8600""}"
2026-09-30T03:50:30.063133Z,1790740229915,XMRUSDT,Buy,0.25,533.61,"{""T"":1790740229915,""s"":""XMRUSDT"",""S"":""Buy"",""v"":""0.25"",""p"":""533.61""}"
2026-09-30T03:51:36.313069Z,1790740295794,PUMPFUNUSDT,Buy,11900,0.0056680,"{""T"":1790740295794,""s"":""PUMPFUNUSDT"",""S"":""Buy"",""v"":""11900"",""p"":""0.0056680""}"
2026-09-30T03:51:51.813350Z,1790740311514,PUMPFUNUSDT,Buy,965000,0.0056400,"{""T"":1790740311514,""s"":""PUMPFUNUSDT"",""S"":""Buy"",""v"":""965000"",""p"":""0.0056400""}"
2026-09-30T03:51:52.516790Z,1790740312169,NMRUSDT,Buy,0.9,11.454,"{""T"":1790740312169,""s"":""NMRUSDT"",""S"":""Buy"",""v"":""0.9"",""p"":""11.454""}"
2026-09-30T03:52:04.326291Z,1790740324183,FARTCOINUSDT,Buy,3337,0.17498,"{""T"":1790740324183,""s"":""FARTCOINUSDT"",""S"":""Buy"",""v"":""3337"",""p"":""0.17498""}"
2026-09-30T03:52:04.914026Z,1790740324345,ZECUSDT,Buy,1.39,1392.20,"{""T"":1790740324345,""s"":""ZECUSDT"",""S"":""Buy"",""v"":""1.39"",""p"":""1392.20""}"
2026-09-30T03:52:19.815912Z,1790740339539,XPLUSDT,Buy,2584,0.09428,"{""T"":1790740339539,""s"":""XPLUSDT"",""S"":""Buy"",""v"":""2584"",""p"":""0.09428""}"
2026-09-30T03:52:23.016546Z,1790740342557,NEARUSDT,Buy,46.7,4.8440,"{""T"":1790740342557,""s"":""NEARUSDT"",""S"":""Buy"",""v"":""46.7"",""p"":""4.8440""}"
2026-09-30T03:52:24.825496Z,1790740344251,ETHFIUSDT,Buy,36.7,0.7517,"{""T"":1790740344251,""s"":""ETHFIUSDT"",""S"":""Buy"",""v"":""36.7"",""p"":""0.7517""}"
2026-09-30T03:52:36.848479Z,1790740356662,MARSCOINUSDT,Buy,1050,0.14361,"{""T"":1790740356662,""s"":""MARSCOINUSDT"",""S"":""Buy"",""v"":""1050"",""p"":""0.14361""}"
2026-09-30T03:52:41.337290Z,1790740361170,AAVEUSDT,Buy,0.37,157.81,"{""T"":1790740361170,""s"":""AAVEUSDT"",""S"":""Buy"",""v"":""0.37"",""p"":""157.81""}"
2026-09-30T03:53:28.987490Z,1790740408518,XAUUSDT,Buy,0.002,4160.20,"{""T"":1790740408518,""s"":""XAUUSDT"",""S"":""Buy"",""v"":""0.002"",""p"":""4160.20""}"
2026-09-30T03:53:29.016527Z,1790740408789,NEARUSDT,Buy,164.4,4.8390,"{""T"":1790740408789,""s"":""NEARUSDT"",""S"":""Buy"",""v"":""164.4"",""p"":""4.8390""}"
2026-09-30T03:53:46.337323Z,1790740425975,LITUSDT,Buy,20.0,3.6390,"{""T"":1790740425975,""s"":""LITUSDT"",""S"":""Buy"",""v"":""20.0"",""p"":""3.6390""}"
2026-09-30T03:55:14.459307Z,1790740514257,QNTUSDT,Sell,2.68,301.66,"{""T"":1790740514257,""s"":""QNTUSDT"",""S"":""Sell"",""v"":""2.68"",""p"":""301.66""}"
2026-09-30T03:55:14.956077Z,1790740514553,QNTUSDT,Sell,0.34,301.38,"{""T"":1790740514553,""s"":""QNTUSDT"",""S"":""Sell"",""v"":""0.34"",""p"":""301.38""}"
2026-09-30T03:57:01.062681Z,1790740620920,SOLUSDT,Buy,1.2,118.420,"{""T"":1790740620920,""s"":""SOLUSDT"",""S"":""Buy"",""v"":""1.2"",""p"":""118.420""}"
2026-09-30T03:57:07.516820Z,1790740626984,NEARUSDT,Buy,841.4,4.8310,"{""T"":1790740626984,""s"":""NEARUSDT"",""S"":""Buy"",""v"":""841.4"",""p"":""4.8310""}"
2026-09-30T03:57:16.492712Z,1790740636358,SOONUSDT,Buy,6675,0.39450,"{""T"":1790740636358,""s"":""SOONUSDT"",""S"":""Buy"",""v"":""6675"",""p"":""0.39450""}"
2026-09-30T03:57:16.914481Z,1790740636357,ZECUSDT,Buy,6.88,1391.07,"{""T"":1790740636357,""s"":""ZECUSDT"",""S"":""Buy"",""v"":""6.88"",""p"":""1391.07""}"
2026-09-30T03:57:20.337308Z,1790740640097,LITUSDT,Buy,44.4,3.6300,"{""T"":1790740640097,""s"":""LITUSDT"",""S"":""Buy"",""v"":""44.4"",""p"":""3.6300""}"
2026-09-30T03:59:02.136718Z,1790740741990,AKEUSDT,Buy,3500,0.0301850,"{""T"":1790740741990,""s"":""AKEUSDT"",""S"":""Buy"",""v"":""3500"",""p"":""0.0301850""}"
2026-09-30T04:00:22.456313Z,1790740822285,QNTUSDT,Buy,0.47,293.10,"{""T"":1790740822285,""s"":""QNTUSDT"",""S"":""Buy"",""v"":""0.47"",""p"":""293.10""}"
2026-09-30T04:01:03.992970Z,1790740863553,SOONUSDT,Sell,303,0.41860,"{""T"":1790740863553,""s"":""SOONUSDT"",""S"":""Sell"",""v"":""303"",""p"":""0.41860""}"
2026-09-30T04:02:54.849419Z,1790740974282,XLMUSDT,Sell,12000,0.22310,"{""T"":1790740974282,""s"":""XLMUSDT"",""S"":""Sell"",""v"":""12000"",""p"":""0.22310""}"
2026-09-30T04:03:20.313304Z,1790741000045,0GUSDT,Sell,414.7,0.3372,"{""T"":1790741000045,""s"":""0GUSDT"",""S"":""Sell"",""v"":""414.7"",""p"":""0.3372""}"
2026-09-30T04:03:25.313403Z,1790741005054,0GUSDT,Sell,4712.3,0.3379,"{""T"":1790741005054,""s"":""0GUSDT"",""S"":""Sell"",""v"":""4712.3"",""p"":""0.3379""}"
2026-09-30T04:06:02.956545Z,1790741162528,QNTUSDT,Sell,0.10,300.84,"{""T"":1790741162528,""s"":""QNTUSDT"",""S"":""Sell"",""v"":""0.10"",""p"":""300.84""}"
2026-09-30T04:06:05.813162Z,1790741165591,0GUSDT,Sell,2500.0,0.3399,"{""T"":1790741165591,""s"":""0GUSDT"",""S"":""Sell"",""v"":""2500.0"",""p"":""0.3399""}"
2026-09-30T04:06:05.956511Z,1790741165753,QNTUSDT,Sell,0.02,301.78,"{""T"":1790741165753,""s"":""QNTUSDT"",""S"":""Sell"",""v"":""0.02"",""p"":""301.78""}"
2026-09-30T04:07:06.956065Z,1790741226414,QNTUSDT,Buy,0.14,293.63,"{""T"":1790741226414,""s"":""QNTUSDT"",""S"":""Buy"",""v"":""0.14"",""p"":""293.63""}"
2026-09-30T04:07:58.457246Z,1790741277973,QNTUSDT,Buy,3.15,290.68,"{""T"":1790741277973,""s"":""QNTUSDT"",""S"":""Buy"",""v"":""3.15"",""p"":""290.68""}"
2026-09-30T04:07:58.956205Z,1790741278661,QNTUSDT,Buy,46.46,290.18,"{""T"":1790741278661,""s"":""QNTUSDT"",""S"":""Buy"",""v"":""46.46"",""p"":""290.18""}"
2026-09-30T04:09:05.813165Z,1790741345626,0GUSDT,Sell,800.4,0.3416,"{""T"":1790741345626,""s"":""0GUSDT"",""S"":""Sell"",""v"":""800.4"",""p"":""0.3416""}"
2026-09-30T04:09:11.325259Z,1790741351236,MONUSDT,Buy,20495,0.026230,"{""T"":1790741351236,""s"":""MONUSDT"",""S"":""Buy"",""v"":""20495"",""p"":""0.026230""}"
2026-09-30T04:09:51.516401Z,1790741391247,NMRUSDT,Buy,3.6,11.454,"{""T"":1790741391247,""s"":""NMRUSDT"",""S"":""Buy"",""v"":""3.6"",""p"":""11.454""}"
2026-09-30T04:11:03.837802Z,1790741463619,LITUSDT,Sell,771.5,3.7350,"{""T"":1790741463619,""s"":""LITUSDT"",""S"":""Sell"",""v"":""771.5"",""p"":""3.7350""}"
2026-09-30T04:11:33.956549Z,1790741493731,QNTUSDT,Buy,0.62,288.71,"{""T"":1790741493731,""s"":""QNTUSDT"",""S"":""Buy"",""v"":""0.62"",""p"":""288.71""}"
2026-09-30T04:11:34.456180Z,1790741494104,QNTUSDT,Buy,0.04,288.73,"{""T"":1790741494104,""s"":""QNTUSDT"",""S"":""Buy"",""v"":""0.04"",""p"":""288.73""}"
2026-09-30T04:11:43.987245Z,1790741503678,BTWUSDT,Sell,80,1.49089,"{""T"":1790741503678,""s"":""BTWUSDT"",""S"":""Sell"",""v"":""80"",""p"":""1.49089""}"
2026-09-30T04:12:13.987426Z,1790741533480,BTWUSDT,Sell,2650,1.49273,"{""T"":1790741533480,""s"":""BTWUSDT"",""S"":""Sell"",""v"":""2650"",""p"":""1.49273""}"
2026-09-30T04:12:29.987300Z,1790741549723,BTWUSDT,Sell,50,1.49419,"{""T"":1790741549723,""s"":""BTWUSDT"",""S"":""Sell"",""v"":""50"",""p"":""1.49419""}"
2026-09-30T04:13:19.457313Z,1790741599039,QNTUSDT,Buy,1.84,288.42,"{""T"":1790741599039,""s"":""QNTUSDT"",""S"":""Buy"",""v"":""1.84"",""p"":""288.42""}"
2026-09-30T04:13:39.456293Z,1790741619315,QNTUSDT,Buy,0.05,286.99,"{""T"":1790741619315,""s"":""QNTUSDT"",""S"":""Buy"",""v"":""0.05"",""p"":""286.99""}"
2026-09-30T04:13:44.956026Z,1790741624770,QNTUSDT,Buy,0.85,286.86,"{""T"":1790741624770,""s"":""QNTUSDT"",""S"":""Buy"",""v"":""0.85"",""p"":""286.86""}"
2026-09-30T04:14:03.990508Z,1790741643798,BTWUSDT,Buy,10,1.25312,"{""T"":1790741643798,""s"":""BTWUSDT"",""S"":""Buy"",""v"":""10"",""p"":""1.25312""}"
2026-09-30T04:14:03.990508Z,1790741643798,BTWUSDT,Buy,10,1.25246,"{""T"":1790741643798,""s"":""BTWUSDT"",""S"":""Buy"",""v"":""10"",""p"":""1.25246""}"
2026-09-30T04:14:04.456365Z,1790741644139,QNTUSDT,Buy,12.62,289.84,"{""T"":1790741644139,""s"":""QNTUSDT"",""S"":""Buy"",""v"":""12.62"",""p"":""289.84""}"
2026-09-30T04:14:04.487181Z,1790741643924,BTWUSDT,Buy,70,1.25122,"{""T"":1790741643924,""s"":""BTWUSDT"",""S"":""Buy"",""v"":""70"",""p"":""1.25122""}"
2026-09-30T04:14:04.487181Z,1790741644002,BTWUSDT,Buy,540,1.23731,"{""T"":1790741644002,""s"":""BTWUSDT"",""S"":""Buy"",""v"":""540"",""p"":""1.23731""}"
2026-09-30T04:14:04.487181Z,1790741644006,BTWUSDT,Buy,90,1.25860,"{""T"":1790741644006,""s"":""BTWUSDT"",""S"":""Buy"",""v"":""90"",""p"":""1.25860""}"
2026-09-30T04:14:04.487181Z,1790741644034,BTWUSDT,Buy,70,1.24873,"{""T"":1790741644034,""s"":""BTWUSDT"",""S"":""Buy"",""v"":""70"",""p"":""1.24873""}"
2026-09-30T04:14:04.487181Z,1790741644117,BTWUSDT,Buy,670,1.26582,"{""T"":1790741644117,""s"":""BTWUSDT"",""S"":""Buy"",""v"":""670"",""p"":""1.26582""}"
2026-09-30T04:14:04.487181Z,1790741644139,BTWUSDT,Buy,3300,1.28579,"{""T"":1790741644139,""s"":""BTWUSDT"",""S"":""Buy"",""v"":""3300"",""p"":""1.28579""}"
2026-09-30T04:14:04.487181Z,1790741644231,BTWUSDT,Buy,2210,1.24749,"{""T"":1790741644231,""s"":""BTWUSDT"",""S"":""Buy"",""v"":""2210"",""p"":""1.24749""}"
2026-09-30T04:14:04.487181Z,1790741644368,BTWUSDT,Buy,30,1.23420,"{""T"":1790741644368,""s"":""BTWUSDT"",""S"":""Buy"",""v"":""30"",""p"":""1.23420""}"
2026-09-30T04:14:04.987033Z,1790741644486,BTWUSDT,Buy,840,1.23348,"{""T"":1790741644486,""s"":""BTWUSDT"",""S"":""Buy"",""v"":""840"",""p"":""1.23348""}"
2026-09-30T04:14:04.987033Z,1790741644488,BTWUSDT,Buy,60,1.24248,"{""T"":1790741644488,""s"":""BTWUSDT"",""S"":""Buy"",""v"":""60"",""p"":""1.24248""}"
2026-09-30T04:14:04.987033Z,1790741644586,BTWUSDT,Buy,120,1.23432,"{""T"":1790741644586,""s"":""BTWUSDT"",""S"":""Buy"",""v"":""120"",""p"":""1.23432""}"
2026-09-30T04:14:05.487010Z,1790741644971,BTWUSDT,Buy,6030,1.21734,"{""T"":1790741644971,""s"":""BTWUSDT"",""S"":""Buy"",""v"":""6030"",""p"":""1.21734""}"
2026-09-30T04:14:14.456129Z,1790741654221,QNTUSDT,Buy,0.17,286.08,"{""T"":1790741654221,""s"":""QNTUSDT"",""S"":""Buy"",""v"":""0.17"",""p"":""286.08""}"
2026-09-30T04:14:25.456344Z,1790741664898,QNTUSDT,Buy,0.20,285.58,"{""T"":1790741664898,""s"":""QNTUSDT"",""S"":""Buy"",""v"":""0.20"",""p"":""285.58""}"
2026-09-30T04:14:37.456797Z,1790741677290,QNTUSDT,Buy,8.84,283.44,"{""T"":1790741677290,""s"":""QNTUSDT"",""S"":""Buy"",""v"":""8.84"",""p"":""283.44""}"
2026-09-30T04:14:38.456144Z,1790741677916,QNTUSDT,Buy,0.04,282.68,"{""T"":1790741677916,""s"":""QNTUSDT"",""S"":""Buy"",""v"":""0.04"",""p"":""282.68""}"
2026-09-30T04:14:38.456144Z,1790741678344,QNTUSDT,Buy,13.60,283.20,"{""T"":1790741678344,""s"":""QNTUSDT"",""S"":""Buy"",""v"":""13.60"",""p"":""283.20""}"
2026-09-30T04:14:43.956116Z,1790741683573,QNTUSDT,Buy,6.51,281.80,"{""T"":1790741683573,""s"":""QNTUSDT"",""S"":""Buy"",""v"":""6.51"",""p"":""281.80""}"
2026-09-30T04:15:13.959719Z,1790741713766,QNTUSDT,Buy,0.24,280.55,"{""T"":1790741713766,""s"":""QNTUSDT"",""S"":""Buy"",""v"":""0.24"",""p"":""280.55""}"
2026-09-30T04:15:14.956048Z,1790741714401,QNTUSDT,Buy,0.20,280.55,"{""T"":1790741714401,""s"":""QNTUSDT"",""S"":""Buy"",""v"":""0.20"",""p"":""280.55""}"
2026-09-30T04:15:14.956048Z,1790741714551,QNTUSDT,Buy,3.04,280.63,"{""T"":1790741714551,""s"":""QNTUSDT"",""S"":""Buy"",""v"":""3.04"",""p"":""280.63""}"
2026-09-30T04:15:32.456283Z,1790741732000,QNTUSDT,Buy,1.33,279.93,"{""T"":1790741732000,""s"":""QNTUSDT"",""S"":""Buy"",""v"":""1.33"",""p"":""279.93""}"
2026-09-30T04:15:51.313221Z,1790741750819,0GUSDT,Sell,132.5,0.3435,"{""T"":1790741750819,""s"":""0GUSDT"",""S"":""Sell"",""v"":""132.5"",""p"":""0.3435""}"
2026-09-30T04:16:17.313478Z,1790741776890,0GUSDT,Sell,4744.0,0.3457,"{""T"":1790741776890,""s"":""0GUSDT"",""S"":""Sell"",""v"":""4744.0"",""p"":""0.3457""}"
2026-09-30T04:16:33.456277Z,1790741793347,QNTUSDT,Buy,0.99,282.66,"{""T"":1790741793347,""s"":""QNTUSDT"",""S"":""Buy"",""v"":""0.99"",""p"":""282.66""}"
2026-09-30T04:16:50.987180Z,1790741810647,BTWUSDT,Buy,20,1.20938,"{""T"":1790741810647,""s"":""BTWUSDT"",""S"":""Buy"",""v"":""20"",""p"":""1.20938""}"
2026-09-30T04:16:59.986868Z,1790741819703,BTWUSDT,Buy,3750,1.20001,"{""T"":1790741819703,""s"":""BTWUSDT"",""S"":""Buy"",""v"":""3750"",""p"":""1.20001""}"
2026-09-30T04:17:04.956016Z,1790741824537,QNTUSDT,Buy,0.30,281.78,"{""T"":1790741824537,""s"":""QNTUSDT"",""S"":""Buy"",""v"":""0.30"",""p"":""281.78""}"
2026-09-30T04:17:06.986930Z,1790741826836,BTWUSDT,Buy,10,1.19428,"{""T"":1790741826836,""s"":""BTWUSDT"",""S"":""Buy"",""v"":""10"",""p"":""1.19428""}"
2026-09-30T04:17:16.987001Z,1790741836510,BTWUSDT,Buy,40,1.19079,"{""T"":1790741836510,""s"":""BTWUSDT"",""S"":""Buy"",""v"":""40"",""p"":""1.19079""}"
2026-09-30T04:18:24.456752Z,1790741903875,QNTUSDT,Buy,9.45,281.91,"{""T"":1790741903875,""s"":""QNTUSDT"",""S"":""Buy"",""v"":""9.45"",""p"":""281.91""}"
2026-09-30T04:18:40.914478Z,1790741920371,UNIUSDT,Sell,7.9,8.916,"{""T"":1790741920371,""s"":""UNIUSDT"",""S"":""Sell"",""v"":""7.9"",""p"":""8.916""}"
2026-09-30T04:18:57.313926Z,1790741937131,TRUMPUSDT,Sell,3.8,2.089,"{""T"":1790741937131,""s"":""TRUMPUSDT"",""S"":""Sell"",""v"":""3.8"",""p"":""2.089""}"
2026-09-30T04:19:03.456363Z,1790741943132,QNTUSDT,Buy,6.15,280.65,"{""T"":1790741943132,""s"":""QNTUSDT"",""S"":""Buy"",""v"":""6.15"",""p"":""280.65""}"
2026-09-30T04:19:51.956666Z,1790741991468,QNTUSDT,Buy,0.42,280.82,"{""T"":1790741991468,""s"":""QNTUSDT"",""S"":""Buy"",""v"":""0.42"",""p"":""280.82""}"
2026-09-30T04:19:53.456264Z,1790741993075,QNTUSDT,Buy,0.43,280.22,"{""T"":1790741993075,""s"":""QNTUSDT"",""S"":""Buy"",""v"":""0.43"",""p"":""280.22""}"
2026-09-30T04:19:54.456176Z,1790741993947,QNTUSDT,Buy,5.25,280.18,"{""T"":1790741993947,""s"":""QNTUSDT"",""S"":""Buy"",""v"":""5.25"",""p"":""280.18""}"
2026-09-30T04:19:56.813125Z,1790741996237,PUMPFUNUSDT,Buy,656100,0.0056920,"{""T"":1790741996237,""s"":""PUMPFUNUSDT"",""S"":""Buy"",""v"":""656100"",""p"":""0.0056920""}"
2026-09-30T04:21:51.493071Z,1790742111281,OPUSDT,Sell,289.7,0.13167,"{""T"":1790742111281,""s"":""OPUSDT"",""S"":""Sell"",""v"":""289.7"",""p"":""0.13167""}"
2026-09-30T04:22:28.497124Z,1790742148316,ICPUSDT,Sell,14.6,3.447,"{""T"":1790742148316,""s"":""ICPUSDT"",""S"":""Sell"",""v"":""14.6"",""p"":""3.447""}"
2026-09-30T04:22:56.348823Z,1790742175962,WIFUSDT,Sell,94,0.24720,"{""T"":1790742175962,""s"":""WIFUSDT"",""S"":""Sell"",""v"":""94"",""p"":""0.24720""}"
2026-09-30T04:24:40.313423Z,1790742280190,0GUSDT,Buy,772.6,0.3342,"{""T"":1790742280190,""s"":""0GUSDT"",""S"":""Buy"",""v"":""772.6"",""p"":""0.3342""}"
2026-09-30T04:24:41.488049Z,1790742281356,CLUSDT,Buy,15.80,89.170,"{""T"":1790742281356,""s"":""CLUSDT"",""S"":""Buy"",""v"":""15.80"",""p"":""89.170""}"
2026-09-30T04:25:05.459585Z,1790742305259,QNTUSDT,Buy,0.12,281.49,"{""T"":1790742305259,""s"":""QNTUSDT"",""S"":""Buy"",""v"":""0.12"",""p"":""281.49""}"
2026-09-30T04:25:31.863960Z,1790742331334,WLDUSDT,Sell,155.2,0.4993,"{""T"":1790742331334,""s"":""WLDUSDT"",""S"":""Sell"",""v"":""155.2"",""p"":""0.4993""}"
2026-09-30T04:25:50.316654Z,1790742349789,0GUSDT,Buy,34.2,0.3324,"{""T"":1790742349789,""s"":""0GUSDT"",""S"":""Buy"",""v"":""34.2"",""p"":""0.3324""}"
2026-09-30T04:26:18.458190Z,1790742378337,QNTUSDT,Buy,2.63,280.74,"{""T"":1790742378337,""s"":""QNTUSDT"",""S"":""Buy"",""v"":""2.63"",""p"":""280.74""}"
2026-09-30T04:26:31.959695Z,1790742391798,QNTUSDT,Sell,1.02,288.93,"{""T"":1790742391798,""s"":""QNTUSDT"",""S"":""Sell"",""v"":""1.02"",""p"":""288.93""}"
2026-09-30T04:26:40.456788Z,1790742400121,QNTUSDT,Buy,47.68,280.89,"{""T"":1790742400121,""s"":""QNTUSDT"",""S"":""Buy"",""v"":""47.68"",""p"":""280.89""}"
2026-09-30T04:27:06.987189Z,1790742426555,ZROUSDT,Sell,129.9,1.8647,"{""T"":1790742426555,""s"":""ZROUSDT"",""S"":""Sell"",""v"":""129.9"",""p"":""1.8647""}"
2026-09-30T04:29:27.956227Z,1790742567775,QNTUSDT,Sell,0.06,289.70,"{""T"":1790742567775,""s"":""QNTUSDT"",""S"":""Sell"",""v"":""0.06"",""p"":""289.70""}"
2026-09-30T04:31:05.456210Z,1790742665188,QNTUSDT,Buy,6.86,283.17,"{""T"":1790742665188,""s"":""QNTUSDT"",""S"":""Buy"",""v"":""6.86"",""p"":""283.17""}"
2026-09-30T04:33:01.487560Z,1790742781054,SOXLUSDT,Sell,1.20,147.81,"{""T"":1790742781054,""s"":""SOXLUSDT"",""S"":""Sell"",""v"":""1.20"",""p"":""147.81""}"
2026-09-30T04:33:06.813089Z,1790742786477,PUMPFUNUSDT,Buy,234900,0.0056800,"{""T"":1790742786477,""s"":""PUMPFUNUSDT"",""S"":""Buy"",""v"":""234900"",""p"":""0.0056800""}"
2026-09-30T04:34:04.337607Z,1790742844101,LITUSDT,Sell,1062.6,3.8060,"{""T"":1790742844101,""s"":""LITUSDT"",""S"":""Sell"",""v"":""1062.6"",""p"":""3.8060""}"
2026-09-30T04:34:51.313345Z,1790742891136,PUMPFUNUSDT,Buy,6900,0.0056590,"{""T"":1790742891136,""s"":""PUMPFUNUSDT"",""S"":""Buy"",""v"":""6900"",""p"":""0.0056590""}"
2026-09-30T04:35:21.956550Z,1790742921756,QNTUSDT,Buy,0.85,281.15,"{""T"":1790742921756,""s"":""QNTUSDT"",""S"":""Buy"",""v"":""0.85"",""p"":""281.15""}"
2026-09-30T04:35:29.486839Z,1790742929122,USUSDT,Sell,3230,0.018720,"{""T"":1790742929122,""s"":""USUSDT"",""S"":""Sell"",""v"":""3230"",""p"":""0.018720""}"
2026-09-30T04:36:01.987072Z,1790742961502,USUSDT,Sell,18250,0.019080,"{""T"":1790742961502,""s"":""USUSDT"",""S"":""Sell"",""v"":""18250"",""p"":""0.019080""}"
2026-09-30T04:36:41.956090Z,1790743001792,QNTUSDT,Buy,2.62,280.91,"{""T"":1790743001792,""s"":""QNTUSDT"",""S"":""Buy"",""v"":""2.62"",""p"":""280.91""}"
2026-09-30T04:38:06.457210Z,1790743086076,QNTUSDT,Sell,16.85,288.35,"{""T"":1790743086076,""s"":""QNTUSDT"",""S"":""Sell"",""v"":""16.85"",""p"":""288.35""}"
2026-09-30T04:38:09.456387Z,1790743089067,QNTUSDT,Sell,4.29,289.47,"{""T"":1790743089067,""s"":""QNTUSDT"",""S"":""Sell"",""v"":""4.29"",""p"":""289.47""}"
2026-09-30T04:38:10.956184Z,1790743090760,QNTUSDT,Sell,27.16,289.59,"{""T"":1790743090760,""s"":""QNTUSDT"",""S"":""Sell"",""v"":""27.16"",""p"":""289.59""}"
2026-09-30T04:38:21.959173Z,1790743101477,QNTUSDT,Sell,0.15,290.06,"{""T"":1790743101477,""s"":""QNTUSDT"",""S"":""Sell"",""v"":""0.15"",""p"":""290.06""}"
2026-09-30T04:38:26.956656Z,1790743106858,QNTUSDT,Sell,0.02,291.08,"{""T"":1790743106858,""s"":""QNTUSDT"",""S"":""Sell"",""v"":""0.02"",""p"":""291.08""}"
2026-09-30T04:39:04.500286Z,1790743143904,USUSDT,Sell,400,0.019750,"{""T"":1790743143904,""s"":""USUSDT"",""S"":""Sell"",""v"":""400"",""p"":""0.019750""}"
2026-09-30T04:39:54.931107Z,1790743194585,1000PEPEUSDT,Sell,274200,0.0043320,"{""T"":1790743194585,""s"":""1000PEPEUSDT"",""S"":""Sell"",""v"":""274200"",""p"":""0.0043320""}"
2026-09-30T04:40:02.429680Z,1790743201947,1000PEPEUSDT,Sell,24400,0.0043320,"{""T"":1790743201947,""s"":""1000PEPEUSDT"",""S"":""Sell"",""v"":""24400"",""p"":""0.0043320""}"
2026-09-30T04:40:02.500738Z,1790743201947,ZROUSDT,Sell,99.1,1.8809,"{""T"":1790743201947,""s"":""ZROUSDT"",""S"":""Sell"",""v"":""99.1"",""p"":""1.8809""}"
2026-09-30T04:40:33.000773Z,1790743232876,USUSDT,Sell,9610,0.019860,"{""T"":1790743232876,""s"":""USUSDT"",""S"":""Sell"",""v"":""9610"",""p"":""0.019860""}"
2026-09-30T04:40:36.500505Z,1790743236190,USUSDT,Sell,13270,0.019930,"{""T"":1790743236190,""s"":""USUSDT"",""S"":""Sell"",""v"":""13270"",""p"":""0.019930""}"
2026-09-30T04:40:48.500585Z,1790743248353,USUSDT,Sell,530,0.020100,"{""T"":1790743248353,""s"":""USUSDT"",""S"":""Sell"",""v"":""530"",""p"":""0.020100""}"
2026-09-30T04:40:49.969666Z,1790743249511,QNTUSDT,Sell,17.10,291.80,"{""T"":1790743249511,""s"":""QNTUSDT"",""S"":""Sell"",""v"":""17.10"",""p"":""291.80""}"
2026-09-30T04:41:09.502712Z,1790743269268,USUSDT,Sell,14950,0.020230,"{""T"":1790743269268,""s"":""USUSDT"",""S"":""Sell"",""v"":""14950"",""p"":""0.020230""}"
2026-09-30T04:41:25.000607Z,1790743284441,USUSDT,Sell,3470,0.020620,"{""T"":1790743284441,""s"":""USUSDT"",""S"":""Sell"",""v"":""3470"",""p"":""0.020620""}"
2026-09-30T04:41:25.000607Z,1790743284828,USUSDT,Sell,970,0.020430,"{""T"":1790743284828,""s"":""USUSDT"",""S"":""Sell"",""v"":""970"",""p"":""0.020430""}"
2026-09-30T04:41:30.000257Z,1790743289672,ZROUSDT,Sell,3.3,1.8838,"{""T"":1790743289672,""s"":""ZROUSDT"",""S"":""Sell"",""v"":""3.3"",""p"":""1.8838""}"
