recv_ts_utc,exch_ts_ms,symbol,side,size,price,raw_json
2026-10-05T00:01:06.064632Z,1791158465840,SOLUSDT,Buy,4.7,120.780,"{""T"":1791158465840,""s"":""SOLUSDT"",""S"":""Buy"",""v"":""4.7"",""p"":""120.780""}"
2026-10-05T00:01:13.350356Z,1791158472892,AXSUSDT,Sell,202.6,1.3807,"{""T"":1791158472892,""s"":""AXSUSDT"",""S"":""Sell"",""v"":""202.6"",""p"":""1.3807""}"
2026-10-05T00:01:13.350356Z,1791158473152,AXSUSDT,Sell,3133.8,1.3805,"{""T"":1791158473152,""s"":""AXSUSDT"",""S"":""Sell"",""v"":""3133.8"",""p"":""1.3805""}"
2026-10-05T00:01:19.495212Z,1791158479350,SUIUSDT,Buy,150,1.19170,"{""T"":1791158479350,""s"":""SUIUSDT"",""S"":""Buy"",""v"":""150"",""p"":""1.19170""}"
2026-10-05T00:01:19.517931Z,1791158479350,NEARUSDT,Buy,25.3,4.8640,"{""T"":1791158479350,""s"":""NEARUSDT"",""S"":""Buy"",""v"":""25.3"",""p"":""4.8640""}"
2026-10-05T00:01:20.064144Z,1791158479623,SOLUSDT,Buy,0.1,120.680,"{""T"":1791158479623,""s"":""SOLUSDT"",""S"":""Buy"",""v"":""0.1"",""p"":""120.680""}"
2026-10-05T00:01:20.564392Z,1791158479991,SOLUSDT,Buy,8.6,120.680,"{""T"":1791158479991,""s"":""SOLUSDT"",""S"":""Buy"",""v"":""8.6"",""p"":""120.680""}"
2026-10-05T00:01:26.916304Z,1791158486585,DOTUSDT,Buy,1435.8,1.1897,"{""T"":1791158486585,""s"":""DOTUSDT"",""S"":""Buy"",""v"":""1435.8"",""p"":""1.1897""}"
2026-10-05T00:01:29.488734Z,1791158489367,USUSDT,Buy,21540,0.013210,"{""T"":1791158489367,""s"":""USUSDT"",""S"":""Buy"",""v"":""21540"",""p"":""0.013210""}"
2026-10-05T00:01:36.861470Z,1791158496350,CBRSUSDT,Buy,10.57,174.73,"{""T"":1791158496350,""s"":""CBRSUSDT"",""S"":""Buy"",""v"":""10.57"",""p"":""174.73""}"
2026-10-05T00:02:30.137262Z,1791158549786,STRKUSDT,Buy,27586.2,0.05754,"{""T"":1791158549786,""s"":""STRKUSDT"",""S"":""Buy"",""v"":""27586.2"",""p"":""0.05754""}"
2026-10-05T00:02:30.637512Z,1791158550453,STRKUSDT,Buy,67054.9,0.05750,"{""T"":1791158550453,""s"":""STRKUSDT"",""S"":""Buy"",""v"":""67054.9"",""p"":""0.05750""}"
2026-10-05T00:02:39.458409Z,1791158559213,ETHUSDT,Buy,0.10,2712.10,"{""T"":1791158559213,""s"":""ETHUSDT"",""S"":""Buy"",""v"":""0.10"",""p"":""2712.10""}"
2026-10-05T00:02:42.988370Z,1791158562841,ORCAUSDT,Sell,364.3,2.0966,"{""T"":1791158562841,""s"":""ORCAUSDT"",""S"":""Sell"",""v"":""364.3"",""p"":""2.0966""}"
2026-10-05T00:02:53.314869Z,1791158573135,PUMPFUNUSDT,Buy,8800,0.0064440,"{""T"":1791158573135,""s"":""PUMPFUNUSDT"",""S"":""Buy"",""v"":""8800"",""p"":""0.0064440""}"
2026-10-05T00:02:56.137231Z,1791158575728,LYNUSDT,Buy,3853,0.02880,"{""T"":1791158575728,""s"":""LYNUSDT"",""S"":""Buy"",""v"":""3853"",""p"":""0.02880""}"
2026-10-05T00:02:57.458229Z,1791158577227,ETHUSDT,Buy,1.28,2711.23,"{""T"":1791158577227,""s"":""ETHUSDT"",""S"":""Buy"",""v"":""1.28"",""p"":""2711.23""}"
2026-10-05T00:02:59.636917Z,1791158579351,LYNUSDT,Buy,2752,0.02868,"{""T"":1791158579351,""s"":""LYNUSDT"",""S"":""Buy"",""v"":""2752"",""p"":""0.02868""}"
2026-10-05T00:03:01.137205Z,1791158580659,LYNUSDT,Buy,455,0.02862,"{""T"":1791158580659,""s"":""LYNUSDT"",""S"":""Buy"",""v"":""455"",""p"":""0.02862""}"
2026-10-05T00:03:04.137198Z,1791158583695,LYNUSDT,Buy,4732,0.02839,"{""T"":1791158583695,""s"":""LYNUSDT"",""S"":""Buy"",""v"":""4732"",""p"":""0.02839""}"
2026-10-05T00:03:06.637324Z,1791158586125,LYNUSDT,Buy,52,0.02834,"{""T"":1791158586125,""s"":""LYNUSDT"",""S"":""Buy"",""v"":""52"",""p"":""0.02834""}"
2026-10-05T00:03:13.990840Z,1791158593439,ORCAUSDT,Sell,78.6,2.1655,"{""T"":1791158593439,""s"":""ORCAUSDT"",""S"":""Sell"",""v"":""78.6"",""p"":""2.1655""}"
2026-10-05T00:03:19.988512Z,1791158599600,ORCAUSDT,Sell,3154.8,2.1825,"{""T"":1791158599600,""s"":""ORCAUSDT"",""S"":""Sell"",""v"":""3154.8"",""p"":""2.1825""}"
2026-10-05T00:03:35.488791Z,1791158615360,ORCAUSDT,Sell,1002.3,2.2347,"{""T"":1791158615360,""s"":""ORCAUSDT"",""S"":""Sell"",""v"":""1002.3"",""p"":""2.2347""}"
2026-10-05T00:03:39.988575Z,1791158619718,ORCAUSDT,Sell,24.3,2.2521,"{""T"":1791158619718,""s"":""ORCAUSDT"",""S"":""Sell"",""v"":""24.3"",""p"":""2.2521""}"
2026-10-05T00:03:42.492702Z,1791158622339,ORCAUSDT,Sell,2872.3,2.2552,"{""T"":1791158622339,""s"":""ORCAUSDT"",""S"":""Sell"",""v"":""2872.3"",""p"":""2.2552""}"
2026-10-05T00:03:43.137268Z,1791158622921,LYNUSDT,Buy,56859,0.02824,"{""T"":1791158622921,""s"":""LYNUSDT"",""S"":""Buy"",""v"":""56859"",""p"":""0.02824""}"
2026-10-05T00:03:43.339049Z,1791158622921,HNTUSDT,Buy,13641.79,0.5595,"{""T"":1791158622921,""s"":""HNTUSDT"",""S"":""Buy"",""v"":""13641.79"",""p"":""0.5595""}"
2026-10-05T00:03:43.498085Z,1791158622921,TMXUSDT,Buy,18954,0.01523,"{""T"":1791158622921,""s"":""TMXUSDT"",""S"":""Buy"",""v"":""18954"",""p"":""0.01523""}"
2026-10-05T00:04:10.137461Z,1791158649964,LYNUSDT,Buy,44728,0.02816,"{""T"":1791158649964,""s"":""LYNUSDT"",""S"":""Buy"",""v"":""44728"",""p"":""0.02816""}"
2026-10-05T00:04:10.517890Z,1791158649964,BEAMUSDT,Buy,19600,0.0024908,"{""T"":1791158649964,""s"":""BEAMUSDT"",""S"":""Buy"",""v"":""19600"",""p"":""0.0024908""}"
2026-10-05T00:04:18.637141Z,1791158658157,LYNUSDT,Buy,2534,0.02806,"{""T"":1791158658157,""s"":""LYNUSDT"",""S"":""Buy"",""v"":""2534"",""p"":""0.02806""}"
2026-10-05T00:05:08.637475Z,1791158708109,STRKUSDT,Sell,250.6,0.05974,"{""T"":1791158708109,""s"":""STRKUSDT"",""S"":""Sell"",""v"":""250.6"",""p"":""0.05974""}"
2026-10-05T00:05:09.957908Z,1791158709745,ETHUSDT,Buy,0.68,2714.65,"{""T"":1791158709745,""s"":""ETHUSDT"",""S"":""Buy"",""v"":""0.68"",""p"":""2714.65""}"
2026-10-05T00:05:40.838826Z,1791158740708,HNTUSDT,Buy,206.58,0.5541,"{""T"":1791158740708,""s"":""HNTUSDT"",""S"":""Buy"",""v"":""206.58"",""p"":""0.5541""}"
2026-10-05T00:05:54.350051Z,1791158753917,AXSUSDT,Sell,50.2,1.3893,"{""T"":1791158753917,""s"":""AXSUSDT"",""S"":""Sell"",""v"":""50.2"",""p"":""1.3893""}"
2026-10-05T00:06:09.958347Z,1791158769533,QNTUSDT,Buy,2.45,247.29,"{""T"":1791158769533,""s"":""QNTUSDT"",""S"":""Buy"",""v"":""2.45"",""p"":""247.29""}"
2026-10-05T00:06:22.350697Z,1791158782154,SANDUSDT,Buy,4407,0.07512,"{""T"":1791158782154,""s"":""SANDUSDT"",""S"":""Buy"",""v"":""4407"",""p"":""0.07512""}"
2026-10-05T00:06:25.850225Z,1791158785622,SANDUSDT,Buy,1068,0.07509,"{""T"":1791158785622,""s"":""SANDUSDT"",""S"":""Buy"",""v"":""1068"",""p"":""0.07509""}"
2026-10-05T00:06:47.957584Z,1791158807381,QNTUSDT,Buy,5.77,246.61,"{""T"":1791158807381,""s"":""QNTUSDT"",""S"":""Buy"",""v"":""5.77"",""p"":""246.61""}"
2026-10-05T00:06:53.458051Z,1791158813178,QNTUSDT,Buy,0.81,246.48,"{""T"":1791158813178,""s"":""QNTUSDT"",""S"":""Buy"",""v"":""0.81"",""p"":""246.48""}"
2026-10-05T00:08:39.989471Z,1791158919579,USUSDT,Buy,850,0.013270,"{""T"":1791158919579,""s"":""USUSDT"",""S"":""Buy"",""v"":""850"",""p"":""0.013270""}"
2026-10-05T00:08:50.850660Z,1791158930605,AXSUSDT,Sell,35.5,1.4037,"{""T"":1791158930605,""s"":""AXSUSDT"",""S"":""Sell"",""v"":""35.5"",""p"":""1.4037""}"
2026-10-05T00:09:05.314719Z,1791158945088,PUMPFUNUSDT,Buy,56700,0.0064020,"{""T"":1791158945088,""s"":""PUMPFUNUSDT"",""S"":""Buy"",""v"":""56700"",""p"":""0.0064020""}"
2026-10-05T00:09:22.067327Z,1791158961552,BTCUSDT,Sell,0.001,86667.80,"{""T"":1791158961552,""s"":""BTCUSDT"",""S"":""Sell"",""v"":""0.001"",""p"":""86667.80""}"
2026-10-05T00:09:22.136763Z,1791158961896,LYNUSDT,Buy,21129,0.02780,"{""T"":1791158961896,""s"":""LYNUSDT"",""S"":""Buy"",""v"":""21129"",""p"":""0.02780""}"
2026-10-05T00:09:57.350712Z,1791158996777,AXSUSDT,Buy,324.9,1.3659,"{""T"":1791158996777,""s"":""AXSUSDT"",""S"":""Buy"",""v"":""324.9"",""p"":""1.3659""}"
2026-10-05T00:10:32.637197Z,1791159032095,LYNUSDT,Buy,5039,0.02748,"{""T"":1791159032095,""s"":""LYNUSDT"",""S"":""Buy"",""v"":""5039"",""p"":""0.02748""}"
2026-10-05T00:10:37.494854Z,1791159037278,MUBARAKUSDT,Buy,208,0.064370,"{""T"":1791159037278,""s"":""MUBARAKUSDT"",""S"":""Buy"",""v"":""208"",""p"":""0.064370""}"
2026-10-05T00:10:37.498049Z,1791159037278,TMXUSDT,Buy,1008,0.01490,"{""T"":1791159037278,""s"":""TMXUSDT"",""S"":""Buy"",""v"":""1008"",""p"":""0.01490""}"
2026-10-05T00:10:37.517651Z,1791159037278,BEAMUSDT,Buy,5500,0.0024837,"{""T"":1791159037278,""s"":""BEAMUSDT"",""S"":""Buy"",""v"":""5500"",""p"":""0.0024837""}"
2026-10-05T00:10:37.637003Z,1791159037278,LYNUSDT,Buy,507,0.02728,"{""T"":1791159037278,""s"":""LYNUSDT"",""S"":""Buy"",""v"":""507"",""p"":""0.02728""}"
2026-10-05T00:10:45.998246Z,1791159045832,TMXUSDT,Buy,13578,0.01484,"{""T"":1791159045832,""s"":""TMXUSDT"",""S"":""Buy"",""v"":""13578"",""p"":""0.01484""}"
2026-10-05T00:10:46.499231Z,1791159045925,TMXUSDT,Buy,1681,0.01485,"{""T"":1791159045925,""s"":""TMXUSDT"",""S"":""Buy"",""v"":""1681"",""p"":""0.01485""}"
2026-10-05T00:10:46.499231Z,1791159046169,TMXUSDT,Buy,1476,0.01480,"{""T"":1791159046169,""s"":""TMXUSDT"",""S"":""Buy"",""v"":""1476"",""p"":""0.01480""}"
2026-10-05T00:11:02.064999Z,1791159061662,IOTAUSDT,Sell,117.9,0.06004,"{""T"":1791159061662,""s"":""IOTAUSDT"",""S"":""Sell"",""v"":""117.9"",""p"":""0.06004""}"
2026-10-05T00:11:14.988772Z,1791159074778,SOXLUSDT,Sell,3.32,169.79,"{""T"":1791159074778,""s"":""SOXLUSDT"",""S"":""Sell"",""v"":""3.32"",""p"":""169.79""}"
2026-10-05T00:11:23.992265Z,1791159083896,XAUUSDT,Sell,0.231,4173.50,"{""T"":1791159083896,""s"":""XAUUSDT"",""S"":""Sell"",""v"":""0.231"",""p"":""4173.50""}"
2026-10-05T00:12:39.565171Z,1791159159114,SOLUSDT,Buy,160.4,120.580,"{""T"":1791159159114,""s"":""SOLUSDT"",""S"":""Buy"",""v"":""160.4"",""p"":""120.580""}"
2026-10-05T00:12:42.998253Z,1791159162810,TMXUSDT,Buy,133094,0.01466,"{""T"":1791159162810,""s"":""TMXUSDT"",""S"":""Buy"",""v"":""133094"",""p"":""0.01466""}"
2026-10-05T00:12:43.499203Z,1791159162943,TMXUSDT,Buy,29558,0.01468,"{""T"":1791159162943,""s"":""TMXUSDT"",""S"":""Buy"",""v"":""29558"",""p"":""0.01468""}"
2026-10-05T00:12:55.999695Z,1791159175543,TMXUSDT,Buy,15626,0.01464,"{""T"":1791159175543,""s"":""TMXUSDT"",""S"":""Buy"",""v"":""15626"",""p"":""0.01464""}"
2026-10-05T00:12:55.999695Z,1791159175672,TMXUSDT,Buy,3588,0.01465,"{""T"":1791159175672,""s"":""TMXUSDT"",""S"":""Buy"",""v"":""3588"",""p"":""0.01465""}"
2026-10-05T00:12:55.999695Z,1791159175703,TMXUSDT,Buy,3253,0.01464,"{""T"":1791159175703,""s"":""TMXUSDT"",""S"":""Buy"",""v"":""3253"",""p"":""0.01464""}"
2026-10-05T00:12:58.488552Z,1791159178322,SOXLUSDT,Buy,0.65,166.87,"{""T"":1791159178322,""s"":""SOXLUSDT"",""S"":""Buy"",""v"":""0.65"",""p"":""166.87""}"
2026-10-05T00:15:43.637112Z,1791159343547,LYNUSDT,Buy,597,0.02715,"{""T"":1791159343547,""s"":""LYNUSDT"",""S"":""Buy"",""v"":""597"",""p"":""0.02715""}"
2026-10-05T00:16:19.137176Z,1791159378648,LYNUSDT,Buy,2489,0.02675,"{""T"":1791159378648,""s"":""LYNUSDT"",""S"":""Buy"",""v"":""2489"",""p"":""0.02675""}"
2026-10-05T00:16:19.137176Z,1791159378771,LYNUSDT,Buy,2244,0.02677,"{""T"":1791159378771,""s"":""LYNUSDT"",""S"":""Buy"",""v"":""2244"",""p"":""0.02677""}"
2026-10-05T00:16:51.137049Z,1791159410964,LYNUSDT,Buy,912,0.02625,"{""T"":1791159410964,""s"":""LYNUSDT"",""S"":""Buy"",""v"":""912"",""p"":""0.02625""}"
2026-10-05T00:16:59.315588Z,1791159418893,PUMPFUNUSDT,Sell,141200,0.0065590,"{""T"":1791159418893,""s"":""PUMPFUNUSDT"",""S"":""Sell"",""v"":""141200"",""p"":""0.0065590""}"
2026-10-05T00:17:34.137612Z,1791159453665,LYNUSDT,Sell,1039,0.02814,"{""T"":1791159453665,""s"":""LYNUSDT"",""S"":""Sell"",""v"":""1039"",""p"":""0.02814""}"
2026-10-05T00:17:53.498652Z,1791159473203,TMXUSDT,Sell,8275,0.01581,"{""T"":1791159473203,""s"":""TMXUSDT"",""S"":""Sell"",""v"":""8275"",""p"":""0.01581""}"
2026-10-05T00:17:53.998106Z,1791159473634,TMXUSDT,Sell,67169,0.01579,"{""T"":1791159473634,""s"":""TMXUSDT"",""S"":""Sell"",""v"":""67169"",""p"":""0.01579""}"
2026-10-05T00:19:35.488923Z,1791159575040,USUSDT,Buy,720,0.013000,"{""T"":1791159575040,""s"":""USUSDT"",""S"":""Buy"",""v"":""720"",""p"":""0.013000""}"
2026-10-05T00:19:36.988874Z,1791159576733,USUSDT,Buy,550,0.012980,"{""T"":1791159576733,""s"":""USUSDT"",""S"":""Buy"",""v"":""550"",""p"":""0.012980""}"
2026-10-05T00:19:37.489569Z,1791159576954,USUSDT,Buy,670,0.012990,"{""T"":1791159576954,""s"":""USUSDT"",""S"":""Buy"",""v"":""670"",""p"":""0.012990""}"
2026-10-05T00:20:06.314909Z,1791159605802,PUMPFUNUSDT,Buy,46000,0.0064130,"{""T"":1791159605802,""s"":""PUMPFUNUSDT"",""S"":""Buy"",""v"":""46000"",""p"":""0.0064130""}"
2026-10-05T00:21:07.850315Z,1791159667646,SANDUSDT,Buy,39856,0.07430,"{""T"":1791159667646,""s"":""SANDUSDT"",""S"":""Buy"",""v"":""39856"",""p"":""0.07430""}"
2026-10-05T00:21:39.916099Z,1791159699375,ZECUSDT,Sell,2.34,1363.38,"{""T"":1791159699375,""s"":""ZECUSDT"",""S"":""Sell"",""v"":""2.34"",""p"":""1363.38""}"
2026-10-05T00:22:31.919350Z,1791159751721,ADAUSDT,Buy,19,0.2568,"{""T"":1791159751721,""s"":""ADAUSDT"",""S"":""Buy"",""v"":""19"",""p"":""0.2568""}"
2026-10-05T00:22:43.488769Z,1791159763247,XAUUSDT,Sell,0.178,4175.41,"{""T"":1791159763247,""s"":""XAUUSDT"",""S"":""Sell"",""v"":""0.178"",""p"":""4175.41""}"
2026-10-05T00:22:44.988470Z,1791159764865,XAUUSDT,Sell,0.007,4176.02,"{""T"":1791159764865,""s"":""XAUUSDT"",""S"":""Sell"",""v"":""0.007"",""p"":""4176.02""}"
2026-10-05T00:22:49.850035Z,1791159769623,SANDUSDT,Buy,1024,0.07402,"{""T"":1791159769623,""s"":""SANDUSDT"",""S"":""Buy"",""v"":""1024"",""p"":""0.07402""}"
2026-10-05T00:23:57.488481Z,1791159837106,XAUUSDT,Sell,0.016,4178.26,"{""T"":1791159837106,""s"":""XAUUSDT"",""S"":""Sell"",""v"":""0.016"",""p"":""4178.26""}"
2026-10-05T00:24:01.349964Z,1791159840881,SANDUSDT,Buy,10633,0.07356,"{""T"":1791159840881,""s"":""SANDUSDT"",""S"":""Buy"",""v"":""10633"",""p"":""0.07356""}"
2026-10-05T00:24:05.958244Z,1791159845803,ETHUSDT,Buy,0.05,2713.74,"{""T"":1791159845803,""s"":""ETHUSDT"",""S"":""Buy"",""v"":""0.05"",""p"":""2713.74""}"
2026-10-05T00:24:05.988710Z,1791159845755,ZROUSDT,Buy,735.3,1.9181,"{""T"":1791159845755,""s"":""ZROUSDT"",""S"":""Buy"",""v"":""735.3"",""p"":""1.9181""}"
2026-10-05T00:24:05.988710Z,1791159845803,ZROUSDT,Buy,394.5,1.9182,"{""T"":1791159845803,""s"":""ZROUSDT"",""S"":""Buy"",""v"":""394.5"",""p"":""1.9182""}"
2026-10-05T00:24:06.018096Z,1791159845755,NEARUSDT,Sell,237.8,4.9350,"{""T"":1791159845755,""s"":""NEARUSDT"",""S"":""Sell"",""v"":""237.8"",""p"":""4.9350""}"
2026-10-05T00:24:06.067780Z,1791159845803,BTCUSDT,Buy,0.004,86060.80,"{""T"":1791159845803,""s"":""BTCUSDT"",""S"":""Buy"",""v"":""0.004"",""p"":""86060.80""}"
2026-10-05T00:24:06.488983Z,1791159846187,ZROUSDT,Buy,999.9,1.9211,"{""T"":1791159846187,""s"":""ZROUSDT"",""S"":""Buy"",""v"":""999.9"",""p"":""1.9211""}"
2026-10-05T00:24:07.850114Z,1791159847340,SANDUSDT,Buy,428,0.07341,"{""T"":1791159847340,""s"":""SANDUSDT"",""S"":""Buy"",""v"":""428"",""p"":""0.07341""}"
2026-10-05T00:24:17.017963Z,1791159856675,AVAXUSDT,Buy,27.5,10.943,"{""T"":1791159856675,""s"":""AVAXUSDT"",""S"":""Buy"",""v"":""27.5"",""p"":""10.943""}"
2026-10-05T00:24:37.356815Z,1791159877107,AXSUSDT,Buy,4.7,1.3348,"{""T"":1791159877107,""s"":""AXSUSDT"",""S"":""Buy"",""v"":""4.7"",""p"":""1.3348""}"
2026-10-05T00:25:23.850263Z,1791159923625,SANDUSDT,Buy,3827,0.07311,"{""T"":1791159923625,""s"":""SANDUSDT"",""S"":""Buy"",""v"":""3827"",""p"":""0.07311""}"
2026-10-05T00:25:40.566739Z,1791159940151,SOLUSDT,Buy,6.3,120.500,"{""T"":1791159940151,""s"":""SOLUSDT"",""S"":""Buy"",""v"":""6.3"",""p"":""120.500""}"
2026-10-05T00:26:01.850623Z,1791159961512,SANDUSDT,Buy,1247,0.07296,"{""T"":1791159961512,""s"":""SANDUSDT"",""S"":""Buy"",""v"":""1247"",""p"":""0.07296""}"
2026-10-05T00:26:01.850623Z,1791159961550,SANDUSDT,Buy,383,0.07300,"{""T"":1791159961550,""s"":""SANDUSDT"",""S"":""Buy"",""v"":""383"",""p"":""0.07300""}"
2026-10-05T00:26:21.518333Z,1791159981068,NEARUSDT,Buy,133.4,4.8600,"{""T"":1791159981068,""s"":""NEARUSDT"",""S"":""Buy"",""v"":""133.4"",""p"":""4.8600""}"
2026-10-05T00:26:58.488789Z,1791160018013,ZROUSDT,Buy,79.5,1.9065,"{""T"":1791160018013,""s"":""ZROUSDT"",""S"":""Buy"",""v"":""79.5"",""p"":""1.9065""}"
2026-10-05T00:27:01.350639Z,1791160021174,SANDUSDT,Buy,20000,0.07264,"{""T"":1791160021174,""s"":""SANDUSDT"",""S"":""Buy"",""v"":""20000"",""p"":""0.07264""}"
2026-10-05T00:27:01.457919Z,1791160021332,QNTUSDT,Buy,19.93,247.61,"{""T"":1791160021332,""s"":""QNTUSDT"",""S"":""Buy"",""v"":""19.93"",""p"":""247.61""}"
2026-10-05T00:27:01.488534Z,1791160021073,ZROUSDT,Buy,5169.5,1.9051,"{""T"":1791160021073,""s"":""ZROUSDT"",""S"":""Buy"",""v"":""5169.5"",""p"":""1.9051""}"
2026-10-05T00:27:01.488534Z,1791160021361,ZROUSDT,Buy,1382.9,1.9052,"{""T"":1791160021361,""s"":""ZROUSDT"",""S"":""Buy"",""v"":""1382.9"",""p"":""1.9052""}"
2026-10-05T00:27:01.637543Z,1791160021332,STRKUSDT,Buy,87108.2,0.05813,"{""T"":1791160021332,""s"":""STRKUSDT"",""S"":""Buy"",""v"":""87108.2"",""p"":""0.05813""}"
2026-10-05T00:27:01.850197Z,1791160021332,AXSUSDT,Buy,3642.8,1.3397,"{""T"":1791160021332,""s"":""AXSUSDT"",""S"":""Buy"",""v"":""3642.8"",""p"":""1.3397""}"
2026-10-05T00:27:01.850703Z,1791160021332,SANDUSDT,Buy,59059,0.07251,"{""T"":1791160021332,""s"":""SANDUSDT"",""S"":""Buy"",""v"":""59059"",""p"":""0.07251""}"
2026-10-05T00:27:01.850703Z,1791160021339,SANDUSDT,Buy,95057,0.07273,"{""T"":1791160021339,""s"":""SANDUSDT"",""S"":""Buy"",""v"":""95057"",""p"":""0.07273""}"
2026-10-05T00:27:02.350126Z,1791160021940,SANDUSDT,Buy,41743,0.07276,"{""T"":1791160021940,""s"":""SANDUSDT"",""S"":""Buy"",""v"":""41743"",""p"":""0.07276""}"
2026-10-05T00:27:11.957926Z,1791160031669,ETHUSDT,Buy,7.71,2710.24,"{""T"":1791160031669,""s"":""ETHUSDT"",""S"":""Buy"",""v"":""7.71"",""p"":""2710.24""}"
2026-10-05T00:27:13.637237Z,1791160033155,LYNUSDT,Buy,3650,0.02598,"{""T"":1791160033155,""s"":""LYNUSDT"",""S"":""Buy"",""v"":""3650"",""p"":""0.02598""}"
2026-10-05T00:28:00.814953Z,1791160080591,XPLUSDT,Buy,3475,0.09497,"{""T"":1791160080591,""s"":""XPLUSDT"",""S"":""Buy"",""v"":""3475"",""p"":""0.09497""}"
2026-10-05T00:28:02.137310Z,1791160081665,LYNUSDT,Buy,10000,0.02552,"{""T"":1791160081665,""s"":""LYNUSDT"",""S"":""Buy"",""v"":""10000"",""p"":""0.02552""}"
2026-10-05T00:28:02.137310Z,1791160081980,LYNUSDT,Buy,1641,0.02553,"{""T"":1791160081980,""s"":""LYNUSDT"",""S"":""Buy"",""v"":""1641"",""p"":""0.02553""}"
2026-10-05T00:28:02.137683Z,1791160081980,MOVRUSDT,Buy,125.0,1.6340,"{""T"":1791160081980,""s"":""MOVRUSDT"",""S"":""Buy"",""v"":""125.0"",""p"":""1.6340""}"
2026-10-05T00:28:02.330765Z,1791160081980,LONGXIAUSDT,Buy,1550,0.0426,"{""T"":1791160081980,""s"":""LONGXIAUSDT"",""S"":""Buy"",""v"":""1550"",""p"":""0.0426""}"
2026-10-05T00:28:02.350112Z,1791160081980,USELESSUSDT,Buy,51,0.22909,"{""T"":1791160081980,""s"":""USELESSUSDT"",""S"":""Buy"",""v"":""51"",""p"":""0.22909""}"
2026-10-05T00:28:02.350528Z,1791160081980,SANDUSDT,Buy,10797,0.07234,"{""T"":1791160081980,""s"":""SANDUSDT"",""S"":""Buy"",""v"":""10797"",""p"":""0.07234""}"
2026-10-05T00:28:02.488524Z,1791160081980,USUSDT,Buy,12300,0.013110,"{""T"":1791160081980,""s"":""USUSDT"",""S"":""Buy"",""v"":""12300"",""p"":""0.013110""}"
2026-10-05T00:28:02.494409Z,1791160081980,MUBARAKUSDT,Buy,4002,0.064348,"{""T"":1791160081980,""s"":""MUBARAKUSDT"",""S"":""Buy"",""v"":""4002"",""p"":""0.064348""}"
2026-10-05T00:28:02.497929Z,1791160081980,TMXUSDT,Buy,1277,0.01511,"{""T"":1791160081980,""s"":""TMXUSDT"",""S"":""Buy"",""v"":""1277"",""p"":""0.01511""}"
2026-10-05T00:28:02.517740Z,1791160081980,BEAMUSDT,Buy,101500,0.0024706,"{""T"":1791160081980,""s"":""BEAMUSDT"",""S"":""Buy"",""v"":""101500"",""p"":""0.0024706""}"
2026-10-05T00:28:02.830764Z,1791160082453,ATHUSDT,Buy,9760,0.007572,"{""T"":1791160082453,""s"":""ATHUSDT"",""S"":""Buy"",""v"":""9760"",""p"":""0.007572""}"
2026-10-05T00:28:02.850329Z,1791160082453,SANDUSDT,Buy,3786,0.07236,"{""T"":1791160082453,""s"":""SANDUSDT"",""S"":""Buy"",""v"":""3786"",""p"":""0.07236""}"
2026-10-05T00:28:02.850329Z,1791160082541,SANDUSDT,Buy,918,0.07243,"{""T"":1791160082541,""s"":""SANDUSDT"",""S"":""Buy"",""v"":""918"",""p"":""0.07243""}"
2026-10-05T00:28:02.915871Z,1791160082453,ADAUSDT,Buy,475,0.2570,"{""T"":1791160082453,""s"":""ADAUSDT"",""S"":""Buy"",""v"":""475"",""p"":""0.2570""}"
2026-10-05T00:28:03.018527Z,1791160082453,BEAMUSDT,Buy,15100,0.0024720,"{""T"":1791160082453,""s"":""BEAMUSDT"",""S"":""Buy"",""v"":""15100"",""p"":""0.0024720""}"
2026-10-05T00:28:03.350107Z,1791160082808,SANDUSDT,Buy,649,0.07231,"{""T"":1791160082808,""s"":""SANDUSDT"",""S"":""Buy"",""v"":""649"",""p"":""0.07231""}"
2026-10-05T00:28:07.350127Z,1791160087046,SANDUSDT,Buy,1172,0.07227,"{""T"":1791160087046,""s"":""SANDUSDT"",""S"":""Buy"",""v"":""1172"",""p"":""0.07227""}"
2026-10-05T00:28:07.350127Z,1791160087098,SANDUSDT,Buy,189756,0.07225,"{""T"":1791160087098,""s"":""SANDUSDT"",""S"":""Buy"",""v"":""189756"",""p"":""0.07225""}"
2026-10-05T00:28:16.136800Z,1791160095648,LYNUSDT,Buy,875,0.02543,"{""T"":1791160095648,""s"":""LYNUSDT"",""S"":""Buy"",""v"":""875"",""p"":""0.02543""}"
2026-10-05T00:29:03.518318Z,1791160143226,MNTUSDT,Buy,67.8,0.65280,"{""T"":1791160143226,""s"":""MNTUSDT"",""S"":""Buy"",""v"":""67.8"",""p"":""0.65280""}"
2026-10-05T00:29:03.638306Z,1791160143226,LYNUSDT,Buy,1265,0.02530,"{""T"":1791160143226,""s"":""LYNUSDT"",""S"":""Buy"",""v"":""1265"",""p"":""0.02530""}"
2026-10-05T00:29:06.314740Z,1791160145916,XPLUSDT,Buy,1487,0.09490,"{""T"":1791160145916,""s"":""XPLUSDT"",""S"":""Buy"",""v"":""1487"",""p"":""0.09490""}"
2026-10-05T00:29:06.361189Z,1791160145883,WLDUSDT,Buy,75.4,0.5706,"{""T"":1791160145883,""s"":""WLDUSDT"",""S"":""Buy"",""v"":""75.4"",""p"":""0.5706""}"
2026-10-05T00:29:06.361189Z,1791160145916,WLDUSDT,Buy,254.0,0.5706,"{""T"":1791160145916,""s"":""WLDUSDT"",""S"":""Buy"",""v"":""254.0"",""p"":""0.5706""}"
2026-10-05T00:29:06.409988Z,1791160145916,HBARUSDT,Buy,1388,0.10299,"{""T"":1791160145916,""s"":""HBARUSDT"",""S"":""Buy"",""v"":""1388"",""p"":""0.10299""}"
2026-10-05T00:29:09.957649Z,1791160149768,ETHUSDT,Buy,0.32,2709.39,"{""T"":1791160149768,""s"":""ETHUSDT"",""S"":""Buy"",""v"":""0.32"",""p"":""2709.39""}"
2026-10-05T00:29:13.957908Z,1791160153429,ETHUSDT,Buy,0.62,2708.95,"{""T"":1791160153429,""s"":""ETHUSDT"",""S"":""Buy"",""v"":""0.62"",""p"":""2708.95""}"
2026-10-05T00:29:14.350137Z,1791160154224,SANDUSDT,Buy,6698,0.07257,"{""T"":1791160154224,""s"":""SANDUSDT"",""S"":""Buy"",""v"":""6698"",""p"":""0.07257""}"
2026-10-05T00:29:15.314707Z,1791160155160,XPLUSDT,Buy,33027,0.09485,"{""T"":1791160155160,""s"":""XPLUSDT"",""S"":""Buy"",""v"":""33027"",""p"":""0.09485""}"
2026-10-05T00:29:19.137856Z,1791160158956,LYNUSDT,Buy,36226,0.02521,"{""T"":1791160158956,""s"":""LYNUSDT"",""S"":""Buy"",""v"":""36226"",""p"":""0.02521""}"
2026-10-05T00:29:23.137331Z,1791160162878,LYNUSDT,Buy,51960,0.02506,"{""T"":1791160162878,""s"":""LYNUSDT"",""S"":""Buy"",""v"":""51960"",""p"":""0.02506""}"
2026-10-05T00:29:32.137386Z,1791160171943,LYNUSDT,Buy,3121,0.02491,"{""T"":1791160171943,""s"":""LYNUSDT"",""S"":""Buy"",""v"":""3121"",""p"":""0.02491""}"
2026-10-05T00:29:32.637799Z,1791160172238,LYNUSDT,Buy,1558,0.02488,"{""T"":1791160172238,""s"":""LYNUSDT"",""S"":""Buy"",""v"":""1558"",""p"":""0.02488""}"
2026-10-05T00:29:32.637799Z,1791160172415,LYNUSDT,Buy,1080,0.02483,"{""T"":1791160172415,""s"":""LYNUSDT"",""S"":""Buy"",""v"":""1080"",""p"":""0.02483""}"
2026-10-05T00:29:33.518741Z,1791160173163,ALGOUSDT,Buy,150.9,0.12988,"{""T"":1791160173163,""s"":""ALGOUSDT"",""S"":""Buy"",""v"":""150.9"",""p"":""0.12988""}"
2026-10-05T00:30:14.137118Z,1791160213933,LYNUSDT,Buy,16251,0.02479,"{""T"":1791160213933,""s"":""LYNUSDT"",""S"":""Buy"",""v"":""16251"",""p"":""0.02479""}"
2026-10-05T00:30:18.137694Z,1791160217811,LYNUSDT,Buy,446,0.02463,"{""T"":1791160217811,""s"":""LYNUSDT"",""S"":""Buy"",""v"":""446"",""p"":""0.02463""}"
2026-10-05T00:30:21.137371Z,1791160220619,LYNUSDT,Buy,1643,0.02447,"{""T"":1791160220619,""s"":""LYNUSDT"",""S"":""Buy"",""v"":""1643"",""p"":""0.02447""}"
2026-10-05T00:30:22.637493Z,1791160222380,LYNUSDT,Buy,10422,0.02427,"{""T"":1791160222380,""s"":""LYNUSDT"",""S"":""Buy"",""v"":""10422"",""p"":""0.02427""}"
2026-10-05T00:30:25.064792Z,1791160224746,SOLUSDT,Buy,0.1,120.290,"{""T"":1791160224746,""s"":""SOLUSDT"",""S"":""Buy"",""v"":""0.1"",""p"":""120.290""}"
2026-10-05T00:30:25.064792Z,1791160224913,SOLUSDT,Buy,1.6,120.300,"{""T"":1791160224913,""s"":""SOLUSDT"",""S"":""Buy"",""v"":""1.6"",""p"":""120.300""}"
2026-10-05T00:30:26.064643Z,1791160225525,SOLUSDT,Buy,1.5,120.280,"{""T"":1791160225525,""s"":""SOLUSDT"",""S"":""Buy"",""v"":""1.5"",""p"":""120.280""}"
2026-10-05T00:30:45.018677Z,1791160244499,NEARUSDT,Buy,399.4,4.8430,"{""T"":1791160244499,""s"":""NEARUSDT"",""S"":""Buy"",""v"":""399.4"",""p"":""4.8430""}"
2026-10-05T00:30:50.064543Z,1791160249953,SOLUSDT,Buy,7.0,120.240,"{""T"":1791160249953,""s"":""SOLUSDT"",""S"":""Buy"",""v"":""7.0"",""p"":""120.240""}"
2026-10-05T00:31:15.067682Z,1791160274668,BTCUSDT,Buy,0.025,85928.00,"{""T"":1791160274668,""s"":""BTCUSDT"",""S"":""Buy"",""v"":""0.025"",""p"":""85928.00""}"
2026-10-05T00:31:23.499085Z,1791160283323,TMXUSDT,Buy,15769,0.01476,"{""T"":1791160283323,""s"":""TMXUSDT"",""S"":""Buy"",""v"":""15769"",""p"":""0.01476""}"
2026-10-05T00:31:25.839129Z,1791160285337,XRPUSDT,Buy,114.4,1.5054,"{""T"":1791160285337,""s"":""XRPUSDT"",""S"":""Buy"",""v"":""114.4"",""p"":""1.5054""}"
2026-10-05T00:31:26.067497Z,1791160285823,BTCUSDT,Buy,0.008,85905.00,"{""T"":1791160285823,""s"":""BTCUSDT"",""S"":""Buy"",""v"":""0.008"",""p"":""85905.00""}"
2026-10-05T00:31:26.339688Z,1791160285810,XRPUSDT,Buy,3289.0,1.5050,"{""T"":1791160285810,""s"":""XRPUSDT"",""S"":""Buy"",""v"":""3289.0"",""p"":""1.5050""}"
2026-10-05T00:31:27.457815Z,1791160287161,ETHUSDT,Buy,1.75,2708.35,"{""T"":1791160287161,""s"":""ETHUSDT"",""S"":""Buy"",""v"":""1.75"",""p"":""2708.35""}"
2026-10-05T00:31:31.567901Z,1791160291368,BTCUSDT,Buy,0.015,85884.30,"{""T"":1791160291368,""s"":""BTCUSDT"",""S"":""Buy"",""v"":""0.015"",""p"":""85884.30""}"
2026-10-05T00:31:33.350576Z,1791160292967,AXSUSDT,Buy,11.9,1.3255,"{""T"":1791160292967,""s"":""AXSUSDT"",""S"":""Buy"",""v"":""11.9"",""p"":""1.3255""}"
2026-10-05T00:31:36.568136Z,1791160296433,BTCUSDT,Buy,0.170,85881.90,"{""T"":1791160296433,""s"":""BTCUSDT"",""S"":""Buy"",""v"":""0.170"",""p"":""85881.90""}"
2026-10-05T00:31:36.910211Z,1791160296433,HBARUSDT,Buy,30000,0.10297,"{""T"":1791160296433,""s"":""HBARUSDT"",""S"":""Buy"",""v"":""30000"",""p"":""0.10297""}"
2026-10-05T00:31:36.916037Z,1791160296433,ARBUSDT,Buy,25000.0,0.20103,"{""T"":1791160296433,""s"":""ARBUSDT"",""S"":""Buy"",""v"":""25000.0"",""p"":""0.20103""}"
2026-10-05T00:31:36.958005Z,1791160296433,ETHUSDT,Buy,4.50,2707.84,"{""T"":1791160296433,""s"":""ETHUSDT"",""S"":""Buy"",""v"":""4.50"",""p"":""2707.84""}"
2026-10-05T00:31:39.498525Z,1791160299314,TMXUSDT,Buy,143353,0.01455,"{""T"":1791160299314,""s"":""TMXUSDT"",""S"":""Buy"",""v"":""143353"",""p"":""0.01455""}"
2026-10-05T00:31:40.498193Z,1791160300324,TMXUSDT,Buy,3291,0.01453,"{""T"":1791160300324,""s"":""TMXUSDT"",""S"":""Buy"",""v"":""3291"",""p"":""0.01453""}"
2026-10-05T00:31:41.498597Z,1791160300955,TMXUSDT,Buy,613,0.01452,"{""T"":1791160300955,""s"":""TMXUSDT"",""S"":""Buy"",""v"":""613"",""p"":""0.01452""}"
2026-10-05T00:31:42.998698Z,1791160302477,TMXUSDT,Buy,2638,0.01442,"{""T"":1791160302477,""s"":""TMXUSDT"",""S"":""Buy"",""v"":""2638"",""p"":""0.01442""}"
2026-10-05T00:32:02.351089Z,1791160321876,AXSUSDT,Buy,759.8,1.3112,"{""T"":1791160321876,""s"":""AXSUSDT"",""S"":""Buy"",""v"":""759.8"",""p"":""1.3112""}"
2026-10-05T00:32:10.958259Z,1791160330703,QNTUSDT,Sell,6.02,254.55,"{""T"":1791160330703,""s"":""QNTUSDT"",""S"":""Sell"",""v"":""6.02"",""p"":""254.55""}"
2026-10-05T00:32:15.498344Z,1791160335150,TMXUSDT,Buy,150047,0.01439,"{""T"":1791160335150,""s"":""TMXUSDT"",""S"":""Buy"",""v"":""150047"",""p"":""0.01439""}"
2026-10-05T00:33:29.137334Z,1791160408901,LYNUSDT,Sell,24687,0.02658,"{""T"":1791160408901,""s"":""LYNUSDT"",""S"":""Sell"",""v"":""24687"",""p"":""0.02658""}"
2026-10-05T00:34:23.851510Z,1791160463724,SANDUSDT,Sell,10042,0.07468,"{""T"":1791160463724,""s"":""SANDUSDT"",""S"":""Sell"",""v"":""10042"",""p"":""0.07468""}"
2026-10-05T00:35:50.815281Z,1791160550269,WLFIUSDT,Buy,38123,0.05438,"{""T"":1791160550269,""s"":""WLFIUSDT"",""S"":""Buy"",""v"":""38123"",""p"":""0.05438""}"
2026-10-05T00:37:23.498520Z,1791160643162,PENGUUSDT,Sell,6080,0.009666,"{""T"":1791160643162,""s"":""PENGUUSDT"",""S"":""Sell"",""v"":""6080"",""p"":""0.009666""}"
2026-10-05T00:41:03.415975Z,1791160863278,ADAUSDT,Sell,77,0.2620,"{""T"":1791160863278,""s"":""ADAUSDT"",""S"":""Sell"",""v"":""77"",""p"":""0.2620""}"
2026-10-05T00:41:58.067876Z,1791160917648,BTCUSDT,Sell,0.011,86774.60,"{""T"":1791160917648,""s"":""BTCUSDT"",""S"":""Sell"",""v"":""0.011"",""p"":""86774.60""}"
2026-10-05T00:42:36.415914Z,1791160955912,ADAUSDT,Sell,40830,0.2631,"{""T"":1791160955912,""s"":""ADAUSDT"",""S"":""Sell"",""v"":""40830"",""p"":""0.2631""}"
2026-10-05T00:42:49.567978Z,1791160969452,BTCUSDT,Sell,0.007,86826.50,"{""T"":1791160969452,""s"":""BTCUSDT"",""S"":""Sell"",""v"":""0.007"",""p"":""86826.50""}"
2026-10-05T00:42:49.957929Z,1791160969452,ETHUSDT,Sell,0.44,2735.17,"{""T"":1791160969452,""s"":""ETHUSDT"",""S"":""Sell"",""v"":""0.44"",""p"":""2735.17""}"
2026-10-05T00:42:53.067546Z,1791160972964,BTCUSDT,Sell,0.019,86845.10,"{""T"":1791160972964,""s"":""BTCUSDT"",""S"":""Sell"",""v"":""0.019"",""p"":""86845.10""}"
2026-10-05T00:42:53.489127Z,1791160972964,XAUUSDT,Sell,0.007,4173.72,"{""T"":1791160972964,""s"":""XAUUSDT"",""S"":""Sell"",""v"":""0.007"",""p"":""4173.72""}"
2026-10-05T00:43:04.958220Z,1791160984387,ETHUSDT,Sell,0.01,2736.63,"{""T"":1791160984387,""s"":""ETHUSDT"",""S"":""Sell"",""v"":""0.01"",""p"":""2736.63""}"
2026-10-05T00:43:06.458050Z,1791160986368,ETHUSDT,Sell,25.00,2736.97,"{""T"":1791160986368,""s"":""ETHUSDT"",""S"":""Sell"",""v"":""25.00"",""p"":""2736.97""}"
2026-10-05T00:43:06.567640Z,1791160986368,BTCUSDT,Sell,0.700,86855.50,"{""T"":1791160986368,""s"":""BTCUSDT"",""S"":""Sell"",""v"":""0.700"",""p"":""86855.50""}"
2026-10-05T00:43:07.457981Z,1791160987064,ETHUSDT,Sell,0.05,2737.58,"{""T"":1791160987064,""s"":""ETHUSDT"",""S"":""Sell"",""v"":""0.05"",""p"":""2737.58""}"
2026-10-05T00:43:07.958598Z,1791160987690,ETHUSDT,Sell,19.78,2737.65,"{""T"":1791160987690,""s"":""ETHUSDT"",""S"":""Sell"",""v"":""19.78"",""p"":""2737.65""}"
2026-10-05T00:43:08.067772Z,1791160987690,BTCUSDT,Sell,0.456,86863.40,"{""T"":1791160987690,""s"":""BTCUSDT"",""S"":""Sell"",""v"":""0.456"",""p"":""86863.40""}"
2026-10-05T00:43:16.567611Z,1791160996446,BTCUSDT,Sell,0.001,86869.90,"{""T"":1791160996446,""s"":""BTCUSDT"",""S"":""Sell"",""v"":""0.001"",""p"":""86869.90""}"
2026-10-05T00:44:35.489126Z,1791161075195,USUSDT,Sell,2790,0.014220,"{""T"":1791161075195,""s"":""USUSDT"",""S"":""Sell"",""v"":""2790"",""p"":""0.014220""}"
2026-10-05T00:44:35.494681Z,1791161075195,OPUSDT,Sell,2220.5,0.13587,"{""T"":1791161075195,""s"":""OPUSDT"",""S"":""Sell"",""v"":""2220.5"",""p"":""0.13587""}"
2026-10-05T00:44:47.067937Z,1791161086927,BTCUSDT,Sell,0.027,86881.50,"{""T"":1791161086927,""s"":""BTCUSDT"",""S"":""Sell"",""v"":""0.027"",""p"":""86881.50""}"
2026-10-05T00:44:47.567936Z,1791161087191,BTCUSDT,Sell,0.009,86875.80,"{""T"":1791161087191,""s"":""BTCUSDT"",""S"":""Sell"",""v"":""0.009"",""p"":""86875.80""}"
2026-10-05T00:44:57.814878Z,1791161097283,PUMPFUNUSDT,Buy,775300,0.0063660,"{""T"":1791161097283,""s"":""PUMPFUNUSDT"",""S"":""Buy"",""v"":""775300"",""p"":""0.0063660""}"
2026-10-05T00:46:24.339687Z,1791161183776,XRPUSDT,Sell,43.2,1.5293,"{""T"":1791161183776,""s"":""XRPUSDT"",""S"":""Sell"",""v"":""43.2"",""p"":""1.5293""}"
2026-10-05T00:47:05.353952Z,1791161225020,SANDUSDT,Buy,68175,0.07244,"{""T"":1791161225020,""s"":""SANDUSDT"",""S"":""Buy"",""v"":""68175"",""p"":""0.07244""}"
2026-10-05T00:47:07.850040Z,1791161227635,SANDUSDT,Buy,54813,0.07230,"{""T"":1791161227635,""s"":""SANDUSDT"",""S"":""Buy"",""v"":""54813"",""p"":""0.07230""}"
2026-10-05T00:47:07.958042Z,1791161227635,ETHUSDT,Buy,3.51,2715.90,"{""T"":1791161227635,""s"":""ETHUSDT"",""S"":""Buy"",""v"":""3.51"",""p"":""2715.90""}"
2026-10-05T00:47:09.350709Z,1791161228991,SANDUSDT,Buy,586,0.07206,"{""T"":1791161228991,""s"":""SANDUSDT"",""S"":""Buy"",""v"":""586"",""p"":""0.07206""}"
2026-10-05T00:47:09.350709Z,1791161229201,SANDUSDT,Buy,819,0.07207,"{""T"":1791161229201,""s"":""SANDUSDT"",""S"":""Buy"",""v"":""819"",""p"":""0.07207""}"
2026-10-05T00:47:24.640739Z,1791161244251,LYNUSDT,Buy,8053,0.02468,"{""T"":1791161244251,""s"":""LYNUSDT"",""S"":""Buy"",""v"":""8053"",""p"":""0.02468""}"
2026-10-05T00:47:40.958696Z,1791161260750,QNTUSDT,Buy,8.74,249.29,"{""T"":1791161260750,""s"":""QNTUSDT"",""S"":""Buy"",""v"":""8.74"",""p"":""249.29""}"
2026-10-05T00:48:08.640271Z,1791161288354,LYNUSDT,Sell,355,0.02658,"{""T"":1791161288354,""s"":""LYNUSDT"",""S"":""Sell"",""v"":""355"",""p"":""0.02658""}"
2026-10-05T00:48:17.998305Z,1791161297792,PENGUUSDT,Sell,564590,0.009737,"{""T"":1791161297792,""s"":""PENGUUSDT"",""S"":""Sell"",""v"":""564590"",""p"":""0.009737""}"
2026-10-05T00:48:18.416244Z,1791161298186,DOGEUSDT,Sell,205,0.09693,"{""T"":1791161298186,""s"":""DOGEUSDT"",""S"":""Sell"",""v"":""205"",""p"":""0.09693""}"
2026-10-05T00:48:39.067784Z,1791161318773,BTCUSDT,Sell,0.322,86890.60,"{""T"":1791161318773,""s"":""BTCUSDT"",""S"":""Sell"",""v"":""0.322"",""p"":""86890.60""}"
2026-10-05T00:48:39.827768Z,1791161319493,ENAUSDT,Sell,2108,0.24436,"{""T"":1791161319493,""s"":""ENAUSDT"",""S"":""Sell"",""v"":""2108"",""p"":""0.24436""}"
2026-10-05T00:48:39.861089Z,1791161319493,WLDUSDT,Sell,848.8,0.5906,"{""T"":1791161319493,""s"":""WLDUSDT"",""S"":""Sell"",""v"":""848.8"",""p"":""0.5906""}"
2026-10-05T00:48:43.998294Z,1791161323824,PENGUUSDT,Sell,24770,0.009746,"{""T"":1791161323824,""s"":""PENGUUSDT"",""S"":""Sell"",""v"":""24770"",""p"":""0.009746""}"
2026-10-05T00:49:05.351025Z,1791161345252,SANDUSDT,Sell,8153,0.07451,"{""T"":1791161345252,""s"":""SANDUSDT"",""S"":""Sell"",""v"":""8153"",""p"":""0.07451""}"
2026-10-05T00:49:51.861886Z,1791161391460,WLDUSDT,Sell,450.1,0.5911,"{""T"":1791161391460,""s"":""WLDUSDT"",""S"":""Sell"",""v"":""450.1"",""p"":""0.5911""}"
2026-10-05T00:51:05.022554Z,1791161464716,NEARUSDT,Sell,186.0,4.9480,"{""T"":1791161464716,""s"":""NEARUSDT"",""S"":""Sell"",""v"":""186.0"",""p"":""4.9480""}"
2026-10-05T00:51:46.638054Z,1791161506320,STRKUSDT,Buy,1323.7,0.05800,"{""T"":1791161506320,""s"":""STRKUSDT"",""S"":""Buy"",""v"":""1323.7"",""p"":""0.05800""}"
2026-10-05T00:53:54.839080Z,1791161634346,HNTUSDT,Sell,11.48,0.6262,"{""T"":1791161634346,""s"":""HNTUSDT"",""S"":""Sell"",""v"":""11.48"",""p"":""0.6262""}"
2026-10-05T00:56:00.137103Z,1791161759948,LYNUSDT,Buy,2889,0.02490,"{""T"":1791161759948,""s"":""LYNUSDT"",""S"":""Buy"",""v"":""2889"",""p"":""0.02490""}"
2026-10-05T00:56:20.827678Z,1791161780499,ENAUSDT,Sell,687,0.24545,"{""T"":1791161780499,""s"":""ENAUSDT"",""S"":""Sell"",""v"":""687"",""p"":""0.24545""}"
2026-10-05T00:56:20.988745Z,1791161780499,ZROUSDT,Sell,19.2,2.0026,"{""T"":1791161780499,""s"":""ZROUSDT"",""S"":""Sell"",""v"":""19.2"",""p"":""2.0026""}"
2026-10-05T00:56:21.327803Z,1791161781010,ENAUSDT,Sell,2867,0.24547,"{""T"":1791161781010,""s"":""ENAUSDT"",""S"":""Sell"",""v"":""2867"",""p"":""0.24547""}"
2026-10-05T00:56:31.137134Z,1791161790702,LYNUSDT,Buy,634,0.02462,"{""T"":1791161790702,""s"":""LYNUSDT"",""S"":""Buy"",""v"":""634"",""p"":""0.02462""}"
2026-10-05T00:56:33.637294Z,1791161793388,LYNUSDT,Buy,148984,0.02451,"{""T"":1791161793388,""s"":""LYNUSDT"",""S"":""Buy"",""v"":""148984"",""p"":""0.02451""}"
2026-10-05T00:56:59.638181Z,1791161819367,LYNUSDT,Buy,3506,0.02418,"{""T"":1791161819367,""s"":""LYNUSDT"",""S"":""Buy"",""v"":""3506"",""p"":""0.02418""}"
2026-10-05T00:57:03.137019Z,1791161822815,LYNUSDT,Buy,20700,0.02406,"{""T"":1791161822815,""s"":""LYNUSDT"",""S"":""Buy"",""v"":""20700"",""p"":""0.02406""}"
2026-10-05T00:57:15.637281Z,1791161835220,LYNUSDT,Buy,29281,0.02382,"{""T"":1791161835220,""s"":""LYNUSDT"",""S"":""Buy"",""v"":""29281"",""p"":""0.02382""}"
2026-10-05T00:57:58.138244Z,1791161877565,LYNUSDT,Buy,1800,0.02368,"{""T"":1791161877565,""s"":""LYNUSDT"",""S"":""Buy"",""v"":""1800"",""p"":""0.02368""}"
2026-10-05T00:58:03.501101Z,1791161883155,PENGUUSDT,Sell,513340,0.009807,"{""T"":1791161883155,""s"":""PENGUUSDT"",""S"":""Sell"",""v"":""513340"",""p"":""0.009807""}"
2026-10-05T00:58:25.994604Z,1791161905473,1000BONKUSDT,Sell,112500,0.0040130,"{""T"":1791161905473,""s"":""1000BONKUSDT"",""S"":""Sell"",""v"":""112500"",""p"":""0.0040130""}"
2026-10-05T00:58:30.489015Z,1791161910357,XAGUSDT,Sell,1.488,61.59,"{""T"":1791161910357,""s"":""XAGUSDT"",""S"":""Sell"",""v"":""1.488"",""p"":""61.59""}"
2026-10-05T00:58:40.637777Z,1791161920453,LYNUSDT,Buy,4603,0.02346,"{""T"":1791161920453,""s"":""LYNUSDT"",""S"":""Buy"",""v"":""4603"",""p"":""0.02346""}"
2026-10-05T00:58:56.637725Z,1791161936524,LYNUSDT,Buy,2673,0.02341,"{""T"":1791161936524,""s"":""LYNUSDT"",""S"":""Buy"",""v"":""2673"",""p"":""0.02341""}"
2026-10-05T00:58:57.137064Z,1791161937017,LYNUSDT,Buy,150914,0.02341,"{""T"":1791161937017,""s"":""LYNUSDT"",""S"":""Buy"",""v"":""150914"",""p"":""0.02341""}"
2026-10-05T01:00:05.137154Z,1791162004980,LYNUSDT,Buy,907,0.02338,"{""T"":1791162004980,""s"":""LYNUSDT"",""S"":""Buy"",""v"":""907"",""p"":""0.02338""}"
2026-10-05T01:00:14.137320Z,1791162013705,STRKUSDT,Sell,3369.1,0.05986,"{""T"":1791162013705,""s"":""STRKUSDT"",""S"":""Sell"",""v"":""3369.1"",""p"":""0.05986""}"
2026-10-05T01:01:21.409974Z,1791162080887,GALAUSDT,Sell,2306066,0.002565,"{""T"":1791162080887,""s"":""GALAUSDT"",""S"":""Sell"",""v"":""2306066"",""p"":""0.002565""}"
2026-10-05T01:02:03.137407Z,1791162122910,LYNUSDT,Sell,4781,0.02550,"{""T"":1791162122910,""s"":""LYNUSDT"",""S"":""Sell"",""v"":""4781"",""p"":""0.02550""}"
2026-10-05T01:02:11.915705Z,1791162131807,ADAUSDT,Sell,17704,0.2665,"{""T"":1791162131807,""s"":""ADAUSDT"",""S"":""Sell"",""v"":""17704"",""p"":""0.2665""}"
2026-10-05T01:03:31.640845Z,1791162211075,LYNUSDT,Sell,1305,0.02645,"{""T"":1791162211075,""s"":""LYNUSDT"",""S"":""Sell"",""v"":""1305"",""p"":""0.02645""}"
2026-10-05T01:03:34.637828Z,1791162214379,LYNUSDT,Sell,481,0.02662,"{""T"":1791162214379,""s"":""LYNUSDT"",""S"":""Sell"",""v"":""481"",""p"":""0.02662""}"
2026-10-05T01:03:53.137129Z,1791162232703,LYNUSDT,Sell,2508,0.02670,"{""T"":1791162232703,""s"":""LYNUSDT"",""S"":""Sell"",""v"":""2508"",""p"":""0.02670""}"
2026-10-05T01:04:36.493771Z,1791162275907,XAUUSDT,Sell,0.023,4180.79,"{""T"":1791162275907,""s"":""XAUUSDT"",""S"":""Sell"",""v"":""0.023"",""p"":""4180.79""}"
2026-10-05T01:05:52.637710Z,1791162352513,LYNUSDT,Buy,1918,0.02378,"{""T"":1791162352513,""s"":""LYNUSDT"",""S"":""Buy"",""v"":""1918"",""p"":""0.02378""}"
2026-10-05T01:06:03.637654Z,1791162363256,LYNUSDT,Buy,116853,0.02372,"{""T"":1791162363256,""s"":""LYNUSDT"",""S"":""Buy"",""v"":""116853"",""p"":""0.02372""}"
2026-10-05T01:06:37.850138Z,1791162397301,SANDUSDT,Sell,1705,0.07487,"{""T"":1791162397301,""s"":""SANDUSDT"",""S"":""Sell"",""v"":""1705"",""p"":""0.07487""}"
2026-10-05T01:06:41.458425Z,1791162400945,QNTUSDT,Buy,0.09,249.33,"{""T"":1791162400945,""s"":""QNTUSDT"",""S"":""Buy"",""v"":""0.09"",""p"":""249.33""}"
2026-10-05T01:07:16.658788Z,1791162436287,LYNUSDT,Sell,3087,0.02709,"{""T"":1791162436287,""s"":""LYNUSDT"",""S"":""Sell"",""v"":""3087"",""p"":""0.02709""}"
2026-10-05T01:07:16.658788Z,1791162436419,LYNUSDT,Sell,748,0.02777,"{""T"":1791162436419,""s"":""LYNUSDT"",""S"":""Sell"",""v"":""748"",""p"":""0.02777""}"
2026-10-05T01:07:17.137420Z,1791162436687,LYNUSDT,Sell,7535,0.02760,"{""T"":1791162436687,""s"":""LYNUSDT"",""S"":""Sell"",""v"":""7535"",""p"":""0.02760""}"
2026-10-05T01:07:17.137420Z,1791162436795,LYNUSDT,Sell,756,0.02753,"{""T"":1791162436795,""s"":""LYNUSDT"",""S"":""Sell"",""v"":""756"",""p"":""0.02753""}"
2026-10-05T01:07:17.137420Z,1791162436851,LYNUSDT,Sell,57994,0.02763,"{""T"":1791162436851,""s"":""LYNUSDT"",""S"":""Sell"",""v"":""57994"",""p"":""0.02763""}"
2026-10-05T01:07:29.137652Z,1791162448829,LYNUSDT,Buy,30696,0.02615,"{""T"":1791162448829,""s"":""LYNUSDT"",""S"":""Buy"",""v"":""30696"",""p"":""0.02615""}"
2026-10-05T01:07:48.641234Z,1791162468301,LYNUSDT,Sell,2339,0.02777,"{""T"":1791162468301,""s"":""LYNUSDT"",""S"":""Sell"",""v"":""2339"",""p"":""0.02777""}"
2026-10-05T01:07:48.641234Z,1791162468328,LYNUSDT,Sell,18807,0.02726,"{""T"":1791162468328,""s"":""LYNUSDT"",""S"":""Sell"",""v"":""18807"",""p"":""0.02726""}"
2026-10-05T01:07:48.641234Z,1791162468369,LYNUSDT,Sell,2318,0.02806,"{""T"":1791162468369,""s"":""LYNUSDT"",""S"":""Sell"",""v"":""2318"",""p"":""0.02806""}"
2026-10-05T01:07:48.641234Z,1791162468487,LYNUSDT,Sell,771,0.02693,"{""T"":1791162468487,""s"":""LYNUSDT"",""S"":""Sell"",""v"":""771"",""p"":""0.02693""}"
2026-10-05T01:07:48.641234Z,1791162468490,LYNUSDT,Sell,2789,0.02672,"{""T"":1791162468490,""s"":""LYNUSDT"",""S"":""Sell"",""v"":""2789"",""p"":""0.02672""}"
2026-10-05T01:08:18.637546Z,1791162498373,LYNUSDT,Buy,91557,0.02662,"{""T"":1791162498373,""s"":""LYNUSDT"",""S"":""Buy"",""v"":""91557"",""p"":""0.02662""}"
2026-10-05T01:08:33.637143Z,1791162513085,LYNUSDT,Sell,3363,0.02849,"{""T"":1791162513085,""s"":""LYNUSDT"",""S"":""Sell"",""v"":""3363"",""p"":""0.02849""}"
2026-10-05T01:08:33.637143Z,1791162513255,LYNUSDT,Sell,366,0.02837,"{""T"":1791162513255,""s"":""LYNUSDT"",""S"":""Sell"",""v"":""366"",""p"":""0.02837""}"
2026-10-05T01:09:16.489023Z,1791162556039,ORCAUSDT,Buy,235.4,2.0128,"{""T"":1791162556039,""s"":""ORCAUSDT"",""S"":""Buy"",""v"":""235.4"",""p"":""2.0128""}"
2026-10-05T01:10:03.314705Z,1791162603111,PUMPFUNUSDT,Buy,15400,0.0063500,"{""T"":1791162603111,""s"":""PUMPFUNUSDT"",""S"":""Buy"",""v"":""15400"",""p"":""0.0063500""}"
2026-10-05T01:10:03.314705Z,1791162603118,PUMPFUNUSDT,Buy,103200,0.0063570,"{""T"":1791162603118,""s"":""PUMPFUNUSDT"",""S"":""Buy"",""v"":""103200"",""p"":""0.0063570""}"
2026-10-05T01:10:03.814536Z,1791162603462,PUMPFUNUSDT,Buy,47600,0.0063480,"{""T"":1791162603462,""s"":""PUMPFUNUSDT"",""S"":""Buy"",""v"":""47600"",""p"":""0.0063480""}"
2026-10-05T01:11:12.993958Z,1791162672604,1000BONKUSDT,Sell,515900,0.0040180,"{""T"":1791162672604,""s"":""1000BONKUSDT"",""S"":""Sell"",""v"":""515900"",""p"":""0.0040180""}"
2026-10-05T01:12:51.517745Z,1791162771414,BEAMUSDT,Buy,50000,0.0024587,"{""T"":1791162771414,""s"":""BEAMUSDT"",""S"":""Buy"",""v"":""50000"",""p"":""0.0024587""}"
2026-10-05T01:13:42.002182Z,1791162821690,PENGUUSDT,Sell,185440,0.009857,"{""T"":1791162821690,""s"":""PENGUUSDT"",""S"":""Sell"",""v"":""185440"",""p"":""0.009857""}"
2026-10-05T01:14:52.567585Z,1791162892372,BTCUSDT,Sell,0.005,87015.10,"{""T"":1791162892372,""s"":""BTCUSDT"",""S"":""Sell"",""v"":""0.005"",""p"":""87015.10""}"
2026-10-05T01:14:54.915683Z,1791162894351,DOGEUSDT,Sell,517,0.09741,"{""T"":1791162894351,""s"":""DOGEUSDT"",""S"":""Sell"",""v"":""517"",""p"":""0.09741""}"
2026-10-05T01:17:13.839750Z,1791163033567,XRPUSDT,Sell,1596.0,1.5345,"{""T"":1791163033567,""s"":""XRPUSDT"",""S"":""Sell"",""v"":""1596.0"",""p"":""1.5345""}"
2026-10-05T01:17:17.339022Z,1791163036982,XRPUSDT,Sell,47.4,1.5353,"{""T"":1791163036982,""s"":""XRPUSDT"",""S"":""Sell"",""v"":""47.4"",""p"":""1.5353""}"
2026-10-05T01:17:17.839253Z,1791163037335,XRPUSDT,Sell,48.0,1.5352,"{""T"":1791163037335,""s"":""XRPUSDT"",""S"":""Sell"",""v"":""48.0"",""p"":""1.5352""}"
2026-10-05T01:17:21.339557Z,1791163040831,XRPUSDT,Sell,9000.0,1.5353,"{""T"":1791163040831,""s"":""XRPUSDT"",""S"":""Sell"",""v"":""9000.0"",""p"":""1.5353""}"
2026-10-05T01:17:21.839017Z,1791163041485,XRPUSDT,Sell,428.1,1.5352,"{""T"":1791163041485,""s"":""XRPUSDT"",""S"":""Sell"",""v"":""428.1"",""p"":""1.5352""}"
2026-10-05T01:17:22.338878Z,1791163041809,XRPUSDT,Sell,80.4,1.5356,"{""T"":1791163041809,""s"":""XRPUSDT"",""S"":""Sell"",""v"":""80.4"",""p"":""1.5356""}"
2026-10-05T01:17:23.338822Z,1791163043152,XRPUSDT,Sell,1138.8,1.5359,"{""T"":1791163043152,""s"":""XRPUSDT"",""S"":""Sell"",""v"":""1138.8"",""p"":""1.5359""}"
2026-10-05T01:17:23.839124Z,1791163043347,XRPUSDT,Sell,32718.2,1.5362,"{""T"":1791163043347,""s"":""XRPUSDT"",""S"":""Sell"",""v"":""32718.2"",""p"":""1.5362""}"
2026-10-05T01:17:24.567421Z,1791163043983,BTCUSDT,Sell,0.017,87016.30,"{""T"":1791163043983,""s"":""BTCUSDT"",""S"":""Sell"",""v"":""0.017"",""p"":""87016.30""}"
2026-10-05T01:17:24.567421Z,1791163044128,BTCUSDT,Sell,0.024,87021.80,"{""T"":1791163044128,""s"":""BTCUSDT"",""S"":""Sell"",""v"":""0.024"",""p"":""87021.80""}"
2026-10-05T01:17:25.068068Z,1791163044968,BTCUSDT,Sell,0.017,87021.00,"{""T"":1791163044968,""s"":""BTCUSDT"",""S"":""Sell"",""v"":""0.017"",""p"":""87021.00""}"
2026-10-05T01:17:41.065088Z,1791163060639,BNBUSDT,Sell,0.25,802.90,"{""T"":1791163060639,""s"":""BNBUSDT"",""S"":""Sell"",""v"":""0.25"",""p"":""802.90""}"
2026-10-05T01:17:48.494108Z,1791163067955,SUIUSDT,Sell,60,1.24980,"{""T"":1791163067955,""s"":""SUIUSDT"",""S"":""Sell"",""v"":""60"",""p"":""1.24980""}"
2026-10-05T01:17:50.567136Z,1791163070292,BTCUSDT,Sell,0.018,87035.40,"{""T"":1791163070292,""s"":""BTCUSDT"",""S"":""Sell"",""v"":""0.018"",""p"":""87035.40""}"
2026-10-05T01:17:51.957671Z,1791163071705,ETHUSDT,Sell,5.80,2739.32,"{""T"":1791163071705,""s"":""ETHUSDT"",""S"":""Sell"",""v"":""5.80"",""p"":""2739.32""}"
2026-10-05T01:17:51.988307Z,1791163071705,ZROUSDT,Buy,2518.0,1.9104,"{""T"":1791163071705,""s"":""ZROUSDT"",""S"":""Buy"",""v"":""2518.0"",""p"":""1.9104""}"
2026-10-05T01:17:52.067345Z,1791163071705,BTCUSDT,Sell,0.314,87044.30,"{""T"":1791163071705,""s"":""BTCUSDT"",""S"":""Sell"",""v"":""0.314"",""p"":""87044.30""}"
2026-10-05T01:18:01.067658Z,1791163080654,BTCUSDT,Sell,0.297,87056.40,"{""T"":1791163080654,""s"":""BTCUSDT"",""S"":""Sell"",""v"":""0.297"",""p"":""87056.40""}"
2026-10-05T01:18:01.339024Z,1791163081222,XRPUSDT,Sell,1906.0,1.5359,"{""T"":1791163081222,""s"":""XRPUSDT"",""S"":""Sell"",""v"":""1906.0"",""p"":""1.5359""}"
2026-10-05T01:18:01.457758Z,1791163081222,ETHUSDT,Sell,0.90,2739.22,"{""T"":1791163081222,""s"":""ETHUSDT"",""S"":""Sell"",""v"":""0.90"",""p"":""2739.22""}"
2026-10-05T01:18:01.488566Z,1791163081222,SOXLUSDT,Sell,14.78,169.98,"{""T"":1791163081222,""s"":""SOXLUSDT"",""S"":""Sell"",""v"":""14.78"",""p"":""169.98""}"
2026-10-05T01:18:01.567405Z,1791163081222,BTCUSDT,Sell,0.034,87055.20,"{""T"":1791163081222,""s"":""BTCUSDT"",""S"":""Sell"",""v"":""0.034"",""p"":""87055.20""}"
2026-10-05T01:18:09.067807Z,1791163088940,BTCUSDT,Sell,0.013,87068.60,"{""T"":1791163088940,""s"":""BTCUSDT"",""S"":""Sell"",""v"":""0.013"",""p"":""87068.60""}"
2026-10-05T01:18:09.567600Z,1791163089022,BTCUSDT,Sell,0.010,87066.30,"{""T"":1791163089022,""s"":""BTCUSDT"",""S"":""Sell"",""v"":""0.010"",""p"":""87066.30""}"
2026-10-05T01:18:09.567600Z,1791163089076,BTCUSDT,Sell,0.206,87091.00,"{""T"":1791163089076,""s"":""BTCUSDT"",""S"":""Sell"",""v"":""0.206"",""p"":""87091.00""}"
2026-10-05T01:18:09.567600Z,1791163089285,BTCUSDT,Sell,0.087,87062.10,"{""T"":1791163089285,""s"":""BTCUSDT"",""S"":""Sell"",""v"":""0.087"",""p"":""87062.10""}"
2026-10-05T01:18:09.567600Z,1791163089479,BTCUSDT,Sell,0.016,87069.30,"{""T"":1791163089479,""s"":""BTCUSDT"",""S"":""Sell"",""v"":""0.016"",""p"":""87069.30""}"
2026-10-05T01:18:10.067402Z,1791163089538,BTCUSDT,Sell,0.023,87080.80,"{""T"":1791163089538,""s"":""BTCUSDT"",""S"":""Sell"",""v"":""0.023"",""p"":""87080.80""}"
2026-10-05T01:18:10.067402Z,1791163089590,BTCUSDT,Sell,0.003,87074.20,"{""T"":1791163089590,""s"":""BTCUSDT"",""S"":""Sell"",""v"":""0.003"",""p"":""87074.20""}"
2026-10-05T01:18:10.067402Z,1791163089660,BTCUSDT,Sell,0.004,87066.90,"{""T"":1791163089660,""s"":""BTCUSDT"",""S"":""Sell"",""v"":""0.004"",""p"":""87066.90""}"
2026-10-05T01:18:10.067402Z,1791163089678,BTCUSDT,Sell,0.027,87060.60,"{""T"":1791163089678,""s"":""BTCUSDT"",""S"":""Sell"",""v"":""0.027"",""p"":""87060.60""}"
2026-10-05T01:18:10.067402Z,1791163089740,BTCUSDT,Sell,0.004,87058.60,"{""T"":1791163089740,""s"":""BTCUSDT"",""S"":""Sell"",""v"":""0.004"",""p"":""87058.60""}"
2026-10-05T01:18:12.339324Z,1791163092006,AAVEUSDT,Sell,4.46,182.56,"{""T"":1791163092006,""s"":""AAVEUSDT"",""S"":""Sell"",""v"":""4.46"",""p"":""182.56""}"
2026-10-05T01:18:16.564278Z,1791163095984,BNBUSDT,Sell,1.00,803.80,"{""T"":1791163095984,""s"":""BNBUSDT"",""S"":""Sell"",""v"":""1.00"",""p"":""803.80""}"
2026-10-05T01:18:18.064141Z,1791163097591,BNBUSDT,Sell,1.52,804.30,"{""T"":1791163097591,""s"":""BNBUSDT"",""S"":""Sell"",""v"":""1.52"",""p"":""804.30""}"
2026-10-05T01:20:33.637967Z,1791163233450,LYNUSDT,Buy,182,0.02633,"{""T"":1791163233450,""s"":""LYNUSDT"",""S"":""Buy"",""v"":""182"",""p"":""0.02633""}"
2026-10-05T01:21:01.416609Z,1791163261024,1000PEPEUSDT,Sell,45000,0.0044810,"{""T"":1791163261024,""s"":""1000PEPEUSDT"",""S"":""Sell"",""v"":""45000"",""p"":""0.0044810""}"
2026-10-05T01:21:11.017619Z,1791163270657,BEAMUSDT,Buy,94200,0.0024381,"{""T"":1791163270657,""s"":""BEAMUSDT"",""S"":""Buy"",""v"":""94200"",""p"":""0.0024381""}"
2026-10-05T01:21:11.017619Z,1791163270847,BEAMUSDT,Buy,2400,0.0024354,"{""T"":1791163270847,""s"":""BEAMUSDT"",""S"":""Buy"",""v"":""2400"",""p"":""0.0024354""}"
2026-10-05T01:21:11.518652Z,1791163270989,BEAMUSDT,Buy,271200,0.0024517,"{""T"":1791163270989,""s"":""BEAMUSDT"",""S"":""Buy"",""v"":""271200"",""p"":""0.0024517""}"
2026-10-05T01:21:11.518652Z,1791163271281,BEAMUSDT,Buy,12500,0.0024405,"{""T"":1791163271281,""s"":""BEAMUSDT"",""S"":""Buy"",""v"":""12500"",""p"":""0.0024405""}"
2026-10-05T01:21:19.136880Z,1791163278582,LYNUSDT,Buy,15524,0.02561,"{""T"":1791163278582,""s"":""LYNUSDT"",""S"":""Buy"",""v"":""15524"",""p"":""0.02561""}"
2026-10-05T01:21:19.136880Z,1791163278788,LYNUSDT,Buy,1647,0.02580,"{""T"":1791163278788,""s"":""LYNUSDT"",""S"":""Buy"",""v"":""1647"",""p"":""0.02580""}"
2026-10-05T01:22:21.567308Z,1791163341000,BTCUSDT,Sell,0.054,87120.50,"{""T"":1791163341000,""s"":""BTCUSDT"",""S"":""Sell"",""v"":""0.054"",""p"":""87120.50""}"
2026-10-05T01:22:21.567308Z,1791163341051,BTCUSDT,Sell,0.045,87107.60,"{""T"":1791163341051,""s"":""BTCUSDT"",""S"":""Sell"",""v"":""0.045"",""p"":""87107.60""}"
2026-10-05T01:22:21.567308Z,1791163341086,BTCUSDT,Sell,0.015,87128.10,"{""T"":1791163341086,""s"":""BTCUSDT"",""S"":""Sell"",""v"":""0.015"",""p"":""87128.10""}"
2026-10-05T01:22:21.567308Z,1791163341245,BTCUSDT,Sell,0.010,87127.60,"{""T"":1791163341245,""s"":""BTCUSDT"",""S"":""Sell"",""v"":""0.010"",""p"":""87127.60""}"
2026-10-05T01:22:21.567308Z,1791163341311,BTCUSDT,Sell,0.059,87122.60,"{""T"":1791163341311,""s"":""BTCUSDT"",""S"":""Sell"",""v"":""0.059"",""p"":""87122.60""}"
2026-10-05T01:22:21.567308Z,1791163341417,BTCUSDT,Sell,0.023,87106.00,"{""T"":1791163341417,""s"":""BTCUSDT"",""S"":""Sell"",""v"":""0.023"",""p"":""87106.00""}"
2026-10-05T01:22:21.567308Z,1791163341459,BTCUSDT,Sell,0.046,87127.20,"{""T"":1791163341459,""s"":""BTCUSDT"",""S"":""Sell"",""v"":""0.046"",""p"":""87127.20""}"
2026-10-05T01:22:21.567308Z,1791163341469,BTCUSDT,Sell,0.088,87105.90,"{""T"":1791163341469,""s"":""BTCUSDT"",""S"":""Sell"",""v"":""0.088"",""p"":""87105.90""}"
2026-10-05T01:22:31.488512Z,1791163351316,NIGHTUSDT,Sell,13070,0.04572,"{""T"":1791163351316,""s"":""NIGHTUSDT"",""S"":""Sell"",""v"":""13070"",""p"":""0.04572""}"
2026-10-05T01:22:44.021144Z,1791163363721,ATOMUSDT,Sell,19.5,1.7690,"{""T"":1791163363721,""s"":""ATOMUSDT"",""S"":""Sell"",""v"":""19.5"",""p"":""1.7690""}"
2026-10-05T01:23:35.998335Z,1791163415675,TMXUSDT,Buy,6021,0.01433,"{""T"":1791163415675,""s"":""TMXUSDT"",""S"":""Buy"",""v"":""6021"",""p"":""0.01433""}"
2026-10-05T01:24:35.568171Z,1791163475083,BTCUSDT,Sell,0.003,87137.50,"{""T"":1791163475083,""s"":""BTCUSDT"",""S"":""Sell"",""v"":""0.003"",""p"":""87137.50""}"
2026-10-05T01:24:35.568171Z,1791163475347,BTCUSDT,Sell,0.115,87134.00,"{""T"":1791163475347,""s"":""BTCUSDT"",""S"":""Sell"",""v"":""0.115"",""p"":""87134.00""}"
2026-10-05T01:24:44.997997Z,1791163484669,TMXUSDT,Buy,11505,0.01428,"{""T"":1791163484669,""s"":""TMXUSDT"",""S"":""Buy"",""v"":""11505"",""p"":""0.01428""}"
2026-10-05T01:24:50.998217Z,1791163490449,TMXUSDT,Buy,226133,0.01425,"{""T"":1791163490449,""s"":""TMXUSDT"",""S"":""Buy"",""v"":""226133"",""p"":""0.01425""}"
2026-10-05T01:24:52.498670Z,1791163492087,TMXUSDT,Buy,3232,0.01424,"{""T"":1791163492087,""s"":""TMXUSDT"",""S"":""Buy"",""v"":""3232"",""p"":""0.01424""}"
2026-10-05T01:25:09.830726Z,1791163509330,LONGXIAUSDT,Buy,113,0.0410,"{""T"":1791163509330,""s"":""LONGXIAUSDT"",""S"":""Buy"",""v"":""113"",""p"":""0.0410""}"
2026-10-05T01:25:17.067415Z,1791163516894,BTCUSDT,Sell,0.001,87141.60,"{""T"":1791163516894,""s"":""BTCUSDT"",""S"":""Sell"",""v"":""0.001"",""p"":""87141.60""}"
2026-10-05T01:25:17.567051Z,1791163517316,BTCUSDT,Sell,0.146,87143.00,"{""T"":1791163517316,""s"":""BTCUSDT"",""S"":""Sell"",""v"":""0.146"",""p"":""87143.00""}"
2026-10-05T01:25:17.567051Z,1791163517399,BTCUSDT,Sell,0.004,87140.80,"{""T"":1791163517399,""s"":""BTCUSDT"",""S"":""Sell"",""v"":""0.004"",""p"":""87140.80""}"
2026-10-05T01:25:18.067020Z,1791163517737,BTCUSDT,Sell,0.001,87142.80,"{""T"":1791163517737,""s"":""BTCUSDT"",""S"":""Sell"",""v"":""0.001"",""p"":""87142.80""}"
2026-10-05T01:25:24.067770Z,1791163523948,BTCUSDT,Sell,0.001,87162.50,"{""T"":1791163523948,""s"":""BTCUSDT"",""S"":""Sell"",""v"":""0.001"",""p"":""87162.50""}"
2026-10-05T01:25:24.067770Z,1791163523953,BTCUSDT,Sell,0.001,87148.20,"{""T"":1791163523953,""s"":""BTCUSDT"",""S"":""Sell"",""v"":""0.001"",""p"":""87148.20""}"
2026-10-05T01:25:24.488955Z,1791163524200,CLUSDT,Buy,15.57,89.880,"{""T"":1791163524200,""s"":""CLUSDT"",""S"":""Buy"",""v"":""15.57"",""p"":""89.880""}"
2026-10-05T01:25:24.567264Z,1791163524073,BTCUSDT,Sell,0.038,87148.10,"{""T"":1791163524073,""s"":""BTCUSDT"",""S"":""Sell"",""v"":""0.038"",""p"":""87148.10""}"
2026-10-05T01:25:24.567264Z,1791163524073,BTCUSDT,Sell,0.001,87155.40,"{""T"":1791163524073,""s"":""BTCUSDT"",""S"":""Sell"",""v"":""0.001"",""p"":""87155.40""}"
2026-10-05T01:25:24.567264Z,1791163524089,BTCUSDT,Sell,0.024,87162.80,"{""T"":1791163524089,""s"":""BTCUSDT"",""S"":""Sell"",""v"":""0.024"",""p"":""87162.80""}"
2026-10-05T01:25:24.567264Z,1791163524200,BTCUSDT,Sell,0.111,87155.60,"{""T"":1791163524200,""s"":""BTCUSDT"",""S"":""Sell"",""v"":""0.111"",""p"":""87155.60""}"
2026-10-05T01:25:24.567264Z,1791163524240,BTCUSDT,Sell,0.296,87146.80,"{""T"":1791163524240,""s"":""BTCUSDT"",""S"":""Sell"",""v"":""0.296"",""p"":""87146.80""}"
2026-10-05T01:25:24.567264Z,1791163524261,BTCUSDT,Sell,0.005,87174.70,"{""T"":1791163524261,""s"":""BTCUSDT"",""S"":""Sell"",""v"":""0.005"",""p"":""87174.70""}"
2026-10-05T01:25:24.567264Z,1791163524352,BTCUSDT,Sell,0.033,87159.90,"{""T"":1791163524352,""s"":""BTCUSDT"",""S"":""Sell"",""v"":""0.033"",""p"":""87159.90""}"
2026-10-05T01:25:24.567264Z,1791163524365,BTCUSDT,Sell,0.007,87150.60,"{""T"":1791163524365,""s"":""BTCUSDT"",""S"":""Sell"",""v"":""0.007"",""p"":""87150.60""}"
2026-10-05T01:25:24.567264Z,1791163524404,BTCUSDT,Sell,0.001,87146.60,"{""T"":1791163524404,""s"":""BTCUSDT"",""S"":""Sell"",""v"":""0.001"",""p"":""87146.60""}"
2026-10-05T01:25:25.067501Z,1791163524496,BTCUSDT,Sell,0.141,87163.30,"{""T"":1791163524496,""s"":""BTCUSDT"",""S"":""Sell"",""v"":""0.141"",""p"":""87163.30""}"
2026-10-05T01:25:25.067501Z,1791163524693,BTCUSDT,Sell,0.001,87165.20,"{""T"":1791163524693,""s"":""BTCUSDT"",""S"":""Sell"",""v"":""0.001"",""p"":""87165.20""}"
2026-10-05T01:25:25.067501Z,1791163524784,BTCUSDT,Sell,0.008,87152.00,"{""T"":1791163524784,""s"":""BTCUSDT"",""S"":""Sell"",""v"":""0.008"",""p"":""87152.00""}"
2026-10-05T01:25:25.067501Z,1791163524814,BTCUSDT,Sell,0.001,87163.00,"{""T"":1791163524814,""s"":""BTCUSDT"",""S"":""Sell"",""v"":""0.001"",""p"":""87163.00""}"
2026-10-05T01:25:25.566992Z,1791163525045,BTCUSDT,Sell,2.000,87177.20,"{""T"":1791163525045,""s"":""BTCUSDT"",""S"":""Sell"",""v"":""2.000"",""p"":""87177.20""}"
2026-10-05T01:25:26.067128Z,1791163525591,BTCUSDT,Sell,0.030,87181.20,"{""T"":1791163525591,""s"":""BTCUSDT"",""S"":""Sell"",""v"":""0.030"",""p"":""87181.20""}"
2026-10-05T01:25:26.067128Z,1791163525921,BTCUSDT,Sell,0.099,87182.30,"{""T"":1791163525921,""s"":""BTCUSDT"",""S"":""Sell"",""v"":""0.099"",""p"":""87182.30""}"
2026-10-05T01:26:02.457937Z,1791163561942,ETHUSDT,Sell,4.10,2740.70,"{""T"":1791163561942,""s"":""ETHUSDT"",""S"":""Sell"",""v"":""4.10"",""p"":""2740.70""}"
2026-10-05T01:26:27.140896Z,1791163586960,STRKUSDT,Buy,351.8,0.05744,"{""T"":1791163586960,""s"":""STRKUSDT"",""S"":""Buy"",""v"":""351.8"",""p"":""0.05744""}"
2026-10-05T01:26:49.064266Z,1791163608788,BNBUSDT,Sell,0.04,805.30,"{""T"":1791163608788,""s"":""BNBUSDT"",""S"":""Sell"",""v"":""0.04"",""p"":""805.30""}"
2026-10-05T01:26:50.564027Z,1791163610062,BNBUSDT,Sell,0.07,806.40,"{""T"":1791163610062,""s"":""BNBUSDT"",""S"":""Sell"",""v"":""0.07"",""p"":""806.40""}"
2026-10-05T01:28:13.988396Z,1791163693454,NIGHTUSDT,Buy,4080,0.04423,"{""T"":1791163693454,""s"":""NIGHTUSDT"",""S"":""Buy"",""v"":""4080"",""p"":""0.04423""}"
2026-10-05T01:28:27.636800Z,1791163707546,STRKUSDT,Sell,4226.9,0.05954,"{""T"":1791163707546,""s"":""STRKUSDT"",""S"":""Sell"",""v"":""4226.9"",""p"":""0.05954""}"
2026-10-05T01:28:28.136709Z,1791163707750,STRKUSDT,Sell,1687.6,0.05954,"{""T"":1791163707750,""s"":""STRKUSDT"",""S"":""Sell"",""v"":""1687.6"",""p"":""0.05954""}"
2026-10-05T01:28:33.067160Z,1791163712948,BTCUSDT,Sell,0.060,87208.90,"{""T"":1791163712948,""s"":""BTCUSDT"",""S"":""Sell"",""v"":""0.060"",""p"":""87208.90""}"
2026-10-05T01:28:33.567266Z,1791163713368,BTCUSDT,Sell,0.085,87210.50,"{""T"":1791163713368,""s"":""BTCUSDT"",""S"":""Sell"",""v"":""0.085"",""p"":""87210.50""}"
2026-10-05T01:28:34.067739Z,1791163713537,BTCUSDT,Sell,0.025,87206.50,"{""T"":1791163713537,""s"":""BTCUSDT"",""S"":""Sell"",""v"":""0.025"",""p"":""87206.50""}"
2026-10-05T01:28:34.067739Z,1791163713609,BTCUSDT,Sell,0.007,87196.70,"{""T"":1791163713609,""s"":""BTCUSDT"",""S"":""Sell"",""v"":""0.007"",""p"":""87196.70""}"
2026-10-05T01:28:34.067739Z,1791163713647,BTCUSDT,Sell,0.099,87205.80,"{""T"":1791163713647,""s"":""BTCUSDT"",""S"":""Sell"",""v"":""0.099"",""p"":""87205.80""}"
2026-10-05T01:28:34.067739Z,1791163713849,BTCUSDT,Sell,0.024,87194.90,"{""T"":1791163713849,""s"":""BTCUSDT"",""S"":""Sell"",""v"":""0.024"",""p"":""87194.90""}"
2026-10-05T01:28:34.067739Z,1791163713876,BTCUSDT,Sell,0.006,87198.00,"{""T"":1791163713876,""s"":""BTCUSDT"",""S"":""Sell"",""v"":""0.006"",""p"":""87198.00""}"
2026-10-05T01:28:41.564459Z,1791163721162,SOLUSDT,Sell,40.0,122.120,"{""T"":1791163721162,""s"":""SOLUSDT"",""S"":""Sell"",""v"":""40.0"",""p"":""122.120""}"
2026-10-05T01:28:41.566662Z,1791163721162,BTCUSDT,Sell,0.210,87216.40,"{""T"":1791163721162,""s"":""BTCUSDT"",""S"":""Sell"",""v"":""0.210"",""p"":""87216.40""}"
2026-10-05T01:28:42.567157Z,1791163722132,BTCUSDT,Sell,0.016,87229.90,"{""T"":1791163722132,""s"":""BTCUSDT"",""S"":""Sell"",""v"":""0.016"",""p"":""87229.90""}"
2026-10-05T01:28:42.567157Z,1791163722382,BTCUSDT,Sell,0.046,87225.90,"{""T"":1791163722382,""s"":""BTCUSDT"",""S"":""Sell"",""v"":""0.046"",""p"":""87225.90""}"
2026-10-05T01:28:43.067176Z,1791163722664,BTCUSDT,Sell,0.002,87231.20,"{""T"":1791163722664,""s"":""BTCUSDT"",""S"":""Sell"",""v"":""0.002"",""p"":""87231.20""}"
2026-10-05T01:28:43.067176Z,1791163722694,BTCUSDT,Sell,0.001,87223.90,"{""T"":1791163722694,""s"":""BTCUSDT"",""S"":""Sell"",""v"":""0.001"",""p"":""87223.90""}"
2026-10-05T01:28:43.067176Z,1791163722838,BTCUSDT,Sell,0.034,87225.80,"{""T"":1791163722838,""s"":""BTCUSDT"",""S"":""Sell"",""v"":""0.034"",""p"":""87225.80""}"
2026-10-05T01:28:43.067176Z,1791163722847,BTCUSDT,Sell,0.023,87220.30,"{""T"":1791163722847,""s"":""BTCUSDT"",""S"":""Sell"",""v"":""0.023"",""p"":""87220.30""}"
2026-10-05T01:28:44.066936Z,1791163723599,BTCUSDT,Sell,0.001,87234.00,"{""T"":1791163723599,""s"":""BTCUSDT"",""S"":""Sell"",""v"":""0.001"",""p"":""87234.00""}"
2026-10-05T01:28:46.566909Z,1791163726168,BTCUSDT,Sell,0.012,87252.50,"{""T"":1791163726168,""s"":""BTCUSDT"",""S"":""Sell"",""v"":""0.012"",""p"":""87252.50""}"
2026-10-05T01:28:46.566909Z,1791163726449,BTCUSDT,Sell,0.001,87250.80,"{""T"":1791163726449,""s"":""BTCUSDT"",""S"":""Sell"",""v"":""0.001"",""p"":""87250.80""}"
2026-10-05T01:28:47.067918Z,1791163726635,BTCUSDT,Sell,0.001,87244.00,"{""T"":1791163726635,""s"":""BTCUSDT"",""S"":""Sell"",""v"":""0.001"",""p"":""87244.00""}"
2026-10-05T01:28:47.067918Z,1791163726645,BTCUSDT,Sell,0.017,87250.10,"{""T"":1791163726645,""s"":""BTCUSDT"",""S"":""Sell"",""v"":""0.017"",""p"":""87250.10""}"
2026-10-05T01:28:47.067918Z,1791163726825,BTCUSDT,Sell,0.100,87252.00,"{""T"":1791163726825,""s"":""BTCUSDT"",""S"":""Sell"",""v"":""0.100"",""p"":""87252.00""}"
2026-10-05T01:28:47.067918Z,1791163726882,BTCUSDT,Sell,0.013,87239.60,"{""T"":1791163726882,""s"":""BTCUSDT"",""S"":""Sell"",""v"":""0.013"",""p"":""87239.60""}"
2026-10-05T01:28:50.339363Z,1791163730013,XRPUSDT,Sell,552.6,1.5380,"{""T"":1791163730013,""s"":""XRPUSDT"",""S"":""Sell"",""v"":""552.6"",""p"":""1.5380""}"
2026-10-05T01:28:50.839067Z,1791163730661,XRPUSDT,Sell,1170.7,1.5383,"{""T"":1791163730661,""s"":""XRPUSDT"",""S"":""Sell"",""v"":""1170.7"",""p"":""1.5383""}"
2026-10-05T01:28:51.567483Z,1791163731201,BTCUSDT,Sell,0.001,87261.00,"{""T"":1791163731201,""s"":""BTCUSDT"",""S"":""Sell"",""v"":""0.001"",""p"":""87261.00""}"
2026-10-05T01:28:52.066982Z,1791163731873,BTCUSDT,Sell,0.002,87256.10,"{""T"":1791163731873,""s"":""BTCUSDT"",""S"":""Sell"",""v"":""0.002"",""p"":""87256.10""}"
2026-10-05T01:28:55.338636Z,1791163734777,XRPUSDT,Sell,696.9,1.5387,"{""T"":1791163734777,""s"":""XRPUSDT"",""S"":""Sell"",""v"":""696.9"",""p"":""1.5387""}"
2026-10-05T01:31:15.915874Z,1791163875351,ADAUSDT,Buy,736,0.2619,"{""T"":1791163875351,""s"":""ADAUSDT"",""S"":""Buy"",""v"":""736"",""p"":""0.2619""}"
2026-10-05T01:31:28.814887Z,1791163888583,XPLUSDT,Buy,310,0.09546,"{""T"":1791163888583,""s"":""XPLUSDT"",""S"":""Buy"",""v"":""310"",""p"":""0.09546""}"
2026-10-05T01:31:28.815587Z,1791163888583,PUMPFUNUSDT,Buy,6500,0.0063360,"{""T"":1791163888583,""s"":""PUMPFUNUSDT"",""S"":""Buy"",""v"":""6500"",""p"":""0.0063360""}"
2026-10-05T01:32:52.457804Z,1791163972208,QNTUSDT,Buy,0.10,245.51,"{""T"":1791163972208,""s"":""QNTUSDT"",""S"":""Buy"",""v"":""0.10"",""p"":""245.51""}"
2026-10-05T01:32:59.314571Z,1791163978901,PUMPFUNUSDT,Buy,34400,0.0063230,"{""T"":1791163978901,""s"":""PUMPFUNUSDT"",""S"":""Buy"",""v"":""34400"",""p"":""0.0063230""}"
2026-10-05T01:32:59.326638Z,1791163978900,FARTCOINUSDT,Buy,506,0.18065,"{""T"":1791163978900,""s"":""FARTCOINUSDT"",""S"":""Buy"",""v"":""506"",""p"":""0.18065""}"
2026-10-05T01:33:00.314364Z,1791163979778,PUMPFUNUSDT,Buy,712400,0.0063070,"{""T"":1791163979778,""s"":""PUMPFUNUSDT"",""S"":""Buy"",""v"":""712400"",""p"":""0.0063070""}"
2026-10-05T01:33:03.327238Z,1791163982769,VVVUSDT,Buy,78.18,29.0150,"{""T"":1791163982769,""s"":""VVVUSDT"",""S"":""Buy"",""v"":""78.18"",""p"":""29.0150""}"
2026-10-05T01:33:19.018349Z,1791163998569,NEARUSDT,Buy,66.8,4.8310,"{""T"":1791163998569,""s"":""NEARUSDT"",""S"":""Buy"",""v"":""66.8"",""p"":""4.8310""}"
2026-10-05T01:33:19.018937Z,1791163998569,BEAMUSDT,Buy,42200,0.0024513,"{""T"":1791163998569,""s"":""BEAMUSDT"",""S"":""Buy"",""v"":""42200"",""p"":""0.0024513""}"
2026-10-05T01:34:38.915562Z,1791164078819,ADAUSDT,Buy,422,0.2611,"{""T"":1791164078819,""s"":""ADAUSDT"",""S"":""Buy"",""v"":""422"",""p"":""0.2611""}"
2026-10-05T01:34:43.636778Z,1791164083079,STRKUSDT,Buy,4255.6,0.05731,"{""T"":1791164083079,""s"":""STRKUSDT"",""S"":""Buy"",""v"":""4255.6"",""p"":""0.05731""}"
2026-10-05T01:34:43.915554Z,1791164083463,ZECUSDT,Buy,0.19,1332.46,"{""T"":1791164083463,""s"":""ZECUSDT"",""S"":""Buy"",""v"":""0.19"",""p"":""1332.46""}"
2026-10-05T01:34:48.415535Z,1791164088317,ADAUSDT,Buy,576,0.2608,"{""T"":1791164088317,""s"":""ADAUSDT"",""S"":""Buy"",""v"":""576"",""p"":""0.2608""}"
2026-10-05T01:35:15.830358Z,1791164115355,ENAUSDT,Buy,91,0.23712,"{""T"":1791164115355,""s"":""ENAUSDT"",""S"":""Buy"",""v"":""91"",""p"":""0.23712""}"
2026-10-05T01:36:05.827143Z,1791164165685,FARTCOINUSDT,Buy,1743,0.18038,"{""T"":1791164165685,""s"":""FARTCOINUSDT"",""S"":""Buy"",""v"":""1743"",""p"":""0.18038""}"
2026-10-05T01:36:34.917866Z,1791164194341,ZECUSDT,Buy,0.20,1330.97,"{""T"":1791164194341,""s"":""ZECUSDT"",""S"":""Buy"",""v"":""0.20"",""p"":""1330.97""}"
2026-10-05T01:36:34.917866Z,1791164194382,ZECUSDT,Buy,4.15,1330.01,"{""T"":1791164194382,""s"":""ZECUSDT"",""S"":""Buy"",""v"":""4.15"",""p"":""1330.01""}"
2026-10-05T01:36:41.018235Z,1791164200846,NEARUSDT,Buy,61.0,4.8260,"{""T"":1791164200846,""s"":""NEARUSDT"",""S"":""Buy"",""v"":""61.0"",""p"":""4.8260""}"
2026-10-05T01:36:46.517337Z,1791164206307,NEARUSDT,Buy,1000.0,4.8260,"{""T"":1791164206307,""s"":""NEARUSDT"",""S"":""Buy"",""v"":""1000.0"",""p"":""4.8260""}"
2026-10-05T01:37:18.488466Z,1791164238044,SOXLUSDT,Sell,2.98,170.64,"{""T"":1791164238044,""s"":""SOXLUSDT"",""S"":""Sell"",""v"":""2.98"",""p"":""170.64""}"
2026-10-05T01:37:51.329937Z,1791164270832,LONGXIAUSDT,Sell,6698,0.0480,"{""T"":1791164270832,""s"":""LONGXIAUSDT"",""S"":""Sell"",""v"":""6698"",""p"":""0.0480""}"
2026-10-05T01:38:13.335309Z,1791164293224,LONGXIAUSDT,Sell,1146,0.0483,"{""T"":1791164293224,""s"":""LONGXIAUSDT"",""S"":""Sell"",""v"":""1146"",""p"":""0.0483""}"
2026-10-05T01:38:25.137289Z,1791164304607,STRKUSDT,Sell,333.9,0.05941,"{""T"":1791164304607,""s"":""STRKUSDT"",""S"":""Sell"",""v"":""333.9"",""p"":""0.05941""}"
2026-10-05T01:40:38.137305Z,1791164437602,MOVRUSDT,Sell,5.3,1.7560,"{""T"":1791164437602,""s"":""MOVRUSDT"",""S"":""Sell"",""v"":""5.3"",""p"":""1.7560""}"
2026-10-05T01:40:46.988251Z,1791164446737,SOXLUSDT,Sell,1.01,170.94,"{""T"":1791164446737,""s"":""SOXLUSDT"",""S"":""Sell"",""v"":""1.01"",""p"":""170.94""}"
2026-10-05T01:41:19.988596Z,1791164479851,SOXLUSDT,Sell,0.04,171.04,"{""T"":1791164479851,""s"":""SOXLUSDT"",""S"":""Sell"",""v"":""0.04"",""p"":""171.04""}"
2026-10-05T01:43:28.329992Z,1791164608201,LONGXIAUSDT,Buy,2132,0.0408,"{""T"":1791164608201,""s"":""LONGXIAUSDT"",""S"":""Buy"",""v"":""2132"",""p"":""0.0408""}"
2026-10-05T01:43:32.330318Z,1791164611798,LONGXIAUSDT,Buy,9025,0.0403,"{""T"":1791164611798,""s"":""LONGXIAUSDT"",""S"":""Buy"",""v"":""9025"",""p"":""0.0403""}"
2026-10-05T01:43:32.330318Z,1791164611818,LONGXIAUSDT,Buy,606,0.0404,"{""T"":1791164611818,""s"":""LONGXIAUSDT"",""S"":""Buy"",""v"":""606"",""p"":""0.0404""}"
2026-10-05T01:43:32.330318Z,1791164611843,LONGXIAUSDT,Buy,12434,0.0402,"{""T"":1791164611843,""s"":""LONGXIAUSDT"",""S"":""Buy"",""v"":""12434"",""p"":""0.0402""}"
2026-10-05T01:43:32.330318Z,1791164611880,LONGXIAUSDT,Buy,17856,0.0405,"{""T"":1791164611880,""s"":""LONGXIAUSDT"",""S"":""Buy"",""v"":""17856"",""p"":""0.0405""}"
2026-10-05T01:43:32.830724Z,1791164612517,LONGXIAUSDT,Buy,4985,0.0400,"{""T"":1791164612517,""s"":""LONGXIAUSDT"",""S"":""Buy"",""v"":""4985"",""p"":""0.0400""}"
2026-10-05T01:43:34.330638Z,1791164614067,LONGXIAUSDT,Buy,441,0.0400,"{""T"":1791164614067,""s"":""LONGXIAUSDT"",""S"":""Buy"",""v"":""441"",""p"":""0.0400""}"
2026-10-05T01:43:55.988354Z,1791164635699,AKTUSDT,Buy,121.3,0.7556,"{""T"":1791164635699,""s"":""AKTUSDT"",""S"":""Buy"",""v"":""121.3"",""p"":""0.7556""}"
2026-10-05T01:43:56.137122Z,1791164635699,STRKUSDT,Buy,9635.4,0.05715,"{""T"":1791164635699,""s"":""STRKUSDT"",""S"":""Buy"",""v"":""9635.4"",""p"":""0.05715""}"
2026-10-05T01:44:31.339134Z,1791164670774,LITUSDT,Buy,156.0,3.6350,"{""T"":1791164670774,""s"":""LITUSDT"",""S"":""Buy"",""v"":""156.0"",""p"":""3.6350""}"
2026-10-05T01:44:37.839688Z,1791164677686,LITUSDT,Buy,501.4,3.6310,"{""T"":1791164677686,""s"":""LITUSDT"",""S"":""Buy"",""v"":""501.4"",""p"":""3.6310""}"
2026-10-05T01:44:38.018262Z,1791164677686,NEARUSDT,Buy,152.5,4.8340,"{""T"":1791164677686,""s"":""NEARUSDT"",""S"":""Buy"",""v"":""152.5"",""p"":""4.8340""}"
2026-10-05T01:44:45.850281Z,1791164685578,AXSUSDT,Buy,747.9,1.3116,"{""T"":1791164685578,""s"":""AXSUSDT"",""S"":""Buy"",""v"":""747.9"",""p"":""1.3116""}"
2026-10-05T01:45:11.350623Z,1791164710809,SANDUSDT,Buy,51526,0.07282,"{""T"":1791164710809,""s"":""SANDUSDT"",""S"":""Buy"",""v"":""51526"",""p"":""0.07282""}"
2026-10-05T01:45:29.498835Z,1791164729184,TMXUSDT,Buy,42615,0.01450,"{""T"":1791164729184,""s"":""TMXUSDT"",""S"":""Buy"",""v"":""42615"",""p"":""0.01450""}"
2026-10-05T01:45:29.637566Z,1791164729184,STRKUSDT,Buy,23449.9,0.05697,"{""T"":1791164729184,""s"":""STRKUSDT"",""S"":""Buy"",""v"":""23449.9"",""p"":""0.05697""}"
2026-10-05T01:45:37.826820Z,1791164737650,ENAUSDT,Buy,27473,0.23673,"{""T"":1791164737650,""s"":""ENAUSDT"",""S"":""Buy"",""v"":""27473"",""p"":""0.23673""}"
2026-10-05T01:45:44.636603Z,1791164744105,MOVRUSDT,Sell,28.8,1.7710,"{""T"":1791164744105,""s"":""MOVRUSDT"",""S"":""Sell"",""v"":""28.8"",""p"":""1.7710""}"
2026-10-05T01:46:45.957523Z,1791164805500,QNTUSDT,Sell,1.04,253.42,"{""T"":1791164805500,""s"":""QNTUSDT"",""S"":""Sell"",""v"":""1.04"",""p"":""253.42""}"
2026-10-05T01:46:55.330237Z,1791164815155,PONSUSDT,Buy,36,0.3818,"{""T"":1791164815155,""s"":""PONSUSDT"",""S"":""Buy"",""v"":""36"",""p"":""0.3818""}"
2026-10-05T01:46:58.457401Z,1791164817950,QNTUSDT,Sell,0.05,253.46,"{""T"":1791164817950,""s"":""QNTUSDT"",""S"":""Sell"",""v"":""0.05"",""p"":""253.46""}"
2026-10-05T01:47:01.136943Z,1791164820764,STRKUSDT,Sell,178.7,0.05896,"{""T"":1791164820764,""s"":""STRKUSDT"",""S"":""Sell"",""v"":""178.7"",""p"":""0.05896""}"
2026-10-05T01:50:18.833530Z,1791165018309,LONGXIAUSDT,Buy,334,0.0400,"{""T"":1791165018309,""s"":""LONGXIAUSDT"",""S"":""Buy"",""v"":""334"",""p"":""0.0400""}"
2026-10-05T01:50:18.833530Z,1791165018675,LONGXIAUSDT,Buy,218,0.0399,"{""T"":1791165018675,""s"":""LONGXIAUSDT"",""S"":""Buy"",""v"":""218"",""p"":""0.0399""}"
2026-10-05T01:50:19.330512Z,1791165018842,LONGXIAUSDT,Buy,519,0.0399,"{""T"":1791165018842,""s"":""LONGXIAUSDT"",""S"":""Buy"",""v"":""519"",""p"":""0.0399""}"
2026-10-05T01:50:30.989370Z,1791165030605,CLUSDT,Buy,108.44,89.750,"{""T"":1791165030605,""s"":""CLUSDT"",""S"":""Buy"",""v"":""108.44"",""p"":""89.750""}"
2026-10-05T01:50:38.830303Z,1791165038451,LONGXIAUSDT,Buy,314,0.0399,"{""T"":1791165038451,""s"":""LONGXIAUSDT"",""S"":""Buy"",""v"":""314"",""p"":""0.0399""}"
2026-10-05T01:50:55.501755Z,1791165055323,VIRTUALUSDT,Buy,198,0.8414,"{""T"":1791165055323,""s"":""VIRTUALUSDT"",""S"":""Buy"",""v"":""198"",""p"":""0.8414""}"
2026-10-05T01:51:16.067111Z,1791165075795,BTCUSDT,Buy,0.002,86310.80,"{""T"":1791165075795,""s"":""BTCUSDT"",""S"":""Buy"",""v"":""0.002"",""p"":""86310.80""}"
2026-10-05T01:53:20.829972Z,1791165200712,LONGXIAUSDT,Buy,456,0.0398,"{""T"":1791165200712,""s"":""LONGXIAUSDT"",""S"":""Buy"",""v"":""456"",""p"":""0.0398""}"
2026-10-05T01:53:21.330183Z,1791165200965,LONGXIAUSDT,Buy,21464,0.0397,"{""T"":1791165200965,""s"":""LONGXIAUSDT"",""S"":""Buy"",""v"":""21464"",""p"":""0.0397""}"
2026-10-05T01:54:42.350259Z,1791165282242,SANDUSDT,Buy,17265,0.07270,"{""T"":1791165282242,""s"":""SANDUSDT"",""S"":""Buy"",""v"":""17265"",""p"":""0.07270""}"
2026-10-05T01:54:42.488230Z,1791165282242,USUSDT,Buy,32670,0.013210,"{""T"":1791165282242,""s"":""USUSDT"",""S"":""Buy"",""v"":""32670"",""p"":""0.013210""}"
2026-10-05T01:55:17.850538Z,1791165317404,SANDUSDT,Buy,1299,0.07262,"{""T"":1791165317404,""s"":""SANDUSDT"",""S"":""Buy"",""v"":""1299"",""p"":""0.07262""}"
2026-10-05T01:57:36.488660Z,1791165456045,USUSDT,Buy,720,0.013180,"{""T"":1791165456045,""s"":""USUSDT"",""S"":""Buy"",""v"":""720"",""p"":""0.013180""}"
2026-10-05T01:58:37.814174Z,1791165517719,NILUSDT,Sell,23895,0.10064,"{""T"":1791165517719,""s"":""NILUSDT"",""S"":""Sell"",""v"":""23895"",""p"":""0.10064""}"
2026-10-05T01:58:37.988719Z,1791165517718,XAUUSDT,Sell,0.173,4183.14,"{""T"":1791165517718,""s"":""XAUUSDT"",""S"":""Sell"",""v"":""0.173"",""p"":""4183.14""}"
2026-10-05T02:00:07.064201Z,1791165606933,SOLUSDT,Buy,1.5,120.540,"{""T"":1791165606933,""s"":""SOLUSDT"",""S"":""Buy"",""v"":""1.5"",""p"":""120.540""}"
2026-10-05T02:00:07.330273Z,1791165606933,ATHUSDT,Buy,10260,0.007467,"{""T"":1791165606933,""s"":""ATHUSDT"",""S"":""Buy"",""v"":""10260"",""p"":""0.007467""}"
2026-10-05T02:00:07.338348Z,1791165606933,XRPUSDT,Buy,64.0,1.5137,"{""T"":1791165606933,""s"":""XRPUSDT"",""S"":""Buy"",""v"":""64.0"",""p"":""1.5137""}"
2026-10-05T02:00:07.350190Z,1791165606933,AXSUSDT,Buy,1720.0,1.3069,"{""T"":1791165606933,""s"":""AXSUSDT"",""S"":""Buy"",""v"":""1720.0"",""p"":""1.3069""}"
2026-10-05T02:01:43.326628Z,1791165702949,MONUSDT,Buy,1500,0.032650,"{""T"":1791165702949,""s"":""MONUSDT"",""S"":""Buy"",""v"":""1500"",""p"":""0.032650""}"
2026-10-05T02:01:43.330538Z,1791165702949,ATHUSDT,Buy,5200,0.007472,"{""T"":1791165702949,""s"":""ATHUSDT"",""S"":""Buy"",""v"":""5200"",""p"":""0.007472""}"
2026-10-05T02:02:04.915737Z,1791165724802,ADAUSDT,Sell,1049,0.2667,"{""T"":1791165724802,""s"":""ADAUSDT"",""S"":""Sell"",""v"":""1049"",""p"":""0.2667""}"
2026-10-05T02:02:58.998014Z,1791165778605,TMXUSDT,Buy,2657,0.01415,"{""T"":1791165778605,""s"":""TMXUSDT"",""S"":""Buy"",""v"":""2657"",""p"":""0.01415""}"
2026-10-05T02:02:58.998014Z,1791165778816,TMXUSDT,Buy,524,0.01418,"{""T"":1791165778816,""s"":""TMXUSDT"",""S"":""Buy"",""v"":""524"",""p"":""0.01418""}"
2026-10-05T02:02:59.497939Z,1791165779014,TMXUSDT,Buy,15042,0.01416,"{""T"":1791165779014,""s"":""TMXUSDT"",""S"":""Buy"",""v"":""15042"",""p"":""0.01416""}"
2026-10-05T02:02:59.497939Z,1791165779129,TMXUSDT,Buy,12016,0.01411,"{""T"":1791165779129,""s"":""TMXUSDT"",""S"":""Buy"",""v"":""12016"",""p"":""0.01411""}"
2026-10-05T02:03:06.518316Z,1791165786222,LTCUSDT,Buy,10.8,69.74,"{""T"":1791165786222,""s"":""LTCUSDT"",""S"":""Buy"",""v"":""10.8"",""p"":""69.74""}"
2026-10-05T02:04:29.564797Z,1791165869227,BNBUSDT,Sell,0.39,807.00,"{""T"":1791165869227,""s"":""BNBUSDT"",""S"":""Sell"",""v"":""0.39"",""p"":""807.00""}"
2026-10-05T02:05:21.567496Z,1791165921273,BNBUSDT,Sell,0.32,807.60,"{""T"":1791165921273,""s"":""BNBUSDT"",""S"":""Sell"",""v"":""0.32"",""p"":""807.60""}"
2026-10-05T02:05:29.349870Z,1791165928824,SANDUSDT,Buy,3296,0.07244,"{""T"":1791165928824,""s"":""SANDUSDT"",""S"":""Buy"",""v"":""3296"",""p"":""0.07244""}"
2026-10-05T02:06:28.064160Z,1791165987966,BNBUSDT,Sell,10.00,808.70,"{""T"":1791165987966,""s"":""BNBUSDT"",""S"":""Sell"",""v"":""10.00"",""p"":""808.70""}"
2026-10-05T02:07:02.064581Z,1791166021944,BNBUSDT,Sell,1.18,809.30,"{""T"":1791166021944,""s"":""BNBUSDT"",""S"":""Sell"",""v"":""1.18"",""p"":""809.30""}"
2026-10-05T02:09:16.838957Z,1791166156548,XRPUSDT,Sell,4699.4,1.5318,"{""T"":1791166156548,""s"":""XRPUSDT"",""S"":""Sell"",""v"":""4699.4"",""p"":""1.5318""}"
2026-10-05T02:09:16.993823Z,1791166156548,SUIUSDT,Sell,3280,1.25490,"{""T"":1791166156548,""s"":""SUIUSDT"",""S"":""Sell"",""v"":""3280"",""p"":""1.25490""}"
2026-10-05T02:09:50.563930Z,1791166190164,BNBUSDT,Sell,0.63,810.20,"{""T"":1791166190164,""s"":""BNBUSDT"",""S"":""Sell"",""v"":""0.63"",""p"":""810.20""}"
2026-10-05T02:10:34.998525Z,1791166234635,INJUSDT,Sell,6.0,7.7540,"{""T"":1791166234635,""s"":""INJUSDT"",""S"":""Sell"",""v"":""6.0"",""p"":""7.7540""}"
2026-10-05T02:10:47.564123Z,1791166247382,BNBUSDT,Sell,2.72,810.40,"{""T"":1791166247382,""s"":""BNBUSDT"",""S"":""Sell"",""v"":""2.72"",""p"":""810.40""}"
2026-10-05T02:11:02.418530Z,1791166261846,1000PEPEUSDT,Sell,600300,0.0044860,"{""T"":1791166261846,""s"":""1000PEPEUSDT"",""S"":""Sell"",""v"":""600300"",""p"":""0.0044860""}"
2026-10-05T02:11:23.494048Z,1791166283018,SUIUSDT,Sell,4130,1.25820,"{""T"":1791166283018,""s"":""SUIUSDT"",""S"":""Sell"",""v"":""4130"",""p"":""1.25820""}"
2026-10-05T02:11:33.017823Z,1791166292636,NEARUSDT,Sell,7.3,4.9710,"{""T"":1791166292636,""s"":""NEARUSDT"",""S"":""Sell"",""v"":""7.3"",""p"":""4.9710""}"
2026-10-05T02:11:57.494257Z,1791166317393,SUIUSDT,Sell,370,1.26000,"{""T"":1791166317393,""s"":""SUIUSDT"",""S"":""Sell"",""v"":""370"",""p"":""1.26000""}"
2026-10-05T02:12:26.814535Z,1791166346423,HYPEUSDT,Sell,0.52,91.520,"{""T"":1791166346423,""s"":""HYPEUSDT"",""S"":""Sell"",""v"":""0.52"",""p"":""91.520""}"
2026-10-05T02:12:35.314104Z,1791166354733,HYPEUSDT,Sell,1.70,91.610,"{""T"":1791166354733,""s"":""HYPEUSDT"",""S"":""Sell"",""v"":""1.70"",""p"":""91.610""}"
2026-10-05T02:12:36.814026Z,1791166356250,HYPEUSDT,Sell,0.77,91.610,"{""T"":1791166356250,""s"":""HYPEUSDT"",""S"":""Sell"",""v"":""0.77"",""p"":""91.610""}"
2026-10-05T02:12:39.517259Z,1791166359095,NEARUSDT,Sell,3.1,4.9790,"{""T"":1791166359095,""s"":""NEARUSDT"",""S"":""Sell"",""v"":""3.1"",""p"":""4.9790""}"
2026-10-05T02:13:39.326805Z,1791166419238,FARTCOINUSDT,Sell,1126,0.18870,"{""T"":1791166419238,""s"":""FARTCOINUSDT"",""S"":""Sell"",""v"":""1126"",""p"":""0.18870""}"
2026-10-05T02:13:42.826496Z,1791166422680,FARTCOINUSDT,Sell,25372,0.19003,"{""T"":1791166422680,""s"":""FARTCOINUSDT"",""S"":""Sell"",""v"":""25372"",""p"":""0.19003""}"
2026-10-05T02:13:57.457491Z,1791166436934,ETHUSDT,Sell,0.05,2740.85,"{""T"":1791166436934,""s"":""ETHUSDT"",""S"":""Sell"",""v"":""0.05"",""p"":""2740.85""}"
2026-10-05T02:14:34.326555Z,1791166474119,FARTCOINUSDT,Sell,1482,0.19099,"{""T"":1791166474119,""s"":""FARTCOINUSDT"",""S"":""Sell"",""v"":""1482"",""p"":""0.19099""}"
2026-10-05T02:14:38.415204Z,1791166478198,ADAUSDT,Sell,5993,0.2697,"{""T"":1791166478198,""s"":""ADAUSDT"",""S"":""Sell"",""v"":""5993"",""p"":""0.2697""}"
2026-10-05T02:15:11.498198Z,1791166511188,STXUSDT,Sell,611.8,0.40310,"{""T"":1791166511188,""s"":""STXUSDT"",""S"":""Sell"",""v"":""611.8"",""p"":""0.40310""}"
2026-10-05T02:15:23.063776Z,1791166522687,BNBUSDT,Sell,38.51,812.40,"{""T"":1791166522687,""s"":""BNBUSDT"",""S"":""Sell"",""v"":""38.51"",""p"":""812.40""}"
2026-10-05T02:15:27.564424Z,1791166527390,BNBUSDT,Sell,52.37,813.00,"{""T"":1791166527390,""s"":""BNBUSDT"",""S"":""Sell"",""v"":""52.37"",""p"":""813.00""}"
2026-10-05T02:15:33.064510Z,1791166532810,BNBUSDT,Sell,4.34,813.30,"{""T"":1791166532810,""s"":""BNBUSDT"",""S"":""Sell"",""v"":""4.34"",""p"":""813.30""}"
2026-10-05T02:15:36.838651Z,1791166536415,XRPUSDT,Sell,184.3,1.5355,"{""T"":1791166536415,""s"":""XRPUSDT"",""S"":""Sell"",""v"":""184.3"",""p"":""1.5355""}"
2026-10-05T02:15:52.917856Z,1791166552349,DOGEUSDT,Sell,15728,0.09745,"{""T"":1791166552349,""s"":""DOGEUSDT"",""S"":""Sell"",""v"":""15728"",""p"":""0.09745""}"
2026-10-05T02:15:56.915062Z,1791166556339,1000PEPEUSDT,Sell,2268700,0.0044950,"{""T"":1791166556339,""s"":""1000PEPEUSDT"",""S"":""Sell"",""v"":""2268700"",""p"":""0.0044950""}"
2026-10-05T02:16:04.415533Z,1791166564313,ADAUSDT,Sell,80,0.2711,"{""T"":1791166564313,""s"":""ADAUSDT"",""S"":""Sell"",""v"":""80"",""p"":""0.2711""}"
2026-10-05T02:16:05.415677Z,1791166564983,ADAUSDT,Sell,517,0.2714,"{""T"":1791166564983,""s"":""ADAUSDT"",""S"":""Sell"",""v"":""517"",""p"":""0.2714""}"
2026-10-05T02:16:05.415677Z,1791166565270,ADAUSDT,Sell,1000,0.2712,"{""T"":1791166565270,""s"":""ADAUSDT"",""S"":""Sell"",""v"":""1000"",""p"":""0.2712""}"
2026-10-05T02:16:10.563751Z,1791166570443,BNBUSDT,Sell,1.00,813.80,"{""T"":1791166570443,""s"":""BNBUSDT"",""S"":""Sell"",""v"":""1.00"",""p"":""813.80""}"
2026-10-05T02:16:21.409567Z,1791166580893,BCHUSDT,Sell,0.10,322.50,"{""T"":1791166580893,""s"":""BCHUSDT"",""S"":""Sell"",""v"":""0.10"",""p"":""322.50""}"
2026-10-05T02:17:30.563351Z,1791166650140,BNBUSDT,Sell,4.85,815.00,"{""T"":1791166650140,""s"":""BNBUSDT"",""S"":""Sell"",""v"":""4.85"",""p"":""815.00""}"
2026-10-05T02:20:10.838369Z,1791166810745,HNTUSDT,Buy,5104.67,0.5621,"{""T"":1791166810745,""s"":""HNTUSDT"",""S"":""Buy"",""v"":""5104.67"",""p"":""0.5621""}"
2026-10-05T02:24:26.517292Z,1791167066255,BEAMUSDT,Buy,10900,0.0024241,"{""T"":1791167066255,""s"":""BEAMUSDT"",""S"":""Buy"",""v"":""10900"",""p"":""0.0024241""}"
2026-10-05T02:24:27.517372Z,1791167067091,BEAMUSDT,Buy,2017600,0.0024227,"{""T"":1791167067091,""s"":""BEAMUSDT"",""S"":""Buy"",""v"":""2017600"",""p"":""0.0024227""}"
2026-10-05T02:24:27.517372Z,1791167067423,BEAMUSDT,Buy,7200,0.0024231,"{""T"":1791167067423,""s"":""BEAMUSDT"",""S"":""Buy"",""v"":""7200"",""p"":""0.0024231""}"
2026-10-05T02:25:05.517220Z,1791167105042,NEARUSDT,Sell,3035.3,4.9970,"{""T"":1791167105042,""s"":""NEARUSDT"",""S"":""Sell"",""v"":""3035.3"",""p"":""4.9970""}"
2026-10-05T02:25:07.517719Z,1791167107162,NEARUSDT,Sell,11.2,5.0090,"{""T"":1791167107162,""s"":""NEARUSDT"",""S"":""Sell"",""v"":""11.2"",""p"":""5.0090""}"
2026-10-05T02:26:39.826228Z,1791167199441,ENAUSDT,Buy,9570,0.23743,"{""T"":1791167199441,""s"":""ENAUSDT"",""S"":""Buy"",""v"":""9570"",""p"":""0.23743""}"
2026-10-05T02:26:39.838949Z,1791167199441,HNTUSDT,Buy,5911.03,0.5546,"{""T"":1791167199441,""s"":""HNTUSDT"",""S"":""Buy"",""v"":""5911.03"",""p"":""0.5546""}"
2026-10-05T02:30:32.850142Z,1791167432638,SANDUSDT,Buy,13584,0.07211,"{""T"":1791167432638,""s"":""SANDUSDT"",""S"":""Buy"",""v"":""13584"",""p"":""0.07211""}"
2026-10-05T02:30:34.349289Z,1791167434261,SANDUSDT,Buy,895,0.07204,"{""T"":1791167434261,""s"":""SANDUSDT"",""S"":""Buy"",""v"":""895"",""p"":""0.07204""}"
2026-10-05T02:31:35.839010Z,1791167495740,LITUSDT,Buy,7.1,3.6400,"{""T"":1791167495740,""s"":""LITUSDT"",""S"":""Buy"",""v"":""7.1"",""p"":""3.6400""}"
2026-10-05T02:31:38.566766Z,1791167498163,BTCUSDT,Buy,0.002,86140.90,"{""T"":1791167498163,""s"":""BTCUSDT"",""S"":""Buy"",""v"":""0.002"",""p"":""86140.90""}"
2026-10-05T02:31:43.067201Z,1791167502684,BTCUSDT,Buy,0.237,86109.70,"{""T"":1791167502684,""s"":""BTCUSDT"",""S"":""Buy"",""v"":""0.237"",""p"":""86109.70""}"
2026-10-05T02:31:58.070283Z,1791167517500,BTCUSDT,Buy,0.098,86095.60,"{""T"":1791167517500,""s"":""BTCUSDT"",""S"":""Buy"",""v"":""0.098"",""p"":""86095.60""}"
2026-10-05T02:33:26.850489Z,1791167606743,SANDUSDT,Buy,100,0.07198,"{""T"":1791167606743,""s"":""SANDUSDT"",""S"":""Buy"",""v"":""100"",""p"":""0.07198""}"
2026-10-05T02:33:41.354210Z,1791167621041,SANDUSDT,Buy,37680,0.07196,"{""T"":1791167621041,""s"":""SANDUSDT"",""S"":""Buy"",""v"":""37680"",""p"":""0.07196""}"
2026-10-05T02:37:21.487744Z,1791167841190,BTWUSDT,Buy,10,1.14242,"{""T"":1791167841190,""s"":""BTWUSDT"",""S"":""Buy"",""v"":""10"",""p"":""1.14242""}"
2026-10-05T02:37:46.349914Z,1791167865796,SANDUSDT,Sell,600,0.07383,"{""T"":1791167865796,""s"":""SANDUSDT"",""S"":""Sell"",""v"":""600"",""p"":""0.07383""}"
2026-10-05T02:38:05.919592Z,1791167885465,ADAUSDT,Sell,16260,0.2706,"{""T"":1791167885465,""s"":""ADAUSDT"",""S"":""Sell"",""v"":""16260"",""p"":""0.2706""}"
2026-10-05T02:39:21.415500Z,1791167960922,ADAUSDT,Sell,609,0.2715,"{""T"":1791167960922,""s"":""ADAUSDT"",""S"":""Sell"",""v"":""609"",""p"":""0.2715""}"
2026-10-05T02:39:33.814119Z,1791167973293,NILUSDT,Buy,2192,0.09553,"{""T"":1791167973293,""s"":""NILUSDT"",""S"":""Buy"",""v"":""2192"",""p"":""0.09553""}"
2026-10-05T02:39:35.915501Z,1791167975649,ADAUSDT,Sell,240,0.2719,"{""T"":1791167975649,""s"":""ADAUSDT"",""S"":""Sell"",""v"":""240"",""p"":""0.2719""}"
2026-10-05T02:39:36.415082Z,1791167976030,ADAUSDT,Sell,37057,0.2718,"{""T"":1791167976030,""s"":""ADAUSDT"",""S"":""Sell"",""v"":""37057"",""p"":""0.2718""}"
2026-10-05T02:40:05.915371Z,1791168005472,ADAUSDT,Sell,9000,0.2722,"{""T"":1791168005472,""s"":""ADAUSDT"",""S"":""Sell"",""v"":""9000"",""p"":""0.2722""}"
2026-10-05T02:40:11.636561Z,1791168011216,STRKUSDT,Buy,15141.3,0.05802,"{""T"":1791168011216,""s"":""STRKUSDT"",""S"":""Buy"",""v"":""15141.3"",""p"":""0.05802""}"
2026-10-05T02:40:11.636561Z,1791168011485,STRKUSDT,Buy,94913.1,0.05798,"{""T"":1791168011485,""s"":""STRKUSDT"",""S"":""Buy"",""v"":""94913.1"",""p"":""0.05798""}"
2026-10-05T02:40:36.415534Z,1791168036101,ADAUSDT,Sell,135,0.2725,"{""T"":1791168036101,""s"":""ADAUSDT"",""S"":""Sell"",""v"":""135"",""p"":""0.2725""}"
2026-10-05T02:41:19.520718Z,1791168079343,NEARUSDT,Sell,188.8,5.0160,"{""T"":1791168079343,""s"":""NEARUSDT"",""S"":""Sell"",""v"":""188.8"",""p"":""5.0160""}"
2026-10-05T02:41:25.487850Z,1791168085100,ZROUSDT,Sell,264.5,1.9569,"{""T"":1791168085100,""s"":""ZROUSDT"",""S"":""Sell"",""v"":""264.5"",""p"":""1.9569""}"
2026-10-05T02:41:27.915766Z,1791168087534,ADAUSDT,Sell,589,0.2729,"{""T"":1791168087534,""s"":""ADAUSDT"",""S"":""Sell"",""v"":""589"",""p"":""0.2729""}"
2026-10-05T02:41:28.415184Z,1791168088239,ADAUSDT,Sell,75,0.2728,"{""T"":1791168088239,""s"":""ADAUSDT"",""S"":""Sell"",""v"":""75"",""p"":""0.2728""}"
2026-10-05T02:41:59.838964Z,1791168119253,ONDOUSDT,Sell,2782,0.5075,"{""T"":1791168119253,""s"":""ONDOUSDT"",""S"":""Sell"",""v"":""2782"",""p"":""0.5075""}"
2026-10-05T02:42:13.814148Z,1791168133669,TRUMPUSDT,Sell,23.1,2.104,"{""T"":1791168133669,""s"":""TRUMPUSDT"",""S"":""Sell"",""v"":""23.1"",""p"":""2.104""}"
2026-10-05T02:42:17.415131Z,1791168136899,1000PEPEUSDT,Sell,31100,0.0045160,"{""T"":1791168136899,""s"":""1000PEPEUSDT"",""S"":""Sell"",""v"":""31100"",""p"":""0.0045160""}"
2026-10-05T02:42:17.415131Z,1791168137016,1000PEPEUSDT,Sell,859300,0.0045130,"{""T"":1791168137016,""s"":""1000PEPEUSDT"",""S"":""Sell"",""v"":""859300"",""p"":""0.0045130""}"
2026-10-05T02:42:27.988681Z,1791168147706,BTWUSDT,Buy,370,1.13646,"{""T"":1791168147706,""s"":""BTWUSDT"",""S"":""Buy"",""v"":""370"",""p"":""1.13646""}"
2026-10-05T02:43:01.909333Z,1791168181764,TIAUSDT,Sell,83.0,0.4937,"{""T"":1791168181764,""s"":""TIAUSDT"",""S"":""Sell"",""v"":""83.0"",""p"":""0.4937""}"
2026-10-05T02:43:30.988373Z,1791168210853,BTWUSDT,Buy,420,1.12989,"{""T"":1791168210853,""s"":""BTWUSDT"",""S"":""Buy"",""v"":""420"",""p"":""1.12989""}"
2026-10-05T02:43:30.988373Z,1791168210876,BTWUSDT,Buy,1380,1.12950,"{""T"":1791168210876,""s"":""BTWUSDT"",""S"":""Buy"",""v"":""1380"",""p"":""1.12950""}"
2026-10-05T02:43:31.487891Z,1791168211364,BTWUSDT,Buy,10,1.13129,"{""T"":1791168211364,""s"":""BTWUSDT"",""S"":""Buy"",""v"":""10"",""p"":""1.13129""}"
2026-10-05T02:43:31.987715Z,1791168211750,BTWUSDT,Buy,60,1.12721,"{""T"":1791168211750,""s"":""BTWUSDT"",""S"":""Buy"",""v"":""60"",""p"":""1.12721""}"
2026-10-05T02:43:31.987715Z,1791168211851,BTWUSDT,Buy,3240,1.12890,"{""T"":1791168211851,""s"":""BTWUSDT"",""S"":""Buy"",""v"":""3240"",""p"":""1.12890""}"
2026-10-05T02:44:02.987967Z,1791168242501,BTWUSDT,Buy,1730,1.12272,"{""T"":1791168242501,""s"":""BTWUSDT"",""S"":""Buy"",""v"":""1730"",""p"":""1.12272""}"
2026-10-05T02:44:03.488049Z,1791168243315,BTWUSDT,Buy,10,1.12371,"{""T"":1791168243315,""s"":""BTWUSDT"",""S"":""Buy"",""v"":""10"",""p"":""1.12371""}"
2026-10-05T02:44:03.988062Z,1791168243427,BTWUSDT,Buy,510,1.12279,"{""T"":1791168243427,""s"":""BTWUSDT"",""S"":""Buy"",""v"":""510"",""p"":""1.12279""}"
2026-10-05T02:44:04.987971Z,1791168244895,BTWUSDT,Buy,10,1.12121,"{""T"":1791168244895,""s"":""BTWUSDT"",""S"":""Buy"",""v"":""10"",""p"":""1.12121""}"
2026-10-05T02:44:05.488628Z,1791168244906,BTWUSDT,Buy,430,1.12141,"{""T"":1791168244906,""s"":""BTWUSDT"",""S"":""Buy"",""v"":""430"",""p"":""1.12141""}"
2026-10-05T02:44:05.988020Z,1791168245663,BTWUSDT,Buy,20,1.12072,"{""T"":1791168245663,""s"":""BTWUSDT"",""S"":""Buy"",""v"":""20"",""p"":""1.12072""}"
2026-10-05T02:44:05.988020Z,1791168245880,BTWUSDT,Buy,20,1.12050,"{""T"":1791168245880,""s"":""BTWUSDT"",""S"":""Buy"",""v"":""20"",""p"":""1.12050""}"
2026-10-05T02:45:03.517427Z,1791168303378,BEAMUSDT,Buy,66300,0.0024153,"{""T"":1791168303378,""s"":""BEAMUSDT"",""S"":""Buy"",""v"":""66300"",""p"":""0.0024153""}"
2026-10-05T02:45:06.637300Z,1791168306494,MOVRUSDT,Sell,14.6,1.7770,"{""T"":1791168306494,""s"":""MOVRUSDT"",""S"":""Sell"",""v"":""14.6"",""p"":""1.7770""}"
2026-10-05T02:45:19.518386Z,1791168319137,BEAMUSDT,Buy,416900,0.0024129,"{""T"":1791168319137,""s"":""BEAMUSDT"",""S"":""Buy"",""v"":""416900"",""p"":""0.0024129""}"
2026-10-05T02:46:33.640404Z,1791168393114,STRKUSDT,Sell,114.6,0.06022,"{""T"":1791168393114,""s"":""STRKUSDT"",""S"":""Sell"",""v"":""114.6"",""p"":""0.06022""}"
2026-10-05T02:46:43.338775Z,1791168403125,ONDOUSDT,Sell,368,0.5119,"{""T"":1791168403125,""s"":""ONDOUSDT"",""S"":""Sell"",""v"":""368"",""p"":""0.5119""}"
2026-10-05T02:46:47.338590Z,1791168406905,ONDOUSDT,Sell,375,0.5120,"{""T"":1791168406905,""s"":""ONDOUSDT"",""S"":""Sell"",""v"":""375"",""p"":""0.5120""}"
2026-10-05T02:48:32.493981Z,1791168512406,MUBARAKUSDT,Sell,958,0.070759,"{""T"":1791168512406,""s"":""MUBARAKUSDT"",""S"":""Sell"",""v"":""958"",""p"":""0.070759""}"
2026-10-05T02:49:51.988029Z,1791168591741,SOXLUSDT,Buy,53.04,166.12,"{""T"":1791168591741,""s"":""SOXLUSDT"",""S"":""Buy"",""v"":""53.04"",""p"":""166.12""}"
2026-10-05T02:50:12.988324Z,1791168612780,ZROUSDT,Buy,7.4,1.8856,"{""T"":1791168612780,""s"":""ZROUSDT"",""S"":""Buy"",""v"":""7.4"",""p"":""1.8856""}"
2026-10-05T02:50:13.988067Z,1791168613478,ZROUSDT,Buy,123.1,1.8868,"{""T"":1791168613478,""s"":""ZROUSDT"",""S"":""Buy"",""v"":""123.1"",""p"":""1.8868""}"
2026-10-05T02:51:11.313900Z,1791168670746,XPLUSDT,Buy,791,0.09537,"{""T"":1791168670746,""s"":""XPLUSDT"",""S"":""Buy"",""v"":""791"",""p"":""0.09537""}"
2026-10-05T02:52:05.989665Z,1791168725403,USUSDT,Buy,4630,0.013150,"{""T"":1791168725403,""s"":""USUSDT"",""S"":""Buy"",""v"":""4630"",""p"":""0.013150""}"
2026-10-05T02:52:05.990174Z,1791168725403,BTWUSDT,Buy,20,1.15013,"{""T"":1791168725403,""s"":""BTWUSDT"",""S"":""Buy"",""v"":""20"",""p"":""1.15013""}"
2026-10-05T02:52:53.330676Z,1791168772990,LONGXIAUSDT,Buy,231,0.0392,"{""T"":1791168772990,""s"":""LONGXIAUSDT"",""S"":""Buy"",""v"":""231"",""p"":""0.0392""}"
2026-10-05T02:53:12.990819Z,1791168792867,XAUUSDT,Buy,0.019,4133.89,"{""T"":1791168792867,""s"":""XAUUSDT"",""S"":""Buy"",""v"":""0.019"",""p"":""4133.89""}"
2026-10-05T02:53:21.488088Z,1791168800960,USUSDT,Buy,16150,0.012950,"{""T"":1791168800960,""s"":""USUSDT"",""S"":""Buy"",""v"":""16150"",""p"":""0.012950""}"
2026-10-05T02:53:21.488088Z,1791168801213,USUSDT,Buy,13580,0.012940,"{""T"":1791168801213,""s"":""USUSDT"",""S"":""Buy"",""v"":""13580"",""p"":""0.012940""}"
2026-10-05T02:53:21.488088Z,1791168801354,USUSDT,Buy,1100,0.012920,"{""T"":1791168801354,""s"":""USUSDT"",""S"":""Buy"",""v"":""1100"",""p"":""0.012920""}"
2026-10-05T02:53:21.488088Z,1791168801377,USUSDT,Buy,960,0.012830,"{""T"":1791168801377,""s"":""USUSDT"",""S"":""Buy"",""v"":""960"",""p"":""0.012830""}"
2026-10-05T02:53:21.488088Z,1791168801394,USUSDT,Buy,21480,0.012800,"{""T"":1791168801394,""s"":""USUSDT"",""S"":""Buy"",""v"":""21480"",""p"":""0.012800""}"
2026-10-05T02:53:21.493908Z,1791168801354,BRUSDT,Buy,65,0.38696,"{""T"":1791168801354,""s"":""BRUSDT"",""S"":""Buy"",""v"":""65"",""p"":""0.38696""}"
2026-10-05T02:53:21.988039Z,1791168801571,USUSDT,Buy,490,0.012810,"{""T"":1791168801571,""s"":""USUSDT"",""S"":""Buy"",""v"":""490"",""p"":""0.012810""}"
2026-10-05T02:53:21.988039Z,1791168801704,USUSDT,Buy,22170,0.012820,"{""T"":1791168801704,""s"":""USUSDT"",""S"":""Buy"",""v"":""22170"",""p"":""0.012820""}"
2026-10-05T02:53:22.487976Z,1791168802081,USUSDT,Buy,100530,0.012780,"{""T"":1791168802081,""s"":""USUSDT"",""S"":""Buy"",""v"":""100530"",""p"":""0.012780""}"
2026-10-05T02:53:22.487976Z,1791168802131,USUSDT,Buy,15520,0.012800,"{""T"":1791168802131,""s"":""USUSDT"",""S"":""Buy"",""v"":""15520"",""p"":""0.012800""}"
2026-10-05T02:53:22.487976Z,1791168802380,USUSDT,Buy,1970,0.012820,"{""T"":1791168802380,""s"":""USUSDT"",""S"":""Buy"",""v"":""1970"",""p"":""0.012820""}"
2026-10-05T02:53:35.991667Z,1791168815787,XAUUSDT,Buy,0.039,4133.09,"{""T"":1791168815787,""s"":""XAUUSDT"",""S"":""Buy"",""v"":""0.039"",""p"":""4133.09""}"
2026-10-05T02:54:24.814417Z,1791168864388,NILUSDT,Sell,399,0.10480,"{""T"":1791168864388,""s"":""NILUSDT"",""S"":""Sell"",""v"":""399"",""p"":""0.10480""}"
2026-10-05T02:55:07.314308Z,1791168907129,NILUSDT,Sell,51,0.10508,"{""T"":1791168907129,""s"":""NILUSDT"",""S"":""Sell"",""v"":""51"",""p"":""0.10508""}"
2026-10-05T02:55:08.488523Z,1791168908003,XAUUSDT,Buy,0.671,4132.28,"{""T"":1791168908003,""s"":""XAUUSDT"",""S"":""Buy"",""v"":""0.671"",""p"":""4132.28""}"
2026-10-05T02:56:18.066804Z,1791168977806,BTCUSDT,Sell,0.066,86827.20,"{""T"":1791168977806,""s"":""BTCUSDT"",""S"":""Sell"",""v"":""0.066"",""p"":""86827.20""}"
2026-10-05T02:56:30.314327Z,1791168989955,NILUSDT,Sell,2511,0.10587,"{""T"":1791168989955,""s"":""NILUSDT"",""S"":""Sell"",""v"":""2511"",""p"":""0.10587""}"
2026-10-05T02:56:34.329752Z,1791168994237,LONGXIAUSDT,Buy,2312,0.0390,"{""T"":1791168994237,""s"":""LONGXIAUSDT"",""S"":""Buy"",""v"":""2312"",""p"":""0.0390""}"
2026-10-05T02:56:34.830596Z,1791168994263,LONGXIAUSDT,Buy,40424,0.0385,"{""T"":1791168994263,""s"":""LONGXIAUSDT"",""S"":""Buy"",""v"":""40424"",""p"":""0.0385""}"
2026-10-05T02:56:35.330263Z,1791168994776,LONGXIAUSDT,Buy,2340,0.0387,"{""T"":1791168994776,""s"":""LONGXIAUSDT"",""S"":""Buy"",""v"":""2340"",""p"":""0.0387""}"
2026-10-05T02:56:35.330263Z,1791168995017,LONGXIAUSDT,Buy,979,0.0386,"{""T"":1791168995017,""s"":""LONGXIAUSDT"",""S"":""Buy"",""v"":""979"",""p"":""0.0386""}"
2026-10-05T02:56:35.330263Z,1791168995109,LONGXIAUSDT,Buy,22568,0.0385,"{""T"":1791168995109,""s"":""LONGXIAUSDT"",""S"":""Buy"",""v"":""22568"",""p"":""0.0385""}"
2026-10-05T02:57:10.958635Z,1791169030785,QNTUSDT,Sell,13.36,252.44,"{""T"":1791169030785,""s"":""QNTUSDT"",""S"":""Sell"",""v"":""13.36"",""p"":""252.44""}"
2026-10-05T02:57:21.488620Z,1791169041263,AKTUSDT,Sell,2396.3,0.8087,"{""T"":1791169041263,""s"":""AKTUSDT"",""S"":""Sell"",""v"":""2396.3"",""p"":""0.8087""}"
2026-10-05T02:57:28.339022Z,1791169047989,XRPUSDT,Buy,314.7,1.5125,"{""T"":1791169047989,""s"":""XRPUSDT"",""S"":""Buy"",""v"":""314.7"",""p"":""1.5125""}"
2026-10-05T02:57:28.415070Z,1791169047989,DOGEUSDT,Buy,5284,0.09552,"{""T"":1791169047989,""s"":""DOGEUSDT"",""S"":""Buy"",""v"":""5284"",""p"":""0.09552""}"
2026-10-05T02:57:28.488387Z,1791169047989,XAUUSDT,Buy,0.067,4129.66,"{""T"":1791169047989,""s"":""XAUUSDT"",""S"":""Buy"",""v"":""0.067"",""p"":""4129.66""}"
2026-10-05T02:57:28.564120Z,1791169047989,BNBUSDT,Buy,0.55,795.70,"{""T"":1791169047989,""s"":""BNBUSDT"",""S"":""Buy"",""v"":""0.55"",""p"":""795.70""}"
2026-10-05T02:57:46.330310Z,1791169066043,LONGXIAUSDT,Buy,7497,0.0383,"{""T"":1791169066043,""s"":""LONGXIAUSDT"",""S"":""Buy"",""v"":""7497"",""p"":""0.0383""}"
2026-10-05T02:57:46.830296Z,1791169066375,LONGXIAUSDT,Buy,32575,0.0383,"{""T"":1791169066375,""s"":""LONGXIAUSDT"",""S"":""Buy"",""v"":""32575"",""p"":""0.0383""}"
2026-10-05T02:57:46.830296Z,1791169066670,LONGXIAUSDT,Buy,8032,0.0384,"{""T"":1791169066670,""s"":""LONGXIAUSDT"",""S"":""Buy"",""v"":""8032"",""p"":""0.0384""}"
2026-10-05T02:57:48.829758Z,1791169068592,LONGXIAUSDT,Buy,8506,0.0383,"{""T"":1791169068592,""s"":""LONGXIAUSDT"",""S"":""Buy"",""v"":""8506"",""p"":""0.0383""}"
2026-10-05T02:57:49.064108Z,1791169068592,SOLUSDT,Buy,3.2,120.600,"{""T"":1791169068592,""s"":""SOLUSDT"",""S"":""Buy"",""v"":""3.2"",""p"":""120.600""}"
2026-10-05T02:57:49.329814Z,1791169068755,LONGXIAUSDT,Buy,247,0.0382,"{""T"":1791169068755,""s"":""LONGXIAUSDT"",""S"":""Buy"",""v"":""247"",""p"":""0.0382""}"
2026-10-05T02:58:03.330403Z,1791169083023,LONGXIAUSDT,Buy,184,0.0382,"{""T"":1791169083023,""s"":""LONGXIAUSDT"",""S"":""Buy"",""v"":""184"",""p"":""0.0382""}"
2026-10-05T02:58:16.488457Z,1791169096389,USUSDT,Buy,2910,0.012960,"{""T"":1791169096389,""s"":""USUSDT"",""S"":""Buy"",""v"":""2910"",""p"":""0.012960""}"
2026-10-05T02:58:16.829880Z,1791169096273,LONGXIAUSDT,Buy,453,0.0380,"{""T"":1791169096273,""s"":""LONGXIAUSDT"",""S"":""Buy"",""v"":""453"",""p"":""0.0380""}"
2026-10-05T02:58:16.829880Z,1791169096382,LONGXIAUSDT,Buy,2880,0.0376,"{""T"":1791169096382,""s"":""LONGXIAUSDT"",""S"":""Buy"",""v"":""2880"",""p"":""0.0376""}"
2026-10-05T02:58:16.829880Z,1791169096389,LONGXIAUSDT,Buy,2267,0.0378,"{""T"":1791169096389,""s"":""LONGXIAUSDT"",""S"":""Buy"",""v"":""2267"",""p"":""0.0378""}"
2026-10-05T02:58:16.829880Z,1791169096439,LONGXIAUSDT,Buy,2186,0.0377,"{""T"":1791169096439,""s"":""LONGXIAUSDT"",""S"":""Buy"",""v"":""2186"",""p"":""0.0377""}"
2026-10-05T02:58:16.829880Z,1791169096741,LONGXIAUSDT,Buy,195,0.0379,"{""T"":1791169096741,""s"":""LONGXIAUSDT"",""S"":""Buy"",""v"":""195"",""p"":""0.0379""}"
2026-10-05T02:58:16.849786Z,1791169096439,SANDUSDT,Buy,12762,0.07213,"{""T"":1791169096439,""s"":""SANDUSDT"",""S"":""Buy"",""v"":""12762"",""p"":""0.07213""}"
2026-10-05T02:58:17.017452Z,1791169096439,BEAMUSDT,Buy,155300,0.0024086,"{""T"":1791169096439,""s"":""BEAMUSDT"",""S"":""Buy"",""v"":""155300"",""p"":""0.0024086""}"
2026-10-05T02:58:17.330552Z,1791169096877,LONGXIAUSDT,Buy,164,0.0376,"{""T"":1791169096877,""s"":""LONGXIAUSDT"",""S"":""Buy"",""v"":""164"",""p"":""0.0376""}"
2026-10-05T02:58:17.330552Z,1791169096962,LONGXIAUSDT,Buy,1000,0.0376,"{""T"":1791169096962,""s"":""LONGXIAUSDT"",""S"":""Buy"",""v"":""1000"",""p"":""0.0376""}"
2026-10-05T02:58:17.330552Z,1791169097052,LONGXIAUSDT,Buy,20937,0.0374,"{""T"":1791169097052,""s"":""LONGXIAUSDT"",""S"":""Buy"",""v"":""20937"",""p"":""0.0374""}"
2026-10-05T02:58:17.330552Z,1791169097092,LONGXIAUSDT,Buy,2205,0.0368,"{""T"":1791169097092,""s"":""LONGXIAUSDT"",""S"":""Buy"",""v"":""2205"",""p"":""0.0368""}"
2026-10-05T02:58:17.330552Z,1791169097099,LONGXIAUSDT,Buy,2272,0.0365,"{""T"":1791169097099,""s"":""LONGXIAUSDT"",""S"":""Buy"",""v"":""2272"",""p"":""0.0365""}"
2026-10-05T02:58:17.330552Z,1791169097103,LONGXIAUSDT,Buy,208,0.0378,"{""T"":1791169097103,""s"":""LONGXIAUSDT"",""S"":""Buy"",""v"":""208"",""p"":""0.0378""}"
2026-10-05T02:58:17.330552Z,1791169097119,LONGXIAUSDT,Buy,2011,0.0369,"{""T"":1791169097119,""s"":""LONGXIAUSDT"",""S"":""Buy"",""v"":""2011"",""p"":""0.0369""}"
2026-10-05T02:58:17.488097Z,1791169097100,USUSDT,Buy,6980,0.012880,"{""T"":1791169097100,""s"":""USUSDT"",""S"":""Buy"",""v"":""6980"",""p"":""0.012880""}"
2026-10-05T02:58:17.830511Z,1791169097336,LONGXIAUSDT,Buy,2049,0.0370,"{""T"":1791169097336,""s"":""LONGXIAUSDT"",""S"":""Buy"",""v"":""2049"",""p"":""0.0370""}"
2026-10-05T02:58:17.830511Z,1791169097339,LONGXIAUSDT,Buy,126,0.0365,"{""T"":1791169097339,""s"":""LONGXIAUSDT"",""S"":""Buy"",""v"":""126"",""p"":""0.0365""}"
2026-10-05T02:58:17.830511Z,1791169097571,LONGXIAUSDT,Buy,70974,0.0373,"{""T"":1791169097571,""s"":""LONGXIAUSDT"",""S"":""Buy"",""v"":""70974"",""p"":""0.0373""}"
2026-10-05T02:58:18.330150Z,1791169097746,LONGXIAUSDT,Buy,1988,0.0375,"{""T"":1791169097746,""s"":""LONGXIAUSDT"",""S"":""Buy"",""v"":""1988"",""p"":""0.0375""}"
2026-10-05T02:58:18.330150Z,1791169097810,LONGXIAUSDT,Buy,83022,0.0369,"{""T"":1791169097810,""s"":""LONGXIAUSDT"",""S"":""Buy"",""v"":""83022"",""p"":""0.0369""}"
2026-10-05T02:58:18.330150Z,1791169097813,LONGXIAUSDT,Buy,2293,0.0370,"{""T"":1791169097813,""s"":""LONGXIAUSDT"",""S"":""Buy"",""v"":""2293"",""p"":""0.0370""}"
2026-10-05T02:58:18.330150Z,1791169097985,LONGXIAUSDT,Buy,218,0.0368,"{""T"":1791169097985,""s"":""LONGXIAUSDT"",""S"":""Buy"",""v"":""218"",""p"":""0.0368""}"
2026-10-05T02:58:18.830056Z,1791169098297,LONGXIAUSDT,Buy,1799,0.0364,"{""T"":1791169098297,""s"":""LONGXIAUSDT"",""S"":""Buy"",""v"":""1799"",""p"":""0.0364""}"
2026-10-05T02:58:18.830056Z,1791169098377,LONGXIAUSDT,Buy,389,0.0364,"{""T"":1791169098377,""s"":""LONGXIAUSDT"",""S"":""Buy"",""v"":""389"",""p"":""0.0364""}"
2026-10-05T02:58:18.830056Z,1791169098570,LONGXIAUSDT,Buy,329,0.0365,"{""T"":1791169098570,""s"":""LONGXIAUSDT"",""S"":""Buy"",""v"":""329"",""p"":""0.0365""}"
2026-10-05T02:58:19.330504Z,1791169098772,LONGXIAUSDT,Buy,1000,0.0363,"{""T"":1791169098772,""s"":""LONGXIAUSDT"",""S"":""Buy"",""v"":""1000"",""p"":""0.0363""}"
2026-10-05T02:59:04.494515Z,1791169144083,BRUSDT,Buy,641,0.38411,"{""T"":1791169144083,""s"":""BRUSDT"",""S"":""Buy"",""v"":""641"",""p"":""0.38411""}"
2026-10-05T02:59:12.838415Z,1791169152325,XRPUSDT,Buy,234.1,1.5114,"{""T"":1791169152325,""s"":""XRPUSDT"",""S"":""Buy"",""v"":""234.1"",""p"":""1.5114""}"
2026-10-05T02:59:16.360741Z,1791169156208,WLDUSDT,Buy,15.4,0.5803,"{""T"":1791169156208,""s"":""WLDUSDT"",""S"":""Buy"",""v"":""15.4"",""p"":""0.5803""}"
2026-10-05T02:59:16.414952Z,1791169156208,ARBUSDT,Buy,44.3,0.20228,"{""T"":1791169156208,""s"":""ARBUSDT"",""S"":""Buy"",""v"":""44.3"",""p"":""0.20228""}"
2026-10-05T02:59:30.498054Z,1791169170087,TMXUSDT,Sell,44051,0.01555,"{""T"":1791169170087,""s"":""TMXUSDT"",""S"":""Sell"",""v"":""44051"",""p"":""0.01555""}"
2026-10-05T02:59:37.988756Z,1791169177872,CLUSDT,Buy,1.10,89.650,"{""T"":1791169177872,""s"":""CLUSDT"",""S"":""Buy"",""v"":""1.10"",""p"":""89.650""}"
2026-10-05T03:00:47.814052Z,1791169247534,NILUSDT,Sell,18254,0.10625,"{""T"":1791169247534,""s"":""NILUSDT"",""S"":""Sell"",""v"":""18254"",""p"":""0.10625""}"
2026-10-05T03:00:47.814052Z,1791169247608,NILUSDT,Sell,9819,0.10713,"{""T"":1791169247608,""s"":""NILUSDT"",""S"":""Sell"",""v"":""9819"",""p"":""0.10713""}"
2026-10-05T03:00:52.314009Z,1791169251770,NILUSDT,Sell,47819,0.10738,"{""T"":1791169251770,""s"":""NILUSDT"",""S"":""Sell"",""v"":""47819"",""p"":""0.10738""}"
2026-10-05T03:00:54.814187Z,1791169254379,NILUSDT,Sell,510,0.10764,"{""T"":1791169254379,""s"":""NILUSDT"",""S"":""Sell"",""v"":""510"",""p"":""0.10764""}"
2026-10-05T03:00:54.814187Z,1791169254701,NILUSDT,Sell,126709,0.10782,"{""T"":1791169254701,""s"":""NILUSDT"",""S"":""Sell"",""v"":""126709"",""p"":""0.10782""}"
2026-10-05T03:01:01.814247Z,1791169261689,NILUSDT,Sell,6017,0.10797,"{""T"":1791169261689,""s"":""NILUSDT"",""S"":""Sell"",""v"":""6017"",""p"":""0.10797""}"
2026-10-05T03:01:02.814151Z,1791169262383,NILUSDT,Sell,191,0.10792,"{""T"":1791169262383,""s"":""NILUSDT"",""S"":""Sell"",""v"":""191"",""p"":""0.10792""}"
2026-10-05T03:01:16.314278Z,1791169275853,NILUSDT,Sell,61,0.10825,"{""T"":1791169275853,""s"":""NILUSDT"",""S"":""Sell"",""v"":""61"",""p"":""0.10825""}"
2026-10-05T03:01:16.314278Z,1791169275871,NILUSDT,Sell,1330,0.10873,"{""T"":1791169275871,""s"":""NILUSDT"",""S"":""Sell"",""v"":""1330"",""p"":""0.10873""}"
2026-10-05T03:01:16.814209Z,1791169276292,NILUSDT,Sell,112,0.10831,"{""T"":1791169276292,""s"":""NILUSDT"",""S"":""Sell"",""v"":""112"",""p"":""0.10831""}"
2026-10-05T03:01:16.814209Z,1791169276481,NILUSDT,Sell,7352,0.10867,"{""T"":1791169276481,""s"":""NILUSDT"",""S"":""Sell"",""v"":""7352"",""p"":""0.10867""}"
2026-10-05T03:01:30.998483Z,1791169290442,PENGUUSDT,Sell,8900,0.010000,"{""T"":1791169290442,""s"":""PENGUUSDT"",""S"":""Sell"",""v"":""8900"",""p"":""0.010000""}"
2026-10-05T03:02:05.338558Z,1791169325251,XRPUSDT,Buy,77.3,1.5097,"{""T"":1791169325251,""s"":""XRPUSDT"",""S"":""Buy"",""v"":""77.3"",""p"":""1.5097""}"
2026-10-05T03:03:02.838924Z,1791169382682,XRPUSDT,Buy,9.0,1.5095,"{""T"":1791169382682,""s"":""XRPUSDT"",""S"":""Buy"",""v"":""9.0"",""p"":""1.5095""}"
2026-10-05T03:03:35.987751Z,1791169415409,BTWUSDT,Buy,30,1.11783,"{""T"":1791169415409,""s"":""BTWUSDT"",""S"":""Buy"",""v"":""30"",""p"":""1.11783""}"
2026-10-05T03:03:36.488074Z,1791169416163,BTWUSDT,Buy,40,1.11302,"{""T"":1791169416163,""s"":""BTWUSDT"",""S"":""Buy"",""v"":""40"",""p"":""1.11302""}"
2026-10-05T03:05:20.991309Z,1791169520631,AKTUSDT,Sell,1211.2,0.8204,"{""T"":1791169520631,""s"":""AKTUSDT"",""S"":""Sell"",""v"":""1211.2"",""p"":""0.8204""}"
2026-10-05T03:05:22.988492Z,1791169522435,AKTUSDT,Sell,331.0,0.8217,"{""T"":1791169522435,""s"":""AKTUSDT"",""S"":""Sell"",""v"":""331.0"",""p"":""0.8217""}"
2026-10-05T03:05:28.987894Z,1791169528533,AKTUSDT,Sell,266.3,0.8240,"{""T"":1791169528533,""s"":""AKTUSDT"",""S"":""Sell"",""v"":""266.3"",""p"":""0.8240""}"
2026-10-05T03:06:20.990960Z,1791169580768,ZROUSDT,Buy,1707.5,1.8790,"{""T"":1791169580768,""s"":""ZROUSDT"",""S"":""Buy"",""v"":""1707.5"",""p"":""1.8790""}"
2026-10-05T03:06:21.487980Z,1791169581106,ZROUSDT,Buy,1102.6,1.8791,"{""T"":1791169581106,""s"":""ZROUSDT"",""S"":""Buy"",""v"":""1102.6"",""p"":""1.8791""}"
2026-10-05T03:06:33.988027Z,1791169593875,BTWUSDT,Buy,10,1.10459,"{""T"":1791169593875,""s"":""BTWUSDT"",""S"":""Buy"",""v"":""10"",""p"":""1.10459""}"
2026-10-05T03:06:48.988407Z,1791169608726,ZROUSDT,Buy,17.1,1.8772,"{""T"":1791169608726,""s"":""ZROUSDT"",""S"":""Buy"",""v"":""17.1"",""p"":""1.8772""}"
2026-10-05T03:07:40.361155Z,1791169660049,WLDUSDT,Buy,111.5,0.5740,"{""T"":1791169660049,""s"":""WLDUSDT"",""S"":""Buy"",""v"":""111.5"",""p"":""0.5740""}"
2026-10-05T03:08:01.349743Z,1791169680961,SANDUSDT,Buy,18070,0.07169,"{""T"":1791169680961,""s"":""SANDUSDT"",""S"":""Buy"",""v"":""18070"",""p"":""0.07169""}"
2026-10-05T03:08:01.349743Z,1791169681230,SANDUSDT,Buy,67033,0.07162,"{""T"":1791169681230,""s"":""SANDUSDT"",""S"":""Buy"",""v"":""67033"",""p"":""0.07162""}"
2026-10-05T03:08:06.338152Z,1791169686147,LITUSDT,Buy,4.2,3.6180,"{""T"":1791169686147,""s"":""LITUSDT"",""S"":""Buy"",""v"":""4.2"",""p"":""3.6180""}"
2026-10-05T03:09:25.313896Z,1791169765103,PUMPFUNUSDT,Buy,38900,0.0063220,"{""T"":1791169765103,""s"":""PUMPFUNUSDT"",""S"":""Buy"",""v"":""38900"",""p"":""0.0063220""}"
2026-10-05T03:09:28.066978Z,1791169767725,BTCUSDT,Buy,0.001,86073.50,"{""T"":1791169767725,""s"":""BTCUSDT"",""S"":""Buy"",""v"":""0.001"",""p"":""86073.50""}"
2026-10-05T03:09:28.987863Z,1791169768877,AKTUSDT,Sell,57.5,0.8274,"{""T"":1791169768877,""s"":""AKTUSDT"",""S"":""Sell"",""v"":""57.5"",""p"":""0.8274""}"
2026-10-05T03:09:31.497849Z,1791169771082,TMXUSDT,Sell,9287,0.01627,"{""T"":1791169771082,""s"":""TMXUSDT"",""S"":""Sell"",""v"":""9287"",""p"":""0.01627""}"
2026-10-05T03:09:42.814184Z,1791169782494,NILUSDT,Buy,410,0.09826,"{""T"":1791169782494,""s"":""NILUSDT"",""S"":""Buy"",""v"":""410"",""p"":""0.09826""}"
2026-10-05T03:09:43.813918Z,1791169783704,NILUSDT,Buy,552,0.09796,"{""T"":1791169783704,""s"":""NILUSDT"",""S"":""Buy"",""v"":""552"",""p"":""0.09796""}"
2026-10-05T03:09:45.314154Z,1791169784854,NILUSDT,Buy,260,0.09745,"{""T"":1791169784854,""s"":""NILUSDT"",""S"":""Buy"",""v"":""260"",""p"":""0.09745""}"
2026-10-05T03:09:52.997930Z,1791169792858,TMXUSDT,Sell,4196,0.01632,"{""T"":1791169792858,""s"":""TMXUSDT"",""S"":""Sell"",""v"":""4196"",""p"":""0.01632""}"
2026-10-05T03:10:03.501010Z,1791169803245,TMXUSDT,Sell,1132,0.01636,"{""T"":1791169803245,""s"":""TMXUSDT"",""S"":""Sell"",""v"":""1132"",""p"":""0.01636""}"
2026-10-05T03:10:04.497677Z,1791169804070,TMXUSDT,Sell,1840,0.01635,"{""T"":1791169804070,""s"":""TMXUSDT"",""S"":""Sell"",""v"":""1840"",""p"":""0.01635""}"
2026-10-05T03:10:25.991124Z,1791169825575,AKTUSDT,Sell,16.8,0.8305,"{""T"":1791169825575,""s"":""AKTUSDT"",""S"":""Sell"",""v"":""16.8"",""p"":""0.8305""}"
2026-10-05T03:10:26.987698Z,1791169826754,AKTUSDT,Sell,951.8,0.8317,"{""T"":1791169826754,""s"":""AKTUSDT"",""S"":""Sell"",""v"":""951.8"",""p"":""0.8317""}"
2026-10-05T03:10:27.488570Z,1791169827178,AKTUSDT,Sell,1119.6,0.8308,"{""T"":1791169827178,""s"":""AKTUSDT"",""S"":""Sell"",""v"":""1119.6"",""p"":""0.8308""}"
2026-10-05T03:10:37.997864Z,1791169837678,TMXUSDT,Sell,22095,0.01652,"{""T"":1791169837678,""s"":""TMXUSDT"",""S"":""Sell"",""v"":""22095"",""p"":""0.01652""}"
2026-10-05T03:10:37.997864Z,1791169837755,TMXUSDT,Sell,20338,0.01645,"{""T"":1791169837755,""s"":""TMXUSDT"",""S"":""Sell"",""v"":""20338"",""p"":""0.01645""}"
2026-10-05T03:10:37.997864Z,1791169837828,TMXUSDT,Sell,366,0.01656,"{""T"":1791169837828,""s"":""TMXUSDT"",""S"":""Sell"",""v"":""366"",""p"":""0.01656""}"
2026-10-05T03:10:56.317273Z,1791169856184,NILUSDT,Buy,261,0.09683,"{""T"":1791169856184,""s"":""NILUSDT"",""S"":""Buy"",""v"":""261"",""p"":""0.09683""}"
2026-10-05T03:10:56.813987Z,1791169856292,NILUSDT,Buy,376,0.09686,"{""T"":1791169856292,""s"":""NILUSDT"",""S"":""Buy"",""v"":""376"",""p"":""0.09686""}"
2026-10-05T03:10:56.813987Z,1791169856603,NILUSDT,Buy,485,0.09696,"{""T"":1791169856603,""s"":""NILUSDT"",""S"":""Buy"",""v"":""485"",""p"":""0.09696""}"
2026-10-05T03:11:01.957226Z,1791169861572,QNTUSDT,Buy,0.57,247.80,"{""T"":1791169861572,""s"":""QNTUSDT"",""S"":""Buy"",""v"":""0.57"",""p"":""247.80""}"
2026-10-05T03:11:01.987895Z,1791169861572,BTWUSDT,Buy,50,1.09099,"{""T"":1791169861572,""s"":""BTWUSDT"",""S"":""Buy"",""v"":""50"",""p"":""1.09099""}"
2026-10-05T03:11:01.987895Z,1791169861740,BTWUSDT,Buy,20,1.09201,"{""T"":1791169861740,""s"":""BTWUSDT"",""S"":""Buy"",""v"":""20"",""p"":""1.09201""}"
2026-10-05T03:11:05.488274Z,1791169865004,MAGMAUSDT,Buy,211,0.22470,"{""T"":1791169865004,""s"":""MAGMAUSDT"",""S"":""Buy"",""v"":""211"",""p"":""0.22470""}"
2026-10-05T03:11:05.488274Z,1791169865364,MAGMAUSDT,Buy,46,0.22140,"{""T"":1791169865364,""s"":""MAGMAUSDT"",""S"":""Buy"",""v"":""46"",""p"":""0.22140""}"
2026-10-05T03:11:05.488274Z,1791169865386,MAGMAUSDT,Buy,1014,0.22610,"{""T"":1791169865386,""s"":""MAGMAUSDT"",""S"":""Buy"",""v"":""1014"",""p"":""0.22610""}"
2026-10-05T03:11:05.988003Z,1791169865448,MAGMAUSDT,Buy,217,0.22010,"{""T"":1791169865448,""s"":""MAGMAUSDT"",""S"":""Buy"",""v"":""217"",""p"":""0.22010""}"
2026-10-05T03:11:05.988003Z,1791169865492,MAGMAUSDT,Buy,570,0.23290,"{""T"":1791169865492,""s"":""MAGMAUSDT"",""S"":""Buy"",""v"":""570"",""p"":""0.23290""}"
2026-10-05T03:11:05.988003Z,1791169865526,MAGMAUSDT,Buy,2609,0.22090,"{""T"":1791169865526,""s"":""MAGMAUSDT"",""S"":""Buy"",""v"":""2609"",""p"":""0.22090""}"
2026-10-05T03:11:05.988003Z,1791169865561,MAGMAUSDT,Buy,7997,0.22580,"{""T"":1791169865561,""s"":""MAGMAUSDT"",""S"":""Buy"",""v"":""7997"",""p"":""0.22580""}"
2026-10-05T03:11:05.988003Z,1791169865717,MAGMAUSDT,Buy,3700,0.22000,"{""T"":1791169865717,""s"":""MAGMAUSDT"",""S"":""Buy"",""v"":""3700"",""p"":""0.22000""}"
2026-10-05T03:11:05.988003Z,1791169865824,MAGMAUSDT,Buy,659,0.22310,"{""T"":1791169865824,""s"":""MAGMAUSDT"",""S"":""Buy"",""v"":""659"",""p"":""0.22310""}"
2026-10-05T03:11:06.066621Z,1791169865824,BTCUSDT,Sell,0.006,86489.80,"{""T"":1791169865824,""s"":""BTCUSDT"",""S"":""Sell"",""v"":""0.006"",""p"":""86489.80""}"
2026-10-05T03:11:13.488738Z,1791169873089,BTWUSDT,Buy,1930,1.08794,"{""T"":1791169873089,""s"":""BTWUSDT"",""S"":""Buy"",""v"":""1930"",""p"":""1.08794""}"
2026-10-05T03:11:14.987884Z,1791169874677,BTWUSDT,Buy,120,1.08670,"{""T"":1791169874677,""s"":""BTWUSDT"",""S"":""Buy"",""v"":""120"",""p"":""1.08670""}"
2026-10-05T03:11:50.487912Z,1791169910363,BTWUSDT,Buy,100,1.07734,"{""T"":1791169910363,""s"":""BTWUSDT"",""S"":""Buy"",""v"":""100"",""p"":""1.07734""}"
2026-10-05T03:13:29.487890Z,1791170009394,BTWUSDT,Buy,320,1.07299,"{""T"":1791170009394,""s"":""BTWUSDT"",""S"":""Buy"",""v"":""320"",""p"":""1.07299""}"
2026-10-05T03:13:29.488384Z,1791170009394,USUSDT,Buy,17670,0.012990,"{""T"":1791170009394,""s"":""USUSDT"",""S"":""Buy"",""v"":""17670"",""p"":""0.012990""}"
2026-10-05T03:13:29.830253Z,1791170009394,LONGXIAUSDT,Buy,3152,0.0377,"{""T"":1791170009394,""s"":""LONGXIAUSDT"",""S"":""Buy"",""v"":""3152"",""p"":""0.0377""}"
2026-10-05T03:14:05.915121Z,1791170045776,ADAUSDT,Sell,1061,0.2710,"{""T"":1791170045776,""s"":""ADAUSDT"",""S"":""Sell"",""v"":""1061"",""p"":""0.2710""}"
2026-10-05T03:14:11.997544Z,1791170051551,TMXUSDT,Sell,2175,0.01669,"{""T"":1791170051551,""s"":""TMXUSDT"",""S"":""Sell"",""v"":""2175"",""p"":""0.01669""}"
2026-10-05T03:14:11.997544Z,1791170051865,TMXUSDT,Sell,2878,0.01666,"{""T"":1791170051865,""s"":""TMXUSDT"",""S"":""Sell"",""v"":""2878"",""p"":""0.01666""}"
2026-10-05T03:14:13.997411Z,1791170053601,TMXUSDT,Sell,2967,0.01687,"{""T"":1791170053601,""s"":""TMXUSDT"",""S"":""Sell"",""v"":""2967"",""p"":""0.01687""}"
2026-10-05T03:14:15.813883Z,1791170055362,NILUSDT,Sell,230,0.10523,"{""T"":1791170055362,""s"":""NILUSDT"",""S"":""Sell"",""v"":""230"",""p"":""0.10523""}"
2026-10-05T03:15:17.487763Z,1791170117060,BTWUSDT,Buy,40,1.06447,"{""T"":1791170117060,""s"":""BTWUSDT"",""S"":""Buy"",""v"":""40"",""p"":""1.06447""}"
2026-10-05T03:15:26.487880Z,1791170126366,BTWUSDT,Buy,10,1.06196,"{""T"":1791170126366,""s"":""BTWUSDT"",""S"":""Buy"",""v"":""10"",""p"":""1.06196""}"
2026-10-05T03:15:37.915971Z,1791170137670,1000PEPEUSDT,Sell,22000,0.0045180,"{""T"":1791170137670,""s"":""1000PEPEUSDT"",""S"":""Sell"",""v"":""22000"",""p"":""0.0045180""}"
2026-10-05T03:15:38.414931Z,1791170138205,1000PEPEUSDT,Sell,64300,0.0045160,"{""T"":1791170138205,""s"":""1000PEPEUSDT"",""S"":""Sell"",""v"":""64300"",""p"":""0.0045160""}"
2026-10-05T03:16:02.814594Z,1791170162714,WLFIUSDT,Sell,4,0.05560,"{""T"":1791170162714,""s"":""WLFIUSDT"",""S"":""Sell"",""v"":""4"",""p"":""0.05560""}"
2026-10-05T03:16:02.826183Z,1791170162714,ENAUSDT,Buy,1,0.23738,"{""T"":1791170162714,""s"":""ENAUSDT"",""S"":""Buy"",""v"":""1"",""p"":""0.23738""}"
2026-10-05T03:16:02.860483Z,1791170162714,WLDUSDT,Sell,1.2,0.5822,"{""T"":1791170162714,""s"":""WLDUSDT"",""S"":""Sell"",""v"":""1.2"",""p"":""0.5822""}"
2026-10-05T03:16:02.909160Z,1791170162714,SHIB1000USDT,Buy,20,0.005902,"{""T"":1791170162714,""s"":""SHIB1000USDT"",""S"":""Buy"",""v"":""20"",""p"":""0.005902""}"
2026-10-05T03:16:02.909473Z,1791170162714,CRVUSDT,Buy,0.4,0.3813,"{""T"":1791170162714,""s"":""CRVUSDT"",""S"":""Buy"",""v"":""0.4"",""p"":""0.3813""}"
2026-10-05T03:16:02.915354Z,1791170162714,ARBUSDT,Buy,5.3,0.20202,"{""T"":1791170162714,""s"":""ARBUSDT"",""S"":""Buy"",""v"":""5.3"",""p"":""0.20202""}"
2026-10-05T03:16:02.988019Z,1791170162465,BTWUSDT,Buy,2390,1.04574,"{""T"":1791170162465,""s"":""BTWUSDT"",""S"":""Buy"",""v"":""2390"",""p"":""1.04574""}"
2026-10-05T03:16:02.988019Z,1791170162611,BTWUSDT,Buy,70,1.05849,"{""T"":1791170162611,""s"":""BTWUSDT"",""S"":""Buy"",""v"":""70"",""p"":""1.05849""}"
2026-10-05T03:16:02.988019Z,1791170162632,BTWUSDT,Buy,110,1.04490,"{""T"":1791170162632,""s"":""BTWUSDT"",""S"":""Buy"",""v"":""110"",""p"":""1.04490""}"
2026-10-05T03:16:02.988019Z,1791170162714,BTWUSDT,Buy,100,1.04415,"{""T"":1791170162714,""s"":""BTWUSDT"",""S"":""Buy"",""v"":""100"",""p"":""1.04415""}"
2026-10-05T03:16:02.993762Z,1791170162714,OPUSDT,Buy,3.0,0.13266,"{""T"":1791170162714,""s"":""OPUSDT"",""S"":""Buy"",""v"":""3.0"",""p"":""0.13266""}"
2026-10-05T03:16:03.487957Z,1791170163002,BTWUSDT,Buy,100,1.04492,"{""T"":1791170163002,""s"":""BTWUSDT"",""S"":""Buy"",""v"":""100"",""p"":""1.04492""}"
2026-10-05T03:16:03.487957Z,1791170163089,BTWUSDT,Buy,30,1.05455,"{""T"":1791170163089,""s"":""BTWUSDT"",""S"":""Buy"",""v"":""30"",""p"":""1.05455""}"
2026-10-05T03:16:03.487957Z,1791170163110,BTWUSDT,Buy,30,1.04646,"{""T"":1791170163110,""s"":""BTWUSDT"",""S"":""Buy"",""v"":""30"",""p"":""1.04646""}"
2026-10-05T03:16:03.487957Z,1791170163225,BTWUSDT,Buy,360,1.04540,"{""T"":1791170163225,""s"":""BTWUSDT"",""S"":""Buy"",""v"":""360"",""p"":""1.04540""}"
2026-10-05T03:16:03.487957Z,1791170163355,BTWUSDT,Buy,530,1.04521,"{""T"":1791170163355,""s"":""BTWUSDT"",""S"":""Buy"",""v"":""530"",""p"":""1.04521""}"
2026-10-05T03:16:31.988415Z,1791170191633,BTWUSDT,Buy,30,1.03301,"{""T"":1791170191633,""s"":""BTWUSDT"",""S"":""Buy"",""v"":""30"",""p"":""1.03301""}"
2026-10-05T03:16:31.988415Z,1791170191684,BTWUSDT,Buy,400,1.02960,"{""T"":1791170191684,""s"":""BTWUSDT"",""S"":""Buy"",""v"":""400"",""p"":""1.02960""}"
2026-10-05T03:17:39.330260Z,1791170258767,LONGXIAUSDT,Sell,260,0.0421,"{""T"":1791170258767,""s"":""LONGXIAUSDT"",""S"":""Sell"",""v"":""260"",""p"":""0.0421""}"
2026-10-05T03:17:44.987972Z,1791170264435,BTWUSDT,Buy,40,1.02325,"{""T"":1791170264435,""s"":""BTWUSDT"",""S"":""Buy"",""v"":""40"",""p"":""1.02325""}"
2026-10-05T03:17:44.987972Z,1791170264831,BTWUSDT,Buy,180,1.02300,"{""T"":1791170264831,""s"":""BTWUSDT"",""S"":""Buy"",""v"":""180"",""p"":""1.02300""}"
2026-10-05T03:17:46.457261Z,1791170266051,QNTUSDT,Buy,3.58,246.93,"{""T"":1791170266051,""s"":""QNTUSDT"",""S"":""Buy"",""v"":""3.58"",""p"":""246.93""}"
2026-10-05T03:17:46.487675Z,1791170266051,BTWUSDT,Buy,450,1.02203,"{""T"":1791170266051,""s"":""BTWUSDT"",""S"":""Buy"",""v"":""450"",""p"":""1.02203""}"
2026-10-05T03:17:46.567072Z,1791170266051,BTCUSDT,Sell,0.009,86684.90,"{""T"":1791170266051,""s"":""BTCUSDT"",""S"":""Sell"",""v"":""0.009"",""p"":""86684.90""}"
2026-10-05T03:17:56.313732Z,1791170276071,XPLUSDT,Buy,35614,0.09468,"{""T"":1791170276071,""s"":""XPLUSDT"",""S"":""Buy"",""v"":""35614"",""p"":""0.09468""}"
2026-10-05T03:18:02.338414Z,1791170282161,ONDOUSDT,Buy,36,0.4963,"{""T"":1791170282161,""s"":""ONDOUSDT"",""S"":""Buy"",""v"":""36"",""p"":""0.4963""}"
2026-10-05T03:18:02.338963Z,1791170282161,XRPUSDT,Buy,13.9,1.5097,"{""T"":1791170282161,""s"":""XRPUSDT"",""S"":""Buy"",""v"":""13.9"",""p"":""1.5097""}"
2026-10-05T03:18:02.415150Z,1791170282161,UNIUSDT,Buy,2.2,9.107,"{""T"":1791170282161,""s"":""UNIUSDT"",""S"":""Buy"",""v"":""2.2"",""p"":""9.107""}"
2026-10-05T03:18:02.457469Z,1791170282161,QNTUSDT,Buy,0.11,246.48,"{""T"":1791170282161,""s"":""QNTUSDT"",""S"":""Buy"",""v"":""0.11"",""p"":""246.48""}"
2026-10-05T03:18:02.493878Z,1791170282161,SUIUSDT,Buy,40,1.22300,"{""T"":1791170282161,""s"":""SUIUSDT"",""S"":""Buy"",""v"":""40"",""p"":""1.22300""}"
2026-10-05T03:18:02.517575Z,1791170282161,AVAXUSDT,Buy,3.6,10.906,"{""T"":1791170282161,""s"":""AVAXUSDT"",""S"":""Buy"",""v"":""3.6"",""p"":""10.906""}"
2026-10-05T03:18:02.518041Z,1791170282161,NEARUSDT,Buy,24.6,4.8920,"{""T"":1791170282161,""s"":""NEARUSDT"",""S"":""Buy"",""v"":""24.6"",""p"":""4.8920""}"
2026-10-05T03:18:24.991422Z,1791170304806,BTWUSDT,Buy,40,1.00926,"{""T"":1791170304806,""s"":""BTWUSDT"",""S"":""Buy"",""v"":""40"",""p"":""1.00926""}"
2026-10-05T03:18:33.849660Z,1791170313343,MANAUSDT,Buy,170.0,0.10033,"{""T"":1791170313343,""s"":""MANAUSDT"",""S"":""Buy"",""v"":""170.0"",""p"":""0.10033""}"
2026-10-05T03:19:23.988193Z,1791170363439,BTWUSDT,Sell,2560,1.18179,"{""T"":1791170363439,""s"":""BTWUSDT"",""S"":""Sell"",""v"":""2560"",""p"":""1.18179""}"
2026-10-05T03:19:23.988193Z,1791170363453,BTWUSDT,Sell,40,1.17440,"{""T"":1791170363453,""s"":""BTWUSDT"",""S"":""Sell"",""v"":""40"",""p"":""1.17440""}"
2026-10-05T03:19:23.988193Z,1791170363654,BTWUSDT,Sell,1010,1.17431,"{""T"":1791170363654,""s"":""BTWUSDT"",""S"":""Sell"",""v"":""1010"",""p"":""1.17431""}"
2026-10-05T03:19:26.988080Z,1791170366464,BTWUSDT,Sell,1350,1.19149,"{""T"":1791170366464,""s"":""BTWUSDT"",""S"":""Sell"",""v"":""1350"",""p"":""1.19149""}"
2026-10-05T03:19:32.487996Z,1791170372128,BTWUSDT,Sell,170,1.21783,"{""T"":1791170372128,""s"":""BTWUSDT"",""S"":""Sell"",""v"":""170"",""p"":""1.21783""}"
2026-10-05T03:19:34.487814Z,1791170374286,BTWUSDT,Sell,290,1.21752,"{""T"":1791170374286,""s"":""BTWUSDT"",""S"":""Sell"",""v"":""290"",""p"":""1.21752""}"
2026-10-05T03:20:06.067295Z,1791170405509,BTCUSDT,Buy,0.068,86055.70,"{""T"":1791170405509,""s"":""BTCUSDT"",""S"":""Buy"",""v"":""0.068"",""p"":""86055.70""}"
2026-10-05T03:20:08.338353Z,1791170407974,XRPUSDT,Buy,24.8,1.5084,"{""T"":1791170407974,""s"":""XRPUSDT"",""S"":""Buy"",""v"":""24.8"",""p"":""1.5084""}"
2026-10-05T03:20:08.563992Z,1791170408458,SOLUSDT,Buy,17.9,120.230,"{""T"":1791170408458,""s"":""SOLUSDT"",""S"":""Buy"",""v"":""17.9"",""p"":""120.230""}"
2026-10-05T03:20:09.017000Z,1791170408458,AVAXUSDT,Buy,173.8,10.883,"{""T"":1791170408458,""s"":""AVAXUSDT"",""S"":""Buy"",""v"":""173.8"",""p"":""10.883""}"
2026-10-05T03:20:45.415109Z,1791170444997,ZECUSDT,Buy,0.04,1327.21,"{""T"":1791170444997,""s"":""ZECUSDT"",""S"":""Buy"",""v"":""0.04"",""p"":""1327.21""}"
2026-10-05T03:21:08.961191Z,1791170468759,ETHUSDT,Buy,2.43,2712.96,"{""T"":1791170468759,""s"":""ETHUSDT"",""S"":""Buy"",""v"":""2.43"",""p"":""2712.96""}"
2026-10-05T03:21:18.017097Z,1791170477507,NEARUSDT,Buy,12.1,4.8760,"{""T"":1791170477507,""s"":""NEARUSDT"",""S"":""Buy"",""v"":""12.1"",""p"":""4.8760""}"
2026-10-05T03:21:20.339560Z,1791170479772,XRPUSDT,Buy,278.8,1.5078,"{""T"":1791170479772,""s"":""XRPUSDT"",""S"":""Buy"",""v"":""278.8"",""p"":""1.5078""}"
2026-10-05T03:21:21.988316Z,1791170481675,USUSDT,Buy,307260,0.012740,"{""T"":1791170481675,""s"":""USUSDT"",""S"":""Buy"",""v"":""307260"",""p"":""0.012740""}"
2026-10-05T03:21:22.488245Z,1791170481911,USUSDT,Buy,400,0.012730,"{""T"":1791170481911,""s"":""USUSDT"",""S"":""Buy"",""v"":""400"",""p"":""0.012730""}"
2026-10-05T03:21:26.860901Z,1791170486560,APTUSDT,Buy,202.22,0.7907,"{""T"":1791170486560,""s"":""APTUSDT"",""S"":""Buy"",""v"":""202.22"",""p"":""0.7907""}"
2026-10-05T03:21:32.563643Z,1791170492389,SOLUSDT,Buy,2.3,120.160,"{""T"":1791170492389,""s"":""SOLUSDT"",""S"":""Buy"",""v"":""2.3"",""p"":""120.160""}"
2026-10-05T03:21:33.988605Z,1791170493651,USUSDT,Buy,360,0.012710,"{""T"":1791170493651,""s"":""USUSDT"",""S"":""Buy"",""v"":""360"",""p"":""0.012710""}"
2026-10-05T03:21:34.988117Z,1791170494709,USUSDT,Buy,382170,0.012710,"{""T"":1791170494709,""s"":""USUSDT"",""S"":""Buy"",""v"":""382170"",""p"":""0.012710""}"
2026-10-05T03:21:37.814370Z,1791170497590,WLFIUSDT,Buy,358,0.05442,"{""T"":1791170497590,""s"":""WLFIUSDT"",""S"":""Buy"",""v"":""358"",""p"":""0.05442""}"
2026-10-05T03:21:38.314739Z,1791170497987,XPLUSDT,Buy,1984,0.09452,"{""T"":1791170497987,""s"":""XPLUSDT"",""S"":""Buy"",""v"":""1984"",""p"":""0.09452""}"
2026-10-05T03:21:38.517620Z,1791170497951,NEARUSDT,Buy,5.4,4.8690,"{""T"":1791170497951,""s"":""NEARUSDT"",""S"":""Buy"",""v"":""5.4"",""p"":""4.8690""}"
2026-10-05T03:21:38.839305Z,1791170498331,XRPUSDT,Buy,59.2,1.5075,"{""T"":1791170498331,""s"":""XRPUSDT"",""S"":""Buy"",""v"":""59.2"",""p"":""1.5075""}"
2026-10-05T03:21:39.494249Z,1791170498910,SUIUSDT,Buy,2450,1.22070,"{""T"":1791170498910,""s"":""SUIUSDT"",""S"":""Buy"",""v"":""2450"",""p"":""1.22070""}"
2026-10-05T03:21:44.493708Z,1791170504285,OPUSDT,Buy,9768.2,0.13216,"{""T"":1791170504285,""s"":""OPUSDT"",""S"":""Buy"",""v"":""9768.2"",""p"":""0.13216""}"
2026-10-05T03:21:44.517691Z,1791170504285,NEARUSDT,Buy,130.0,4.8650,"{""T"":1791170504285,""s"":""NEARUSDT"",""S"":""Buy"",""v"":""130.0"",""p"":""4.8650""}"
2026-10-05T03:21:50.826597Z,1791170510448,ENAUSDT,Buy,2323,0.23633,"{""T"":1791170510448,""s"":""ENAUSDT"",""S"":""Buy"",""v"":""2323"",""p"":""0.23633""}"
2026-10-05T03:21:58.564584Z,1791170518169,SOLUSDT,Buy,0.2,120.140,"{""T"":1791170518169,""s"":""SOLUSDT"",""S"":""Buy"",""v"":""0.2"",""p"":""120.140""}"
2026-10-05T03:22:01.457694Z,1791170520938,ETHUSDT,Buy,0.08,2711.65,"{""T"":1791170520938,""s"":""ETHUSDT"",""S"":""Buy"",""v"":""0.08"",""p"":""2711.65""}"
2026-10-05T03:22:07.957657Z,1791170527583,ETHUSDT,Buy,0.02,2711.07,"{""T"":1791170527583,""s"":""ETHUSDT"",""S"":""Buy"",""v"":""0.02"",""p"":""2711.07""}"
2026-10-05T03:22:08.314425Z,1791170527939,ASTERUSDT,Buy,1050,0.7033,"{""T"":1791170527939,""s"":""ASTERUSDT"",""S"":""Buy"",""v"":""1050"",""p"":""0.7033""}"
2026-10-05T03:22:15.493607Z,1791170535365,SUIUSDT,Buy,50,1.21900,"{""T"":1791170535365,""s"":""SUIUSDT"",""S"":""Buy"",""v"":""50"",""p"":""1.21900""}"
2026-10-05T03:22:15.957997Z,1791170535833,ETHUSDT,Buy,0.21,2710.13,"{""T"":1791170535833,""s"":""ETHUSDT"",""S"":""Buy"",""v"":""0.21"",""p"":""2710.13""}"
2026-10-05T03:22:18.415141Z,1791170537861,ADAUSDT,Buy,132,0.2664,"{""T"":1791170537861,""s"":""ADAUSDT"",""S"":""Buy"",""v"":""132"",""p"":""0.2664""}"
2026-10-05T03:22:21.518048Z,1791170541196,AVAXUSDT,Buy,37.0,10.866,"{""T"":1791170541196,""s"":""AVAXUSDT"",""S"":""Buy"",""v"":""37.0"",""p"":""10.866""}"
2026-10-05T03:22:22.338524Z,1791170541891,LITUSDT,Buy,3.4,3.6010,"{""T"":1791170541891,""s"":""LITUSDT"",""S"":""Buy"",""v"":""3.4"",""p"":""3.6010""}"
2026-10-05T03:22:22.564228Z,1791170542112,SOLUSDT,Buy,12.3,120.070,"{""T"":1791170542112,""s"":""SOLUSDT"",""S"":""Buy"",""v"":""12.3"",""p"":""120.070""}"
2026-10-05T03:22:29.064528Z,1791170548947,SOLUSDT,Buy,4.9,120.060,"{""T"":1791170548947,""s"":""SOLUSDT"",""S"":""Buy"",""v"":""4.9"",""p"":""120.060""}"
2026-10-05T03:22:30.339364Z,1791170550001,XRPUSDT,Buy,630.1,1.5061,"{""T"":1791170550001,""s"":""XRPUSDT"",""S"":""Buy"",""v"":""630.1"",""p"":""1.5061""}"
2026-10-05T03:22:31.329908Z,1791170550945,ATHUSDT,Buy,1890,0.007390,"{""T"":1791170550945,""s"":""ATHUSDT"",""S"":""Buy"",""v"":""1890"",""p"":""0.007390""}"
2026-10-05T03:22:49.415565Z,1791170569264,ZECUSDT,Buy,0.05,1322.83,"{""T"":1791170569264,""s"":""ZECUSDT"",""S"":""Buy"",""v"":""0.05"",""p"":""1322.83""}"
2026-10-05T03:22:50.361107Z,1791170569844,WLDUSDT,Buy,11430.9,0.5710,"{""T"":1791170569844,""s"":""WLDUSDT"",""S"":""Buy"",""v"":""11430.9"",""p"":""0.5710""}"
2026-10-05T03:22:50.415920Z,1791170569844,ZECUSDT,Buy,2.64,1322.30,"{""T"":1791170569844,""s"":""ZECUSDT"",""S"":""Buy"",""v"":""2.64"",""p"":""1322.30""}"
2026-10-05T03:22:50.517774Z,1791170570087,AVAXUSDT,Buy,3.5,10.844,"{""T"":1791170570087,""s"":""AVAXUSDT"",""S"":""Buy"",""v"":""3.5"",""p"":""10.844""}"
2026-10-05T03:23:00.517690Z,1791170580005,BEAMUSDT,Buy,367200,0.0023959,"{""T"":1791170580005,""s"":""BEAMUSDT"",""S"":""Buy"",""v"":""367200"",""p"":""0.0023959""}"
2026-10-05T03:23:12.064135Z,1791170591650,SOLUSDT,Buy,170.3,120.040,"{""T"":1791170591650,""s"":""SOLUSDT"",""S"":""Buy"",""v"":""170.3"",""p"":""120.040""}"
2026-10-05T03:23:12.518339Z,1791170592167,AVAXUSDT,Buy,7.0,10.837,"{""T"":1791170592167,""s"":""AVAXUSDT"",""S"":""Buy"",""v"":""7.0"",""p"":""10.837""}"
2026-10-05T03:23:12.563607Z,1791170592418,SOLUSDT,Buy,0.3,120.010,"{""T"":1791170592418,""s"":""SOLUSDT"",""S"":""Buy"",""v"":""0.3"",""p"":""120.010""}"
2026-10-05T03:23:12.567527Z,1791170592291,BTCUSDT,Buy,0.010,86006.30,"{""T"":1791170592291,""s"":""BTCUSDT"",""S"":""Buy"",""v"":""0.010"",""p"":""86006.30""}"
2026-10-05T03:23:12.567527Z,1791170592446,BTCUSDT,Buy,0.051,86001.10,"{""T"":1791170592446,""s"":""BTCUSDT"",""S"":""Buy"",""v"":""0.051"",""p"":""86001.10""}"
2026-10-05T03:23:13.063669Z,1791170592879,SOLUSDT,Buy,6.0,120.010,"{""T"":1791170592879,""s"":""SOLUSDT"",""S"":""Buy"",""v"":""6.0"",""p"":""120.010""}"
2026-10-05T03:23:13.066861Z,1791170592879,BTCUSDT,Buy,0.025,85999.50,"{""T"":1791170592879,""s"":""BTCUSDT"",""S"":""Buy"",""v"":""0.025"",""p"":""85999.50""}"
2026-10-05T03:23:13.315883Z,1791170592879,HYPEUSDT,Buy,7.00,89.720,"{""T"":1791170592879,""s"":""HYPEUSDT"",""S"":""Buy"",""v"":""7.00"",""p"":""89.720""}"
2026-10-05T03:23:13.457833Z,1791170592879,ETHUSDT,Buy,0.60,2709.17,"{""T"":1791170592879,""s"":""ETHUSDT"",""S"":""Buy"",""v"":""0.60"",""p"":""2709.17""}"
2026-10-05T03:23:13.457833Z,1791170593267,ETHUSDT,Buy,0.15,2709.24,"{""T"":1791170593267,""s"":""ETHUSDT"",""S"":""Buy"",""v"":""0.15"",""p"":""2709.24""}"
2026-10-05T03:23:13.564186Z,1791170593130,SOLUSDT,Buy,152.7,119.990,"{""T"":1791170593130,""s"":""SOLUSDT"",""S"":""Buy"",""v"":""152.7"",""p"":""119.990""}"
2026-10-05T03:23:13.564186Z,1791170593231,SOLUSDT,Buy,76.8,119.970,"{""T"":1791170593231,""s"":""SOLUSDT"",""S"":""Buy"",""v"":""76.8"",""p"":""119.970""}"
2026-10-05T03:23:13.564186Z,1791170593468,SOLUSDT,Buy,202.7,119.940,"{""T"":1791170593468,""s"":""SOLUSDT"",""S"":""Buy"",""v"":""202.7"",""p"":""119.940""}"
2026-10-05T03:23:14.063825Z,1791170593577,SOLUSDT,Buy,0.3,119.920,"{""T"":1791170593577,""s"":""SOLUSDT"",""S"":""Buy"",""v"":""0.3"",""p"":""119.920""}"
2026-10-05T03:23:14.338996Z,1791170593955,XRPUSDT,Buy,81.7,1.5051,"{""T"":1791170593955,""s"":""XRPUSDT"",""S"":""Buy"",""v"":""81.7"",""p"":""1.5051""}"
2026-10-05T03:23:14.830362Z,1791170594473,ATHUSDT,Buy,139800,0.007374,"{""T"":1791170594473,""s"":""ATHUSDT"",""S"":""Buy"",""v"":""139800"",""p"":""0.007374""}"
2026-10-05T03:23:24.326543Z,1791170604085,ENAUSDT,Buy,58,0.23560,"{""T"":1791170604085,""s"":""ENAUSDT"",""S"":""Buy"",""v"":""58"",""p"":""0.23560""}"
2026-10-05T03:23:25.563708Z,1791170605019,SOLUSDT,Buy,12.0,119.860,"{""T"":1791170605019,""s"":""SOLUSDT"",""S"":""Buy"",""v"":""12.0"",""p"":""119.860""}"
2026-10-05T03:23:25.849729Z,1791170605641,XLMUSDT,Buy,3863,0.22160,"{""T"":1791170605641,""s"":""XLMUSDT"",""S"":""Buy"",""v"":""3863"",""p"":""0.22160""}"
2026-10-05T03:23:26.360682Z,1791170605857,WLDUSDT,Buy,641.9,0.5704,"{""T"":1791170605857,""s"":""WLDUSDT"",""S"":""Buy"",""v"":""641.9"",""p"":""0.5704""}"
2026-10-05T03:23:27.314218Z,1791170606940,HYPEUSDT,Buy,2.43,89.640,"{""T"":1791170606940,""s"":""HYPEUSDT"",""S"":""Buy"",""v"":""2.43"",""p"":""89.640""}"
2026-10-05T03:23:27.338967Z,1791170606940,XRPUSDT,Buy,104.0,1.5056,"{""T"":1791170606940,""s"":""XRPUSDT"",""S"":""Buy"",""v"":""104.0"",""p"":""1.5056""}"
2026-10-05T03:23:33.988197Z,1791170613430,AKTUSDT,Sell,2957.1,0.8432,"{""T"":1791170613430,""s"":""AKTUSDT"",""S"":""Sell"",""v"":""2957.1"",""p"":""0.8432""}"
2026-10-05T03:23:33.988197Z,1791170613785,AKTUSDT,Sell,13354.7,0.8421,"{""T"":1791170613785,""s"":""AKTUSDT"",""S"":""Sell"",""v"":""13354.7"",""p"":""0.8421""}"
2026-10-05T03:23:41.988503Z,1791170621730,AKTUSDT,Sell,52.0,0.8450,"{""T"":1791170621730,""s"":""AKTUSDT"",""S"":""Sell"",""v"":""52.0"",""p"":""0.8450""}"
2026-10-05T03:23:42.839107Z,1791170622505,HNTUSDT,Buy,49.42,0.5465,"{""T"":1791170622505,""s"":""HNTUSDT"",""S"":""Buy"",""v"":""49.42"",""p"":""0.5465""}"
2026-10-05T03:23:42.987980Z,1791170622804,AKTUSDT,Sell,128.3,0.8474,"{""T"":1791170622804,""s"":""AKTUSDT"",""S"":""Sell"",""v"":""128.3"",""p"":""0.8474""}"
2026-10-05T03:23:46.987968Z,1791170626822,AKTUSDT,Sell,5032.7,0.8487,"{""T"":1791170626822,""s"":""AKTUSDT"",""S"":""Sell"",""v"":""5032.7"",""p"":""0.8487""}"
2026-10-05T03:23:50.488025Z,1791170629906,AKTUSDT,Sell,16.1,0.8501,"{""T"":1791170629906,""s"":""AKTUSDT"",""S"":""Sell"",""v"":""16.1"",""p"":""0.8501""}"
2026-10-05T03:24:22.861473Z,1791170662701,WLDUSDT,Buy,1258.8,0.5696,"{""T"":1791170662701,""s"":""WLDUSDT"",""S"":""Buy"",""v"":""1258.8"",""p"":""0.5696""}"
2026-10-05T03:24:23.018165Z,1791170662701,NEARUSDT,Buy,1.7,4.8550,"{""T"":1791170662701,""s"":""NEARUSDT"",""S"":""Buy"",""v"":""1.7"",""p"":""4.8550""}"
2026-10-05T03:24:23.361266Z,1791170663168,WLDUSDT,Buy,48.6,0.5684,"{""T"":1791170663168,""s"":""WLDUSDT"",""S"":""Buy"",""v"":""48.6"",""p"":""0.5684""}"
2026-10-05T03:24:23.860766Z,1791170663538,WLDUSDT,Buy,490.6,0.5684,"{""T"":1791170663538,""s"":""WLDUSDT"",""S"":""Buy"",""v"":""490.6"",""p"":""0.5684""}"
2026-10-05T03:24:23.860766Z,1791170663539,WLDUSDT,Buy,1382.5,0.5682,"{""T"":1791170663539,""s"":""WLDUSDT"",""S"":""Buy"",""v"":""1382.5"",""p"":""0.5682""}"
2026-10-05T03:24:23.860766Z,1791170663623,WLDUSDT,Buy,17.1,0.5682,"{""T"":1791170663623,""s"":""WLDUSDT"",""S"":""Buy"",""v"":""17.1"",""p"":""0.5682""}"
2026-10-05T03:24:45.017723Z,1791170684724,BEAMUSDT,Buy,13800,0.0023889,"{""T"":1791170684724,""s"":""BEAMUSDT"",""S"":""Buy"",""v"":""13800"",""p"":""0.0023889""}"
2026-10-05T03:25:49.136421Z,1791170748594,STRKUSDT,Buy,65593.4,0.05658,"{""T"":1791170748594,""s"":""STRKUSDT"",""S"":""Buy"",""v"":""65593.4"",""p"":""0.05658""}"
2026-10-05T03:25:49.136421Z,1791170748609,STRKUSDT,Buy,15014.3,0.05659,"{""T"":1791170748609,""s"":""STRKUSDT"",""S"":""Buy"",""v"":""15014.3"",""p"":""0.05659""}"
2026-10-05T03:26:22.361311Z,1791170781893,WLDUSDT,Buy,665.2,0.5672,"{""T"":1791170781893,""s"":""WLDUSDT"",""S"":""Buy"",""v"":""665.2"",""p"":""0.5672""}"
2026-10-05T03:26:22.361311Z,1791170781901,WLDUSDT,Buy,115.6,0.5672,"{""T"":1791170781901,""s"":""WLDUSDT"",""S"":""Buy"",""v"":""115.6"",""p"":""0.5672""}"
2026-10-05T03:26:22.361311Z,1791170782214,WLDUSDT,Buy,107.8,0.5643,"{""T"":1791170782214,""s"":""WLDUSDT"",""S"":""Buy"",""v"":""107.8"",""p"":""0.5643""}"
2026-10-05T03:26:22.861016Z,1791170782424,WLDUSDT,Buy,8.8,0.5658,"{""T"":1791170782424,""s"":""WLDUSDT"",""S"":""Buy"",""v"":""8.8"",""p"":""0.5658""}"
2026-10-05T03:26:22.861016Z,1791170782563,WLDUSDT,Buy,4492.6,0.5646,"{""T"":1791170782563,""s"":""WLDUSDT"",""S"":""Buy"",""v"":""4492.6"",""p"":""0.5646""}"
2026-10-05T03:26:22.861016Z,1791170782573,WLDUSDT,Buy,1304.9,0.5644,"{""T"":1791170782573,""s"":""WLDUSDT"",""S"":""Buy"",""v"":""1304.9"",""p"":""0.5644""}"
2026-10-05T03:26:22.861016Z,1791170782597,WLDUSDT,Buy,2012.8,0.5662,"{""T"":1791170782597,""s"":""WLDUSDT"",""S"":""Buy"",""v"":""2012.8"",""p"":""0.5662""}"
2026-10-05T03:26:22.861016Z,1791170782746,WLDUSDT,Buy,4298.0,0.5648,"{""T"":1791170782746,""s"":""WLDUSDT"",""S"":""Buy"",""v"":""4298.0"",""p"":""0.5648""}"
2026-10-05T03:26:22.861016Z,1791170782765,WLDUSDT,Buy,8226.0,0.5668,"{""T"":1791170782765,""s"":""WLDUSDT"",""S"":""Buy"",""v"":""8226.0"",""p"":""0.5668""}"
2026-10-05T03:26:36.065216Z,1791170795568,IOTAUSDT,Buy,44765.4,0.05795,"{""T"":1791170795568,""s"":""IOTAUSDT"",""S"":""Buy"",""v"":""44765.4"",""p"":""0.05795""}"
2026-10-05T03:26:40.817307Z,1791170800346,CHIPUSDT,Buy,3650,0.04747,"{""T"":1791170800346,""s"":""CHIPUSDT"",""S"":""Buy"",""v"":""3650"",""p"":""0.04747""}"
2026-10-05T03:26:49.517691Z,1791170809100,BEAMUSDT,Buy,104000,0.0023875,"{""T"":1791170809100,""s"":""BEAMUSDT"",""S"":""Buy"",""v"":""104000"",""p"":""0.0023875""}"
2026-10-05T03:26:49.517691Z,1791170809310,BEAMUSDT,Buy,12100,0.0023865,"{""T"":1791170809310,""s"":""BEAMUSDT"",""S"":""Buy"",""v"":""12100"",""p"":""0.0023865""}"
2026-10-05T03:27:03.017809Z,1791170822456,BEAMUSDT,Buy,20400,0.0023858,"{""T"":1791170822456,""s"":""BEAMUSDT"",""S"":""Buy"",""v"":""20400"",""p"":""0.0023858""}"
2026-10-05T03:27:58.491946Z,1791170878343,AKTUSDT,Sell,71.0,0.8622,"{""T"":1791170878343,""s"":""AKTUSDT"",""S"":""Sell"",""v"":""71.0"",""p"":""0.8622""}"
2026-10-05T03:28:26.017742Z,1791170905474,BEAMUSDT,Buy,3400,0.0023807,"{""T"":1791170905474,""s"":""BEAMUSDT"",""S"":""Buy"",""v"":""3400"",""p"":""0.0023807""}"
2026-10-05T03:29:10.497959Z,1791170950129,VIRTUALUSDT,Sell,87,0.8879,"{""T"":1791170950129,""s"":""VIRTUALUSDT"",""S"":""Sell"",""v"":""87"",""p"":""0.8879""}"
2026-10-05T03:29:23.988280Z,1791170963897,BTWUSDT,Buy,160,1.02819,"{""T"":1791170963897,""s"":""BTWUSDT"",""S"":""Buy"",""v"":""160"",""p"":""1.02819""}"
2026-10-05T03:29:24.349885Z,1791170963897,SANDUSDT,Buy,13177,0.07137,"{""T"":1791170963897,""s"":""SANDUSDT"",""S"":""Buy"",""v"":""13177"",""p"":""0.07137""}"
2026-10-05T03:31:22.830096Z,1791171082401,LONGXIAUSDT,Sell,248,0.0443,"{""T"":1791171082401,""s"":""LONGXIAUSDT"",""S"":""Sell"",""v"":""248"",""p"":""0.0443""}"
2026-10-05T03:31:33.136596Z,1791171092750,STRKUSDT,Sell,91.1,0.05929,"{""T"":1791171092750,""s"":""STRKUSDT"",""S"":""Sell"",""v"":""91.1"",""p"":""0.05929""}"
2026-10-05T03:32:06.414979Z,1791171126031,ADAUSDT,Sell,180,0.2734,"{""T"":1791171126031,""s"":""ADAUSDT"",""S"":""Sell"",""v"":""180"",""p"":""0.2734""}"
2026-10-05T03:32:06.414979Z,1791171126088,ADAUSDT,Sell,2815,0.2733,"{""T"":1791171126088,""s"":""ADAUSDT"",""S"":""Sell"",""v"":""2815"",""p"":""0.2733""}"
2026-10-05T03:32:06.414979Z,1791171126114,ADAUSDT,Sell,12298,0.2732,"{""T"":1791171126114,""s"":""ADAUSDT"",""S"":""Sell"",""v"":""12298"",""p"":""0.2732""}"
2026-10-05T03:32:14.957999Z,1791171134551,QNTUSDT,Buy,0.90,249.36,"{""T"":1791171134551,""s"":""QNTUSDT"",""S"":""Buy"",""v"":""0.90"",""p"":""249.36""}"
2026-10-05T03:32:53.488123Z,1791171172918,ORCAUSDT,Buy,212.7,1.9601,"{""T"":1791171172918,""s"":""ORCAUSDT"",""S"":""Buy"",""v"":""212.7"",""p"":""1.9601""}"
2026-10-05T03:32:53.988140Z,1791171173428,ORCAUSDT,Buy,274.3,1.9596,"{""T"":1791171173428,""s"":""ORCAUSDT"",""S"":""Buy"",""v"":""274.3"",""p"":""1.9596""}"
2026-10-05T03:32:59.915197Z,1791171179432,ADAUSDT,Sell,160,0.2737,"{""T"":1791171179432,""s"":""ADAUSDT"",""S"":""Sell"",""v"":""160"",""p"":""0.2737""}"
2026-10-05T03:33:17.349734Z,1791171197021,SANDUSDT,Buy,100,0.07129,"{""T"":1791171197021,""s"":""SANDUSDT"",""S"":""Buy"",""v"":""100"",""p"":""0.07129""}"
2026-10-05T03:33:17.849668Z,1791171197433,SANDUSDT,Buy,94459,0.07121,"{""T"":1791171197433,""s"":""SANDUSDT"",""S"":""Buy"",""v"":""94459"",""p"":""0.07121""}"
2026-10-05T03:33:17.849668Z,1791171197762,SANDUSDT,Buy,685,0.07119,"{""T"":1791171197762,""s"":""SANDUSDT"",""S"":""Buy"",""v"":""685"",""p"":""0.07119""}"
2026-10-05T03:33:18.349595Z,1791171197773,SANDUSDT,Buy,3213,0.07121,"{""T"":1791171197773,""s"":""SANDUSDT"",""S"":""Buy"",""v"":""3213"",""p"":""0.07121""}"
2026-10-05T03:33:18.349595Z,1791171197775,SANDUSDT,Buy,7244,0.07119,"{""T"":1791171197775,""s"":""SANDUSDT"",""S"":""Buy"",""v"":""7244"",""p"":""0.07119""}"
2026-10-05T03:33:19.988034Z,1791171199635,AKTUSDT,Buy,65.8,0.8089,"{""T"":1791171199635,""s"":""AKTUSDT"",""S"":""Buy"",""v"":""65.8"",""p"":""0.8089""}"
2026-10-05T03:33:21.349508Z,1791171201029,SANDUSDT,Buy,69290,0.07116,"{""T"":1791171201029,""s"":""SANDUSDT"",""S"":""Buy"",""v"":""69290"",""p"":""0.07116""}"
2026-10-05T03:33:22.988196Z,1791171202688,AKTUSDT,Buy,687.2,0.8043,"{""T"":1791171202688,""s"":""AKTUSDT"",""S"":""Buy"",""v"":""687.2"",""p"":""0.8043""}"
2026-10-05T03:33:24.487803Z,1791171204208,AKTUSDT,Buy,86.5,0.8024,"{""T"":1791171204208,""s"":""AKTUSDT"",""S"":""Buy"",""v"":""86.5"",""p"":""0.8024""}"
2026-10-05T03:33:24.987951Z,1791171204830,AKTUSDT,Buy,4819.1,0.7998,"{""T"":1791171204830,""s"":""AKTUSDT"",""S"":""Buy"",""v"":""4819.1"",""p"":""0.7998""}"
2026-10-05T03:33:30.488074Z,1791171209940,AKTUSDT,Buy,459.6,0.7935,"{""T"":1791171209940,""s"":""AKTUSDT"",""S"":""Buy"",""v"":""459.6"",""p"":""0.7935""}"
2026-10-05T03:33:34.488093Z,1791171213998,BTWUSDT,Sell,160,1.17811,"{""T"":1791171213998,""s"":""BTWUSDT"",""S"":""Sell"",""v"":""160"",""p"":""1.17811""}"
2026-10-05T03:33:36.993719Z,1791171216869,BRUSDT,Sell,10,0.47727,"{""T"":1791171216869,""s"":""BRUSDT"",""S"":""Sell"",""v"":""10"",""p"":""0.47727""}"
2026-10-05T03:33:37.349464Z,1791171216869,SANDUSDT,Buy,2266,0.07112,"{""T"":1791171216869,""s"":""SANDUSDT"",""S"":""Buy"",""v"":""2266"",""p"":""0.07112""}"
2026-10-05T03:33:37.488178Z,1791171217266,BTWUSDT,Sell,10,1.18427,"{""T"":1791171217266,""s"":""BTWUSDT"",""S"":""Sell"",""v"":""10"",""p"":""1.18427""}"
2026-10-05T03:33:39.850047Z,1791171219495,SANDUSDT,Buy,504,0.07103,"{""T"":1791171219495,""s"":""SANDUSDT"",""S"":""Buy"",""v"":""504"",""p"":""0.07103""}"
2026-10-05T03:33:40.849544Z,1791171220394,SANDUSDT,Buy,321,0.07101,"{""T"":1791171220394,""s"":""SANDUSDT"",""S"":""Buy"",""v"":""321"",""p"":""0.07101""}"
2026-10-05T03:33:41.988244Z,1791171221735,BTWUSDT,Sell,110,1.19238,"{""T"":1791171221735,""s"":""BTWUSDT"",""S"":""Sell"",""v"":""110"",""p"":""1.19238""}"
2026-10-05T03:33:41.988244Z,1791171221735,BTWUSDT,Sell,550,1.19088,"{""T"":1791171221735,""s"":""BTWUSDT"",""S"":""Sell"",""v"":""550"",""p"":""1.19088""}"
2026-10-05T03:33:42.488097Z,1791171221986,BTWUSDT,Sell,560,1.19160,"{""T"":1791171221986,""s"":""BTWUSDT"",""S"":""Sell"",""v"":""560"",""p"":""1.19160""}"
2026-10-05T03:33:53.849731Z,1791171233694,SANDUSDT,Buy,189526,0.07097,"{""T"":1791171233694,""s"":""SANDUSDT"",""S"":""Buy"",""v"":""189526"",""p"":""0.07097""}"
2026-10-05T03:33:54.849960Z,1791171234402,SANDUSDT,Buy,5,0.07095,"{""T"":1791171234402,""s"":""SANDUSDT"",""S"":""Buy"",""v"":""5"",""p"":""0.07095""}"
2026-10-05T03:34:03.349524Z,1791171242803,SANDUSDT,Buy,17134,0.07078,"{""T"":1791171242803,""s"":""SANDUSDT"",""S"":""Buy"",""v"":""17134"",""p"":""0.07078""}"
2026-10-05T03:34:03.849302Z,1791171243622,SANDUSDT,Buy,2293,0.07064,"{""T"":1791171243622,""s"":""SANDUSDT"",""S"":""Buy"",""v"":""2293"",""p"":""0.07064""}"
2026-10-05T03:34:03.849302Z,1791171243742,SANDUSDT,Buy,31625,0.07063,"{""T"":1791171243742,""s"":""SANDUSDT"",""S"":""Buy"",""v"":""31625"",""p"":""0.07063""}"
2026-10-05T03:34:04.349522Z,1791171244061,SANDUSDT,Buy,153,0.07050,"{""T"":1791171244061,""s"":""SANDUSDT"",""S"":""Buy"",""v"":""153"",""p"":""0.07050""}"
2026-10-05T03:34:04.349522Z,1791171244110,SANDUSDT,Buy,17609,0.07058,"{""T"":1791171244110,""s"":""SANDUSDT"",""S"":""Buy"",""v"":""17609"",""p"":""0.07058""}"
2026-10-05T03:34:04.349522Z,1791171244142,SANDUSDT,Buy,727,0.07033,"{""T"":1791171244142,""s"":""SANDUSDT"",""S"":""Buy"",""v"":""727"",""p"":""0.07033""}"
2026-10-05T03:34:04.567130Z,1791171244142,BTCUSDT,Sell,0.001,86609.20,"{""T"":1791171244142,""s"":""BTCUSDT"",""S"":""Sell"",""v"":""0.001"",""p"":""86609.20""}"
2026-10-05T03:34:04.849466Z,1791171244396,SANDUSDT,Buy,1835,0.07056,"{""T"":1791171244396,""s"":""SANDUSDT"",""S"":""Buy"",""v"":""1835"",""p"":""0.07056""}"
2026-10-05T03:34:04.849466Z,1791171244560,SANDUSDT,Buy,12373,0.07038,"{""T"":1791171244560,""s"":""SANDUSDT"",""S"":""Buy"",""v"":""12373"",""p"":""0.07038""}"
2026-10-05T03:34:04.849466Z,1791171244704,SANDUSDT,Buy,14470,0.07047,"{""T"":1791171244704,""s"":""SANDUSDT"",""S"":""Buy"",""v"":""14470"",""p"":""0.07047""}"
2026-10-05T03:34:04.849466Z,1791171244746,SANDUSDT,Buy,60154,0.07039,"{""T"":1791171244746,""s"":""SANDUSDT"",""S"":""Buy"",""v"":""60154"",""p"":""0.07039""}"
2026-10-05T03:34:05.350302Z,1791171244786,SANDUSDT,Buy,12121,0.07051,"{""T"":1791171244786,""s"":""SANDUSDT"",""S"":""Buy"",""v"":""12121"",""p"":""0.07051""}"
2026-10-05T03:34:05.350302Z,1791171244921,SANDUSDT,Buy,97847,0.07057,"{""T"":1791171244921,""s"":""SANDUSDT"",""S"":""Buy"",""v"":""97847"",""p"":""0.07057""}"
2026-10-05T03:34:05.350302Z,1791171244940,SANDUSDT,Buy,9930,0.07053,"{""T"":1791171244940,""s"":""SANDUSDT"",""S"":""Buy"",""v"":""9930"",""p"":""0.07053""}"
2026-10-05T03:34:05.350302Z,1791171244946,SANDUSDT,Buy,63065,0.07043,"{""T"":1791171244946,""s"":""SANDUSDT"",""S"":""Buy"",""v"":""63065"",""p"":""0.07043""}"
2026-10-05T03:34:16.349981Z,1791171256173,SANDUSDT,Buy,365,0.07029,"{""T"":1791171256173,""s"":""SANDUSDT"",""S"":""Buy"",""v"":""365"",""p"":""0.07029""}"
2026-10-05T03:34:16.849560Z,1791171256624,SANDUSDT,Buy,1657,0.07031,"{""T"":1791171256624,""s"":""SANDUSDT"",""S"":""Buy"",""v"":""1657"",""p"":""0.07031""}"
2026-10-05T03:34:17.350300Z,1791171256865,SANDUSDT,Buy,3622,0.07023,"{""T"":1791171256865,""s"":""SANDUSDT"",""S"":""Buy"",""v"":""3622"",""p"":""0.07023""}"
2026-10-05T03:34:17.350300Z,1791171256880,SANDUSDT,Buy,1400,0.07025,"{""T"":1791171256880,""s"":""SANDUSDT"",""S"":""Buy"",""v"":""1400"",""p"":""0.07025""}"
2026-10-05T03:34:17.849297Z,1791171257417,SANDUSDT,Buy,127,0.07023,"{""T"":1791171257417,""s"":""SANDUSDT"",""S"":""Buy"",""v"":""127"",""p"":""0.07023""}"
2026-10-05T03:34:17.849297Z,1791171257751,SANDUSDT,Buy,70392,0.07024,"{""T"":1791171257751,""s"":""SANDUSDT"",""S"":""Buy"",""v"":""70392"",""p"":""0.07024""}"
2026-10-05T03:34:19.349587Z,1791171259012,SANDUSDT,Buy,64830,0.07008,"{""T"":1791171259012,""s"":""SANDUSDT"",""S"":""Buy"",""v"":""64830"",""p"":""0.07008""}"
2026-10-05T03:34:19.349587Z,1791171259032,SANDUSDT,Buy,3970,0.07011,"{""T"":1791171259032,""s"":""SANDUSDT"",""S"":""Buy"",""v"":""3970"",""p"":""0.07011""}"
2026-10-05T03:34:42.488287Z,1791171282051,ORCAUSDT,Buy,103.4,1.9463,"{""T"":1791171282051,""s"":""ORCAUSDT"",""S"":""Buy"",""v"":""103.4"",""p"":""1.9463""}"
2026-10-05T03:34:44.488581Z,1791171284387,AKTUSDT,Buy,172.4,0.7854,"{""T"":1791171284387,""s"":""AKTUSDT"",""S"":""Buy"",""v"":""172.4"",""p"":""0.7854""}"
2026-10-05T03:35:15.313949Z,1791171314756,PUMPFUNUSDT,Sell,1600,0.0064790,"{""T"":1791171314756,""s"":""PUMPFUNUSDT"",""S"":""Sell"",""v"":""1600"",""p"":""0.0064790""}"
2026-10-05T03:35:41.991767Z,1791171341830,AKTUSDT,Buy,0.2,0.7836,"{""T"":1791171341830,""s"":""AKTUSDT"",""S"":""Buy"",""v"":""0.2"",""p"":""0.7836""}"
2026-10-05T03:35:48.349512Z,1791171348014,SANDUSDT,Buy,23024,0.06997,"{""T"":1791171348014,""s"":""SANDUSDT"",""S"":""Buy"",""v"":""23024"",""p"":""0.06997""}"
2026-10-05T03:35:48.349512Z,1791171348035,SANDUSDT,Buy,3026,0.06999,"{""T"":1791171348035,""s"":""SANDUSDT"",""S"":""Buy"",""v"":""3026"",""p"":""0.06999""}"
2026-10-05T03:35:48.349512Z,1791171348084,SANDUSDT,Buy,2684,0.06996,"{""T"":1791171348084,""s"":""SANDUSDT"",""S"":""Buy"",""v"":""2684"",""p"":""0.06996""}"
2026-10-05T03:35:48.849153Z,1791171348609,SANDUSDT,Buy,1960,0.06993,"{""T"":1791171348609,""s"":""SANDUSDT"",""S"":""Buy"",""v"":""1960"",""p"":""0.06993""}"
2026-10-05T03:35:48.988401Z,1791171348609,NIGHTUSDT,Buy,3590,0.04439,"{""T"":1791171348609,""s"":""NIGHTUSDT"",""S"":""Buy"",""v"":""3590"",""p"":""0.04439""}"
2026-10-05T03:35:52.849580Z,1791171352554,SANDUSDT,Buy,641,0.06985,"{""T"":1791171352554,""s"":""SANDUSDT"",""S"":""Buy"",""v"":""641"",""p"":""0.06985""}"
2026-10-05T03:35:58.017648Z,1791171357711,BEAMUSDT,Buy,15700,0.0023801,"{""T"":1791171357711,""s"":""BEAMUSDT"",""S"":""Buy"",""v"":""15700"",""p"":""0.0023801""}"
2026-10-05T03:36:44.915260Z,1791171404658,ZECUSDT,Buy,0.08,1319.94,"{""T"":1791171404658,""s"":""ZECUSDT"",""S"":""Buy"",""v"":""0.08"",""p"":""1319.94""}"
2026-10-05T03:36:44.915260Z,1791171404793,ZECUSDT,Buy,0.14,1319.84,"{""T"":1791171404793,""s"":""ZECUSDT"",""S"":""Buy"",""v"":""0.14"",""p"":""1319.84""}"
2026-10-05T03:36:44.915260Z,1791171404816,ZECUSDT,Buy,0.07,1320.11,"{""T"":1791171404816,""s"":""ZECUSDT"",""S"":""Buy"",""v"":""0.07"",""p"":""1320.11""}"
2026-10-05T03:36:45.415253Z,1791171404866,ZECUSDT,Buy,0.01,1320.35,"{""T"":1791171404866,""s"":""ZECUSDT"",""S"":""Buy"",""v"":""0.01"",""p"":""1320.35""}"
2026-10-05T03:36:45.415253Z,1791171404877,ZECUSDT,Buy,0.50,1319.92,"{""T"":1791171404877,""s"":""ZECUSDT"",""S"":""Buy"",""v"":""0.50"",""p"":""1319.92""}"
2026-10-05T03:36:49.566947Z,1791171409005,BTCUSDT,Buy,0.155,85977.30,"{""T"":1791171409005,""s"":""BTCUSDT"",""S"":""Buy"",""v"":""0.155"",""p"":""85977.30""}"
2026-10-05T03:37:03.567001Z,1791171423352,BTCUSDT,Buy,0.012,85965.60,"{""T"":1791171423352,""s"":""BTCUSDT"",""S"":""Buy"",""v"":""0.012"",""p"":""85965.60""}"
2026-10-05T03:37:25.814330Z,1791171445270,NILUSDT,Buy,18155,0.09558,"{""T"":1791171445270,""s"":""NILUSDT"",""S"":""Buy"",""v"":""18155"",""p"":""0.09558""}"
2026-10-05T03:37:25.814330Z,1791171445283,NILUSDT,Buy,2335,0.09550,"{""T"":1791171445283,""s"":""NILUSDT"",""S"":""Buy"",""v"":""2335"",""p"":""0.09550""}"
2026-10-05T03:38:17.830352Z,1791171497537,ATHUSDT,Buy,360590,0.007408,"{""T"":1791171497537,""s"":""ATHUSDT"",""S"":""Buy"",""v"":""360590"",""p"":""0.007408""}"
2026-10-05T03:38:17.849639Z,1791171497537,AXSUSDT,Buy,1925.1,1.2935,"{""T"":1791171497537,""s"":""AXSUSDT"",""S"":""Buy"",""v"":""1925.1"",""p"":""1.2935""}"
2026-10-05T03:38:17.860692Z,1791171497537,WLDUSDT,Buy,9799.4,0.5649,"{""T"":1791171497537,""s"":""WLDUSDT"",""S"":""Buy"",""v"":""9799.4"",""p"":""0.5649""}"
2026-10-05T03:38:31.997922Z,1791171511823,VIRTUALUSDT,Sell,22,0.8892,"{""T"":1791171511823,""s"":""VIRTUALUSDT"",""S"":""Sell"",""v"":""22"",""p"":""0.8892""}"
2026-10-05T03:39:22.488366Z,1791171561963,BTWUSDT,Sell,30,1.21121,"{""T"":1791171561963,""s"":""BTWUSDT"",""S"":""Sell"",""v"":""30"",""p"":""1.21121""}"
2026-10-05T03:40:03.498178Z,1791171603050,PENGUUSDT,Sell,59550,0.009924,"{""T"":1791171603050,""s"":""PENGUUSDT"",""S"":""Sell"",""v"":""59550"",""p"":""0.009924""}"
2026-10-05T03:40:10.415947Z,1791171610265,ADAUSDT,Sell,50,0.2740,"{""T"":1791171610265,""s"":""ADAUSDT"",""S"":""Sell"",""v"":""50"",""p"":""0.2740""}"
2026-10-05T03:40:20.349759Z,1791171620064,SANDUSDT,Sell,1666,0.07215,"{""T"":1791171620064,""s"":""SANDUSDT"",""S"":""Sell"",""v"":""1666"",""p"":""0.07215""}"
2026-10-05T03:40:20.457149Z,1791171620064,ETHUSDT,Sell,0.01,2733.72,"{""T"":1791171620064,""s"":""ETHUSDT"",""S"":""Sell"",""v"":""0.01"",""p"":""2733.72""}"
2026-10-05T03:42:58.487820Z,1791171777929,BTWUSDT,Sell,40,1.23356,"{""T"":1791171777929,""s"":""BTWUSDT"",""S"":""Sell"",""v"":""40"",""p"":""1.23356""}"
2026-10-05T03:43:03.988044Z,1791171783731,BTWUSDT,Sell,10,1.24283,"{""T"":1791171783731,""s"":""BTWUSDT"",""S"":""Sell"",""v"":""10"",""p"":""1.24283""}"
2026-10-05T03:44:09.494068Z,1791171849192,MUBARAKUSDT,Sell,11312,0.071998,"{""T"":1791171849192,""s"":""MUBARAKUSDT"",""S"":""Sell"",""v"":""11312"",""p"":""0.071998""}"
2026-10-05T03:45:12.497661Z,1791171912043,TMXUSDT,Sell,847,0.01702,"{""T"":1791171912043,""s"":""TMXUSDT"",""S"":""Sell"",""v"":""847"",""p"":""0.01702""}"
2026-10-05T03:45:44.497815Z,1791171944073,TMXUSDT,Sell,1229,0.01708,"{""T"":1791171944073,""s"":""TMXUSDT"",""S"":""Sell"",""v"":""1229"",""p"":""0.01708""}"
2026-10-05T03:45:44.497815Z,1791171944182,TMXUSDT,Sell,586,0.01707,"{""T"":1791171944182,""s"":""TMXUSDT"",""S"":""Sell"",""v"":""586"",""p"":""0.01707""}"
2026-10-05T03:45:47.997538Z,1791171947439,TMXUSDT,Sell,1397,0.01713,"{""T"":1791171947439,""s"":""TMXUSDT"",""S"":""Sell"",""v"":""1397"",""p"":""0.01713""}"
2026-10-05T03:45:54.637011Z,1791171954505,LYNUSDT,Buy,1026,0.02737,"{""T"":1791171954505,""s"":""LYNUSDT"",""S"":""Buy"",""v"":""1026"",""p"":""0.02737""}"
2026-10-05T03:45:54.997665Z,1791171954505,TMXUSDT,Sell,2378,0.01719,"{""T"":1791171954505,""s"":""TMXUSDT"",""S"":""Sell"",""v"":""2378"",""p"":""0.01719""}"
2026-10-05T03:45:54.997665Z,1791171954699,TMXUSDT,Sell,9097,0.01720,"{""T"":1791171954699,""s"":""TMXUSDT"",""S"":""Sell"",""v"":""9097"",""p"":""0.01720""}"
2026-10-05T03:45:55.498350Z,1791171955066,TMXUSDT,Sell,2814,0.01723,"{""T"":1791171955066,""s"":""TMXUSDT"",""S"":""Sell"",""v"":""2814"",""p"":""0.01723""}"
2026-10-05T03:46:37.330150Z,1791171997073,LONGXIAUSDT,Sell,3013,0.0459,"{""T"":1791171997073,""s"":""LONGXIAUSDT"",""S"":""Sell"",""v"":""3013"",""p"":""0.0459""}"
2026-10-05T03:46:38.330192Z,1791171997834,LONGXIAUSDT,Sell,241,0.0458,"{""T"":1791171997834,""s"":""LONGXIAUSDT"",""S"":""Sell"",""v"":""241"",""p"":""0.0458""}"
2026-10-05T03:46:41.498088Z,1791172001290,TMXUSDT,Sell,87641,0.01737,"{""T"":1791172001290,""s"":""TMXUSDT"",""S"":""Sell"",""v"":""87641"",""p"":""0.01737""}"
2026-10-05T03:46:44.487952Z,1791172004268,BTWUSDT,Sell,1280,1.27134,"{""T"":1791172004268,""s"":""BTWUSDT"",""S"":""Sell"",""v"":""1280"",""p"":""1.27134""}"
2026-10-05T03:46:45.988099Z,1791172005842,BTWUSDT,Sell,70,1.27519,"{""T"":1791172005842,""s"":""BTWUSDT"",""S"":""Sell"",""v"":""70"",""p"":""1.27519""}"
2026-10-05T03:47:00.988021Z,1791172020574,USUSDT,Sell,1650,0.013680,"{""T"":1791172020574,""s"":""USUSDT"",""S"":""Sell"",""v"":""1650"",""p"":""0.013680""}"
2026-10-05T03:47:00.997375Z,1791172020574,TMXUSDT,Sell,5432,0.01748,"{""T"":1791172020574,""s"":""TMXUSDT"",""S"":""Sell"",""v"":""5432"",""p"":""0.01748""}"
2026-10-05T03:47:27.849864Z,1791172047408,SANDUSDT,Sell,9424,0.07223,"{""T"":1791172047408,""s"":""SANDUSDT"",""S"":""Sell"",""v"":""9424"",""p"":""0.07223""}"
2026-10-05T03:47:48.001474Z,1791172067762,TMXUSDT,Sell,14919,0.01754,"{""T"":1791172067762,""s"":""TMXUSDT"",""S"":""Sell"",""v"":""14919"",""p"":""0.01754""}"
2026-10-05T03:48:02.498231Z,1791172082023,TMXUSDT,Sell,5275,0.01762,"{""T"":1791172082023,""s"":""TMXUSDT"",""S"":""Sell"",""v"":""5275"",""p"":""0.01762""}"
2026-10-05T03:48:05.497934Z,1791172085067,TMXUSDT,Sell,2964,0.01769,"{""T"":1791172085067,""s"":""TMXUSDT"",""S"":""Sell"",""v"":""2964"",""p"":""0.01769""}"
2026-10-05T03:48:08.497462Z,1791172088288,TMXUSDT,Sell,19064,0.01770,"{""T"":1791172088288,""s"":""TMXUSDT"",""S"":""Sell"",""v"":""19064"",""p"":""0.01770""}"
2026-10-05T03:48:08.988577Z,1791172088795,USUSDT,Buy,11200,0.013040,"{""T"":1791172088795,""s"":""USUSDT"",""S"":""Buy"",""v"":""11200"",""p"":""0.013040""}"
2026-10-05T03:48:08.998052Z,1791172088795,TMXUSDT,Sell,6814,0.01772,"{""T"":1791172088795,""s"":""TMXUSDT"",""S"":""Sell"",""v"":""6814"",""p"":""0.01772""}"
2026-10-05T03:48:08.998052Z,1791172088798,TMXUSDT,Sell,5322,0.01768,"{""T"":1791172088798,""s"":""TMXUSDT"",""S"":""Sell"",""v"":""5322"",""p"":""0.01768""}"
2026-10-05T03:48:09.497418Z,1791172089183,TMXUSDT,Sell,30940,0.01771,"{""T"":1791172089183,""s"":""TMXUSDT"",""S"":""Sell"",""v"":""30940"",""p"":""0.01771""}"
2026-10-05T03:48:13.498006Z,1791172093002,TMXUSDT,Sell,3556,0.01776,"{""T"":1791172093002,""s"":""TMXUSDT"",""S"":""Sell"",""v"":""3556"",""p"":""0.01776""}"
2026-10-05T03:48:17.998564Z,1791172097875,TMXUSDT,Sell,356,0.01777,"{""T"":1791172097875,""s"":""TMXUSDT"",""S"":""Sell"",""v"":""356"",""p"":""0.01777""}"
2026-10-05T03:48:43.998098Z,1791172123742,ICPUSDT,Buy,1505.5,3.279,"{""T"":1791172123742,""s"":""ICPUSDT"",""S"":""Buy"",""v"":""1505.5"",""p"":""3.279""}"
2026-10-05T03:50:41.415424Z,1791172241200,ADAUSDT,Buy,1759,0.2677,"{""T"":1791172241200,""s"":""ADAUSDT"",""S"":""Buy"",""v"":""1759"",""p"":""0.2677""}"
2026-10-05T03:51:53.137353Z,1791172312666,LYNUSDT,Buy,21830,0.02696,"{""T"":1791172312666,""s"":""LYNUSDT"",""S"":""Buy"",""v"":""21830"",""p"":""0.02696""}"
2026-10-05T03:52:10.826847Z,1791172330624,FARTCOINUSDT,Buy,420,0.18193,"{""T"":1791172330624,""s"":""FARTCOINUSDT"",""S"":""Buy"",""v"":""420"",""p"":""0.18193""}"
2026-10-05T03:52:30.497939Z,1791172350011,PENGUUSDT,Buy,11460,0.009699,"{""T"":1791172350011,""s"":""PENGUUSDT"",""S"":""Buy"",""v"":""11460"",""p"":""0.009699""}"
2026-10-05T03:54:09.915401Z,1791172449649,ADAUSDT,Buy,1250,0.2673,"{""T"":1791172449649,""s"":""ADAUSDT"",""S"":""Buy"",""v"":""1250"",""p"":""0.2673""}"
2026-10-05T03:54:15.829910Z,1791172455635,LONGXIAUSDT,Buy,2227,0.0390,"{""T"":1791172455635,""s"":""LONGXIAUSDT"",""S"":""Buy"",""v"":""2227"",""p"":""0.0390""}"
2026-10-05T03:54:29.915384Z,1791172469750,DOTUSDT,Buy,33.8,1.2079,"{""T"":1791172469750,""s"":""DOTUSDT"",""S"":""Buy"",""v"":""33.8"",""p"":""1.2079""}"
2026-10-05T03:54:35.136268Z,1791172474995,LYNUSDT,Buy,1941,0.02639,"{""T"":1791172474995,""s"":""LYNUSDT"",""S"":""Buy"",""v"":""1941"",""p"":""0.02639""}"
2026-10-05T03:57:05.350131Z,1791172625153,SANDUSDT,Buy,4388,0.07051,"{""T"":1791172625153,""s"":""SANDUSDT"",""S"":""Buy"",""v"":""4388"",""p"":""0.07051""}"
2026-10-05T03:57:55.067334Z,1791172674895,BTCUSDT,Buy,0.002,85865.80,"{""T"":1791172674895,""s"":""BTCUSDT"",""S"":""Buy"",""v"":""0.002"",""p"":""85865.80""}"
2026-10-05T03:57:55.566918Z,1791172675458,BTCUSDT,Buy,0.070,85879.70,"{""T"":1791172675458,""s"":""BTCUSDT"",""S"":""Buy"",""v"":""0.070"",""p"":""85879.70""}"
2026-10-05T03:57:56.066636Z,1791172675662,BTCUSDT,Buy,0.178,85850.90,"{""T"":1791172675662,""s"":""BTCUSDT"",""S"":""Buy"",""v"":""0.178"",""p"":""85850.90""}"
2026-10-05T03:57:56.066636Z,1791172675882,BTCUSDT,Buy,0.002,85856.80,"{""T"":1791172675882,""s"":""BTCUSDT"",""S"":""Buy"",""v"":""0.002"",""p"":""85856.80""}"
2026-10-05T03:57:56.338726Z,1791172676175,XRPUSDT,Buy,7.6,1.5038,"{""T"":1791172676175,""s"":""XRPUSDT"",""S"":""Buy"",""v"":""7.6"",""p"":""1.5038""}"
2026-10-05T03:57:56.457196Z,1791172675882,ETHUSDT,Buy,0.05,2708.84,"{""T"":1791172675882,""s"":""ETHUSDT"",""S"":""Buy"",""v"":""0.05"",""p"":""2708.84""}"
2026-10-05T03:57:56.566618Z,1791172676099,BTCUSDT,Buy,0.032,85843.60,"{""T"":1791172676099,""s"":""BTCUSDT"",""S"":""Buy"",""v"":""0.032"",""p"":""85843.60""}"
2026-10-05T03:57:56.566618Z,1791172676175,BTCUSDT,Buy,0.007,85833.20,"{""T"":1791172676175,""s"":""BTCUSDT"",""S"":""Buy"",""v"":""0.007"",""p"":""85833.20""}"
2026-10-05T03:57:57.587982Z,1791172677133,BTCUSDT,Buy,0.011,85824.00,"{""T"":1791172677133,""s"":""BTCUSDT"",""S"":""Buy"",""v"":""0.011"",""p"":""85824.00""}"
2026-10-05T03:57:57.587982Z,1791172677174,BTCUSDT,Buy,0.031,85810.00,"{""T"":1791172677174,""s"":""BTCUSDT"",""S"":""Buy"",""v"":""0.031"",""p"":""85810.00""}"
2026-10-05T03:57:57.838203Z,1791172677721,XRPUSDT,Buy,120.0,1.5035,"{""T"":1791172677721,""s"":""XRPUSDT"",""S"":""Buy"",""v"":""120.0"",""p"":""1.5035""}"
2026-10-05T03:57:58.457197Z,1791172678084,ETHUSDT,Buy,1.07,2706.07,"{""T"":1791172678084,""s"":""ETHUSDT"",""S"":""Buy"",""v"":""1.07"",""p"":""2706.07""}"
2026-10-05T03:57:58.984666Z,1791172678664,ETHUSDT,Buy,0.03,2705.42,"{""T"":1791172678664,""s"":""ETHUSDT"",""S"":""Buy"",""v"":""0.03"",""p"":""2705.42""}"
2026-10-05T03:57:59.068342Z,1791172678744,SOLUSDT,Buy,3.9,119.830,"{""T"":1791172678744,""s"":""SOLUSDT"",""S"":""Buy"",""v"":""3.9"",""p"":""119.830""}"
2026-10-05T03:57:59.071271Z,1791172678885,BTCUSDT,Buy,0.003,85784.30,"{""T"":1791172678885,""s"":""BTCUSDT"",""S"":""Buy"",""v"":""0.003"",""p"":""85784.30""}"
2026-10-05T03:57:59.563635Z,1791172679383,SOLUSDT,Buy,0.3,119.790,"{""T"":1791172679383,""s"":""SOLUSDT"",""S"":""Buy"",""v"":""0.3"",""p"":""119.790""}"
2026-10-05T03:57:59.563635Z,1791172679400,SOLUSDT,Buy,69.2,119.820,"{""T"":1791172679400,""s"":""SOLUSDT"",""S"":""Buy"",""v"":""69.2"",""p"":""119.820""}"
2026-10-05T03:58:00.063390Z,1791172679520,SOLUSDT,Buy,22.0,119.800,"{""T"":1791172679520,""s"":""SOLUSDT"",""S"":""Buy"",""v"":""22.0"",""p"":""119.800""}"
2026-10-05T03:58:00.066583Z,1791172679708,BTCUSDT,Buy,0.009,85775.40,"{""T"":1791172679708,""s"":""BTCUSDT"",""S"":""Buy"",""v"":""0.009"",""p"":""85775.40""}"
2026-10-05T03:58:00.313923Z,1791172680139,TRUMPUSDT,Buy,69.1,2.043,"{""T"":1791172680139,""s"":""TRUMPUSDT"",""S"":""Buy"",""v"":""69.1"",""p"":""2.043""}"
2026-10-05T03:58:00.563553Z,1791172680182,SOLUSDT,Buy,2.9,119.750,"{""T"":1791172680182,""s"":""SOLUSDT"",""S"":""Buy"",""v"":""2.9"",""p"":""119.750""}"
2026-10-05T03:58:00.826328Z,1791172680738,MONUSDT,Buy,152545,0.032170,"{""T"":1791172680738,""s"":""MONUSDT"",""S"":""Buy"",""v"":""152545"",""p"":""0.032170""}"
2026-10-05T03:58:00.957212Z,1791172680652,ETHUSDT,Buy,4.93,2705.01,"{""T"":1791172680652,""s"":""ETHUSDT"",""S"":""Buy"",""v"":""4.93"",""p"":""2705.01""}"
2026-10-05T03:58:01.066639Z,1791172680676,BTCUSDT,Buy,0.677,85762.20,"{""T"":1791172680676,""s"":""BTCUSDT"",""S"":""Buy"",""v"":""0.677"",""p"":""85762.20""}"
2026-10-05T03:58:01.066639Z,1791172680916,BTCUSDT,Buy,0.001,85763.60,"{""T"":1791172680916,""s"":""BTCUSDT"",""S"":""Buy"",""v"":""0.001"",""p"":""85763.60""}"
2026-10-05T03:58:49.957273Z,1791172729716,ETHUSDT,Buy,7.42,2704.24,"{""T"":1791172729716,""s"":""ETHUSDT"",""S"":""Buy"",""v"":""7.42"",""p"":""2704.24""}"
2026-10-05T03:58:50.067135Z,1791172729753,BTCUSDT,Buy,0.008,85740.40,"{""T"":1791172729753,""s"":""BTCUSDT"",""S"":""Buy"",""v"":""0.008"",""p"":""85740.40""}"
2026-10-05T03:58:50.566631Z,1791172730146,BTCUSDT,Buy,2.002,85698.50,"{""T"":1791172730146,""s"":""BTCUSDT"",""S"":""Buy"",""v"":""2.002"",""p"":""85698.50""}"
2026-10-05T03:58:50.566631Z,1791172730186,BTCUSDT,Buy,0.015,85716.10,"{""T"":1791172730186,""s"":""BTCUSDT"",""S"":""Buy"",""v"":""0.015"",""p"":""85716.10""}"
2026-10-05T03:58:50.997350Z,1791172730558,VIRTUALUSDT,Buy,147,0.8594,"{""T"":1791172730558,""s"":""VIRTUALUSDT"",""S"":""Buy"",""v"":""147"",""p"":""0.8594""}"
2026-10-05T03:58:51.066627Z,1791172730559,BTCUSDT,Buy,0.109,85699.50,"{""T"":1791172730559,""s"":""BTCUSDT"",""S"":""Buy"",""v"":""0.109"",""p"":""85699.50""}"
2026-10-05T03:58:51.457200Z,1791172731051,ETHUSDT,Buy,1.03,2703.75,"{""T"":1791172731051,""s"":""ETHUSDT"",""S"":""Buy"",""v"":""1.03"",""p"":""2703.75""}"
2026-10-05T03:58:52.957197Z,1791172732548,ETHUSDT,Buy,0.91,2703.28,"{""T"":1791172732548,""s"":""ETHUSDT"",""S"":""Buy"",""v"":""0.91"",""p"":""2703.28""}"
2026-10-05T03:58:53.326301Z,1791172732897,MONUSDT,Buy,6139,0.032130,"{""T"":1791172732897,""s"":""MONUSDT"",""S"":""Buy"",""v"":""6139"",""p"":""0.032130""}"
2026-10-05T03:58:55.063581Z,1791172734972,SOLUSDT,Buy,2.0,119.730,"{""T"":1791172734972,""s"":""SOLUSDT"",""S"":""Buy"",""v"":""2.0"",""p"":""119.730""}"
2026-10-05T03:59:02.064287Z,1791172741816,SOLUSDT,Buy,2.3,119.720,"{""T"":1791172741816,""s"":""SOLUSDT"",""S"":""Buy"",""v"":""2.3"",""p"":""119.720""}"
2026-10-05T03:59:05.564117Z,1791172745370,SOLUSDT,Buy,71.1,119.700,"{""T"":1791172745370,""s"":""SOLUSDT"",""S"":""Buy"",""v"":""71.1"",""p"":""119.700""}"
2026-10-05T03:59:06.564019Z,1791172746141,SOLUSDT,Buy,0.2,119.680,"{""T"":1791172746141,""s"":""SOLUSDT"",""S"":""Buy"",""v"":""0.2"",""p"":""119.680""}"
2026-10-05T04:00:00.517352Z,1791172800343,NEARUSDT,Buy,1.1,4.8190,"{""T"":1791172800343,""s"":""NEARUSDT"",""S"":""Buy"",""v"":""1.1"",""p"":""4.8190""}"
2026-10-05T04:00:00.814191Z,1791172800663,HYPEUSDT,Buy,0.11,89.770,"{""T"":1791172800663,""s"":""HYPEUSDT"",""S"":""Buy"",""v"":""0.11"",""p"":""89.770""}"
2026-10-05T04:00:00.814728Z,1791172800663,XPLUSDT,Buy,206,0.09508,"{""T"":1791172800663,""s"":""XPLUSDT"",""S"":""Buy"",""v"":""206"",""p"":""0.09508""}"
2026-10-05T04:00:00.826632Z,1791172800663,ENAUSDT,Buy,42,0.23720,"{""T"":1791172800663,""s"":""ENAUSDT"",""S"":""Buy"",""v"":""42"",""p"":""0.23720""}"
2026-10-05T04:00:00.838267Z,1791172800663,XRPUSDT,Buy,8.6,1.5043,"{""T"":1791172800663,""s"":""XRPUSDT"",""S"":""Buy"",""v"":""8.6"",""p"":""1.5043""}"
2026-10-05T04:00:00.860654Z,1791172800663,WLDUSDT,Buy,33.6,0.5661,"{""T"":1791172800663,""s"":""WLDUSDT"",""S"":""Buy"",""v"":""33.6"",""p"":""0.5661""}"
2026-10-05T04:00:00.957202Z,1791172800663,QNTUSDT,Buy,0.19,247.01,"{""T"":1791172800663,""s"":""QNTUSDT"",""S"":""Buy"",""v"":""0.19"",""p"":""247.01""}"
2026-10-05T04:00:00.987803Z,1791172800663,ZROUSDT,Buy,15.5,1.8773,"{""T"":1791172800663,""s"":""ZROUSDT"",""S"":""Buy"",""v"":""15.5"",""p"":""1.8773""}"
2026-10-05T04:00:00.997985Z,1791172800663,STXUSDT,Buy,77.0,0.38800,"{""T"":1791172800663,""s"":""STXUSDT"",""S"":""Buy"",""v"":""77.0"",""p"":""0.38800""}"
2026-10-05T04:00:00.998420Z,1791172800663,LINKUSDT,Buy,0.7,14.050,"{""T"":1791172800663,""s"":""LINKUSDT"",""S"":""Buy"",""v"":""0.7"",""p"":""14.050""}"
2026-10-05T04:00:01.017077Z,1791172800663,LTCUSDT,Buy,0.2,69.68,"{""T"":1791172800663,""s"":""LTCUSDT"",""S"":""Buy"",""v"":""0.2"",""p"":""69.68""}"
2026-10-05T04:00:01.017580Z,1791172800663,NEARUSDT,Buy,138.4,4.8180,"{""T"":1791172800663,""s"":""NEARUSDT"",""S"":""Buy"",""v"":""138.4"",""p"":""4.8180""}"
2026-10-05T04:00:01.017838Z,1791172800663,TAOUSDT,Buy,0.064,299.81,"{""T"":1791172800663,""s"":""TAOUSDT"",""S"":""Buy"",""v"":""0.064"",""p"":""299.81""}"
2026-10-05T04:00:01.063586Z,1791172800663,SOLUSDT,Buy,0.1,119.800,"{""T"":1791172800663,""s"":""SOLUSDT"",""S"":""Buy"",""v"":""0.1"",""p"":""119.800""}"
2026-10-05T04:00:01.988034Z,1791172801455,MAGMAUSDT,Buy,8,0.22520,"{""T"":1791172801455,""s"":""MAGMAUSDT"",""S"":""Buy"",""v"":""8"",""p"":""0.22520""}"
2026-10-05T04:00:02.017079Z,1791172801455,NEARUSDT,Buy,1986.3,4.8080,"{""T"":1791172801455,""s"":""NEARUSDT"",""S"":""Buy"",""v"":""1986.3"",""p"":""4.8080""}"
2026-10-05T04:00:04.636341Z,1791172804113,STRKUSDT,Buy,677.6,0.05785,"{""T"":1791172804113,""s"":""STRKUSDT"",""S"":""Buy"",""v"":""677.6"",""p"":""0.05785""}"
2026-10-05T04:00:18.998741Z,1791172818478,TMXUSDT,Sell,1345,0.01783,"{""T"":1791172818478,""s"":""TMXUSDT"",""S"":""Sell"",""v"":""1345"",""p"":""0.01783""}"
2026-10-05T04:00:19.497697Z,1791172818983,TMXUSDT,Sell,1176,0.01786,"{""T"":1791172818983,""s"":""TMXUSDT"",""S"":""Sell"",""v"":""1176"",""p"":""0.01786""}"
2026-10-05T04:00:19.497697Z,1791172819118,TMXUSDT,Sell,5625,0.01788,"{""T"":1791172819118,""s"":""TMXUSDT"",""S"":""Sell"",""v"":""5625"",""p"":""0.01788""}"
2026-10-05T04:00:20.497462Z,1791172820190,TMXUSDT,Sell,7456,0.01797,"{""T"":1791172820190,""s"":""TMXUSDT"",""S"":""Sell"",""v"":""7456"",""p"":""0.01797""}"
2026-10-05T04:00:20.566800Z,1791172820190,BTCUSDT,Sell,0.003,86319.50,"{""T"":1791172820190,""s"":""BTCUSDT"",""S"":""Sell"",""v"":""0.003"",""p"":""86319.50""}"
2026-10-05T04:00:20.998037Z,1791172820523,TMXUSDT,Sell,5785,0.01797,"{""T"":1791172820523,""s"":""TMXUSDT"",""S"":""Sell"",""v"":""5785"",""p"":""0.01797""}"
2026-10-05T04:00:23.997473Z,1791172823675,TMXUSDT,Sell,3692,0.01803,"{""T"":1791172823675,""s"":""TMXUSDT"",""S"":""Sell"",""v"":""3692"",""p"":""0.01803""}"
2026-10-05T04:00:23.997473Z,1791172823782,TMXUSDT,Sell,2755,0.01803,"{""T"":1791172823782,""s"":""TMXUSDT"",""S"":""Sell"",""v"":""2755"",""p"":""0.01803""}"
2026-10-05T04:00:23.997473Z,1791172823908,TMXUSDT,Sell,306,0.01804,"{""T"":1791172823908,""s"":""TMXUSDT"",""S"":""Sell"",""v"":""306"",""p"":""0.01804""}"
2026-10-05T04:01:01.987888Z,1791172861673,ZROUSDT,Buy,1819.8,1.8694,"{""T"":1791172861673,""s"":""ZROUSDT"",""S"":""Buy"",""v"":""1819.8"",""p"":""1.8694""}"
2026-10-05T04:01:02.997874Z,1791172862700,PENGUUSDT,Buy,2510,0.009679,"{""T"":1791172862700,""s"":""PENGUUSDT"",""S"":""Buy"",""v"":""2510"",""p"":""0.009679""}"
2026-10-05T04:03:01.415347Z,1791172981288,UNIUSDT,Buy,5.2,9.018,"{""T"":1791172981288,""s"":""UNIUSDT"",""S"":""Buy"",""v"":""5.2"",""p"":""9.018""}"
2026-10-05T04:03:01.997696Z,1791172981752,PENGUUSDT,Sell,2340,0.010037,"{""T"":1791172981752,""s"":""PENGUUSDT"",""S"":""Sell"",""v"":""2340"",""p"":""0.010037""}"
2026-10-05T04:03:02.415196Z,1791172982226,UNIUSDT,Buy,34.5,9.009,"{""T"":1791172982226,""s"":""UNIUSDT"",""S"":""Buy"",""v"":""34.5"",""p"":""9.009""}"
2026-10-05T04:03:05.838520Z,1791172985532,AAVEUSDT,Buy,0.49,178.90,"{""T"":1791172985532,""s"":""AAVEUSDT"",""S"":""Buy"",""v"":""0.49"",""p"":""178.90""}"
2026-10-05T04:03:05.909336Z,1791172985532,CRVUSDT,Buy,668.8,0.3769,"{""T"":1791172985532,""s"":""CRVUSDT"",""S"":""Buy"",""v"":""668.8"",""p"":""0.3769""}"
2026-10-05T04:03:06.017721Z,1791172985532,NEARUSDT,Buy,19.6,4.8090,"{""T"":1791172985532,""s"":""NEARUSDT"",""S"":""Buy"",""v"":""19.6"",""p"":""4.8090""}"
2026-10-05T04:03:06.064259Z,1791172985532,SOLUSDT,Buy,2.3,119.810,"{""T"":1791172985532,""s"":""SOLUSDT"",""S"":""Buy"",""v"":""2.3"",""p"":""119.810""}"
2026-10-05T04:03:21.636585Z,1791173001080,AKEUSDT,Buy,700,0.0323410,"{""T"":1791173001080,""s"":""AKEUSDT"",""S"":""Buy"",""v"":""700"",""p"":""0.0323410""}"
2026-10-05T04:03:23.518130Z,1791173003035,LTCUSDT,Buy,9.5,69.51,"{""T"":1791173003035,""s"":""LTCUSDT"",""S"":""Buy"",""v"":""9.5"",""p"":""69.51""}"
2026-10-05T04:03:41.137152Z,1791173020832,AKEUSDT,Buy,40900,0.0322010,"{""T"":1791173020832,""s"":""AKEUSDT"",""S"":""Buy"",""v"":""40900"",""p"":""0.0322010""}"
2026-10-05T04:04:57.918540Z,1791173097417,UNIUSDT,Buy,408.2,9.004,"{""T"":1791173097417,""s"":""UNIUSDT"",""S"":""Buy"",""v"":""408.2"",""p"":""9.004""}"
2026-10-05T04:05:05.415215Z,1791173105267,ADAUSDT,Buy,3132,0.2660,"{""T"":1791173105267,""s"":""ADAUSDT"",""S"":""Buy"",""v"":""3132"",""p"":""0.2660""}"
2026-10-05T04:05:05.988074Z,1791173105783,BTWUSDT,Sell,70,1.28566,"{""T"":1791173105783,""s"":""BTWUSDT"",""S"":""Sell"",""v"":""70"",""p"":""1.28566""}"
2026-10-05T04:05:24.017792Z,1791173123568,NEARUSDT,Buy,7.1,4.8030,"{""T"":1791173123568,""s"":""NEARUSDT"",""S"":""Buy"",""v"":""7.1"",""p"":""4.8030""}"
2026-10-05T04:05:56.518498Z,1791173156053,NEARUSDT,Buy,41.0,4.8000,"{""T"":1791173156053,""s"":""NEARUSDT"",""S"":""Buy"",""v"":""41.0"",""p"":""4.8000""}"
2026-10-05T04:06:00.826369Z,1791173160444,AEROUSDT,Buy,34,0.8351,"{""T"":1791173160444,""s"":""AEROUSDT"",""S"":""Buy"",""v"":""34"",""p"":""0.8351""}"
2026-10-05T04:06:00.826369Z,1791173160567,AEROUSDT,Buy,30,0.8350,"{""T"":1791173160567,""s"":""AEROUSDT"",""S"":""Buy"",""v"":""30"",""p"":""0.8350""}"
2026-10-05T04:06:10.838659Z,1791173170673,XRPUSDT,Buy,1344.1,1.5013,"{""T"":1791173170673,""s"":""XRPUSDT"",""S"":""Buy"",""v"":""1344.1"",""p"":""1.5013""}"
2026-10-05T04:08:06.315550Z,1791173286156,XPLUSDT,Buy,74,0.09475,"{""T"":1791173286156,""s"":""XPLUSDT"",""S"":""Buy"",""v"":""74"",""p"":""0.09475""}"
2026-10-05T04:08:07.415082Z,1791173286952,1000PEPEUSDT,Buy,482100,0.0043740,"{""T"":1791173286952,""s"":""1000PEPEUSDT"",""S"":""Buy"",""v"":""482100"",""p"":""0.0043740""}"
2026-10-05T04:08:09.409563Z,1791173289036,TIAUSDT,Buy,30660.8,0.4736,"{""T"":1791173289036,""s"":""TIAUSDT"",""S"":""Buy"",""v"":""30660.8"",""p"":""0.4736""}"
2026-10-05T04:08:09.415233Z,1791173289036,ARBUSDT,Buy,174617.1,0.19945,"{""T"":1791173289036,""s"":""ARBUSDT"",""S"":""Buy"",""v"":""174617.1"",""p"":""0.19945""}"
2026-10-05T04:08:09.457123Z,1791173289153,QNTUSDT,Buy,0.53,245.83,"{""T"":1791173289153,""s"":""QNTUSDT"",""S"":""Buy"",""v"":""0.53"",""p"":""245.83""}"
2026-10-05T04:08:11.067107Z,1791173290660,BTCUSDT,Buy,0.008,85684.00,"{""T"":1791173290660,""s"":""BTCUSDT"",""S"":""Buy"",""v"":""0.008"",""p"":""85684.00""}"
2026-10-05T04:08:11.067107Z,1791173290861,BTCUSDT,Buy,0.040,85683.90,"{""T"":1791173290861,""s"":""BTCUSDT"",""S"":""Buy"",""v"":""0.040"",""p"":""85683.90""}"
2026-10-05T04:08:11.993614Z,1791173291865,SUIUSDT,Buy,120,1.21530,"{""T"":1791173291865,""s"":""SUIUSDT"",""S"":""Buy"",""v"":""120"",""p"":""1.21530""}"
2026-10-05T04:08:12.415743Z,1791173291865,ADAUSDT,Buy,500,0.2654,"{""T"":1791173291865,""s"":""ADAUSDT"",""S"":""Buy"",""v"":""500"",""p"":""0.2654""}"
2026-10-05T04:08:12.457578Z,1791173291903,ETHUSDT,Buy,0.05,2702.41,"{""T"":1791173291903,""s"":""ETHUSDT"",""S"":""Buy"",""v"":""0.05"",""p"":""2702.41""}"
2026-10-05T04:08:12.566626Z,1791173292197,BTCUSDT,Buy,0.005,85674.20,"{""T"":1791173292197,""s"":""BTCUSDT"",""S"":""Buy"",""v"":""0.005"",""p"":""85674.20""}"
2026-10-05T04:08:12.957743Z,1791173292499,ETHUSDT,Buy,0.04,2702.36,"{""T"":1791173292499,""s"":""ETHUSDT"",""S"":""Buy"",""v"":""0.04"",""p"":""2702.36""}"
2026-10-05T04:08:17.067161Z,1791173296547,BTCUSDT,Buy,0.003,85668.70,"{""T"":1791173296547,""s"":""BTCUSDT"",""S"":""Buy"",""v"":""0.003"",""p"":""85668.70""}"
