recv_ts_utc,exch_ts_ms,symbol,side,size,price,raw_json
2026-10-06T00:00:20.351222Z,1791244820154,SANDUSDT,Sell,94,0.07065,"{""T"":1791244820154,""s"":""SANDUSDT"",""S"":""Sell"",""v"":""94"",""p"":""0.07065""}"
2026-10-06T00:00:21.350250Z,1791244821054,SANDUSDT,Sell,5780,0.07068,"{""T"":1791244821054,""s"":""SANDUSDT"",""S"":""Sell"",""v"":""5780"",""p"":""0.07068""}"
2026-10-06T00:00:27.350112Z,1791244827255,SANDUSDT,Buy,276,0.06908,"{""T"":1791244827255,""s"":""SANDUSDT"",""S"":""Buy"",""v"":""276"",""p"":""0.06908""}"
2026-10-06T00:00:33.458308Z,1791244833153,QNTUSDT,Sell,18.96,266.49,"{""T"":1791244833153,""s"":""QNTUSDT"",""S"":""Sell"",""v"":""18.96"",""p"":""266.49""}"
2026-10-06T00:00:36.349916Z,1791244835778,SANDUSDT,Buy,3241,0.06895,"{""T"":1791244835778,""s"":""SANDUSDT"",""S"":""Buy"",""v"":""3241"",""p"":""0.06895""}"
2026-10-06T00:00:36.850625Z,1791244836748,SANDUSDT,Buy,98,0.06867,"{""T"":1791244836748,""s"":""SANDUSDT"",""S"":""Buy"",""v"":""98"",""p"":""0.06867""}"
2026-10-06T00:01:01.498617Z,1791244861324,RLCUSDT,Sell,75.7,0.7592,"{""T"":1791244861324,""s"":""RLCUSDT"",""S"":""Sell"",""v"":""75.7"",""p"":""0.7592""}"
2026-10-06T00:01:01.998761Z,1791244861553,RLCUSDT,Sell,141.6,0.7563,"{""T"":1791244861553,""s"":""RLCUSDT"",""S"":""Sell"",""v"":""141.6"",""p"":""0.7563""}"
2026-10-06T00:01:01.998761Z,1791244861566,RLCUSDT,Sell,1766.0,0.7580,"{""T"":1791244861566,""s"":""RLCUSDT"",""S"":""Sell"",""v"":""1766.0"",""p"":""0.7580""}"
2026-10-06T00:01:01.998761Z,1791244861589,RLCUSDT,Sell,535.0,0.7596,"{""T"":1791244861589,""s"":""RLCUSDT"",""S"":""Sell"",""v"":""535.0"",""p"":""0.7596""}"
2026-10-06T00:01:02.498575Z,1791244861959,RLCUSDT,Sell,410.8,0.7591,"{""T"":1791244861959,""s"":""RLCUSDT"",""S"":""Sell"",""v"":""410.8"",""p"":""0.7591""}"
2026-10-06T00:01:02.498575Z,1791244862025,RLCUSDT,Sell,157.2,0.7563,"{""T"":1791244862025,""s"":""RLCUSDT"",""S"":""Sell"",""v"":""157.2"",""p"":""0.7563""}"
2026-10-06T00:01:02.498575Z,1791244862069,RLCUSDT,Sell,242.5,0.7507,"{""T"":1791244862069,""s"":""RLCUSDT"",""S"":""Sell"",""v"":""242.5"",""p"":""0.7507""}"
2026-10-06T00:01:02.498575Z,1791244862079,RLCUSDT,Sell,14.6,0.7568,"{""T"":1791244862079,""s"":""RLCUSDT"",""S"":""Sell"",""v"":""14.6"",""p"":""0.7568""}"
2026-10-06T00:01:02.498575Z,1791244862183,RLCUSDT,Sell,367.2,0.7508,"{""T"":1791244862183,""s"":""RLCUSDT"",""S"":""Sell"",""v"":""367.2"",""p"":""0.7508""}"
2026-10-06T00:01:02.998532Z,1791244862484,RLCUSDT,Sell,336.8,0.7599,"{""T"":1791244862484,""s"":""RLCUSDT"",""S"":""Sell"",""v"":""336.8"",""p"":""0.7599""}"
2026-10-06T00:01:02.998532Z,1791244862789,RLCUSDT,Sell,1595.9,0.7601,"{""T"":1791244862789,""s"":""RLCUSDT"",""S"":""Sell"",""v"":""1595.9"",""p"":""0.7601""}"
2026-10-06T00:01:04.498745Z,1791244864330,RLCUSDT,Sell,324.0,0.7622,"{""T"":1791244864330,""s"":""RLCUSDT"",""S"":""Sell"",""v"":""324.0"",""p"":""0.7622""}"
2026-10-06T00:01:04.998544Z,1791244864578,RLCUSDT,Sell,397.9,0.7624,"{""T"":1791244864578,""s"":""RLCUSDT"",""S"":""Sell"",""v"":""397.9"",""p"":""0.7624""}"
2026-10-06T00:01:05.498270Z,1791244865083,RLCUSDT,Sell,10.6,0.7618,"{""T"":1791244865083,""s"":""RLCUSDT"",""S"":""Sell"",""v"":""10.6"",""p"":""0.7618""}"
2026-10-06T00:01:05.498270Z,1791244865102,RLCUSDT,Sell,443.5,0.7622,"{""T"":1791244865102,""s"":""RLCUSDT"",""S"":""Sell"",""v"":""443.5"",""p"":""0.7622""}"
2026-10-06T00:01:05.998520Z,1791244865511,RLCUSDT,Sell,21.3,0.7626,"{""T"":1791244865511,""s"":""RLCUSDT"",""S"":""Sell"",""v"":""21.3"",""p"":""0.7626""}"
2026-10-06T00:01:09.998346Z,1791244869511,RLCUSDT,Sell,1619.9,0.7639,"{""T"":1791244869511,""s"":""RLCUSDT"",""S"":""Sell"",""v"":""1619.9"",""p"":""0.7639""}"
2026-10-06T00:01:09.998346Z,1791244869872,RLCUSDT,Sell,31.5,0.7647,"{""T"":1791244869872,""s"":""RLCUSDT"",""S"":""Sell"",""v"":""31.5"",""p"":""0.7647""}"
2026-10-06T00:01:10.314875Z,1791244870102,HYPEUSDT,Sell,0.23,94.730,"{""T"":1791244870102,""s"":""HYPEUSDT"",""S"":""Sell"",""v"":""0.23"",""p"":""94.730""}"
2026-10-06T00:01:10.498194Z,1791244870102,RLCUSDT,Sell,21.1,0.7641,"{""T"":1791244870102,""s"":""RLCUSDT"",""S"":""Sell"",""v"":""21.1"",""p"":""0.7641""}"
2026-10-06T00:01:30.989254Z,1791244890629,NIGHTUSDT,Buy,470,0.05081,"{""T"":1791244890629,""s"":""NIGHTUSDT"",""S"":""Buy"",""v"":""470"",""p"":""0.05081""}"
2026-10-06T00:01:33.350686Z,1791244893166,SANDUSDT,Buy,17703,0.06887,"{""T"":1791244893166,""s"":""SANDUSDT"",""S"":""Buy"",""v"":""17703"",""p"":""0.06887""}"
2026-10-06T00:01:36.488741Z,1791244896024,NIGHTUSDT,Buy,660,0.05073,"{""T"":1791244896024,""s"":""NIGHTUSDT"",""S"":""Buy"",""v"":""660"",""p"":""0.05073""}"
2026-10-06T00:01:41.988699Z,1791244901661,NIGHTUSDT,Buy,4450,0.05066,"{""T"":1791244901661,""s"":""NIGHTUSDT"",""S"":""Buy"",""v"":""4450"",""p"":""0.05066""}"
2026-10-06T00:02:19.458222Z,1791244939264,QNTUSDT,Sell,0.01,266.83,"{""T"":1791244939264,""s"":""QNTUSDT"",""S"":""Sell"",""v"":""0.01"",""p"":""266.83""}"
2026-10-06T00:02:40.958567Z,1791244960828,QNTUSDT,Sell,0.16,267.34,"{""T"":1791244960828,""s"":""QNTUSDT"",""S"":""Sell"",""v"":""0.16"",""p"":""267.34""}"
2026-10-06T00:02:42.458511Z,1791244962330,QNTUSDT,Sell,0.61,267.40,"{""T"":1791244962330,""s"":""QNTUSDT"",""S"":""Sell"",""v"":""0.61"",""p"":""267.40""}"
2026-10-06T00:02:58.989381Z,1791244978717,ZROUSDT,Sell,572.8,2.2079,"{""T"":1791244978717,""s"":""ZROUSDT"",""S"":""Sell"",""v"":""572.8"",""p"":""2.2079""}"
2026-10-06T00:03:03.327594Z,1791244983194,CARVUSDT,Buy,236,0.04806,"{""T"":1791244983194,""s"":""CARVUSDT"",""S"":""Buy"",""v"":""236"",""p"":""0.04806""}"
2026-10-06T00:03:03.827140Z,1791244983686,CARVUSDT,Buy,341,0.04795,"{""T"":1791244983686,""s"":""CARVUSDT"",""S"":""Buy"",""v"":""341"",""p"":""0.04795""}"
2026-10-06T00:03:29.498586Z,1791245009050,RLCUSDT,Sell,31.8,0.7684,"{""T"":1791245009050,""s"":""RLCUSDT"",""S"":""Sell"",""v"":""31.8"",""p"":""0.7684""}"
2026-10-06T00:03:29.498586Z,1791245009067,RLCUSDT,Sell,758.6,0.7652,"{""T"":1791245009067,""s"":""RLCUSDT"",""S"":""Sell"",""v"":""758.6"",""p"":""0.7652""}"
2026-10-06T00:03:29.498586Z,1791245009279,RLCUSDT,Sell,1362.2,0.7682,"{""T"":1791245009279,""s"":""RLCUSDT"",""S"":""Sell"",""v"":""1362.2"",""p"":""0.7682""}"
2026-10-06T00:03:29.498586Z,1791245009287,RLCUSDT,Sell,33.4,0.7662,"{""T"":1791245009287,""s"":""RLCUSDT"",""S"":""Sell"",""v"":""33.4"",""p"":""0.7662""}"
2026-10-06T00:03:29.498586Z,1791245009287,RLCUSDT,Sell,262.5,0.7706,"{""T"":1791245009287,""s"":""RLCUSDT"",""S"":""Sell"",""v"":""262.5"",""p"":""0.7706""}"
2026-10-06T00:03:29.498586Z,1791245009341,RLCUSDT,Sell,1108.2,0.7690,"{""T"":1791245009341,""s"":""RLCUSDT"",""S"":""Sell"",""v"":""1108.2"",""p"":""0.7690""}"
2026-10-06T00:03:29.998461Z,1791245009770,RLCUSDT,Sell,365.0,0.7733,"{""T"":1791245009770,""s"":""RLCUSDT"",""S"":""Sell"",""v"":""365.0"",""p"":""0.7733""}"
2026-10-06T00:03:30.498149Z,1791245009986,RLCUSDT,Sell,132.6,0.7741,"{""T"":1791245009986,""s"":""RLCUSDT"",""S"":""Sell"",""v"":""132.6"",""p"":""0.7741""}"
2026-10-06T00:03:30.498149Z,1791245010358,RLCUSDT,Sell,169.5,0.7756,"{""T"":1791245010358,""s"":""RLCUSDT"",""S"":""Sell"",""v"":""169.5"",""p"":""0.7756""}"
2026-10-06T00:03:30.498149Z,1791245010374,RLCUSDT,Sell,413.7,0.7774,"{""T"":1791245010374,""s"":""RLCUSDT"",""S"":""Sell"",""v"":""413.7"",""p"":""0.7774""}"
2026-10-06T00:03:30.998378Z,1791245010828,RLCUSDT,Sell,4758.9,0.7751,"{""T"":1791245010828,""s"":""RLCUSDT"",""S"":""Sell"",""v"":""4758.9"",""p"":""0.7751""}"
2026-10-06T00:03:31.498197Z,1791245011088,RLCUSDT,Sell,108.1,0.7767,"{""T"":1791245011088,""s"":""RLCUSDT"",""S"":""Sell"",""v"":""108.1"",""p"":""0.7767""}"
2026-10-06T00:03:31.498197Z,1791245011226,RLCUSDT,Sell,478.5,0.7771,"{""T"":1791245011226,""s"":""RLCUSDT"",""S"":""Sell"",""v"":""478.5"",""p"":""0.7771""}"
2026-10-06T00:03:31.998417Z,1791245011519,RLCUSDT,Sell,292.5,0.7784,"{""T"":1791245011519,""s"":""RLCUSDT"",""S"":""Sell"",""v"":""292.5"",""p"":""0.7784""}"
2026-10-06T00:03:31.998417Z,1791245011857,RLCUSDT,Sell,5569.7,0.7786,"{""T"":1791245011857,""s"":""RLCUSDT"",""S"":""Sell"",""v"":""5569.7"",""p"":""0.7786""}"
2026-10-06T00:03:41.915983Z,1791245021490,DOTUSDT,Sell,107.2,1.2423,"{""T"":1791245021490,""s"":""DOTUSDT"",""S"":""Sell"",""v"":""107.2"",""p"":""1.2423""}"
2026-10-06T00:03:41.916510Z,1791245021490,ADAUSDT,Sell,1482,0.2728,"{""T"":1791245021490,""s"":""ADAUSDT"",""S"":""Sell"",""v"":""1482"",""p"":""0.2728""}"
2026-10-06T00:03:41.988642Z,1791245021490,ZROUSDT,Sell,429.2,2.2109,"{""T"":1791245021490,""s"":""ZROUSDT"",""S"":""Sell"",""v"":""429.2"",""p"":""2.2109""}"
2026-10-06T00:03:42.067787Z,1791245021490,BTCUSDT,Sell,0.005,86120.30,"{""T"":1791245021490,""s"":""BTCUSDT"",""S"":""Sell"",""v"":""0.005"",""p"":""86120.30""}"
2026-10-06T00:03:52.488700Z,1791245032231,SKHYUSDT,Buy,4.80,190.83,"{""T"":1791245032231,""s"":""SKHYUSDT"",""S"":""Buy"",""v"":""4.80"",""p"":""190.83""}"
2026-10-06T00:04:06.488931Z,1791245046307,ZROUSDT,Sell,3044.7,2.2133,"{""T"":1791245046307,""s"":""ZROUSDT"",""S"":""Sell"",""v"":""3044.7"",""p"":""2.2133""}"
2026-10-06T00:05:00.314862Z,1791245100213,NILUSDT,Buy,59,0.10445,"{""T"":1791245100213,""s"":""NILUSDT"",""S"":""Buy"",""v"":""59"",""p"":""0.10445""}"
2026-10-06T00:05:00.498307Z,1791245099956,RLCUSDT,Sell,309.1,0.7826,"{""T"":1791245099956,""s"":""RLCUSDT"",""S"":""Sell"",""v"":""309.1"",""p"":""0.7826""}"
2026-10-06T00:05:00.998129Z,1791245100883,RLCUSDT,Sell,23.9,0.7870,"{""T"":1791245100883,""s"":""RLCUSDT"",""S"":""Sell"",""v"":""23.9"",""p"":""0.7870""}"
2026-10-06T00:05:01.498787Z,1791245101234,RLCUSDT,Sell,21.0,0.7852,"{""T"":1791245101234,""s"":""RLCUSDT"",""S"":""Sell"",""v"":""21.0"",""p"":""0.7852""}"
2026-10-06T00:05:01.498787Z,1791245101406,RLCUSDT,Sell,556.7,0.7941,"{""T"":1791245101406,""s"":""RLCUSDT"",""S"":""Sell"",""v"":""556.7"",""p"":""0.7941""}"
2026-10-06T00:05:01.498787Z,1791245101407,RLCUSDT,Sell,29.0,0.7919,"{""T"":1791245101407,""s"":""RLCUSDT"",""S"":""Sell"",""v"":""29.0"",""p"":""0.7919""}"
2026-10-06T00:05:01.498787Z,1791245101411,RLCUSDT,Sell,882.6,0.7889,"{""T"":1791245101411,""s"":""RLCUSDT"",""S"":""Sell"",""v"":""882.6"",""p"":""0.7889""}"
2026-10-06T00:05:01.998333Z,1791245101420,RLCUSDT,Sell,87.9,0.7901,"{""T"":1791245101420,""s"":""RLCUSDT"",""S"":""Sell"",""v"":""87.9"",""p"":""0.7901""}"
2026-10-06T00:05:01.998333Z,1791245101423,RLCUSDT,Sell,478.4,0.7932,"{""T"":1791245101423,""s"":""RLCUSDT"",""S"":""Sell"",""v"":""478.4"",""p"":""0.7932""}"
2026-10-06T00:05:01.998333Z,1791245101603,RLCUSDT,Sell,235.6,0.7894,"{""T"":1791245101603,""s"":""RLCUSDT"",""S"":""Sell"",""v"":""235.6"",""p"":""0.7894""}"
2026-10-06T00:05:01.998333Z,1791245101626,RLCUSDT,Sell,91.5,0.7945,"{""T"":1791245101626,""s"":""RLCUSDT"",""S"":""Sell"",""v"":""91.5"",""p"":""0.7945""}"
2026-10-06T00:05:01.998333Z,1791245101698,RLCUSDT,Sell,14.0,0.7925,"{""T"":1791245101698,""s"":""RLCUSDT"",""S"":""Sell"",""v"":""14.0"",""p"":""0.7925""}"
2026-10-06T00:05:01.998333Z,1791245101708,RLCUSDT,Sell,14.6,0.7910,"{""T"":1791245101708,""s"":""RLCUSDT"",""S"":""Sell"",""v"":""14.6"",""p"":""0.7910""}"
2026-10-06T00:05:01.998333Z,1791245101717,RLCUSDT,Sell,71.7,0.7922,"{""T"":1791245101717,""s"":""RLCUSDT"",""S"":""Sell"",""v"":""71.7"",""p"":""0.7922""}"
2026-10-06T00:05:01.998333Z,1791245101878,RLCUSDT,Sell,151.6,0.7922,"{""T"":1791245101878,""s"":""RLCUSDT"",""S"":""Sell"",""v"":""151.6"",""p"":""0.7922""}"
2026-10-06T00:05:02.498601Z,1791245101928,RLCUSDT,Sell,343.6,0.7943,"{""T"":1791245101928,""s"":""RLCUSDT"",""S"":""Sell"",""v"":""343.6"",""p"":""0.7943""}"
2026-10-06T00:05:02.498601Z,1791245101928,RLCUSDT,Sell,559.9,0.7928,"{""T"":1791245101928,""s"":""RLCUSDT"",""S"":""Sell"",""v"":""559.9"",""p"":""0.7928""}"
2026-10-06T00:05:02.498601Z,1791245101973,RLCUSDT,Sell,98.9,0.7943,"{""T"":1791245101973,""s"":""RLCUSDT"",""S"":""Sell"",""v"":""98.9"",""p"":""0.7943""}"
2026-10-06T00:05:02.498601Z,1791245101990,RLCUSDT,Sell,22.8,0.7935,"{""T"":1791245101990,""s"":""RLCUSDT"",""S"":""Sell"",""v"":""22.8"",""p"":""0.7935""}"
2026-10-06T00:05:02.498601Z,1791245102026,RLCUSDT,Sell,206.1,0.7883,"{""T"":1791245102026,""s"":""RLCUSDT"",""S"":""Sell"",""v"":""206.1"",""p"":""0.7883""}"
2026-10-06T00:05:02.498601Z,1791245102089,RLCUSDT,Sell,1138.4,0.7908,"{""T"":1791245102089,""s"":""RLCUSDT"",""S"":""Sell"",""v"":""1138.4"",""p"":""0.7908""}"
2026-10-06T00:05:02.498601Z,1791245102097,RLCUSDT,Sell,15.2,0.7935,"{""T"":1791245102097,""s"":""RLCUSDT"",""S"":""Sell"",""v"":""15.2"",""p"":""0.7935""}"
2026-10-06T00:05:02.498601Z,1791245102099,RLCUSDT,Sell,126.2,0.7942,"{""T"":1791245102099,""s"":""RLCUSDT"",""S"":""Sell"",""v"":""126.2"",""p"":""0.7942""}"
2026-10-06T00:05:02.498601Z,1791245102114,RLCUSDT,Sell,20.0,0.7880,"{""T"":1791245102114,""s"":""RLCUSDT"",""S"":""Sell"",""v"":""20.0"",""p"":""0.7880""}"
2026-10-06T00:05:02.498601Z,1791245102151,RLCUSDT,Sell,22.5,0.7888,"{""T"":1791245102151,""s"":""RLCUSDT"",""S"":""Sell"",""v"":""22.5"",""p"":""0.7888""}"
2026-10-06T00:05:02.498601Z,1791245102200,RLCUSDT,Sell,705.9,0.7887,"{""T"":1791245102200,""s"":""RLCUSDT"",""S"":""Sell"",""v"":""705.9"",""p"":""0.7887""}"
2026-10-06T00:05:02.998510Z,1791245102581,RLCUSDT,Sell,900.0,0.7950,"{""T"":1791245102581,""s"":""RLCUSDT"",""S"":""Sell"",""v"":""900.0"",""p"":""0.7950""}"
2026-10-06T00:05:02.998510Z,1791245102793,RLCUSDT,Sell,41.4,0.7957,"{""T"":1791245102793,""s"":""RLCUSDT"",""S"":""Sell"",""v"":""41.4"",""p"":""0.7957""}"
2026-10-06T00:05:02.998510Z,1791245102814,RLCUSDT,Sell,7.6,0.7955,"{""T"":1791245102814,""s"":""RLCUSDT"",""S"":""Sell"",""v"":""7.6"",""p"":""0.7955""}"
2026-10-06T00:05:03.498201Z,1791245102948,RLCUSDT,Sell,79.6,0.7954,"{""T"":1791245102948,""s"":""RLCUSDT"",""S"":""Sell"",""v"":""79.6"",""p"":""0.7954""}"
2026-10-06T00:05:03.498201Z,1791245103104,RLCUSDT,Sell,308.1,0.7947,"{""T"":1791245103104,""s"":""RLCUSDT"",""S"":""Sell"",""v"":""308.1"",""p"":""0.7947""}"
2026-10-06T00:05:03.498201Z,1791245103134,RLCUSDT,Sell,163.3,0.7949,"{""T"":1791245103134,""s"":""RLCUSDT"",""S"":""Sell"",""v"":""163.3"",""p"":""0.7949""}"
2026-10-06T00:05:03.498201Z,1791245103358,RLCUSDT,Sell,153.5,0.7947,"{""T"":1791245103358,""s"":""RLCUSDT"",""S"":""Sell"",""v"":""153.5"",""p"":""0.7947""}"
2026-10-06T00:05:03.498201Z,1791245103407,RLCUSDT,Sell,4362.3,0.7952,"{""T"":1791245103407,""s"":""RLCUSDT"",""S"":""Sell"",""v"":""4362.3"",""p"":""0.7952""}"
2026-10-06T00:05:03.498201Z,1791245103410,RLCUSDT,Sell,276.4,0.7948,"{""T"":1791245103410,""s"":""RLCUSDT"",""S"":""Sell"",""v"":""276.4"",""p"":""0.7948""}"
2026-10-06T00:05:03.998551Z,1791245103461,RLCUSDT,Sell,122.3,0.7954,"{""T"":1791245103461,""s"":""RLCUSDT"",""S"":""Sell"",""v"":""122.3"",""p"":""0.7954""}"
2026-10-06T00:05:03.998551Z,1791245103476,RLCUSDT,Sell,1856.5,0.7950,"{""T"":1791245103476,""s"":""RLCUSDT"",""S"":""Sell"",""v"":""1856.5"",""p"":""0.7950""}"
2026-10-06T00:05:03.998551Z,1791245103479,RLCUSDT,Sell,419.4,0.7954,"{""T"":1791245103479,""s"":""RLCUSDT"",""S"":""Sell"",""v"":""419.4"",""p"":""0.7954""}"
2026-10-06T00:05:03.998551Z,1791245103483,RLCUSDT,Sell,10.0,0.7952,"{""T"":1791245103483,""s"":""RLCUSDT"",""S"":""Sell"",""v"":""10.0"",""p"":""0.7952""}"
2026-10-06T00:05:03.998551Z,1791245103493,RLCUSDT,Sell,9.2,0.7947,"{""T"":1791245103493,""s"":""RLCUSDT"",""S"":""Sell"",""v"":""9.2"",""p"":""0.7947""}"
2026-10-06T00:05:03.998551Z,1791245103590,RLCUSDT,Sell,27.5,0.7966,"{""T"":1791245103590,""s"":""RLCUSDT"",""S"":""Sell"",""v"":""27.5"",""p"":""0.7966""}"
2026-10-06T00:05:03.998551Z,1791245103627,RLCUSDT,Sell,222.3,0.7976,"{""T"":1791245103627,""s"":""RLCUSDT"",""S"":""Sell"",""v"":""222.3"",""p"":""0.7976""}"
2026-10-06T00:05:04.498213Z,1791245103998,RLCUSDT,Sell,1890.0,0.7958,"{""T"":1791245103998,""s"":""RLCUSDT"",""S"":""Sell"",""v"":""1890.0"",""p"":""0.7958""}"
2026-10-06T00:05:04.498213Z,1791245104037,RLCUSDT,Sell,95.0,0.7973,"{""T"":1791245104037,""s"":""RLCUSDT"",""S"":""Sell"",""v"":""95.0"",""p"":""0.7973""}"
2026-10-06T00:05:04.498213Z,1791245104270,RLCUSDT,Sell,50.9,0.7963,"{""T"":1791245104270,""s"":""RLCUSDT"",""S"":""Sell"",""v"":""50.9"",""p"":""0.7963""}"
2026-10-06T00:05:04.498213Z,1791245104358,RLCUSDT,Sell,13.5,0.7960,"{""T"":1791245104358,""s"":""RLCUSDT"",""S"":""Sell"",""v"":""13.5"",""p"":""0.7960""}"
2026-10-06T00:05:04.498213Z,1791245104359,RLCUSDT,Sell,405.0,0.7965,"{""T"":1791245104359,""s"":""RLCUSDT"",""S"":""Sell"",""v"":""405.0"",""p"":""0.7965""}"
2026-10-06T00:05:04.998099Z,1791245104418,RLCUSDT,Sell,6159.8,0.7989,"{""T"":1791245104418,""s"":""RLCUSDT"",""S"":""Sell"",""v"":""6159.8"",""p"":""0.7989""}"
2026-10-06T00:05:04.998099Z,1791245104709,RLCUSDT,Sell,501.8,0.7987,"{""T"":1791245104709,""s"":""RLCUSDT"",""S"":""Sell"",""v"":""501.8"",""p"":""0.7987""}"
2026-10-06T00:05:04.998099Z,1791245104721,RLCUSDT,Sell,75.9,0.7987,"{""T"":1791245104721,""s"":""RLCUSDT"",""S"":""Sell"",""v"":""75.9"",""p"":""0.7987""}"
2026-10-06T00:05:04.998099Z,1791245104851,RLCUSDT,Sell,6576.3,0.7988,"{""T"":1791245104851,""s"":""RLCUSDT"",""S"":""Sell"",""v"":""6576.3"",""p"":""0.7988""}"
2026-10-06T00:05:05.314760Z,1791245104851,NILUSDT,Sell,1681,0.10946,"{""T"":1791245104851,""s"":""NILUSDT"",""S"":""Sell"",""v"":""1681"",""p"":""0.10946""}"
2026-10-06T00:05:05.498202Z,1791245105000,RLCUSDT,Sell,1176.7,0.7988,"{""T"":1791245105000,""s"":""RLCUSDT"",""S"":""Sell"",""v"":""1176.7"",""p"":""0.7988""}"
2026-10-06T00:05:05.498202Z,1791245105023,RLCUSDT,Sell,32.5,0.7984,"{""T"":1791245105023,""s"":""RLCUSDT"",""S"":""Sell"",""v"":""32.5"",""p"":""0.7984""}"
2026-10-06T00:05:12.314749Z,1791245111909,NILUSDT,Buy,18083,0.10404,"{""T"":1791245111909,""s"":""NILUSDT"",""S"":""Buy"",""v"":""18083"",""p"":""0.10404""}"
2026-10-06T00:05:16.517873Z,1791245116066,BEAMUSDT,Buy,40000,0.0024737,"{""T"":1791245116066,""s"":""BEAMUSDT"",""S"":""Buy"",""v"":""40000"",""p"":""0.0024737""}"
2026-10-06T00:05:16.636808Z,1791245116071,AKEUSDT,Buy,1000,0.0304330,"{""T"":1791245116071,""s"":""AKEUSDT"",""S"":""Buy"",""v"":""1000"",""p"":""0.0304330""}"
2026-10-06T00:05:23.998528Z,1791245123868,RLCUSDT,Buy,54.6,0.7336,"{""T"":1791245123868,""s"":""RLCUSDT"",""S"":""Buy"",""v"":""54.6"",""p"":""0.7336""}"
2026-10-06T00:08:07.499283Z,1791245287363,RLCUSDT,Buy,37.2,0.7201,"{""T"":1791245287363,""s"":""RLCUSDT"",""S"":""Buy"",""v"":""37.2"",""p"":""0.7201""}"
2026-10-06T00:08:08.498118Z,1791245288240,RLCUSDT,Buy,67.4,0.7212,"{""T"":1791245288240,""s"":""RLCUSDT"",""S"":""Buy"",""v"":""67.4"",""p"":""0.7212""}"
2026-10-06T00:09:02.840017Z,1791245342717,AAVEUSDT,Sell,1.60,186.83,"{""T"":1791245342717,""s"":""AAVEUSDT"",""S"":""Sell"",""v"":""1.60"",""p"":""186.83""}"
2026-10-06T00:09:04.339521Z,1791245344028,AAVEUSDT,Sell,6.63,187.08,"{""T"":1791245344028,""s"":""AAVEUSDT"",""S"":""Sell"",""v"":""6.63"",""p"":""187.08""}"
2026-10-06T00:09:35.350702Z,1791245375110,FLUIDUSDT,Buy,146.0,2.0163,"{""T"":1791245375110,""s"":""FLUIDUSDT"",""S"":""Buy"",""v"":""146.0"",""p"":""2.0163""}"
2026-10-06T00:09:46.518935Z,1791245386049,NEARUSDT,Sell,91.4,5.3530,"{""T"":1791245386049,""s"":""NEARUSDT"",""S"":""Sell"",""v"":""91.4"",""p"":""5.3530""}"
2026-10-06T00:09:50.361184Z,1791245390132,SEIUSDT,Sell,24293,0.07497,"{""T"":1791245390132,""s"":""SEIUSDT"",""S"":""Sell"",""v"":""24293"",""p"":""0.07497""}"
2026-10-06T00:09:50.518111Z,1791245390132,NEARUSDT,Sell,489.4,5.3540,"{""T"":1791245390132,""s"":""NEARUSDT"",""S"":""Sell"",""v"":""489.4"",""p"":""5.3540""}"
2026-10-06T00:09:52.518038Z,1791245392137,NEARUSDT,Sell,62.2,5.3580,"{""T"":1791245392137,""s"":""NEARUSDT"",""S"":""Sell"",""v"":""62.2"",""p"":""5.3580""}"
2026-10-06T00:09:53.518518Z,1791245393070,NEARUSDT,Sell,64.1,5.3570,"{""T"":1791245393070,""s"":""NEARUSDT"",""S"":""Sell"",""v"":""64.1"",""p"":""5.3570""}"
2026-10-06T00:09:56.018154Z,1791245395670,NEARUSDT,Sell,43.9,5.3610,"{""T"":1791245395670,""s"":""NEARUSDT"",""S"":""Sell"",""v"":""43.9"",""p"":""5.3610""}"
2026-10-06T00:10:02.498157Z,1791245402159,VIRTUALUSDT,Sell,7,0.8775,"{""T"":1791245402159,""s"":""VIRTUALUSDT"",""S"":""Sell"",""v"":""7"",""p"":""0.8775""}"
2026-10-06T00:10:05.827250Z,1791245405430,CARVUSDT,Sell,27725,0.05250,"{""T"":1791245405430,""s"":""CARVUSDT"",""S"":""Sell"",""v"":""27725"",""p"":""0.05250""}"
2026-10-06T00:10:06.327550Z,1791245406167,CARVUSDT,Sell,2229,0.05249,"{""T"":1791245406167,""s"":""CARVUSDT"",""S"":""Sell"",""v"":""2229"",""p"":""0.05249""}"
2026-10-06T00:10:32.315145Z,1791245431793,PUMPFUNUSDT,Sell,31900,0.0065630,"{""T"":1791245431793,""s"":""PUMPFUNUSDT"",""S"":""Sell"",""v"":""31900"",""p"":""0.0065630""}"
2026-10-06T00:13:21.498509Z,1791245601179,VIRTUALUSDT,Sell,101,0.8783,"{""T"":1791245601179,""s"":""VIRTUALUSDT"",""S"":""Sell"",""v"":""101"",""p"":""0.8783""}"
2026-10-06T00:14:15.818715Z,1791245655259,PUMPFUNUSDT,Buy,246700,0.0063670,"{""T"":1791245655259,""s"":""PUMPFUNUSDT"",""S"":""Buy"",""v"":""246700"",""p"":""0.0063670""}"
2026-10-06T00:14:44.916376Z,1791245684767,ARBUSDT,Buy,1977.7,0.20478,"{""T"":1791245684767,""s"":""ARBUSDT"",""S"":""Buy"",""v"":""1977.7"",""p"":""0.20478""}"
2026-10-06T00:16:10.518535Z,1791245770196,NEARUSDT,Sell,262.7,5.3670,"{""T"":1791245770196,""s"":""NEARUSDT"",""S"":""Sell"",""v"":""262.7"",""p"":""5.3670""}"
2026-10-06T00:16:43.488292Z,1791245803170,USUSDT,Buy,105090,0.010270,"{""T"":1791245803170,""s"":""USUSDT"",""S"":""Buy"",""v"":""105090"",""p"":""0.010270""}"
2026-10-06T00:17:06.416151Z,1791245826065,ZECUSDT,Sell,0.25,1350.40,"{""T"":1791245826065,""s"":""ZECUSDT"",""S"":""Sell"",""v"":""0.25"",""p"":""1350.40""}"
2026-10-06T00:17:07.498079Z,1791245827362,CTUSDT,Buy,289,0.3782,"{""T"":1791245827362,""s"":""CTUSDT"",""S"":""Buy"",""v"":""289"",""p"":""0.3782""}"
2026-10-06T00:17:07.498079Z,1791245827369,CTUSDT,Buy,3109,0.3777,"{""T"":1791245827369,""s"":""CTUSDT"",""S"":""Buy"",""v"":""3109"",""p"":""0.3777""}"
2026-10-06T00:17:07.498079Z,1791245827372,CTUSDT,Buy,25,0.3786,"{""T"":1791245827372,""s"":""CTUSDT"",""S"":""Buy"",""v"":""25"",""p"":""0.3786""}"
2026-10-06T00:17:09.498878Z,1791245829011,CTUSDT,Buy,101,0.3752,"{""T"":1791245829011,""s"":""CTUSDT"",""S"":""Buy"",""v"":""101"",""p"":""0.3752""}"
2026-10-06T00:17:09.998172Z,1791245829612,CTUSDT,Buy,189,0.3743,"{""T"":1791245829612,""s"":""CTUSDT"",""S"":""Buy"",""v"":""189"",""p"":""0.3743""}"
2026-10-06T00:17:11.498049Z,1791245831218,CTUSDT,Buy,222,0.3740,"{""T"":1791245831218,""s"":""CTUSDT"",""S"":""Buy"",""v"":""222"",""p"":""0.3740""}"
2026-10-06T00:17:16.489221Z,1791245835941,USUSDT,Buy,80000,0.010240,"{""T"":1791245835941,""s"":""USUSDT"",""S"":""Buy"",""v"":""80000"",""p"":""0.010240""}"
2026-10-06T00:17:16.988643Z,1791245836643,USUSDT,Buy,4870,0.010220,"{""T"":1791245836643,""s"":""USUSDT"",""S"":""Buy"",""v"":""4870"",""p"":""0.010220""}"
2026-10-06T00:17:43.839978Z,1791245863556,LITUSDT,Buy,14.8,3.9550,"{""T"":1791245863556,""s"":""LITUSDT"",""S"":""Buy"",""v"":""14.8"",""p"":""3.9550""}"
2026-10-06T00:18:40.350414Z,1791245919964,SANDUSDT,Buy,3346,0.06832,"{""T"":1791245919964,""s"":""SANDUSDT"",""S"":""Buy"",""v"":""3346"",""p"":""0.06832""}"
2026-10-06T00:18:48.314631Z,1791245928081,SPCXUSDT,Buy,0.40,170.42,"{""T"":1791245928081,""s"":""SPCXUSDT"",""S"":""Buy"",""v"":""0.40"",""p"":""170.42""}"
2026-10-06T00:19:14.998275Z,1791245954435,RLCUSDT,Buy,33.5,0.7183,"{""T"":1791245954435,""s"":""RLCUSDT"",""S"":""Buy"",""v"":""33.5"",""p"":""0.7183""}"
2026-10-06T00:19:23.488394Z,1791245962986,ORCAUSDT,Sell,1579.6,2.4915,"{""T"":1791245962986,""s"":""ORCAUSDT"",""S"":""Sell"",""v"":""1579.6"",""p"":""2.4915""}"
2026-10-06T00:19:26.998003Z,1791245966799,CTUSDT,Buy,952,0.3702,"{""T"":1791245966799,""s"":""CTUSDT"",""S"":""Buy"",""v"":""952"",""p"":""0.3702""}"
2026-10-06T00:19:27.497956Z,1791245966999,CTUSDT,Buy,1447,0.3722,"{""T"":1791245966999,""s"":""CTUSDT"",""S"":""Buy"",""v"":""1447"",""p"":""0.3722""}"
2026-10-06T00:19:27.497956Z,1791245967160,CTUSDT,Buy,218,0.3695,"{""T"":1791245967160,""s"":""CTUSDT"",""S"":""Buy"",""v"":""218"",""p"":""0.3695""}"
2026-10-06T00:19:27.497956Z,1791245967196,CTUSDT,Buy,72,0.3722,"{""T"":1791245967196,""s"":""CTUSDT"",""S"":""Buy"",""v"":""72"",""p"":""0.3722""}"
2026-10-06T00:20:21.989593Z,1791246021678,ORCAUSDT,Sell,2.5,2.5010,"{""T"":1791246021678,""s"":""ORCAUSDT"",""S"":""Sell"",""v"":""2.5"",""p"":""2.5010""}"
2026-10-06T00:20:23.850586Z,1791246023370,SANDUSDT,Buy,1636,0.06782,"{""T"":1791246023370,""s"":""SANDUSDT"",""S"":""Buy"",""v"":""1636"",""p"":""0.06782""}"
2026-10-06T00:20:42.001395Z,1791246041677,RLCUSDT,Buy,234.2,0.7146,"{""T"":1791246041677,""s"":""RLCUSDT"",""S"":""Buy"",""v"":""234.2"",""p"":""0.7146""}"
2026-10-06T00:20:44.849941Z,1791246044659,SANDUSDT,Buy,704,0.06770,"{""T"":1791246044659,""s"":""SANDUSDT"",""S"":""Buy"",""v"":""704"",""p"":""0.06770""}"
2026-10-06T00:20:51.498229Z,1791246051391,RLCUSDT,Buy,974.9,0.7141,"{""T"":1791246051391,""s"":""RLCUSDT"",""S"":""Buy"",""v"":""974.9"",""p"":""0.7141""}"
2026-10-06T00:20:57.839032Z,1791246057435,AAVEUSDT,Sell,0.21,187.93,"{""T"":1791246057435,""s"":""AAVEUSDT"",""S"":""Sell"",""v"":""0.21"",""p"":""187.93""}"
2026-10-06T00:21:47.489101Z,1791246107286,ZROUSDT,Sell,50.0,2.1553,"{""T"":1791246107286,""s"":""ZROUSDT"",""S"":""Sell"",""v"":""50.0"",""p"":""2.1553""}"
2026-10-06T00:21:47.489667Z,1791246107285,ORCAUSDT,Sell,300.0,2.5391,"{""T"":1791246107285,""s"":""ORCAUSDT"",""S"":""Sell"",""v"":""300.0"",""p"":""2.5391""}"
2026-10-06T00:21:47.850497Z,1791246107285,AXSUSDT,Buy,600.0,1.2769,"{""T"":1791246107285,""s"":""AXSUSDT"",""S"":""Buy"",""v"":""600.0"",""p"":""1.2769""}"
2026-10-06T00:22:31.998419Z,1791246151514,CTUSDT,Buy,28,0.3678,"{""T"":1791246151514,""s"":""CTUSDT"",""S"":""Buy"",""v"":""28"",""p"":""0.3678""}"
2026-10-06T00:22:45.998516Z,1791246165572,RLCUSDT,Sell,49.6,0.7683,"{""T"":1791246165572,""s"":""RLCUSDT"",""S"":""Sell"",""v"":""49.6"",""p"":""0.7683""}"
2026-10-06T00:22:46.498049Z,1791246166064,RLCUSDT,Sell,118.8,0.7685,"{""T"":1791246166064,""s"":""RLCUSDT"",""S"":""Sell"",""v"":""118.8"",""p"":""0.7685""}"
2026-10-06T00:22:46.498049Z,1791246166096,RLCUSDT,Sell,80.8,0.7680,"{""T"":1791246166096,""s"":""RLCUSDT"",""S"":""Sell"",""v"":""80.8"",""p"":""0.7680""}"
2026-10-06T00:22:46.498049Z,1791246166374,RLCUSDT,Sell,107.8,0.7680,"{""T"":1791246166374,""s"":""RLCUSDT"",""S"":""Sell"",""v"":""107.8"",""p"":""0.7680""}"
2026-10-06T00:23:07.998532Z,1791246187577,RLCUSDT,Sell,319.2,0.7690,"{""T"":1791246187577,""s"":""RLCUSDT"",""S"":""Sell"",""v"":""319.2"",""p"":""0.7690""}"
2026-10-06T00:23:07.998532Z,1791246187618,RLCUSDT,Sell,8.1,0.7694,"{""T"":1791246187618,""s"":""RLCUSDT"",""S"":""Sell"",""v"":""8.1"",""p"":""0.7694""}"
2026-10-06T00:23:08.998004Z,1791246188614,RLCUSDT,Sell,189.1,0.7713,"{""T"":1791246188614,""s"":""RLCUSDT"",""S"":""Sell"",""v"":""189.1"",""p"":""0.7713""}"
2026-10-06T00:23:24.992064Z,1791246204729,ORCAUSDT,Sell,2560.9,2.5528,"{""T"":1791246204729,""s"":""ORCAUSDT"",""S"":""Sell"",""v"":""2560.9"",""p"":""2.5528""}"
2026-10-06T00:23:49.339745Z,1791246228929,AAVEUSDT,Sell,3.50,187.99,"{""T"":1791246228929,""s"":""AAVEUSDT"",""S"":""Sell"",""v"":""3.50"",""p"":""187.99""}"
2026-10-06T00:23:49.339745Z,1791246229040,AAVEUSDT,Sell,1.50,188.02,"{""T"":1791246229040,""s"":""AAVEUSDT"",""S"":""Sell"",""v"":""1.50"",""p"":""188.02""}"
2026-10-06T00:23:49.517798Z,1791246229040,NEARUSDT,Sell,20.0,5.3600,"{""T"":1791246229040,""s"":""NEARUSDT"",""S"":""Sell"",""v"":""20.0"",""p"":""5.3600""}"
2026-10-06T00:23:52.338916Z,1791246231867,AAVEUSDT,Sell,0.27,188.14,"{""T"":1791246231867,""s"":""AAVEUSDT"",""S"":""Sell"",""v"":""0.27"",""p"":""188.14""}"
2026-10-06T00:24:13.018512Z,1791246252809,NEARUSDT,Sell,1.5,5.3790,"{""T"":1791246252809,""s"":""NEARUSDT"",""S"":""Sell"",""v"":""1.5"",""p"":""5.3790""}"
2026-10-06T00:25:19.314690Z,1791246319005,XPLUSDT,Buy,5852,0.09338,"{""T"":1791246319005,""s"":""XPLUSDT"",""S"":""Buy"",""v"":""5852"",""p"":""0.09338""}"
2026-10-06T00:25:47.488836Z,1791246347115,ORCAUSDT,Buy,19.9,2.3746,"{""T"":1791246347115,""s"":""ORCAUSDT"",""S"":""Buy"",""v"":""19.9"",""p"":""2.3746""}"
2026-10-06T00:25:48.314556Z,1791246347733,XPLUSDT,Buy,1076,0.09311,"{""T"":1791246347733,""s"":""XPLUSDT"",""S"":""Buy"",""v"":""1076"",""p"":""0.09311""}"
2026-10-06T00:25:48.488500Z,1791246348347,ORCAUSDT,Buy,29.6,2.3686,"{""T"":1791246348347,""s"":""ORCAUSDT"",""S"":""Buy"",""v"":""29.6"",""p"":""2.3686""}"
2026-10-06T00:25:51.339884Z,1791246351087,LITUSDT,Buy,978.0,3.9460,"{""T"":1791246351087,""s"":""LITUSDT"",""S"":""Buy"",""v"":""978.0"",""p"":""3.9460""}"
2026-10-06T00:25:52.498652Z,1791246352279,CTUSDT,Buy,597,0.3674,"{""T"":1791246352279,""s"":""CTUSDT"",""S"":""Buy"",""v"":""597"",""p"":""0.3674""}"
2026-10-06T00:26:01.488590Z,1791246361190,ORCAUSDT,Buy,2.1,2.3353,"{""T"":1791246361190,""s"":""ORCAUSDT"",""S"":""Buy"",""v"":""2.1"",""p"":""2.3353""}"
2026-10-06T00:26:09.415732Z,1791246368974,1000PEPEUSDT,Buy,30000,0.0043290,"{""T"":1791246368974,""s"":""1000PEPEUSDT"",""S"":""Buy"",""v"":""30000"",""p"":""0.0043290""}"
2026-10-06T00:26:09.415732Z,1791246369031,1000PEPEUSDT,Buy,7400,0.0043300,"{""T"":1791246369031,""s"":""1000PEPEUSDT"",""S"":""Buy"",""v"":""7400"",""p"":""0.0043300""}"
2026-10-06T00:26:10.415700Z,1791246369966,1000PEPEUSDT,Buy,41200,0.0043280,"{""T"":1791246369966,""s"":""1000PEPEUSDT"",""S"":""Buy"",""v"":""41200"",""p"":""0.0043280""}"
2026-10-06T00:26:10.988615Z,1791246370856,ORCAUSDT,Buy,274.7,2.3202,"{""T"":1791246370856,""s"":""ORCAUSDT"",""S"":""Buy"",""v"":""274.7"",""p"":""2.3202""}"
2026-10-06T00:26:29.501402Z,1791246389389,RLCUSDT,Buy,16.8,0.7096,"{""T"":1791246389389,""s"":""RLCUSDT"",""S"":""Buy"",""v"":""16.8"",""p"":""0.7096""}"
2026-10-06T00:26:32.350561Z,1791246392201,WIFUSDT,Buy,770,0.24800,"{""T"":1791246392201,""s"":""WIFUSDT"",""S"":""Buy"",""v"":""770"",""p"":""0.24800""}"
2026-10-06T00:26:37.488777Z,1791246396997,ORCAUSDT,Buy,39.3,2.3121,"{""T"":1791246396997,""s"":""ORCAUSDT"",""S"":""Buy"",""v"":""39.3"",""p"":""2.3121""}"
2026-10-06T00:26:44.416193Z,1791246403969,1000PEPEUSDT,Buy,677000,0.0043260,"{""T"":1791246403969,""s"":""1000PEPEUSDT"",""S"":""Buy"",""v"":""677000"",""p"":""0.0043260""}"
2026-10-06T00:26:57.488869Z,1791246417073,ORCAUSDT,Buy,10.0,2.3106,"{""T"":1791246417073,""s"":""ORCAUSDT"",""S"":""Buy"",""v"":""10.0"",""p"":""2.3106""}"
2026-10-06T00:27:09.994834Z,1791246429435,BRUSDT,Sell,1112,0.49159,"{""T"":1791246429435,""s"":""BRUSDT"",""S"":""Sell"",""v"":""1112"",""p"":""0.49159""}"
2026-10-06T00:28:44.350011Z,1791246523823,FLUIDUSDT,Buy,485.8,2.0054,"{""T"":1791246523823,""s"":""FLUIDUSDT"",""S"":""Buy"",""v"":""485.8"",""p"":""2.0054""}"
2026-10-06T00:28:44.350011Z,1791246523924,FLUIDUSDT,Buy,620.8,2.0080,"{""T"":1791246523924,""s"":""FLUIDUSDT"",""S"":""Buy"",""v"":""620.8"",""p"":""2.0080""}"
2026-10-06T00:29:28.989125Z,1791246568802,ORCAUSDT,Buy,23.8,2.2550,"{""T"":1791246568802,""s"":""ORCAUSDT"",""S"":""Buy"",""v"":""23.8"",""p"":""2.2550""}"
2026-10-06T00:30:10.339825Z,1791246610151,LITUSDT,Buy,70.0,3.9420,"{""T"":1791246610151,""s"":""LITUSDT"",""S"":""Buy"",""v"":""70.0"",""p"":""3.9420""}"
2026-10-06T00:30:10.498587Z,1791246610151,RLCUSDT,Buy,80.0,0.7071,"{""T"":1791246610151,""s"":""RLCUSDT"",""S"":""Buy"",""v"":""80.0"",""p"":""0.7071""}"
2026-10-06T00:30:23.853506Z,1791246623346,FLUIDUSDT,Buy,9.9,2.0050,"{""T"":1791246623346,""s"":""FLUIDUSDT"",""S"":""Buy"",""v"":""9.9"",""p"":""2.0050""}"
2026-10-06T00:30:30.409850Z,1791246629964,TIAUSDT,Buy,5858.5,0.4700,"{""T"":1791246629964,""s"":""TIAUSDT"",""S"":""Buy"",""v"":""5858.5"",""p"":""0.4700""}"
2026-10-06T00:30:31.350373Z,1791246630825,SANDUSDT,Buy,889,0.06750,"{""T"":1791246630825,""s"":""SANDUSDT"",""S"":""Buy"",""v"":""889"",""p"":""0.06750""}"
2026-10-06T00:30:37.850492Z,1791246637690,FLUIDUSDT,Buy,1.4,2.0030,"{""T"":1791246637690,""s"":""FLUIDUSDT"",""S"":""Buy"",""v"":""1.4"",""p"":""2.0030""}"
2026-10-06T00:31:02.416077Z,1791246662012,ZECUSDT,Sell,4.08,1353.78,"{""T"":1791246662012,""s"":""ZECUSDT"",""S"":""Sell"",""v"":""4.08"",""p"":""1353.78""}"
2026-10-06T00:31:06.998492Z,1791246666850,CTUSDT,Buy,25,0.3654,"{""T"":1791246666850,""s"":""CTUSDT"",""S"":""Buy"",""v"":""25"",""p"":""0.3654""}"
2026-10-06T00:31:39.488460Z,1791246699144,NIGHTUSDT,Buy,220,0.05013,"{""T"":1791246699144,""s"":""NIGHTUSDT"",""S"":""Buy"",""v"":""220"",""p"":""0.05013""}"
2026-10-06T00:33:15.488643Z,1791246795102,BTWUSDT,Buy,1550,1.15760,"{""T"":1791246795102,""s"":""BTWUSDT"",""S"":""Buy"",""v"":""1550"",""p"":""1.15760""}"
2026-10-06T00:33:30.958469Z,1791246810720,QNTUSDT,Sell,0.25,267.89,"{""T"":1791246810720,""s"":""QNTUSDT"",""S"":""Sell"",""v"":""0.25"",""p"":""267.89""}"
2026-10-06T00:33:30.958469Z,1791246810844,QNTUSDT,Sell,10.31,267.77,"{""T"":1791246810844,""s"":""QNTUSDT"",""S"":""Sell"",""v"":""10.31"",""p"":""267.77""}"
2026-10-06T00:33:33.458050Z,1791246812888,QNTUSDT,Sell,0.24,268.12,"{""T"":1791246812888,""s"":""QNTUSDT"",""S"":""Sell"",""v"":""0.24"",""p"":""268.12""}"
2026-10-06T00:33:33.458050Z,1791246813320,QNTUSDT,Sell,1.07,268.50,"{""T"":1791246813320,""s"":""QNTUSDT"",""S"":""Sell"",""v"":""1.07"",""p"":""268.50""}"
2026-10-06T00:33:33.957600Z,1791246813566,QNTUSDT,Sell,0.91,268.58,"{""T"":1791246813566,""s"":""QNTUSDT"",""S"":""Sell"",""v"":""0.91"",""p"":""268.58""}"
2026-10-06T00:33:33.957600Z,1791246813623,QNTUSDT,Sell,0.24,268.37,"{""T"":1791246813623,""s"":""QNTUSDT"",""S"":""Sell"",""v"":""0.24"",""p"":""268.37""}"
2026-10-06T00:33:34.957771Z,1791246814513,QNTUSDT,Sell,0.23,268.60,"{""T"":1791246814513,""s"":""QNTUSDT"",""S"":""Sell"",""v"":""0.23"",""p"":""268.60""}"
2026-10-06T00:33:35.957765Z,1791246815858,QNTUSDT,Sell,0.98,268.73,"{""T"":1791246815858,""s"":""QNTUSDT"",""S"":""Sell"",""v"":""0.98"",""p"":""268.73""}"
2026-10-06T00:33:44.488444Z,1791246823956,BTWUSDT,Buy,780,1.15606,"{""T"":1791246823956,""s"":""BTWUSDT"",""S"":""Buy"",""v"":""780"",""p"":""1.15606""}"
2026-10-06T00:33:59.830619Z,1791246839254,PONSUSDT,Buy,733,0.3700,"{""T"":1791246839254,""s"":""PONSUSDT"",""S"":""Buy"",""v"":""733"",""p"":""0.3700""}"
2026-10-06T00:34:44.461426Z,1791246884357,QNTUSDT,Sell,2.12,269.25,"{""T"":1791246884357,""s"":""QNTUSDT"",""S"":""Sell"",""v"":""2.12"",""p"":""269.25""}"
2026-10-06T00:34:45.957598Z,1791246885411,QNTUSDT,Sell,0.23,269.31,"{""T"":1791246885411,""s"":""QNTUSDT"",""S"":""Sell"",""v"":""0.23"",""p"":""269.31""}"
2026-10-06T00:34:53.994027Z,1791246893535,BRUSDT,Sell,119,0.50400,"{""T"":1791246893535,""s"":""BRUSDT"",""S"":""Sell"",""v"":""119"",""p"":""0.50400""}"
2026-10-06T00:34:59.830877Z,1791246899534,PONSUSDT,Buy,1161,0.3686,"{""T"":1791246899534,""s"":""PONSUSDT"",""S"":""Buy"",""v"":""1161"",""p"":""0.3686""}"
2026-10-06T00:35:37.998647Z,1791246937544,PENGUUSDT,Buy,82870,0.009526,"{""T"":1791246937544,""s"":""PENGUUSDT"",""S"":""Buy"",""v"":""82870"",""p"":""0.009526""}"
2026-10-06T00:35:38.637976Z,1791246938247,LYNUSDT,Buy,274,0.02666,"{""T"":1791246938247,""s"":""LYNUSDT"",""S"":""Buy"",""v"":""274"",""p"":""0.02666""}"
2026-10-06T00:35:45.831128Z,1791246945714,LONGXIAUSDT,Sell,2063,0.0478,"{""T"":1791246945714,""s"":""LONGXIAUSDT"",""S"":""Sell"",""v"":""2063"",""p"":""0.0478""}"
2026-10-06T00:36:26.919699Z,1791246986668,UNIUSDT,Buy,54.7,8.989,"{""T"":1791246986668,""s"":""UNIUSDT"",""S"":""Buy"",""v"":""54.7"",""p"":""8.989""}"
2026-10-06T00:37:27.988679Z,1791247047423,ZROUSDT,Buy,7.5,2.0886,"{""T"":1791247047423,""s"":""ZROUSDT"",""S"":""Buy"",""v"":""7.5"",""p"":""2.0886""}"
2026-10-06T00:37:39.410027Z,1791247059080,HBARUSDT,Buy,9326,0.10068,"{""T"":1791247059080,""s"":""HBARUSDT"",""S"":""Buy"",""v"":""9326"",""p"":""0.10068""}"
2026-10-06T00:37:40.409799Z,1791247060004,HBARUSDT,Buy,21054,0.10065,"{""T"":1791247060004,""s"":""HBARUSDT"",""S"":""Buy"",""v"":""21054"",""p"":""0.10065""}"
2026-10-06T00:37:47.415705Z,1791247067200,ADAUSDT,Buy,397,0.2677,"{""T"":1791247067200,""s"":""ADAUSDT"",""S"":""Buy"",""v"":""397"",""p"":""0.2677""}"
2026-10-06T00:39:30.315623Z,1791247170023,PUMPFUNUSDT,Buy,161500,0.0063140,"{""T"":1791247170023,""s"":""PUMPFUNUSDT"",""S"":""Buy"",""v"":""161500"",""p"":""0.0063140""}"
2026-10-06T00:39:34.998287Z,1791247174484,LINKUSDT,Buy,238.3,13.743,"{""T"":1791247174484,""s"":""LINKUSDT"",""S"":""Buy"",""v"":""238.3"",""p"":""13.743""}"
2026-10-06T00:40:17.415895Z,1791247217044,ZECUSDT,Sell,0.75,1359.38,"{""T"":1791247217044,""s"":""ZECUSDT"",""S"":""Sell"",""v"":""0.75"",""p"":""1359.38""}"
2026-10-06T00:40:17.518388Z,1791247217044,NEARUSDT,Sell,98.5,5.3660,"{""T"":1791247217044,""s"":""NEARUSDT"",""S"":""Sell"",""v"":""98.5"",""p"":""5.3660""}"
2026-10-06T00:40:58.918661Z,1791247258813,ADAUSDT,Buy,74,0.2670,"{""T"":1791247258813,""s"":""ADAUSDT"",""S"":""Buy"",""v"":""74"",""p"":""0.2670""}"
2026-10-06T00:41:01.326937Z,1791247260852,MONUSDT,Buy,9045,0.030860,"{""T"":1791247260852,""s"":""MONUSDT"",""S"":""Buy"",""v"":""9045"",""p"":""0.030860""}"
2026-10-06T00:41:08.018556Z,1791247267930,NEARUSDT,Sell,176.8,5.3850,"{""T"":1791247267930,""s"":""NEARUSDT"",""S"":""Sell"",""v"":""176.8"",""p"":""5.3850""}"
2026-10-06T00:41:44.915736Z,1791247304511,ZECUSDT,Sell,0.37,1360.13,"{""T"":1791247304511,""s"":""ZECUSDT"",""S"":""Sell"",""v"":""0.37"",""p"":""1360.13""}"
2026-10-06T00:42:34.989163Z,1791247354692,BTWUSDT,Buy,360,1.13830,"{""T"":1791247354692,""s"":""BTWUSDT"",""S"":""Buy"",""v"":""360"",""p"":""1.13830""}"
2026-10-06T00:43:27.489468Z,1791247407196,BTWUSDT,Buy,30,1.13570,"{""T"":1791247407196,""s"":""BTWUSDT"",""S"":""Buy"",""v"":""30"",""p"":""1.13570""}"
2026-10-06T00:43:27.489468Z,1791247407315,BTWUSDT,Buy,1930,1.13623,"{""T"":1791247407315,""s"":""BTWUSDT"",""S"":""Buy"",""v"":""1930"",""p"":""1.13623""}"
2026-10-06T00:43:27.490077Z,1791247407315,USUSDT,Buy,9400,0.010380,"{""T"":1791247407315,""s"":""USUSDT"",""S"":""Buy"",""v"":""9400"",""p"":""0.010380""}"
2026-10-06T00:44:18.498192Z,1791247458265,PENGUUSDT,Buy,185000,0.009481,"{""T"":1791247458265,""s"":""PENGUUSDT"",""S"":""Buy"",""v"":""185000"",""p"":""0.009481""}"
2026-10-06T00:44:18.814781Z,1791247458265,PUMPFUNUSDT,Buy,184300,0.0062790,"{""T"":1791247458265,""s"":""PUMPFUNUSDT"",""S"":""Buy"",""v"":""184300"",""p"":""0.0062790""}"
2026-10-06T00:44:20.815238Z,1791247460296,TRUMPUSDT,Buy,51.5,2.024,"{""T"":1791247460296,""s"":""TRUMPUSDT"",""S"":""Buy"",""v"":""51.5"",""p"":""2.024""}"
2026-10-06T00:44:50.910276Z,1791247490329,CRVUSDT,Buy,4498.8,0.3679,"{""T"":1791247490329,""s"":""CRVUSDT"",""S"":""Buy"",""v"":""4498.8"",""p"":""0.3679""}"
2026-10-06T00:45:00.314554Z,1791247499905,NILUSDT,Buy,347,0.10359,"{""T"":1791247499905,""s"":""NILUSDT"",""S"":""Buy"",""v"":""347"",""p"":""0.10359""}"
2026-10-06T00:45:01.910786Z,1791247501494,TIAUSDT,Buy,70.0,0.4669,"{""T"":1791247501494,""s"":""TIAUSDT"",""S"":""Buy"",""v"":""70.0"",""p"":""0.4669""}"
2026-10-06T00:45:07.957612Z,1791247507734,QNTUSDT,Buy,12.13,260.57,"{""T"":1791247507734,""s"":""QNTUSDT"",""S"":""Buy"",""v"":""12.13"",""p"":""260.57""}"
2026-10-06T00:45:08.017840Z,1791247507734,NEARUSDT,Buy,344.4,5.3010,"{""T"":1791247507734,""s"":""NEARUSDT"",""S"":""Buy"",""v"":""344.4"",""p"":""5.3010""}"
2026-10-06T00:45:08.915682Z,1791247508720,ADAUSDT,Buy,28844,0.2665,"{""T"":1791247508720,""s"":""ADAUSDT"",""S"":""Buy"",""v"":""28844"",""p"":""0.2665""}"
2026-10-06T00:45:09.314621Z,1791247509043,NILUSDT,Buy,3412,0.10340,"{""T"":1791247509043,""s"":""NILUSDT"",""S"":""Buy"",""v"":""3412"",""p"":""0.10340""}"
2026-10-06T00:45:09.957762Z,1791247509631,QNTUSDT,Buy,16.00,260.44,"{""T"":1791247509631,""s"":""QNTUSDT"",""S"":""Buy"",""v"":""16.00"",""p"":""260.44""}"
2026-10-06T00:45:10.814605Z,1791247510679,NILUSDT,Buy,5121,0.10327,"{""T"":1791247510679,""s"":""NILUSDT"",""S"":""Buy"",""v"":""5121"",""p"":""0.10327""}"
2026-10-06T00:45:11.314348Z,1791247510789,NILUSDT,Buy,502,0.10310,"{""T"":1791247510789,""s"":""NILUSDT"",""S"":""Buy"",""v"":""502"",""p"":""0.10310""}"
2026-10-06T00:45:11.314348Z,1791247511217,NILUSDT,Buy,52,0.10336,"{""T"":1791247511217,""s"":""NILUSDT"",""S"":""Buy"",""v"":""52"",""p"":""0.10336""}"
2026-10-06T00:45:11.814522Z,1791247511450,NILUSDT,Buy,755,0.10307,"{""T"":1791247511450,""s"":""NILUSDT"",""S"":""Buy"",""v"":""755"",""p"":""0.10307""}"
2026-10-06T00:45:11.814522Z,1791247511471,NILUSDT,Buy,1667,0.10332,"{""T"":1791247511471,""s"":""NILUSDT"",""S"":""Buy"",""v"":""1667"",""p"":""0.10332""}"
2026-10-06T00:45:18.314551Z,1791247517993,XPLUSDT,Buy,62,0.09265,"{""T"":1791247517993,""s"":""XPLUSDT"",""S"":""Buy"",""v"":""62"",""p"":""0.09265""}"
2026-10-06T00:45:23.850555Z,1791247523610,SANDUSDT,Buy,494,0.06714,"{""T"":1791247523610,""s"":""SANDUSDT"",""S"":""Buy"",""v"":""494"",""p"":""0.06714""}"
2026-10-06T00:45:52.022082Z,1791247551759,LTCUSDT,Buy,9.7,69.19,"{""T"":1791247551759,""s"":""LTCUSDT"",""S"":""Buy"",""v"":""9.7"",""p"":""69.19""}"
2026-10-06T00:45:52.022082Z,1791247551855,LTCUSDT,Buy,1.1,69.20,"{""T"":1791247551855,""s"":""LTCUSDT"",""S"":""Buy"",""v"":""1.1"",""p"":""69.20""}"
2026-10-06T00:47:13.916490Z,1791247633404,ZECUSDT,Sell,0.39,1363.82,"{""T"":1791247633404,""s"":""ZECUSDT"",""S"":""Sell"",""v"":""0.39"",""p"":""1363.82""}"
2026-10-06T00:47:23.915467Z,1791247643817,ZECUSDT,Sell,0.10,1364.52,"{""T"":1791247643817,""s"":""ZECUSDT"",""S"":""Sell"",""v"":""0.10"",""p"":""1364.52""}"
2026-10-06T00:48:32.517808Z,1791247712354,NEARUSDT,Sell,67.7,5.3980,"{""T"":1791247712354,""s"":""NEARUSDT"",""S"":""Sell"",""v"":""67.7"",""p"":""5.3980""}"
2026-10-06T00:48:32.517808Z,1791247712370,NEARUSDT,Sell,41.9,5.3930,"{""T"":1791247712370,""s"":""NEARUSDT"",""S"":""Sell"",""v"":""41.9"",""p"":""5.3930""}"
2026-10-06T00:48:33.017850Z,1791247712682,NEARUSDT,Sell,1.2,5.3940,"{""T"":1791247712682,""s"":""NEARUSDT"",""S"":""Sell"",""v"":""1.2"",""p"":""5.3940""}"
2026-10-06T00:48:33.017850Z,1791247712908,NEARUSDT,Sell,46.9,5.3990,"{""T"":1791247712908,""s"":""NEARUSDT"",""S"":""Sell"",""v"":""46.9"",""p"":""5.3990""}"
2026-10-06T00:48:33.518068Z,1791247713098,NEARUSDT,Sell,76.8,5.3900,"{""T"":1791247713098,""s"":""NEARUSDT"",""S"":""Sell"",""v"":""76.8"",""p"":""5.3900""}"
2026-10-06T00:50:02.916485Z,1791247802482,ZECUSDT,Sell,7.36,1367.28,"{""T"":1791247802482,""s"":""ZECUSDT"",""S"":""Sell"",""v"":""7.36"",""p"":""1367.28""}"
2026-10-06T00:50:34.998719Z,1791247834678,RLCUSDT,Buy,138.5,0.6968,"{""T"":1791247834678,""s"":""RLCUSDT"",""S"":""Buy"",""v"":""138.5"",""p"":""0.6968""}"
2026-10-06T00:50:57.488901Z,1791247857271,XAUUSDT,Sell,0.010,4166.59,"{""T"":1791247857271,""s"":""XAUUSDT"",""S"":""Sell"",""v"":""0.010"",""p"":""4166.59""}"
2026-10-06T00:50:59.815024Z,1791247859644,HYPEUSDT,Sell,4.78,95.380,"{""T"":1791247859644,""s"":""HYPEUSDT"",""S"":""Sell"",""v"":""4.78"",""p"":""95.380""}"
2026-10-06T00:51:06.330536Z,1791247865920,LONGXIAUSDT,Sell,218,0.0486,"{""T"":1791247865920,""s"":""LONGXIAUSDT"",""S"":""Sell"",""v"":""218"",""p"":""0.0486""}"
2026-10-06T00:51:14.838781Z,1791247874496,LITUSDT,Buy,798.8,3.9690,"{""T"":1791247874496,""s"":""LITUSDT"",""S"":""Buy"",""v"":""798.8"",""p"":""3.9690""}"
2026-10-06T00:51:25.992003Z,1791247885824,ZROUSDT,Buy,4808.8,2.0435,"{""T"":1791247885824,""s"":""ZROUSDT"",""S"":""Buy"",""v"":""4808.8"",""p"":""2.0435""}"
2026-10-06T00:52:23.018367Z,1791247942452,NEARUSDT,Buy,257.9,5.2530,"{""T"":1791247942452,""s"":""NEARUSDT"",""S"":""Buy"",""v"":""257.9"",""p"":""5.2530""}"
2026-10-06T00:55:07.958365Z,1791248107405,QNTUSDT,Buy,3.70,260.94,"{""T"":1791248107405,""s"":""QNTUSDT"",""S"":""Buy"",""v"":""3.70"",""p"":""260.94""}"
2026-10-06T00:55:13.988468Z,1791248113575,ORCAUSDT,Sell,128.8,2.4144,"{""T"":1791248113575,""s"":""ORCAUSDT"",""S"":""Sell"",""v"":""128.8"",""p"":""2.4144""}"
2026-10-06T00:57:13.353257Z,1791248233255,SANDUSDT,Buy,2825,0.06672,"{""T"":1791248233255,""s"":""SANDUSDT"",""S"":""Buy"",""v"":""2825"",""p"":""0.06672""}"
2026-10-06T00:57:21.998268Z,1791248241601,RLCUSDT,Buy,191.2,0.6935,"{""T"":1791248241601,""s"":""RLCUSDT"",""S"":""Buy"",""v"":""191.2"",""p"":""0.6935""}"
2026-10-06T00:58:15.328117Z,1791248294863,CARVUSDT,Sell,12868,0.05301,"{""T"":1791248294863,""s"":""CARVUSDT"",""S"":""Sell"",""v"":""12868"",""p"":""0.05301""}"
2026-10-06T00:58:17.327207Z,1791248297061,CARVUSDT,Sell,2854,0.05392,"{""T"":1791248297061,""s"":""CARVUSDT"",""S"":""Sell"",""v"":""2854"",""p"":""0.05392""}"
2026-10-06T00:58:18.994137Z,1791248298662,BRUSDT,Sell,31,0.50574,"{""T"":1791248298662,""s"":""BRUSDT"",""S"":""Sell"",""v"":""31"",""p"":""0.50574""}"
2026-10-06T00:58:40.494648Z,1791248320174,BRUSDT,Sell,12,0.50695,"{""T"":1791248320174,""s"":""BRUSDT"",""S"":""Sell"",""v"":""12"",""p"":""0.50695""}"
2026-10-06T00:58:59.997824Z,1791248339783,BRUSDT,Sell,96,0.51453,"{""T"":1791248339783,""s"":""BRUSDT"",""S"":""Sell"",""v"":""96"",""p"":""0.51453""}"
2026-10-06T00:59:01.494548Z,1791248341208,BRUSDT,Sell,31,0.51498,"{""T"":1791248341208,""s"":""BRUSDT"",""S"":""Sell"",""v"":""31"",""p"":""0.51498""}"
2026-10-06T00:59:17.494562Z,1791248357189,BRUSDT,Sell,104,0.51600,"{""T"":1791248357189,""s"":""BRUSDT"",""S"":""Sell"",""v"":""104"",""p"":""0.51600""}"
2026-10-06T00:59:19.993937Z,1791248359581,BRUSDT,Sell,81,0.51681,"{""T"":1791248359581,""s"":""BRUSDT"",""S"":""Sell"",""v"":""81"",""p"":""0.51681""}"
2026-10-06T00:59:20.494481Z,1791248359977,BRUSDT,Sell,876,0.51725,"{""T"":1791248359977,""s"":""BRUSDT"",""S"":""Sell"",""v"":""876"",""p"":""0.51725""}"
2026-10-06T00:59:20.494481Z,1791248360332,BRUSDT,Sell,532,0.51704,"{""T"":1791248360332,""s"":""BRUSDT"",""S"":""Sell"",""v"":""532"",""p"":""0.51704""}"
2026-10-06T00:59:24.998175Z,1791248364902,RLCUSDT,Buy,17.1,0.6890,"{""T"":1791248364902,""s"":""RLCUSDT"",""S"":""Buy"",""v"":""17.1"",""p"":""0.6890""}"
2026-10-06T00:59:45.494533Z,1791248385163,BRUSDT,Sell,10669,0.52642,"{""T"":1791248385163,""s"":""BRUSDT"",""S"":""Sell"",""v"":""10669"",""p"":""0.52642""}"
2026-10-06T00:59:45.994295Z,1791248385558,BRUSDT,Sell,13,0.52000,"{""T"":1791248385558,""s"":""BRUSDT"",""S"":""Sell"",""v"":""13"",""p"":""0.52000""}"
2026-10-06T00:59:45.994295Z,1791248385689,BRUSDT,Sell,142,0.52081,"{""T"":1791248385689,""s"":""BRUSDT"",""S"":""Sell"",""v"":""142"",""p"":""0.52081""}"
2026-10-06T00:59:54.488734Z,1791248393916,XAUUSDT,Sell,0.030,4169.94,"{""T"":1791248393916,""s"":""XAUUSDT"",""S"":""Sell"",""v"":""0.030"",""p"":""4169.94""}"
2026-10-06T00:59:58.989021Z,1791248398709,XAUUSDT,Sell,0.010,4171.48,"{""T"":1791248398709,""s"":""XAUUSDT"",""S"":""Sell"",""v"":""0.010"",""p"":""4171.48""}"
2026-10-06T01:00:01.493934Z,1791248401299,BRUSDT,Sell,353,0.53032,"{""T"":1791248401299,""s"":""BRUSDT"",""S"":""Sell"",""v"":""353"",""p"":""0.53032""}"
2026-10-06T01:00:36.493911Z,1791248435945,BRUSDT,Sell,12,0.54496,"{""T"":1791248435945,""s"":""BRUSDT"",""S"":""Sell"",""v"":""12"",""p"":""0.54496""}"
2026-10-06T01:01:23.568895Z,1791248483399,BTCUSDT,Sell,0.012,86257.60,"{""T"":1791248483399,""s"":""BTCUSDT"",""S"":""Sell"",""v"":""0.012"",""p"":""86257.60""}"
2026-10-06T01:01:52.067649Z,1791248511897,BTCUSDT,Sell,0.828,86322.20,"{""T"":1791248511897,""s"":""BTCUSDT"",""S"":""Sell"",""v"":""0.828"",""p"":""86322.20""}"
2026-10-06T01:01:52.457745Z,1791248512286,ETHUSDT,Sell,0.82,2730.44,"{""T"":1791248512286,""s"":""ETHUSDT"",""S"":""Sell"",""v"":""0.82"",""p"":""2730.44""}"
2026-10-06T01:01:52.567325Z,1791248512303,BTCUSDT,Sell,0.007,86324.70,"{""T"":1791248512303,""s"":""BTCUSDT"",""S"":""Sell"",""v"":""0.007"",""p"":""86324.70""}"
2026-10-06T01:01:52.958024Z,1791248512599,ETHUSDT,Sell,0.13,2730.55,"{""T"":1791248512599,""s"":""ETHUSDT"",""S"":""Sell"",""v"":""0.13"",""p"":""2730.55""}"
2026-10-06T01:01:53.068533Z,1791248512532,BTCUSDT,Sell,0.134,86342.10,"{""T"":1791248512532,""s"":""BTCUSDT"",""S"":""Sell"",""v"":""0.134"",""p"":""86342.10""}"
2026-10-06T01:01:53.068533Z,1791248512609,BTCUSDT,Sell,0.001,86328.30,"{""T"":1791248512609,""s"":""BTCUSDT"",""S"":""Sell"",""v"":""0.001"",""p"":""86328.30""}"
2026-10-06T01:01:53.068533Z,1791248512664,BTCUSDT,Sell,0.002,86323.10,"{""T"":1791248512664,""s"":""BTCUSDT"",""S"":""Sell"",""v"":""0.002"",""p"":""86323.10""}"
2026-10-06T01:01:54.067687Z,1791248513619,BTCUSDT,Sell,0.019,86364.30,"{""T"":1791248513619,""s"":""BTCUSDT"",""S"":""Sell"",""v"":""0.019"",""p"":""86364.30""}"
2026-10-06T01:01:54.067687Z,1791248513628,BTCUSDT,Sell,0.013,86354.70,"{""T"":1791248513628,""s"":""BTCUSDT"",""S"":""Sell"",""v"":""0.013"",""p"":""86354.70""}"
2026-10-06T01:02:12.991975Z,1791248532441,ZROUSDT,Buy,331.4,2.0280,"{""T"":1791248532441,""s"":""ZROUSDT"",""S"":""Buy"",""v"":""331.4"",""p"":""2.0280""}"
2026-10-06T01:03:16.314687Z,1791248596225,TRUMPUSDT,Buy,4.8,2.028,"{""T"":1791248596225,""s"":""TRUMPUSDT"",""S"":""Buy"",""v"":""4.8"",""p"":""2.028""}"
2026-10-06T01:03:19.314454Z,1791248599140,NILUSDT,Buy,6291,0.10245,"{""T"":1791248599140,""s"":""NILUSDT"",""S"":""Buy"",""v"":""6291"",""p"":""0.10245""}"
2026-10-06T01:03:20.314574Z,1791248599994,NILUSDT,Buy,4465,0.10209,"{""T"":1791248599994,""s"":""NILUSDT"",""S"":""Buy"",""v"":""4465"",""p"":""0.10209""}"
2026-10-06T01:03:21.314452Z,1791248601205,NILUSDT,Buy,1086,0.10200,"{""T"":1791248601205,""s"":""NILUSDT"",""S"":""Buy"",""v"":""1086"",""p"":""0.10200""}"
2026-10-06T01:03:21.814888Z,1791248601230,NILUSDT,Buy,2354,0.10198,"{""T"":1791248601230,""s"":""NILUSDT"",""S"":""Buy"",""v"":""2354"",""p"":""0.10198""}"
2026-10-06T01:03:21.814888Z,1791248601255,NILUSDT,Buy,4112,0.10201,"{""T"":1791248601255,""s"":""NILUSDT"",""S"":""Buy"",""v"":""4112"",""p"":""0.10201""}"
2026-10-06T01:04:06.137364Z,1791248645785,MOVRUSDT,Sell,208.8,2.0870,"{""T"":1791248645785,""s"":""MOVRUSDT"",""S"":""Sell"",""v"":""208.8"",""p"":""2.0870""}"
2026-10-06T01:04:08.637860Z,1791248648232,MOVRUSDT,Sell,15.6,2.0880,"{""T"":1791248648232,""s"":""MOVRUSDT"",""S"":""Sell"",""v"":""15.6"",""p"":""2.0880""}"
2026-10-06T01:04:33.018457Z,1791248672605,AVAXUSDT,Sell,28.8,11.292,"{""T"":1791248672605,""s"":""AVAXUSDT"",""S"":""Sell"",""v"":""28.8"",""p"":""11.292""}"
2026-10-06T01:05:00.137505Z,1791248699968,MOVRUSDT,Sell,2.9,2.1100,"{""T"":1791248699968,""s"":""MOVRUSDT"",""S"":""Sell"",""v"":""2.9"",""p"":""2.1100""}"
2026-10-06T01:06:02.567381Z,1791248762362,BTCUSDT,Sell,0.001,86380.80,"{""T"":1791248762362,""s"":""BTCUSDT"",""S"":""Sell"",""v"":""0.001"",""p"":""86380.80""}"
2026-10-06T01:06:04.567264Z,1791248764031,BTCUSDT,Sell,0.011,86382.70,"{""T"":1791248764031,""s"":""BTCUSDT"",""S"":""Sell"",""v"":""0.011"",""p"":""86382.70""}"
2026-10-06T01:06:30.520500Z,1791248790151,AVAXUSDT,Sell,149.3,11.329,"{""T"":1791248790151,""s"":""AVAXUSDT"",""S"":""Sell"",""v"":""149.3"",""p"":""11.329""}"
2026-10-06T01:06:34.018168Z,1791248793517,NEARUSDT,Sell,41.3,5.3620,"{""T"":1791248793517,""s"":""NEARUSDT"",""S"":""Sell"",""v"":""41.3"",""p"":""5.3620""}"
2026-10-06T01:07:54.519489Z,1791248873938,AVAXUSDT,Sell,1.1,11.357,"{""T"":1791248873938,""s"":""AVAXUSDT"",""S"":""Sell"",""v"":""1.1"",""p"":""11.357""}"
2026-10-06T01:08:59.988979Z,1791248939435,ZROUSDT,Buy,151.4,2.0195,"{""T"":1791248939435,""s"":""ZROUSDT"",""S"":""Buy"",""v"":""151.4"",""p"":""2.0195""}"
2026-10-06T01:12:33.998371Z,1791249153712,RLCUSDT,Sell,212.8,0.7543,"{""T"":1791249153712,""s"":""RLCUSDT"",""S"":""Sell"",""v"":""212.8"",""p"":""0.7543""}"
2026-10-06T01:12:33.998371Z,1791249153723,RLCUSDT,Sell,83.6,0.7515,"{""T"":1791249153723,""s"":""RLCUSDT"",""S"":""Sell"",""v"":""83.6"",""p"":""0.7515""}"
2026-10-06T01:12:33.998371Z,1791249153845,RLCUSDT,Sell,46.6,0.7512,"{""T"":1791249153845,""s"":""RLCUSDT"",""S"":""Sell"",""v"":""46.6"",""p"":""0.7512""}"
2026-10-06T01:12:34.498134Z,1791249153955,RLCUSDT,Sell,2066.9,0.7505,"{""T"":1791249153955,""s"":""RLCUSDT"",""S"":""Sell"",""v"":""2066.9"",""p"":""0.7505""}"
2026-10-06T01:12:34.498134Z,1791249154026,RLCUSDT,Sell,12.9,0.7465,"{""T"":1791249154026,""s"":""RLCUSDT"",""S"":""Sell"",""v"":""12.9"",""p"":""0.7465""}"
2026-10-06T01:12:34.498134Z,1791249154136,RLCUSDT,Sell,168.8,0.7473,"{""T"":1791249154136,""s"":""RLCUSDT"",""S"":""Sell"",""v"":""168.8"",""p"":""0.7473""}"
2026-10-06T01:12:34.498134Z,1791249154198,RLCUSDT,Sell,1459.1,0.7475,"{""T"":1791249154198,""s"":""RLCUSDT"",""S"":""Sell"",""v"":""1459.1"",""p"":""0.7475""}"
2026-10-06T01:12:47.498572Z,1791249166962,RLCUSDT,Sell,18.8,0.7588,"{""T"":1791249166962,""s"":""RLCUSDT"",""S"":""Sell"",""v"":""18.8"",""p"":""0.7588""}"
2026-10-06T01:13:03.002158Z,1791249182466,RLCUSDT,Sell,14.8,0.7598,"{""T"":1791249182466,""s"":""RLCUSDT"",""S"":""Sell"",""v"":""14.8"",""p"":""0.7598""}"
2026-10-06T01:13:06.498914Z,1791249185970,RLCUSDT,Sell,68.7,0.7606,"{""T"":1791249185970,""s"":""RLCUSDT"",""S"":""Sell"",""v"":""68.7"",""p"":""0.7606""}"
2026-10-06T01:13:06.498914Z,1791249186102,RLCUSDT,Sell,29.9,0.7605,"{""T"":1791249186102,""s"":""RLCUSDT"",""S"":""Sell"",""v"":""29.9"",""p"":""0.7605""}"
2026-10-06T01:13:06.498914Z,1791249186399,RLCUSDT,Sell,7.3,0.7611,"{""T"":1791249186399,""s"":""RLCUSDT"",""S"":""Sell"",""v"":""7.3"",""p"":""0.7611""}"
2026-10-06T01:13:16.998553Z,1791249196634,RLCUSDT,Sell,130.8,0.7640,"{""T"":1791249196634,""s"":""RLCUSDT"",""S"":""Sell"",""v"":""130.8"",""p"":""0.7640""}"
2026-10-06T01:13:35.498572Z,1791249215356,RLCUSDT,Sell,130.2,0.7669,"{""T"":1791249215356,""s"":""RLCUSDT"",""S"":""Sell"",""v"":""130.2"",""p"":""0.7669""}"
2026-10-06T01:14:11.489063Z,1791249251309,BTWUSDT,Buy,100,1.12969,"{""T"":1791249251309,""s"":""BTWUSDT"",""S"":""Buy"",""v"":""100"",""p"":""1.12969""}"
2026-10-06T01:14:12.498591Z,1791249251979,RLCUSDT,Sell,432.8,0.7705,"{""T"":1791249251979,""s"":""RLCUSDT"",""S"":""Sell"",""v"":""432.8"",""p"":""0.7705""}"
2026-10-06T01:15:24.166123Z,1791249323504,1000PEPEUSDT,Buy,21000,0.0043060,"{""T"":1791249323504,""s"":""1000PEPEUSDT"",""S"":""Buy"",""v"":""21000"",""p"":""0.0043060""}"
2026-10-06T01:15:43.998691Z,1791249343428,RLCUSDT,Sell,203.5,0.7725,"{""T"":1791249343428,""s"":""RLCUSDT"",""S"":""Sell"",""v"":""203.5"",""p"":""0.7725""}"
2026-10-06T01:15:44.998620Z,1791249344452,RLCUSDT,Sell,50.6,0.7761,"{""T"":1791249344452,""s"":""RLCUSDT"",""S"":""Sell"",""v"":""50.6"",""p"":""0.7761""}"
2026-10-06T01:15:45.499333Z,1791249345046,RLCUSDT,Sell,188.2,0.7791,"{""T"":1791249345046,""s"":""RLCUSDT"",""S"":""Sell"",""v"":""188.2"",""p"":""0.7791""}"
2026-10-06T01:15:45.998722Z,1791249345679,RLCUSDT,Sell,650.6,0.7863,"{""T"":1791249345679,""s"":""RLCUSDT"",""S"":""Sell"",""v"":""650.6"",""p"":""0.7863""}"
2026-10-06T01:15:45.998722Z,1791249345717,RLCUSDT,Sell,14.0,0.7837,"{""T"":1791249345717,""s"":""RLCUSDT"",""S"":""Sell"",""v"":""14.0"",""p"":""0.7837""}"
2026-10-06T01:15:45.998722Z,1791249345752,RLCUSDT,Sell,7.2,0.7829,"{""T"":1791249345752,""s"":""RLCUSDT"",""S"":""Sell"",""v"":""7.2"",""p"":""0.7829""}"
2026-10-06T01:15:45.998722Z,1791249345770,RLCUSDT,Sell,68.5,0.7827,"{""T"":1791249345770,""s"":""RLCUSDT"",""S"":""Sell"",""v"":""68.5"",""p"":""0.7827""}"
2026-10-06T01:15:46.498612Z,1791249345934,RLCUSDT,Sell,99.6,0.7818,"{""T"":1791249345934,""s"":""RLCUSDT"",""S"":""Sell"",""v"":""99.6"",""p"":""0.7818""}"
2026-10-06T01:15:46.498612Z,1791249346122,RLCUSDT,Sell,2000.0,0.7845,"{""T"":1791249346122,""s"":""RLCUSDT"",""S"":""Sell"",""v"":""2000.0"",""p"":""0.7845""}"
2026-10-06T01:15:49.998762Z,1791249349532,DASHUSDT,Buy,0.30,57.18,"{""T"":1791249349532,""s"":""DASHUSDT"",""S"":""Buy"",""v"":""0.30"",""p"":""57.18""}"
2026-10-06T01:16:50.916592Z,1791249410794,1000PEPEUSDT,Buy,33200,0.0043030,"{""T"":1791249410794,""s"":""1000PEPEUSDT"",""S"":""Buy"",""v"":""33200"",""p"":""0.0043030""}"
2026-10-06T01:17:14.017838Z,1791249433725,NEARUSDT,Buy,20.0,5.2390,"{""T"":1791249433725,""s"":""NEARUSDT"",""S"":""Buy"",""v"":""20.0"",""p"":""5.2390""}"
2026-10-06T01:17:23.001510Z,1791249442733,DASHUSDT,Buy,157.89,57.04,"{""T"":1791249442733,""s"":""DASHUSDT"",""S"":""Buy"",""v"":""157.89"",""p"":""57.04""}"
2026-10-06T01:17:23.916180Z,1791249443801,1000PEPEUSDT,Buy,1326500,0.0042970,"{""T"":1791249443801,""s"":""1000PEPEUSDT"",""S"":""Buy"",""v"":""1326500"",""p"":""0.0042970""}"
2026-10-06T01:18:01.409686Z,1791249481038,CRVUSDT,Buy,9748.5,0.3675,"{""T"":1791249481038,""s"":""CRVUSDT"",""S"":""Buy"",""v"":""9748.5"",""p"":""0.3675""}"
2026-10-06T01:18:05.416089Z,1791249485042,1000PEPEUSDT,Buy,23400,0.0042920,"{""T"":1791249485042,""s"":""1000PEPEUSDT"",""S"":""Buy"",""v"":""23400"",""p"":""0.0042920""}"
2026-10-06T01:18:10.958237Z,1791249490823,RVNUSDT,Buy,13620,0.002347,"{""T"":1791249490823,""s"":""RVNUSDT"",""S"":""Buy"",""v"":""13620"",""p"":""0.002347""}"
2026-10-06T01:18:10.993658Z,1791249490704,SUIUSDT,Buy,140,1.18890,"{""T"":1791249490704,""s"":""SUIUSDT"",""S"":""Buy"",""v"":""140"",""p"":""1.18890""}"
2026-10-06T01:18:11.315185Z,1791249491072,PUMPFUNUSDT,Buy,789500,0.0062710,"{""T"":1791249491072,""s"":""PUMPFUNUSDT"",""S"":""Buy"",""v"":""789500"",""p"":""0.0062710""}"
2026-10-06T01:18:11.326473Z,1791249491072,ENAUSDT,Buy,40000,0.24645,"{""T"":1791249491072,""s"":""ENAUSDT"",""S"":""Buy"",""v"":""40000"",""p"":""0.24645""}"
2026-10-06T01:18:11.349630Z,1791249491030,SANDUSDT,Buy,8842,0.06646,"{""T"":1791249491030,""s"":""SANDUSDT"",""S"":""Buy"",""v"":""8842"",""p"":""0.06646""}"
2026-10-06T01:18:11.416480Z,1791249491072,1000PEPEUSDT,Buy,4500000,0.0042890,"{""T"":1791249491072,""s"":""1000PEPEUSDT"",""S"":""Buy"",""v"":""4500000"",""p"":""0.0042890""}"
2026-10-06T01:18:11.565420Z,1791249491072,SOLUSDT,Buy,100.0,120.270,"{""T"":1791249491072,""s"":""SOLUSDT"",""S"":""Buy"",""v"":""100.0"",""p"":""120.270""}"
2026-10-06T01:18:13.416665Z,1791249493144,1000PEPEUSDT,Buy,1800,0.0042880,"{""T"":1791249493144,""s"":""1000PEPEUSDT"",""S"":""Buy"",""v"":""1800"",""p"":""0.0042880""}"
2026-10-06T01:18:14.315180Z,1791249493902,TRUMPUSDT,Buy,181.3,2.018,"{""T"":1791249493902,""s"":""TRUMPUSDT"",""S"":""Buy"",""v"":""181.3"",""p"":""2.018""}"
2026-10-06T01:18:23.315589Z,1791249502841,TRUMPUSDT,Buy,152.7,2.017,"{""T"":1791249502841,""s"":""TRUMPUSDT"",""S"":""Buy"",""v"":""152.7"",""p"":""2.017""}"
2026-10-06T01:18:23.316042Z,1791249503228,PUMPFUNUSDT,Buy,91500,0.0062670,"{""T"":1791249503228,""s"":""PUMPFUNUSDT"",""S"":""Buy"",""v"":""91500"",""p"":""0.0062670""}"
2026-10-06T01:18:41.494000Z,1791249521387,OPUSDT,Buy,2297.4,0.13466,"{""T"":1791249521387,""s"":""OPUSDT"",""S"":""Buy"",""v"":""2297.4"",""p"":""0.13466""}"
2026-10-06T01:18:43.416028Z,1791249522868,1000PEPEUSDT,Buy,33800,0.0042840,"{""T"":1791249522868,""s"":""1000PEPEUSDT"",""S"":""Buy"",""v"":""33800"",""p"":""0.0042840""}"
2026-10-06T01:19:08.919626Z,1791249548427,1000PEPEUSDT,Buy,45700,0.0042770,"{""T"":1791249548427,""s"":""1000PEPEUSDT"",""S"":""Buy"",""v"":""45700"",""p"":""0.0042770""}"
2026-10-06T01:19:11.916051Z,1791249551346,1000PEPEUSDT,Buy,4526100,0.0042730,"{""T"":1791249551346,""s"":""1000PEPEUSDT"",""S"":""Buy"",""v"":""4526100"",""p"":""0.0042730""}"
2026-10-06T01:19:12.409706Z,1791249552181,TIAUSDT,Buy,149.7,0.4616,"{""T"":1791249552181,""s"":""TIAUSDT"",""S"":""Buy"",""v"":""149.7"",""p"":""0.4616""}"
2026-10-06T01:20:11.815547Z,1791249611682,NILUSDT,Buy,138,0.10191,"{""T"":1791249611682,""s"":""NILUSDT"",""S"":""Buy"",""v"":""138"",""p"":""0.10191""}"
2026-10-06T01:20:12.814764Z,1791249612551,NILUSDT,Buy,4791,0.10190,"{""T"":1791249612551,""s"":""NILUSDT"",""S"":""Buy"",""v"":""4791"",""p"":""0.10190""}"
2026-10-06T01:21:22.988186Z,1791249682769,XAUUSDT,Buy,1.889,4127.91,"{""T"":1791249682769,""s"":""XAUUSDT"",""S"":""Buy"",""v"":""1.889"",""p"":""4127.91""}"
2026-10-06T01:21:58.137636Z,1791249717946,STRKUSDT,Buy,3413.6,0.05168,"{""T"":1791249717946,""s"":""STRKUSDT"",""S"":""Buy"",""v"":""3413.6"",""p"":""0.05168""}"
2026-10-06T01:22:15.998789Z,1791249735727,RLCUSDT,Sell,23.4,0.7881,"{""T"":1791249735727,""s"":""RLCUSDT"",""S"":""Sell"",""v"":""23.4"",""p"":""0.7881""}"
2026-10-06T01:22:16.498684Z,1791249736159,RLCUSDT,Sell,279.1,0.7879,"{""T"":1791249736159,""s"":""RLCUSDT"",""S"":""Sell"",""v"":""279.1"",""p"":""0.7879""}"
2026-10-06T01:22:16.999535Z,1791249736578,RLCUSDT,Sell,100.0,0.7931,"{""T"":1791249736578,""s"":""RLCUSDT"",""S"":""Sell"",""v"":""100.0"",""p"":""0.7931""}"
2026-10-06T01:22:16.999535Z,1791249736833,RLCUSDT,Sell,22.8,0.7918,"{""T"":1791249736833,""s"":""RLCUSDT"",""S"":""Sell"",""v"":""22.8"",""p"":""0.7918""}"
2026-10-06T01:22:17.499221Z,1791249737277,RLCUSDT,Sell,8.7,0.7929,"{""T"":1791249737277,""s"":""RLCUSDT"",""S"":""Sell"",""v"":""8.7"",""p"":""0.7929""}"
2026-10-06T01:22:17.826689Z,1791249737277,CARVUSDT,Sell,122,0.05352,"{""T"":1791249737277,""s"":""CARVUSDT"",""S"":""Sell"",""v"":""122"",""p"":""0.05352""}"
2026-10-06T01:23:13.498605Z,1791249793079,RLCUSDT,Sell,1191.3,0.7918,"{""T"":1791249793079,""s"":""RLCUSDT"",""S"":""Sell"",""v"":""1191.3"",""p"":""0.7918""}"
2026-10-06T01:23:47.637462Z,1791249827493,AKEUSDT,Buy,2100,0.0299560,"{""T"":1791249827493,""s"":""AKEUSDT"",""S"":""Buy"",""v"":""2100"",""p"":""0.0299560""}"
2026-10-06T01:23:50.637916Z,1791249830132,AKEUSDT,Buy,9900,0.0299160,"{""T"":1791249830132,""s"":""AKEUSDT"",""S"":""Buy"",""v"":""9900"",""p"":""0.0299160""}"
2026-10-06T01:23:51.137150Z,1791249830609,AKEUSDT,Buy,22900,0.0299070,"{""T"":1791249830609,""s"":""AKEUSDT"",""S"":""Buy"",""v"":""22900"",""p"":""0.0299070""}"
2026-10-06T01:23:53.637653Z,1791249833188,AKEUSDT,Buy,200,0.0298670,"{""T"":1791249833188,""s"":""AKEUSDT"",""S"":""Buy"",""v"":""200"",""p"":""0.0298670""}"
2026-10-06T01:24:11.637859Z,1791249851082,MOVRUSDT,Buy,15.0,1.9300,"{""T"":1791249851082,""s"":""MOVRUSDT"",""S"":""Buy"",""v"":""15.0"",""p"":""1.9300""}"
2026-10-06T01:24:44.138240Z,1791249883738,MOVRUSDT,Buy,24.4,1.9260,"{""T"":1791249883738,""s"":""MOVRUSDT"",""S"":""Buy"",""v"":""24.4"",""p"":""1.9260""}"
2026-10-06T01:24:55.637632Z,1791249895334,MOVRUSDT,Buy,36.8,1.9000,"{""T"":1791249895334,""s"":""MOVRUSDT"",""S"":""Buy"",""v"":""36.8"",""p"":""1.9000""}"
2026-10-06T01:24:55.637632Z,1791249895401,MOVRUSDT,Buy,83.1,1.9160,"{""T"":1791249895401,""s"":""MOVRUSDT"",""S"":""Buy"",""v"":""83.1"",""p"":""1.9160""}"
2026-10-06T01:24:56.136978Z,1791249895635,MOVRUSDT,Buy,3.6,1.9040,"{""T"":1791249895635,""s"":""MOVRUSDT"",""S"":""Buy"",""v"":""3.6"",""p"":""1.9040""}"
2026-10-06T01:24:56.136978Z,1791249895794,MOVRUSDT,Buy,214.3,1.9130,"{""T"":1791249895794,""s"":""MOVRUSDT"",""S"":""Buy"",""v"":""214.3"",""p"":""1.9130""}"
2026-10-06T01:24:56.136978Z,1791249895893,MOVRUSDT,Buy,96.5,1.9000,"{""T"":1791249895893,""s"":""MOVRUSDT"",""S"":""Buy"",""v"":""96.5"",""p"":""1.9000""}"
2026-10-06T01:24:56.136978Z,1791249895928,MOVRUSDT,Buy,148.8,1.9070,"{""T"":1791249895928,""s"":""MOVRUSDT"",""S"":""Buy"",""v"":""148.8"",""p"":""1.9070""}"
2026-10-06T01:24:56.638186Z,1791249896071,MOVRUSDT,Buy,36.0,1.9020,"{""T"":1791249896071,""s"":""MOVRUSDT"",""S"":""Buy"",""v"":""36.0"",""p"":""1.9020""}"
2026-10-06T01:24:56.638186Z,1791249896138,MOVRUSDT,Buy,822.1,1.9000,"{""T"":1791249896138,""s"":""MOVRUSDT"",""S"":""Buy"",""v"":""822.1"",""p"":""1.9000""}"
2026-10-06T01:24:56.638186Z,1791249896320,MOVRUSDT,Buy,819.3,1.9160,"{""T"":1791249896320,""s"":""MOVRUSDT"",""S"":""Buy"",""v"":""819.3"",""p"":""1.9160""}"
2026-10-06T01:25:06.327491Z,1791249906022,ENAUSDT,Buy,2077,0.24585,"{""T"":1791249906022,""s"":""ENAUSDT"",""S"":""Buy"",""v"":""2077"",""p"":""0.24585""}"
2026-10-06T01:25:15.488397Z,1791249915147,BTWUSDT,Buy,60,1.11983,"{""T"":1791249915147,""s"":""BTWUSDT"",""S"":""Buy"",""v"":""60"",""p"":""1.11983""}"
2026-10-06T01:25:32.413328Z,1791249932180,CRVUSDT,Buy,328.3,0.3655,"{""T"":1791249932180,""s"":""CRVUSDT"",""S"":""Buy"",""v"":""328.3"",""p"":""0.3655""}"
2026-10-06T01:25:46.327013Z,1791249946126,MONUSDT,Buy,72801,0.030320,"{""T"":1791249946126,""s"":""MONUSDT"",""S"":""Buy"",""v"":""72801"",""p"":""0.030320""}"
2026-10-06T01:25:46.998424Z,1791249946896,RLCUSDT,Sell,138.5,0.7937,"{""T"":1791249946896,""s"":""RLCUSDT"",""S"":""Sell"",""v"":""138.5"",""p"":""0.7937""}"
2026-10-06T01:25:57.827527Z,1791249957318,MONUSDT,Buy,2261,0.030300,"{""T"":1791249957318,""s"":""MONUSDT"",""S"":""Buy"",""v"":""2261"",""p"":""0.030300""}"
2026-10-06T01:26:03.416368Z,1791249962859,ADAUSDT,Buy,29,0.2669,"{""T"":1791249962859,""s"":""ADAUSDT"",""S"":""Buy"",""v"":""29"",""p"":""0.2669""}"
2026-10-06T01:26:03.488528Z,1791249963247,BTWUSDT,Buy,1210,1.11462,"{""T"":1791249963247,""s"":""BTWUSDT"",""S"":""Buy"",""v"":""1210"",""p"":""1.11462""}"
2026-10-06T01:26:04.488413Z,1791249964398,BTWUSDT,Buy,1060,1.11440,"{""T"":1791249964398,""s"":""BTWUSDT"",""S"":""Buy"",""v"":""1060"",""p"":""1.11440""}"
2026-10-06T01:26:39.488322Z,1791249999277,USUSDT,Sell,680,0.011450,"{""T"":1791249999277,""s"":""USUSDT"",""S"":""Sell"",""v"":""680"",""p"":""0.011450""}"
2026-10-06T01:26:55.998635Z,1791250015672,RLCUSDT,Sell,44.7,0.7961,"{""T"":1791250015672,""s"":""RLCUSDT"",""S"":""Sell"",""v"":""44.7"",""p"":""0.7961""}"
2026-10-06T01:27:34.457525Z,1791250054083,QNTUSDT,Buy,7.04,258.99,"{""T"":1791250054083,""s"":""QNTUSDT"",""S"":""Buy"",""v"":""7.04"",""p"":""258.99""}"
2026-10-06T01:27:37.994704Z,1791250057748,SUIUSDT,Buy,120,1.18710,"{""T"":1791250057748,""s"":""SUIUSDT"",""S"":""Buy"",""v"":""120"",""p"":""1.18710""}"
2026-10-06T01:27:38.315476Z,1791250057748,ASTERUSDT,Buy,90,0.7280,"{""T"":1791250057748,""s"":""ASTERUSDT"",""S"":""Buy"",""v"":""90"",""p"":""0.7280""}"
2026-10-06T01:27:42.988356Z,1791250062820,BTWUSDT,Buy,860,1.10866,"{""T"":1791250062820,""s"":""BTWUSDT"",""S"":""Buy"",""v"":""860"",""p"":""1.10866""}"
2026-10-06T01:27:47.326703Z,1791250067032,MONUSDT,Buy,358,0.030140,"{""T"":1791250067032,""s"":""MONUSDT"",""S"":""Buy"",""v"":""358"",""p"":""0.030140""}"
2026-10-06T01:27:48.327147Z,1791250067885,MONUSDT,Buy,2746,0.030120,"{""T"":1791250067885,""s"":""MONUSDT"",""S"":""Buy"",""v"":""2746"",""p"":""0.030120""}"
2026-10-06T01:28:12.458716Z,1791250092201,QNTUSDT,Buy,0.06,257.89,"{""T"":1791250092201,""s"":""QNTUSDT"",""S"":""Buy"",""v"":""0.06"",""p"":""257.89""}"
2026-10-06T01:31:08.021014Z,1791250267502,NEARUSDT,Buy,6.5,5.2260,"{""T"":1791250267502,""s"":""NEARUSDT"",""S"":""Buy"",""v"":""6.5"",""p"":""5.2260""}"
2026-10-06T01:31:20.488711Z,1791250280363,XAUUSDT,Buy,0.114,4122.55,"{""T"":1791250280363,""s"":""XAUUSDT"",""S"":""Buy"",""v"":""0.114"",""p"":""4122.55""}"
2026-10-06T01:31:22.488342Z,1791250282374,XAUUSDT,Buy,0.081,4122.25,"{""T"":1791250282374,""s"":""XAUUSDT"",""S"":""Buy"",""v"":""0.081"",""p"":""4122.25""}"
2026-10-06T01:31:46.999655Z,1791250306548,RLCUSDT,Sell,212.5,0.7980,"{""T"":1791250306548,""s"":""RLCUSDT"",""S"":""Sell"",""v"":""212.5"",""p"":""0.7980""}"
2026-10-06T01:31:48.498568Z,1791250308292,RLCUSDT,Sell,7.5,0.7997,"{""T"":1791250308292,""s"":""RLCUSDT"",""S"":""Sell"",""v"":""7.5"",""p"":""0.7997""}"
2026-10-06T01:31:48.815251Z,1791250308292,NILUSDT,Sell,51,0.10797,"{""T"":1791250308292,""s"":""NILUSDT"",""S"":""Sell"",""v"":""51"",""p"":""0.10797""}"
2026-10-06T01:31:48.839090Z,1791250308292,LITUSDT,Sell,16.8,4.0660,"{""T"":1791250308292,""s"":""LITUSDT"",""S"":""Sell"",""v"":""16.8"",""p"":""4.0660""}"
2026-10-06T01:31:48.850039Z,1791250308292,FLUIDUSDT,Sell,2.6,2.1299,"{""T"":1791250308292,""s"":""FLUIDUSDT"",""S"":""Sell"",""v"":""2.6"",""p"":""2.1299""}"
2026-10-06T01:31:48.999358Z,1791250308445,RLCUSDT,Sell,204.0,0.7993,"{""T"":1791250308445,""s"":""RLCUSDT"",""S"":""Sell"",""v"":""204.0"",""p"":""0.7993""}"
2026-10-06T01:31:49.498597Z,1791250308977,RLCUSDT,Sell,161.1,0.7992,"{""T"":1791250308977,""s"":""RLCUSDT"",""S"":""Sell"",""v"":""161.1"",""p"":""0.7992""}"
2026-10-06T01:31:49.998547Z,1791250309621,RLCUSDT,Sell,139.5,0.7999,"{""T"":1791250309621,""s"":""RLCUSDT"",""S"":""Sell"",""v"":""139.5"",""p"":""0.7999""}"
2026-10-06T01:31:49.998547Z,1791250309903,RLCUSDT,Sell,104.6,0.8005,"{""T"":1791250309903,""s"":""RLCUSDT"",""S"":""Sell"",""v"":""104.6"",""p"":""0.8005""}"
2026-10-06T01:31:50.498370Z,1791250310339,RLCUSDT,Sell,1480.7,0.7997,"{""T"":1791250310339,""s"":""RLCUSDT"",""S"":""Sell"",""v"":""1480.7"",""p"":""0.7997""}"
2026-10-06T01:32:19.350667Z,1791250338999,FLUIDUSDT,Sell,73.4,2.1475,"{""T"":1791250338999,""s"":""FLUIDUSDT"",""S"":""Sell"",""v"":""73.4"",""p"":""2.1475""}"
2026-10-06T01:32:25.849725Z,1791250345683,FLUIDUSDT,Sell,9.3,2.1585,"{""T"":1791250345683,""s"":""FLUIDUSDT"",""S"":""Sell"",""v"":""9.3"",""p"":""2.1585""}"
2026-10-06T01:32:58.350321Z,1791250378143,FLUIDUSDT,Sell,155.3,2.1912,"{""T"":1791250378143,""s"":""FLUIDUSDT"",""S"":""Sell"",""v"":""155.3"",""p"":""2.1912""}"
2026-10-06T01:33:03.350470Z,1791250382844,FLUIDUSDT,Sell,46.5,2.2055,"{""T"":1791250382844,""s"":""FLUIDUSDT"",""S"":""Sell"",""v"":""46.5"",""p"":""2.2055""}"
2026-10-06T01:34:44.067721Z,1791250483816,BTCUSDT,Buy,0.008,85499.90,"{""T"":1791250483816,""s"":""BTCUSDT"",""S"":""Buy"",""v"":""0.008"",""p"":""85499.90""}"
2026-10-06T01:34:46.315383Z,1791250486035,HYPEUSDT,Buy,0.66,93.560,"{""T"":1791250486035,""s"":""HYPEUSDT"",""S"":""Buy"",""v"":""0.66"",""p"":""93.560""}"
2026-10-06T01:34:48.916196Z,1791250488757,DOGEUSDT,Buy,784,0.09435,"{""T"":1791250488757,""s"":""DOGEUSDT"",""S"":""Buy"",""v"":""784"",""p"":""0.09435""}"
2026-10-06T01:34:49.018372Z,1791250488736,LTCUSDT,Buy,7.8,69.01,"{""T"":1791250488736,""s"":""LTCUSDT"",""S"":""Buy"",""v"":""7.8"",""p"":""69.01""}"
2026-10-06T01:34:49.517918Z,1791250489125,LTCUSDT,Buy,0.1,69.01,"{""T"":1791250489125,""s"":""LTCUSDT"",""S"":""Buy"",""v"":""0.1"",""p"":""69.01""}"
2026-10-06T01:35:05.840092Z,1791250505689,XRPUSDT,Buy,128.3,1.4978,"{""T"":1791250505689,""s"":""XRPUSDT"",""S"":""Buy"",""v"":""128.3"",""p"":""1.4978""}"
2026-10-06T01:35:06.067783Z,1791250505711,BTCUSDT,Buy,0.004,85452.80,"{""T"":1791250505711,""s"":""BTCUSDT"",""S"":""Buy"",""v"":""0.004"",""p"":""85452.80""}"
2026-10-06T01:35:19.416294Z,1791250519241,ZECUSDT,Buy,0.08,1337.82,"{""T"":1791250519241,""s"":""ZECUSDT"",""S"":""Buy"",""v"":""0.08"",""p"":""1337.82""}"
2026-10-06T01:35:22.815524Z,1791250522235,NILUSDT,Buy,88,0.10184,"{""T"":1791250522235,""s"":""NILUSDT"",""S"":""Buy"",""v"":""88"",""p"":""0.10184""}"
2026-10-06T01:35:22.815524Z,1791250522537,NILUSDT,Buy,88,0.10184,"{""T"":1791250522537,""s"":""NILUSDT"",""S"":""Buy"",""v"":""88"",""p"":""0.10184""}"
2026-10-06T01:35:32.315134Z,1791250531789,NILUSDT,Buy,2694,0.10177,"{""T"":1791250531789,""s"":""NILUSDT"",""S"":""Buy"",""v"":""2694"",""p"":""0.10177""}"
2026-10-06T01:35:32.315134Z,1791250531900,NILUSDT,Buy,4032,0.10180,"{""T"":1791250531900,""s"":""NILUSDT"",""S"":""Buy"",""v"":""4032"",""p"":""0.10180""}"
2026-10-06T01:35:32.815088Z,1791250532712,TRUMPUSDT,Buy,590.0,2.015,"{""T"":1791250532712,""s"":""TRUMPUSDT"",""S"":""Buy"",""v"":""590.0"",""p"":""2.015""}"
2026-10-06T01:35:37.498493Z,1791250537240,RLCUSDT,Sell,17.2,0.8000,"{""T"":1791250537240,""s"":""RLCUSDT"",""S"":""Sell"",""v"":""17.2"",""p"":""0.8000""}"
2026-10-06T01:35:38.998504Z,1791250538503,RLCUSDT,Sell,174.1,0.8014,"{""T"":1791250538503,""s"":""RLCUSDT"",""S"":""Sell"",""v"":""174.1"",""p"":""0.8014""}"
2026-10-06T01:35:39.498506Z,1791250538915,RLCUSDT,Sell,755.2,0.8010,"{""T"":1791250538915,""s"":""RLCUSDT"",""S"":""Sell"",""v"":""755.2"",""p"":""0.8010""}"
2026-10-06T01:35:41.998444Z,1791250541484,RLCUSDT,Sell,1536.2,0.8023,"{""T"":1791250541484,""s"":""RLCUSDT"",""S"":""Sell"",""v"":""1536.2"",""p"":""0.8023""}"
2026-10-06T01:35:42.498603Z,1791250542110,RLCUSDT,Sell,99.0,0.8023,"{""T"":1791250542110,""s"":""RLCUSDT"",""S"":""Sell"",""v"":""99.0"",""p"":""0.8023""}"
2026-10-06T01:35:42.498603Z,1791250542286,RLCUSDT,Sell,3561.3,0.8060,"{""T"":1791250542286,""s"":""RLCUSDT"",""S"":""Sell"",""v"":""3561.3"",""p"":""0.8060""}"
2026-10-06T01:35:42.498603Z,1791250542290,RLCUSDT,Sell,159.1,0.8047,"{""T"":1791250542290,""s"":""RLCUSDT"",""S"":""Sell"",""v"":""159.1"",""p"":""0.8047""}"
2026-10-06T01:35:42.498603Z,1791250542338,RLCUSDT,Sell,600.0,0.8032,"{""T"":1791250542338,""s"":""RLCUSDT"",""S"":""Sell"",""v"":""600.0"",""p"":""0.8032""}"
2026-10-06T01:35:42.999564Z,1791250542436,RLCUSDT,Sell,30.7,0.8038,"{""T"":1791250542436,""s"":""RLCUSDT"",""S"":""Sell"",""v"":""30.7"",""p"":""0.8038""}"
2026-10-06T01:35:42.999564Z,1791250542462,RLCUSDT,Sell,74.4,0.8064,"{""T"":1791250542462,""s"":""RLCUSDT"",""S"":""Sell"",""v"":""74.4"",""p"":""0.8064""}"
2026-10-06T01:35:42.999564Z,1791250542621,RLCUSDT,Sell,653.1,0.8065,"{""T"":1791250542621,""s"":""RLCUSDT"",""S"":""Sell"",""v"":""653.1"",""p"":""0.8065""}"
2026-10-06T01:35:42.999564Z,1791250542847,RLCUSDT,Sell,45.6,0.8030,"{""T"":1791250542847,""s"":""RLCUSDT"",""S"":""Sell"",""v"":""45.6"",""p"":""0.8030""}"
2026-10-06T01:35:43.498418Z,1791250542953,RLCUSDT,Sell,472.0,0.8033,"{""T"":1791250542953,""s"":""RLCUSDT"",""S"":""Sell"",""v"":""472.0"",""p"":""0.8033""}"
2026-10-06T01:35:43.498418Z,1791250542960,RLCUSDT,Sell,174.1,0.8027,"{""T"":1791250542960,""s"":""RLCUSDT"",""S"":""Sell"",""v"":""174.1"",""p"":""0.8027""}"
2026-10-06T01:35:43.498418Z,1791250543104,RLCUSDT,Sell,854.3,0.8048,"{""T"":1791250543104,""s"":""RLCUSDT"",""S"":""Sell"",""v"":""854.3"",""p"":""0.8048""}"
2026-10-06T01:35:43.498418Z,1791250543109,RLCUSDT,Sell,264.4,0.8036,"{""T"":1791250543109,""s"":""RLCUSDT"",""S"":""Sell"",""v"":""264.4"",""p"":""0.8036""}"
2026-10-06T01:35:43.498418Z,1791250543114,RLCUSDT,Sell,10.4,0.8049,"{""T"":1791250543114,""s"":""RLCUSDT"",""S"":""Sell"",""v"":""10.4"",""p"":""0.8049""}"
2026-10-06T01:35:43.498418Z,1791250543116,RLCUSDT,Sell,37.8,0.8048,"{""T"":1791250543116,""s"":""RLCUSDT"",""S"":""Sell"",""v"":""37.8"",""p"":""0.8048""}"
2026-10-06T01:35:43.498418Z,1791250543232,RLCUSDT,Sell,502.9,0.8043,"{""T"":1791250543232,""s"":""RLCUSDT"",""S"":""Sell"",""v"":""502.9"",""p"":""0.8043""}"
2026-10-06T01:35:53.564566Z,1791250553045,BNBUSDT,Buy,3.52,776.60,"{""T"":1791250553045,""s"":""BNBUSDT"",""S"":""Buy"",""v"":""3.52"",""p"":""776.60""}"
2026-10-06T01:35:54.065241Z,1791250553557,BNBUSDT,Buy,0.09,776.40,"{""T"":1791250553557,""s"":""BNBUSDT"",""S"":""Buy"",""v"":""0.09"",""p"":""776.40""}"
2026-10-06T01:36:07.360840Z,1791250567195,WLDUSDT,Buy,12236.5,0.5650,"{""T"":1791250567195,""s"":""WLDUSDT"",""S"":""Buy"",""v"":""12236.5"",""p"":""0.5650""}"
2026-10-06T01:36:10.814849Z,1791250570651,HYPEUSDT,Buy,0.29,93.530,"{""T"":1791250570651,""s"":""HYPEUSDT"",""S"":""Buy"",""v"":""0.29"",""p"":""93.530""}"
2026-10-06T01:36:11.815069Z,1791250571464,XPLUSDT,Buy,2575,0.09164,"{""T"":1791250571464,""s"":""XPLUSDT"",""S"":""Buy"",""v"":""2575"",""p"":""0.09164""}"
2026-10-06T01:37:02.498799Z,1791250622121,DASHUSDT,Buy,6.80,56.85,"{""T"":1791250622121,""s"":""DASHUSDT"",""S"":""Buy"",""v"":""6.80"",""p"":""56.85""}"
2026-10-06T01:37:03.498878Z,1791250623381,PENGUUSDT,Buy,1170,0.009434,"{""T"":1791250623381,""s"":""PENGUUSDT"",""S"":""Buy"",""v"":""1170"",""p"":""0.009434""}"
2026-10-06T01:37:07.826722Z,1791250627377,RENDERUSDT,Buy,341.4,2.0080,"{""T"":1791250627377,""s"":""RENDERUSDT"",""S"":""Buy"",""v"":""341.4"",""p"":""2.0080""}"
2026-10-06T01:37:19.315103Z,1791250638929,PUMPFUNUSDT,Sell,12600,0.0064110,"{""T"":1791250638929,""s"":""PUMPFUNUSDT"",""S"":""Sell"",""v"":""12600"",""p"":""0.0064110""}"
2026-10-06T01:37:19.315103Z,1791250639055,PUMPFUNUSDT,Sell,790100,0.0064100,"{""T"":1791250639055,""s"":""PUMPFUNUSDT"",""S"":""Sell"",""v"":""790100"",""p"":""0.0064100""}"
2026-10-06T01:38:02.850579Z,1791250682730,FLUIDUSDT,Sell,20.6,2.2318,"{""T"":1791250682730,""s"":""FLUIDUSDT"",""S"":""Sell"",""v"":""20.6"",""p"":""2.2318""}"
2026-10-06T01:38:09.349845Z,1791250688811,FLUIDUSDT,Sell,41.8,2.2379,"{""T"":1791250688811,""s"":""FLUIDUSDT"",""S"":""Sell"",""v"":""41.8"",""p"":""2.2379""}"
2026-10-06T01:38:09.349845Z,1791250689128,FLUIDUSDT,Sell,91.7,2.2424,"{""T"":1791250689128,""s"":""FLUIDUSDT"",""S"":""Sell"",""v"":""91.7"",""p"":""2.2424""}"
2026-10-06T01:38:09.850255Z,1791250689291,FLUIDUSDT,Sell,13.2,2.2440,"{""T"":1791250689291,""s"":""FLUIDUSDT"",""S"":""Sell"",""v"":""13.2"",""p"":""2.2440""}"
2026-10-06T01:38:09.850255Z,1791250689476,FLUIDUSDT,Sell,8.0,2.2461,"{""T"":1791250689476,""s"":""FLUIDUSDT"",""S"":""Sell"",""v"":""8.0"",""p"":""2.2461""}"
2026-10-06T01:38:09.850255Z,1791250689619,FLUIDUSDT,Sell,111.2,2.2403,"{""T"":1791250689619,""s"":""FLUIDUSDT"",""S"":""Sell"",""v"":""111.2"",""p"":""2.2403""}"
2026-10-06T01:38:10.349781Z,1791250689768,FLUIDUSDT,Sell,41.9,2.2507,"{""T"":1791250689768,""s"":""FLUIDUSDT"",""S"":""Sell"",""v"":""41.9"",""p"":""2.2507""}"
2026-10-06T01:38:30.850078Z,1791250710682,SANDUSDT,Buy,3160,0.06629,"{""T"":1791250710682,""s"":""SANDUSDT"",""S"":""Buy"",""v"":""3160"",""p"":""0.06629""}"
2026-10-06T01:38:30.850621Z,1791250710682,FLUIDUSDT,Sell,19.0,2.2679,"{""T"":1791250710682,""s"":""FLUIDUSDT"",""S"":""Sell"",""v"":""19.0"",""p"":""2.2679""}"
2026-10-06T01:38:30.916215Z,1791250710682,ZECUSDT,Buy,0.15,1340.29,"{""T"":1791250710682,""s"":""ZECUSDT"",""S"":""Buy"",""v"":""0.15"",""p"":""1340.29""}"
2026-10-06T01:38:50.827419Z,1791250730273,MONUSDT,Buy,13714,0.030100,"{""T"":1791250730273,""s"":""MONUSDT"",""S"":""Buy"",""v"":""13714"",""p"":""0.030100""}"
2026-10-06T01:38:59.327162Z,1791250738762,MONUSDT,Buy,16758,0.030090,"{""T"":1791250738762,""s"":""MONUSDT"",""S"":""Buy"",""v"":""16758"",""p"":""0.030090""}"
2026-10-06T01:39:28.349850Z,1791250768016,SANDUSDT,Buy,9938,0.06614,"{""T"":1791250768016,""s"":""SANDUSDT"",""S"":""Buy"",""v"":""9938"",""p"":""0.06614""}"
2026-10-06T01:40:17.364827Z,1791250817111,WLDUSDT,Buy,1972.8,0.5658,"{""T"":1791250817111,""s"":""WLDUSDT"",""S"":""Buy"",""v"":""1972.8"",""p"":""0.5658""}"
2026-10-06T01:40:17.488427Z,1791250817111,XAUUSDT,Buy,2.110,4120.96,"{""T"":1791250817111,""s"":""XAUUSDT"",""S"":""Buy"",""v"":""2.110"",""p"":""4120.96""}"
2026-10-06T01:40:38.850108Z,1791250838470,FLUIDUSDT,Sell,55.5,2.2766,"{""T"":1791250838470,""s"":""FLUIDUSDT"",""S"":""Sell"",""v"":""55.5"",""p"":""2.2766""}"
2026-10-06T01:40:39.349681Z,1791250839092,FLUIDUSDT,Sell,48.1,2.2848,"{""T"":1791250839092,""s"":""FLUIDUSDT"",""S"":""Sell"",""v"":""48.1"",""p"":""2.2848""}"
2026-10-06T01:40:40.349675Z,1791250840242,FLUIDUSDT,Sell,4.8,2.2893,"{""T"":1791250840242,""s"":""FLUIDUSDT"",""S"":""Sell"",""v"":""4.8"",""p"":""2.2893""}"
2026-10-06T01:40:40.849662Z,1791250840367,FLUIDUSDT,Sell,454.3,2.3023,"{""T"":1791250840367,""s"":""FLUIDUSDT"",""S"":""Sell"",""v"":""454.3"",""p"":""2.3023""}"
2026-10-06T01:40:41.349726Z,1791250840990,FLUIDUSDT,Sell,27.6,2.3004,"{""T"":1791250840990,""s"":""FLUIDUSDT"",""S"":""Sell"",""v"":""27.6"",""p"":""2.3004""}"
2026-10-06T01:40:41.849782Z,1791250841324,FLUIDUSDT,Sell,314.4,2.3057,"{""T"":1791250841324,""s"":""FLUIDUSDT"",""S"":""Sell"",""v"":""314.4"",""p"":""2.3057""}"
2026-10-06T01:41:17.988311Z,1791250877713,SOXLUSDT,Buy,2.43,162.65,"{""T"":1791250877713,""s"":""SOXLUSDT"",""S"":""Buy"",""v"":""2.43"",""p"":""162.65""}"
2026-10-06T01:41:23.416683Z,1791250883270,ZECUSDT,Buy,1.05,1338.49,"{""T"":1791250883270,""s"":""ZECUSDT"",""S"":""Buy"",""v"":""1.05"",""p"":""1338.49""}"
2026-10-06T01:41:23.567708Z,1791250883047,BTCUSDT,Buy,0.004,85382.00,"{""T"":1791250883047,""s"":""BTCUSDT"",""S"":""Buy"",""v"":""0.004"",""p"":""85382.00""}"
2026-10-06T01:41:23.567708Z,1791250883270,BTCUSDT,Buy,0.138,85380.80,"{""T"":1791250883270,""s"":""BTCUSDT"",""S"":""Buy"",""v"":""0.138"",""p"":""85380.80""}"
2026-10-06T01:41:25.068266Z,1791250884969,BTCUSDT,Buy,0.004,85370.40,"{""T"":1791250884969,""s"":""BTCUSDT"",""S"":""Buy"",""v"":""0.004"",""p"":""85370.40""}"
2026-10-06T01:41:25.458180Z,1791250885308,ETHUSDT,Buy,0.01,2699.63,"{""T"":1791250885308,""s"":""ETHUSDT"",""S"":""Buy"",""v"":""0.01"",""p"":""2699.63""}"
2026-10-06T01:41:26.826833Z,1791250886598,AEROUSDT,Buy,116,0.8228,"{""T"":1791250886598,""s"":""AEROUSDT"",""S"":""Buy"",""v"":""116"",""p"":""0.8228""}"
2026-10-06T01:41:29.494300Z,1791250889306,OPUSDT,Buy,45.8,0.13397,"{""T"":1791250889306,""s"":""OPUSDT"",""S"":""Buy"",""v"":""45.8"",""p"":""0.13397""}"
2026-10-06T01:41:47.361634Z,1791250906939,APTUSDT,Buy,612.24,0.8045,"{""T"":1791250906939,""s"":""APTUSDT"",""S"":""Buy"",""v"":""612.24"",""p"":""0.8045""}"
2026-10-06T01:43:10.998948Z,1791250990518,RLCUSDT,Buy,34.3,0.7318,"{""T"":1791250990518,""s"":""RLCUSDT"",""S"":""Buy"",""v"":""34.3"",""p"":""0.7318""}"
2026-10-06T01:43:11.499123Z,1791250991087,RLCUSDT,Buy,298.0,0.7325,"{""T"":1791250991087,""s"":""RLCUSDT"",""S"":""Buy"",""v"":""298.0"",""p"":""0.7325""}"
2026-10-06T01:43:38.340497Z,1791251018181,ONDOUSDT,Buy,16125,0.4910,"{""T"":1791251018181,""s"":""ONDOUSDT"",""S"":""Buy"",""v"":""16125"",""p"":""0.4910""}"
2026-10-06T01:43:40.498836Z,1791251019991,RLCUSDT,Buy,3960.8,0.7302,"{""T"":1791251019991,""s"":""RLCUSDT"",""S"":""Buy"",""v"":""3960.8"",""p"":""0.7302""}"
2026-10-06T01:43:44.517652Z,1791251024295,LTCUSDT,Buy,120.0,68.87,"{""T"":1791251024295,""s"":""LTCUSDT"",""S"":""Buy"",""v"":""120.0"",""p"":""68.87""}"
2026-10-06T01:43:56.067928Z,1791251035804,BTCUSDT,Buy,0.322,85362.50,"{""T"":1791251035804,""s"":""BTCUSDT"",""S"":""Buy"",""v"":""0.322"",""p"":""85362.50""}"
2026-10-06T01:43:59.067927Z,1791251038798,BTCUSDT,Buy,0.054,85349.10,"{""T"":1791251038798,""s"":""BTCUSDT"",""S"":""Buy"",""v"":""0.054"",""p"":""85349.10""}"
2026-10-06T01:43:59.067927Z,1791251038881,BTCUSDT,Buy,0.786,85349.10,"{""T"":1791251038881,""s"":""BTCUSDT"",""S"":""Buy"",""v"":""0.786"",""p"":""85349.10""}"
2026-10-06T01:43:59.339738Z,1791251038858,XRPUSDT,Buy,4.9,1.4948,"{""T"":1791251038858,""s"":""XRPUSDT"",""S"":""Buy"",""v"":""4.9"",""p"":""1.4948""}"
2026-10-06T01:43:59.339738Z,1791251038868,XRPUSDT,Buy,30546.3,1.4947,"{""T"":1791251038868,""s"":""XRPUSDT"",""S"":""Buy"",""v"":""30546.3"",""p"":""1.4947""}"
2026-10-06T01:44:01.517471Z,1791251041334,LTCUSDT,Buy,0.1,68.85,"{""T"":1791251041334,""s"":""LTCUSDT"",""S"":""Buy"",""v"":""0.1"",""p"":""68.85""}"
2026-10-06T01:44:02.567669Z,1791251042333,BTCUSDT,Buy,0.034,85341.90,"{""T"":1791251042333,""s"":""BTCUSDT"",""S"":""Buy"",""v"":""0.034"",""p"":""85341.90""}"
2026-10-06T01:44:03.068066Z,1791251042642,BTCUSDT,Buy,0.001,85344.50,"{""T"":1791251042642,""s"":""BTCUSDT"",""S"":""Buy"",""v"":""0.001"",""p"":""85344.50""}"
2026-10-06T01:44:03.568479Z,1791251043288,BTCUSDT,Buy,0.814,85337.50,"{""T"":1791251043288,""s"":""BTCUSDT"",""S"":""Buy"",""v"":""0.814"",""p"":""85337.50""}"
2026-10-06T01:44:44.420191Z,1791251084303,1000PEPEUSDT,Buy,77400,0.0042670,"{""T"":1791251084303,""s"":""1000PEPEUSDT"",""S"":""Buy"",""v"":""77400"",""p"":""0.0042670""}"
2026-10-06T01:44:48.498696Z,1791251088158,DASHUSDT,Buy,21.88,56.80,"{""T"":1791251088158,""s"":""DASHUSDT"",""S"":""Buy"",""v"":""21.88"",""p"":""56.80""}"
2026-10-06T01:44:57.998463Z,1791251097559,PENGUUSDT,Buy,262490,0.009427,"{""T"":1791251097559,""s"":""PENGUUSDT"",""S"":""Buy"",""v"":""262490"",""p"":""0.009427""}"
2026-10-06T01:44:59.457548Z,1791251098978,ETHUSDT,Buy,0.01,2698.11,"{""T"":1791251098978,""s"":""ETHUSDT"",""S"":""Buy"",""v"":""0.01"",""p"":""2698.11""}"
2026-10-06T01:46:17.916501Z,1791251177631,ADAUSDT,Buy,278,0.2658,"{""T"":1791251177631,""s"":""ADAUSDT"",""S"":""Buy"",""v"":""278"",""p"":""0.2658""}"
2026-10-06T01:46:19.916226Z,1791251179728,DOGEUSDT,Buy,3829,0.09419,"{""T"":1791251179728,""s"":""DOGEUSDT"",""S"":""Buy"",""v"":""3829"",""p"":""0.09419""}"
2026-10-06T01:46:22.416224Z,1791251182219,1000PEPEUSDT,Buy,32200,0.0042670,"{""T"":1791251182219,""s"":""1000PEPEUSDT"",""S"":""Buy"",""v"":""32200"",""p"":""0.0042670""}"
2026-10-06T01:46:22.637410Z,1791251182219,JTOUSDT,Buy,180.2,0.5589,"{""T"":1791251182219,""s"":""JTOUSDT"",""S"":""Buy"",""v"":""180.2"",""p"":""0.5589""}"
2026-10-06T01:46:23.998380Z,1791251183608,PENGUUSDT,Buy,22110,0.009418,"{""T"":1791251183608,""s"":""PENGUUSDT"",""S"":""Buy"",""v"":""22110"",""p"":""0.009418""}"
2026-10-06T01:46:25.850303Z,1791251185711,SANDUSDT,Buy,10383,0.06608,"{""T"":1791251185711,""s"":""SANDUSDT"",""S"":""Buy"",""v"":""10383"",""p"":""0.06608""}"
2026-10-06T01:46:26.568055Z,1791251186203,BTCUSDT,Buy,1.011,85330.20,"{""T"":1791251186203,""s"":""BTCUSDT"",""S"":""Buy"",""v"":""1.011"",""p"":""85330.20""}"
2026-10-06T01:46:26.958216Z,1791251186385,ETHUSDT,Buy,0.13,2697.35,"{""T"":1791251186385,""s"":""ETHUSDT"",""S"":""Buy"",""v"":""0.13"",""p"":""2697.35""}"
2026-10-06T01:46:27.068421Z,1791251186683,BTCUSDT,Buy,0.021,85335.50,"{""T"":1791251186683,""s"":""BTCUSDT"",""S"":""Buy"",""v"":""0.021"",""p"":""85335.50""}"
2026-10-06T01:46:30.068335Z,1791251189539,BTCUSDT,Buy,0.001,85327.40,"{""T"":1791251189539,""s"":""BTCUSDT"",""S"":""Buy"",""v"":""0.001"",""p"":""85327.40""}"
2026-10-06T01:46:34.339553Z,1791251193976,ONDOUSDT,Buy,1896,0.4900,"{""T"":1791251193976,""s"":""ONDOUSDT"",""S"":""Buy"",""v"":""1896"",""p"":""0.4900""}"
2026-10-06T01:47:34.826640Z,1791251254568,CARVUSDT,Buy,785,0.05065,"{""T"":1791251254568,""s"":""CARVUSDT"",""S"":""Buy"",""v"":""785"",""p"":""0.05065""}"
2026-10-06T01:47:34.827106Z,1791251254568,ENAUSDT,Buy,708,0.24614,"{""T"":1791251254568,""s"":""ENAUSDT"",""S"":""Buy"",""v"":""708"",""p"":""0.24614""}"
2026-10-06T01:47:34.839232Z,1791251254568,LDOUSDT,Buy,306.3,0.4573,"{""T"":1791251254568,""s"":""LDOUSDT"",""S"":""Buy"",""v"":""306.3"",""p"":""0.4573""}"
2026-10-06T01:47:34.958122Z,1791251254568,ETHUSDT,Sell,0.11,2717.54,"{""T"":1791251254568,""s"":""ETHUSDT"",""S"":""Sell"",""v"":""0.11"",""p"":""2717.54""}"
2026-10-06T01:47:34.998407Z,1791251254568,LINKUSDT,Buy,22.7,13.711,"{""T"":1791251254568,""s"":""LINKUSDT"",""S"":""Buy"",""v"":""22.7"",""p"":""13.711""}"
2026-10-06T01:47:50.502346Z,1791251270179,ICPUSDT,Buy,501.2,3.499,"{""T"":1791251270179,""s"":""ICPUSDT"",""S"":""Buy"",""v"":""501.2"",""p"":""3.499""}"
2026-10-06T01:47:51.315414Z,1791251270756,NILUSDT,Buy,194,0.10170,"{""T"":1791251270756,""s"":""NILUSDT"",""S"":""Buy"",""v"":""194"",""p"":""0.10170""}"
2026-10-06T01:49:52.988169Z,1791251392685,NIGHTUSDT,Buy,50,0.04918,"{""T"":1791251392685,""s"":""NIGHTUSDT"",""S"":""Buy"",""v"":""50"",""p"":""0.04918""}"
2026-10-06T01:50:05.565822Z,1791251404979,FILUSDT,Buy,100.0,1.1292,"{""T"":1791251404979,""s"":""FILUSDT"",""S"":""Buy"",""v"":""100.0"",""p"":""1.1292""}"
2026-10-06T01:51:36.067812Z,1791251495613,BTCUSDT,Buy,0.043,85313.20,"{""T"":1791251495613,""s"":""BTCUSDT"",""S"":""Buy"",""v"":""0.043"",""p"":""85313.20""}"
2026-10-06T01:52:05.457590Z,1791251525192,QNTUSDT,Buy,0.59,257.92,"{""T"":1791251525192,""s"":""QNTUSDT"",""S"":""Buy"",""v"":""0.59"",""p"":""257.92""}"
2026-10-06T01:52:11.998976Z,1791251531807,RLCUSDT,Buy,0.5,0.7232,"{""T"":1791251531807,""s"":""RLCUSDT"",""S"":""Buy"",""v"":""0.5"",""p"":""0.7232""}"
2026-10-06T01:52:19.068209Z,1791251538614,BTCUSDT,Buy,0.006,85306.20,"{""T"":1791251538614,""s"":""BTCUSDT"",""S"":""Buy"",""v"":""0.006"",""p"":""85306.20""}"
2026-10-06T01:52:19.915674Z,1791251539628,1000PEPEUSDT,Buy,227000,0.0042560,"{""T"":1791251539628,""s"":""1000PEPEUSDT"",""S"":""Buy"",""v"":""227000"",""p"":""0.0042560""}"
2026-10-06T01:52:20.840332Z,1791251540350,XRPUSDT,Buy,4780.4,1.4934,"{""T"":1791251540350,""s"":""XRPUSDT"",""S"":""Buy"",""v"":""4780.4"",""p"":""1.4934""}"
2026-10-06T01:52:20.840332Z,1791251540370,XRPUSDT,Buy,298.3,1.4933,"{""T"":1791251540370,""s"":""XRPUSDT"",""S"":""Buy"",""v"":""298.3"",""p"":""1.4933""}"
2026-10-06T01:52:35.499553Z,1791251555301,RLCUSDT,Buy,111.6,0.7175,"{""T"":1791251555301,""s"":""RLCUSDT"",""S"":""Buy"",""v"":""111.6"",""p"":""0.7175""}"
2026-10-06T01:53:01.998984Z,1791251581504,RLCUSDT,Buy,370.7,0.7172,"{""T"":1791251581504,""s"":""RLCUSDT"",""S"":""Buy"",""v"":""370.7"",""p"":""0.7172""}"
2026-10-06T01:53:02.498465Z,1791251582219,RLCUSDT,Buy,474.1,0.7172,"{""T"":1791251582219,""s"":""RLCUSDT"",""S"":""Buy"",""v"":""474.1"",""p"":""0.7172""}"
2026-10-06T01:53:09.998689Z,1791251589869,RLCUSDT,Buy,35.1,0.7151,"{""T"":1791251589869,""s"":""RLCUSDT"",""S"":""Buy"",""v"":""35.1"",""p"":""0.7151""}"
2026-10-06T01:54:33.017710Z,1791251672633,NEARUSDT,Sell,18.8,5.3610,"{""T"":1791251672633,""s"":""NEARUSDT"",""S"":""Sell"",""v"":""18.8"",""p"":""5.3610""}"
2026-10-06T01:54:33.017710Z,1791251672808,NEARUSDT,Sell,1217.6,5.3580,"{""T"":1791251672808,""s"":""NEARUSDT"",""S"":""Sell"",""v"":""1217.6"",""p"":""5.3580""}"
2026-10-06T01:55:01.988749Z,1791251701412,XAGUSDT,Buy,62.482,60.53,"{""T"":1791251701412,""s"":""XAGUSDT"",""S"":""Buy"",""v"":""62.482"",""p"":""60.53""}"
2026-10-06T01:55:01.998256Z,1791251701412,CTUSDT,Buy,298,0.3688,"{""T"":1791251701412,""s"":""CTUSDT"",""S"":""Buy"",""v"":""298"",""p"":""0.3688""}"
2026-10-06T01:55:09.988223Z,1791251709504,XAUUSDT,Buy,0.032,4117.51,"{""T"":1791251709504,""s"":""XAUUSDT"",""S"":""Buy"",""v"":""0.032"",""p"":""4117.51""}"
2026-10-06T01:59:54.827689Z,1791251994402,AEROUSDT,Buy,166,0.8180,"{""T"":1791251994402,""s"":""AEROUSDT"",""S"":""Buy"",""v"":""166"",""p"":""0.8180""}"
2026-10-06T02:00:13.998880Z,1791252013827,PENGUUSDT,Buy,12700,0.009406,"{""T"":1791252013827,""s"":""PENGUUSDT"",""S"":""Buy"",""v"":""12700"",""p"":""0.009406""}"
2026-10-06T02:00:31.839933Z,1791252031584,XRPUSDT,Buy,7878.9,1.4925,"{""T"":1791252031584,""s"":""XRPUSDT"",""S"":""Buy"",""v"":""7878.9"",""p"":""1.4925""}"
2026-10-06T02:00:56.339645Z,1791252055896,XRPUSDT,Buy,495.3,1.4920,"{""T"":1791252055896,""s"":""XRPUSDT"",""S"":""Buy"",""v"":""495.3"",""p"":""1.4920""}"
2026-10-06T02:01:02.957549Z,1791252062710,QNTUSDT,Sell,0.17,267.38,"{""T"":1791252062710,""s"":""QNTUSDT"",""S"":""Sell"",""v"":""0.17"",""p"":""267.38""}"
2026-10-06T02:01:27.854109Z,1791252087495,WIFUSDT,Buy,2500,0.24470,"{""T"":1791252087495,""s"":""WIFUSDT"",""S"":""Buy"",""v"":""2500"",""p"":""0.24470""}"
2026-10-06T02:01:32.068340Z,1791252091497,BTCUSDT,Buy,0.031,85284.00,"{""T"":1791252091497,""s"":""BTCUSDT"",""S"":""Buy"",""v"":""0.031"",""p"":""85284.00""}"
2026-10-06T02:01:39.916834Z,1791252099449,ADAUSDT,Buy,38799,0.2651,"{""T"":1791252099449,""s"":""ADAUSDT"",""S"":""Buy"",""v"":""38799"",""p"":""0.2651""}"
2026-10-06T02:01:46.349703Z,1791252106039,WIFUSDT,Buy,4497,0.24450,"{""T"":1791252106039,""s"":""WIFUSDT"",""S"":""Buy"",""v"":""4497"",""p"":""0.24450""}"
2026-10-06T02:01:46.416878Z,1791252106039,ADAUSDT,Buy,2644,0.2653,"{""T"":1791252106039,""s"":""ADAUSDT"",""S"":""Buy"",""v"":""2644"",""p"":""0.2653""}"
2026-10-06T02:01:49.494627Z,1791252109287,SUIUSDT,Buy,40,1.18330,"{""T"":1791252109287,""s"":""SUIUSDT"",""S"":""Buy"",""v"":""40"",""p"":""1.18330""}"
2026-10-06T02:01:49.850534Z,1791252109325,FLUIDUSDT,Sell,7.8,2.2646,"{""T"":1791252109325,""s"":""FLUIDUSDT"",""S"":""Sell"",""v"":""7.8"",""p"":""2.2646""}"
2026-10-06T02:01:51.916211Z,1791252111655,1000PEPEUSDT,Buy,70100,0.0042450,"{""T"":1791252111655,""s"":""1000PEPEUSDT"",""S"":""Buy"",""v"":""70100"",""p"":""0.0042450""}"
2026-10-06T02:01:54.494213Z,1791252114395,OPUSDT,Buy,6464.5,0.13306,"{""T"":1791252114395,""s"":""OPUSDT"",""S"":""Buy"",""v"":""6464.5"",""p"":""0.13306""}"
2026-10-06T02:01:54.518314Z,1791252114395,AVAXUSDT,Sell,20.3,11.216,"{""T"":1791252114395,""s"":""AVAXUSDT"",""S"":""Sell"",""v"":""20.3"",""p"":""11.216""}"
2026-10-06T02:01:54.637706Z,1791252114395,JTOUSDT,Buy,754.5,0.5582,"{""T"":1791252114395,""s"":""JTOUSDT"",""S"":""Buy"",""v"":""754.5"",""p"":""0.5582""}"
2026-10-06T02:01:54.638122Z,1791252114395,STRKUSDT,Sell,10409.3,0.05307,"{""T"":1791252114395,""s"":""STRKUSDT"",""S"":""Sell"",""v"":""10409.3"",""p"":""0.05307""}"
2026-10-06T02:01:54.815237Z,1791252114395,PUMPFUNUSDT,Sell,104800,0.0064960,"{""T"":1791252114395,""s"":""PUMPFUNUSDT"",""S"":""Sell"",""v"":""104800"",""p"":""0.0064960""}"
2026-10-06T02:01:54.815736Z,1791252114395,HYPEUSDT,Buy,12.12,93.610,"{""T"":1791252114395,""s"":""HYPEUSDT"",""S"":""Buy"",""v"":""12.12"",""p"":""93.610""}"
2026-10-06T02:01:54.839596Z,1791252114395,LITUSDT,Buy,192.7,3.9530,"{""T"":1791252114395,""s"":""LITUSDT"",""S"":""Buy"",""v"":""192.7"",""p"":""3.9530""}"
2026-10-06T02:01:54.916270Z,1791252114395,ADAUSDT,Buy,909,0.2651,"{""T"":1791252114395,""s"":""ADAUSDT"",""S"":""Buy"",""v"":""909"",""p"":""0.2651""}"
2026-10-06T02:02:01.326540Z,1791252120771,FARTCOINUSDT,Buy,1595,0.17713,"{""T"":1791252120771,""s"":""FARTCOINUSDT"",""S"":""Buy"",""v"":""1595"",""p"":""0.17713""}"
2026-10-06T02:02:07.068129Z,1791252126509,BTCUSDT,Buy,0.036,85272.10,"{""T"":1791252126509,""s"":""BTCUSDT"",""S"":""Buy"",""v"":""0.036"",""p"":""85272.10""}"
2026-10-06T02:02:09.068053Z,1791252128957,BTCUSDT,Buy,0.010,85267.00,"{""T"":1791252128957,""s"":""BTCUSDT"",""S"":""Buy"",""v"":""0.010"",""p"":""85267.00""}"
2026-10-06T02:02:10.499523Z,1791252130018,PENGUUSDT,Buy,20470,0.009376,"{""T"":1791252130018,""s"":""PENGUUSDT"",""S"":""Buy"",""v"":""20470"",""p"":""0.009376""}"
2026-10-06T02:02:13.416220Z,1791252132887,1000PEPEUSDT,Buy,32700,0.0042430,"{""T"":1791252132887,""s"":""1000PEPEUSDT"",""S"":""Buy"",""v"":""32700"",""p"":""0.0042430""}"
2026-10-06T02:02:24.994565Z,1791252144827,SUIUSDT,Buy,3000,1.18110,"{""T"":1791252144827,""s"":""SUIUSDT"",""S"":""Buy"",""v"":""3000"",""p"":""1.18110""}"
2026-10-06T02:02:25.068261Z,1791252144489,BTCUSDT,Buy,0.007,85256.00,"{""T"":1791252144489,""s"":""BTCUSDT"",""S"":""Buy"",""v"":""0.007"",""p"":""85256.00""}"
2026-10-06T02:02:55.815163Z,1791252175245,ASTERUSDT,Buy,40,0.7281,"{""T"":1791252175245,""s"":""ASTERUSDT"",""S"":""Buy"",""v"":""40"",""p"":""0.7281""}"
2026-10-06T02:03:05.827537Z,1791252185466,FARTCOINUSDT,Buy,1072,0.17671,"{""T"":1791252185466,""s"":""FARTCOINUSDT"",""S"":""Buy"",""v"":""1072"",""p"":""0.17671""}"
2026-10-06T02:04:35.861488Z,1791252275302,WLDUSDT,Buy,2551.1,0.5640,"{""T"":1791252275302,""s"":""WLDUSDT"",""S"":""Buy"",""v"":""2551.1"",""p"":""0.5640""}"
2026-10-06T02:04:36.361075Z,1791252275919,WLDUSDT,Buy,500.0,0.5640,"{""T"":1791252275919,""s"":""WLDUSDT"",""S"":""Buy"",""v"":""500.0"",""p"":""0.5640""}"
2026-10-06T02:04:36.416384Z,1791252275919,DOTUSDT,Buy,300.0,1.2007,"{""T"":1791252275919,""s"":""DOTUSDT"",""S"":""Buy"",""v"":""300.0"",""p"":""1.2007""}"
2026-10-06T02:04:36.499264Z,1791252275919,ICPUSDT,Buy,59.5,3.498,"{""T"":1791252275919,""s"":""ICPUSDT"",""S"":""Buy"",""v"":""59.5"",""p"":""3.498""}"
2026-10-06T02:05:03.488818Z,1791252303001,XAUUSDT,Buy,0.076,4116.51,"{""T"":1791252303001,""s"":""XAUUSDT"",""S"":""Buy"",""v"":""0.076"",""p"":""4116.51""}"
2026-10-06T02:06:41.957710Z,1791252401813,ETHUSDT,Buy,1.14,2694.72,"{""T"":1791252401813,""s"":""ETHUSDT"",""S"":""Buy"",""v"":""1.14"",""p"":""2694.72""}"
2026-10-06T02:06:42.839382Z,1791252402647,XRPUSDT,Buy,8133.8,1.4898,"{""T"":1791252402647,""s"":""XRPUSDT"",""S"":""Buy"",""v"":""8133.8"",""p"":""1.4898""}"
2026-10-06T02:06:47.340191Z,1791252406956,AAVEUSDT,Sell,0.55,184.58,"{""T"":1791252406956,""s"":""AAVEUSDT"",""S"":""Sell"",""v"":""0.55"",""p"":""184.58""}"
2026-10-06T02:06:47.416325Z,1791252406957,1000PEPEUSDT,Buy,138300,0.0042350,"{""T"":1791252406957,""s"":""1000PEPEUSDT"",""S"":""Buy"",""v"":""138300"",""p"":""0.0042350""}"
2026-10-06T02:06:47.457970Z,1791252406957,ETHUSDT,Buy,0.11,2694.34,"{""T"":1791252406957,""s"":""ETHUSDT"",""S"":""Buy"",""v"":""0.11"",""p"":""2694.34""}"
2026-10-06T02:06:47.518230Z,1791252406957,LTCUSDT,Buy,3.0,68.77,"{""T"":1791252406957,""s"":""LTCUSDT"",""S"":""Buy"",""v"":""3.0"",""p"":""68.77""}"
2026-10-06T02:07:36.989894Z,1791252456835,ZROUSDT,Buy,3.0,2.0621,"{""T"":1791252456835,""s"":""ZROUSDT"",""S"":""Buy"",""v"":""3.0"",""p"":""2.0621""}"
2026-10-06T02:07:39.327163Z,1791252458999,ENAUSDT,Buy,6235,0.24411,"{""T"":1791252458999,""s"":""ENAUSDT"",""S"":""Buy"",""v"":""6235"",""p"":""0.24411""}"
2026-10-06T02:07:41.567482Z,1791252461264,BTCUSDT,Buy,0.013,85223.80,"{""T"":1791252461264,""s"":""BTCUSDT"",""S"":""Buy"",""v"":""0.013"",""p"":""85223.80""}"
2026-10-06T02:08:00.017557Z,1791252479869,LTCUSDT,Buy,3.1,68.72,"{""T"":1791252479869,""s"":""LTCUSDT"",""S"":""Buy"",""v"":""3.1"",""p"":""68.72""}"
2026-10-06T02:09:30.569169Z,1791252570075,BTCUSDT,Buy,0.034,85200.50,"{""T"":1791252570075,""s"":""BTCUSDT"",""S"":""Buy"",""v"":""0.034"",""p"":""85200.50""}"
2026-10-06T02:09:39.568006Z,1791252579131,BTCUSDT,Buy,0.150,85187.50,"{""T"":1791252579131,""s"":""BTCUSDT"",""S"":""Buy"",""v"":""0.150"",""p"":""85187.50""}"
2026-10-06T02:09:52.998736Z,1791252592552,RLCUSDT,Sell,94.7,0.7579,"{""T"":1791252592552,""s"":""RLCUSDT"",""S"":""Sell"",""v"":""94.7"",""p"":""0.7579""}"
2026-10-06T02:09:56.568229Z,1791252596194,BTCUSDT,Buy,0.004,85174.10,"{""T"":1791252596194,""s"":""BTCUSDT"",""S"":""Buy"",""v"":""0.004"",""p"":""85174.10""}"
2026-10-06T02:11:44.999521Z,1791252704519,RLCUSDT,Sell,27.5,0.7610,"{""T"":1791252704519,""s"":""RLCUSDT"",""S"":""Sell"",""v"":""27.5"",""p"":""0.7610""}"
2026-10-06T02:12:30.999588Z,1791252750518,DASHUSDT,Buy,21.21,56.58,"{""T"":1791252750518,""s"":""DASHUSDT"",""S"":""Buy"",""v"":""21.21"",""p"":""56.58""}"
2026-10-06T02:12:35.315478Z,1791252754768,XPLUSDT,Buy,3213,0.09128,"{""T"":1791252754768,""s"":""XPLUSDT"",""S"":""Buy"",""v"":""3213"",""p"":""0.09128""}"
2026-10-06T02:14:17.350274Z,1791252856970,SANDUSDT,Buy,10014,0.06602,"{""T"":1791252856970,""s"":""SANDUSDT"",""S"":""Buy"",""v"":""10014"",""p"":""0.06602""}"
2026-10-06T02:14:17.350684Z,1791252856970,WIFUSDT,Buy,1349,0.24320,"{""T"":1791252856970,""s"":""WIFUSDT"",""S"":""Buy"",""v"":""1349"",""p"":""0.24320""}"
2026-10-06T02:14:17.416029Z,1791252856970,ZECUSDT,Buy,1.00,1335.39,"{""T"":1791252856970,""s"":""ZECUSDT"",""S"":""Buy"",""v"":""1.00"",""p"":""1335.39""}"
2026-10-06T02:14:17.815243Z,1791252857542,XPLUSDT,Buy,31840,0.09124,"{""T"":1791252857542,""s"":""XPLUSDT"",""S"":""Buy"",""v"":""31840"",""p"":""0.09124""}"
2026-10-06T02:14:36.568662Z,1791252876313,BTCUSDT,Buy,0.012,85156.10,"{""T"":1791252876313,""s"":""BTCUSDT"",""S"":""Buy"",""v"":""0.012"",""p"":""85156.10""}"
2026-10-06T02:14:37.568223Z,1791252877360,BTCUSDT,Buy,0.047,85155.00,"{""T"":1791252877360,""s"":""BTCUSDT"",""S"":""Buy"",""v"":""0.047"",""p"":""85155.00""}"
2026-10-06T02:14:47.567715Z,1791252887073,BTCUSDT,Buy,0.064,85147.00,"{""T"":1791252887073,""s"":""BTCUSDT"",""S"":""Buy"",""v"":""0.064"",""p"":""85147.00""}"
2026-10-06T02:14:48.488191Z,1791252888007,ORCAUSDT,Sell,6.1,2.4703,"{""T"":1791252888007,""s"":""ORCAUSDT"",""S"":""Sell"",""v"":""6.1"",""p"":""2.4703""}"
2026-10-06T02:15:01.637478Z,1791252901440,STRKUSDT,Buy,18910.7,0.05146,"{""T"":1791252901440,""s"":""STRKUSDT"",""S"":""Buy"",""v"":""18910.7"",""p"":""0.05146""}"
2026-10-06T02:15:01.839361Z,1791252901440,XRPUSDT,Buy,669.1,1.4899,"{""T"":1791252901440,""s"":""XRPUSDT"",""S"":""Buy"",""v"":""669.1"",""p"":""1.4899""}"
2026-10-06T02:15:01.909937Z,1791252901440,TIAUSDT,Buy,2157.0,0.4592,"{""T"":1791252901440,""s"":""TIAUSDT"",""S"":""Buy"",""v"":""2157.0"",""p"":""0.4592""}"
2026-10-06T02:15:01.957526Z,1791252901440,ETHUSDT,Buy,0.37,2692.36,"{""T"":1791252901440,""s"":""ETHUSDT"",""S"":""Buy"",""v"":""0.37"",""p"":""2692.36""}"
2026-10-06T02:15:01.988465Z,1791252901858,ORCAUSDT,Sell,131.6,2.4934,"{""T"":1791252901858,""s"":""ORCAUSDT"",""S"":""Sell"",""v"":""131.6"",""p"":""2.4934""}"
2026-10-06T02:15:01.993777Z,1791252901440,OPUSDT,Buy,7550.5,0.13243,"{""T"":1791252901440,""s"":""OPUSDT"",""S"":""Buy"",""v"":""7550.5"",""p"":""0.13243""}"
2026-10-06T02:15:05.067957Z,1791252904668,BTCUSDT,Buy,0.014,85137.80,"{""T"":1791252904668,""s"":""BTCUSDT"",""S"":""Buy"",""v"":""0.014"",""p"":""85137.80""}"
2026-10-06T02:15:06.067733Z,1791252905975,BTCUSDT,Buy,0.010,85136.30,"{""T"":1791252905975,""s"":""BTCUSDT"",""S"":""Buy"",""v"":""0.010"",""p"":""85136.30""}"
2026-10-06T02:15:06.568162Z,1791252906083,BTCUSDT,Buy,0.006,85131.40,"{""T"":1791252906083,""s"":""BTCUSDT"",""S"":""Buy"",""v"":""0.006"",""p"":""85131.40""}"
2026-10-06T02:15:08.860938Z,1791252908504,SNXXUSDT,Buy,3.13,15.65,"{""T"":1791252908504,""s"":""SNXXUSDT"",""S"":""Buy"",""v"":""3.13"",""p"":""15.65""}"
2026-10-06T02:15:25.419442Z,1791252925004,1000PEPEUSDT,Buy,3200,0.0042220,"{""T"":1791252925004,""s"":""1000PEPEUSDT"",""S"":""Buy"",""v"":""3200"",""p"":""0.0042220""}"
