recv_ts_utc,exch_ts_ms,symbol,side,size,price,raw_json
2026-09-05T00:00:00.577989Z,1788566400035,XMRUSDT,Buy,2.50,516.66,"{""T"":1788566400035,""s"":""XMRUSDT"",""S"":""Buy"",""v"":""2.50"",""p"":""516.66""}"
2026-09-05T00:00:17.078013Z,1788566416699,XMRUSDT,Buy,0.23,515.75,"{""T"":1788566416699,""s"":""XMRUSDT"",""S"":""Buy"",""v"":""0.23"",""p"":""515.75""}"
2026-09-05T00:00:54.852931Z,1788566454682,LITUSDT,Sell,4.9,4.8780,"{""T"":1788566454682,""s"":""LITUSDT"",""S"":""Sell"",""v"":""4.9"",""p"":""4.8780""}"
2026-09-05T00:01:12.515783Z,1788566472099,FLOCKUSDT,Sell,213,0.05359,"{""T"":1788566472099,""s"":""FLOCKUSDT"",""S"":""Sell"",""v"":""213"",""p"":""0.05359""}"
2026-09-05T00:01:24.012415Z,1788566483499,DASHUSDT,Buy,3.93,61.21,"{""T"":1788566483499,""s"":""DASHUSDT"",""S"":""Buy"",""v"":""3.93"",""p"":""61.21""}"
2026-09-05T00:01:45.650550Z,1788566505078,4USDT,Buy,255,0.021236,"{""T"":1788566505078,""s"":""4USDT"",""S"":""Buy"",""v"":""255"",""p"":""0.021236""}"
2026-09-05T00:02:05.513077Z,1788566525322,DASHUSDT,Sell,14.87,63.16,"{""T"":1788566525322,""s"":""DASHUSDT"",""S"":""Sell"",""v"":""14.87"",""p"":""63.16""}"
2026-09-05T00:02:10.512705Z,1788566530071,DASHUSDT,Sell,1.14,63.53,"{""T"":1788566530071,""s"":""DASHUSDT"",""S"":""Sell"",""v"":""1.14"",""p"":""63.53""}"
2026-09-05T00:02:24.501965Z,1788566544008,TRIAUSDT,Sell,11650,0.005297,"{""T"":1788566544008,""s"":""TRIAUSDT"",""S"":""Sell"",""v"":""11650"",""p"":""0.005297""}"
2026-09-05T00:03:57.375215Z,1788566636820,AZTECUSDT,Buy,47170,0.014400,"{""T"":1788566636820,""s"":""AZTECUSDT"",""S"":""Buy"",""v"":""47170"",""p"":""0.014400""}"
2026-09-05T00:04:22.001920Z,1788566661516,TRIAUSDT,Buy,29710,0.005006,"{""T"":1788566661516,""s"":""TRIAUSDT"",""S"":""Buy"",""v"":""29710"",""p"":""0.005006""}"
2026-09-05T00:04:23.001757Z,1788566662659,TRIAUSDT,Buy,1160,0.004919,"{""T"":1788566662659,""s"":""TRIAUSDT"",""S"":""Buy"",""v"":""1160"",""p"":""0.004919""}"
2026-09-05T00:04:23.501819Z,1788566662962,TRIAUSDT,Buy,39960,0.004922,"{""T"":1788566662962,""s"":""TRIAUSDT"",""S"":""Buy"",""v"":""39960"",""p"":""0.004922""}"
2026-09-05T00:05:12.139493Z,1788566711598,AKEUSDT,Sell,400,0.0136390,"{""T"":1788566711598,""s"":""AKEUSDT"",""S"":""Sell"",""v"":""400"",""p"":""0.0136390""}"
2026-09-05T00:05:51.136029Z,1788566750726,AKEUSDT,Sell,11200,0.0137510,"{""T"":1788566750726,""s"":""AKEUSDT"",""S"":""Sell"",""v"":""11200"",""p"":""0.0137510""}"
2026-09-05T00:06:06.329885Z,1788566765944,CASHCATUSDT,Buy,400,0.23112,"{""T"":1788566765944,""s"":""CASHCATUSDT"",""S"":""Buy"",""v"":""400"",""p"":""0.23112""}"
2026-09-05T00:06:15.998262Z,1788566775424,DASHUSDT,Sell,1.56,63.90,"{""T"":1788566775424,""s"":""DASHUSDT"",""S"":""Sell"",""v"":""1.56"",""p"":""63.90""}"
2026-09-05T00:06:29.488048Z,1788566789036,TRIAUSDT,Buy,15040,0.004870,"{""T"":1788566789036,""s"":""TRIAUSDT"",""S"":""Buy"",""v"":""15040"",""p"":""0.004870""}"
2026-09-05T00:07:05.498806Z,1788566825213,DASHUSDT,Buy,0.18,62.61,"{""T"":1788566825213,""s"":""DASHUSDT"",""S"":""Buy"",""v"":""0.18"",""p"":""62.61""}"
2026-09-05T00:07:08.493462Z,1788566828312,1000BONKUSDT,Buy,13300,0.0031450,"{""T"":1788566828312,""s"":""1000BONKUSDT"",""S"":""Buy"",""v"":""13300"",""p"":""0.0031450""}"
2026-09-05T00:10:07.517670Z,1788567006937,NEARUSDT,Sell,4.9,2.2150,"{""T"":1788567006937,""s"":""NEARUSDT"",""S"":""Sell"",""v"":""4.9"",""p"":""2.2150""}"
2026-09-05T00:10:08.017257Z,1788567007679,NEARUSDT,Sell,76.9,2.2140,"{""T"":1788567007679,""s"":""NEARUSDT"",""S"":""Sell"",""v"":""76.9"",""p"":""2.2140""}"
2026-09-05T00:10:24.018618Z,1788567023677,NEARUSDT,Sell,217.5,2.2160,"{""T"":1788567023677,""s"":""NEARUSDT"",""S"":""Sell"",""v"":""217.5"",""p"":""2.2160""}"
2026-09-05T00:10:28.914836Z,1788567028447,ARBUSDT,Sell,240.1,0.13394,"{""T"":1788567028447,""s"":""ARBUSDT"",""S"":""Sell"",""v"":""240.1"",""p"":""0.13394""}"
2026-09-05T00:10:28.914836Z,1788567028731,ARBUSDT,Sell,3581.7,0.13457,"{""T"":1788567028731,""s"":""ARBUSDT"",""S"":""Sell"",""v"":""3581.7"",""p"":""0.13457""}"
2026-09-05T00:10:38.813680Z,1788567038243,PUMPFUNUSDT,Sell,24000,0.0042840,"{""T"":1788567038243,""s"":""PUMPFUNUSDT"",""S"":""Sell"",""v"":""24000"",""p"":""0.0042840""}"
2026-09-05T00:12:15.997417Z,1788567135525,DASHUSDT,Sell,1.07,64.28,"{""T"":1788567135525,""s"":""DASHUSDT"",""S"":""Sell"",""v"":""1.07"",""p"":""64.28""}"
2026-09-05T00:13:51.487044Z,1788567231075,TRIAUSDT,Buy,4660,0.004808,"{""T"":1788567231075,""s"":""TRIAUSDT"",""S"":""Buy"",""v"":""4660"",""p"":""0.004808""}"
2026-09-05T00:14:59.348618Z,1788567298771,UAIUSDT,Buy,152,0.46250,"{""T"":1788567298771,""s"":""UAIUSDT"",""S"":""Buy"",""v"":""152"",""p"":""0.46250""}"
2026-09-05T00:14:59.848669Z,1788567299388,UAIUSDT,Buy,40,0.46170,"{""T"":1788567299388,""s"":""UAIUSDT"",""S"":""Buy"",""v"":""40"",""p"":""0.46170""}"
2026-09-05T00:15:13.520073Z,1788567313218,NEARUSDT,Sell,3956.9,2.2260,"{""T"":1788567313218,""s"":""NEARUSDT"",""S"":""Sell"",""v"":""3956.9"",""p"":""2.2260""}"
2026-09-05T00:15:26.829796Z,1788567326644,PONSUSDT,Buy,786,0.6748,"{""T"":1788567326644,""s"":""PONSUSDT"",""S"":""Buy"",""v"":""786"",""p"":""0.6748""}"
2026-09-05T00:16:57.351898Z,1788567417091,UAIUSDT,Buy,369,0.45610,"{""T"":1788567417091,""s"":""UAIUSDT"",""S"":""Buy"",""v"":""369"",""p"":""0.45610""}"
2026-09-05T00:16:58.348401Z,1788567417871,UAIUSDT,Buy,11,0.45540,"{""T"":1788567417871,""s"":""UAIUSDT"",""S"":""Buy"",""v"":""11"",""p"":""0.45540""}"
2026-09-05T00:16:59.848258Z,1788567419736,UAIUSDT,Buy,138,0.45470,"{""T"":1788567419736,""s"":""UAIUSDT"",""S"":""Buy"",""v"":""138"",""p"":""0.45470""}"
2026-09-05T00:17:00.348402Z,1788567419987,UAIUSDT,Buy,243,0.45320,"{""T"":1788567419987,""s"":""UAIUSDT"",""S"":""Buy"",""v"":""243"",""p"":""0.45320""}"
2026-09-05T00:17:18.348955Z,1788567438242,UAIUSDT,Buy,81,0.45130,"{""T"":1788567438242,""s"":""UAIUSDT"",""S"":""Buy"",""v"":""81"",""p"":""0.45130""}"
2026-09-05T00:17:18.848501Z,1788567438423,UAIUSDT,Buy,11,0.45090,"{""T"":1788567438423,""s"":""UAIUSDT"",""S"":""Buy"",""v"":""11"",""p"":""0.45090""}"
2026-09-05T00:17:21.348549Z,1788567440883,UAIUSDT,Buy,70,0.45090,"{""T"":1788567440883,""s"":""UAIUSDT"",""S"":""Buy"",""v"":""70"",""p"":""0.45090""}"
2026-09-05T00:17:36.849223Z,1788567456749,UAIUSDT,Buy,608,0.44950,"{""T"":1788567456749,""s"":""UAIUSDT"",""S"":""Buy"",""v"":""608"",""p"":""0.44950""}"
2026-09-05T00:17:48.860605Z,1788567468617,AZTECUSDT,Buy,1190,0.014320,"{""T"":1788567468617,""s"":""AZTECUSDT"",""S"":""Buy"",""v"":""1190"",""p"":""0.014320""}"
2026-09-05T00:17:56.359804Z,1788567475915,AZTECUSDT,Buy,18160,0.014290,"{""T"":1788567475915,""s"":""AZTECUSDT"",""S"":""Buy"",""v"":""18160"",""p"":""0.014290""}"
2026-09-05T00:17:57.348616Z,1788567476784,UAIUSDT,Buy,92,0.44920,"{""T"":1788567476784,""s"":""UAIUSDT"",""S"":""Buy"",""v"":""92"",""p"":""0.44920""}"
2026-09-05T00:17:58.497554Z,1788567478296,VIRTUALUSDT,Buy,143,0.6494,"{""T"":1788567478296,""s"":""VIRTUALUSDT"",""S"":""Buy"",""v"":""143"",""p"":""0.6494""}"
2026-09-05T00:17:58.860290Z,1788567478296,AZTECUSDT,Buy,6430,0.014280,"{""T"":1788567478296,""s"":""AZTECUSDT"",""S"":""Buy"",""v"":""6430"",""p"":""0.014280""}"
2026-09-05T00:18:02.348833Z,1788567482138,UAIUSDT,Buy,46,0.44630,"{""T"":1788567482138,""s"":""UAIUSDT"",""S"":""Buy"",""v"":""46"",""p"":""0.44630""}"
2026-09-05T00:18:18.516661Z,1788567498138,NEARUSDT,Sell,134.5,2.2380,"{""T"":1788567498138,""s"":""NEARUSDT"",""S"":""Sell"",""v"":""134.5"",""p"":""2.2380""}"
2026-09-05T00:18:18.516661Z,1788567498260,NEARUSDT,Sell,100.0,2.2340,"{""T"":1788567498260,""s"":""NEARUSDT"",""S"":""Sell"",""v"":""100.0"",""p"":""2.2340""}"
2026-09-05T00:18:19.016772Z,1788567498564,NEARUSDT,Sell,215.8,2.2350,"{""T"":1788567498564,""s"":""NEARUSDT"",""S"":""Sell"",""v"":""215.8"",""p"":""2.2350""}"
2026-09-05T00:18:19.016772Z,1788567498801,NEARUSDT,Sell,150.0,2.2370,"{""T"":1788567498801,""s"":""NEARUSDT"",""S"":""Sell"",""v"":""150.0"",""p"":""2.2370""}"
2026-09-05T00:18:19.349189Z,1788567499102,UAIUSDT,Buy,11,0.44550,"{""T"":1788567499102,""s"":""UAIUSDT"",""S"":""Buy"",""v"":""11"",""p"":""0.44550""}"
2026-09-05T00:18:19.517049Z,1788567498950,NEARUSDT,Sell,715.3,2.2380,"{""T"":1788567498950,""s"":""NEARUSDT"",""S"":""Sell"",""v"":""715.3"",""p"":""2.2380""}"
2026-09-05T00:18:19.517049Z,1788567498951,NEARUSDT,Sell,49.2,2.2330,"{""T"":1788567498951,""s"":""NEARUSDT"",""S"":""Sell"",""v"":""49.2"",""p"":""2.2330""}"
2026-09-05T00:18:42.348813Z,1788567522188,MARSCOINUSDT,Buy,50,0.18560,"{""T"":1788567522188,""s"":""MARSCOINUSDT"",""S"":""Buy"",""v"":""50"",""p"":""0.18560""}"
2026-09-05T00:18:43.348723Z,1788567522808,MARSCOINUSDT,Buy,270,0.18562,"{""T"":1788567522808,""s"":""MARSCOINUSDT"",""S"":""Buy"",""v"":""270"",""p"":""0.18562""}"
2026-09-05T00:18:45.348312Z,1788567525117,UAIUSDT,Buy,30,0.44470,"{""T"":1788567525117,""s"":""UAIUSDT"",""S"":""Buy"",""v"":""30"",""p"":""0.44470""}"
2026-09-05T00:19:21.414830Z,1788567561149,ZECUSDT,Buy,0.95,1011.14,"{""T"":1788567561149,""s"":""ZECUSDT"",""S"":""Buy"",""v"":""0.95"",""p"":""1011.14""}"
2026-09-05T00:19:41.351796Z,1788567580799,UAIUSDT,Buy,31,0.44100,"{""T"":1788567580799,""s"":""UAIUSDT"",""S"":""Buy"",""v"":""31"",""p"":""0.44100""}"
2026-09-05T00:19:42.348659Z,1788567581795,UAIUSDT,Buy,646,0.43830,"{""T"":1788567581795,""s"":""UAIUSDT"",""S"":""Buy"",""v"":""646"",""p"":""0.43830""}"
2026-09-05T00:19:42.348659Z,1788567581814,UAIUSDT,Buy,440,0.44010,"{""T"":1788567581814,""s"":""UAIUSDT"",""S"":""Buy"",""v"":""440"",""p"":""0.44010""}"
2026-09-05T00:19:52.348961Z,1788567591931,MARSCOINUSDT,Buy,2110,0.18462,"{""T"":1788567591931,""s"":""MARSCOINUSDT"",""S"":""Buy"",""v"":""2110"",""p"":""0.18462""}"
2026-09-05T00:19:55.348475Z,1788567594950,MARSCOINUSDT,Buy,30,0.18442,"{""T"":1788567594950,""s"":""MARSCOINUSDT"",""S"":""Buy"",""v"":""30"",""p"":""0.18442""}"
2026-09-05T00:21:12.833923Z,1788567672387,PONSUSDT,Buy,862,0.6698,"{""T"":1788567672387,""s"":""PONSUSDT"",""S"":""Buy"",""v"":""862"",""p"":""0.6698""}"
2026-09-05T00:21:25.838608Z,1788567685750,XRPUSDT,Buy,324.5,1.3903,"{""T"":1788567685750,""s"":""XRPUSDT"",""S"":""Buy"",""v"":""324.5"",""p"":""1.3903""}"
2026-09-05T00:21:26.016739Z,1788567685750,NEARUSDT,Sell,562.3,2.2400,"{""T"":1788567685750,""s"":""NEARUSDT"",""S"":""Sell"",""v"":""562.3"",""p"":""2.2400""}"
2026-09-05T00:21:42.860626Z,1788567702349,WLDUSDT,Sell,1323.5,0.3875,"{""T"":1788567702349,""s"":""WLDUSDT"",""S"":""Sell"",""v"":""1323.5"",""p"":""0.3875""}"
2026-09-05T00:22:13.914908Z,1788567733689,ZECUSDT,Buy,1.46,1008.85,"{""T"":1788567733689,""s"":""ZECUSDT"",""S"":""Buy"",""v"":""1.46"",""p"":""1008.85""}"
2026-09-05T00:22:14.414866Z,1788567734218,ZECUSDT,Buy,0.02,1008.67,"{""T"":1788567734218,""s"":""ZECUSDT"",""S"":""Buy"",""v"":""0.02"",""p"":""1008.67""}"
2026-09-05T00:22:14.414866Z,1788567734260,ZECUSDT,Buy,0.01,1008.80,"{""T"":1788567734260,""s"":""ZECUSDT"",""S"":""Buy"",""v"":""0.01"",""p"":""1008.80""}"
2026-09-05T00:22:49.908345Z,1788567769537,CRVUSDT,Buy,288.0,0.3477,"{""T"":1788567769537,""s"":""CRVUSDT"",""S"":""Buy"",""v"":""288.0"",""p"":""0.3477""}"
2026-09-05T00:23:06.497684Z,1788567786093,DASHUSDT,Buy,22.81,62.27,"{""T"":1788567786093,""s"":""DASHUSDT"",""S"":""Buy"",""v"":""22.81"",""p"":""62.27""}"
2026-09-05T00:23:09.829514Z,1788567789639,PONSUSDT,Buy,664,0.6697,"{""T"":1788567789639,""s"":""PONSUSDT"",""S"":""Buy"",""v"":""664"",""p"":""0.6697""}"
2026-09-05T00:23:09.838292Z,1788567789639,LITUSDT,Buy,487.3,4.7190,"{""T"":1788567789639,""s"":""LITUSDT"",""S"":""Buy"",""v"":""487.3"",""p"":""4.7190""}"
2026-09-05T00:23:09.860335Z,1788567789434,WLDUSDT,Sell,395.6,0.3882,"{""T"":1788567789434,""s"":""WLDUSDT"",""S"":""Sell"",""v"":""395.6"",""p"":""0.3882""}"
2026-09-05T00:23:09.997317Z,1788567789639,DASHUSDT,Buy,59.57,61.98,"{""T"":1788567789639,""s"":""DASHUSDT"",""S"":""Buy"",""v"":""59.57"",""p"":""61.98""}"
2026-09-05T00:23:10.359632Z,1788567789867,WLDUSDT,Sell,114.6,0.3882,"{""T"":1788567789867,""s"":""WLDUSDT"",""S"":""Sell"",""v"":""114.6"",""p"":""0.3882""}"
2026-09-05T00:23:14.497275Z,1788567794186,DASHUSDT,Buy,44.57,61.90,"{""T"":1788567794186,""s"":""DASHUSDT"",""S"":""Buy"",""v"":""44.57"",""p"":""61.90""}"
2026-09-05T00:23:16.838107Z,1788567796312,LITUSDT,Sell,123.8,4.8530,"{""T"":1788567796312,""s"":""LITUSDT"",""S"":""Sell"",""v"":""123.8"",""p"":""4.8530""}"
2026-09-05T00:23:18.516512Z,1788567798057,NEARUSDT,Sell,28.0,2.2470,"{""T"":1788567798057,""s"":""NEARUSDT"",""S"":""Sell"",""v"":""28.0"",""p"":""2.2470""}"
2026-09-05T00:23:22.359805Z,1788567802100,WLDUSDT,Sell,429.3,0.3889,"{""T"":1788567802100,""s"":""WLDUSDT"",""S"":""Sell"",""v"":""429.3"",""p"":""0.3889""}"
2026-09-05T00:23:50.349298Z,1788567830022,MARSCOINUSDT,Buy,40,0.18343,"{""T"":1788567830022,""s"":""MARSCOINUSDT"",""S"":""Buy"",""v"":""40"",""p"":""0.18343""}"
2026-09-05T00:23:50.349298Z,1788567830085,MARSCOINUSDT,Buy,400,0.18343,"{""T"":1788567830085,""s"":""MARSCOINUSDT"",""S"":""Buy"",""v"":""400"",""p"":""0.18343""}"
2026-09-05T00:23:50.849101Z,1788567830371,MARSCOINUSDT,Buy,2030,0.18358,"{""T"":1788567830371,""s"":""MARSCOINUSDT"",""S"":""Buy"",""v"":""2030"",""p"":""0.18358""}"
2026-09-05T00:23:52.348388Z,1788567831902,MARSCOINUSDT,Buy,260,0.18317,"{""T"":1788567831902,""s"":""MARSCOINUSDT"",""S"":""Buy"",""v"":""260"",""p"":""0.18317""}"
2026-09-05T00:23:52.848457Z,1788567832505,MARSCOINUSDT,Buy,490,0.18315,"{""T"":1788567832505,""s"":""MARSCOINUSDT"",""S"":""Buy"",""v"":""490"",""p"":""0.18315""}"
2026-09-05T00:25:06.838470Z,1788567906472,LITUSDT,Buy,85.2,4.7130,"{""T"":1788567906472,""s"":""LITUSDT"",""S"":""Buy"",""v"":""85.2"",""p"":""4.7130""}"
2026-09-05T00:25:06.997948Z,1788567906899,DASHUSDT,Sell,0.89,63.53,"{""T"":1788567906899,""s"":""DASHUSDT"",""S"":""Sell"",""v"":""0.89"",""p"":""63.53""}"
2026-09-05T00:25:19.813955Z,1788567919562,SKRUSDT,Sell,2470,0.022884,"{""T"":1788567919562,""s"":""SKRUSDT"",""S"":""Sell"",""v"":""2470"",""p"":""0.022884""}"
2026-09-05T00:25:19.848343Z,1788567919562,MARSCOINUSDT,Sell,120,0.19193,"{""T"":1788567919562,""s"":""MARSCOINUSDT"",""S"":""Sell"",""v"":""120"",""p"":""0.19193""}"
2026-09-05T00:25:19.859846Z,1788567919562,TUSDT,Sell,11100,0.004361,"{""T"":1788567919562,""s"":""TUSDT"",""S"":""Sell"",""v"":""11100"",""p"":""0.004361""}"
2026-09-05T00:25:19.997718Z,1788567919558,FLOCKUSDT,Sell,5964,0.05518,"{""T"":1788567919558,""s"":""FLOCKUSDT"",""S"":""Sell"",""v"":""5964"",""p"":""0.05518""}"
2026-09-05T00:25:19.997718Z,1788567919562,FLOCKUSDT,Sell,5693,0.05548,"{""T"":1788567919562,""s"":""FLOCKUSDT"",""S"":""Sell"",""v"":""5693"",""p"":""0.05548""}"
2026-09-05T00:26:00.016779Z,1788567959861,NEARUSDT,Sell,707.5,2.2530,"{""T"":1788567959861,""s"":""NEARUSDT"",""S"":""Sell"",""v"":""707.5"",""p"":""2.2530""}"
2026-09-05T00:26:01.016901Z,1788567960830,NEARUSDT,Sell,664.9,2.2530,"{""T"":1788567960830,""s"":""NEARUSDT"",""S"":""Sell"",""v"":""664.9"",""p"":""2.2530""}"
2026-09-05T00:26:01.408425Z,1788567960830,SKHYNIXUSDT,Sell,0.386,1288.72,"{""T"":1788567960830,""s"":""SKHYNIXUSDT"",""S"":""Sell"",""v"":""0.386"",""p"":""1288.72""}"
2026-09-05T00:27:06.838090Z,1788568026441,LITUSDT,Buy,4.1,4.6980,"{""T"":1788568026441,""s"":""LITUSDT"",""S"":""Buy"",""v"":""4.1"",""p"":""4.6980""}"
2026-09-05T00:27:18.991337Z,1788568038567,MAGMAUSDT,Buy,2140,0.26060,"{""T"":1788568038567,""s"":""MAGMAUSDT"",""S"":""Buy"",""v"":""2140"",""p"":""0.26060""}"
2026-09-05T00:27:58.516252Z,1788568078417,NEARUSDT,Sell,4.2,2.2570,"{""T"":1788568078417,""s"":""NEARUSDT"",""S"":""Sell"",""v"":""4.2"",""p"":""2.2570""}"
2026-09-05T00:28:00.997091Z,1788568080732,DASHUSDT,Sell,0.64,63.98,"{""T"":1788568080732,""s"":""DASHUSDT"",""S"":""Sell"",""v"":""0.64"",""p"":""63.98""}"
2026-09-05T00:28:03.516506Z,1788568083082,TAOUSDT,Sell,0.109,228.06,"{""T"":1788568083082,""s"":""TAOUSDT"",""S"":""Sell"",""v"":""0.109"",""p"":""228.06""}"
2026-09-05T00:31:56.348963Z,1788568316128,BTRUSDT,Sell,3188,0.05219,"{""T"":1788568316128,""s"":""BTRUSDT"",""S"":""Sell"",""v"":""3188"",""p"":""0.05219""}"
2026-09-05T00:32:12.829592Z,1788568332281,PONSUSDT,Buy,7328,0.6619,"{""T"":1788568332281,""s"":""PONSUSDT"",""S"":""Buy"",""v"":""7328"",""p"":""0.6619""}"
2026-09-05T00:32:17.313679Z,1788568336822,TRUMPUSDT,Sell,1674.9,2.366,"{""T"":1788568336822,""s"":""TRUMPUSDT"",""S"":""Sell"",""v"":""1674.9"",""p"":""2.366""}"
2026-09-05T00:32:21.813632Z,1788568341641,TRUMPUSDT,Sell,2.8,2.366,"{""T"":1788568341641,""s"":""TRUMPUSDT"",""S"":""Sell"",""v"":""2.8"",""p"":""2.366""}"
2026-09-05T00:32:41.987310Z,1788568361899,MAGMAUSDT,Buy,1571,0.25880,"{""T"":1788568361899,""s"":""MAGMAUSDT"",""S"":""Buy"",""v"":""1571"",""p"":""0.25880""}"
2026-09-05T00:32:53.813900Z,1788568373562,PUMPFUNUSDT,Buy,2600,0.0041980,"{""T"":1788568373562,""s"":""PUMPFUNUSDT"",""S"":""Buy"",""v"":""2600"",""p"":""0.0041980""}"
2026-09-05T00:33:45.349051Z,1788568424882,USELESSUSDT,Sell,404,0.27888,"{""T"":1788568424882,""s"":""USELESSUSDT"",""S"":""Sell"",""v"":""404"",""p"":""0.27888""}"
2026-09-05T00:33:49.848522Z,1788568429745,USELESSUSDT,Sell,21925,0.27915,"{""T"":1788568429745,""s"":""USELESSUSDT"",""S"":""Sell"",""v"":""21925"",""p"":""0.27915""}"
2026-09-05T00:33:51.349025Z,1788568430863,USELESSUSDT,Sell,991,0.27974,"{""T"":1788568430863,""s"":""USELESSUSDT"",""S"":""Sell"",""v"":""991"",""p"":""0.27974""}"
2026-09-05T00:33:51.349025Z,1788568431008,USELESSUSDT,Sell,37,0.27977,"{""T"":1788568431008,""s"":""USELESSUSDT"",""S"":""Sell"",""v"":""37"",""p"":""0.27977""}"
2026-09-05T00:33:51.349025Z,1788568431204,USELESSUSDT,Sell,1101,0.27961,"{""T"":1788568431204,""s"":""USELESSUSDT"",""S"":""Sell"",""v"":""1101"",""p"":""0.27961""}"
2026-09-05T00:33:53.848491Z,1788568433342,USELESSUSDT,Sell,169,0.28022,"{""T"":1788568433342,""s"":""USELESSUSDT"",""S"":""Sell"",""v"":""169"",""p"":""0.28022""}"
2026-09-05T00:34:31.829945Z,1788568471445,PONSUSDT,Buy,85,0.6594,"{""T"":1788568471445,""s"":""PONSUSDT"",""S"":""Buy"",""v"":""85"",""p"":""0.6594""}"
2026-09-05T00:34:40.915892Z,1788568480668,ARBUSDT,Buy,179.2,0.12943,"{""T"":1788568480668,""s"":""ARBUSDT"",""S"":""Buy"",""v"":""179.2"",""p"":""0.12943""}"
2026-09-05T00:34:47.343072Z,1788568487210,ENAUSDT,Buy,5690,0.16006,"{""T"":1788568487210,""s"":""ENAUSDT"",""S"":""Buy"",""v"":""5690"",""p"":""0.16006""}"
2026-09-05T00:35:01.497553Z,1788568500964,DASHUSDT,Sell,0.09,64.74,"{""T"":1788568500964,""s"":""DASHUSDT"",""S"":""Sell"",""v"":""0.09"",""p"":""64.74""}"
2026-09-05T00:35:01.997917Z,1788568501734,DASHUSDT,Sell,0.70,64.93,"{""T"":1788568501734,""s"":""DASHUSDT"",""S"":""Sell"",""v"":""0.70"",""p"":""64.93""}"
2026-09-05T00:35:07.997954Z,1788568507792,DASHUSDT,Sell,15.63,65.15,"{""T"":1788568507792,""s"":""DASHUSDT"",""S"":""Sell"",""v"":""15.63"",""p"":""65.15""}"
2026-09-05T00:35:18.997540Z,1788568518551,DASHUSDT,Sell,2.06,65.55,"{""T"":1788568518551,""s"":""DASHUSDT"",""S"":""Sell"",""v"":""2.06"",""p"":""65.55""}"
2026-09-05T00:35:31.516691Z,1788568531152,TAOUSDT,Sell,0.104,229.29,"{""T"":1788568531152,""s"":""TAOUSDT"",""S"":""Sell"",""v"":""0.104"",""p"":""229.29""}"
2026-09-05T00:35:45.814319Z,1788568545607,PUMPFUNUSDT,Sell,168700,0.0042800,"{""T"":1788568545607,""s"":""PUMPFUNUSDT"",""S"":""Sell"",""v"":""168700"",""p"":""0.0042800""}"
2026-09-05T00:35:45.848698Z,1788568545607,USELESSUSDT,Sell,371,0.27554,"{""T"":1788568545607,""s"":""USELESSUSDT"",""S"":""Sell"",""v"":""371"",""p"":""0.27554""}"
2026-09-05T00:35:45.997375Z,1788568545607,FLOCKUSDT,Buy,10586,0.04969,"{""T"":1788568545607,""s"":""FLOCKUSDT"",""S"":""Buy"",""v"":""10586"",""p"":""0.04969""}"
2026-09-05T00:35:45.998110Z,1788568545607,DASHUSDT,Sell,5.02,65.41,"{""T"":1788568545607,""s"":""DASHUSDT"",""S"":""Sell"",""v"":""5.02"",""p"":""65.41""}"
2026-09-05T00:35:48.348672Z,1788568548137,MARSCOINUSDT,Buy,1170,0.18242,"{""T"":1788568548137,""s"":""MARSCOINUSDT"",""S"":""Buy"",""v"":""1170"",""p"":""0.18242""}"
2026-09-05T00:35:48.848934Z,1788568548307,MARSCOINUSDT,Buy,100,0.18236,"{""T"":1788568548307,""s"":""MARSCOINUSDT"",""S"":""Buy"",""v"":""100"",""p"":""0.18236""}"
2026-09-05T00:35:55.348930Z,1788568555096,MARSCOINUSDT,Buy,4690,0.18214,"{""T"":1788568555096,""s"":""MARSCOINUSDT"",""S"":""Buy"",""v"":""4690"",""p"":""0.18214""}"
2026-09-05T00:36:08.348947Z,1788568568248,UAIUSDT,Buy,120,0.44250,"{""T"":1788568568248,""s"":""UAIUSDT"",""S"":""Buy"",""v"":""120"",""p"":""0.44250""}"
2026-09-05T00:36:08.349519Z,1788568568248,MARSCOINUSDT,Buy,610,0.18198,"{""T"":1788568568248,""s"":""MARSCOINUSDT"",""S"":""Buy"",""v"":""610"",""p"":""0.18198""}"
2026-09-05T00:36:08.487922Z,1788568568248,MAGMAUSDT,Buy,129,0.26210,"{""T"":1788568568248,""s"":""MAGMAUSDT"",""S"":""Buy"",""v"":""129"",""p"":""0.26210""}"
2026-09-05T00:36:08.497624Z,1788568568248,FLOCKUSDT,Buy,810,0.04985,"{""T"":1788568568248,""s"":""FLOCKUSDT"",""S"":""Buy"",""v"":""810"",""p"":""0.04985""}"
2026-09-05T00:36:08.636970Z,1788568568248,4USDT,Buy,1080,0.021423,"{""T"":1788568568248,""s"":""4USDT"",""S"":""Buy"",""v"":""1080"",""p"":""0.021423""}"
2026-09-05T00:36:47.348655Z,1788568606797,MARSCOINUSDT,Buy,2090,0.18140,"{""T"":1788568606797,""s"":""MARSCOINUSDT"",""S"":""Buy"",""v"":""2090"",""p"":""0.18140""}"
2026-09-05T00:36:47.348655Z,1788568607015,MARSCOINUSDT,Buy,3370,0.18110,"{""T"":1788568607015,""s"":""MARSCOINUSDT"",""S"":""Buy"",""v"":""3370"",""p"":""0.18110""}"
2026-09-05T00:36:47.848531Z,1788568607394,MARSCOINUSDT,Buy,870,0.18139,"{""T"":1788568607394,""s"":""MARSCOINUSDT"",""S"":""Buy"",""v"":""870"",""p"":""0.18139""}"
2026-09-05T00:36:47.848531Z,1788568607506,MARSCOINUSDT,Buy,140,0.18102,"{""T"":1788568607506,""s"":""MARSCOINUSDT"",""S"":""Buy"",""v"":""140"",""p"":""0.18102""}"
2026-09-05T00:36:48.848498Z,1788568608450,MARSCOINUSDT,Buy,23370,0.18078,"{""T"":1788568608450,""s"":""MARSCOINUSDT"",""S"":""Buy"",""v"":""23370"",""p"":""0.18078""}"
2026-09-05T00:36:58.348859Z,1788568617787,MARSCOINUSDT,Buy,2730,0.17919,"{""T"":1788568617787,""s"":""MARSCOINUSDT"",""S"":""Buy"",""v"":""2730"",""p"":""0.17919""}"
2026-09-05T00:36:58.348859Z,1788568618013,MARSCOINUSDT,Buy,1070,0.17978,"{""T"":1788568618013,""s"":""MARSCOINUSDT"",""S"":""Buy"",""v"":""1070"",""p"":""0.17978""}"
2026-09-05T00:36:58.348859Z,1788568618159,MARSCOINUSDT,Buy,310,0.17967,"{""T"":1788568618159,""s"":""MARSCOINUSDT"",""S"":""Buy"",""v"":""310"",""p"":""0.17967""}"
2026-09-05T00:36:58.848794Z,1788568618609,MARSCOINUSDT,Buy,1850,0.17931,"{""T"":1788568618609,""s"":""MARSCOINUSDT"",""S"":""Buy"",""v"":""1850"",""p"":""0.17931""}"
2026-09-05T00:37:01.997505Z,1788568621519,DASHUSDT,Buy,0.21,64.07,"{""T"":1788568621519,""s"":""DASHUSDT"",""S"":""Buy"",""v"":""0.21"",""p"":""64.07""}"
2026-09-05T00:37:10.848731Z,1788568630602,MARSCOINUSDT,Buy,130,0.17897,"{""T"":1788568630602,""s"":""MARSCOINUSDT"",""S"":""Buy"",""v"":""130"",""p"":""0.17897""}"
2026-09-05T00:39:12.408316Z,1788568752007,CAPUSDT,Sell,200,0.04869,"{""T"":1788568752007,""s"":""CAPUSDT"",""S"":""Sell"",""v"":""200"",""p"":""0.04869""}"
2026-09-05T00:39:12.408316Z,1788568752165,CAPUSDT,Sell,70,0.04885,"{""T"":1788568752165,""s"":""CAPUSDT"",""S"":""Sell"",""v"":""70"",""p"":""0.04885""}"
2026-09-05T00:39:24.909007Z,1788568764506,CAPUSDT,Sell,11220,0.04901,"{""T"":1788568764506,""s"":""CAPUSDT"",""S"":""Sell"",""v"":""11220"",""p"":""0.04901""}"
2026-09-05T00:39:25.909162Z,1788568765341,CAPUSDT,Sell,3410,0.04913,"{""T"":1788568765341,""s"":""CAPUSDT"",""S"":""Sell"",""v"":""3410"",""p"":""0.04913""}"
2026-09-05T00:40:59.829184Z,1788568859433,CASHCATUSDT,Buy,3940,0.22806,"{""T"":1788568859433,""s"":""CASHCATUSDT"",""S"":""Buy"",""v"":""3940"",""p"":""0.22806""}"
2026-09-05T00:41:06.497344Z,1788568866190,DASHUSDT,Buy,0.57,63.50,"{""T"":1788568866190,""s"":""DASHUSDT"",""S"":""Buy"",""v"":""0.57"",""p"":""63.50""}"
2026-09-05T00:41:07.997856Z,1788568867557,FLOCKUSDT,Buy,1417,0.04934,"{""T"":1788568867557,""s"":""FLOCKUSDT"",""S"":""Buy"",""v"":""1417"",""p"":""0.04934""}"
2026-09-05T00:42:01.493625Z,1788568921305,1000BONKUSDT,Sell,261100,0.0033290,"{""T"":1788568921305,""s"":""1000BONKUSDT"",""S"":""Sell"",""v"":""261100"",""p"":""0.0033290""}"
2026-09-05T00:42:21.834552Z,1788568941695,PONSUSDT,Buy,4570,0.6569,"{""T"":1788568941695,""s"":""PONSUSDT"",""S"":""Buy"",""v"":""4570"",""p"":""0.6569""}"
2026-09-05T00:42:49.017205Z,1788568968473,NEARUSDT,Sell,2305.4,2.2640,"{""T"":1788568968473,""s"":""NEARUSDT"",""S"":""Sell"",""v"":""2305.4"",""p"":""2.2640""}"
2026-09-05T00:43:23.135970Z,1788569002714,AKEUSDT,Buy,3000,0.0127130,"{""T"":1788569002714,""s"":""AKEUSDT"",""S"":""Buy"",""v"":""3000"",""p"":""0.0127130""}"
2026-09-05T00:43:34.832680Z,1788569014448,CASHCATUSDT,Buy,7970,0.22581,"{""T"":1788569014448,""s"":""CASHCATUSDT"",""S"":""Buy"",""v"":""7970"",""p"":""0.22581""}"
2026-09-05T00:43:43.998188Z,1788569023788,DASHUSDT,Buy,0.70,63.50,"{""T"":1788569023788,""s"":""DASHUSDT"",""S"":""Buy"",""v"":""0.70"",""p"":""63.50""}"
2026-09-05T00:43:55.329649Z,1788569035035,CASHCATUSDT,Buy,970,0.22545,"{""T"":1788569035035,""s"":""CASHCATUSDT"",""S"":""Buy"",""v"":""970"",""p"":""0.22545""}"
2026-09-05T00:43:55.829365Z,1788569035518,CASHCATUSDT,Buy,1240,0.22526,"{""T"":1788569035518,""s"":""CASHCATUSDT"",""S"":""Buy"",""v"":""1240"",""p"":""0.22526""}"
2026-09-05T00:44:06.829793Z,1788569046363,PONSUSDT,Buy,11,0.6534,"{""T"":1788569046363,""s"":""PONSUSDT"",""S"":""Buy"",""v"":""11"",""p"":""0.6534""}"
2026-09-05T00:44:06.829793Z,1788569046538,PONSUSDT,Buy,1541,0.6528,"{""T"":1788569046538,""s"":""PONSUSDT"",""S"":""Buy"",""v"":""1541"",""p"":""0.6528""}"
2026-09-05T00:44:06.829793Z,1788569046570,PONSUSDT,Buy,26,0.6536,"{""T"":1788569046570,""s"":""PONSUSDT"",""S"":""Buy"",""v"":""26"",""p"":""0.6536""}"
2026-09-05T00:44:07.829630Z,1788569047304,PONSUSDT,Buy,10,0.6525,"{""T"":1788569047304,""s"":""PONSUSDT"",""S"":""Buy"",""v"":""10"",""p"":""0.6525""}"
2026-09-05T00:44:33.829606Z,1788569073464,CASHCATUSDT,Buy,400,0.22443,"{""T"":1788569073464,""s"":""CASHCATUSDT"",""S"":""Buy"",""v"":""400"",""p"":""0.22443""}"
2026-09-05T00:44:59.331001Z,1788569098819,CASHCATUSDT,Buy,3700,0.22385,"{""T"":1788569098819,""s"":""CASHCATUSDT"",""S"":""Buy"",""v"":""3700"",""p"":""0.22385""}"
2026-09-05T00:45:01.329284Z,1788569101159,CASHCATUSDT,Buy,400,0.22230,"{""T"":1788569101159,""s"":""CASHCATUSDT"",""S"":""Buy"",""v"":""400"",""p"":""0.22230""}"
2026-09-05T00:45:06.829547Z,1788569106709,CASHCATUSDT,Buy,8000,0.22183,"{""T"":1788569106709,""s"":""CASHCATUSDT"",""S"":""Buy"",""v"":""8000"",""p"":""0.22183""}"
2026-09-05T00:45:18.329442Z,1788569118089,CASHCATUSDT,Buy,1300,0.22072,"{""T"":1788569118089,""s"":""CASHCATUSDT"",""S"":""Buy"",""v"":""1300"",""p"":""0.22072""}"
2026-09-05T00:45:28.830129Z,1788569128391,CASHCATUSDT,Buy,39170,0.21869,"{""T"":1788569128391,""s"":""CASHCATUSDT"",""S"":""Buy"",""v"":""39170"",""p"":""0.21869""}"
2026-09-05T00:45:34.487137Z,1788569134348,MAGMAUSDT,Buy,321,0.25740,"{""T"":1788569134348,""s"":""MAGMAUSDT"",""S"":""Buy"",""v"":""321"",""p"":""0.25740""}"
2026-09-05T00:45:34.829513Z,1788569134348,CASHCATUSDT,Buy,80,0.21793,"{""T"":1788569134348,""s"":""CASHCATUSDT"",""S"":""Buy"",""v"":""80"",""p"":""0.21793""}"
2026-09-05T00:45:36.329591Z,1788569135962,CASHCATUSDT,Buy,30,0.21743,"{""T"":1788569135962,""s"":""CASHCATUSDT"",""S"":""Buy"",""v"":""30"",""p"":""0.21743""}"
2026-09-05T00:45:38.329655Z,1788569138125,CASHCATUSDT,Buy,100,0.21675,"{""T"":1788569138125,""s"":""CASHCATUSDT"",""S"":""Buy"",""v"":""100"",""p"":""0.21675""}"
2026-09-05T00:45:41.329534Z,1788569140994,CASHCATUSDT,Buy,320,0.21584,"{""T"":1788569140994,""s"":""CASHCATUSDT"",""S"":""Buy"",""v"":""320"",""p"":""0.21584""}"
2026-09-05T00:45:41.329534Z,1788569141078,CASHCATUSDT,Buy,10000,0.21561,"{""T"":1788569141078,""s"":""CASHCATUSDT"",""S"":""Buy"",""v"":""10000"",""p"":""0.21561""}"
2026-09-05T00:45:42.829717Z,1788569142616,CASHCATUSDT,Buy,80,0.21505,"{""T"":1788569142616,""s"":""CASHCATUSDT"",""S"":""Buy"",""v"":""80"",""p"":""0.21505""}"
2026-09-05T00:45:58.325745Z,1788569157866,ZORAUSDT,Sell,58250,0.009068,"{""T"":1788569157866,""s"":""ZORAUSDT"",""S"":""Sell"",""v"":""58250"",""p"":""0.009068""}"
2026-09-05T00:46:02.136264Z,1788569161934,AKEUSDT,Buy,500,0.0125730,"{""T"":1788569161934,""s"":""AKEUSDT"",""S"":""Buy"",""v"":""500"",""p"":""0.0125730""}"
2026-09-05T00:46:31.360925Z,1788569190997,TUSDT,Buy,8250,0.004122,"{""T"":1788569190997,""s"":""TUSDT"",""S"":""Buy"",""v"":""8250"",""p"":""0.004122""}"
2026-09-05T00:46:48.348904Z,1788569208030,ENSUSDT,Buy,17.2,5.715,"{""T"":1788569208030,""s"":""ENSUSDT"",""S"":""Buy"",""v"":""17.2"",""p"":""5.715""}"
2026-09-05T00:47:10.415215Z,1788569230283,1000PEPEUSDT,Buy,100500,0.0034520,"{""T"":1788569230283,""s"":""1000PEPEUSDT"",""S"":""Buy"",""v"":""100500"",""p"":""0.0034520""}"
2026-09-05T00:47:10.636122Z,1788569230203,HEMIUSDT,Buy,22782,0.013795,"{""T"":1788569230203,""s"":""HEMIUSDT"",""S"":""Buy"",""v"":""22782"",""p"":""0.013795""}"
2026-09-05T00:47:17.997850Z,1788569237897,DASHUSDT,Buy,10.42,63.56,"{""T"":1788569237897,""s"":""DASHUSDT"",""S"":""Buy"",""v"":""10.42"",""p"":""63.56""}"
2026-09-05T00:47:24.329362Z,1788569244076,CASHCATUSDT,Buy,37270,0.21273,"{""T"":1788569244076,""s"":""CASHCATUSDT"",""S"":""Buy"",""v"":""37270"",""p"":""0.21273""}"
2026-09-05T00:47:25.329788Z,1788569244746,CASHCATUSDT,Buy,1870,0.21221,"{""T"":1788569244746,""s"":""CASHCATUSDT"",""S"":""Buy"",""v"":""1870"",""p"":""0.21221""}"
2026-09-05T00:47:27.997521Z,1788569247839,DASHUSDT,Buy,4.91,63.45,"{""T"":1788569247839,""s"":""DASHUSDT"",""S"":""Buy"",""v"":""4.91"",""p"":""63.45""}"
2026-09-05T00:47:31.329916Z,1788569251084,CASHCATUSDT,Buy,4570,0.21155,"{""T"":1788569251084,""s"":""CASHCATUSDT"",""S"":""Buy"",""v"":""4570"",""p"":""0.21155""}"
2026-09-05T00:47:32.997341Z,1788569252736,DASHUSDT,Buy,0.27,63.41,"{""T"":1788569252736,""s"":""DASHUSDT"",""S"":""Buy"",""v"":""0.27"",""p"":""63.41""}"
2026-09-05T00:47:33.997373Z,1788569253663,DASHUSDT,Buy,2.70,63.31,"{""T"":1788569253663,""s"":""DASHUSDT"",""S"":""Buy"",""v"":""2.70"",""p"":""63.31""}"
2026-09-05T00:47:33.997373Z,1788569253740,DASHUSDT,Buy,7.73,63.32,"{""T"":1788569253740,""s"":""DASHUSDT"",""S"":""Buy"",""v"":""7.73"",""p"":""63.32""}"
2026-09-05T00:49:22.516870Z,1788569362379,NEARUSDT,Buy,3.0,2.1990,"{""T"":1788569362379,""s"":""NEARUSDT"",""S"":""Buy"",""v"":""3.0"",""p"":""2.1990""}"
2026-09-05T00:49:23.516990Z,1788569363045,NEARUSDT,Buy,884.1,2.1990,"{""T"":1788569363045,""s"":""NEARUSDT"",""S"":""Buy"",""v"":""884.1"",""p"":""2.1990""}"
2026-09-05T00:50:01.997738Z,1788569401670,DASHUSDT,Sell,3.92,65.30,"{""T"":1788569401670,""s"":""DASHUSDT"",""S"":""Sell"",""v"":""3.92"",""p"":""65.30""}"
2026-09-05T00:51:04.497605Z,1788569464295,DASHUSDT,Sell,5.89,66.00,"{""T"":1788569464295,""s"":""DASHUSDT"",""S"":""Sell"",""v"":""5.89"",""p"":""66.00""}"
2026-09-05T00:51:04.997544Z,1788569464474,DASHUSDT,Sell,42.25,65.97,"{""T"":1788569464474,""s"":""DASHUSDT"",""S"":""Sell"",""v"":""42.25"",""p"":""65.97""}"
2026-09-05T00:51:04.997544Z,1788569464567,DASHUSDT,Sell,6.82,65.82,"{""T"":1788569464567,""s"":""DASHUSDT"",""S"":""Sell"",""v"":""6.82"",""p"":""65.82""}"
2026-09-05T00:51:04.997544Z,1788569464786,DASHUSDT,Sell,3.38,66.00,"{""T"":1788569464786,""s"":""DASHUSDT"",""S"":""Sell"",""v"":""3.38"",""p"":""66.00""}"
2026-09-05T00:51:06.997344Z,1788569466579,DASHUSDT,Sell,2.49,66.07,"{""T"":1788569466579,""s"":""DASHUSDT"",""S"":""Sell"",""v"":""2.49"",""p"":""66.07""}"
2026-09-05T00:51:41.997347Z,1788569501738,DASHUSDT,Sell,2.47,66.27,"{""T"":1788569501738,""s"":""DASHUSDT"",""S"":""Sell"",""v"":""2.47"",""p"":""66.27""}"
2026-09-05T00:51:46.997518Z,1788569506665,FLOCKUSDT,Buy,185,0.04860,"{""T"":1788569506665,""s"":""FLOCKUSDT"",""S"":""Buy"",""v"":""185"",""p"":""0.04860""}"
2026-09-05T00:53:04.849167Z,1788569584664,MARSCOINUSDT,Sell,700,0.19325,"{""T"":1788569584664,""s"":""MARSCOINUSDT"",""S"":""Sell"",""v"":""700"",""p"":""0.19325""}"
2026-09-05T00:53:25.352039Z,1788569605191,MARSCOINUSDT,Sell,11810,0.19448,"{""T"":1788569605191,""s"":""MARSCOINUSDT"",""S"":""Sell"",""v"":""11810"",""p"":""0.19448""}"
2026-09-05T00:54:34.992809Z,1788569674817,SUIUSDT,Sell,420,0.77470,"{""T"":1788569674817,""s"":""SUIUSDT"",""S"":""Sell"",""v"":""420"",""p"":""0.77470""}"
2026-09-05T00:55:09.992640Z,1788569709903,SUIUSDT,Sell,4300,0.77500,"{""T"":1788569709903,""s"":""SUIUSDT"",""S"":""Sell"",""v"":""4300"",""p"":""0.77500""}"
2026-09-05T00:55:10.338834Z,1788569709903,XRPUSDT,Sell,6961.7,1.4056,"{""T"":1788569709903,""s"":""XRPUSDT"",""S"":""Sell"",""v"":""6961.7"",""p"":""1.4056""}"
2026-09-05T00:56:22.997741Z,1788569782685,FLOCKUSDT,Sell,320,0.05260,"{""T"":1788569782685,""s"":""FLOCKUSDT"",""S"":""Sell"",""v"":""320"",""p"":""0.05260""}"
2026-09-05T00:56:23.497229Z,1788569783383,FLOCKUSDT,Sell,12083,0.05319,"{""T"":1788569783383,""s"":""FLOCKUSDT"",""S"":""Sell"",""v"":""12083"",""p"":""0.05319""}"
2026-09-05T00:56:24.498273Z,1788569784041,FLOCKUSDT,Sell,311348,0.05332,"{""T"":1788569784041,""s"":""FLOCKUSDT"",""S"":""Sell"",""v"":""311348"",""p"":""0.05332""}"
2026-09-05T00:56:24.498273Z,1788569784222,FLOCKUSDT,Sell,5,0.05265,"{""T"":1788569784222,""s"":""FLOCKUSDT"",""S"":""Sell"",""v"":""5"",""p"":""0.05265""}"
2026-09-05T00:56:30.636309Z,1788569790174,AKEUSDT,Sell,21700,0.0139470,"{""T"":1788569790174,""s"":""AKEUSDT"",""S"":""Sell"",""v"":""21700"",""p"":""0.0139470""}"
2026-09-05T00:56:54.136363Z,1788569813688,AKEUSDT,Sell,38200,0.0142410,"{""T"":1788569813688,""s"":""AKEUSDT"",""S"":""Sell"",""v"":""38200"",""p"":""0.0142410""}"
2026-09-05T00:56:54.136363Z,1788569813897,AKEUSDT,Sell,55500,0.0142390,"{""T"":1788569813897,""s"":""AKEUSDT"",""S"":""Sell"",""v"":""55500"",""p"":""0.0142390""}"
2026-09-05T00:56:55.136108Z,1788569814754,AKEUSDT,Sell,6400,0.0142650,"{""T"":1788569814754,""s"":""AKEUSDT"",""S"":""Sell"",""v"":""6400"",""p"":""0.0142650""}"
2026-09-05T00:56:55.136108Z,1788569815006,AKEUSDT,Sell,800,0.0142620,"{""T"":1788569815006,""s"":""AKEUSDT"",""S"":""Sell"",""v"":""800"",""p"":""0.0142620""}"
2026-09-05T00:56:55.636068Z,1788569815372,AKEUSDT,Sell,8700,0.0142810,"{""T"":1788569815372,""s"":""AKEUSDT"",""S"":""Sell"",""v"":""8700"",""p"":""0.0142810""}"
2026-09-05T00:57:05.636247Z,1788569825412,AKEUSDT,Sell,1000,0.0143870,"{""T"":1788569825412,""s"":""AKEUSDT"",""S"":""Sell"",""v"":""1000"",""p"":""0.0143870""}"
2026-09-05T00:57:13.136220Z,1788569832742,AKEUSDT,Sell,9000,0.0144290,"{""T"":1788569832742,""s"":""AKEUSDT"",""S"":""Sell"",""v"":""9000"",""p"":""0.0144290""}"
2026-09-05T00:59:01.829635Z,1788569941651,PONSUSDT,Buy,489,0.6377,"{""T"":1788569941651,""s"":""PONSUSDT"",""S"":""Buy"",""v"":""489"",""p"":""0.6377""}"
2026-09-05T00:59:02.329457Z,1788569941762,PONSUSDT,Buy,544,0.6380,"{""T"":1788569941762,""s"":""PONSUSDT"",""S"":""Buy"",""v"":""544"",""p"":""0.6380""}"
2026-09-05T00:59:02.497256Z,1788569941928,DASHUSDT,Buy,56.65,63.82,"{""T"":1788569941928,""s"":""DASHUSDT"",""S"":""Buy"",""v"":""56.65"",""p"":""63.82""}"
2026-09-05T00:59:08.330669Z,1788569948240,PONSUSDT,Buy,364,0.6368,"{""T"":1788569948240,""s"":""PONSUSDT"",""S"":""Buy"",""v"":""364"",""p"":""0.6368""}"
2026-09-05T00:59:09.329686Z,1788569949094,PONSUSDT,Buy,22,0.6373,"{""T"":1788569949094,""s"":""PONSUSDT"",""S"":""Buy"",""v"":""22"",""p"":""0.6373""}"
2026-09-05T00:59:30.829941Z,1788569970712,PONSUSDT,Buy,1000,0.6363,"{""T"":1788569970712,""s"":""PONSUSDT"",""S"":""Buy"",""v"":""1000"",""p"":""0.6363""}"
2026-09-05T00:59:45.814684Z,1788569985290,HYPEUSDT,Buy,1.03,83.750,"{""T"":1788569985290,""s"":""HYPEUSDT"",""S"":""Buy"",""v"":""1.03"",""p"":""83.750""}"
2026-09-05T00:59:45.830284Z,1788569985290,PONSUSDT,Buy,367,0.6323,"{""T"":1788569985290,""s"":""PONSUSDT"",""S"":""Buy"",""v"":""367"",""p"":""0.6323""}"
2026-09-05T01:00:13.636909Z,1788570013236,AKEUSDT,Sell,800,0.0146160,"{""T"":1788570013236,""s"":""AKEUSDT"",""S"":""Sell"",""v"":""800"",""p"":""0.0146160""}"
2026-09-05T01:00:15.635925Z,1788570015405,AKEUSDT,Sell,2000,0.0146290,"{""T"":1788570015405,""s"":""AKEUSDT"",""S"":""Sell"",""v"":""2000"",""p"":""0.0146290""}"
2026-09-05T01:00:17.329839Z,1788570017060,PONSUSDT,Buy,22,0.6313,"{""T"":1788570017060,""s"":""PONSUSDT"",""S"":""Buy"",""v"":""22"",""p"":""0.6313""}"
2026-09-05T01:00:17.636768Z,1788570017163,AKEUSDT,Sell,700,0.0146450,"{""T"":1788570017163,""s"":""AKEUSDT"",""S"":""Sell"",""v"":""700"",""p"":""0.0146450""}"
2026-09-05T01:00:17.636768Z,1788570017210,AKEUSDT,Sell,4900,0.0146470,"{""T"":1788570017210,""s"":""AKEUSDT"",""S"":""Sell"",""v"":""4900"",""p"":""0.0146470""}"
2026-09-05T01:00:19.136387Z,1788570018680,AKEUSDT,Sell,6800,0.0146720,"{""T"":1788570018680,""s"":""AKEUSDT"",""S"":""Sell"",""v"":""6800"",""p"":""0.0146720""}"
2026-09-05T01:00:22.636069Z,1788570022518,AKEUSDT,Sell,265800,0.0147170,"{""T"":1788570022518,""s"":""AKEUSDT"",""S"":""Sell"",""v"":""265800"",""p"":""0.0147170""}"
2026-09-05T01:01:36.498133Z,1788570095992,DASHUSDT,Buy,0.76,63.60,"{""T"":1788570095992,""s"":""DASHUSDT"",""S"":""Buy"",""v"":""0.76"",""p"":""63.60""}"
2026-09-05T01:01:36.498133Z,1788570096170,DASHUSDT,Buy,23.87,63.65,"{""T"":1788570096170,""s"":""DASHUSDT"",""S"":""Buy"",""v"":""23.87"",""p"":""63.65""}"
2026-09-05T01:01:52.500880Z,1788570112374,FLOCKUSDT,Sell,13423,0.05317,"{""T"":1788570112374,""s"":""FLOCKUSDT"",""S"":""Sell"",""v"":""13423"",""p"":""0.05317""}"
2026-09-05T01:01:52.636839Z,1788570112374,AKEUSDT,Sell,88600,0.0147000,"{""T"":1788570112374,""s"":""AKEUSDT"",""S"":""Sell"",""v"":""88600"",""p"":""0.0147000""}"
2026-09-05T01:01:52.848530Z,1788570112374,MARSCOINUSDT,Sell,4910,0.19435,"{""T"":1788570112374,""s"":""MARSCOINUSDT"",""S"":""Sell"",""v"":""4910"",""p"":""0.19435""}"
2026-09-05T01:01:52.848963Z,1788570112374,USELESSUSDT,Sell,5032,0.27936,"{""T"":1788570112374,""s"":""USELESSUSDT"",""S"":""Sell"",""v"":""5032"",""p"":""0.27936""}"
2026-09-05T01:02:04.997815Z,1788570124532,DASHUSDT,Sell,0.12,65.16,"{""T"":1788570124532,""s"":""DASHUSDT"",""S"":""Sell"",""v"":""0.12"",""p"":""65.16""}"
2026-09-05T01:02:06.136250Z,1788570125950,AKEUSDT,Sell,9700,0.0148820,"{""T"":1788570125950,""s"":""AKEUSDT"",""S"":""Sell"",""v"":""9700"",""p"":""0.0148820""}"
2026-09-05T01:02:06.349745Z,1788570125950,USELESSUSDT,Sell,1173,0.27983,"{""T"":1788570125950,""s"":""USELESSUSDT"",""S"":""Sell"",""v"":""1173"",""p"":""0.27983""}"
2026-09-05T01:02:06.492811Z,1788570125950,ONGUSDT,Buy,2065,0.09546,"{""T"":1788570125950,""s"":""ONGUSDT"",""S"":""Buy"",""v"":""2065"",""p"":""0.09546""}"
2026-09-05T01:02:08.636112Z,1788570128194,AKEUSDT,Sell,6400,0.0149040,"{""T"":1788570128194,""s"":""AKEUSDT"",""S"":""Sell"",""v"":""6400"",""p"":""0.0149040""}"
2026-09-05T01:02:08.848564Z,1788570128617,USELESSUSDT,Sell,110,0.28214,"{""T"":1788570128617,""s"":""USELESSUSDT"",""S"":""Sell"",""v"":""110"",""p"":""0.28214""}"
2026-09-05T01:02:08.848564Z,1788570128619,USELESSUSDT,Sell,46,0.28174,"{""T"":1788570128619,""s"":""USELESSUSDT"",""S"":""Sell"",""v"":""46"",""p"":""0.28174""}"
2026-09-05T01:02:09.348664Z,1788570129048,USELESSUSDT,Sell,70,0.28042,"{""T"":1788570129048,""s"":""USELESSUSDT"",""S"":""Sell"",""v"":""70"",""p"":""0.28042""}"
2026-09-05T01:02:09.348664Z,1788570129149,USELESSUSDT,Sell,500,0.28084,"{""T"":1788570129149,""s"":""USELESSUSDT"",""S"":""Sell"",""v"":""500"",""p"":""0.28084""}"
2026-09-05T01:02:09.848658Z,1788570129340,USELESSUSDT,Sell,13,0.28225,"{""T"":1788570129340,""s"":""USELESSUSDT"",""S"":""Sell"",""v"":""13"",""p"":""0.28225""}"
2026-09-05T01:02:09.848658Z,1788570129443,USELESSUSDT,Sell,1747,0.28105,"{""T"":1788570129443,""s"":""USELESSUSDT"",""S"":""Sell"",""v"":""1747"",""p"":""0.28105""}"
2026-09-05T01:02:09.848658Z,1788570129490,USELESSUSDT,Sell,29,0.28070,"{""T"":1788570129490,""s"":""USELESSUSDT"",""S"":""Sell"",""v"":""29"",""p"":""0.28070""}"
2026-09-05T01:02:09.848658Z,1788570129498,USELESSUSDT,Sell,10828,0.28042,"{""T"":1788570129498,""s"":""USELESSUSDT"",""S"":""Sell"",""v"":""10828"",""p"":""0.28042""}"
2026-09-05T01:02:11.348740Z,1788570130788,USELESSUSDT,Sell,4239,0.28288,"{""T"":1788570130788,""s"":""USELESSUSDT"",""S"":""Sell"",""v"":""4239"",""p"":""0.28288""}"
2026-09-05T01:02:11.849027Z,1788570131474,USELESSUSDT,Sell,3561,0.28278,"{""T"":1788570131474,""s"":""USELESSUSDT"",""S"":""Sell"",""v"":""3561"",""p"":""0.28278""}"
2026-09-05T01:02:11.849027Z,1788570131497,USELESSUSDT,Sell,3304,0.28286,"{""T"":1788570131497,""s"":""USELESSUSDT"",""S"":""Sell"",""v"":""3304"",""p"":""0.28286""}"
2026-09-05T01:02:15.829713Z,1788570135492,PONSUSDT,Buy,581,0.6291,"{""T"":1788570135492,""s"":""PONSUSDT"",""S"":""Buy"",""v"":""581"",""p"":""0.6291""}"
2026-09-05T01:02:15.830351Z,1788570135492,NIULAIUSDT,Sell,3450,0.08658,"{""T"":1788570135492,""s"":""NIULAIUSDT"",""S"":""Sell"",""v"":""3450"",""p"":""0.08658""}"
2026-09-05T01:02:15.848632Z,1788570135492,MARSCOINUSDT,Buy,1180,0.18435,"{""T"":1788570135492,""s"":""MARSCOINUSDT"",""S"":""Buy"",""v"":""1180"",""p"":""0.18435""}"
2026-09-05T01:02:18.329606Z,1788570137769,PONSUSDT,Buy,58,0.6281,"{""T"":1788570137769,""s"":""PONSUSDT"",""S"":""Buy"",""v"":""58"",""p"":""0.6281""}"
2026-09-05T01:02:19.329982Z,1788570138782,PONSUSDT,Buy,60,0.6277,"{""T"":1788570138782,""s"":""PONSUSDT"",""S"":""Buy"",""v"":""60"",""p"":""0.6277""}"
2026-09-05T01:02:21.829578Z,1788570141520,NIULAIUSDT,Sell,430,0.08677,"{""T"":1788570141520,""s"":""NIULAIUSDT"",""S"":""Sell"",""v"":""430"",""p"":""0.08677""}"
2026-09-05T01:02:32.832994Z,1788570152363,PONSUSDT,Buy,1000,0.6249,"{""T"":1788570152363,""s"":""PONSUSDT"",""S"":""Buy"",""v"":""1000"",""p"":""0.6249""}"
2026-09-05T01:02:36.329587Z,1788570156023,PONSUSDT,Buy,2240,0.6242,"{""T"":1788570156023,""s"":""PONSUSDT"",""S"":""Buy"",""v"":""2240"",""p"":""0.6242""}"
2026-09-05T01:02:36.329587Z,1788570156105,PONSUSDT,Buy,3027,0.6222,"{""T"":1788570156105,""s"":""PONSUSDT"",""S"":""Buy"",""v"":""3027"",""p"":""0.6222""}"
2026-09-05T01:02:36.829576Z,1788570156628,PONSUSDT,Buy,1533,0.6212,"{""T"":1788570156628,""s"":""PONSUSDT"",""S"":""Buy"",""v"":""1533"",""p"":""0.6212""}"
2026-09-05T01:02:36.829576Z,1788570156670,PONSUSDT,Buy,38,0.6210,"{""T"":1788570156670,""s"":""PONSUSDT"",""S"":""Buy"",""v"":""38"",""p"":""0.6210""}"
2026-09-05T01:02:37.329386Z,1788570156881,PONSUSDT,Buy,270,0.6236,"{""T"":1788570156881,""s"":""PONSUSDT"",""S"":""Buy"",""v"":""270"",""p"":""0.6236""}"
2026-09-05T01:02:38.329473Z,1788570157806,PONSUSDT,Buy,1495,0.6197,"{""T"":1788570157806,""s"":""PONSUSDT"",""S"":""Buy"",""v"":""1495"",""p"":""0.6197""}"
2026-09-05T01:02:39.329947Z,1788570158984,PONSUSDT,Buy,21,0.6193,"{""T"":1788570158984,""s"":""PONSUSDT"",""S"":""Buy"",""v"":""21"",""p"":""0.6193""}"
2026-09-05T01:02:55.832193Z,1788570175672,NIULAIUSDT,Sell,1010,0.08681,"{""T"":1788570175672,""s"":""NIULAIUSDT"",""S"":""Sell"",""v"":""1010"",""p"":""0.08681""}"
2026-09-05T01:02:55.849085Z,1788570175672,MARSCOINUSDT,Buy,530,0.18336,"{""T"":1788570175672,""s"":""MARSCOINUSDT"",""S"":""Buy"",""v"":""530"",""p"":""0.18336""}"
2026-09-05T01:02:55.849555Z,1788570175672,USELESSUSDT,Sell,252,0.28390,"{""T"":1788570175672,""s"":""USELESSUSDT"",""S"":""Sell"",""v"":""252"",""p"":""0.28390""}"
2026-09-05T01:02:55.849555Z,1788570175741,USELESSUSDT,Sell,211,0.28387,"{""T"":1788570175741,""s"":""USELESSUSDT"",""S"":""Sell"",""v"":""211"",""p"":""0.28387""}"
2026-09-05T01:02:56.348592Z,1788570175794,USELESSUSDT,Sell,174,0.28303,"{""T"":1788570175794,""s"":""USELESSUSDT"",""S"":""Sell"",""v"":""174"",""p"":""0.28303""}"
2026-09-05T01:02:56.348592Z,1788570175831,USELESSUSDT,Sell,604,0.28328,"{""T"":1788570175831,""s"":""USELESSUSDT"",""S"":""Sell"",""v"":""604"",""p"":""0.28328""}"
2026-09-05T01:02:56.348592Z,1788570175939,USELESSUSDT,Sell,1256,0.28394,"{""T"":1788570175939,""s"":""USELESSUSDT"",""S"":""Sell"",""v"":""1256"",""p"":""0.28394""}"
2026-09-05T01:02:56.348592Z,1788570176061,USELESSUSDT,Sell,1512,0.28311,"{""T"":1788570176061,""s"":""USELESSUSDT"",""S"":""Sell"",""v"":""1512"",""p"":""0.28311""}"
2026-09-05T01:02:56.348592Z,1788570176235,USELESSUSDT,Sell,2317,0.28349,"{""T"":1788570176235,""s"":""USELESSUSDT"",""S"":""Sell"",""v"":""2317"",""p"":""0.28349""}"
2026-09-05T01:02:56.848417Z,1788570176583,USELESSUSDT,Sell,1358,0.28414,"{""T"":1788570176583,""s"":""USELESSUSDT"",""S"":""Sell"",""v"":""1358"",""p"":""0.28414""}"
2026-09-05T01:02:56.848417Z,1788570176612,USELESSUSDT,Sell,94,0.28437,"{""T"":1788570176612,""s"":""USELESSUSDT"",""S"":""Sell"",""v"":""94"",""p"":""0.28437""}"
2026-09-05T01:02:57.348365Z,1788570177135,USELESSUSDT,Sell,88,0.28424,"{""T"":1788570177135,""s"":""USELESSUSDT"",""S"":""Sell"",""v"":""88"",""p"":""0.28424""}"
2026-09-05T01:02:57.849358Z,1788570177413,USELESSUSDT,Sell,332,0.28404,"{""T"":1788570177413,""s"":""USELESSUSDT"",""S"":""Sell"",""v"":""332"",""p"":""0.28404""}"
2026-09-05T01:03:01.414766Z,1788570181056,ZECUSDT,Buy,0.10,1007.90,"{""T"":1788570181056,""s"":""ZECUSDT"",""S"":""Buy"",""v"":""0.10"",""p"":""1007.90""}"
2026-09-05T01:03:34.498181Z,1788570214090,DASHUSDT,Sell,2.57,65.54,"{""T"":1788570214090,""s"":""DASHUSDT"",""S"":""Sell"",""v"":""2.57"",""p"":""65.54""}"
2026-09-05T01:03:47.636617Z,1788570227304,AKEUSDT,Buy,278800,0.0141500,"{""T"":1788570227304,""s"":""AKEUSDT"",""S"":""Buy"",""v"":""278800"",""p"":""0.0141500""}"
2026-09-05T01:04:04.136572Z,1788570243941,AKEUSDT,Buy,1900,0.0140040,"{""T"":1788570243941,""s"":""AKEUSDT"",""S"":""Buy"",""v"":""1900"",""p"":""0.0140040""}"
2026-09-05T01:04:04.136572Z,1788570244012,AKEUSDT,Buy,5700,0.0140050,"{""T"":1788570244012,""s"":""AKEUSDT"",""S"":""Buy"",""v"":""5700"",""p"":""0.0140050""}"
2026-09-05T01:05:29.348963Z,1788570328781,MARSCOINUSDT,Buy,50,0.17923,"{""T"":1788570328781,""s"":""MARSCOINUSDT"",""S"":""Buy"",""v"":""50"",""p"":""0.17923""}"
2026-09-05T01:05:29.348963Z,1788570328795,MARSCOINUSDT,Buy,12070,0.17829,"{""T"":1788570328795,""s"":""MARSCOINUSDT"",""S"":""Buy"",""v"":""12070"",""p"":""0.17829""}"
2026-09-05T01:05:29.348963Z,1788570328834,MARSCOINUSDT,Buy,230,0.17942,"{""T"":1788570328834,""s"":""MARSCOINUSDT"",""S"":""Buy"",""v"":""230"",""p"":""0.17942""}"
2026-09-05T01:05:29.348963Z,1788570328859,MARSCOINUSDT,Buy,230,0.17707,"{""T"":1788570328859,""s"":""MARSCOINUSDT"",""S"":""Buy"",""v"":""230"",""p"":""0.17707""}"
2026-09-05T01:05:29.348963Z,1788570328891,MARSCOINUSDT,Buy,50,0.17812,"{""T"":1788570328891,""s"":""MARSCOINUSDT"",""S"":""Buy"",""v"":""50"",""p"":""0.17812""}"
2026-09-05T01:05:29.348963Z,1788570328927,MARSCOINUSDT,Buy,4590,0.17727,"{""T"":1788570328927,""s"":""MARSCOINUSDT"",""S"":""Buy"",""v"":""4590"",""p"":""0.17727""}"
2026-09-05T01:05:29.348963Z,1788570329248,MARSCOINUSDT,Buy,4640,0.17817,"{""T"":1788570329248,""s"":""MARSCOINUSDT"",""S"":""Buy"",""v"":""4640"",""p"":""0.17817""}"
2026-09-05T01:05:29.848603Z,1788570329276,MARSCOINUSDT,Buy,140,0.17805,"{""T"":1788570329276,""s"":""MARSCOINUSDT"",""S"":""Buy"",""v"":""140"",""p"":""0.17805""}"
2026-09-05T01:05:29.848603Z,1788570329497,MARSCOINUSDT,Buy,140,0.17757,"{""T"":1788570329497,""s"":""MARSCOINUSDT"",""S"":""Buy"",""v"":""140"",""p"":""0.17757""}"
2026-09-05T01:05:29.848603Z,1788570329757,MARSCOINUSDT,Buy,70,0.17745,"{""T"":1788570329757,""s"":""MARSCOINUSDT"",""S"":""Buy"",""v"":""70"",""p"":""0.17745""}"
2026-09-05T01:05:30.348625Z,1788570329816,MARSCOINUSDT,Buy,1000,0.17629,"{""T"":1788570329816,""s"":""MARSCOINUSDT"",""S"":""Buy"",""v"":""1000"",""p"":""0.17629""}"
2026-09-05T01:05:30.348625Z,1788570330017,MARSCOINUSDT,Buy,40,0.17635,"{""T"":1788570330017,""s"":""MARSCOINUSDT"",""S"":""Buy"",""v"":""40"",""p"":""0.17635""}"
2026-09-05T01:05:30.348625Z,1788570330038,MARSCOINUSDT,Buy,30,0.17658,"{""T"":1788570330038,""s"":""MARSCOINUSDT"",""S"":""Buy"",""v"":""30"",""p"":""0.17658""}"
2026-09-05T01:05:30.848683Z,1788570330506,MARSCOINUSDT,Buy,1060,0.17661,"{""T"":1788570330506,""s"":""MARSCOINUSDT"",""S"":""Buy"",""v"":""1060"",""p"":""0.17661""}"
2026-09-05T01:05:30.848683Z,1788570330514,MARSCOINUSDT,Buy,5060,0.17591,"{""T"":1788570330514,""s"":""MARSCOINUSDT"",""S"":""Buy"",""v"":""5060"",""p"":""0.17591""}"
2026-09-05T01:05:50.637022Z,1788570350425,4USDT,Sell,2026,0.027717,"{""T"":1788570350425,""s"":""4USDT"",""S"":""Sell"",""v"":""2026"",""p"":""0.027717""}"
2026-09-05T01:05:51.636707Z,1788570351256,4USDT,Sell,2164,0.027721,"{""T"":1788570351256,""s"":""4USDT"",""S"":""Sell"",""v"":""2164"",""p"":""0.027721""}"
2026-09-05T01:05:51.636707Z,1788570351418,4USDT,Sell,133589,0.027724,"{""T"":1788570351418,""s"":""4USDT"",""S"":""Sell"",""v"":""133589"",""p"":""0.027724""}"
2026-09-05T01:05:51.992970Z,1788570351418,ONGUSDT,Buy,10061,0.09500,"{""T"":1788570351418,""s"":""ONGUSDT"",""S"":""Buy"",""v"":""10061"",""p"":""0.09500""}"
2026-09-05T01:05:55.135992Z,1788570355005,4USDT,Sell,468,0.027769,"{""T"":1788570355005,""s"":""4USDT"",""S"":""Sell"",""v"":""468"",""p"":""0.027769""}"
2026-09-05T01:07:19.498509Z,1788570439238,DASHUSDT,Sell,1.09,66.32,"{""T"":1788570439238,""s"":""DASHUSDT"",""S"":""Sell"",""v"":""1.09"",""p"":""66.32""}"
2026-09-05T01:08:08.914842Z,1788570488562,UNIUSDT,Sell,1.1,6.255,"{""T"":1788570488562,""s"":""UNIUSDT"",""S"":""Sell"",""v"":""1.1"",""p"":""6.255""}"
2026-09-05T01:08:09.915225Z,1788570489533,UNIUSDT,Sell,13.5,6.256,"{""T"":1788570489533,""s"":""UNIUSDT"",""S"":""Sell"",""v"":""13.5"",""p"":""6.256""}"
2026-09-05T01:08:54.860326Z,1788570534520,APTUSDT,Sell,520.83,0.5910,"{""T"":1788570534520,""s"":""APTUSDT"",""S"":""Sell"",""v"":""520.83"",""p"":""0.5910""}"
2026-09-05T01:10:13.997598Z,1788570613771,DASHUSDT,Sell,1.64,66.47,"{""T"":1788570613771,""s"":""DASHUSDT"",""S"":""Sell"",""v"":""1.64"",""p"":""66.47""}"
2026-09-05T01:10:20.325644Z,1788570620222,ENAUSDT,Sell,1607,0.16569,"{""T"":1788570620222,""s"":""ENAUSDT"",""S"":""Sell"",""v"":""1607"",""p"":""0.16569""}"
2026-09-05T01:10:21.017000Z,1788570620810,NEARUSDT,Sell,3012.1,2.2690,"{""T"":1788570620810,""s"":""NEARUSDT"",""S"":""Sell"",""v"":""3012.1"",""p"":""2.2690""}"
2026-09-05T01:10:27.016767Z,1788570626748,NEARUSDT,Sell,97.9,2.2720,"{""T"":1788570626748,""s"":""NEARUSDT"",""S"":""Sell"",""v"":""97.9"",""p"":""2.2720""}"
2026-09-05T01:10:31.016764Z,1788570630534,NEARUSDT,Sell,467.0,2.2760,"{""T"":1788570630534,""s"":""NEARUSDT"",""S"":""Sell"",""v"":""467.0"",""p"":""2.2760""}"
2026-09-05T01:10:43.517053Z,1788570643255,NEARUSDT,Sell,101.2,2.2780,"{""T"":1788570643255,""s"":""NEARUSDT"",""S"":""Sell"",""v"":""101.2"",""p"":""2.2780""}"
2026-09-05T01:10:44.516554Z,1788570644299,NEARUSDT,Sell,27.8,2.2810,"{""T"":1788570644299,""s"":""NEARUSDT"",""S"":""Sell"",""v"":""27.8"",""p"":""2.2810""}"
2026-09-05T01:10:44.516554Z,1788570644364,NEARUSDT,Sell,0.1,2.2810,"{""T"":1788570644364,""s"":""NEARUSDT"",""S"":""Sell"",""v"":""0.1"",""p"":""2.2810""}"
2026-09-05T01:10:45.017180Z,1788570644823,NEARUSDT,Sell,54.3,2.2780,"{""T"":1788570644823,""s"":""NEARUSDT"",""S"":""Sell"",""v"":""54.3"",""p"":""2.2780""}"
2026-09-05T01:10:47.497257Z,1788570647167,DASHUSDT,Sell,48.02,66.53,"{""T"":1788570647167,""s"":""DASHUSDT"",""S"":""Sell"",""v"":""48.02"",""p"":""66.53""}"
2026-09-05T01:10:47.566584Z,1788570647167,BTCUSDT,Sell,0.063,79892.40,"{""T"":1788570647167,""s"":""BTCUSDT"",""S"":""Sell"",""v"":""0.063"",""p"":""79892.40""}"
2026-09-05T01:10:47.998091Z,1788570647470,DASHUSDT,Sell,4.00,66.56,"{""T"":1788570647470,""s"":""DASHUSDT"",""S"":""Sell"",""v"":""4.00"",""p"":""66.56""}"
2026-09-05T01:10:48.497543Z,1788570647934,DASHUSDT,Sell,1.92,66.55,"{""T"":1788570647934,""s"":""DASHUSDT"",""S"":""Sell"",""v"":""1.92"",""p"":""66.55""}"
2026-09-05T01:11:01.360002Z,1788570661083,WLDUSDT,Sell,83.4,0.3921,"{""T"":1788570661083,""s"":""WLDUSDT"",""S"":""Sell"",""v"":""83.4"",""p"":""0.3921""}"
2026-09-05T01:11:12.493215Z,1788570672167,SUIUSDT,Sell,400,0.77520,"{""T"":1788570672167,""s"":""SUIUSDT"",""S"":""Sell"",""v"":""400"",""p"":""0.77520""}"
2026-09-05T01:11:40.997647Z,1788570700621,DASHUSDT,Sell,1.00,66.73,"{""T"":1788570700621,""s"":""DASHUSDT"",""S"":""Sell"",""v"":""1.00"",""p"":""66.73""}"
2026-09-05T01:13:11.348897Z,1788570790979,MARSCOINUSDT,Buy,3580,0.17557,"{""T"":1788570790979,""s"":""MARSCOINUSDT"",""S"":""Buy"",""v"":""3580"",""p"":""0.17557""}"
2026-09-05T01:13:11.348897Z,1788570791051,MARSCOINUSDT,Buy,2460,0.17564,"{""T"":1788570791051,""s"":""MARSCOINUSDT"",""S"":""Buy"",""v"":""2460"",""p"":""0.17564""}"
2026-09-05T01:13:11.848735Z,1788570791669,MARSCOINUSDT,Buy,21070,0.17572,"{""T"":1788570791669,""s"":""MARSCOINUSDT"",""S"":""Buy"",""v"":""21070"",""p"":""0.17572""}"
2026-09-05T01:13:13.348745Z,1788570793014,MARSCOINUSDT,Buy,1470,0.17514,"{""T"":1788570793014,""s"":""MARSCOINUSDT"",""S"":""Buy"",""v"":""1470"",""p"":""0.17514""}"
2026-09-05T01:13:13.348745Z,1788570793052,MARSCOINUSDT,Buy,30,0.17496,"{""T"":1788570793052,""s"":""MARSCOINUSDT"",""S"":""Buy"",""v"":""30"",""p"":""0.17496""}"
2026-09-05T01:13:13.348745Z,1788570793087,MARSCOINUSDT,Buy,120,0.17458,"{""T"":1788570793087,""s"":""MARSCOINUSDT"",""S"":""Buy"",""v"":""120"",""p"":""0.17458""}"
2026-09-05T01:13:13.348745Z,1788570793112,MARSCOINUSDT,Buy,570,0.17407,"{""T"":1788570793112,""s"":""MARSCOINUSDT"",""S"":""Buy"",""v"":""570"",""p"":""0.17407""}"
2026-09-05T01:13:13.348745Z,1788570793228,MARSCOINUSDT,Buy,120,0.17468,"{""T"":1788570793228,""s"":""MARSCOINUSDT"",""S"":""Buy"",""v"":""120"",""p"":""0.17468""}"
2026-09-05T01:13:13.848802Z,1788570793300,MARSCOINUSDT,Buy,30,0.17415,"{""T"":1788570793300,""s"":""MARSCOINUSDT"",""S"":""Buy"",""v"":""30"",""p"":""0.17415""}"
2026-09-05T01:13:13.848802Z,1788570793319,MARSCOINUSDT,Buy,240,0.17421,"{""T"":1788570793319,""s"":""MARSCOINUSDT"",""S"":""Buy"",""v"":""240"",""p"":""0.17421""}"
2026-09-05T01:13:13.848802Z,1788570793335,MARSCOINUSDT,Buy,1540,0.17544,"{""T"":1788570793335,""s"":""MARSCOINUSDT"",""S"":""Buy"",""v"":""1540"",""p"":""0.17544""}"
2026-09-05T01:13:13.848802Z,1788570793348,MARSCOINUSDT,Buy,210,0.17518,"{""T"":1788570793348,""s"":""MARSCOINUSDT"",""S"":""Buy"",""v"":""210"",""p"":""0.17518""}"
2026-09-05T01:13:13.848802Z,1788570793425,MARSCOINUSDT,Buy,260,0.17465,"{""T"":1788570793425,""s"":""MARSCOINUSDT"",""S"":""Buy"",""v"":""260"",""p"":""0.17465""}"
2026-09-05T01:13:13.848802Z,1788570793544,MARSCOINUSDT,Buy,270,0.17446,"{""T"":1788570793544,""s"":""MARSCOINUSDT"",""S"":""Buy"",""v"":""270"",""p"":""0.17446""}"
2026-09-05T01:14:03.501387Z,1788570843121,DASHUSDT,Sell,0.08,66.51,"{""T"":1788570843121,""s"":""DASHUSDT"",""S"":""Sell"",""v"":""0.08"",""p"":""66.51""}"
2026-09-05T01:14:44.849060Z,1788570884570,MARSCOINUSDT,Buy,4880,0.17392,"{""T"":1788570884570,""s"":""MARSCOINUSDT"",""S"":""Buy"",""v"":""4880"",""p"":""0.17392""}"
2026-09-05T01:14:45.066581Z,1788570884571,BTCUSDT,Buy,0.036,79329.90,"{""T"":1788570884571,""s"":""BTCUSDT"",""S"":""Buy"",""v"":""0.036"",""p"":""79329.90""}"
2026-09-05T01:14:47.348663Z,1788570886903,MARSCOINUSDT,Buy,2640,0.17369,"{""T"":1788570886903,""s"":""MARSCOINUSDT"",""S"":""Buy"",""v"":""2640"",""p"":""0.17369""}"
2026-09-05T01:14:47.349078Z,1788570886903,BTRUSDT,Buy,16511,0.05026,"{""T"":1788570886903,""s"":""BTRUSDT"",""S"":""Buy"",""v"":""16511"",""p"":""0.05026""}"
2026-09-05T01:14:54.348685Z,1788570893999,MARSCOINUSDT,Buy,3480,0.17346,"{""T"":1788570893999,""s"":""MARSCOINUSDT"",""S"":""Buy"",""v"":""3480"",""p"":""0.17346""}"
2026-09-05T01:15:04.915869Z,1788570904786,1000PEPEUSDT,Buy,2000,0.0034700,"{""T"":1788570904786,""s"":""1000PEPEUSDT"",""S"":""Buy"",""v"":""2000"",""p"":""0.0034700""}"
2026-09-05T01:15:04.997326Z,1788570904642,DASHUSDT,Sell,6.49,66.93,"{""T"":1788570904642,""s"":""DASHUSDT"",""S"":""Sell"",""v"":""6.49"",""p"":""66.93""}"
2026-09-05T01:15:04.997326Z,1788570904786,DASHUSDT,Sell,0.27,66.87,"{""T"":1788570904786,""s"":""DASHUSDT"",""S"":""Sell"",""v"":""0.27"",""p"":""66.87""}"
2026-09-05T01:15:06.497535Z,1788570906351,DASHUSDT,Sell,2.68,66.99,"{""T"":1788570906351,""s"":""DASHUSDT"",""S"":""Sell"",""v"":""2.68"",""p"":""66.99""}"
2026-09-05T01:15:16.848942Z,1788570916398,MARSCOINUSDT,Buy,90,0.17323,"{""T"":1788570916398,""s"":""MARSCOINUSDT"",""S"":""Buy"",""v"":""90"",""p"":""0.17323""}"
2026-09-05T01:15:16.848942Z,1788570916735,MARSCOINUSDT,Buy,970,0.17318,"{""T"":1788570916735,""s"":""MARSCOINUSDT"",""S"":""Buy"",""v"":""970"",""p"":""0.17318""}"
2026-09-05T01:15:17.848503Z,1788570917437,MARSCOINUSDT,Buy,420,0.17283,"{""T"":1788570917437,""s"":""MARSCOINUSDT"",""S"":""Buy"",""v"":""420"",""p"":""0.17283""}"
2026-09-05T01:15:17.848503Z,1788570917454,MARSCOINUSDT,Buy,160,0.17280,"{""T"":1788570917454,""s"":""MARSCOINUSDT"",""S"":""Buy"",""v"":""160"",""p"":""0.17280""}"
2026-09-05T01:15:19.349166Z,1788570919135,MARSCOINUSDT,Buy,28080,0.17249,"{""T"":1788570919135,""s"":""MARSCOINUSDT"",""S"":""Buy"",""v"":""28080"",""p"":""0.17249""}"
2026-09-05T01:15:20.135995Z,1788570919920,AKEUSDT,Sell,145500,0.0153150,"{""T"":1788570919920,""s"":""AKEUSDT"",""S"":""Sell"",""v"":""145500"",""p"":""0.0153150""}"
2026-09-05T01:15:23.914766Z,1788570923826,ZENUSDT,Buy,8.2,7.103,"{""T"":1788570923826,""s"":""ZENUSDT"",""S"":""Buy"",""v"":""8.2"",""p"":""7.103""}"
2026-09-05T01:15:23.997814Z,1788570923826,FLOCKUSDT,Buy,1447,0.05024,"{""T"":1788570923826,""s"":""FLOCKUSDT"",""S"":""Buy"",""v"":""1447"",""p"":""0.05024""}"
2026-09-05T01:15:24.349327Z,1788570923826,UAIUSDT,Sell,45,0.46380,"{""T"":1788570923826,""s"":""UAIUSDT"",""S"":""Sell"",""v"":""45"",""p"":""0.46380""}"
2026-09-05T01:15:24.349906Z,1788570923826,MARSCOINUSDT,Buy,340,0.17192,"{""T"":1788570923826,""s"":""MARSCOINUSDT"",""S"":""Buy"",""v"":""340"",""p"":""0.17192""}"
2026-09-05T01:15:24.349906Z,1788570924028,MARSCOINUSDT,Buy,2430,0.17195,"{""T"":1788570924028,""s"":""MARSCOINUSDT"",""S"":""Buy"",""v"":""2430"",""p"":""0.17195""}"
2026-09-05T01:15:24.849354Z,1788570924348,MARSCOINUSDT,Buy,1670,0.17198,"{""T"":1788570924348,""s"":""MARSCOINUSDT"",""S"":""Buy"",""v"":""1670"",""p"":""0.17198""}"
2026-09-05T01:15:24.849354Z,1788570924518,MARSCOINUSDT,Buy,530,0.17207,"{""T"":1788570924518,""s"":""MARSCOINUSDT"",""S"":""Buy"",""v"":""530"",""p"":""0.17207""}"
2026-09-05T01:15:25.849055Z,1788570925382,MARSCOINUSDT,Buy,400,0.17177,"{""T"":1788570925382,""s"":""MARSCOINUSDT"",""S"":""Buy"",""v"":""400"",""p"":""0.17177""}"
2026-09-05T01:15:27.848663Z,1788570927705,MARSCOINUSDT,Buy,330,0.17170,"{""T"":1788570927705,""s"":""MARSCOINUSDT"",""S"":""Buy"",""v"":""330"",""p"":""0.17170""}"
2026-09-05T01:15:31.349298Z,1788570930823,MARSCOINUSDT,Buy,70,0.17146,"{""T"":1788570930823,""s"":""MARSCOINUSDT"",""S"":""Buy"",""v"":""70"",""p"":""0.17146""}"
2026-09-05T01:15:38.348566Z,1788570938081,MARSCOINUSDT,Buy,540,0.17120,"{""T"":1788570938081,""s"":""MARSCOINUSDT"",""S"":""Buy"",""v"":""540"",""p"":""0.17120""}"
2026-09-05T01:15:38.498182Z,1788570938081,PENGUUSDT,Sell,60410,0.008403,"{""T"":1788570938081,""s"":""PENGUUSDT"",""S"":""Sell"",""v"":""60410"",""p"":""0.008403""}"
2026-09-05T01:15:47.349038Z,1788570946939,MARSCOINUSDT,Buy,230,0.17091,"{""T"":1788570946939,""s"":""MARSCOINUSDT"",""S"":""Buy"",""v"":""230"",""p"":""0.17091""}"
2026-09-05T01:16:03.639799Z,1788570963170,AKEUSDT,Sell,1200,0.0156700,"{""T"":1788570963170,""s"":""AKEUSDT"",""S"":""Sell"",""v"":""1200"",""p"":""0.0156700""}"
2026-09-05T01:16:13.348488Z,1788570973109,MARSCOINUSDT,Buy,30,0.17066,"{""T"":1788570973109,""s"":""MARSCOINUSDT"",""S"":""Buy"",""v"":""30"",""p"":""0.17066""}"
2026-09-05T01:17:26.414932Z,1788571046292,ZECUSDT,Sell,0.01,1024.81,"{""T"":1788571046292,""s"":""ZECUSDT"",""S"":""Sell"",""v"":""0.01"",""p"":""1024.81""}"
2026-09-05T01:17:26.636045Z,1788571046219,AKEUSDT,Sell,3800,0.0157200,"{""T"":1788571046219,""s"":""AKEUSDT"",""S"":""Sell"",""v"":""3800"",""p"":""0.0157200""}"
2026-09-05T01:17:26.636045Z,1788571046292,AKEUSDT,Sell,3200,0.0158020,"{""T"":1788571046292,""s"":""AKEUSDT"",""S"":""Sell"",""v"":""3200"",""p"":""0.0158020""}"
2026-09-05T01:17:30.636244Z,1788571050439,AKEUSDT,Sell,38100,0.0158210,"{""T"":1788571050439,""s"":""AKEUSDT"",""S"":""Sell"",""v"":""38100"",""p"":""0.0158210""}"
2026-09-05T01:17:40.636299Z,1788571060361,AKEUSDT,Sell,156100,0.0159340,"{""T"":1788571060361,""s"":""AKEUSDT"",""S"":""Sell"",""v"":""156100"",""p"":""0.0159340""}"
2026-09-05T01:18:58.639603Z,1788571138234,AKEUSDT,Buy,9800,0.0149600,"{""T"":1788571138234,""s"":""AKEUSDT"",""S"":""Buy"",""v"":""9800"",""p"":""0.0149600""}"
2026-09-05T01:19:20.330545Z,1788571159928,PONSUSDT,Buy,1333,0.6214,"{""T"":1788571159928,""s"":""PONSUSDT"",""S"":""Buy"",""v"":""1333"",""p"":""0.6214""}"
2026-09-05T01:19:41.349132Z,1788571181191,BTRUSDT,Sell,655,0.05250,"{""T"":1788571181191,""s"":""BTRUSDT"",""S"":""Sell"",""v"":""655"",""p"":""0.05250""}"
2026-09-05T01:19:43.997230Z,1788571183516,DASHUSDT,Sell,0.08,66.35,"{""T"":1788571183516,""s"":""DASHUSDT"",""S"":""Sell"",""v"":""0.08"",""p"":""66.35""}"
2026-09-05T01:20:15.987458Z,1788571215730,TRIAUSDT,Buy,2360,0.004694,"{""T"":1788571215730,""s"":""TRIAUSDT"",""S"":""Buy"",""v"":""2360"",""p"":""0.004694""}"
2026-09-05T01:20:34.987945Z,1788571234659,TRIAUSDT,Buy,882000,0.004673,"{""T"":1788571234659,""s"":""TRIAUSDT"",""S"":""Buy"",""v"":""882000"",""p"":""0.004673""}"
2026-09-05T01:21:37.517582Z,1788571297241,LTCUSDT,Sell,0.1,51.58,"{""T"":1788571297241,""s"":""LTCUSDT"",""S"":""Sell"",""v"":""0.1"",""p"":""51.58""}"
2026-09-05T01:21:43.017610Z,1788571302887,LTCUSDT,Sell,64.4,51.68,"{""T"":1788571302887,""s"":""LTCUSDT"",""S"":""Sell"",""v"":""64.4"",""p"":""51.68""}"
2026-09-05T01:21:49.329735Z,1788571308995,PONSUSDT,Buy,14,0.6186,"{""T"":1788571308995,""s"":""PONSUSDT"",""S"":""Buy"",""v"":""14"",""p"":""0.6186""}"
2026-09-05T01:21:51.829832Z,1788571311692,PONSUSDT,Buy,50,0.6178,"{""T"":1788571311692,""s"":""PONSUSDT"",""S"":""Buy"",""v"":""50"",""p"":""0.6178""}"
2026-09-05T01:21:54.814295Z,1788571314531,HYPEUSDT,Buy,0.11,83.630,"{""T"":1788571314531,""s"":""HYPEUSDT"",""S"":""Buy"",""v"":""0.11"",""p"":""83.630""}"
2026-09-05T01:21:54.829560Z,1788571314531,PONSUSDT,Buy,9,0.6162,"{""T"":1788571314531,""s"":""PONSUSDT"",""S"":""Buy"",""v"":""9"",""p"":""0.6162""}"
2026-09-05T01:21:54.829560Z,1788571314711,PONSUSDT,Buy,119,0.6168,"{""T"":1788571314711,""s"":""PONSUSDT"",""S"":""Buy"",""v"":""119"",""p"":""0.6168""}"
2026-09-05T01:21:54.838266Z,1788571314531,XRPUSDT,Buy,3.7,1.3915,"{""T"":1788571314531,""s"":""XRPUSDT"",""S"":""Buy"",""v"":""3.7"",""p"":""1.3915""}"
2026-09-05T01:21:54.914800Z,1788571314531,UNIUSDT,Buy,0.8,6.107,"{""T"":1788571314531,""s"":""UNIUSDT"",""S"":""Buy"",""v"":""0.8"",""p"":""6.107""}"
2026-09-05T01:21:55.063514Z,1788571314531,SOLUSDT,Buy,0.1,101.310,"{""T"":1788571314531,""s"":""SOLUSDT"",""S"":""Buy"",""v"":""0.1"",""p"":""101.310""}"
2026-09-05T01:21:55.516967Z,1788571315013,NEARUSDT,Buy,86.6,2.2320,"{""T"":1788571315013,""s"":""NEARUSDT"",""S"":""Buy"",""v"":""86.6"",""p"":""2.2320""}"
2026-09-05T01:22:02.814415Z,1788571322248,CHIPUSDT,Sell,940,0.05820,"{""T"":1788571322248,""s"":""CHIPUSDT"",""S"":""Sell"",""v"":""940"",""p"":""0.05820""}"
2026-09-05T01:22:56.833525Z,1788571376609,PONSUSDT,Buy,289,0.6160,"{""T"":1788571376609,""s"":""PONSUSDT"",""S"":""Buy"",""v"":""289"",""p"":""0.6160""}"
2026-09-05T01:23:00.330147Z,1788571379767,PONSUSDT,Buy,3923,0.6155,"{""T"":1788571379767,""s"":""PONSUSDT"",""S"":""Buy"",""v"":""3923"",""p"":""0.6155""}"
2026-09-05T01:23:03.017616Z,1788571382568,NEARUSDT,Buy,4.4,2.2260,"{""T"":1788571382568,""s"":""NEARUSDT"",""S"":""Buy"",""v"":""4.4"",""p"":""2.2260""}"
2026-09-05T01:23:19.829894Z,1788571399718,PONSUSDT,Buy,369,0.6142,"{""T"":1788571399718,""s"":""PONSUSDT"",""S"":""Buy"",""v"":""369"",""p"":""0.6142""}"
2026-09-05T01:23:21.329780Z,1788571401188,PONSUSDT,Buy,1834,0.6138,"{""T"":1788571401188,""s"":""PONSUSDT"",""S"":""Buy"",""v"":""1834"",""p"":""0.6138""}"
2026-09-05T01:23:21.349056Z,1788571401188,MARSCOINUSDT,Buy,4870,0.17169,"{""T"":1788571401188,""s"":""MARSCOINUSDT"",""S"":""Buy"",""v"":""4870"",""p"":""0.17169""}"
2026-09-05T01:23:22.330256Z,1788571401865,PONSUSDT,Buy,2054,0.6133,"{""T"":1788571401865,""s"":""PONSUSDT"",""S"":""Buy"",""v"":""2054"",""p"":""0.6133""}"
2026-09-05T01:23:22.330256Z,1788571402035,PONSUSDT,Buy,13,0.6136,"{""T"":1788571402035,""s"":""PONSUSDT"",""S"":""Buy"",""v"":""13"",""p"":""0.6136""}"
2026-09-05T01:23:22.829658Z,1788571402446,PONSUSDT,Buy,117,0.6126,"{""T"":1788571402446,""s"":""PONSUSDT"",""S"":""Buy"",""v"":""117"",""p"":""0.6126""}"
2026-09-05T01:23:44.497379Z,1788571424006,FLOCKUSDT,Buy,1837,0.04928,"{""T"":1788571424006,""s"":""FLOCKUSDT"",""S"":""Buy"",""v"":""1837"",""p"":""0.04928""}"
2026-09-05T01:23:53.329628Z,1788571432961,PONSUSDT,Buy,281,0.6172,"{""T"":1788571432961,""s"":""PONSUSDT"",""S"":""Buy"",""v"":""281"",""p"":""0.6172""}"
2026-09-05T01:24:09.521684Z,1788571449369,LTCUSDT,Sell,19.5,51.75,"{""T"":1788571449369,""s"":""LTCUSDT"",""S"":""Sell"",""v"":""19.5"",""p"":""51.75""}"
2026-09-05T01:24:47.848991Z,1788571487323,MARSCOINUSDT,Buy,230,0.17060,"{""T"":1788571487323,""s"":""MARSCOINUSDT"",""S"":""Buy"",""v"":""230"",""p"":""0.17060""}"
2026-09-05T01:24:56.018326Z,1788571495900,LTCUSDT,Sell,0.4,51.84,"{""T"":1788571495900,""s"":""LTCUSDT"",""S"":""Sell"",""v"":""0.4"",""p"":""51.84""}"
2026-09-05T01:25:03.997331Z,1788571503784,DASHUSDT,Buy,0.12,64.69,"{""T"":1788571503784,""s"":""DASHUSDT"",""S"":""Buy"",""v"":""0.12"",""p"":""64.69""}"
2026-09-05T01:25:10.636835Z,1788571510384,AKEUSDT,Sell,100,0.0159910,"{""T"":1788571510384,""s"":""AKEUSDT"",""S"":""Sell"",""v"":""100"",""p"":""0.0159910""}"
2026-09-05T01:25:22.330353Z,1788571521961,PONSUSDT,Buy,95,0.6192,"{""T"":1788571521961,""s"":""PONSUSDT"",""S"":""Buy"",""v"":""95"",""p"":""0.6192""}"
2026-09-05T01:25:22.348980Z,1788571521960,MARSCOINUSDT,Buy,510,0.17061,"{""T"":1788571521960,""s"":""MARSCOINUSDT"",""S"":""Buy"",""v"":""510"",""p"":""0.17061""}"
2026-09-05T01:25:22.497343Z,1788571521960,FLOCKUSDT,Buy,3644,0.04894,"{""T"":1788571521960,""s"":""FLOCKUSDT"",""S"":""Buy"",""v"":""3644"",""p"":""0.04894""}"
2026-09-05T01:25:24.849098Z,1788571524690,MARSCOINUSDT,Buy,2280,0.17050,"{""T"":1788571524690,""s"":""MARSCOINUSDT"",""S"":""Buy"",""v"":""2280"",""p"":""0.17050""}"
2026-09-05T01:25:25.348983Z,1788571524807,MARSCOINUSDT,Buy,350,0.17018,"{""T"":1788571524807,""s"":""MARSCOINUSDT"",""S"":""Buy"",""v"":""350"",""p"":""0.17018""}"
2026-09-05T01:25:25.348983Z,1788571524808,MARSCOINUSDT,Buy,100,0.17041,"{""T"":1788571524808,""s"":""MARSCOINUSDT"",""S"":""Buy"",""v"":""100"",""p"":""0.17041""}"
2026-09-05T01:25:25.348983Z,1788571524829,MARSCOINUSDT,Buy,7680,0.17014,"{""T"":1788571524829,""s"":""MARSCOINUSDT"",""S"":""Buy"",""v"":""7680"",""p"":""0.17014""}"
2026-09-05T01:25:33.349127Z,1788571532775,MARSCOINUSDT,Buy,500,0.17001,"{""T"":1788571532775,""s"":""MARSCOINUSDT"",""S"":""Buy"",""v"":""500"",""p"":""0.17001""}"
2026-09-05T01:25:33.349127Z,1788571532816,MARSCOINUSDT,Buy,200,0.17010,"{""T"":1788571532816,""s"":""MARSCOINUSDT"",""S"":""Buy"",""v"":""200"",""p"":""0.17010""}"
2026-09-05T01:25:33.349127Z,1788571532841,MARSCOINUSDT,Buy,60,0.17014,"{""T"":1788571532841,""s"":""MARSCOINUSDT"",""S"":""Buy"",""v"":""60"",""p"":""0.17014""}"
2026-09-05T01:25:33.848932Z,1788571533460,MARSCOINUSDT,Buy,590,0.16985,"{""T"":1788571533460,""s"":""MARSCOINUSDT"",""S"":""Buy"",""v"":""590"",""p"":""0.16985""}"
2026-09-05T01:27:17.023389Z,1788571636592,LTCUSDT,Sell,8.4,51.92,"{""T"":1788571636592,""s"":""LTCUSDT"",""S"":""Sell"",""v"":""8.4"",""p"":""51.92""}"
2026-09-05T01:27:24.136039Z,1788571643745,AKEUSDT,Sell,5000,0.0160810,"{""T"":1788571643745,""s"":""AKEUSDT"",""S"":""Sell"",""v"":""5000"",""p"":""0.0160810""}"
2026-09-05T01:27:24.636101Z,1788571644094,AKEUSDT,Sell,109800,0.0160930,"{""T"":1788571644094,""s"":""AKEUSDT"",""S"":""Sell"",""v"":""109800"",""p"":""0.0160930""}"
2026-09-05T01:27:24.636101Z,1788571644171,AKEUSDT,Sell,69500,0.0160520,"{""T"":1788571644171,""s"":""AKEUSDT"",""S"":""Sell"",""v"":""69500"",""p"":""0.0160520""}"
2026-09-05T01:27:37.139577Z,1788571656867,AKEUSDT,Sell,12100,0.0163270,"{""T"":1788571656867,""s"":""AKEUSDT"",""S"":""Sell"",""v"":""12100"",""p"":""0.0163270""}"
2026-09-05T01:27:37.139577Z,1788571656908,AKEUSDT,Sell,1100,0.0163290,"{""T"":1788571656908,""s"":""AKEUSDT"",""S"":""Sell"",""v"":""1100"",""p"":""0.0163290""}"
2026-09-05T01:27:37.636576Z,1788571657414,AKEUSDT,Sell,2200,0.0162760,"{""T"":1788571657414,""s"":""AKEUSDT"",""S"":""Sell"",""v"":""2200"",""p"":""0.0162760""}"
2026-09-05T01:27:38.849083Z,1788571658609,USELESSUSDT,Sell,1513,0.27943,"{""T"":1788571658609,""s"":""USELESSUSDT"",""S"":""Sell"",""v"":""1513"",""p"":""0.27943""}"
2026-09-05T01:27:39.135892Z,1788571658560,AKEUSDT,Sell,312000,0.0163550,"{""T"":1788571658560,""s"":""AKEUSDT"",""S"":""Sell"",""v"":""312000"",""p"":""0.0163550""}"
2026-09-05T01:27:39.135892Z,1788571658609,AKEUSDT,Sell,29600,0.0164570,"{""T"":1788571658609,""s"":""AKEUSDT"",""S"":""Sell"",""v"":""29600"",""p"":""0.0164570""}"
2026-09-05T01:27:39.635969Z,1788571659070,AKEUSDT,Sell,38300,0.0164680,"{""T"":1788571659070,""s"":""AKEUSDT"",""S"":""Sell"",""v"":""38300"",""p"":""0.0164680""}"
2026-09-05T01:28:09.636300Z,1788571689300,AKEUSDT,Sell,2700,0.0167450,"{""T"":1788571689300,""s"":""AKEUSDT"",""S"":""Sell"",""v"":""2700"",""p"":""0.0167450""}"
2026-09-05T01:28:09.636300Z,1788571689511,AKEUSDT,Sell,32800,0.0167510,"{""T"":1788571689511,""s"":""AKEUSDT"",""S"":""Sell"",""v"":""32800"",""p"":""0.0167510""}"
2026-09-05T01:28:09.814529Z,1788571689300,SKRUSDT,Buy,270,0.021028,"{""T"":1788571689300,""s"":""SKRUSDT"",""S"":""Buy"",""v"":""270"",""p"":""0.021028""}"
2026-09-05T01:28:09.849071Z,1788571689300,USELESSUSDT,Buy,93,0.25838,"{""T"":1788571689300,""s"":""USELESSUSDT"",""S"":""Buy"",""v"":""93"",""p"":""0.25838""}"
2026-09-05T01:28:13.635940Z,1788571693493,AKEUSDT,Sell,7100,0.0168380,"{""T"":1788571693493,""s"":""AKEUSDT"",""S"":""Sell"",""v"":""7100"",""p"":""0.0168380""}"
2026-09-05T01:28:18.135950Z,1788571697693,AKEUSDT,Sell,4500,0.0169000,"{""T"":1788571697693,""s"":""AKEUSDT"",""S"":""Sell"",""v"":""4500"",""p"":""0.0169000""}"
2026-09-05T01:28:19.016886Z,1788571698569,LTCUSDT,Sell,7.4,52.08,"{""T"":1788571698569,""s"":""LTCUSDT"",""S"":""Sell"",""v"":""7.4"",""p"":""52.08""}"
2026-09-05T01:28:27.517579Z,1788571707085,LTCUSDT,Sell,2.5,52.16,"{""T"":1788571707085,""s"":""LTCUSDT"",""S"":""Sell"",""v"":""2.5"",""p"":""52.16""}"
2026-09-05T01:29:52.136582Z,1788571791796,AKEUSDT,Sell,21300,0.0169040,"{""T"":1788571791796,""s"":""AKEUSDT"",""S"":""Sell"",""v"":""21300"",""p"":""0.0169040""}"
2026-09-05T01:29:52.349227Z,1788571791796,MARSCOINUSDT,Sell,610,0.18228,"{""T"":1788571791796,""s"":""MARSCOINUSDT"",""S"":""Sell"",""v"":""610"",""p"":""0.18228""}"
2026-09-05T01:30:02.348869Z,1788571801819,MARSCOINUSDT,Sell,340,0.18429,"{""T"":1788571801819,""s"":""MARSCOINUSDT"",""S"":""Sell"",""v"":""340"",""p"":""0.18429""}"
2026-09-05T01:30:09.493333Z,1788571809090,1000BONKUSDT,Sell,308500,0.0033910,"{""T"":1788571809090,""s"":""1000BONKUSDT"",""S"":""Sell"",""v"":""308500"",""p"":""0.0033910""}"
2026-09-05T01:30:16.636671Z,1788571816304,AKEUSDT,Sell,5000,0.0170570,"{""T"":1788571816304,""s"":""AKEUSDT"",""S"":""Sell"",""v"":""5000"",""p"":""0.0170570""}"
2026-09-05T01:30:22.635973Z,1788571822245,AKEUSDT,Sell,16100,0.0171350,"{""T"":1788571822245,""s"":""AKEUSDT"",""S"":""Sell"",""v"":""16100"",""p"":""0.0171350""}"
2026-09-05T01:30:29.997185Z,1788571829877,DASHUSDT,Buy,0.61,64.95,"{""T"":1788571829877,""s"":""DASHUSDT"",""S"":""Buy"",""v"":""0.61"",""p"":""64.95""}"
2026-09-05T01:31:06.838224Z,1788571866524,LITUSDT,Buy,24.5,4.7590,"{""T"":1788571866524,""s"":""LITUSDT"",""S"":""Buy"",""v"":""24.5"",""p"":""4.7590""}"
2026-09-05T01:31:08.813618Z,1788571868228,TRUMPUSDT,Sell,7.7,2.366,"{""T"":1788571868228,""s"":""TRUMPUSDT"",""S"":""Sell"",""v"":""7.7"",""p"":""2.366""}"
2026-09-05T01:31:44.849124Z,1788571904575,USELESSUSDT,Sell,1615,0.27786,"{""T"":1788571904575,""s"":""USELESSUSDT"",""S"":""Sell"",""v"":""1615"",""p"":""0.27786""}"
2026-09-05T01:31:45.136050Z,1788571904575,AKEUSDT,Sell,35800,0.0173730,"{""T"":1788571904575,""s"":""AKEUSDT"",""S"":""Sell"",""v"":""35800"",""p"":""0.0173730""}"
2026-09-05T01:31:58.352766Z,1788571917949,MARSCOINUSDT,Sell,2290,0.18556,"{""T"":1788571917949,""s"":""MARSCOINUSDT"",""S"":""Sell"",""v"":""2290"",""p"":""0.18556""}"
2026-09-05T01:32:08.066793Z,1788571927881,BTCUSDT,Sell,0.024,79931.70,"{""T"":1788571927881,""s"":""BTCUSDT"",""S"":""Sell"",""v"":""0.024"",""p"":""79931.70""}"
2026-09-05T01:32:08.136338Z,1788571927881,AKEUSDT,Sell,28800,0.0174200,"{""T"":1788571927881,""s"":""AKEUSDT"",""S"":""Sell"",""v"":""28800"",""p"":""0.0174200""}"
2026-09-05T01:32:08.348939Z,1788571927881,MARSCOINUSDT,Sell,890,0.18539,"{""T"":1788571927881,""s"":""MARSCOINUSDT"",""S"":""Sell"",""v"":""890"",""p"":""0.18539""}"
2026-09-05T01:32:10.136879Z,1788571929902,AKEUSDT,Sell,99400,0.0174400,"{""T"":1788571929902,""s"":""AKEUSDT"",""S"":""Sell"",""v"":""99400"",""p"":""0.0174400""}"
2026-09-05T01:32:12.849055Z,1788571932589,MARSCOINUSDT,Sell,1330,0.18585,"{""T"":1788571932589,""s"":""MARSCOINUSDT"",""S"":""Sell"",""v"":""1330"",""p"":""0.18585""}"
2026-09-05T01:32:12.849055Z,1788571932632,MARSCOINUSDT,Sell,30,0.18619,"{""T"":1788571932632,""s"":""MARSCOINUSDT"",""S"":""Sell"",""v"":""30"",""p"":""0.18619""}"
2026-09-05T01:32:13.349387Z,1788571933240,MARSCOINUSDT,Sell,520,0.18692,"{""T"":1788571933240,""s"":""MARSCOINUSDT"",""S"":""Sell"",""v"":""520"",""p"":""0.18692""}"
2026-09-05T01:32:15.136418Z,1788571934705,AKEUSDT,Sell,86200,0.0175290,"{""T"":1788571934705,""s"":""AKEUSDT"",""S"":""Sell"",""v"":""86200"",""p"":""0.0175290""}"
2026-09-05T01:32:15.136418Z,1788571934911,AKEUSDT,Sell,41600,0.0175290,"{""T"":1788571934911,""s"":""AKEUSDT"",""S"":""Sell"",""v"":""41600"",""p"":""0.0175290""}"
2026-09-05T01:32:32.637234Z,1788571952544,AKEUSDT,Sell,46600,0.0176260,"{""T"":1788571952544,""s"":""AKEUSDT"",""S"":""Sell"",""v"":""46600"",""p"":""0.0176260""}"
2026-09-05T01:32:36.492990Z,1788571956295,1000BONKUSDT,Sell,100,0.0034220,"{""T"":1788571956295,""s"":""1000BONKUSDT"",""S"":""Sell"",""v"":""100"",""p"":""0.0034220""}"
2026-09-05T01:32:38.987760Z,1788571958755,MAGMAUSDT,Buy,453,0.26030,"{""T"":1788571958755,""s"":""MAGMAUSDT"",""S"":""Buy"",""v"":""453"",""p"":""0.26030""}"
2026-09-05T01:32:39.136934Z,1788571958755,AKEUSDT,Sell,14100,0.0177000,"{""T"":1788571958755,""s"":""AKEUSDT"",""S"":""Sell"",""v"":""14100"",""p"":""0.0177000""}"
2026-09-05T01:32:39.563317Z,1788571959362,SOLUSDT,Sell,10.0,102.440,"{""T"":1788571959362,""s"":""SOLUSDT"",""S"":""Sell"",""v"":""10.0"",""p"":""102.440""}"
2026-09-05T01:32:39.636192Z,1788571959362,AKEUSDT,Sell,11200,0.0176910,"{""T"":1788571959362,""s"":""AKEUSDT"",""S"":""Sell"",""v"":""11200"",""p"":""0.0176910""}"
2026-09-05T01:32:41.135871Z,1788571960690,AKEUSDT,Sell,333000,0.0177130,"{""T"":1788571960690,""s"":""AKEUSDT"",""S"":""Sell"",""v"":""333000"",""p"":""0.0177130""}"
2026-09-05T01:32:42.136594Z,1788571961583,AKEUSDT,Sell,15100,0.0177060,"{""T"":1788571961583,""s"":""AKEUSDT"",""S"":""Sell"",""v"":""15100"",""p"":""0.0177060""}"
2026-09-05T01:32:42.636974Z,1788571962510,AKEUSDT,Sell,1100,0.0177800,"{""T"":1788571962510,""s"":""AKEUSDT"",""S"":""Sell"",""v"":""1100"",""p"":""0.0177800""}"
2026-09-05T01:32:42.830052Z,1788571962510,PONSUSDT,Sell,8,0.6698,"{""T"":1788571962510,""s"":""PONSUSDT"",""S"":""Sell"",""v"":""8"",""p"":""0.6698""}"
2026-09-05T01:32:42.837809Z,1788571962510,HNTUSDT,Buy,9.81,0.5527,"{""T"":1788571962510,""s"":""HNTUSDT"",""S"":""Buy"",""v"":""9.81"",""p"":""0.5527""}"
2026-09-05T01:32:42.988050Z,1788571962510,TRIAUSDT,Buy,1200,0.004762,"{""T"":1788571962510,""s"":""TRIAUSDT"",""S"":""Buy"",""v"":""1200"",""p"":""0.004762""}"
2026-09-05T01:33:37.136603Z,1788572016930,AKEUSDT,Sell,28800,0.0178490,"{""T"":1788572016930,""s"":""AKEUSDT"",""S"":""Sell"",""v"":""28800"",""p"":""0.0178490""}"
2026-09-05T01:33:37.414971Z,1788572016930,ZECUSDT,Sell,0.34,1023.96,"{""T"":1788572016930,""s"":""ZECUSDT"",""S"":""Sell"",""v"":""0.34"",""p"":""1023.96""}"
2026-09-05T01:33:48.639205Z,1788572028501,AKEUSDT,Sell,1100,0.0178840,"{""T"":1788572028501,""s"":""AKEUSDT"",""S"":""Sell"",""v"":""1100"",""p"":""0.0178840""}"
2026-09-05T01:34:26.360952Z,1788572065998,TUSDT,Buy,4530,0.004104,"{""T"":1788572065998,""s"":""TUSDT"",""S"":""Buy"",""v"":""4530"",""p"":""0.004104""}"
2026-09-05T01:34:27.849195Z,1788572067628,USELESSUSDT,Buy,28,0.24429,"{""T"":1788572067628,""s"":""USELESSUSDT"",""S"":""Buy"",""v"":""28"",""p"":""0.24429""}"
2026-09-05T01:34:28.329560Z,1788572068154,PONSUSDT,Buy,13,0.6382,"{""T"":1788572068154,""s"":""PONSUSDT"",""S"":""Buy"",""v"":""13"",""p"":""0.6382""}"
2026-09-05T01:34:28.348815Z,1788572068154,USELESSUSDT,Buy,95,0.24530,"{""T"":1788572068154,""s"":""USELESSUSDT"",""S"":""Buy"",""v"":""95"",""p"":""0.24530""}"
2026-09-05T01:34:28.848884Z,1788572068268,USELESSUSDT,Buy,224,0.24596,"{""T"":1788572068268,""s"":""USELESSUSDT"",""S"":""Buy"",""v"":""224"",""p"":""0.24596""}"
2026-09-05T01:34:28.848884Z,1788572068313,USELESSUSDT,Buy,146,0.24373,"{""T"":1788572068313,""s"":""USELESSUSDT"",""S"":""Buy"",""v"":""146"",""p"":""0.24373""}"
2026-09-05T01:34:37.313695Z,1788572077006,TRUMPUSDT,Sell,17.3,2.383,"{""T"":1788572077006,""s"":""TRUMPUSDT"",""S"":""Sell"",""v"":""17.3"",""p"":""2.383""}"
2026-09-05T01:34:42.493892Z,1788572082397,SUIUSDT,Sell,520,0.77810,"{""T"":1788572082397,""s"":""SUIUSDT"",""S"":""Sell"",""v"":""520"",""p"":""0.77810""}"
2026-09-05T01:35:11.137149Z,1788572110874,AKEUSDT,Buy,11700,0.0165980,"{""T"":1788572110874,""s"":""AKEUSDT"",""S"":""Buy"",""v"":""11700"",""p"":""0.0165980""}"
2026-09-05T01:35:19.136147Z,1788572118698,AKEUSDT,Buy,3400,0.0162240,"{""T"":1788572118698,""s"":""AKEUSDT"",""S"":""Buy"",""v"":""3400"",""p"":""0.0162240""}"
2026-09-05T01:35:20.136941Z,1788572120031,AKEUSDT,Buy,17200,0.0161790,"{""T"":1788572120031,""s"":""AKEUSDT"",""S"":""Buy"",""v"":""17200"",""p"":""0.0161790""}"
2026-09-05T01:35:44.637069Z,1788572144084,AKEUSDT,Sell,14200,0.0171100,"{""T"":1788572144084,""s"":""AKEUSDT"",""S"":""Sell"",""v"":""14200"",""p"":""0.0171100""}"
2026-09-05T01:36:04.497964Z,1788572164210,DASHUSDT,Buy,3.06,64.62,"{""T"":1788572164210,""s"":""DASHUSDT"",""S"":""Buy"",""v"":""3.06"",""p"":""64.62""}"
2026-09-05T01:37:01.139022Z,1788572220740,HEMIUSDT,Buy,6460,0.013772,"{""T"":1788572220740,""s"":""HEMIUSDT"",""S"":""Buy"",""v"":""6460"",""p"":""0.013772""}"
2026-09-05T01:40:39.497588Z,1788572439122,DASHUSDT,Buy,1.10,64.13,"{""T"":1788572439122,""s"":""DASHUSDT"",""S"":""Buy"",""v"":""1.10"",""p"":""64.13""}"
2026-09-05T01:40:39.563407Z,1788572439084,SOLUSDT,Sell,1.9,102.570,"{""T"":1788572439084,""s"":""SOLUSDT"",""S"":""Sell"",""v"":""1.9"",""p"":""102.570""}"
2026-09-05T01:40:52.063729Z,1788572451939,SOLUSDT,Sell,28.3,102.620,"{""T"":1788572451939,""s"":""SOLUSDT"",""S"":""Sell"",""v"":""28.3"",""p"":""102.620""}"
2026-09-05T01:41:02.497415Z,1788572461946,DASHUSDT,Sell,3.26,65.73,"{""T"":1788572461946,""s"":""DASHUSDT"",""S"":""Sell"",""v"":""3.26"",""p"":""65.73""}"
2026-09-05T01:41:04.314255Z,1788572464181,PUMPFUNUSDT,Buy,6200,0.0041980,"{""T"":1788572464181,""s"":""PUMPFUNUSDT"",""S"":""Buy"",""v"":""6200"",""p"":""0.0041980""}"
2026-09-05T01:41:04.415032Z,1788572464181,ZENUSDT,Sell,4.1,7.337,"{""T"":1788572464181,""s"":""ZENUSDT"",""S"":""Sell"",""v"":""4.1"",""p"":""7.337""}"
2026-09-05T01:42:10.849040Z,1788572530590,USELESSUSDT,Buy,1859,0.24075,"{""T"":1788572530590,""s"":""USELESSUSDT"",""S"":""Buy"",""v"":""1859"",""p"":""0.24075""}"
2026-09-05T01:42:10.849040Z,1788572530708,USELESSUSDT,Buy,304,0.23987,"{""T"":1788572530708,""s"":""USELESSUSDT"",""S"":""Buy"",""v"":""304"",""p"":""0.23987""}"
2026-09-05T01:42:11.349148Z,1788572531254,USELESSUSDT,Buy,67,0.23953,"{""T"":1788572531254,""s"":""USELESSUSDT"",""S"":""Buy"",""v"":""67"",""p"":""0.23953""}"
2026-09-05T01:42:11.849181Z,1788572531418,USELESSUSDT,Buy,80,0.23942,"{""T"":1788572531418,""s"":""USELESSUSDT"",""S"":""Buy"",""v"":""80"",""p"":""0.23942""}"
2026-09-05T01:42:11.849181Z,1788572531460,USELESSUSDT,Buy,136,0.24011,"{""T"":1788572531460,""s"":""USELESSUSDT"",""S"":""Buy"",""v"":""136"",""p"":""0.24011""}"
2026-09-05T01:43:15.849305Z,1788572595702,USELESSUSDT,Buy,1000,0.23834,"{""T"":1788572595702,""s"":""USELESSUSDT"",""S"":""Buy"",""v"":""1000"",""p"":""0.23834""}"
2026-09-05T01:43:16.349120Z,1788572595850,USELESSUSDT,Buy,93,0.23841,"{""T"":1788572595850,""s"":""USELESSUSDT"",""S"":""Buy"",""v"":""93"",""p"":""0.23841""}"
2026-09-05T01:43:16.349120Z,1788572595909,USELESSUSDT,Buy,23,0.23851,"{""T"":1788572595909,""s"":""USELESSUSDT"",""S"":""Buy"",""v"":""23"",""p"":""0.23851""}"
2026-09-05T01:43:19.349732Z,1788572599209,USELESSUSDT,Buy,486,0.23735,"{""T"":1788572599209,""s"":""USELESSUSDT"",""S"":""Buy"",""v"":""486"",""p"":""0.23735""}"
2026-09-05T01:43:19.849318Z,1788572599544,USELESSUSDT,Buy,3029,0.23770,"{""T"":1788572599544,""s"":""USELESSUSDT"",""S"":""Buy"",""v"":""3029"",""p"":""0.23770""}"
2026-09-05T01:43:23.349401Z,1788572602885,USELESSUSDT,Buy,55153,0.23279,"{""T"":1788572602885,""s"":""USELESSUSDT"",""S"":""Buy"",""v"":""55153"",""p"":""0.23279""}"
2026-09-05T01:43:23.349401Z,1788572602896,USELESSUSDT,Buy,129,0.23513,"{""T"":1788572602896,""s"":""USELESSUSDT"",""S"":""Buy"",""v"":""129"",""p"":""0.23513""}"
2026-09-05T01:43:23.349401Z,1788572602923,USELESSUSDT,Buy,57543,0.23483,"{""T"":1788572602923,""s"":""USELESSUSDT"",""S"":""Buy"",""v"":""57543"",""p"":""0.23483""}"
2026-09-05T01:43:23.349401Z,1788572603161,USELESSUSDT,Buy,149,0.23304,"{""T"":1788572603161,""s"":""USELESSUSDT"",""S"":""Buy"",""v"":""149"",""p"":""0.23304""}"
2026-09-05T01:43:23.349401Z,1788572603195,USELESSUSDT,Buy,37,0.23455,"{""T"":1788572603195,""s"":""USELESSUSDT"",""S"":""Buy"",""v"":""37"",""p"":""0.23455""}"
2026-09-05T01:43:23.849619Z,1788572603290,USELESSUSDT,Buy,65,0.23282,"{""T"":1788572603290,""s"":""USELESSUSDT"",""S"":""Buy"",""v"":""65"",""p"":""0.23282""}"
2026-09-05T01:43:23.849619Z,1788572603306,USELESSUSDT,Buy,195,0.23529,"{""T"":1788572603306,""s"":""USELESSUSDT"",""S"":""Buy"",""v"":""195"",""p"":""0.23529""}"
2026-09-05T01:43:23.849619Z,1788572603450,USELESSUSDT,Buy,1383,0.23423,"{""T"":1788572603450,""s"":""USELESSUSDT"",""S"":""Buy"",""v"":""1383"",""p"":""0.23423""}"
2026-09-05T01:43:23.849619Z,1788572603488,USELESSUSDT,Buy,55,0.23345,"{""T"":1788572603488,""s"":""USELESSUSDT"",""S"":""Buy"",""v"":""55"",""p"":""0.23345""}"
2026-09-05T01:43:23.849619Z,1788572603535,USELESSUSDT,Buy,42,0.23568,"{""T"":1788572603535,""s"":""USELESSUSDT"",""S"":""Buy"",""v"":""42"",""p"":""0.23568""}"
2026-09-05T01:43:23.849619Z,1788572603538,USELESSUSDT,Buy,8527,0.23601,"{""T"":1788572603538,""s"":""USELESSUSDT"",""S"":""Buy"",""v"":""8527"",""p"":""0.23601""}"
2026-09-05T01:43:23.849619Z,1788572603558,USELESSUSDT,Buy,739,0.23200,"{""T"":1788572603558,""s"":""USELESSUSDT"",""S"":""Buy"",""v"":""739"",""p"":""0.23200""}"
2026-09-05T01:43:24.849025Z,1788572604447,USELESSUSDT,Buy,1205,0.23207,"{""T"":1788572604447,""s"":""USELESSUSDT"",""S"":""Buy"",""v"":""1205"",""p"":""0.23207""}"
2026-09-05T01:44:37.338581Z,1788572676849,LITUSDT,Buy,2077.3,4.7230,"{""T"":1788572676849,""s"":""LITUSDT"",""S"":""Buy"",""v"":""2077.3"",""p"":""4.7230""}"
2026-09-05T01:46:51.136872Z,1788572810588,AKEUSDT,Buy,2200,0.0163360,"{""T"":1788572810588,""s"":""AKEUSDT"",""S"":""Buy"",""v"":""2200"",""p"":""0.0163360""}"
2026-09-05T01:47:31.136090Z,1788572850791,AKEUSDT,Sell,14200,0.0172890,"{""T"":1788572850791,""s"":""AKEUSDT"",""S"":""Sell"",""v"":""14200"",""p"":""0.0172890""}"
2026-09-05T01:47:31.636340Z,1788572851443,AKEUSDT,Sell,1600,0.0173910,"{""T"":1788572851443,""s"":""AKEUSDT"",""S"":""Sell"",""v"":""1600"",""p"":""0.0173910""}"
2026-09-05T01:47:35.636364Z,1788572855442,AKEUSDT,Sell,76900,0.0174280,"{""T"":1788572855442,""s"":""AKEUSDT"",""S"":""Sell"",""v"":""76900"",""p"":""0.0174280""}"
2026-09-05T01:48:04.351864Z,1788572884247,USELESSUSDT,Buy,4098,0.23128,"{""T"":1788572884247,""s"":""USELESSUSDT"",""S"":""Buy"",""v"":""4098"",""p"":""0.23128""}"
2026-09-05T01:48:06.849138Z,1788572886305,USELESSUSDT,Buy,61,0.23064,"{""T"":1788572886305,""s"":""USELESSUSDT"",""S"":""Buy"",""v"":""61"",""p"":""0.23064""}"
2026-09-05T01:48:14.636363Z,1788572894085,AKEUSDT,Sell,23700,0.0177420,"{""T"":1788572894085,""s"":""AKEUSDT"",""S"":""Sell"",""v"":""23700"",""p"":""0.0177420""}"
2026-09-05T01:50:10.636890Z,1788573010229,4USDT,Sell,155,0.028110,"{""T"":1788573010229,""s"":""4USDT"",""S"":""Sell"",""v"":""155"",""p"":""0.028110""}"
2026-09-05T01:50:10.636890Z,1788573010298,4USDT,Sell,256,0.028071,"{""T"":1788573010298,""s"":""4USDT"",""S"":""Sell"",""v"":""256"",""p"":""0.028071""}"
2026-09-05T01:50:13.497360Z,1788573013226,DASHUSDT,Buy,0.18,65.00,"{""T"":1788573013226,""s"":""DASHUSDT"",""S"":""Buy"",""v"":""0.18"",""p"":""65.00""}"
2026-09-05T01:50:25.636165Z,1788573025328,4USDT,Sell,22596,0.028566,"{""T"":1788573025328,""s"":""4USDT"",""S"":""Sell"",""v"":""22596"",""p"":""0.028566""}"
2026-09-05T01:50:29.136422Z,1788573028676,4USDT,Sell,4276,0.028627,"{""T"":1788573028676,""s"":""4USDT"",""S"":""Sell"",""v"":""4276"",""p"":""0.028627""}"
2026-09-05T01:50:44.136770Z,1788573043627,4USDT,Sell,2236,0.028834,"{""T"":1788573043627,""s"":""4USDT"",""S"":""Sell"",""v"":""2236"",""p"":""0.028834""}"
2026-09-05T01:50:46.135950Z,1788573045961,4USDT,Sell,1994,0.028893,"{""T"":1788573045961,""s"":""4USDT"",""S"":""Sell"",""v"":""1994"",""p"":""0.028893""}"
2026-09-05T01:50:55.914984Z,1788573055353,DOTUSDT,Sell,392.3,0.9177,"{""T"":1788573055353,""s"":""DOTUSDT"",""S"":""Sell"",""v"":""392.3"",""p"":""0.9177""}"
2026-09-05T01:50:57.136766Z,1788573056824,AKEUSDT,Sell,7600,0.0178300,"{""T"":1788573056824,""s"":""AKEUSDT"",""S"":""Sell"",""v"":""7600"",""p"":""0.0178300""}"
2026-09-05T01:51:03.141379Z,1788573063014,AKEUSDT,Sell,600,0.0179490,"{""T"":1788573063014,""s"":""AKEUSDT"",""S"":""Sell"",""v"":""600"",""p"":""0.0179490""}"
2026-09-05T01:51:03.861185Z,1788573063750,WLDUSDT,Sell,1766.0,0.3899,"{""T"":1788573063750,""s"":""WLDUSDT"",""S"":""Sell"",""v"":""1766.0"",""p"":""0.3899""}"
2026-09-05T01:51:03.861798Z,1788573063750,APTUSDT,Sell,1891.13,0.5909,"{""T"":1788573063750,""s"":""APTUSDT"",""S"":""Sell"",""v"":""1891.13"",""p"":""0.5909""}"
2026-09-05T01:51:04.136660Z,1788573063657,AKEUSDT,Sell,2200,0.0179720,"{""T"":1788573063657,""s"":""AKEUSDT"",""S"":""Sell"",""v"":""2200"",""p"":""0.0179720""}"
2026-09-05T01:51:04.136660Z,1788573063750,AKEUSDT,Sell,69000,0.0179880,"{""T"":1788573063750,""s"":""AKEUSDT"",""S"":""Sell"",""v"":""69000"",""p"":""0.0179880""}"
2026-09-05T01:51:08.636800Z,1788573068536,AKEUSDT,Sell,700,0.0180320,"{""T"":1788573068536,""s"":""AKEUSDT"",""S"":""Sell"",""v"":""700"",""p"":""0.0180320""}"
2026-09-05T01:51:13.998024Z,1788573073650,DASHUSDT,Sell,0.13,66.59,"{""T"":1788573073650,""s"":""DASHUSDT"",""S"":""Sell"",""v"":""0.13"",""p"":""66.59""}"
2026-09-05T01:51:17.636631Z,1788573077383,AKEUSDT,Sell,3100,0.0181010,"{""T"":1788573077383,""s"":""AKEUSDT"",""S"":""Sell"",""v"":""3100"",""p"":""0.0181010""}"
2026-09-05T01:51:29.415280Z,1788573089257,DOTUSDT,Sell,48.6,0.9180,"{""T"":1788573089257,""s"":""DOTUSDT"",""S"":""Sell"",""v"":""48.6"",""p"":""0.9180""}"
2026-09-05T01:51:29.998126Z,1788573089566,DASHUSDT,Sell,0.42,66.80,"{""T"":1788573089566,""s"":""DASHUSDT"",""S"":""Sell"",""v"":""0.42"",""p"":""66.80""}"
2026-09-05T01:51:29.998126Z,1788573089840,DASHUSDT,Sell,1.70,66.80,"{""T"":1788573089840,""s"":""DASHUSDT"",""S"":""Sell"",""v"":""1.70"",""p"":""66.80""}"
2026-09-05T01:51:42.140658Z,1788573101610,AKEUSDT,Sell,304900,0.0183570,"{""T"":1788573101610,""s"":""AKEUSDT"",""S"":""Sell"",""v"":""304900"",""p"":""0.0183570""}"
2026-09-05T01:51:42.140658Z,1788573101913,AKEUSDT,Sell,4200,0.0183150,"{""T"":1788573101913,""s"":""AKEUSDT"",""S"":""Sell"",""v"":""4200"",""p"":""0.0183150""}"
2026-09-05T01:51:45.136067Z,1788573104603,AKEUSDT,Sell,3500,0.0184170,"{""T"":1788573104603,""s"":""AKEUSDT"",""S"":""Sell"",""v"":""3500"",""p"":""0.0184170""}"
2026-09-05T01:51:46.136322Z,1788573105728,AKEUSDT,Sell,11100,0.0186080,"{""T"":1788573105728,""s"":""AKEUSDT"",""S"":""Sell"",""v"":""11100"",""p"":""0.0186080""}"
2026-09-05T01:51:46.136322Z,1788573105746,AKEUSDT,Sell,20000,0.0184800,"{""T"":1788573105746,""s"":""AKEUSDT"",""S"":""Sell"",""v"":""20000"",""p"":""0.0184800""}"
2026-09-05T01:51:46.136322Z,1788573105797,AKEUSDT,Sell,3800,0.0185490,"{""T"":1788573105797,""s"":""AKEUSDT"",""S"":""Sell"",""v"":""3800"",""p"":""0.0185490""}"
2026-09-05T01:51:46.136322Z,1788573105939,AKEUSDT,Sell,169500,0.0185890,"{""T"":1788573105939,""s"":""AKEUSDT"",""S"":""Sell"",""v"":""169500"",""p"":""0.0185890""}"
2026-09-05T01:51:46.488119Z,1788573105939,XAGUSDT,Buy,10.881,66.00,"{""T"":1788573105939,""s"":""XAGUSDT"",""S"":""Buy"",""v"":""10.881"",""p"":""66.00""}"
2026-09-05T01:51:46.637100Z,1788573106339,AKEUSDT,Sell,201900,0.0184920,"{""T"":1788573106339,""s"":""AKEUSDT"",""S"":""Sell"",""v"":""201900"",""p"":""0.0184920""}"
2026-09-05T01:51:47.136011Z,1788573106832,AKEUSDT,Sell,31000,0.0186600,"{""T"":1788573106832,""s"":""AKEUSDT"",""S"":""Sell"",""v"":""31000"",""p"":""0.0186600""}"
2026-09-05T01:51:56.497324Z,1788573115920,DASHUSDT,Sell,3.39,67.08,"{""T"":1788573115920,""s"":""DASHUSDT"",""S"":""Sell"",""v"":""3.39"",""p"":""67.08""}"
2026-09-05T01:51:57.497220Z,1788573116982,DASHUSDT,Sell,1.76,67.19,"{""T"":1788573116982,""s"":""DASHUSDT"",""S"":""Sell"",""v"":""1.76"",""p"":""67.19""}"
2026-09-05T01:52:12.497591Z,1788573132372,FLOCKUSDT,Buy,116,0.04761,"{""T"":1788573132372,""s"":""FLOCKUSDT"",""S"":""Buy"",""v"":""116"",""p"":""0.04761""}"
2026-09-05T01:52:12.998304Z,1788573132861,FLOCKUSDT,Buy,188,0.04770,"{""T"":1788573132861,""s"":""FLOCKUSDT"",""S"":""Buy"",""v"":""188"",""p"":""0.04770""}"
2026-09-05T01:53:15.136489Z,1788573194563,AKEUSDT,Sell,600,0.0187540,"{""T"":1788573194563,""s"":""AKEUSDT"",""S"":""Sell"",""v"":""600"",""p"":""0.0187540""}"
2026-09-05T01:53:17.636613Z,1788573197307,AKEUSDT,Sell,300,0.0188050,"{""T"":1788573197307,""s"":""AKEUSDT"",""S"":""Sell"",""v"":""300"",""p"":""0.0188050""}"
2026-09-05T01:53:18.136804Z,1788573197569,AKEUSDT,Sell,50000,0.0187870,"{""T"":1788573197569,""s"":""AKEUSDT"",""S"":""Sell"",""v"":""50000"",""p"":""0.0187870""}"
2026-09-05T01:53:22.136574Z,1788573201732,AKEUSDT,Sell,2400,0.0189050,"{""T"":1788573201732,""s"":""AKEUSDT"",""S"":""Sell"",""v"":""2400"",""p"":""0.0189050""}"
2026-09-05T01:53:22.635987Z,1788573202319,AKEUSDT,Sell,12300,0.0189230,"{""T"":1788573202319,""s"":""AKEUSDT"",""S"":""Sell"",""v"":""12300"",""p"":""0.0189230""}"
2026-09-05T01:53:29.349738Z,1788573208982,UAIUSDT,Buy,711,0.43390,"{""T"":1788573208982,""s"":""UAIUSDT"",""S"":""Buy"",""v"":""711"",""p"":""0.43390""}"
2026-09-05T01:53:39.136383Z,1788573218670,AKEUSDT,Buy,30100,0.0173980,"{""T"":1788573218670,""s"":""AKEUSDT"",""S"":""Buy"",""v"":""30100"",""p"":""0.0173980""}"
2026-09-05T01:53:39.136383Z,1788573218671,AKEUSDT,Buy,13900,0.0170470,"{""T"":1788573218671,""s"":""AKEUSDT"",""S"":""Buy"",""v"":""13900"",""p"":""0.0170470""}"
2026-09-05T01:53:39.136383Z,1788573218676,AKEUSDT,Buy,10400,0.0169750,"{""T"":1788573218676,""s"":""AKEUSDT"",""S"":""Buy"",""v"":""10400"",""p"":""0.0169750""}"
2026-09-05T01:53:39.136383Z,1788573218694,AKEUSDT,Buy,6400,0.0171000,"{""T"":1788573218694,""s"":""AKEUSDT"",""S"":""Buy"",""v"":""6400"",""p"":""0.0171000""}"
2026-09-05T01:53:39.136383Z,1788573218701,AKEUSDT,Buy,5400,0.0174960,"{""T"":1788573218701,""s"":""AKEUSDT"",""S"":""Buy"",""v"":""5400"",""p"":""0.0174960""}"
2026-09-05T01:53:39.136383Z,1788573218741,AKEUSDT,Buy,28000,0.0170910,"{""T"":1788573218741,""s"":""AKEUSDT"",""S"":""Buy"",""v"":""28000"",""p"":""0.0170910""}"
2026-09-05T01:53:39.136383Z,1788573218869,AKEUSDT,Buy,7500,0.0172170,"{""T"":1788573218869,""s"":""AKEUSDT"",""S"":""Buy"",""v"":""7500"",""p"":""0.0172170""}"
2026-09-05T01:53:39.136383Z,1788573218900,AKEUSDT,Buy,300,0.0176010,"{""T"":1788573218900,""s"":""AKEUSDT"",""S"":""Buy"",""v"":""300"",""p"":""0.0176010""}"
2026-09-05T01:53:39.136383Z,1788573218920,AKEUSDT,Buy,2400,0.0174160,"{""T"":1788573218920,""s"":""AKEUSDT"",""S"":""Buy"",""v"":""2400"",""p"":""0.0174160""}"
2026-09-05T01:53:39.136383Z,1788573218960,AKEUSDT,Buy,28300,0.0169200,"{""T"":1788573218960,""s"":""AKEUSDT"",""S"":""Buy"",""v"":""28300"",""p"":""0.0169200""}"
2026-09-05T01:53:39.136383Z,1788573218966,AKEUSDT,Buy,202600,0.0173570,"{""T"":1788573218966,""s"":""AKEUSDT"",""S"":""Buy"",""v"":""202600"",""p"":""0.0173570""}"
2026-09-05T01:53:39.136383Z,1788573219031,AKEUSDT,Buy,22500,0.0171730,"{""T"":1788573219031,""s"":""AKEUSDT"",""S"":""Buy"",""v"":""22500"",""p"":""0.0171730""}"
2026-09-05T01:53:39.498159Z,1788573219402,DASHUSDT,Buy,0.16,66.09,"{""T"":1788573219402,""s"":""DASHUSDT"",""S"":""Buy"",""v"":""0.16"",""p"":""66.09""}"
2026-09-05T01:53:39.636265Z,1788573219132,AKEUSDT,Buy,54700,0.0173920,"{""T"":1788573219132,""s"":""AKEUSDT"",""S"":""Buy"",""v"":""54700"",""p"":""0.0173920""}"
2026-09-05T01:53:39.636265Z,1788573219134,AKEUSDT,Buy,2700,0.0175590,"{""T"":1788573219134,""s"":""AKEUSDT"",""S"":""Buy"",""v"":""2700"",""p"":""0.0175590""}"
2026-09-05T01:53:39.636265Z,1788573219158,AKEUSDT,Buy,900,0.0174370,"{""T"":1788573219158,""s"":""AKEUSDT"",""S"":""Buy"",""v"":""900"",""p"":""0.0174370""}"
2026-09-05T01:53:39.636265Z,1788573219172,AKEUSDT,Buy,11100,0.0171640,"{""T"":1788573219172,""s"":""AKEUSDT"",""S"":""Buy"",""v"":""11100"",""p"":""0.0171640""}"
2026-09-05T01:53:39.636265Z,1788573219223,AKEUSDT,Buy,7500,0.0172200,"{""T"":1788573219223,""s"":""AKEUSDT"",""S"":""Buy"",""v"":""7500"",""p"":""0.0172200""}"
2026-09-05T01:53:39.636265Z,1788573219225,AKEUSDT,Buy,2800,0.0170540,"{""T"":1788573219225,""s"":""AKEUSDT"",""S"":""Buy"",""v"":""2800"",""p"":""0.0170540""}"
2026-09-05T01:53:39.636265Z,1788573219402,AKEUSDT,Buy,300,0.0172430,"{""T"":1788573219402,""s"":""AKEUSDT"",""S"":""Buy"",""v"":""300"",""p"":""0.0172430""}"
2026-09-05T01:53:39.636265Z,1788573219419,AKEUSDT,Buy,4900,0.0172810,"{""T"":1788573219419,""s"":""AKEUSDT"",""S"":""Buy"",""v"":""4900"",""p"":""0.0172810""}"
2026-09-05T01:53:39.636265Z,1788573219514,AKEUSDT,Buy,13900,0.0170640,"{""T"":1788573219514,""s"":""AKEUSDT"",""S"":""Buy"",""v"":""13900"",""p"":""0.0170640""}"
2026-09-05T01:53:40.136262Z,1788573219585,AKEUSDT,Buy,54700,0.0173670,"{""T"":1788573219585,""s"":""AKEUSDT"",""S"":""Buy"",""v"":""54700"",""p"":""0.0173670""}"
2026-09-05T01:53:40.136262Z,1788573219633,AKEUSDT,Buy,257600,0.0173420,"{""T"":1788573219633,""s"":""AKEUSDT"",""S"":""Buy"",""v"":""257600"",""p"":""0.0173420""}"
2026-09-05T01:53:40.136262Z,1788573219844,AKEUSDT,Buy,13900,0.0168840,"{""T"":1788573219844,""s"":""AKEUSDT"",""S"":""Buy"",""v"":""13900"",""p"":""0.0168840""}"
2026-09-05T01:53:40.636064Z,1788573220089,AKEUSDT,Buy,18000,0.0170020,"{""T"":1788573220089,""s"":""AKEUSDT"",""S"":""Buy"",""v"":""18000"",""p"":""0.0170020""}"
2026-09-05T01:53:40.636064Z,1788573220425,AKEUSDT,Buy,1800,0.0170010,"{""T"":1788573220425,""s"":""AKEUSDT"",""S"":""Buy"",""v"":""1800"",""p"":""0.0170010""}"
2026-09-05T01:53:40.636064Z,1788573220495,AKEUSDT,Buy,13900,0.0168830,"{""T"":1788573220495,""s"":""AKEUSDT"",""S"":""Buy"",""v"":""13900"",""p"":""0.0168830""}"
2026-09-05T01:53:40.636064Z,1788573220515,AKEUSDT,Buy,13900,0.0168590,"{""T"":1788573220515,""s"":""AKEUSDT"",""S"":""Buy"",""v"":""13900"",""p"":""0.0168590""}"
2026-09-05T01:53:43.636119Z,1788573223088,AKEUSDT,Buy,119200,0.0167520,"{""T"":1788573223088,""s"":""AKEUSDT"",""S"":""Buy"",""v"":""119200"",""p"":""0.0167520""}"
2026-09-05T01:53:43.636119Z,1788573223112,AKEUSDT,Buy,116900,0.0164640,"{""T"":1788573223112,""s"":""AKEUSDT"",""S"":""Buy"",""v"":""116900"",""p"":""0.0164640""}"
2026-09-05T01:53:43.636119Z,1788573223121,AKEUSDT,Buy,16000,0.0166530,"{""T"":1788573223121,""s"":""AKEUSDT"",""S"":""Buy"",""v"":""16000"",""p"":""0.0166530""}"
2026-09-05T01:53:43.636119Z,1788573223248,AKEUSDT,Buy,1600,0.0166100,"{""T"":1788573223248,""s"":""AKEUSDT"",""S"":""Buy"",""v"":""1600"",""p"":""0.0166100""}"
2026-09-05T01:53:44.135962Z,1788573223587,AKEUSDT,Buy,27600,0.0167520,"{""T"":1788573223587,""s"":""AKEUSDT"",""S"":""Buy"",""v"":""27600"",""p"":""0.0167520""}"
2026-09-05T01:53:45.136642Z,1788573224715,AKEUSDT,Buy,1300,0.0162180,"{""T"":1788573224715,""s"":""AKEUSDT"",""S"":""Buy"",""v"":""1300"",""p"":""0.0162180""}"
2026-09-05T01:53:45.636200Z,1788573225075,AKEUSDT,Buy,2800,0.0160690,"{""T"":1788573225075,""s"":""AKEUSDT"",""S"":""Buy"",""v"":""2800"",""p"":""0.0160690""}"
2026-09-05T01:53:45.636200Z,1788573225114,AKEUSDT,Buy,7800,0.0161630,"{""T"":1788573225114,""s"":""AKEUSDT"",""S"":""Buy"",""v"":""7800"",""p"":""0.0161630""}"
2026-09-05T01:53:45.636200Z,1788573225136,AKEUSDT,Buy,300,0.0161120,"{""T"":1788573225136,""s"":""AKEUSDT"",""S"":""Buy"",""v"":""300"",""p"":""0.0161120""}"
2026-09-05T01:53:47.829856Z,1788573227726,FFUSDT,Buy,4853,0.10527,"{""T"":1788573227726,""s"":""FFUSDT"",""S"":""Buy"",""v"":""4853"",""p"":""0.10527""}"
2026-09-05T01:53:48.136424Z,1788573227726,AKEUSDT,Buy,22500,0.0159050,"{""T"":1788573227726,""s"":""AKEUSDT"",""S"":""Buy"",""v"":""22500"",""p"":""0.0159050""}"
2026-09-05T01:53:48.635875Z,1788573228450,AKEUSDT,Buy,28300,0.0158740,"{""T"":1788573228450,""s"":""AKEUSDT"",""S"":""Buy"",""v"":""28300"",""p"":""0.0158740""}"
2026-09-05T01:53:48.635875Z,1788573228500,AKEUSDT,Buy,3000,0.0160060,"{""T"":1788573228500,""s"":""AKEUSDT"",""S"":""Buy"",""v"":""3000"",""p"":""0.0160060""}"
2026-09-05T01:54:16.497681Z,1788573256125,DASHUSDT,Sell,1.42,66.99,"{""T"":1788573256125,""s"":""DASHUSDT"",""S"":""Sell"",""v"":""1.42"",""p"":""66.99""}"
2026-09-05T01:54:20.636309Z,1788573260380,AKEUSDT,Sell,21000,0.0173360,"{""T"":1788573260380,""s"":""AKEUSDT"",""S"":""Sell"",""v"":""21000"",""p"":""0.0173360""}"
2026-09-05T01:54:41.136578Z,1788573280640,AKEUSDT,Sell,18200,0.0175010,"{""T"":1788573280640,""s"":""AKEUSDT"",""S"":""Sell"",""v"":""18200"",""p"":""0.0175010""}"
2026-09-05T01:57:12.997293Z,1788573432422,DASHUSDT,Sell,46.57,67.52,"{""T"":1788573432422,""s"":""DASHUSDT"",""S"":""Sell"",""v"":""46.57"",""p"":""67.52""}"
2026-09-05T01:57:12.997293Z,1788573432818,DASHUSDT,Sell,4.63,67.76,"{""T"":1788573432818,""s"":""DASHUSDT"",""S"":""Sell"",""v"":""4.63"",""p"":""67.76""}"
2026-09-05T01:57:12.997293Z,1788573432864,DASHUSDT,Sell,4.14,67.62,"{""T"":1788573432864,""s"":""DASHUSDT"",""S"":""Sell"",""v"":""4.14"",""p"":""67.62""}"
2026-09-05T01:57:13.326060Z,1788573432818,ENAUSDT,Sell,3097,0.16400,"{""T"":1788573432818,""s"":""ENAUSDT"",""S"":""Sell"",""v"":""3097"",""p"":""0.16400""}"
2026-09-05T01:57:13.497273Z,1788573433309,DASHUSDT,Sell,16.18,67.92,"{""T"":1788573433309,""s"":""DASHUSDT"",""S"":""Sell"",""v"":""16.18"",""p"":""67.92""}"
2026-09-05T01:58:24.915670Z,1788573504417,1000PEPEUSDT,Buy,10900,0.0034490,"{""T"":1788573504417,""s"":""1000PEPEUSDT"",""S"":""Buy"",""v"":""10900"",""p"":""0.0034490""}"
2026-09-05T01:58:28.415418Z,1788573507970,ZECUSDT,Buy,10.23,1006.22,"{""T"":1788573507970,""s"":""ZECUSDT"",""S"":""Buy"",""v"":""10.23"",""p"":""1006.22""}"
2026-09-05T01:59:24.415171Z,1788573564063,ZENUSDT,Sell,92.2,7.431,"{""T"":1788573564063,""s"":""ZENUSDT"",""S"":""Sell"",""v"":""92.2"",""p"":""7.431""}"
2026-09-05T01:59:24.415171Z,1788573564168,ZENUSDT,Sell,129.9,7.419,"{""T"":1788573564168,""s"":""ZENUSDT"",""S"":""Sell"",""v"":""129.9"",""p"":""7.419""}"
2026-09-05T01:59:24.415171Z,1788573564295,ZENUSDT,Sell,27.7,7.434,"{""T"":1788573564295,""s"":""ZENUSDT"",""S"":""Sell"",""v"":""27.7"",""p"":""7.434""}"
2026-09-05T01:59:39.516865Z,1788573579163,NEARUSDT,Buy,35.3,2.1980,"{""T"":1788573579163,""s"":""NEARUSDT"",""S"":""Buy"",""v"":""35.3"",""p"":""2.1980""}"
2026-09-05T02:00:06.852948Z,1788573606683,BTRUSDT,Sell,6273,0.05356,"{""T"":1788573606683,""s"":""BTRUSDT"",""S"":""Sell"",""v"":""6273"",""p"":""0.05356""}"
2026-09-05T02:00:07.849041Z,1788573607384,BTRUSDT,Sell,1213,0.05361,"{""T"":1788573607384,""s"":""BTRUSDT"",""S"":""Sell"",""v"":""1213"",""p"":""0.05361""}"
2026-09-05T02:00:28.849289Z,1788573628757,USELESSUSDT,Buy,1121,0.22983,"{""T"":1788573628757,""s"":""USELESSUSDT"",""S"":""Buy"",""v"":""1121"",""p"":""0.22983""}"
2026-09-05T02:00:29.849028Z,1788573629466,USELESSUSDT,Buy,1328,0.22981,"{""T"":1788573629466,""s"":""USELESSUSDT"",""S"":""Buy"",""v"":""1328"",""p"":""0.22981""}"
2026-09-05T02:00:30.566644Z,1788573630364,BTCUSDT,Buy,0.032,79206.60,"{""T"":1788573630364,""s"":""BTCUSDT"",""S"":""Buy"",""v"":""0.032"",""p"":""79206.60""}"
2026-09-05T02:00:33.849242Z,1788573633691,USELESSUSDT,Buy,784,0.22975,"{""T"":1788573633691,""s"":""USELESSUSDT"",""S"":""Buy"",""v"":""784"",""p"":""0.22975""}"
2026-09-05T02:00:56.849323Z,1788573656568,USELESSUSDT,Buy,2578,0.22942,"{""T"":1788573656568,""s"":""USELESSUSDT"",""S"":""Buy"",""v"":""2578"",""p"":""0.22942""}"
2026-09-05T02:00:58.349250Z,1788573658053,USELESSUSDT,Buy,24226,0.22800,"{""T"":1788573658053,""s"":""USELESSUSDT"",""S"":""Buy"",""v"":""24226"",""p"":""0.22800""}"
2026-09-05T02:01:08.017032Z,1788573667823,NEARUSDT,Buy,855.3,2.1860,"{""T"":1788573667823,""s"":""NEARUSDT"",""S"":""Buy"",""v"":""855.3"",""p"":""2.1860""}"
2026-09-05T02:01:13.517695Z,1788573673154,NEARUSDT,Buy,44.5,2.1840,"{""T"":1788573673154,""s"":""NEARUSDT"",""S"":""Buy"",""v"":""44.5"",""p"":""2.1840""}"
2026-09-05T02:01:15.915063Z,1788573675648,ZECUSDT,Buy,0.52,1004.10,"{""T"":1788573675648,""s"":""ZECUSDT"",""S"":""Buy"",""v"":""0.52"",""p"":""1004.10""}"
2026-09-05T02:01:15.915063Z,1788573675774,ZECUSDT,Buy,0.65,1004.42,"{""T"":1788573675774,""s"":""ZECUSDT"",""S"":""Buy"",""v"":""0.65"",""p"":""1004.42""}"
2026-09-05T02:02:30.639621Z,1788573750210,AKEUSDT,Sell,23800,0.0184070,"{""T"":1788573750210,""s"":""AKEUSDT"",""S"":""Sell"",""v"":""23800"",""p"":""0.0184070""}"
2026-09-05T02:02:39.915048Z,1788573759484,ZECUSDT,Buy,0.03,1003.44,"{""T"":1788573759484,""s"":""ZECUSDT"",""S"":""Buy"",""v"":""0.03"",""p"":""1003.44""}"
2026-09-05T02:02:44.497460Z,1788573764053,SPXUSDT,Buy,14,0.5821,"{""T"":1788573764053,""s"":""SPXUSDT"",""S"":""Buy"",""v"":""14"",""p"":""0.5821""}"
2026-09-05T02:03:11.567324Z,1788573791061,BTCUSDT,Buy,0.011,79189.10,"{""T"":1788573791061,""s"":""BTCUSDT"",""S"":""Buy"",""v"":""0.011"",""p"":""79189.10""}"
2026-09-05T02:03:11.567324Z,1788573791324,BTCUSDT,Buy,0.022,79190.20,"{""T"":1788573791324,""s"":""BTCUSDT"",""S"":""Buy"",""v"":""0.022"",""p"":""79190.20""}"
2026-09-05T02:03:12.066760Z,1788573791660,BTCUSDT,Buy,0.018,79190.00,"{""T"":1788573791660,""s"":""BTCUSDT"",""S"":""Buy"",""v"":""0.018"",""p"":""79190.00""}"
2026-09-05T02:03:12.567627Z,1788573792380,BTCUSDT,Buy,0.002,79184.50,"{""T"":1788573792380,""s"":""BTCUSDT"",""S"":""Buy"",""v"":""0.002"",""p"":""79184.50""}"
2026-09-05T02:03:27.639891Z,1788573807155,AKEUSDT,Sell,21400,0.0189180,"{""T"":1788573807155,""s"":""AKEUSDT"",""S"":""Sell"",""v"":""21400"",""p"":""0.0189180""}"
2026-09-05T02:03:29.313992Z,1788573809012,XPLUSDT,Buy,11158,0.09172,"{""T"":1788573809012,""s"":""XPLUSDT"",""S"":""Buy"",""v"":""11158"",""p"":""0.09172""}"
2026-09-05T02:03:36.915141Z,1788573816341,ADAUSDT,Buy,2656,0.2075,"{""T"":1788573816341,""s"":""ADAUSDT"",""S"":""Buy"",""v"":""2656"",""p"":""0.2075""}"
2026-09-05T02:03:42.636275Z,1788573822148,AKEUSDT,Buy,14900,0.0178150,"{""T"":1788573822148,""s"":""AKEUSDT"",""S"":""Buy"",""v"":""14900"",""p"":""0.0178150""}"
2026-09-05T02:04:45.915356Z,1788573885697,ZENUSDT,Sell,71.8,7.502,"{""T"":1788573885697,""s"":""ZENUSDT"",""S"":""Sell"",""v"":""71.8"",""p"":""7.502""}"
2026-09-05T02:05:29.136490Z,1788573928983,AKEUSDT,Sell,38800,0.0185910,"{""T"":1788573928983,""s"":""AKEUSDT"",""S"":""Sell"",""v"":""38800"",""p"":""0.0185910""}"
2026-09-05T02:05:29.349411Z,1788573928983,USELESSUSDT,Buy,11347,0.22747,"{""T"":1788573928983,""s"":""USELESSUSDT"",""S"":""Buy"",""v"":""11347"",""p"":""0.22747""}"
2026-09-05T02:08:41.838428Z,1788574121283,HNTUSDT,Sell,2809.34,0.6133,"{""T"":1788574121283,""s"":""HNTUSDT"",""S"":""Sell"",""v"":""2809.34"",""p"":""0.6133""}"
2026-09-05T02:08:52.338609Z,1788574131965,HNTUSDT,Sell,854.89,0.6208,"{""T"":1788574131965,""s"":""HNTUSDT"",""S"":""Sell"",""v"":""854.89"",""p"":""0.6208""}"
2026-09-05T02:09:02.814118Z,1788574142708,XPLUSDT,Sell,310,0.09328,"{""T"":1788574142708,""s"":""XPLUSDT"",""S"":""Sell"",""v"":""310"",""p"":""0.09328""}"
2026-09-05T02:09:49.066931Z,1788574188974,BTCUSDT,Buy,0.001,79249.80,"{""T"":1788574188974,""s"":""BTCUSDT"",""S"":""Buy"",""v"":""0.001"",""p"":""79249.80""}"
2026-09-05T02:09:49.136797Z,1788574188974,AKEUSDT,Sell,1600,0.0190040,"{""T"":1788574188974,""s"":""AKEUSDT"",""S"":""Sell"",""v"":""1600"",""p"":""0.0190040""}"
2026-09-05T02:09:49.349268Z,1788574188974,BTRUSDT,Sell,443,0.05324,"{""T"":1788574188974,""s"":""BTRUSDT"",""S"":""Sell"",""v"":""443"",""p"":""0.05324""}"
2026-09-05T02:09:49.349892Z,1788574188974,MARSCOINUSDT,Sell,50,0.18486,"{""T"":1788574188974,""s"":""MARSCOINUSDT"",""S"":""Sell"",""v"":""50"",""p"":""0.18486""}"
2026-09-05T02:09:49.360889Z,1788574188974,TUSDT,Buy,4100,0.004111,"{""T"":1788574188974,""s"":""TUSDT"",""S"":""Buy"",""v"":""4100"",""p"":""0.004111""}"
2026-09-05T02:10:13.997926Z,1788574213643,DASHUSDT,Sell,2.90,67.07,"{""T"":1788574213643,""s"":""DASHUSDT"",""S"":""Sell"",""v"":""2.90"",""p"":""67.07""}"
2026-09-05T02:10:15.997307Z,1788574215434,DASHUSDT,Sell,0.48,67.17,"{""T"":1788574215434,""s"":""DASHUSDT"",""S"":""Sell"",""v"":""0.48"",""p"":""67.17""}"
2026-09-05T02:10:39.842754Z,1788574239597,LITUSDT,Buy,107.4,4.6600,"{""T"":1788574239597,""s"":""LITUSDT"",""S"":""Buy"",""v"":""107.4"",""p"":""4.6600""}"
2026-09-05T02:11:02.838319Z,1788574262433,HNTUSDT,Sell,3827.57,0.6251,"{""T"":1788574262433,""s"":""HNTUSDT"",""S"":""Sell"",""v"":""3827.57"",""p"":""0.6251""}"
2026-09-05T02:13:45.341954Z,1788574425182,HNTUSDT,Sell,12.95,0.6347,"{""T"":1788574425182,""s"":""HNTUSDT"",""S"":""Sell"",""v"":""12.95"",""p"":""0.6347""}"
2026-09-05T02:13:47.338811Z,1788574426975,HNTUSDT,Sell,213.15,0.6410,"{""T"":1788574426975,""s"":""HNTUSDT"",""S"":""Sell"",""v"":""213.15"",""p"":""0.6410""}"
2026-09-05T02:15:07.915278Z,1788574507587,ZENUSDT,Buy,76.0,7.378,"{""T"":1788574507587,""s"":""ZENUSDT"",""S"":""Buy"",""v"":""76.0"",""p"":""7.378""}"
2026-09-05T02:15:26.997689Z,1788574526817,DASHUSDT,Buy,0.13,65.87,"{""T"":1788574526817,""s"":""DASHUSDT"",""S"":""Buy"",""v"":""0.13"",""p"":""65.87""}"
2026-09-05T02:15:34.497911Z,1788574534071,DASHUSDT,Buy,10.26,65.76,"{""T"":1788574534071,""s"":""DASHUSDT"",""S"":""Buy"",""v"":""10.26"",""p"":""65.76""}"
2026-09-05T02:16:16.352979Z,1788574575896,USELESSUSDT,Buy,48757,0.22658,"{""T"":1788574575896,""s"":""USELESSUSDT"",""S"":""Buy"",""v"":""48757"",""p"":""0.22658""}"
2026-09-05T02:16:16.352979Z,1788574576114,USELESSUSDT,Buy,759,0.22638,"{""T"":1788574576114,""s"":""USELESSUSDT"",""S"":""Buy"",""v"":""759"",""p"":""0.22638""}"
2026-09-05T02:16:20.349189Z,1788574579988,USELESSUSDT,Buy,286,0.22574,"{""T"":1788574579988,""s"":""USELESSUSDT"",""S"":""Buy"",""v"":""286"",""p"":""0.22574""}"
2026-09-05T02:16:20.349189Z,1788574580056,USELESSUSDT,Buy,77,0.22557,"{""T"":1788574580056,""s"":""USELESSUSDT"",""S"":""Buy"",""v"":""77"",""p"":""0.22557""}"
2026-09-05T02:16:20.349189Z,1788574580064,USELESSUSDT,Buy,60465,0.22544,"{""T"":1788574580064,""s"":""USELESSUSDT"",""S"":""Buy"",""v"":""60465"",""p"":""0.22544""}"
2026-09-05T02:16:21.349867Z,1788574581011,USELESSUSDT,Buy,50,0.22534,"{""T"":1788574581011,""s"":""USELESSUSDT"",""S"":""Buy"",""v"":""50"",""p"":""0.22534""}"
