recv_ts_utc,exch_ts_ms,symbol,side,size,price,raw_json
2026-09-18T00:00:12.500105Z,1789689612280,COTIUSDT,Buy,59807,0.024791,"{""T"":1789689612280,""s"":""COTIUSDT"",""S"":""Buy"",""v"":""59807"",""p"":""0.024791""}"
2026-09-18T00:00:12.637427Z,1789689612280,AKEUSDT,Sell,2700,0.0216620,"{""T"":1789689612280,""s"":""AKEUSDT"",""S"":""Sell"",""v"":""2700"",""p"":""0.0216620""}"
2026-09-18T00:00:12.831823Z,1789689612280,CROSSUSDT,Sell,46,0.17857,"{""T"":1789689612280,""s"":""CROSSUSDT"",""S"":""Sell"",""v"":""46"",""p"":""0.17857""}"
2026-09-18T00:00:27.488230Z,1789689626938,SOXLUSDT,Buy,7.07,113.25,"{""T"":1789689626938,""s"":""SOXLUSDT"",""S"":""Buy"",""v"":""7.07"",""p"":""113.25""}"
2026-09-18T00:01:15.415613Z,1789689674969,ZECUSDT,Buy,0.05,1454.29,"{""T"":1789689674969,""s"":""ZECUSDT"",""S"":""Buy"",""v"":""0.05"",""p"":""1454.29""}"
2026-09-18T00:01:15.518008Z,1789689675083,NEARUSDT,Buy,2093.9,3.1110,"{""T"":1789689675083,""s"":""NEARUSDT"",""S"":""Buy"",""v"":""2093.9"",""p"":""3.1110""}"
2026-09-18T00:01:25.409421Z,1789689684987,LSKUSDT,Buy,1301.1,0.42934,"{""T"":1789689684987,""s"":""LSKUSDT"",""S"":""Buy"",""v"":""1301.1"",""p"":""0.42934""}"
2026-09-18T00:01:36.314224Z,1789689695921,HYPEUSDT,Sell,51.25,85.860,"{""T"":1789689695921,""s"":""HYPEUSDT"",""S"":""Sell"",""v"":""51.25"",""p"":""85.860""}"
2026-09-18T00:01:56.910091Z,1789689716649,LSKUSDT,Buy,21.7,0.42818,"{""T"":1789689716649,""s"":""LSKUSDT"",""S"":""Buy"",""v"":""21.7"",""p"":""0.42818""}"
2026-09-18T00:02:21.498192Z,1789689741354,INJUSDT,Sell,18.8,5.7750,"{""T"":1789689741354,""s"":""INJUSDT"",""S"":""Sell"",""v"":""18.8"",""p"":""5.7750""}"
2026-09-18T00:02:21.814871Z,1789689741354,HYPEUSDT,Sell,2.14,85.850,"{""T"":1789689741354,""s"":""HYPEUSDT"",""S"":""Sell"",""v"":""2.14"",""p"":""85.850""}"
2026-09-18T00:02:21.838247Z,1789689741354,ONDOUSDT,Sell,269,0.3763,"{""T"":1789689741354,""s"":""ONDOUSDT"",""S"":""Sell"",""v"":""269"",""p"":""0.3763""}"
2026-09-18T00:02:23.814240Z,1789689743596,HYPEUSDT,Sell,0.28,85.870,"{""T"":1789689743596,""s"":""HYPEUSDT"",""S"":""Sell"",""v"":""0.28"",""p"":""85.870""}"
2026-09-18T00:02:34.314527Z,1789689753911,HYPEUSDT,Sell,41.00,85.860,"{""T"":1789689753911,""s"":""HYPEUSDT"",""S"":""Sell"",""v"":""41.00"",""p"":""85.860""}"
2026-09-18T00:02:34.314527Z,1789689753928,HYPEUSDT,Sell,58.68,85.880,"{""T"":1789689753928,""s"":""HYPEUSDT"",""S"":""Sell"",""v"":""58.68"",""p"":""85.880""}"
2026-09-18T00:02:34.415179Z,1789689753911,ZECUSDT,Sell,0.08,1474.80,"{""T"":1789689753911,""s"":""ZECUSDT"",""S"":""Sell"",""v"":""0.08"",""p"":""1474.80""}"
2026-09-18T00:02:34.498060Z,1789689753911,LINKUSDT,Sell,8.0,11.456,"{""T"":1789689753911,""s"":""LINKUSDT"",""S"":""Sell"",""v"":""8.0"",""p"":""11.456""}"
2026-09-18T00:02:44.915131Z,1789689764502,UNIUSDT,Sell,22.0,7.908,"{""T"":1789689764502,""s"":""UNIUSDT"",""S"":""Sell"",""v"":""22.0"",""p"":""7.908""}"
2026-09-18T00:02:46.415070Z,1789689765887,UNIUSDT,Sell,2.7,7.920,"{""T"":1789689765887,""s"":""UNIUSDT"",""S"":""Sell"",""v"":""2.7"",""p"":""7.920""}"
2026-09-18T00:02:48.915230Z,1789689768396,UNIUSDT,Sell,34.2,7.924,"{""T"":1789689768396,""s"":""UNIUSDT"",""S"":""Sell"",""v"":""34.2"",""p"":""7.924""}"
2026-09-18T00:02:48.915230Z,1789689768761,UNIUSDT,Sell,1.2,7.925,"{""T"":1789689768761,""s"":""UNIUSDT"",""S"":""Sell"",""v"":""1.2"",""p"":""7.925""}"
2026-09-18T00:03:00.018407Z,1789689779756,NEARUSDT,Sell,17.3,3.1790,"{""T"":1789689779756,""s"":""NEARUSDT"",""S"":""Sell"",""v"":""17.3"",""p"":""3.1790""}"
2026-09-18T00:04:16.814323Z,1789689856633,HYPEUSDT,Sell,25.00,85.920,"{""T"":1789689856633,""s"":""HYPEUSDT"",""S"":""Sell"",""v"":""25.00"",""p"":""85.920""}"
2026-09-18T00:04:58.818334Z,1789689898547,XPLUSDT,Sell,3707,0.08900,"{""T"":1789689898547,""s"":""XPLUSDT"",""S"":""Sell"",""v"":""3707"",""p"":""0.08900""}"
2026-09-18T00:05:16.314359Z,1789689915760,HYPEUSDT,Sell,3.70,85.980,"{""T"":1789689915760,""s"":""HYPEUSDT"",""S"":""Sell"",""v"":""3.70"",""p"":""85.980""}"
2026-09-18T00:05:21.838882Z,1789689921404,ONDOUSDT,Sell,127,0.3791,"{""T"":1789689921404,""s"":""ONDOUSDT"",""S"":""Sell"",""v"":""127"",""p"":""0.3791""}"
2026-09-18T00:05:27.338721Z,1789689926967,ONDOUSDT,Sell,456,0.3792,"{""T"":1789689926967,""s"":""ONDOUSDT"",""S"":""Sell"",""v"":""456"",""p"":""0.3792""}"
2026-09-18T00:05:49.814708Z,1789689949699,PUMPFUNUSDT,Buy,3400,0.0040390,"{""T"":1789689949699,""s"":""PUMPFUNUSDT"",""S"":""Buy"",""v"":""3400"",""p"":""0.0040390""}"
2026-09-18T00:05:53.314578Z,1789689952823,HYPEUSDT,Sell,0.76,86.030,"{""T"":1789689952823,""s"":""HYPEUSDT"",""S"":""Sell"",""v"":""0.76"",""p"":""86.030""}"
2026-09-18T00:06:29.415181Z,1789689989210,UNIUSDT,Sell,8.1,7.929,"{""T"":1789689989210,""s"":""UNIUSDT"",""S"":""Sell"",""v"":""8.1"",""p"":""7.929""}"
2026-09-18T00:06:34.415216Z,1789689994074,ZECUSDT,Buy,0.01,1452.51,"{""T"":1789689994074,""s"":""ZECUSDT"",""S"":""Buy"",""v"":""0.01"",""p"":""1452.51""}"
2026-09-18T00:06:34.415216Z,1789689994235,ZECUSDT,Buy,0.47,1449.65,"{""T"":1789689994235,""s"":""ZECUSDT"",""S"":""Buy"",""v"":""0.47"",""p"":""1449.65""}"
2026-09-18T00:06:37.314368Z,1789689997153,HYPEUSDT,Sell,0.09,86.040,"{""T"":1789689997153,""s"":""HYPEUSDT"",""S"":""Sell"",""v"":""0.09"",""p"":""86.040""}"
2026-09-18T00:06:38.915334Z,1789689998501,UNIUSDT,Sell,6.3,7.937,"{""T"":1789689998501,""s"":""UNIUSDT"",""S"":""Sell"",""v"":""6.3"",""p"":""7.937""}"
2026-09-18T00:06:39.314147Z,1789689999063,HYPEUSDT,Sell,58.61,86.050,"{""T"":1789689999063,""s"":""HYPEUSDT"",""S"":""Sell"",""v"":""58.61"",""p"":""86.050""}"
2026-09-18T00:06:39.314147Z,1789689999066,HYPEUSDT,Sell,13.91,86.050,"{""T"":1789689999066,""s"":""HYPEUSDT"",""S"":""Sell"",""v"":""13.91"",""p"":""86.050""}"
2026-09-18T00:07:00.314603Z,1789690020220,HYPEUSDT,Sell,40.67,86.160,"{""T"":1789690020220,""s"":""HYPEUSDT"",""S"":""Sell"",""v"":""40.67"",""p"":""86.160""}"
2026-09-18T00:07:00.814510Z,1789690020285,HYPEUSDT,Sell,7.44,86.150,"{""T"":1789690020285,""s"":""HYPEUSDT"",""S"":""Sell"",""v"":""7.44"",""p"":""86.150""}"
2026-09-18T00:07:23.527350Z,1789690043042,COTIUSDT,Buy,42629,0.024907,"{""T"":1789690043042,""s"":""COTIUSDT"",""S"":""Buy"",""v"":""42629"",""p"":""0.024907""}"
2026-09-18T00:07:43.330714Z,1789690063046,CROSSUSDT,Sell,2812,0.18341,"{""T"":1789690063046,""s"":""CROSSUSDT"",""S"":""Sell"",""v"":""2812"",""p"":""0.18341""}"
2026-09-18T00:08:41.017717Z,1789690120604,KSMUSDT,Buy,986.09,4.112,"{""T"":1789690120604,""s"":""KSMUSDT"",""S"":""Buy"",""v"":""986.09"",""p"":""4.112""}"
2026-09-18T00:08:41.017717Z,1789690120641,KSMUSDT,Buy,4.18,4.121,"{""T"":1789690120641,""s"":""KSMUSDT"",""S"":""Buy"",""v"":""4.18"",""p"":""4.121""}"
2026-09-18T00:10:45.497674Z,1789690245206,COTIUSDT,Sell,682,0.025752,"{""T"":1789690245206,""s"":""COTIUSDT"",""S"":""Sell"",""v"":""682"",""p"":""0.025752""}"
2026-09-18T00:11:01.997751Z,1789690261830,COTIUSDT,Sell,34236,0.025939,"{""T"":1789690261830,""s"":""COTIUSDT"",""S"":""Sell"",""v"":""34236"",""p"":""0.025939""}"
2026-09-18T00:11:09.497890Z,1789690268964,COTIUSDT,Sell,31951,0.025932,"{""T"":1789690268964,""s"":""COTIUSDT"",""S"":""Sell"",""v"":""31951"",""p"":""0.025932""}"
2026-09-18T00:12:30.912522Z,1789690350703,LSKUSDT,Sell,10259.7,0.45665,"{""T"":1789690350703,""s"":""LSKUSDT"",""S"":""Sell"",""v"":""10259.7"",""p"":""0.45665""}"
2026-09-18T00:12:32.409519Z,1789690351900,LSKUSDT,Sell,285.0,0.45722,"{""T"":1789690351900,""s"":""LSKUSDT"",""S"":""Sell"",""v"":""285.0"",""p"":""0.45722""}"
2026-09-18T00:12:32.409519Z,1789690351962,LSKUSDT,Sell,546.1,0.45697,"{""T"":1789690351962,""s"":""LSKUSDT"",""S"":""Sell"",""v"":""546.1"",""p"":""0.45697""}"
2026-09-18T00:13:00.988818Z,1789690380506,XAUUSDT,Sell,0.357,4378.62,"{""T"":1789690380506,""s"":""XAUUSDT"",""S"":""Sell"",""v"":""0.357"",""p"":""4378.62""}"
2026-09-18T00:13:04.498545Z,1789690384155,COTIUSDT,Sell,16056,0.026050,"{""T"":1789690384155,""s"":""COTIUSDT"",""S"":""Sell"",""v"":""16056"",""p"":""0.026050""}"
2026-09-18T00:13:20.988643Z,1789690400648,XAUUSDT,Sell,0.098,4380.00,"{""T"":1789690400648,""s"":""XAUUSDT"",""S"":""Sell"",""v"":""0.098"",""p"":""4380.00""}"
2026-09-18T00:13:35.498614Z,1789690415248,COTIUSDT,Sell,1683,0.026257,"{""T"":1789690415248,""s"":""COTIUSDT"",""S"":""Sell"",""v"":""1683"",""p"":""0.026257""}"
2026-09-18T00:13:35.997597Z,1789690415697,COTIUSDT,Sell,199608,0.026256,"{""T"":1789690415697,""s"":""COTIUSDT"",""S"":""Sell"",""v"":""199608"",""p"":""0.026256""}"
2026-09-18T00:14:11.497850Z,1789690450923,COTIUSDT,Buy,7257,0.025338,"{""T"":1789690450923,""s"":""COTIUSDT"",""S"":""Buy"",""v"":""7257"",""p"":""0.025338""}"
2026-09-18T00:14:36.314592Z,1789690475730,HYPEUSDT,Sell,4.26,86.220,"{""T"":1789690475730,""s"":""HYPEUSDT"",""S"":""Sell"",""v"":""4.26"",""p"":""86.220""}"
2026-09-18T00:15:00.315233Z,1789690499867,HYPEUSDT,Sell,58.85,86.230,"{""T"":1789690499867,""s"":""HYPEUSDT"",""S"":""Sell"",""v"":""58.85"",""p"":""86.230""}"
2026-09-18T00:15:46.989139Z,1789690546690,XAUUSDT,Sell,0.669,4380.35,"{""T"":1789690546690,""s"":""XAUUSDT"",""S"":""Sell"",""v"":""0.669"",""p"":""4380.35""}"
2026-09-18T00:15:51.415303Z,1789690551323,ZECUSDT,Buy,0.66,1449.30,"{""T"":1789690551323,""s"":""ZECUSDT"",""S"":""Buy"",""v"":""0.66"",""p"":""1449.30""}"
2026-09-18T00:16:00.915465Z,1789690560640,ZECUSDT,Buy,0.30,1446.06,"{""T"":1789690560640,""s"":""ZECUSDT"",""S"":""Buy"",""v"":""0.30"",""p"":""1446.06""}"
2026-09-18T00:16:00.915465Z,1789690560705,ZECUSDT,Buy,0.15,1445.83,"{""T"":1789690560705,""s"":""ZECUSDT"",""S"":""Buy"",""v"":""0.15"",""p"":""1445.83""}"
2026-09-18T00:16:31.314530Z,1789690590932,HYPEUSDT,Sell,41.50,86.340,"{""T"":1789690590932,""s"":""HYPEUSDT"",""S"":""Sell"",""v"":""41.50"",""p"":""86.340""}"
2026-09-18T00:16:31.517266Z,1789690591082,NEARUSDT,Buy,1207.4,3.1030,"{""T"":1789690591082,""s"":""NEARUSDT"",""S"":""Buy"",""v"":""1207.4"",""p"":""3.1030""}"
2026-09-18T00:16:31.915400Z,1789690591395,ZECUSDT,Buy,0.09,1444.78,"{""T"":1789690591395,""s"":""ZECUSDT"",""S"":""Buy"",""v"":""0.09"",""p"":""1444.78""}"
2026-09-18T00:16:33.415386Z,1789690593215,ZECUSDT,Buy,0.34,1443.85,"{""T"":1789690593215,""s"":""ZECUSDT"",""S"":""Buy"",""v"":""0.34"",""p"":""1443.85""}"
2026-09-18T00:16:33.415386Z,1789690593274,ZECUSDT,Buy,0.47,1443.88,"{""T"":1789690593274,""s"":""ZECUSDT"",""S"":""Buy"",""v"":""0.47"",""p"":""1443.88""}"
2026-09-18T00:16:41.915251Z,1789690601527,ZECUSDT,Buy,0.93,1442.12,"{""T"":1789690601527,""s"":""ZECUSDT"",""S"":""Buy"",""v"":""0.93"",""p"":""1442.12""}"
2026-09-18T00:16:46.915359Z,1789690606577,ZECUSDT,Buy,6.71,1440.54,"{""T"":1789690606577,""s"":""ZECUSDT"",""S"":""Buy"",""v"":""6.71"",""p"":""1440.54""}"
2026-09-18T00:16:47.415192Z,1789690607289,ZECUSDT,Buy,1.60,1440.42,"{""T"":1789690607289,""s"":""ZECUSDT"",""S"":""Buy"",""v"":""1.60"",""p"":""1440.42""}"
2026-09-18T00:16:49.415328Z,1789690608946,ZECUSDT,Buy,0.13,1440.12,"{""T"":1789690608946,""s"":""ZECUSDT"",""S"":""Buy"",""v"":""0.13"",""p"":""1440.12""}"
2026-09-18T00:16:49.415328Z,1789690609243,ZECUSDT,Buy,1.36,1439.66,"{""T"":1789690609243,""s"":""ZECUSDT"",""S"":""Buy"",""v"":""1.36"",""p"":""1439.66""}"
2026-09-18T00:17:01.017899Z,1789690620669,NEARUSDT,Buy,1851.4,3.0950,"{""T"":1789690620669,""s"":""NEARUSDT"",""S"":""Buy"",""v"":""1851.4"",""p"":""3.0950""}"
2026-09-18T00:17:02.998210Z,1789690622778,COTIUSDT,Buy,336,0.025141,"{""T"":1789690622778,""s"":""COTIUSDT"",""S"":""Buy"",""v"":""336"",""p"":""0.025141""}"
2026-09-18T00:17:03.497831Z,1789690622921,COTIUSDT,Buy,5399,0.025079,"{""T"":1789690622921,""s"":""COTIUSDT"",""S"":""Buy"",""v"":""5399"",""p"":""0.025079""}"
2026-09-18T00:17:03.997691Z,1789690623467,COTIUSDT,Buy,186383,0.025093,"{""T"":1789690623467,""s"":""COTIUSDT"",""S"":""Buy"",""v"":""186383"",""p"":""0.025093""}"
2026-09-18T00:17:03.997691Z,1789690623752,COTIUSDT,Buy,148897,0.025089,"{""T"":1789690623752,""s"":""COTIUSDT"",""S"":""Buy"",""v"":""148897"",""p"":""0.025089""}"
2026-09-18T00:17:08.409529Z,1789690628113,LSKUSDT,Sell,1563.1,0.46116,"{""T"":1789690628113,""s"":""LSKUSDT"",""S"":""Sell"",""v"":""1563.1"",""p"":""0.46116""}"
2026-09-18T00:17:19.409580Z,1789690639053,LSKUSDT,Sell,457.4,0.46216,"{""T"":1789690639053,""s"":""LSKUSDT"",""S"":""Sell"",""v"":""457.4"",""p"":""0.46216""}"
2026-09-18T00:17:19.909533Z,1789690639756,LSKUSDT,Sell,98.1,0.46248,"{""T"":1789690639756,""s"":""LSKUSDT"",""S"":""Sell"",""v"":""98.1"",""p"":""0.46248""}"
2026-09-18T00:17:21.415851Z,1789690640869,ZECUSDT,Buy,0.17,1438.09,"{""T"":1789690640869,""s"":""ZECUSDT"",""S"":""Buy"",""v"":""0.17"",""p"":""1438.09""}"
2026-09-18T00:17:21.415851Z,1789690640889,ZECUSDT,Buy,0.15,1438.14,"{""T"":1789690640889,""s"":""ZECUSDT"",""S"":""Buy"",""v"":""0.15"",""p"":""1438.14""}"
2026-09-18T00:17:24.067191Z,1789690643791,BTCUSDT,Sell,0.010,76590.90,"{""T"":1789690643791,""s"":""BTCUSDT"",""S"":""Sell"",""v"":""0.010"",""p"":""76590.90""}"
2026-09-18T00:17:24.314805Z,1789690643790,HYPEUSDT,Sell,20.56,86.370,"{""T"":1789690643790,""s"":""HYPEUSDT"",""S"":""Sell"",""v"":""20.56"",""p"":""86.370""}"
2026-09-18T00:17:28.910858Z,1789690648453,LSKUSDT,Sell,383.3,0.46387,"{""T"":1789690648453,""s"":""LSKUSDT"",""S"":""Sell"",""v"":""383.3"",""p"":""0.46387""}"
2026-09-18T00:17:28.910858Z,1789690648815,LSKUSDT,Sell,65.0,0.46389,"{""T"":1789690648815,""s"":""LSKUSDT"",""S"":""Sell"",""v"":""65.0"",""p"":""0.46389""}"
2026-09-18T00:17:53.850313Z,1789690673592,XLMUSDT,Buy,127,0.18170,"{""T"":1789690673592,""s"":""XLMUSDT"",""S"":""Buy"",""v"":""127"",""p"":""0.18170""}"
2026-09-18T00:18:13.459792Z,1789690692980,ETHUSDT,Buy,5.76,2432.13,"{""T"":1789690692980,""s"":""ETHUSDT"",""S"":""Buy"",""v"":""5.76"",""p"":""2432.13""}"
2026-09-18T00:18:14.017629Z,1789690693697,NEARUSDT,Buy,6.5,3.0780,"{""T"":1789690693697,""s"":""NEARUSDT"",""S"":""Buy"",""v"":""6.5"",""p"":""3.0780""}"
2026-09-18T00:18:15.017907Z,1789690694445,NEARUSDT,Buy,22.3,3.0750,"{""T"":1789690694445,""s"":""NEARUSDT"",""S"":""Buy"",""v"":""22.3"",""p"":""3.0750""}"
2026-09-18T00:18:36.498218Z,1789690716045,COTIUSDT,Sell,4017,0.026145,"{""T"":1789690716045,""s"":""COTIUSDT"",""S"":""Sell"",""v"":""4017"",""p"":""0.026145""}"
2026-09-18T00:18:38.830792Z,1789690718435,PONSUSDT,Buy,109,0.6582,"{""T"":1789690718435,""s"":""PONSUSDT"",""S"":""Buy"",""v"":""109"",""p"":""0.6582""}"
2026-09-18T00:18:46.909861Z,1789690726521,LSKUSDT,Sell,10000.0,0.46623,"{""T"":1789690726521,""s"":""LSKUSDT"",""S"":""Sell"",""v"":""10000.0"",""p"":""0.46623""}"
2026-09-18T00:18:46.909861Z,1789690726632,LSKUSDT,Sell,177.7,0.46614,"{""T"":1789690726632,""s"":""LSKUSDT"",""S"":""Sell"",""v"":""177.7"",""p"":""0.46614""}"
2026-09-18T00:18:47.409706Z,1789690726858,LSKUSDT,Sell,163.1,0.46670,"{""T"":1789690726858,""s"":""LSKUSDT"",""S"":""Sell"",""v"":""163.1"",""p"":""0.46670""}"
2026-09-18T00:19:17.997703Z,1789690757665,COTIUSDT,Buy,15822,0.025457,"{""T"":1789690757665,""s"":""COTIUSDT"",""S"":""Buy"",""v"":""15822"",""p"":""0.025457""}"
2026-09-18T00:20:14.909703Z,1789690814749,LSKUSDT,Sell,489.3,0.46815,"{""T"":1789690814749,""s"":""LSKUSDT"",""S"":""Sell"",""v"":""489.3"",""p"":""0.46815""}"
2026-09-18T00:20:15.409617Z,1789690815026,LSKUSDT,Sell,1350.0,0.46943,"{""T"":1789690815026,""s"":""LSKUSDT"",""S"":""Sell"",""v"":""1350.0"",""p"":""0.46943""}"
2026-09-18T00:20:15.409617Z,1789690815029,LSKUSDT,Sell,25.5,0.46856,"{""T"":1789690815029,""s"":""LSKUSDT"",""S"":""Sell"",""v"":""25.5"",""p"":""0.46856""}"
2026-09-18T00:20:15.409617Z,1789690815174,LSKUSDT,Sell,1128.5,0.46946,"{""T"":1789690815174,""s"":""LSKUSDT"",""S"":""Sell"",""v"":""1128.5"",""p"":""0.46946""}"
2026-09-18T00:20:15.409617Z,1789690815201,LSKUSDT,Sell,199.0,0.47037,"{""T"":1789690815201,""s"":""LSKUSDT"",""S"":""Sell"",""v"":""199.0"",""p"":""0.47037""}"
2026-09-18T00:20:15.910416Z,1789690815338,LSKUSDT,Sell,1237.3,0.46854,"{""T"":1789690815338,""s"":""LSKUSDT"",""S"":""Sell"",""v"":""1237.3"",""p"":""0.46854""}"
2026-09-18T00:20:15.910416Z,1789690815446,LSKUSDT,Sell,369.4,0.46951,"{""T"":1789690815446,""s"":""LSKUSDT"",""S"":""Sell"",""v"":""369.4"",""p"":""0.46951""}"
2026-09-18T00:20:15.910416Z,1789690815652,LSKUSDT,Sell,119.6,0.46846,"{""T"":1789690815652,""s"":""LSKUSDT"",""S"":""Sell"",""v"":""119.6"",""p"":""0.46846""}"
2026-09-18T00:20:16.411289Z,1789690815853,LSKUSDT,Sell,42.2,0.47069,"{""T"":1789690815853,""s"":""LSKUSDT"",""S"":""Sell"",""v"":""42.2"",""p"":""0.47069""}"
2026-09-18T00:20:16.411289Z,1789690815879,LSKUSDT,Sell,46.2,0.46936,"{""T"":1789690815879,""s"":""LSKUSDT"",""S"":""Sell"",""v"":""46.2"",""p"":""0.46936""}"
2026-09-18T00:20:17.409580Z,1789690817007,LSKUSDT,Sell,245.6,0.47156,"{""T"":1789690817007,""s"":""LSKUSDT"",""S"":""Sell"",""v"":""245.6"",""p"":""0.47156""}"
2026-09-18T00:20:19.497797Z,1789690819072,COTIUSDT,Sell,5861,0.026378,"{""T"":1789690819072,""s"":""COTIUSDT"",""S"":""Sell"",""v"":""5861"",""p"":""0.026378""}"
2026-09-18T00:20:21.909393Z,1789690821642,LSKUSDT,Sell,2777.0,0.47325,"{""T"":1789690821642,""s"":""LSKUSDT"",""S"":""Sell"",""v"":""2777.0"",""p"":""0.47325""}"
2026-09-18T00:20:24.409580Z,1789690824137,LSKUSDT,Sell,2512.4,0.47405,"{""T"":1789690824137,""s"":""LSKUSDT"",""S"":""Sell"",""v"":""2512.4"",""p"":""0.47405""}"
2026-09-18T00:20:30.409701Z,1789690830204,LSKUSDT,Sell,433.4,0.47451,"{""T"":1789690830204,""s"":""LSKUSDT"",""S"":""Sell"",""v"":""433.4"",""p"":""0.47451""}"
2026-09-18T00:20:31.409622Z,1789690830963,LSKUSDT,Sell,36.9,0.47460,"{""T"":1789690830963,""s"":""LSKUSDT"",""S"":""Sell"",""v"":""36.9"",""p"":""0.47460""}"
2026-09-18T00:20:32.409500Z,1789690832066,LSKUSDT,Sell,416.0,0.47587,"{""T"":1789690832066,""s"":""LSKUSDT"",""S"":""Sell"",""v"":""416.0"",""p"":""0.47587""}"
2026-09-18T00:20:32.909426Z,1789690832734,LSKUSDT,Sell,22.0,0.47559,"{""T"":1789690832734,""s"":""LSKUSDT"",""S"":""Sell"",""v"":""22.0"",""p"":""0.47559""}"
2026-09-18T00:20:35.909400Z,1789690835646,LSKUSDT,Sell,1532.2,0.47609,"{""T"":1789690835646,""s"":""LSKUSDT"",""S"":""Sell"",""v"":""1532.2"",""p"":""0.47609""}"
2026-09-18T00:20:36.409621Z,1789690835993,LSKUSDT,Sell,67.2,0.47562,"{""T"":1789690835993,""s"":""LSKUSDT"",""S"":""Sell"",""v"":""67.2"",""p"":""0.47562""}"
2026-09-18T00:20:36.409621Z,1789690836232,LSKUSDT,Sell,1047.4,0.47641,"{""T"":1789690836232,""s"":""LSKUSDT"",""S"":""Sell"",""v"":""1047.4"",""p"":""0.47641""}"
2026-09-18T00:21:18.412919Z,1789690878056,LSKUSDT,Sell,23.8,0.47711,"{""T"":1789690878056,""s"":""LSKUSDT"",""S"":""Sell"",""v"":""23.8"",""p"":""0.47711""}"
2026-09-18T00:21:18.412919Z,1789690878227,LSKUSDT,Sell,27.2,0.47749,"{""T"":1789690878227,""s"":""LSKUSDT"",""S"":""Sell"",""v"":""27.2"",""p"":""0.47749""}"
2026-09-18T00:21:18.909541Z,1789690878502,LSKUSDT,Sell,6858.7,0.47760,"{""T"":1789690878502,""s"":""LSKUSDT"",""S"":""Sell"",""v"":""6858.7"",""p"":""0.47760""}"
2026-09-18T00:21:33.909866Z,1789690893761,LSKUSDT,Sell,669.3,0.47876,"{""T"":1789690893761,""s"":""LSKUSDT"",""S"":""Sell"",""v"":""669.3"",""p"":""0.47876""}"
2026-09-18T00:21:35.849652Z,1789690895285,MARSCOINUSDT,Sell,230,0.12136,"{""T"":1789690895285,""s"":""MARSCOINUSDT"",""S"":""Sell"",""v"":""230"",""p"":""0.12136""}"
2026-09-18T00:21:59.064774Z,1789690918752,SOLUSDT,Buy,1.5,100.480,"{""T"":1789690918752,""s"":""SOLUSDT"",""S"":""Buy"",""v"":""1.5"",""p"":""100.480""}"
2026-09-18T00:22:18.912257Z,1789690938692,LSKUSDT,Sell,221.5,0.47938,"{""T"":1789690938692,""s"":""LSKUSDT"",""S"":""Sell"",""v"":""221.5"",""p"":""0.47938""}"
2026-09-18T00:22:22.910925Z,1789690942601,LSKUSDT,Sell,200.0,0.48143,"{""T"":1789690942601,""s"":""LSKUSDT"",""S"":""Sell"",""v"":""200.0"",""p"":""0.48143""}"
2026-09-18T00:22:24.909739Z,1789690944572,LSKUSDT,Sell,111.0,0.48183,"{""T"":1789690944572,""s"":""LSKUSDT"",""S"":""Sell"",""v"":""111.0"",""p"":""0.48183""}"
2026-09-18T00:22:24.909739Z,1789690944679,LSKUSDT,Sell,34.0,0.48168,"{""T"":1789690944679,""s"":""LSKUSDT"",""S"":""Sell"",""v"":""34.0"",""p"":""0.48168""}"
2026-09-18T00:22:31.909487Z,1789690951408,LSKUSDT,Sell,455.6,0.48259,"{""T"":1789690951408,""s"":""LSKUSDT"",""S"":""Sell"",""v"":""455.6"",""p"":""0.48259""}"
2026-09-18T00:22:31.909487Z,1789690951600,LSKUSDT,Sell,390.7,0.48265,"{""T"":1789690951600,""s"":""LSKUSDT"",""S"":""Sell"",""v"":""390.7"",""p"":""0.48265""}"
2026-09-18T00:22:39.909592Z,1789690959708,LSKUSDT,Sell,50.6,0.48325,"{""T"":1789690959708,""s"":""LSKUSDT"",""S"":""Sell"",""v"":""50.6"",""p"":""0.48325""}"
2026-09-18T00:23:03.991007Z,1789690983801,XAUUSDT,Sell,0.224,4380.85,"{""T"":1789690983801,""s"":""XAUUSDT"",""S"":""Sell"",""v"":""0.224"",""p"":""4380.85""}"
2026-09-18T00:23:21.021050Z,1789691000561,NEARUSDT,Buy,840.3,3.0660,"{""T"":1789691000561,""s"":""NEARUSDT"",""S"":""Buy"",""v"":""840.3"",""p"":""3.0660""}"
2026-09-18T00:23:27.360933Z,1789691006882,GENIUSUSDT,Buy,1087,0.3434,"{""T"":1789691006882,""s"":""GENIUSUSDT"",""S"":""Buy"",""v"":""1087"",""p"":""0.3434""}"
2026-09-18T00:23:28.017468Z,1789691007591,NEARUSDT,Buy,308.3,3.0640,"{""T"":1789691007591,""s"":""NEARUSDT"",""S"":""Buy"",""v"":""308.3"",""p"":""3.0640""}"
2026-09-18T00:23:28.017468Z,1789691007831,NEARUSDT,Buy,96.4,3.0630,"{""T"":1789691007831,""s"":""NEARUSDT"",""S"":""Buy"",""v"":""96.4"",""p"":""3.0630""}"
2026-09-18T00:23:38.488343Z,1789691018050,XAUUSDT,Sell,0.003,4382.67,"{""T"":1789691018050,""s"":""XAUUSDT"",""S"":""Sell"",""v"":""0.003"",""p"":""4382.67""}"
2026-09-18T00:23:48.998706Z,1789691028414,COTIUSDT,Sell,4501,0.026426,"{""T"":1789691028414,""s"":""COTIUSDT"",""S"":""Sell"",""v"":""4501"",""p"":""0.026426""}"
2026-09-18T00:24:07.419053Z,1789691047275,UNIUSDT,Buy,11.6,7.605,"{""T"":1789691047275,""s"":""UNIUSDT"",""S"":""Buy"",""v"":""11.6"",""p"":""7.605""}"
2026-09-18T00:24:11.915328Z,1789691051561,ZECUSDT,Buy,0.12,1436.26,"{""T"":1789691051561,""s"":""ZECUSDT"",""S"":""Buy"",""v"":""0.12"",""p"":""1436.26""}"
2026-09-18T00:24:18.915959Z,1789691058495,ZECUSDT,Buy,0.03,1434.90,"{""T"":1789691058495,""s"":""ZECUSDT"",""S"":""Buy"",""v"":""0.03"",""p"":""1434.90""}"
2026-09-18T00:24:21.415339Z,1789691061019,ZECUSDT,Buy,0.70,1434.31,"{""T"":1789691061019,""s"":""ZECUSDT"",""S"":""Buy"",""v"":""0.70"",""p"":""1434.31""}"
2026-09-18T00:24:21.915668Z,1789691061719,ZECUSDT,Buy,0.57,1433.70,"{""T"":1789691061719,""s"":""ZECUSDT"",""S"":""Buy"",""v"":""0.57"",""p"":""1433.70""}"
2026-09-18T00:25:06.415885Z,1789691106319,ARBUSDT,Sell,51.8,0.18032,"{""T"":1789691106319,""s"":""ARBUSDT"",""S"":""Sell"",""v"":""51.8"",""p"":""0.18032""}"
2026-09-18T00:26:20.498139Z,1789691180109,COTIUSDT,Buy,13893,0.025155,"{""T"":1789691180109,""s"":""COTIUSDT"",""S"":""Buy"",""v"":""13893"",""p"":""0.025155""}"
2026-09-18T00:26:52.915334Z,1789691212359,ARBUSDT,Sell,17781.3,0.18057,"{""T"":1789691212359,""s"":""ARBUSDT"",""S"":""Sell"",""v"":""17781.3"",""p"":""0.18057""}"
2026-09-18T00:27:25.498399Z,1789691245365,COTIUSDT,Sell,851,0.026510,"{""T"":1789691245365,""s"":""COTIUSDT"",""S"":""Sell"",""v"":""851"",""p"":""0.026510""}"
2026-09-18T00:27:25.998075Z,1789691245577,COTIUSDT,Sell,51645,0.026500,"{""T"":1789691245577,""s"":""COTIUSDT"",""S"":""Sell"",""v"":""51645"",""p"":""0.026500""}"
2026-09-18T00:27:36.499724Z,1789691256217,COTIUSDT,Sell,13585,0.026664,"{""T"":1789691256217,""s"":""COTIUSDT"",""S"":""Sell"",""v"":""13585"",""p"":""0.026664""}"
2026-09-18T00:27:42.498121Z,1789691262408,COTIUSDT,Sell,5,0.026718,"{""T"":1789691262408,""s"":""COTIUSDT"",""S"":""Sell"",""v"":""5"",""p"":""0.026718""}"
2026-09-18T00:27:42.998374Z,1789691262846,COTIUSDT,Sell,8099,0.026722,"{""T"":1789691262846,""s"":""COTIUSDT"",""S"":""Sell"",""v"":""8099"",""p"":""0.026722""}"
2026-09-18T00:28:51.497815Z,1789691331161,COTIUSDT,Sell,4823,0.026830,"{""T"":1789691331161,""s"":""COTIUSDT"",""S"":""Sell"",""v"":""4823"",""p"":""0.026830""}"
2026-09-18T00:28:52.997893Z,1789691332497,COTIUSDT,Sell,2669,0.026875,"{""T"":1789691332497,""s"":""COTIUSDT"",""S"":""Sell"",""v"":""2669"",""p"":""0.026875""}"
2026-09-18T00:28:54.497641Z,1789691334290,COTIUSDT,Sell,591,0.026882,"{""T"":1789691334290,""s"":""COTIUSDT"",""S"":""Sell"",""v"":""591"",""p"":""0.026882""}"
2026-09-18T00:29:23.457903Z,1789691363003,ETHUSDT,Buy,1.69,2427.98,"{""T"":1789691363003,""s"":""ETHUSDT"",""S"":""Buy"",""v"":""1.69"",""p"":""2427.98""}"
2026-09-18T00:29:23.457903Z,1789691363315,ETHUSDT,Buy,0.03,2427.88,"{""T"":1789691363315,""s"":""ETHUSDT"",""S"":""Buy"",""v"":""0.03"",""p"":""2427.88""}"
2026-09-18T00:30:27.497468Z,1789691427085,COTIUSDT,Sell,32798,0.026683,"{""T"":1789691427085,""s"":""COTIUSDT"",""S"":""Sell"",""v"":""32798"",""p"":""0.026683""}"
2026-09-18T00:31:06.997602Z,1789691466506,COTIUSDT,Sell,742,0.026934,"{""T"":1789691466506,""s"":""COTIUSDT"",""S"":""Sell"",""v"":""742"",""p"":""0.026934""}"
2026-09-18T00:31:28.497966Z,1789691488272,COTIUSDT,Buy,9313,0.025973,"{""T"":1789691488272,""s"":""COTIUSDT"",""S"":""Buy"",""v"":""9313"",""p"":""0.025973""}"
2026-09-18T00:32:13.497988Z,1789691532997,COTIUSDT,Buy,1420,0.025526,"{""T"":1789691532997,""s"":""COTIUSDT"",""S"":""Buy"",""v"":""1420"",""p"":""0.025526""}"
2026-09-18T00:32:13.497988Z,1789691533225,COTIUSDT,Buy,6668,0.025448,"{""T"":1789691533225,""s"":""COTIUSDT"",""S"":""Buy"",""v"":""6668"",""p"":""0.025448""}"
2026-09-18T00:32:17.017402Z,1789691536903,LTCUSDT,Sell,79.5,54.39,"{""T"":1789691536903,""s"":""LTCUSDT"",""S"":""Sell"",""v"":""79.5"",""p"":""54.39""}"
2026-09-18T00:32:21.997612Z,1789691541503,COTIUSDT,Buy,386,0.025354,"{""T"":1789691541503,""s"":""COTIUSDT"",""S"":""Buy"",""v"":""386"",""p"":""0.025354""}"
2026-09-18T00:32:38.814315Z,1789691558505,PUMPFUNUSDT,Sell,3300,0.0040710,"{""T"":1789691558505,""s"":""PUMPFUNUSDT"",""S"":""Sell"",""v"":""3300"",""p"":""0.0040710""}"
2026-09-18T00:32:44.497585Z,1789691564120,COTIUSDT,Buy,692,0.025265,"{""T"":1789691564120,""s"":""COTIUSDT"",""S"":""Buy"",""v"":""692"",""p"":""0.025265""}"
2026-09-18T00:32:47.997901Z,1789691567526,COTIUSDT,Buy,684,0.025072,"{""T"":1789691567526,""s"":""COTIUSDT"",""S"":""Buy"",""v"":""684"",""p"":""0.025072""}"
2026-09-18T00:32:47.997901Z,1789691567745,COTIUSDT,Buy,7198,0.025135,"{""T"":1789691567745,""s"":""COTIUSDT"",""S"":""Buy"",""v"":""7198"",""p"":""0.025135""}"
2026-09-18T00:33:00.998568Z,1789691580480,COTIUSDT,Buy,11180,0.025024,"{""T"":1789691580480,""s"":""COTIUSDT"",""S"":""Buy"",""v"":""11180"",""p"":""0.025024""}"
2026-09-18T00:33:00.998568Z,1789691580571,COTIUSDT,Buy,35472,0.025012,"{""T"":1789691580571,""s"":""COTIUSDT"",""S"":""Buy"",""v"":""35472"",""p"":""0.025012""}"
2026-09-18T00:33:03.988154Z,1789691583874,XAUUSDT,Sell,0.019,4385.04,"{""T"":1789691583874,""s"":""XAUUSDT"",""S"":""Sell"",""v"":""0.019"",""p"":""4385.04""}"
2026-09-18T00:33:13.915716Z,1789691593766,ZECUSDT,Sell,1.83,1463.92,"{""T"":1789691593766,""s"":""ZECUSDT"",""S"":""Sell"",""v"":""1.83"",""p"":""1463.92""}"
2026-09-18T00:33:16.517558Z,1789691596100,NEARUSDT,Sell,64.0,3.1270,"{""T"":1789691596100,""s"":""NEARUSDT"",""S"":""Sell"",""v"":""64.0"",""p"":""3.1270""}"
2026-09-18T00:33:24.814304Z,1789691604716,HYPEUSDT,Sell,17.27,86.410,"{""T"":1789691604716,""s"":""HYPEUSDT"",""S"":""Sell"",""v"":""17.27"",""p"":""86.410""}"
2026-09-18T00:33:24.998317Z,1789691604476,COTIUSDT,Buy,48526,0.024755,"{""T"":1789691604476,""s"":""COTIUSDT"",""S"":""Buy"",""v"":""48526"",""p"":""0.024755""}"
2026-09-18T00:33:26.314144Z,1789691605759,HYPEUSDT,Sell,0.76,86.440,"{""T"":1789691605759,""s"":""HYPEUSDT"",""S"":""Sell"",""v"":""0.76"",""p"":""86.440""}"
2026-09-18T00:33:26.497765Z,1789691606286,COTIUSDT,Buy,40280,0.024741,"{""T"":1789691606286,""s"":""COTIUSDT"",""S"":""Buy"",""v"":""40280"",""p"":""0.024741""}"
2026-09-18T00:33:32.313937Z,1789691612118,HYPEUSDT,Sell,14.07,86.480,"{""T"":1789691612118,""s"":""HYPEUSDT"",""S"":""Sell"",""v"":""14.07"",""p"":""86.480""}"
2026-09-18T00:33:34.910910Z,1789691614398,LSKUSDT,Sell,20.0,0.48340,"{""T"":1789691614398,""s"":""LSKUSDT"",""S"":""Sell"",""v"":""20.0"",""p"":""0.48340""}"
2026-09-18T00:33:34.910910Z,1789691614583,LSKUSDT,Sell,1533.4,0.48365,"{""T"":1789691614583,""s"":""LSKUSDT"",""S"":""Sell"",""v"":""1533.4"",""p"":""0.48365""}"
2026-09-18T00:33:34.910910Z,1789691614685,LSKUSDT,Sell,117.7,0.48362,"{""T"":1789691614685,""s"":""LSKUSDT"",""S"":""Sell"",""v"":""117.7"",""p"":""0.48362""}"
2026-09-18T00:33:43.910295Z,1789691623640,LSKUSDT,Sell,16.5,0.48332,"{""T"":1789691623640,""s"":""LSKUSDT"",""S"":""Sell"",""v"":""16.5"",""p"":""0.48332""}"
2026-09-18T00:33:43.997790Z,1789691623640,AVAUSDT,Sell,26.5,0.2986,"{""T"":1789691623640,""s"":""AVAUSDT"",""S"":""Sell"",""v"":""26.5"",""p"":""0.2986""}"
2026-09-18T00:33:46.361846Z,1789691626233,APTUSDT,Sell,51.25,0.6069,"{""T"":1789691626233,""s"":""APTUSDT"",""S"":""Sell"",""v"":""51.25"",""p"":""0.6069""}"
2026-09-18T00:34:04.498271Z,1789691644164,AVAUSDT,Sell,347.7,0.3036,"{""T"":1789691644164,""s"":""AVAUSDT"",""S"":""Sell"",""v"":""347.7"",""p"":""0.3036""}"
2026-09-18T00:34:08.861016Z,1789691648389,APTUSDT,Sell,21.00,0.6071,"{""T"":1789691648389,""s"":""APTUSDT"",""S"":""Sell"",""v"":""21.00"",""p"":""0.6071""}"
2026-09-18T00:34:16.360887Z,1789691655975,APTUSDT,Sell,1.00,0.6072,"{""T"":1789691655975,""s"":""APTUSDT"",""S"":""Sell"",""v"":""1.00"",""p"":""0.6072""}"
2026-09-18T00:34:55.361696Z,1789691695008,APTUSDT,Sell,22.27,0.6084,"{""T"":1789691695008,""s"":""APTUSDT"",""S"":""Sell"",""v"":""22.27"",""p"":""0.6084""}"
2026-09-18T00:35:53.019911Z,1789691752624,LTCUSDT,Sell,56.5,54.68,"{""T"":1789691752624,""s"":""LTCUSDT"",""S"":""Sell"",""v"":""56.5"",""p"":""54.68""}"
2026-09-18T00:36:00.360818Z,1789691760045,APTUSDT,Sell,10.48,0.6090,"{""T"":1789691760045,""s"":""APTUSDT"",""S"":""Sell"",""v"":""10.48"",""p"":""0.6090""}"
2026-09-18T00:36:02.861233Z,1789691762751,GENIUSUSDT,Buy,322,0.3471,"{""T"":1789691762751,""s"":""GENIUSUSDT"",""S"":""Buy"",""v"":""322"",""p"":""0.3471""}"
2026-09-18T00:37:12.839362Z,1789691832491,ONDOUSDT,Sell,428,0.3837,"{""T"":1789691832491,""s"":""ONDOUSDT"",""S"":""Sell"",""v"":""428"",""p"":""0.3837""}"
2026-09-18T00:37:35.998741Z,1789691855830,COTIUSDT,Sell,5345,0.025801,"{""T"":1789691855830,""s"":""COTIUSDT"",""S"":""Sell"",""v"":""5345"",""p"":""0.025801""}"
2026-09-18T00:38:04.497947Z,1789691884150,COTIUSDT,Buy,17686,0.024705,"{""T"":1789691884150,""s"":""COTIUSDT"",""S"":""Buy"",""v"":""17686"",""p"":""0.024705""}"
2026-09-18T00:38:25.361188Z,1789691905179,WLDUSDT,Sell,224.1,0.3878,"{""T"":1789691905179,""s"":""WLDUSDT"",""S"":""Sell"",""v"":""224.1"",""p"":""0.3878""}"
2026-09-18T00:38:45.361293Z,1789691925266,GENIUSUSDT,Sell,1379,0.3783,"{""T"":1789691925266,""s"":""GENIUSUSDT"",""S"":""Sell"",""v"":""1379"",""p"":""0.3783""}"
2026-09-18T00:39:00.988470Z,1789691940567,SOXLUSDT,Buy,14.80,112.63,"{""T"":1789691940567,""s"":""SOXLUSDT"",""S"":""Buy"",""v"":""14.80"",""p"":""112.63""}"
2026-09-18T00:39:12.998243Z,1789691952457,COTIUSDT,Buy,2482,0.024224,"{""T"":1789691952457,""s"":""COTIUSDT"",""S"":""Buy"",""v"":""2482"",""p"":""0.024224""}"
2026-09-18T00:39:17.314096Z,1789691957226,SPCXUSDT,Buy,0.71,153.54,"{""T"":1789691957226,""s"":""SPCXUSDT"",""S"":""Buy"",""v"":""0.71"",""p"":""153.54""}"
2026-09-18T00:39:18.497720Z,1789691958174,COTIUSDT,Sell,21011,0.025012,"{""T"":1789691958174,""s"":""COTIUSDT"",""S"":""Sell"",""v"":""21011"",""p"":""0.025012""}"
2026-09-18T00:40:23.909482Z,1789692023325,LSKUSDT,Sell,22.4,0.48407,"{""T"":1789692023325,""s"":""LSKUSDT"",""S"":""Sell"",""v"":""22.4"",""p"":""0.48407""}"
2026-09-18T00:40:23.909482Z,1789692023622,LSKUSDT,Sell,226.8,0.48438,"{""T"":1789692023622,""s"":""LSKUSDT"",""S"":""Sell"",""v"":""226.8"",""p"":""0.48438""}"
2026-09-18T00:40:23.909482Z,1789692023803,LSKUSDT,Sell,1710.4,0.48402,"{""T"":1789692023803,""s"":""LSKUSDT"",""S"":""Sell"",""v"":""1710.4"",""p"":""0.48402""}"
2026-09-18T00:40:24.409513Z,1789692023870,LSKUSDT,Sell,425.6,0.48411,"{""T"":1789692023870,""s"":""LSKUSDT"",""S"":""Sell"",""v"":""425.6"",""p"":""0.48411""}"
2026-09-18T00:40:40.909819Z,1789692040369,LSKUSDT,Sell,131.7,0.48522,"{""T"":1789692040369,""s"":""LSKUSDT"",""S"":""Sell"",""v"":""131.7"",""p"":""0.48522""}"
2026-09-18T00:40:42.497815Z,1789692042186,COTIUSDT,Buy,15900,0.024223,"{""T"":1789692042186,""s"":""COTIUSDT"",""S"":""Buy"",""v"":""15900"",""p"":""0.024223""}"
2026-09-18T00:40:43.409463Z,1789692042868,LSKUSDT,Sell,631.6,0.48660,"{""T"":1789692042868,""s"":""LSKUSDT"",""S"":""Sell"",""v"":""631.6"",""p"":""0.48660""}"
2026-09-18T00:40:43.409463Z,1789692042943,LSKUSDT,Sell,2257.1,0.48646,"{""T"":1789692042943,""s"":""LSKUSDT"",""S"":""Sell"",""v"":""2257.1"",""p"":""0.48646""}"
2026-09-18T00:40:54.909746Z,1789692054323,LSKUSDT,Sell,9921.0,0.48700,"{""T"":1789692054323,""s"":""LSKUSDT"",""S"":""Sell"",""v"":""9921.0"",""p"":""0.48700""}"
2026-09-18T00:40:55.498044Z,1789692055246,COTIUSDT,Buy,18030,0.023998,"{""T"":1789692055246,""s"":""COTIUSDT"",""S"":""Buy"",""v"":""18030"",""p"":""0.023998""}"
2026-09-18T00:40:55.997857Z,1789692055873,COTIUSDT,Buy,54819,0.024019,"{""T"":1789692055873,""s"":""COTIUSDT"",""S"":""Buy"",""v"":""54819"",""p"":""0.024019""}"
2026-09-18T00:40:56.497930Z,1789692056154,COTIUSDT,Buy,22644,0.023929,"{""T"":1789692056154,""s"":""COTIUSDT"",""S"":""Buy"",""v"":""22644"",""p"":""0.023929""}"
2026-09-18T00:40:56.497930Z,1789692056373,COTIUSDT,Buy,39121,0.023871,"{""T"":1789692056373,""s"":""COTIUSDT"",""S"":""Buy"",""v"":""39121"",""p"":""0.023871""}"
2026-09-18T00:40:56.997713Z,1789692056599,COTIUSDT,Buy,195852,0.023894,"{""T"":1789692056599,""s"":""COTIUSDT"",""S"":""Buy"",""v"":""195852"",""p"":""0.023894""}"
2026-09-18T00:40:56.997713Z,1789692056693,COTIUSDT,Buy,169517,0.023868,"{""T"":1789692056693,""s"":""COTIUSDT"",""S"":""Buy"",""v"":""169517"",""p"":""0.023868""}"
2026-09-18T00:40:57.497875Z,1789692056917,COTIUSDT,Buy,2735,0.023828,"{""T"":1789692056917,""s"":""COTIUSDT"",""S"":""Buy"",""v"":""2735"",""p"":""0.023828""}"
2026-09-18T00:40:57.497875Z,1789692057041,COTIUSDT,Buy,20129,0.023822,"{""T"":1789692057041,""s"":""COTIUSDT"",""S"":""Buy"",""v"":""20129"",""p"":""0.023822""}"
2026-09-18T00:40:57.838650Z,1789692057488,ONDOUSDT,Sell,42,0.3844,"{""T"":1789692057488,""s"":""ONDOUSDT"",""S"":""Sell"",""v"":""42"",""p"":""0.3844""}"
2026-09-18T00:40:58.339221Z,1789692058082,ONDOUSDT,Sell,179,0.3844,"{""T"":1789692058082,""s"":""ONDOUSDT"",""S"":""Sell"",""v"":""179"",""p"":""0.3844""}"
2026-09-18T00:41:00.497667Z,1789692059955,COTIUSDT,Buy,30727,0.023658,"{""T"":1789692059955,""s"":""COTIUSDT"",""S"":""Buy"",""v"":""30727"",""p"":""0.023658""}"
2026-09-18T00:41:00.997937Z,1789692060481,COTIUSDT,Buy,1837,0.023550,"{""T"":1789692060481,""s"":""COTIUSDT"",""S"":""Buy"",""v"":""1837"",""p"":""0.023550""}"
2026-09-18T00:41:00.997937Z,1789692060679,COTIUSDT,Buy,104764,0.023578,"{""T"":1789692060679,""s"":""COTIUSDT"",""S"":""Buy"",""v"":""104764"",""p"":""0.023578""}"
2026-09-18T00:41:15.409729Z,1789692075264,LSKUSDT,Sell,81.1,0.48762,"{""T"":1789692075264,""s"":""LSKUSDT"",""S"":""Sell"",""v"":""81.1"",""p"":""0.48762""}"
2026-09-18T00:41:19.497801Z,1789692079060,COTIUSDT,Sell,39333,0.024391,"{""T"":1789692079060,""s"":""COTIUSDT"",""S"":""Sell"",""v"":""39333"",""p"":""0.024391""}"
2026-09-18T00:41:52.997952Z,1789692112911,LINKUSDT,Sell,4.7,11.463,"{""T"":1789692112911,""s"":""LINKUSDT"",""S"":""Sell"",""v"":""4.7"",""p"":""11.463""}"
2026-09-18T00:41:53.313979Z,1789692112911,HYPEUSDT,Sell,5.40,86.570,"{""T"":1789692112911,""s"":""HYPEUSDT"",""S"":""Sell"",""v"":""5.40"",""p"":""86.570""}"
2026-09-18T00:42:00.313958Z,1789692119800,HYPEUSDT,Sell,3.20,86.610,"{""T"":1789692119800,""s"":""HYPEUSDT"",""S"":""Sell"",""v"":""3.20"",""p"":""86.610""}"
2026-09-18T00:42:00.313958Z,1789692120031,HYPEUSDT,Sell,1.05,86.610,"{""T"":1789692120031,""s"":""HYPEUSDT"",""S"":""Sell"",""v"":""1.05"",""p"":""86.610""}"
2026-09-18T00:42:00.313958Z,1789692120061,HYPEUSDT,Sell,4.37,86.580,"{""T"":1789692120061,""s"":""HYPEUSDT"",""S"":""Sell"",""v"":""4.37"",""p"":""86.580""}"
2026-09-18T00:42:00.409314Z,1789692120060,LSKUSDT,Sell,330.0,0.48958,"{""T"":1789692120060,""s"":""LSKUSDT"",""S"":""Sell"",""v"":""330.0"",""p"":""0.48958""}"
2026-09-18T00:43:00.860832Z,1789692180536,GENIUSUSDT,Sell,56,0.3858,"{""T"":1789692180536,""s"":""GENIUSUSDT"",""S"":""Sell"",""v"":""56"",""p"":""0.3858""}"
2026-09-18T00:43:19.000668Z,1789692198807,COTIUSDT,Buy,3680,0.023541,"{""T"":1789692198807,""s"":""COTIUSDT"",""S"":""Buy"",""v"":""3680"",""p"":""0.023541""}"
2026-09-18T00:43:23.998197Z,1789692203428,COTIUSDT,Buy,12958,0.023439,"{""T"":1789692203428,""s"":""COTIUSDT"",""S"":""Buy"",""v"":""12958"",""p"":""0.023439""}"
2026-09-18T00:43:29.915254Z,1789692209378,UNIUSDT,Buy,0.9,7.606,"{""T"":1789692209378,""s"":""UNIUSDT"",""S"":""Buy"",""v"":""0.9"",""p"":""7.606""}"
2026-09-18T00:43:32.498486Z,1789692212297,COTIUSDT,Buy,11005,0.023431,"{""T"":1789692212297,""s"":""COTIUSDT"",""S"":""Buy"",""v"":""11005"",""p"":""0.023431""}"
2026-09-18T00:46:33.314400Z,1789692393137,HYPEUSDT,Sell,16.22,86.620,"{""T"":1789692393137,""s"":""HYPEUSDT"",""S"":""Sell"",""v"":""16.22"",""p"":""86.620""}"
2026-09-18T00:46:45.909772Z,1789692405402,LSKUSDT,Buy,300.0,0.46992,"{""T"":1789692405402,""s"":""LSKUSDT"",""S"":""Buy"",""v"":""300.0"",""p"":""0.46992""}"
2026-09-18T00:47:28.830638Z,1789692448423,PONSUSDT,Buy,993,0.6532,"{""T"":1789692448423,""s"":""PONSUSDT"",""S"":""Buy"",""v"":""993"",""p"":""0.6532""}"
2026-09-18T00:47:28.830638Z,1789692448581,PONSUSDT,Buy,354,0.6531,"{""T"":1789692448581,""s"":""PONSUSDT"",""S"":""Buy"",""v"":""354"",""p"":""0.6531""}"
2026-09-18T00:47:41.500702Z,1789692461277,COTIUSDT,Buy,9630,0.023362,"{""T"":1789692461277,""s"":""COTIUSDT"",""S"":""Buy"",""v"":""9630"",""p"":""0.023362""}"
2026-09-18T00:47:46.409700Z,1789692466108,LSKUSDT,Sell,940.7,0.49168,"{""T"":1789692466108,""s"":""LSKUSDT"",""S"":""Sell"",""v"":""940.7"",""p"":""0.49168""}"
2026-09-18T00:47:46.409700Z,1789692466181,LSKUSDT,Sell,327.8,0.49149,"{""T"":1789692466181,""s"":""LSKUSDT"",""S"":""Sell"",""v"":""327.8"",""p"":""0.49149""}"
2026-09-18T00:47:46.909402Z,1789692466324,LSKUSDT,Sell,1500.0,0.49250,"{""T"":1789692466324,""s"":""LSKUSDT"",""S"":""Sell"",""v"":""1500.0"",""p"":""0.49250""}"
2026-09-18T00:47:47.409222Z,1789692466868,LSKUSDT,Sell,872.7,0.49229,"{""T"":1789692466868,""s"":""LSKUSDT"",""S"":""Sell"",""v"":""872.7"",""p"":""0.49229""}"
2026-09-18T00:47:51.910315Z,1789692471458,LSKUSDT,Sell,653.2,0.49285,"{""T"":1789692471458,""s"":""LSKUSDT"",""S"":""Sell"",""v"":""653.2"",""p"":""0.49285""}"
2026-09-18T00:48:34.330295Z,1789692514104,PONSUSDT,Buy,1446,0.6469,"{""T"":1789692514104,""s"":""PONSUSDT"",""S"":""Buy"",""v"":""1446"",""p"":""0.6469""}"
2026-09-18T00:48:56.498011Z,1789692536396,COTIUSDT,Buy,4216,0.023685,"{""T"":1789692536396,""s"":""COTIUSDT"",""S"":""Buy"",""v"":""4216"",""p"":""0.023685""}"
2026-09-18T00:48:59.329895Z,1789692539146,PONSUSDT,Buy,1176,0.6421,"{""T"":1789692539146,""s"":""PONSUSDT"",""S"":""Buy"",""v"":""1176"",""p"":""0.6421""}"
2026-09-18T00:49:16.860927Z,1789692556761,GENIUSUSDT,Buy,323,0.3608,"{""T"":1789692556761,""s"":""GENIUSUSDT"",""S"":""Buy"",""v"":""323"",""p"":""0.3608""}"
2026-09-18T00:49:40.910151Z,1789692580555,LSKUSDT,Sell,687.2,0.49382,"{""T"":1789692580555,""s"":""LSKUSDT"",""S"":""Sell"",""v"":""687.2"",""p"":""0.49382""}"
2026-09-18T00:49:41.909549Z,1789692581762,LSKUSDT,Sell,6000.0,0.49398,"{""T"":1789692581762,""s"":""LSKUSDT"",""S"":""Sell"",""v"":""6000.0"",""p"":""0.49398""}"
2026-09-18T00:49:43.409549Z,1789692583147,LSKUSDT,Sell,231.0,0.49475,"{""T"":1789692583147,""s"":""LSKUSDT"",""S"":""Sell"",""v"":""231.0"",""p"":""0.49475""}"
2026-09-18T00:49:44.409509Z,1789692584036,LSKUSDT,Sell,65.8,0.49695,"{""T"":1789692584036,""s"":""LSKUSDT"",""S"":""Sell"",""v"":""65.8"",""p"":""0.49695""}"
2026-09-18T00:49:44.498672Z,1789692584036,LINKUSDT,Sell,36.2,11.489,"{""T"":1789692584036,""s"":""LINKUSDT"",""S"":""Sell"",""v"":""36.2"",""p"":""11.489""}"
2026-09-18T00:50:10.017647Z,1789692609864,NEARUSDT,Sell,22.6,3.1440,"{""T"":1789692609864,""s"":""NEARUSDT"",""S"":""Sell"",""v"":""22.6"",""p"":""3.1440""}"
2026-09-18T00:50:12.017482Z,1789692611610,NEARUSDT,Sell,12.9,3.1470,"{""T"":1789692611610,""s"":""NEARUSDT"",""S"":""Sell"",""v"":""12.9"",""p"":""3.1470""}"
2026-09-18T00:50:26.020914Z,1789692625677,NEARUSDT,Sell,19.6,3.1490,"{""T"":1789692625677,""s"":""NEARUSDT"",""S"":""Sell"",""v"":""19.6"",""p"":""3.1490""}"
2026-09-18T00:50:38.364562Z,1789692638046,WLDUSDT,Sell,854.8,0.3897,"{""T"":1789692638046,""s"":""WLDUSDT"",""S"":""Sell"",""v"":""854.8"",""p"":""0.3897""}"
2026-09-18T00:50:40.518039Z,1789692639953,NEARUSDT,Sell,865.9,3.1520,"{""T"":1789692639953,""s"":""NEARUSDT"",""S"":""Sell"",""v"":""865.9"",""p"":""3.1520""}"
2026-09-18T00:50:43.517829Z,1789692642980,NEARUSDT,Sell,161.7,3.1530,"{""T"":1789692642980,""s"":""NEARUSDT"",""S"":""Sell"",""v"":""161.7"",""p"":""3.1530""}"
2026-09-18T00:50:45.994070Z,1789692645473,SUIUSDT,Sell,110,0.75040,"{""T"":1789692645473,""s"":""SUIUSDT"",""S"":""Sell"",""v"":""110"",""p"":""0.75040""}"
2026-09-18T00:50:46.494996Z,1789692646175,SUIUSDT,Sell,160,0.75040,"{""T"":1789692646175,""s"":""SUIUSDT"",""S"":""Sell"",""v"":""160"",""p"":""0.75040""}"
2026-09-18T00:50:50.494387Z,1789692650294,SUIUSDT,Sell,14140,0.75070,"{""T"":1789692650294,""s"":""SUIUSDT"",""S"":""Sell"",""v"":""14140"",""p"":""0.75070""}"
2026-09-18T00:51:21.360825Z,1789692680872,APTUSDT,Sell,101.91,0.6105,"{""T"":1789692680872,""s"":""APTUSDT"",""S"":""Sell"",""v"":""101.91"",""p"":""0.6105""}"
2026-09-18T00:51:25.329894Z,1789692685192,CROSSUSDT,Buy,949,0.16607,"{""T"":1789692685192,""s"":""CROSSUSDT"",""S"":""Buy"",""v"":""949"",""p"":""0.16607""}"
2026-09-18T00:51:54.314374Z,1789692713894,ASTERUSDT,Sell,143,0.7525,"{""T"":1789692713894,""s"":""ASTERUSDT"",""S"":""Sell"",""v"":""143"",""p"":""0.7525""}"
2026-09-18T00:51:54.361159Z,1789692713894,WLDUSDT,Sell,496.5,0.3900,"{""T"":1789692713894,""s"":""WLDUSDT"",""S"":""Sell"",""v"":""496.5"",""p"":""0.3900""}"
2026-09-18T00:51:55.415284Z,1789692714977,ADAUSDT,Sell,14822,0.2049,"{""T"":1789692714977,""s"":""ADAUSDT"",""S"":""Sell"",""v"":""14822"",""p"":""0.2049""}"
2026-09-18T00:52:38.496291Z,1789692758291,OPUSDT,Sell,3215.8,0.10283,"{""T"":1789692758291,""s"":""OPUSDT"",""S"":""Sell"",""v"":""3215.8"",""p"":""0.10283""}"
2026-09-18T00:52:48.915985Z,1789692768484,ARBUSDT,Sell,1336.7,0.18217,"{""T"":1789692768484,""s"":""ARBUSDT"",""S"":""Sell"",""v"":""1336.7"",""p"":""0.18217""}"
2026-09-18T00:53:04.415938Z,1789692783918,ZECUSDT,Sell,6.25,1470.18,"{""T"":1789692783918,""s"":""ZECUSDT"",""S"":""Sell"",""v"":""6.25"",""p"":""1470.18""}"
2026-09-18T00:53:08.993577Z,1789692788438,OPUSDT,Sell,364.1,0.10303,"{""T"":1789692788438,""s"":""OPUSDT"",""S"":""Sell"",""v"":""364.1"",""p"":""0.10303""}"
2026-09-18T00:53:17.494485Z,1789692797370,SUIUSDT,Sell,110,0.75360,"{""T"":1789692797370,""s"":""SUIUSDT"",""S"":""Sell"",""v"":""110"",""p"":""0.75360""}"
2026-09-18T00:53:38.567792Z,1789692818070,BTCUSDT,Sell,0.047,76741.40,"{""T"":1789692818070,""s"":""BTCUSDT"",""S"":""Sell"",""v"":""0.047"",""p"":""76741.40""}"
2026-09-18T00:54:09.029748Z,1789692848822,NEARUSDT,Sell,329.8,3.1670,"{""T"":1789692848822,""s"":""NEARUSDT"",""S"":""Sell"",""v"":""329.8"",""p"":""3.1670""}"
2026-09-18T00:54:09.530334Z,1789692848952,AVAXUSDT,Sell,19.8,7.690,"{""T"":1789692848952,""s"":""AVAXUSDT"",""S"":""Sell"",""v"":""19.8"",""p"":""7.690""}"
2026-09-18T00:54:19.924830Z,1789692859355,LSKUSDT,Buy,77.6,0.45896,"{""T"":1789692859355,""s"":""LSKUSDT"",""S"":""Buy"",""v"":""77.6"",""p"":""0.45896""}"
2026-09-18T00:54:19.924830Z,1789692859408,LSKUSDT,Buy,405.1,0.45894,"{""T"":1789692859408,""s"":""LSKUSDT"",""S"":""Buy"",""v"":""405.1"",""p"":""0.45894""}"
2026-09-18T00:54:33.029920Z,1789692872433,NEARUSDT,Sell,40.2,3.1710,"{""T"":1789692872433,""s"":""NEARUSDT"",""S"":""Sell"",""v"":""40.2"",""p"":""3.1710""}"
2026-09-18T00:54:40.080573Z,1789692879534,BTCUSDT,Sell,0.001,76756.20,"{""T"":1789692879534,""s"":""BTCUSDT"",""S"":""Sell"",""v"":""0.001"",""p"":""76756.20""}"
2026-09-18T00:54:47.006042Z,1789692886515,SUIUSDT,Sell,820,0.75460,"{""T"":1789692886515,""s"":""SUIUSDT"",""S"":""Sell"",""v"":""820"",""p"":""0.75460""}"
2026-09-18T00:54:47.428012Z,1789692887160,DOTUSDT,Sell,0.1,1.1075,"{""T"":1789692887160,""s"":""DOTUSDT"",""S"":""Sell"",""v"":""0.1"",""p"":""1.1075""}"
2026-09-18T00:54:48.326940Z,1789692887907,HYPEUSDT,Sell,1.67,86.650,"{""T"":1789692887907,""s"":""HYPEUSDT"",""S"":""Sell"",""v"":""1.67"",""p"":""86.650""}"
2026-09-18T00:55:00.838802Z,1789692900645,ENAUSDT,Sell,3273,0.15603,"{""T"":1789692900645,""s"":""ENAUSDT"",""S"":""Sell"",""v"":""3273"",""p"":""0.15603""}"
2026-09-18T00:55:01.005669Z,1789692900645,SUIUSDT,Sell,2730,0.75510,"{""T"":1789692900645,""s"":""SUIUSDT"",""S"":""Sell"",""v"":""2730"",""p"":""0.75510""}"
2026-09-18T00:55:29.827259Z,1789692929474,HYPEUSDT,Sell,1.18,86.740,"{""T"":1789692929474,""s"":""HYPEUSDT"",""S"":""Sell"",""v"":""1.18"",""p"":""86.740""}"
2026-09-18T00:55:45.928080Z,1789692945340,ADAUSDT,Sell,10543,0.2058,"{""T"":1789692945340,""s"":""ADAUSDT"",""S"":""Sell"",""v"":""10543"",""p"":""0.2058""}"
2026-09-18T00:55:52.506072Z,1789692952010,OPUSDT,Sell,760.1,0.10314,"{""T"":1789692952010,""s"":""OPUSDT"",""S"":""Sell"",""v"":""760.1"",""p"":""0.10314""}"
2026-09-18T00:55:53.006416Z,1789692952443,OPUSDT,Sell,17602.8,0.10315,"{""T"":1789692952443,""s"":""OPUSDT"",""S"":""Sell"",""v"":""17602.8"",""p"":""0.10315""}"
2026-09-18T00:55:59.352111Z,1789692958851,XRPUSDT,Sell,1435.1,1.3059,"{""T"":1789692958851,""s"":""XRPUSDT"",""S"":""Sell"",""v"":""1435.1"",""p"":""1.3059""}"
2026-09-18T00:56:03.510296Z,1789692963026,COTIUSDT,Buy,17239,0.023281,"{""T"":1789692963026,""s"":""COTIUSDT"",""S"":""Buy"",""v"":""17239"",""p"":""0.023281""}"
2026-09-18T00:56:03.510296Z,1789692963370,COTIUSDT,Buy,773,0.023265,"{""T"":1789692963370,""s"":""COTIUSDT"",""S"":""Buy"",""v"":""773"",""p"":""0.023265""}"
2026-09-18T00:56:04.513576Z,1789692964156,COTIUSDT,Buy,20283,0.023096,"{""T"":1789692964156,""s"":""COTIUSDT"",""S"":""Buy"",""v"":""20283"",""p"":""0.023096""}"
2026-09-18T00:56:07.327087Z,1789692966981,HYPEUSDT,Sell,0.41,86.770,"{""T"":1789692966981,""s"":""HYPEUSDT"",""S"":""Sell"",""v"":""0.41"",""p"":""86.770""}"
2026-09-18T00:56:09.577093Z,1789692969231,SOLUSDT,Sell,0.3,101.950,"{""T"":1789692969231,""s"":""SOLUSDT"",""S"":""Sell"",""v"":""0.3"",""p"":""101.950""}"
2026-09-18T00:56:09.827403Z,1789692969620,TRUMPUSDT,Sell,270.3,1.985,"{""T"":1789692969620,""s"":""TRUMPUSDT"",""S"":""Sell"",""v"":""270.3"",""p"":""1.985""}"
2026-09-18T00:56:09.827804Z,1789692969231,HYPEUSDT,Sell,1.41,86.810,"{""T"":1789692969231,""s"":""HYPEUSDT"",""S"":""Sell"",""v"":""1.41"",""p"":""86.810""}"
2026-09-18T00:57:56.927945Z,1789693076560,DOTUSDT,Sell,5.0,1.1101,"{""T"":1789693076560,""s"":""DOTUSDT"",""S"":""Sell"",""v"":""5.0"",""p"":""1.1101""}"
2026-09-18T00:58:03.922181Z,1789693083646,GALAUSDT,Sell,12644,0.001869,"{""T"":1789693083646,""s"":""GALAUSDT"",""S"":""Sell"",""v"":""12644"",""p"":""0.001869""}"
2026-09-18T00:58:09.010583Z,1789693088711,COTIUSDT,Sell,23768,0.024051,"{""T"":1789693088711,""s"":""COTIUSDT"",""S"":""Sell"",""v"":""23768"",""p"":""0.024051""}"
2026-09-18T00:58:23.827367Z,1789693103440,HYPEUSDT,Sell,18.00,86.880,"{""T"":1789693103440,""s"":""HYPEUSDT"",""S"":""Sell"",""v"":""18.00"",""p"":""86.880""}"
2026-09-18T00:58:40.329007Z,1789693120092,HYPEUSDT,Sell,10.07,86.900,"{""T"":1789693120092,""s"":""HYPEUSDT"",""S"":""Sell"",""v"":""10.07"",""p"":""86.900""}"
2026-09-18T00:58:43.851663Z,1789693123326,LITUSDT,Sell,26.8,4.7820,"{""T"":1789693123326,""s"":""LITUSDT"",""S"":""Sell"",""v"":""26.8"",""p"":""4.7820""}"
2026-09-18T00:59:03.497521Z,1789693142942,XAGUSDT,Sell,89.931,66.10,"{""T"":1789693142942,""s"":""XAGUSDT"",""S"":""Sell"",""v"":""89.931"",""p"":""66.10""}"
2026-09-18T00:59:08.007641Z,1789693147800,PENGUUSDT,Sell,1010,0.007349,"{""T"":1789693147800,""s"":""PENGUUSDT"",""S"":""Sell"",""v"":""1010"",""p"":""0.007349""}"
2026-09-18T00:59:22.510894Z,1789693162330,COTIUSDT,Sell,4423,0.023984,"{""T"":1789693162330,""s"":""COTIUSDT"",""S"":""Sell"",""v"":""4423"",""p"":""0.023984""}"
2026-09-18T00:59:44.425310Z,1789693184240,ADAUSDT,Sell,45951,0.2064,"{""T"":1789693184240,""s"":""ADAUSDT"",""S"":""Sell"",""v"":""45951"",""p"":""0.2064""}"
2026-09-18T00:59:44.925212Z,1789693184332,ADAUSDT,Sell,11452,0.2063,"{""T"":1789693184332,""s"":""ADAUSDT"",""S"":""Sell"",""v"":""11452"",""p"":""0.2063""}"
2026-09-18T00:59:50.918764Z,1789693190339,SHIB1000USDT,Sell,48500,0.005262,"{""T"":1789693190339,""s"":""SHIB1000USDT"",""S"":""Sell"",""v"":""48500"",""p"":""0.005262""}"
2026-09-18T01:00:13.579979Z,1789693213319,BTCUSDT,Sell,0.006,76819.40,"{""T"":1789693213319,""s"":""BTCUSDT"",""S"":""Sell"",""v"":""0.006"",""p"":""76819.40""}"
2026-09-18T01:00:18.077017Z,1789693217817,BTCUSDT,Sell,0.005,76827.30,"{""T"":1789693217817,""s"":""BTCUSDT"",""S"":""Sell"",""v"":""0.005"",""p"":""76827.30""}"
2026-09-18T01:00:19.348728Z,1789693218912,XRPUSDT,Sell,338.1,1.3077,"{""T"":1789693218912,""s"":""XRPUSDT"",""S"":""Sell"",""v"":""338.1"",""p"":""1.3077""}"
2026-09-18T01:00:44.419168Z,1789693244030,LSKUSDT,Buy,1106.4,0.44863,"{""T"":1789693244030,""s"":""LSKUSDT"",""S"":""Buy"",""v"":""1106.4"",""p"":""0.44863""}"
2026-09-18T01:00:45.419165Z,1789693244936,LSKUSDT,Buy,197.4,0.44817,"{""T"":1789693244936,""s"":""LSKUSDT"",""S"":""Buy"",""v"":""197.4"",""p"":""0.44817""}"
2026-09-18T01:00:45.919337Z,1789693245631,LSKUSDT,Buy,52.7,0.44632,"{""T"":1789693245631,""s"":""LSKUSDT"",""S"":""Buy"",""v"":""52.7"",""p"":""0.44632""}"
2026-09-18T01:00:53.418712Z,1789693252977,GALAUSDT,Buy,775612,0.001831,"{""T"":1789693252977,""s"":""GALAUSDT"",""S"":""Buy"",""v"":""775612"",""p"":""0.001831""}"
2026-09-18T01:01:03.077263Z,1789693262548,BTCUSDT,Sell,0.140,76860.20,"{""T"":1789693262548,""s"":""BTCUSDT"",""S"":""Sell"",""v"":""0.140"",""p"":""76860.20""}"
2026-09-18T01:01:05.425196Z,1789693265088,ARBUSDT,Sell,35000.0,0.18520,"{""T"":1789693265088,""s"":""ARBUSDT"",""S"":""Sell"",""v"":""35000.0"",""p"":""0.18520""}"
2026-09-18T01:01:05.526872Z,1789693265088,NEARUSDT,Sell,3130.1,3.1790,"{""T"":1789693265088,""s"":""NEARUSDT"",""S"":""Sell"",""v"":""3130.1"",""p"":""3.1790""}"
2026-09-18T01:01:05.925015Z,1789693265458,ARBUSDT,Sell,450.3,0.18516,"{""T"":1789693265458,""s"":""ARBUSDT"",""S"":""Sell"",""v"":""450.3"",""p"":""0.18516""}"
2026-09-18T01:01:06.577035Z,1789693265993,BTCUSDT,Sell,0.008,76865.00,"{""T"":1789693265993,""s"":""BTCUSDT"",""S"":""Sell"",""v"":""0.008"",""p"":""76865.00""}"
2026-09-18T01:01:06.823889Z,1789693266368,HYPEUSDT,Sell,1.20,86.960,"{""T"":1789693266368,""s"":""HYPEUSDT"",""S"":""Sell"",""v"":""1.20"",""p"":""86.960""}"
2026-09-18T01:01:07.076886Z,1789693266964,BTCUSDT,Sell,0.003,76873.90,"{""T"":1789693266964,""s"":""BTCUSDT"",""S"":""Sell"",""v"":""0.003"",""p"":""76873.90""}"
2026-09-18T01:01:08.370009Z,1789693268205,APTUSDT,Sell,34.84,0.6122,"{""T"":1789693268205,""s"":""APTUSDT"",""S"":""Sell"",""v"":""34.84"",""p"":""0.6122""}"
2026-09-18T01:01:09.418677Z,1789693269083,GALAUSDT,Sell,179148,0.001870,"{""T"":1789693269083,""s"":""GALAUSDT"",""S"":""Sell"",""v"":""179148"",""p"":""0.001870""}"
2026-09-18T01:01:09.966710Z,1789693269387,ETHUSDT,Sell,40.22,2458.82,"{""T"":1789693269387,""s"":""ETHUSDT"",""S"":""Sell"",""v"":""40.22"",""p"":""2458.82""}"
2026-09-18T01:01:10.998405Z,1789693270602,XAUUSDT,Sell,0.110,4387.26,"{""T"":1789693270602,""s"":""XAUUSDT"",""S"":""Sell"",""v"":""0.110"",""p"":""4387.26""}"
2026-09-18T01:01:11.027506Z,1789693270609,NEARUSDT,Sell,48.5,3.1870,"{""T"":1789693270609,""s"":""NEARUSDT"",""S"":""Sell"",""v"":""48.5"",""p"":""3.1870""}"
2026-09-18T01:01:11.848580Z,1789693271619,XRPUSDT,Sell,70.4,1.3087,"{""T"":1789693271619,""s"":""XRPUSDT"",""S"":""Sell"",""v"":""70.4"",""p"":""1.3087""}"
2026-09-18T01:01:12.348608Z,1789693271785,XRPUSDT,Sell,6500.0,1.3087,"{""T"":1789693271785,""s"":""XRPUSDT"",""S"":""Sell"",""v"":""6500.0"",""p"":""1.3087""}"
2026-09-18T01:01:17.836483Z,1789693277592,VVVUSDT,Buy,9.36,24.3430,"{""T"":1789693277592,""s"":""VVVUSDT"",""S"":""Buy"",""v"":""9.36"",""p"":""24.3430""}"
2026-09-18T01:01:41.527211Z,1789693301133,NEARUSDT,Sell,282.1,3.1970,"{""T"":1789693301133,""s"":""NEARUSDT"",""S"":""Sell"",""v"":""282.1"",""p"":""3.1970""}"
2026-09-18T01:01:48.526871Z,1789693307984,NEARUSDT,Sell,3151.5,3.1990,"{""T"":1789693307984,""s"":""NEARUSDT"",""S"":""Sell"",""v"":""3151.5"",""p"":""3.1990""}"
2026-09-18T01:01:49.026840Z,1789693308926,NEARUSDT,Sell,82.3,3.1990,"{""T"":1789693308926,""s"":""NEARUSDT"",""S"":""Sell"",""v"":""82.3"",""p"":""3.1990""}"
2026-09-18T01:02:00.925243Z,1789693320618,ARBUSDT,Sell,108.7,0.18530,"{""T"":1789693320618,""s"":""ARBUSDT"",""S"":""Sell"",""v"":""108.7"",""p"":""0.18530""}"
2026-09-18T01:02:03.824417Z,1789693323252,HYPEUSDT,Sell,5.90,87.060,"{""T"":1789693323252,""s"":""HYPEUSDT"",""S"":""Sell"",""v"":""5.90"",""p"":""87.060""}"
2026-09-18T01:02:08.424893Z,1789693328157,ARBUSDT,Sell,82.0,0.18537,"{""T"":1789693328157,""s"":""ARBUSDT"",""S"":""Sell"",""v"":""82.0"",""p"":""0.18537""}"
2026-09-18T01:02:09.007573Z,1789693328845,COTIUSDT,Buy,23377,0.023408,"{""T"":1789693328845,""s"":""COTIUSDT"",""S"":""Buy"",""v"":""23377"",""p"":""0.023408""}"
2026-09-18T01:02:15.824538Z,1789693335323,HYPEUSDT,Sell,0.13,87.180,"{""T"":1789693335323,""s"":""HYPEUSDT"",""S"":""Sell"",""v"":""0.13"",""p"":""87.180""}"
2026-09-18T01:02:15.918716Z,1789693335500,JUPUSDT,Sell,131,0.24140,"{""T"":1789693335500,""s"":""JUPUSDT"",""S"":""Sell"",""v"":""131"",""p"":""0.24140""}"
2026-09-18T01:02:16.323925Z,1789693335918,HYPEUSDT,Sell,4.55,87.200,"{""T"":1789693335918,""s"":""HYPEUSDT"",""S"":""Sell"",""v"":""4.55"",""p"":""87.200""}"
2026-09-18T01:02:18.918752Z,1789693338532,GALAUSDT,Buy,122804,0.001827,"{""T"":1789693338532,""s"":""GALAUSDT"",""S"":""Buy"",""v"":""122804"",""p"":""0.001827""}"
2026-09-18T01:02:21.324388Z,1789693341124,HYPEUSDT,Sell,4.44,87.260,"{""T"":1789693341124,""s"":""HYPEUSDT"",""S"":""Sell"",""v"":""4.44"",""p"":""87.260""}"
2026-09-18T01:02:21.425543Z,1789693341239,ZECUSDT,Sell,0.40,1474.08,"{""T"":1789693341239,""s"":""ZECUSDT"",""S"":""Sell"",""v"":""0.40"",""p"":""1474.08""}"
2026-09-18T01:02:21.573705Z,1789693341239,SOLUSDT,Sell,12.1,101.980,"{""T"":1789693341239,""s"":""SOLUSDT"",""S"":""Sell"",""v"":""12.1"",""p"":""101.980""}"
2026-09-18T01:02:21.576620Z,1789693341239,BTCUSDT,Sell,0.030,76843.50,"{""T"":1789693341239,""s"":""BTCUSDT"",""S"":""Sell"",""v"":""0.030"",""p"":""76843.50""}"
2026-09-18T01:02:21.824486Z,1789693341239,HYPEUSDT,Sell,30.00,87.260,"{""T"":1789693341239,""s"":""HYPEUSDT"",""S"":""Sell"",""v"":""30.00"",""p"":""87.260""}"
2026-09-18T01:02:29.324372Z,1789693348729,HYPEUSDT,Sell,30.24,87.290,"{""T"":1789693348729,""s"":""HYPEUSDT"",""S"":""Sell"",""v"":""30.24"",""p"":""87.290""}"
2026-09-18T01:02:38.324013Z,1789693358130,HYPEUSDT,Sell,0.39,87.250,"{""T"":1789693358130,""s"":""HYPEUSDT"",""S"":""Sell"",""v"":""0.39"",""p"":""87.250""}"
2026-09-18T01:02:38.425326Z,1789693358130,1000PEPEUSDT,Sell,6400,0.0036590,"{""T"":1789693358130,""s"":""1000PEPEUSDT"",""S"":""Sell"",""v"":""6400"",""p"":""0.0036590""}"
2026-09-18T01:02:38.526992Z,1789693358130,NEARUSDT,Sell,46.3,3.2100,"{""T"":1789693358130,""s"":""NEARUSDT"",""S"":""Sell"",""v"":""46.3"",""p"":""3.2100""}"
2026-09-18T01:03:12.836245Z,1789693392559,FARTCOINUSDT,Sell,1000,0.14919,"{""T"":1789693392559,""s"":""FARTCOINUSDT"",""S"":""Sell"",""v"":""1000"",""p"":""0.14919""}"
2026-09-18T01:03:12.870815Z,1789693392559,APTUSDT,Sell,129.64,0.6131,"{""T"":1789693392559,""s"":""APTUSDT"",""S"":""Sell"",""v"":""129.64"",""p"":""0.6131""}"
2026-09-18T01:03:13.074155Z,1789693392559,SOLUSDT,Sell,0.7,101.920,"{""T"":1789693392559,""s"":""SOLUSDT"",""S"":""Sell"",""v"":""0.7"",""p"":""101.920""}"
2026-09-18T01:03:13.370395Z,1789693393125,APTUSDT,Sell,38.80,0.6133,"{""T"":1789693393125,""s"":""APTUSDT"",""S"":""Sell"",""v"":""38.80"",""p"":""0.6133""}"
2026-09-18T01:03:53.003276Z,1789693432590,OPUSDT,Sell,639.5,0.10368,"{""T"":1789693432590,""s"":""OPUSDT"",""S"":""Sell"",""v"":""639.5"",""p"":""0.10368""}"
2026-09-18T01:04:02.424991Z,1789693442043,1000PEPEUSDT,Sell,27800,0.0036680,"{""T"":1789693442043,""s"":""1000PEPEUSDT"",""S"":""Sell"",""v"":""27800"",""p"":""0.0036680""}"
2026-09-18T01:04:04.824676Z,1789693444723,HYPEUSDT,Sell,4.42,87.390,"{""T"":1789693444723,""s"":""HYPEUSDT"",""S"":""Sell"",""v"":""4.42"",""p"":""87.390""}"
2026-09-18T01:04:04.924915Z,1789693444523,DOTUSDT,Buy,102.6,1.0805,"{""T"":1789693444523,""s"":""DOTUSDT"",""S"":""Buy"",""v"":""102.6"",""p"":""1.0805""}"
2026-09-18T01:04:09.007646Z,1789693448723,COTIUSDT,Sell,22450,0.024086,"{""T"":1789693448723,""s"":""COTIUSDT"",""S"":""Sell"",""v"":""22450"",""p"":""0.024086""}"
2026-09-18T01:05:15.425226Z,1789693515014,1000PEPEUSDT,Sell,500000,0.0036690,"{""T"":1789693515014,""s"":""1000PEPEUSDT"",""S"":""Sell"",""v"":""500000"",""p"":""0.0036690""}"
2026-09-18T01:05:32.826862Z,1789693532336,HYPEUSDT,Sell,6.30,87.410,"{""T"":1789693532336,""s"":""HYPEUSDT"",""S"":""Sell"",""v"":""6.30"",""p"":""87.410""}"
2026-09-18T01:06:13.839929Z,1789693573684,4STOCKUSDT,Sell,4300,0.00897,"{""T"":1789693573684,""s"":""4STOCKUSDT"",""S"":""Sell"",""v"":""4300"",""p"":""0.00897""}"
2026-09-18T01:06:28.419165Z,1789693588130,LSKUSDT,Buy,174.9,0.44181,"{""T"":1789693588130,""s"":""LSKUSDT"",""S"":""Buy"",""v"":""174.9"",""p"":""0.44181""}"
2026-09-18T01:06:56.013838Z,1789693615893,COTIUSDT,Buy,85153,0.023374,"{""T"":1789693615893,""s"":""COTIUSDT"",""S"":""Buy"",""v"":""85153"",""p"":""0.023374""}"
2026-09-18T01:06:59.003501Z,1789693618548,XAGUSDT,Sell,0.064,66.32,"{""T"":1789693618548,""s"":""XAGUSDT"",""S"":""Sell"",""v"":""0.064"",""p"":""66.32""}"
2026-09-18T01:08:03.325148Z,1789693682851,HYPEUSDT,Sell,3.02,87.440,"{""T"":1789693682851,""s"":""HYPEUSDT"",""S"":""Sell"",""v"":""3.02"",""p"":""87.440""}"
2026-09-18T01:08:10.419049Z,1789693689994,LSKUSDT,Buy,60.9,0.43814,"{""T"":1789693689994,""s"":""LSKUSDT"",""S"":""Buy"",""v"":""60.9"",""p"":""0.43814""}"
2026-09-18T01:08:16.418815Z,1789693695965,LSKUSDT,Buy,1076.1,0.43692,"{""T"":1789693695965,""s"":""LSKUSDT"",""S"":""Buy"",""v"":""1076.1"",""p"":""0.43692""}"
2026-09-18T01:08:16.418815Z,1789693696007,LSKUSDT,Buy,104.3,0.43706,"{""T"":1789693696007,""s"":""LSKUSDT"",""S"":""Buy"",""v"":""104.3"",""p"":""0.43706""}"
2026-09-18T01:08:16.918712Z,1789693696632,LSKUSDT,Buy,231.5,0.43662,"{""T"":1789693696632,""s"":""LSKUSDT"",""S"":""Buy"",""v"":""231.5"",""p"":""0.43662""}"
2026-09-18T01:08:20.918753Z,1789693700786,LSKUSDT,Buy,15.6,0.43579,"{""T"":1789693700786,""s"":""LSKUSDT"",""S"":""Buy"",""v"":""15.6"",""p"":""0.43579""}"
2026-09-18T01:08:26.418700Z,1789693705876,LSKUSDT,Buy,6960.8,0.43440,"{""T"":1789693705876,""s"":""LSKUSDT"",""S"":""Buy"",""v"":""6960.8"",""p"":""0.43440""}"
2026-09-18T01:08:28.418599Z,1789693708194,LSKUSDT,Buy,100.0,0.43360,"{""T"":1789693708194,""s"":""LSKUSDT"",""S"":""Buy"",""v"":""100.0"",""p"":""0.43360""}"
2026-09-18T01:08:34.002908Z,1789693713824,SUIUSDT,Sell,14030,0.76200,"{""T"":1789693713824,""s"":""SUIUSDT"",""S"":""Sell"",""v"":""14030"",""p"":""0.76200""}"
2026-09-18T01:08:37.918688Z,1789693717349,LSKUSDT,Buy,44.5,0.43268,"{""T"":1789693717349,""s"":""LSKUSDT"",""S"":""Buy"",""v"":""44.5"",""p"":""0.43268""}"
2026-09-18T01:08:38.918606Z,1789693718590,LSKUSDT,Buy,1147.7,0.43210,"{""T"":1789693718590,""s"":""LSKUSDT"",""S"":""Buy"",""v"":""1147.7"",""p"":""0.43210""}"
2026-09-18T01:08:48.418667Z,1789693728024,LSKUSDT,Buy,1282.0,0.42921,"{""T"":1789693728024,""s"":""LSKUSDT"",""S"":""Buy"",""v"":""1282.0"",""p"":""0.42921""}"
2026-09-18T01:08:48.918738Z,1789693728696,LSKUSDT,Buy,922.0,0.42889,"{""T"":1789693728696,""s"":""LSKUSDT"",""S"":""Buy"",""v"":""922.0"",""p"":""0.42889""}"
2026-09-18T01:08:48.918738Z,1789693728792,LSKUSDT,Buy,10000.0,0.43147,"{""T"":1789693728792,""s"":""LSKUSDT"",""S"":""Buy"",""v"":""10000.0"",""p"":""0.43147""}"
2026-09-18T01:08:49.418575Z,1789693728977,LSKUSDT,Buy,193.8,0.43110,"{""T"":1789693728977,""s"":""LSKUSDT"",""S"":""Buy"",""v"":""193.8"",""p"":""0.43110""}"
2026-09-18T01:08:50.008501Z,1789693729689,PENGUUSDT,Sell,69280,0.007367,"{""T"":1789693729689,""s"":""PENGUUSDT"",""S"":""Sell"",""v"":""69280"",""p"":""0.007367""}"
2026-09-18T01:08:51.418555Z,1789693731044,LSKUSDT,Buy,290.0,0.42784,"{""T"":1789693731044,""s"":""LSKUSDT"",""S"":""Buy"",""v"":""290.0"",""p"":""0.42784""}"
2026-09-18T01:09:02.418839Z,1789693741937,LSKUSDT,Buy,231.0,0.42767,"{""T"":1789693741937,""s"":""LSKUSDT"",""S"":""Buy"",""v"":""231.0"",""p"":""0.42767""}"
2026-09-18T01:09:02.918913Z,1789693742366,LSKUSDT,Buy,870.0,0.42689,"{""T"":1789693742366,""s"":""LSKUSDT"",""S"":""Buy"",""v"":""870.0"",""p"":""0.42689""}"
2026-09-18T01:09:02.918913Z,1789693742743,LSKUSDT,Buy,5440.2,0.42699,"{""T"":1789693742743,""s"":""LSKUSDT"",""S"":""Buy"",""v"":""5440.2"",""p"":""0.42699""}"
2026-09-18T01:09:03.918596Z,1789693743396,LSKUSDT,Buy,963.8,0.42662,"{""T"":1789693743396,""s"":""LSKUSDT"",""S"":""Buy"",""v"":""963.8"",""p"":""0.42662""}"
2026-09-18T01:09:04.918791Z,1789693744397,LSKUSDT,Buy,4400.4,0.42610,"{""T"":1789693744397,""s"":""LSKUSDT"",""S"":""Buy"",""v"":""4400.4"",""p"":""0.42610""}"
2026-09-18T01:09:04.918791Z,1789693744715,LSKUSDT,Buy,1100.0,0.42628,"{""T"":1789693744715,""s"":""LSKUSDT"",""S"":""Buy"",""v"":""1100.0"",""p"":""0.42628""}"
2026-09-18T01:09:05.918815Z,1789693745690,LSKUSDT,Buy,697.9,0.42534,"{""T"":1789693745690,""s"":""LSKUSDT"",""S"":""Buy"",""v"":""697.9"",""p"":""0.42534""}"
2026-09-18T01:09:06.918993Z,1789693746619,LSKUSDT,Buy,863.0,0.42504,"{""T"":1789693746619,""s"":""LSKUSDT"",""S"":""Buy"",""v"":""863.0"",""p"":""0.42504""}"
2026-09-18T01:09:06.918993Z,1789693746785,LSKUSDT,Buy,63.2,0.42509,"{""T"":1789693746785,""s"":""LSKUSDT"",""S"":""Buy"",""v"":""63.2"",""p"":""0.42509""}"
2026-09-18T01:09:07.418931Z,1789693747045,LSKUSDT,Buy,1634.3,0.42493,"{""T"":1789693747045,""s"":""LSKUSDT"",""S"":""Buy"",""v"":""1634.3"",""p"":""0.42493""}"
2026-09-18T01:09:08.418642Z,1789693748268,LSKUSDT,Buy,71.9,0.42384,"{""T"":1789693748268,""s"":""LSKUSDT"",""S"":""Buy"",""v"":""71.9"",""p"":""0.42384""}"
2026-09-18T01:09:09.824285Z,1789693749518,HYPEUSDT,Sell,57.87,87.430,"{""T"":1789693749518,""s"":""HYPEUSDT"",""S"":""Sell"",""v"":""57.87"",""p"":""87.430""}"
2026-09-18T01:09:10.418611Z,1789693749871,LSKUSDT,Buy,1035.1,0.42361,"{""T"":1789693749871,""s"":""LSKUSDT"",""S"":""Buy"",""v"":""1035.1"",""p"":""0.42361""}"
2026-09-18T01:09:13.418582Z,1789693753029,LSKUSDT,Buy,4976.6,0.42320,"{""T"":1789693753029,""s"":""LSKUSDT"",""S"":""Buy"",""v"":""4976.6"",""p"":""0.42320""}"
2026-09-18T01:09:13.526838Z,1789693753029,NEARUSDT,Sell,845.0,3.1970,"{""T"":1789693753029,""s"":""NEARUSDT"",""S"":""Sell"",""v"":""845.0"",""p"":""3.1970""}"
2026-09-18T01:09:13.576888Z,1789693753029,BTCUSDT,Sell,0.011,76843.60,"{""T"":1789693753029,""s"":""BTCUSDT"",""S"":""Sell"",""v"":""0.011"",""p"":""76843.60""}"
2026-09-18T01:09:14.418709Z,1789693754110,LSKUSDT,Buy,1449.0,0.42289,"{""T"":1789693754110,""s"":""LSKUSDT"",""S"":""Buy"",""v"":""1449.0"",""p"":""0.42289""}"
2026-09-18T01:09:15.418640Z,1789693754826,LSKUSDT,Buy,2637.1,0.42264,"{""T"":1789693754826,""s"":""LSKUSDT"",""S"":""Buy"",""v"":""2637.1"",""p"":""0.42264""}"
2026-09-18T01:09:16.418560Z,1789693756207,LSKUSDT,Buy,17.8,0.42191,"{""T"":1789693756207,""s"":""LSKUSDT"",""S"":""Buy"",""v"":""17.8"",""p"":""0.42191""}"
2026-09-18T01:09:17.918601Z,1789693757574,LSKUSDT,Buy,125.9,0.42164,"{""T"":1789693757574,""s"":""LSKUSDT"",""S"":""Buy"",""v"":""125.9"",""p"":""0.42164""}"
2026-09-18T01:09:18.418963Z,1789693757930,LSKUSDT,Buy,20765.0,0.42083,"{""T"":1789693757930,""s"":""LSKUSDT"",""S"":""Buy"",""v"":""20765.0"",""p"":""0.42083""}"
2026-09-18T01:09:18.418963Z,1789693757998,LSKUSDT,Buy,2613.0,0.42046,"{""T"":1789693757998,""s"":""LSKUSDT"",""S"":""Buy"",""v"":""2613.0"",""p"":""0.42046""}"
2026-09-18T01:09:18.418963Z,1789693758185,LSKUSDT,Buy,2147.8,0.42065,"{""T"":1789693758185,""s"":""LSKUSDT"",""S"":""Buy"",""v"":""2147.8"",""p"":""0.42065""}"
2026-09-18T01:09:18.919268Z,1789693758381,LSKUSDT,Buy,621.0,0.42034,"{""T"":1789693758381,""s"":""LSKUSDT"",""S"":""Buy"",""v"":""621.0"",""p"":""0.42034""}"
2026-09-18T01:09:18.919268Z,1789693758459,LSKUSDT,Buy,31.3,0.42097,"{""T"":1789693758459,""s"":""LSKUSDT"",""S"":""Buy"",""v"":""31.3"",""p"":""0.42097""}"
2026-09-18T01:09:18.919268Z,1789693758569,LSKUSDT,Buy,21.3,0.42086,"{""T"":1789693758569,""s"":""LSKUSDT"",""S"":""Buy"",""v"":""21.3"",""p"":""0.42086""}"
2026-09-18T01:09:18.919268Z,1789693758606,LSKUSDT,Buy,678.9,0.42085,"{""T"":1789693758606,""s"":""LSKUSDT"",""S"":""Buy"",""v"":""678.9"",""p"":""0.42085""}"
2026-09-18T01:09:19.918702Z,1789693759583,LSKUSDT,Buy,4.4,0.42002,"{""T"":1789693759583,""s"":""LSKUSDT"",""S"":""Buy"",""v"":""4.4"",""p"":""0.42002""}"
2026-09-18T01:09:19.918702Z,1789693759691,LSKUSDT,Buy,90.3,0.42007,"{""T"":1789693759691,""s"":""LSKUSDT"",""S"":""Buy"",""v"":""90.3"",""p"":""0.42007""}"
2026-09-18T01:09:20.418677Z,1789693759870,LSKUSDT,Buy,228.7,0.41965,"{""T"":1789693759870,""s"":""LSKUSDT"",""S"":""Buy"",""v"":""228.7"",""p"":""0.41965""}"
2026-09-18T01:09:20.418677Z,1789693760250,LSKUSDT,Buy,573.6,0.41905,"{""T"":1789693760250,""s"":""LSKUSDT"",""S"":""Buy"",""v"":""573.6"",""p"":""0.41905""}"
2026-09-18T01:09:20.425367Z,1789693760250,ARBUSDT,Sell,4601.8,0.18506,"{""T"":1789693760250,""s"":""ARBUSDT"",""S"":""Sell"",""v"":""4601.8"",""p"":""0.18506""}"
2026-09-18T01:09:20.918614Z,1789693760585,LSKUSDT,Buy,231.1,0.41925,"{""T"":1789693760585,""s"":""LSKUSDT"",""S"":""Buy"",""v"":""231.1"",""p"":""0.41925""}"
2026-09-18T01:09:21.418569Z,1789693761032,LSKUSDT,Buy,46.2,0.41943,"{""T"":1789693761032,""s"":""LSKUSDT"",""S"":""Buy"",""v"":""46.2"",""p"":""0.41943""}"
2026-09-18T01:09:22.918594Z,1789693762453,LSKUSDT,Buy,81.4,0.41876,"{""T"":1789693762453,""s"":""LSKUSDT"",""S"":""Buy"",""v"":""81.4"",""p"":""0.41876""}"
2026-09-18T01:09:22.918594Z,1789693762508,LSKUSDT,Buy,114.6,0.41863,"{""T"":1789693762508,""s"":""LSKUSDT"",""S"":""Buy"",""v"":""114.6"",""p"":""0.41863""}"
2026-09-18T01:09:22.918594Z,1789693762644,LSKUSDT,Buy,800.0,0.41861,"{""T"":1789693762644,""s"":""LSKUSDT"",""S"":""Buy"",""v"":""800.0"",""p"":""0.41861""}"
2026-09-18T01:09:23.418685Z,1789693762870,LSKUSDT,Buy,6229.2,0.41872,"{""T"":1789693762870,""s"":""LSKUSDT"",""S"":""Buy"",""v"":""6229.2"",""p"":""0.41872""}"
2026-09-18T01:09:23.418685Z,1789693762930,LSKUSDT,Buy,114.6,0.41863,"{""T"":1789693762930,""s"":""LSKUSDT"",""S"":""Buy"",""v"":""114.6"",""p"":""0.41863""}"
2026-09-18T01:09:23.418685Z,1789693762988,LSKUSDT,Buy,7407.2,0.41849,"{""T"":1789693762988,""s"":""LSKUSDT"",""S"":""Buy"",""v"":""7407.2"",""p"":""0.41849""}"
2026-09-18T01:09:23.418685Z,1789693763249,LSKUSDT,Buy,94.5,0.41765,"{""T"":1789693763249,""s"":""LSKUSDT"",""S"":""Buy"",""v"":""94.5"",""p"":""0.41765""}"
2026-09-18T01:09:23.918802Z,1789693763349,LSKUSDT,Buy,2274.1,0.41793,"{""T"":1789693763349,""s"":""LSKUSDT"",""S"":""Buy"",""v"":""2274.1"",""p"":""0.41793""}"
2026-09-18T01:09:23.918802Z,1789693763371,LSKUSDT,Buy,134.1,0.41731,"{""T"":1789693763371,""s"":""LSKUSDT"",""S"":""Buy"",""v"":""134.1"",""p"":""0.41731""}"
2026-09-18T01:09:23.918802Z,1789693763514,LSKUSDT,Buy,66.4,0.41695,"{""T"":1789693763514,""s"":""LSKUSDT"",""S"":""Buy"",""v"":""66.4"",""p"":""0.41695""}"
2026-09-18T01:09:23.918802Z,1789693763571,LSKUSDT,Buy,26.1,0.41734,"{""T"":1789693763571,""s"":""LSKUSDT"",""S"":""Buy"",""v"":""26.1"",""p"":""0.41734""}"
2026-09-18T01:09:23.918802Z,1789693763690,LSKUSDT,Buy,1032.7,0.41832,"{""T"":1789693763690,""s"":""LSKUSDT"",""S"":""Buy"",""v"":""1032.7"",""p"":""0.41832""}"
2026-09-18T01:09:23.918802Z,1789693763721,LSKUSDT,Buy,22.8,0.41741,"{""T"":1789693763721,""s"":""LSKUSDT"",""S"":""Buy"",""v"":""22.8"",""p"":""0.41741""}"
2026-09-18T01:09:23.918802Z,1789693763728,LSKUSDT,Buy,47.6,0.41714,"{""T"":1789693763728,""s"":""LSKUSDT"",""S"":""Buy"",""v"":""47.6"",""p"":""0.41714""}"
2026-09-18T01:09:23.918802Z,1789693763745,LSKUSDT,Buy,410.1,0.41724,"{""T"":1789693763745,""s"":""LSKUSDT"",""S"":""Buy"",""v"":""410.1"",""p"":""0.41724""}"
2026-09-18T01:09:24.419708Z,1789693763837,LSKUSDT,Buy,605.1,0.41771,"{""T"":1789693763837,""s"":""LSKUSDT"",""S"":""Buy"",""v"":""605.1"",""p"":""0.41771""}"
2026-09-18T01:09:24.419708Z,1789693763952,LSKUSDT,Buy,26.1,0.41724,"{""T"":1789693763952,""s"":""LSKUSDT"",""S"":""Buy"",""v"":""26.1"",""p"":""0.41724""}"
2026-09-18T01:09:24.419708Z,1789693764070,LSKUSDT,Buy,647.3,0.41706,"{""T"":1789693764070,""s"":""LSKUSDT"",""S"":""Buy"",""v"":""647.3"",""p"":""0.41706""}"
2026-09-18T01:09:24.918807Z,1789693764689,LSKUSDT,Buy,718.7,0.41674,"{""T"":1789693764689,""s"":""LSKUSDT"",""S"":""Buy"",""v"":""718.7"",""p"":""0.41674""}"
2026-09-18T01:09:24.918807Z,1789693764817,LSKUSDT,Buy,71.9,0.41660,"{""T"":1789693764817,""s"":""LSKUSDT"",""S"":""Buy"",""v"":""71.9"",""p"":""0.41660""}"
2026-09-18T01:09:26.418735Z,1789693766223,LSKUSDT,Buy,869.3,0.41618,"{""T"":1789693766223,""s"":""LSKUSDT"",""S"":""Buy"",""v"":""869.3"",""p"":""0.41618""}"
2026-09-18T01:09:26.418735Z,1789693766272,LSKUSDT,Buy,604.3,0.41622,"{""T"":1789693766272,""s"":""LSKUSDT"",""S"":""Buy"",""v"":""604.3"",""p"":""0.41622""}"
2026-09-18T01:09:26.918632Z,1789693766522,LSKUSDT,Buy,1558.8,0.41625,"{""T"":1789693766522,""s"":""LSKUSDT"",""S"":""Buy"",""v"":""1558.8"",""p"":""0.41625""}"
2026-09-18T01:09:26.918632Z,1789693766818,LSKUSDT,Buy,6990.3,0.41610,"{""T"":1789693766818,""s"":""LSKUSDT"",""S"":""Buy"",""v"":""6990.3"",""p"":""0.41610""}"
2026-09-18T01:09:28.419084Z,1789693768208,LSKUSDT,Buy,2066.8,0.41576,"{""T"":1789693768208,""s"":""LSKUSDT"",""S"":""Buy"",""v"":""2066.8"",""p"":""0.41576""}"
2026-09-18T01:09:28.919077Z,1789693768427,LSKUSDT,Buy,4014.7,0.41496,"{""T"":1789693768427,""s"":""LSKUSDT"",""S"":""Buy"",""v"":""4014.7"",""p"":""0.41496""}"
2026-09-18T01:09:28.919077Z,1789693768429,LSKUSDT,Buy,291.3,0.41506,"{""T"":1789693768429,""s"":""LSKUSDT"",""S"":""Buy"",""v"":""291.3"",""p"":""0.41506""}"
2026-09-18T01:09:28.919077Z,1789693768748,LSKUSDT,Buy,29.8,0.41554,"{""T"":1789693768748,""s"":""LSKUSDT"",""S"":""Buy"",""v"":""29.8"",""p"":""0.41554""}"
2026-09-18T01:09:39.840885Z,1789693779510,CROSSUSDT,Sell,1659,0.17810,"{""T"":1789693779510,""s"":""CROSSUSDT"",""S"":""Sell"",""v"":""1659"",""p"":""0.17810""}"
2026-09-18T01:09:39.918725Z,1789693779510,LSKUSDT,Buy,700.4,0.41420,"{""T"":1789693779510,""s"":""LSKUSDT"",""S"":""Buy"",""v"":""700.4"",""p"":""0.41420""}"
2026-09-18T01:09:41.418608Z,1789693780915,LSKUSDT,Buy,955.6,0.41384,"{""T"":1789693780915,""s"":""LSKUSDT"",""S"":""Buy"",""v"":""955.6"",""p"":""0.41384""}"
2026-09-18T01:09:41.418608Z,1789693780946,LSKUSDT,Buy,10641.1,0.41384,"{""T"":1789693780946,""s"":""LSKUSDT"",""S"":""Buy"",""v"":""10641.1"",""p"":""0.41384""}"
2026-09-18T01:09:41.418608Z,1789693780956,LSKUSDT,Buy,1745.5,0.41355,"{""T"":1789693780956,""s"":""LSKUSDT"",""S"":""Buy"",""v"":""1745.5"",""p"":""0.41355""}"
2026-09-18T01:09:41.418608Z,1789693781205,LSKUSDT,Buy,44.8,0.41310,"{""T"":1789693781205,""s"":""LSKUSDT"",""S"":""Buy"",""v"":""44.8"",""p"":""0.41310""}"
2026-09-18T01:09:41.918771Z,1789693781423,LSKUSDT,Buy,3416.7,0.41295,"{""T"":1789693781423,""s"":""LSKUSDT"",""S"":""Buy"",""v"":""3416.7"",""p"":""0.41295""}"
2026-09-18T01:09:41.918771Z,1789693781751,LSKUSDT,Buy,11855.0,0.41293,"{""T"":1789693781751,""s"":""LSKUSDT"",""S"":""Buy"",""v"":""11855.0"",""p"":""0.41293""}"
2026-09-18T01:09:43.918635Z,1789693783366,LSKUSDT,Buy,447.8,0.41268,"{""T"":1789693783366,""s"":""LSKUSDT"",""S"":""Buy"",""v"":""447.8"",""p"":""0.41268""}"
2026-09-18T01:09:44.919616Z,1789693784551,LSKUSDT,Buy,11855.0,0.41262,"{""T"":1789693784551,""s"":""LSKUSDT"",""S"":""Buy"",""v"":""11855.0"",""p"":""0.41262""}"
2026-09-18T01:09:45.919084Z,1789693785344,LSKUSDT,Buy,16.0,0.41143,"{""T"":1789693785344,""s"":""LSKUSDT"",""S"":""Buy"",""v"":""16.0"",""p"":""0.41143""}"
2026-09-18T01:09:45.919084Z,1789693785485,LSKUSDT,Buy,3278.4,0.41222,"{""T"":1789693785485,""s"":""LSKUSDT"",""S"":""Buy"",""v"":""3278.4"",""p"":""0.41222""}"
2026-09-18T01:09:46.418858Z,1789693786030,LSKUSDT,Buy,700.0,0.41220,"{""T"":1789693786030,""s"":""LSKUSDT"",""S"":""Buy"",""v"":""700.0"",""p"":""0.41220""}"
2026-09-18T01:09:46.418858Z,1789693786050,LSKUSDT,Buy,27.6,0.41200,"{""T"":1789693786050,""s"":""LSKUSDT"",""S"":""Buy"",""v"":""27.6"",""p"":""0.41200""}"
2026-09-18T01:09:46.870148Z,1789693786676,GENIUSUSDT,Sell,7968,0.3944,"{""T"":1789693786676,""s"":""GENIUSUSDT"",""S"":""Sell"",""v"":""7968"",""p"":""0.3944""}"
2026-09-18T01:09:46.918679Z,1789693786643,LSKUSDT,Buy,4110.8,0.41117,"{""T"":1789693786643,""s"":""LSKUSDT"",""S"":""Buy"",""v"":""4110.8"",""p"":""0.41117""}"
2026-09-18T01:09:49.919199Z,1789693789452,LSKUSDT,Buy,11.0,0.41063,"{""T"":1789693789452,""s"":""LSKUSDT"",""S"":""Buy"",""v"":""11.0"",""p"":""0.41063""}"
2026-09-18T01:09:49.919199Z,1789693789542,LSKUSDT,Buy,25.0,0.41026,"{""T"":1789693789542,""s"":""LSKUSDT"",""S"":""Buy"",""v"":""25.0"",""p"":""0.41026""}"
2026-09-18T01:09:50.418650Z,1789693789885,LSKUSDT,Buy,1050.0,0.41032,"{""T"":1789693789885,""s"":""LSKUSDT"",""S"":""Buy"",""v"":""1050.0"",""p"":""0.41032""}"
2026-09-18T01:09:54.918678Z,1789693794481,LSKUSDT,Buy,127.1,0.40973,"{""T"":1789693794481,""s"":""LSKUSDT"",""S"":""Buy"",""v"":""127.1"",""p"":""0.40973""}"
2026-09-18T01:10:08.508077Z,1789693808295,COTIUSDT,Buy,36940,0.023237,"{""T"":1789693808295,""s"":""COTIUSDT"",""S"":""Buy"",""v"":""36940"",""p"":""0.023237""}"
2026-09-18T01:10:21.147077Z,1789693820945,AKEUSDT,Buy,7800,0.0207260,"{""T"":1789693820945,""s"":""AKEUSDT"",""S"":""Buy"",""v"":""7800"",""p"":""0.0207260""}"
2026-09-18T01:10:21.418745Z,1789693820945,LSKUSDT,Buy,354.3,0.40947,"{""T"":1789693820945,""s"":""LSKUSDT"",""S"":""Buy"",""v"":""354.3"",""p"":""0.40947""}"
2026-09-18T01:10:33.343205Z,1789693833107,4STOCKUSDT,Sell,134960,0.00904,"{""T"":1789693833107,""s"":""4STOCKUSDT"",""S"":""Sell"",""v"":""134960"",""p"":""0.00904""}"
2026-09-18T01:10:36.418799Z,1789693836119,LSKUSDT,Buy,586.6,0.40914,"{""T"":1789693836119,""s"":""LSKUSDT"",""S"":""Buy"",""v"":""586.6"",""p"":""0.40914""}"
2026-09-18T01:10:36.418799Z,1789693836148,LSKUSDT,Buy,11.9,0.40854,"{""T"":1789693836148,""s"":""LSKUSDT"",""S"":""Buy"",""v"":""11.9"",""p"":""0.40854""}"
2026-09-18T01:10:36.918645Z,1789693836427,LSKUSDT,Buy,97.9,0.40832,"{""T"":1789693836427,""s"":""LSKUSDT"",""S"":""Buy"",""v"":""97.9"",""p"":""0.40832""}"
2026-09-18T01:10:36.918645Z,1789693836475,LSKUSDT,Buy,30.1,0.40817,"{""T"":1789693836475,""s"":""LSKUSDT"",""S"":""Buy"",""v"":""30.1"",""p"":""0.40817""}"
2026-09-18T01:10:36.918645Z,1789693836710,LSKUSDT,Buy,586.6,0.40914,"{""T"":1789693836710,""s"":""LSKUSDT"",""S"":""Buy"",""v"":""586.6"",""p"":""0.40914""}"
2026-09-18T01:10:36.918645Z,1789693836738,LSKUSDT,Buy,4776.6,0.40795,"{""T"":1789693836738,""s"":""LSKUSDT"",""S"":""Buy"",""v"":""4776.6"",""p"":""0.40795""}"
2026-09-18T01:10:36.918645Z,1789693836814,LSKUSDT,Buy,1000.0,0.40823,"{""T"":1789693836814,""s"":""LSKUSDT"",""S"":""Buy"",""v"":""1000.0"",""p"":""0.40823""}"
2026-09-18T01:10:37.418810Z,1789693836959,LSKUSDT,Buy,160.3,0.40834,"{""T"":1789693836959,""s"":""LSKUSDT"",""S"":""Buy"",""v"":""160.3"",""p"":""0.40834""}"
2026-09-18T01:10:37.418810Z,1789693837224,LSKUSDT,Buy,232.2,0.40781,"{""T"":1789693837224,""s"":""LSKUSDT"",""S"":""Buy"",""v"":""232.2"",""p"":""0.40781""}"
2026-09-18T01:10:37.508369Z,1789693836959,IOSTUSDT,Buy,84770,0.0007752,"{""T"":1789693836959,""s"":""IOSTUSDT"",""S"":""Buy"",""v"":""84770"",""p"":""0.0007752""}"
2026-09-18T01:10:37.918691Z,1789693837337,LSKUSDT,Buy,1856.4,0.40729,"{""T"":1789693837337,""s"":""LSKUSDT"",""S"":""Buy"",""v"":""1856.4"",""p"":""0.40729""}"
2026-09-18T01:10:38.418640Z,1789693837871,LSKUSDT,Buy,344.4,0.40749,"{""T"":1789693837871,""s"":""LSKUSDT"",""S"":""Buy"",""v"":""344.4"",""p"":""0.40749""}"
2026-09-18T01:10:38.418640Z,1789693838168,LSKUSDT,Buy,12166.2,0.40683,"{""T"":1789693838168,""s"":""LSKUSDT"",""S"":""Buy"",""v"":""12166.2"",""p"":""0.40683""}"
2026-09-18T01:10:38.918754Z,1789693838418,LSKUSDT,Buy,13.8,0.40662,"{""T"":1789693838418,""s"":""LSKUSDT"",""S"":""Buy"",""v"":""13.8"",""p"":""0.40662""}"
2026-09-18T01:10:38.918754Z,1789693838696,LSKUSDT,Buy,109.4,0.40659,"{""T"":1789693838696,""s"":""LSKUSDT"",""S"":""Buy"",""v"":""109.4"",""p"":""0.40659""}"
2026-09-18T01:10:41.418815Z,1789693840841,LSKUSDT,Buy,32.4,0.40625,"{""T"":1789693840841,""s"":""LSKUSDT"",""S"":""Buy"",""v"":""32.4"",""p"":""0.40625""}"
2026-09-18T01:10:43.324159Z,1789693843020,HYPEUSDT,Sell,6.14,87.490,"{""T"":1789693843020,""s"":""HYPEUSDT"",""S"":""Sell"",""v"":""6.14"",""p"":""87.490""}"
2026-09-18T01:12:31.568603Z,1789693951180,BNBUSDT,Sell,0.12,744.80,"{""T"":1789693951180,""s"":""BNBUSDT"",""S"":""Sell"",""v"":""0.12"",""p"":""744.80""}"
2026-09-18T01:13:07.013883Z,1789693986767,COTIUSDT,Sell,61898,0.024144,"{""T"":1789693986767,""s"":""COTIUSDT"",""S"":""Sell"",""v"":""61898"",""p"":""0.024144""}"
2026-09-18T01:13:09.827040Z,1789693989555,TRUMPUSDT,Sell,2582.6,1.992,"{""T"":1789693989555,""s"":""TRUMPUSDT"",""S"":""Sell"",""v"":""2582.6"",""p"":""1.992""}"
2026-09-18T01:13:30.017504Z,1789694009700,NEARUSDT,Buy,27.9,3.1430,"{""T"":1789694009700,""s"":""NEARUSDT"",""S"":""Buy"",""v"":""27.9"",""p"":""3.1430""}"
2026-09-18T01:14:01.838979Z,1789694041674,ONDOUSDT,Sell,20,0.3871,"{""T"":1789694041674,""s"":""ONDOUSDT"",""S"":""Sell"",""v"":""20"",""p"":""0.3871""}"
2026-09-18T01:14:02.064318Z,1789694041674,BNBUSDT,Sell,0.02,746.00,"{""T"":1789694041674,""s"":""BNBUSDT"",""S"":""Sell"",""v"":""0.02"",""p"":""746.00""}"
2026-09-18T01:14:02.064843Z,1789694041674,XMRUSDT,Buy,0.04,511.53,"{""T"":1789694041674,""s"":""XMRUSDT"",""S"":""Buy"",""v"":""0.04"",""p"":""511.53""}"
2026-09-18T01:14:13.410952Z,1789694052983,LSKUSDT,Sell,14.3,0.43818,"{""T"":1789694052983,""s"":""LSKUSDT"",""S"":""Sell"",""v"":""14.3"",""p"":""0.43818""}"
2026-09-18T01:15:10.909914Z,1789694110386,KORUUSDT,Buy,20.00,19.52,"{""T"":1789694110386,""s"":""KORUUSDT"",""S"":""Buy"",""v"":""20.00"",""p"":""19.52""}"
2026-09-18T01:16:02.998425Z,1789694162903,COTIUSDT,Buy,71751,0.023177,"{""T"":1789694162903,""s"":""COTIUSDT"",""S"":""Buy"",""v"":""71751"",""p"":""0.023177""}"
2026-09-18T01:16:25.021632Z,1789694184526,NEARUSDT,Buy,2.3,3.1390,"{""T"":1789694184526,""s"":""NEARUSDT"",""S"":""Buy"",""v"":""2.3"",""p"":""3.1390""}"
2026-09-18T01:16:39.499325Z,1789694198932,COTIUSDT,Buy,2269,0.023095,"{""T"":1789694198932,""s"":""COTIUSDT"",""S"":""Buy"",""v"":""2269"",""p"":""0.023095""}"
2026-09-18T01:16:40.998558Z,1789694200550,COTIUSDT,Buy,1338,0.022995,"{""T"":1789694200550,""s"":""COTIUSDT"",""S"":""Buy"",""v"":""1338"",""p"":""0.022995""}"
2026-09-18T01:17:55.861631Z,1789694275345,APTUSDT,Sell,621.84,0.6162,"{""T"":1789694275345,""s"":""APTUSDT"",""S"":""Sell"",""v"":""621.84"",""p"":""0.6162""}"
2026-09-18T01:18:05.415519Z,1789694285220,ADAUSDT,Sell,7889,0.2076,"{""T"":1789694285220,""s"":""ADAUSDT"",""S"":""Sell"",""v"":""7889"",""p"":""0.2076""}"
2026-09-18T01:19:05.998302Z,1789694345824,COTIUSDT,Buy,941,0.022909,"{""T"":1789694345824,""s"":""COTIUSDT"",""S"":""Buy"",""v"":""941"",""p"":""0.022909""}"
2026-09-18T01:19:07.498037Z,1789694347127,COTIUSDT,Buy,1839,0.022845,"{""T"":1789694347127,""s"":""COTIUSDT"",""S"":""Buy"",""v"":""1839"",""p"":""0.022845""}"
2026-09-18T01:19:07.498037Z,1789694347157,COTIUSDT,Buy,21393,0.022836,"{""T"":1789694347157,""s"":""COTIUSDT"",""S"":""Buy"",""v"":""21393"",""p"":""0.022836""}"
2026-09-18T01:19:11.518042Z,1789694351292,NEARUSDT,Sell,126.7,3.2200,"{""T"":1789694351292,""s"":""NEARUSDT"",""S"":""Sell"",""v"":""126.7"",""p"":""3.2200""}"
2026-09-18T01:19:16.517418Z,1789694355949,NEARUSDT,Sell,59.1,3.2210,"{""T"":1789694355949,""s"":""NEARUSDT"",""S"":""Sell"",""v"":""59.1"",""p"":""3.2210""}"
2026-09-18T01:19:17.517243Z,1789694357244,NEARUSDT,Sell,388.5,3.2230,"{""T"":1789694357244,""s"":""NEARUSDT"",""S"":""Sell"",""v"":""388.5"",""p"":""3.2230""}"
2026-09-18T01:19:17.517243Z,1789694357262,NEARUSDT,Sell,2514.8,3.2240,"{""T"":1789694357262,""s"":""NEARUSDT"",""S"":""Sell"",""v"":""2514.8"",""p"":""3.2240""}"
2026-09-18T01:19:21.360986Z,1789694361258,WLDUSDT,Sell,621.0,0.3933,"{""T"":1789694361258,""s"":""WLDUSDT"",""S"":""Sell"",""v"":""621.0"",""p"":""0.3933""}"
2026-09-18T01:19:36.017815Z,1789694375722,NEARUSDT,Sell,9.5,3.2280,"{""T"":1789694375722,""s"":""NEARUSDT"",""S"":""Sell"",""v"":""9.5"",""p"":""3.2280""}"
2026-09-18T01:19:39.017506Z,1789694378492,NEARUSDT,Sell,112.0,3.2300,"{""T"":1789694378492,""s"":""NEARUSDT"",""S"":""Sell"",""v"":""112.0"",""p"":""3.2300""}"
2026-09-18T01:19:39.518046Z,1789694379052,NEARUSDT,Sell,104.2,3.2280,"{""T"":1789694379052,""s"":""NEARUSDT"",""S"":""Sell"",""v"":""104.2"",""p"":""3.2280""}"
2026-09-18T01:19:39.518046Z,1789694379100,NEARUSDT,Sell,401.9,3.2300,"{""T"":1789694379100,""s"":""NEARUSDT"",""S"":""Sell"",""v"":""401.9"",""p"":""3.2300""}"
2026-09-18T01:19:42.518029Z,1789694382211,NEARUSDT,Sell,73.7,3.2310,"{""T"":1789694382211,""s"":""NEARUSDT"",""S"":""Sell"",""v"":""73.7"",""p"":""3.2310""}"
2026-09-18T01:19:42.518029Z,1789694382260,NEARUSDT,Sell,27.4,3.2320,"{""T"":1789694382260,""s"":""NEARUSDT"",""S"":""Sell"",""v"":""27.4"",""p"":""3.2320""}"
2026-09-18T01:19:43.415988Z,1789694383286,DOGEUSDT,Sell,62,0.08265,"{""T"":1789694383286,""s"":""DOGEUSDT"",""S"":""Sell"",""v"":""62"",""p"":""0.08265""}"
2026-09-18T01:19:52.909906Z,1789694392625,LSKUSDT,Buy,83.4,0.41778,"{""T"":1789694392625,""s"":""LSKUSDT"",""S"":""Buy"",""v"":""83.4"",""p"":""0.41778""}"
2026-09-18T01:20:29.064692Z,1789694428714,SOLUSDT,Sell,0.6,102.230,"{""T"":1789694428714,""s"":""SOLUSDT"",""S"":""Sell"",""v"":""0.6"",""p"":""102.230""}"
2026-09-18T01:20:33.517829Z,1789694433148,NEARUSDT,Sell,67.0,3.2380,"{""T"":1789694433148,""s"":""NEARUSDT"",""S"":""Sell"",""v"":""67.0"",""p"":""3.2380""}"
2026-09-18T01:20:33.831090Z,1789694433699,4STOCKUSDT,Buy,10000,0.00801,"{""T"":1789694433699,""s"":""4STOCKUSDT"",""S"":""Buy"",""v"":""10000"",""p"":""0.00801""}"
2026-09-18T01:20:33.910851Z,1789694433699,LSKUSDT,Buy,500.0,0.41674,"{""T"":1789694433699,""s"":""LSKUSDT"",""S"":""Buy"",""v"":""500.0"",""p"":""0.41674""}"
2026-09-18T01:20:34.018028Z,1789694433699,NEARUSDT,Sell,600.0,3.2360,"{""T"":1789694433699,""s"":""NEARUSDT"",""S"":""Sell"",""v"":""600.0"",""p"":""3.2360""}"
2026-09-18T01:20:34.018028Z,1789694433815,NEARUSDT,Sell,3268.0,3.2350,"{""T"":1789694433815,""s"":""NEARUSDT"",""S"":""Sell"",""v"":""3268.0"",""p"":""3.2350""}"
2026-09-18T01:20:34.068163Z,1789694433699,BTCUSDT,Sell,0.020,76839.20,"{""T"":1789694433699,""s"":""BTCUSDT"",""S"":""Sell"",""v"":""0.020"",""p"":""76839.20""}"
2026-09-18T01:20:34.815255Z,1789694434602,HYPEUSDT,Sell,19.19,87.460,"{""T"":1789694434602,""s"":""HYPEUSDT"",""S"":""Sell"",""v"":""19.19"",""p"":""87.460""}"
2026-09-18T01:20:34.849350Z,1789694434603,UAIUSDT,Sell,771,0.43170,"{""T"":1789694434603,""s"":""UAIUSDT"",""S"":""Sell"",""v"":""771"",""p"":""0.43170""}"
2026-09-18T01:20:34.957509Z,1789694434603,ETHUSDT,Sell,0.60,2458.88,"{""T"":1789694434603,""s"":""ETHUSDT"",""S"":""Sell"",""v"":""0.60"",""p"":""2458.88""}"
2026-09-18T01:20:35.017053Z,1789694434602,NEARUSDT,Sell,274.3,3.2370,"{""T"":1789694434602,""s"":""NEARUSDT"",""S"":""Sell"",""v"":""274.3"",""p"":""3.2370""}"
2026-09-18T01:20:35.064381Z,1789694434602,SOLUSDT,Sell,15.5,102.260,"{""T"":1789694434602,""s"":""SOLUSDT"",""S"":""Sell"",""v"":""15.5"",""p"":""102.260""}"
2026-09-18T01:20:35.067299Z,1789694434602,BTCUSDT,Sell,0.018,76840.60,"{""T"":1789694434602,""s"":""BTCUSDT"",""S"":""Sell"",""v"":""0.018"",""p"":""76840.60""}"
2026-09-18T01:20:36.065142Z,1789694435763,SOLUSDT,Sell,0.3,102.280,"{""T"":1789694435763,""s"":""SOLUSDT"",""S"":""Sell"",""v"":""0.3"",""p"":""102.280""}"
2026-09-18T01:20:40.860996Z,1789694440419,WLDUSDT,Sell,845.4,0.3947,"{""T"":1789694440419,""s"":""WLDUSDT"",""S"":""Sell"",""v"":""845.4"",""p"":""0.3947""}"
2026-09-18T01:20:47.326421Z,1789694446812,ENAUSDT,Sell,77,0.15887,"{""T"":1789694446812,""s"":""ENAUSDT"",""S"":""Sell"",""v"":""77"",""p"":""0.15887""}"
2026-09-18T01:20:47.498152Z,1789694447393,LINKUSDT,Sell,432.4,11.547,"{""T"":1789694447393,""s"":""LINKUSDT"",""S"":""Sell"",""v"":""432.4"",""p"":""11.547""}"
2026-09-18T01:20:47.860953Z,1789694447623,WLDUSDT,Sell,110.8,0.3951,"{""T"":1789694447623,""s"":""WLDUSDT"",""S"":""Sell"",""v"":""110.8"",""p"":""0.3951""}"
2026-09-18T01:20:51.915679Z,1789694451811,1000PEPEUSDT,Sell,4700,0.0036910,"{""T"":1789694451811,""s"":""1000PEPEUSDT"",""S"":""Sell"",""v"":""4700"",""p"":""0.0036910""}"
2026-09-18T01:21:01.909828Z,1789694461330,LSKUSDT,Buy,222.4,0.41382,"{""T"":1789694461330,""s"":""LSKUSDT"",""S"":""Buy"",""v"":""222.4"",""p"":""0.41382""}"
2026-09-18T01:21:04.017986Z,1789694463637,NEARUSDT,Sell,452.4,3.2420,"{""T"":1789694463637,""s"":""NEARUSDT"",""S"":""Sell"",""v"":""452.4"",""p"":""3.2420""}"
2026-09-18T01:21:06.814733Z,1789694466662,TRUMPUSDT,Sell,255.6,2.001,"{""T"":1789694466662,""s"":""TRUMPUSDT"",""S"":""Sell"",""v"":""255.6"",""p"":""2.001""}"
2026-09-18T01:21:06.998033Z,1789694466662,PENGUUSDT,Sell,102950,0.007400,"{""T"":1789694466662,""s"":""PENGUUSDT"",""S"":""Sell"",""v"":""102950"",""p"":""0.007400""}"
2026-09-18T01:21:09.564823Z,1789694469440,SOLUSDT,Sell,2.7,102.340,"{""T"":1789694469440,""s"":""SOLUSDT"",""S"":""Sell"",""v"":""2.7"",""p"":""102.340""}"
2026-09-18T01:21:13.360721Z,1789694472901,APTUSDT,Sell,32.10,0.6192,"{""T"":1789694472901,""s"":""APTUSDT"",""S"":""Sell"",""v"":""32.10"",""p"":""0.6192""}"
2026-09-18T01:21:35.416210Z,1789694495070,UNIUSDT,Sell,41.6,7.881,"{""T"":1789694495070,""s"":""UNIUSDT"",""S"":""Sell"",""v"":""41.6"",""p"":""7.881""}"
2026-09-18T01:21:42.909465Z,1789694502491,LSKUSDT,Buy,64.6,0.40632,"{""T"":1789694502491,""s"":""LSKUSDT"",""S"":""Buy"",""v"":""64.6"",""p"":""0.40632""}"
2026-09-18T01:21:42.909465Z,1789694502550,LSKUSDT,Buy,520.5,0.40693,"{""T"":1789694502550,""s"":""LSKUSDT"",""S"":""Buy"",""v"":""520.5"",""p"":""0.40693""}"
2026-09-18T01:21:43.909354Z,1789694503812,LSKUSDT,Buy,120.0,0.40585,"{""T"":1789694503812,""s"":""LSKUSDT"",""S"":""Buy"",""v"":""120.0"",""p"":""0.40585""}"
2026-09-18T01:21:44.409278Z,1789694503946,LSKUSDT,Buy,4802.9,0.40549,"{""T"":1789694503946,""s"":""LSKUSDT"",""S"":""Buy"",""v"":""4802.9"",""p"":""0.40549""}"
2026-09-18T01:22:03.409746Z,1789694523165,LSKUSDT,Buy,15.0,0.40590,"{""T"":1789694523165,""s"":""LSKUSDT"",""S"":""Buy"",""v"":""15.0"",""p"":""0.40590""}"
2026-09-18T01:22:03.909482Z,1789694523667,LSKUSDT,Buy,516.7,0.40491,"{""T"":1789694523667,""s"":""LSKUSDT"",""S"":""Buy"",""v"":""516.7"",""p"":""0.40491""}"
2026-09-18T01:22:04.909269Z,1789694524506,LSKUSDT,Buy,11462.2,0.40437,"{""T"":1789694524506,""s"":""LSKUSDT"",""S"":""Buy"",""v"":""11462.2"",""p"":""0.40437""}"
2026-09-18T01:22:05.409196Z,1789694524907,LSKUSDT,Buy,58.2,0.40471,"{""T"":1789694524907,""s"":""LSKUSDT"",""S"":""Buy"",""v"":""58.2"",""p"":""0.40471""}"
2026-09-18T01:22:06.409286Z,1789694525901,LSKUSDT,Buy,2498.8,0.40305,"{""T"":1789694525901,""s"":""LSKUSDT"",""S"":""Buy"",""v"":""2498.8"",""p"":""0.40305""}"
2026-09-18T01:22:06.409286Z,1789694526143,LSKUSDT,Buy,85.4,0.40258,"{""T"":1789694526143,""s"":""LSKUSDT"",""S"":""Buy"",""v"":""85.4"",""p"":""0.40258""}"
2026-09-18T01:22:06.409286Z,1789694526151,LSKUSDT,Buy,542.0,0.40230,"{""T"":1789694526151,""s"":""LSKUSDT"",""S"":""Buy"",""v"":""542.0"",""p"":""0.40230""}"
2026-09-18T01:22:06.909049Z,1789694526373,LSKUSDT,Buy,79.6,0.40225,"{""T"":1789694526373,""s"":""LSKUSDT"",""S"":""Buy"",""v"":""79.6"",""p"":""0.40225""}"
2026-09-18T01:22:06.909049Z,1789694526815,LSKUSDT,Buy,6.0,0.40230,"{""T"":1789694526815,""s"":""LSKUSDT"",""S"":""Buy"",""v"":""6.0"",""p"":""0.40230""}"
2026-09-18T01:22:07.409717Z,1789694526909,LSKUSDT,Buy,60.2,0.40212,"{""T"":1789694526909,""s"":""LSKUSDT"",""S"":""Buy"",""v"":""60.2"",""p"":""0.40212""}"
2026-09-18T01:22:07.409717Z,1789694527214,LSKUSDT,Buy,353.5,0.40138,"{""T"":1789694527214,""s"":""LSKUSDT"",""S"":""Buy"",""v"":""353.5"",""p"":""0.40138""}"
2026-09-18T01:22:07.909974Z,1789694527605,LSKUSDT,Buy,613.1,0.40138,"{""T"":1789694527605,""s"":""LSKUSDT"",""S"":""Buy"",""v"":""613.1"",""p"":""0.40138""}"
2026-09-18T01:22:08.909232Z,1789694528585,LSKUSDT,Buy,1.8,0.40076,"{""T"":1789694528585,""s"":""LSKUSDT"",""S"":""Buy"",""v"":""1.8"",""p"":""0.40076""}"
2026-09-18T01:22:08.909232Z,1789694528726,LSKUSDT,Buy,100.7,0.40080,"{""T"":1789694528726,""s"":""LSKUSDT"",""S"":""Buy"",""v"":""100.7"",""p"":""0.40080""}"
2026-09-18T01:22:09.409379Z,1789694529068,LSKUSDT,Buy,121.3,0.40118,"{""T"":1789694529068,""s"":""LSKUSDT"",""S"":""Buy"",""v"":""121.3"",""p"":""0.40118""}"
2026-09-18T01:22:09.409379Z,1789694529167,LSKUSDT,Buy,6185.5,0.40027,"{""T"":1789694529167,""s"":""LSKUSDT"",""S"":""Buy"",""v"":""6185.5"",""p"":""0.40027""}"
2026-09-18T01:22:16.409551Z,1789694536143,LSKUSDT,Buy,440.3,0.39972,"{""T"":1789694536143,""s"":""LSKUSDT"",""S"":""Buy"",""v"":""440.3"",""p"":""0.39972""}"
2026-09-18T01:22:16.409551Z,1789694536195,LSKUSDT,Buy,717.4,0.39977,"{""T"":1789694536195,""s"":""LSKUSDT"",""S"":""Buy"",""v"":""717.4"",""p"":""0.39977""}"
2026-09-18T01:22:16.409551Z,1789694536232,LSKUSDT,Buy,264.7,0.39962,"{""T"":1789694536232,""s"":""LSKUSDT"",""S"":""Buy"",""v"":""264.7"",""p"":""0.39962""}"
2026-09-18T01:22:16.909813Z,1789694536539,LSKUSDT,Buy,221.2,0.40004,"{""T"":1789694536539,""s"":""LSKUSDT"",""S"":""Buy"",""v"":""221.2"",""p"":""0.40004""}"
2026-09-18T01:22:16.909813Z,1789694536680,LSKUSDT,Buy,12313.0,0.39975,"{""T"":1789694536680,""s"":""LSKUSDT"",""S"":""Buy"",""v"":""12313.0"",""p"":""0.39975""}"
2026-09-18T01:22:17.409544Z,1789694537141,LSKUSDT,Buy,50.0,0.39737,"{""T"":1789694537141,""s"":""LSKUSDT"",""S"":""Buy"",""v"":""50.0"",""p"":""0.39737""}"
2026-09-18T01:22:17.409544Z,1789694537194,LSKUSDT,Buy,123.3,0.39788,"{""T"":1789694537194,""s"":""LSKUSDT"",""S"":""Buy"",""v"":""123.3"",""p"":""0.39788""}"
2026-09-18T01:22:17.637960Z,1789694537141,AKEUSDT,Buy,300,0.0207320,"{""T"":1789694537141,""s"":""AKEUSDT"",""S"":""Buy"",""v"":""300"",""p"":""0.0207320""}"
2026-09-18T01:22:17.909607Z,1789694537384,LSKUSDT,Buy,1621.6,0.39873,"{""T"":1789694537384,""s"":""LSKUSDT"",""S"":""Buy"",""v"":""1621.6"",""p"":""0.39873""}"
2026-09-18T01:22:17.909607Z,1789694537385,LSKUSDT,Buy,14867.0,0.39894,"{""T"":1789694537385,""s"":""LSKUSDT"",""S"":""Buy"",""v"":""14867.0"",""p"":""0.39894""}"
2026-09-18T01:22:17.909607Z,1789694537496,LSKUSDT,Buy,6.3,0.39706,"{""T"":1789694537496,""s"":""LSKUSDT"",""S"":""Buy"",""v"":""6.3"",""p"":""0.39706""}"
2026-09-18T01:22:17.909607Z,1789694537550,LSKUSDT,Buy,2299.0,0.39759,"{""T"":1789694537550,""s"":""LSKUSDT"",""S"":""Buy"",""v"":""2299.0"",""p"":""0.39759""}"
2026-09-18T01:22:17.909607Z,1789694537571,LSKUSDT,Buy,4458.8,0.39847,"{""T"":1789694537571,""s"":""LSKUSDT"",""S"":""Buy"",""v"":""4458.8"",""p"":""0.39847""}"
2026-09-18T01:22:17.909607Z,1789694537627,LSKUSDT,Buy,96.5,0.39902,"{""T"":1789694537627,""s"":""LSKUSDT"",""S"":""Buy"",""v"":""96.5"",""p"":""0.39902""}"
2026-09-18T01:22:17.909607Z,1789694537719,LSKUSDT,Buy,5164.8,0.39725,"{""T"":1789694537719,""s"":""LSKUSDT"",""S"":""Buy"",""v"":""5164.8"",""p"":""0.39725""}"
2026-09-18T01:22:17.909607Z,1789694537719,LSKUSDT,Buy,36.7,0.39898,"{""T"":1789694537719,""s"":""LSKUSDT"",""S"":""Buy"",""v"":""36.7"",""p"":""0.39898""}"
2026-09-18T01:22:17.909607Z,1789694537729,LSKUSDT,Buy,125.6,0.39739,"{""T"":1789694537729,""s"":""LSKUSDT"",""S"":""Buy"",""v"":""125.6"",""p"":""0.39739""}"
2026-09-18T01:22:17.909607Z,1789694537731,LSKUSDT,Buy,144.9,0.39853,"{""T"":1789694537731,""s"":""LSKUSDT"",""S"":""Buy"",""v"":""144.9"",""p"":""0.39853""}"
2026-09-18T01:22:18.067722Z,1789694537729,BTCUSDT,Buy,0.003,76323.30,"{""T"":1789694537729,""s"":""BTCUSDT"",""S"":""Buy"",""v"":""0.003"",""p"":""76323.30""}"
2026-09-18T01:22:18.409088Z,1789694537926,LSKUSDT,Buy,250.9,0.39911,"{""T"":1789694537926,""s"":""LSKUSDT"",""S"":""Buy"",""v"":""250.9"",""p"":""0.39911""}"
2026-09-18T01:22:20.409499Z,1789694540053,LSKUSDT,Buy,1030.1,0.39639,"{""T"":1789694540053,""s"":""LSKUSDT"",""S"":""Buy"",""v"":""1030.1"",""p"":""0.39639""}"
2026-09-18T01:22:20.409499Z,1789694540094,LSKUSDT,Buy,26.4,0.39598,"{""T"":1789694540094,""s"":""LSKUSDT"",""S"":""Buy"",""v"":""26.4"",""p"":""0.39598""}"
2026-09-18T01:22:20.909182Z,1789694540355,LSKUSDT,Buy,17475.7,0.39645,"{""T"":1789694540355,""s"":""LSKUSDT"",""S"":""Buy"",""v"":""17475.7"",""p"":""0.39645""}"
2026-09-18T01:22:20.909182Z,1789694540365,LSKUSDT,Buy,34.2,0.39700,"{""T"":1789694540365,""s"":""LSKUSDT"",""S"":""Buy"",""v"":""34.2"",""p"":""0.39700""}"
2026-09-18T01:22:20.909182Z,1789694540727,LSKUSDT,Buy,890.6,0.39682,"{""T"":1789694540727,""s"":""LSKUSDT"",""S"":""Buy"",""v"":""890.6"",""p"":""0.39682""}"
2026-09-18T01:22:21.409243Z,1789694540915,LSKUSDT,Buy,834.6,0.39596,"{""T"":1789694540915,""s"":""LSKUSDT"",""S"":""Buy"",""v"":""834.6"",""p"":""0.39596""}"
2026-09-18T01:22:21.409243Z,1789694541015,LSKUSDT,Buy,399.8,0.39565,"{""T"":1789694541015,""s"":""LSKUSDT"",""S"":""Buy"",""v"":""399.8"",""p"":""0.39565""}"
2026-09-18T01:22:21.409243Z,1789694541265,LSKUSDT,Buy,2528.1,0.39517,"{""T"":1789694541265,""s"":""LSKUSDT"",""S"":""Buy"",""v"":""2528.1"",""p"":""0.39517""}"
2026-09-18T01:22:21.909268Z,1789694541799,LSKUSDT,Buy,3000.0,0.39530,"{""T"":1789694541799,""s"":""LSKUSDT"",""S"":""Buy"",""v"":""3000.0"",""p"":""0.39530""}"
2026-09-18T01:22:22.339758Z,1789694541799,XRPUSDT,Sell,200.0,1.3080,"{""T"":1789694541799,""s"":""XRPUSDT"",""S"":""Sell"",""v"":""200.0"",""p"":""1.3080""}"
2026-09-18T01:22:22.409364Z,1789694541849,LSKUSDT,Buy,637.8,0.39511,"{""T"":1789694541849,""s"":""LSKUSDT"",""S"":""Buy"",""v"":""637.8"",""p"":""0.39511""}"
2026-09-18T01:22:22.409364Z,1789694541888,LSKUSDT,Buy,3645.4,0.39510,"{""T"":1789694541888,""s"":""LSKUSDT"",""S"":""Buy"",""v"":""3645.4"",""p"":""0.39510""}"
2026-09-18T01:22:24.909463Z,1789694544709,LSKUSDT,Buy,400.2,0.39436,"{""T"":1789694544709,""s"":""LSKUSDT"",""S"":""Buy"",""v"":""400.2"",""p"":""0.39436""}"
2026-09-18T01:22:41.409191Z,1789694561096,LSKUSDT,Buy,281.2,0.39367,"{""T"":1789694561096,""s"":""LSKUSDT"",""S"":""Buy"",""v"":""281.2"",""p"":""0.39367""}"
2026-09-18T01:22:50.909288Z,1789694570649,LSKUSDT,Buy,2415.0,0.39341,"{""T"":1789694570649,""s"":""LSKUSDT"",""S"":""Buy"",""v"":""2415.0"",""p"":""0.39341""}"
2026-09-18T01:22:51.409283Z,1789694571209,LSKUSDT,Buy,7700.0,0.39327,"{""T"":1789694571209,""s"":""LSKUSDT"",""S"":""Buy"",""v"":""7700.0"",""p"":""0.39327""}"
2026-09-18T01:22:52.409195Z,1789694571882,LSKUSDT,Buy,56.3,0.39321,"{""T"":1789694571882,""s"":""LSKUSDT"",""S"":""Buy"",""v"":""56.3"",""p"":""0.39321""}"
2026-09-18T01:22:52.909267Z,1789694572673,LSKUSDT,Buy,855.1,0.39187,"{""T"":1789694572673,""s"":""LSKUSDT"",""S"":""Buy"",""v"":""855.1"",""p"":""0.39187""}"
2026-09-18T01:22:53.314834Z,1789694573132,HYPEUSDT,Sell,14.97,87.380,"{""T"":1789694573132,""s"":""HYPEUSDT"",""S"":""Sell"",""v"":""14.97"",""p"":""87.380""}"
2026-09-18T01:22:53.409338Z,1789694572983,LSKUSDT,Buy,200.0,0.39258,"{""T"":1789694572983,""s"":""LSKUSDT"",""S"":""Buy"",""v"":""200.0"",""p"":""0.39258""}"
2026-09-18T01:22:53.409338Z,1789694573068,LSKUSDT,Buy,248.0,0.39117,"{""T"":1789694573068,""s"":""LSKUSDT"",""S"":""Buy"",""v"":""248.0"",""p"":""0.39117""}"
2026-09-18T01:22:53.409338Z,1789694573132,LSKUSDT,Buy,12238.1,0.39125,"{""T"":1789694573132,""s"":""LSKUSDT"",""S"":""Buy"",""v"":""12238.1"",""p"":""0.39125""}"
2026-09-18T01:22:53.909175Z,1789694573397,LSKUSDT,Buy,697.0,0.39117,"{""T"":1789694573397,""s"":""LSKUSDT"",""S"":""Buy"",""v"":""697.0"",""p"":""0.39117""}"
2026-09-18T01:22:53.909175Z,1789694573650,LSKUSDT,Buy,1840.7,0.39085,"{""T"":1789694573650,""s"":""LSKUSDT"",""S"":""Buy"",""v"":""1840.7"",""p"":""0.39085""}"
2026-09-18T01:23:00.409282Z,1789694580297,LSKUSDT,Buy,201.5,0.38978,"{""T"":1789694580297,""s"":""LSKUSDT"",""S"":""Buy"",""v"":""201.5"",""p"":""0.38978""}"
2026-09-18T01:23:00.909801Z,1789694580366,LSKUSDT,Buy,27.6,0.38915,"{""T"":1789694580366,""s"":""LSKUSDT"",""S"":""Buy"",""v"":""27.6"",""p"":""0.38915""}"
2026-09-18T01:23:00.909801Z,1789694580445,LSKUSDT,Buy,949.9,0.39003,"{""T"":1789694580445,""s"":""LSKUSDT"",""S"":""Buy"",""v"":""949.9"",""p"":""0.39003""}"
2026-09-18T01:23:00.909801Z,1789694580682,LSKUSDT,Buy,1289.9,0.38956,"{""T"":1789694580682,""s"":""LSKUSDT"",""S"":""Buy"",""v"":""1289.9"",""p"":""0.38956""}"
2026-09-18T01:23:00.909801Z,1789694580696,LSKUSDT,Buy,74.4,0.38895,"{""T"":1789694580696,""s"":""LSKUSDT"",""S"":""Buy"",""v"":""74.4"",""p"":""0.38895""}"
2026-09-18T01:23:00.909801Z,1789694580797,LSKUSDT,Buy,153.7,0.39033,"{""T"":1789694580797,""s"":""LSKUSDT"",""S"":""Buy"",""v"":""153.7"",""p"":""0.39033""}"
2026-09-18T01:23:05.498650Z,1789694585190,COTIUSDT,Buy,1060,0.022770,"{""T"":1789694585190,""s"":""COTIUSDT"",""S"":""Buy"",""v"":""1060"",""p"":""0.022770""}"
2026-09-18T01:23:06.409104Z,1789694586142,LSKUSDT,Buy,62.8,0.38850,"{""T"":1789694586142,""s"":""LSKUSDT"",""S"":""Buy"",""v"":""62.8"",""p"":""0.38850""}"
2026-09-18T01:23:06.909462Z,1789694586556,LSKUSDT,Buy,18.2,0.38836,"{""T"":1789694586556,""s"":""LSKUSDT"",""S"":""Buy"",""v"":""18.2"",""p"":""0.38836""}"
2026-09-18T01:23:10.998055Z,1789694590476,COTIUSDT,Buy,908,0.022761,"{""T"":1789694590476,""s"":""COTIUSDT"",""S"":""Buy"",""v"":""908"",""p"":""0.022761""}"
2026-09-18T01:23:14.998359Z,1789694594415,COTIUSDT,Buy,2031,0.022729,"{""T"":1789694594415,""s"":""COTIUSDT"",""S"":""Buy"",""v"":""2031"",""p"":""0.022729""}"
2026-09-18T01:23:16.998493Z,1789694596450,COTIUSDT,Buy,1271,0.022703,"{""T"":1789694596450,""s"":""COTIUSDT"",""S"":""Buy"",""v"":""1271"",""p"":""0.022703""}"
2026-09-18T01:23:17.998418Z,1789694597750,COTIUSDT,Buy,23022,0.022691,"{""T"":1789694597750,""s"":""COTIUSDT"",""S"":""Buy"",""v"":""23022"",""p"":""0.022691""}"
2026-09-18T01:23:18.998525Z,1789694598717,COTIUSDT,Buy,18427,0.022656,"{""T"":1789694598717,""s"":""COTIUSDT"",""S"":""Buy"",""v"":""18427"",""p"":""0.022656""}"
2026-09-18T01:23:37.410135Z,1789694616983,LSKUSDT,Buy,2699.9,0.38757,"{""T"":1789694616983,""s"":""LSKUSDT"",""S"":""Buy"",""v"":""2699.9"",""p"":""0.38757""}"
2026-09-18T01:23:37.410135Z,1789694617072,LSKUSDT,Buy,323.6,0.38780,"{""T"":1789694617072,""s"":""LSKUSDT"",""S"":""Buy"",""v"":""323.6"",""p"":""0.38780""}"
2026-09-18T01:23:39.349306Z,1789694619197,MARSCOINUSDT,Buy,17670,0.11431,"{""T"":1789694619197,""s"":""MARSCOINUSDT"",""S"":""Buy"",""v"":""17670"",""p"":""0.11431""}"
2026-09-18T01:23:39.409212Z,1789694619197,LSKUSDT,Buy,8523.7,0.38703,"{""T"":1789694619197,""s"":""LSKUSDT"",""S"":""Buy"",""v"":""8523.7"",""p"":""0.38703""}"
2026-09-18T01:23:39.909224Z,1789694619515,LSKUSDT,Buy,996.7,0.38703,"{""T"":1789694619515,""s"":""LSKUSDT"",""S"":""Buy"",""v"":""996.7"",""p"":""0.38703""}"
2026-09-18T01:23:40.909063Z,1789694620407,LSKUSDT,Buy,282.5,0.38540,"{""T"":1789694620407,""s"":""LSKUSDT"",""S"":""Buy"",""v"":""282.5"",""p"":""0.38540""}"
2026-09-18T01:23:40.909063Z,1789694620421,LSKUSDT,Buy,76.6,0.38575,"{""T"":1789694620421,""s"":""LSKUSDT"",""S"":""Buy"",""v"":""76.6"",""p"":""0.38575""}"
2026-09-18T01:23:40.909063Z,1789694620676,LSKUSDT,Buy,248.3,0.38614,"{""T"":1789694620676,""s"":""LSKUSDT"",""S"":""Buy"",""v"":""248.3"",""p"":""0.38614""}"
2026-09-18T01:23:41.409393Z,1789694620905,LSKUSDT,Buy,106.9,0.38657,"{""T"":1789694620905,""s"":""LSKUSDT"",""S"":""Buy"",""v"":""106.9"",""p"":""0.38657""}"
2026-09-18T01:24:34.913051Z,1789694674789,LSKUSDT,Sell,8761.4,0.41390,"{""T"":1789694674789,""s"":""LSKUSDT"",""S"":""Sell"",""v"":""8761.4"",""p"":""0.41390""}"
2026-09-18T01:25:35.330256Z,1789694734785,CROSSUSDT,Buy,546,0.16363,"{""T"":1789694734785,""s"":""CROSSUSDT"",""S"":""Buy"",""v"":""546"",""p"":""0.16363""}"
2026-09-18T01:25:35.831317Z,1789694735708,CROSSUSDT,Buy,36,0.16290,"{""T"":1789694735708,""s"":""CROSSUSDT"",""S"":""Buy"",""v"":""36"",""p"":""0.16290""}"
2026-09-18T01:25:36.331016Z,1789694736101,CROSSUSDT,Buy,1131,0.16255,"{""T"":1789694736101,""s"":""CROSSUSDT"",""S"":""Buy"",""v"":""1131"",""p"":""0.16255""}"
2026-09-18T01:25:50.846360Z,1789694750402,CROSSUSDT,Buy,1678,0.16175,"{""T"":1789694750402,""s"":""CROSSUSDT"",""S"":""Buy"",""v"":""1678"",""p"":""0.16175""}"
2026-09-18T01:25:50.846360Z,1789694750620,CROSSUSDT,Buy,2176,0.16160,"{""T"":1789694750620,""s"":""CROSSUSDT"",""S"":""Buy"",""v"":""2176"",""p"":""0.16160""}"
2026-09-18T01:26:02.851385Z,1789694762445,ONDOUSDT,Sell,238,0.3907,"{""T"":1789694762445,""s"":""ONDOUSDT"",""S"":""Sell"",""v"":""238"",""p"":""0.3907""}"
2026-09-18T01:26:03.351277Z,1789694762846,ONDOUSDT,Sell,50839,0.3908,"{""T"":1789694762846,""s"":""ONDOUSDT"",""S"":""Sell"",""v"":""50839"",""p"":""0.3908""}"
2026-09-18T01:28:15.425681Z,1789694895205,DOTUSDT,Buy,105.0,1.0788,"{""T"":1789694895205,""s"":""DOTUSDT"",""S"":""Buy"",""v"":""105.0"",""p"":""1.0788""}"
2026-09-18T01:29:01.509254Z,1789694941368,COTIUSDT,Sell,1630,0.023871,"{""T"":1789694941368,""s"":""COTIUSDT"",""S"":""Sell"",""v"":""1630"",""p"":""0.023871""}"
2026-09-18T01:29:22.003638Z,1789694961695,OPUSDT,Sell,3433.0,0.10400,"{""T"":1789694961695,""s"":""OPUSDT"",""S"":""Sell"",""v"":""3433.0"",""p"":""0.10400""}"
2026-09-18T01:29:30.509014Z,1789694970360,FLOCKUSDT,Sell,1414,0.07480,"{""T"":1789694970360,""s"":""FLOCKUSDT"",""S"":""Sell"",""v"":""1414"",""p"":""0.07480""}"
2026-09-18T01:30:12.527758Z,1789695012202,NEARUSDT,Sell,87.4,3.2530,"{""T"":1789695012202,""s"":""NEARUSDT"",""S"":""Sell"",""v"":""87.4"",""p"":""3.2530""}"
2026-09-18T01:30:13.027473Z,1789695012498,NEARUSDT,Sell,200.0,3.2500,"{""T"":1789695012498,""s"":""NEARUSDT"",""S"":""Sell"",""v"":""200.0"",""p"":""3.2500""}"
2026-09-18T01:30:13.027473Z,1789695012916,NEARUSDT,Sell,374.5,3.2510,"{""T"":1789695012916,""s"":""NEARUSDT"",""S"":""Sell"",""v"":""374.5"",""p"":""3.2510""}"
2026-09-18T01:30:13.028053Z,1789695012915,TAOUSDT,Buy,0.297,232.31,"{""T"":1789695012915,""s"":""TAOUSDT"",""S"":""Buy"",""v"":""0.297"",""p"":""232.31""}"
2026-09-18T01:30:13.074151Z,1789695012916,FILUSDT,Buy,24.4,0.8290,"{""T"":1789695012916,""s"":""FILUSDT"",""S"":""Buy"",""v"":""24.4"",""p"":""0.8290""}"
2026-09-18T01:30:13.074559Z,1789695012915,XMRUSDT,Sell,0.02,522.17,"{""T"":1789695012915,""s"":""XMRUSDT"",""S"":""Sell"",""v"":""0.02"",""p"":""522.17""}"
2026-09-18T01:30:13.337132Z,1789695012915,ENAUSDT,Buy,640,0.15642,"{""T"":1789695012915,""s"":""ENAUSDT"",""S"":""Buy"",""v"":""640"",""p"":""0.15642""}"
2026-09-18T01:30:13.337604Z,1789695012915,VVVUSDT,Sell,0.40,25.5670,"{""T"":1789695012915,""s"":""VVVUSDT"",""S"":""Sell"",""v"":""0.40"",""p"":""25.5670""}"
2026-09-18T01:30:13.348833Z,1789695012916,XRPUSDT,Buy,15.2,1.2945,"{""T"":1789695012916,""s"":""XRPUSDT"",""S"":""Buy"",""v"":""15.2"",""p"":""1.2945""}"
2026-09-18T01:30:13.349208Z,1789695012916,LITUSDT,Sell,4.1,4.8440,"{""T"":1789695012916,""s"":""LITUSDT"",""S"":""Sell"",""v"":""4.1"",""p"":""4.8440""}"
2026-09-18T01:30:13.425898Z,1789695012915,ZECUSDT,Sell,0.03,1476.94,"{""T"":1789695012915,""s"":""ZECUSDT"",""S"":""Sell"",""v"":""0.03"",""p"":""1476.94""}"
2026-09-18T01:30:13.426332Z,1789695012915,UNIUSDT,Sell,85.1,7.851,"{""T"":1789695012915,""s"":""UNIUSDT"",""S"":""Sell"",""v"":""85.1"",""p"":""7.851""}"
2026-09-18T01:30:13.509068Z,1789695012916,PENGUUSDT,Buy,6710,0.007332,"{""T"":1789695012916,""s"":""PENGUUSDT"",""S"":""Buy"",""v"":""6710"",""p"":""0.007332""}"
2026-09-18T01:30:24.340364Z,1789695024015,CROSSUSDT,Buy,1665,0.15808,"{""T"":1789695024015,""s"":""CROSSUSDT"",""S"":""Buy"",""v"":""1665"",""p"":""0.15808""}"
2026-09-18T01:31:07.529949Z,1789695067158,NEARUSDT,Sell,1400.0,3.2530,"{""T"":1789695067158,""s"":""NEARUSDT"",""S"":""Sell"",""v"":""1400.0"",""p"":""3.2530""}"
2026-09-18T01:31:22.929355Z,1789695082400,UNIUSDT,Sell,284.6,7.883,"{""T"":1789695082400,""s"":""UNIUSDT"",""S"":""Sell"",""v"":""284.6"",""p"":""7.883""}"
2026-09-18T01:31:39.527457Z,1789695099188,NEARUSDT,Sell,236.4,3.2560,"{""T"":1789695099188,""s"":""NEARUSDT"",""S"":""Sell"",""v"":""236.4"",""p"":""3.2560""}"
2026-09-18T01:31:40.527879Z,1789695100045,NEARUSDT,Sell,11.5,3.2620,"{""T"":1789695100045,""s"":""NEARUSDT"",""S"":""Sell"",""v"":""11.5"",""p"":""3.2620""}"
2026-09-18T01:31:40.527879Z,1789695100381,NEARUSDT,Sell,14.1,3.2620,"{""T"":1789695100381,""s"":""NEARUSDT"",""S"":""Sell"",""v"":""14.1"",""p"":""3.2620""}"
2026-09-18T01:31:41.027203Z,1789695100736,NEARUSDT,Sell,104.1,3.2580,"{""T"":1789695100736,""s"":""NEARUSDT"",""S"":""Sell"",""v"":""104.1"",""p"":""3.2580""}"
2026-09-18T01:31:41.027203Z,1789695100799,NEARUSDT,Sell,164.5,3.2580,"{""T"":1789695100799,""s"":""NEARUSDT"",""S"":""Sell"",""v"":""164.5"",""p"":""3.2580""}"
2026-09-18T01:31:41.527395Z,1789695100967,NEARUSDT,Sell,56.2,3.2600,"{""T"":1789695100967,""s"":""NEARUSDT"",""S"":""Sell"",""v"":""56.2"",""p"":""3.2600""}"
2026-09-18T01:31:41.836625Z,1789695101645,ENAUSDT,Sell,593,0.15995,"{""T"":1789695101645,""s"":""ENAUSDT"",""S"":""Sell"",""v"":""593"",""p"":""0.15995""}"
2026-09-18T01:31:42.425636Z,1789695102002,ZECUSDT,Sell,0.59,1478.05,"{""T"":1789695102002,""s"":""ZECUSDT"",""S"":""Sell"",""v"":""0.59"",""p"":""1478.05""}"
2026-09-18T01:31:42.527068Z,1789695102002,NEARUSDT,Sell,266.2,3.2610,"{""T"":1789695102002,""s"":""NEARUSDT"",""S"":""Sell"",""v"":""266.2"",""p"":""3.2610""}"
2026-09-18T01:31:46.527213Z,1789695106220,NEARUSDT,Sell,15.4,3.2650,"{""T"":1789695106220,""s"":""NEARUSDT"",""S"":""Sell"",""v"":""15.4"",""p"":""3.2650""}"
2026-09-18T01:31:46.527213Z,1789695106393,NEARUSDT,Sell,62.4,3.2670,"{""T"":1789695106393,""s"":""NEARUSDT"",""S"":""Sell"",""v"":""62.4"",""p"":""3.2670""}"
2026-09-18T01:31:46.824372Z,1789695106393,HYPEUSDT,Sell,2.40,87.360,"{""T"":1789695106393,""s"":""HYPEUSDT"",""S"":""Sell"",""v"":""2.40"",""p"":""87.360""}"
2026-09-18T01:31:47.527039Z,1789695106932,NEARUSDT,Sell,11.0,3.2670,"{""T"":1789695106932,""s"":""NEARUSDT"",""S"":""Sell"",""v"":""11.0"",""p"":""3.2670""}"
2026-09-18T01:31:57.027950Z,1789695116900,NEARUSDT,Sell,145.0,3.2700,"{""T"":1789695116900,""s"":""NEARUSDT"",""S"":""Sell"",""v"":""145.0"",""p"":""3.2700""}"
2026-09-18T01:32:15.928692Z,1789695135341,ARBUSDT,Sell,242.3,0.18648,"{""T"":1789695135341,""s"":""ARBUSDT"",""S"":""Sell"",""v"":""242.3"",""p"":""0.18648""}"
2026-09-18T01:32:15.928692Z,1789695135518,ARBUSDT,Sell,4500.0,0.18633,"{""T"":1789695135518,""s"":""ARBUSDT"",""S"":""Sell"",""v"":""4500.0"",""p"":""0.18633""}"
2026-09-18T01:32:18.925664Z,1789695138615,ARBUSDT,Sell,250.0,0.18650,"{""T"":1789695138615,""s"":""ARBUSDT"",""S"":""Sell"",""v"":""250.0"",""p"":""0.18650""}"
2026-09-18T01:32:18.925664Z,1789695138772,ARBUSDT,Sell,19644.6,0.18650,"{""T"":1789695138772,""s"":""ARBUSDT"",""S"":""Sell"",""v"":""19644.6"",""p"":""0.18650""}"
2026-09-18T01:32:19.008977Z,1789695138772,VIRTUALUSDT,Buy,1,0.6151,"{""T"":1789695138772,""s"":""VIRTUALUSDT"",""S"":""Buy"",""v"":""1"",""p"":""0.6151""}"
2026-09-18T01:32:19.324668Z,1789695138772,HYPEUSDT,Sell,0.02,87.270,"{""T"":1789695138772,""s"":""HYPEUSDT"",""S"":""Sell"",""v"":""0.02"",""p"":""87.270""}"
2026-09-18T01:32:19.336615Z,1789695138772,ENAUSDT,Buy,1,0.15725,"{""T"":1789695138772,""s"":""ENAUSDT"",""S"":""Buy"",""v"":""1"",""p"":""0.15725""}"
2026-09-18T01:32:40.027810Z,1789695159557,NEARUSDT,Sell,168.0,3.2710,"{""T"":1789695159557,""s"":""NEARUSDT"",""S"":""Sell"",""v"":""168.0"",""p"":""3.2710""}"
2026-09-18T01:32:40.508230Z,1789695160288,FLOCKUSDT,Sell,1639,0.07494,"{""T"":1789695160288,""s"":""FLOCKUSDT"",""S"":""Sell"",""v"":""1639"",""p"":""0.07494""}"
2026-09-18T01:32:42.027339Z,1789695161457,NEARUSDT,Sell,464.3,3.2720,"{""T"":1789695161457,""s"":""NEARUSDT"",""S"":""Sell"",""v"":""464.3"",""p"":""3.2720""}"
2026-09-18T01:32:45.027163Z,1789695164840,NEARUSDT,Sell,7.4,3.2740,"{""T"":1789695164840,""s"":""NEARUSDT"",""S"":""Sell"",""v"":""7.4"",""p"":""3.2740""}"
2026-09-18T01:32:45.527528Z,1789695165001,NEARUSDT,Sell,6.3,3.2750,"{""T"":1789695165001,""s"":""NEARUSDT"",""S"":""Sell"",""v"":""6.3"",""p"":""3.2750""}"
2026-09-18T01:32:53.527802Z,1789695173369,NEARUSDT,Sell,1010.0,3.2780,"{""T"":1789695173369,""s"":""NEARUSDT"",""S"":""Sell"",""v"":""1010.0"",""p"":""3.2780""}"
2026-09-18T01:32:54.027210Z,1789695173532,NEARUSDT,Sell,1342.6,3.2760,"{""T"":1789695173532,""s"":""NEARUSDT"",""S"":""Sell"",""v"":""1342.6"",""p"":""3.2760""}"
2026-09-18T01:32:54.027210Z,1789695173874,NEARUSDT,Sell,2265.9,3.2770,"{""T"":1789695173874,""s"":""NEARUSDT"",""S"":""Sell"",""v"":""2265.9"",""p"":""3.2770""}"
2026-09-18T01:32:54.425505Z,1789695173874,UNIUSDT,Sell,1274.8,7.904,"{""T"":1789695173874,""s"":""UNIUSDT"",""S"":""Sell"",""v"":""1274.8"",""p"":""7.904""}"
2026-09-18T01:32:56.919511Z,1789695176439,LSKUSDT,Sell,922.0,0.43254,"{""T"":1789695176439,""s"":""LSKUSDT"",""S"":""Sell"",""v"":""922.0"",""p"":""0.43254""}"
2026-09-18T01:33:07.419701Z,1789695187128,LSKUSDT,Sell,2610.8,0.43698,"{""T"":1789695187128,""s"":""LSKUSDT"",""S"":""Sell"",""v"":""2610.8"",""p"":""0.43698""}"
2026-09-18T01:33:12.919028Z,1789695192747,LSKUSDT,Sell,7251.6,0.44014,"{""T"":1789695192747,""s"":""LSKUSDT"",""S"":""Sell"",""v"":""7251.6"",""p"":""0.44014""}"
2026-09-18T01:33:47.527656Z,1789695226959,NEARUSDT,Sell,271.2,3.2790,"{""T"":1789695226959,""s"":""NEARUSDT"",""S"":""Sell"",""v"":""271.2"",""p"":""3.2790""}"
2026-09-18T01:33:47.527656Z,1789695227192,NEARUSDT,Sell,104.0,3.2790,"{""T"":1789695227192,""s"":""NEARUSDT"",""S"":""Sell"",""v"":""104.0"",""p"":""3.2790""}"
2026-09-18T01:33:48.027746Z,1789695227575,NEARUSDT,Sell,7989.7,3.2810,"{""T"":1789695227575,""s"":""NEARUSDT"",""S"":""Sell"",""v"":""7989.7"",""p"":""3.2810""}"
2026-09-18T01:33:53.003250Z,1789695232634,BRUSDT,Sell,86,0.74968,"{""T"":1789695232634,""s"":""BRUSDT"",""S"":""Sell"",""v"":""86"",""p"":""0.74968""}"
2026-09-18T01:33:53.027191Z,1789695232590,NEARUSDT,Sell,1142.9,3.2820,"{""T"":1789695232590,""s"":""NEARUSDT"",""S"":""Sell"",""v"":""1142.9"",""p"":""3.2820""}"
2026-09-18T01:33:53.027191Z,1789695232634,NEARUSDT,Sell,138.3,3.2810,"{""T"":1789695232634,""s"":""NEARUSDT"",""S"":""Sell"",""v"":""138.3"",""p"":""3.2810""}"
2026-09-18T01:33:53.027191Z,1789695232689,NEARUSDT,Sell,1909.2,3.2810,"{""T"":1789695232689,""s"":""NEARUSDT"",""S"":""Sell"",""v"":""1909.2"",""p"":""3.2810""}"
2026-09-18T01:33:53.527953Z,1789695233248,NEARUSDT,Sell,267.0,3.2910,"{""T"":1789695233248,""s"":""NEARUSDT"",""S"":""Sell"",""v"":""267.0"",""p"":""3.2910""}"
2026-09-18T01:33:53.527953Z,1789695233282,NEARUSDT,Sell,45.1,3.2840,"{""T"":1789695233282,""s"":""NEARUSDT"",""S"":""Sell"",""v"":""45.1"",""p"":""3.2840""}"
2026-09-18T01:33:53.527953Z,1789695233408,NEARUSDT,Sell,4507.4,3.2910,"{""T"":1789695233408,""s"":""NEARUSDT"",""S"":""Sell"",""v"":""4507.4"",""p"":""3.2910""}"
2026-09-18T01:33:53.527953Z,1789695233418,NEARUSDT,Sell,334.4,3.2890,"{""T"":1789695233418,""s"":""NEARUSDT"",""S"":""Sell"",""v"":""334.4"",""p"":""3.2890""}"
2026-09-18T01:33:54.027209Z,1789695233478,NEARUSDT,Sell,37.9,3.2910,"{""T"":1789695233478,""s"":""NEARUSDT"",""S"":""Sell"",""v"":""37.9"",""p"":""3.2910""}"
2026-09-18T01:33:54.027209Z,1789695233528,NEARUSDT,Sell,1524.1,3.2860,"{""T"":1789695233528,""s"":""NEARUSDT"",""S"":""Sell"",""v"":""1524.1"",""p"":""3.2860""}"
2026-09-18T01:33:54.027209Z,1789695233650,NEARUSDT,Sell,12.6,3.2930,"{""T"":1789695233650,""s"":""NEARUSDT"",""S"":""Sell"",""v"":""12.6"",""p"":""3.2930""}"
2026-09-18T01:33:54.027209Z,1789695233674,NEARUSDT,Sell,2.2,3.2930,"{""T"":1789695233674,""s"":""NEARUSDT"",""S"":""Sell"",""v"":""2.2"",""p"":""3.2930""}"
2026-09-18T01:33:54.027209Z,1789695233719,NEARUSDT,Sell,32.9,3.2920,"{""T"":1789695233719,""s"":""NEARUSDT"",""S"":""Sell"",""v"":""32.9"",""p"":""3.2920""}"
2026-09-18T01:33:54.027209Z,1789695233851,NEARUSDT,Sell,1978.9,3.2850,"{""T"":1789695233851,""s"":""NEARUSDT"",""S"":""Sell"",""v"":""1978.9"",""p"":""3.2850""}"
2026-09-18T01:33:54.527192Z,1789695233939,NEARUSDT,Sell,274.9,3.2860,"{""T"":1789695233939,""s"":""NEARUSDT"",""S"":""Sell"",""v"":""274.9"",""p"":""3.2860""}"
2026-09-18T01:33:54.527192Z,1789695233945,NEARUSDT,Sell,216.6,3.2880,"{""T"":1789695233945,""s"":""NEARUSDT"",""S"":""Sell"",""v"":""216.6"",""p"":""3.2880""}"
2026-09-18T01:33:54.527192Z,1789695234052,NEARUSDT,Sell,832.6,3.2860,"{""T"":1789695234052,""s"":""NEARUSDT"",""S"":""Sell"",""v"":""832.6"",""p"":""3.2860""}"
2026-09-18T01:33:54.527192Z,1789695234119,NEARUSDT,Sell,950.0,3.2920,"{""T"":1789695234119,""s"":""NEARUSDT"",""S"":""Sell"",""v"":""950.0"",""p"":""3.2920""}"
2026-09-18T01:33:54.527192Z,1789695234188,NEARUSDT,Sell,334.0,3.2910,"{""T"":1789695234188,""s"":""NEARUSDT"",""S"":""Sell"",""v"":""334.0"",""p"":""3.2910""}"
2026-09-18T01:34:00.027182Z,1789695239624,NEARUSDT,Sell,117.0,3.2950,"{""T"":1789695239624,""s"":""NEARUSDT"",""S"":""Sell"",""v"":""117.0"",""p"":""3.2950""}"
2026-09-18T01:34:01.419242Z,1789695241280,LSKUSDT,Sell,1514.1,0.44731,"{""T"":1789695241280,""s"":""LSKUSDT"",""S"":""Sell"",""v"":""1514.1"",""p"":""0.44731""}"
2026-09-18T01:34:01.527139Z,1789695241375,NEARUSDT,Sell,46.6,3.2990,"{""T"":1789695241375,""s"":""NEARUSDT"",""S"":""Sell"",""v"":""46.6"",""p"":""3.2990""}"
2026-09-18T01:34:01.919315Z,1789695241518,LSKUSDT,Sell,902.3,0.44955,"{""T"":1789695241518,""s"":""LSKUSDT"",""S"":""Sell"",""v"":""902.3"",""p"":""0.44955""}"
2026-09-18T01:34:02.324666Z,1789695242004,HYPEUSDT,Sell,13.39,87.350,"{""T"":1789695242004,""s"":""HYPEUSDT"",""S"":""Sell"",""v"":""13.39"",""p"":""87.350""}"
2026-09-18T01:34:02.420673Z,1789695241927,LSKUSDT,Sell,7553.6,0.44967,"{""T"":1789695241927,""s"":""LSKUSDT"",""S"":""Sell"",""v"":""7553.6"",""p"":""0.44967""}"
2026-09-18T01:34:02.526944Z,1789695242004,NEARUSDT,Sell,459.9,3.2970,"{""T"":1789695242004,""s"":""NEARUSDT"",""S"":""Sell"",""v"":""459.9"",""p"":""3.2970""}"
2026-09-18T01:34:02.920085Z,1789695242752,LSKUSDT,Sell,2000.0,0.45037,"{""T"":1789695242752,""s"":""LSKUSDT"",""S"":""Sell"",""v"":""2000.0"",""p"":""0.45037""}"
2026-09-18T01:34:03.027413Z,1789695242752,NEARUSDT,Sell,1569.6,3.2990,"{""T"":1789695242752,""s"":""NEARUSDT"",""S"":""Sell"",""v"":""1569.6"",""p"":""3.2990""}"
2026-09-18T01:34:03.527314Z,1789695242943,NEARUSDT,Sell,71.8,3.3000,"{""T"":1789695242943,""s"":""NEARUSDT"",""S"":""Sell"",""v"":""71.8"",""p"":""3.3000""}"
2026-09-18T01:34:03.527314Z,1789695243029,NEARUSDT,Sell,33.3,3.3000,"{""T"":1789695243029,""s"":""NEARUSDT"",""S"":""Sell"",""v"":""33.3"",""p"":""3.3000""}"
2026-09-18T01:34:04.527736Z,1789695244058,NEARUSDT,Sell,13.2,3.3010,"{""T"":1789695244058,""s"":""NEARUSDT"",""S"":""Sell"",""v"":""13.2"",""p"":""3.3010""}"
2026-09-18T01:34:04.527736Z,1789695244184,NEARUSDT,Sell,100.0,3.3010,"{""T"":1789695244184,""s"":""NEARUSDT"",""S"":""Sell"",""v"":""100.0"",""p"":""3.3010""}"
2026-09-18T01:34:05.919248Z,1789695245490,LSKUSDT,Sell,1347.4,0.45199,"{""T"":1789695245490,""s"":""LSKUSDT"",""S"":""Sell"",""v"":""1347.4"",""p"":""0.45199""}"
2026-09-18T01:34:05.925544Z,1789695245446,ZECUSDT,Sell,1.44,1476.52,"{""T"":1789695245446,""s"":""ZECUSDT"",""S"":""Sell"",""v"":""1.44"",""p"":""1476.52""}"
2026-09-18T01:34:06.027063Z,1789695245446,NEARUSDT,Sell,3056.4,3.3020,"{""T"":1789695245446,""s"":""NEARUSDT"",""S"":""Sell"",""v"":""3056.4"",""p"":""3.3020""}"
2026-09-18T01:34:06.027063Z,1789695245926,NEARUSDT,Sell,70.9,3.3030,"{""T"":1789695245926,""s"":""NEARUSDT"",""S"":""Sell"",""v"":""70.9"",""p"":""3.3030""}"
2026-09-18T01:34:10.836552Z,1789695250490,ENAUSDT,Sell,1222,0.16093,"{""T"":1789695250490,""s"":""ENAUSDT"",""S"":""Sell"",""v"":""1222"",""p"":""0.16093""}"
2026-09-18T01:34:24.419799Z,1789695263925,LSKUSDT,Sell,4420.2,0.45545,"{""T"":1789695263925,""s"":""LSKUSDT"",""S"":""Sell"",""v"":""4420.2"",""p"":""0.45545""}"
2026-09-18T01:34:25.419762Z,1789695264933,LSKUSDT,Sell,1860.2,0.45694,"{""T"":1789695264933,""s"":""LSKUSDT"",""S"":""Sell"",""v"":""1860.2"",""p"":""0.45694""}"
2026-09-18T01:34:27.527747Z,1789695267370,NEARUSDT,Sell,608.7,3.3040,"{""T"":1789695267370,""s"":""NEARUSDT"",""S"":""Sell"",""v"":""608.7"",""p"":""3.3040""}"
2026-09-18T01:34:29.027962Z,1789695268709,NEARUSDT,Sell,3.0,3.3050,"{""T"":1789695268709,""s"":""NEARUSDT"",""S"":""Sell"",""v"":""3.0"",""p"":""3.3050""}"
2026-09-18T01:34:31.527052Z,1789695271260,NEARUSDT,Sell,14.1,3.3060,"{""T"":1789695271260,""s"":""NEARUSDT"",""S"":""Sell"",""v"":""14.1"",""p"":""3.3060""}"
2026-09-18T01:34:32.027033Z,1789695271500,NEARUSDT,Sell,16.3,3.3070,"{""T"":1789695271500,""s"":""NEARUSDT"",""S"":""Sell"",""v"":""16.3"",""p"":""3.3070""}"
2026-09-18T01:34:33.027997Z,1789695272671,NEARUSDT,Sell,17.2,3.3080,"{""T"":1789695272671,""s"":""NEARUSDT"",""S"":""Sell"",""v"":""17.2"",""p"":""3.3080""}"
2026-09-18T01:34:55.529857Z,1789695295285,NEARUSDT,Sell,12331.3,3.3100,"{""T"":1789695295285,""s"":""NEARUSDT"",""S"":""Sell"",""v"":""12331.3"",""p"":""3.3100""}"
2026-09-18T01:35:12.028086Z,1789695311849,NEARUSDT,Sell,4.5,3.3010,"{""T"":1789695311849,""s"":""NEARUSDT"",""S"":""Sell"",""v"":""4.5"",""p"":""3.3010""}"
2026-09-18T01:35:12.359654Z,1789695311849,UAIUSDT,Sell,16,0.44270,"{""T"":1789695311849,""s"":""UAIUSDT"",""S"":""Sell"",""v"":""16"",""p"":""0.44270""}"
2026-09-18T01:35:43.027319Z,1789695342571,NEARUSDT,Sell,3450.2,3.3160,"{""T"":1789695342571,""s"":""NEARUSDT"",""S"":""Sell"",""v"":""3450.2"",""p"":""3.3160""}"
2026-09-18T01:35:43.027319Z,1789695342674,NEARUSDT,Sell,41.6,3.3160,"{""T"":1789695342674,""s"":""NEARUSDT"",""S"":""Sell"",""v"":""41.6"",""p"":""3.3160""}"
2026-09-18T01:35:43.027319Z,1789695342763,NEARUSDT,Sell,400.0,3.3150,"{""T"":1789695342763,""s"":""NEARUSDT"",""S"":""Sell"",""v"":""400.0"",""p"":""3.3150""}"
2026-09-18T01:35:43.027319Z,1789695342847,NEARUSDT,Sell,3434.6,3.3160,"{""T"":1789695342847,""s"":""NEARUSDT"",""S"":""Sell"",""v"":""3434.6"",""p"":""3.3160""}"
2026-09-18T01:35:43.527615Z,1789695343054,NEARUSDT,Sell,1698.3,3.3160,"{""T"":1789695343054,""s"":""NEARUSDT"",""S"":""Sell"",""v"":""1698.3"",""p"":""3.3160""}"
2026-09-18T01:35:43.527615Z,1789695343111,NEARUSDT,Sell,13.4,3.3130,"{""T"":1789695343111,""s"":""NEARUSDT"",""S"":""Sell"",""v"":""13.4"",""p"":""3.3130""}"
2026-09-18T01:35:43.527615Z,1789695343196,NEARUSDT,Sell,186.6,3.3120,"{""T"":1789695343196,""s"":""NEARUSDT"",""S"":""Sell"",""v"":""186.6"",""p"":""3.3120""}"
2026-09-18T01:35:44.027023Z,1789695343461,NEARUSDT,Sell,49.4,3.3190,"{""T"":1789695343461,""s"":""NEARUSDT"",""S"":""Sell"",""v"":""49.4"",""p"":""3.3190""}"
2026-09-18T01:36:22.915746Z,1789695382550,ZECUSDT,Sell,0.02,1479.46,"{""T"":1789695382550,""s"":""ZECUSDT"",""S"":""Sell"",""v"":""0.02"",""p"":""1479.46""}"
2026-09-18T01:36:27.849546Z,1789695387389,UAIUSDT,Sell,34,0.44460,"{""T"":1789695387389,""s"":""UAIUSDT"",""S"":""Sell"",""v"":""34"",""p"":""0.44460""}"
2026-09-18T01:36:28.409534Z,1789695387939,LSKUSDT,Sell,365.3,0.45598,"{""T"":1789695387939,""s"":""LSKUSDT"",""S"":""Sell"",""v"":""365.3"",""p"":""0.45598""}"
2026-09-18T01:36:53.327255Z,1789695413094,FARTCOINUSDT,Sell,4000,0.14971,"{""T"":1789695413094,""s"":""FARTCOINUSDT"",""S"":""Sell"",""v"":""4000"",""p"":""0.14971""}"
2026-09-18T01:36:53.416394Z,1789695413094,ADAUSDT,Sell,2000,0.2076,"{""T"":1789695413094,""s"":""ADAUSDT"",""S"":""Sell"",""v"":""2000"",""p"":""0.2076""}"
2026-09-18T01:36:53.498406Z,1789695413094,PENGUUSDT,Sell,70000,0.007432,"{""T"":1789695413094,""s"":""PENGUUSDT"",""S"":""Sell"",""v"":""70000"",""p"":""0.007432""}"
2026-09-18T01:36:56.326964Z,1789695415978,FARTCOINUSDT,Sell,948,0.14983,"{""T"":1789695415978,""s"":""FARTCOINUSDT"",""S"":""Sell"",""v"":""948"",""p"":""0.14983""}"
2026-09-18T01:37:05.326464Z,1789695425121,FARTCOINUSDT,Sell,733,0.14993,"{""T"":1789695425121,""s"":""FARTCOINUSDT"",""S"":""Sell"",""v"":""733"",""p"":""0.14993""}"
2026-09-18T01:37:06.915773Z,1789695426637,ZECUSDT,Sell,0.50,1480.74,"{""T"":1789695426637,""s"":""ZECUSDT"",""S"":""Sell"",""v"":""0.50"",""p"":""1480.74""}"
2026-09-18T01:37:07.326874Z,1789695427015,FARTCOINUSDT,Sell,15248,0.15000,"{""T"":1789695427015,""s"":""FARTCOINUSDT"",""S"":""Sell"",""v"":""15248"",""p"":""0.15000""}"
2026-09-18T01:37:08.017316Z,1789695427641,NEARUSDT,Sell,955.4,3.3190,"{""T"":1789695427641,""s"":""NEARUSDT"",""S"":""Sell"",""v"":""955.4"",""p"":""3.3190""}"
2026-09-18T01:37:11.018280Z,1789695430733,NEARUSDT,Sell,115.9,3.3200,"{""T"":1789695430733,""s"":""NEARUSDT"",""S"":""Sell"",""v"":""115.9"",""p"":""3.3200""}"
2026-09-18T01:37:11.018280Z,1789695430753,NEARUSDT,Sell,33.9,3.3220,"{""T"":1789695430753,""s"":""NEARUSDT"",""S"":""Sell"",""v"":""33.9"",""p"":""3.3220""}"
2026-09-18T01:37:11.018280Z,1789695430786,NEARUSDT,Sell,396.0,3.3200,"{""T"":1789695430786,""s"":""NEARUSDT"",""S"":""Sell"",""v"":""396.0"",""p"":""3.3200""}"
2026-09-18T01:37:11.517128Z,1789695431095,NEARUSDT,Sell,3.4,3.3200,"{""T"":1789695431095,""s"":""NEARUSDT"",""S"":""Sell"",""v"":""3.4"",""p"":""3.3200""}"
2026-09-18T01:37:11.517128Z,1789695431351,NEARUSDT,Sell,3.3,3.3210,"{""T"":1789695431351,""s"":""NEARUSDT"",""S"":""Sell"",""v"":""3.3"",""p"":""3.3210""}"
2026-09-18T01:37:12.326771Z,1789695431772,FARTCOINUSDT,Sell,3083,0.15020,"{""T"":1789695431772,""s"":""FARTCOINUSDT"",""S"":""Sell"",""v"":""3083"",""p"":""0.15020""}"
2026-09-18T01:37:19.957681Z,1789695439813,ETHUSDT,Sell,0.01,2460.80,"{""T"":1789695439813,""s"":""ETHUSDT"",""S"":""Sell"",""v"":""0.01"",""p"":""2460.80""}"
2026-09-18T01:37:20.565497Z,1789695440350,SOLUSDT,Sell,191.5,102.440,"{""T"":1789695440350,""s"":""SOLUSDT"",""S"":""Sell"",""v"":""191.5"",""p"":""102.440""}"
2026-09-18T01:37:21.064603Z,1789695440897,SOLUSDT,Sell,11.3,102.440,"{""T"":1789695440897,""s"":""SOLUSDT"",""S"":""Sell"",""v"":""11.3"",""p"":""102.440""}"
2026-09-18T01:37:37.915985Z,1789695457382,ADAUSDT,Sell,6891,0.2082,"{""T"":1789695457382,""s"":""ADAUSDT"",""S"":""Sell"",""v"":""6891"",""p"":""0.2082""}"
2026-09-18T01:37:39.415691Z,1789695458924,ADAUSDT,Sell,4024,0.2082,"{""T"":1789695458924,""s"":""ADAUSDT"",""S"":""Sell"",""v"":""4024"",""p"":""0.2082""}"
2026-09-18T01:38:06.826701Z,1789695486486,ENAUSDT,Sell,36,0.16068,"{""T"":1789695486486,""s"":""ENAUSDT"",""S"":""Sell"",""v"":""36"",""p"":""0.16068""}"
2026-09-18T01:38:06.839177Z,1789695486486,ONDOUSDT,Sell,18,0.3926,"{""T"":1789695486486,""s"":""ONDOUSDT"",""S"":""Sell"",""v"":""18"",""p"":""0.3926""}"
2026-09-18T01:38:06.839177Z,1789695486503,ONDOUSDT,Sell,62,0.3927,"{""T"":1789695486503,""s"":""ONDOUSDT"",""S"":""Sell"",""v"":""62"",""p"":""0.3927""}"
2026-09-18T01:38:06.915718Z,1789695486486,DOGEUSDT,Sell,64,0.08284,"{""T"":1789695486486,""s"":""DOGEUSDT"",""S"":""Sell"",""v"":""64"",""p"":""0.08284""}"
2026-09-18T01:38:06.916085Z,1789695486486,ADAUSDT,Sell,29,0.2086,"{""T"":1789695486486,""s"":""ADAUSDT"",""S"":""Sell"",""v"":""29"",""p"":""0.2086""}"
2026-09-18T01:38:23.916027Z,1789695503544,ZECUSDT,Sell,0.55,1481.70,"{""T"":1789695503544,""s"":""ZECUSDT"",""S"":""Sell"",""v"":""0.55"",""p"":""1481.70""}"
2026-09-18T01:38:24.017307Z,1789695503544,NEARUSDT,Sell,158.6,3.3200,"{""T"":1789695503544,""s"":""NEARUSDT"",""S"":""Sell"",""v"":""158.6"",""p"":""3.3200""}"
2026-09-18T01:38:24.916327Z,1789695504539,DOGEUSDT,Sell,3957,0.08286,"{""T"":1789695504539,""s"":""DOGEUSDT"",""S"":""Sell"",""v"":""3957"",""p"":""0.08286""}"
2026-09-18T01:38:38.518533Z,1789695518417,NEARUSDT,Sell,104.2,3.3240,"{""T"":1789695518417,""s"":""NEARUSDT"",""S"":""Sell"",""v"":""104.2"",""p"":""3.3240""}"
2026-09-18T01:38:39.017421Z,1789695518628,NEARUSDT,Sell,39.6,3.3240,"{""T"":1789695518628,""s"":""NEARUSDT"",""S"":""Sell"",""v"":""39.6"",""p"":""3.3240""}"
2026-09-18T01:38:40.998488Z,1789695520796,COTIUSDT,Buy,21514,0.022735,"{""T"":1789695520796,""s"":""COTIUSDT"",""S"":""Buy"",""v"":""21514"",""p"":""0.022735""}"
2026-09-18T01:38:48.498721Z,1789695527980,LINKUSDT,Sell,4.9,11.559,"{""T"":1789695527980,""s"":""LINKUSDT"",""S"":""Sell"",""v"":""4.9"",""p"":""11.559""}"
2026-09-18T01:38:51.415624Z,1789695531187,ARBUSDT,Sell,3467.7,0.18690,"{""T"":1789695531187,""s"":""ARBUSDT"",""S"":""Sell"",""v"":""3467.7"",""p"":""0.18690""}"
2026-09-18T01:38:52.915841Z,1789695532484,ARBUSDT,Sell,264.9,0.18697,"{""T"":1789695532484,""s"":""ARBUSDT"",""S"":""Sell"",""v"":""264.9"",""p"":""0.18697""}"
2026-09-18T01:38:57.826523Z,1789695537706,FARTCOINUSDT,Sell,499,0.15051,"{""T"":1789695537706,""s"":""FARTCOINUSDT"",""S"":""Sell"",""v"":""499"",""p"":""0.15051""}"
2026-09-18T01:38:59.415574Z,1789695539151,ARBUSDT,Sell,586.9,0.18736,"{""T"":1789695539151,""s"":""ARBUSDT"",""S"":""Sell"",""v"":""586.9"",""p"":""0.18736""}"
2026-09-18T01:39:03.415798Z,1789695543116,ARBUSDT,Sell,8049.8,0.18766,"{""T"":1789695543116,""s"":""ARBUSDT"",""S"":""Sell"",""v"":""8049.8"",""p"":""0.18766""}"
2026-09-18T01:39:03.915612Z,1789695543393,ARBUSDT,Sell,1179.3,0.18764,"{""T"":1789695543393,""s"":""ARBUSDT"",""S"":""Sell"",""v"":""1179.3"",""p"":""0.18764""}"
2026-09-18T01:39:04.415877Z,1789695543918,ARBUSDT,Sell,2000.0,0.18828,"{""T"":1789695543918,""s"":""ARBUSDT"",""S"":""Sell"",""v"":""2000.0"",""p"":""0.18828""}"
2026-09-18T01:39:04.415877Z,1789695543980,ARBUSDT,Sell,11357.6,0.18877,"{""T"":1789695543980,""s"":""ARBUSDT"",""S"":""Sell"",""v"":""11357.6"",""p"":""0.18877""}"
2026-09-18T01:39:04.415877Z,1789695544061,ARBUSDT,Sell,33.9,0.18870,"{""T"":1789695544061,""s"":""ARBUSDT"",""S"":""Sell"",""v"":""33.9"",""p"":""0.18870""}"
2026-09-18T01:39:04.415877Z,1789695544189,ARBUSDT,Sell,303.9,0.18884,"{""T"":1789695544189,""s"":""ARBUSDT"",""S"":""Sell"",""v"":""303.9"",""p"":""0.18884""}"
2026-09-18T01:39:04.416378Z,1789695544189,UNIUSDT,Sell,9.7,7.873,"{""T"":1789695544189,""s"":""UNIUSDT"",""S"":""Sell"",""v"":""9.7"",""p"":""7.873""}"
2026-09-18T01:39:04.416651Z,1789695544189,ADAUSDT,Sell,180,0.2082,"{""T"":1789695544189,""s"":""ADAUSDT"",""S"":""Sell"",""v"":""180"",""p"":""0.2082""}"
2026-09-18T01:39:04.416848Z,1789695544189,DOTUSDT,Sell,12.8,1.1070,"{""T"":1789695544189,""s"":""DOTUSDT"",""S"":""Sell"",""v"":""12.8"",""p"":""1.1070""}"
2026-09-18T01:39:04.417038Z,1789695544189,DOGEUSDT,Buy,118,0.08167,"{""T"":1789695544189,""s"":""DOGEUSDT"",""S"":""Buy"",""v"":""118"",""p"":""0.08167""}"
2026-09-18T01:39:04.518018Z,1789695544189,NEARUSDT,Sell,12.0,3.3170,"{""T"":1789695544189,""s"":""NEARUSDT"",""S"":""Sell"",""v"":""12.0"",""p"":""3.3170""}"
2026-09-18T01:39:04.915775Z,1789695544449,ARBUSDT,Sell,703.0,0.18883,"{""T"":1789695544449,""s"":""ARBUSDT"",""S"":""Sell"",""v"":""703.0"",""p"":""0.18883""}"
2026-09-18T01:39:04.915775Z,1789695544713,ARBUSDT,Sell,2306.1,0.18853,"{""T"":1789695544713,""s"":""ARBUSDT"",""S"":""Sell"",""v"":""2306.1"",""p"":""0.18853""}"
2026-09-18T01:39:04.915775Z,1789695544733,ARBUSDT,Sell,5548.9,0.18865,"{""T"":1789695544733,""s"":""ARBUSDT"",""S"":""Sell"",""v"":""5548.9"",""p"":""0.18865""}"
2026-09-18T01:39:05.415706Z,1789695545026,ARBUSDT,Sell,148.7,0.18944,"{""T"":1789695545026,""s"":""ARBUSDT"",""S"":""Sell"",""v"":""148.7"",""p"":""0.18944""}"
2026-09-18T01:39:05.915783Z,1789695545535,ARBUSDT,Sell,17802.8,0.18928,"{""T"":1789695545535,""s"":""ARBUSDT"",""S"":""Sell"",""v"":""17802.8"",""p"":""0.18928""}"
2026-09-18T01:39:05.915783Z,1789695545546,ARBUSDT,Sell,1014.4,0.18946,"{""T"":1789695545546,""s"":""ARBUSDT"",""S"":""Sell"",""v"":""1014.4"",""p"":""0.18946""}"
2026-09-18T01:39:05.915783Z,1789695545745,ARBUSDT,Sell,289.3,0.19011,"{""T"":1789695545745,""s"":""ARBUSDT"",""S"":""Sell"",""v"":""289.3"",""p"":""0.19011""}"
2026-09-18T01:39:05.915783Z,1789695545756,ARBUSDT,Sell,1052.7,0.18966,"{""T"":1789695545756,""s"":""ARBUSDT"",""S"":""Sell"",""v"":""1052.7"",""p"":""0.18966""}"
2026-09-18T01:39:06.415912Z,1789695545913,ARBUSDT,Sell,115.9,0.18970,"{""T"":1789695545913,""s"":""ARBUSDT"",""S"":""Sell"",""v"":""115.9"",""p"":""0.18970""}"
2026-09-18T01:39:06.415912Z,1789695546148,ARBUSDT,Sell,1895.1,0.18991,"{""T"":1789695546148,""s"":""ARBUSDT"",""S"":""Sell"",""v"":""1895.1"",""p"":""0.18991""}"
2026-09-18T01:39:08.409474Z,1789695548096,LSKUSDT,Sell,370.9,0.46153,"{""T"":1789695548096,""s"":""LSKUSDT"",""S"":""Sell"",""v"":""370.9"",""p"":""0.46153""}"
2026-09-18T01:39:08.415650Z,1789695548095,ARBUSDT,Sell,18000.0,0.19081,"{""T"":1789695548095,""s"":""ARBUSDT"",""S"":""Sell"",""v"":""18000.0"",""p"":""0.19081""}"
2026-09-18T01:39:08.415650Z,1789695548231,ARBUSDT,Sell,259.7,0.19090,"{""T"":1789695548231,""s"":""ARBUSDT"",""S"":""Sell"",""v"":""259.7"",""p"":""0.19090""}"
2026-09-18T01:39:08.517824Z,1789695548095,NEARUSDT,Sell,2000.0,3.3200,"{""T"":1789695548095,""s"":""NEARUSDT"",""S"":""Sell"",""v"":""2000.0"",""p"":""3.3200""}"
2026-09-18T01:39:08.909117Z,1789695548618,LSKUSDT,Sell,10435.2,0.46195,"{""T"":1789695548618,""s"":""LSKUSDT"",""S"":""Sell"",""v"":""10435.2"",""p"":""0.46195""}"
2026-09-18T01:39:08.909117Z,1789695548692,LSKUSDT,Sell,627.9,0.46109,"{""T"":1789695548692,""s"":""LSKUSDT"",""S"":""Sell"",""v"":""627.9"",""p"":""0.46109""}"
2026-09-18T01:39:08.915465Z,1789695548352,ARBUSDT,Sell,314.3,0.19086,"{""T"":1789695548352,""s"":""ARBUSDT"",""S"":""Sell"",""v"":""314.3"",""p"":""0.19086""}"
2026-09-18T01:39:08.915465Z,1789695548500,ARBUSDT,Sell,1779.3,0.19074,"{""T"":1789695548500,""s"":""ARBUSDT"",""S"":""Sell"",""v"":""1779.3"",""p"":""0.19074""}"
2026-09-18T01:39:10.415691Z,1789695550294,ARBUSDT,Sell,1878.0,0.19126,"{""T"":1789695550294,""s"":""ARBUSDT"",""S"":""Sell"",""v"":""1878.0"",""p"":""0.19126""}"
2026-09-18T01:39:10.814661Z,1789695550416,TRUMPUSDT,Sell,4.6,2.006,"{""T"":1789695550416,""s"":""TRUMPUSDT"",""S"":""Sell"",""v"":""4.6"",""p"":""2.006""}"
2026-09-18T01:39:10.915563Z,1789695550522,ARBUSDT,Sell,1396.4,0.19126,"{""T"":1789695550522,""s"":""ARBUSDT"",""S"":""Sell"",""v"":""1396.4"",""p"":""0.19126""}"
2026-09-18T01:39:11.415705Z,1789695551315,ARBUSDT,Sell,599.6,0.19164,"{""T"":1789695551315,""s"":""ARBUSDT"",""S"":""Sell"",""v"":""599.6"",""p"":""0.19164""}"
2026-09-18T01:39:20.916508Z,1789695560458,ARBUSDT,Sell,605.1,0.19196,"{""T"":1789695560458,""s"":""ARBUSDT"",""S"":""Sell"",""v"":""605.1"",""p"":""0.19196""}"
2026-09-18T01:39:29.415871Z,1789695569109,ARBUSDT,Sell,2787.4,0.19207,"{""T"":1789695569109,""s"":""ARBUSDT"",""S"":""Sell"",""v"":""2787.4"",""p"":""0.19207""}"
2026-09-18T01:39:29.916417Z,1789695569595,ARBUSDT,Sell,130.1,0.19211,"{""T"":1789695569595,""s"":""ARBUSDT"",""S"":""Sell"",""v"":""130.1"",""p"":""0.19211""}"
2026-09-18T01:39:33.017955Z,1789695572730,TAOUSDT,Sell,19.000,236.89,"{""T"":1789695572730,""s"":""TAOUSDT"",""S"":""Sell"",""v"":""19.000"",""p"":""236.89""}"
2026-09-18T01:39:33.517301Z,1789695573147,TAOUSDT,Sell,8.860,236.99,"{""T"":1789695573147,""s"":""TAOUSDT"",""S"":""Sell"",""v"":""8.860"",""p"":""236.99""}"
2026-09-18T01:39:59.416276Z,1789695598894,ARBUSDT,Sell,933.1,0.19276,"{""T"":1789695598894,""s"":""ARBUSDT"",""S"":""Sell"",""v"":""933.1"",""p"":""0.19276""}"
2026-09-18T01:40:26.826507Z,1789695626348,FARTCOINUSDT,Sell,248,0.15070,"{""T"":1789695626348,""s"":""FARTCOINUSDT"",""S"":""Sell"",""v"":""248"",""p"":""0.15070""}"
2026-09-18T01:40:40.564367Z,1789695640089,SOLUSDT,Sell,3.0,102.490,"{""T"":1789695640089,""s"":""SOLUSDT"",""S"":""Sell"",""v"":""3.0"",""p"":""102.490""}"
2026-09-18T01:41:01.565299Z,1789695661224,SOLUSDT,Sell,3.8,102.530,"{""T"":1789695661224,""s"":""SOLUSDT"",""S"":""Sell"",""v"":""3.8"",""p"":""102.530""}"
2026-09-18T01:41:02.064357Z,1789695661888,SOLUSDT,Sell,0.7,102.540,"{""T"":1789695661888,""s"":""SOLUSDT"",""S"":""Sell"",""v"":""0.7"",""p"":""102.540""}"
2026-09-18T01:41:02.915961Z,1789695662815,ARBUSDT,Sell,2289.6,0.19305,"{""T"":1789695662815,""s"":""ARBUSDT"",""S"":""Sell"",""v"":""2289.6"",""p"":""0.19305""}"
2026-09-18T01:41:03.915861Z,1789695663529,ARBUSDT,Sell,1891.2,0.19292,"{""T"":1789695663529,""s"":""ARBUSDT"",""S"":""Sell"",""v"":""1891.2"",""p"":""0.19292""}"
2026-09-18T01:41:08.915801Z,1789695668582,ARBUSDT,Sell,31.1,0.19349,"{""T"":1789695668582,""s"":""ARBUSDT"",""S"":""Sell"",""v"":""31.1"",""p"":""0.19349""}"
2026-09-18T01:41:33.068241Z,1789695692837,BNBUSDT,Sell,0.18,748.10,"{""T"":1789695692837,""s"":""BNBUSDT"",""S"":""Sell"",""v"":""0.18"",""p"":""748.10""}"
2026-09-18T01:41:42.957421Z,1789695702667,ETHUSDT,Sell,1.83,2462.99,"{""T"":1789695702667,""s"":""ETHUSDT"",""S"":""Sell"",""v"":""1.83"",""p"":""2462.99""}"
2026-09-18T01:42:03.568348Z,1789695723445,SOLUSDT,Sell,9.1,102.550,"{""T"":1789695723445,""s"":""SOLUSDT"",""S"":""Sell"",""v"":""9.1"",""p"":""102.550""}"
2026-09-18T01:42:04.064315Z,1789695723564,SOLUSDT,Sell,15.1,102.550,"{""T"":1789695723564,""s"":""SOLUSDT"",""S"":""Sell"",""v"":""15.1"",""p"":""102.550""}"
2026-09-18T01:42:04.330361Z,1789695723945,FARTCOINUSDT,Sell,2763,0.15073,"{""T"":1789695723945,""s"":""FARTCOINUSDT"",""S"":""Sell"",""v"":""2763"",""p"":""0.15073""}"
2026-09-18T01:42:04.415693Z,1789695723897,ADAUSDT,Sell,296,0.2088,"{""T"":1789695723897,""s"":""ADAUSDT"",""S"":""Sell"",""v"":""296"",""p"":""0.2088""}"
2026-09-18T01:42:04.416204Z,1789695723976,ARBUSDT,Sell,405.1,0.19413,"{""T"":1789695723976,""s"":""ARBUSDT"",""S"":""Sell"",""v"":""405.1"",""p"":""0.19413""}"
2026-09-18T01:42:04.564356Z,1789695724037,SOLUSDT,Sell,104.0,102.550,"{""T"":1789695724037,""s"":""SOLUSDT"",""S"":""Sell"",""v"":""104.0"",""p"":""102.550""}"
2026-09-18T01:42:06.064868Z,1789695725509,SOLUSDT,Sell,0.4,102.590,"{""T"":1789695725509,""s"":""SOLUSDT"",""S"":""Sell"",""v"":""0.4"",""p"":""102.590""}"
2026-09-18T01:42:06.064868Z,1789695725734,SOLUSDT,Sell,6.3,102.640,"{""T"":1789695725734,""s"":""SOLUSDT"",""S"":""Sell"",""v"":""6.3"",""p"":""102.640""}"
2026-09-18T01:42:06.064868Z,1789695725947,SOLUSDT,Sell,2.6,102.630,"{""T"":1789695725947,""s"":""SOLUSDT"",""S"":""Sell"",""v"":""2.6"",""p"":""102.630""}"
2026-09-18T01:42:06.064868Z,1789695725956,SOLUSDT,Sell,30.0,102.650,"{""T"":1789695725956,""s"":""SOLUSDT"",""S"":""Sell"",""v"":""30.0"",""p"":""102.650""}"
2026-09-18T01:42:06.314991Z,1789695726148,HYPEUSDT,Sell,20.00,87.310,"{""T"":1789695726148,""s"":""HYPEUSDT"",""S"":""Sell"",""v"":""20.00"",""p"":""87.310""}"
2026-09-18T01:42:06.564691Z,1789695726087,SOLUSDT,Sell,0.9,102.620,"{""T"":1789695726087,""s"":""SOLUSDT"",""S"":""Sell"",""v"":""0.9"",""p"":""102.620""}"
2026-09-18T01:42:06.564691Z,1789695726148,SOLUSDT,Sell,20.0,102.670,"{""T"":1789695726148,""s"":""SOLUSDT"",""S"":""Sell"",""v"":""20.0"",""p"":""102.670""}"
2026-09-18T01:42:07.564732Z,1789695727084,SOLUSDT,Sell,49.6,102.660,"{""T"":1789695727084,""s"":""SOLUSDT"",""S"":""Sell"",""v"":""49.6"",""p"":""102.660""}"
2026-09-18T01:42:08.315463Z,1789695727999,HYPEUSDT,Sell,18.21,87.360,"{""T"":1789695727999,""s"":""HYPEUSDT"",""S"":""Sell"",""v"":""18.21"",""p"":""87.360""}"
2026-09-18T01:42:08.315880Z,1789695727999,PUMPFUNUSDT,Sell,142800,0.0040730,"{""T"":1789695727999,""s"":""PUMPFUNUSDT"",""S"":""Sell"",""v"":""142800"",""p"":""0.0040730""}"
2026-09-18T01:42:08.326832Z,1789695727999,FARTCOINUSDT,Sell,12097,0.15080,"{""T"":1789695727999,""s"":""FARTCOINUSDT"",""S"":""Sell"",""v"":""12097"",""p"":""0.15080""}"
2026-09-18T01:42:08.327199Z,1789695727999,ENAUSDT,Sell,4496,0.16031,"{""T"":1789695727999,""s"":""ENAUSDT"",""S"":""Sell"",""v"":""4496"",""p"":""0.16031""}"
2026-09-18T01:42:08.494522Z,1789695727999,SUIUSDT,Sell,1020,0.76280,"{""T"":1789695727999,""s"":""SUIUSDT"",""S"":""Sell"",""v"":""1020"",""p"":""0.76280""}"
2026-09-18T01:42:09.415661Z,1789695729077,ARBUSDT,Sell,105.2,0.19431,"{""T"":1789695729077,""s"":""ARBUSDT"",""S"":""Sell"",""v"":""105.2"",""p"":""0.19431""}"
2026-09-18T01:42:09.916162Z,1789695729555,ARBUSDT,Sell,50.2,0.19437,"{""T"":1789695729555,""s"":""ARBUSDT"",""S"":""Sell"",""v"":""50.2"",""p"":""0.19437""}"
2026-09-18T01:42:11.567537Z,1789695731000,BTCUSDT,Sell,0.103,76937.60,"{""T"":1789695731000,""s"":""BTCUSDT"",""S"":""Sell"",""v"":""0.103"",""p"":""76937.60""}"
2026-09-18T01:42:16.314516Z,1789695735918,HYPEUSDT,Sell,54.10,87.360,"{""T"":1789695735918,""s"":""HYPEUSDT"",""S"":""Sell"",""v"":""54.10"",""p"":""87.360""}"
2026-09-18T01:42:16.326401Z,1789695735918,VVVUSDT,Sell,213.78,26.4540,"{""T"":1789695735918,""s"":""VVVUSDT"",""S"":""Sell"",""v"":""213.78"",""p"":""26.4540""}"
2026-09-18T01:42:29.064831Z,1789695748592,SOLUSDT,Sell,5.0,102.710,"{""T"":1789695748592,""s"":""SOLUSDT"",""S"":""Sell"",""v"":""5.0"",""p"":""102.710""}"
2026-09-18T01:42:57.827121Z,1789695777388,FARTCOINUSDT,Sell,90,0.15085,"{""T"":1789695777388,""s"":""FARTCOINUSDT"",""S"":""Sell"",""v"":""90"",""p"":""0.15085""}"
2026-09-18T01:43:03.498378Z,1789695783362,COTIUSDT,Sell,21046,0.023683,"{""T"":1789695783362,""s"":""COTIUSDT"",""S"":""Sell"",""v"":""21046"",""p"":""0.023683""}"
2026-09-18T01:43:04.065052Z,1789695783930,SOLUSDT,Sell,0.9,102.720,"{""T"":1789695783930,""s"":""SOLUSDT"",""S"":""Sell"",""v"":""0.9"",""p"":""102.720""}"
2026-09-18T01:43:24.830737Z,1789695804243,RAYDIUMUSDT,Sell,318.8,1.5429,"{""T"":1789695804243,""s"":""RAYDIUMUSDT"",""S"":""Sell"",""v"":""318.8"",""p"":""1.5429""}"
2026-09-18T01:43:24.830737Z,1789695804613,RAYDIUMUSDT,Sell,13.2,1.5435,"{""T"":1789695804613,""s"":""RAYDIUMUSDT"",""S"":""Sell"",""v"":""13.2"",""p"":""1.5435""}"
2026-09-18T01:43:28.564463Z,1789695808362,BNBUSDT,Sell,0.06,748.80,"{""T"":1789695808362,""s"":""BNBUSDT"",""S"":""Sell"",""v"":""0.06"",""p"":""748.80""}"
2026-09-18T01:43:55.416298Z,1789695835003,DOTUSDT,Sell,12.5,1.1113,"{""T"":1789695835003,""s"":""DOTUSDT"",""S"":""Sell"",""v"":""12.5"",""p"":""1.1113""}"
2026-09-18T01:44:03.415874Z,1789695842970,ARBUSDT,Sell,16817.3,0.19473,"{""T"":1789695842970,""s"":""ARBUSDT"",""S"":""Sell"",""v"":""16817.3"",""p"":""0.19473""}"
2026-09-18T01:44:03.415874Z,1789695843051,ARBUSDT,Sell,8515.0,0.19465,"{""T"":1789695843051,""s"":""ARBUSDT"",""S"":""Sell"",""v"":""8515.0"",""p"":""0.19465""}"
2026-09-18T01:44:04.136997Z,1789695843804,AKEUSDT,Sell,3800,0.0219050,"{""T"":1789695843804,""s"":""AKEUSDT"",""S"":""Sell"",""v"":""3800"",""p"":""0.0219050""}"
2026-09-18T01:44:04.136997Z,1789695843871,AKEUSDT,Sell,500,0.0219960,"{""T"":1789695843871,""s"":""AKEUSDT"",""S"":""Sell"",""v"":""500"",""p"":""0.0219960""}"
2026-09-18T01:44:04.637557Z,1789695844406,AKEUSDT,Sell,1100,0.0219920,"{""T"":1789695844406,""s"":""AKEUSDT"",""S"":""Sell"",""v"":""1100"",""p"":""0.0219920""}"
2026-09-18T01:44:06.415636Z,1789695846272,ADAUSDT,Sell,8173,0.2092,"{""T"":1789695846272,""s"":""ADAUSDT"",""S"":""Sell"",""v"":""8173"",""p"":""0.2092""}"
2026-09-18T01:44:10.415671Z,1789695849909,ARBUSDT,Sell,48.2,0.19521,"{""T"":1789695849909,""s"":""ARBUSDT"",""S"":""Sell"",""v"":""48.2"",""p"":""0.19521""}"
2026-09-18T01:44:15.814679Z,1789695855286,TRUMPUSDT,Sell,1080.6,2.008,"{""T"":1789695855286,""s"":""TRUMPUSDT"",""S"":""Sell"",""v"":""1080.6"",""p"":""2.008""}"
2026-09-18T01:44:32.488221Z,1789695871964,XAUUSDT,Buy,0.098,4338.58,"{""T"":1789695871964,""s"":""XAUUSDT"",""S"":""Buy"",""v"":""0.098"",""p"":""4338.58""}"
2026-09-18T01:45:34.916657Z,1789695934678,ARBUSDT,Sell,2529.0,0.19565,"{""T"":1789695934678,""s"":""ARBUSDT"",""S"":""Sell"",""v"":""2529.0"",""p"":""0.19565""}"
2026-09-18T01:45:35.415677Z,1789695935105,ARBUSDT,Sell,1323.2,0.19555,"{""T"":1789695935105,""s"":""ARBUSDT"",""S"":""Sell"",""v"":""1323.2"",""p"":""0.19555""}"
2026-09-18T01:45:35.915729Z,1789695935506,ARBUSDT,Sell,15603.1,0.19556,"{""T"":1789695935506,""s"":""ARBUSDT"",""S"":""Sell"",""v"":""15603.1"",""p"":""0.19556""}"
2026-09-18T01:46:04.916025Z,1789695964702,ARBUSDT,Sell,560.5,0.19622,"{""T"":1789695964702,""s"":""ARBUSDT"",""S"":""Sell"",""v"":""560.5"",""p"":""0.19622""}"
2026-09-18T01:46:05.330354Z,1789695964836,PONSUSDT,Sell,149,0.7040,"{""T"":1789695964836,""s"":""PONSUSDT"",""S"":""Sell"",""v"":""149"",""p"":""0.7040""}"
2026-09-18T01:46:05.415759Z,1789695965065,ARBUSDT,Sell,256.2,0.19626,"{""T"":1789695965065,""s"":""ARBUSDT"",""S"":""Sell"",""v"":""256.2"",""p"":""0.19626""}"
2026-09-18T01:46:06.915690Z,1789695966403,ARBUSDT,Sell,447.6,0.19645,"{""T"":1789695966403,""s"":""ARBUSDT"",""S"":""Sell"",""v"":""447.6"",""p"":""0.19645""}"
2026-09-18T01:46:09.567961Z,1789695969385,BTCUSDT,Sell,0.005,76955.50,"{""T"":1789695969385,""s"":""BTCUSDT"",""S"":""Sell"",""v"":""0.005"",""p"":""76955.50""}"
2026-09-18T01:46:09.915764Z,1789695969794,ARBUSDT,Sell,1183.0,0.19686,"{""T"":1789695969794,""s"":""ARBUSDT"",""S"":""Sell"",""v"":""1183.0"",""p"":""0.19686""}"
2026-09-18T01:46:10.065269Z,1789695969692,SOLUSDT,Sell,0.7,102.780,"{""T"":1789695969692,""s"":""SOLUSDT"",""S"":""Sell"",""v"":""0.7"",""p"":""102.780""}"
2026-09-18T01:46:10.415843Z,1789695970314,ARBUSDT,Sell,30821.3,0.19744,"{""T"":1789695970314,""s"":""ARBUSDT"",""S"":""Sell"",""v"":""30821.3"",""p"":""0.19744""}"
2026-09-18T01:46:10.565248Z,1789695970461,SOLUSDT,Sell,8.1,102.830,"{""T"":1789695970461,""s"":""SOLUSDT"",""S"":""Sell"",""v"":""8.1"",""p"":""102.830""}"
2026-09-18T01:46:10.826758Z,1789695970251,FARTCOINUSDT,Sell,169,0.15097,"{""T"":1789695970251,""s"":""FARTCOINUSDT"",""S"":""Sell"",""v"":""169"",""p"":""0.15097""}"
2026-09-18T01:46:10.916662Z,1789695970550,ZECUSDT,Sell,0.98,1476.38,"{""T"":1789695970550,""s"":""ZECUSDT"",""S"":""Sell"",""v"":""0.98"",""p"":""1476.38""}"
2026-09-18T01:46:10.917152Z,1789695970329,ARBUSDT,Sell,31.6,0.19686,"{""T"":1789695970329,""s"":""ARBUSDT"",""S"":""Sell"",""v"":""31.6"",""p"":""0.19686""}"
2026-09-18T01:46:10.917152Z,1789695970382,ARBUSDT,Sell,41645.5,0.19793,"{""T"":1789695970382,""s"":""ARBUSDT"",""S"":""Sell"",""v"":""41645.5"",""p"":""0.19793""}"
2026-09-18T01:46:10.917152Z,1789695970550,ARBUSDT,Sell,50000.0,0.19713,"{""T"":1789695970550,""s"":""ARBUSDT"",""S"":""Sell"",""v"":""50000.0"",""p"":""0.19713""}"
2026-09-18T01:46:10.917152Z,1789695970559,ARBUSDT,Sell,495.3,0.19777,"{""T"":1789695970559,""s"":""ARBUSDT"",""S"":""Sell"",""v"":""495.3"",""p"":""0.19777""}"
2026-09-18T01:46:10.917152Z,1789695970645,ARBUSDT,Sell,1089.5,0.19810,"{""T"":1789695970645,""s"":""ARBUSDT"",""S"":""Sell"",""v"":""1089.5"",""p"":""0.19810""}"
2026-09-18T01:46:10.917152Z,1789695970725,ARBUSDT,Sell,199.1,0.19763,"{""T"":1789695970725,""s"":""ARBUSDT"",""S"":""Sell"",""v"":""199.1"",""p"":""0.19763""}"
2026-09-18T01:46:20.361144Z,1789695979778,WLDUSDT,Sell,1360.4,0.3970,"{""T"":1789695979778,""s"":""WLDUSDT"",""S"":""Sell"",""v"":""1360.4"",""p"":""0.3970""}"
2026-09-18T01:46:24.064517Z,1789695983522,SOLUSDT,Sell,35.0,102.850,"{""T"":1789695983522,""s"":""SOLUSDT"",""S"":""Sell"",""v"":""35.0"",""p"":""102.850""}"
2026-09-18T01:46:26.488006Z,1789695986196,XAUUSDT,Buy,0.229,4336.65,"{""T"":1789695986196,""s"":""XAUUSDT"",""S"":""Buy"",""v"":""0.229"",""p"":""4336.65""}"
2026-09-18T01:46:28.915846Z,1789695988752,ARBUSDT,Sell,939.0,0.19801,"{""T"":1789695988752,""s"":""ARBUSDT"",""S"":""Sell"",""v"":""939.0"",""p"":""0.19801""}"
2026-09-18T01:46:32.409590Z,1789695992040,LSKUSDT,Sell,2265.9,0.46439,"{""T"":1789695992040,""s"":""LSKUSDT"",""S"":""Sell"",""v"":""2265.9"",""p"":""0.46439""}"
2026-09-18T01:46:33.826735Z,1789695993705,FARTCOINUSDT,Sell,88,0.15141,"{""T"":1789695993705,""s"":""FARTCOINUSDT"",""S"":""Sell"",""v"":""88"",""p"":""0.15141""}"
2026-09-18T01:46:51.918856Z,1789696011776,DOTUSDT,Sell,30.2,1.1149,"{""T"":1789696011776,""s"":""DOTUSDT"",""S"":""Sell"",""v"":""30.2"",""p"":""1.1149""}"
2026-09-18T01:46:54.138045Z,1789696013866,AKEUSDT,Sell,1900,0.0221520,"{""T"":1789696013866,""s"":""AKEUSDT"",""S"":""Sell"",""v"":""1900"",""p"":""0.0221520""}"
2026-09-18T01:46:55.415940Z,1789696015239,ARBUSDT,Sell,14840.7,0.19837,"{""T"":1789696015239,""s"":""ARBUSDT"",""S"":""Sell"",""v"":""14840.7"",""p"":""0.19837""}"
2026-09-18T01:47:05.993949Z,1789696025464,SUIUSDT,Sell,680,0.76600,"{""T"":1789696025464,""s"":""SUIUSDT"",""S"":""Sell"",""v"":""680"",""p"":""0.76600""}"
2026-09-18T01:47:06.065245Z,1789696025602,SOLUSDT,Sell,0.4,102.890,"{""T"":1789696025602,""s"":""SOLUSDT"",""S"":""Sell"",""v"":""0.4"",""p"":""102.890""}"
2026-09-18T01:47:06.065245Z,1789696025857,SOLUSDT,Sell,0.3,102.860,"{""T"":1789696025857,""s"":""SOLUSDT"",""S"":""Sell"",""v"":""0.3"",""p"":""102.860""}"
2026-09-18T01:47:06.065245Z,1789696025971,SOLUSDT,Sell,89.5,102.910,"{""T"":1789696025971,""s"":""SOLUSDT"",""S"":""Sell"",""v"":""89.5"",""p"":""102.910""}"
2026-09-18T01:47:06.564268Z,1789696025993,SOLUSDT,Sell,58.9,102.930,"{""T"":1789696025993,""s"":""SOLUSDT"",""S"":""Sell"",""v"":""58.9"",""p"":""102.930""}"
2026-09-18T01:47:06.564268Z,1789696026141,SOLUSDT,Sell,42.4,102.950,"{""T"":1789696026141,""s"":""SOLUSDT"",""S"":""Sell"",""v"":""42.4"",""p"":""102.950""}"
2026-09-18T01:47:07.998345Z,1789696027743,COTIUSDT,Sell,2051,0.023711,"{""T"":1789696027743,""s"":""COTIUSDT"",""S"":""Sell"",""v"":""2051"",""p"":""0.023711""}"
2026-09-18T01:47:08.064969Z,1789696027653,SOLUSDT,Sell,338.6,102.970,"{""T"":1789696027653,""s"":""SOLUSDT"",""S"":""Sell"",""v"":""338.6"",""p"":""102.970""}"
2026-09-18T01:47:08.565054Z,1789696028043,SOLUSDT,Sell,13.9,102.960,"{""T"":1789696028043,""s"":""SOLUSDT"",""S"":""Sell"",""v"":""13.9"",""p"":""102.960""}"
2026-09-18T01:47:10.339713Z,1789696029788,XRPUSDT,Sell,17896.4,1.3114,"{""T"":1789696029788,""s"":""XRPUSDT"",""S"":""Sell"",""v"":""17896.4"",""p"":""1.3114""}"
2026-09-18T01:47:12.341843Z,1789696032153,FARTCOINUSDT,Sell,677,0.15147,"{""T"":1789696032153,""s"":""FARTCOINUSDT"",""S"":""Sell"",""v"":""677"",""p"":""0.15147""}"
2026-09-18T01:47:23.008842Z,1789696042796,SUIUSDT,Sell,1570,0.76680,"{""T"":1789696042796,""s"":""SUIUSDT"",""S"":""Sell"",""v"":""1570"",""p"":""0.76680""}"
2026-09-18T01:47:42.994628Z,1789696062443,SUIUSDT,Sell,10,0.76690,"{""T"":1789696062443,""s"":""SUIUSDT"",""S"":""Sell"",""v"":""10"",""p"":""0.76690""}"
2026-09-18T01:47:44.499284Z,1789696064363,PENGUUSDT,Sell,5930,0.007487,"{""T"":1789696064363,""s"":""PENGUUSDT"",""S"":""Sell"",""v"":""5930"",""p"":""0.007487""}"
2026-09-18T01:47:44.814621Z,1789696064363,TRUMPUSDT,Sell,2.7,2.004,"{""T"":1789696064363,""s"":""TRUMPUSDT"",""S"":""Sell"",""v"":""2.7"",""p"":""2.004""}"
2026-09-18T01:47:44.916356Z,1789696064363,DOGEUSDT,Sell,66,0.08284,"{""T"":1789696064363,""s"":""DOGEUSDT"",""S"":""Sell"",""v"":""66"",""p"":""0.08284""}"
2026-09-18T01:47:48.831310Z,1789696068403,PONSUSDT,Sell,80,0.7116,"{""T"":1789696068403,""s"":""PONSUSDT"",""S"":""Sell"",""v"":""80"",""p"":""0.7116""}"
2026-09-18T01:48:12.909533Z,1789696092606,CRVUSDT,Sell,824.0,0.3353,"{""T"":1789696092606,""s"":""CRVUSDT"",""S"":""Sell"",""v"":""824.0"",""p"":""0.3353""}"
2026-09-18T01:48:12.910029Z,1789696092606,SHIB1000USDT,Sell,24330,0.005285,"{""T"":1789696092606,""s"":""SHIB1000USDT"",""S"":""Sell"",""v"":""24330"",""p"":""0.005285""}"
2026-09-18T01:48:12.915592Z,1789696092606,DOGEUSDT,Sell,1546,0.08292,"{""T"":1789696092606,""s"":""DOGEUSDT"",""S"":""Sell"",""v"":""1546"",""p"":""0.08292""}"
2026-09-18T01:48:12.915945Z,1789696092526,ARBUSDT,Sell,13022.2,0.19850,"{""T"":1789696092526,""s"":""ARBUSDT"",""S"":""Sell"",""v"":""13022.2"",""p"":""0.19850""}"
2026-09-18T01:48:12.915945Z,1789696092606,ARBUSDT,Sell,1415.9,0.19858,"{""T"":1789696092606,""s"":""ARBUSDT"",""S"":""Sell"",""v"":""1415.9"",""p"":""0.19858""}"
2026-09-18T01:48:12.916235Z,1789696092606,1000PEPEUSDT,Sell,39800,0.0036830,"{""T"":1789696092606,""s"":""1000PEPEUSDT"",""S"":""Sell"",""v"":""39800"",""p"":""0.0036830""}"
2026-09-18T01:48:12.916473Z,1789696092605,ADAUSDT,Sell,615,0.2094,"{""T"":1789696092605,""s"":""ADAUSDT"",""S"":""Sell"",""v"":""615"",""p"":""0.2094""}"
2026-09-18T01:48:26.915947Z,1789696106765,ARBUSDT,Sell,50.8,0.19918,"{""T"":1789696106765,""s"":""ARBUSDT"",""S"":""Sell"",""v"":""50.8"",""p"":""0.19918""}"
2026-09-18T01:48:28.494173Z,1789696108245,OPUSDT,Sell,52.8,0.10499,"{""T"":1789696108245,""s"":""OPUSDT"",""S"":""Sell"",""v"":""52.8"",""p"":""0.10499""}"
2026-09-18T01:48:29.065188Z,1789696108754,SOLUSDT,Sell,88.0,102.920,"{""T"":1789696108754,""s"":""SOLUSDT"",""S"":""Sell"",""v"":""88.0"",""p"":""102.920""}"
2026-09-18T01:48:29.316130Z,1789696108754,HYPEUSDT,Sell,44.00,87.260,"{""T"":1789696108754,""s"":""HYPEUSDT"",""S"":""Sell"",""v"":""44.00"",""p"":""87.260""}"
2026-09-18T01:48:37.916203Z,1789696117640,ZECUSDT,Sell,1.50,1485.80,"{""T"":1789696117640,""s"":""ZECUSDT"",""S"":""Sell"",""v"":""1.50"",""p"":""1485.80""}"
2026-09-18T01:48:37.916203Z,1789696117806,ZECUSDT,Sell,0.20,1484.53,"{""T"":1789696117806,""s"":""ZECUSDT"",""S"":""Sell"",""v"":""0.20"",""p"":""1484.53""}"
2026-09-18T01:48:37.958671Z,1789696117640,ETHUSDT,Sell,1.00,2462.41,"{""T"":1789696117640,""s"":""ETHUSDT"",""S"":""Sell"",""v"":""1.00"",""p"":""2462.41""}"
2026-09-18T01:48:38.064707Z,1789696117640,SOLUSDT,Sell,40.0,102.930,"{""T"":1789696117640,""s"":""SOLUSDT"",""S"":""Sell"",""v"":""40.0"",""p"":""102.930""}"
2026-09-18T01:48:44.915825Z,1789696124762,ADAUSDT,Sell,3714,0.2099,"{""T"":1789696124762,""s"":""ADAUSDT"",""S"":""Sell"",""v"":""3714"",""p"":""0.2099""}"
2026-09-18T01:48:44.998322Z,1789696124762,INJUSDT,Sell,46.8,5.8530,"{""T"":1789696124762,""s"":""INJUSDT"",""S"":""Sell"",""v"":""46.8"",""p"":""5.8530""}"
2026-09-18T01:48:45.493544Z,1789696125147,SUIUSDT,Sell,10,0.76790,"{""T"":1789696125147,""s"":""SUIUSDT"",""S"":""Sell"",""v"":""10"",""p"":""0.76790""}"
2026-09-18T01:48:46.909977Z,1789696126544,CRVUSDT,Sell,50.0,0.3364,"{""T"":1789696126544,""s"":""CRVUSDT"",""S"":""Sell"",""v"":""50.0"",""p"":""0.3364""}"
2026-09-18T01:48:47.815247Z,1789696127364,HYPEUSDT,Sell,5.89,87.220,"{""T"":1789696127364,""s"":""HYPEUSDT"",""S"":""Sell"",""v"":""5.89"",""p"":""87.220""}"
2026-09-18T01:48:47.915812Z,1789696127364,ZECUSDT,Sell,0.79,1486.92,"{""T"":1789696127364,""s"":""ZECUSDT"",""S"":""Sell"",""v"":""0.79"",""p"":""1486.92""}"
2026-09-18T01:48:47.915812Z,1789696127644,ZECUSDT,Sell,0.01,1487.07,"{""T"":1789696127644,""s"":""ZECUSDT"",""S"":""Sell"",""v"":""0.01"",""p"":""1487.07""}"
2026-09-18T01:48:52.064501Z,1789696131657,SOLUSDT,Sell,47.5,103.020,"{""T"":1789696131657,""s"":""SOLUSDT"",""S"":""Sell"",""v"":""47.5"",""p"":""103.020""}"
2026-09-18T01:48:57.360716Z,1789696136896,WLDUSDT,Sell,24000.0,0.3977,"{""T"":1789696136896,""s"":""WLDUSDT"",""S"":""Sell"",""v"":""24000.0"",""p"":""0.3977""}"
2026-09-18T01:48:57.498552Z,1789696137385,LINKUSDT,Sell,18.0,11.573,"{""T"":1789696137385,""s"":""LINKUSDT"",""S"":""Sell"",""v"":""18.0"",""p"":""11.573""}"
2026-09-18T01:48:57.518704Z,1789696137385,NEARUSDT,Sell,76.5,3.2680,"{""T"":1789696137385,""s"":""NEARUSDT"",""S"":""Sell"",""v"":""76.5"",""p"":""3.2680""}"
2026-09-18T01:48:57.519151Z,1789696137384,AVAXUSDT,Sell,26.7,7.740,"{""T"":1789696137384,""s"":""AVAXUSDT"",""S"":""Sell"",""v"":""26.7"",""p"":""7.740""}"
2026-09-18T01:48:57.564458Z,1789696137384,SOLUSDT,Sell,0.9,102.970,"{""T"":1789696137384,""s"":""SOLUSDT"",""S"":""Sell"",""v"":""0.9"",""p"":""102.970""}"
2026-09-18T01:48:57.567347Z,1789696137384,BTCUSDT,Sell,0.007,76942.80,"{""T"":1789696137384,""s"":""BTCUSDT"",""S"":""Sell"",""v"":""0.007"",""p"":""76942.80""}"
2026-09-18T01:48:57.839680Z,1789696137384,XRPUSDT,Sell,76.8,1.3117,"{""T"":1789696137384,""s"":""XRPUSDT"",""S"":""Sell"",""v"":""76.8"",""p"":""1.3117""}"
2026-09-18T01:48:57.915702Z,1789696137385,ARBUSDT,Sell,592.1,0.19872,"{""T"":1789696137385,""s"":""ARBUSDT"",""S"":""Sell"",""v"":""592.1"",""p"":""0.19872""}"
2026-09-18T01:48:57.916238Z,1789696137384,ZECUSDT,Sell,0.14,1488.07,"{""T"":1789696137384,""s"":""ZECUSDT"",""S"":""Sell"",""v"":""0.14"",""p"":""1488.07""}"
2026-09-18T01:48:57.916238Z,1789696137633,ZECUSDT,Sell,0.08,1490.81,"{""T"":1789696137633,""s"":""ZECUSDT"",""S"":""Sell"",""v"":""0.08"",""p"":""1490.81""}"
2026-09-18T01:48:57.916238Z,1789696137679,ZECUSDT,Sell,1.18,1492.04,"{""T"":1789696137679,""s"":""ZECUSDT"",""S"":""Sell"",""v"":""1.18"",""p"":""1492.04""}"
2026-09-18T01:48:57.916238Z,1789696137725,ZECUSDT,Sell,0.94,1494.44,"{""T"":1789696137725,""s"":""ZECUSDT"",""S"":""Sell"",""v"":""0.94"",""p"":""1494.44""}"
2026-09-18T01:48:57.916238Z,1789696137820,ZECUSDT,Sell,0.03,1495.20,"{""T"":1789696137820,""s"":""ZECUSDT"",""S"":""Sell"",""v"":""0.03"",""p"":""1495.20""}"
2026-09-18T01:48:57.916238Z,1789696137820,ZECUSDT,Sell,0.05,1491.57,"{""T"":1789696137820,""s"":""ZECUSDT"",""S"":""Sell"",""v"":""0.05"",""p"":""1491.57""}"
2026-09-18T01:48:57.957516Z,1789696137385,ETHUSDT,Sell,0.16,2463.73,"{""T"":1789696137385,""s"":""ETHUSDT"",""S"":""Sell"",""v"":""0.16"",""p"":""2463.73""}"
2026-09-18T01:48:58.415798Z,1789696138073,ZECUSDT,Sell,0.41,1492.86,"{""T"":1789696138073,""s"":""ZECUSDT"",""S"":""Sell"",""v"":""0.41"",""p"":""1492.86""}"
2026-09-18T01:48:58.415798Z,1789696138106,ZECUSDT,Sell,0.15,1491.43,"{""T"":1789696138106,""s"":""ZECUSDT"",""S"":""Sell"",""v"":""0.15"",""p"":""1491.43""}"
2026-09-18T01:48:58.415798Z,1789696138270,ZECUSDT,Sell,0.01,1490.68,"{""T"":1789696138270,""s"":""ZECUSDT"",""S"":""Sell"",""v"":""0.01"",""p"":""1490.68""}"
2026-09-18T01:48:58.416330Z,1789696138106,UNIUSDT,Sell,3.7,7.869,"{""T"":1789696138106,""s"":""UNIUSDT"",""S"":""Sell"",""v"":""3.7"",""p"":""7.869""}"
2026-09-18T01:48:58.416665Z,1789696138106,ARBUSDT,Sell,204.2,0.19790,"{""T"":1789696138106,""s"":""ARBUSDT"",""S"":""Sell"",""v"":""204.2"",""p"":""0.19790""}"
2026-09-18T01:48:58.916112Z,1789696138349,ZECUSDT,Sell,0.10,1492.67,"{""T"":1789696138349,""s"":""ZECUSDT"",""S"":""Sell"",""v"":""0.10"",""p"":""1492.67""}"
2026-09-18T01:48:58.916112Z,1789696138416,ZECUSDT,Sell,0.02,1492.12,"{""T"":1789696138416,""s"":""ZECUSDT"",""S"":""Sell"",""v"":""0.02"",""p"":""1492.12""}"
2026-09-18T01:48:58.916594Z,1789696138823,ARBUSDT,Sell,42.2,0.19869,"{""T"":1789696138823,""s"":""ARBUSDT"",""S"":""Sell"",""v"":""42.2"",""p"":""0.19869""}"
2026-09-18T01:48:59.017220Z,1789696138823,NEARUSDT,Sell,4.1,3.2690,"{""T"":1789696138823,""s"":""NEARUSDT"",""S"":""Sell"",""v"":""4.1"",""p"":""3.2690""}"
2026-09-18T01:48:59.315120Z,1789696138823,HYPEUSDT,Sell,0.21,87.280,"{""T"":1789696138823,""s"":""HYPEUSDT"",""S"":""Sell"",""v"":""0.21"",""p"":""87.280""}"
2026-09-18T01:49:01.994208Z,1789696141696,OPUSDT,Sell,1189.5,0.10512,"{""T"":1789696141696,""s"":""OPUSDT"",""S"":""Sell"",""v"":""1189.5"",""p"":""0.10512""}"
2026-09-18T01:49:03.993505Z,1789696143785,SUIUSDT,Sell,2300,0.76820,"{""T"":1789696143785,""s"":""SUIUSDT"",""S"":""Sell"",""v"":""2300"",""p"":""0.76820""}"
2026-09-18T01:49:04.064201Z,1789696143661,SOLUSDT,Sell,4.7,103.040,"{""T"":1789696143661,""s"":""SOLUSDT"",""S"":""Sell"",""v"":""4.7"",""p"":""103.040""}"
2026-09-18T01:49:04.064201Z,1789696143764,SOLUSDT,Sell,200.0,103.020,"{""T"":1789696143764,""s"":""SOLUSDT"",""S"":""Sell"",""v"":""200.0"",""p"":""103.020""}"
2026-09-18T01:49:04.564294Z,1789696144306,SOLUSDT,Sell,70.4,103.050,"{""T"":1789696144306,""s"":""SOLUSDT"",""S"":""Sell"",""v"":""70.4"",""p"":""103.050""}"
2026-09-18T01:49:04.564294Z,1789696144347,SOLUSDT,Sell,8.2,103.030,"{""T"":1789696144347,""s"":""SOLUSDT"",""S"":""Sell"",""v"":""8.2"",""p"":""103.030""}"
2026-09-18T01:49:04.993594Z,1789696144885,SUIUSDT,Sell,140,0.76850,"{""T"":1789696144885,""s"":""SUIUSDT"",""S"":""Sell"",""v"":""140"",""p"":""0.76850""}"
2026-09-18T01:49:05.494407Z,1789696145115,SUIUSDT,Sell,1010,0.76860,"{""T"":1789696145115,""s"":""SUIUSDT"",""S"":""Sell"",""v"":""1010"",""p"":""0.76860""}"
2026-09-18T01:49:05.564514Z,1789696145019,SOLUSDT,Sell,4.2,103.040,"{""T"":1789696145019,""s"":""SOLUSDT"",""S"":""Sell"",""v"":""4.2"",""p"":""103.040""}"
2026-09-18T01:49:05.839642Z,1789696145371,XRPUSDT,Sell,24.6,1.3124,"{""T"":1789696145371,""s"":""XRPUSDT"",""S"":""Sell"",""v"":""24.6"",""p"":""1.3124""}"
2026-09-18T01:49:08.915680Z,1789696148470,ZECUSDT,Sell,0.20,1496.59,"{""T"":1789696148470,""s"":""ZECUSDT"",""S"":""Sell"",""v"":""0.20"",""p"":""1496.59""}"
2026-09-18T01:49:09.993508Z,1789696149415,SUIUSDT,Sell,1020,0.76880,"{""T"":1789696149415,""s"":""SUIUSDT"",""S"":""Sell"",""v"":""1020"",""p"":""0.76880""}"
2026-09-18T01:49:10.827155Z,1789696150333,ENAUSDT,Sell,9683,0.16170,"{""T"":1789696150333,""s"":""ENAUSDT"",""S"":""Sell"",""v"":""9683"",""p"":""0.16170""}"
2026-09-18T01:49:25.827204Z,1789696165539,ENAUSDT,Sell,2344,0.16176,"{""T"":1789696165539,""s"":""ENAUSDT"",""S"":""Sell"",""v"":""2344"",""p"":""0.16176""}"
2026-09-18T01:49:44.067638Z,1789696183946,BTCUSDT,Sell,0.004,76974.80,"{""T"":1789696183946,""s"":""BTCUSDT"",""S"":""Sell"",""v"":""0.004"",""p"":""76974.80""}"
2026-09-18T01:49:46.493676Z,1789696186382,OPUSDT,Sell,238.7,0.10531,"{""T"":1789696186382,""s"":""OPUSDT"",""S"":""Sell"",""v"":""238.7"",""p"":""0.10531""}"
2026-09-18T01:49:46.993560Z,1789696186782,OPUSDT,Sell,976.5,0.10532,"{""T"":1789696186782,""s"":""OPUSDT"",""S"":""Sell"",""v"":""976.5"",""p"":""0.10532""}"
2026-09-18T01:49:50.314624Z,1789696190083,XPLUSDT,Sell,20000,0.08925,"{""T"":1789696190083,""s"":""XPLUSDT"",""S"":""Sell"",""v"":""20000"",""p"":""0.08925""}"
2026-09-18T01:49:50.360702Z,1789696190082,WLDUSDT,Sell,4000.0,0.3990,"{""T"":1789696190082,""s"":""WLDUSDT"",""S"":""Sell"",""v"":""4000.0"",""p"":""0.3990""}"
2026-09-18T01:49:50.361141Z,1789696190082,APTUSDT,Sell,2500.00,0.6225,"{""T"":1789696190082,""s"":""APTUSDT"",""S"":""Sell"",""v"":""2500.00"",""p"":""0.6225""}"
2026-09-18T01:49:50.409349Z,1789696190083,GALAUSDT,Sell,900000,0.001877,"{""T"":1789696190083,""s"":""GALAUSDT"",""S"":""Sell"",""v"":""900000"",""p"":""0.001877""}"
2026-09-18T01:49:50.415935Z,1789696190083,ADAUSDT,Sell,3500,0.2103,"{""T"":1789696190083,""s"":""ADAUSDT"",""S"":""Sell"",""v"":""3500"",""p"":""0.2103""}"
2026-09-18T01:49:50.416543Z,1789696190083,DOTUSDT,Sell,1500.0,1.1139,"{""T"":1789696190083,""s"":""DOTUSDT"",""S"":""Sell"",""v"":""1500.0"",""p"":""1.1139""}"
2026-09-18T01:49:50.493658Z,1789696190083,OPUSDT,Sell,10000.0,0.10531,"{""T"":1789696190083,""s"":""OPUSDT"",""S"":""Sell"",""v"":""10000.0"",""p"":""0.10531""}"
2026-09-18T01:49:50.498499Z,1789696190082,INJUSDT,Sell,330.0,5.8670,"{""T"":1789696190082,""s"":""INJUSDT"",""S"":""Sell"",""v"":""330.0"",""p"":""5.8670""}"
2026-09-18T01:49:50.498836Z,1789696190083,LINKUSDT,Sell,200.0,11.578,"{""T"":1789696190083,""s"":""LINKUSDT"",""S"":""Sell"",""v"":""200.0"",""p"":""11.578""}"
2026-09-18T01:49:50.517458Z,1789696190082,NEARUSDT,Sell,2000.0,3.2720,"{""T"":1789696190082,""s"":""NEARUSDT"",""S"":""Sell"",""v"":""2000.0"",""p"":""3.2720""}"
2026-09-18T01:49:50.564509Z,1789696190083,SOLUSDT,Sell,30.0,103.030,"{""T"":1789696190083,""s"":""SOLUSDT"",""S"":""Sell"",""v"":""30.0"",""p"":""103.030""}"
2026-09-18T01:49:50.564962Z,1789696190082,BNBUSDT,Sell,2.00,748.50,"{""T"":1789696190082,""s"":""BNBUSDT"",""S"":""Sell"",""v"":""2.00"",""p"":""748.50""}"
2026-09-18T01:49:54.564926Z,1789696194287,SOLUSDT,Sell,0.3,103.070,"{""T"":1789696194287,""s"":""SOLUSDT"",""S"":""Sell"",""v"":""0.3"",""p"":""103.070""}"
2026-09-18T01:49:59.564822Z,1789696199160,SOLUSDT,Sell,1.1,103.080,"{""T"":1789696199160,""s"":""SOLUSDT"",""S"":""Sell"",""v"":""1.1"",""p"":""103.080""}"
2026-09-18T01:50:00.065310Z,1789696199921,SOLUSDT,Sell,90.6,103.090,"{""T"":1789696199921,""s"":""SOLUSDT"",""S"":""Sell"",""v"":""90.6"",""p"":""103.090""}"
2026-09-18T01:50:02.915872Z,1789696202494,ZECUSDT,Sell,0.03,1497.55,"{""T"":1789696202494,""s"":""ZECUSDT"",""S"":""Sell"",""v"":""0.03"",""p"":""1497.55""}"
2026-09-18T01:50:02.915872Z,1789696202662,ZECUSDT,Sell,1.37,1497.06,"{""T"":1789696202662,""s"":""ZECUSDT"",""S"":""Sell"",""v"":""1.37"",""p"":""1497.06""}"
2026-09-18T01:50:04.415792Z,1789696204182,ZECUSDT,Sell,0.01,1498.14,"{""T"":1789696204182,""s"":""ZECUSDT"",""S"":""Sell"",""v"":""0.01"",""p"":""1498.14""}"
2026-09-18T01:50:04.415792Z,1789696204327,ZECUSDT,Sell,0.51,1498.33,"{""T"":1789696204327,""s"":""ZECUSDT"",""S"":""Sell"",""v"":""0.51"",""p"":""1498.33""}"
2026-09-18T01:50:04.637187Z,1789696204162,AKEUSDT,Sell,12800,0.0223050,"{""T"":1789696204162,""s"":""AKEUSDT"",""S"":""Sell"",""v"":""12800"",""p"":""0.0223050""}"
2026-09-18T01:50:04.637187Z,1789696204528,AKEUSDT,Sell,5200,0.0223350,"{""T"":1789696204528,""s"":""AKEUSDT"",""S"":""Sell"",""v"":""5200"",""p"":""0.0223350""}"
2026-09-18T01:50:05.637679Z,1789696205164,AKEUSDT,Sell,1800,0.0223920,"{""T"":1789696205164,""s"":""AKEUSDT"",""S"":""Sell"",""v"":""1800"",""p"":""0.0223920""}"
2026-09-18T01:50:08.915771Z,1789696208704,UNIUSDT,Sell,32.4,7.909,"{""T"":1789696208704,""s"":""UNIUSDT"",""S"":""Sell"",""v"":""32.4"",""p"":""7.909""}"
2026-09-18T01:50:09.065231Z,1789696208704,SOLUSDT,Sell,12.5,103.070,"{""T"":1789696208704,""s"":""SOLUSDT"",""S"":""Sell"",""v"":""12.5"",""p"":""103.070""}"
2026-09-18T01:50:13.326503Z,1789696213193,POLUSDT,Sell,775,0.09904,"{""T"":1789696213193,""s"":""POLUSDT"",""S"":""Sell"",""v"":""775"",""p"":""0.09904""}"
2026-09-18T01:50:14.339041Z,1789696214056,LITUSDT,Sell,61.6,4.9070,"{""T"":1789696214056,""s"":""LITUSDT"",""S"":""Sell"",""v"":""61.6"",""p"":""4.9070""}"
2026-09-18T01:50:19.064195Z,1789696218927,SOLUSDT,Sell,49.4,103.120,"{""T"":1789696218927,""s"":""SOLUSDT"",""S"":""Sell"",""v"":""49.4"",""p"":""103.120""}"
2026-09-18T01:50:23.326593Z,1789696222850,ENAUSDT,Sell,4921,0.16250,"{""T"":1789696222850,""s"":""ENAUSDT"",""S"":""Sell"",""v"":""4921"",""p"":""0.16250""}"
2026-09-18T01:50:27.415750Z,1789696227161,ARBUSDT,Buy,26.3,0.19324,"{""T"":1789696227161,""s"":""ARBUSDT"",""S"":""Buy"",""v"":""26.3"",""p"":""0.19324""}"
2026-09-18T01:50:40.314994Z,1789696239981,PUMPFUNUSDT,Sell,231600,0.0041060,"{""T"":1789696239981,""s"":""PUMPFUNUSDT"",""S"":""Sell"",""v"":""231600"",""p"":""0.0041060""}"
2026-09-18T01:50:40.326320Z,1789696239980,ENAUSDT,Sell,4050,0.16237,"{""T"":1789696239980,""s"":""ENAUSDT"",""S"":""Sell"",""v"":""4050"",""p"":""0.16237""}"
2026-09-18T01:50:40.339524Z,1789696239980,AAVEUSDT,Sell,0.84,130.92,"{""T"":1789696239980,""s"":""AAVEUSDT"",""S"":""Sell"",""v"":""0.84"",""p"":""130.92""}"
2026-09-18T01:50:40.564556Z,1789696239980,SOLUSDT,Sell,0.9,103.050,"{""T"":1789696239980,""s"":""SOLUSDT"",""S"":""Sell"",""v"":""0.9"",""p"":""103.050""}"
2026-09-18T01:51:04.494452Z,1789696264253,SUIUSDT,Sell,1840,0.76950,"{""T"":1789696264253,""s"":""SUIUSDT"",""S"":""Sell"",""v"":""1840"",""p"":""0.76950""}"
2026-09-18T01:51:05.564794Z,1789696265158,SOLUSDT,Sell,0.1,103.160,"{""T"":1789696265158,""s"":""SOLUSDT"",""S"":""Sell"",""v"":""0.1"",""p"":""103.160""}"
2026-09-18T01:51:05.564794Z,1789696265385,SOLUSDT,Sell,2.5,103.150,"{""T"":1789696265385,""s"":""SOLUSDT"",""S"":""Sell"",""v"":""2.5"",""p"":""103.150""}"
2026-09-18T01:51:05.839037Z,1789696265385,XRPUSDT,Sell,74.4,1.3108,"{""T"":1789696265385,""s"":""XRPUSDT"",""S"":""Sell"",""v"":""74.4"",""p"":""1.3108""}"
2026-09-18T01:51:06.064399Z,1789696265661,SOLUSDT,Sell,0.1,103.180,"{""T"":1789696265661,""s"":""SOLUSDT"",""S"":""Sell"",""v"":""0.1"",""p"":""103.180""}"
2026-09-18T01:51:06.064399Z,1789696265740,SOLUSDT,Sell,1.4,103.160,"{""T"":1789696265740,""s"":""SOLUSDT"",""S"":""Sell"",""v"":""1.4"",""p"":""103.160""}"
2026-09-18T01:51:06.315029Z,1789696266144,XPLUSDT,Sell,3083,0.08924,"{""T"":1789696266144,""s"":""XPLUSDT"",""S"":""Sell"",""v"":""3083"",""p"":""0.08924""}"
2026-09-18T01:51:06.315561Z,1789696266144,TRUMPUSDT,Sell,137.0,2.010,"{""T"":1789696266144,""s"":""TRUMPUSDT"",""S"":""Sell"",""v"":""137.0"",""p"":""2.010""}"
2026-09-18T01:51:06.415809Z,1789696266144,ADAUSDT,Sell,1331,0.2105,"{""T"":1789696266144,""s"":""ADAUSDT"",""S"":""Sell"",""v"":""1331"",""p"":""0.2105""}"
2026-09-18T01:51:06.416265Z,1789696266144,1000PEPEUSDT,Sell,73800,0.0036910,"{""T"":1789696266144,""s"":""1000PEPEUSDT"",""S"":""Sell"",""v"":""73800"",""p"":""0.0036910""}"
2026-09-18T01:51:06.494236Z,1789696266144,SUIUSDT,Sell,360,0.77010,"{""T"":1789696266144,""s"":""SUIUSDT"",""S"":""Sell"",""v"":""360"",""p"":""0.77010""}"
2026-09-18T01:51:11.916042Z,1789696271808,ZECUSDT,Sell,3.07,1500.37,"{""T"":1789696271808,""s"":""ZECUSDT"",""S"":""Sell"",""v"":""3.07"",""p"":""1500.37""}"
2026-09-18T01:51:12.415688Z,1789696271935,ZECUSDT,Sell,0.10,1500.46,"{""T"":1789696271935,""s"":""ZECUSDT"",""S"":""Sell"",""v"":""0.10"",""p"":""1500.46""}"
2026-09-18T01:51:12.915737Z,1789696272685,ZECUSDT,Sell,2.91,1501.47,"{""T"":1789696272685,""s"":""ZECUSDT"",""S"":""Sell"",""v"":""2.91"",""p"":""1501.47""}"
2026-09-18T01:51:12.993595Z,1789696272591,SUIUSDT,Sell,2010,0.77090,"{""T"":1789696272591,""s"":""SUIUSDT"",""S"":""Sell"",""v"":""2010"",""p"":""0.77090""}"
2026-09-18T01:51:14.498516Z,1789696274278,LINKUSDT,Sell,37.6,11.602,"{""T"":1789696274278,""s"":""LINKUSDT"",""S"":""Sell"",""v"":""37.6"",""p"":""11.602""}"
2026-09-18T01:51:14.564319Z,1789696274241,SOLUSDT,Sell,0.5,103.210,"{""T"":1789696274241,""s"":""SOLUSDT"",""S"":""Sell"",""v"":""0.5"",""p"":""103.210""}"
2026-09-18T01:51:14.564319Z,1789696274368,SOLUSDT,Sell,15.0,103.220,"{""T"":1789696274368,""s"":""SOLUSDT"",""S"":""Sell"",""v"":""15.0"",""p"":""103.220""}"
2026-09-18T01:51:14.993611Z,1789696274476,SUIUSDT,Sell,27000,0.77110,"{""T"":1789696274476,""s"":""SUIUSDT"",""S"":""Sell"",""v"":""27000"",""p"":""0.77110""}"
2026-09-18T01:51:15.064263Z,1789696274573,SOLUSDT,Sell,35.2,103.190,"{""T"":1789696274573,""s"":""SOLUSDT"",""S"":""Sell"",""v"":""35.2"",""p"":""103.190""}"
2026-09-18T01:51:16.314836Z,1789696275922,TRUMPUSDT,Sell,515.8,2.015,"{""T"":1789696275922,""s"":""TRUMPUSDT"",""S"":""Sell"",""v"":""515.8"",""p"":""2.015""}"
2026-09-18T01:51:27.919295Z,1789696287443,ADAUSDT,Sell,40149,0.2105,"{""T"":1789696287443,""s"":""ADAUSDT"",""S"":""Sell"",""v"":""40149"",""p"":""0.2105""}"
2026-09-18T01:51:31.064484Z,1789696290872,SOLUSDT,Sell,0.1,103.240,"{""T"":1789696290872,""s"":""SOLUSDT"",""S"":""Sell"",""v"":""0.1"",""p"":""103.240""}"
2026-09-18T01:51:31.064484Z,1789696290874,SOLUSDT,Sell,69.8,103.230,"{""T"":1789696290874,""s"":""SOLUSDT"",""S"":""Sell"",""v"":""69.8"",""p"":""103.230""}"
2026-09-18T01:51:32.814873Z,1789696292673,XPLUSDT,Sell,22500,0.08944,"{""T"":1789696292673,""s"":""XPLUSDT"",""S"":""Sell"",""v"":""22500"",""p"":""0.08944""}"
2026-09-18T01:51:35.339042Z,1789696294789,XRPUSDT,Sell,612.9,1.3127,"{""T"":1789696294789,""s"":""XRPUSDT"",""S"":""Sell"",""v"":""612.9"",""p"":""1.3127""}"
2026-09-18T01:51:39.456959Z,1789696298948,ETHUSDT,Sell,0.03,2466.48,"{""T"":1789696298948,""s"":""ETHUSDT"",""S"":""Sell"",""v"":""0.03"",""p"":""2466.48""}"
2026-09-18T01:51:39.565014Z,1789696299422,SOLUSDT,Sell,12.9,103.290,"{""T"":1789696299422,""s"":""SOLUSDT"",""S"":""Sell"",""v"":""12.9"",""p"":""103.290""}"
2026-09-18T01:51:40.564508Z,1789696299978,SOLUSDT,Sell,96.8,103.300,"{""T"":1789696299978,""s"":""SOLUSDT"",""S"":""Sell"",""v"":""96.8"",""p"":""103.300""}"
2026-09-18T01:51:41.064385Z,1789696300536,SOLUSDT,Sell,400.0,103.280,"{""T"":1789696300536,""s"":""SOLUSDT"",""S"":""Sell"",""v"":""400.0"",""p"":""103.280""}"
2026-09-18T01:51:41.064385Z,1789696300666,SOLUSDT,Sell,2.0,103.300,"{""T"":1789696300666,""s"":""SOLUSDT"",""S"":""Sell"",""v"":""2.0"",""p"":""103.300""}"
2026-09-18T01:51:42.415825Z,1789696302124,DOGEUSDT,Sell,31656,0.08309,"{""T"":1789696302124,""s"":""DOGEUSDT"",""S"":""Sell"",""v"":""31656"",""p"":""0.08309""}"
2026-09-18T01:51:43.564287Z,1789696303267,SOLUSDT,Sell,7.0,103.360,"{""T"":1789696303267,""s"":""SOLUSDT"",""S"":""Sell"",""v"":""7.0"",""p"":""103.360""}"
2026-09-18T01:51:45.415835Z,1789696304966,1000PEPEUSDT,Sell,10600,0.0036970,"{""T"":1789696304966,""s"":""1000PEPEUSDT"",""S"":""Sell"",""v"":""10600"",""p"":""0.0036970""}"
2026-09-18T01:52:20.998205Z,1789696340747,AVAUSDT,Sell,1170.1,0.3044,"{""T"":1789696340747,""s"":""AVAUSDT"",""S"":""Sell"",""v"":""1170.1"",""p"":""0.3044""}"
2026-09-18T01:52:20.998205Z,1789696340901,AVAUSDT,Sell,26.8,0.3044,"{""T"":1789696340901,""s"":""AVAUSDT"",""S"":""Sell"",""v"":""26.8"",""p"":""0.3044""}"
2026-09-18T01:52:21.498760Z,1789696341310,AVAUSDT,Sell,392.6,0.3056,"{""T"":1789696341310,""s"":""AVAUSDT"",""S"":""Sell"",""v"":""392.6"",""p"":""0.3056""}"
2026-09-18T01:52:21.998186Z,1789696341433,AVAUSDT,Sell,271.7,0.3060,"{""T"":1789696341433,""s"":""AVAUSDT"",""S"":""Sell"",""v"":""271.7"",""p"":""0.3060""}"
2026-09-18T01:52:21.998186Z,1789696341680,AVAUSDT,Sell,336.9,0.3056,"{""T"":1789696341680,""s"":""AVAUSDT"",""S"":""Sell"",""v"":""336.9"",""p"":""0.3056""}"
2026-09-18T01:52:21.998186Z,1789696341713,AVAUSDT,Sell,8636.5,0.3050,"{""T"":1789696341713,""s"":""AVAUSDT"",""S"":""Sell"",""v"":""8636.5"",""p"":""0.3050""}"
2026-09-18T01:52:23.339547Z,1789696342958,AAVEUSDT,Sell,1.04,131.36,"{""T"":1789696342958,""s"":""AAVEUSDT"",""S"":""Sell"",""v"":""1.04"",""p"":""131.36""}"
2026-09-18T01:52:24.498836Z,1789696344057,AVAUSDT,Sell,3712.9,0.3069,"{""T"":1789696344057,""s"":""AVAUSDT"",""S"":""Sell"",""v"":""3712.9"",""p"":""0.3069""}"
2026-09-18T01:53:34.498251Z,1789696414196,COTIUSDT,Sell,16648,0.023941,"{""T"":1789696414196,""s"":""COTIUSDT"",""S"":""Sell"",""v"":""16648"",""p"":""0.023941""}"
2026-09-18T01:53:37.957684Z,1789696417437,ETHUSDT,Sell,12.83,2466.92,"{""T"":1789696417437,""s"":""ETHUSDT"",""S"":""Sell"",""v"":""12.83"",""p"":""2466.92""}"
2026-09-18T01:53:44.326475Z,1789696423774,FARTCOINUSDT,Sell,577,0.15196,"{""T"":1789696423774,""s"":""FARTCOINUSDT"",""S"":""Sell"",""v"":""577"",""p"":""0.15196""}"
2026-09-18T01:53:44.826908Z,1789696424540,FARTCOINUSDT,Sell,162,0.15198,"{""T"":1789696424540,""s"":""FARTCOINUSDT"",""S"":""Sell"",""v"":""162"",""p"":""0.15198""}"
2026-09-18T01:53:53.326385Z,1789696433068,FARTCOINUSDT,Sell,2762,0.15199,"{""T"":1789696433068,""s"":""FARTCOINUSDT"",""S"":""Sell"",""v"":""2762"",""p"":""0.15199""}"
2026-09-18T01:54:05.014565Z,1789696444668,AVAUSDT,Sell,277.9,0.3083,"{""T"":1789696444668,""s"":""AVAUSDT"",""S"":""Sell"",""v"":""277.9"",""p"":""0.3083""}"
2026-09-18T01:54:14.513453Z,1789696454296,AVAUSDT,Sell,47.9,0.3091,"{""T"":1789696454296,""s"":""AVAUSDT"",""S"":""Sell"",""v"":""47.9"",""p"":""0.3091""}"
2026-09-18T01:54:15.013274Z,1789696454425,AVAUSDT,Sell,305.9,0.3101,"{""T"":1789696454425,""s"":""AVAUSDT"",""S"":""Sell"",""v"":""305.9"",""p"":""0.3101""}"
2026-09-18T01:54:15.013274Z,1789696454465,AVAUSDT,Sell,769.2,0.3094,"{""T"":1789696454465,""s"":""AVAUSDT"",""S"":""Sell"",""v"":""769.2"",""p"":""0.3094""}"
2026-09-18T01:54:15.013274Z,1789696454846,AVAUSDT,Sell,1373.9,0.3118,"{""T"":1789696454846,""s"":""AVAUSDT"",""S"":""Sell"",""v"":""1373.9"",""p"":""0.3118""}"
2026-09-18T01:54:16.014689Z,1789696455500,AVAUSDT,Sell,151.5,0.3132,"{""T"":1789696455500,""s"":""AVAUSDT"",""S"":""Sell"",""v"":""151.5"",""p"":""0.3132""}"
2026-09-18T01:54:17.013654Z,1789696456894,AVAUSDT,Sell,1038.7,0.3152,"{""T"":1789696456894,""s"":""AVAUSDT"",""S"":""Sell"",""v"":""1038.7"",""p"":""0.3152""}"
2026-09-18T01:54:19.013882Z,1789696458471,AVAUSDT,Sell,685.9,0.3157,"{""T"":1789696458471,""s"":""AVAUSDT"",""S"":""Sell"",""v"":""685.9"",""p"":""0.3157""}"
2026-09-18T01:54:19.513960Z,1789696458985,AVAUSDT,Sell,132.5,0.3157,"{""T"":1789696458985,""s"":""AVAUSDT"",""S"":""Sell"",""v"":""132.5"",""p"":""0.3157""}"
2026-09-18T01:54:20.513531Z,1789696460014,AVAUSDT,Sell,132.8,0.3172,"{""T"":1789696460014,""s"":""AVAUSDT"",""S"":""Sell"",""v"":""132.8"",""p"":""0.3172""}"
2026-09-18T01:54:20.513531Z,1789696460403,AVAUSDT,Sell,199.2,0.3170,"{""T"":1789696460403,""s"":""AVAUSDT"",""S"":""Sell"",""v"":""199.2"",""p"":""0.3170""}"
2026-09-18T01:54:23.424523Z,1789696463286,SHIB1000USDT,Sell,424990,0.005301,"{""T"":1789696463286,""s"":""SHIB1000USDT"",""S"":""Sell"",""v"":""424990"",""p"":""0.005301""}"
2026-09-18T01:55:22.513648Z,1789696522144,COTIUSDT,Buy,35566,0.022946,"{""T"":1789696522144,""s"":""COTIUSDT"",""S"":""Buy"",""v"":""35566"",""p"":""0.022946""}"
2026-09-18T01:55:48.330338Z,1789696548029,XPLUSDT,Buy,16221,0.08752,"{""T"":1789696548029,""s"":""XPLUSDT"",""S"":""Buy"",""v"":""16221"",""p"":""0.08752""}"
2026-09-18T01:57:18.430835Z,1789696637997,UNIUSDT,Sell,176.2,7.960,"{""T"":1789696637997,""s"":""UNIUSDT"",""S"":""Sell"",""v"":""176.2"",""p"":""7.960""}"
2026-09-18T01:57:18.430835Z,1789696638037,UNIUSDT,Sell,30.9,7.962,"{""T"":1789696638037,""s"":""UNIUSDT"",""S"":""Sell"",""v"":""30.9"",""p"":""7.962""}"
2026-09-18T01:57:18.430835Z,1789696638323,UNIUSDT,Sell,349.4,7.959,"{""T"":1789696638323,""s"":""UNIUSDT"",""S"":""Sell"",""v"":""349.4"",""p"":""7.959""}"
2026-09-18T01:57:48.430719Z,1789696668288,UNIUSDT,Sell,60.0,8.016,"{""T"":1789696668288,""s"":""UNIUSDT"",""S"":""Sell"",""v"":""60.0"",""p"":""8.016""}"
2026-09-18T01:57:48.854422Z,1789696668740,AAVEUSDT,Sell,24.00,131.60,"{""T"":1789696668740,""s"":""AAVEUSDT"",""S"":""Sell"",""v"":""24.00"",""p"":""131.60""}"
2026-09-18T01:57:48.931110Z,1789696668356,UNIUSDT,Sell,444.1,8.043,"{""T"":1789696668356,""s"":""UNIUSDT"",""S"":""Sell"",""v"":""444.1"",""p"":""8.043""}"
2026-09-18T01:57:48.931110Z,1789696668474,UNIUSDT,Sell,68.0,7.997,"{""T"":1789696668474,""s"":""UNIUSDT"",""S"":""Sell"",""v"":""68.0"",""p"":""7.997""}"
2026-09-18T01:57:48.931110Z,1789696668604,UNIUSDT,Sell,743.0,7.975,"{""T"":1789696668604,""s"":""UNIUSDT"",""S"":""Sell"",""v"":""743.0"",""p"":""7.975""}"
2026-09-18T01:57:48.931110Z,1789696668740,UNIUSDT,Sell,277.1,8.029,"{""T"":1789696668740,""s"":""UNIUSDT"",""S"":""Sell"",""v"":""277.1"",""p"":""8.029""}"
2026-09-18T01:57:48.931110Z,1789696668812,UNIUSDT,Sell,10.0,7.990,"{""T"":1789696668812,""s"":""UNIUSDT"",""S"":""Sell"",""v"":""10.0"",""p"":""7.990""}"
2026-09-18T01:57:49.424519Z,1789696669140,BCHUSDT,Buy,1.84,234.50,"{""T"":1789696669140,""s"":""BCHUSDT"",""S"":""Buy"",""v"":""1.84"",""p"":""234.50""}"
2026-09-18T01:57:49.430902Z,1789696668890,UNIUSDT,Sell,200.3,8.015,"{""T"":1789696668890,""s"":""UNIUSDT"",""S"":""Sell"",""v"":""200.3"",""p"":""8.015""}"
2026-09-18T01:57:49.430902Z,1789696668937,UNIUSDT,Sell,13.0,7.993,"{""T"":1789696668937,""s"":""UNIUSDT"",""S"":""Sell"",""v"":""13.0"",""p"":""7.993""}"
2026-09-18T01:57:49.430902Z,1789696669095,UNIUSDT,Sell,2.9,7.999,"{""T"":1789696669095,""s"":""UNIUSDT"",""S"":""Sell"",""v"":""2.9"",""p"":""7.999""}"
2026-09-18T01:57:49.430902Z,1789696669140,UNIUSDT,Sell,157.8,8.052,"{""T"":1789696669140,""s"":""UNIUSDT"",""S"":""Sell"",""v"":""157.8"",""p"":""8.052""}"
2026-09-18T01:57:49.430902Z,1789696669219,UNIUSDT,Sell,1.7,7.995,"{""T"":1789696669219,""s"":""UNIUSDT"",""S"":""Sell"",""v"":""1.7"",""p"":""7.995""}"
2026-09-18T01:57:49.431342Z,1789696669140,ZECUSDT,Sell,0.78,1491.19,"{""T"":1789696669140,""s"":""ZECUSDT"",""S"":""Sell"",""v"":""0.78"",""p"":""1491.19""}"
2026-09-18T01:57:49.431671Z,1789696669140,ADAUSDT,Sell,2600,0.2105,"{""T"":1789696669140,""s"":""ADAUSDT"",""S"":""Sell"",""v"":""2600"",""p"":""0.2105""}"
2026-09-18T01:57:49.472408Z,1789696669140,ETHUSDT,Sell,0.16,2464.20,"{""T"":1789696669140,""s"":""ETHUSDT"",""S"":""Sell"",""v"":""0.16"",""p"":""2464.20""}"
2026-09-18T01:57:49.579620Z,1789696669140,SOLUSDT,Sell,4.0,102.980,"{""T"":1789696669140,""s"":""SOLUSDT"",""S"":""Sell"",""v"":""4.0"",""p"":""102.980""}"
2026-09-18T01:57:49.875837Z,1789696669335,APTUSDT,Sell,98.13,0.6249,"{""T"":1789696669335,""s"":""APTUSDT"",""S"":""Sell"",""v"":""98.13"",""p"":""0.6249""}"
2026-09-18T01:57:49.930866Z,1789696669732,UNIUSDT,Sell,30.3,8.051,"{""T"":1789696669732,""s"":""UNIUSDT"",""S"":""Sell"",""v"":""30.3"",""p"":""8.051""}"
2026-09-18T01:57:50.032809Z,1789696669868,AVAXUSDT,Sell,721.9,7.757,"{""T"":1789696669868,""s"":""AVAXUSDT"",""S"":""Sell"",""v"":""721.9"",""p"":""7.757""}"
2026-09-18T01:57:50.431187Z,1789696670004,ADAUSDT,Sell,30000,0.2109,"{""T"":1789696670004,""s"":""ADAUSDT"",""S"":""Sell"",""v"":""30000"",""p"":""0.2109""}"
2026-09-18T01:57:50.431770Z,1789696670004,ARBUSDT,Sell,20000.0,0.19800,"{""T"":1789696670004,""s"":""ARBUSDT"",""S"":""Sell"",""v"":""20000.0"",""p"":""0.19800""}"
2026-09-18T01:57:50.472205Z,1789696670004,ETHUSDT,Sell,1.60,2466.71,"{""T"":1789696670004,""s"":""ETHUSDT"",""S"":""Sell"",""v"":""1.60"",""p"":""2466.71""}"
2026-09-18T01:57:50.513496Z,1789696670004,DASHUSDT,Sell,81.98,61.63,"{""T"":1789696670004,""s"":""DASHUSDT"",""S"":""Sell"",""v"":""81.98"",""p"":""61.63""}"
2026-09-18T01:57:57.854159Z,1789696677747,LITUSDT,Sell,1026.2,4.9250,"{""T"":1789696677747,""s"":""LITUSDT"",""S"":""Sell"",""v"":""1026.2"",""p"":""4.9250""}"
2026-09-18T01:57:59.424626Z,1789696678833,GALAUSDT,Sell,2841,0.001883,"{""T"":1789696678833,""s"":""GALAUSDT"",""S"":""Sell"",""v"":""2841"",""p"":""0.001883""}"
2026-09-18T01:58:05.924458Z,1789696685439,GALAUSDT,Sell,2689618,0.001883,"{""T"":1789696685439,""s"":""GALAUSDT"",""S"":""Sell"",""v"":""2689618"",""p"":""0.001883""}"
2026-09-18T01:58:30.931147Z,1789696710606,UNIUSDT,Sell,13.6,8.065,"{""T"":1789696710606,""s"":""UNIUSDT"",""S"":""Sell"",""v"":""13.6"",""p"":""8.065""}"
2026-09-18T01:58:30.931147Z,1789696710611,UNIUSDT,Sell,27.5,8.072,"{""T"":1789696710611,""s"":""UNIUSDT"",""S"":""Sell"",""v"":""27.5"",""p"":""8.072""}"
2026-09-18T01:58:30.931147Z,1789696710739,UNIUSDT,Sell,89.3,8.057,"{""T"":1789696710739,""s"":""UNIUSDT"",""S"":""Sell"",""v"":""89.3"",""p"":""8.057""}"
2026-09-18T01:58:31.430774Z,1789696711099,UNIUSDT,Sell,13.1,8.068,"{""T"":1789696711099,""s"":""UNIUSDT"",""S"":""Sell"",""v"":""13.1"",""p"":""8.068""}"
2026-09-18T01:58:31.430774Z,1789696711287,UNIUSDT,Sell,99.0,8.073,"{""T"":1789696711287,""s"":""UNIUSDT"",""S"":""Sell"",""v"":""99.0"",""p"":""8.073""}"
2026-09-18T01:58:35.008536Z,1789696714886,OPUSDT,Sell,104.7,0.10613,"{""T"":1789696714886,""s"":""OPUSDT"",""S"":""Sell"",""v"":""104.7"",""p"":""0.10613""}"
2026-09-18T01:58:53.341928Z,1789696732744,ENAUSDT,Sell,2620,0.16330,"{""T"":1789696732744,""s"":""ENAUSDT"",""S"":""Sell"",""v"":""2620"",""p"":""0.16330""}"
2026-09-18T01:59:06.431585Z,1789696745834,ARBUSDT,Sell,1474.5,0.19909,"{""T"":1789696745834,""s"":""ARBUSDT"",""S"":""Sell"",""v"":""1474.5"",""p"":""0.19909""}"
2026-09-18T01:59:16.845784Z,1789696756533,CROSSUSDT,Sell,290,0.16836,"{""T"":1789696756533,""s"":""CROSSUSDT"",""S"":""Sell"",""v"":""290"",""p"":""0.16836""}"
2026-09-18T01:59:16.930626Z,1789696756533,ARBUSDT,Sell,1690.9,0.19989,"{""T"":1789696756533,""s"":""ARBUSDT"",""S"":""Sell"",""v"":""1690.9"",""p"":""0.19989""}"
2026-09-18T02:00:00.424654Z,1789696800161,LSKUSDT,Sell,243.7,0.45900,"{""T"":1789696800161,""s"":""LSKUSDT"",""S"":""Sell"",""v"":""243.7"",""p"":""0.45900""}"
2026-09-18T02:00:00.924459Z,1789696800580,LSKUSDT,Sell,971.9,0.45854,"{""T"":1789696800580,""s"":""LSKUSDT"",""S"":""Sell"",""v"":""971.9"",""p"":""0.45854""}"
2026-09-18T02:00:00.924459Z,1789696800810,LSKUSDT,Sell,529.5,0.45702,"{""T"":1789696800810,""s"":""LSKUSDT"",""S"":""Sell"",""v"":""529.5"",""p"":""0.45702""}"
2026-09-18T02:00:01.424472Z,1789696800911,LSKUSDT,Sell,546.4,0.45826,"{""T"":1789696800911,""s"":""LSKUSDT"",""S"":""Sell"",""v"":""546.4"",""p"":""0.45826""}"
2026-09-18T02:00:09.431282Z,1789696808997,ARBUSDT,Sell,402.9,0.20011,"{""T"":1789696808997,""s"":""ARBUSDT"",""S"":""Sell"",""v"":""402.9"",""p"":""0.20011""}"
2026-09-18T02:00:09.431871Z,1789696809314,ADAUSDT,Sell,2700,0.2115,"{""T"":1789696809314,""s"":""ADAUSDT"",""S"":""Sell"",""v"":""2700"",""p"":""0.2115""}"
2026-09-18T02:01:02.930969Z,1789696862400,DOTUSDT,Sell,93.0,1.1186,"{""T"":1789696862400,""s"":""DOTUSDT"",""S"":""Sell"",""v"":""93.0"",""p"":""1.1186""}"
2026-09-18T02:01:05.431066Z,1789696864834,ARBUSDT,Sell,700.0,0.20049,"{""T"":1789696864834,""s"":""ARBUSDT"",""S"":""Sell"",""v"":""700.0"",""p"":""0.20049""}"
2026-09-18T02:01:05.431066Z,1789696865119,ARBUSDT,Sell,649.9,0.20045,"{""T"":1789696865119,""s"":""ARBUSDT"",""S"":""Sell"",""v"":""649.9"",""p"":""0.20045""}"
2026-09-18T02:01:09.931415Z,1789696869401,ARBUSDT,Sell,0.1,0.20086,"{""T"":1789696869401,""s"":""ARBUSDT"",""S"":""Sell"",""v"":""0.1"",""p"":""0.20086""}"
2026-09-18T02:01:15.930692Z,1789696875792,ARBUSDT,Sell,12000.0,0.20125,"{""T"":1789696875792,""s"":""ARBUSDT"",""S"":""Sell"",""v"":""12000.0"",""p"":""0.20125""}"
2026-09-18T02:01:16.330138Z,1789696876182,TRUMPUSDT,Sell,312.8,2.016,"{""T"":1789696876182,""s"":""TRUMPUSDT"",""S"":""Sell"",""v"":""312.8"",""p"":""2.016""}"
2026-09-18T02:01:16.342976Z,1789696876182,RAYDIUMUSDT,Sell,176.1,1.5518,"{""T"":1789696876182,""s"":""RAYDIUMUSDT"",""S"":""Sell"",""v"":""176.1"",""p"":""1.5518""}"
2026-09-18T02:01:16.345374Z,1789696876182,CROSSUSDT,Sell,2251,0.16954,"{""T"":1789696876182,""s"":""CROSSUSDT"",""S"":""Sell"",""v"":""2251"",""p"":""0.16954""}"
2026-09-18T02:01:16.354882Z,1789696876182,XRPUSDT,Buy,191.8,1.2993,"{""T"":1789696876182,""s"":""XRPUSDT"",""S"":""Buy"",""v"":""191.8"",""p"":""1.2993""}"
2026-09-18T02:01:16.364535Z,1789696876182,USELESSUSDT,Sell,429,0.27638,"{""T"":1789696876182,""s"":""USELESSUSDT"",""S"":""Sell"",""v"":""429"",""p"":""0.27638""}"
2026-09-18T02:01:16.364747Z,1789696876182,UAIUSDT,Sell,798,0.43690,"{""T"":1789696876182,""s"":""UAIUSDT"",""S"":""Sell"",""v"":""798"",""p"":""0.43690""}"
2026-09-18T02:01:16.375814Z,1789696876182,APTUSDT,Buy,171.88,0.6136,"{""T"":1789696876182,""s"":""APTUSDT"",""S"":""Buy"",""v"":""171.88"",""p"":""0.6136""}"
2026-09-18T02:01:16.430785Z,1789696876182,1000PEPEUSDT,Buy,27600,0.0036220,"{""T"":1789696876182,""s"":""1000PEPEUSDT"",""S"":""Buy"",""v"":""27600"",""p"":""0.0036220""}"
2026-09-18T02:01:16.431128Z,1789696876182,ZECUSDT,Sell,0.13,1491.68,"{""T"":1789696876182,""s"":""ZECUSDT"",""S"":""Sell"",""v"":""0.13"",""p"":""1491.68""}"
2026-09-18T02:01:16.431398Z,1789696876030,ARBUSDT,Sell,553.1,0.20128,"{""T"":1789696876030,""s"":""ARBUSDT"",""S"":""Sell"",""v"":""553.1"",""p"":""0.20128""}"
2026-09-18T02:01:16.431398Z,1789696876182,ARBUSDT,Sell,3296.4,0.20131,"{""T"":1789696876182,""s"":""ARBUSDT"",""S"":""Sell"",""v"":""3296.4"",""p"":""0.20131""}"
2026-09-18T02:01:16.431398Z,1789696876255,ARBUSDT,Sell,404.7,0.20134,"{""T"":1789696876255,""s"":""ARBUSDT"",""S"":""Sell"",""v"":""404.7"",""p"":""0.20134""}"
2026-09-18T02:01:16.513693Z,1789696876182,DASHUSDT,Sell,3.39,61.58,"{""T"":1789696876182,""s"":""DASHUSDT"",""S"":""Sell"",""v"":""3.39"",""p"":""61.58""}"
2026-09-18T02:01:16.533138Z,1789696876182,NEARUSDT,Sell,129.7,3.2400,"{""T"":1789696876182,""s"":""NEARUSDT"",""S"":""Sell"",""v"":""129.7"",""p"":""3.2400""}"
2026-09-18T02:01:16.652686Z,1789696876182,AKEUSDT,Sell,2300,0.0220210,"{""T"":1789696876182,""s"":""AKEUSDT"",""S"":""Sell"",""v"":""2300"",""p"":""0.0220210""}"
2026-09-18T02:01:16.930793Z,1789696876424,ARBUSDT,Sell,866.4,0.20109,"{""T"":1789696876424,""s"":""ARBUSDT"",""S"":""Sell"",""v"":""866.4"",""p"":""0.20109""}"
2026-09-18T02:01:16.930793Z,1789696876542,ARBUSDT,Sell,686.8,0.20113,"{""T"":1789696876542,""s"":""ARBUSDT"",""S"":""Sell"",""v"":""686.8"",""p"":""0.20113""}"
2026-09-18T02:01:17.014639Z,1789696876542,COTIUSDT,Sell,1100,0.023670,"{""T"":1789696876542,""s"":""COTIUSDT"",""S"":""Sell"",""v"":""1100"",""p"":""0.023670""}"
2026-09-18T02:01:17.430822Z,1789696877216,ARBUSDT,Sell,75901.9,0.20147,"{""T"":1789696877216,""s"":""ARBUSDT"",""S"":""Sell"",""v"":""75901.9"",""p"":""0.20147""}"
2026-09-18T02:01:20.013612Z,1789696879593,LINKUSDT,Sell,1524.4,11.637,"{""T"":1789696879593,""s"":""LINKUSDT"",""S"":""Sell"",""v"":""1524.4"",""p"":""11.637""}"
2026-09-18T02:01:20.013612Z,1789696879874,LINKUSDT,Sell,180.0,11.637,"{""T"":1789696879874,""s"":""LINKUSDT"",""S"":""Sell"",""v"":""180.0"",""p"":""11.637""}"
2026-09-18T02:01:25.582644Z,1789696885372,BTCUSDT,Sell,0.791,76997.90,"{""T"":1789696885372,""s"":""BTCUSDT"",""S"":""Sell"",""v"":""0.791"",""p"":""76997.90""}"
2026-09-18T02:01:27.341772Z,1789696887136,FARTCOINUSDT,Sell,108,0.15221,"{""T"":1789696887136,""s"":""FARTCOINUSDT"",""S"":""Sell"",""v"":""108"",""p"":""0.15221""}"
2026-09-18T02:01:33.924612Z,1789696893418,LSKUSDT,Buy,715.2,0.43061,"{""T"":1789696893418,""s"":""LSKUSDT"",""S"":""Buy"",""v"":""715.2"",""p"":""0.43061""}"
2026-09-18T02:01:33.924612Z,1789696893767,LSKUSDT,Buy,70.4,0.43021,"{""T"":1789696893767,""s"":""LSKUSDT"",""S"":""Buy"",""v"":""70.4"",""p"":""0.43021""}"
2026-09-18T02:01:34.424632Z,1789696893869,LSKUSDT,Buy,2103.5,0.43034,"{""T"":1789696893869,""s"":""LSKUSDT"",""S"":""Buy"",""v"":""2103.5"",""p"":""0.43034""}"
2026-09-18T02:01:36.841647Z,1789696896498,FARTCOINUSDT,Sell,109,0.15231,"{""T"":1789696896498,""s"":""FARTCOINUSDT"",""S"":""Sell"",""v"":""109"",""p"":""0.15231""}"
2026-09-18T02:01:56.330108Z,1789696916008,HYPEUSDT,Sell,5.20,87.520,"{""T"":1789696916008,""s"":""HYPEUSDT"",""S"":""Sell"",""v"":""5.20"",""p"":""87.520""}"
2026-09-18T02:02:04.014589Z,1789696923881,COTIUSDT,Buy,1624,0.022793,"{""T"":1789696923881,""s"":""COTIUSDT"",""S"":""Buy"",""v"":""1624"",""p"":""0.022793""}"
2026-09-18T02:02:11.513592Z,1789696931224,COTIUSDT,Buy,213065,0.022702,"{""T"":1789696931224,""s"":""COTIUSDT"",""S"":""Buy"",""v"":""213065"",""p"":""0.022702""}"
2026-09-18T02:02:18.532523Z,1789696938371,AVAXUSDT,Sell,51.0,7.763,"{""T"":1789696938371,""s"":""AVAXUSDT"",""S"":""Sell"",""v"":""51.0"",""p"":""7.763""}"
2026-09-18T02:02:25.354687Z,1789696944898,XRPUSDT,Sell,44.8,1.3130,"{""T"":1789696944898,""s"":""XRPUSDT"",""S"":""Sell"",""v"":""44.8"",""p"":""1.3130""}"
2026-09-18T02:02:25.430758Z,1789696944898,ADAUSDT,Sell,258,0.2118,"{""T"":1789696944898,""s"":""ADAUSDT"",""S"":""Sell"",""v"":""258"",""p"":""0.2118""}"
2026-09-18T02:02:29.032550Z,1789696948708,TAOUSDT,Sell,10.460,238.98,"{""T"":1789696948708,""s"":""TAOUSDT"",""S"":""Sell"",""v"":""10.460"",""p"":""238.98""}"
2026-09-18T02:02:31.032887Z,1789696950641,NEARUSDT,Sell,365.1,3.2740,"{""T"":1789696950641,""s"":""NEARUSDT"",""S"":""Sell"",""v"":""365.1"",""p"":""3.2740""}"
2026-09-18T02:02:31.854736Z,1789696951307,AAVEUSDT,Sell,2.35,132.31,"{""T"":1789696951307,""s"":""AAVEUSDT"",""S"":""Sell"",""v"":""2.35"",""p"":""132.31""}"
2026-09-18T02:02:46.354585Z,1789696966025,XRPUSDT,Sell,45.1,1.3135,"{""T"":1789696966025,""s"":""XRPUSDT"",""S"":""Sell"",""v"":""45.1"",""p"":""1.3135""}"
2026-09-18T02:02:50.430672Z,1789696970070,1000PEPEUSDT,Sell,11900,0.0036990,"{""T"":1789696970070,""s"":""1000PEPEUSDT"",""S"":""Sell"",""v"":""11900"",""p"":""0.0036990""}"
2026-09-18T02:03:06.931115Z,1789696986398,DOGEUSDT,Sell,19615,0.08325,"{""T"":1789696986398,""s"":""DOGEUSDT"",""S"":""Sell"",""v"":""19615"",""p"":""0.08325""}"
2026-09-18T02:03:10.431297Z,1789696989905,ARBUSDT,Sell,2201.3,0.20191,"{""T"":1789696989905,""s"":""ARBUSDT"",""S"":""Sell"",""v"":""2201.3"",""p"":""0.20191""}"
2026-09-18T02:03:10.925121Z,1789696990822,SHIB1000USDT,Sell,6460,0.005322,"{""T"":1789696990822,""s"":""SHIB1000USDT"",""S"":""Sell"",""v"":""6460"",""p"":""0.005322""}"
2026-09-18T02:03:14.930993Z,1789696994720,ARBUSDT,Sell,1300.0,0.20189,"{""T"":1789696994720,""s"":""ARBUSDT"",""S"":""Sell"",""v"":""1300.0"",""p"":""0.20189""}"
2026-09-18T02:03:14.931606Z,1789696994720,ZECUSDT,Sell,1.10,1499.98,"{""T"":1789696994720,""s"":""ZECUSDT"",""S"":""Sell"",""v"":""1.10"",""p"":""1499.98""}"
2026-09-18T02:03:14.931906Z,1789696994720,UNIUSDT,Sell,230.0,8.059,"{""T"":1789696994720,""s"":""UNIUSDT"",""S"":""Sell"",""v"":""230.0"",""p"":""8.059""}"
2026-09-18T02:03:14.972505Z,1789696994720,ETHUSDT,Sell,0.17,2468.27,"{""T"":1789696994720,""s"":""ETHUSDT"",""S"":""Sell"",""v"":""0.17"",""p"":""2468.27""}"
2026-09-18T02:03:15.008536Z,1789696994720,BRUSDT,Sell,30,0.74326,"{""T"":1789696994720,""s"":""BRUSDT"",""S"":""Sell"",""v"":""30"",""p"":""0.74326""}"
2026-09-18T02:03:15.013519Z,1789696994720,COTIUSDT,Sell,642,0.023363,"{""T"":1789696994720,""s"":""COTIUSDT"",""S"":""Sell"",""v"":""642"",""p"":""0.023363""}"
2026-09-18T02:03:15.032746Z,1789696994720,NEARUSDT,Sell,120.0,3.2710,"{""T"":1789696994720,""s"":""NEARUSDT"",""S"":""Sell"",""v"":""120.0"",""p"":""3.2710""}"
2026-09-18T02:03:15.082881Z,1789696994720,BTCUSDT,Sell,0.003,77042.20,"{""T"":1789696994720,""s"":""BTCUSDT"",""S"":""Sell"",""v"":""0.003"",""p"":""77042.20""}"
2026-09-18T02:03:15.152515Z,1789696994720,AKEUSDT,Sell,12300,0.0219520,"{""T"":1789696994720,""s"":""AKEUSDT"",""S"":""Sell"",""v"":""12300"",""p"":""0.0219520""}"
2026-09-18T02:03:16.430785Z,1789696996239,ARBUSDT,Sell,272.2,0.20203,"{""T"":1789696996239,""s"":""ARBUSDT"",""S"":""Sell"",""v"":""272.2"",""p"":""0.20203""}"
2026-09-18T02:03:18.931033Z,1789696998602,ARBUSDT,Sell,57300.0,0.20206,"{""T"":1789696998602,""s"":""ARBUSDT"",""S"":""Sell"",""v"":""57300.0"",""p"":""0.20206""}"
2026-09-18T02:03:19.004252Z,1789696998602,MAGMAUSDT,Buy,1464,0.19650,"{""T"":1789696998602,""s"":""MAGMAUSDT"",""S"":""Buy"",""v"":""1464"",""p"":""0.19650""}"
2026-09-18T02:04:49.845489Z,1789697089330,DRIFTUSDT,Buy,202749,0.016550,"{""T"":1789697089330,""s"":""DRIFTUSDT"",""S"":""Buy"",""v"":""202749"",""p"":""0.016550""}"
2026-09-18T02:05:56.345652Z,1789697156101,DRIFTUSDT,Buy,310618,0.016390,"{""T"":1789697156101,""s"":""DRIFTUSDT"",""S"":""Buy"",""v"":""310618"",""p"":""0.016390""}"
2026-09-18T02:06:02.930681Z,1789697162370,ADAUSDT,Sell,5159,0.2121,"{""T"":1789697162370,""s"":""ADAUSDT"",""S"":""Sell"",""v"":""5159"",""p"":""0.2121""}"
2026-09-18T02:06:33.032456Z,1789697192863,NEARUSDT,Buy,6.1,3.2100,"{""T"":1789697192863,""s"":""NEARUSDT"",""S"":""Buy"",""v"":""6.1"",""p"":""3.2100""}"
2026-09-18T02:06:50.014190Z,1789697209550,COTIUSDT,Sell,1193,0.023564,"{""T"":1789697209550,""s"":""COTIUSDT"",""S"":""Sell"",""v"":""1193"",""p"":""0.023564""}"
2026-09-18T02:07:50.931942Z,1789697270674,ZECUSDT,Sell,0.40,1504.70,"{""T"":1789697270674,""s"":""ZECUSDT"",""S"":""Sell"",""v"":""0.40"",""p"":""1504.70""}"
2026-09-18T02:07:51.430571Z,1789697271039,ZECUSDT,Sell,0.05,1504.84,"{""T"":1789697271039,""s"":""ZECUSDT"",""S"":""Sell"",""v"":""0.05"",""p"":""1504.84""}"
2026-09-18T02:07:51.430571Z,1789697271273,ZECUSDT,Sell,0.10,1504.96,"{""T"":1789697271273,""s"":""ZECUSDT"",""S"":""Sell"",""v"":""0.10"",""p"":""1504.96""}"
2026-09-18T02:08:16.424658Z,1789697296317,CRVUSDT,Sell,473.9,0.3346,"{""T"":1789697296317,""s"":""CRVUSDT"",""S"":""Sell"",""v"":""473.9"",""p"":""0.3346""}"
2026-09-18T02:08:16.430954Z,1789697296318,UNIUSDT,Sell,18.3,8.014,"{""T"":1789697296318,""s"":""UNIUSDT"",""S"":""Sell"",""v"":""18.3"",""p"":""8.014""}"
2026-09-18T02:08:16.431387Z,1789697296318,DOTUSDT,Sell,82.1,1.1239,"{""T"":1789697296318,""s"":""DOTUSDT"",""S"":""Sell"",""v"":""82.1"",""p"":""1.1239""}"
2026-09-18T02:08:16.431668Z,1789697296318,ADAUSDT,Sell,349,0.2113,"{""T"":1789697296318,""s"":""ADAUSDT"",""S"":""Sell"",""v"":""349"",""p"":""0.2113""}"
2026-09-18T02:08:16.854354Z,1789697296318,AAVEUSDT,Sell,0.68,131.99,"{""T"":1789697296318,""s"":""AAVEUSDT"",""S"":""Sell"",""v"":""0.68"",""p"":""131.99""}"
2026-09-18T02:09:27.865348Z,1789697367351,MARSCOINUSDT,Buy,3880,0.11356,"{""T"":1789697367351,""s"":""MARSCOINUSDT"",""S"":""Buy"",""v"":""3880"",""p"":""0.11356""}"
2026-09-18T02:09:27.930792Z,1789697367351,ZECUSDT,Sell,0.73,1504.67,"{""T"":1789697367351,""s"":""ZECUSDT"",""S"":""Sell"",""v"":""0.73"",""p"":""1504.67""}"
2026-09-18T02:09:48.830940Z,1789697388422,TRUMPUSDT,Sell,877.7,2.028,"{""T"":1789697388422,""s"":""TRUMPUSDT"",""S"":""Sell"",""v"":""877.7"",""p"":""2.028""}"
2026-09-18T02:10:30.506689Z,1789697430080,SOXLUSDT,Buy,4.18,111.99,"{""T"":1789697430080,""s"":""SOXLUSDT"",""S"":""Buy"",""v"":""4.18"",""p"":""111.99""}"
2026-09-18T02:11:35.430767Z,1789697494888,ARBUSDT,Sell,2190.0,0.20248,"{""T"":1789697494888,""s"":""ARBUSDT"",""S"":""Sell"",""v"":""2190.0"",""p"":""0.20248""}"
2026-09-18T02:11:35.430767Z,1789697494943,ARBUSDT,Sell,14285.7,0.20244,"{""T"":1789697494943,""s"":""ARBUSDT"",""S"":""Sell"",""v"":""14285.7"",""p"":""0.20244""}"
2026-09-18T02:11:35.430767Z,1789697495178,ARBUSDT,Sell,1458.2,0.20247,"{""T"":1789697495178,""s"":""ARBUSDT"",""S"":""Sell"",""v"":""1458.2"",""p"":""0.20247""}"
2026-09-18T02:11:41.431202Z,1789697501172,DOTUSDT,Sell,2955.9,1.1266,"{""T"":1789697501172,""s"":""DOTUSDT"",""S"":""Sell"",""v"":""2955.9"",""p"":""1.1266""}"
2026-09-18T02:12:43.580236Z,1789697563131,BNBUSDT,Sell,4.10,750.20,"{""T"":1789697563131,""s"":""BNBUSDT"",""S"":""Sell"",""v"":""4.10"",""p"":""750.20""}"
2026-09-18T02:12:52.580343Z,1789697572250,BNBUSDT,Sell,0.03,750.60,"{""T"":1789697572250,""s"":""BNBUSDT"",""S"":""Sell"",""v"":""0.03"",""p"":""750.60""}"
2026-09-18T02:13:05.931484Z,1789697585416,ADAUSDT,Sell,343,0.2122,"{""T"":1789697585416,""s"":""ADAUSDT"",""S"":""Sell"",""v"":""343"",""p"":""0.2122""}"
2026-09-18T02:13:10.430861Z,1789697590189,ADAUSDT,Sell,1650,0.2132,"{""T"":1789697590189,""s"":""ADAUSDT"",""S"":""Sell"",""v"":""1650"",""p"":""0.2132""}"
2026-09-18T02:13:14.854225Z,1789697594625,XRPUSDT,Sell,5.1,1.3107,"{""T"":1789697594625,""s"":""XRPUSDT"",""S"":""Sell"",""v"":""5.1"",""p"":""1.3107""}"
2026-09-18T02:13:14.930853Z,1789697594625,ADAUSDT,Sell,33,0.2132,"{""T"":1789697594625,""s"":""ADAUSDT"",""S"":""Sell"",""v"":""33"",""p"":""0.2132""}"
2026-09-18T02:13:28.514245Z,1789697608298,COTIUSDT,Sell,2018,0.023749,"{""T"":1789697608298,""s"":""COTIUSDT"",""S"":""Sell"",""v"":""2018"",""p"":""0.023749""}"
2026-09-18T02:13:37.845721Z,1789697617331,DRIFTUSDT,Sell,6582,0.017590,"{""T"":1789697617331,""s"":""DRIFTUSDT"",""S"":""Sell"",""v"":""6582"",""p"":""0.017590""}"
2026-09-18T02:13:54.014599Z,1789697633886,COTIUSDT,Sell,778,0.023878,"{""T"":1789697633886,""s"":""COTIUSDT"",""S"":""Sell"",""v"":""778"",""p"":""0.023878""}"
2026-09-18T02:14:52.017284Z,1789697691809,PENGUUSDT,Sell,673850,0.007536,"{""T"":1789697691809,""s"":""PENGUUSDT"",""S"":""Sell"",""v"":""673850"",""p"":""0.007536""}"
2026-09-18T02:15:05.345735Z,1789697704844,DRIFTUSDT,Sell,68128,0.017800,"{""T"":1789697704844,""s"":""DRIFTUSDT"",""S"":""Sell"",""v"":""68128"",""p"":""0.017800""}"
2026-09-18T02:15:35.013641Z,1789697734772,COTIUSDT,Buy,2587,0.023049,"{""T"":1789697734772,""s"":""COTIUSDT"",""S"":""Buy"",""v"":""2587"",""p"":""0.023049""}"
2026-09-18T02:15:35.509353Z,1789697735083,SUIUSDT,Sell,4210,0.77520,"{""T"":1789697735083,""s"":""SUIUSDT"",""S"":""Sell"",""v"":""4210"",""p"":""0.77520""}"
2026-09-18T02:16:15.376806Z,1789697775059,GENIUSUSDT,Buy,1995,0.3411,"{""T"":1789697775059,""s"":""GENIUSUSDT"",""S"":""Buy"",""v"":""1995"",""p"":""0.3411""}"
2026-09-18T02:16:47.533075Z,1789697806946,NEARUSDT,Sell,1047.8,3.2610,"{""T"":1789697806946,""s"":""NEARUSDT"",""S"":""Sell"",""v"":""1047.8"",""p"":""3.2610""}"
2026-09-18T02:16:51.376298Z,1789697811000,WLDUSDT,Sell,2994.8,0.4079,"{""T"":1789697811000,""s"":""WLDUSDT"",""S"":""Sell"",""v"":""2994.8"",""p"":""0.4079""}"
2026-09-18T02:17:04.431310Z,1789697823878,ARBUSDT,Buy,76.1,0.19575,"{""T"":1789697823878,""s"":""ARBUSDT"",""S"":""Buy"",""v"":""76.1"",""p"":""0.19575""}"
2026-09-18T02:17:04.931237Z,1789697824371,ARBUSDT,Buy,110.3,0.19582,"{""T"":1789697824371,""s"":""ARBUSDT"",""S"":""Buy"",""v"":""110.3"",""p"":""0.19582""}"
2026-09-18T02:17:08.376000Z,1789697828260,WLDUSDT,Sell,7942.5,0.4086,"{""T"":1789697828260,""s"":""WLDUSDT"",""S"":""Sell"",""v"":""7942.5"",""p"":""0.4086""}"
2026-09-18T02:17:37.430960Z,1789697857024,ADAUSDT,Sell,3094,0.2145,"{""T"":1789697857024,""s"":""ADAUSDT"",""S"":""Sell"",""v"":""3094"",""p"":""0.2145""}"
2026-09-18T02:17:41.875945Z,1789697861407,APTUSDT,Sell,177.67,0.6371,"{""T"":1789697861407,""s"":""APTUSDT"",""S"":""Sell"",""v"":""177.67"",""p"":""0.6371""}"
2026-09-18T02:18:01.876714Z,1789697881275,WLDUSDT,Sell,30.7,0.4091,"{""T"":1789697881275,""s"":""WLDUSDT"",""S"":""Sell"",""v"":""30.7"",""p"":""0.4091""}"
2026-09-18T02:18:07.930853Z,1789697887793,DOGEUSDT,Sell,109,0.08334,"{""T"":1789697887793,""s"":""DOGEUSDT"",""S"":""Sell"",""v"":""109"",""p"":""0.08334""}"
2026-09-18T02:19:09.376141Z,1789697948958,APTUSDT,Sell,10.83,0.6387,"{""T"":1789697948958,""s"":""APTUSDT"",""S"":""Sell"",""v"":""10.83"",""p"":""0.6387""}"
2026-09-18T02:19:13.375840Z,1789697952855,APTUSDT,Sell,172.11,0.6391,"{""T"":1789697952855,""s"":""APTUSDT"",""S"":""Sell"",""v"":""172.11"",""p"":""0.6391""}"
2026-09-18T02:20:03.379768Z,1789698002844,APTUSDT,Sell,400.55,0.6413,"{""T"":1789698002844,""s"":""APTUSDT"",""S"":""Sell"",""v"":""400.55"",""p"":""0.6413""}"
2026-09-18T02:20:04.430849Z,1789698004199,ADAUSDT,Sell,2113,0.2153,"{""T"":1789698004199,""s"":""ADAUSDT"",""S"":""Sell"",""v"":""2113"",""p"":""0.2153""}"
2026-09-18T02:20:04.845666Z,1789698004714,DRIFTUSDT,Sell,31927,0.018100,"{""T"":1789698004714,""s"":""DRIFTUSDT"",""S"":""Sell"",""v"":""31927"",""p"":""0.018100""}"
2026-09-18T02:20:04.875672Z,1789698004714,GENIUSUSDT,Buy,2540,0.3424,"{""T"":1789698004714,""s"":""GENIUSUSDT"",""S"":""Buy"",""v"":""2540"",""p"":""0.3424""}"
2026-09-18T02:20:16.876164Z,1789698016395,WLDUSDT,Sell,5380.8,0.4101,"{""T"":1789698016395,""s"":""WLDUSDT"",""S"":""Sell"",""v"":""5380.8"",""p"":""0.4101""}"
2026-09-18T02:20:36.376395Z,1789698036203,APTUSDT,Sell,200.00,0.6422,"{""T"":1789698036203,""s"":""APTUSDT"",""S"":""Sell"",""v"":""200.00"",""p"":""0.6422""}"
2026-09-18T02:20:36.425339Z,1789698036203,JUPUSDT,Sell,350,0.24390,"{""T"":1789698036203,""s"":""JUPUSDT"",""S"":""Sell"",""v"":""350"",""p"":""0.24390""}"
2026-09-18T02:21:43.864645Z,1789698103741,MARSCOINUSDT,Buy,480,0.11138,"{""T"":1789698103741,""s"":""MARSCOINUSDT"",""S"":""Buy"",""v"":""480"",""p"":""0.11138""}"
2026-09-18T02:21:44.365104Z,1789698103903,MARSCOINUSDT,Buy,970,0.11131,"{""T"":1789698103903,""s"":""MARSCOINUSDT"",""S"":""Buy"",""v"":""970"",""p"":""0.11131""}"
2026-09-18T02:21:45.364568Z,1789698105029,MARSCOINUSDT,Buy,170,0.11075,"{""T"":1789698105029,""s"":""MARSCOINUSDT"",""S"":""Buy"",""v"":""170"",""p"":""0.11075""}"
2026-09-18T02:21:45.364568Z,1789698105104,MARSCOINUSDT,Buy,450,0.11096,"{""T"":1789698105104,""s"":""MARSCOINUSDT"",""S"":""Buy"",""v"":""450"",""p"":""0.11096""}"
2026-09-18T02:21:46.365169Z,1789698106062,MARSCOINUSDT,Buy,90,0.11055,"{""T"":1789698106062,""s"":""MARSCOINUSDT"",""S"":""Buy"",""v"":""90"",""p"":""0.11055""}"
2026-09-18T02:21:46.365169Z,1789698106072,MARSCOINUSDT,Buy,60,0.11072,"{""T"":1789698106072,""s"":""MARSCOINUSDT"",""S"":""Buy"",""v"":""60"",""p"":""0.11072""}"
2026-09-18T02:21:46.365169Z,1789698106145,MARSCOINUSDT,Buy,170,0.11066,"{""T"":1789698106145,""s"":""MARSCOINUSDT"",""S"":""Buy"",""v"":""170"",""p"":""0.11066""}"
2026-09-18T02:21:46.864738Z,1789698106555,MARSCOINUSDT,Buy,100,0.11065,"{""T"":1789698106555,""s"":""MARSCOINUSDT"",""S"":""Buy"",""v"":""100"",""p"":""0.11065""}"
2026-09-18T02:21:46.864738Z,1789698106750,MARSCOINUSDT,Buy,160,0.11063,"{""T"":1789698106750,""s"":""MARSCOINUSDT"",""S"":""Buy"",""v"":""160"",""p"":""0.11063""}"
2026-09-18T02:21:48.930824Z,1789698108632,ADAUSDT,Sell,1464,0.2157,"{""T"":1789698108632,""s"":""ADAUSDT"",""S"":""Sell"",""v"":""1464"",""p"":""0.2157""}"
2026-09-18T02:22:23.930691Z,1789698143805,ADAUSDT,Sell,74,0.2163,"{""T"":1789698143805,""s"":""ADAUSDT"",""S"":""Sell"",""v"":""74"",""p"":""0.2163""}"
2026-09-18T02:22:29.930704Z,1789698149665,ADAUSDT,Sell,4368,0.2164,"{""T"":1789698149665,""s"":""ADAUSDT"",""S"":""Sell"",""v"":""4368"",""p"":""0.2164""}"
2026-09-18T02:22:33.376145Z,1789698153068,APTUSDT,Sell,4121.28,0.6459,"{""T"":1789698153068,""s"":""APTUSDT"",""S"":""Sell"",""v"":""4121.28"",""p"":""0.6459""}"
2026-09-18T02:23:00.345812Z,1789698180056,DRIFTUSDT,Sell,9321,0.018240,"{""T"":1789698180056,""s"":""DRIFTUSDT"",""S"":""Sell"",""v"":""9321"",""p"":""0.018240""}"
2026-09-18T02:23:04.431425Z,1789698184032,ARBUSDT,Buy,730.5,0.19561,"{""T"":1789698184032,""s"":""ARBUSDT"",""S"":""Buy"",""v"":""730.5"",""p"":""0.19561""}"
2026-09-18T02:23:04.931322Z,1789698184670,ARBUSDT,Buy,5013.0,0.19557,"{""T"":1789698184670,""s"":""ARBUSDT"",""S"":""Buy"",""v"":""5013.0"",""p"":""0.19557""}"
2026-09-18T02:23:06.032821Z,1789698185629,NEARUSDT,Buy,69.7,3.2140,"{""T"":1789698185629,""s"":""NEARUSDT"",""S"":""Buy"",""v"":""69.7"",""p"":""3.2140""}"
2026-09-18T02:23:37.013375Z,1789698216838,VIRTUALUSDT,Sell,344,0.6414,"{""T"":1789698216838,""s"":""VIRTUALUSDT"",""S"":""Sell"",""v"":""344"",""p"":""0.6414""}"
2026-09-18T02:23:46.345605Z,1789698226209,PONSUSDT,Sell,15,0.7154,"{""T"":1789698226209,""s"":""PONSUSDT"",""S"":""Sell"",""v"":""15"",""p"":""0.7154""}"
2026-09-18T02:23:46.845757Z,1789698226528,PONSUSDT,Sell,6,0.7183,"{""T"":1789698226528,""s"":""PONSUSDT"",""S"":""Sell"",""v"":""6"",""p"":""0.7183""}"
2026-09-18T02:23:46.845757Z,1789698226656,PONSUSDT,Sell,91,0.7176,"{""T"":1789698226656,""s"":""PONSUSDT"",""S"":""Sell"",""v"":""91"",""p"":""0.7176""}"
2026-09-18T02:23:46.924700Z,1789698226809,CRCLUSDT,Sell,1.76,85.82,"{""T"":1789698226809,""s"":""CRCLUSDT"",""S"":""Sell"",""v"":""1.76"",""p"":""85.82""}"
2026-09-18T02:23:47.345926Z,1789698226809,PONSUSDT,Sell,460,0.7152,"{""T"":1789698226809,""s"":""PONSUSDT"",""S"":""Sell"",""v"":""460"",""p"":""0.7152""}"
2026-09-18T02:23:47.345926Z,1789698227112,PONSUSDT,Sell,21,0.7160,"{""T"":1789698227112,""s"":""PONSUSDT"",""S"":""Sell"",""v"":""21"",""p"":""0.7160""}"
2026-09-18T02:23:48.345653Z,1789698228001,PONSUSDT,Sell,46,0.7217,"{""T"":1789698228001,""s"":""PONSUSDT"",""S"":""Sell"",""v"":""46"",""p"":""0.7217""}"
2026-09-18T02:23:48.845498Z,1789698228417,PONSUSDT,Sell,840,0.7216,"{""T"":1789698228417,""s"":""PONSUSDT"",""S"":""Sell"",""v"":""840"",""p"":""0.7216""}"
2026-09-18T02:23:49.345687Z,1789698228837,PONSUSDT,Sell,6,0.7214,"{""T"":1789698228837,""s"":""PONSUSDT"",""S"":""Sell"",""v"":""6"",""p"":""0.7214""}"
2026-09-18T02:23:50.503609Z,1789698230245,SOXLUSDT,Sell,0.10,113.98,"{""T"":1789698230245,""s"":""SOXLUSDT"",""S"":""Sell"",""v"":""0.10"",""p"":""113.98""}"
2026-09-18T02:24:02.580160Z,1789698242336,BNBUSDT,Sell,0.14,752.50,"{""T"":1789698242336,""s"":""BNBUSDT"",""S"":""Sell"",""v"":""0.14"",""p"":""752.50""}"
2026-09-18T02:24:04.579742Z,1789698244178,BNBUSDT,Sell,2.83,752.70,"{""T"":1789698244178,""s"":""BNBUSDT"",""S"":""Sell"",""v"":""2.83"",""p"":""752.70""}"
2026-09-18T02:24:18.035548Z,1789698257582,NEARUSDT,Sell,25.0,3.2840,"{""T"":1789698257582,""s"":""NEARUSDT"",""S"":""Sell"",""v"":""25.0"",""p"":""3.2840""}"
2026-09-18T02:24:18.583377Z,1789698257992,BTCUSDT,Sell,0.013,77055.90,"{""T"":1789698257992,""s"":""BTCUSDT"",""S"":""Sell"",""v"":""0.013"",""p"":""77055.90""}"
2026-09-18T02:24:32.845806Z,1789698272268,PONSUSDT,Sell,222,0.7271,"{""T"":1789698272268,""s"":""PONSUSDT"",""S"":""Sell"",""v"":""222"",""p"":""0.7271""}"
2026-09-18T02:24:34.345700Z,1789698274140,PONSUSDT,Sell,150,0.7288,"{""T"":1789698274140,""s"":""PONSUSDT"",""S"":""Sell"",""v"":""150"",""p"":""0.7288""}"
2026-09-18T02:24:38.513696Z,1789698278404,VIRTUALUSDT,Sell,245,0.6417,"{""T"":1789698278404,""s"":""VIRTUALUSDT"",""S"":""Sell"",""v"":""245"",""p"":""0.6417""}"
2026-09-18T02:25:59.330688Z,1789698359145,HYPEUSDT,Buy,0.59,85.660,"{""T"":1789698359145,""s"":""HYPEUSDT"",""S"":""Buy"",""v"":""0.59"",""p"":""85.660""}"
2026-09-18T02:26:28.846732Z,1789698388590,PONSUSDT,Sell,751,0.7315,"{""T"":1789698388590,""s"":""PONSUSDT"",""S"":""Sell"",""v"":""751"",""p"":""0.7315""}"
2026-09-18T02:26:44.431224Z,1789698404117,ARBUSDT,Sell,4530.0,0.20271,"{""T"":1789698404117,""s"":""ARBUSDT"",""S"":""Sell"",""v"":""4530.0"",""p"":""0.20271""}"
2026-09-18T02:26:46.431659Z,1789698405884,ARBUSDT,Sell,53.8,0.20290,"{""T"":1789698405884,""s"":""ARBUSDT"",""S"":""Sell"",""v"":""53.8"",""p"":""0.20290""}"
2026-09-18T02:27:07.875931Z,1789698427483,APTUSDT,Sell,552.12,0.6490,"{""T"":1789698427483,""s"":""APTUSDT"",""S"":""Sell"",""v"":""552.12"",""p"":""0.6490""}"
2026-09-18T02:27:08.582530Z,1789698428047,BTCUSDT,Sell,0.007,77099.80,"{""T"":1789698428047,""s"":""BTCUSDT"",""S"":""Sell"",""v"":""0.007"",""p"":""77099.80""}"
2026-09-18T02:27:08.582530Z,1789698428260,BTCUSDT,Sell,0.052,77092.00,"{""T"":1789698428260,""s"":""BTCUSDT"",""S"":""Sell"",""v"":""0.052"",""p"":""77092.00""}"
2026-09-18T02:27:08.972578Z,1789698428821,ETHUSDT,Sell,1.49,2469.09,"{""T"":1789698428821,""s"":""ETHUSDT"",""S"":""Sell"",""v"":""1.49"",""p"":""2469.09""}"
2026-09-18T02:27:09.008903Z,1789698428821,SUIUSDT,Sell,1500,0.77310,"{""T"":1789698428821,""s"":""SUIUSDT"",""S"":""Sell"",""v"":""1500"",""p"":""0.77310""}"
2026-09-18T02:27:09.079261Z,1789698428821,SOLUSDT,Sell,15.4,102.990,"{""T"":1789698428821,""s"":""SOLUSDT"",""S"":""Sell"",""v"":""15.4"",""p"":""102.990""}"
2026-09-18T02:27:09.083072Z,1789698428737,BTCUSDT,Sell,0.005,77078.10,"{""T"":1789698428737,""s"":""BTCUSDT"",""S"":""Sell"",""v"":""0.005"",""p"":""77078.10""}"
2026-09-18T02:27:09.083072Z,1789698428821,BTCUSDT,Sell,0.135,77103.00,"{""T"":1789698428821,""s"":""BTCUSDT"",""S"":""Sell"",""v"":""0.135"",""p"":""77103.00""}"
2026-09-18T02:27:09.354990Z,1789698428821,XRPUSDT,Sell,1157.9,1.3130,"{""T"":1789698428821,""s"":""XRPUSDT"",""S"":""Sell"",""v"":""1157.9"",""p"":""1.3130""}"
2026-09-18T02:27:16.082807Z,1789698435551,BTCUSDT,Sell,0.207,77117.50,"{""T"":1789698435551,""s"":""BTCUSDT"",""S"":""Sell"",""v"":""0.207"",""p"":""77117.50""}"
2026-09-18T02:27:16.082807Z,1789698435817,BTCUSDT,Sell,0.001,77126.10,"{""T"":1789698435817,""s"":""BTCUSDT"",""S"":""Sell"",""v"":""0.001"",""p"":""77126.10""}"
2026-09-18T02:27:37.931391Z,1789698457341,ADAUSDT,Sell,2700,0.2172,"{""T"":1789698457341,""s"":""ADAUSDT"",""S"":""Sell"",""v"":""2700"",""p"":""0.2172""}"
2026-09-18T02:27:43.930815Z,1789698463659,ADAUSDT,Sell,5830,0.2173,"{""T"":1789698463659,""s"":""ADAUSDT"",""S"":""Sell"",""v"":""5830"",""p"":""0.2173""}"
2026-09-18T02:27:45.430785Z,1789698465121,ARBUSDT,Sell,123.8,0.20343,"{""T"":1789698465121,""s"":""ARBUSDT"",""S"":""Sell"",""v"":""123.8"",""p"":""0.20343""}"
2026-09-18T02:28:06.333112Z,1789698486096,HYPEUSDT,Buy,37.72,85.560,"{""T"":1789698486096,""s"":""HYPEUSDT"",""S"":""Buy"",""v"":""37.72"",""p"":""85.560""}"
2026-09-18T02:29:07.324726Z,1789698547100,PUMPFUNUSDT,Sell,194900,0.0040860,"{""T"":1789698547100,""s"":""PUMPFUNUSDT"",""S"":""Sell"",""v"":""194900"",""p"":""0.0040860""}"
2026-09-18T02:29:07.325200Z,1789698547100,HYPEUSDT,Buy,6.71,85.620,"{""T"":1789698547100,""s"":""HYPEUSDT"",""S"":""Buy"",""v"":""6.71"",""p"":""85.620""}"
2026-09-18T02:29:07.335625Z,1789698547100,VVVUSDT,Sell,25.77,26.0470,"{""T"":1789698547100,""s"":""VVVUSDT"",""S"":""Sell"",""v"":""25.77"",""p"":""26.0470""}"
2026-09-18T02:29:07.336004Z,1789698547100,FARTCOINUSDT,Buy,1309,0.14712,"{""T"":1789698547100,""s"":""FARTCOINUSDT"",""S"":""Buy"",""v"":""1309"",""p"":""0.14712""}"
2026-09-18T02:29:07.359515Z,1789698547100,XLMUSDT,Sell,3514,0.18600,"{""T"":1789698547100,""s"":""XLMUSDT"",""S"":""Sell"",""v"":""3514"",""p"":""0.18600""}"
2026-09-18T02:29:07.425135Z,1789698547100,ZECUSDT,Sell,1.53,1499.11,"{""T"":1789698547100,""s"":""ZECUSDT"",""S"":""Sell"",""v"":""1.53"",""p"":""1499.11""}"
2026-09-18T02:29:07.425525Z,1789698547100,ARBUSDT,Sell,6113.2,0.20251,"{""T"":1789698547100,""s"":""ARBUSDT"",""S"":""Sell"",""v"":""6113.2"",""p"":""0.20251""}"
2026-09-18T02:29:07.425713Z,1789698547100,ADAUSDT,Sell,11216,0.2169,"{""T"":1789698547100,""s"":""ADAUSDT"",""S"":""Sell"",""v"":""11216"",""p"":""0.2169""}"
2026-09-18T02:29:07.466334Z,1789698547100,ETHUSDT,Sell,1.99,2466.67,"{""T"":1789698547100,""s"":""ETHUSDT"",""S"":""Sell"",""v"":""1.99"",""p"":""2466.67""}"
2026-09-18T02:29:07.503019Z,1789698547100,SUIUSDT,Sell,1420,0.77310,"{""T"":1789698547100,""s"":""SUIUSDT"",""S"":""Sell"",""v"":""1420"",""p"":""0.77310""}"
2026-09-18T02:29:07.507479Z,1789698547100,VIRTUALUSDT,Buy,458,0.6215,"{""T"":1789698547100,""s"":""VIRTUALUSDT"",""S"":""Buy"",""v"":""458"",""p"":""0.6215""}"
2026-09-18T02:29:07.507817Z,1789698547100,LINKUSDT,Sell,31.8,11.603,"{""T"":1789698547100,""s"":""LINKUSDT"",""S"":""Sell"",""v"":""31.8"",""p"":""11.603""}"
2026-09-18T02:29:07.526342Z,1789698547100,NEARUSDT,Sell,959.3,3.2990,"{""T"":1789698547100,""s"":""NEARUSDT"",""S"":""Sell"",""v"":""959.3"",""p"":""3.2990""}"
2026-09-18T02:29:07.574081Z,1789698547100,FILUSDT,Sell,636.1,0.8723,"{""T"":1789698547100,""s"":""FILUSDT"",""S"":""Sell"",""v"":""636.1"",""p"":""0.8723""}"
2026-09-18T02:29:07.574561Z,1789698547100,SOLUSDT,Sell,11.3,102.980,"{""T"":1789698547100,""s"":""SOLUSDT"",""S"":""Sell"",""v"":""11.3"",""p"":""102.980""}"
2026-09-18T02:29:07.577062Z,1789698547100,BTCUSDT,Sell,0.001,77114.80,"{""T"":1789698547100,""s"":""BTCUSDT"",""S"":""Sell"",""v"":""0.001"",""p"":""77114.80""}"
2026-09-18T02:29:24.027251Z,1789698563886,NEARUSDT,Sell,144.6,3.3100,"{""T"":1789698563886,""s"":""NEARUSDT"",""S"":""Sell"",""v"":""144.6"",""p"":""3.3100""}"
2026-09-18T02:29:27.369726Z,1789698567221,GENIUSUSDT,Buy,1175,0.3383,"{""T"":1789698567221,""s"":""GENIUSUSDT"",""S"":""Buy"",""v"":""1175"",""p"":""0.3383""}"
2026-09-18T02:29:36.858522Z,1789698576548,MARSCOINUSDT,Sell,100,0.12102,"{""T"":1789698576548,""s"":""MARSCOINUSDT"",""S"":""Sell"",""v"":""100"",""p"":""0.12102""}"
2026-09-18T02:29:47.925165Z,1789698587471,ARBUSDT,Sell,28.6,0.20373,"{""T"":1789698587471,""s"":""ARBUSDT"",""S"":""Sell"",""v"":""28.6"",""p"":""0.20373""}"
2026-09-18T02:29:48.425766Z,1789698587924,ARBUSDT,Sell,4000.0,0.20405,"{""T"":1789698587924,""s"":""ARBUSDT"",""S"":""Sell"",""v"":""4000.0"",""p"":""0.20405""}"
2026-09-18T02:29:50.823689Z,1789698590616,HYPEUSDT,Sell,64.41,86.700,"{""T"":1789698590616,""s"":""HYPEUSDT"",""S"":""Sell"",""v"":""64.41"",""p"":""86.700""}"
2026-09-18T02:29:50.824144Z,1789698590267,PUMPFUNUSDT,Sell,1061800,0.0041070,"{""T"":1789698590267,""s"":""PUMPFUNUSDT"",""S"":""Sell"",""v"":""1061800"",""p"":""0.0041070""}"
2026-09-18T02:29:50.824144Z,1789698590616,PUMPFUNUSDT,Sell,1229700,0.0041060,"{""T"":1789698590616,""s"":""PUMPFUNUSDT"",""S"":""Sell"",""v"":""1229700"",""p"":""0.0041060""}"
2026-09-18T02:29:50.835500Z,1789698590615,ENAUSDT,Sell,42289,0.16338,"{""T"":1789698590615,""s"":""ENAUSDT"",""S"":""Sell"",""v"":""42289"",""p"":""0.16338""}"
2026-09-18T02:29:50.848192Z,1789698590615,XRPUSDT,Sell,3672.0,1.3129,"{""T"":1789698590615,""s"":""XRPUSDT"",""S"":""Sell"",""v"":""3672.0"",""p"":""1.3129""}"
2026-09-18T02:29:50.848491Z,1789698590615,LITUSDT,Sell,1015.4,4.9730,"{""T"":1789698590615,""s"":""LITUSDT"",""S"":""Sell"",""v"":""1015.4"",""p"":""4.9730""}"
2026-09-18T02:29:50.925289Z,1789698590578,ARBUSDT,Sell,121.6,0.20449,"{""T"":1789698590578,""s"":""ARBUSDT"",""S"":""Sell"",""v"":""121.6"",""p"":""0.20449""}"
2026-09-18T02:29:50.925289Z,1789698590616,ARBUSDT,Sell,59847.1,0.20442,"{""T"":1789698590616,""s"":""ARBUSDT"",""S"":""Sell"",""v"":""59847.1"",""p"":""0.20442""}"
2026-09-18T02:29:50.967018Z,1789698590616,ETHUSDT,Sell,2.00,2467.91,"{""T"":1789698590616,""s"":""ETHUSDT"",""S"":""Sell"",""v"":""2.00"",""p"":""2467.91""}"
2026-09-18T02:29:51.026569Z,1789698590616,AVAXUSDT,Sell,667.5,7.745,"{""T"":1789698590616,""s"":""AVAXUSDT"",""S"":""Sell"",""v"":""667.5"",""p"":""7.745""}"
2026-09-18T02:29:51.073883Z,1789698590615,SOLUSDT,Sell,49.2,103.000,"{""T"":1789698590615,""s"":""SOLUSDT"",""S"":""Sell"",""v"":""49.2"",""p"":""103.000""}"
2026-09-18T02:29:51.076712Z,1789698590616,BTCUSDT,Sell,0.064,77137.10,"{""T"":1789698590616,""s"":""BTCUSDT"",""S"":""Sell"",""v"":""0.064"",""p"":""77137.10""}"
2026-09-18T02:30:03.576870Z,1789698603379,BTCUSDT,Sell,0.005,77150.50,"{""T"":1789698603379,""s"":""BTCUSDT"",""S"":""Sell"",""v"":""0.005"",""p"":""77150.50""}"
2026-09-18T02:30:04.424823Z,1789698604251,ARBUSDT,Sell,2500.0,0.20454,"{""T"":1789698604251,""s"":""ARBUSDT"",""S"":""Sell"",""v"":""2500.0"",""p"":""0.20454""}"
2026-09-18T02:30:04.526484Z,1789698604251,NEARUSDT,Sell,151.5,3.3060,"{""T"":1789698604251,""s"":""NEARUSDT"",""S"":""Sell"",""v"":""151.5"",""p"":""3.3060""}"
2026-09-18T02:30:04.576771Z,1789698604472,BTCUSDT,Sell,0.005,77155.30,"{""T"":1789698604472,""s"":""BTCUSDT"",""S"":""Sell"",""v"":""0.005"",""p"":""77155.30""}"
2026-09-18T02:30:05.073767Z,1789698604805,FILUSDT,Sell,45.2,0.8714,"{""T"":1789698604805,""s"":""FILUSDT"",""S"":""Sell"",""v"":""45.2"",""p"":""0.8714""}"
2026-09-18T02:30:05.076974Z,1789698604659,BTCUSDT,Sell,0.008,77157.70,"{""T"":1789698604659,""s"":""BTCUSDT"",""S"":""Sell"",""v"":""0.008"",""p"":""77157.70""}"
2026-09-18T02:30:05.323608Z,1789698604805,PUMPFUNUSDT,Sell,18600,0.0041060,"{""T"":1789698604805,""s"":""PUMPFUNUSDT"",""S"":""Sell"",""v"":""18600"",""p"":""0.0041060""}"
2026-09-18T02:30:05.347991Z,1789698604805,LITUSDT,Sell,39.6,4.9800,"{""T"":1789698604805,""s"":""LITUSDT"",""S"":""Sell"",""v"":""39.6"",""p"":""4.9800""}"
2026-09-18T02:30:06.424713Z,1789698606123,ARBUSDT,Sell,1719.2,0.20481,"{""T"":1789698606123,""s"":""ARBUSDT"",""S"":""Sell"",""v"":""1719.2"",""p"":""0.20481""}"
2026-09-18T02:30:06.924666Z,1789698606596,ARBUSDT,Sell,30.6,0.20481,"{""T"":1789698606596,""s"":""ARBUSDT"",""S"":""Sell"",""v"":""30.6"",""p"":""0.20481""}"
2026-09-18T02:30:06.924666Z,1789698606707,ARBUSDT,Sell,846.1,0.20474,"{""T"":1789698606707,""s"":""ARBUSDT"",""S"":""Sell"",""v"":""846.1"",""p"":""0.20474""}"
2026-09-18T02:30:06.924666Z,1789698606763,ARBUSDT,Sell,864.2,0.20501,"{""T"":1789698606763,""s"":""ARBUSDT"",""S"":""Sell"",""v"":""864.2"",""p"":""0.20501""}"
2026-09-18T02:30:07.359083Z,1789698606833,UAIUSDT,Buy,33,0.40490,"{""T"":1789698606833,""s"":""UAIUSDT"",""S"":""Buy"",""v"":""33"",""p"":""0.40490""}"
2026-09-18T02:30:07.925076Z,1789698607634,ARBUSDT,Sell,1430.7,0.20522,"{""T"":1789698607634,""s"":""ARBUSDT"",""S"":""Sell"",""v"":""1430.7"",""p"":""0.20522""}"
2026-09-18T02:30:24.076860Z,1789698623828,BTCUSDT,Sell,0.060,77165.60,"{""T"":1789698623828,""s"":""BTCUSDT"",""S"":""Sell"",""v"":""0.060"",""p"":""77165.60""}"
2026-09-18T02:30:28.870308Z,1789698628725,APTUSDT,Sell,19.00,0.6536,"{""T"":1789698628725,""s"":""APTUSDT"",""S"":""Sell"",""v"":""19.00"",""p"":""0.6536""}"
2026-09-18T02:30:45.573812Z,1789698645356,BNBUSDT,Sell,3.00,755.10,"{""T"":1789698645356,""s"":""BNBUSDT"",""S"":""Sell"",""v"":""3.00"",""p"":""755.10""}"
2026-09-18T02:30:49.324072Z,1789698649160,PUMPFUNUSDT,Sell,1300,0.0041140,"{""T"":1789698649160,""s"":""PUMPFUNUSDT"",""S"":""Sell"",""v"":""1300"",""p"":""0.0041140""}"
2026-09-18T02:30:52.077408Z,1789698651572,BTCUSDT,Sell,0.024,77182.20,"{""T"":1789698651572,""s"":""BTCUSDT"",""S"":""Sell"",""v"":""0.024"",""p"":""77182.20""}"
2026-09-18T02:30:58.077217Z,1789698657948,BTCUSDT,Sell,0.006,77187.70,"{""T"":1789698657948,""s"":""BTCUSDT"",""S"":""Sell"",""v"":""0.006"",""p"":""77187.70""}"
2026-09-18T02:30:58.577126Z,1789698658392,BTCUSDT,Sell,0.050,77187.50,"{""T"":1789698658392,""s"":""BTCUSDT"",""S"":""Sell"",""v"":""0.050"",""p"":""77187.50""}"
2026-09-18T02:30:59.077363Z,1789698658494,BTCUSDT,Sell,0.022,77186.80,"{""T"":1789698658494,""s"":""BTCUSDT"",""S"":""Sell"",""v"":""0.022"",""p"":""77186.80""}"
2026-09-18T02:31:08.869811Z,1789698668345,WLDUSDT,Sell,31.3,0.4134,"{""T"":1789698668345,""s"":""WLDUSDT"",""S"":""Sell"",""v"":""31.3"",""p"":""0.4134""}"
2026-09-18T02:31:08.918337Z,1789698668345,HBARUSDT,Sell,310,0.07626,"{""T"":1789698668345,""s"":""HBARUSDT"",""S"":""Sell"",""v"":""310"",""p"":""0.07626""}"
2026-09-18T02:31:11.339920Z,1789698670747,DRIFTUSDT,Buy,51331,0.016880,"{""T"":1789698670747,""s"":""DRIFTUSDT"",""S"":""Buy"",""v"":""51331"",""p"":""0.016880""}"
2026-09-18T02:31:30.339690Z,1789698690048,DRIFTUSDT,Buy,315,0.016580,"{""T"":1789698690048,""s"":""DRIFTUSDT"",""S"":""Buy"",""v"":""315"",""p"":""0.016580""}"
2026-09-18T02:31:32.339708Z,1789698691827,DRIFTUSDT,Buy,17902,0.016400,"{""T"":1789698691827,""s"":""DRIFTUSDT"",""S"":""Buy"",""v"":""17902"",""p"":""0.016400""}"
2026-09-18T02:31:42.870654Z,1789698702279,APTUSDT,Sell,6113.45,0.6573,"{""T"":1789698702279,""s"":""APTUSDT"",""S"":""Sell"",""v"":""6113.45"",""p"":""0.6573""}"
2026-09-18T02:31:44.870004Z,1789698704342,APTUSDT,Sell,970.14,0.6578,"{""T"":1789698704342,""s"":""APTUSDT"",""S"":""Sell"",""v"":""970.14"",""p"":""0.6578""}"
2026-09-18T02:31:44.870004Z,1789698704772,APTUSDT,Sell,27.35,0.6578,"{""T"":1789698704772,""s"":""APTUSDT"",""S"":""Sell"",""v"":""27.35"",""p"":""0.6578""}"
2026-09-18T02:32:07.324589Z,1789698726973,HYPEUSDT,Buy,10.88,85.890,"{""T"":1789698726973,""s"":""HYPEUSDT"",""S"":""Buy"",""v"":""10.88"",""p"":""85.890""}"
2026-09-18T02:32:07.358731Z,1789698726973,UAIUSDT,Buy,6828,0.40070,"{""T"":1789698726973,""s"":""UAIUSDT"",""S"":""Buy"",""v"":""6828"",""p"":""0.40070""}"
2026-09-18T02:32:35.839658Z,1789698755292,PONSUSDT,Sell,2975,0.7347,"{""T"":1789698755292,""s"":""PONSUSDT"",""S"":""Sell"",""v"":""2975"",""p"":""0.7347""}"
2026-09-18T02:32:37.924651Z,1789698757659,ADAUSDT,Sell,6553,0.2184,"{""T"":1789698757659,""s"":""ADAUSDT"",""S"":""Sell"",""v"":""6553"",""p"":""0.2184""}"
2026-09-18T02:32:44.424914Z,1789698764225,DOGEUSDT,Sell,557,0.08342,"{""T"":1789698764225,""s"":""DOGEUSDT"",""S"":""Sell"",""v"":""557"",""p"":""0.08342""}"
2026-09-18T02:33:53.576585Z,1789698833214,BTCUSDT,Sell,0.002,77223.40,"{""T"":1789698833214,""s"":""BTCUSDT"",""S"":""Sell"",""v"":""0.002"",""p"":""77223.40""}"
2026-09-18T02:33:55.076621Z,1789698834692,BTCUSDT,Sell,0.005,77229.50,"{""T"":1789698834692,""s"":""BTCUSDT"",""S"":""Sell"",""v"":""0.005"",""p"":""77229.50""}"
2026-09-18T02:33:56.840355Z,1789698836557,PONSUSDT,Sell,127,0.7387,"{""T"":1789698836557,""s"":""PONSUSDT"",""S"":""Sell"",""v"":""127"",""p"":""0.7387""}"
2026-09-18T02:33:57.077281Z,1789698836824,BTCUSDT,Sell,0.015,77232.20,"{""T"":1789698836824,""s"":""BTCUSDT"",""S"":""Sell"",""v"":""0.015"",""p"":""77232.20""}"
2026-09-18T02:34:00.424949Z,1789698840277,ADAUSDT,Sell,181,0.2189,"{""T"":1789698840277,""s"":""ADAUSDT"",""S"":""Sell"",""v"":""181"",""p"":""0.2189""}"
2026-09-18T02:34:09.007474Z,1789698848861,COTIUSDT,Sell,2993,0.023603,"{""T"":1789698848861,""s"":""COTIUSDT"",""S"":""Sell"",""v"":""2993"",""p"":""0.023603""}"
2026-09-18T02:34:22.925544Z,1789698862490,DOGEUSDT,Sell,4303,0.08347,"{""T"":1789698862490,""s"":""DOGEUSDT"",""S"":""Sell"",""v"":""4303"",""p"":""0.08347""}"
2026-09-18T02:34:33.576946Z,1789698873027,BTCUSDT,Sell,0.027,77241.10,"{""T"":1789698873027,""s"":""BTCUSDT"",""S"":""Sell"",""v"":""0.027"",""p"":""77241.10""}"
2026-09-18T02:34:33.839471Z,1789698873309,PONSUSDT,Sell,351,0.7396,"{""T"":1789698873309,""s"":""PONSUSDT"",""S"":""Sell"",""v"":""351"",""p"":""0.7396""}"
2026-09-18T02:34:33.839471Z,1789698873466,PONSUSDT,Sell,18,0.7392,"{""T"":1789698873466,""s"":""PONSUSDT"",""S"":""Sell"",""v"":""18"",""p"":""0.7392""}"
2026-09-18T02:34:33.966371Z,1789698873620,ETHUSDT,Sell,0.69,2472.62,"{""T"":1789698873620,""s"":""ETHUSDT"",""S"":""Sell"",""v"":""0.69"",""p"":""2472.62""}"
2026-09-18T02:34:33.966371Z,1789698873841,ETHUSDT,Sell,0.82,2472.47,"{""T"":1789698873841,""s"":""ETHUSDT"",""S"":""Sell"",""v"":""0.82"",""p"":""2472.47""}"
2026-09-18T02:34:34.076533Z,1789698873620,BTCUSDT,Sell,0.047,77244.80,"{""T"":1789698873620,""s"":""BTCUSDT"",""S"":""Sell"",""v"":""0.047"",""p"":""77244.80""}"
2026-09-18T02:34:35.577118Z,1789698875404,BTCUSDT,Sell,0.001,77248.20,"{""T"":1789698875404,""s"":""BTCUSDT"",""S"":""Sell"",""v"":""0.001"",""p"":""77248.20""}"
2026-09-18T02:34:42.526711Z,1789698882176,NEARUSDT,Sell,1968.6,3.3240,"{""T"":1789698882176,""s"":""NEARUSDT"",""S"":""Sell"",""v"":""1968.6"",""p"":""3.3240""}"
2026-09-18T02:34:42.526711Z,1789698882181,NEARUSDT,Sell,144.2,3.3210,"{""T"":1789698882181,""s"":""NEARUSDT"",""S"":""Sell"",""v"":""144.2"",""p"":""3.3210""}"
2026-09-18T02:34:42.576533Z,1789698882176,BTCUSDT,Sell,0.004,77234.80,"{""T"":1789698882176,""s"":""BTCUSDT"",""S"":""Sell"",""v"":""0.004"",""p"":""77234.80""}"
2026-09-18T02:34:42.967010Z,1789698882580,ETHUSDT,Sell,5.68,2470.28,"{""T"":1789698882580,""s"":""ETHUSDT"",""S"":""Sell"",""v"":""5.68"",""p"":""2470.28""}"
2026-09-18T02:34:43.026712Z,1789698882580,NEARUSDT,Sell,3033.7,3.3190,"{""T"":1789698882580,""s"":""NEARUSDT"",""S"":""Sell"",""v"":""3033.7"",""p"":""3.3190""}"
2026-09-18T02:34:43.026712Z,1789698882881,NEARUSDT,Sell,35.9,3.3240,"{""T"":1789698882881,""s"":""NEARUSDT"",""S"":""Sell"",""v"":""35.9"",""p"":""3.3240""}"
2026-09-18T02:34:44.026381Z,1789698883727,NEARUSDT,Sell,133.5,3.3270,"{""T"":1789698883727,""s"":""NEARUSDT"",""S"":""Sell"",""v"":""133.5"",""p"":""3.3270""}"
2026-09-18T02:34:44.526394Z,1789698884055,NEARUSDT,Sell,3426.8,3.3250,"{""T"":1789698884055,""s"":""NEARUSDT"",""S"":""Sell"",""v"":""3426.8"",""p"":""3.3250""}"
2026-09-18T02:34:51.924921Z,1789698891806,ADAUSDT,Sell,41195,0.2186,"{""T"":1789698891806,""s"":""ADAUSDT"",""S"":""Sell"",""v"":""41195"",""p"":""0.2186""}"
2026-09-18T02:34:51.967171Z,1789698891806,ETHUSDT,Sell,2.54,2473.04,"{""T"":1789698891806,""s"":""ETHUSDT"",""S"":""Sell"",""v"":""2.54"",""p"":""2473.04""}"
2026-09-18T02:34:52.003639Z,1789698891806,SUIUSDT,Sell,8880,0.77580,"{""T"":1789698891806,""s"":""SUIUSDT"",""S"":""Sell"",""v"":""8880"",""p"":""0.77580""}"
2026-09-18T02:34:52.074239Z,1789698891806,SOLUSDT,Sell,44.4,103.240,"{""T"":1789698891806,""s"":""SOLUSDT"",""S"":""Sell"",""v"":""44.4"",""p"":""103.240""}"
2026-09-18T02:34:52.076539Z,1789698891806,BTCUSDT,Sell,0.050,77246.20,"{""T"":1789698891806,""s"":""BTCUSDT"",""S"":""Sell"",""v"":""0.050"",""p"":""77246.20""}"
2026-09-18T02:34:52.324179Z,1789698891806,HYPEUSDT,Sell,57.83,87.020,"{""T"":1789698891806,""s"":""HYPEUSDT"",""S"":""Sell"",""v"":""57.83"",""p"":""87.020""}"
2026-09-18T02:34:52.348250Z,1789698891806,XRPUSDT,Sell,3333.0,1.3147,"{""T"":1789698891806,""s"":""XRPUSDT"",""S"":""Sell"",""v"":""3333.0"",""p"":""1.3147""}"
2026-09-18T02:34:52.370268Z,1789698891806,WLDUSDT,Sell,31289.8,0.4149,"{""T"":1789698891806,""s"":""WLDUSDT"",""S"":""Sell"",""v"":""31289.8"",""p"":""0.4149""}"
2026-09-18T02:34:52.966269Z,1789698892491,ETHUSDT,Sell,0.01,2473.15,"{""T"":1789698892491,""s"":""ETHUSDT"",""S"":""Sell"",""v"":""0.01"",""p"":""2473.15""}"
2026-09-18T02:34:55.918805Z,1789698895811,LSKUSDT,Sell,3262.3,0.45214,"{""T"":1789698895811,""s"":""LSKUSDT"",""S"":""Sell"",""v"":""3262.3"",""p"":""0.45214""}"
2026-09-18T02:34:56.339638Z,1789698895811,PONSUSDT,Sell,5441,0.7422,"{""T"":1789698895811,""s"":""PONSUSDT"",""S"":""Sell"",""v"":""5441"",""p"":""0.7422""}"
2026-09-18T02:34:56.358601Z,1789698895811,MARSCOINUSDT,Sell,26110,0.12129,"{""T"":1789698895811,""s"":""MARSCOINUSDT"",""S"":""Sell"",""v"":""26110"",""p"":""0.12129""}"
2026-09-18T02:35:04.839802Z,1789698904615,DRIFTUSDT,Buy,75463,0.016160,"{""T"":1789698904615,""s"":""DRIFTUSDT"",""S"":""Buy"",""v"":""75463"",""p"":""0.016160""}"
2026-09-18T02:35:04.839802Z,1789698904708,DRIFTUSDT,Buy,351,0.016230,"{""T"":1789698904708,""s"":""DRIFTUSDT"",""S"":""Buy"",""v"":""351"",""p"":""0.016230""}"
2026-09-18T02:35:04.839802Z,1789698904741,DRIFTUSDT,Buy,1387,0.016170,"{""T"":1789698904741,""s"":""DRIFTUSDT"",""S"":""Buy"",""v"":""1387"",""p"":""0.016170""}"
2026-09-18T02:35:05.526739Z,1789698905305,NEARUSDT,Sell,37.9,3.3300,"{""T"":1789698905305,""s"":""NEARUSDT"",""S"":""Sell"",""v"":""37.9"",""p"":""3.3300""}"
2026-09-18T02:35:05.526739Z,1789698905379,NEARUSDT,Sell,9.9,3.3290,"{""T"":1789698905379,""s"":""NEARUSDT"",""S"":""Sell"",""v"":""9.9"",""p"":""3.3290""}"
2026-09-18T02:35:05.839484Z,1789698905335,DRIFTUSDT,Buy,11148,0.016060,"{""T"":1789698905335,""s"":""DRIFTUSDT"",""S"":""Buy"",""v"":""11148"",""p"":""0.016060""}"
2026-09-18T02:35:06.026660Z,1789698905567,NEARUSDT,Sell,132.0,3.3280,"{""T"":1789698905567,""s"":""NEARUSDT"",""S"":""Sell"",""v"":""132.0"",""p"":""3.3280""}"
2026-09-18T02:35:06.026660Z,1789698905588,NEARUSDT,Sell,342.5,3.3280,"{""T"":1789698905588,""s"":""NEARUSDT"",""S"":""Sell"",""v"":""342.5"",""p"":""3.3280""}"
2026-09-18T02:35:07.526593Z,1789698907094,NEARUSDT,Sell,25.0,3.3310,"{""T"":1789698907094,""s"":""NEARUSDT"",""S"":""Sell"",""v"":""25.0"",""p"":""3.3310""}"
2026-09-18T02:35:09.026773Z,1789698908574,NEARUSDT,Sell,78.6,3.3340,"{""T"":1789698908574,""s"":""NEARUSDT"",""S"":""Sell"",""v"":""78.6"",""p"":""3.3340""}"
2026-09-18T02:35:09.026773Z,1789698908789,NEARUSDT,Sell,88.9,3.3330,"{""T"":1789698908789,""s"":""NEARUSDT"",""S"":""Sell"",""v"":""88.9"",""p"":""3.3330""}"
2026-09-18T02:35:10.526981Z,1789698910321,NEARUSDT,Sell,5.0,3.3370,"{""T"":1789698910321,""s"":""NEARUSDT"",""S"":""Sell"",""v"":""5.0"",""p"":""3.3370""}"
2026-09-18T02:35:10.526981Z,1789698910402,NEARUSDT,Sell,329.7,3.3370,"{""T"":1789698910402,""s"":""NEARUSDT"",""S"":""Sell"",""v"":""329.7"",""p"":""3.3370""}"
2026-09-18T02:35:11.526897Z,1789698911188,NEARUSDT,Sell,126.0,3.3370,"{""T"":1789698911188,""s"":""NEARUSDT"",""S"":""Sell"",""v"":""126.0"",""p"":""3.3370""}"
2026-09-18T02:35:24.928530Z,1789698924632,ARBUSDT,Buy,484.7,0.19785,"{""T"":1789698924632,""s"":""ARBUSDT"",""S"":""Buy"",""v"":""484.7"",""p"":""0.19785""}"
2026-09-18T02:36:27.348411Z,1789698987064,XRPUSDT,Sell,8572.5,1.3152,"{""T"":1789698987064,""s"":""XRPUSDT"",""S"":""Sell"",""v"":""8572.5"",""p"":""1.3152""}"
2026-09-18T02:36:53.351322Z,1789699013124,XRPUSDT,Sell,577.5,1.3155,"{""T"":1789699013124,""s"":""XRPUSDT"",""S"":""Sell"",""v"":""577.5"",""p"":""1.3155""}"
2026-09-18T02:36:53.418673Z,1789699013185,LSKUSDT,Sell,17.3,0.45497,"{""T"":1789699013185,""s"":""LSKUSDT"",""S"":""Sell"",""v"":""17.3"",""p"":""0.45497""}"
2026-09-18T02:36:53.918665Z,1789699013367,LSKUSDT,Sell,349.1,0.45486,"{""T"":1789699013367,""s"":""LSKUSDT"",""S"":""Sell"",""v"":""349.1"",""p"":""0.45486""}"
2026-09-18T02:37:30.869919Z,1789699050730,GENIUSUSDT,Buy,531,0.3375,"{""T"":1789699050730,""s"":""GENIUSUSDT"",""S"":""Buy"",""v"":""531"",""p"":""0.3375""}"
2026-09-18T02:37:42.969397Z,1789699062829,ETHUSDT,Sell,0.21,2473.48,"{""T"":1789699062829,""s"":""ETHUSDT"",""S"":""Sell"",""v"":""0.21"",""p"":""2473.48""}"
2026-09-18T02:37:43.576993Z,1789699063427,BTCUSDT,Sell,0.020,77247.50,"{""T"":1789699063427,""s"":""BTCUSDT"",""S"":""Sell"",""v"":""0.020"",""p"":""77247.50""}"
2026-09-18T02:38:50.073587Z,1789699129526,BNBUSDT,Sell,0.01,757.00,"{""T"":1789699129526,""s"":""BNBUSDT"",""S"":""Sell"",""v"":""0.01"",""p"":""757.00""}"
2026-09-18T02:38:55.849754Z,1789699135398,XRPUSDT,Sell,92.3,1.3167,"{""T"":1789699135398,""s"":""XRPUSDT"",""S"":""Sell"",""v"":""92.3"",""p"":""1.3167""}"
2026-09-18T02:40:17.425247Z,1789699216985,ARBUSDT,Buy,82.1,0.19687,"{""T"":1789699216985,""s"":""ARBUSDT"",""S"":""Buy"",""v"":""82.1"",""p"":""0.19687""}"
2026-09-18T02:40:45.922692Z,1789699245669,LSKUSDT,Sell,545.5,0.45885,"{""T"":1789699245669,""s"":""LSKUSDT"",""S"":""Sell"",""v"":""545.5"",""p"":""0.45885""}"
2026-09-18T02:40:46.918492Z,1789699246358,LSKUSDT,Sell,317.2,0.46007,"{""T"":1789699246358,""s"":""LSKUSDT"",""S"":""Sell"",""v"":""317.2"",""p"":""0.46007""}"
2026-09-18T02:40:46.918492Z,1789699246560,LSKUSDT,Sell,11109.9,0.46075,"{""T"":1789699246560,""s"":""LSKUSDT"",""S"":""Sell"",""v"":""11109.9"",""p"":""0.46075""}"
2026-09-18T02:40:47.418400Z,1789699246936,LSKUSDT,Sell,40.0,0.46126,"{""T"":1789699246936,""s"":""LSKUSDT"",""S"":""Sell"",""v"":""40.0"",""p"":""0.46126""}"
2026-09-18T02:40:47.418400Z,1789699247026,LSKUSDT,Sell,2706.3,0.46156,"{""T"":1789699247026,""s"":""LSKUSDT"",""S"":""Sell"",""v"":""2706.3"",""p"":""0.46156""}"
2026-09-18T02:40:48.918406Z,1789699248340,LSKUSDT,Sell,79.4,0.46206,"{""T"":1789699248340,""s"":""LSKUSDT"",""S"":""Sell"",""v"":""79.4"",""p"":""0.46206""}"
2026-09-18T02:40:49.418387Z,1789699249001,LSKUSDT,Sell,8581.8,0.46398,"{""T"":1789699249001,""s"":""LSKUSDT"",""S"":""Sell"",""v"":""8581.8"",""p"":""0.46398""}"
2026-09-18T02:40:49.418387Z,1789699249299,LSKUSDT,Sell,109.4,0.46364,"{""T"":1789699249299,""s"":""LSKUSDT"",""S"":""Sell"",""v"":""109.4"",""p"":""0.46364""}"
2026-09-18T02:40:49.918604Z,1789699249692,LSKUSDT,Sell,607.4,0.46277,"{""T"":1789699249692,""s"":""LSKUSDT"",""S"":""Sell"",""v"":""607.4"",""p"":""0.46277""}"
2026-09-18T02:40:52.418738Z,1789699252134,LSKUSDT,Sell,566.1,0.46634,"{""T"":1789699252134,""s"":""LSKUSDT"",""S"":""Sell"",""v"":""566.1"",""p"":""0.46634""}"
2026-09-18T02:40:52.918688Z,1789699252718,LSKUSDT,Sell,265.6,0.46614,"{""T"":1789699252718,""s"":""LSKUSDT"",""S"":""Sell"",""v"":""265.6"",""p"":""0.46614""}"
2026-09-18T02:42:17.027308Z,1789699336821,NEARUSDT,Buy,12398.9,3.2390,"{""T"":1789699336821,""s"":""NEARUSDT"",""S"":""Buy"",""v"":""12398.9"",""p"":""3.2390""}"
2026-09-18T02:44:46.915913Z,1789699486443,ADAUSDT,Buy,11580,0.2131,"{""T"":1789699486443,""s"":""ADAUSDT"",""S"":""Buy"",""v"":""11580"",""p"":""0.2131""}"
2026-09-18T02:45:35.416080Z,1789699534887,ARBUSDT,Sell,146.6,0.20344,"{""T"":1789699534887,""s"":""ARBUSDT"",""S"":""Sell"",""v"":""146.6"",""p"":""0.20344""}"
2026-09-18T02:48:26.498265Z,1789699706110,COTIUSDT,Sell,3115,0.023806,"{""T"":1789699706110,""s"":""COTIUSDT"",""S"":""Sell"",""v"":""3115"",""p"":""0.023806""}"
2026-09-18T02:48:54.998067Z,1789699734901,COTIUSDT,Sell,264,0.023858,"{""T"":1789699734901,""s"":""COTIUSDT"",""S"":""Sell"",""v"":""264"",""p"":""0.023858""}"
2026-09-18T02:51:47.317409Z,1789699907212,PUMPFUNUSDT,Sell,283600,0.0041670,"{""T"":1789699907212,""s"":""PUMPFUNUSDT"",""S"":""Sell"",""v"":""283600"",""p"":""0.0041670""}"
2026-09-18T02:51:53.326604Z,1789699912826,ENAUSDT,Sell,659,0.16459,"{""T"":1789699912826,""s"":""ENAUSDT"",""S"":""Sell"",""v"":""659"",""p"":""0.16459""}"
2026-09-18T02:51:53.326604Z,1789699912989,ENAUSDT,Sell,1081,0.16459,"{""T"":1789699912989,""s"":""ENAUSDT"",""S"":""Sell"",""v"":""1081"",""p"":""0.16459""}"
2026-09-18T02:52:19.998736Z,1789699939628,PENGUUSDT,Sell,720,0.007564,"{""T"":1789699939628,""s"":""PENGUUSDT"",""S"":""Sell"",""v"":""720"",""p"":""0.007564""}"
2026-09-18T02:52:19.998736Z,1789699939644,PENGUUSDT,Sell,5490,0.007563,"{""T"":1789699939644,""s"":""PENGUUSDT"",""S"":""Sell"",""v"":""5490"",""p"":""0.007563""}"
2026-09-18T02:52:24.409144Z,1789699943916,HBARUSDT,Sell,19706,0.07674,"{""T"":1789699943916,""s"":""HBARUSDT"",""S"":""Sell"",""v"":""19706"",""p"":""0.07674""}"
2026-09-18T02:53:04.338929Z,1789699983868,LITUSDT,Sell,13.8,4.9680,"{""T"":1789699983868,""s"":""LITUSDT"",""S"":""Sell"",""v"":""13.8"",""p"":""4.9680""}"
2026-09-18T02:53:12.360836Z,1789699992054,APTUSDT,Sell,112.63,0.6673,"{""T"":1789699992054,""s"":""APTUSDT"",""S"":""Sell"",""v"":""112.63"",""p"":""0.6673""}"
2026-09-18T02:53:16.325871Z,1789699995770,FARTCOINUSDT,Sell,4075,0.15297,"{""T"":1789699995770,""s"":""FARTCOINUSDT"",""S"":""Sell"",""v"":""4075"",""p"":""0.15297""}"
2026-09-18T02:53:16.827484Z,1789699996414,FARTCOINUSDT,Sell,659,0.15298,"{""T"":1789699996414,""s"":""FARTCOINUSDT"",""S"":""Sell"",""v"":""659"",""p"":""0.15298""}"
2026-09-18T02:53:51.494028Z,1789700031121,OPUSDT,Sell,85.7,0.10649,"{""T"":1789700031121,""s"":""OPUSDT"",""S"":""Sell"",""v"":""85.7"",""p"":""0.10649""}"
2026-09-18T02:53:51.567379Z,1789700031121,BTCUSDT,Sell,0.001,77224.40,"{""T"":1789700031121,""s"":""BTCUSDT"",""S"":""Sell"",""v"":""0.001"",""p"":""77224.40""}"
2026-09-18T02:54:02.418869Z,1789700042124,ARBUSDT,Sell,1309.9,0.20485,"{""T"":1789700042124,""s"":""ARBUSDT"",""S"":""Sell"",""v"":""1309.9"",""p"":""0.20485""}"
