recv_ts_utc,exch_ts_ms,symbol,side,size,price,raw_json
2026-09-24T00:00:20.997768Z,1790208020411,B3USDT,Buy,51400,0.0007123,"{""T"":1790208020411,""s"":""B3USDT"",""S"":""Buy"",""v"":""51400"",""p"":""0.0007123""}"
2026-09-24T00:00:27.998297Z,1790208027672,B3USDT,Buy,51000,0.0007093,"{""T"":1790208027672,""s"":""B3USDT"",""S"":""Buy"",""v"":""51000"",""p"":""0.0007093""}"
2026-09-24T00:00:30.997959Z,1790208030528,B3USDT,Buy,967700,0.0007081,"{""T"":1790208030528,""s"":""B3USDT"",""S"":""Buy"",""v"":""967700"",""p"":""0.0007081""}"
2026-09-24T00:00:31.498015Z,1790208031094,B3USDT,Buy,7500,0.0007088,"{""T"":1790208031094,""s"":""B3USDT"",""S"":""Buy"",""v"":""7500"",""p"":""0.0007088""}"
2026-09-24T00:00:33.518056Z,1790208033006,NEARUSDT,Sell,210.0,4.3680,"{""T"":1790208033006,""s"":""NEARUSDT"",""S"":""Sell"",""v"":""210.0"",""p"":""4.3680""}"
2026-09-24T00:01:51.488575Z,1790208110985,SOXLUSDT,Buy,0.85,144.52,"{""T"":1790208110985,""s"":""SOXLUSDT"",""S"":""Buy"",""v"":""0.85"",""p"":""144.52""}"
2026-09-24T00:01:58.988722Z,1790208118430,CLUSDT,Buy,1.05,91.540,"{""T"":1790208118430,""s"":""CLUSDT"",""S"":""Buy"",""v"":""1.05"",""p"":""91.540""}"
2026-09-24T00:02:01.998123Z,1790208121841,B3USDT,Buy,44300,0.0007009,"{""T"":1790208121841,""s"":""B3USDT"",""S"":""Buy"",""v"":""44300"",""p"":""0.0007009""}"
2026-09-24T00:02:02.998788Z,1790208122553,B3USDT,Buy,2635400,0.0006997,"{""T"":1790208122553,""s"":""B3USDT"",""S"":""Buy"",""v"":""2635400"",""p"":""0.0006997""}"
2026-09-24T00:02:38.498423Z,1790208158098,B3USDT,Buy,76400,0.0006968,"{""T"":1790208158098,""s"":""B3USDT"",""S"":""Buy"",""v"":""76400"",""p"":""0.0006968""}"
2026-09-24T00:02:38.498423Z,1790208158349,B3USDT,Buy,23800,0.0006966,"{""T"":1790208158349,""s"":""B3USDT"",""S"":""Buy"",""v"":""23800"",""p"":""0.0006966""}"
2026-09-24T00:03:06.814698Z,1790208186479,NILUSDT,Sell,16229,0.13285,"{""T"":1790208186479,""s"":""NILUSDT"",""S"":""Sell"",""v"":""16229"",""p"":""0.13285""}"
2026-09-24T00:03:08.415811Z,1790208188108,ZECUSDT,Sell,1.23,1516.09,"{""T"":1790208188108,""s"":""ZECUSDT"",""S"":""Sell"",""v"":""1.23"",""p"":""1516.09""}"
2026-09-24T00:03:11.314562Z,1790208190829,NILUSDT,Sell,452,0.13375,"{""T"":1790208190829,""s"":""NILUSDT"",""S"":""Sell"",""v"":""452"",""p"":""0.13375""}"
2026-09-24T00:03:11.314562Z,1790208190919,NILUSDT,Sell,807,0.13389,"{""T"":1790208190919,""s"":""NILUSDT"",""S"":""Sell"",""v"":""807"",""p"":""0.13389""}"
2026-09-24T00:03:29.997979Z,1790208209632,B3USDT,Buy,47100,0.0006865,"{""T"":1790208209632,""s"":""B3USDT"",""S"":""Buy"",""v"":""47100"",""p"":""0.0006865""}"
2026-09-24T00:03:29.997979Z,1790208209716,B3USDT,Buy,1817800,0.0006863,"{""T"":1790208209716,""s"":""B3USDT"",""S"":""Buy"",""v"":""1817800"",""p"":""0.0006863""}"
2026-09-24T00:03:30.498789Z,1790208209936,B3USDT,Buy,571500,0.0006856,"{""T"":1790208209936,""s"":""B3USDT"",""S"":""Buy"",""v"":""571500"",""p"":""0.0006856""}"
2026-09-24T00:03:55.498083Z,1790208235395,OPUSDT,Sell,6174.5,0.12427,"{""T"":1790208235395,""s"":""OPUSDT"",""S"":""Sell"",""v"":""6174.5"",""p"":""0.12427""}"
2026-09-24T00:05:20.915810Z,1790208320591,ZECUSDT,Sell,0.03,1518.98,"{""T"":1790208320591,""s"":""ZECUSDT"",""S"":""Sell"",""v"":""0.03"",""p"":""1518.98""}"
2026-09-24T00:05:39.315592Z,1790208338913,HYPEUSDT,Sell,0.14,94.870,"{""T"":1790208338913,""s"":""HYPEUSDT"",""S"":""Sell"",""v"":""0.14"",""p"":""94.870""}"
2026-09-24T00:05:52.315224Z,1790208351792,NILUSDT,Sell,546,0.13397,"{""T"":1790208351792,""s"":""NILUSDT"",""S"":""Sell"",""v"":""546"",""p"":""0.13397""}"
2026-09-24T00:05:53.814374Z,1790208353545,NILUSDT,Sell,907,0.13449,"{""T"":1790208353545,""s"":""NILUSDT"",""S"":""Sell"",""v"":""907"",""p"":""0.13449""}"
2026-09-24T00:05:54.314891Z,1790208353776,NILUSDT,Sell,259,0.13462,"{""T"":1790208353776,""s"":""NILUSDT"",""S"":""Sell"",""v"":""259"",""p"":""0.13462""}"
2026-09-24T00:05:55.314923Z,1790208355175,NILUSDT,Sell,62,0.13491,"{""T"":1790208355175,""s"":""NILUSDT"",""S"":""Sell"",""v"":""62"",""p"":""0.13491""}"
2026-09-24T00:05:56.314353Z,1790208355760,NILUSDT,Sell,14139,0.13512,"{""T"":1790208355760,""s"":""NILUSDT"",""S"":""Sell"",""v"":""14139"",""p"":""0.13512""}"
2026-09-24T00:05:57.315084Z,1790208356774,NILUSDT,Sell,14268,0.13516,"{""T"":1790208356774,""s"":""NILUSDT"",""S"":""Sell"",""v"":""14268"",""p"":""0.13516""}"
2026-09-24T00:05:59.815493Z,1790208359333,NILUSDT,Sell,20000,0.13535,"{""T"":1790208359333,""s"":""NILUSDT"",""S"":""Sell"",""v"":""20000"",""p"":""0.13535""}"
2026-09-24T00:06:00.314875Z,1790208359786,NILUSDT,Sell,773,0.13544,"{""T"":1790208359786,""s"":""NILUSDT"",""S"":""Sell"",""v"":""773"",""p"":""0.13544""}"
2026-09-24T00:06:26.817768Z,1790208386630,NILUSDT,Sell,33850,0.13604,"{""T"":1790208386630,""s"":""NILUSDT"",""S"":""Sell"",""v"":""33850"",""p"":""0.13604""}"
2026-09-24T00:06:32.814189Z,1790208392505,HYPEUSDT,Sell,23.71,94.950,"{""T"":1790208392505,""s"":""HYPEUSDT"",""S"":""Sell"",""v"":""23.71"",""p"":""94.950""}"
2026-09-24T00:06:46.815134Z,1790208406675,TRUMPUSDT,Buy,2638.9,1.946,"{""T"":1790208406675,""s"":""TRUMPUSDT"",""S"":""Buy"",""v"":""2638.9"",""p"":""1.946""}"
2026-09-24T00:07:09.314597Z,1790208428874,NILUSDT,Sell,81,0.13658,"{""T"":1790208428874,""s"":""NILUSDT"",""S"":""Sell"",""v"":""81"",""p"":""0.13658""}"
2026-09-24T00:07:09.815583Z,1790208429682,NILUSDT,Sell,2589,0.13691,"{""T"":1790208429682,""s"":""NILUSDT"",""S"":""Sell"",""v"":""2589"",""p"":""0.13691""}"
2026-09-24T00:07:10.314760Z,1790208430046,NILUSDT,Sell,265,0.13722,"{""T"":1790208430046,""s"":""NILUSDT"",""S"":""Sell"",""v"":""265"",""p"":""0.13722""}"
2026-09-24T00:07:10.814406Z,1790208430357,NILUSDT,Sell,5000,0.13695,"{""T"":1790208430357,""s"":""NILUSDT"",""S"":""Sell"",""v"":""5000"",""p"":""0.13695""}"
2026-09-24T00:07:10.814406Z,1790208430444,NILUSDT,Sell,200,0.13691,"{""T"":1790208430444,""s"":""NILUSDT"",""S"":""Sell"",""v"":""200"",""p"":""0.13691""}"
2026-09-24T00:07:10.814406Z,1790208430716,NILUSDT,Sell,400,0.13750,"{""T"":1790208430716,""s"":""NILUSDT"",""S"":""Sell"",""v"":""400"",""p"":""0.13750""}"
2026-09-24T00:07:10.814406Z,1790208430716,NILUSDT,Sell,9608,0.13861,"{""T"":1790208430716,""s"":""NILUSDT"",""S"":""Sell"",""v"":""9608"",""p"":""0.13861""}"
2026-09-24T00:07:11.314652Z,1790208430790,NILUSDT,Sell,11319,0.13861,"{""T"":1790208430790,""s"":""NILUSDT"",""S"":""Sell"",""v"":""11319"",""p"":""0.13861""}"
2026-09-24T00:07:11.314652Z,1790208430889,NILUSDT,Sell,705,0.13817,"{""T"":1790208430889,""s"":""NILUSDT"",""S"":""Sell"",""v"":""705"",""p"":""0.13817""}"
2026-09-24T00:07:11.314652Z,1790208430899,NILUSDT,Sell,119,0.13768,"{""T"":1790208430899,""s"":""NILUSDT"",""S"":""Sell"",""v"":""119"",""p"":""0.13768""}"
2026-09-24T00:07:11.314652Z,1790208430900,NILUSDT,Sell,158,0.13851,"{""T"":1790208430900,""s"":""NILUSDT"",""S"":""Sell"",""v"":""158"",""p"":""0.13851""}"
2026-09-24T00:07:11.314652Z,1790208431132,NILUSDT,Sell,13340,0.13848,"{""T"":1790208431132,""s"":""NILUSDT"",""S"":""Sell"",""v"":""13340"",""p"":""0.13848""}"
2026-09-24T00:07:11.314652Z,1790208431141,NILUSDT,Sell,949,0.13739,"{""T"":1790208431141,""s"":""NILUSDT"",""S"":""Sell"",""v"":""949"",""p"":""0.13739""}"
2026-09-24T00:07:11.314652Z,1790208431191,NILUSDT,Sell,674,0.13785,"{""T"":1790208431191,""s"":""NILUSDT"",""S"":""Sell"",""v"":""674"",""p"":""0.13785""}"
2026-09-24T00:07:11.409276Z,1790208431132,BCHUSDT,Sell,5.02,339.90,"{""T"":1790208431132,""s"":""BCHUSDT"",""S"":""Sell"",""v"":""5.02"",""p"":""339.90""}"
2026-09-24T00:07:11.415535Z,1790208431255,1000PEPEUSDT,Buy,19200,0.0042890,"{""T"":1790208431255,""s"":""1000PEPEUSDT"",""S"":""Buy"",""v"":""19200"",""p"":""0.0042890""}"
2026-09-24T00:07:11.636855Z,1790208431255,AKEUSDT,Buy,1700,0.0427740,"{""T"":1790208431255,""s"":""AKEUSDT"",""S"":""Buy"",""v"":""1700"",""p"":""0.0427740""}"
2026-09-24T00:07:11.816613Z,1790208431255,NILUSDT,Sell,1022,0.13875,"{""T"":1790208431255,""s"":""NILUSDT"",""S"":""Sell"",""v"":""1022"",""p"":""0.13875""}"
2026-09-24T00:07:11.816613Z,1790208431462,NILUSDT,Sell,1958,0.13775,"{""T"":1790208431462,""s"":""NILUSDT"",""S"":""Sell"",""v"":""1958"",""p"":""0.13775""}"
2026-09-24T00:07:11.816613Z,1790208431485,NILUSDT,Sell,1900,0.13737,"{""T"":1790208431485,""s"":""NILUSDT"",""S"":""Sell"",""v"":""1900"",""p"":""0.13737""}"
2026-09-24T00:07:11.830305Z,1790208431255,ALLOUSDT,Sell,358,0.30070,"{""T"":1790208431255,""s"":""ALLOUSDT"",""S"":""Sell"",""v"":""358"",""p"":""0.30070""}"
2026-09-24T00:08:02.315460Z,1790208481889,NILUSDT,Buy,206,0.12731,"{""T"":1790208481889,""s"":""NILUSDT"",""S"":""Buy"",""v"":""206"",""p"":""0.12731""}"
2026-09-24T00:08:02.315460Z,1790208481957,NILUSDT,Buy,737,0.12724,"{""T"":1790208481957,""s"":""NILUSDT"",""S"":""Buy"",""v"":""737"",""p"":""0.12724""}"
2026-09-24T00:08:11.329961Z,1790208491111,LONGXIAUSDT,Buy,5903,0.1527,"{""T"":1790208491111,""s"":""LONGXIAUSDT"",""S"":""Buy"",""v"":""5903"",""p"":""0.1527""}"
2026-09-24T00:08:16.314240Z,1790208495759,NILUSDT,Buy,5755,0.12594,"{""T"":1790208495759,""s"":""NILUSDT"",""S"":""Buy"",""v"":""5755"",""p"":""0.12594""}"
2026-09-24T00:08:55.830746Z,1790208535390,LONGXIAUSDT,Buy,37196,0.1516,"{""T"":1790208535390,""s"":""LONGXIAUSDT"",""S"":""Buy"",""v"":""37196"",""p"":""0.1516""}"
2026-09-24T00:08:56.330026Z,1790208535796,LONGXIAUSDT,Buy,940,0.1516,"{""T"":1790208535796,""s"":""LONGXIAUSDT"",""S"":""Buy"",""v"":""940"",""p"":""0.1516""}"
2026-09-24T00:08:58.331075Z,1790208538209,LONGXIAUSDT,Buy,1875,0.1514,"{""T"":1790208538209,""s"":""LONGXIAUSDT"",""S"":""Buy"",""v"":""1875"",""p"":""0.1514""}"
2026-09-24T00:09:06.409664Z,1790208545900,LSKUSDT,Buy,42.6,0.33932,"{""T"":1790208545900,""s"":""LSKUSDT"",""S"":""Buy"",""v"":""42.6"",""p"":""0.33932""}"
2026-09-24T00:09:06.409664Z,1790208545929,LSKUSDT,Buy,675.7,0.33963,"{""T"":1790208545929,""s"":""LSKUSDT"",""S"":""Buy"",""v"":""675.7"",""p"":""0.33963""}"
2026-09-24T00:09:06.830248Z,1790208546611,ALLOUSDT,Buy,18,0.28680,"{""T"":1790208546611,""s"":""ALLOUSDT"",""S"":""Buy"",""v"":""18"",""p"":""0.28680""}"
2026-09-24T00:09:20.488694Z,1790208560356,BTWUSDT,Sell,40,1.09579,"{""T"":1790208560356,""s"":""BTWUSDT"",""S"":""Sell"",""v"":""40"",""p"":""1.09579""}"
2026-09-24T00:09:31.330576Z,1790208571050,FARTCOINUSDT,Buy,1345,0.18173,"{""T"":1790208571050,""s"":""FARTCOINUSDT"",""S"":""Buy"",""v"":""1345"",""p"":""0.18173""}"
2026-09-24T00:10:35.998712Z,1790208635417,PENGUUSDT,Buy,4170,0.009657,"{""T"":1790208635417,""s"":""PENGUUSDT"",""S"":""Buy"",""v"":""4170"",""p"":""0.009657""}"
2026-09-24T00:11:19.831129Z,1790208679662,LONGXIAUSDT,Buy,2297,0.1510,"{""T"":1790208679662,""s"":""LONGXIAUSDT"",""S"":""Buy"",""v"":""2297"",""p"":""0.1510""}"
2026-09-24T00:11:25.988302Z,1790208685483,SNDKUSDT,Buy,0.27,1802.93,"{""T"":1790208685483,""s"":""SNDKUSDT"",""S"":""Buy"",""v"":""0.27"",""p"":""1802.93""}"
2026-09-24T00:11:29.916079Z,1790208689698,ADAUSDT,Buy,90,0.2355,"{""T"":1790208689698,""s"":""ADAUSDT"",""S"":""Buy"",""v"":""90"",""p"":""0.2355""}"
2026-09-24T00:11:38.997828Z,1790208698861,PENGUUSDT,Buy,16960,0.009649,"{""T"":1790208698861,""s"":""PENGUUSDT"",""S"":""Buy"",""v"":""16960"",""p"":""0.009649""}"
2026-09-24T00:11:49.488724Z,1790208708983,BTWUSDT,Sell,30,1.09731,"{""T"":1790208708983,""s"":""BTWUSDT"",""S"":""Sell"",""v"":""30"",""p"":""1.09731""}"
2026-09-24T00:11:54.566802Z,1790208714462,BTCUSDT,Buy,0.070,84008.50,"{""T"":1790208714462,""s"":""BTCUSDT"",""S"":""Buy"",""v"":""0.070"",""p"":""84008.50""}"
2026-09-24T00:12:53.909614Z,1790208773399,LSKUSDT,Buy,815.5,0.33618,"{""T"":1790208773399,""s"":""LSKUSDT"",""S"":""Buy"",""v"":""815.5"",""p"":""0.33618""}"
2026-09-24T00:12:53.909614Z,1790208773520,LSKUSDT,Buy,862.2,0.33679,"{""T"":1790208773520,""s"":""LSKUSDT"",""S"":""Buy"",""v"":""862.2"",""p"":""0.33679""}"
2026-09-24T00:12:56.497746Z,1790208776001,B3USDT,Buy,1024400,0.0006897,"{""T"":1790208776001,""s"":""B3USDT"",""S"":""Buy"",""v"":""1024400"",""p"":""0.0006897""}"
2026-09-24T00:13:51.339410Z,1790208831211,LITUSDT,Sell,3.0,5.4400,"{""T"":1790208831211,""s"":""LITUSDT"",""S"":""Sell"",""v"":""3.0"",""p"":""5.4400""}"
2026-09-24T00:15:04.992515Z,1790208904730,BTWUSDT,Sell,200,1.10000,"{""T"":1790208904730,""s"":""BTWUSDT"",""S"":""Sell"",""v"":""200"",""p"":""1.10000""}"
2026-09-24T00:15:35.488359Z,1790208935022,CLUSDT,Buy,4.20,91.400,"{""T"":1790208935022,""s"":""CLUSDT"",""S"":""Buy"",""v"":""4.20"",""p"":""91.400""}"
2026-09-24T00:16:02.992762Z,1790208962713,BTWUSDT,Sell,550,1.10666,"{""T"":1790208962713,""s"":""BTWUSDT"",""S"":""Sell"",""v"":""550"",""p"":""1.10666""}"
2026-09-24T00:16:03.488080Z,1790208963068,BTWUSDT,Sell,10,1.10682,"{""T"":1790208963068,""s"":""BTWUSDT"",""S"":""Sell"",""v"":""10"",""p"":""1.10682""}"
2026-09-24T00:16:04.488167Z,1790208964006,ZROUSDT,Sell,672.5,1.5453,"{""T"":1790208964006,""s"":""ZROUSDT"",""S"":""Sell"",""v"":""672.5"",""p"":""1.5453""}"
2026-09-24T00:16:13.988363Z,1790208973850,BTWUSDT,Sell,660,1.11165,"{""T"":1790208973850,""s"":""BTWUSDT"",""S"":""Sell"",""v"":""660"",""p"":""1.11165""}"
2026-09-24T00:16:50.330128Z,1790209010224,SAGAUSDT,Buy,40000.0,0.046116,"{""T"":1790209010224,""s"":""SAGAUSDT"",""S"":""Buy"",""v"":""40000.0"",""p"":""0.046116""}"
2026-09-24T00:16:57.830048Z,1790209017704,SAGAUSDT,Buy,1984.9,0.046005,"{""T"":1790209017704,""s"":""SAGAUSDT"",""S"":""Buy"",""v"":""1984.9"",""p"":""0.046005""}"
2026-09-24T00:17:00.830491Z,1790209020628,SAGAUSDT,Buy,41916.2,0.045908,"{""T"":1790209020628,""s"":""SAGAUSDT"",""S"":""Buy"",""v"":""41916.2"",""p"":""0.045908""}"
2026-09-24T00:17:38.314043Z,1790209057861,NILUSDT,Sell,4383,0.13625,"{""T"":1790209057861,""s"":""NILUSDT"",""S"":""Sell"",""v"":""4383"",""p"":""0.13625""}"
2026-09-24T00:17:38.314043Z,1790209058154,NILUSDT,Sell,2123,0.13627,"{""T"":1790209058154,""s"":""NILUSDT"",""S"":""Sell"",""v"":""2123"",""p"":""0.13627""}"
2026-09-24T00:17:50.498121Z,1790209070276,B3USDT,Buy,8800,0.0006776,"{""T"":1790209070276,""s"":""B3USDT"",""S"":""Buy"",""v"":""8800"",""p"":""0.0006776""}"
2026-09-24T00:18:01.830973Z,1790209081315,RAYDIUMUSDT,Sell,157.4,2.0436,"{""T"":1790209081315,""s"":""RAYDIUMUSDT"",""S"":""Sell"",""v"":""157.4"",""p"":""2.0436""}"
2026-09-24T00:18:03.314420Z,1790209082898,NILUSDT,Sell,17275,0.13680,"{""T"":1790209082898,""s"":""NILUSDT"",""S"":""Sell"",""v"":""17275"",""p"":""0.13680""}"
2026-09-24T00:18:03.814136Z,1790209083290,NILUSDT,Sell,2048,0.13674,"{""T"":1790209083290,""s"":""NILUSDT"",""S"":""Sell"",""v"":""2048"",""p"":""0.13674""}"
2026-09-24T00:18:35.063804Z,1790209114897,SOLUSDT,Sell,0.1,115.910,"{""T"":1790209114897,""s"":""SOLUSDT"",""S"":""Sell"",""v"":""0.1"",""p"":""115.910""}"
2026-09-24T00:18:41.415806Z,1790209121232,ZECUSDT,Sell,1.12,1526.30,"{""T"":1790209121232,""s"":""ZECUSDT"",""S"":""Sell"",""v"":""1.12"",""p"":""1526.30""}"
2026-09-24T00:18:45.498595Z,1790209125322,B3USDT,Buy,2605900,0.0006719,"{""T"":1790209125322,""s"":""B3USDT"",""S"":""Buy"",""v"":""2605900"",""p"":""0.0006719""}"
2026-09-24T00:19:26.416050Z,1790209165860,ARBUSDT,Sell,13249.6,0.21911,"{""T"":1790209165860,""s"":""ARBUSDT"",""S"":""Sell"",""v"":""13249.6"",""p"":""0.21911""}"
2026-09-24T00:19:31.064422Z,1790209170910,SOLUSDT,Sell,4.7,116.000,"{""T"":1790209170910,""s"":""SOLUSDT"",""S"":""Sell"",""v"":""4.7"",""p"":""116.000""}"
2026-09-24T00:20:16.517614Z,1790209216413,NEARUSDT,Sell,405.9,4.3670,"{""T"":1790209216413,""s"":""NEARUSDT"",""S"":""Sell"",""v"":""405.9"",""p"":""4.3670""}"
2026-09-24T00:20:16.567420Z,1790209216413,BTCUSDT,Sell,0.016,84681.60,"{""T"":1790209216413,""s"":""BTCUSDT"",""S"":""Sell"",""v"":""0.016"",""p"":""84681.60""}"
2026-09-24T00:20:16.814707Z,1790209216413,NILUSDT,Sell,7535,0.13706,"{""T"":1790209216413,""s"":""NILUSDT"",""S"":""Sell"",""v"":""7535"",""p"":""0.13706""}"
2026-09-24T00:20:16.815208Z,1790209216413,METUSDT,Sell,1369.1,0.35140,"{""T"":1790209216413,""s"":""METUSDT"",""S"":""Sell"",""v"":""1369.1"",""p"":""0.35140""}"
2026-09-24T00:20:16.993615Z,1790209216413,OPUSDT,Sell,17849.9,0.12547,"{""T"":1790209216413,""s"":""OPUSDT"",""S"":""Sell"",""v"":""17849.9"",""p"":""0.12547""}"
2026-09-24T00:20:43.988480Z,1790209243574,XAGUSDT,Buy,60.494,63.93,"{""T"":1790209243574,""s"":""XAGUSDT"",""S"":""Buy"",""v"":""60.494"",""p"":""63.93""}"
2026-09-24T00:21:33.492093Z,1790209293006,XAGUSDT,Buy,155.738,63.91,"{""T"":1790209293006,""s"":""XAGUSDT"",""S"":""Buy"",""v"":""155.738"",""p"":""63.91""}"
2026-09-24T00:21:33.830349Z,1790209293705,SAGAUSDT,Buy,1500.0,0.045405,"{""T"":1790209293705,""s"":""SAGAUSDT"",""S"":""Buy"",""v"":""1500.0"",""p"":""0.045405""}"
2026-09-24T00:21:46.021259Z,1790209305819,TAOUSDT,Buy,0.136,283.60,"{""T"":1790209305819,""s"":""TAOUSDT"",""S"":""Buy"",""v"":""0.136"",""p"":""283.60""}"
2026-09-24T00:22:19.814721Z,1790209339465,NILUSDT,Buy,1392,0.12709,"{""T"":1790209339465,""s"":""NILUSDT"",""S"":""Buy"",""v"":""1392"",""p"":""0.12709""}"
2026-09-24T00:22:19.814721Z,1790209339665,NILUSDT,Buy,146,0.12548,"{""T"":1790209339665,""s"":""NILUSDT"",""S"":""Buy"",""v"":""146"",""p"":""0.12548""}"
2026-09-24T00:22:19.814721Z,1790209339679,NILUSDT,Buy,3358,0.12595,"{""T"":1790209339679,""s"":""NILUSDT"",""S"":""Buy"",""v"":""3358"",""p"":""0.12595""}"
2026-09-24T00:22:19.815267Z,1790209339679,TRUMPUSDT,Buy,20.8,1.952,"{""T"":1790209339679,""s"":""TRUMPUSDT"",""S"":""Buy"",""v"":""20.8"",""p"":""1.952""}"
2026-09-24T00:22:19.993538Z,1790209339679,MUBARAKUSDT,Buy,326,0.051899,"{""T"":1790209339679,""s"":""MUBARAKUSDT"",""S"":""Buy"",""v"":""326"",""p"":""0.051899""}"
2026-09-24T00:22:20.314537Z,1790209339761,NILUSDT,Buy,482,0.12668,"{""T"":1790209339761,""s"":""NILUSDT"",""S"":""Buy"",""v"":""482"",""p"":""0.12668""}"
2026-09-24T00:22:23.814460Z,1790209343725,NILUSDT,Buy,5774,0.12430,"{""T"":1790209343725,""s"":""NILUSDT"",""S"":""Buy"",""v"":""5774"",""p"":""0.12430""}"
2026-09-24T00:22:24.314380Z,1790209343904,NILUSDT,Buy,261,0.12454,"{""T"":1790209343904,""s"":""NILUSDT"",""S"":""Buy"",""v"":""261"",""p"":""0.12454""}"
2026-09-24T00:24:42.314790Z,1790209482011,NILUSDT,Buy,10000,0.12393,"{""T"":1790209482011,""s"":""NILUSDT"",""S"":""Buy"",""v"":""10000"",""p"":""0.12393""}"
2026-09-24T00:24:48.814871Z,1790209488416,NILUSDT,Buy,47,0.12387,"{""T"":1790209488416,""s"":""NILUSDT"",""S"":""Buy"",""v"":""47"",""p"":""0.12387""}"
2026-09-24T00:24:59.315301Z,1790209499078,NILUSDT,Buy,218,0.12328,"{""T"":1790209499078,""s"":""NILUSDT"",""S"":""Buy"",""v"":""218"",""p"":""0.12328""}"
2026-09-24T00:31:07.338959Z,1790209867133,XRPUSDT,Sell,6.4,1.5131,"{""T"":1790209867133,""s"":""XRPUSDT"",""S"":""Sell"",""v"":""6.4"",""p"":""1.5131""}"
2026-09-24T00:31:18.988697Z,1790209878844,SOXLUSDT,Sell,7.43,145.63,"{""T"":1790209878844,""s"":""SOXLUSDT"",""S"":""Sell"",""v"":""7.43"",""p"":""145.63""}"
2026-09-24T00:31:26.314165Z,1790209885955,NILUSDT,Buy,153,0.12343,"{""T"":1790209885955,""s"":""NILUSDT"",""S"":""Buy"",""v"":""153"",""p"":""0.12343""}"
2026-09-24T00:31:37.814536Z,1790209897368,NILUSDT,Buy,57,0.12330,"{""T"":1790209897368,""s"":""NILUSDT"",""S"":""Buy"",""v"":""57"",""p"":""0.12330""}"
2026-09-24T00:31:42.814103Z,1790209902681,NILUSDT,Buy,1157,0.12240,"{""T"":1790209902681,""s"":""NILUSDT"",""S"":""Buy"",""v"":""1157"",""p"":""0.12240""}"
2026-09-24T00:31:43.314583Z,1790209903027,NILUSDT,Buy,8134,0.12263,"{""T"":1790209903027,""s"":""NILUSDT"",""S"":""Buy"",""v"":""8134"",""p"":""0.12263""}"
2026-09-24T00:31:43.814224Z,1790209903340,NILUSDT,Buy,130,0.12303,"{""T"":1790209903340,""s"":""NILUSDT"",""S"":""Buy"",""v"":""130"",""p"":""0.12303""}"
2026-09-24T00:32:36.839944Z,1790209956313,XRPUSDT,Sell,13343.1,1.5144,"{""T"":1790209956313,""s"":""XRPUSDT"",""S"":""Sell"",""v"":""13343.1"",""p"":""1.5144""}"
2026-09-24T00:32:47.564548Z,1790209967402,SOLUSDT,Sell,2.1,116.190,"{""T"":1790209967402,""s"":""SOLUSDT"",""S"":""Sell"",""v"":""2.1"",""p"":""116.190""}"
2026-09-24T00:33:20.850305Z,1790210000743,MARSCOINUSDT,Sell,550,0.14251,"{""T"":1790210000743,""s"":""MARSCOINUSDT"",""S"":""Sell"",""v"":""550"",""p"":""0.14251""}"
2026-09-24T00:34:47.317974Z,1790210087030,NILUSDT,Buy,41436,0.12206,"{""T"":1790210087030,""s"":""NILUSDT"",""S"":""Buy"",""v"":""41436"",""p"":""0.12206""}"
2026-09-24T00:36:12.817891Z,1790210172318,NILUSDT,Sell,918,0.13219,"{""T"":1790210172318,""s"":""NILUSDT"",""S"":""Sell"",""v"":""918"",""p"":""0.13219""}"
2026-09-24T00:37:54.517759Z,1790210273998,AVAXUSDT,Buy,12.8,10.122,"{""T"":1790210273998,""s"":""AVAXUSDT"",""S"":""Buy"",""v"":""12.8"",""p"":""10.122""}"
2026-09-24T00:39:48.494117Z,1790210388154,MUBARAKUSDT,Buy,54645,0.051232,"{""T"":1790210388154,""s"":""MUBARAKUSDT"",""S"":""Buy"",""v"":""54645"",""p"":""0.051232""}"
2026-09-24T00:40:21.993573Z,1790210421774,MUBARAKUSDT,Buy,1526,0.050939,"{""T"":1790210421774,""s"":""MUBARAKUSDT"",""S"":""Buy"",""v"":""1526"",""p"":""0.050939""}"
2026-09-24T00:40:21.993573Z,1790210421831,MUBARAKUSDT,Buy,4772,0.050735,"{""T"":1790210421831,""s"":""MUBARAKUSDT"",""S"":""Buy"",""v"":""4772"",""p"":""0.050735""}"
2026-09-24T00:40:22.494691Z,1790210422085,MUBARAKUSDT,Buy,1238,0.050822,"{""T"":1790210422085,""s"":""MUBARAKUSDT"",""S"":""Buy"",""v"":""1238"",""p"":""0.050822""}"
2026-09-24T00:40:22.494691Z,1790210422211,MUBARAKUSDT,Buy,175,0.050857,"{""T"":1790210422211,""s"":""MUBARAKUSDT"",""S"":""Buy"",""v"":""175"",""p"":""0.050857""}"
2026-09-24T00:42:02.314219Z,1790210521923,NILUSDT,Sell,199,0.12889,"{""T"":1790210521923,""s"":""NILUSDT"",""S"":""Sell"",""v"":""199"",""p"":""0.12889""}"
2026-09-24T00:42:02.330684Z,1790210521923,SAGAUSDT,Sell,192.0,0.049043,"{""T"":1790210521923,""s"":""SAGAUSDT"",""S"":""Sell"",""v"":""192.0"",""p"":""0.049043""}"
2026-09-24T00:42:02.488185Z,1790210521923,ZROUSDT,Sell,16.4,1.5477,"{""T"":1790210521923,""s"":""ZROUSDT"",""S"":""Sell"",""v"":""16.4"",""p"":""1.5477""}"
2026-09-24T00:42:02.494159Z,1790210521923,OPUSDT,Buy,365.6,0.12201,"{""T"":1790210521923,""s"":""OPUSDT"",""S"":""Buy"",""v"":""365.6"",""p"":""0.12201""}"
2026-09-24T00:42:02.494472Z,1790210521923,SUIUSDT,Buy,10,0.94640,"{""T"":1790210521923,""s"":""SUIUSDT"",""S"":""Buy"",""v"":""10"",""p"":""0.94640""}"
2026-09-24T00:48:02.314804Z,1790210881729,PUMPFUNUSDT,Buy,145400,0.0039260,"{""T"":1790210881729,""s"":""PUMPFUNUSDT"",""S"":""Buy"",""v"":""145400"",""p"":""0.0039260""}"
2026-09-24T00:48:02.315495Z,1790210882054,XPLUSDT,Buy,4310,0.08879,"{""T"":1790210882054,""s"":""XPLUSDT"",""S"":""Buy"",""v"":""4310"",""p"":""0.08879""}"
2026-09-24T00:48:52.419385Z,1790210932087,DOGEUSDT,Buy,1023,0.09194,"{""T"":1790210932087,""s"":""DOGEUSDT"",""S"":""Buy"",""v"":""1023"",""p"":""0.09194""}"
2026-09-24T00:49:01.636636Z,1790210941475,AKEUSDT,Buy,110800,0.0416630,"{""T"":1790210941475,""s"":""AKEUSDT"",""S"":""Buy"",""v"":""110800"",""p"":""0.0416630""}"
2026-09-24T00:49:41.814251Z,1790210981494,NILUSDT,Buy,544,0.12038,"{""T"":1790210981494,""s"":""NILUSDT"",""S"":""Buy"",""v"":""544"",""p"":""0.12038""}"
2026-09-24T00:49:41.814251Z,1790210981517,NILUSDT,Buy,5000,0.12062,"{""T"":1790210981517,""s"":""NILUSDT"",""S"":""Buy"",""v"":""5000"",""p"":""0.12062""}"
2026-09-24T00:51:31.339762Z,1790211091171,ONDOUSDT,Buy,17,0.4044,"{""T"":1790211091171,""s"":""ONDOUSDT"",""S"":""Buy"",""v"":""17"",""p"":""0.4044""}"
2026-09-24T00:51:42.840004Z,1790211102398,XRPUSDT,Buy,102.4,1.4918,"{""T"":1790211102398,""s"":""XRPUSDT"",""S"":""Buy"",""v"":""102.4"",""p"":""1.4918""}"
2026-09-24T00:51:44.827709Z,1790211104671,MONUSDT,Buy,14864,0.023580,"{""T"":1790211104671,""s"":""MONUSDT"",""S"":""Buy"",""v"":""14864"",""p"":""0.023580""}"
2026-09-24T00:51:57.314648Z,1790211117164,HYPEUSDT,Buy,1.09,92.930,"{""T"":1790211117164,""s"":""HYPEUSDT"",""S"":""Buy"",""v"":""1.09"",""p"":""92.930""}"
2026-09-24T00:51:57.315101Z,1790211117164,ASTERUSDT,Sell,35,0.6949,"{""T"":1790211117164,""s"":""ASTERUSDT"",""S"":""Sell"",""v"":""35"",""p"":""0.6949""}"
2026-09-24T00:51:57.517629Z,1790211117164,AVAXUSDT,Buy,9.7,10.110,"{""T"":1790211117164,""s"":""AVAXUSDT"",""S"":""Buy"",""v"":""9.7"",""p"":""10.110""}"
2026-09-24T00:52:15.140464Z,1790211134650,PENDLEUSDT,Buy,25,2.4120,"{""T"":1790211134650,""s"":""PENDLEUSDT"",""S"":""Buy"",""v"":""25"",""p"":""2.4120""}"
2026-09-24T00:52:31.839413Z,1790211151622,XRPUSDT,Buy,8.1,1.4910,"{""T"":1790211151622,""s"":""XRPUSDT"",""S"":""Buy"",""v"":""8.1"",""p"":""1.4910""}"
2026-09-24T00:52:45.330498Z,1790211164818,MONUSDT,Buy,27187,0.023530,"{""T"":1790211164818,""s"":""MONUSDT"",""S"":""Buy"",""v"":""27187"",""p"":""0.023530""}"
2026-09-24T00:53:50.018501Z,1790211229450,NEARUSDT,Buy,340.3,4.2580,"{""T"":1790211229450,""s"":""NEARUSDT"",""S"":""Buy"",""v"":""340.3"",""p"":""4.2580""}"
2026-09-24T00:53:50.019082Z,1790211229450,LTCUSDT,Buy,21.6,61.37,"{""T"":1790211229450,""s"":""LTCUSDT"",""S"":""Buy"",""v"":""21.6"",""p"":""61.37""}"
2026-09-24T00:53:53.567368Z,1790211233233,BTCUSDT,Buy,0.084,83911.00,"{""T"":1790211233233,""s"":""BTCUSDT"",""S"":""Buy"",""v"":""0.084"",""p"":""83911.00""}"
2026-09-24T00:53:53.567368Z,1790211233260,BTCUSDT,Buy,0.028,83921.10,"{""T"":1790211233260,""s"":""BTCUSDT"",""S"":""Buy"",""v"":""0.028"",""p"":""83921.10""}"
2026-09-24T00:53:53.957487Z,1790211233540,ETHUSDT,Buy,0.02,2669.69,"{""T"":1790211233540,""s"":""ETHUSDT"",""S"":""Buy"",""v"":""0.02"",""p"":""2669.69""}"
2026-09-24T00:53:54.066745Z,1790211233746,BTCUSDT,Buy,0.011,83920.70,"{""T"":1790211233746,""s"":""BTCUSDT"",""S"":""Buy"",""v"":""0.011"",""p"":""83920.70""}"
2026-09-24T00:54:16.994885Z,1790211256825,MUBARAKUSDT,Sell,1063,0.054233,"{""T"":1790211256825,""s"":""MUBARAKUSDT"",""S"":""Sell"",""v"":""1063"",""p"":""0.054233""}"
2026-09-24T00:54:20.493612Z,1790211260039,MUBARAKUSDT,Sell,30626,0.054663,"{""T"":1790211260039,""s"":""MUBARAKUSDT"",""S"":""Sell"",""v"":""30626"",""p"":""0.054663""}"
2026-09-24T00:54:29.830003Z,1790211269275,LONGXIAUSDT,Buy,8817,0.1507,"{""T"":1790211269275,""s"":""LONGXIAUSDT"",""S"":""Buy"",""v"":""8817"",""p"":""0.1507""}"
2026-09-24T00:55:02.814342Z,1790211302335,NILUSDT,Sell,6897,0.13093,"{""T"":1790211302335,""s"":""NILUSDT"",""S"":""Sell"",""v"":""6897"",""p"":""0.13093""}"
2026-09-24T00:55:03.815059Z,1790211303720,NILUSDT,Sell,4457,0.13123,"{""T"":1790211303720,""s"":""NILUSDT"",""S"":""Sell"",""v"":""4457"",""p"":""0.13123""}"
2026-09-24T00:55:32.491851Z,1790211331939,XAUUSDT,Sell,0.007,4320.46,"{""T"":1790211331939,""s"":""XAUUSDT"",""S"":""Sell"",""v"":""0.007"",""p"":""4320.46""}"
2026-09-24T00:55:35.488393Z,1790211335292,XAUUSDT,Sell,0.009,4320.90,"{""T"":1790211335292,""s"":""XAUUSDT"",""S"":""Sell"",""v"":""0.009"",""p"":""4320.90""}"
2026-09-24T00:55:38.814530Z,1790211338463,NILUSDT,Sell,2070,0.13149,"{""T"":1790211338463,""s"":""NILUSDT"",""S"":""Sell"",""v"":""2070"",""p"":""0.13149""}"
2026-09-24T00:55:44.314295Z,1790211344153,NILUSDT,Sell,150,0.13153,"{""T"":1790211344153,""s"":""NILUSDT"",""S"":""Sell"",""v"":""150"",""p"":""0.13153""}"
2026-09-24T00:55:46.814497Z,1790211346386,NILUSDT,Sell,398,0.13189,"{""T"":1790211346386,""s"":""NILUSDT"",""S"":""Sell"",""v"":""398"",""p"":""0.13189""}"
2026-09-24T00:56:06.318040Z,1790211365877,NILUSDT,Sell,4727,0.13302,"{""T"":1790211365877,""s"":""NILUSDT"",""S"":""Sell"",""v"":""4727"",""p"":""0.13302""}"
2026-09-24T00:57:07.488262Z,1790211427135,XAUUSDT,Sell,0.014,4321.63,"{""T"":1790211427135,""s"":""XAUUSDT"",""S"":""Sell"",""v"":""0.014"",""p"":""4321.63""}"
2026-09-24T00:59:49.638055Z,1790211589184,AKEUSDT,Buy,43200,0.0419440,"{""T"":1790211589184,""s"":""AKEUSDT"",""S"":""Buy"",""v"":""43200"",""p"":""0.0419440""}"
2026-09-24T01:00:33.350411Z,1790211632965,MARSCOINUSDT,Buy,720,0.13096,"{""T"":1790211632965,""s"":""MARSCOINUSDT"",""S"":""Buy"",""v"":""720"",""p"":""0.13096""}"
2026-09-24T01:00:41.838696Z,1790211641551,ONDOUSDT,Buy,819,0.4058,"{""T"":1790211641551,""s"":""ONDOUSDT"",""S"":""Buy"",""v"":""819"",""p"":""0.4058""}"
2026-09-24T01:00:42.064308Z,1790211641551,ETCUSDT,Sell,195.2,8.796,"{""T"":1790211641551,""s"":""ETCUSDT"",""S"":""Sell"",""v"":""195.2"",""p"":""8.796""}"
2026-09-24T01:00:42.137155Z,1790211641551,PENDLEUSDT,Buy,799,2.4090,"{""T"":1790211641551,""s"":""PENDLEUSDT"",""S"":""Buy"",""v"":""799"",""p"":""2.4090""}"
2026-09-24T01:01:33.350147Z,1790211693190,MARSCOINUSDT,Buy,420,0.12930,"{""T"":1790211693190,""s"":""MARSCOINUSDT"",""S"":""Buy"",""v"":""420"",""p"":""0.12930""}"
2026-09-24T01:01:36.314353Z,1790211695988,PUMPFUNUSDT,Buy,95000,0.0039210,"{""T"":1790211695988,""s"":""PUMPFUNUSDT"",""S"":""Buy"",""v"":""95000"",""p"":""0.0039210""}"
2026-09-24T01:03:09.849649Z,1790211789594,MARSCOINUSDT,Buy,1740,0.12865,"{""T"":1790211789594,""s"":""MARSCOINUSDT"",""S"":""Buy"",""v"":""1740"",""p"":""0.12865""}"
2026-09-24T01:03:10.849605Z,1790211790377,MARSCOINUSDT,Buy,49120,0.12852,"{""T"":1790211790377,""s"":""MARSCOINUSDT"",""S"":""Buy"",""v"":""49120"",""p"":""0.12852""}"
2026-09-24T01:03:10.860924Z,1790211790289,APTUSDT,Buy,2163.10,0.7417,"{""T"":1790211790289,""s"":""APTUSDT"",""S"":""Buy"",""v"":""2163.10"",""p"":""0.7417""}"
2026-09-24T01:03:11.349802Z,1790211791217,MARSCOINUSDT,Buy,210,0.12856,"{""T"":1790211791217,""s"":""MARSCOINUSDT"",""S"":""Buy"",""v"":""210"",""p"":""0.12856""}"
2026-09-24T01:04:04.849778Z,1790211844596,MARSCOINUSDT,Buy,4250,0.12689,"{""T"":1790211844596,""s"":""MARSCOINUSDT"",""S"":""Buy"",""v"":""4250"",""p"":""0.12689""}"
2026-09-24T01:04:05.349569Z,1790211845195,MARSCOINUSDT,Buy,2150,0.12726,"{""T"":1790211845195,""s"":""MARSCOINUSDT"",""S"":""Buy"",""v"":""2150"",""p"":""0.12726""}"
2026-09-24T01:04:06.349855Z,1790211846098,MARSCOINUSDT,Buy,70,0.12647,"{""T"":1790211846098,""s"":""MARSCOINUSDT"",""S"":""Buy"",""v"":""70"",""p"":""0.12647""}"
2026-09-24T01:04:06.849704Z,1790211846309,MARSCOINUSDT,Buy,1930,0.12680,"{""T"":1790211846309,""s"":""MARSCOINUSDT"",""S"":""Buy"",""v"":""1930"",""p"":""0.12680""}"
2026-09-24T01:04:12.137190Z,1790211852026,PENDLEUSDT,Buy,200,2.4040,"{""T"":1790211852026,""s"":""PENDLEUSDT"",""S"":""Buy"",""v"":""200"",""p"":""2.4040""}"
2026-09-24T01:04:33.140744Z,1790211872844,PENDLEUSDT,Buy,154,2.3990,"{""T"":1790211872844,""s"":""PENDLEUSDT"",""S"":""Buy"",""v"":""154"",""p"":""2.3990""}"
2026-09-24T01:06:10.327009Z,1790211969903,ENAUSDT,Buy,303229,0.20021,"{""T"":1790211969903,""s"":""ENAUSDT"",""S"":""Buy"",""v"":""303229"",""p"":""0.20021""}"
2026-09-24T01:06:15.338739Z,1790211975247,AAVEUSDT,Buy,2.86,135.87,"{""T"":1790211975247,""s"":""AAVEUSDT"",""S"":""Buy"",""v"":""2.86"",""p"":""135.87""}"
2026-09-24T01:06:16.839290Z,1790211976261,AAVEUSDT,Buy,4.12,135.84,"{""T"":1790211976261,""s"":""AAVEUSDT"",""S"":""Buy"",""v"":""4.12"",""p"":""135.84""}"
2026-09-24T01:06:40.314650Z,1790211999764,NILUSDT,Sell,1193,0.13430,"{""T"":1790211999764,""s"":""NILUSDT"",""S"":""Sell"",""v"":""1193"",""p"":""0.13430""}"
2026-09-24T01:06:45.988286Z,1790212005833,CLUSDT,Buy,2.90,91.000,"{""T"":1790212005833,""s"":""CLUSDT"",""S"":""Buy"",""v"":""2.90"",""p"":""91.000""}"
2026-09-24T01:06:46.361089Z,1790212005833,SNXXUSDT,Buy,0.01,17.93,"{""T"":1790212005833,""s"":""SNXXUSDT"",""S"":""Buy"",""v"":""0.01"",""p"":""17.93""}"
2026-09-24T01:07:05.814666Z,1790212025475,NILUSDT,Sell,1068,0.13461,"{""T"":1790212025475,""s"":""NILUSDT"",""S"":""Sell"",""v"":""1068"",""p"":""0.13461""}"
2026-09-24T01:08:04.319566Z,1790212083869,NILUSDT,Sell,46,0.13515,"{""T"":1790212083869,""s"":""NILUSDT"",""S"":""Sell"",""v"":""46"",""p"":""0.13515""}"
2026-09-24T01:09:20.518096Z,1790212160273,LTCUSDT,Sell,0.2,62.84,"{""T"":1790212160273,""s"":""LTCUSDT"",""S"":""Sell"",""v"":""0.2"",""p"":""62.84""}"
2026-09-24T01:11:05.818487Z,1790212265714,NILUSDT,Sell,3239,0.13582,"{""T"":1790212265714,""s"":""NILUSDT"",""S"":""Sell"",""v"":""3239"",""p"":""0.13582""}"
2026-09-24T01:11:07.314353Z,1790212266898,NILUSDT,Sell,2020,0.13599,"{""T"":1790212266898,""s"":""NILUSDT"",""S"":""Sell"",""v"":""2020"",""p"":""0.13599""}"
2026-09-24T01:11:07.814231Z,1790212267662,NILUSDT,Sell,521,0.13592,"{""T"":1790212267662,""s"":""NILUSDT"",""S"":""Sell"",""v"":""521"",""p"":""0.13592""}"
2026-09-24T01:11:08.814373Z,1790212268334,NILUSDT,Sell,100,0.13627,"{""T"":1790212268334,""s"":""NILUSDT"",""S"":""Sell"",""v"":""100"",""p"":""0.13627""}"
2026-09-24T01:11:09.315122Z,1790212268841,NILUSDT,Sell,5135,0.13686,"{""T"":1790212268841,""s"":""NILUSDT"",""S"":""Sell"",""v"":""5135"",""p"":""0.13686""}"
2026-09-24T01:11:28.318198Z,1790212287896,NILUSDT,Sell,145,0.13746,"{""T"":1790212287896,""s"":""NILUSDT"",""S"":""Sell"",""v"":""145"",""p"":""0.13746""}"
2026-09-24T01:11:31.814378Z,1790212291663,NILUSDT,Sell,2124,0.13773,"{""T"":1790212291663,""s"":""NILUSDT"",""S"":""Sell"",""v"":""2124"",""p"":""0.13773""}"
2026-09-24T01:11:32.314531Z,1790212292067,NILUSDT,Sell,3816,0.13775,"{""T"":1790212292067,""s"":""NILUSDT"",""S"":""Sell"",""v"":""3816"",""p"":""0.13775""}"
2026-09-24T01:11:41.314308Z,1790212300817,NILUSDT,Sell,228,0.13795,"{""T"":1790212300817,""s"":""NILUSDT"",""S"":""Sell"",""v"":""228"",""p"":""0.13795""}"
2026-09-24T01:11:42.814310Z,1790212302448,NILUSDT,Sell,3081,0.13824,"{""T"":1790212302448,""s"":""NILUSDT"",""S"":""Sell"",""v"":""3081"",""p"":""0.13824""}"
2026-09-24T01:11:42.814789Z,1790212302448,PUMPFUNUSDT,Buy,36100,0.0039030,"{""T"":1790212302448,""s"":""PUMPFUNUSDT"",""S"":""Buy"",""v"":""36100"",""p"":""0.0039030""}"
2026-09-24T01:11:42.915299Z,1790212302448,ZECUSDT,Buy,0.16,1490.58,"{""T"":1790212302448,""s"":""ZECUSDT"",""S"":""Buy"",""v"":""0.16"",""p"":""1490.58""}"
2026-09-24T01:12:00.314098Z,1790212319803,NILUSDT,Sell,150,0.13878,"{""T"":1790212319803,""s"":""NILUSDT"",""S"":""Sell"",""v"":""150"",""p"":""0.13878""}"
2026-09-24T01:12:00.314098Z,1790212320003,NILUSDT,Sell,1600,0.13866,"{""T"":1790212320003,""s"":""NILUSDT"",""S"":""Sell"",""v"":""1600"",""p"":""0.13866""}"
2026-09-24T01:12:00.488137Z,1790212320003,BTWUSDT,Sell,70,1.10472,"{""T"":1790212320003,""s"":""BTWUSDT"",""S"":""Sell"",""v"":""70"",""p"":""1.10472""}"
2026-09-24T01:12:00.488636Z,1790212320003,ZROUSDT,Sell,50.0,1.5546,"{""T"":1790212320003,""s"":""ZROUSDT"",""S"":""Sell"",""v"":""50.0"",""p"":""1.5546""}"
2026-09-24T01:12:00.814661Z,1790212320331,NILUSDT,Sell,56,0.13855,"{""T"":1790212320331,""s"":""NILUSDT"",""S"":""Sell"",""v"":""56"",""p"":""0.13855""}"
2026-09-24T01:12:00.814661Z,1790212320709,NILUSDT,Sell,56656,0.13860,"{""T"":1790212320709,""s"":""NILUSDT"",""S"":""Sell"",""v"":""56656"",""p"":""0.13860""}"
2026-09-24T01:12:03.314172Z,1790212323103,NILUSDT,Sell,899,0.13901,"{""T"":1790212323103,""s"":""NILUSDT"",""S"":""Sell"",""v"":""899"",""p"":""0.13901""}"
2026-09-24T01:12:04.314236Z,1790212323730,NILUSDT,Sell,84,0.13896,"{""T"":1790212323730,""s"":""NILUSDT"",""S"":""Sell"",""v"":""84"",""p"":""0.13896""}"
2026-09-24T01:12:04.814019Z,1790212324364,NILUSDT,Sell,6604,0.14047,"{""T"":1790212324364,""s"":""NILUSDT"",""S"":""Sell"",""v"":""6604"",""p"":""0.14047""}"
2026-09-24T01:12:04.814019Z,1790212324564,NILUSDT,Sell,150,0.14064,"{""T"":1790212324564,""s"":""NILUSDT"",""S"":""Sell"",""v"":""150"",""p"":""0.14064""}"
2026-09-24T01:12:06.314121Z,1790212325794,NILUSDT,Sell,3879,0.14097,"{""T"":1790212325794,""s"":""NILUSDT"",""S"":""Sell"",""v"":""3879"",""p"":""0.14097""}"
2026-09-24T01:12:06.814727Z,1790212326311,NILUSDT,Sell,882,0.14085,"{""T"":1790212326311,""s"":""NILUSDT"",""S"":""Sell"",""v"":""882"",""p"":""0.14085""}"
2026-09-24T01:12:06.814727Z,1790212326603,NILUSDT,Sell,23628,0.14090,"{""T"":1790212326603,""s"":""NILUSDT"",""S"":""Sell"",""v"":""23628"",""p"":""0.14090""}"
2026-09-24T01:12:07.314000Z,1790212327037,NILUSDT,Sell,462,0.14107,"{""T"":1790212327037,""s"":""NILUSDT"",""S"":""Sell"",""v"":""462"",""p"":""0.14107""}"
2026-09-24T01:12:07.314000Z,1790212327112,NILUSDT,Sell,598,0.14129,"{""T"":1790212327112,""s"":""NILUSDT"",""S"":""Sell"",""v"":""598"",""p"":""0.14129""}"
2026-09-24T01:12:07.814272Z,1790212327546,NILUSDT,Sell,1653,0.14128,"{""T"":1790212327546,""s"":""NILUSDT"",""S"":""Sell"",""v"":""1653"",""p"":""0.14128""}"
2026-09-24T01:12:20.814296Z,1790212340360,NILUSDT,Sell,3228,0.14146,"{""T"":1790212340360,""s"":""NILUSDT"",""S"":""Sell"",""v"":""3228"",""p"":""0.14146""}"
2026-09-24T01:12:20.814296Z,1790212340612,NILUSDT,Sell,8218,0.14156,"{""T"":1790212340612,""s"":""NILUSDT"",""S"":""Sell"",""v"":""8218"",""p"":""0.14156""}"
2026-09-24T01:12:21.488083Z,1790212341365,XAUUSDT,Sell,0.402,4323.17,"{""T"":1790212341365,""s"":""XAUUSDT"",""S"":""Sell"",""v"":""0.402"",""p"":""4323.17""}"
2026-09-24T01:12:22.314378Z,1790212341815,NILUSDT,Sell,5646,0.14172,"{""T"":1790212341815,""s"":""NILUSDT"",""S"":""Sell"",""v"":""5646"",""p"":""0.14172""}"
2026-09-24T01:12:22.314378Z,1790212341842,NILUSDT,Sell,8454,0.14181,"{""T"":1790212341842,""s"":""NILUSDT"",""S"":""Sell"",""v"":""8454"",""p"":""0.14181""}"
2026-09-24T01:12:22.814316Z,1790212342254,NILUSDT,Sell,36195,0.14165,"{""T"":1790212342254,""s"":""NILUSDT"",""S"":""Sell"",""v"":""36195"",""p"":""0.14165""}"
2026-09-24T01:12:26.814102Z,1790212346601,NILUSDT,Sell,14,0.14275,"{""T"":1790212346601,""s"":""NILUSDT"",""S"":""Sell"",""v"":""14"",""p"":""0.14275""}"
2026-09-24T01:12:26.814102Z,1790212346675,NILUSDT,Sell,36411,0.14237,"{""T"":1790212346675,""s"":""NILUSDT"",""S"":""Sell"",""v"":""36411"",""p"":""0.14237""}"
2026-09-24T01:12:27.314106Z,1790212346788,NILUSDT,Sell,3833,0.14206,"{""T"":1790212346788,""s"":""NILUSDT"",""S"":""Sell"",""v"":""3833"",""p"":""0.14206""}"
2026-09-24T01:12:27.314106Z,1790212346902,NILUSDT,Sell,4118,0.14265,"{""T"":1790212346902,""s"":""NILUSDT"",""S"":""Sell"",""v"":""4118"",""p"":""0.14265""}"
2026-09-24T01:12:27.814323Z,1790212347424,NILUSDT,Sell,44,0.14257,"{""T"":1790212347424,""s"":""NILUSDT"",""S"":""Sell"",""v"":""44"",""p"":""0.14257""}"
2026-09-24T01:12:27.814323Z,1790212347462,NILUSDT,Sell,3434,0.14236,"{""T"":1790212347462,""s"":""NILUSDT"",""S"":""Sell"",""v"":""3434"",""p"":""0.14236""}"
2026-09-24T01:12:27.814323Z,1790212347540,NILUSDT,Sell,374,0.14264,"{""T"":1790212347540,""s"":""NILUSDT"",""S"":""Sell"",""v"":""374"",""p"":""0.14264""}"
2026-09-24T01:12:28.814738Z,1790212348300,NILUSDT,Sell,1152,0.14293,"{""T"":1790212348300,""s"":""NILUSDT"",""S"":""Sell"",""v"":""1152"",""p"":""0.14293""}"
2026-09-24T01:12:28.814738Z,1790212348686,NILUSDT,Sell,852,0.14288,"{""T"":1790212348686,""s"":""NILUSDT"",""S"":""Sell"",""v"":""852"",""p"":""0.14288""}"
2026-09-24T01:12:28.826286Z,1790212348686,RAYDIUMUSDT,Sell,24.9,2.0337,"{""T"":1790212348686,""s"":""RAYDIUMUSDT"",""S"":""Sell"",""v"":""24.9"",""p"":""2.0337""}"
2026-09-24T01:12:28.988160Z,1790212348686,BTWUSDT,Sell,80,1.11402,"{""T"":1790212348686,""s"":""BTWUSDT"",""S"":""Sell"",""v"":""80"",""p"":""1.11402""}"
2026-09-24T01:12:29.814582Z,1790212349655,NILUSDT,Sell,1495,0.14397,"{""T"":1790212349655,""s"":""NILUSDT"",""S"":""Sell"",""v"":""1495"",""p"":""0.14397""}"
2026-09-24T01:12:29.814582Z,1790212349713,NILUSDT,Sell,73,0.14292,"{""T"":1790212349713,""s"":""NILUSDT"",""S"":""Sell"",""v"":""73"",""p"":""0.14292""}"
2026-09-24T01:12:30.488035Z,1790212350330,BTWUSDT,Sell,8930,1.11192,"{""T"":1790212350330,""s"":""BTWUSDT"",""S"":""Sell"",""v"":""8930"",""p"":""1.11192""}"
2026-09-24T01:12:30.814428Z,1790212350330,NILUSDT,Sell,41703,0.14390,"{""T"":1790212350330,""s"":""NILUSDT"",""S"":""Sell"",""v"":""41703"",""p"":""0.14390""}"
2026-09-24T01:12:30.814428Z,1790212350357,NILUSDT,Sell,320,0.14373,"{""T"":1790212350357,""s"":""NILUSDT"",""S"":""Sell"",""v"":""320"",""p"":""0.14373""}"
2026-09-24T01:12:30.814428Z,1790212350481,NILUSDT,Sell,5991,0.14326,"{""T"":1790212350481,""s"":""NILUSDT"",""S"":""Sell"",""v"":""5991"",""p"":""0.14326""}"
2026-09-24T01:12:30.814428Z,1790212350537,NILUSDT,Sell,248,0.14300,"{""T"":1790212350537,""s"":""NILUSDT"",""S"":""Sell"",""v"":""248"",""p"":""0.14300""}"
2026-09-24T01:12:33.314141Z,1790212352983,NILUSDT,Sell,1161,0.14465,"{""T"":1790212352983,""s"":""NILUSDT"",""S"":""Sell"",""v"":""1161"",""p"":""0.14465""}"
2026-09-24T01:12:33.314141Z,1790212353091,NILUSDT,Sell,292,0.14473,"{""T"":1790212353091,""s"":""NILUSDT"",""S"":""Sell"",""v"":""292"",""p"":""0.14473""}"
2026-09-24T01:12:33.488138Z,1790212353091,ZROUSDT,Sell,23.4,1.5539,"{""T"":1790212353091,""s"":""ZROUSDT"",""S"":""Sell"",""v"":""23.4"",""p"":""1.5539""}"
2026-09-24T01:12:33.814211Z,1790212353251,NILUSDT,Sell,7839,0.14444,"{""T"":1790212353251,""s"":""NILUSDT"",""S"":""Sell"",""v"":""7839"",""p"":""0.14444""}"
2026-09-24T01:12:33.814211Z,1790212353289,NILUSDT,Sell,1172,0.14435,"{""T"":1790212353289,""s"":""NILUSDT"",""S"":""Sell"",""v"":""1172"",""p"":""0.14435""}"
2026-09-24T01:12:33.814211Z,1790212353519,NILUSDT,Sell,320,0.14420,"{""T"":1790212353519,""s"":""NILUSDT"",""S"":""Sell"",""v"":""320"",""p"":""0.14420""}"
2026-09-24T01:12:33.814211Z,1790212353552,NILUSDT,Sell,20000,0.14441,"{""T"":1790212353552,""s"":""NILUSDT"",""S"":""Sell"",""v"":""20000"",""p"":""0.14441""}"
2026-09-24T01:12:33.814211Z,1790212353610,NILUSDT,Sell,18524,0.14457,"{""T"":1790212353610,""s"":""NILUSDT"",""S"":""Sell"",""v"":""18524"",""p"":""0.14457""}"
2026-09-24T01:12:33.814211Z,1790212353718,NILUSDT,Sell,7000,0.14493,"{""T"":1790212353718,""s"":""NILUSDT"",""S"":""Sell"",""v"":""7000"",""p"":""0.14493""}"
2026-09-24T01:12:34.814130Z,1790212354245,NILUSDT,Sell,55490,0.14502,"{""T"":1790212354245,""s"":""NILUSDT"",""S"":""Sell"",""v"":""55490"",""p"":""0.14502""}"
2026-09-24T01:12:36.314082Z,1790212355854,NILUSDT,Sell,9558,0.14544,"{""T"":1790212355854,""s"":""NILUSDT"",""S"":""Sell"",""v"":""9558"",""p"":""0.14544""}"
2026-09-24T01:12:36.314082Z,1790212355969,NILUSDT,Sell,4059,0.14523,"{""T"":1790212355969,""s"":""NILUSDT"",""S"":""Sell"",""v"":""4059"",""p"":""0.14523""}"
2026-09-24T01:12:36.314082Z,1790212356205,NILUSDT,Sell,531,0.14569,"{""T"":1790212356205,""s"":""NILUSDT"",""S"":""Sell"",""v"":""531"",""p"":""0.14569""}"
2026-09-24T01:12:36.814276Z,1790212356382,NILUSDT,Sell,9637,0.14562,"{""T"":1790212356382,""s"":""NILUSDT"",""S"":""Sell"",""v"":""9637"",""p"":""0.14562""}"
2026-09-24T01:12:36.814276Z,1790212356384,NILUSDT,Sell,6112,0.14527,"{""T"":1790212356384,""s"":""NILUSDT"",""S"":""Sell"",""v"":""6112"",""p"":""0.14527""}"
2026-09-24T01:12:37.988723Z,1790212357563,BTWUSDT,Sell,30,1.11870,"{""T"":1790212357563,""s"":""BTWUSDT"",""S"":""Sell"",""v"":""30"",""p"":""1.11870""}"
2026-09-24T01:12:37.988723Z,1790212357874,BTWUSDT,Sell,3080,1.12080,"{""T"":1790212357874,""s"":""BTWUSDT"",""S"":""Sell"",""v"":""3080"",""p"":""1.12080""}"
2026-09-24T01:12:37.988723Z,1790212357879,BTWUSDT,Sell,20,1.12005,"{""T"":1790212357879,""s"":""BTWUSDT"",""S"":""Sell"",""v"":""20"",""p"":""1.12005""}"
2026-09-24T01:12:38.137363Z,1790212358036,AKEUSDT,Sell,5400,0.0437510,"{""T"":1790212358036,""s"":""AKEUSDT"",""S"":""Sell"",""v"":""5400"",""p"":""0.0437510""}"
2026-09-24T01:12:38.329802Z,1790212358036,ALLOUSDT,Sell,241,0.30340,"{""T"":1790212358036,""s"":""ALLOUSDT"",""S"":""Sell"",""v"":""241"",""p"":""0.30340""}"
2026-09-24T01:12:38.350196Z,1790212358036,USELESSUSDT,Sell,1642,0.30672,"{""T"":1790212358036,""s"":""USELESSUSDT"",""S"":""Sell"",""v"":""1642"",""p"":""0.30672""}"
2026-09-24T01:12:38.415795Z,1790212358036,ARBUSDT,Sell,1054.3,0.21871,"{""T"":1790212358036,""s"":""ARBUSDT"",""S"":""Sell"",""v"":""1054.3"",""p"":""0.21871""}"
2026-09-24T01:12:38.488098Z,1790212358036,BTWUSDT,Sell,14120,1.11790,"{""T"":1790212358036,""s"":""BTWUSDT"",""S"":""Sell"",""v"":""14120"",""p"":""1.11790""}"
2026-09-24T01:12:38.488098Z,1790212358188,BTWUSDT,Sell,1000,1.11733,"{""T"":1790212358188,""s"":""BTWUSDT"",""S"":""Sell"",""v"":""1000"",""p"":""1.11733""}"
2026-09-24T01:12:38.493543Z,1790212358036,BRUSDT,Sell,1313,1.18604,"{""T"":1790212358036,""s"":""BRUSDT"",""S"":""Sell"",""v"":""1313"",""p"":""1.18604""}"
2026-09-24T01:12:38.814215Z,1790212358319,PUMPFUNUSDT,Buy,111700,0.0038950,"{""T"":1790212358319,""s"":""PUMPFUNUSDT"",""S"":""Buy"",""v"":""111700"",""p"":""0.0038950""}"
2026-09-24T01:12:39.814322Z,1790212359514,PUMPFUNUSDT,Buy,30600,0.0038940,"{""T"":1790212359514,""s"":""PUMPFUNUSDT"",""S"":""Buy"",""v"":""30600"",""p"":""0.0038940""}"
2026-09-24T01:12:39.988705Z,1790212359705,BTWUSDT,Sell,20,1.12402,"{""T"":1790212359705,""s"":""BTWUSDT"",""S"":""Sell"",""v"":""20"",""p"":""1.12402""}"
2026-09-24T01:13:28.814379Z,1790212408333,PUMPFUNUSDT,Buy,124800,0.0038880,"{""T"":1790212408333,""s"":""PUMPFUNUSDT"",""S"":""Buy"",""v"":""124800"",""p"":""0.0038880""}"
2026-09-24T01:13:49.326865Z,1790212429120,ENAUSDT,Buy,451,0.20041,"{""T"":1790212429120,""s"":""ENAUSDT"",""S"":""Buy"",""v"":""451"",""p"":""0.20041""}"
2026-09-24T01:13:49.493610Z,1790212429120,MUBARAKUSDT,Buy,634,0.051358,"{""T"":1790212429120,""s"":""MUBARAKUSDT"",""S"":""Buy"",""v"":""634"",""p"":""0.051358""}"
2026-09-24T01:14:22.488555Z,1790212462122,BTWUSDT,Sell,810,1.12440,"{""T"":1790212462122,""s"":""BTWUSDT"",""S"":""Sell"",""v"":""810"",""p"":""1.12440""}"
2026-09-24T01:15:09.317622Z,1790212509028,NILUSDT,Sell,602,0.14563,"{""T"":1790212509028,""s"":""NILUSDT"",""S"":""Sell"",""v"":""602"",""p"":""0.14563""}"
2026-09-24T01:15:09.339394Z,1790212509028,LITUSDT,Sell,37.7,5.3900,"{""T"":1790212509028,""s"":""LITUSDT"",""S"":""Sell"",""v"":""37.7"",""p"":""5.3900""}"
2026-09-24T01:15:16.814971Z,1790212516468,NILUSDT,Sell,259,0.14623,"{""T"":1790212516468,""s"":""NILUSDT"",""S"":""Sell"",""v"":""259"",""p"":""0.14623""}"
2026-09-24T01:15:16.910423Z,1790212516468,LSKUSDT,Sell,85.9,0.35181,"{""T"":1790212516468,""s"":""LSKUSDT"",""S"":""Sell"",""v"":""85.9"",""p"":""0.35181""}"
2026-09-24T01:15:17.314198Z,1790212516771,NILUSDT,Sell,4273,0.14620,"{""T"":1790212516771,""s"":""NILUSDT"",""S"":""Sell"",""v"":""4273"",""p"":""0.14620""}"
2026-09-24T01:16:29.415632Z,1790212589145,ZECUSDT,Buy,0.01,1483.14,"{""T"":1790212589145,""s"":""ZECUSDT"",""S"":""Buy"",""v"":""0.01"",""p"":""1483.14""}"
2026-09-24T01:16:49.420905Z,1790212609264,UNIUSDT,Buy,26.1,9.130,"{""T"":1790212609264,""s"":""UNIUSDT"",""S"":""Buy"",""v"":""26.1"",""p"":""9.130""}"
2026-09-24T01:16:50.136722Z,1790212609982,PENDLEUSDT,Buy,44,2.3710,"{""T"":1790212609982,""s"":""PENDLEUSDT"",""S"":""Buy"",""v"":""44"",""p"":""2.3710""}"
2026-09-24T01:16:50.415483Z,1790212609982,ZECUSDT,Buy,0.21,1482.65,"{""T"":1790212609982,""s"":""ZECUSDT"",""S"":""Buy"",""v"":""0.21"",""p"":""1482.65""}"
2026-09-24T01:16:50.457547Z,1790212609982,ETHUSDT,Buy,0.07,2671.69,"{""T"":1790212609982,""s"":""ETHUSDT"",""S"":""Buy"",""v"":""0.07"",""p"":""2671.69""}"
2026-09-24T01:16:50.564029Z,1790212609982,SOLUSDT,Buy,0.9,114.610,"{""T"":1790212609982,""s"":""SOLUSDT"",""S"":""Buy"",""v"":""0.9"",""p"":""114.610""}"
2026-09-24T01:17:03.339185Z,1790212622807,LITUSDT,Buy,81.6,5.2640,"{""T"":1790212622807,""s"":""LITUSDT"",""S"":""Buy"",""v"":""81.6"",""p"":""5.2640""}"
2026-09-24T01:17:25.339210Z,1790212644753,XRPUSDT,Buy,2843.8,1.4873,"{""T"":1790212644753,""s"":""XRPUSDT"",""S"":""Buy"",""v"":""2843.8"",""p"":""1.4873""}"
2026-09-24T01:17:28.067740Z,1790212647615,BTCUSDT,Buy,0.006,83882.50,"{""T"":1790212647615,""s"":""BTCUSDT"",""S"":""Buy"",""v"":""0.006"",""p"":""83882.50""}"
2026-09-24T01:17:28.314245Z,1790212647889,HYPEUSDT,Buy,3.99,92.790,"{""T"":1790212647889,""s"":""HYPEUSDT"",""S"":""Buy"",""v"":""3.99"",""p"":""92.790""}"
2026-09-24T01:17:32.814397Z,1790212652711,HYPEUSDT,Buy,17.66,92.760,"{""T"":1790212652711,""s"":""HYPEUSDT"",""S"":""Buy"",""v"":""17.66"",""p"":""92.760""}"
2026-09-24T01:17:38.339008Z,1790212657991,XRPUSDT,Buy,33291.1,1.4871,"{""T"":1790212657991,""s"":""XRPUSDT"",""S"":""Buy"",""v"":""33291.1"",""p"":""1.4871""}"
2026-09-24T01:17:38.350169Z,1790212657860,XLMUSDT,Buy,29566,0.19910,"{""T"":1790212657860,""s"":""XLMUSDT"",""S"":""Buy"",""v"":""29566"",""p"":""0.19910""}"
2026-09-24T01:17:38.415649Z,1790212657991,ZECUSDT,Buy,6.71,1481.36,"{""T"":1790212657991,""s"":""ZECUSDT"",""S"":""Buy"",""v"":""6.71"",""p"":""1481.36""}"
2026-09-24T01:17:42.018158Z,1790212661527,NEARUSDT,Buy,1.3,4.2110,"{""T"":1790212661527,""s"":""NEARUSDT"",""S"":""Buy"",""v"":""1.3"",""p"":""4.2110""}"
2026-09-24T01:17:46.017836Z,1790212665459,NEARUSDT,Buy,130.2,4.2060,"{""T"":1790212665459,""s"":""NEARUSDT"",""S"":""Buy"",""v"":""130.2"",""p"":""4.2060""}"
2026-09-24T01:17:46.915601Z,1790212666683,UNIUSDT,Buy,11.8,9.096,"{""T"":1790212666683,""s"":""UNIUSDT"",""S"":""Buy"",""v"":""11.8"",""p"":""9.096""}"
2026-09-24T01:17:59.839925Z,1790212679696,XRPUSDT,Buy,8.7,1.4867,"{""T"":1790212679696,""s"":""XRPUSDT"",""S"":""Buy"",""v"":""8.7"",""p"":""1.4867""}"
2026-09-24T01:18:02.814292Z,1790212682616,NILUSDT,Buy,91,0.13449,"{""T"":1790212682616,""s"":""NILUSDT"",""S"":""Buy"",""v"":""91"",""p"":""0.13449""}"
2026-09-24T01:19:03.988332Z,1790212743526,BTWUSDT,Sell,460,1.12694,"{""T"":1790212743526,""s"":""BTWUSDT"",""S"":""Sell"",""v"":""460"",""p"":""1.12694""}"
2026-09-24T01:19:03.988332Z,1790212743816,BTWUSDT,Sell,190,1.12732,"{""T"":1790212743816,""s"":""BTWUSDT"",""S"":""Sell"",""v"":""190"",""p"":""1.12732""}"
2026-09-24T01:19:04.488079Z,1790212744243,BTWUSDT,Sell,10,1.12655,"{""T"":1790212744243,""s"":""BTWUSDT"",""S"":""Sell"",""v"":""10"",""p"":""1.12655""}"
2026-09-24T01:19:23.991513Z,1790212763604,ZROUSDT,Sell,671.8,1.5688,"{""T"":1790212763604,""s"":""ZROUSDT"",""S"":""Sell"",""v"":""671.8"",""p"":""1.5688""}"
2026-09-24T01:19:29.136744Z,1790212769042,AKEUSDT,Buy,116500,0.0414100,"{""T"":1790212769042,""s"":""AKEUSDT"",""S"":""Buy"",""v"":""116500"",""p"":""0.0414100""}"
2026-09-24T01:20:23.910004Z,1790212823788,BCHUSDT,Sell,0.28,341.20,"{""T"":1790212823788,""s"":""BCHUSDT"",""S"":""Sell"",""v"":""0.28"",""p"":""341.20""}"
2026-09-24T01:20:42.493904Z,1790212841959,MUBARAKUSDT,Buy,710,0.050676,"{""T"":1790212841959,""s"":""MUBARAKUSDT"",""S"":""Buy"",""v"":""710"",""p"":""0.050676""}"
2026-09-24T01:20:45.993799Z,1790212845796,MUBARAKUSDT,Buy,36590,0.050550,"{""T"":1790212845796,""s"":""MUBARAKUSDT"",""S"":""Buy"",""v"":""36590"",""p"":""0.050550""}"
2026-09-24T01:21:00.314596Z,1790212859980,NILUSDT,Buy,71,0.13299,"{""T"":1790212859980,""s"":""NILUSDT"",""S"":""Buy"",""v"":""71"",""p"":""0.13299""}"
2026-09-24T01:21:25.517698Z,1790212884976,NEARUSDT,Buy,3.9,4.1960,"{""T"":1790212884976,""s"":""NEARUSDT"",""S"":""Buy"",""v"":""3.9"",""p"":""4.1960""}"
2026-09-24T01:21:55.997884Z,1790212915477,SPXUSDT,Buy,2269,0.4253,"{""T"":1790212915477,""s"":""SPXUSDT"",""S"":""Buy"",""v"":""2269"",""p"":""0.4253""}"
2026-09-24T01:22:27.916044Z,1790212947626,1000PEPEUSDT,Buy,58000,0.0042630,"{""T"":1790212947626,""s"":""1000PEPEUSDT"",""S"":""Buy"",""v"":""58000"",""p"":""0.0042630""}"
2026-09-24T01:22:53.017867Z,1790212972441,NEARUSDT,Buy,63.5,4.1920,"{""T"":1790212972441,""s"":""NEARUSDT"",""S"":""Buy"",""v"":""63.5"",""p"":""4.1920""}"
2026-09-24T01:23:06.314319Z,1790212985804,NILUSDT,Buy,8208,0.13069,"{""T"":1790212985804,""s"":""NILUSDT"",""S"":""Buy"",""v"":""8208"",""p"":""0.13069""}"
2026-09-24T01:23:15.915338Z,1790212995594,ADAUSDT,Buy,1327,0.2350,"{""T"":1790212995594,""s"":""ADAUSDT"",""S"":""Buy"",""v"":""1327"",""p"":""0.2350""}"
2026-09-24T01:23:22.916223Z,1790213002522,1000PEPEUSDT,Buy,1500,0.0042590,"{""T"":1790213002522,""s"":""1000PEPEUSDT"",""S"":""Buy"",""v"":""1500"",""p"":""0.0042590""}"
2026-09-24T01:23:22.916223Z,1790213002684,1000PEPEUSDT,Buy,3503500,0.0042590,"{""T"":1790213002684,""s"":""1000PEPEUSDT"",""S"":""Buy"",""v"":""3503500"",""p"":""0.0042590""}"
2026-09-24T01:24:04.814654Z,1790213044341,NILUSDT,Buy,3294,0.12940,"{""T"":1790213044341,""s"":""NILUSDT"",""S"":""Buy"",""v"":""3294"",""p"":""0.12940""}"
2026-09-24T01:25:32.916242Z,1790213132348,ZECUSDT,Buy,0.03,1472.37,"{""T"":1790213132348,""s"":""ZECUSDT"",""S"":""Buy"",""v"":""0.03"",""p"":""1472.37""}"
2026-09-24T01:25:36.339223Z,1790213136148,XRPUSDT,Buy,1599.6,1.4847,"{""T"":1790213136148,""s"":""XRPUSDT"",""S"":""Buy"",""v"":""1599.6"",""p"":""1.4847""}"
2026-09-24T01:25:37.814532Z,1790213137650,NILUSDT,Buy,109,0.12735,"{""T"":1790213137650,""s"":""NILUSDT"",""S"":""Buy"",""v"":""109"",""p"":""0.12735""}"
2026-09-24T01:26:39.839145Z,1790213199368,XRPUSDT,Buy,7591.3,1.4843,"{""T"":1790213199368,""s"":""XRPUSDT"",""S"":""Buy"",""v"":""7591.3"",""p"":""1.4843""}"
2026-09-24T01:26:40.827029Z,1790213200268,MONUSDT,Buy,2398,0.023460,"{""T"":1790213200268,""s"":""MONUSDT"",""S"":""Buy"",""v"":""2398"",""p"":""0.023460""}"
2026-09-24T01:27:31.850989Z,1790213251434,MARSCOINUSDT,Buy,17940,0.12578,"{""T"":1790213251434,""s"":""MARSCOINUSDT"",""S"":""Buy"",""v"":""17940"",""p"":""0.12578""}"
2026-09-24T01:27:32.349722Z,1790213252017,MARSCOINUSDT,Buy,140,0.12574,"{""T"":1790213252017,""s"":""MARSCOINUSDT"",""S"":""Buy"",""v"":""140"",""p"":""0.12574""}"
2026-09-24T01:27:32.349722Z,1790213252189,MARSCOINUSDT,Buy,40,0.12584,"{""T"":1790213252189,""s"":""MARSCOINUSDT"",""S"":""Buy"",""v"":""40"",""p"":""0.12584""}"
2026-09-24T01:27:34.349937Z,1790213254165,MARSCOINUSDT,Buy,2210,0.12543,"{""T"":1790213254165,""s"":""MARSCOINUSDT"",""S"":""Buy"",""v"":""2210"",""p"":""0.12543""}"
2026-09-24T01:27:39.350298Z,1790213258811,MARSCOINUSDT,Buy,9000,0.12517,"{""T"":1790213258811,""s"":""MARSCOINUSDT"",""S"":""Buy"",""v"":""9000"",""p"":""0.12517""}"
2026-09-24T01:27:39.849623Z,1790213259760,MARSCOINUSDT,Buy,1250,0.12506,"{""T"":1790213259760,""s"":""MARSCOINUSDT"",""S"":""Buy"",""v"":""1250"",""p"":""0.12506""}"
2026-09-24T01:33:06.138294Z,1790213585734,STRKUSDT,Sell,261917.2,0.03890,"{""T"":1790213585734,""s"":""STRKUSDT"",""S"":""Sell"",""v"":""261917.2"",""p"":""0.03890""}"
2026-09-24T01:34:02.988349Z,1790213642755,ZROUSDT,Sell,4.4,1.5578,"{""T"":1790213642755,""s"":""ZROUSDT"",""S"":""Sell"",""v"":""4.4"",""p"":""1.5578""}"
2026-09-24T01:34:04.339468Z,1790213643829,LITUSDT,Sell,29.7,5.5230,"{""T"":1790213643829,""s"":""LITUSDT"",""S"":""Sell"",""v"":""29.7"",""p"":""5.5230""}"
2026-09-24T01:34:20.994110Z,1790213660454,MUBARAKUSDT,Sell,3283,0.054647,"{""T"":1790213660454,""s"":""MUBARAKUSDT"",""S"":""Sell"",""v"":""3283"",""p"":""0.054647""}"
2026-09-24T01:34:35.517736Z,1790213675095,NEARUSDT,Sell,666.6,4.3340,"{""T"":1790213675095,""s"":""NEARUSDT"",""S"":""Sell"",""v"":""666.6"",""p"":""4.3340""}"
2026-09-24T01:35:32.994085Z,1790213732666,MUBARAKUSDT,Sell,61473,0.055085,"{""T"":1790213732666,""s"":""MUBARAKUSDT"",""S"":""Sell"",""v"":""61473"",""p"":""0.055085""}"
2026-09-24T01:35:34.916762Z,1790213734419,UNIUSDT,Sell,24.9,9.472,"{""T"":1790213734419,""s"":""UNIUSDT"",""S"":""Sell"",""v"":""24.9"",""p"":""9.472""}"
2026-09-24T01:36:05.416495Z,1790213765134,ZECUSDT,Sell,0.23,1511.89,"{""T"":1790213765134,""s"":""ZECUSDT"",""S"":""Sell"",""v"":""0.23"",""p"":""1511.89""}"
2026-09-24T01:40:13.814791Z,1790214013704,PUMPFUNUSDT,Buy,71200,0.0039170,"{""T"":1790214013704,""s"":""PUMPFUNUSDT"",""S"":""Buy"",""v"":""71200"",""p"":""0.0039170""}"
2026-09-24T01:41:18.416275Z,1790214078021,DOGEUSDT,Buy,221546,0.09195,"{""T"":1790214078021,""s"":""DOGEUSDT"",""S"":""Buy"",""v"":""221546"",""p"":""0.09195""}"
2026-09-24T01:41:20.457733Z,1790214080064,ETHUSDT,Buy,0.07,2671.51,"{""T"":1790214080064,""s"":""ETHUSDT"",""S"":""Buy"",""v"":""0.07"",""p"":""2671.51""}"
2026-09-24T01:42:52.517459Z,1790214172165,TAOUSDT,Buy,14.533,282.37,"{""T"":1790214172165,""s"":""TAOUSDT"",""S"":""Buy"",""v"":""14.533"",""p"":""282.37""}"
2026-09-24T01:42:52.517459Z,1790214172328,TAOUSDT,Buy,16.857,282.36,"{""T"":1790214172328,""s"":""TAOUSDT"",""S"":""Buy"",""v"":""16.857"",""p"":""282.36""}"
2026-09-24T01:43:18.413294Z,1790214198159,BCHUSDT,Buy,1.90,335.00,"{""T"":1790214198159,""s"":""BCHUSDT"",""S"":""Buy"",""v"":""1.90"",""p"":""335.00""}"
2026-09-24T01:43:25.339729Z,1790214204968,XRPUSDT,Buy,30030.7,1.4821,"{""T"":1790214204968,""s"":""XRPUSDT"",""S"":""Buy"",""v"":""30030.7"",""p"":""1.4821""}"
2026-09-24T01:43:25.339729Z,1790214205232,XRPUSDT,Buy,9985.3,1.4821,"{""T"":1790214205232,""s"":""XRPUSDT"",""S"":""Buy"",""v"":""9985.3"",""p"":""1.4821""}"
2026-09-24T01:43:25.488263Z,1790214204951,XAUUSDT,Buy,1.325,4279.02,"{""T"":1790214204951,""s"":""XAUUSDT"",""S"":""Buy"",""v"":""1.325"",""p"":""4279.02""}"
2026-09-24T01:43:29.564566Z,1790214209171,SOLUSDT,Buy,4.6,114.050,"{""T"":1790214209171,""s"":""SOLUSDT"",""S"":""Buy"",""v"":""4.6"",""p"":""114.050""}"
2026-09-24T01:43:30.568064Z,1790214210102,BTCUSDT,Buy,0.003,83851.10,"{""T"":1790214210102,""s"":""BTCUSDT"",""S"":""Buy"",""v"":""0.003"",""p"":""83851.10""}"
2026-09-24T01:43:30.568064Z,1790214210203,BTCUSDT,Buy,0.109,83846.80,"{""T"":1790214210203,""s"":""BTCUSDT"",""S"":""Buy"",""v"":""0.109"",""p"":""83846.80""}"
2026-09-24T01:43:31.068602Z,1790214210595,BTCUSDT,Buy,0.015,83851.40,"{""T"":1790214210595,""s"":""BTCUSDT"",""S"":""Buy"",""v"":""0.015"",""p"":""83851.40""}"
2026-09-24T01:43:34.826845Z,1790214214244,MONUSDT,Buy,5948,0.023410,"{""T"":1790214214244,""s"":""MONUSDT"",""S"":""Buy"",""v"":""5948"",""p"":""0.023410""}"
2026-09-24T01:43:39.339237Z,1790214218991,XRPUSDT,Buy,46.3,1.4816,"{""T"":1790214218991,""s"":""XRPUSDT"",""S"":""Buy"",""v"":""46.3"",""p"":""1.4816""}"
2026-09-24T01:43:39.564482Z,1790214219471,SOLUSDT,Buy,3.2,114.030,"{""T"":1790214219471,""s"":""SOLUSDT"",""S"":""Buy"",""v"":""3.2"",""p"":""114.030""}"
2026-09-24T01:43:39.567249Z,1790214219459,BTCUSDT,Buy,0.048,83831.40,"{""T"":1790214219459,""s"":""BTCUSDT"",""S"":""Buy"",""v"":""0.048"",""p"":""83831.40""}"
2026-09-24T01:43:40.068376Z,1790214219760,BTCUSDT,Buy,0.033,83825.60,"{""T"":1790214219760,""s"":""BTCUSDT"",""S"":""Buy"",""v"":""0.033"",""p"":""83825.60""}"
2026-09-24T01:43:40.068376Z,1790214219831,BTCUSDT,Buy,0.023,83831.00,"{""T"":1790214219831,""s"":""BTCUSDT"",""S"":""Buy"",""v"":""0.023"",""p"":""83831.00""}"
2026-09-24T01:43:47.567910Z,1790214227063,BTCUSDT,Buy,0.003,83813.20,"{""T"":1790214227063,""s"":""BTCUSDT"",""S"":""Buy"",""v"":""0.003"",""p"":""83813.20""}"
2026-09-24T01:43:47.567910Z,1790214227186,BTCUSDT,Buy,0.136,83811.70,"{""T"":1790214227186,""s"":""BTCUSDT"",""S"":""Buy"",""v"":""0.136"",""p"":""83811.70""}"
2026-09-24T01:43:48.568121Z,1790214228205,BTCUSDT,Buy,0.004,83807.90,"{""T"":1790214228205,""s"":""BTCUSDT"",""S"":""Buy"",""v"":""0.004"",""p"":""83807.90""}"
2026-09-24T01:43:53.068226Z,1790214232845,BTCUSDT,Buy,0.002,83790.10,"{""T"":1790214232845,""s"":""BTCUSDT"",""S"":""Buy"",""v"":""0.002"",""p"":""83790.10""}"
2026-09-24T01:43:53.415711Z,1790214232845,ZECUSDT,Buy,0.02,1479.66,"{""T"":1790214232845,""s"":""ZECUSDT"",""S"":""Buy"",""v"":""0.02"",""p"":""1479.66""}"
2026-09-24T01:43:59.067613Z,1790214238898,BTCUSDT,Buy,0.006,83779.10,"{""T"":1790214238898,""s"":""BTCUSDT"",""S"":""Buy"",""v"":""0.006"",""p"":""83779.10""}"
2026-09-24T01:44:02.017413Z,1790214241609,TAOUSDT,Buy,2.015,281.53,"{""T"":1790214241609,""s"":""TAOUSDT"",""S"":""Buy"",""v"":""2.015"",""p"":""281.53""}"
2026-09-24T01:44:57.315955Z,1790214296983,METUSDT,Buy,0.1,0.33640,"{""T"":1790214296983,""s"":""METUSDT"",""S"":""Buy"",""v"":""0.1"",""p"":""0.33640""}"
2026-09-24T01:44:57.457278Z,1790214296983,ETHUSDT,Buy,0.01,2668.79,"{""T"":1790214296983,""s"":""ETHUSDT"",""S"":""Buy"",""v"":""0.01"",""p"":""2668.79""}"
2026-09-24T01:44:57.493338Z,1790214296983,MUBARAKUSDT,Sell,1041,0.056024,"{""T"":1790214296983,""s"":""MUBARAKUSDT"",""S"":""Sell"",""v"":""1041"",""p"":""0.056024""}"
2026-09-24T01:44:57.498753Z,1790214296983,B3USDT,Sell,100,0.0007090,"{""T"":1790214296983,""s"":""B3USDT"",""S"":""Sell"",""v"":""100"",""p"":""0.0007090""}"
2026-09-24T01:45:50.315041Z,1790214350204,HYPEUSDT,Buy,2.49,92.370,"{""T"":1790214350204,""s"":""HYPEUSDT"",""S"":""Buy"",""v"":""2.49"",""p"":""92.370""}"
2026-09-24T01:45:59.487915Z,1790214359129,XAUUSDT,Buy,0.085,4277.93,"{""T"":1790214359129,""s"":""XAUUSDT"",""S"":""Buy"",""v"":""0.085"",""p"":""4277.93""}"
2026-09-24T01:46:30.314681Z,1790214390225,HYPEUSDT,Buy,6.74,92.320,"{""T"":1790214390225,""s"":""HYPEUSDT"",""S"":""Buy"",""v"":""6.74"",""p"":""92.320""}"
2026-09-24T01:46:40.314821Z,1790214400044,HYPEUSDT,Buy,22.62,92.240,"{""T"":1790214400044,""s"":""HYPEUSDT"",""S"":""Buy"",""v"":""22.62"",""p"":""92.240""}"
2026-09-24T01:46:45.488176Z,1790214404940,XAUUSDT,Buy,0.037,4274.34,"{""T"":1790214404940,""s"":""XAUUSDT"",""S"":""Buy"",""v"":""0.037"",""p"":""4274.34""}"
2026-09-24T01:46:56.314602Z,1790214415903,HYPEUSDT,Buy,0.07,92.090,"{""T"":1790214415903,""s"":""HYPEUSDT"",""S"":""Buy"",""v"":""0.07"",""p"":""92.090""}"
2026-09-24T01:46:57.993819Z,1790214417828,1000BONKUSDT,Buy,750000,0.0034120,"{""T"":1790214417828,""s"":""1000BONKUSDT"",""S"":""Buy"",""v"":""750000"",""p"":""0.0034120""}"
2026-09-24T01:48:53.352997Z,1790214533015,XLMUSDT,Buy,5,0.19840,"{""T"":1790214533015,""s"":""XLMUSDT"",""S"":""Buy"",""v"":""5"",""p"":""0.19840""}"
2026-09-24T01:49:01.488138Z,1790214541309,ZROUSDT,Buy,10.2,1.5196,"{""T"":1790214541309,""s"":""ZROUSDT"",""S"":""Buy"",""v"":""10.2"",""p"":""1.5196""}"
2026-09-24T01:49:05.339386Z,1790214545083,XRPUSDT,Buy,334.3,1.4805,"{""T"":1790214545083,""s"":""XRPUSDT"",""S"":""Buy"",""v"":""334.3"",""p"":""1.4805""}"
2026-09-24T01:49:14.916135Z,1790214554683,1000PEPEUSDT,Buy,543000,0.0042550,"{""T"":1790214554683,""s"":""1000PEPEUSDT"",""S"":""Buy"",""v"":""543000"",""p"":""0.0042550""}"
2026-09-24T01:49:15.415826Z,1790214554928,1000PEPEUSDT,Buy,1400,0.0042550,"{""T"":1790214554928,""s"":""1000PEPEUSDT"",""S"":""Buy"",""v"":""1400"",""p"":""0.0042550""}"
2026-09-24T01:49:46.814512Z,1790214586705,HYPEUSDT,Buy,15.80,91.880,"{""T"":1790214586705,""s"":""HYPEUSDT"",""S"":""Buy"",""v"":""15.80"",""p"":""91.880""}"
2026-09-24T01:49:49.909863Z,1790214589631,LSKUSDT,Sell,611.6,0.36400,"{""T"":1790214589631,""s"":""LSKUSDT"",""S"":""Sell"",""v"":""611.6"",""p"":""0.36400""}"
2026-09-24T01:49:59.314588Z,1790214599148,NILUSDT,Buy,258,0.12782,"{""T"":1790214599148,""s"":""NILUSDT"",""S"":""Buy"",""v"":""258"",""p"":""0.12782""}"
2026-09-24T01:49:59.814693Z,1790214599266,NILUSDT,Buy,1024,0.12783,"{""T"":1790214599266,""s"":""NILUSDT"",""S"":""Buy"",""v"":""1024"",""p"":""0.12783""}"
2026-09-24T01:50:16.814758Z,1790214616233,HYPEUSDT,Buy,20.08,91.760,"{""T"":1790214616233,""s"":""HYPEUSDT"",""S"":""Buy"",""v"":""20.08"",""p"":""91.760""}"
2026-09-24T01:50:16.814758Z,1790214616509,HYPEUSDT,Buy,0.51,91.740,"{""T"":1790214616509,""s"":""HYPEUSDT"",""S"":""Buy"",""v"":""0.51"",""p"":""91.740""}"
2026-09-24T01:50:16.916563Z,1790214616509,ZECUSDT,Buy,0.03,1478.77,"{""T"":1790214616509,""s"":""ZECUSDT"",""S"":""Buy"",""v"":""0.03"",""p"":""1478.77""}"
2026-09-24T01:50:17.457177Z,1790214617361,ETHUSDT,Buy,0.26,2666.35,"{""T"":1790214617361,""s"":""ETHUSDT"",""S"":""Buy"",""v"":""0.26"",""p"":""2666.35""}"
2026-09-24T01:50:29.461153Z,1790214629168,ETHUSDT,Buy,0.30,2666.08,"{""T"":1790214629168,""s"":""ETHUSDT"",""S"":""Buy"",""v"":""0.30"",""p"":""2666.08""}"
2026-09-24T01:50:35.957229Z,1790214635531,ETHUSDT,Buy,67.69,2665.29,"{""T"":1790214635531,""s"":""ETHUSDT"",""S"":""Buy"",""v"":""67.69"",""p"":""2665.29""}"
2026-09-24T01:50:46.815181Z,1790214646593,HYPEUSDT,Buy,0.12,91.700,"{""T"":1790214646593,""s"":""HYPEUSDT"",""S"":""Buy"",""v"":""0.12"",""p"":""91.700""}"
2026-09-24T01:50:48.915548Z,1790214648807,ARBUSDT,Buy,25.2,0.21399,"{""T"":1790214648807,""s"":""ARBUSDT"",""S"":""Buy"",""v"":""25.2"",""p"":""0.21399""}"
2026-09-24T01:50:49.067571Z,1790214648957,BTCUSDT,Buy,0.030,83757.00,"{""T"":1790214648957,""s"":""BTCUSDT"",""S"":""Buy"",""v"":""0.030"",""p"":""83757.00""}"
2026-09-24T01:50:49.315078Z,1790214648807,PUMPFUNUSDT,Buy,4400,0.0038830,"{""T"":1790214648807,""s"":""PUMPFUNUSDT"",""S"":""Buy"",""v"":""4400"",""p"":""0.0038830""}"
2026-09-24T01:50:49.339613Z,1790214648807,XRPUSDT,Buy,26.0,1.4802,"{""T"":1790214648807,""s"":""XRPUSDT"",""S"":""Buy"",""v"":""26.0"",""p"":""1.4802""}"
2026-09-24T01:50:52.067882Z,1790214651627,BTCUSDT,Buy,0.005,83754.10,"{""T"":1790214651627,""s"":""BTCUSDT"",""S"":""Buy"",""v"":""0.005"",""p"":""83754.10""}"
2026-09-24T01:50:52.987793Z,1790214652647,XAUUSDT,Buy,0.043,4270.66,"{""T"":1790214652647,""s"":""XAUUSDT"",""S"":""Buy"",""v"":""0.043"",""p"":""4270.66""}"
2026-09-24T01:50:54.839056Z,1790214654400,XRPUSDT,Buy,1116.4,1.4799,"{""T"":1790214654400,""s"":""XRPUSDT"",""S"":""Buy"",""v"":""1116.4"",""p"":""1.4799""}"
2026-09-24T01:50:54.998169Z,1790214654482,VIRTUALUSDT,Buy,107,0.6862,"{""T"":1790214654482,""s"":""VIRTUALUSDT"",""S"":""Buy"",""v"":""107"",""p"":""0.6862""}"
2026-09-24T01:51:01.839164Z,1790214661510,XRPUSDT,Buy,22991.4,1.4797,"{""T"":1790214661510,""s"":""XRPUSDT"",""S"":""Buy"",""v"":""22991.4"",""p"":""1.4797""}"
2026-09-24T01:51:06.814653Z,1790214666465,NILUSDT,Buy,31713,0.12760,"{""T"":1790214666465,""s"":""NILUSDT"",""S"":""Buy"",""v"":""31713"",""p"":""0.12760""}"
2026-09-24T01:51:26.314843Z,1790214685973,NILUSDT,Buy,98,0.12703,"{""T"":1790214685973,""s"":""NILUSDT"",""S"":""Buy"",""v"":""98"",""p"":""0.12703""}"
2026-09-24T01:51:38.350237Z,1790214698029,XLMUSDT,Buy,550,0.19800,"{""T"":1790214698029,""s"":""XLMUSDT"",""S"":""Buy"",""v"":""550"",""p"":""0.19800""}"
2026-09-24T01:51:50.349482Z,1790214709992,MARSCOINUSDT,Buy,3550,0.12491,"{""T"":1790214709992,""s"":""MARSCOINUSDT"",""S"":""Buy"",""v"":""3550"",""p"":""0.12491""}"
2026-09-24T01:51:52.314717Z,1790214711739,NILUSDT,Buy,493,0.12670,"{""T"":1790214711739,""s"":""NILUSDT"",""S"":""Buy"",""v"":""493"",""p"":""0.12670""}"
2026-09-24T01:52:29.814786Z,1790214749407,NILUSDT,Buy,7892,0.12501,"{""T"":1790214749407,""s"":""NILUSDT"",""S"":""Buy"",""v"":""7892"",""p"":""0.12501""}"
2026-09-24T01:52:30.815188Z,1790214750272,NILUSDT,Buy,1301,0.12429,"{""T"":1790214750272,""s"":""NILUSDT"",""S"":""Buy"",""v"":""1301"",""p"":""0.12429""}"
2026-09-24T01:52:30.815736Z,1790214750272,HYPEUSDT,Buy,1.01,91.840,"{""T"":1790214750272,""s"":""HYPEUSDT"",""S"":""Buy"",""v"":""1.01"",""p"":""91.840""}"
2026-09-24T01:52:30.830750Z,1790214750272,SAGAUSDT,Buy,2335.1,0.046015,"{""T"":1790214750272,""s"":""SAGAUSDT"",""S"":""Buy"",""v"":""2335.1"",""p"":""0.046015""}"
2026-09-24T01:52:47.415766Z,1790214767188,UNIUSDT,Sell,391.9,9.420,"{""T"":1790214767188,""s"":""UNIUSDT"",""S"":""Sell"",""v"":""391.9"",""p"":""9.420""}"
2026-09-24T01:52:49.330401Z,1790214769082,LONGXIAUSDT,Buy,2516,0.1432,"{""T"":1790214769082,""s"":""LONGXIAUSDT"",""S"":""Buy"",""v"":""2516"",""p"":""0.1432""}"
2026-09-24T01:52:49.330401Z,1790214769193,LONGXIAUSDT,Buy,6518,0.1439,"{""T"":1790214769193,""s"":""LONGXIAUSDT"",""S"":""Buy"",""v"":""6518"",""p"":""0.1439""}"
2026-09-24T01:52:49.330401Z,1790214769203,LONGXIAUSDT,Buy,1045,0.1436,"{""T"":1790214769203,""s"":""LONGXIAUSDT"",""S"":""Buy"",""v"":""1045"",""p"":""0.1436""}"
2026-09-24T01:52:49.330401Z,1790214769218,LONGXIAUSDT,Buy,224,0.1463,"{""T"":1790214769218,""s"":""LONGXIAUSDT"",""S"":""Buy"",""v"":""224"",""p"":""0.1463""}"
2026-09-24T01:52:49.830876Z,1790214769249,LONGXIAUSDT,Buy,1721,0.1465,"{""T"":1790214769249,""s"":""LONGXIAUSDT"",""S"":""Buy"",""v"":""1721"",""p"":""0.1465""}"
2026-09-24T01:52:49.830876Z,1790214769310,LONGXIAUSDT,Buy,806,0.1456,"{""T"":1790214769310,""s"":""LONGXIAUSDT"",""S"":""Buy"",""v"":""806"",""p"":""0.1456""}"
2026-09-24T01:52:49.830876Z,1790214769320,LONGXIAUSDT,Buy,100,0.1408,"{""T"":1790214769320,""s"":""LONGXIAUSDT"",""S"":""Buy"",""v"":""100"",""p"":""0.1408""}"
2026-09-24T01:52:49.830876Z,1790214769379,LONGXIAUSDT,Buy,1950,0.1493,"{""T"":1790214769379,""s"":""LONGXIAUSDT"",""S"":""Buy"",""v"":""1950"",""p"":""0.1493""}"
2026-09-24T01:52:49.830876Z,1790214769388,LONGXIAUSDT,Buy,2134,0.1453,"{""T"":1790214769388,""s"":""LONGXIAUSDT"",""S"":""Buy"",""v"":""2134"",""p"":""0.1453""}"
2026-09-24T01:52:49.830876Z,1790214769390,LONGXIAUSDT,Buy,3917,0.1460,"{""T"":1790214769390,""s"":""LONGXIAUSDT"",""S"":""Buy"",""v"":""3917"",""p"":""0.1460""}"
2026-09-24T01:52:49.830876Z,1790214769435,LONGXIAUSDT,Buy,79,0.1455,"{""T"":1790214769435,""s"":""LONGXIAUSDT"",""S"":""Buy"",""v"":""79"",""p"":""0.1455""}"
2026-09-24T01:52:49.830876Z,1790214769442,LONGXIAUSDT,Buy,56,0.1393,"{""T"":1790214769442,""s"":""LONGXIAUSDT"",""S"":""Buy"",""v"":""56"",""p"":""0.1393""}"
2026-09-24T01:52:49.830876Z,1790214769470,LONGXIAUSDT,Buy,9418,0.1404,"{""T"":1790214769470,""s"":""LONGXIAUSDT"",""S"":""Buy"",""v"":""9418"",""p"":""0.1404""}"
2026-09-24T01:52:49.830876Z,1790214769490,LONGXIAUSDT,Buy,4073,0.1434,"{""T"":1790214769490,""s"":""LONGXIAUSDT"",""S"":""Buy"",""v"":""4073"",""p"":""0.1434""}"
2026-09-24T01:52:49.830876Z,1790214769510,LONGXIAUSDT,Buy,990,0.1479,"{""T"":1790214769510,""s"":""LONGXIAUSDT"",""S"":""Buy"",""v"":""990"",""p"":""0.1479""}"
2026-09-24T01:52:49.830876Z,1790214769510,LONGXIAUSDT,Buy,500,0.1440,"{""T"":1790214769510,""s"":""LONGXIAUSDT"",""S"":""Buy"",""v"":""500"",""p"":""0.1440""}"
2026-09-24T01:52:49.830876Z,1790214769530,LONGXIAUSDT,Buy,2574,0.1469,"{""T"":1790214769530,""s"":""LONGXIAUSDT"",""S"":""Buy"",""v"":""2574"",""p"":""0.1469""}"
2026-09-24T01:52:49.830876Z,1790214769534,LONGXIAUSDT,Buy,187,0.1438,"{""T"":1790214769534,""s"":""LONGXIAUSDT"",""S"":""Buy"",""v"":""187"",""p"":""0.1438""}"
2026-09-24T01:52:49.830876Z,1790214769536,LONGXIAUSDT,Buy,2000,0.1411,"{""T"":1790214769536,""s"":""LONGXIAUSDT"",""S"":""Buy"",""v"":""2000"",""p"":""0.1411""}"
2026-09-24T01:52:49.830876Z,1790214769612,LONGXIAUSDT,Buy,17785,0.1421,"{""T"":1790214769612,""s"":""LONGXIAUSDT"",""S"":""Buy"",""v"":""17785"",""p"":""0.1421""}"
2026-09-24T01:52:49.830876Z,1790214769644,LONGXIAUSDT,Buy,39345,0.1457,"{""T"":1790214769644,""s"":""LONGXIAUSDT"",""S"":""Buy"",""v"":""39345"",""p"":""0.1457""}"
2026-09-24T01:52:49.830876Z,1790214769661,LONGXIAUSDT,Buy,654,0.1482,"{""T"":1790214769661,""s"":""LONGXIAUSDT"",""S"":""Buy"",""v"":""654"",""p"":""0.1482""}"
2026-09-24T01:52:49.830876Z,1790214769681,LONGXIAUSDT,Buy,218,0.1485,"{""T"":1790214769681,""s"":""LONGXIAUSDT"",""S"":""Buy"",""v"":""218"",""p"":""0.1485""}"
2026-09-24T01:52:49.830876Z,1790214769718,LONGXIAUSDT,Buy,16390,0.1431,"{""T"":1790214769718,""s"":""LONGXIAUSDT"",""S"":""Buy"",""v"":""16390"",""p"":""0.1431""}"
2026-09-24T01:52:49.830876Z,1790214769723,LONGXIAUSDT,Buy,262,0.1457,"{""T"":1790214769723,""s"":""LONGXIAUSDT"",""S"":""Buy"",""v"":""262"",""p"":""0.1457""}"
2026-09-24T01:52:49.830876Z,1790214769742,LONGXIAUSDT,Buy,53163,0.1454,"{""T"":1790214769742,""s"":""LONGXIAUSDT"",""S"":""Buy"",""v"":""53163"",""p"":""0.1454""}"
2026-09-24T01:52:50.330881Z,1790214769768,LONGXIAUSDT,Buy,155,0.1467,"{""T"":1790214769768,""s"":""LONGXIAUSDT"",""S"":""Buy"",""v"":""155"",""p"":""0.1467""}"
2026-09-24T01:52:50.330881Z,1790214769792,LONGXIAUSDT,Buy,131,0.1435,"{""T"":1790214769792,""s"":""LONGXIAUSDT"",""S"":""Buy"",""v"":""131"",""p"":""0.1435""}"
2026-09-24T01:52:50.330881Z,1790214769793,LONGXIAUSDT,Buy,62,0.1450,"{""T"":1790214769793,""s"":""LONGXIAUSDT"",""S"":""Buy"",""v"":""62"",""p"":""0.1450""}"
2026-09-24T01:52:50.330881Z,1790214769793,LONGXIAUSDT,Buy,6921,0.1470,"{""T"":1790214769793,""s"":""LONGXIAUSDT"",""S"":""Buy"",""v"":""6921"",""p"":""0.1470""}"
2026-09-24T01:52:50.330881Z,1790214769798,LONGXIAUSDT,Buy,110,0.1456,"{""T"":1790214769798,""s"":""LONGXIAUSDT"",""S"":""Buy"",""v"":""110"",""p"":""0.1456""}"
2026-09-24T01:52:50.330881Z,1790214769808,LONGXIAUSDT,Buy,3750,0.1464,"{""T"":1790214769808,""s"":""LONGXIAUSDT"",""S"":""Buy"",""v"":""3750"",""p"":""0.1464""}"
2026-09-24T01:52:50.330881Z,1790214769827,LONGXIAUSDT,Buy,131,0.1434,"{""T"":1790214769827,""s"":""LONGXIAUSDT"",""S"":""Buy"",""v"":""131"",""p"":""0.1434""}"
2026-09-24T01:52:50.330881Z,1790214769838,LONGXIAUSDT,Buy,6251,0.1421,"{""T"":1790214769838,""s"":""LONGXIAUSDT"",""S"":""Buy"",""v"":""6251"",""p"":""0.1421""}"
2026-09-24T01:52:50.330881Z,1790214769857,LONGXIAUSDT,Buy,1760,0.1427,"{""T"":1790214769857,""s"":""LONGXIAUSDT"",""S"":""Buy"",""v"":""1760"",""p"":""0.1427""}"
2026-09-24T01:52:50.330881Z,1790214769904,LONGXIAUSDT,Buy,2662,0.1461,"{""T"":1790214769904,""s"":""LONGXIAUSDT"",""S"":""Buy"",""v"":""2662"",""p"":""0.1461""}"
2026-09-24T01:52:50.330881Z,1790214769944,LONGXIAUSDT,Buy,117,0.1476,"{""T"":1790214769944,""s"":""LONGXIAUSDT"",""S"":""Buy"",""v"":""117"",""p"":""0.1476""}"
2026-09-24T01:52:50.330881Z,1790214769965,LONGXIAUSDT,Buy,284,0.1422,"{""T"":1790214769965,""s"":""LONGXIAUSDT"",""S"":""Buy"",""v"":""284"",""p"":""0.1422""}"
2026-09-24T01:52:50.330881Z,1790214770004,LONGXIAUSDT,Buy,627,0.1435,"{""T"":1790214770004,""s"":""LONGXIAUSDT"",""S"":""Buy"",""v"":""627"",""p"":""0.1435""}"
2026-09-24T01:52:50.330881Z,1790214770007,LONGXIAUSDT,Buy,92,0.1437,"{""T"":1790214770007,""s"":""LONGXIAUSDT"",""S"":""Buy"",""v"":""92"",""p"":""0.1437""}"
2026-09-24T01:52:50.330881Z,1790214770017,LONGXIAUSDT,Buy,43,0.1454,"{""T"":1790214770017,""s"":""LONGXIAUSDT"",""S"":""Buy"",""v"":""43"",""p"":""0.1454""}"
2026-09-24T01:52:50.330881Z,1790214770033,LONGXIAUSDT,Buy,80,0.1409,"{""T"":1790214770033,""s"":""LONGXIAUSDT"",""S"":""Buy"",""v"":""80"",""p"":""0.1409""}"
2026-09-24T01:52:50.330881Z,1790214770037,LONGXIAUSDT,Buy,6553,0.1452,"{""T"":1790214770037,""s"":""LONGXIAUSDT"",""S"":""Buy"",""v"":""6553"",""p"":""0.1452""}"
2026-09-24T01:52:50.330881Z,1790214770052,LONGXIAUSDT,Buy,6593,0.1481,"{""T"":1790214770052,""s"":""LONGXIAUSDT"",""S"":""Buy"",""v"":""6593"",""p"":""0.1481""}"
2026-09-24T01:52:50.330881Z,1790214770077,LONGXIAUSDT,Buy,564,0.1438,"{""T"":1790214770077,""s"":""LONGXIAUSDT"",""S"":""Buy"",""v"":""564"",""p"":""0.1438""}"
2026-09-24T01:52:51.314680Z,1790214771140,NILUSDT,Buy,63,0.12413,"{""T"":1790214771140,""s"":""NILUSDT"",""S"":""Buy"",""v"":""63"",""p"":""0.12413""}"
2026-09-24T01:52:51.326726Z,1790214771140,RAYDIUMUSDT,Buy,3.4,1.9437,"{""T"":1790214771140,""s"":""RAYDIUMUSDT"",""S"":""Buy"",""v"":""3.4"",""p"":""1.9437""}"
2026-09-24T01:52:51.330257Z,1790214771140,LONGXIAUSDT,Buy,42,0.1398,"{""T"":1790214771140,""s"":""LONGXIAUSDT"",""S"":""Buy"",""v"":""42"",""p"":""0.1398""}"
2026-09-24T01:52:51.330640Z,1790214771140,SAGAUSDT,Buy,141.1,0.045626,"{""T"":1790214771140,""s"":""SAGAUSDT"",""S"":""Buy"",""v"":""141.1"",""p"":""0.045626""}"
2026-09-24T01:52:51.498321Z,1790214771140,DASHUSDT,Sell,0.12,57.82,"{""T"":1790214771140,""s"":""DASHUSDT"",""S"":""Sell"",""v"":""0.12"",""p"":""57.82""}"
2026-09-24T01:52:51.498862Z,1790214771140,B3USDT,Buy,9300,0.0006748,"{""T"":1790214771140,""s"":""B3USDT"",""S"":""Buy"",""v"":""9300"",""p"":""0.0006748""}"
2026-09-24T01:52:53.314806Z,1790214773201,NILUSDT,Buy,223,0.12391,"{""T"":1790214773201,""s"":""NILUSDT"",""S"":""Buy"",""v"":""223"",""p"":""0.12391""}"
2026-09-24T01:54:25.815426Z,1790214865683,NILUSDT,Buy,63,0.12354,"{""T"":1790214865683,""s"":""NILUSDT"",""S"":""Buy"",""v"":""63"",""p"":""0.12354""}"
2026-09-24T01:54:36.314800Z,1790214875856,NILUSDT,Buy,4032,0.12307,"{""T"":1790214875856,""s"":""NILUSDT"",""S"":""Buy"",""v"":""4032"",""p"":""0.12307""}"
2026-09-24T01:54:36.814631Z,1790214876423,NILUSDT,Buy,108,0.12308,"{""T"":1790214876423,""s"":""NILUSDT"",""S"":""Buy"",""v"":""108"",""p"":""0.12308""}"
2026-09-24T01:54:36.830293Z,1790214876294,SAGAUSDT,Buy,6418.5,0.045202,"{""T"":1790214876294,""s"":""SAGAUSDT"",""S"":""Buy"",""v"":""6418.5"",""p"":""0.045202""}"
2026-09-24T01:54:37.314751Z,1790214876904,NILUSDT,Buy,861,0.12280,"{""T"":1790214876904,""s"":""NILUSDT"",""S"":""Buy"",""v"":""861"",""p"":""0.12280""}"
2026-09-24T01:54:37.330691Z,1790214876984,SAGAUSDT,Buy,1176.3,0.045198,"{""T"":1790214876984,""s"":""SAGAUSDT"",""S"":""Buy"",""v"":""1176.3"",""p"":""0.045198""}"
2026-09-24T01:54:37.330691Z,1790214877211,SAGAUSDT,Buy,11956.2,0.045058,"{""T"":1790214877211,""s"":""SAGAUSDT"",""S"":""Buy"",""v"":""11956.2"",""p"":""0.045058""}"
2026-09-24T01:54:37.830512Z,1790214877741,SAGAUSDT,Buy,172.4,0.045064,"{""T"":1790214877741,""s"":""SAGAUSDT"",""S"":""Buy"",""v"":""172.4"",""p"":""0.045064""}"
2026-09-24T01:54:41.314735Z,1790214881165,NILUSDT,Buy,583,0.12233,"{""T"":1790214881165,""s"":""NILUSDT"",""S"":""Buy"",""v"":""583"",""p"":""0.12233""}"
2026-09-24T01:54:43.314628Z,1790214882915,NILUSDT,Buy,262,0.12223,"{""T"":1790214882915,""s"":""NILUSDT"",""S"":""Buy"",""v"":""262"",""p"":""0.12223""}"
2026-09-24T01:54:43.314628Z,1790214883076,NILUSDT,Buy,737,0.12209,"{""T"":1790214883076,""s"":""NILUSDT"",""S"":""Buy"",""v"":""737"",""p"":""0.12209""}"
2026-09-24T01:54:43.814910Z,1790214883363,NILUSDT,Buy,15036,0.12221,"{""T"":1790214883363,""s"":""NILUSDT"",""S"":""Buy"",""v"":""15036"",""p"":""0.12221""}"
2026-09-24T01:54:44.830414Z,1790214884592,SAGAUSDT,Buy,1389.7,0.044982,"{""T"":1790214884592,""s"":""SAGAUSDT"",""S"":""Buy"",""v"":""1389.7"",""p"":""0.044982""}"
2026-09-24T01:54:45.330838Z,1790214884866,SAGAUSDT,Buy,17304.2,0.045008,"{""T"":1790214884866,""s"":""SAGAUSDT"",""S"":""Buy"",""v"":""17304.2"",""p"":""0.045008""}"
2026-09-24T01:55:07.835486Z,1790214907661,ALLOUSDT,Sell,400,0.30410,"{""T"":1790214907661,""s"":""ALLOUSDT"",""S"":""Sell"",""v"":""400"",""p"":""0.30410""}"
2026-09-24T01:55:07.836172Z,1790214907661,SAGAUSDT,Buy,6500.0,0.044870,"{""T"":1790214907661,""s"":""SAGAUSDT"",""S"":""Buy"",""v"":""6500.0"",""p"":""0.044870""}"
2026-09-24T01:55:09.330563Z,1790214909239,SAGAUSDT,Buy,523.9,0.044823,"{""T"":1790214909239,""s"":""SAGAUSDT"",""S"":""Buy"",""v"":""523.9"",""p"":""0.044823""}"
2026-09-24T01:55:10.330653Z,1790214910236,SAGAUSDT,Buy,59089.0,0.044857,"{""T"":1790214910236,""s"":""SAGAUSDT"",""S"":""Buy"",""v"":""59089.0"",""p"":""0.044857""}"
2026-09-24T01:56:04.331689Z,1790214963853,SAGAUSDT,Buy,118.3,0.044717,"{""T"":1790214963853,""s"":""SAGAUSDT"",""S"":""Buy"",""v"":""118.3"",""p"":""0.044717""}"
2026-09-24T01:56:17.317928Z,1790214976774,NILUSDT,Sell,822,0.13096,"{""T"":1790214976774,""s"":""NILUSDT"",""S"":""Sell"",""v"":""822"",""p"":""0.13096""}"
2026-09-24T01:57:42.988697Z,1790215062824,XAGUSDT,Buy,3.003,63.80,"{""T"":1790215062824,""s"":""XAGUSDT"",""S"":""Buy"",""v"":""3.003"",""p"":""63.80""}"
2026-09-24T01:57:51.988354Z,1790215071541,XAUUSDT,Buy,0.011,4267.80,"{""T"":1790215071541,""s"":""XAUUSDT"",""S"":""Buy"",""v"":""0.011"",""p"":""4267.80""}"
2026-09-24T01:58:12.988670Z,1790215092566,XAGUSDT,Buy,7.118,63.80,"{""T"":1790215092566,""s"":""XAGUSDT"",""S"":""Buy"",""v"":""7.118"",""p"":""63.80""}"
2026-09-24T01:58:16.487991Z,1790215095944,XAUUSDT,Buy,0.061,4267.00,"{""T"":1790215095944,""s"":""XAUUSDT"",""S"":""Buy"",""v"":""0.061"",""p"":""4267.00""}"
2026-09-24T01:59:04.350083Z,1790215144146,MARSCOINUSDT,Buy,1880,0.12354,"{""T"":1790215144146,""s"":""MARSCOINUSDT"",""S"":""Buy"",""v"":""1880"",""p"":""0.12354""}"
2026-09-24T01:59:08.849495Z,1790215148741,MARSCOINUSDT,Buy,2230,0.12336,"{""T"":1790215148741,""s"":""MARSCOINUSDT"",""S"":""Buy"",""v"":""2230"",""p"":""0.12336""}"
2026-09-24T01:59:11.349480Z,1790215151186,MARSCOINUSDT,Buy,850,0.12318,"{""T"":1790215151186,""s"":""MARSCOINUSDT"",""S"":""Buy"",""v"":""850"",""p"":""0.12318""}"
2026-09-24T01:59:11.849395Z,1790215151391,MARSCOINUSDT,Buy,70,0.12275,"{""T"":1790215151391,""s"":""MARSCOINUSDT"",""S"":""Buy"",""v"":""70"",""p"":""0.12275""}"
2026-09-24T02:00:08.458158Z,1790215208131,ETHUSDT,Buy,0.01,2664.51,"{""T"":1790215208131,""s"":""ETHUSDT"",""S"":""Buy"",""v"":""0.01"",""p"":""2664.51""}"
2026-09-24T02:00:13.457537Z,1790215213035,ETHUSDT,Buy,88.53,2663.74,"{""T"":1790215213035,""s"":""ETHUSDT"",""S"":""Buy"",""v"":""88.53"",""p"":""2663.74""}"
2026-09-24T02:00:13.457537Z,1790215213298,ETHUSDT,Buy,0.22,2663.62,"{""T"":1790215213298,""s"":""ETHUSDT"",""S"":""Buy"",""v"":""0.22"",""p"":""2663.62""}"
2026-09-24T02:00:15.957304Z,1790215215380,ETHUSDT,Buy,0.05,2663.13,"{""T"":1790215215380,""s"":""ETHUSDT"",""S"":""Buy"",""v"":""0.05"",""p"":""2663.13""}"
2026-09-24T02:00:20.987914Z,1790215220848,XAUUSDT,Buy,0.384,4266.56,"{""T"":1790215220848,""s"":""XAUUSDT"",""S"":""Buy"",""v"":""0.384"",""p"":""4266.56""}"
2026-09-24T02:00:21.988049Z,1790215221459,XAUUSDT,Buy,0.026,4266.21,"{""T"":1790215221459,""s"":""XAUUSDT"",""S"":""Buy"",""v"":""0.026"",""p"":""4266.21""}"
2026-09-24T02:00:21.988049Z,1790215221749,XAUUSDT,Buy,0.002,4266.72,"{""T"":1790215221749,""s"":""XAUUSDT"",""S"":""Buy"",""v"":""0.002"",""p"":""4266.72""}"
2026-09-24T02:00:22.488117Z,1790215221957,XAUUSDT,Buy,0.479,4265.36,"{""T"":1790215221957,""s"":""XAUUSDT"",""S"":""Buy"",""v"":""0.479"",""p"":""4265.36""}"
2026-09-24T02:00:23.487869Z,1790215222996,XAUUSDT,Buy,1.106,4263.88,"{""T"":1790215222996,""s"":""XAUUSDT"",""S"":""Buy"",""v"":""1.106"",""p"":""4263.88""}"
2026-09-24T02:00:23.987965Z,1790215223416,XAUUSDT,Buy,0.027,4264.38,"{""T"":1790215223416,""s"":""XAUUSDT"",""S"":""Buy"",""v"":""0.027"",""p"":""4264.38""}"
2026-09-24T02:00:23.987965Z,1790215223520,XAUUSDT,Buy,0.050,4264.05,"{""T"":1790215223520,""s"":""XAUUSDT"",""S"":""Buy"",""v"":""0.050"",""p"":""4264.05""}"
2026-09-24T02:00:23.987965Z,1790215223586,XAUUSDT,Buy,0.013,4264.08,"{""T"":1790215223586,""s"":""XAUUSDT"",""S"":""Buy"",""v"":""0.013"",""p"":""4264.08""}"
2026-09-24T02:00:23.987965Z,1790215223647,XAUUSDT,Buy,0.216,4264.32,"{""T"":1790215223647,""s"":""XAUUSDT"",""S"":""Buy"",""v"":""0.216"",""p"":""4264.32""}"
2026-09-24T02:00:36.988497Z,1790215236603,XAUUSDT,Buy,0.383,4263.54,"{""T"":1790215236603,""s"":""XAUUSDT"",""S"":""Buy"",""v"":""0.383"",""p"":""4263.54""}"
2026-09-24T02:00:48.830597Z,1790215248637,SAGAUSDT,Sell,17448.2,0.048243,"{""T"":1790215248637,""s"":""SAGAUSDT"",""S"":""Sell"",""v"":""17448.2"",""p"":""0.048243""}"
2026-09-24T02:00:57.987818Z,1790215257705,XAUUSDT,Buy,0.101,4262.11,"{""T"":1790215257705,""s"":""XAUUSDT"",""S"":""Buy"",""v"":""0.101"",""p"":""4262.11""}"
2026-09-24T02:01:07.494231Z,1790215267071,1000BONKUSDT,Buy,2000,0.0034060,"{""T"":1790215267071,""s"":""1000BONKUSDT"",""S"":""Buy"",""v"":""2000"",""p"":""0.0034060""}"
2026-09-24T02:01:14.567322Z,1790215273983,BTCUSDT,Buy,0.002,83732.80,"{""T"":1790215273983,""s"":""BTCUSDT"",""S"":""Buy"",""v"":""0.002"",""p"":""83732.80""}"
2026-09-24T02:01:14.567322Z,1790215274014,BTCUSDT,Buy,0.002,83729.60,"{""T"":1790215274014,""s"":""BTCUSDT"",""S"":""Buy"",""v"":""0.002"",""p"":""83729.60""}"
2026-09-24T02:01:15.067555Z,1790215274575,BTCUSDT,Buy,0.300,83711.70,"{""T"":1790215274575,""s"":""BTCUSDT"",""S"":""Buy"",""v"":""0.300"",""p"":""83711.70""}"
2026-09-24T02:01:15.957474Z,1790215275661,ETHUSDT,Buy,0.01,2661.83,"{""T"":1790215275661,""s"":""ETHUSDT"",""S"":""Buy"",""v"":""0.01"",""p"":""2661.83""}"
2026-09-24T02:01:15.998309Z,1790215275864,PENGUUSDT,Buy,22610,0.009495,"{""T"":1790215275864,""s"":""PENGUUSDT"",""S"":""Buy"",""v"":""22610"",""p"":""0.009495""}"
2026-09-24T02:01:16.314578Z,1790215275783,HYPEUSDT,Buy,0.60,91.560,"{""T"":1790215275783,""s"":""HYPEUSDT"",""S"":""Buy"",""v"":""0.60"",""p"":""91.560""}"
2026-09-24T02:01:16.314578Z,1790215275908,HYPEUSDT,Buy,0.33,91.570,"{""T"":1790215275908,""s"":""HYPEUSDT"",""S"":""Buy"",""v"":""0.33"",""p"":""91.570""}"
2026-09-24T02:01:16.360695Z,1790215275847,WLDUSDT,Buy,2837.7,0.3988,"{""T"":1790215275847,""s"":""WLDUSDT"",""S"":""Buy"",""v"":""2837.7"",""p"":""0.3988""}"
2026-09-24T02:01:17.915820Z,1790215277822,UNIUSDT,Buy,192.9,9.228,"{""T"":1790215277822,""s"":""UNIUSDT"",""S"":""Buy"",""v"":""192.9"",""p"":""9.228""}"
2026-09-24T02:01:17.988391Z,1790215277822,XAGUSDT,Buy,9.190,63.82,"{""T"":1790215277822,""s"":""XAGUSDT"",""S"":""Buy"",""v"":""9.190"",""p"":""63.82""}"
2026-09-24T02:01:18.064549Z,1790215277498,SOLUSDT,Buy,50.0,113.890,"{""T"":1790215277498,""s"":""SOLUSDT"",""S"":""Buy"",""v"":""50.0"",""p"":""113.890""}"
2026-09-24T02:01:18.360696Z,1790215278211,WLDUSDT,Buy,338.7,0.3986,"{""T"":1790215278211,""s"":""WLDUSDT"",""S"":""Buy"",""v"":""338.7"",""p"":""0.3986""}"
2026-09-24T02:01:18.839937Z,1790215278641,LITUSDT,Buy,9.2,5.3400,"{""T"":1790215278641,""s"":""LITUSDT"",""S"":""Buy"",""v"":""9.2"",""p"":""5.3400""}"
2026-09-24T02:01:42.314652Z,1790215302148,NILUSDT,Sell,228,0.13023,"{""T"":1790215302148,""s"":""NILUSDT"",""S"":""Sell"",""v"":""228"",""p"":""0.13023""}"
2026-09-24T02:01:42.330287Z,1790215302148,SAGAUSDT,Sell,2136.4,0.049260,"{""T"":1790215302148,""s"":""SAGAUSDT"",""S"":""Sell"",""v"":""2136.4"",""p"":""0.049260""}"
2026-09-24T02:01:43.331405Z,1790215302841,SAGAUSDT,Sell,945.2,0.049333,"{""T"":1790215302841,""s"":""SAGAUSDT"",""S"":""Sell"",""v"":""945.2"",""p"":""0.049333""}"
2026-09-24T02:02:01.995470Z,1790215321804,MUBARAKUSDT,Buy,508,0.052680,"{""T"":1790215321804,""s"":""MUBARAKUSDT"",""S"":""Buy"",""v"":""508"",""p"":""0.052680""}"
2026-09-24T02:02:22.334601Z,1790215341772,LONGXIAUSDT,Buy,524,0.1385,"{""T"":1790215341772,""s"":""LONGXIAUSDT"",""S"":""Buy"",""v"":""524"",""p"":""0.1385""}"
2026-09-24T02:02:22.334601Z,1790215341781,LONGXIAUSDT,Buy,2810,0.1386,"{""T"":1790215341781,""s"":""LONGXIAUSDT"",""S"":""Buy"",""v"":""2810"",""p"":""0.1386""}"
2026-09-24T02:02:35.831747Z,1790215355425,LONGXIAUSDT,Buy,2000,0.1375,"{""T"":1790215355425,""s"":""LONGXIAUSDT"",""S"":""Buy"",""v"":""2000"",""p"":""0.1375""}"
2026-09-24T02:02:36.330609Z,1790215355804,LONGXIAUSDT,Buy,43186,0.1376,"{""T"":1790215355804,""s"":""LONGXIAUSDT"",""S"":""Buy"",""v"":""43186"",""p"":""0.1376""}"
2026-09-24T02:02:36.330609Z,1790215355956,LONGXIAUSDT,Buy,17036,0.1375,"{""T"":1790215355956,""s"":""LONGXIAUSDT"",""S"":""Buy"",""v"":""17036"",""p"":""0.1375""}"
2026-09-24T02:02:36.349347Z,1790215355804,MARSCOINUSDT,Buy,39710,0.12290,"{""T"":1790215355804,""s"":""MARSCOINUSDT"",""S"":""Buy"",""v"":""39710"",""p"":""0.12290""}"
2026-09-24T02:02:57.331084Z,1790215377024,LONGXIAUSDT,Buy,195,0.1364,"{""T"":1790215377024,""s"":""LONGXIAUSDT"",""S"":""Buy"",""v"":""195"",""p"":""0.1364""}"
2026-09-24T02:03:01.830606Z,1790215381354,LONGXIAUSDT,Buy,50,0.1359,"{""T"":1790215381354,""s"":""LONGXIAUSDT"",""S"":""Buy"",""v"":""50"",""p"":""0.1359""}"
2026-09-24T02:03:05.330640Z,1790215384941,LONGXIAUSDT,Buy,234,0.1356,"{""T"":1790215384941,""s"":""LONGXIAUSDT"",""S"":""Buy"",""v"":""234"",""p"":""0.1356""}"
2026-09-24T02:04:12.074155Z,1790215451573,SOLUSDT,Buy,5.8,113.800,"{""T"":1790215451573,""s"":""SOLUSDT"",""S"":""Buy"",""v"":""5.8"",""p"":""113.800""}"
2026-09-24T02:04:12.814601Z,1790215452539,METUSDT,Buy,488.1,0.33130,"{""T"":1790215452539,""s"":""METUSDT"",""S"":""Buy"",""v"":""488.1"",""p"":""0.33130""}"
2026-09-24T02:04:28.861175Z,1790215468706,WLDUSDT,Buy,2077.5,0.3983,"{""T"":1790215468706,""s"":""WLDUSDT"",""S"":""Buy"",""v"":""2077.5"",""p"":""0.3983""}"
2026-09-24T02:04:28.998787Z,1790215468706,SPXUSDT,Buy,106,0.4229,"{""T"":1790215468706,""s"":""SPXUSDT"",""S"":""Buy"",""v"":""106"",""p"":""0.4229""}"
2026-09-24T02:04:29.360640Z,1790215469062,WLDUSDT,Buy,191.9,0.3982,"{""T"":1790215469062,""s"":""WLDUSDT"",""S"":""Buy"",""v"":""191.9"",""p"":""0.3982""}"
2026-09-24T02:04:44.814757Z,1790215484528,TRUMPUSDT,Buy,86.5,1.925,"{""T"":1790215484528,""s"":""TRUMPUSDT"",""S"":""Buy"",""v"":""86.5"",""p"":""1.925""}"
2026-09-24T02:04:45.314461Z,1790215484927,TRUMPUSDT,Buy,13.3,1.924,"{""T"":1790215484927,""s"":""TRUMPUSDT"",""S"":""Buy"",""v"":""13.3"",""p"":""1.924""}"
2026-09-24T02:05:00.909538Z,1790215500409,MSTRUSDT,Buy,1.67,158.43,"{""T"":1790215500409,""s"":""MSTRUSDT"",""S"":""Buy"",""v"":""1.67"",""p"":""158.43""}"
2026-09-24T02:05:09.064036Z,1790215508935,SOLUSDT,Buy,23.1,113.780,"{""T"":1790215508935,""s"":""SOLUSDT"",""S"":""Buy"",""v"":""23.1"",""p"":""113.780""}"
2026-09-24T02:05:12.498893Z,1790215512026,XAUTUSDT,Buy,0.465,4242.70,"{""T"":1790215512026,""s"":""XAUTUSDT"",""S"":""Buy"",""v"":""0.465"",""p"":""4242.70""}"
2026-09-24T02:05:13.487902Z,1790215513070,XAUUSDT,Buy,0.114,4261.94,"{""T"":1790215513070,""s"":""XAUUSDT"",""S"":""Buy"",""v"":""0.114"",""p"":""4261.94""}"
2026-09-24T02:05:14.339119Z,1790215514033,XRPUSDT,Buy,270.5,1.4776,"{""T"":1790215514033,""s"":""XRPUSDT"",""S"":""Buy"",""v"":""270.5"",""p"":""1.4776""}"
2026-09-24T02:05:14.488170Z,1790215514018,XAGUSDT,Buy,156.128,63.75,"{""T"":1790215514018,""s"":""XAGUSDT"",""S"":""Buy"",""v"":""156.128"",""p"":""63.75""}"
2026-09-24T02:05:14.567788Z,1790215514197,BTCUSDT,Buy,0.022,83681.40,"{""T"":1790215514197,""s"":""BTCUSDT"",""S"":""Buy"",""v"":""0.022"",""p"":""83681.40""}"
2026-09-24T02:05:15.957394Z,1790215515848,ETHUSDT,Buy,1.00,2660.93,"{""T"":1790215515848,""s"":""ETHUSDT"",""S"":""Buy"",""v"":""1.00"",""p"":""2660.93""}"
2026-09-24T02:05:16.457355Z,1790215516369,ETHUSDT,Buy,0.03,2660.97,"{""T"":1790215516369,""s"":""ETHUSDT"",""S"":""Buy"",""v"":""0.03"",""p"":""2660.97""}"
2026-09-24T02:05:16.564056Z,1790215516054,SOLUSDT,Buy,1.9,113.710,"{""T"":1790215516054,""s"":""SOLUSDT"",""S"":""Buy"",""v"":""1.9"",""p"":""113.710""}"
2026-09-24T02:05:16.830663Z,1790215516650,PONSUSDT,Buy,148,0.6158,"{""T"":1790215516650,""s"":""PONSUSDT"",""S"":""Buy"",""v"":""148"",""p"":""0.6158""}"
2026-09-24T02:05:16.915657Z,1790215516650,1000PEPEUSDT,Buy,13400,0.0042560,"{""T"":1790215516650,""s"":""1000PEPEUSDT"",""S"":""Buy"",""v"":""13400"",""p"":""0.0042560""}"
2026-09-24T02:05:17.064553Z,1790215516647,SOLUSDT,Buy,0.4,113.700,"{""T"":1790215516647,""s"":""SOLUSDT"",""S"":""Buy"",""v"":""0.4"",""p"":""113.700""}"
2026-09-24T02:05:17.067262Z,1790215516650,BTCUSDT,Buy,0.005,83666.70,"{""T"":1790215516650,""s"":""BTCUSDT"",""S"":""Buy"",""v"":""0.005"",""p"":""83666.70""}"
2026-09-24T02:05:17.564597Z,1790215517418,SOLUSDT,Buy,1.2,113.690,"{""T"":1790215517418,""s"":""SOLUSDT"",""S"":""Buy"",""v"":""1.2"",""p"":""113.690""}"
2026-09-24T02:05:19.568160Z,1790215519174,BTCUSDT,Buy,0.029,83656.10,"{""T"":1790215519174,""s"":""BTCUSDT"",""S"":""Buy"",""v"":""0.029"",""p"":""83656.10""}"
2026-09-24T02:05:19.916221Z,1790215519562,DOGEUSDT,Buy,163,0.09152,"{""T"":1790215519562,""s"":""DOGEUSDT"",""S"":""Buy"",""v"":""163"",""p"":""0.09152""}"
2026-09-24T02:05:24.067864Z,1790215523786,BTCUSDT,Buy,0.025,83652.30,"{""T"":1790215523786,""s"":""BTCUSDT"",""S"":""Buy"",""v"":""0.025"",""p"":""83652.30""}"
2026-09-24T02:05:24.067864Z,1790215523811,BTCUSDT,Buy,0.005,83652.10,"{""T"":1790215523811,""s"":""BTCUSDT"",""S"":""Buy"",""v"":""0.005"",""p"":""83652.10""}"
2026-09-24T02:05:25.517565Z,1790215525025,ATOMUSDT,Buy,8.3,1.6650,"{""T"":1790215525025,""s"":""ATOMUSDT"",""S"":""Buy"",""v"":""8.3"",""p"":""1.6650""}"
2026-09-24T02:05:28.517545Z,1790215528430,AVAXUSDT,Buy,643.7,10.092,"{""T"":1790215528430,""s"":""AVAXUSDT"",""S"":""Buy"",""v"":""643.7"",""p"":""10.092""}"
2026-09-24T02:05:28.814535Z,1790215528430,TRUMPUSDT,Buy,4947.6,1.925,"{""T"":1790215528430,""s"":""TRUMPUSDT"",""S"":""Buy"",""v"":""4947.6"",""p"":""1.925""}"
2026-09-24T02:05:30.814706Z,1790215530518,TRUMPUSDT,Buy,6.2,1.923,"{""T"":1790215530518,""s"":""TRUMPUSDT"",""S"":""Buy"",""v"":""6.2"",""p"":""1.923""}"
2026-09-24T02:05:33.909775Z,1790215533682,JUPUSDT,Buy,2555,0.27920,"{""T"":1790215533682,""s"":""JUPUSDT"",""S"":""Buy"",""v"":""2555"",""p"":""0.27920""}"
2026-09-24T02:05:54.314969Z,1790215554011,HYPEUSDT,Buy,6.55,91.360,"{""T"":1790215554011,""s"":""HYPEUSDT"",""S"":""Buy"",""v"":""6.55"",""p"":""91.360""}"
2026-09-24T02:05:54.415765Z,1790215554011,DOGEUSDT,Buy,8380,0.09154,"{""T"":1790215554011,""s"":""DOGEUSDT"",""S"":""Buy"",""v"":""8380"",""p"":""0.09154""}"
2026-09-24T02:06:05.909510Z,1790215565815,LSKUSDT,Sell,690.3,0.36711,"{""T"":1790215565815,""s"":""LSKUSDT"",""S"":""Sell"",""v"":""690.3"",""p"":""0.36711""}"
2026-09-24T02:06:11.064735Z,1790215570686,SOLUSDT,Buy,1.5,113.610,"{""T"":1790215570686,""s"":""SOLUSDT"",""S"":""Buy"",""v"":""1.5"",""p"":""113.610""}"
2026-09-24T02:06:12.987940Z,1790215572719,XAUUSDT,Buy,0.317,4261.26,"{""T"":1790215572719,""s"":""XAUUSDT"",""S"":""Buy"",""v"":""0.317"",""p"":""4261.26""}"
2026-09-24T02:06:14.457507Z,1790215574283,ETHUSDT,Buy,0.46,2659.96,"{""T"":1790215574283,""s"":""ETHUSDT"",""S"":""Buy"",""v"":""0.46"",""p"":""2659.96""}"
2026-09-24T02:06:14.567291Z,1790215574149,BTCUSDT,Buy,0.019,83635.30,"{""T"":1790215574149,""s"":""BTCUSDT"",""S"":""Buy"",""v"":""0.019"",""p"":""83635.30""}"
2026-09-24T02:06:15.068120Z,1790215574758,BTCUSDT,Buy,0.003,83635.80,"{""T"":1790215574758,""s"":""BTCUSDT"",""S"":""Buy"",""v"":""0.003"",""p"":""83635.80""}"
2026-09-24T02:06:17.814934Z,1790215577698,HYPEUSDT,Buy,10.22,91.320,"{""T"":1790215577698,""s"":""HYPEUSDT"",""S"":""Buy"",""v"":""10.22"",""p"":""91.320""}"
2026-09-24T02:06:17.839768Z,1790215577517,XRPUSDT,Buy,3261.3,1.4776,"{""T"":1790215577517,""s"":""XRPUSDT"",""S"":""Buy"",""v"":""3261.3"",""p"":""1.4776""}"
2026-09-24T02:06:17.849263Z,1790215577517,XLMUSDT,Buy,37765,0.19760,"{""T"":1790215577517,""s"":""XLMUSDT"",""S"":""Buy"",""v"":""37765"",""p"":""0.19760""}"
2026-09-24T02:06:17.916096Z,1790215577517,DOGEUSDT,Buy,30372,0.09146,"{""T"":1790215577517,""s"":""DOGEUSDT"",""S"":""Buy"",""v"":""30372"",""p"":""0.09146""}"
2026-09-24T02:06:18.457670Z,1790215578359,ETHUSDT,Buy,0.22,2659.15,"{""T"":1790215578359,""s"":""ETHUSDT"",""S"":""Buy"",""v"":""0.22"",""p"":""2659.15""}"
2026-09-24T02:06:18.493407Z,1790215578181,SUIUSDT,Buy,80,0.93810,"{""T"":1790215578181,""s"":""SUIUSDT"",""S"":""Buy"",""v"":""80"",""p"":""0.93810""}"
2026-09-24T02:06:19.988094Z,1790215579549,XAGUSDT,Buy,3.159,63.70,"{""T"":1790215579549,""s"":""XAGUSDT"",""S"":""Buy"",""v"":""3.159"",""p"":""63.70""}"
2026-09-24T02:06:20.017360Z,1790215579445,TAOUSDT,Buy,7.912,280.69,"{""T"":1790215579445,""s"":""TAOUSDT"",""S"":""Buy"",""v"":""7.912"",""p"":""280.69""}"
2026-09-24T02:06:32.488112Z,1790215591949,XAGUSDT,Buy,91.989,63.68,"{""T"":1790215591949,""s"":""XAGUSDT"",""S"":""Buy"",""v"":""91.989"",""p"":""63.68""}"
2026-09-24T02:06:46.568291Z,1790215606472,BTCUSDT,Buy,0.015,83621.60,"{""T"":1790215606472,""s"":""BTCUSDT"",""S"":""Buy"",""v"":""0.015"",""p"":""83621.60""}"
2026-09-24T02:06:47.361107Z,1790215607185,WLDUSDT,Buy,2414.2,0.3976,"{""T"":1790215607185,""s"":""WLDUSDT"",""S"":""Buy"",""v"":""2414.2"",""p"":""0.3976""}"
2026-09-24T02:06:56.314730Z,1790215615877,HYPEUSDT,Buy,0.42,91.240,"{""T"":1790215615877,""s"":""HYPEUSDT"",""S"":""Buy"",""v"":""0.42"",""p"":""91.240""}"
2026-09-24T02:07:09.314644Z,1790215629159,HYPEUSDT,Buy,4.55,91.190,"{""T"":1790215629159,""s"":""HYPEUSDT"",""S"":""Buy"",""v"":""4.55"",""p"":""91.190""}"
2026-09-24T02:07:10.314338Z,1790215630079,HYPEUSDT,Buy,0.78,91.160,"{""T"":1790215630079,""s"":""HYPEUSDT"",""S"":""Buy"",""v"":""0.78"",""p"":""91.160""}"
2026-09-24T02:07:17.314424Z,1790215636873,TRUMPUSDT,Buy,7.0,1.919,"{""T"":1790215636873,""s"":""TRUMPUSDT"",""S"":""Buy"",""v"":""7.0"",""p"":""1.919""}"
2026-09-24T02:07:17.314424Z,1790215637007,TRUMPUSDT,Buy,290.8,1.919,"{""T"":1790215637007,""s"":""TRUMPUSDT"",""S"":""Buy"",""v"":""290.8"",""p"":""1.919""}"
2026-09-24T02:07:17.814532Z,1790215637341,TRUMPUSDT,Buy,319.0,1.917,"{""T"":1790215637341,""s"":""TRUMPUSDT"",""S"":""Buy"",""v"":""319.0"",""p"":""1.917""}"
2026-09-24T02:07:17.814532Z,1790215637703,TRUMPUSDT,Buy,4.4,1.917,"{""T"":1790215637703,""s"":""TRUMPUSDT"",""S"":""Buy"",""v"":""4.4"",""p"":""1.917""}"
2026-09-24T02:07:17.998455Z,1790215637900,LINKUSDT,Buy,802.0,12.117,"{""T"":1790215637900,""s"":""LINKUSDT"",""S"":""Buy"",""v"":""802.0"",""p"":""12.117""}"
2026-09-24T02:07:18.064591Z,1790215637900,SOLUSDT,Buy,179.4,113.600,"{""T"":1790215637900,""s"":""SOLUSDT"",""S"":""Buy"",""v"":""179.4"",""p"":""113.600""}"
2026-09-24T02:07:18.068518Z,1790215637900,BTCUSDT,Buy,0.260,83643.60,"{""T"":1790215637900,""s"":""BTCUSDT"",""S"":""Buy"",""v"":""0.260"",""p"":""83643.60""}"
2026-09-24T02:07:18.314799Z,1790215637900,TRUMPUSDT,Buy,5039.2,1.918,"{""T"":1790215637900,""s"":""TRUMPUSDT"",""S"":""Buy"",""v"":""5039.2"",""p"":""1.918""}"
2026-09-24T02:07:18.339412Z,1790215637900,XRPUSDT,Buy,12518.4,1.4780,"{""T"":1790215637900,""s"":""XRPUSDT"",""S"":""Buy"",""v"":""12518.4"",""p"":""1.4780""}"
2026-09-24T02:07:18.415385Z,1790215637900,1000PEPEUSDT,Buy,2252300,0.0042550,"{""T"":1790215637900,""s"":""1000PEPEUSDT"",""S"":""Buy"",""v"":""2252300"",""p"":""0.0042550""}"
2026-09-24T02:07:18.415643Z,1790215637900,DOGEUSDT,Buy,152232,0.09143,"{""T"":1790215637900,""s"":""DOGEUSDT"",""S"":""Buy"",""v"":""152232"",""p"":""0.09143""}"
2026-09-24T02:07:18.457586Z,1790215637900,ETHUSDT,Buy,8.50,2659.90,"{""T"":1790215637900,""s"":""ETHUSDT"",""S"":""Buy"",""v"":""8.50"",""p"":""2659.90""}"
2026-09-24T02:07:21.830599Z,1790215641463,PONSUSDT,Buy,11151,0.6112,"{""T"":1790215641463,""s"":""PONSUSDT"",""S"":""Buy"",""v"":""11151"",""p"":""0.6112""}"
2026-09-24T02:07:23.351178Z,1790215643172,PONSUSDT,Buy,37,0.6106,"{""T"":1790215643172,""s"":""PONSUSDT"",""S"":""Buy"",""v"":""37"",""p"":""0.6106""}"
2026-09-24T02:07:23.351178Z,1790215643240,PONSUSDT,Buy,58,0.6108,"{""T"":1790215643240,""s"":""PONSUSDT"",""S"":""Buy"",""v"":""58"",""p"":""0.6108""}"
2026-09-24T02:07:23.830596Z,1790215643251,PONSUSDT,Buy,86,0.6106,"{""T"":1790215643251,""s"":""PONSUSDT"",""S"":""Buy"",""v"":""86"",""p"":""0.6106""}"
2026-09-24T02:07:24.329997Z,1790215643914,PONSUSDT,Buy,273,0.6114,"{""T"":1790215643914,""s"":""PONSUSDT"",""S"":""Buy"",""v"":""273"",""p"":""0.6114""}"
2026-09-24T02:07:29.340660Z,1790215649182,NILUSDT,Sell,35951,0.13482,"{""T"":1790215649182,""s"":""NILUSDT"",""S"":""Sell"",""v"":""35951"",""p"":""0.13482""}"
2026-09-24T02:07:34.497973Z,1790215654008,B3USDT,Buy,13700,0.0006622,"{""T"":1790215654008,""s"":""B3USDT"",""S"":""Buy"",""v"":""13700"",""p"":""0.0006622""}"
2026-09-24T02:07:35.415875Z,1790215654984,ADAUSDT,Buy,8708,0.2337,"{""T"":1790215654984,""s"":""ADAUSDT"",""S"":""Buy"",""v"":""8708"",""p"":""0.2337""}"
2026-09-24T02:07:40.830502Z,1790215660645,PONSUSDT,Buy,117,0.6083,"{""T"":1790215660645,""s"":""PONSUSDT"",""S"":""Buy"",""v"":""117"",""p"":""0.6083""}"
2026-09-24T02:07:41.330340Z,1790215660867,PONSUSDT,Buy,132,0.6080,"{""T"":1790215660867,""s"":""PONSUSDT"",""S"":""Buy"",""v"":""132"",""p"":""0.6080""}"
2026-09-24T02:07:41.330340Z,1790215661090,PONSUSDT,Buy,1983,0.6091,"{""T"":1790215661090,""s"":""PONSUSDT"",""S"":""Buy"",""v"":""1983"",""p"":""0.6091""}"
2026-09-24T02:07:55.567734Z,1790215675293,BTCUSDT,Buy,0.001,83614.50,"{""T"":1790215675293,""s"":""BTCUSDT"",""S"":""Buy"",""v"":""0.001"",""p"":""83614.50""}"
2026-09-24T02:07:56.567387Z,1790215676116,BTCUSDT,Buy,0.011,83603.80,"{""T"":1790215676116,""s"":""BTCUSDT"",""S"":""Buy"",""v"":""0.011"",""p"":""83603.80""}"
2026-09-24T02:07:56.567387Z,1790215676116,BTCUSDT,Buy,0.072,83578.90,"{""T"":1790215676116,""s"":""BTCUSDT"",""S"":""Buy"",""v"":""0.072"",""p"":""83578.90""}"
2026-09-24T02:07:56.567387Z,1790215676126,BTCUSDT,Buy,0.047,83570.30,"{""T"":1790215676126,""s"":""BTCUSDT"",""S"":""Buy"",""v"":""0.047"",""p"":""83570.30""}"
2026-09-24T02:07:56.567387Z,1790215676176,BTCUSDT,Buy,0.001,83583.60,"{""T"":1790215676176,""s"":""BTCUSDT"",""S"":""Buy"",""v"":""0.001"",""p"":""83583.60""}"
2026-09-24T02:07:56.567387Z,1790215676180,BTCUSDT,Buy,0.237,83595.70,"{""T"":1790215676180,""s"":""BTCUSDT"",""S"":""Buy"",""v"":""0.237"",""p"":""83595.70""}"
2026-09-24T02:07:56.567387Z,1790215676187,BTCUSDT,Buy,0.006,83573.40,"{""T"":1790215676187,""s"":""BTCUSDT"",""S"":""Buy"",""v"":""0.006"",""p"":""83573.40""}"
2026-09-24T02:07:56.567387Z,1790215676378,BTCUSDT,Buy,0.213,83578.70,"{""T"":1790215676378,""s"":""BTCUSDT"",""S"":""Buy"",""v"":""0.213"",""p"":""83578.70""}"
2026-09-24T02:07:56.567387Z,1790215676409,BTCUSDT,Buy,0.474,83586.40,"{""T"":1790215676409,""s"":""BTCUSDT"",""S"":""Buy"",""v"":""0.474"",""p"":""83586.40""}"
2026-09-24T02:07:56.814942Z,1790215676699,HYPEUSDT,Buy,54.37,91.100,"{""T"":1790215676699,""s"":""HYPEUSDT"",""S"":""Buy"",""v"":""54.37"",""p"":""91.100""}"
2026-09-24T02:07:57.067396Z,1790215676488,BTCUSDT,Buy,0.017,83584.00,"{""T"":1790215676488,""s"":""BTCUSDT"",""S"":""Buy"",""v"":""0.017"",""p"":""83584.00""}"
2026-09-24T02:07:57.067396Z,1790215676523,BTCUSDT,Buy,0.026,83569.20,"{""T"":1790215676523,""s"":""BTCUSDT"",""S"":""Buy"",""v"":""0.026"",""p"":""83569.20""}"
2026-09-24T02:07:57.067396Z,1790215676625,BTCUSDT,Buy,0.004,83597.00,"{""T"":1790215676625,""s"":""BTCUSDT"",""S"":""Buy"",""v"":""0.004"",""p"":""83597.00""}"
2026-09-24T02:07:57.567288Z,1790215676991,BTCUSDT,Buy,0.001,83586.70,"{""T"":1790215676991,""s"":""BTCUSDT"",""S"":""Buy"",""v"":""0.001"",""p"":""83586.70""}"
2026-09-24T02:07:57.567288Z,1790215677147,BTCUSDT,Buy,0.008,83557.60,"{""T"":1790215677147,""s"":""BTCUSDT"",""S"":""Buy"",""v"":""0.008"",""p"":""83557.60""}"
2026-09-24T02:07:57.567288Z,1790215677446,BTCUSDT,Buy,0.013,83556.70,"{""T"":1790215677446,""s"":""BTCUSDT"",""S"":""Buy"",""v"":""0.013"",""p"":""83556.70""}"
2026-09-24T02:07:57.814705Z,1790215677483,HYPEUSDT,Buy,33.97,91.090,"{""T"":1790215677483,""s"":""HYPEUSDT"",""S"":""Buy"",""v"":""33.97"",""p"":""91.090""}"
2026-09-24T02:07:57.957133Z,1790215677719,ETHUSDT,Buy,0.49,2657.86,"{""T"":1790215677719,""s"":""ETHUSDT"",""S"":""Buy"",""v"":""0.49"",""p"":""2657.86""}"
2026-09-24T02:07:58.067542Z,1790215677818,BTCUSDT,Buy,0.010,83555.70,"{""T"":1790215677818,""s"":""BTCUSDT"",""S"":""Buy"",""v"":""0.010"",""p"":""83555.70""}"
2026-09-24T02:07:58.067542Z,1790215677893,BTCUSDT,Buy,0.001,83556.80,"{""T"":1790215677893,""s"":""BTCUSDT"",""S"":""Buy"",""v"":""0.001"",""p"":""83556.80""}"
2026-09-24T02:07:58.067542Z,1790215677967,BTCUSDT,Buy,0.001,83531.20,"{""T"":1790215677967,""s"":""BTCUSDT"",""S"":""Buy"",""v"":""0.001"",""p"":""83531.20""}"
2026-09-24T02:07:58.637177Z,1790215678053,STRKUSDT,Buy,1515.5,0.03745,"{""T"":1790215678053,""s"":""STRKUSDT"",""S"":""Buy"",""v"":""1515.5"",""p"":""0.03745""}"
2026-09-24T02:07:58.915577Z,1790215678814,ADAUSDT,Buy,29,0.2335,"{""T"":1790215678814,""s"":""ADAUSDT"",""S"":""Buy"",""v"":""29"",""p"":""0.2335""}"
2026-09-24T02:07:58.957019Z,1790215678443,ETHUSDT,Buy,0.01,2658.66,"{""T"":1790215678443,""s"":""ETHUSDT"",""S"":""Buy"",""v"":""0.01"",""p"":""2658.66""}"
2026-09-24T02:07:58.957019Z,1790215678493,ETHUSDT,Buy,0.56,2657.88,"{""T"":1790215678493,""s"":""ETHUSDT"",""S"":""Buy"",""v"":""0.56"",""p"":""2657.88""}"
2026-09-24T02:07:59.064245Z,1790215678848,SOLUSDT,Buy,7.6,113.530,"{""T"":1790215678848,""s"":""SOLUSDT"",""S"":""Buy"",""v"":""7.6"",""p"":""113.530""}"
2026-09-24T02:07:59.067448Z,1790215678527,BTCUSDT,Buy,0.129,83550.90,"{""T"":1790215678527,""s"":""BTCUSDT"",""S"":""Buy"",""v"":""0.129"",""p"":""83550.90""}"
2026-09-24T02:07:59.067448Z,1790215678528,BTCUSDT,Buy,0.017,83528.10,"{""T"":1790215678528,""s"":""BTCUSDT"",""S"":""Buy"",""v"":""0.017"",""p"":""83528.10""}"
2026-09-24T02:07:59.067448Z,1790215678537,BTCUSDT,Buy,0.014,83551.20,"{""T"":1790215678537,""s"":""BTCUSDT"",""S"":""Buy"",""v"":""0.014"",""p"":""83551.20""}"
2026-09-24T02:07:59.067448Z,1790215678577,BTCUSDT,Buy,0.012,83532.00,"{""T"":1790215678577,""s"":""BTCUSDT"",""S"":""Buy"",""v"":""0.012"",""p"":""83532.00""}"
2026-09-24T02:07:59.067448Z,1790215678582,BTCUSDT,Buy,0.100,83531.70,"{""T"":1790215678582,""s"":""BTCUSDT"",""S"":""Buy"",""v"":""0.100"",""p"":""83531.70""}"
2026-09-24T02:07:59.067448Z,1790215678827,BTCUSDT,Buy,1.012,83518.00,"{""T"":1790215678827,""s"":""BTCUSDT"",""S"":""Buy"",""v"":""1.012"",""p"":""83518.00""}"
2026-09-24T02:07:59.067448Z,1790215678840,BTCUSDT,Buy,0.003,83505.20,"{""T"":1790215678840,""s"":""BTCUSDT"",""S"":""Buy"",""v"":""0.003"",""p"":""83505.20""}"
2026-09-24T02:07:59.567424Z,1790215679416,BTCUSDT,Buy,0.314,83518.90,"{""T"":1790215679416,""s"":""BTCUSDT"",""S"":""Buy"",""v"":""0.314"",""p"":""83518.90""}"
2026-09-24T02:07:59.957407Z,1790215679564,ETHUSDT,Buy,0.36,2657.32,"{""T"":1790215679564,""s"":""ETHUSDT"",""S"":""Buy"",""v"":""0.36"",""p"":""2657.32""}"
2026-09-24T02:08:00.064702Z,1790215679744,SOLUSDT,Buy,39.5,113.490,"{""T"":1790215679744,""s"":""SOLUSDT"",""S"":""Buy"",""v"":""39.5"",""p"":""113.490""}"
2026-09-24T02:08:00.067265Z,1790215679564,BTCUSDT,Buy,0.005,83507.40,"{""T"":1790215679564,""s"":""BTCUSDT"",""S"":""Buy"",""v"":""0.005"",""p"":""83507.40""}"
2026-09-24T02:08:00.067265Z,1790215679652,BTCUSDT,Buy,0.007,83506.60,"{""T"":1790215679652,""s"":""BTCUSDT"",""S"":""Buy"",""v"":""0.007"",""p"":""83506.60""}"
2026-09-24T02:08:00.067265Z,1790215679662,BTCUSDT,Buy,0.012,83521.00,"{""T"":1790215679662,""s"":""BTCUSDT"",""S"":""Buy"",""v"":""0.012"",""p"":""83521.00""}"
2026-09-24T02:08:00.067265Z,1790215679722,BTCUSDT,Buy,0.096,83510.20,"{""T"":1790215679722,""s"":""BTCUSDT"",""S"":""Buy"",""v"":""0.096"",""p"":""83510.20""}"
2026-09-24T02:08:06.987991Z,1790215686648,XAGUSDT,Buy,20.548,63.58,"{""T"":1790215686648,""s"":""XAGUSDT"",""S"":""Buy"",""v"":""20.548"",""p"":""63.58""}"
2026-09-24T02:08:08.314855Z,1790215687768,HYPEUSDT,Buy,3.26,91.070,"{""T"":1790215687768,""s"":""HYPEUSDT"",""S"":""Buy"",""v"":""3.26"",""p"":""91.070""}"
2026-09-24T02:08:22.458054Z,1790215701883,ETHUSDT,Buy,0.16,2656.24,"{""T"":1790215701883,""s"":""ETHUSDT"",""S"":""Buy"",""v"":""0.16"",""p"":""2656.24""}"
2026-09-24T02:08:22.839411Z,1790215702559,XRPUSDT,Buy,18.8,1.4764,"{""T"":1790215702559,""s"":""XRPUSDT"",""S"":""Buy"",""v"":""18.8"",""p"":""1.4764""}"
2026-09-24T02:08:23.457177Z,1790215703011,ETHUSDT,Buy,0.10,2656.02,"{""T"":1790215703011,""s"":""ETHUSDT"",""S"":""Buy"",""v"":""0.10"",""p"":""2656.02""}"
2026-09-24T02:08:23.957696Z,1790215703693,ETHUSDT,Buy,0.31,2655.32,"{""T"":1790215703693,""s"":""ETHUSDT"",""S"":""Buy"",""v"":""0.31"",""p"":""2655.32""}"
2026-09-24T02:08:24.568268Z,1790215704390,BTCUSDT,Buy,0.003,83490.30,"{""T"":1790215704390,""s"":""BTCUSDT"",""S"":""Buy"",""v"":""0.003"",""p"":""83490.30""}"
2026-09-24T02:08:24.909460Z,1790215704434,HBARUSDT,Buy,6031,0.08843,"{""T"":1790215704434,""s"":""HBARUSDT"",""S"":""Buy"",""v"":""6031"",""p"":""0.08843""}"
2026-09-24T02:08:25.068512Z,1790215704639,BTCUSDT,Buy,0.002,83504.20,"{""T"":1790215704639,""s"":""BTCUSDT"",""S"":""Buy"",""v"":""0.002"",""p"":""83504.20""}"
2026-09-24T02:08:25.564178Z,1790215705398,SOLUSDT,Buy,20.0,113.450,"{""T"":1790215705398,""s"":""SOLUSDT"",""S"":""Buy"",""v"":""20.0"",""p"":""113.450""}"
2026-09-24T02:08:25.815063Z,1790215705398,ASTERUSDT,Buy,2000,0.6872,"{""T"":1790215705398,""s"":""ASTERUSDT"",""S"":""Buy"",""v"":""2000"",""p"":""0.6872""}"
2026-09-24T02:08:25.839279Z,1790215705385,XRPUSDT,Buy,6000.0,1.4754,"{""T"":1790215705385,""s"":""XRPUSDT"",""S"":""Buy"",""v"":""6000.0"",""p"":""1.4754""}"
2026-09-24T02:08:25.915421Z,1790215705398,ZECUSDT,Buy,1.00,1479.70,"{""T"":1790215705398,""s"":""ZECUSDT"",""S"":""Buy"",""v"":""1.00"",""p"":""1479.70""}"
2026-09-24T02:08:25.957374Z,1790215705397,ETHUSDT,Buy,2.00,2655.32,"{""T"":1790215705397,""s"":""ETHUSDT"",""S"":""Buy"",""v"":""2.00"",""p"":""2655.32""}"
2026-09-24T02:08:26.067591Z,1790215705756,BTCUSDT,Buy,0.010,83489.90,"{""T"":1790215705756,""s"":""BTCUSDT"",""S"":""Buy"",""v"":""0.010"",""p"":""83489.90""}"
2026-09-24T02:08:26.498532Z,1790215706359,DASHUSDT,Buy,2.66,56.39,"{""T"":1790215706359,""s"":""DASHUSDT"",""S"":""Buy"",""v"":""2.66"",""p"":""56.39""}"
2026-09-24T02:08:26.860986Z,1790215706571,WLDUSDT,Buy,3748.8,0.3969,"{""T"":1790215706571,""s"":""WLDUSDT"",""S"":""Buy"",""v"":""3748.8"",""p"":""0.3969""}"
2026-09-24T02:08:27.067502Z,1790215706594,BTCUSDT,Buy,0.081,83484.90,"{""T"":1790215706594,""s"":""BTCUSDT"",""S"":""Buy"",""v"":""0.081"",""p"":""83484.90""}"
2026-09-24T02:08:40.498680Z,1790215719952,B3USDT,Buy,112000,0.0006624,"{""T"":1790215719952,""s"":""B3USDT"",""S"":""Buy"",""v"":""112000"",""p"":""0.0006624""}"
2026-09-24T02:08:49.915909Z,1790215729804,DOGEUSDT,Buy,3298,0.09131,"{""T"":1790215729804,""s"":""DOGEUSDT"",""S"":""Buy"",""v"":""3298"",""p"":""0.09131""}"
2026-09-24T02:09:03.314894Z,1790215743224,HYPEUSDT,Buy,1.93,90.940,"{""T"":1790215743224,""s"":""HYPEUSDT"",""S"":""Buy"",""v"":""1.93"",""p"":""90.940""}"
2026-09-24T02:09:31.567879Z,1790215771132,BTCUSDT,Buy,0.066,83470.00,"{""T"":1790215771132,""s"":""BTCUSDT"",""S"":""Buy"",""v"":""0.066"",""p"":""83470.00""}"
2026-09-24T02:09:31.567879Z,1790215771295,BTCUSDT,Buy,0.005,83470.40,"{""T"":1790215771295,""s"":""BTCUSDT"",""S"":""Buy"",""v"":""0.005"",""p"":""83470.40""}"
2026-09-24T02:09:31.567879Z,1790215771336,BTCUSDT,Buy,0.001,83474.80,"{""T"":1790215771336,""s"":""BTCUSDT"",""S"":""Buy"",""v"":""0.001"",""p"":""83474.80""}"
2026-09-24T02:09:32.067660Z,1790215771500,BTCUSDT,Buy,0.004,83470.50,"{""T"":1790215771500,""s"":""BTCUSDT"",""S"":""Buy"",""v"":""0.004"",""p"":""83470.50""}"
2026-09-24T02:09:32.067660Z,1790215771643,BTCUSDT,Buy,0.019,83468.80,"{""T"":1790215771643,""s"":""BTCUSDT"",""S"":""Buy"",""v"":""0.019"",""p"":""83468.80""}"
2026-09-24T02:09:33.849552Z,1790215773268,XLMUSDT,Buy,114,0.19710,"{""T"":1790215773268,""s"":""XLMUSDT"",""S"":""Buy"",""v"":""114"",""p"":""0.19710""}"
2026-09-24T02:10:01.814949Z,1790215801415,TRUMPUSDT,Buy,227.9,1.914,"{""T"":1790215801415,""s"":""TRUMPUSDT"",""S"":""Buy"",""v"":""227.9"",""p"":""1.914""}"
2026-09-24T02:10:56.909927Z,1790215856670,KORUUSDT,Buy,2.00,20.72,"{""T"":1790215856670,""s"":""KORUUSDT"",""S"":""Buy"",""v"":""2.00"",""p"":""20.72""}"
2026-09-24T02:11:21.067718Z,1790215880622,BTCUSDT,Buy,0.032,83464.70,"{""T"":1790215880622,""s"":""BTCUSDT"",""S"":""Buy"",""v"":""0.032"",""p"":""83464.70""}"
2026-09-24T02:11:21.567322Z,1790215881171,BTCUSDT,Buy,0.024,83459.50,"{""T"":1790215881171,""s"":""BTCUSDT"",""S"":""Buy"",""v"":""0.024"",""p"":""83459.50""}"
2026-09-24T02:11:22.067206Z,1790215881632,BTCUSDT,Buy,0.080,83459.70,"{""T"":1790215881632,""s"":""BTCUSDT"",""S"":""Buy"",""v"":""0.080"",""p"":""83459.70""}"
2026-09-24T02:11:22.567384Z,1790215882023,BTCUSDT,Buy,0.088,83457.90,"{""T"":1790215882023,""s"":""BTCUSDT"",""S"":""Buy"",""v"":""0.088"",""p"":""83457.90""}"
2026-09-24T02:11:24.067480Z,1790215883585,BTCUSDT,Buy,0.020,83454.00,"{""T"":1790215883585,""s"":""BTCUSDT"",""S"":""Buy"",""v"":""0.020"",""p"":""83454.00""}"
2026-09-24T02:11:24.067480Z,1790215883832,BTCUSDT,Buy,0.095,83456.40,"{""T"":1790215883832,""s"":""BTCUSDT"",""S"":""Buy"",""v"":""0.095"",""p"":""83456.40""}"
2026-09-24T02:11:40.567767Z,1790215900357,BTCUSDT,Buy,0.003,83431.00,"{""T"":1790215900357,""s"":""BTCUSDT"",""S"":""Buy"",""v"":""0.003"",""p"":""83431.00""}"
2026-09-24T02:11:59.067613Z,1790215918795,BTCUSDT,Buy,1.500,83428.30,"{""T"":1790215918795,""s"":""BTCUSDT"",""S"":""Buy"",""v"":""1.500"",""p"":""83428.30""}"
2026-09-24T02:12:13.517729Z,1790215933418,NEARUSDT,Sell,116.7,4.3750,"{""T"":1790215933418,""s"":""NEARUSDT"",""S"":""Sell"",""v"":""116.7"",""p"":""4.3750""}"
2026-09-24T02:12:13.849733Z,1790215933418,MARSCOINUSDT,Buy,1930,0.12421,"{""T"":1790215933418,""s"":""MARSCOINUSDT"",""S"":""Buy"",""v"":""1930"",""p"":""0.12421""}"
2026-09-24T02:13:04.318705Z,1790215984056,NILUSDT,Sell,2322,0.13515,"{""T"":1790215984056,""s"":""NILUSDT"",""S"":""Sell"",""v"":""2322"",""p"":""0.13515""}"
2026-09-24T02:13:14.826842Z,1790215994392,POLUSDT,Sell,1251,0.10146,"{""T"":1790215994392,""s"":""POLUSDT"",""S"":""Sell"",""v"":""1251"",""p"":""0.10146""}"
2026-09-24T02:13:19.017200Z,1790215998617,NEARUSDT,Sell,288.8,4.4010,"{""T"":1790215998617,""s"":""NEARUSDT"",""S"":""Sell"",""v"":""288.8"",""p"":""4.4010""}"
2026-09-24T02:14:55.517849Z,1790216094934,NEARUSDT,Sell,353.4,4.4140,"{""T"":1790216094934,""s"":""NEARUSDT"",""S"":""Sell"",""v"":""353.4"",""p"":""4.4140""}"
2026-09-24T02:15:22.419210Z,1790216122129,ZECUSDT,Sell,0.46,1517.96,"{""T"":1790216122129,""s"":""ZECUSDT"",""S"":""Sell"",""v"":""0.46"",""p"":""1517.96""}"
2026-09-24T02:15:30.915930Z,1790216130358,ADAUSDT,Sell,648,0.2385,"{""T"":1790216130358,""s"":""ADAUSDT"",""S"":""Sell"",""v"":""648"",""p"":""0.2385""}"
2026-09-24T02:15:32.488205Z,1790216132340,ZROUSDT,Sell,41.4,1.5701,"{""T"":1790216132340,""s"":""ZROUSDT"",""S"":""Sell"",""v"":""41.4"",""p"":""1.5701""}"
2026-09-24T02:15:58.518112Z,1790216158239,NEARUSDT,Sell,19.6,4.4180,"{""T"":1790216158239,""s"":""NEARUSDT"",""S"":""Sell"",""v"":""19.6"",""p"":""4.4180""}"
2026-09-24T02:16:07.017377Z,1790216166545,NEARUSDT,Sell,192.0,4.4220,"{""T"":1790216166545,""s"":""NEARUSDT"",""S"":""Sell"",""v"":""192.0"",""p"":""4.4220""}"
2026-09-24T02:16:08.457994Z,1790216167913,ETHUSDT,Sell,0.27,2687.30,"{""T"":1790216167913,""s"":""ETHUSDT"",""S"":""Sell"",""v"":""0.27"",""p"":""2687.30""}"
2026-09-24T02:16:30.458088Z,1790216189891,ETHUSDT,Sell,0.07,2687.89,"{""T"":1790216189891,""s"":""ETHUSDT"",""S"":""Sell"",""v"":""0.07"",""p"":""2687.89""}"
2026-09-24T02:16:32.067613Z,1790216191727,BTCUSDT,Sell,0.024,84362.00,"{""T"":1790216191727,""s"":""BTCUSDT"",""S"":""Sell"",""v"":""0.024"",""p"":""84362.00""}"
2026-09-24T02:16:40.517513Z,1790216199955,NEARUSDT,Sell,112.0,4.4280,"{""T"":1790216199955,""s"":""NEARUSDT"",""S"":""Sell"",""v"":""112.0"",""p"":""4.4280""}"
2026-09-24T02:17:53.517571Z,1790216273240,LTCUSDT,Sell,1.4,62.87,"{""T"":1790216273240,""s"":""LTCUSDT"",""S"":""Sell"",""v"":""1.4"",""p"":""62.87""}"
2026-09-24T02:18:02.017681Z,1790216281523,LTCUSDT,Sell,12.6,62.90,"{""T"":1790216281523,""s"":""LTCUSDT"",""S"":""Sell"",""v"":""12.6"",""p"":""62.90""}"
2026-09-24T02:18:09.017974Z,1790216288509,LTCUSDT,Sell,2.3,62.96,"{""T"":1790216288509,""s"":""LTCUSDT"",""S"":""Sell"",""v"":""2.3"",""p"":""62.96""}"
2026-09-24T02:18:09.360841Z,1790216289216,APTUSDT,Sell,153.43,0.7707,"{""T"":1790216289216,""s"":""APTUSDT"",""S"":""Sell"",""v"":""153.43"",""p"":""0.7707""}"
2026-09-24T02:18:10.517212Z,1790216290040,LTCUSDT,Sell,1.1,62.99,"{""T"":1790216290040,""s"":""LTCUSDT"",""S"":""Sell"",""v"":""1.1"",""p"":""62.99""}"
2026-09-24T02:18:22.988200Z,1790216302821,ZROUSDT,Sell,229.8,1.5833,"{""T"":1790216302821,""s"":""ZROUSDT"",""S"":""Sell"",""v"":""229.8"",""p"":""1.5833""}"
2026-09-24T02:19:05.518151Z,1790216345392,LTCUSDT,Sell,2.4,63.31,"{""T"":1790216345392,""s"":""LTCUSDT"",""S"":""Sell"",""v"":""2.4"",""p"":""63.31""}"
2026-09-24T02:19:08.349254Z,1790216347907,WIFUSDT,Sell,1464,0.24310,"{""T"":1790216347907,""s"":""WIFUSDT"",""S"":""Sell"",""v"":""1464"",""p"":""0.24310""}"
2026-09-24T02:19:08.415466Z,1790216348091,UNIUSDT,Sell,8.4,9.495,"{""T"":1790216348091,""s"":""UNIUSDT"",""S"":""Sell"",""v"":""8.4"",""p"":""9.495""}"
2026-09-24T02:19:15.493390Z,1790216355204,OPUSDT,Sell,19353.6,0.12628,"{""T"":1790216355204,""s"":""OPUSDT"",""S"":""Sell"",""v"":""19353.6"",""p"":""0.12628""}"
2026-09-24T02:19:22.497972Z,1790216361999,LINKUSDT,Sell,13.6,12.399,"{""T"":1790216361999,""s"":""LINKUSDT"",""S"":""Sell"",""v"":""13.6"",""p"":""12.399""}"
2026-09-24T02:19:32.415744Z,1790216372299,ADAUSDT,Sell,349,0.2397,"{""T"":1790216372299,""s"":""ADAUSDT"",""S"":""Sell"",""v"":""349"",""p"":""0.2397""}"
2026-09-24T02:19:32.517421Z,1790216372299,LTCUSDT,Sell,1.9,63.35,"{""T"":1790216372299,""s"":""LTCUSDT"",""S"":""Sell"",""v"":""1.9"",""p"":""63.35""}"
2026-09-24T02:19:51.852591Z,1790216391752,WIFUSDT,Sell,126,0.24370,"{""T"":1790216391752,""s"":""WIFUSDT"",""S"":""Sell"",""v"":""126"",""p"":""0.24370""}"
2026-09-24T02:20:04.418789Z,1790216404074,ZECUSDT,Sell,0.01,1524.09,"{""T"":1790216404074,""s"":""ZECUSDT"",""S"":""Sell"",""v"":""0.01"",""p"":""1524.09""}"
2026-09-24T02:22:01.988173Z,1790216521818,BTWUSDT,Sell,2400,1.13013,"{""T"":1790216521818,""s"":""BTWUSDT"",""S"":""Sell"",""v"":""2400"",""p"":""1.13013""}"
2026-09-24T02:22:02.487973Z,1790216521912,BTWUSDT,Sell,9310,1.13174,"{""T"":1790216521912,""s"":""BTWUSDT"",""S"":""Sell"",""v"":""9310"",""p"":""1.13174""}"
2026-09-24T02:22:02.487973Z,1790216522350,BTWUSDT,Sell,1280,1.13309,"{""T"":1790216522350,""s"":""BTWUSDT"",""S"":""Sell"",""v"":""1280"",""p"":""1.13309""}"
2026-09-24T02:24:08.498045Z,1790216648257,INJUSDT,Sell,2.3,8.0270,"{""T"":1790216648257,""s"":""INJUSDT"",""S"":""Sell"",""v"":""2.3"",""p"":""8.0270""}"
2026-09-24T02:24:42.909742Z,1790216682330,LSKUSDT,Sell,70.4,0.37184,"{""T"":1790216682330,""s"":""LSKUSDT"",""S"":""Sell"",""v"":""70.4"",""p"":""0.37184""}"
2026-09-24T02:24:48.909839Z,1790216688802,LSKUSDT,Sell,294.3,0.37276,"{""T"":1790216688802,""s"":""LSKUSDT"",""S"":""Sell"",""v"":""294.3"",""p"":""0.37276""}"
2026-09-24T02:24:49.409235Z,1790216689155,LSKUSDT,Sell,3608.5,0.37289,"{""T"":1790216689155,""s"":""LSKUSDT"",""S"":""Sell"",""v"":""3608.5"",""p"":""0.37289""}"
2026-09-24T02:25:34.909937Z,1790216734337,LSKUSDT,Sell,599.8,0.37627,"{""T"":1790216734337,""s"":""LSKUSDT"",""S"":""Sell"",""v"":""599.8"",""p"":""0.37627""}"
2026-09-24T02:25:34.909937Z,1790216734432,LSKUSDT,Sell,192.9,0.37614,"{""T"":1790216734432,""s"":""LSKUSDT"",""S"":""Sell"",""v"":""192.9"",""p"":""0.37614""}"
2026-09-24T02:25:47.909705Z,1790216747621,LSKUSDT,Sell,618.3,0.37934,"{""T"":1790216747621,""s"":""LSKUSDT"",""S"":""Sell"",""v"":""618.3"",""p"":""0.37934""}"
2026-09-24T02:30:18.498339Z,1790217018257,SPXUSDT,Buy,7000,0.4263,"{""T"":1790217018257,""s"":""SPXUSDT"",""S"":""Buy"",""v"":""7000"",""p"":""0.4263""}"
2026-09-24T02:30:18.517321Z,1790217018257,LTCUSDT,Sell,78.7,63.45,"{""T"":1790217018257,""s"":""LTCUSDT"",""S"":""Sell"",""v"":""78.7"",""p"":""63.45""}"
2026-09-24T02:30:18.826857Z,1790217018257,FARTCOINUSDT,Sell,10094,0.18708,"{""T"":1790217018257,""s"":""FARTCOINUSDT"",""S"":""Sell"",""v"":""10094"",""p"":""0.18708""}"
2026-09-24T02:31:26.988149Z,1790217086732,XAUUSDT,Sell,0.763,4310.54,"{""T"":1790217086732,""s"":""XAUUSDT"",""S"":""Sell"",""v"":""0.763"",""p"":""4310.54""}"
2026-09-24T02:32:13.488667Z,1790217132957,ZROUSDT,Sell,3.5,1.6017,"{""T"":1790217132957,""s"":""ZROUSDT"",""S"":""Sell"",""v"":""3.5"",""p"":""1.6017""}"
2026-09-24T02:32:15.636539Z,1790217135184,STRKUSDT,Sell,34070.9,0.03998,"{""T"":1790217135184,""s"":""STRKUSDT"",""S"":""Sell"",""v"":""34070.9"",""p"":""0.03998""}"
2026-09-24T02:32:17.563752Z,1790217137334,FILUSDT,Sell,475.9,0.9633,"{""T"":1790217137334,""s"":""FILUSDT"",""S"":""Sell"",""v"":""475.9"",""p"":""0.9633""}"
2026-09-24T02:32:53.326639Z,1790217173077,ENAUSDT,Sell,4300,0.20981,"{""T"":1790217173077,""s"":""ENAUSDT"",""S"":""Sell"",""v"":""4300"",""p"":""0.20981""}"
2026-09-24T02:33:24.518023Z,1790217204114,LTCUSDT,Sell,17.5,63.65,"{""T"":1790217204114,""s"":""LTCUSDT"",""S"":""Sell"",""v"":""17.5"",""p"":""63.65""}"
2026-09-24T02:33:26.415975Z,1790217206224,ADAUSDT,Sell,4006,0.2403,"{""T"":1790217206224,""s"":""ADAUSDT"",""S"":""Sell"",""v"":""4006"",""p"":""0.2403""}"
2026-09-24T02:33:45.918635Z,1790217225541,UNIUSDT,Sell,0.6,9.500,"{""T"":1790217225541,""s"":""UNIUSDT"",""S"":""Sell"",""v"":""0.6"",""p"":""9.500""}"
2026-09-24T02:34:06.915673Z,1790217246705,ZECUSDT,Sell,4.38,1525.97,"{""T"":1790217246705,""s"":""ZECUSDT"",""S"":""Sell"",""v"":""4.38"",""p"":""1525.97""}"
2026-09-24T02:34:53.833579Z,1790217293424,SAGAUSDT,Buy,4308.7,0.045353,"{""T"":1790217293424,""s"":""SAGAUSDT"",""S"":""Buy"",""v"":""4308.7"",""p"":""0.045353""}"
2026-09-24T02:35:23.498550Z,1790217323378,SPXUSDT,Buy,221,0.4188,"{""T"":1790217323378,""s"":""SPXUSDT"",""S"":""Buy"",""v"":""221"",""p"":""0.4188""}"
2026-09-24T02:35:23.997807Z,1790217323441,SPXUSDT,Buy,13464,0.4190,"{""T"":1790217323441,""s"":""SPXUSDT"",""S"":""Buy"",""v"":""13464"",""p"":""0.4190""}"
2026-09-24T02:35:23.997807Z,1790217323745,SPXUSDT,Buy,7758,0.4184,"{""T"":1790217323745,""s"":""SPXUSDT"",""S"":""Buy"",""v"":""7758"",""p"":""0.4184""}"
2026-09-24T02:35:23.997807Z,1790217323771,SPXUSDT,Buy,10549,0.4186,"{""T"":1790217323771,""s"":""SPXUSDT"",""S"":""Buy"",""v"":""10549"",""p"":""0.4186""}"
2026-09-24T02:35:24.497587Z,1790217324083,SPXUSDT,Buy,107,0.4190,"{""T"":1790217324083,""s"":""SPXUSDT"",""S"":""Buy"",""v"":""107"",""p"":""0.4190""}"
2026-09-24T02:35:57.830680Z,1790217357608,SAGAUSDT,Buy,8296.0,0.045028,"{""T"":1790217357608,""s"":""SAGAUSDT"",""S"":""Buy"",""v"":""8296.0"",""p"":""0.045028""}"
2026-09-24T02:36:09.640003Z,1790217369370,AKEUSDT,Buy,8000,0.0413300,"{""T"":1790217369370,""s"":""AKEUSDT"",""S"":""Buy"",""v"":""8000"",""p"":""0.0413300""}"
2026-09-24T02:36:11.136456Z,1790217370934,AKEUSDT,Buy,118300,0.0412890,"{""T"":1790217370934,""s"":""AKEUSDT"",""S"":""Buy"",""v"":""118300"",""p"":""0.0412890""}"
2026-09-24T02:36:36.830463Z,1790217396664,SAGAUSDT,Buy,91.4,0.044534,"{""T"":1790217396664,""s"":""SAGAUSDT"",""S"":""Buy"",""v"":""91.4"",""p"":""0.044534""}"
2026-09-24T02:36:52.636883Z,1790217412255,AKEUSDT,Buy,20500,0.0411820,"{""T"":1790217412255,""s"":""AKEUSDT"",""S"":""Buy"",""v"":""20500"",""p"":""0.0411820""}"
2026-09-24T02:37:41.330136Z,1790217460748,SAGAUSDT,Buy,19345.0,0.044376,"{""T"":1790217460748,""s"":""SAGAUSDT"",""S"":""Buy"",""v"":""19345.0"",""p"":""0.044376""}"
2026-09-24T02:38:15.064640Z,1790217494945,BNBUSDT,Sell,0.02,775.60,"{""T"":1790217494945,""s"":""BNBUSDT"",""S"":""Sell"",""v"":""0.02"",""p"":""775.60""}"
2026-09-24T02:38:19.063827Z,1790217498846,BNBUSDT,Sell,1.20,775.80,"{""T"":1790217498846,""s"":""BNBUSDT"",""S"":""Sell"",""v"":""1.20"",""p"":""775.80""}"
2026-09-24T02:38:24.518198Z,1790217504277,LTCUSDT,Sell,76.6,64.03,"{""T"":1790217504277,""s"":""LTCUSDT"",""S"":""Sell"",""v"":""76.6"",""p"":""64.03""}"
2026-09-24T02:38:52.412953Z,1790217532243,LSKUSDT,Buy,179.4,0.35309,"{""T"":1790217532243,""s"":""LSKUSDT"",""S"":""Buy"",""v"":""179.4"",""p"":""0.35309""}"
2026-09-24T02:38:52.909460Z,1790217532526,LSKUSDT,Buy,210.0,0.35483,"{""T"":1790217532526,""s"":""LSKUSDT"",""S"":""Buy"",""v"":""210.0"",""p"":""0.35483""}"
2026-09-24T02:38:52.909460Z,1790217532659,LSKUSDT,Buy,170.7,0.35374,"{""T"":1790217532659,""s"":""LSKUSDT"",""S"":""Buy"",""v"":""170.7"",""p"":""0.35374""}"
2026-09-24T02:38:53.409247Z,1790217533022,LSKUSDT,Buy,1035.7,0.35357,"{""T"":1790217533022,""s"":""LSKUSDT"",""S"":""Buy"",""v"":""1035.7"",""p"":""0.35357""}"
2026-09-24T02:39:02.409624Z,1790217542195,LSKUSDT,Buy,42.7,0.35271,"{""T"":1790217542195,""s"":""LSKUSDT"",""S"":""Buy"",""v"":""42.7"",""p"":""0.35271""}"
2026-09-24T02:39:02.414961Z,1790217542195,ZECUSDT,Buy,0.01,1504.11,"{""T"":1790217542195,""s"":""ZECUSDT"",""S"":""Buy"",""v"":""0.01"",""p"":""1504.11""}"
2026-09-24T02:39:17.520821Z,1790217556944,LTCUSDT,Sell,3.6,64.31,"{""T"":1790217556944,""s"":""LTCUSDT"",""S"":""Sell"",""v"":""3.6"",""p"":""64.31""}"
2026-09-24T02:39:18.988324Z,1790217558598,XAUUSDT,Sell,0.233,4316.35,"{""T"":1790217558598,""s"":""XAUUSDT"",""S"":""Sell"",""v"":""0.233"",""p"":""4316.35""}"
2026-09-24T02:39:42.494317Z,1790217582247,MUBARAKUSDT,Sell,699,0.054933,"{""T"":1790217582247,""s"":""MUBARAKUSDT"",""S"":""Sell"",""v"":""699"",""p"":""0.054933""}"
2026-09-24T02:40:02.017645Z,1790217601612,LTCUSDT,Sell,4.6,64.53,"{""T"":1790217601612,""s"":""LTCUSDT"",""S"":""Sell"",""v"":""4.6"",""p"":""64.53""}"
2026-09-24T02:40:06.993678Z,1790217606467,MUBARAKUSDT,Sell,92521,0.055536,"{""T"":1790217606467,""s"":""MUBARAKUSDT"",""S"":""Sell"",""v"":""92521"",""p"":""0.055536""}"
2026-09-24T02:40:13.017799Z,1790217612850,LTCUSDT,Sell,0.4,64.63,"{""T"":1790217612850,""s"":""LTCUSDT"",""S"":""Sell"",""v"":""0.4"",""p"":""64.63""}"
2026-09-24T02:40:53.064881Z,1790217652969,ETCUSDT,Buy,7.4,8.740,"{""T"":1790217652969,""s"":""ETCUSDT"",""S"":""Buy"",""v"":""7.4"",""p"":""8.740""}"
2026-09-24T02:40:53.314661Z,1790217652969,ASTERUSDT,Buy,1,0.6951,"{""T"":1790217652969,""s"":""ASTERUSDT"",""S"":""Buy"",""v"":""1"",""p"":""0.6951""}"
2026-09-24T02:40:53.338574Z,1790217652968,ONDOUSDT,Buy,1,0.4112,"{""T"":1790217652968,""s"":""ONDOUSDT"",""S"":""Buy"",""v"":""1"",""p"":""0.4112""}"
2026-09-24T02:40:53.415320Z,1790217652969,DOTUSDT,Buy,10.0,1.0981,"{""T"":1790217652969,""s"":""DOTUSDT"",""S"":""Buy"",""v"":""10.0"",""p"":""1.0981""}"
2026-09-24T02:40:53.494153Z,1790217652969,SUIUSDT,Buy,10,0.95180,"{""T"":1790217652969,""s"":""SUIUSDT"",""S"":""Buy"",""v"":""10"",""p"":""0.95180""}"
2026-09-24T02:40:53.497526Z,1790217652969,DASHUSDT,Sell,1.00,58.53,"{""T"":1790217652969,""s"":""DASHUSDT"",""S"":""Sell"",""v"":""1.00"",""p"":""58.53""}"
2026-09-24T02:40:53.517902Z,1790217652969,ATOMUSDT,Buy,1.0,1.6840,"{""T"":1790217652969,""s"":""ATOMUSDT"",""S"":""Buy"",""v"":""1.0"",""p"":""1.6840""}"
2026-09-24T02:40:53.518691Z,1790217652969,LTCUSDT,Sell,155.7,64.77,"{""T"":1790217652969,""s"":""LTCUSDT"",""S"":""Sell"",""v"":""155.7"",""p"":""64.77""}"
2026-09-24T02:40:56.349485Z,1790217655861,WIFUSDT,Sell,428,0.24500,"{""T"":1790217655861,""s"":""WIFUSDT"",""S"":""Sell"",""v"":""428"",""p"":""0.24500""}"
2026-09-24T02:41:27.494950Z,1790217687077,MUBARAKUSDT,Sell,7608,0.055662,"{""T"":1790217687077,""s"":""MUBARAKUSDT"",""S"":""Sell"",""v"":""7608"",""p"":""0.055662""}"
2026-09-24T02:42:08.417040Z,1790217728093,DOGEUSDT,Sell,474,0.09427,"{""T"":1790217728093,""s"":""DOGEUSDT"",""S"":""Sell"",""v"":""474"",""p"":""0.09427""}"
2026-09-24T02:42:08.417040Z,1790217728234,DOGEUSDT,Sell,30376,0.09429,"{""T"":1790217728234,""s"":""DOGEUSDT"",""S"":""Sell"",""v"":""30376"",""p"":""0.09429""}"
2026-09-24T02:42:43.458251Z,1790217763123,ETHUSDT,Sell,0.01,2692.55,"{""T"":1790217763123,""s"":""ETHUSDT"",""S"":""Sell"",""v"":""0.01"",""p"":""2692.55""}"
2026-09-24T02:42:58.909680Z,1790217778418,SHIB1000USDT,Sell,328720,0.005721,"{""T"":1790217778418,""s"":""SHIB1000USDT"",""S"":""Sell"",""v"":""328720"",""p"":""0.005721""}"
2026-09-24T02:43:09.017484Z,1790217788685,NEARUSDT,Sell,13.1,4.4030,"{""T"":1790217788685,""s"":""NEARUSDT"",""S"":""Sell"",""v"":""13.1"",""p"":""4.4030""}"
2026-09-24T02:43:11.415605Z,1790217791193,ARBUSDT,Sell,20799.7,0.22286,"{""T"":1790217791193,""s"":""ARBUSDT"",""S"":""Sell"",""v"":""20799.7"",""p"":""0.22286""}"
2026-09-24T02:43:11.518307Z,1790217791090,LTCUSDT,Sell,1.8,64.70,"{""T"":1790217791090,""s"":""LTCUSDT"",""S"":""Sell"",""v"":""1.8"",""p"":""64.70""}"
2026-09-24T02:43:11.518854Z,1790217791090,NEARUSDT,Sell,31.3,4.4080,"{""T"":1790217791090,""s"":""NEARUSDT"",""S"":""Sell"",""v"":""31.3"",""p"":""4.4080""}"
2026-09-24T02:43:18.326701Z,1790217797998,FARTCOINUSDT,Sell,412,0.18979,"{""T"":1790217797998,""s"":""FARTCOINUSDT"",""S"":""Sell"",""v"":""412"",""p"":""0.18979""}"
2026-09-24T02:43:18.497596Z,1790217797998,PENGUUSDT,Sell,10170,0.009835,"{""T"":1790217797998,""s"":""PENGUUSDT"",""S"":""Sell"",""v"":""10170"",""p"":""0.009835""}"
2026-09-24T02:44:17.349939Z,1790217857123,USELESSUSDT,Sell,90,0.31636,"{""T"":1790217857123,""s"":""USELESSUSDT"",""S"":""Sell"",""v"":""90"",""p"":""0.31636""}"
2026-09-24T02:44:20.326561Z,1790217859820,FARTCOINUSDT,Sell,1518,0.19041,"{""T"":1790217859820,""s"":""FARTCOINUSDT"",""S"":""Sell"",""v"":""1518"",""p"":""0.19041""}"
2026-09-24T02:44:58.909652Z,1790217898635,LSKUSDT,Buy,24.8,0.34748,"{""T"":1790217898635,""s"":""LSKUSDT"",""S"":""Buy"",""v"":""24.8"",""p"":""0.34748""}"
2026-09-24T02:45:08.826768Z,1790217908573,FARTCOINUSDT,Sell,14922,0.19078,"{""T"":1790217908573,""s"":""FARTCOINUSDT"",""S"":""Sell"",""v"":""14922"",""p"":""0.19078""}"
2026-09-24T02:45:11.017405Z,1790217910622,LTCUSDT,Sell,9.0,65.29,"{""T"":1790217910622,""s"":""LTCUSDT"",""S"":""Sell"",""v"":""9.0"",""p"":""65.29""}"
2026-09-24T02:45:23.326933Z,1790217923114,FARTCOINUSDT,Sell,28,0.19115,"{""T"":1790217923114,""s"":""FARTCOINUSDT"",""S"":""Sell"",""v"":""28"",""p"":""0.19115""}"
2026-09-24T02:45:36.909564Z,1790217936657,LSKUSDT,Buy,1536.1,0.34503,"{""T"":1790217936657,""s"":""LSKUSDT"",""S"":""Buy"",""v"":""1536.1"",""p"":""0.34503""}"
2026-09-24T02:45:41.409480Z,1790217941199,LSKUSDT,Buy,97.4,0.34410,"{""T"":1790217941199,""s"":""LSKUSDT"",""S"":""Buy"",""v"":""97.4"",""p"":""0.34410""}"
2026-09-24T02:45:41.910390Z,1790217941731,LSKUSDT,Buy,37.4,0.34432,"{""T"":1790217941731,""s"":""LSKUSDT"",""S"":""Buy"",""v"":""37.4"",""p"":""0.34432""}"
2026-09-24T02:45:43.409585Z,1790217943132,LSKUSDT,Buy,155.5,0.34310,"{""T"":1790217943132,""s"":""LSKUSDT"",""S"":""Buy"",""v"":""155.5"",""p"":""0.34310""}"
2026-09-24T02:45:51.915350Z,1790217951617,DOGEUSDT,Sell,893,0.09482,"{""T"":1790217951617,""s"":""DOGEUSDT"",""S"":""Sell"",""v"":""893"",""p"":""0.09482""}"
2026-09-24T02:46:13.910127Z,1790217973581,LSKUSDT,Buy,14289.3,0.34070,"{""T"":1790217973581,""s"":""LSKUSDT"",""S"":""Buy"",""v"":""14289.3"",""p"":""0.34070""}"
2026-09-24T02:46:18.998035Z,1790217978476,SPXUSDT,Sell,2662,0.4335,"{""T"":1790217978476,""s"":""SPXUSDT"",""S"":""Sell"",""v"":""2662"",""p"":""0.4335""}"
2026-09-24T02:46:20.517305Z,1790217979998,LTCUSDT,Sell,2.2,65.43,"{""T"":1790217979998,""s"":""LTCUSDT"",""S"":""Sell"",""v"":""2.2"",""p"":""65.43""}"
2026-09-24T02:46:24.915504Z,1790217984344,ZECUSDT,Sell,1.44,1530.29,"{""T"":1790217984344,""s"":""ZECUSDT"",""S"":""Sell"",""v"":""1.44"",""p"":""1530.29""}"
2026-09-24T02:46:25.849549Z,1790217985651,WIFUSDT,Sell,872,0.25290,"{""T"":1790217985651,""s"":""WIFUSDT"",""S"":""Sell"",""v"":""872"",""p"":""0.25290""}"
2026-09-24T02:46:26.063705Z,1790217985651,FILUSDT,Buy,199.7,0.9346,"{""T"":1790217985651,""s"":""FILUSDT"",""S"":""Buy"",""v"":""199.7"",""p"":""0.9346""}"
2026-09-24T02:46:26.314507Z,1790217985845,NILUSDT,Sell,307,0.13931,"{""T"":1790217985845,""s"":""NILUSDT"",""S"":""Sell"",""v"":""307"",""p"":""0.13931""}"
2026-09-24T02:46:26.314507Z,1790217985983,NILUSDT,Sell,1467,0.13996,"{""T"":1790217985983,""s"":""NILUSDT"",""S"":""Sell"",""v"":""1467"",""p"":""0.13996""}"
2026-09-24T02:46:26.349533Z,1790217986123,WIFUSDT,Sell,2380,0.25290,"{""T"":1790217986123,""s"":""WIFUSDT"",""S"":""Sell"",""v"":""2380"",""p"":""0.25290""}"
2026-09-24T02:46:26.349533Z,1790217986214,WIFUSDT,Sell,565,0.25310,"{""T"":1790217986214,""s"":""WIFUSDT"",""S"":""Sell"",""v"":""565"",""p"":""0.25310""}"
2026-09-24T02:46:26.814359Z,1790217986596,NILUSDT,Sell,602,0.13998,"{""T"":1790217986596,""s"":""NILUSDT"",""S"":""Sell"",""v"":""602"",""p"":""0.13998""}"
2026-09-24T02:46:26.814359Z,1790217986679,NILUSDT,Sell,146,0.13932,"{""T"":1790217986679,""s"":""NILUSDT"",""S"":""Sell"",""v"":""146"",""p"":""0.13932""}"
2026-09-24T02:46:26.849549Z,1790217986295,WIFUSDT,Sell,33,0.25200,"{""T"":1790217986295,""s"":""WIFUSDT"",""S"":""Sell"",""v"":""33"",""p"":""0.25200""}"
2026-09-24T02:46:28.860652Z,1790217988454,APTUSDT,Sell,391.59,0.7814,"{""T"":1790217988454,""s"":""APTUSDT"",""S"":""Sell"",""v"":""391.59"",""p"":""0.7814""}"
2026-09-24T02:46:29.814552Z,1790217989501,NILUSDT,Sell,744,0.14035,"{""T"":1790217989501,""s"":""NILUSDT"",""S"":""Sell"",""v"":""744"",""p"":""0.14035""}"
2026-09-24T02:46:29.814552Z,1790217989511,NILUSDT,Sell,644,0.14050,"{""T"":1790217989511,""s"":""NILUSDT"",""S"":""Sell"",""v"":""644"",""p"":""0.14050""}"
2026-09-24T02:46:34.813924Z,1790217994279,NILUSDT,Sell,257,0.14080,"{""T"":1790217994279,""s"":""NILUSDT"",""S"":""Sell"",""v"":""257"",""p"":""0.14080""}"
2026-09-24T02:46:35.813992Z,1790217995316,NILUSDT,Sell,957,0.14104,"{""T"":1790217995316,""s"":""NILUSDT"",""S"":""Sell"",""v"":""957"",""p"":""0.14104""}"
2026-09-24T02:46:35.813992Z,1790217995424,NILUSDT,Sell,1488,0.14101,"{""T"":1790217995424,""s"":""NILUSDT"",""S"":""Sell"",""v"":""1488"",""p"":""0.14101""}"
2026-09-24T02:46:37.814102Z,1790217997564,NILUSDT,Sell,151,0.14112,"{""T"":1790217997564,""s"":""NILUSDT"",""S"":""Sell"",""v"":""151"",""p"":""0.14112""}"
2026-09-24T02:46:38.314416Z,1790217997752,NILUSDT,Sell,1079,0.14108,"{""T"":1790217997752,""s"":""NILUSDT"",""S"":""Sell"",""v"":""1079"",""p"":""0.14108""}"
2026-09-24T02:46:38.814140Z,1790217998547,NILUSDT,Sell,8009,0.14126,"{""T"":1790217998547,""s"":""NILUSDT"",""S"":""Sell"",""v"":""8009"",""p"":""0.14126""}"
2026-09-24T02:46:39.814235Z,1790217999559,NILUSDT,Sell,13318,0.14161,"{""T"":1790217999559,""s"":""NILUSDT"",""S"":""Sell"",""v"":""13318"",""p"":""0.14161""}"
2026-09-24T02:46:42.997703Z,1790218002575,PENGUUSDT,Sell,510250,0.009875,"{""T"":1790218002575,""s"":""PENGUUSDT"",""S"":""Sell"",""v"":""510250"",""p"":""0.009875""}"
2026-09-24T02:46:50.488605Z,1790218010007,ZROUSDT,Sell,948.4,1.6067,"{""T"":1790218010007,""s"":""ZROUSDT"",""S"":""Sell"",""v"":""948.4"",""p"":""1.6067""}"
2026-09-24T02:47:06.339217Z,1790218026172,XRPUSDT,Sell,209.9,1.5121,"{""T"":1790218026172,""s"":""XRPUSDT"",""S"":""Sell"",""v"":""209.9"",""p"":""1.5121""}"
2026-09-24T02:47:07.915576Z,1790218027735,ADAUSDT,Sell,2200,0.2413,"{""T"":1790218027735,""s"":""ADAUSDT"",""S"":""Sell"",""v"":""2200"",""p"":""0.2413""}"
2026-09-24T02:47:07.998343Z,1790218027735,LINKUSDT,Sell,52.5,12.433,"{""T"":1790218027735,""s"":""LINKUSDT"",""S"":""Sell"",""v"":""52.5"",""p"":""12.433""}"
2026-09-24T02:47:08.064698Z,1790218027698,FILUSDT,Sell,27.2,0.9744,"{""T"":1790218027698,""s"":""FILUSDT"",""S"":""Sell"",""v"":""27.2"",""p"":""0.9744""}"
2026-09-24T02:47:09.915358Z,1790218029496,1000PEPEUSDT,Sell,1645200,0.0044280,"{""T"":1790218029496,""s"":""1000PEPEUSDT"",""S"":""Sell"",""v"":""1645200"",""p"":""0.0044280""}"
2026-09-24T02:47:28.409596Z,1790218048078,LSKUSDT,Buy,771.6,0.33904,"{""T"":1790218048078,""s"":""LSKUSDT"",""S"":""Buy"",""v"":""771.6"",""p"":""0.33904""}"
2026-09-24T02:47:41.521418Z,1790218061056,LTCUSDT,Sell,1.0,65.95,"{""T"":1790218061056,""s"":""LTCUSDT"",""S"":""Sell"",""v"":""1.0"",""p"":""65.95""}"
2026-09-24T02:47:42.518572Z,1790218062280,LTCUSDT,Sell,8.0,65.98,"{""T"":1790218062280,""s"":""LTCUSDT"",""S"":""Sell"",""v"":""8.0"",""p"":""65.98""}"
2026-09-24T02:47:43.517528Z,1790218063035,LTCUSDT,Sell,4.0,65.98,"{""T"":1790218063035,""s"":""LTCUSDT"",""S"":""Sell"",""v"":""4.0"",""p"":""65.98""}"
2026-09-24T02:47:48.415614Z,1790218068077,ZECUSDT,Sell,0.01,1531.13,"{""T"":1790218068077,""s"":""ZECUSDT"",""S"":""Sell"",""v"":""0.01"",""p"":""1531.13""}"
2026-09-24T02:47:50.518246Z,1790218070164,LTCUSDT,Sell,5.9,66.04,"{""T"":1790218070164,""s"":""LTCUSDT"",""S"":""Sell"",""v"":""5.9"",""p"":""66.04""}"
2026-09-24T02:47:54.957535Z,1790218074843,ETHUSDT,Sell,5.75,2695.70,"{""T"":1790218074843,""s"":""ETHUSDT"",""S"":""Sell"",""v"":""5.75"",""p"":""2695.70""}"
2026-09-24T02:48:04.063508Z,1790218083926,BNBUSDT,Sell,14.06,780.50,"{""T"":1790218083926,""s"":""BNBUSDT"",""S"":""Sell"",""v"":""14.06"",""p"":""780.50""}"
2026-09-24T02:48:09.497695Z,1790218089284,INJUSDT,Sell,1211.2,8.0850,"{""T"":1790218089284,""s"":""INJUSDT"",""S"":""Sell"",""v"":""1211.2"",""p"":""8.0850""}"
2026-09-24T02:48:09.998290Z,1790218089783,INJUSDT,Sell,4.8,8.0890,"{""T"":1790218089783,""s"":""INJUSDT"",""S"":""Sell"",""v"":""4.8"",""p"":""8.0890""}"
2026-09-24T02:48:24.326903Z,1790218103773,FARTCOINUSDT,Sell,822,0.19185,"{""T"":1790218103773,""s"":""FARTCOINUSDT"",""S"":""Sell"",""v"":""822"",""p"":""0.19185""}"
2026-09-24T02:48:29.497674Z,1790218108999,INJUSDT,Sell,42.0,8.0940,"{""T"":1790218108999,""s"":""INJUSDT"",""S"":""Sell"",""v"":""42.0"",""p"":""8.0940""}"
2026-09-24T02:48:57.517551Z,1790218137040,LTCUSDT,Sell,1.2,66.14,"{""T"":1790218137040,""s"":""LTCUSDT"",""S"":""Sell"",""v"":""1.2"",""p"":""66.14""}"
2026-09-24T02:49:00.415316Z,1790218139920,ZECUSDT,Sell,2.82,1532.94,"{""T"":1790218139920,""s"":""ZECUSDT"",""S"":""Sell"",""v"":""2.82"",""p"":""1532.94""}"
2026-09-24T02:49:11.018356Z,1790218150537,LTCUSDT,Sell,26.0,66.16,"{""T"":1790218150537,""s"":""LTCUSDT"",""S"":""Sell"",""v"":""26.0"",""p"":""66.16""}"
2026-09-24T02:49:37.517674Z,1790218177058,AVAXUSDT,Sell,228.6,10.387,"{""T"":1790218177058,""s"":""AVAXUSDT"",""S"":""Sell"",""v"":""228.6"",""p"":""10.387""}"
2026-09-24T02:49:49.314822Z,1790218188917,TRUMPUSDT,Sell,303.5,1.998,"{""T"":1790218188917,""s"":""TRUMPUSDT"",""S"":""Sell"",""v"":""303.5"",""p"":""1.998""}"
2026-09-24T02:50:05.414970Z,1790218205251,SHIB1000USDT,Sell,265910,0.005751,"{""T"":1790218205251,""s"":""SHIB1000USDT"",""S"":""Sell"",""v"":""265910"",""p"":""0.005751""}"
2026-09-24T02:50:28.314502Z,1790218228220,NILUSDT,Buy,411,0.13074,"{""T"":1790218228220,""s"":""NILUSDT"",""S"":""Buy"",""v"":""411"",""p"":""0.13074""}"
2026-09-24T02:50:28.814822Z,1790218228446,NILUSDT,Buy,564,0.13079,"{""T"":1790218228446,""s"":""NILUSDT"",""S"":""Buy"",""v"":""564"",""p"":""0.13079""}"
2026-09-24T02:51:51.018531Z,1790218310839,LTCUSDT,Sell,17.0,66.42,"{""T"":1790218310839,""s"":""LTCUSDT"",""S"":""Sell"",""v"":""17.0"",""p"":""66.42""}"
2026-09-24T02:52:18.915749Z,1790218338779,UNIUSDT,Buy,407.0,9.314,"{""T"":1790218338779,""s"":""UNIUSDT"",""S"":""Buy"",""v"":""407.0"",""p"":""9.314""}"
2026-09-24T02:52:59.913367Z,1790218379516,LSKUSDT,Buy,35.2,0.33667,"{""T"":1790218379516,""s"":""LSKUSDT"",""S"":""Buy"",""v"":""35.2"",""p"":""0.33667""}"
2026-09-24T02:54:03.517455Z,1790218443081,LTCUSDT,Sell,6.6,66.45,"{""T"":1790218443081,""s"":""LTCUSDT"",""S"":""Sell"",""v"":""6.6"",""p"":""66.45""}"
2026-09-24T02:54:21.314804Z,1790218461044,PUMPFUNUSDT,Buy,218000,0.0039630,"{""T"":1790218461044,""s"":""PUMPFUNUSDT"",""S"":""Buy"",""v"":""218000"",""p"":""0.0039630""}"
2026-09-24T02:56:04.491164Z,1790218564378,BTWUSDT,Buy,400,0.95670,"{""T"":1790218564378,""s"":""BTWUSDT"",""S"":""Buy"",""v"":""400"",""p"":""0.95670""}"
2026-09-24T02:56:04.988562Z,1790218564405,BTWUSDT,Buy,90,0.95436,"{""T"":1790218564405,""s"":""BTWUSDT"",""S"":""Buy"",""v"":""90"",""p"":""0.95436""}"
2026-09-24T02:56:11.988366Z,1790218571654,BTWUSDT,Buy,140,0.94996,"{""T"":1790218571654,""s"":""BTWUSDT"",""S"":""Buy"",""v"":""140"",""p"":""0.94996""}"
2026-09-24T02:56:12.488414Z,1790218572392,BTWUSDT,Buy,180,0.95104,"{""T"":1790218572392,""s"":""BTWUSDT"",""S"":""Buy"",""v"":""180"",""p"":""0.95104""}"
2026-09-24T02:57:21.909517Z,1790218641678,LSKUSDT,Buy,70.0,0.33459,"{""T"":1790218641678,""s"":""LSKUSDT"",""S"":""Buy"",""v"":""70.0"",""p"":""0.33459""}"
2026-09-24T02:58:07.489231Z,1790218687136,BTWUSDT,Sell,220,1.09225,"{""T"":1790218687136,""s"":""BTWUSDT"",""S"":""Sell"",""v"":""220"",""p"":""1.09225""}"
2026-09-24T02:58:07.497677Z,1790218687136,B3USDT,Sell,100,0.0007028,"{""T"":1790218687136,""s"":""B3USDT"",""S"":""Sell"",""v"":""100"",""p"":""0.0007028""}"
2026-09-24T02:59:10.910158Z,1790218750361,LSKUSDT,Buy,1614.8,0.33411,"{""T"":1790218750361,""s"":""LSKUSDT"",""S"":""Buy"",""v"":""1614.8"",""p"":""0.33411""}"
2026-09-24T02:59:10.910158Z,1790218750538,LSKUSDT,Buy,218.2,0.33393,"{""T"":1790218750538,""s"":""LSKUSDT"",""S"":""Buy"",""v"":""218.2"",""p"":""0.33393""}"
2026-09-24T02:59:11.909821Z,1790218751470,LSKUSDT,Buy,126.1,0.33364,"{""T"":1790218751470,""s"":""LSKUSDT"",""S"":""Buy"",""v"":""126.1"",""p"":""0.33364""}"
2026-09-24T02:59:12.409659Z,1790218751987,LSKUSDT,Buy,5600.0,0.33359,"{""T"":1790218751987,""s"":""LSKUSDT"",""S"":""Buy"",""v"":""5600.0"",""p"":""0.33359""}"
2026-09-24T02:59:42.497928Z,1790218782048,INJUSDT,Sell,1.3,8.1190,"{""T"":1790218782048,""s"":""INJUSDT"",""S"":""Sell"",""v"":""1.3"",""p"":""8.1190""}"
2026-09-24T03:00:05.488630Z,1790218805292,CLUSDT,Sell,5.55,91.650,"{""T"":1790218805292,""s"":""CLUSDT"",""S"":""Sell"",""v"":""5.55"",""p"":""91.650""}"
2026-09-24T03:00:05.497660Z,1790218805292,INJUSDT,Sell,100.4,8.1310,"{""T"":1790218805292,""s"":""INJUSDT"",""S"":""Sell"",""v"":""100.4"",""p"":""8.1310""}"
2026-09-24T03:00:05.830644Z,1790218805292,CASHCATUSDT,Buy,1630,0.14944,"{""T"":1790218805292,""s"":""CASHCATUSDT"",""S"":""Buy"",""v"":""1630"",""p"":""0.14944""}"
2026-09-24T03:00:05.998297Z,1790218805856,INJUSDT,Sell,2.0,8.1330,"{""T"":1790218805856,""s"":""INJUSDT"",""S"":""Sell"",""v"":""2.0"",""p"":""8.1330""}"
2026-09-24T03:00:28.067422Z,1790218827575,BTCUSDT,Sell,0.025,84620.90,"{""T"":1790218827575,""s"":""BTCUSDT"",""S"":""Sell"",""v"":""0.025"",""p"":""84620.90""}"
2026-09-24T03:00:40.910140Z,1790218840656,LSKUSDT,Buy,236.2,0.33065,"{""T"":1790218840656,""s"":""LSKUSDT"",""S"":""Buy"",""v"":""236.2"",""p"":""0.33065""}"
2026-09-24T03:00:41.409629Z,1790218840957,LSKUSDT,Buy,83.4,0.33141,"{""T"":1790218840957,""s"":""LSKUSDT"",""S"":""Buy"",""v"":""83.4"",""p"":""0.33141""}"
2026-09-24T03:01:06.567364Z,1790218866110,BTCUSDT,Sell,0.195,84631.10,"{""T"":1790218866110,""s"":""BTCUSDT"",""S"":""Sell"",""v"":""0.195"",""p"":""84631.10""}"
2026-09-24T03:01:09.517423Z,1790218869235,NEARUSDT,Sell,103.3,4.4120,"{""T"":1790218869235,""s"":""NEARUSDT"",""S"":""Sell"",""v"":""103.3"",""p"":""4.4120""}"
2026-09-24T03:01:28.457801Z,1790218888297,ETHUSDT,Sell,0.15,2696.57,"{""T"":1790218888297,""s"":""ETHUSDT"",""S"":""Sell"",""v"":""0.15"",""p"":""2696.57""}"
2026-09-24T03:01:45.910008Z,1790218905639,LSKUSDT,Buy,261.4,0.32916,"{""T"":1790218905639,""s"":""LSKUSDT"",""S"":""Buy"",""v"":""261.4"",""p"":""0.32916""}"
2026-09-24T03:02:12.339837Z,1790218932066,LITUSDT,Sell,100.0,5.5430,"{""T"":1790218932066,""s"":""LITUSDT"",""S"":""Sell"",""v"":""100.0"",""p"":""5.5430""}"
2026-09-24T03:02:12.957961Z,1790218932789,ETHUSDT,Sell,3.02,2696.76,"{""T"":1790218932789,""s"":""ETHUSDT"",""S"":""Sell"",""v"":""3.02"",""p"":""2696.76""}"
2026-09-24T03:02:13.338779Z,1790218933026,LITUSDT,Sell,11.7,5.5450,"{""T"":1790218933026,""s"":""LITUSDT"",""S"":""Sell"",""v"":""11.7"",""p"":""5.5450""}"
2026-09-24T03:02:16.067520Z,1790218935582,BTCUSDT,Sell,0.014,84680.30,"{""T"":1790218935582,""s"":""BTCUSDT"",""S"":""Sell"",""v"":""0.014"",""p"":""84680.30""}"
2026-09-24T03:02:23.497930Z,1790218943360,LINKUSDT,Sell,5.0,12.461,"{""T"":1790218943360,""s"":""LINKUSDT"",""S"":""Sell"",""v"":""5.0"",""p"":""12.461""}"
2026-09-24T03:02:23.988726Z,1790218943807,ZROUSDT,Sell,84.6,1.6139,"{""T"":1790218943807,""s"":""ZROUSDT"",""S"":""Sell"",""v"":""84.6"",""p"":""1.6139""}"
2026-09-24T03:02:24.839249Z,1790218944391,LITUSDT,Sell,80.0,5.5560,"{""T"":1790218944391,""s"":""LITUSDT"",""S"":""Sell"",""v"":""80.0"",""p"":""5.5560""}"
2026-09-24T03:02:25.017719Z,1790218944438,LTCUSDT,Sell,13.5,66.55,"{""T"":1790218944438,""s"":""LTCUSDT"",""S"":""Sell"",""v"":""13.5"",""p"":""66.55""}"
2026-09-24T03:02:26.488382Z,1790218946171,ZROUSDT,Sell,4593.7,1.6150,"{""T"":1790218946171,""s"":""ZROUSDT"",""S"":""Sell"",""v"":""4593.7"",""p"":""1.6150""}"
2026-09-24T03:02:28.017484Z,1790218947543,LTCUSDT,Sell,24.1,66.64,"{""T"":1790218947543,""s"":""LTCUSDT"",""S"":""Sell"",""v"":""24.1"",""p"":""66.64""}"
2026-09-24T03:02:30.518245Z,1790218950430,LTCUSDT,Sell,1.6,66.81,"{""T"":1790218950430,""s"":""LTCUSDT"",""S"":""Sell"",""v"":""1.6"",""p"":""66.81""}"
2026-09-24T03:02:30.838675Z,1790218950430,XRPUSDT,Buy,4.4,1.5008,"{""T"":1790218950430,""s"":""XRPUSDT"",""S"":""Buy"",""v"":""4.4"",""p"":""1.5008""}"
2026-09-24T03:02:32.839122Z,1790218952677,XRPUSDT,Sell,500.7,1.5161,"{""T"":1790218952677,""s"":""XRPUSDT"",""S"":""Sell"",""v"":""500.7"",""p"":""1.5161""}"
2026-09-24T03:02:48.910725Z,1790218968398,LSKUSDT,Buy,97.4,0.32885,"{""T"":1790218968398,""s"":""LSKUSDT"",""S"":""Buy"",""v"":""97.4"",""p"":""0.32885""}"
2026-09-24T03:03:05.021833Z,1790218984819,LTCUSDT,Sell,32.8,66.89,"{""T"":1790218984819,""s"":""LTCUSDT"",""S"":""Sell"",""v"":""32.8"",""p"":""66.89""}"
2026-09-24T03:03:24.564493Z,1790219004000,SOLUSDT,Sell,0.3,116.150,"{""T"":1790219004000,""s"":""SOLUSDT"",""S"":""Sell"",""v"":""0.3"",""p"":""116.150""}"
2026-09-24T03:03:26.488824Z,1790219006040,ZROUSDT,Sell,26.3,1.6189,"{""T"":1790219006040,""s"":""ZROUSDT"",""S"":""Sell"",""v"":""26.3"",""p"":""1.6189""}"
2026-09-24T03:03:34.564813Z,1790219014285,SOLUSDT,Sell,2.8,116.200,"{""T"":1790219014285,""s"":""SOLUSDT"",""S"":""Sell"",""v"":""2.8"",""p"":""116.200""}"
2026-09-24T03:03:38.338721Z,1790219017956,XRPUSDT,Sell,95.4,1.5174,"{""T"":1790219017956,""s"":""XRPUSDT"",""S"":""Sell"",""v"":""95.4"",""p"":""1.5174""}"
2026-09-24T03:03:39.989119Z,1790219019470,ZROUSDT,Sell,91.7,1.6200,"{""T"":1790219019470,""s"":""ZROUSDT"",""S"":""Sell"",""v"":""91.7"",""p"":""1.6200""}"
2026-09-24T03:03:41.988120Z,1790219021558,ZROUSDT,Sell,20.7,1.6203,"{""T"":1790219021558,""s"":""ZROUSDT"",""S"":""Sell"",""v"":""20.7"",""p"":""1.6203""}"
2026-09-24T03:04:18.988379Z,1790219058674,ZROUSDT,Sell,17.4,1.6206,"{""T"":1790219058674,""s"":""ZROUSDT"",""S"":""Sell"",""v"":""17.4"",""p"":""1.6206""}"
2026-09-24T03:04:26.993710Z,1790219066696,SUIUSDT,Sell,260,0.98310,"{""T"":1790219066696,""s"":""SUIUSDT"",""S"":""Sell"",""v"":""260"",""p"":""0.98310""}"
2026-09-24T03:04:38.064284Z,1790219077881,ETCUSDT,Sell,1.1,9.161,"{""T"":1790219077881,""s"":""ETCUSDT"",""S"":""Sell"",""v"":""1.1"",""p"":""9.161""}"
2026-09-24T03:04:52.315179Z,1790219092086,NILUSDT,Sell,3402,0.14182,"{""T"":1790219092086,""s"":""NILUSDT"",""S"":""Sell"",""v"":""3402"",""p"":""0.14182""}"
2026-09-24T03:04:52.814459Z,1790219092252,NILUSDT,Sell,26080,0.14173,"{""T"":1790219092252,""s"":""NILUSDT"",""S"":""Sell"",""v"":""26080"",""p"":""0.14173""}"
2026-09-24T03:05:16.314907Z,1790219115998,NILUSDT,Sell,153,0.14270,"{""T"":1790219115998,""s"":""NILUSDT"",""S"":""Sell"",""v"":""153"",""p"":""0.14270""}"
2026-09-24T03:05:16.314907Z,1790219116144,NILUSDT,Sell,12895,0.14257,"{""T"":1790219116144,""s"":""NILUSDT"",""S"":""Sell"",""v"":""12895"",""p"":""0.14257""}"
2026-09-24T03:05:40.316399Z,1790219139897,NILUSDT,Sell,156,0.14367,"{""T"":1790219139897,""s"":""NILUSDT"",""S"":""Sell"",""v"":""156"",""p"":""0.14367""}"
2026-09-24T03:05:40.316399Z,1790219140128,NILUSDT,Sell,233,0.14364,"{""T"":1790219140128,""s"":""NILUSDT"",""S"":""Sell"",""v"":""233"",""p"":""0.14364""}"
2026-09-24T03:05:40.814481Z,1790219140319,NILUSDT,Sell,648,0.14353,"{""T"":1790219140319,""s"":""NILUSDT"",""S"":""Sell"",""v"":""648"",""p"":""0.14353""}"
2026-09-24T03:05:49.814520Z,1790219149349,NILUSDT,Sell,7608,0.14445,"{""T"":1790219149349,""s"":""NILUSDT"",""S"":""Sell"",""v"":""7608"",""p"":""0.14445""}"
2026-09-24T03:06:00.988634Z,1790219160653,ZROUSDT,Sell,1293.9,1.6224,"{""T"":1790219160653,""s"":""ZROUSDT"",""S"":""Sell"",""v"":""1293.9"",""p"":""1.6224""}"
2026-09-24T03:06:04.488220Z,1790219164252,ZROUSDT,Sell,33.8,1.6265,"{""T"":1790219164252,""s"":""ZROUSDT"",""S"":""Sell"",""v"":""33.8"",""p"":""1.6265""}"
2026-09-24T03:06:10.988308Z,1790219170487,ZROUSDT,Sell,672.7,1.6310,"{""T"":1790219170487,""s"":""ZROUSDT"",""S"":""Sell"",""v"":""672.7"",""p"":""1.6310""}"
2026-09-24T03:07:01.517552Z,1790219221166,NEARUSDT,Buy,19.0,4.3380,"{""T"":1790219221166,""s"":""NEARUSDT"",""S"":""Buy"",""v"":""19.0"",""p"":""4.3380""}"
2026-09-24T03:07:03.988609Z,1790219223700,ZROUSDT,Sell,168.1,1.6310,"{""T"":1790219223700,""s"":""ZROUSDT"",""S"":""Sell"",""v"":""168.1"",""p"":""1.6310""}"
2026-09-24T03:07:47.916808Z,1790219267571,UNIUSDT,Buy,10.6,9.281,"{""T"":1790219267571,""s"":""UNIUSDT"",""S"":""Buy"",""v"":""10.6"",""p"":""9.281""}"
2026-09-24T03:08:08.839158Z,1790219288628,LITUSDT,Sell,7.7,5.6110,"{""T"":1790219288628,""s"":""LITUSDT"",""S"":""Sell"",""v"":""7.7"",""p"":""5.6110""}"
2026-09-24T03:08:08.839158Z,1790219288680,LITUSDT,Sell,420.9,5.6060,"{""T"":1790219288680,""s"":""LITUSDT"",""S"":""Sell"",""v"":""420.9"",""p"":""5.6060""}"
2026-09-24T03:08:12.838725Z,1790219292357,LITUSDT,Buy,5.4,5.4300,"{""T"":1790219292357,""s"":""LITUSDT"",""S"":""Buy"",""v"":""5.4"",""p"":""5.4300""}"
2026-09-24T03:08:17.915268Z,1790219297539,ARBUSDT,Buy,227.5,0.21536,"{""T"":1790219297539,""s"":""ARBUSDT"",""S"":""Buy"",""v"":""227.5"",""p"":""0.21536""}"
2026-09-24T03:08:30.917684Z,1790219310819,ZECUSDT,Buy,3.98,1500.74,"{""T"":1790219310819,""s"":""ZECUSDT"",""S"":""Buy"",""v"":""3.98"",""p"":""1500.74""}"
2026-09-24T03:08:54.915843Z,1790219334621,ZECUSDT,Buy,0.42,1498.41,"{""T"":1790219334621,""s"":""ZECUSDT"",""S"":""Buy"",""v"":""0.42"",""p"":""1498.41""}"
2026-09-24T03:13:46.493703Z,1790219626220,MUBARAKUSDT,Buy,5414,0.050968,"{""T"":1790219626220,""s"":""MUBARAKUSDT"",""S"":""Buy"",""v"":""5414"",""p"":""0.050968""}"
2026-09-24T03:14:03.493746Z,1790219643212,MUBARAKUSDT,Buy,472,0.050809,"{""T"":1790219643212,""s"":""MUBARAKUSDT"",""S"":""Buy"",""v"":""472"",""p"":""0.050809""}"
2026-09-24T03:14:12.994375Z,1790219652796,MUBARAKUSDT,Buy,400,0.050059,"{""T"":1790219652796,""s"":""MUBARAKUSDT"",""S"":""Buy"",""v"":""400"",""p"":""0.050059""}"
2026-09-24T03:14:13.493604Z,1790219653179,MUBARAKUSDT,Buy,296,0.050148,"{""T"":1790219653179,""s"":""MUBARAKUSDT"",""S"":""Buy"",""v"":""296"",""p"":""0.050148""}"
2026-09-24T03:14:40.636680Z,1790219680099,AKEUSDT,Buy,700,0.0408550,"{""T"":1790219680099,""s"":""AKEUSDT"",""S"":""Buy"",""v"":""700"",""p"":""0.0408550""}"
2026-09-24T03:14:44.136641Z,1790219683742,AKEUSDT,Buy,200,0.0408290,"{""T"":1790219683742,""s"":""AKEUSDT"",""S"":""Buy"",""v"":""200"",""p"":""0.0408290""}"
2026-09-24T03:15:09.521387Z,1790219709100,MNTUSDT,Sell,272.8,0.67630,"{""T"":1790219709100,""s"":""MNTUSDT"",""S"":""Sell"",""v"":""272.8"",""p"":""0.67630""}"
2026-09-24T03:15:25.017752Z,1790219724473,NEARUSDT,Sell,1.2,4.4410,"{""T"":1790219724473,""s"":""NEARUSDT"",""S"":""Sell"",""v"":""1.2"",""p"":""4.4410""}"
2026-09-24T03:15:25.517515Z,1790219725263,NEARUSDT,Sell,179.1,4.4380,"{""T"":1790219725263,""s"":""NEARUSDT"",""S"":""Sell"",""v"":""179.1"",""p"":""4.4380""}"
2026-09-24T03:16:01.993801Z,1790219761605,MUBARAKUSDT,Buy,20134,0.049303,"{""T"":1790219761605,""s"":""MUBARAKUSDT"",""S"":""Buy"",""v"":""20134"",""p"":""0.049303""}"
2026-09-24T03:16:01.993801Z,1790219761636,MUBARAKUSDT,Buy,613,0.049698,"{""T"":1790219761636,""s"":""MUBARAKUSDT"",""S"":""Buy"",""v"":""613"",""p"":""0.049698""}"
2026-09-24T03:16:01.993801Z,1790219761721,MUBARAKUSDT,Buy,48727,0.049255,"{""T"":1790219761721,""s"":""MUBARAKUSDT"",""S"":""Buy"",""v"":""48727"",""p"":""0.049255""}"
2026-09-24T03:16:01.993801Z,1790219761850,MUBARAKUSDT,Buy,1126,0.049455,"{""T"":1790219761850,""s"":""MUBARAKUSDT"",""S"":""Buy"",""v"":""1126"",""p"":""0.049455""}"
2026-09-24T03:16:02.493524Z,1790219761928,MUBARAKUSDT,Buy,15,0.049348,"{""T"":1790219761928,""s"":""MUBARAKUSDT"",""S"":""Buy"",""v"":""15"",""p"":""0.049348""}"
2026-09-24T03:16:02.493524Z,1790219762210,MUBARAKUSDT,Buy,588,0.049435,"{""T"":1790219762210,""s"":""MUBARAKUSDT"",""S"":""Buy"",""v"":""588"",""p"":""0.049435""}"
2026-09-24T03:16:02.566889Z,1790219762434,BTCUSDT,Sell,0.001,84544.60,"{""T"":1790219762434,""s"":""BTCUSDT"",""S"":""Sell"",""v"":""0.001"",""p"":""84544.60""}"
2026-09-24T03:16:02.993663Z,1790219762434,MUBARAKUSDT,Buy,407,0.049251,"{""T"":1790219762434,""s"":""MUBARAKUSDT"",""S"":""Buy"",""v"":""407"",""p"":""0.049251""}"
2026-09-24T03:16:02.993663Z,1790219762437,MUBARAKUSDT,Buy,1000,0.049422,"{""T"":1790219762437,""s"":""MUBARAKUSDT"",""S"":""Buy"",""v"":""1000"",""p"":""0.049422""}"
2026-09-24T03:16:02.993663Z,1790219762448,MUBARAKUSDT,Buy,934,0.049533,"{""T"":1790219762448,""s"":""MUBARAKUSDT"",""S"":""Buy"",""v"":""934"",""p"":""0.049533""}"
2026-09-24T03:16:04.993878Z,1790219764600,MUBARAKUSDT,Buy,800,0.048226,"{""T"":1790219764600,""s"":""MUBARAKUSDT"",""S"":""Buy"",""v"":""800"",""p"":""0.048226""}"
2026-09-24T03:16:04.993878Z,1790219764607,MUBARAKUSDT,Buy,2329,0.049026,"{""T"":1790219764607,""s"":""MUBARAKUSDT"",""S"":""Buy"",""v"":""2329"",""p"":""0.049026""}"
2026-09-24T03:16:04.993878Z,1790219764677,MUBARAKUSDT,Buy,2587,0.048911,"{""T"":1790219764677,""s"":""MUBARAKUSDT"",""S"":""Buy"",""v"":""2587"",""p"":""0.048911""}"
2026-09-24T03:16:04.993878Z,1790219764677,MUBARAKUSDT,Buy,897,0.047622,"{""T"":1790219764677,""s"":""MUBARAKUSDT"",""S"":""Buy"",""v"":""897"",""p"":""0.047622""}"
2026-09-24T03:16:04.993878Z,1790219764699,MUBARAKUSDT,Buy,5064,0.049041,"{""T"":1790219764699,""s"":""MUBARAKUSDT"",""S"":""Buy"",""v"":""5064"",""p"":""0.049041""}"
2026-09-24T03:16:04.993878Z,1790219764706,MUBARAKUSDT,Buy,133,0.047704,"{""T"":1790219764706,""s"":""MUBARAKUSDT"",""S"":""Buy"",""v"":""133"",""p"":""0.047704""}"
2026-09-24T03:16:04.993878Z,1790219764726,MUBARAKUSDT,Buy,5125,0.047356,"{""T"":1790219764726,""s"":""MUBARAKUSDT"",""S"":""Buy"",""v"":""5125"",""p"":""0.047356""}"
2026-09-24T03:16:04.993878Z,1790219764726,MUBARAKUSDT,Buy,98307,0.048838,"{""T"":1790219764726,""s"":""MUBARAKUSDT"",""S"":""Buy"",""v"":""98307"",""p"":""0.048838""}"
2026-09-24T03:16:04.993878Z,1790219764743,MUBARAKUSDT,Buy,5677,0.047520,"{""T"":1790219764743,""s"":""MUBARAKUSDT"",""S"":""Buy"",""v"":""5677"",""p"":""0.047520""}"
2026-09-24T03:16:04.993878Z,1790219764747,MUBARAKUSDT,Buy,27733,0.048151,"{""T"":1790219764747,""s"":""MUBARAKUSDT"",""S"":""Buy"",""v"":""27733"",""p"":""0.048151""}"
2026-09-24T03:16:04.993878Z,1790219764759,MUBARAKUSDT,Buy,167,0.047826,"{""T"":1790219764759,""s"":""MUBARAKUSDT"",""S"":""Buy"",""v"":""167"",""p"":""0.047826""}"
2026-09-24T03:16:04.993878Z,1790219764806,MUBARAKUSDT,Buy,2022,0.048856,"{""T"":1790219764806,""s"":""MUBARAKUSDT"",""S"":""Buy"",""v"":""2022"",""p"":""0.048856""}"
2026-09-24T03:16:04.993878Z,1790219764824,MUBARAKUSDT,Buy,1500,0.048818,"{""T"":1790219764824,""s"":""MUBARAKUSDT"",""S"":""Buy"",""v"":""1500"",""p"":""0.048818""}"
2026-09-24T03:16:04.993878Z,1790219764858,MUBARAKUSDT,Buy,140,0.048654,"{""T"":1790219764858,""s"":""MUBARAKUSDT"",""S"":""Buy"",""v"":""140"",""p"":""0.048654""}"
2026-09-24T03:16:04.993878Z,1790219764875,MUBARAKUSDT,Buy,35543,0.048056,"{""T"":1790219764875,""s"":""MUBARAKUSDT"",""S"":""Buy"",""v"":""35543"",""p"":""0.048056""}"
2026-09-24T03:16:05.493888Z,1790219764908,MUBARAKUSDT,Buy,29268,0.048395,"{""T"":1790219764908,""s"":""MUBARAKUSDT"",""S"":""Buy"",""v"":""29268"",""p"":""0.048395""}"
2026-09-24T03:16:05.493888Z,1790219764912,MUBARAKUSDT,Buy,210,0.049030,"{""T"":1790219764912,""s"":""MUBARAKUSDT"",""S"":""Buy"",""v"":""210"",""p"":""0.049030""}"
2026-09-24T03:16:05.493888Z,1790219764916,MUBARAKUSDT,Buy,18999,0.049211,"{""T"":1790219764916,""s"":""MUBARAKUSDT"",""S"":""Buy"",""v"":""18999"",""p"":""0.049211""}"
2026-09-24T03:16:05.493888Z,1790219764947,MUBARAKUSDT,Buy,141,0.047511,"{""T"":1790219764947,""s"":""MUBARAKUSDT"",""S"":""Buy"",""v"":""141"",""p"":""0.047511""}"
2026-09-24T03:16:05.493888Z,1790219765057,MUBARAKUSDT,Buy,1646,0.048230,"{""T"":1790219765057,""s"":""MUBARAKUSDT"",""S"":""Buy"",""v"":""1646"",""p"":""0.048230""}"
2026-09-24T03:16:05.493888Z,1790219765060,MUBARAKUSDT,Buy,8315,0.047995,"{""T"":1790219765060,""s"":""MUBARAKUSDT"",""S"":""Buy"",""v"":""8315"",""p"":""0.047995""}"
2026-09-24T03:16:05.493888Z,1790219765072,MUBARAKUSDT,Buy,202,0.048412,"{""T"":1790219765072,""s"":""MUBARAKUSDT"",""S"":""Buy"",""v"":""202"",""p"":""0.048412""}"
2026-09-24T03:16:05.493888Z,1790219765094,MUBARAKUSDT,Buy,225,0.049219,"{""T"":1790219765094,""s"":""MUBARAKUSDT"",""S"":""Buy"",""v"":""225"",""p"":""0.049219""}"
2026-09-24T03:16:05.493888Z,1790219765108,MUBARAKUSDT,Buy,279,0.049078,"{""T"":1790219765108,""s"":""MUBARAKUSDT"",""S"":""Buy"",""v"":""279"",""p"":""0.049078""}"
2026-09-24T03:16:05.493888Z,1790219765148,MUBARAKUSDT,Buy,6320,0.047722,"{""T"":1790219765148,""s"":""MUBARAKUSDT"",""S"":""Buy"",""v"":""6320"",""p"":""0.047722""}"
2026-09-24T03:16:05.493888Z,1790219765167,MUBARAKUSDT,Buy,1894,0.047525,"{""T"":1790219765167,""s"":""MUBARAKUSDT"",""S"":""Buy"",""v"":""1894"",""p"":""0.047525""}"
2026-09-24T03:16:05.493888Z,1790219765189,MUBARAKUSDT,Buy,30,0.048360,"{""T"":1790219765189,""s"":""MUBARAKUSDT"",""S"":""Buy"",""v"":""30"",""p"":""0.048360""}"
2026-09-24T03:16:05.493888Z,1790219765199,MUBARAKUSDT,Buy,4560,0.048593,"{""T"":1790219765199,""s"":""MUBARAKUSDT"",""S"":""Buy"",""v"":""4560"",""p"":""0.048593""}"
2026-09-24T03:16:05.493888Z,1790219765231,MUBARAKUSDT,Buy,909,0.049034,"{""T"":1790219765231,""s"":""MUBARAKUSDT"",""S"":""Buy"",""v"":""909"",""p"":""0.049034""}"
2026-09-24T03:16:05.493888Z,1790219765249,MUBARAKUSDT,Buy,138,0.048591,"{""T"":1790219765249,""s"":""MUBARAKUSDT"",""S"":""Buy"",""v"":""138"",""p"":""0.048591""}"
2026-09-24T03:16:05.493888Z,1790219765280,MUBARAKUSDT,Buy,486,0.048109,"{""T"":1790219765280,""s"":""MUBARAKUSDT"",""S"":""Buy"",""v"":""486"",""p"":""0.048109""}"
2026-09-24T03:16:05.493888Z,1790219765290,MUBARAKUSDT,Buy,336,0.047485,"{""T"":1790219765290,""s"":""MUBARAKUSDT"",""S"":""Buy"",""v"":""336"",""p"":""0.047485""}"
2026-09-24T03:16:05.493888Z,1790219765299,MUBARAKUSDT,Buy,5789,0.048738,"{""T"":1790219765299,""s"":""MUBARAKUSDT"",""S"":""Buy"",""v"":""5789"",""p"":""0.048738""}"
2026-09-24T03:16:05.493888Z,1790219765319,MUBARAKUSDT,Buy,1177,0.047890,"{""T"":1790219765319,""s"":""MUBARAKUSDT"",""S"":""Buy"",""v"":""1177"",""p"":""0.047890""}"
2026-09-24T03:16:05.493888Z,1790219765319,MUBARAKUSDT,Buy,65639,0.048377,"{""T"":1790219765319,""s"":""MUBARAKUSDT"",""S"":""Buy"",""v"":""65639"",""p"":""0.048377""}"
2026-09-24T03:16:05.493888Z,1790219765378,MUBARAKUSDT,Buy,184,0.048668,"{""T"":1790219765378,""s"":""MUBARAKUSDT"",""S"":""Buy"",""v"":""184"",""p"":""0.048668""}"
2026-09-24T03:16:05.493888Z,1790219765392,MUBARAKUSDT,Buy,1892,0.047702,"{""T"":1790219765392,""s"":""MUBARAKUSDT"",""S"":""Buy"",""v"":""1892"",""p"":""0.047702""}"
2026-09-24T03:16:05.493888Z,1790219765402,MUBARAKUSDT,Buy,1140,0.047718,"{""T"":1790219765402,""s"":""MUBARAKUSDT"",""S"":""Buy"",""v"":""1140"",""p"":""0.047718""}"
2026-09-24T03:16:05.493888Z,1790219765404,MUBARAKUSDT,Buy,166,0.048957,"{""T"":1790219765404,""s"":""MUBARAKUSDT"",""S"":""Buy"",""v"":""166"",""p"":""0.048957""}"
2026-09-24T03:16:05.915375Z,1790219765561,1000PEPEUSDT,Buy,27500,0.0043510,"{""T"":1790219765561,""s"":""1000PEPEUSDT"",""S"":""Buy"",""v"":""27500"",""p"":""0.0043510""}"
2026-09-24T03:16:05.915861Z,1790219765561,DOGEUSDT,Buy,1515,0.09318,"{""T"":1790219765561,""s"":""DOGEUSDT"",""S"":""Buy"",""v"":""1515"",""p"":""0.09318""}"
2026-09-24T03:16:05.993929Z,1790219765412,MUBARAKUSDT,Buy,19200,0.048912,"{""T"":1790219765412,""s"":""MUBARAKUSDT"",""S"":""Buy"",""v"":""19200"",""p"":""0.048912""}"
2026-09-24T03:16:05.993929Z,1790219765424,MUBARAKUSDT,Buy,2926,0.048134,"{""T"":1790219765424,""s"":""MUBARAKUSDT"",""S"":""Buy"",""v"":""2926"",""p"":""0.048134""}"
2026-09-24T03:16:05.993929Z,1790219765463,MUBARAKUSDT,Buy,27096,0.048993,"{""T"":1790219765463,""s"":""MUBARAKUSDT"",""S"":""Buy"",""v"":""27096"",""p"":""0.048993""}"
2026-09-24T03:16:05.993929Z,1790219765470,MUBARAKUSDT,Buy,2985,0.048574,"{""T"":1790219765470,""s"":""MUBARAKUSDT"",""S"":""Buy"",""v"":""2985"",""p"":""0.048574""}"
2026-09-24T03:16:05.993929Z,1790219765480,MUBARAKUSDT,Buy,177681,0.047928,"{""T"":1790219765480,""s"":""MUBARAKUSDT"",""S"":""Buy"",""v"":""177681"",""p"":""0.047928""}"
2026-09-24T03:16:05.993929Z,1790219765495,MUBARAKUSDT,Buy,146991,0.047911,"{""T"":1790219765495,""s"":""MUBARAKUSDT"",""S"":""Buy"",""v"":""146991"",""p"":""0.047911""}"
2026-09-24T03:16:05.993929Z,1790219765515,MUBARAKUSDT,Buy,2263,0.048657,"{""T"":1790219765515,""s"":""MUBARAKUSDT"",""S"":""Buy"",""v"":""2263"",""p"":""0.048657""}"
2026-09-24T03:16:05.993929Z,1790219765561,MUBARAKUSDT,Buy,1913,0.047472,"{""T"":1790219765561,""s"":""MUBARAKUSDT"",""S"":""Buy"",""v"":""1913"",""p"":""0.047472""}"
2026-09-24T03:16:05.994500Z,1790219765561,1000BONKUSDT,Sell,83300,0.0035750,"{""T"":1790219765561,""s"":""1000BONKUSDT"",""S"":""Sell"",""v"":""83300"",""p"":""0.0035750""}"
2026-09-24T03:16:54.996840Z,1790219814432,MUBARAKUSDT,Buy,849,0.047147,"{""T"":1790219814432,""s"":""MUBARAKUSDT"",""S"":""Buy"",""v"":""849"",""p"":""0.047147""}"
2026-09-24T03:17:10.993757Z,1790219830837,MUBARAKUSDT,Buy,13941,0.047019,"{""T"":1790219830837,""s"":""MUBARAKUSDT"",""S"":""Buy"",""v"":""13941"",""p"":""0.047019""}"
2026-09-24T03:17:11.517525Z,1790219830956,LTCUSDT,Sell,0.9,67.36,"{""T"":1790219830956,""s"":""LTCUSDT"",""S"":""Sell"",""v"":""0.9"",""p"":""67.36""}"
2026-09-24T03:17:22.994731Z,1790219842494,MUBARAKUSDT,Buy,11640,0.046954,"{""T"":1790219842494,""s"":""MUBARAKUSDT"",""S"":""Buy"",""v"":""11640"",""p"":""0.046954""}"
2026-09-24T03:17:23.493612Z,1790219843021,MUBARAKUSDT,Buy,90,0.046854,"{""T"":1790219843021,""s"":""MUBARAKUSDT"",""S"":""Buy"",""v"":""90"",""p"":""0.046854""}"
2026-09-24T03:17:33.018064Z,1790219852452,NEARUSDT,Sell,540.0,4.4510,"{""T"":1790219852452,""s"":""NEARUSDT"",""S"":""Sell"",""v"":""540.0"",""p"":""4.4510""}"
2026-09-24T03:17:46.494060Z,1790219866278,MUBARAKUSDT,Buy,338,0.046744,"{""T"":1790219866278,""s"":""MUBARAKUSDT"",""S"":""Buy"",""v"":""338"",""p"":""0.046744""}"
2026-09-24T03:17:50.314154Z,1790219869927,NILUSDT,Sell,284,0.14512,"{""T"":1790219869927,""s"":""NILUSDT"",""S"":""Sell"",""v"":""284"",""p"":""0.14512""}"
2026-09-24T03:18:02.488792Z,1790219882198,ZROUSDT,Sell,6255.4,1.6447,"{""T"":1790219882198,""s"":""ZROUSDT"",""S"":""Sell"",""v"":""6255.4"",""p"":""1.6447""}"
2026-09-24T03:18:04.988187Z,1790219884437,ZROUSDT,Sell,5.1,1.6483,"{""T"":1790219884437,""s"":""ZROUSDT"",""S"":""Sell"",""v"":""5.1"",""p"":""1.6483""}"
2026-09-24T03:18:07.988563Z,1790219887433,ZROUSDT,Sell,10.0,1.6486,"{""T"":1790219887433,""s"":""ZROUSDT"",""S"":""Sell"",""v"":""10.0"",""p"":""1.6486""}"
2026-09-24T03:18:38.330739Z,1790219918096,LONGXIAUSDT,Buy,500,0.1348,"{""T"":1790219918096,""s"":""LONGXIAUSDT"",""S"":""Buy"",""v"":""500"",""p"":""0.1348""}"
2026-09-24T03:19:03.997808Z,1790219943799,MUBARAKUSDT,Buy,428,0.046625,"{""T"":1790219943799,""s"":""MUBARAKUSDT"",""S"":""Buy"",""v"":""428"",""p"":""0.046625""}"
2026-09-24T03:19:04.494882Z,1790219944199,MUBARAKUSDT,Buy,1875,0.046633,"{""T"":1790219944199,""s"":""MUBARAKUSDT"",""S"":""Buy"",""v"":""1875"",""p"":""0.046633""}"
2026-09-24T03:19:10.314714Z,1790219949761,NILUSDT,Sell,1380,0.14560,"{""T"":1790219949761,""s"":""NILUSDT"",""S"":""Sell"",""v"":""1380"",""p"":""0.14560""}"
2026-09-24T03:19:10.314714Z,1790219950121,NILUSDT,Sell,2051,0.14550,"{""T"":1790219950121,""s"":""NILUSDT"",""S"":""Sell"",""v"":""2051"",""p"":""0.14550""}"
2026-09-24T03:19:32.136754Z,1790219971883,AKEUSDT,Sell,700,0.0437250,"{""T"":1790219971883,""s"":""AKEUSDT"",""S"":""Sell"",""v"":""700"",""p"":""0.0437250""}"
2026-09-24T03:19:50.518171Z,1790219990197,LTCUSDT,Sell,1.6,67.40,"{""T"":1790219990197,""s"":""LTCUSDT"",""S"":""Sell"",""v"":""1.6"",""p"":""67.40""}"
2026-09-24T03:19:51.018411Z,1790219990762,LTCUSDT,Sell,41.6,67.41,"{""T"":1790219990762,""s"":""LTCUSDT"",""S"":""Sell"",""v"":""41.6"",""p"":""67.41""}"
2026-09-24T03:20:12.314508Z,1790220011998,HYPEUSDT,Buy,0.62,91.620,"{""T"":1790220011998,""s"":""HYPEUSDT"",""S"":""Buy"",""v"":""0.62"",""p"":""91.620""}"
2026-09-24T03:20:12.315248Z,1790220011998,PUMPFUNUSDT,Buy,7900,0.0039630,"{""T"":1790220011998,""s"":""PUMPFUNUSDT"",""S"":""Buy"",""v"":""7900"",""p"":""0.0039630""}"
2026-09-24T03:20:26.997960Z,1790220026513,PENGUUSDT,Buy,2000,0.009668,"{""T"":1790220026513,""s"":""PENGUUSDT"",""S"":""Buy"",""v"":""2000"",""p"":""0.009668""}"
2026-09-24T03:20:29.915334Z,1790220029543,ZECUSDT,Buy,0.03,1495.18,"{""T"":1790220029543,""s"":""ZECUSDT"",""S"":""Buy"",""v"":""0.03"",""p"":""1495.18""}"
2026-09-24T03:20:46.018383Z,1790220045468,LTCUSDT,Sell,21.3,67.49,"{""T"":1790220045468,""s"":""LTCUSDT"",""S"":""Sell"",""v"":""21.3"",""p"":""67.49""}"
2026-09-24T03:20:49.494781Z,1790220048974,MUBARAKUSDT,Sell,688,0.049840,"{""T"":1790220048974,""s"":""MUBARAKUSDT"",""S"":""Sell"",""v"":""688"",""p"":""0.049840""}"
2026-09-24T03:21:02.018404Z,1790220061884,NEARUSDT,Buy,45.4,4.3390,"{""T"":1790220061884,""s"":""NEARUSDT"",""S"":""Buy"",""v"":""45.4"",""p"":""4.3390""}"
2026-09-24T03:21:05.137380Z,1790220064605,AKEUSDT,Buy,1500,0.0405940,"{""T"":1790220064605,""s"":""AKEUSDT"",""S"":""Buy"",""v"":""1500"",""p"":""0.0405940""}"
2026-09-24T03:21:07.637073Z,1790220067301,AKEUSDT,Buy,1100,0.0405180,"{""T"":1790220067301,""s"":""AKEUSDT"",""S"":""Buy"",""v"":""1100"",""p"":""0.0405180""}"
2026-09-24T03:21:19.640487Z,1790220079538,AKEUSDT,Buy,9300,0.0405080,"{""T"":1790220079538,""s"":""AKEUSDT"",""S"":""Buy"",""v"":""9300"",""p"":""0.0405080""}"
2026-09-24T03:21:41.339936Z,1790220100988,XRPUSDT,Buy,372.9,1.4905,"{""T"":1790220100988,""s"":""XRPUSDT"",""S"":""Buy"",""v"":""372.9"",""p"":""1.4905""}"
2026-09-24T03:21:50.136325Z,1790220109835,AKEUSDT,Buy,300,0.0404640,"{""T"":1790220109835,""s"":""AKEUSDT"",""S"":""Buy"",""v"":""300"",""p"":""0.0404640""}"
2026-09-24T03:21:56.636625Z,1790220116242,AKEUSDT,Buy,300,0.0403980,"{""T"":1790220116242,""s"":""AKEUSDT"",""S"":""Buy"",""v"":""300"",""p"":""0.0403980""}"
2026-09-24T03:21:56.636625Z,1790220116339,AKEUSDT,Buy,5900,0.0403840,"{""T"":1790220116339,""s"":""AKEUSDT"",""S"":""Buy"",""v"":""5900"",""p"":""0.0403840""}"
2026-09-24T03:22:15.136911Z,1790220134826,AKEUSDT,Buy,200,0.0403440,"{""T"":1790220134826,""s"":""AKEUSDT"",""S"":""Buy"",""v"":""200"",""p"":""0.0403440""}"
2026-09-24T03:22:15.636607Z,1790220135247,AKEUSDT,Buy,15400,0.0403520,"{""T"":1790220135247,""s"":""AKEUSDT"",""S"":""Buy"",""v"":""15400"",""p"":""0.0403520""}"
2026-09-24T03:22:18.066825Z,1790220137533,BTCUSDT,Buy,0.028,83852.40,"{""T"":1790220137533,""s"":""BTCUSDT"",""S"":""Buy"",""v"":""0.028"",""p"":""83852.40""}"
2026-09-24T03:22:23.915525Z,1790220143589,ZECUSDT,Buy,0.24,1493.98,"{""T"":1790220143589,""s"":""ZECUSDT"",""S"":""Buy"",""v"":""0.24"",""p"":""1493.98""}"
2026-09-24T03:22:54.314075Z,1790220174198,NILUSDT,Sell,1503,0.14630,"{""T"":1790220174198,""s"":""NILUSDT"",""S"":""Sell"",""v"":""1503"",""p"":""0.14630""}"
2026-09-24T03:22:54.816360Z,1790220174425,NILUSDT,Sell,150,0.14617,"{""T"":1790220174425,""s"":""NILUSDT"",""S"":""Sell"",""v"":""150"",""p"":""0.14617""}"
2026-09-24T03:22:54.816360Z,1790220174444,NILUSDT,Sell,13706,0.14628,"{""T"":1790220174444,""s"":""NILUSDT"",""S"":""Sell"",""v"":""13706"",""p"":""0.14628""}"
2026-09-24T03:23:06.326657Z,1790220186217,FARTCOINUSDT,Buy,33,0.18365,"{""T"":1790220186217,""s"":""FARTCOINUSDT"",""S"":""Buy"",""v"":""33"",""p"":""0.18365""}"
2026-09-24T03:23:24.067290Z,1790220203492,BTCUSDT,Buy,0.001,83815.60,"{""T"":1790220203492,""s"":""BTCUSDT"",""S"":""Buy"",""v"":""0.001"",""p"":""83815.60""}"
2026-09-24T03:23:36.567498Z,1790220216479,BTCUSDT,Buy,0.065,83798.30,"{""T"":1790220216479,""s"":""BTCUSDT"",""S"":""Buy"",""v"":""0.065"",""p"":""83798.30""}"
2026-09-24T03:23:37.488320Z,1790220216969,ZROUSDT,Buy,5.7,1.5855,"{""T"":1790220216969,""s"":""ZROUSDT"",""S"":""Buy"",""v"":""5.7"",""p"":""1.5855""}"
2026-09-24T03:23:51.564257Z,1790220231348,SOLUSDT,Buy,1.4,114.180,"{""T"":1790220231348,""s"":""SOLUSDT"",""S"":""Buy"",""v"":""1.4"",""p"":""114.180""}"
2026-09-24T03:24:00.066901Z,1790220239590,BTCUSDT,Buy,0.002,83765.40,"{""T"":1790220239590,""s"":""BTCUSDT"",""S"":""Buy"",""v"":""0.002"",""p"":""83765.40""}"
2026-09-24T03:24:48.571573Z,1790220288454,BTCUSDT,Buy,0.062,83751.40,"{""T"":1790220288454,""s"":""BTCUSDT"",""S"":""Buy"",""v"":""0.062"",""p"":""83751.40""}"
2026-09-24T03:24:55.566906Z,1790220295306,BTCUSDT,Buy,0.001,83737.10,"{""T"":1790220295306,""s"":""BTCUSDT"",""S"":""Buy"",""v"":""0.001"",""p"":""83737.10""}"
2026-09-24T03:25:26.993635Z,1790220326741,MUBARAKUSDT,Sell,23783,0.050772,"{""T"":1790220326741,""s"":""MUBARAKUSDT"",""S"":""Sell"",""v"":""23783"",""p"":""0.050772""}"
2026-09-24T03:26:11.498350Z,1790220371089,PENGUUSDT,Buy,32600,0.009631,"{""T"":1790220371089,""s"":""PENGUUSDT"",""S"":""Buy"",""v"":""32600"",""p"":""0.009631""}"
2026-09-24T03:26:21.567852Z,1790220381154,BTCUSDT,Buy,0.006,83721.50,"{""T"":1790220381154,""s"":""BTCUSDT"",""S"":""Buy"",""v"":""0.006"",""p"":""83721.50""}"
2026-09-24T03:27:03.330267Z,1790220422865,SAGAUSDT,Sell,4244.8,0.048492,"{""T"":1790220422865,""s"":""SAGAUSDT"",""S"":""Sell"",""v"":""4244.8"",""p"":""0.048492""}"
2026-09-24T03:27:03.330267Z,1790220422887,SAGAUSDT,Sell,2925.1,0.048587,"{""T"":1790220422887,""s"":""SAGAUSDT"",""S"":""Sell"",""v"":""2925.1"",""p"":""0.048587""}"
2026-09-24T03:27:31.843718Z,1790220451641,XRPUSDT,Buy,4.0,1.4866,"{""T"":1790220451641,""s"":""XRPUSDT"",""S"":""Buy"",""v"":""4.0"",""p"":""1.4866""}"
2026-09-24T03:27:33.017394Z,1790220452539,LTCUSDT,Buy,1.4,65.70,"{""T"":1790220452539,""s"":""LTCUSDT"",""S"":""Buy"",""v"":""1.4"",""p"":""65.70""}"
2026-09-24T03:27:34.826883Z,1790220454630,FARTCOINUSDT,Buy,6948,0.18307,"{""T"":1790220454630,""s"":""FARTCOINUSDT"",""S"":""Buy"",""v"":""6948"",""p"":""0.18307""}"
2026-09-24T03:27:45.063840Z,1790220464878,SOLUSDT,Buy,0.5,114.080,"{""T"":1790220464878,""s"":""SOLUSDT"",""S"":""Buy"",""v"":""0.5"",""p"":""114.080""}"
