recv_ts_utc,exch_ts_ms,symbol,side,size,price,raw_json
2026-10-08T00:01:03.852855Z,1791417663735,SANDUSDT,Sell,356,0.07879,"{""T"":1791417663735,""s"":""SANDUSDT"",""S"":""Sell"",""v"":""356"",""p"":""0.07879""}"
2026-10-08T00:01:08.991686Z,1791417668721,ORCAUSDT,Sell,757.0,2.9646,"{""T"":1791417668721,""s"":""ORCAUSDT"",""S"":""Sell"",""v"":""757.0"",""p"":""2.9646""}"
2026-10-08T00:01:21.412933Z,1791417680887,SKHYNIXUSDT,Sell,1.597,1308.68,"{""T"":1791417680887,""s"":""SKHYNIXUSDT"",""S"":""Sell"",""v"":""1.597"",""p"":""1308.68""}"
2026-10-08T00:02:18.912789Z,1791417738406,SKHYNIXUSDT,Buy,0.029,1284.71,"{""T"":1791417738406,""s"":""SKHYNIXUSDT"",""S"":""Buy"",""v"":""0.029"",""p"":""1284.71""}"
2026-10-08T00:03:09.819029Z,1791417789257,METUSDT,Buy,8288.5,0.43260,"{""T"":1791417789257,""s"":""METUSDT"",""S"":""Buy"",""v"":""8288.5"",""p"":""0.43260""}"
2026-10-08T00:03:12.818265Z,1791417792447,METUSDT,Buy,3963.6,0.43190,"{""T"":1791417792447,""s"":""METUSDT"",""S"":""Buy"",""v"":""3963.6"",""p"":""0.43190""}"
2026-10-08T00:03:12.818265Z,1791417792559,METUSDT,Buy,1049.4,0.43210,"{""T"":1791417792559,""s"":""METUSDT"",""S"":""Buy"",""v"":""1049.4"",""p"":""0.43210""}"
2026-10-08T00:03:13.318176Z,1791417792890,METUSDT,Buy,273.6,0.43180,"{""T"":1791417792890,""s"":""METUSDT"",""S"":""Buy"",""v"":""273.6"",""p"":""0.43180""}"
2026-10-08T00:03:13.818261Z,1791417793335,METUSDT,Buy,4829.1,0.43020,"{""T"":1791417793335,""s"":""METUSDT"",""S"":""Buy"",""v"":""4829.1"",""p"":""0.43020""}"
2026-10-08T00:03:22.318656Z,1791417802016,METUSDT,Buy,3186.3,0.42960,"{""T"":1791417802016,""s"":""METUSDT"",""S"":""Buy"",""v"":""3186.3"",""p"":""0.42960""}"
2026-10-08T00:05:23.960922Z,1791417923818,QNTUSDT,Sell,0.23,257.12,"{""T"":1791417923818,""s"":""QNTUSDT"",""S"":""Sell"",""v"":""0.23"",""p"":""257.12""}"
2026-10-08T00:06:40.413308Z,1791418000191,CRVUSDT,Sell,801.1,0.3862,"{""T"":1791418000191,""s"":""CRVUSDT"",""S"":""Sell"",""v"":""801.1"",""p"":""0.3862""}"
2026-10-08T00:07:03.491238Z,1791418023072,BTWUSDT,Sell,450,1.37162,"{""T"":1791418023072,""s"":""BTWUSDT"",""S"":""Sell"",""v"":""450"",""p"":""1.37162""}"
2026-10-08T00:07:22.846360Z,1791418042281,METUSDT,Buy,2473.1,0.42820,"{""T"":1791418042281,""s"":""METUSDT"",""S"":""Buy"",""v"":""2473.1"",""p"":""0.42820""}"
2026-10-08T00:07:24.818721Z,1791418044618,METUSDT,Buy,6983.2,0.42750,"{""T"":1791418044618,""s"":""METUSDT"",""S"":""Buy"",""v"":""6983.2"",""p"":""0.42750""}"
2026-10-08T00:07:29.991408Z,1791418049523,BTWUSDT,Sell,180,1.37562,"{""T"":1791418049523,""s"":""BTWUSDT"",""S"":""Sell"",""v"":""180"",""p"":""1.37562""}"
2026-10-08T00:07:30.491548Z,1791418049987,BTWUSDT,Sell,440,1.37647,"{""T"":1791418049987,""s"":""BTWUSDT"",""S"":""Sell"",""v"":""440"",""p"":""1.37647""}"
2026-10-08T00:08:35.412646Z,1791418114877,CRVUSDT,Sell,150.6,0.3881,"{""T"":1791418114877,""s"":""CRVUSDT"",""S"":""Sell"",""v"":""150.6"",""p"":""0.3881""}"
2026-10-08T00:08:35.412646Z,1791418114928,CRVUSDT,Sell,15777.1,0.3886,"{""T"":1791418114928,""s"":""CRVUSDT"",""S"":""Sell"",""v"":""15777.1"",""p"":""0.3886""}"
2026-10-08T00:09:58.853408Z,1791418198650,SANDUSDT,Sell,4532,0.07836,"{""T"":1791418198650,""s"":""SANDUSDT"",""S"":""Sell"",""v"":""4532"",""p"":""0.07836""}"
2026-10-08T00:11:27.021640Z,1791418286520,NMRUSDT,Sell,136.7,15.350,"{""T"":1791418286520,""s"":""NMRUSDT"",""S"":""Sell"",""v"":""136.7"",""p"":""15.350""}"
2026-10-08T00:11:41.818937Z,1791418301294,PUMPFUNUSDT,Buy,14700,0.0061550,"{""T"":1791418301294,""s"":""PUMPFUNUSDT"",""S"":""Buy"",""v"":""14700"",""p"":""0.0061550""}"
2026-10-08T00:11:48.991416Z,1791418308827,BTWUSDT,Sell,30,1.37892,"{""T"":1791418308827,""s"":""BTWUSDT"",""S"":""Sell"",""v"":""30"",""p"":""1.37892""}"
2026-10-08T00:12:09.833782Z,1791418329246,FARTCOINUSDT,Sell,79,0.16330,"{""T"":1791418329246,""s"":""FARTCOINUSDT"",""S"":""Sell"",""v"":""79"",""p"":""0.16330""}"
2026-10-08T00:12:09.996976Z,1791418329488,SUIUSDT,Sell,2270,1.14300,"{""T"":1791418329488,""s"":""SUIUSDT"",""S"":""Sell"",""v"":""2270"",""p"":""1.14300""}"
2026-10-08T00:12:23.524570Z,1791418343007,NMRUSDT,Sell,0.4,15.487,"{""T"":1791418343007,""s"":""NMRUSDT"",""S"":""Sell"",""v"":""0.4"",""p"":""15.487""}"
2026-10-08T00:13:08.520917Z,1791418388366,NMRUSDT,Sell,105.6,15.569,"{""T"":1791418388366,""s"":""NMRUSDT"",""S"":""Sell"",""v"":""105.6"",""p"":""15.569""}"
2026-10-08T00:14:05.818701Z,1791418445584,METUSDT,Sell,44.0,0.45410,"{""T"":1791418445584,""s"":""METUSDT"",""S"":""Sell"",""v"":""44.0"",""p"":""0.45410""}"
2026-10-08T00:14:18.068053Z,1791418457885,FILUSDT,Sell,2446.3,1.0779,"{""T"":1791418457885,""s"":""FILUSDT"",""S"":""Sell"",""v"":""2446.3"",""p"":""1.0779""}"
2026-10-08T00:14:19.567648Z,1791418459109,FILUSDT,Sell,55.0,1.0782,"{""T"":1791418459109,""s"":""FILUSDT"",""S"":""Sell"",""v"":""55.0"",""p"":""1.0782""}"
2026-10-08T00:14:32.420162Z,1791418472237,DOTUSDT,Sell,3737.7,1.1320,"{""T"":1791418472237,""s"":""DOTUSDT"",""S"":""Sell"",""v"":""3737.7"",""p"":""1.1320""}"
2026-10-08T00:15:34.419637Z,1791418533975,DOGEUSDT,Sell,184,0.08974,"{""T"":1791418533975,""s"":""DOGEUSDT"",""S"":""Sell"",""v"":""184"",""p"":""0.08974""}"
2026-10-08T00:15:56.423015Z,1791418555964,DOGEUSDT,Sell,34131,0.08976,"{""T"":1791418555964,""s"":""DOGEUSDT"",""S"":""Sell"",""v"":""34131"",""p"":""0.08976""}"
2026-10-08T00:15:57.419231Z,1791418556859,DOGEUSDT,Sell,602,0.08977,"{""T"":1791418556859,""s"":""DOGEUSDT"",""S"":""Sell"",""v"":""602"",""p"":""0.08977""}"
2026-10-08T00:16:07.830384Z,1791418567612,RAYDIUMUSDT,Buy,453.4,2.3981,"{""T"":1791418567612,""s"":""RAYDIUMUSDT"",""S"":""Buy"",""v"":""453.4"",""p"":""2.3981""}"
2026-10-08T00:17:02.318185Z,1791418621939,METUSDT,Sell,212.2,0.45680,"{""T"":1791418621939,""s"":""METUSDT"",""S"":""Sell"",""v"":""212.2"",""p"":""0.45680""}"
2026-10-08T00:17:47.497246Z,1791418666972,SUIUSDT,Sell,1350,1.14490,"{""T"":1791418666972,""s"":""SUIUSDT"",""S"":""Sell"",""v"":""1350"",""p"":""1.14490""}"
2026-10-08T00:17:50.419365Z,1791418670303,ADAUSDT,Sell,3840,0.2586,"{""T"":1791418670303,""s"":""ADAUSDT"",""S"":""Sell"",""v"":""3840"",""p"":""0.2586""}"
2026-10-08T00:17:56.496926Z,1791418676258,SUIUSDT,Sell,4250,1.14860,"{""T"":1791418676258,""s"":""SUIUSDT"",""S"":""Sell"",""v"":""4250"",""p"":""1.14860""}"
2026-10-08T00:17:56.997402Z,1791418676467,SUIUSDT,Sell,760,1.14680,"{""T"":1791418676467,""s"":""SUIUSDT"",""S"":""Sell"",""v"":""760"",""p"":""1.14680""}"
2026-10-08T00:17:56.997402Z,1791418676472,SUIUSDT,Sell,580,1.14810,"{""T"":1791418676472,""s"":""SUIUSDT"",""S"":""Sell"",""v"":""580"",""p"":""1.14810""}"
2026-10-08T00:18:11.330220Z,1791418691228,FARTCOINUSDT,Sell,2000,0.16415,"{""T"":1791418691228,""s"":""FARTCOINUSDT"",""S"":""Sell"",""v"":""2000"",""p"":""0.16415""}"
2026-10-08T00:18:11.570785Z,1791418691228,BTCUSDT,Sell,0.005,83577.10,"{""T"":1791418691228,""s"":""BTCUSDT"",""S"":""Sell"",""v"":""0.005"",""p"":""83577.10""}"
2026-10-08T00:18:25.568077Z,1791418705379,SOLUSDT,Sell,46.0,116.990,"{""T"":1791418705379,""s"":""SOLUSDT"",""S"":""Sell"",""v"":""46.0"",""p"":""116.990""}"
2026-10-08T00:18:41.367911Z,1791418721030,APTUSDT,Sell,1615.21,0.7791,"{""T"":1791418721030,""s"":""APTUSDT"",""S"":""Sell"",""v"":""1615.21"",""p"":""0.7791""}"
2026-10-08T00:19:14.067843Z,1791418753928,FILUSDT,Sell,571.1,1.0870,"{""T"":1791418753928,""s"":""FILUSDT"",""S"":""Sell"",""v"":""571.1"",""p"":""1.0870""}"
2026-10-08T00:19:18.364466Z,1791418757852,WLDUSDT,Sell,710.5,0.5301,"{""T"":1791418757852,""s"":""WLDUSDT"",""S"":""Sell"",""v"":""710.5"",""p"":""0.5301""}"
2026-10-08T00:19:59.353900Z,1791418799206,WIFUSDT,Sell,655,0.23560,"{""T"":1791418799206,""s"":""WIFUSDT"",""S"":""Sell"",""v"":""655"",""p"":""0.23560""}"
2026-10-08T00:20:03.913592Z,1791418803461,TIAUSDT,Sell,5351.0,0.4814,"{""T"":1791418803461,""s"":""TIAUSDT"",""S"":""Sell"",""v"":""5351.0"",""p"":""0.4814""}"
2026-10-08T00:20:06.002056Z,1791418805554,INJUSDT,Sell,116.4,7.5840,"{""T"":1791418805554,""s"":""INJUSDT"",""S"":""Sell"",""v"":""116.4"",""p"":""7.5840""}"
2026-10-08T00:20:14.919362Z,1791418814390,1000PEPEUSDT,Sell,2000,0.0041380,"{""T"":1791418814390,""s"":""1000PEPEUSDT"",""S"":""Sell"",""v"":""2000"",""p"":""0.0041380""}"
2026-10-08T00:20:58.919733Z,1791418858730,ARBUSDT,Sell,8638.6,0.18984,"{""T"":1791418858730,""s"":""ARBUSDT"",""S"":""Sell"",""v"":""8638.6"",""p"":""0.18984""}"
2026-10-08T00:20:59.070872Z,1791418858730,BTCUSDT,Sell,0.003,83579.50,"{""T"":1791418858730,""s"":""BTCUSDT"",""S"":""Sell"",""v"":""0.003"",""p"":""83579.50""}"
2026-10-08T00:21:06.020965Z,1791418865595,NEARUSDT,Sell,1385.1,5.4080,"{""T"":1791418865595,""s"":""NEARUSDT"",""S"":""Sell"",""v"":""1385.1"",""p"":""5.4080""}"
2026-10-08T00:21:08.318296Z,1791418867792,METUSDT,Buy,174.5,0.43240,"{""T"":1791418867792,""s"":""METUSDT"",""S"":""Buy"",""v"":""174.5"",""p"":""0.43240""}"
2026-10-08T00:21:19.318289Z,1791418879050,METUSDT,Buy,454.4,0.43150,"{""T"":1791418879050,""s"":""METUSDT"",""S"":""Buy"",""v"":""454.4"",""p"":""0.43150""}"
2026-10-08T00:21:23.818231Z,1791418883367,METUSDT,Buy,151.4,0.43130,"{""T"":1791418883367,""s"":""METUSDT"",""S"":""Buy"",""v"":""151.4"",""p"":""0.43130""}"
2026-10-08T00:23:00.830678Z,1791418980722,RAYDIUMUSDT,Buy,20.1,2.3855,"{""T"":1791418980722,""s"":""RAYDIUMUSDT"",""S"":""Buy"",""v"":""20.1"",""p"":""2.3855""}"
2026-10-08T00:23:13.644328Z,1791418993264,HEMIUSDT,Buy,8451,0.006433,"{""T"":1791418993264,""s"":""HEMIUSDT"",""S"":""Buy"",""v"":""8451"",""p"":""0.006433""}"
2026-10-08T00:24:03.494654Z,1791419042908,USUSDT,Sell,4420,0.013830,"{""T"":1791419042908,""s"":""USUSDT"",""S"":""Sell"",""v"":""4420"",""p"":""0.013830""}"
2026-10-08T00:25:31.818326Z,1791419131691,METUSDT,Sell,1934.5,0.45770,"{""T"":1791419131691,""s"":""METUSDT"",""S"":""Sell"",""v"":""1934.5"",""p"":""0.45770""}"
2026-10-08T00:26:41.352930Z,1791419201018,SANDUSDT,Buy,823,0.07667,"{""T"":1791419201018,""s"":""SANDUSDT"",""S"":""Buy"",""v"":""823"",""p"":""0.07667""}"
2026-10-08T00:26:41.853334Z,1791419201747,SANDUSDT,Buy,4000,0.07673,"{""T"":1791419201747,""s"":""SANDUSDT"",""S"":""Buy"",""v"":""4000"",""p"":""0.07673""}"
2026-10-08T00:27:16.521206Z,1791419235987,NEARUSDT,Buy,5.5,5.2940,"{""T"":1791419235987,""s"":""NEARUSDT"",""S"":""Buy"",""v"":""5.5"",""p"":""5.2940""}"
2026-10-08T00:28:08.821410Z,1791419288505,PUMPFUNUSDT,Sell,10200,0.0062740,"{""T"":1791419288505,""s"":""PUMPFUNUSDT"",""S"":""Sell"",""v"":""10200"",""p"":""0.0062740""}"
2026-10-08T00:28:08.991092Z,1791419288505,ORCAUSDT,Sell,15.0,3.0362,"{""T"":1791419288505,""s"":""ORCAUSDT"",""S"":""Sell"",""v"":""15.0"",""p"":""3.0362""}"
2026-10-08T00:28:08.991092Z,1791419288550,ORCAUSDT,Sell,85.0,3.0367,"{""T"":1791419288550,""s"":""ORCAUSDT"",""S"":""Sell"",""v"":""85.0"",""p"":""3.0367""}"
2026-10-08T00:28:09.491250Z,1791419289008,ORCAUSDT,Sell,23.8,3.0415,"{""T"":1791419289008,""s"":""ORCAUSDT"",""S"":""Sell"",""v"":""23.8"",""p"":""3.0415""}"
2026-10-08T00:28:09.491711Z,1791419289008,CLUSDT,Sell,5.17,89.230,"{""T"":1791419289008,""s"":""CLUSDT"",""S"":""Sell"",""v"":""5.17"",""p"":""89.230""}"
2026-10-08T00:28:09.520919Z,1791419289008,AVAXUSDT,Buy,6.3,10.975,"{""T"":1791419289008,""s"":""AVAXUSDT"",""S"":""Buy"",""v"":""6.3"",""p"":""10.975""}"
2026-10-08T00:28:19.991388Z,1791419299562,ORCAUSDT,Sell,17.6,3.0576,"{""T"":1791419299562,""s"":""ORCAUSDT"",""S"":""Sell"",""v"":""17.6"",""p"":""3.0576""}"
2026-10-08T00:28:22.491235Z,1791419302075,ORCAUSDT,Sell,2203.1,3.0595,"{""T"":1791419302075,""s"":""ORCAUSDT"",""S"":""Sell"",""v"":""2203.1"",""p"":""3.0595""}"
2026-10-08T00:28:30.991652Z,1791419310544,ORCAUSDT,Sell,1059.3,3.0672,"{""T"":1791419310544,""s"":""ORCAUSDT"",""S"":""Sell"",""v"":""1059.3"",""p"":""3.0672""}"
2026-10-08T00:28:51.991701Z,1791419331618,ORCAUSDT,Sell,17.8,3.0748,"{""T"":1791419331618,""s"":""ORCAUSDT"",""S"":""Sell"",""v"":""17.8"",""p"":""3.0748""}"
2026-10-08T00:30:12.995086Z,1791419412448,ORCAUSDT,Sell,119.2,3.0877,"{""T"":1791419412448,""s"":""ORCAUSDT"",""S"":""Sell"",""v"":""119.2"",""p"":""3.0877""}"
2026-10-08T00:30:14.991792Z,1791419414543,ORCAUSDT,Sell,4308.7,3.1043,"{""T"":1791419414543,""s"":""ORCAUSDT"",""S"":""Sell"",""v"":""4308.7"",""p"":""3.1043""}"
2026-10-08T00:30:14.991792Z,1791419414597,ORCAUSDT,Sell,3.5,3.1040,"{""T"":1791419414597,""s"":""ORCAUSDT"",""S"":""Sell"",""v"":""3.5"",""p"":""3.1040""}"
2026-10-08T00:30:16.491394Z,1791419416249,ORCAUSDT,Sell,13.0,3.1151,"{""T"":1791419416249,""s"":""ORCAUSDT"",""S"":""Sell"",""v"":""13.0"",""p"":""3.1151""}"
2026-10-08T00:37:17.830615Z,1791419837376,RAYDIUMUSDT,Buy,11.3,2.3634,"{""T"":1791419837376,""s"":""RAYDIUMUSDT"",""S"":""Buy"",""v"":""11.3"",""p"":""2.3634""}"
2026-10-08T00:37:40.919997Z,1791419860358,ZECUSDT,Buy,0.16,1308.82,"{""T"":1791419860358,""s"":""ZECUSDT"",""S"":""Buy"",""v"":""0.16"",""p"":""1308.82""}"
2026-10-08T00:39:51.502104Z,1791419991286,RLCUSDT,Sell,9.2,0.7105,"{""T"":1791419991286,""s"":""RLCUSDT"",""S"":""Sell"",""v"":""9.2"",""p"":""0.7105""}"
2026-10-08T00:39:51.912634Z,1791419991723,CRVUSDT,Buy,6046.6,0.3857,"{""T"":1791419991723,""s"":""CRVUSDT"",""S"":""Buy"",""v"":""6046.6"",""p"":""0.3857""}"
2026-10-08T00:40:05.991267Z,1791420005437,BTWUSDT,Sell,330,1.38748,"{""T"":1791420005437,""s"":""BTWUSDT"",""S"":""Sell"",""v"":""330"",""p"":""1.38748""}"
2026-10-08T00:40:05.991267Z,1791420005602,BTWUSDT,Sell,20,1.38718,"{""T"":1791420005602,""s"":""BTWUSDT"",""S"":""Sell"",""v"":""20"",""p"":""1.38718""}"
2026-10-08T00:40:18.343411Z,1791420018188,XRPUSDT,Sell,317.7,1.4262,"{""T"":1791420018188,""s"":""XRPUSDT"",""S"":""Sell"",""v"":""317.7"",""p"":""1.4262""}"
2026-10-08T00:40:18.491506Z,1791420018188,ORCAUSDT,Sell,25.2,3.1204,"{""T"":1791420018188,""s"":""ORCAUSDT"",""S"":""Sell"",""v"":""25.2"",""p"":""3.1204""}"
2026-10-08T00:40:18.501221Z,1791420018188,RLCUSDT,Sell,126.8,0.7198,"{""T"":1791420018188,""s"":""RLCUSDT"",""S"":""Sell"",""v"":""126.8"",""p"":""0.7198""}"
2026-10-08T00:40:37.916603Z,1791420037475,KORUUSDT,Buy,343.68,19.71,"{""T"":1791420037475,""s"":""KORUUSDT"",""S"":""Buy"",""v"":""343.68"",""p"":""19.71""}"
2026-10-08T00:43:43.991280Z,1791420223869,BTWUSDT,Sell,1550,1.38857,"{""T"":1791420223869,""s"":""BTWUSDT"",""S"":""Sell"",""v"":""1550"",""p"":""1.38857""}"
2026-10-08T00:45:42.995720Z,1791420342616,USUSDT,Sell,26540,0.014160,"{""T"":1791420342616,""s"":""USUSDT"",""S"":""Sell"",""v"":""26540"",""p"":""0.014160""}"
2026-10-08T00:46:14.491160Z,1791420374286,ORCAUSDT,Sell,19.9,3.1376,"{""T"":1791420374286,""s"":""ORCAUSDT"",""S"":""Sell"",""v"":""19.9"",""p"":""3.1376""}"
2026-10-08T00:46:16.834393Z,1791420376632,LONGXIAUSDT,Buy,1946,0.0386,"{""T"":1791420376632,""s"":""LONGXIAUSDT"",""S"":""Buy"",""v"":""1946"",""p"":""0.0386""}"
2026-10-08T00:46:16.842947Z,1791420376632,LITUSDT,Buy,6.4,3.5430,"{""T"":1791420376632,""s"":""LITUSDT"",""S"":""Buy"",""v"":""6.4"",""p"":""3.5430""}"
2026-10-08T00:46:16.991370Z,1791420376632,ORCAUSDT,Sell,81.4,3.1433,"{""T"":1791420376632,""s"":""ORCAUSDT"",""S"":""Sell"",""v"":""81.4"",""p"":""3.1433""}"
2026-10-08T00:46:17.491622Z,1791420377181,ORCAUSDT,Sell,268.9,3.1472,"{""T"":1791420377181,""s"":""ORCAUSDT"",""S"":""Sell"",""v"":""268.9"",""p"":""3.1472""}"
2026-10-08T00:47:14.491716Z,1791420433955,BTWUSDT,Sell,20,1.40485,"{""T"":1791420433955,""s"":""BTWUSDT"",""S"":""Sell"",""v"":""20"",""p"":""1.40485""}"
2026-10-08T00:47:33.140874Z,1791420453009,HEMIUSDT,Buy,644309,0.006342,"{""T"":1791420453009,""s"":""HEMIUSDT"",""S"":""Buy"",""v"":""644309"",""p"":""0.006342""}"
2026-10-08T00:47:33.640482Z,1791420453370,HEMIUSDT,Buy,4422,0.006350,"{""T"":1791420453370,""s"":""HEMIUSDT"",""S"":""Buy"",""v"":""4422"",""p"":""0.006350""}"
2026-10-08T00:47:41.352853Z,1791420461075,SANDUSDT,Buy,19980,0.07694,"{""T"":1791420461075,""s"":""SANDUSDT"",""S"":""Buy"",""v"":""19980"",""p"":""0.07694""}"
2026-10-08T00:47:41.640802Z,1791420461075,HEMIUSDT,Buy,629780,0.006339,"{""T"":1791420461075,""s"":""HEMIUSDT"",""S"":""Buy"",""v"":""629780"",""p"":""0.006339""}"
2026-10-08T00:48:06.991303Z,1791420486771,BTWUSDT,Sell,20,1.40928,"{""T"":1791420486771,""s"":""BTWUSDT"",""S"":""Sell"",""v"":""20"",""p"":""1.40928""}"
2026-10-08T00:49:35.419676Z,1791420575274,1000PEPEUSDT,Sell,2500,0.0041420,"{""T"":1791420575274,""s"":""1000PEPEUSDT"",""S"":""Sell"",""v"":""2500"",""p"":""0.0041420""}"
2026-10-08T00:51:26.853172Z,1791420686369,SANDUSDT,Sell,646,0.07886,"{""T"":1791420686369,""s"":""SANDUSDT"",""S"":""Sell"",""v"":""646"",""p"":""0.07886""}"
2026-10-08T00:51:28.352661Z,1791420687949,SANDUSDT,Sell,2143,0.07892,"{""T"":1791420687949,""s"":""SANDUSDT"",""S"":""Sell"",""v"":""2143"",""p"":""0.07892""}"
2026-10-08T00:52:26.352794Z,1791420745913,SANDUSDT,Buy,787,0.07732,"{""T"":1791420745913,""s"":""SANDUSDT"",""S"":""Buy"",""v"":""787"",""p"":""0.07732""}"
2026-10-08T00:53:05.991590Z,1791420785473,ORCAUSDT,Sell,2.6,3.1400,"{""T"":1791420785473,""s"":""ORCAUSDT"",""S"":""Sell"",""v"":""2.6"",""p"":""3.1400""}"
2026-10-08T00:53:05.992296Z,1791420785473,SOXLUSDT,Sell,0.11,160.33,"{""T"":1791420785473,""s"":""SOXLUSDT"",""S"":""Sell"",""v"":""0.11"",""p"":""160.33""}"
2026-10-08T00:53:10.318300Z,1791420789916,HYPEUSDT,Sell,1.22,89.200,"{""T"":1791420789916,""s"":""HYPEUSDT"",""S"":""Sell"",""v"":""1.22"",""p"":""89.200""}"
2026-10-08T00:53:28.818243Z,1791420808381,HYPEUSDT,Sell,0.21,89.290,"{""T"":1791420808381,""s"":""HYPEUSDT"",""S"":""Sell"",""v"":""0.21"",""p"":""89.290""}"
2026-10-08T00:54:14.992092Z,1791420854728,ORCAUSDT,Sell,277.4,3.1461,"{""T"":1791420854728,""s"":""ORCAUSDT"",""S"":""Sell"",""v"":""277.4"",""p"":""3.1461""}"
2026-10-08T00:54:14.996769Z,1791420854728,MINAUSDT,Sell,27129.6,0.09478,"{""T"":1791420854728,""s"":""MINAUSDT"",""S"":""Sell"",""v"":""27129.6"",""p"":""0.09478""}"
2026-10-08T00:54:35.491366Z,1791420875380,USUSDT,Sell,243200,0.014450,"{""T"":1791420875380,""s"":""USUSDT"",""S"":""Sell"",""v"":""243200"",""p"":""0.014450""}"
2026-10-08T00:56:26.318219Z,1791420985751,METUSDT,Sell,370.1,0.46320,"{""T"":1791420985751,""s"":""METUSDT"",""S"":""Sell"",""v"":""370.1"",""p"":""0.46320""}"
2026-10-08T00:56:59.460684Z,1791421018877,QNTUSDT,Buy,0.16,250.65,"{""T"":1791421018877,""s"":""QNTUSDT"",""S"":""Buy"",""v"":""0.16"",""p"":""250.65""}"
2026-10-08T00:56:59.460684Z,1791421019065,QNTUSDT,Buy,0.26,250.75,"{""T"":1791421019065,""s"":""QNTUSDT"",""S"":""Buy"",""v"":""0.26"",""p"":""250.75""}"
2026-10-08T00:57:04.419608Z,1791421024011,1000PEPEUSDT,Sell,2200,0.0041470,"{""T"":1791421024011,""s"":""1000PEPEUSDT"",""S"":""Sell"",""v"":""2200"",""p"":""0.0041470""}"
2026-10-08T00:57:15.640688Z,1791421035260,HEMIUSDT,Buy,24591,0.006318,"{""T"":1791421035260,""s"":""HEMIUSDT"",""S"":""Buy"",""v"":""24591"",""p"":""0.006318""}"
2026-10-08T00:57:20.140176Z,1791421039810,HEMIUSDT,Buy,23843,0.006303,"{""T"":1791421039810,""s"":""HEMIUSDT"",""S"":""Buy"",""v"":""23843"",""p"":""0.006303""}"
2026-10-08T00:57:32.416163Z,1791421052213,JUPUSDT,Sell,5944,0.37140,"{""T"":1791421052213,""s"":""JUPUSDT"",""S"":""Sell"",""v"":""5944"",""p"":""0.37140""}"
2026-10-08T00:57:35.140477Z,1791421055014,HEMIUSDT,Buy,8590,0.006299,"{""T"":1791421055014,""s"":""HEMIUSDT"",""S"":""Buy"",""v"":""8590"",""p"":""0.006299""}"
2026-10-08T00:57:42.833922Z,1791421062632,LONGXIAUSDT,Sell,1308,0.0449,"{""T"":1791421062632,""s"":""LONGXIAUSDT"",""S"":""Sell"",""v"":""1308"",""p"":""0.0449""}"
2026-10-08T00:57:46.833840Z,1791421066367,LONGXIAUSDT,Sell,242,0.0452,"{""T"":1791421066367,""s"":""LONGXIAUSDT"",""S"":""Sell"",""v"":""242"",""p"":""0.0452""}"
2026-10-08T00:57:46.833840Z,1791421066476,LONGXIAUSDT,Sell,564,0.0452,"{""T"":1791421066476,""s"":""LONGXIAUSDT"",""S"":""Sell"",""v"":""564"",""p"":""0.0452""}"
2026-10-08T00:58:02.353321Z,1791421081942,SANDUSDT,Sell,1159,0.07916,"{""T"":1791421081942,""s"":""SANDUSDT"",""S"":""Sell"",""v"":""1159"",""p"":""0.07916""}"
2026-10-08T00:59:05.520709Z,1791421145140,NMRUSDT,Sell,41.1,15.786,"{""T"":1791421145140,""s"":""NMRUSDT"",""S"":""Sell"",""v"":""41.1"",""p"":""15.786""}"
2026-10-08T00:59:06.020714Z,1791421145540,NMRUSDT,Sell,0.5,15.838,"{""T"":1791421145540,""s"":""NMRUSDT"",""S"":""Sell"",""v"":""0.5"",""p"":""15.838""}"
2026-10-08T00:59:21.520806Z,1791421161005,NMRUSDT,Sell,6.5,15.902,"{""T"":1791421161005,""s"":""NMRUSDT"",""S"":""Sell"",""v"":""6.5"",""p"":""15.902""}"
2026-10-08T00:59:29.818985Z,1791421169315,PUMPFUNUSDT,Sell,113400,0.0063290,"{""T"":1791421169315,""s"":""PUMPFUNUSDT"",""S"":""Sell"",""v"":""113400"",""p"":""0.0063290""}"
2026-10-08T00:59:29.852619Z,1791421169315,SANDUSDT,Sell,20036,0.07937,"{""T"":1791421169315,""s"":""SANDUSDT"",""S"":""Sell"",""v"":""20036"",""p"":""0.07937""}"
2026-10-08T00:59:32.853339Z,1791421172738,SANDUSDT,Sell,31993,0.07976,"{""T"":1791421172738,""s"":""SANDUSDT"",""S"":""Sell"",""v"":""31993"",""p"":""0.07976""}"
2026-10-08T00:59:41.852735Z,1791421181524,SANDUSDT,Sell,960,0.07998,"{""T"":1791421181524,""s"":""SANDUSDT"",""S"":""Sell"",""v"":""960"",""p"":""0.07998""}"
2026-10-08T00:59:51.853203Z,1791421191648,SANDUSDT,Sell,4443,0.08014,"{""T"":1791421191648,""s"":""SANDUSDT"",""S"":""Sell"",""v"":""4443"",""p"":""0.08014""}"
2026-10-08T01:00:10.995048Z,1791421210681,XAUUSDT,Sell,0.023,4141.93,"{""T"":1791421210681,""s"":""XAUUSDT"",""S"":""Sell"",""v"":""0.023"",""p"":""4141.93""}"
2026-10-08T01:00:16.352835Z,1791421215968,SANDUSDT,Buy,77621,0.07738,"{""T"":1791421215968,""s"":""SANDUSDT"",""S"":""Buy"",""v"":""77621"",""p"":""0.07738""}"
2026-10-08T01:00:18.491594Z,1791421217934,XAUUSDT,Sell,0.010,4142.75,"{""T"":1791421217934,""s"":""XAUUSDT"",""S"":""Sell"",""v"":""0.010"",""p"":""4142.75""}"
2026-10-08T01:00:21.991356Z,1791421221478,XAUUSDT,Sell,0.031,4144.24,"{""T"":1791421221478,""s"":""XAUUSDT"",""S"":""Sell"",""v"":""0.031"",""p"":""4144.24""}"
2026-10-08T01:00:29.491806Z,1791421229037,XAUUSDT,Sell,0.006,4146.83,"{""T"":1791421229037,""s"":""XAUUSDT"",""S"":""Sell"",""v"":""0.006"",""p"":""4146.83""}"
2026-10-08T01:00:35.491961Z,1791421234958,XAUUSDT,Sell,0.012,4147.97,"{""T"":1791421234958,""s"":""XAUUSDT"",""S"":""Sell"",""v"":""0.012"",""p"":""4147.97""}"
2026-10-08T01:01:31.491899Z,1791421290963,XAUUSDT,Sell,0.047,4148.47,"{""T"":1791421290963,""s"":""XAUUSDT"",""S"":""Sell"",""v"":""0.047"",""p"":""4148.47""}"
2026-10-08T01:01:32.991488Z,1791421292554,XAUUSDT,Sell,0.096,4149.02,"{""T"":1791421292554,""s"":""XAUUSDT"",""S"":""Sell"",""v"":""0.096"",""p"":""4149.02""}"
2026-10-08T01:01:47.461464Z,1791421307129,ETHUSDT,Sell,1.00,2586.12,"{""T"":1791421307129,""s"":""ETHUSDT"",""S"":""Sell"",""v"":""1.00"",""p"":""2586.12""}"
2026-10-08T01:01:55.991552Z,1791421315836,XAUUSDT,Sell,0.183,4149.49,"{""T"":1791421315836,""s"":""XAUUSDT"",""S"":""Sell"",""v"":""0.183"",""p"":""4149.49""}"
2026-10-08T01:02:11.570805Z,1791421331198,SOLUSDT,Sell,2.2,117.080,"{""T"":1791421331198,""s"":""SOLUSDT"",""S"":""Sell"",""v"":""2.2"",""p"":""117.080""}"
2026-10-08T01:02:28.995134Z,1791421348467,XAUUSDT,Sell,0.507,4151.07,"{""T"":1791421348467,""s"":""XAUUSDT"",""S"":""Sell"",""v"":""0.507"",""p"":""4151.07""}"
2026-10-08T01:02:29.991504Z,1791421349569,XAUUSDT,Sell,0.600,4151.43,"{""T"":1791421349569,""s"":""XAUUSDT"",""S"":""Sell"",""v"":""0.600"",""p"":""4151.43""}"
2026-10-08T01:02:35.002094Z,1791421354909,XAUTUSDT,Sell,0.060,4161.40,"{""T"":1791421354909,""s"":""XAUTUSDT"",""S"":""Sell"",""v"":""0.060"",""p"":""4161.40""}"
2026-10-08T01:02:36.834195Z,1791421356727,LONGXIAUSDT,Sell,364,0.0454,"{""T"":1791421356727,""s"":""LONGXIAUSDT"",""S"":""Sell"",""v"":""364"",""p"":""0.0454""}"
2026-10-08T01:02:36.992289Z,1791421356716,XAUUSDT,Sell,0.012,4152.17,"{""T"":1791421356716,""s"":""XAUUSDT"",""S"":""Sell"",""v"":""0.012"",""p"":""4152.17""}"
2026-10-08T01:02:37.991358Z,1791421357720,XAUUSDT,Sell,0.035,4152.52,"{""T"":1791421357720,""s"":""XAUUSDT"",""S"":""Sell"",""v"":""0.035"",""p"":""4152.52""}"
2026-10-08T01:02:38.991765Z,1791421358438,XAUUSDT,Sell,0.066,4152.63,"{""T"":1791421358438,""s"":""XAUUSDT"",""S"":""Sell"",""v"":""0.066"",""p"":""4152.63""}"
2026-10-08T01:02:45.353548Z,1791421364991,SANDUSDT,Buy,11506,0.07678,"{""T"":1791421364991,""s"":""SANDUSDT"",""S"":""Buy"",""v"":""11506"",""p"":""0.07678""}"
2026-10-08T01:02:50.834094Z,1791421370466,LONGXIAUSDT,Sell,2103,0.0454,"{""T"":1791421370466,""s"":""LONGXIAUSDT"",""S"":""Sell"",""v"":""2103"",""p"":""0.0454""}"
2026-10-08T01:02:52.568025Z,1791421372461,SOLUSDT,Sell,68.9,117.170,"{""T"":1791421372461,""s"":""SOLUSDT"",""S"":""Sell"",""v"":""68.9"",""p"":""117.170""}"
2026-10-08T01:02:52.852678Z,1791421372662,SANDUSDT,Buy,601,0.07682,"{""T"":1791421372662,""s"":""SANDUSDT"",""S"":""Buy"",""v"":""601"",""p"":""0.07682""}"
2026-10-08T01:02:52.960622Z,1791421372395,ETHUSDT,Sell,6.53,2588.47,"{""T"":1791421372395,""s"":""ETHUSDT"",""S"":""Sell"",""v"":""6.53"",""p"":""2588.47""}"
2026-10-08T01:02:52.960622Z,1791421372410,ETHUSDT,Sell,0.02,2587.87,"{""T"":1791421372410,""s"":""ETHUSDT"",""S"":""Sell"",""v"":""0.02"",""p"":""2587.87""}"
2026-10-08T01:02:52.960622Z,1791421372662,ETHUSDT,Sell,0.55,2589.40,"{""T"":1791421372662,""s"":""ETHUSDT"",""S"":""Sell"",""v"":""0.55"",""p"":""2589.40""}"
2026-10-08T01:03:02.501873Z,1791421382403,PENGUUSDT,Sell,3930,0.008823,"{""T"":1791421382403,""s"":""PENGUUSDT"",""S"":""Sell"",""v"":""3930"",""p"":""0.008823""}"
2026-10-08T01:03:03.460595Z,1791421382952,ETHUSDT,Sell,18.19,2590.19,"{""T"":1791421382952,""s"":""ETHUSDT"",""S"":""Sell"",""v"":""18.19"",""p"":""2590.19""}"
2026-10-08T01:03:03.460595Z,1791421383237,ETHUSDT,Sell,0.05,2590.27,"{""T"":1791421383237,""s"":""ETHUSDT"",""S"":""Sell"",""v"":""0.05"",""p"":""2590.27""}"
2026-10-08T01:03:42.992062Z,1791421422468,BTWUSDT,Sell,10,1.41069,"{""T"":1791421422468,""s"":""BTWUSDT"",""S"":""Sell"",""v"":""10"",""p"":""1.41069""}"
2026-10-08T01:04:24.419499Z,1791421464166,1000PEPEUSDT,Sell,19770000,0.0041550,"{""T"":1791421464166,""s"":""1000PEPEUSDT"",""S"":""Sell"",""v"":""19770000"",""p"":""0.0041550""}"
2026-10-08T01:04:25.419057Z,1791421465253,1000PEPEUSDT,Sell,519000,0.0041580,"{""T"":1791421465253,""s"":""1000PEPEUSDT"",""S"":""Sell"",""v"":""519000"",""p"":""0.0041580""}"
2026-10-08T01:04:25.919039Z,1791421465683,1000PEPEUSDT,Sell,8000,0.0041560,"{""T"":1791421465683,""s"":""1000PEPEUSDT"",""S"":""Sell"",""v"":""8000"",""p"":""0.0041560""}"
2026-10-08T01:04:33.843355Z,1791421473680,XRPUSDT,Sell,8.7,1.4322,"{""T"":1791421473680,""s"":""XRPUSDT"",""S"":""Sell"",""v"":""8.7"",""p"":""1.4322""}"
2026-10-08T01:04:52.320485Z,1791421492075,METUSDT,Sell,2339.3,0.46170,"{""T"":1791421492075,""s"":""METUSDT"",""S"":""Sell"",""v"":""2339.3"",""p"":""0.46170""}"
2026-10-08T01:04:52.640864Z,1791421492075,MOVRUSDT,Buy,158.4,1.9070,"{""T"":1791421492075,""s"":""MOVRUSDT"",""S"":""Buy"",""v"":""158.4"",""p"":""1.9070""}"
2026-10-08T01:05:04.068472Z,1791421503632,SOLUSDT,Sell,3.8,117.250,"{""T"":1791421503632,""s"":""SOLUSDT"",""S"":""Sell"",""v"":""3.8"",""p"":""117.250""}"
2026-10-08T01:05:18.491661Z,1791421517910,XAUUSDT,Sell,0.022,4153.97,"{""T"":1791421517910,""s"":""XAUUSDT"",""S"":""Sell"",""v"":""0.022"",""p"":""4153.97""}"
2026-10-08T01:05:33.343103Z,1791421533207,XRPUSDT,Sell,103.0,1.4334,"{""T"":1791421533207,""s"":""XRPUSDT"",""S"":""Sell"",""v"":""103.0"",""p"":""1.4334""}"
2026-10-08T01:05:33.842960Z,1791421533492,XRPUSDT,Sell,274.6,1.4333,"{""T"":1791421533492,""s"":""XRPUSDT"",""S"":""Sell"",""v"":""274.6"",""p"":""1.4333""}"
2026-10-08T01:05:34.570994Z,1791421534083,BTCUSDT,Sell,0.003,83715.20,"{""T"":1791421534083,""s"":""BTCUSDT"",""S"":""Sell"",""v"":""0.003"",""p"":""83715.20""}"
2026-10-08T01:05:35.070734Z,1791421534715,BTCUSDT,Sell,0.023,83718.30,"{""T"":1791421534715,""s"":""BTCUSDT"",""S"":""Sell"",""v"":""0.023"",""p"":""83718.30""}"
2026-10-08T01:05:40.570840Z,1791421540449,BTCUSDT,Sell,0.090,83731.20,"{""T"":1791421540449,""s"":""BTCUSDT"",""S"":""Sell"",""v"":""0.090"",""p"":""83731.20""}"
2026-10-08T01:05:41.342779Z,1791421540853,XRPUSDT,Sell,1169.6,1.4345,"{""T"":1791421540853,""s"":""XRPUSDT"",""S"":""Sell"",""v"":""1169.6"",""p"":""1.4345""}"
2026-10-08T01:05:41.960724Z,1791421541488,ETHUSDT,Sell,0.80,2591.74,"{""T"":1791421541488,""s"":""ETHUSDT"",""S"":""Sell"",""v"":""0.80"",""p"":""2591.74""}"
2026-10-08T01:05:43.067775Z,1791421542973,SOLUSDT,Sell,2.4,117.290,"{""T"":1791421542973,""s"":""SOLUSDT"",""S"":""Sell"",""v"":""2.4"",""p"":""117.290""}"
2026-10-08T01:05:43.991233Z,1791421543496,BTWUSDT,Sell,10,1.41357,"{""T"":1791421543496,""s"":""BTWUSDT"",""S"":""Sell"",""v"":""10"",""p"":""1.41357""}"
2026-10-08T01:05:44.491538Z,1791421544278,BTWUSDT,Sell,90,1.41396,"{""T"":1791421544278,""s"":""BTWUSDT"",""S"":""Sell"",""v"":""90"",""p"":""1.41396""}"
2026-10-08T01:05:45.491659Z,1791421545122,BTWUSDT,Sell,70,1.41460,"{""T"":1791421545122,""s"":""BTWUSDT"",""S"":""Sell"",""v"":""70"",""p"":""1.41460""}"
2026-10-08T01:06:23.960999Z,1791421583372,ETHUSDT,Sell,0.27,2592.70,"{""T"":1791421583372,""s"":""ETHUSDT"",""S"":""Sell"",""v"":""0.27"",""p"":""2592.70""}"
2026-10-08T01:06:23.960999Z,1791421583575,ETHUSDT,Sell,0.24,2592.63,"{""T"":1791421583575,""s"":""ETHUSDT"",""S"":""Sell"",""v"":""0.24"",""p"":""2592.63""}"
2026-10-08T01:06:25.461493Z,1791421584946,ETHUSDT,Sell,8.65,2592.92,"{""T"":1791421584946,""s"":""ETHUSDT"",""S"":""Sell"",""v"":""8.65"",""p"":""2592.92""}"
2026-10-08T01:06:26.491569Z,1791421586241,XAUUSDT,Sell,0.101,4155.69,"{""T"":1791421586241,""s"":""XAUUSDT"",""S"":""Sell"",""v"":""0.101"",""p"":""4155.69""}"
2026-10-08T01:06:34.830199Z,1791421594659,FARTCOINUSDT,Sell,4669,0.16452,"{""T"":1791421594659,""s"":""FARTCOINUSDT"",""S"":""Sell"",""v"":""4669"",""p"":""0.16452""}"
2026-10-08T01:06:39.568282Z,1791421599002,SOLUSDT,Sell,13.4,117.300,"{""T"":1791421599002,""s"":""SOLUSDT"",""S"":""Sell"",""v"":""13.4"",""p"":""117.300""}"
2026-10-08T01:07:18.090182Z,1791421637741,XMRUSDT,Sell,0.56,564.69,"{""T"":1791421637741,""s"":""XMRUSDT"",""S"":""Sell"",""v"":""0.56"",""p"":""564.69""}"
2026-10-08T01:07:21.418926Z,1791421641072,ZECUSDT,Sell,0.49,1341.47,"{""T"":1791421641072,""s"":""ZECUSDT"",""S"":""Sell"",""v"":""0.49"",""p"":""1341.47""}"
2026-10-08T01:07:32.343767Z,1791421652181,XRPUSDT,Sell,581.1,1.4350,"{""T"":1791421652181,""s"":""XRPUSDT"",""S"":""Sell"",""v"":""581.1"",""p"":""1.4350""}"
2026-10-08T01:07:53.353147Z,1791421672940,SANDUSDT,Buy,86798,0.07532,"{""T"":1791421672940,""s"":""SANDUSDT"",""S"":""Buy"",""v"":""86798"",""p"":""0.07532""}"
2026-10-08T01:07:53.353147Z,1791421672988,SANDUSDT,Buy,6042,0.07586,"{""T"":1791421672988,""s"":""SANDUSDT"",""S"":""Buy"",""v"":""6042"",""p"":""0.07586""}"
2026-10-08T01:07:53.353147Z,1791421673057,SANDUSDT,Buy,363,0.07511,"{""T"":1791421673057,""s"":""SANDUSDT"",""S"":""Buy"",""v"":""363"",""p"":""0.07511""}"
2026-10-08T01:07:53.353147Z,1791421673079,SANDUSDT,Buy,30000,0.07586,"{""T"":1791421673079,""s"":""SANDUSDT"",""S"":""Buy"",""v"":""30000"",""p"":""0.07586""}"
2026-10-08T01:07:53.353147Z,1791421673102,SANDUSDT,Buy,10677,0.07559,"{""T"":1791421673102,""s"":""SANDUSDT"",""S"":""Buy"",""v"":""10677"",""p"":""0.07559""}"
2026-10-08T01:07:53.353147Z,1791421673133,SANDUSDT,Buy,130,0.07546,"{""T"":1791421673133,""s"":""SANDUSDT"",""S"":""Buy"",""v"":""130"",""p"":""0.07546""}"
2026-10-08T01:07:53.501801Z,1791421673096,PENGUUSDT,Sell,3510,0.008852,"{""T"":1791421673096,""s"":""PENGUUSDT"",""S"":""Sell"",""v"":""3510"",""p"":""0.008852""}"
2026-10-08T01:07:53.853020Z,1791421673300,SANDUSDT,Buy,262,0.07506,"{""T"":1791421673300,""s"":""SANDUSDT"",""S"":""Buy"",""v"":""262"",""p"":""0.07506""}"
2026-10-08T01:07:53.853020Z,1791421673336,SANDUSDT,Buy,37594,0.07526,"{""T"":1791421673336,""s"":""SANDUSDT"",""S"":""Buy"",""v"":""37594"",""p"":""0.07526""}"
2026-10-08T01:07:53.853020Z,1791421673379,SANDUSDT,Buy,790,0.07577,"{""T"":1791421673379,""s"":""SANDUSDT"",""S"":""Buy"",""v"":""790"",""p"":""0.07577""}"
2026-10-08T01:07:53.853020Z,1791421673422,SANDUSDT,Buy,443,0.07529,"{""T"":1791421673422,""s"":""SANDUSDT"",""S"":""Buy"",""v"":""443"",""p"":""0.07529""}"
2026-10-08T01:07:53.853020Z,1791421673430,SANDUSDT,Buy,3992,0.07514,"{""T"":1791421673430,""s"":""SANDUSDT"",""S"":""Buy"",""v"":""3992"",""p"":""0.07514""}"
2026-10-08T01:07:53.853020Z,1791421673453,SANDUSDT,Buy,32998,0.07559,"{""T"":1791421673453,""s"":""SANDUSDT"",""S"":""Buy"",""v"":""32998"",""p"":""0.07559""}"
2026-10-08T01:07:53.853020Z,1791421673484,SANDUSDT,Buy,1104,0.07575,"{""T"":1791421673484,""s"":""SANDUSDT"",""S"":""Buy"",""v"":""1104"",""p"":""0.07575""}"
2026-10-08T01:07:53.853020Z,1791421673519,SANDUSDT,Buy,258,0.07563,"{""T"":1791421673519,""s"":""SANDUSDT"",""S"":""Buy"",""v"":""258"",""p"":""0.07563""}"
2026-10-08T01:07:53.853020Z,1791421673559,SANDUSDT,Buy,3211,0.07509,"{""T"":1791421673559,""s"":""SANDUSDT"",""S"":""Buy"",""v"":""3211"",""p"":""0.07509""}"
2026-10-08T01:07:53.853020Z,1791421673561,SANDUSDT,Buy,1200,0.07505,"{""T"":1791421673561,""s"":""SANDUSDT"",""S"":""Buy"",""v"":""1200"",""p"":""0.07505""}"
2026-10-08T01:07:53.853020Z,1791421673633,SANDUSDT,Buy,12792,0.07510,"{""T"":1791421673633,""s"":""SANDUSDT"",""S"":""Buy"",""v"":""12792"",""p"":""0.07510""}"
2026-10-08T01:07:53.853020Z,1791421673648,SANDUSDT,Buy,3751,0.07505,"{""T"":1791421673648,""s"":""SANDUSDT"",""S"":""Buy"",""v"":""3751"",""p"":""0.07505""}"
2026-10-08T01:07:53.853020Z,1791421673648,SANDUSDT,Buy,37594,0.07526,"{""T"":1791421673648,""s"":""SANDUSDT"",""S"":""Buy"",""v"":""37594"",""p"":""0.07526""}"
2026-10-08T01:07:53.853020Z,1791421673680,SANDUSDT,Buy,62491,0.07500,"{""T"":1791421673680,""s"":""SANDUSDT"",""S"":""Buy"",""v"":""62491"",""p"":""0.07500""}"
2026-10-08T01:07:53.853020Z,1791421673717,SANDUSDT,Buy,19716,0.07507,"{""T"":1791421673717,""s"":""SANDUSDT"",""S"":""Buy"",""v"":""19716"",""p"":""0.07507""}"
2026-10-08T01:07:53.991368Z,1791421673561,ORCAUSDT,Sell,14.0,3.1022,"{""T"":1791421673561,""s"":""ORCAUSDT"",""S"":""Sell"",""v"":""14.0"",""p"":""3.1022""}"
2026-10-08T01:07:54.002044Z,1791421673561,RLCUSDT,Sell,2.0,0.7009,"{""T"":1791421673561,""s"":""RLCUSDT"",""S"":""Sell"",""v"":""2.0"",""p"":""0.7009""}"
2026-10-08T01:07:54.352685Z,1791421673815,SANDUSDT,Buy,26726,0.07538,"{""T"":1791421673815,""s"":""SANDUSDT"",""S"":""Buy"",""v"":""26726"",""p"":""0.07538""}"
2026-10-08T01:07:55.852658Z,1791421675305,SANDUSDT,Sell,262,0.07668,"{""T"":1791421675305,""s"":""SANDUSDT"",""S"":""Sell"",""v"":""262"",""p"":""0.07668""}"
2026-10-08T01:08:08.492143Z,1791421688108,USUSDT,Sell,163890,0.014510,"{""T"":1791421688108,""s"":""USUSDT"",""S"":""Sell"",""v"":""163890"",""p"":""0.014510""}"
2026-10-08T01:08:31.497356Z,1791421711275,MINAUSDT,Sell,440.0,0.09724,"{""T"":1791421711275,""s"":""MINAUSDT"",""S"":""Sell"",""v"":""440.0"",""p"":""0.09724""}"
2026-10-08T01:09:31.818520Z,1791421771266,METUSDT,Buy,658.9,0.43580,"{""T"":1791421771266,""s"":""METUSDT"",""S"":""Buy"",""v"":""658.9"",""p"":""0.43580""}"
2026-10-08T01:10:13.856869Z,1791421813465,SANDUSDT,Sell,6794,0.07738,"{""T"":1791421813465,""s"":""SANDUSDT"",""S"":""Sell"",""v"":""6794"",""p"":""0.07738""}"
2026-10-08T01:10:19.352726Z,1791421818796,SANDUSDT,Sell,893,0.07746,"{""T"":1791421818796,""s"":""SANDUSDT"",""S"":""Sell"",""v"":""893"",""p"":""0.07746""}"
2026-10-08T01:11:52.960512Z,1791421912661,QNTUSDT,Buy,1.24,248.88,"{""T"":1791421912661,""s"":""QNTUSDT"",""S"":""Buy"",""v"":""1.24"",""p"":""248.88""}"
2026-10-08T01:12:27.521058Z,1791421947339,NEARUSDT,Sell,16.8,5.4200,"{""T"":1791421947339,""s"":""NEARUSDT"",""S"":""Sell"",""v"":""16.8"",""p"":""5.4200""}"
2026-10-08T01:12:55.318208Z,1791421975105,METUSDT,Sell,15.4,0.46330,"{""T"":1791421975105,""s"":""METUSDT"",""S"":""Sell"",""v"":""15.4"",""p"":""0.46330""}"
2026-10-08T01:13:05.818541Z,1791421985379,METUSDT,Sell,2267.0,0.46530,"{""T"":1791421985379,""s"":""METUSDT"",""S"":""Sell"",""v"":""2267.0"",""p"":""0.46530""}"
2026-10-08T01:13:48.913008Z,1791422028452,JUPUSDT,Sell,2944,0.37460,"{""T"":1791422028452,""s"":""JUPUSDT"",""S"":""Sell"",""v"":""2944"",""p"":""0.37460""}"
2026-10-08T01:14:20.020710Z,1791422059441,NEARUSDT,Sell,31.6,5.4530,"{""T"":1791422059441,""s"":""NEARUSDT"",""S"":""Sell"",""v"":""31.6"",""p"":""5.4530""}"
2026-10-08T01:14:20.521363Z,1791422060280,NEARUSDT,Sell,105.2,5.4600,"{""T"":1791422060280,""s"":""NEARUSDT"",""S"":""Sell"",""v"":""105.2"",""p"":""5.4600""}"
2026-10-08T01:14:28.412758Z,1791422068302,JUPUSDT,Sell,3343,0.37540,"{""T"":1791422068302,""s"":""JUPUSDT"",""S"":""Sell"",""v"":""3343"",""p"":""0.37540""}"
2026-10-08T01:14:30.853681Z,1791422070668,SANDUSDT,Buy,49213,0.07596,"{""T"":1791422070668,""s"":""SANDUSDT"",""S"":""Buy"",""v"":""49213"",""p"":""0.07596""}"
2026-10-08T01:14:36.412813Z,1791422076059,JUPUSDT,Sell,415,0.37600,"{""T"":1791422076059,""s"":""JUPUSDT"",""S"":""Sell"",""v"":""415"",""p"":""0.37600""}"
2026-10-08T01:14:39.412749Z,1791422079018,TIAUSDT,Sell,500.0,0.4827,"{""T"":1791422079018,""s"":""TIAUSDT"",""S"":""Sell"",""v"":""500.0"",""p"":""0.4827""}"
2026-10-08T01:14:39.501605Z,1791422079018,LINKUSDT,Sell,20.0,13.423,"{""T"":1791422079018,""s"":""LINKUSDT"",""S"":""Sell"",""v"":""20.0"",""p"":""13.423""}"
2026-10-08T01:14:39.520987Z,1791422079018,NEARUSDT,Sell,50.0,5.4770,"{""T"":1791422079018,""s"":""NEARUSDT"",""S"":""Sell"",""v"":""50.0"",""p"":""5.4770""}"
2026-10-08T01:14:39.567819Z,1791422079018,SOLUSDT,Sell,4.0,117.160,"{""T"":1791422079018,""s"":""SOLUSDT"",""S"":""Sell"",""v"":""4.0"",""p"":""117.160""}"
2026-10-08T01:14:50.864533Z,1791422090507,APTUSDT,Sell,45.60,0.7827,"{""T"":1791422090507,""s"":""APTUSDT"",""S"":""Sell"",""v"":""45.60"",""p"":""0.7827""}"
2026-10-08T01:14:51.996772Z,1791422091597,MINAUSDT,Sell,7517.1,0.09916,"{""T"":1791422091597,""s"":""MINAUSDT"",""S"":""Sell"",""v"":""7517.1"",""p"":""0.09916""}"
2026-10-08T01:14:51.996772Z,1791422091815,MINAUSDT,Sell,158.1,0.09912,"{""T"":1791422091815,""s"":""MINAUSDT"",""S"":""Sell"",""v"":""158.1"",""p"":""0.09912""}"
2026-10-08T01:14:52.497162Z,1791422092053,MINAUSDT,Sell,997.7,0.09918,"{""T"":1791422092053,""s"":""MINAUSDT"",""S"":""Sell"",""v"":""997.7"",""p"":""0.09918""}"
2026-10-08T01:14:55.020807Z,1791422094448,NEARUSDT,Sell,343.2,5.4910,"{""T"":1791422094448,""s"":""NEARUSDT"",""S"":""Sell"",""v"":""343.2"",""p"":""5.4910""}"
2026-10-08T01:14:55.020807Z,1791422094630,NEARUSDT,Sell,4.3,5.4940,"{""T"":1791422094630,""s"":""NEARUSDT"",""S"":""Sell"",""v"":""4.3"",""p"":""5.4940""}"
2026-10-08T01:14:55.020807Z,1791422094689,NEARUSDT,Sell,18.0,5.4930,"{""T"":1791422094689,""s"":""NEARUSDT"",""S"":""Sell"",""v"":""18.0"",""p"":""5.4930""}"
2026-10-08T01:14:55.020807Z,1791422094753,NEARUSDT,Sell,350.0,5.4920,"{""T"":1791422094753,""s"":""NEARUSDT"",""S"":""Sell"",""v"":""350.0"",""p"":""5.4920""}"
2026-10-08T01:14:55.521295Z,1791422095200,NEARUSDT,Sell,291.0,5.4960,"{""T"":1791422095200,""s"":""NEARUSDT"",""S"":""Sell"",""v"":""291.0"",""p"":""5.4960""}"
2026-10-08T01:14:55.521295Z,1791422095270,NEARUSDT,Sell,465.0,5.4910,"{""T"":1791422095270,""s"":""NEARUSDT"",""S"":""Sell"",""v"":""465.0"",""p"":""5.4910""}"
2026-10-08T01:14:56.997006Z,1791422096543,MINAUSDT,Sell,1208.2,0.09938,"{""T"":1791422096543,""s"":""MINAUSDT"",""S"":""Sell"",""v"":""1208.2"",""p"":""0.09938""}"
2026-10-08T01:15:48.356729Z,1791422147937,SANDUSDT,Buy,27924,0.07563,"{""T"":1791422147937,""s"":""SANDUSDT"",""S"":""Buy"",""v"":""27924"",""p"":""0.07563""}"
2026-10-08T01:15:53.491453Z,1791422153122,ORCAUSDT,Buy,5.6,2.8920,"{""T"":1791422153122,""s"":""ORCAUSDT"",""S"":""Buy"",""v"":""5.6"",""p"":""2.8920""}"
2026-10-08T01:16:00.991202Z,1791422160605,ORCAUSDT,Buy,2.0,2.8704,"{""T"":1791422160605,""s"":""ORCAUSDT"",""S"":""Buy"",""v"":""2.0"",""p"":""2.8704""}"
2026-10-08T01:17:13.318227Z,1791422232888,PUMPFUNUSDT,Buy,174100,0.0062320,"{""T"":1791422232888,""s"":""PUMPFUNUSDT"",""S"":""Buy"",""v"":""174100"",""p"":""0.0062320""}"
2026-10-08T01:17:15.491246Z,1791422235357,SOXLUSDT,Sell,40.00,160.84,"{""T"":1791422235357,""s"":""SOXLUSDT"",""S"":""Sell"",""v"":""40.00"",""p"":""160.84""}"
2026-10-08T01:17:15.913083Z,1791422235357,KORUUSDT,Sell,239.50,20.38,"{""T"":1791422235357,""s"":""KORUUSDT"",""S"":""Sell"",""v"":""239.50"",""p"":""20.38""}"
2026-10-08T01:17:46.842605Z,1791422266252,XRPUSDT,Sell,553.2,1.4358,"{""T"":1791422266252,""s"":""XRPUSDT"",""S"":""Sell"",""v"":""553.2"",""p"":""1.4358""}"
2026-10-08T01:17:48.068821Z,1791422267763,SOLUSDT,Sell,73.7,117.330,"{""T"":1791422267763,""s"":""SOLUSDT"",""S"":""Sell"",""v"":""73.7"",""p"":""117.330""}"
2026-10-08T01:18:22.334740Z,1791422302173,LONGXIAUSDT,Sell,6166,0.0467,"{""T"":1791422302173,""s"":""LONGXIAUSDT"",""S"":""Sell"",""v"":""6166"",""p"":""0.0467""}"
2026-10-08T01:18:49.021266Z,1791422328873,NEARUSDT,Buy,235.1,5.3680,"{""T"":1791422328873,""s"":""NEARUSDT"",""S"":""Buy"",""v"":""235.1"",""p"":""5.3680""}"
2026-10-08T01:19:19.991269Z,1791422359635,BTWUSDT,Sell,20,1.41773,"{""T"":1791422359635,""s"":""BTWUSDT"",""S"":""Sell"",""v"":""20"",""p"":""1.41773""}"
2026-10-08T01:19:34.991423Z,1791422374531,CLUSDT,Sell,7.00,89.660,"{""T"":1791422374531,""s"":""CLUSDT"",""S"":""Sell"",""v"":""7.00"",""p"":""89.660""}"
2026-10-08T01:21:16.853608Z,1791422476386,SANDUSDT,Buy,2832,0.07545,"{""T"":1791422476386,""s"":""SANDUSDT"",""S"":""Buy"",""v"":""2832"",""p"":""0.07545""}"
2026-10-08T01:21:47.501529Z,1791422507084,RLCUSDT,Buy,223.8,0.6574,"{""T"":1791422507084,""s"":""RLCUSDT"",""S"":""Buy"",""v"":""223.8"",""p"":""0.6574""}"
2026-10-08T01:21:52.461049Z,1791422511950,ETHUSDT,Buy,1.02,2567.20,"{""T"":1791422511950,""s"":""ETHUSDT"",""S"":""Buy"",""v"":""1.02"",""p"":""2567.20""}"
2026-10-08T01:22:09.919642Z,1791422529466,1000PEPEUSDT,Buy,600,0.0040570,"{""T"":1791422529466,""s"":""1000PEPEUSDT"",""S"":""Buy"",""v"":""600"",""p"":""0.0040570""}"
2026-10-08T01:22:12.412542Z,1791422531882,CRVUSDT,Buy,69.3,0.3847,"{""T"":1791422531882,""s"":""CRVUSDT"",""S"":""Buy"",""v"":""69.3"",""p"":""0.3847""}"
2026-10-08T01:22:31.571480Z,1791422551023,BTCUSDT,Buy,0.016,82858.80,"{""T"":1791422551023,""s"":""BTCUSDT"",""S"":""Buy"",""v"":""0.016"",""p"":""82858.80""}"
2026-10-08T01:23:01.991360Z,1791422581517,BTWUSDT,Sell,10,1.42453,"{""T"":1791422581517,""s"":""BTWUSDT"",""S"":""Sell"",""v"":""10"",""p"":""1.42453""}"
2026-10-08T01:23:22.071044Z,1791422601547,BTCUSDT,Buy,0.043,82848.90,"{""T"":1791422601547,""s"":""BTCUSDT"",""S"":""Buy"",""v"":""0.043"",""p"":""82848.90""}"
2026-10-08T01:24:18.501919Z,1791422658164,RLCUSDT,Sell,6.7,0.6836,"{""T"":1791422658164,""s"":""RLCUSDT"",""S"":""Sell"",""v"":""6.7"",""p"":""0.6836""}"
2026-10-08T01:28:39.318398Z,1791422919062,METUSDT,Sell,575.6,0.46870,"{""T"":1791422919062,""s"":""METUSDT"",""S"":""Sell"",""v"":""575.6"",""p"":""0.46870""}"
2026-10-08T01:30:04.497560Z,1791423003917,MINAUSDT,Sell,3859.7,0.09968,"{""T"":1791423003917,""s"":""MINAUSDT"",""S"":""Sell"",""v"":""3859.7"",""p"":""0.09968""}"
2026-10-08T01:30:22.413706Z,1791423022226,ZHIPUUSDT,Buy,427.06,84.48,"{""T"":1791423022226,""s"":""ZHIPUUSDT"",""S"":""Buy"",""v"":""427.06"",""p"":""84.48""}"
2026-10-08T01:30:47.997305Z,1791423047740,MINAUSDT,Sell,11363.8,0.09973,"{""T"":1791423047740,""s"":""MINAUSDT"",""S"":""Sell"",""v"":""11363.8"",""p"":""0.09973""}"
2026-10-08T01:33:01.318038Z,1791423181064,METUSDT,Sell,842.9,0.46950,"{""T"":1791423181064,""s"":""METUSDT"",""S"":""Sell"",""v"":""842.9"",""p"":""0.46950""}"
2026-10-08T01:33:01.818144Z,1791423181502,METUSDT,Sell,50.3,0.47040,"{""T"":1791423181502,""s"":""METUSDT"",""S"":""Sell"",""v"":""50.3"",""p"":""0.47040""}"
2026-10-08T01:33:27.501101Z,1791423207249,GRIFFAINUSDT,Buy,110207,0.016291,"{""T"":1791423207249,""s"":""GRIFFAINUSDT"",""S"":""Buy"",""v"":""110207"",""p"":""0.016291""}"
2026-10-08T01:34:17.492189Z,1791423257388,CLUSDT,Buy,1.97,88.680,"{""T"":1791423257388,""s"":""CLUSDT"",""S"":""Buy"",""v"":""1.97"",""p"":""88.680""}"
2026-10-08T01:34:24.354006Z,1791423264049,SANDUSDT,Sell,4918,0.07716,"{""T"":1791423264049,""s"":""SANDUSDT"",""S"":""Sell"",""v"":""4918"",""p"":""0.07716""}"
2026-10-08T01:34:26.817651Z,1791423266616,METUSDT,Sell,52.2,0.47070,"{""T"":1791423266616,""s"":""METUSDT"",""S"":""Sell"",""v"":""52.2"",""p"":""0.47070""}"
2026-10-08T01:35:48.913090Z,1791423348460,ZHIPUUSDT,Sell,9.76,88.63,"{""T"":1791423348460,""s"":""ZHIPUUSDT"",""S"":""Sell"",""v"":""9.76"",""p"":""88.63""}"
2026-10-08T01:36:53.318045Z,1791423412823,METUSDT,Sell,3370.9,0.47530,"{""T"":1791423412823,""s"":""METUSDT"",""S"":""Sell"",""v"":""3370.9"",""p"":""0.47530""}"
2026-10-08T01:37:00.817589Z,1791423420514,METUSDT,Sell,417.2,0.47710,"{""T"":1791423420514,""s"":""METUSDT"",""S"":""Sell"",""v"":""417.2"",""p"":""0.47710""}"
2026-10-08T01:38:12.837759Z,1791423492506,LONGXIAUSDT,Sell,1296,0.0473,"{""T"":1791423492506,""s"":""LONGXIAUSDT"",""S"":""Sell"",""v"":""1296"",""p"":""0.0473""}"
2026-10-08T01:38:44.833609Z,1791423524375,LONGXIAUSDT,Sell,33276,0.0479,"{""T"":1791423524375,""s"":""LONGXIAUSDT"",""S"":""Sell"",""v"":""33276"",""p"":""0.0479""}"
2026-10-08T01:38:45.333545Z,1791423524891,LONGXIAUSDT,Sell,2118,0.0478,"{""T"":1791423524891,""s"":""LONGXIAUSDT"",""S"":""Sell"",""v"":""2118"",""p"":""0.0478""}"
2026-10-08T01:40:28.001817Z,1791423627527,STXUSDT,Buy,129.4,0.36370,"{""T"":1791423627527,""s"":""STXUSDT"",""S"":""Buy"",""v"":""129.4"",""p"":""0.36370""}"
2026-10-08T01:41:23.319340Z,1791423682796,METUSDT,Buy,747.9,0.44780,"{""T"":1791423682796,""s"":""METUSDT"",""S"":""Buy"",""v"":""747.9"",""p"":""0.44780""}"
2026-10-08T01:41:38.494583Z,1791423698039,WUSDT,Buy,55575.6,0.016634,"{""T"":1791423698039,""s"":""WUSDT"",""S"":""Buy"",""v"":""55575.6"",""p"":""0.016634""}"
2026-10-08T01:43:43.918707Z,1791423823806,ARBUSDT,Buy,192.4,0.18440,"{""T"":1791423823806,""s"":""ARBUSDT"",""S"":""Buy"",""v"":""192.4"",""p"":""0.18440""}"
2026-10-08T01:43:45.842093Z,1791423825627,XRPUSDT,Buy,700.7,1.4180,"{""T"":1791423825627,""s"":""XRPUSDT"",""S"":""Buy"",""v"":""700.7"",""p"":""1.4180""}"
2026-10-08T01:43:45.991796Z,1791423825627,ZROUSDT,Buy,487.7,2.2069,"{""T"":1791423825627,""s"":""ZROUSDT"",""S"":""Buy"",""v"":""487.7"",""p"":""2.2069""}"
2026-10-08T01:43:45.992273Z,1791423825627,XAGUSDT,Buy,19.815,60.12,"{""T"":1791423825627,""s"":""XAGUSDT"",""S"":""Buy"",""v"":""19.815"",""p"":""60.12""}"
2026-10-08T01:43:46.021353Z,1791423825627,NEARUSDT,Buy,279.3,5.3180,"{""T"":1791423825627,""s"":""NEARUSDT"",""S"":""Buy"",""v"":""279.3"",""p"":""5.3180""}"
2026-10-08T01:45:19.001285Z,1791423918427,RLCUSDT,Sell,185.2,0.7004,"{""T"":1791423918427,""s"":""RLCUSDT"",""S"":""Sell"",""v"":""185.2"",""p"":""0.7004""}"
2026-10-08T01:45:44.333950Z,1791423943799,FARTCOINUSDT,Buy,27907,0.15867,"{""T"":1791423943799,""s"":""FARTCOINUSDT"",""S"":""Buy"",""v"":""27907"",""p"":""0.15867""}"
2026-10-08T01:45:47.497102Z,1791423947057,SUIUSDT,Buy,1240,1.12010,"{""T"":1791423947057,""s"":""SUIUSDT"",""S"":""Buy"",""v"":""1240"",""p"":""1.12010""}"
2026-10-08T01:46:01.830458Z,1791423961571,ENAUSDT,Buy,6824,0.22234,"{""T"":1791423961571,""s"":""ENAUSDT"",""S"":""Buy"",""v"":""6824"",""p"":""0.22234""}"
2026-10-08T01:47:33.491544Z,1791424053361,XAUUSDT,Sell,0.024,4156.07,"{""T"":1791424053361,""s"":""XAUUSDT"",""S"":""Sell"",""v"":""0.024"",""p"":""4156.07""}"
2026-10-08T01:48:54.501412Z,1791424134331,GRIFFAINUSDT,Buy,4379,0.016037,"{""T"":1791424134331,""s"":""GRIFFAINUSDT"",""S"":""Buy"",""v"":""4379"",""p"":""0.016037""}"
2026-10-08T01:48:59.500996Z,1791424139150,RLCUSDT,Buy,979.2,0.6460,"{""T"":1791424139150,""s"":""RLCUSDT"",""S"":""Buy"",""v"":""979.2"",""p"":""0.6460""}"
2026-10-08T01:49:05.501750Z,1791424145093,RLCUSDT,Buy,798.0,0.6393,"{""T"":1791424145093,""s"":""RLCUSDT"",""S"":""Buy"",""v"":""798.0"",""p"":""0.6393""}"
2026-10-08T01:49:05.501750Z,1791424145139,RLCUSDT,Buy,25.8,0.6440,"{""T"":1791424145139,""s"":""RLCUSDT"",""S"":""Buy"",""v"":""25.8"",""p"":""0.6440""}"
2026-10-08T01:49:05.501750Z,1791424145152,RLCUSDT,Buy,2666.6,0.6429,"{""T"":1791424145152,""s"":""RLCUSDT"",""S"":""Buy"",""v"":""2666.6"",""p"":""0.6429""}"
2026-10-08T01:49:05.501750Z,1791424145369,RLCUSDT,Buy,15.7,0.6425,"{""T"":1791424145369,""s"":""RLCUSDT"",""S"":""Buy"",""v"":""15.7"",""p"":""0.6425""}"
2026-10-08T01:49:06.501388Z,1791424146018,RLCUSDT,Buy,30.0,0.6366,"{""T"":1791424146018,""s"":""RLCUSDT"",""S"":""Buy"",""v"":""30.0"",""p"":""0.6366""}"
2026-10-08T01:50:12.497329Z,1791424212151,MINAUSDT,Buy,10000.0,0.09395,"{""T"":1791424212151,""s"":""MINAUSDT"",""S"":""Buy"",""v"":""10000.0"",""p"":""0.09395""}"
2026-10-08T01:50:12.500889Z,1791424212151,GRIFFAINUSDT,Buy,100000,0.015771,"{""T"":1791424212151,""s"":""GRIFFAINUSDT"",""S"":""Buy"",""v"":""100000"",""p"":""0.015771""}"
2026-10-08T01:50:12.500889Z,1791424212385,GRIFFAINUSDT,Buy,1772,0.015763,"{""T"":1791424212385,""s"":""GRIFFAINUSDT"",""S"":""Buy"",""v"":""1772"",""p"":""0.015763""}"
2026-10-08T01:50:12.864584Z,1791424212385,GRAMUSDT,Buy,19.4,1.4210,"{""T"":1791424212385,""s"":""GRAMUSDT"",""S"":""Buy"",""v"":""19.4"",""p"":""1.4210""}"
2026-10-08T01:51:03.419063Z,1791424262837,ZECUSDT,Buy,0.46,1313.94,"{""T"":1791424262837,""s"":""ZECUSDT"",""S"":""Buy"",""v"":""0.46"",""p"":""1313.94""}"
2026-10-08T01:52:24.333764Z,1791424343981,PONSUSDT,Buy,51,0.3707,"{""T"":1791424343981,""s"":""PONSUSDT"",""S"":""Buy"",""v"":""51"",""p"":""0.3707""}"
2026-10-08T01:53:17.913239Z,1791424397628,ZHIPUUSDT,Buy,6.28,82.27,"{""T"":1791424397628,""s"":""ZHIPUUSDT"",""S"":""Buy"",""v"":""6.28"",""p"":""82.27""}"
2026-10-08T01:53:18.913271Z,1791424398730,ZHIPUUSDT,Buy,3.28,82.23,"{""T"":1791424398730,""s"":""ZHIPUUSDT"",""S"":""Buy"",""v"":""3.28"",""p"":""82.23""}"
2026-10-08T01:53:19.521036Z,1791424399173,NEARUSDT,Buy,2.9,5.3010,"{""T"":1791424399173,""s"":""NEARUSDT"",""S"":""Buy"",""v"":""2.9"",""p"":""5.3010""}"
2026-10-08T01:53:31.834668Z,1791424411305,LONGXIAUSDT,Sell,468,0.0485,"{""T"":1791424411305,""s"":""LONGXIAUSDT"",""S"":""Sell"",""v"":""468"",""p"":""0.0485""}"
2026-10-08T01:53:33.334118Z,1791424412995,LONGXIAUSDT,Sell,169491,0.0486,"{""T"":1791424412995,""s"":""LONGXIAUSDT"",""S"":""Sell"",""v"":""169491"",""p"":""0.0486""}"
2026-10-08T01:53:35.021590Z,1791424414623,NEARUSDT,Buy,73.5,5.2930,"{""T"":1791424414623,""s"":""NEARUSDT"",""S"":""Buy"",""v"":""73.5"",""p"":""5.2930""}"
2026-10-08T01:53:36.833478Z,1791424416623,LONGXIAUSDT,Sell,153,0.0488,"{""T"":1791424416623,""s"":""LONGXIAUSDT"",""S"":""Sell"",""v"":""153"",""p"":""0.0488""}"
2026-10-08T01:54:03.501350Z,1791424442914,RLCUSDT,Buy,18.2,0.6350,"{""T"":1791424442914,""s"":""RLCUSDT"",""S"":""Buy"",""v"":""18.2"",""p"":""0.6350""}"
2026-10-08T01:54:34.817868Z,1791424474632,TRUMPUSDT,Buy,243.3,1.854,"{""T"":1791424474632,""s"":""TRUMPUSDT"",""S"":""Buy"",""v"":""243.3"",""p"":""1.854""}"
2026-10-08T01:55:44.567381Z,1791424544002,SOLUSDT,Buy,3.6,115.510,"{""T"":1791424544002,""s"":""SOLUSDT"",""S"":""Buy"",""v"":""3.6"",""p"":""115.510""}"
2026-10-08T01:56:03.521865Z,1791424563361,NEARUSDT,Buy,197.7,5.2820,"{""T"":1791424563361,""s"":""NEARUSDT"",""S"":""Buy"",""v"":""197.7"",""p"":""5.2820""}"
2026-10-08T01:56:47.492021Z,1791424607366,SOXLUSDT,Sell,9.22,162.29,"{""T"":1791424607366,""s"":""SOXLUSDT"",""S"":""Sell"",""v"":""9.22"",""p"":""162.29""}"
2026-10-08T01:57:18.521480Z,1791424638074,NEARUSDT,Buy,42.3,5.2710,"{""T"":1791424638074,""s"":""NEARUSDT"",""S"":""Buy"",""v"":""42.3"",""p"":""5.2710""}"
2026-10-08T01:57:23.491903Z,1791424643265,WUSDT,Buy,30270.5,0.016710,"{""T"":1791424643265,""s"":""WUSDT"",""S"":""Buy"",""v"":""30270.5"",""p"":""0.016710""}"
2026-10-08T01:57:23.991578Z,1791424643871,WUSDT,Buy,9228.8,0.016652,"{""T"":1791424643871,""s"":""WUSDT"",""S"":""Buy"",""v"":""9228.8"",""p"":""0.016652""}"
2026-10-08T01:57:27.570407Z,1791424647280,BTCUSDT,Buy,0.104,82824.20,"{""T"":1791424647280,""s"":""BTCUSDT"",""S"":""Buy"",""v"":""0.104"",""p"":""82824.20""}"
2026-10-08T01:57:48.071264Z,1791424667591,BTCUSDT,Buy,0.054,82804.40,"{""T"":1791424667591,""s"":""BTCUSDT"",""S"":""Buy"",""v"":""0.054"",""p"":""82804.40""}"
2026-10-08T01:57:48.071264Z,1791424667604,BTCUSDT,Buy,0.001,82803.70,"{""T"":1791424667604,""s"":""BTCUSDT"",""S"":""Buy"",""v"":""0.001"",""p"":""82803.70""}"
2026-10-08T01:57:53.570460Z,1791424673030,BTCUSDT,Buy,0.002,82789.30,"{""T"":1791424673030,""s"":""BTCUSDT"",""S"":""Buy"",""v"":""0.002"",""p"":""82789.30""}"
2026-10-08T01:57:53.570460Z,1791424673461,BTCUSDT,Buy,0.003,82784.00,"{""T"":1791424673461,""s"":""BTCUSDT"",""S"":""Buy"",""v"":""0.003"",""p"":""82784.00""}"
2026-10-08T01:57:54.070859Z,1791424673615,BTCUSDT,Buy,0.281,82784.80,"{""T"":1791424673615,""s"":""BTCUSDT"",""S"":""Buy"",""v"":""0.281"",""p"":""82784.80""}"
2026-10-08T01:57:59.991756Z,1791424679711,SOXLUSDT,Sell,2.16,162.55,"{""T"":1791424679711,""s"":""SOXLUSDT"",""S"":""Sell"",""v"":""2.16"",""p"":""162.55""}"
2026-10-08T01:58:08.818333Z,1791424688304,HYPEUSDT,Buy,0.40,87.480,"{""T"":1791424688304,""s"":""HYPEUSDT"",""S"":""Buy"",""v"":""0.40"",""p"":""87.480""}"
2026-10-08T01:59:15.021697Z,1791424754695,NEARUSDT,Buy,19.4,5.2590,"{""T"":1791424754695,""s"":""NEARUSDT"",""S"":""Buy"",""v"":""19.4"",""p"":""5.2590""}"
2026-10-08T01:59:19.001611Z,1791424758657,ICPUSDT,Buy,20.2,3.168,"{""T"":1791424758657,""s"":""ICPUSDT"",""S"":""Buy"",""v"":""20.2"",""p"":""3.168""}"
2026-10-08T02:00:42.572593Z,1791424842431,BTCUSDT,Buy,0.010,82770.50,"{""T"":1791424842431,""s"":""BTCUSDT"",""S"":""Buy"",""v"":""0.010"",""p"":""82770.50""}"
2026-10-08T02:00:43.070405Z,1791424842613,BTCUSDT,Buy,0.010,82774.50,"{""T"":1791424842613,""s"":""BTCUSDT"",""S"":""Buy"",""v"":""0.010"",""p"":""82774.50""}"
2026-10-08T02:00:43.570666Z,1791424843133,BTCUSDT,Buy,0.007,82767.50,"{""T"":1791424843133,""s"":""BTCUSDT"",""S"":""Buy"",""v"":""0.007"",""p"":""82767.50""}"
2026-10-08T02:00:52.521254Z,1791424852275,NMRUSDT,Buy,135.9,14.952,"{""T"":1791424852275,""s"":""NMRUSDT"",""S"":""Buy"",""v"":""135.9"",""p"":""14.952""}"
2026-10-08T02:00:53.918907Z,1791424853783,ZECUSDT,Buy,0.15,1311.21,"{""T"":1791424853783,""s"":""ZECUSDT"",""S"":""Buy"",""v"":""0.15"",""p"":""1311.21""}"
2026-10-08T02:00:54.418833Z,1791424854190,ZECUSDT,Buy,33.43,1311.14,"{""T"":1791424854190,""s"":""ZECUSDT"",""S"":""Buy"",""v"":""33.43"",""p"":""1311.14""}"
2026-10-08T02:00:54.571030Z,1791424854358,BTCUSDT,Buy,0.007,82721.60,"{""T"":1791424854358,""s"":""BTCUSDT"",""S"":""Buy"",""v"":""0.007"",""p"":""82721.60""}"
2026-10-08T02:00:55.070685Z,1791424854693,BTCUSDT,Buy,0.001,82723.80,"{""T"":1791424854693,""s"":""BTCUSDT"",""S"":""Buy"",""v"":""0.001"",""p"":""82723.80""}"
2026-10-08T02:00:55.070685Z,1791424854824,BTCUSDT,Buy,0.002,82738.90,"{""T"":1791424854824,""s"":""BTCUSDT"",""S"":""Buy"",""v"":""0.002"",""p"":""82738.90""}"
2026-10-08T02:00:55.070685Z,1791424854977,BTCUSDT,Buy,0.014,82751.50,"{""T"":1791424854977,""s"":""BTCUSDT"",""S"":""Buy"",""v"":""0.014"",""p"":""82751.50""}"
2026-10-08T02:01:12.005144Z,1791424871742,GRIFFAINUSDT,Buy,3468,0.016056,"{""T"":1791424871742,""s"":""GRIFFAINUSDT"",""S"":""Buy"",""v"":""3468"",""p"":""0.016056""}"
2026-10-08T02:03:03.461483Z,1791424983176,QNTUSDT,Sell,3.06,255.31,"{""T"":1791424983176,""s"":""QNTUSDT"",""S"":""Sell"",""v"":""3.06"",""p"":""255.31""}"
2026-10-08T02:03:04.961210Z,1791424984547,QNTUSDT,Sell,1.34,255.40,"{""T"":1791424984547,""s"":""QNTUSDT"",""S"":""Sell"",""v"":""1.34"",""p"":""255.40""}"
2026-10-08T02:03:28.491988Z,1791425008369,WUSDT,Sell,5800.0,0.017497,"{""T"":1791425008369,""s"":""WUSDT"",""S"":""Sell"",""v"":""5800.0"",""p"":""0.017497""}"
2026-10-08T02:03:34.491646Z,1791425014125,XAUUSDT,Sell,0.003,4158.25,"{""T"":1791425014125,""s"":""XAUUSDT"",""S"":""Sell"",""v"":""0.003"",""p"":""4158.25""}"
2026-10-08T02:05:23.834740Z,1791425123411,LONGXIAUSDT,Sell,235,0.0491,"{""T"":1791425123411,""s"":""LONGXIAUSDT"",""S"":""Sell"",""v"":""235"",""p"":""0.0491""}"
2026-10-08T02:10:16.572226Z,1791425416084,BTCUSDT,Buy,0.073,82705.10,"{""T"":1791425416084,""s"":""BTCUSDT"",""S"":""Buy"",""v"":""0.073"",""p"":""82705.10""}"
2026-10-08T02:10:16.572226Z,1791425416091,BTCUSDT,Buy,0.142,82697.70,"{""T"":1791425416091,""s"":""BTCUSDT"",""S"":""Buy"",""v"":""0.142"",""p"":""82697.70""}"
2026-10-08T02:10:16.572226Z,1791425416376,BTCUSDT,Buy,0.111,82689.00,"{""T"":1791425416376,""s"":""BTCUSDT"",""S"":""Buy"",""v"":""0.111"",""p"":""82689.00""}"
2026-10-08T02:10:16.572226Z,1791425416464,BTCUSDT,Buy,0.004,82690.10,"{""T"":1791425416464,""s"":""BTCUSDT"",""S"":""Buy"",""v"":""0.004"",""p"":""82690.10""}"
2026-10-08T02:10:17.070881Z,1791425416505,BTCUSDT,Buy,0.005,82693.70,"{""T"":1791425416505,""s"":""BTCUSDT"",""S"":""Buy"",""v"":""0.005"",""p"":""82693.70""}"
2026-10-08T02:10:19.571009Z,1791425419331,BTCUSDT,Buy,0.009,82681.60,"{""T"":1791425419331,""s"":""BTCUSDT"",""S"":""Buy"",""v"":""0.009"",""p"":""82681.60""}"
2026-10-08T02:10:19.571009Z,1791425419427,BTCUSDT,Buy,0.008,82683.80,"{""T"":1791425419427,""s"":""BTCUSDT"",""S"":""Buy"",""v"":""0.008"",""p"":""82683.80""}"
2026-10-08T02:10:19.571009Z,1791425419476,BTCUSDT,Buy,0.028,82679.70,"{""T"":1791425419476,""s"":""BTCUSDT"",""S"":""Buy"",""v"":""0.028"",""p"":""82679.70""}"
2026-10-08T02:10:47.021843Z,1791425446703,NMRUSDT,Sell,44.0,15.459,"{""T"":1791425446703,""s"":""NMRUSDT"",""S"":""Sell"",""v"":""44.0"",""p"":""15.459""}"
2026-10-08T02:10:53.001716Z,1791425452630,RLCUSDT,Sell,310.1,0.7053,"{""T"":1791425452630,""s"":""RLCUSDT"",""S"":""Sell"",""v"":""310.1"",""p"":""0.7053""}"
2026-10-08T02:10:56.070825Z,1791425455696,BTCUSDT,Buy,0.004,82671.40,"{""T"":1791425455696,""s"":""BTCUSDT"",""S"":""Buy"",""v"":""0.004"",""p"":""82671.40""}"
2026-10-08T02:10:57.070552Z,1791425456489,BTCUSDT,Buy,0.001,82668.30,"{""T"":1791425456489,""s"":""BTCUSDT"",""S"":""Buy"",""v"":""0.001"",""p"":""82668.30""}"
2026-10-08T02:11:01.071252Z,1791425460558,BTCUSDT,Buy,0.206,82664.60,"{""T"":1791425460558,""s"":""BTCUSDT"",""S"":""Buy"",""v"":""0.206"",""p"":""82664.60""}"
2026-10-08T02:11:01.071252Z,1791425460638,BTCUSDT,Buy,0.012,82665.20,"{""T"":1791425460638,""s"":""BTCUSDT"",""S"":""Buy"",""v"":""0.012"",""p"":""82665.20""}"
2026-10-08T02:11:08.070846Z,1791425467725,BTCUSDT,Buy,0.002,82659.80,"{""T"":1791425467725,""s"":""BTCUSDT"",""S"":""Buy"",""v"":""0.002"",""p"":""82659.80""}"
2026-10-08T02:11:09.070609Z,1791425468817,BTCUSDT,Buy,0.034,82656.00,"{""T"":1791425468817,""s"":""BTCUSDT"",""S"":""Buy"",""v"":""0.034"",""p"":""82656.00""}"
2026-10-08T02:11:09.070609Z,1791425468840,BTCUSDT,Buy,0.101,82633.60,"{""T"":1791425468840,""s"":""BTCUSDT"",""S"":""Buy"",""v"":""0.101"",""p"":""82633.60""}"
2026-10-08T02:11:09.070609Z,1791425468845,BTCUSDT,Buy,0.009,82654.80,"{""T"":1791425468845,""s"":""BTCUSDT"",""S"":""Buy"",""v"":""0.009"",""p"":""82654.80""}"
2026-10-08T02:11:09.070609Z,1791425468856,BTCUSDT,Buy,0.011,82652.90,"{""T"":1791425468856,""s"":""BTCUSDT"",""S"":""Buy"",""v"":""0.011"",""p"":""82652.90""}"
2026-10-08T02:11:09.570777Z,1791425468982,BTCUSDT,Buy,0.001,82625.60,"{""T"":1791425468982,""s"":""BTCUSDT"",""S"":""Buy"",""v"":""0.001"",""p"":""82625.60""}"
2026-10-08T02:11:09.570777Z,1791425469069,BTCUSDT,Buy,0.218,82636.10,"{""T"":1791425469069,""s"":""BTCUSDT"",""S"":""Buy"",""v"":""0.218"",""p"":""82636.10""}"
2026-10-08T02:11:09.570777Z,1791425469097,BTCUSDT,Buy,0.011,82653.50,"{""T"":1791425469097,""s"":""BTCUSDT"",""S"":""Buy"",""v"":""0.011"",""p"":""82653.50""}"
2026-10-08T02:11:09.570777Z,1791425469459,BTCUSDT,Buy,0.002,82658.80,"{""T"":1791425469459,""s"":""BTCUSDT"",""S"":""Buy"",""v"":""0.002"",""p"":""82658.80""}"
2026-10-08T02:11:09.818458Z,1791425469699,HYPEUSDT,Buy,1.68,87.440,"{""T"":1791425469699,""s"":""HYPEUSDT"",""S"":""Buy"",""v"":""1.68"",""p"":""87.440""}"
2026-10-08T02:11:09.842242Z,1791425469699,XRPUSDT,Buy,92.7,1.4126,"{""T"":1791425469699,""s"":""XRPUSDT"",""S"":""Buy"",""v"":""92.7"",""p"":""1.4126""}"
2026-10-08T02:11:10.070561Z,1791425469557,BTCUSDT,Buy,0.038,82652.60,"{""T"":1791425469557,""s"":""BTCUSDT"",""S"":""Buy"",""v"":""0.038"",""p"":""82652.60""}"
2026-10-08T02:11:10.070561Z,1791425469662,BTCUSDT,Buy,0.081,82640.50,"{""T"":1791425469662,""s"":""BTCUSDT"",""S"":""Buy"",""v"":""0.081"",""p"":""82640.50""}"
2026-10-08T02:11:10.070561Z,1791425469715,BTCUSDT,Buy,0.002,82645.40,"{""T"":1791425469715,""s"":""BTCUSDT"",""S"":""Buy"",""v"":""0.002"",""p"":""82645.40""}"
2026-10-08T02:11:10.521851Z,1791425470076,LTCUSDT,Buy,2.2,65.32,"{""T"":1791425470076,""s"":""LTCUSDT"",""S"":""Buy"",""v"":""2.2"",""p"":""65.32""}"
2026-10-08T02:12:58.413481Z,1791425578283,ZHIPUUSDT,Buy,0.43,81.64,"{""T"":1791425578283,""s"":""ZHIPUUSDT"",""S"":""Buy"",""v"":""0.43"",""p"":""81.64""}"
2026-10-08T02:13:02.001371Z,1791425581590,XAUTUSDT,Sell,0.032,4168.60,"{""T"":1791425581590,""s"":""XAUTUSDT"",""S"":""Sell"",""v"":""0.032"",""p"":""4168.60""}"
2026-10-08T02:15:06.991903Z,1791425706644,WUSDT,Buy,1348.1,0.016958,"{""T"":1791425706644,""s"":""WUSDT"",""S"":""Buy"",""v"":""1348.1"",""p"":""0.016958""}"
2026-10-08T02:15:08.991521Z,1791425708897,WUSDT,Buy,5783.3,0.016946,"{""T"":1791425708897,""s"":""WUSDT"",""S"":""Buy"",""v"":""5783.3"",""p"":""0.016946""}"
2026-10-08T02:16:03.991939Z,1791425763440,WUSDT,Sell,227092.0,0.017577,"{""T"":1791425763440,""s"":""WUSDT"",""S"":""Sell"",""v"":""227092.0"",""p"":""0.017577""}"
2026-10-08T02:16:07.833802Z,1791425767647,CASHCATUSDT,Sell,480,0.13529,"{""T"":1791425767647,""s"":""CASHCATUSDT"",""S"":""Sell"",""v"":""480"",""p"":""0.13529""}"
2026-10-08T02:16:12.021530Z,1791425771735,NEARUSDT,Sell,576.9,5.3990,"{""T"":1791425771735,""s"":""NEARUSDT"",""S"":""Sell"",""v"":""576.9"",""p"":""5.3990""}"
2026-10-08T02:16:18.992102Z,1791425778745,XAUUSDT,Sell,0.400,4160.48,"{""T"":1791425778745,""s"":""XAUUSDT"",""S"":""Sell"",""v"":""0.400"",""p"":""4160.48""}"
2026-10-08T02:16:40.320137Z,1791425800164,PUMPFUNUSDT,Sell,2000,0.0063720,"{""T"":1791425800164,""s"":""PUMPFUNUSDT"",""S"":""Sell"",""v"":""2000"",""p"":""0.0063720""}"
2026-10-08T02:17:20.817876Z,1791425840678,METUSDT,Sell,143.9,0.47900,"{""T"":1791425840678,""s"":""METUSDT"",""S"":""Sell"",""v"":""143.9"",""p"":""0.47900""}"
2026-10-08T02:17:22.853207Z,1791425842471,SANDUSDT,Buy,3438,0.07505,"{""T"":1791425842471,""s"":""SANDUSDT"",""S"":""Buy"",""v"":""3438"",""p"":""0.07505""}"
2026-10-08T02:18:19.919212Z,1791425899619,ZECUSDT,Buy,0.12,1307.62,"{""T"":1791425899619,""s"":""ZECUSDT"",""S"":""Buy"",""v"":""0.12"",""p"":""1307.62""}"
2026-10-08T02:18:41.419559Z,1791425921299,ZECUSDT,Buy,0.28,1306.22,"{""T"":1791425921299,""s"":""ZECUSDT"",""S"":""Buy"",""v"":""0.28"",""p"":""1306.22""}"
2026-10-08T02:19:03.837152Z,1791425943452,LONGXIAUSDT,Buy,386,0.0419,"{""T"":1791425943452,""s"":""LONGXIAUSDT"",""S"":""Buy"",""v"":""386"",""p"":""0.0419""}"
2026-10-08T02:19:33.995373Z,1791425973655,WUSDT,Buy,1728.9,0.016973,"{""T"":1791425973655,""s"":""WUSDT"",""S"":""Buy"",""v"":""1728.9"",""p"":""0.016973""}"
2026-10-08T02:20:02.334195Z,1791426002114,LONGXIAUSDT,Buy,737,0.0416,"{""T"":1791426002114,""s"":""LONGXIAUSDT"",""S"":""Buy"",""v"":""737"",""p"":""0.0416""}"
2026-10-08T02:20:30.834003Z,1791426030530,LONGXIAUSDT,Buy,131,0.0413,"{""T"":1791426030530,""s"":""LONGXIAUSDT"",""S"":""Buy"",""v"":""131"",""p"":""0.0413""}"
2026-10-08T02:20:39.333641Z,1791426039068,LONGXIAUSDT,Buy,6313,0.0409,"{""T"":1791426039068,""s"":""LONGXIAUSDT"",""S"":""Buy"",""v"":""6313"",""p"":""0.0409""}"
2026-10-08T02:21:03.817896Z,1791426063448,METUSDT,Buy,7312.5,0.45030,"{""T"":1791426063448,""s"":""METUSDT"",""S"":""Buy"",""v"":""7312.5"",""p"":""0.45030""}"
2026-10-08T02:21:35.317738Z,1791426095227,METUSDT,Buy,2169.7,0.44740,"{""T"":1791426095227,""s"":""METUSDT"",""S"":""Buy"",""v"":""2169.7"",""p"":""0.44740""}"
2026-10-08T02:21:44.817985Z,1791426104436,METUSDT,Buy,8633.0,0.44490,"{""T"":1791426104436,""s"":""METUSDT"",""S"":""Buy"",""v"":""8633.0"",""p"":""0.44490""}"
2026-10-08T02:21:45.318129Z,1791426105127,METUSDT,Buy,101.3,0.44410,"{""T"":1791426105127,""s"":""METUSDT"",""S"":""Buy"",""v"":""101.3"",""p"":""0.44410""}"
2026-10-08T02:25:23.002306Z,1791426322855,RLCUSDT,Sell,29.5,0.7164,"{""T"":1791426322855,""s"":""RLCUSDT"",""S"":""Sell"",""v"":""29.5"",""p"":""0.7164""}"
2026-10-08T02:25:37.820929Z,1791426337670,METUSDT,Sell,5812.2,0.47270,"{""T"":1791426337670,""s"":""METUSDT"",""S"":""Sell"",""v"":""5812.2"",""p"":""0.47270""}"
2026-10-08T02:26:02.821933Z,1791426362368,METUSDT,Sell,417.7,0.47690,"{""T"":1791426362368,""s"":""METUSDT"",""S"":""Sell"",""v"":""417.7"",""p"":""0.47690""}"
2026-10-08T02:26:08.818375Z,1791426368684,METUSDT,Sell,24.3,0.48020,"{""T"":1791426368684,""s"":""METUSDT"",""S"":""Sell"",""v"":""24.3"",""p"":""0.48020""}"
2026-10-08T02:26:09.317932Z,1791426368771,METUSDT,Sell,15.8,0.48090,"{""T"":1791426368771,""s"":""METUSDT"",""S"":""Sell"",""v"":""15.8"",""p"":""0.48090""}"
2026-10-08T02:26:09.317932Z,1791426368957,METUSDT,Sell,129.5,0.47970,"{""T"":1791426368957,""s"":""METUSDT"",""S"":""Sell"",""v"":""129.5"",""p"":""0.47970""}"
2026-10-08T02:26:09.317932Z,1791426369077,METUSDT,Sell,68.6,0.48020,"{""T"":1791426369077,""s"":""METUSDT"",""S"":""Sell"",""v"":""68.6"",""p"":""0.48020""}"
2026-10-08T02:26:09.317932Z,1791426369143,METUSDT,Sell,6500.6,0.48050,"{""T"":1791426369143,""s"":""METUSDT"",""S"":""Sell"",""v"":""6500.6"",""p"":""0.48050""}"
2026-10-08T02:26:09.317932Z,1791426369160,METUSDT,Sell,2229.6,0.48090,"{""T"":1791426369160,""s"":""METUSDT"",""S"":""Sell"",""v"":""2229.6"",""p"":""0.48090""}"
2026-10-08T02:26:09.317932Z,1791426369204,METUSDT,Sell,344.6,0.48050,"{""T"":1791426369204,""s"":""METUSDT"",""S"":""Sell"",""v"":""344.6"",""p"":""0.48050""}"
2026-10-08T02:26:09.818059Z,1791426369492,METUSDT,Sell,264.3,0.48360,"{""T"":1791426369492,""s"":""METUSDT"",""S"":""Sell"",""v"":""264.3"",""p"":""0.48360""}"
2026-10-08T02:26:09.818059Z,1791426369525,METUSDT,Sell,51.0,0.48590,"{""T"":1791426369525,""s"":""METUSDT"",""S"":""Sell"",""v"":""51.0"",""p"":""0.48590""}"
2026-10-08T02:26:09.818059Z,1791426369540,METUSDT,Sell,161.0,0.48590,"{""T"":1791426369540,""s"":""METUSDT"",""S"":""Sell"",""v"":""161.0"",""p"":""0.48590""}"
2026-10-08T02:26:09.818059Z,1791426369542,METUSDT,Sell,308.9,0.48120,"{""T"":1791426369542,""s"":""METUSDT"",""S"":""Sell"",""v"":""308.9"",""p"":""0.48120""}"
2026-10-08T02:26:09.818059Z,1791426369567,METUSDT,Sell,1726.3,0.48690,"{""T"":1791426369567,""s"":""METUSDT"",""S"":""Sell"",""v"":""1726.3"",""p"":""0.48690""}"
2026-10-08T02:26:09.818059Z,1791426369689,METUSDT,Sell,13.6,0.48490,"{""T"":1791426369689,""s"":""METUSDT"",""S"":""Sell"",""v"":""13.6"",""p"":""0.48490""}"
2026-10-08T02:26:09.818059Z,1791426369715,METUSDT,Sell,127.9,0.48130,"{""T"":1791426369715,""s"":""METUSDT"",""S"":""Sell"",""v"":""127.9"",""p"":""0.48130""}"
2026-10-08T02:26:09.818059Z,1791426369718,METUSDT,Sell,1093.6,0.48410,"{""T"":1791426369718,""s"":""METUSDT"",""S"":""Sell"",""v"":""1093.6"",""p"":""0.48410""}"
2026-10-08T02:26:09.913687Z,1791426369733,CRVUSDT,Sell,328.8,0.3903,"{""T"":1791426369733,""s"":""CRVUSDT"",""S"":""Sell"",""v"":""328.8"",""p"":""0.3903""}"
2026-10-08T02:26:10.318062Z,1791426369733,METUSDT,Sell,527.2,0.48260,"{""T"":1791426369733,""s"":""METUSDT"",""S"":""Sell"",""v"":""527.2"",""p"":""0.48260""}"
2026-10-08T02:26:10.318062Z,1791426369836,METUSDT,Sell,53.5,0.48240,"{""T"":1791426369836,""s"":""METUSDT"",""S"":""Sell"",""v"":""53.5"",""p"":""0.48240""}"
2026-10-08T02:26:10.318062Z,1791426369904,METUSDT,Sell,19.2,0.48440,"{""T"":1791426369904,""s"":""METUSDT"",""S"":""Sell"",""v"":""19.2"",""p"":""0.48440""}"
2026-10-08T02:26:10.318062Z,1791426369948,METUSDT,Sell,99.4,0.48130,"{""T"":1791426369948,""s"":""METUSDT"",""S"":""Sell"",""v"":""99.4"",""p"":""0.48130""}"
2026-10-08T02:26:10.318062Z,1791426370015,METUSDT,Sell,871.6,0.48370,"{""T"":1791426370015,""s"":""METUSDT"",""S"":""Sell"",""v"":""871.6"",""p"":""0.48370""}"
2026-10-08T02:26:10.318062Z,1791426370203,METUSDT,Sell,180.5,0.48710,"{""T"":1791426370203,""s"":""METUSDT"",""S"":""Sell"",""v"":""180.5"",""p"":""0.48710""}"
2026-10-08T02:26:10.318062Z,1791426370223,METUSDT,Sell,217.5,0.48490,"{""T"":1791426370223,""s"":""METUSDT"",""S"":""Sell"",""v"":""217.5"",""p"":""0.48490""}"
2026-10-08T02:26:10.817809Z,1791426370312,METUSDT,Sell,1483.0,0.48650,"{""T"":1791426370312,""s"":""METUSDT"",""S"":""Sell"",""v"":""1483.0"",""p"":""0.48650""}"
2026-10-08T02:26:18.818349Z,1791426378428,METUSDT,Sell,22.5,0.48670,"{""T"":1791426378428,""s"":""METUSDT"",""S"":""Sell"",""v"":""22.5"",""p"":""0.48670""}"
2026-10-08T02:26:18.818349Z,1791426378475,METUSDT,Sell,65.3,0.48630,"{""T"":1791426378475,""s"":""METUSDT"",""S"":""Sell"",""v"":""65.3"",""p"":""0.48630""}"
2026-10-08T02:27:26.833524Z,1791426446601,LONGXIAUSDT,Buy,4134,0.0403,"{""T"":1791426446601,""s"":""LONGXIAUSDT"",""S"":""Buy"",""v"":""4134"",""p"":""0.0403""}"
2026-10-08T02:27:27.333639Z,1791426447119,LONGXIAUSDT,Buy,7096,0.0401,"{""T"":1791426447119,""s"":""LONGXIAUSDT"",""S"":""Buy"",""v"":""7096"",""p"":""0.0401""}"
2026-10-08T02:27:27.833471Z,1791426447568,LONGXIAUSDT,Buy,4081,0.0394,"{""T"":1791426447568,""s"":""LONGXIAUSDT"",""S"":""Buy"",""v"":""4081"",""p"":""0.0394""}"
2026-10-08T02:27:28.833802Z,1791426448245,LONGXIAUSDT,Buy,88151,0.0392,"{""T"":1791426448245,""s"":""LONGXIAUSDT"",""S"":""Buy"",""v"":""88151"",""p"":""0.0392""}"
2026-10-08T02:27:34.830540Z,1791426454434,RAYDIUMUSDT,Sell,1421.0,2.5225,"{""T"":1791426454434,""s"":""RAYDIUMUSDT"",""S"":""Sell"",""v"":""1421.0"",""p"":""2.5225""}"
2026-10-08T02:27:35.001816Z,1791426454434,RLCUSDT,Sell,1355.5,0.7144,"{""T"":1791426454434,""s"":""RLCUSDT"",""S"":""Sell"",""v"":""1355.5"",""p"":""0.7144""}"
2026-10-08T02:28:01.336120Z,1791426481217,LONGXIAUSDT,Buy,436,0.0389,"{""T"":1791426481217,""s"":""LONGXIAUSDT"",""S"":""Buy"",""v"":""436"",""p"":""0.0389""}"
2026-10-08T02:28:07.333557Z,1791426487100,LONGXIAUSDT,Buy,518,0.0389,"{""T"":1791426487100,""s"":""LONGXIAUSDT"",""S"":""Buy"",""v"":""518"",""p"":""0.0389""}"
2026-10-08T02:28:08.834208Z,1791426488532,LONGXIAUSDT,Buy,3965,0.0388,"{""T"":1791426488532,""s"":""LONGXIAUSDT"",""S"":""Buy"",""v"":""3965"",""p"":""0.0388""}"
2026-10-08T02:28:30.337325Z,1791426509804,LONGXIAUSDT,Buy,13604,0.0386,"{""T"":1791426509804,""s"":""LONGXIAUSDT"",""S"":""Buy"",""v"":""13604"",""p"":""0.0386""}"
2026-10-08T02:28:40.992847Z,1791426520630,XAGUSDT,Buy,1.000,60.23,"{""T"":1791426520630,""s"":""XAGUSDT"",""S"":""Buy"",""v"":""1.000"",""p"":""60.23""}"
2026-10-08T02:29:52.006824Z,1791426591691,RLCUSDT,Sell,2914.0,0.7233,"{""T"":1791426591691,""s"":""RLCUSDT"",""S"":""Sell"",""v"":""2914.0"",""p"":""0.7233""}"
2026-10-08T02:32:16.913546Z,1791426736741,TIAUSDT,Sell,988.2,0.4868,"{""T"":1791426736741,""s"":""TIAUSDT"",""S"":""Sell"",""v"":""988.2"",""p"":""0.4868""}"
2026-10-08T02:33:04.492133Z,1791426784227,ORCAUSDT,Sell,16.9,3.0689,"{""T"":1791426784227,""s"":""ORCAUSDT"",""S"":""Sell"",""v"":""16.9"",""p"":""3.0689""}"
2026-10-08T02:33:13.991718Z,1791426793607,ORCAUSDT,Sell,25.8,3.0819,"{""T"":1791426793607,""s"":""ORCAUSDT"",""S"":""Sell"",""v"":""25.8"",""p"":""3.0819""}"
2026-10-08T02:33:23.491661Z,1791426803216,XAUUSDT,Sell,0.004,4160.92,"{""T"":1791426803216,""s"":""XAUUSDT"",""S"":""Sell"",""v"":""0.004"",""p"":""4160.92""}"
2026-10-08T02:35:08.521128Z,1791426908094,NEARUSDT,Sell,60.1,5.4640,"{""T"":1791426908094,""s"":""NEARUSDT"",""S"":""Sell"",""v"":""60.1"",""p"":""5.4640""}"
2026-10-08T02:35:08.991568Z,1791426908886,XAUUSDT,Sell,2.000,4163.84,"{""T"":1791426908886,""s"":""XAUUSDT"",""S"":""Sell"",""v"":""2.000"",""p"":""4163.84""}"
2026-10-08T02:36:10.912990Z,1791426970408,CRVUSDT,Sell,24.4,0.3928,"{""T"":1791426970408,""s"":""CRVUSDT"",""S"":""Sell"",""v"":""24.4"",""p"":""0.3928""}"
2026-10-08T02:37:43.333912Z,1791427063105,PONSUSDT,Sell,258,0.4064,"{""T"":1791427063105,""s"":""PONSUSDT"",""S"":""Sell"",""v"":""258"",""p"":""0.4064""}"
2026-10-08T02:37:43.333912Z,1791427063143,PONSUSDT,Sell,37,0.4172,"{""T"":1791427063143,""s"":""PONSUSDT"",""S"":""Sell"",""v"":""37"",""p"":""0.4172""}"
2026-10-08T02:37:43.333912Z,1791427063233,PONSUSDT,Sell,157,0.4218,"{""T"":1791427063233,""s"":""PONSUSDT"",""S"":""Sell"",""v"":""157"",""p"":""0.4218""}"
2026-10-08T02:37:43.833935Z,1791427063251,PONSUSDT,Sell,127,0.4117,"{""T"":1791427063251,""s"":""PONSUSDT"",""S"":""Sell"",""v"":""127"",""p"":""0.4117""}"
2026-10-08T02:37:43.833935Z,1791427063265,PONSUSDT,Sell,1281,0.4098,"{""T"":1791427063265,""s"":""PONSUSDT"",""S"":""Sell"",""v"":""1281"",""p"":""0.4098""}"
2026-10-08T02:37:43.833935Z,1791427063321,PONSUSDT,Sell,11824,0.4144,"{""T"":1791427063321,""s"":""PONSUSDT"",""S"":""Sell"",""v"":""11824"",""p"":""0.4144""}"
2026-10-08T02:37:43.833935Z,1791427063322,PONSUSDT,Sell,119,0.4248,"{""T"":1791427063322,""s"":""PONSUSDT"",""S"":""Sell"",""v"":""119"",""p"":""0.4248""}"
2026-10-08T02:37:43.833935Z,1791427063332,PONSUSDT,Sell,140,0.4056,"{""T"":1791427063332,""s"":""PONSUSDT"",""S"":""Sell"",""v"":""140"",""p"":""0.4056""}"
2026-10-08T02:37:43.833935Z,1791427063441,PONSUSDT,Sell,378,0.4162,"{""T"":1791427063441,""s"":""PONSUSDT"",""S"":""Sell"",""v"":""378"",""p"":""0.4162""}"
2026-10-08T02:37:43.833935Z,1791427063555,PONSUSDT,Sell,51,0.4329,"{""T"":1791427063555,""s"":""PONSUSDT"",""S"":""Sell"",""v"":""51"",""p"":""0.4329""}"
2026-10-08T02:37:43.833935Z,1791427063563,PONSUSDT,Sell,2054,0.4088,"{""T"":1791427063563,""s"":""PONSUSDT"",""S"":""Sell"",""v"":""2054"",""p"":""0.4088""}"
2026-10-08T02:37:43.833935Z,1791427063627,PONSUSDT,Sell,5657,0.4177,"{""T"":1791427063627,""s"":""PONSUSDT"",""S"":""Sell"",""v"":""5657"",""p"":""0.4177""}"
2026-10-08T02:37:43.833935Z,1791427063664,PONSUSDT,Sell,106,0.4263,"{""T"":1791427063664,""s"":""PONSUSDT"",""S"":""Sell"",""v"":""106"",""p"":""0.4263""}"
2026-10-08T02:37:43.833935Z,1791427063741,PONSUSDT,Sell,395,0.4045,"{""T"":1791427063741,""s"":""PONSUSDT"",""S"":""Sell"",""v"":""395"",""p"":""0.4045""}"
2026-10-08T02:37:44.333873Z,1791427063836,PONSUSDT,Sell,120,0.4199,"{""T"":1791427063836,""s"":""PONSUSDT"",""S"":""Sell"",""v"":""120"",""p"":""0.4199""}"
2026-10-08T02:37:44.333873Z,1791427063930,PONSUSDT,Sell,27,0.4074,"{""T"":1791427063930,""s"":""PONSUSDT"",""S"":""Sell"",""v"":""27"",""p"":""0.4074""}"
2026-10-08T02:37:44.333873Z,1791427063963,PONSUSDT,Sell,32481,0.4177,"{""T"":1791427063963,""s"":""PONSUSDT"",""S"":""Sell"",""v"":""32481"",""p"":""0.4177""}"
2026-10-08T02:37:44.333873Z,1791427063999,PONSUSDT,Sell,63,0.4114,"{""T"":1791427063999,""s"":""PONSUSDT"",""S"":""Sell"",""v"":""63"",""p"":""0.4114""}"
2026-10-08T02:37:44.333873Z,1791427064047,PONSUSDT,Sell,248,0.4184,"{""T"":1791427064047,""s"":""PONSUSDT"",""S"":""Sell"",""v"":""248"",""p"":""0.4184""}"
2026-10-08T02:37:45.333762Z,1791427065116,PONSUSDT,Buy,258,0.4002,"{""T"":1791427065116,""s"":""PONSUSDT"",""S"":""Buy"",""v"":""258"",""p"":""0.4002""}"
2026-10-08T02:38:14.413115Z,1791427093851,JUPUSDT,Sell,185,0.37800,"{""T"":1791427093851,""s"":""JUPUSDT"",""S"":""Sell"",""v"":""185"",""p"":""0.37800""}"
2026-10-08T02:40:30.343295Z,1791427230052,AAVEUSDT,Sell,2.89,176.35,"{""T"":1791427230052,""s"":""AAVEUSDT"",""S"":""Sell"",""v"":""2.89"",""p"":""176.35""}"
2026-10-08T02:40:30.568714Z,1791427230052,BNBUSDT,Sell,0.52,778.90,"{""T"":1791427230052,""s"":""BNBUSDT"",""S"":""Sell"",""v"":""0.52"",""p"":""778.90""}"
2026-10-08T02:44:40.491565Z,1791427480243,ORCAUSDT,Buy,133.0,2.9002,"{""T"":1791427480243,""s"":""ORCAUSDT"",""S"":""Buy"",""v"":""133.0"",""p"":""2.9002""}"
2026-10-08T02:44:48.491712Z,1791427487913,XAUUSDT,Sell,0.003,4164.15,"{""T"":1791427487913,""s"":""XAUUSDT"",""S"":""Sell"",""v"":""0.003"",""p"":""4164.15""}"
2026-10-08T02:44:49.492163Z,1791427489357,XAUUSDT,Sell,0.002,4164.20,"{""T"":1791427489357,""s"":""XAUUSDT"",""S"":""Sell"",""v"":""0.002"",""p"":""4164.20""}"
2026-10-08T02:44:49.992219Z,1791427489439,XAUUSDT,Sell,0.157,4164.30,"{""T"":1791427489439,""s"":""XAUUSDT"",""S"":""Sell"",""v"":""0.157"",""p"":""4164.30""}"
2026-10-08T02:46:16.071260Z,1791427575975,BTCUSDT,Sell,0.010,83534.80,"{""T"":1791427575975,""s"":""BTCUSDT"",""S"":""Sell"",""v"":""0.010"",""p"":""83534.80""}"
2026-10-08T02:46:16.501828Z,1791427575975,PENGUUSDT,Sell,58730,0.008790,"{""T"":1791427575975,""s"":""PENGUUSDT"",""S"":""Sell"",""v"":""58730"",""p"":""0.008790""}"
2026-10-08T02:46:24.334290Z,1791427584232,PONSUSDT,Sell,24,0.4341,"{""T"":1791427584232,""s"":""PONSUSDT"",""S"":""Sell"",""v"":""24"",""p"":""0.4341""}"
2026-10-08T02:47:04.640909Z,1791427624370,JTOUSDT,Sell,72.0,0.5768,"{""T"":1791427624370,""s"":""JTOUSDT"",""S"":""Sell"",""v"":""72.0"",""p"":""0.5768""}"
2026-10-08T02:47:37.412900Z,1791427657169,CRVUSDT,Sell,69.5,0.3970,"{""T"":1791427657169,""s"":""CRVUSDT"",""S"":""Sell"",""v"":""69.5"",""p"":""0.3970""}"
2026-10-08T02:47:49.356639Z,1791427669168,SANDUSDT,Buy,17488,0.07540,"{""T"":1791427669168,""s"":""SANDUSDT"",""S"":""Buy"",""v"":""17488"",""p"":""0.07540""}"
2026-10-08T02:49:04.991816Z,1791427744701,WUSDT,Sell,2029.7,0.017656,"{""T"":1791427744701,""s"":""WUSDT"",""S"":""Sell"",""v"":""2029.7"",""p"":""0.017656""}"
2026-10-08T02:49:07.492115Z,1791427746961,WUSDT,Sell,6291.8,0.017689,"{""T"":1791427746961,""s"":""WUSDT"",""S"":""Sell"",""v"":""6291.8"",""p"":""0.017689""}"
2026-10-08T02:49:09.491740Z,1791427749258,WUSDT,Sell,11594.2,0.017724,"{""T"":1791427749258,""s"":""WUSDT"",""S"":""Sell"",""v"":""11594.2"",""p"":""0.017724""}"
2026-10-08T02:49:12.991771Z,1791427752493,WUSDT,Sell,99888.0,0.017769,"{""T"":1791427752493,""s"":""WUSDT"",""S"":""Sell"",""v"":""99888.0"",""p"":""0.017769""}"
2026-10-08T02:49:58.368083Z,1791427797930,APTUSDT,Sell,463.48,0.7842,"{""T"":1791427797930,""s"":""APTUSDT"",""S"":""Sell"",""v"":""463.48"",""p"":""0.7842""}"
2026-10-08T02:50:23.355773Z,1791427823202,SANDUSDT,Buy,67,0.07570,"{""T"":1791427823202,""s"":""SANDUSDT"",""S"":""Buy"",""v"":""67"",""p"":""0.07570""}"
2026-10-08T02:51:42.818342Z,1791427902436,METUSDT,Buy,17.5,0.45200,"{""T"":1791427902436,""s"":""METUSDT"",""S"":""Buy"",""v"":""17.5"",""p"":""0.45200""}"
2026-10-08T02:52:03.818447Z,1791427923481,METUSDT,Buy,859.6,0.44490,"{""T"":1791427923481,""s"":""METUSDT"",""S"":""Buy"",""v"":""859.6"",""p"":""0.44490""}"
2026-10-08T02:52:03.991578Z,1791427923481,ZROUSDT,Buy,388.4,2.2037,"{""T"":1791427923481,""s"":""ZROUSDT"",""S"":""Buy"",""v"":""388.4"",""p"":""2.2037""}"
2026-10-08T02:52:05.818204Z,1791427925330,METUSDT,Buy,75.5,0.44470,"{""T"":1791427925330,""s"":""METUSDT"",""S"":""Buy"",""v"":""75.5"",""p"":""0.44470""}"
2026-10-08T02:52:06.818285Z,1791427926670,METUSDT,Buy,1450.8,0.44340,"{""T"":1791427926670,""s"":""METUSDT"",""S"":""Buy"",""v"":""1450.8"",""p"":""0.44340""}"
2026-10-08T02:52:10.853410Z,1791427930286,SANDUSDT,Buy,617,0.07512,"{""T"":1791427930286,""s"":""SANDUSDT"",""S"":""Buy"",""v"":""617"",""p"":""0.07512""}"
2026-10-08T02:52:21.413414Z,1791427941062,CRVUSDT,Sell,25.1,0.3986,"{""T"":1791427941062,""s"":""CRVUSDT"",""S"":""Sell"",""v"":""25.1"",""p"":""0.3986""}"
2026-10-08T02:52:24.491584Z,1791427944228,WUSDT,Sell,2160.7,0.017876,"{""T"":1791427944228,""s"":""WUSDT"",""S"":""Sell"",""v"":""2160.7"",""p"":""0.017876""}"
2026-10-08T02:52:24.991771Z,1791427944845,WUSDT,Sell,3736.9,0.017833,"{""T"":1791427944845,""s"":""WUSDT"",""S"":""Sell"",""v"":""3736.9"",""p"":""0.017833""}"
2026-10-08T02:52:24.991771Z,1791427944850,WUSDT,Sell,4865.3,0.017776,"{""T"":1791427944850,""s"":""WUSDT"",""S"":""Sell"",""v"":""4865.3"",""p"":""0.017776""}"
2026-10-08T02:52:25.412863Z,1791427945120,CRVUSDT,Sell,4.4,0.3995,"{""T"":1791427945120,""s"":""CRVUSDT"",""S"":""Sell"",""v"":""4.4"",""p"":""0.3995""}"
2026-10-08T02:52:44.491919Z,1791427964128,WUSDT,Sell,1000.0,0.018081,"{""T"":1791427964128,""s"":""WUSDT"",""S"":""Sell"",""v"":""1000.0"",""p"":""0.018081""}"
2026-10-08T02:52:44.992035Z,1791427964702,WUSDT,Sell,13925.1,0.018094,"{""T"":1791427964702,""s"":""WUSDT"",""S"":""Sell"",""v"":""13925.1"",""p"":""0.018094""}"
2026-10-08T02:57:19.353852Z,1791428239125,SANDUSDT,Sell,14506,0.07689,"{""T"":1791428239125,""s"":""SANDUSDT"",""S"":""Sell"",""v"":""14506"",""p"":""0.07689""}"
2026-10-08T02:57:28.491848Z,1791428248187,WUSDT,Buy,9453.0,0.017610,"{""T"":1791428248187,""s"":""WUSDT"",""S"":""Buy"",""v"":""9453.0"",""p"":""0.017610""}"
2026-10-08T02:57:28.491848Z,1791428248367,WUSDT,Buy,4029.3,0.017614,"{""T"":1791428248367,""s"":""WUSDT"",""S"":""Buy"",""v"":""4029.3"",""p"":""0.017614""}"
2026-10-08T02:57:33.491535Z,1791428253391,WUSDT,Buy,55000.6,0.017561,"{""T"":1791428253391,""s"":""WUSDT"",""S"":""Buy"",""v"":""55000.6"",""p"":""0.017561""}"
2026-10-08T02:58:16.321884Z,1791428296086,XPLUSDT,Buy,1134,0.08670,"{""T"":1791428296086,""s"":""XPLUSDT"",""S"":""Buy"",""v"":""1134"",""p"":""0.08670""}"
2026-10-08T02:58:53.354059Z,1791428333124,SANDUSDT,Buy,10206,0.07526,"{""T"":1791428333124,""s"":""SANDUSDT"",""S"":""Buy"",""v"":""10206"",""p"":""0.07526""}"
2026-10-08T02:58:53.521211Z,1791428333124,NMRUSDT,Buy,107.2,14.363,"{""T"":1791428333124,""s"":""NMRUSDT"",""S"":""Buy"",""v"":""107.2"",""p"":""14.363""}"
2026-10-08T02:58:53.818303Z,1791428333701,PUMPFUNUSDT,Buy,221800,0.0061920,"{""T"":1791428333701,""s"":""PUMPFUNUSDT"",""S"":""Buy"",""v"":""221800"",""p"":""0.0061920""}"
2026-10-08T03:01:08.413044Z,1791428468117,JUPUSDT,Sell,2020,0.37630,"{""T"":1791428468117,""s"":""JUPUSDT"",""S"":""Sell"",""v"":""2020"",""p"":""0.37630""}"
2026-10-08T03:01:10.318626Z,1791428469821,METUSDT,Sell,513.6,0.46730,"{""T"":1791428469821,""s"":""METUSDT"",""S"":""Sell"",""v"":""513.6"",""p"":""0.46730""}"
2026-10-08T03:02:04.464177Z,1791428524064,QNTUSDT,Buy,0.25,247.43,"{""T"":1791428524064,""s"":""QNTUSDT"",""S"":""Buy"",""v"":""0.25"",""p"":""247.43""}"
2026-10-08T03:02:04.464177Z,1791428524368,QNTUSDT,Buy,3.90,247.63,"{""T"":1791428524368,""s"":""QNTUSDT"",""S"":""Buy"",""v"":""3.90"",""p"":""247.63""}"
2026-10-08T03:02:48.491827Z,1791428568338,WUSDT,Buy,397.3,0.017335,"{""T"":1791428568338,""s"":""WUSDT"",""S"":""Buy"",""v"":""397.3"",""p"":""0.017335""}"
2026-10-08T03:02:53.491451Z,1791428573010,WUSDT,Buy,887.4,0.017300,"{""T"":1791428573010,""s"":""WUSDT"",""S"":""Buy"",""v"":""887.4"",""p"":""0.017300""}"
2026-10-08T03:03:08.002563Z,1791428587494,LINKUSDT,Buy,10.1,13.135,"{""T"":1791428587494,""s"":""LINKUSDT"",""S"":""Buy"",""v"":""10.1"",""p"":""13.135""}"
2026-10-08T03:03:54.819559Z,1791428634448,HYPEUSDT,Buy,3.93,87.290,"{""T"":1791428634448,""s"":""HYPEUSDT"",""S"":""Buy"",""v"":""3.93"",""p"":""87.290""}"
2026-10-08T03:04:37.818604Z,1791428677522,XPLUSDT,Buy,234,0.08648,"{""T"":1791428677522,""s"":""XPLUSDT"",""S"":""Buy"",""v"":""234"",""p"":""0.08648""}"
2026-10-08T03:04:37.830412Z,1791428677522,ENAUSDT,Buy,121,0.22192,"{""T"":1791428677522,""s"":""ENAUSDT"",""S"":""Buy"",""v"":""121"",""p"":""0.22192""}"
2026-10-08T03:04:38.020921Z,1791428677522,AVAXUSDT,Buy,2.4,10.947,"{""T"":1791428677522,""s"":""AVAXUSDT"",""S"":""Buy"",""v"":""2.4"",""p"":""10.947""}"
2026-10-08T03:04:45.641037Z,1791428685111,HEMIUSDT,Buy,10552,0.006227,"{""T"":1791428685111,""s"":""HEMIUSDT"",""S"":""Buy"",""v"":""10552"",""p"":""0.006227""}"
2026-10-08T03:04:45.641037Z,1791428685191,HEMIUSDT,Buy,10292,0.006221,"{""T"":1791428685191,""s"":""HEMIUSDT"",""S"":""Buy"",""v"":""10292"",""p"":""0.006221""}"
2026-10-08T03:05:01.461282Z,1791428701229,QNTUSDT,Buy,20.02,246.62,"{""T"":1791428701229,""s"":""QNTUSDT"",""S"":""Buy"",""v"":""20.02"",""p"":""246.62""}"
2026-10-08T03:05:04.961007Z,1791428704483,QNTUSDT,Buy,0.59,246.54,"{""T"":1791428704483,""s"":""QNTUSDT"",""S"":""Buy"",""v"":""0.59"",""p"":""246.54""}"
2026-10-08T03:05:18.997873Z,1791428718413,OPUSDT,Buy,595.5,0.12116,"{""T"":1791428718413,""s"":""OPUSDT"",""S"":""Buy"",""v"":""595.5"",""p"":""0.12116""}"
2026-10-08T03:06:01.961821Z,1791428761491,ETHUSDT,Buy,0.03,2564.67,"{""T"":1791428761491,""s"":""ETHUSDT"",""S"":""Buy"",""v"":""0.03"",""p"":""2564.67""}"
2026-10-08T03:06:02.001643Z,1791428761445,LINKUSDT,Buy,26.3,13.102,"{""T"":1791428761445,""s"":""LINKUSDT"",""S"":""Buy"",""v"":""26.3"",""p"":""13.102""}"
2026-10-08T03:06:11.334179Z,1791428770744,PONSUSDT,Buy,247,0.4062,"{""T"":1791428770744,""s"":""PONSUSDT"",""S"":""Buy"",""v"":""247"",""p"":""0.4062""}"
2026-10-08T03:06:15.991840Z,1791428775703,WUSDT,Buy,400.8,0.017180,"{""T"":1791428775703,""s"":""WUSDT"",""S"":""Buy"",""v"":""400.8"",""p"":""0.017180""}"
2026-10-08T03:06:17.318312Z,1791428777119,PUMPFUNUSDT,Buy,10900,0.0061610,"{""T"":1791428777119,""s"":""PUMPFUNUSDT"",""S"":""Buy"",""v"":""10900"",""p"":""0.0061610""}"
2026-10-08T03:06:17.818575Z,1791428777329,PUMPFUNUSDT,Buy,11300,0.0061440,"{""T"":1791428777329,""s"":""PUMPFUNUSDT"",""S"":""Buy"",""v"":""11300"",""p"":""0.0061440""}"
2026-10-08T03:06:17.818575Z,1791428777524,PUMPFUNUSDT,Buy,1500,0.0061420,"{""T"":1791428777524,""s"":""PUMPFUNUSDT"",""S"":""Buy"",""v"":""1500"",""p"":""0.0061420""}"
2026-10-08T03:06:18.343135Z,1791428778233,XRPUSDT,Buy,108.3,1.4153,"{""T"":1791428778233,""s"":""XRPUSDT"",""S"":""Buy"",""v"":""108.3"",""p"":""1.4153""}"
2026-10-08T03:06:18.419470Z,1791428778233,ZECUSDT,Buy,0.86,1302.39,"{""T"":1791428778233,""s"":""ZECUSDT"",""S"":""Buy"",""v"":""0.86"",""p"":""1302.39""}"
2026-10-08T03:06:18.461279Z,1791428778233,ETHUSDT,Buy,0.48,2563.24,"{""T"":1791428778233,""s"":""ETHUSDT"",""S"":""Buy"",""v"":""0.48"",""p"":""2563.24""}"
2026-10-08T03:06:18.497451Z,1791428778233,OPUSDT,Buy,767.1,0.12111,"{""T"":1791428778233,""s"":""OPUSDT"",""S"":""Buy"",""v"":""767.1"",""p"":""0.12111""}"
2026-10-08T03:06:18.501713Z,1791428778233,LINKUSDT,Buy,7.7,13.097,"{""T"":1791428778233,""s"":""LINKUSDT"",""S"":""Buy"",""v"":""7.7"",""p"":""13.097""}"
2026-10-08T03:06:18.520791Z,1791428778233,AVAXUSDT,Buy,30.0,10.923,"{""T"":1791428778233,""s"":""AVAXUSDT"",""S"":""Buy"",""v"":""30.0"",""p"":""10.923""}"
2026-10-08T03:06:18.521030Z,1791428778233,TAOUSDT,Buy,2.464,287.22,"{""T"":1791428778233,""s"":""TAOUSDT"",""S"":""Buy"",""v"":""2.464"",""p"":""287.22""}"
2026-10-08T03:06:18.571423Z,1791428778233,BTCUSDT,Buy,0.030,82671.90,"{""T"":1791428778233,""s"":""BTCUSDT"",""S"":""Buy"",""v"":""0.030"",""p"":""82671.90""}"
2026-10-08T03:06:25.001699Z,1791428784505,LINKUSDT,Buy,2.6,13.093,"{""T"":1791428784505,""s"":""LINKUSDT"",""S"":""Buy"",""v"":""2.6"",""p"":""13.093""}"
2026-10-08T03:06:27.419581Z,1791428786963,ZECUSDT,Buy,0.10,1302.09,"{""T"":1791428786963,""s"":""ZECUSDT"",""S"":""Buy"",""v"":""0.10"",""p"":""1302.09""}"
2026-10-08T03:06:27.460888Z,1791428787046,ETHUSDT,Buy,0.02,2562.26,"{""T"":1791428787046,""s"":""ETHUSDT"",""S"":""Buy"",""v"":""0.02"",""p"":""2562.26""}"
2026-10-08T03:06:28.818696Z,1791428788568,TRUMPUSDT,Buy,53.7,1.846,"{""T"":1791428788568,""s"":""TRUMPUSDT"",""S"":""Buy"",""v"":""53.7"",""p"":""1.846""}"
2026-10-08T03:06:31.419466Z,1791428791006,ADAUSDT,Buy,1515,0.2527,"{""T"":1791428791006,""s"":""ADAUSDT"",""S"":""Buy"",""v"":""1515"",""p"":""0.2527""}"
2026-10-08T03:06:35.001846Z,1791428794834,VIRTUALUSDT,Buy,621,0.7539,"{""T"":1791428794834,""s"":""VIRTUALUSDT"",""S"":""Buy"",""v"":""621"",""p"":""0.7539""}"
2026-10-08T03:06:35.919700Z,1791428795399,ZECUSDT,Buy,0.39,1301.38,"{""T"":1791428795399,""s"":""ZECUSDT"",""S"":""Buy"",""v"":""0.39"",""p"":""1301.38""}"
2026-10-08T03:06:36.001607Z,1791428795496,LINKUSDT,Buy,32.9,13.081,"{""T"":1791428795496,""s"":""LINKUSDT"",""S"":""Buy"",""v"":""32.9"",""p"":""13.081""}"
2026-10-08T03:06:36.419441Z,1791428795898,ZECUSDT,Buy,0.02,1301.37,"{""T"":1791428795898,""s"":""ZECUSDT"",""S"":""Buy"",""v"":""0.02"",""p"":""1301.37""}"
2026-10-08T03:06:38.419647Z,1791428797875,UNIUSDT,Buy,2.3,7.825,"{""T"":1791428797875,""s"":""UNIUSDT"",""S"":""Buy"",""v"":""2.3"",""p"":""7.825""}"
2026-10-08T03:06:48.419643Z,1791428808194,1000PEPEUSDT,Buy,24800,0.0040200,"{""T"":1791428808194,""s"":""1000PEPEUSDT"",""S"":""Buy"",""v"":""24800"",""p"":""0.0040200""}"
2026-10-08T03:06:55.353187Z,1791428815226,SANDUSDT,Buy,3130,0.07493,"{""T"":1791428815226,""s"":""SANDUSDT"",""S"":""Buy"",""v"":""3130"",""p"":""0.07493""}"
2026-10-08T03:07:00.919575Z,1791428820580,ADAUSDT,Buy,2453,0.2523,"{""T"":1791428820580,""s"":""ADAUSDT"",""S"":""Buy"",""v"":""2453"",""p"":""0.2523""}"
2026-10-08T03:07:01.521629Z,1791428821322,AVAXUSDT,Buy,0.9,10.912,"{""T"":1791428821322,""s"":""AVAXUSDT"",""S"":""Buy"",""v"":""0.9"",""p"":""10.912""}"
2026-10-08T03:07:01.960900Z,1791428821661,ETHUSDT,Buy,0.11,2561.47,"{""T"":1791428821661,""s"":""ETHUSDT"",""S"":""Buy"",""v"":""0.11"",""p"":""2561.47""}"
2026-10-08T03:07:02.570852Z,1791428822351,BTCUSDT,Buy,0.002,82610.40,"{""T"":1791428822351,""s"":""BTCUSDT"",""S"":""Buy"",""v"":""0.002"",""p"":""82610.40""}"
2026-10-08T03:07:05.071649Z,1791428824894,BTCUSDT,Buy,0.064,82606.50,"{""T"":1791428824894,""s"":""BTCUSDT"",""S"":""Buy"",""v"":""0.064"",""p"":""82606.50""}"
2026-10-08T03:07:32.518374Z,1791428852264,LINKUSDT,Buy,142.6,13.076,"{""T"":1791428852264,""s"":""LINKUSDT"",""S"":""Buy"",""v"":""142.6"",""p"":""13.076""}"
2026-10-08T03:07:36.140839Z,1791428855695,HEMIUSDT,Buy,48306,0.006207,"{""T"":1791428855695,""s"":""HEMIUSDT"",""S"":""Buy"",""v"":""48306"",""p"":""0.006207""}"
2026-10-08T03:07:47.021382Z,1791428866800,NEARUSDT,Buy,1.0,5.2820,"{""T"":1791428866800,""s"":""NEARUSDT"",""S"":""Buy"",""v"":""1.0"",""p"":""5.2820""}"
2026-10-08T03:08:02.021664Z,1791428881688,NEARUSDT,Buy,50.2,5.2710,"{""T"":1791428881688,""s"":""NEARUSDT"",""S"":""Buy"",""v"":""50.2"",""p"":""5.2710""}"
2026-10-08T03:08:02.419515Z,1791428882239,DOTUSDT,Buy,176.6,1.0977,"{""T"":1791428882239,""s"":""DOTUSDT"",""S"":""Buy"",""v"":""176.6"",""p"":""1.0977""}"
2026-10-08T03:08:44.334283Z,1791428924064,PONSUSDT,Buy,35,0.4047,"{""T"":1791428924064,""s"":""PONSUSDT"",""S"":""Buy"",""v"":""35"",""p"":""0.4047""}"
2026-10-08T03:10:05.497386Z,1791429005057,MINAUSDT,Sell,4498.0,0.10021,"{""T"":1791429005057,""s"":""MINAUSDT"",""S"":""Sell"",""v"":""4498.0"",""p"":""0.10021""}"
2026-10-08T03:10:06.491679Z,1791429006344,WUSDT,Buy,4366.9,0.016998,"{""T"":1791429006344,""s"":""WUSDT"",""S"":""Buy"",""v"":""4366.9"",""p"":""0.016998""}"
2026-10-08T03:10:21.492040Z,1791429021081,WUSDT,Buy,540121.1,0.016952,"{""T"":1791429021081,""s"":""WUSDT"",""S"":""Buy"",""v"":""540121.1"",""p"":""0.016952""}"
2026-10-08T03:10:53.318701Z,1791429052893,PUMPFUNUSDT,Sell,5900,0.0062960,"{""T"":1791429052893,""s"":""PUMPFUNUSDT"",""S"":""Sell"",""v"":""5900"",""p"":""0.0062960""}"
2026-10-08T03:12:25.568644Z,1791429145028,SOLUSDT,Buy,100.0,115.320,"{""T"":1791429145028,""s"":""SOLUSDT"",""S"":""Buy"",""v"":""100.0"",""p"":""115.320""}"
2026-10-08T03:12:55.521406Z,1791429175305,NEARUSDT,Buy,1.4,5.2570,"{""T"":1791429175305,""s"":""NEARUSDT"",""S"":""Buy"",""v"":""1.4"",""p"":""5.2570""}"
2026-10-08T03:13:26.343315Z,1791429205874,XRPUSDT,Buy,1119.2,1.4131,"{""T"":1791429205874,""s"":""XRPUSDT"",""S"":""Buy"",""v"":""1119.2"",""p"":""1.4131""}"
2026-10-08T03:13:27.353286Z,1791429207108,SANDUSDT,Buy,22377,0.07516,"{""T"":1791429207108,""s"":""SANDUSDT"",""S"":""Buy"",""v"":""22377"",""p"":""0.07516""}"
2026-10-08T03:13:30.520866Z,1791429210181,NMRUSDT,Buy,112.5,14.220,"{""T"":1791429210181,""s"":""NMRUSDT"",""S"":""Buy"",""v"":""112.5"",""p"":""14.220""}"
2026-10-08T03:13:31.412862Z,1791429210834,KORUUSDT,Buy,119.62,19.34,"{""T"":1791429210834,""s"":""KORUUSDT"",""S"":""Buy"",""v"":""119.62"",""p"":""19.34""}"
2026-10-08T03:13:32.520881Z,1791429212223,NMRUSDT,Buy,2.3,14.054,"{""T"":1791429212223,""s"":""NMRUSDT"",""S"":""Buy"",""v"":""2.3"",""p"":""14.054""}"
2026-10-08T03:13:32.567810Z,1791429212106,SOLUSDT,Buy,0.7,115.270,"{""T"":1791429212106,""s"":""SOLUSDT"",""S"":""Buy"",""v"":""0.7"",""p"":""115.270""}"
2026-10-08T03:13:35.521620Z,1791429215064,NMRUSDT,Buy,75.1,14.011,"{""T"":1791429215064,""s"":""NMRUSDT"",""S"":""Buy"",""v"":""75.1"",""p"":""14.011""}"
2026-10-08T03:13:35.521620Z,1791429215161,NMRUSDT,Buy,107.3,14.011,"{""T"":1791429215161,""s"":""NMRUSDT"",""S"":""Buy"",""v"":""107.3"",""p"":""14.011""}"
2026-10-08T03:14:31.834307Z,1791429271329,LONGXIAUSDT,Buy,6341,0.0378,"{""T"":1791429271329,""s"":""LONGXIAUSDT"",""S"":""Buy"",""v"":""6341"",""p"":""0.0378""}"
2026-10-08T03:14:31.834307Z,1791429271508,LONGXIAUSDT,Buy,7747,0.0379,"{""T"":1791429271508,""s"":""LONGXIAUSDT"",""S"":""Buy"",""v"":""7747"",""p"":""0.0379""}"
2026-10-08T03:14:34.842642Z,1791429274306,XRPUSDT,Buy,10000.0,1.4122,"{""T"":1791429274306,""s"":""XRPUSDT"",""S"":""Buy"",""v"":""10000.0"",""p"":""1.4122""}"
2026-10-08T03:14:36.334851Z,1791429275855,LONGXIAUSDT,Buy,496,0.0377,"{""T"":1791429275855,""s"":""LONGXIAUSDT"",""S"":""Buy"",""v"":""496"",""p"":""0.0377""}"
2026-10-08T03:14:37.342796Z,1791429277140,XRPUSDT,Buy,78.0,1.4120,"{""T"":1791429277140,""s"":""XRPUSDT"",""S"":""Buy"",""v"":""78.0"",""p"":""1.4120""}"
2026-10-08T03:14:40.334331Z,1791429280133,LONGXIAUSDT,Buy,1416,0.0374,"{""T"":1791429280133,""s"":""LONGXIAUSDT"",""S"":""Buy"",""v"":""1416"",""p"":""0.0374""}"
2026-10-08T03:14:42.334091Z,1791429281926,LONGXIAUSDT,Buy,329,0.0375,"{""T"":1791429281926,""s"":""LONGXIAUSDT"",""S"":""Buy"",""v"":""329"",""p"":""0.0375""}"
2026-10-08T03:14:47.069083Z,1791429286903,SOLUSDT,Buy,0.7,115.230,"{""T"":1791429286903,""s"":""SOLUSDT"",""S"":""Buy"",""v"":""0.7"",""p"":""115.230""}"
2026-10-08T03:14:51.334547Z,1791429290976,LONGXIAUSDT,Buy,3088,0.0372,"{""T"":1791429290976,""s"":""LONGXIAUSDT"",""S"":""Buy"",""v"":""3088"",""p"":""0.0372""}"
2026-10-08T03:14:57.021423Z,1791429296801,NMRUSDT,Buy,12.5,13.897,"{""T"":1791429296801,""s"":""NMRUSDT"",""S"":""Buy"",""v"":""12.5"",""p"":""13.897""}"
2026-10-08T03:15:20.571684Z,1791429320149,BTCUSDT,Buy,0.762,82601.30,"{""T"":1791429320149,""s"":""BTCUSDT"",""S"":""Buy"",""v"":""0.762"",""p"":""82601.30""}"
2026-10-08T03:15:21.071678Z,1791429320773,BTCUSDT,Buy,0.006,82601.60,"{""T"":1791429320773,""s"":""BTCUSDT"",""S"":""Buy"",""v"":""0.006"",""p"":""82601.60""}"
2026-10-08T03:15:35.461309Z,1791429334931,ETHUSDT,Buy,0.78,2559.47,"{""T"":1791429334931,""s"":""ETHUSDT"",""S"":""Buy"",""v"":""0.78"",""p"":""2559.47""}"
2026-10-08T03:15:36.067876Z,1791429335806,SOLUSDT,Buy,0.1,115.210,"{""T"":1791429335806,""s"":""SOLUSDT"",""S"":""Buy"",""v"":""0.1"",""p"":""115.210""}"
2026-10-08T03:15:37.070965Z,1791429336920,BTCUSDT,Buy,0.010,82582.40,"{""T"":1791429336920,""s"":""BTCUSDT"",""S"":""Buy"",""v"":""0.010"",""p"":""82582.40""}"
2026-10-08T03:15:37.571048Z,1791429337164,BTCUSDT,Buy,0.008,82582.10,"{""T"":1791429337164,""s"":""BTCUSDT"",""S"":""Buy"",""v"":""0.008"",""p"":""82582.10""}"
2026-10-08T03:15:37.571048Z,1791429337382,BTCUSDT,Buy,0.007,82578.30,"{""T"":1791429337382,""s"":""BTCUSDT"",""S"":""Buy"",""v"":""0.007"",""p"":""82578.30""}"
2026-10-08T03:15:40.571051Z,1791429339989,BTCUSDT,Buy,3.339,82569.90,"{""T"":1791429339989,""s"":""BTCUSDT"",""S"":""Buy"",""v"":""3.339"",""p"":""82569.90""}"
2026-10-08T03:15:41.071413Z,1791429340637,BTCUSDT,Buy,0.135,82571.00,"{""T"":1791429340637,""s"":""BTCUSDT"",""S"":""Buy"",""v"":""0.135"",""p"":""82571.00""}"
2026-10-08T03:15:41.568733Z,1791429341363,SOLUSDT,Buy,10.2,115.190,"{""T"":1791429341363,""s"":""SOLUSDT"",""S"":""Buy"",""v"":""10.2"",""p"":""115.190""}"
2026-10-08T03:15:43.818363Z,1791429343317,METUSDT,Sell,107.8,0.47360,"{""T"":1791429343317,""s"":""METUSDT"",""S"":""Sell"",""v"":""107.8"",""p"":""0.47360""}"
2026-10-08T03:15:46.318071Z,1791429346076,METUSDT,Sell,221.7,0.47400,"{""T"":1791429346076,""s"":""METUSDT"",""S"":""Sell"",""v"":""221.7"",""p"":""0.47400""}"
2026-10-08T03:16:05.819026Z,1791429365237,METUSDT,Sell,416.5,0.47440,"{""T"":1791429365237,""s"":""METUSDT"",""S"":""Sell"",""v"":""416.5"",""p"":""0.47440""}"
2026-10-08T03:17:02.318295Z,1791429421925,METUSDT,Sell,292.6,0.47660,"{""T"":1791429421925,""s"":""METUSDT"",""S"":""Sell"",""v"":""292.6"",""p"":""0.47660""}"
2026-10-08T03:18:10.419131Z,1791429490205,ADAUSDT,Buy,1985,0.2520,"{""T"":1791429490205,""s"":""ADAUSDT"",""S"":""Buy"",""v"":""1985"",""p"":""0.2520""}"
2026-10-08T03:18:11.818515Z,1791429491351,HYPEUSDT,Buy,0.21,87.090,"{""T"":1791429491351,""s"":""HYPEUSDT"",""S"":""Buy"",""v"":""0.21"",""p"":""87.090""}"
2026-10-08T03:18:19.352794Z,1791429499043,SANDUSDT,Buy,239,0.07479,"{""T"":1791429499043,""s"":""SANDUSDT"",""S"":""Buy"",""v"":""239"",""p"":""0.07479""}"
2026-10-08T03:18:19.852667Z,1791429499409,SANDUSDT,Buy,95,0.07466,"{""T"":1791429499409,""s"":""SANDUSDT"",""S"":""Buy"",""v"":""95"",""p"":""0.07466""}"
2026-10-08T03:18:19.852667Z,1791429499619,SANDUSDT,Buy,22101,0.07469,"{""T"":1791429499619,""s"":""SANDUSDT"",""S"":""Buy"",""v"":""22101"",""p"":""0.07469""}"
2026-10-08T03:18:19.852667Z,1791429499687,SANDUSDT,Buy,511183,0.07466,"{""T"":1791429499687,""s"":""SANDUSDT"",""S"":""Buy"",""v"":""511183"",""p"":""0.07466""}"
2026-10-08T03:18:20.353541Z,1791429499860,SANDUSDT,Buy,6591,0.07476,"{""T"":1791429499860,""s"":""SANDUSDT"",""S"":""Buy"",""v"":""6591"",""p"":""0.07476""}"
2026-10-08T03:19:08.419594Z,1791429548196,ZECUSDT,Buy,0.58,1294.84,"{""T"":1791429548196,""s"":""ZECUSDT"",""S"":""Buy"",""v"":""0.58"",""p"":""1294.84""}"
2026-10-08T03:19:08.641044Z,1791429548344,HEMIUSDT,Buy,228961,0.006180,"{""T"":1791429548344,""s"":""HEMIUSDT"",""S"":""Buy"",""v"":""228961"",""p"":""0.006180""}"
2026-10-08T03:19:08.818208Z,1791429548344,PUMPFUNUSDT,Buy,398600,0.0061530,"{""T"":1791429548344,""s"":""PUMPFUNUSDT"",""S"":""Buy"",""v"":""398600"",""p"":""0.0061530""}"
2026-10-08T03:19:30.318376Z,1791429570194,TRUMPUSDT,Buy,391.5,1.839,"{""T"":1791429570194,""s"":""TRUMPUSDT"",""S"":""Buy"",""v"":""391.5"",""p"":""1.839""}"
2026-10-08T03:19:39.571303Z,1791429579175,BTCUSDT,Buy,0.042,82557.00,"{""T"":1791429579175,""s"":""BTCUSDT"",""S"":""Buy"",""v"":""0.042"",""p"":""82557.00""}"
2026-10-08T03:19:40.571063Z,1791429579986,BTCUSDT,Buy,0.014,82555.30,"{""T"":1791429579986,""s"":""BTCUSDT"",""S"":""Buy"",""v"":""0.014"",""p"":""82555.30""}"
2026-10-08T03:19:50.020819Z,1791429589769,NEARUSDT,Buy,106.2,5.2410,"{""T"":1791429589769,""s"":""NEARUSDT"",""S"":""Buy"",""v"":""106.2"",""p"":""5.2410""}"
2026-10-08T03:19:53.571021Z,1791429593239,BTCUSDT,Buy,0.018,82550.50,"{""T"":1791429593239,""s"":""BTCUSDT"",""S"":""Buy"",""v"":""0.018"",""p"":""82550.50""}"
2026-10-08T03:19:54.070744Z,1791429593930,BTCUSDT,Buy,0.104,82552.10,"{""T"":1791429593930,""s"":""BTCUSDT"",""S"":""Buy"",""v"":""0.104"",""p"":""82552.10""}"
2026-10-08T03:19:55.460799Z,1791429595227,ETHUSDT,Buy,13.22,2557.55,"{""T"":1791429595227,""s"":""ETHUSDT"",""S"":""Buy"",""v"":""13.22"",""p"":""2557.55""}"
2026-10-08T03:19:55.852684Z,1791429595745,SANDUSDT,Sell,32299,0.07654,"{""T"":1791429595745,""s"":""SANDUSDT"",""S"":""Sell"",""v"":""32299"",""p"":""0.07654""}"
2026-10-08T03:19:58.071010Z,1791429597881,BTCUSDT,Buy,0.030,82547.00,"{""T"":1791429597881,""s"":""BTCUSDT"",""S"":""Buy"",""v"":""0.030"",""p"":""82547.00""}"
2026-10-08T03:19:59.070625Z,1791429598596,BTCUSDT,Buy,0.001,82546.00,"{""T"":1791429598596,""s"":""BTCUSDT"",""S"":""Buy"",""v"":""0.001"",""p"":""82546.00""}"
2026-10-08T03:19:59.070625Z,1791429598940,BTCUSDT,Buy,0.006,82546.30,"{""T"":1791429598940,""s"":""BTCUSDT"",""S"":""Buy"",""v"":""0.006"",""p"":""82546.30""}"
2026-10-08T03:20:19.571224Z,1791429619082,BTCUSDT,Buy,0.009,82529.50,"{""T"":1791429619082,""s"":""BTCUSDT"",""S"":""Buy"",""v"":""0.009"",""p"":""82529.50""}"
2026-10-08T03:20:19.960631Z,1791429619683,ETHUSDT,Buy,0.02,2556.87,"{""T"":1791429619683,""s"":""ETHUSDT"",""S"":""Buy"",""v"":""0.02"",""p"":""2556.87""}"
2026-10-08T03:20:20.070947Z,1791429619894,BTCUSDT,Buy,0.001,82531.00,"{""T"":1791429619894,""s"":""BTCUSDT"",""S"":""Buy"",""v"":""0.001"",""p"":""82531.00""}"
2026-10-08T03:20:20.070947Z,1791429619965,BTCUSDT,Buy,0.119,82530.40,"{""T"":1791429619965,""s"":""BTCUSDT"",""S"":""Buy"",""v"":""0.119"",""p"":""82530.40""}"
2026-10-08T03:20:21.001510Z,1791429620521,LINKUSDT,Buy,1.1,13.065,"{""T"":1791429620521,""s"":""LINKUSDT"",""S"":""Buy"",""v"":""1.1"",""p"":""13.065""}"
2026-10-08T03:20:28.318845Z,1791429627850,HYPEUSDT,Buy,0.43,87.060,"{""T"":1791429627850,""s"":""HYPEUSDT"",""S"":""Buy"",""v"":""0.43"",""p"":""87.060""}"
2026-10-08T03:21:10.021294Z,1791429669912,NMRUSDT,Buy,36.3,13.810,"{""T"":1791429669912,""s"":""NMRUSDT"",""S"":""Buy"",""v"":""36.3"",""p"":""13.810""}"
2026-10-08T03:21:10.491295Z,1791429669912,XAUUSDT,Sell,0.012,4148.35,"{""T"":1791429669912,""s"":""XAUUSDT"",""S"":""Sell"",""v"":""0.012"",""p"":""4148.35""}"
2026-10-08T03:21:25.960806Z,1791429685559,QNTUSDT,Buy,4.08,245.21,"{""T"":1791429685559,""s"":""QNTUSDT"",""S"":""Buy"",""v"":""4.08"",""p"":""245.21""}"
2026-10-08T03:21:26.570771Z,1791429685984,BTCUSDT,Buy,0.002,82520.00,"{""T"":1791429685984,""s"":""BTCUSDT"",""S"":""Buy"",""v"":""0.002"",""p"":""82520.00""}"
2026-10-08T03:21:26.570771Z,1791429686029,BTCUSDT,Buy,0.005,82504.70,"{""T"":1791429686029,""s"":""BTCUSDT"",""S"":""Buy"",""v"":""0.005"",""p"":""82504.70""}"
2026-10-08T03:21:26.570771Z,1791429686135,BTCUSDT,Buy,0.001,82515.30,"{""T"":1791429686135,""s"":""BTCUSDT"",""S"":""Buy"",""v"":""0.001"",""p"":""82515.30""}"
2026-10-08T03:21:26.570771Z,1791429686223,BTCUSDT,Buy,0.001,82504.80,"{""T"":1791429686223,""s"":""BTCUSDT"",""S"":""Buy"",""v"":""0.001"",""p"":""82504.80""}"
2026-10-08T03:21:26.570771Z,1791429686369,BTCUSDT,Buy,0.043,82500.50,"{""T"":1791429686369,""s"":""BTCUSDT"",""S"":""Buy"",""v"":""0.043"",""p"":""82500.50""}"
2026-10-08T03:21:26.570771Z,1791429686382,BTCUSDT,Buy,0.006,82509.10,"{""T"":1791429686382,""s"":""BTCUSDT"",""S"":""Buy"",""v"":""0.006"",""p"":""82509.10""}"
2026-10-08T03:21:26.919098Z,1791429686786,ADAUSDT,Buy,4032,0.2518,"{""T"":1791429686786,""s"":""ADAUSDT"",""S"":""Buy"",""v"":""4032"",""p"":""0.2518""}"
2026-10-08T03:21:27.070940Z,1791429686694,BTCUSDT,Buy,0.006,82525.20,"{""T"":1791429686694,""s"":""BTCUSDT"",""S"":""Buy"",""v"":""0.006"",""p"":""82525.20""}"
2026-10-08T03:21:27.070940Z,1791429686740,BTCUSDT,Buy,0.003,82519.50,"{""T"":1791429686740,""s"":""BTCUSDT"",""S"":""Buy"",""v"":""0.003"",""p"":""82519.50""}"
2026-10-08T03:21:27.070940Z,1791429686786,BTCUSDT,Buy,0.047,82503.40,"{""T"":1791429686786,""s"":""BTCUSDT"",""S"":""Buy"",""v"":""0.047"",""p"":""82503.40""}"
2026-10-08T03:21:27.070940Z,1791429686918,BTCUSDT,Buy,0.005,82494.60,"{""T"":1791429686918,""s"":""BTCUSDT"",""S"":""Buy"",""v"":""0.005"",""p"":""82494.60""}"
2026-10-08T03:21:27.318063Z,1791429686785,HYPEUSDT,Buy,15.37,87.030,"{""T"":1791429686785,""s"":""HYPEUSDT"",""S"":""Buy"",""v"":""15.37"",""p"":""87.030""}"
2026-10-08T03:21:27.570558Z,1791429687287,BTCUSDT,Buy,0.012,82494.00,"{""T"":1791429687287,""s"":""BTCUSDT"",""S"":""Buy"",""v"":""0.012"",""p"":""82494.00""}"
2026-10-08T03:21:27.960548Z,1791429687456,ETHUSDT,Buy,0.64,2556.44,"{""T"":1791429687456,""s"":""ETHUSDT"",""S"":""Buy"",""v"":""0.64"",""p"":""2556.44""}"
2026-10-08T03:21:28.001813Z,1791429687579,LINKUSDT,Buy,13.7,13.054,"{""T"":1791429687579,""s"":""LINKUSDT"",""S"":""Buy"",""v"":""13.7"",""p"":""13.054""}"
2026-10-08T03:21:28.501193Z,1791429687964,LINKUSDT,Buy,66.8,13.051,"{""T"":1791429687964,""s"":""LINKUSDT"",""S"":""Buy"",""v"":""66.8"",""p"":""13.051""}"
2026-10-08T03:21:29.960670Z,1791429689404,ETHUSDT,Buy,0.02,2556.20,"{""T"":1791429689404,""s"":""ETHUSDT"",""S"":""Buy"",""v"":""0.02"",""p"":""2556.20""}"
2026-10-08T03:21:30.070704Z,1791429689574,BTCUSDT,Buy,0.001,82487.20,"{""T"":1791429689574,""s"":""BTCUSDT"",""S"":""Buy"",""v"":""0.001"",""p"":""82487.20""}"
2026-10-08T03:21:30.070704Z,1791429689921,BTCUSDT,Buy,0.009,82485.00,"{""T"":1791429689921,""s"":""BTCUSDT"",""S"":""Buy"",""v"":""0.009"",""p"":""82485.00""}"
2026-10-08T03:21:30.446706Z,1791429689980,DOGEUSDT,Buy,94,0.08792,"{""T"":1791429689980,""s"":""DOGEUSDT"",""S"":""Buy"",""v"":""94"",""p"":""0.08792""}"
2026-10-08T03:21:30.474761Z,1791429690013,ETHUSDT,Buy,18.44,2555.78,"{""T"":1791429690013,""s"":""ETHUSDT"",""S"":""Buy"",""v"":""18.44"",""p"":""2555.78""}"
2026-10-08T03:21:30.570719Z,1791429690415,BTCUSDT,Buy,0.002,82476.90,"{""T"":1791429690415,""s"":""BTCUSDT"",""S"":""Buy"",""v"":""0.002"",""p"":""82476.90""}"
2026-10-08T03:21:30.960697Z,1791429690682,ETHUSDT,Buy,0.58,2554.58,"{""T"":1791429690682,""s"":""ETHUSDT"",""S"":""Buy"",""v"":""0.58"",""p"":""2554.58""}"
2026-10-08T03:21:31.022269Z,1791429690905,LTCUSDT,Buy,29.2,65.35,"{""T"":1791429690905,""s"":""LTCUSDT"",""S"":""Buy"",""v"":""29.2"",""p"":""65.35""}"
2026-10-08T03:21:31.067847Z,1791429690905,SOLUSDT,Buy,25.0,115.220,"{""T"":1791429690905,""s"":""SOLUSDT"",""S"":""Buy"",""v"":""25.0"",""p"":""115.220""}"
2026-10-08T03:21:31.071136Z,1791429690495,BTCUSDT,Buy,0.314,82469.30,"{""T"":1791429690495,""s"":""BTCUSDT"",""S"":""Buy"",""v"":""0.314"",""p"":""82469.30""}"
2026-10-08T03:21:31.071136Z,1791429690803,BTCUSDT,Buy,0.118,82465.60,"{""T"":1791429690803,""s"":""BTCUSDT"",""S"":""Buy"",""v"":""0.118"",""p"":""82465.60""}"
2026-10-08T03:21:31.071136Z,1791429690835,BTCUSDT,Buy,0.001,82428.70,"{""T"":1791429690835,""s"":""BTCUSDT"",""S"":""Buy"",""v"":""0.001"",""p"":""82428.70""}"
2026-10-08T03:21:31.071136Z,1791429690859,BTCUSDT,Buy,0.100,82458.60,"{""T"":1791429690859,""s"":""BTCUSDT"",""S"":""Buy"",""v"":""0.100"",""p"":""82458.60""}"
2026-10-08T03:21:31.071136Z,1791429690885,BTCUSDT,Buy,0.068,82437.00,"{""T"":1791429690885,""s"":""BTCUSDT"",""S"":""Buy"",""v"":""0.068"",""p"":""82437.00""}"
2026-10-08T03:21:31.071136Z,1791429690894,BTCUSDT,Buy,0.004,82464.10,"{""T"":1791429690894,""s"":""BTCUSDT"",""S"":""Buy"",""v"":""0.004"",""p"":""82464.10""}"
2026-10-08T03:21:31.071136Z,1791429690904,BTCUSDT,Buy,0.125,82385.90,"{""T"":1791429690904,""s"":""BTCUSDT"",""S"":""Buy"",""v"":""0.125"",""p"":""82385.90""}"
2026-10-08T03:21:31.071136Z,1791429690905,BTCUSDT,Buy,0.001,82448.40,"{""T"":1791429690905,""s"":""BTCUSDT"",""S"":""Buy"",""v"":""0.001"",""p"":""82448.40""}"
2026-10-08T03:21:31.071136Z,1791429690905,BTCUSDT,Buy,0.058,82404.60,"{""T"":1791429690905,""s"":""BTCUSDT"",""S"":""Buy"",""v"":""0.058"",""p"":""82404.60""}"
2026-10-08T03:21:31.071136Z,1791429690911,BTCUSDT,Buy,0.015,82379.20,"{""T"":1791429690911,""s"":""BTCUSDT"",""S"":""Buy"",""v"":""0.015"",""p"":""82379.20""}"
2026-10-08T03:21:31.071136Z,1791429690924,BTCUSDT,Buy,0.010,82374.20,"{""T"":1791429690924,""s"":""BTCUSDT"",""S"":""Buy"",""v"":""0.010"",""p"":""82374.20""}"
2026-10-08T03:21:31.071136Z,1791429690934,BTCUSDT,Buy,0.005,82441.60,"{""T"":1791429690934,""s"":""BTCUSDT"",""S"":""Buy"",""v"":""0.005"",""p"":""82441.60""}"
2026-10-08T03:21:31.071136Z,1791429690938,BTCUSDT,Buy,0.003,82441.00,"{""T"":1791429690938,""s"":""BTCUSDT"",""S"":""Buy"",""v"":""0.003"",""p"":""82441.00""}"
2026-10-08T03:21:31.071136Z,1791429690958,BTCUSDT,Buy,0.087,82421.50,"{""T"":1791429690958,""s"":""BTCUSDT"",""S"":""Buy"",""v"":""0.087"",""p"":""82421.50""}"
2026-10-08T03:21:31.071136Z,1791429690962,BTCUSDT,Buy,0.004,82375.30,"{""T"":1791429690962,""s"":""BTCUSDT"",""S"":""Buy"",""v"":""0.004"",""p"":""82375.30""}"
2026-10-08T03:21:31.342463Z,1791429691112,XRPUSDT,Buy,1300.0,1.4101,"{""T"":1791429691112,""s"":""XRPUSDT"",""S"":""Buy"",""v"":""1300.0"",""p"":""1.4101""}"
2026-10-08T03:21:31.418984Z,1791429691111,1000PEPEUSDT,Buy,10000,0.0040280,"{""T"":1791429691111,""s"":""1000PEPEUSDT"",""S"":""Buy"",""v"":""10000"",""p"":""0.0040280""}"
2026-10-08T03:21:31.460475Z,1791429691180,ETHUSDT,Buy,0.14,2554.89,"{""T"":1791429691180,""s"":""ETHUSDT"",""S"":""Buy"",""v"":""0.14"",""p"":""2554.89""}"
2026-10-08T03:21:31.460475Z,1791429691238,ETHUSDT,Buy,0.23,2555.42,"{""T"":1791429691238,""s"":""ETHUSDT"",""S"":""Buy"",""v"":""0.23"",""p"":""2555.42""}"
2026-10-08T03:21:31.571776Z,1791429690990,BTCUSDT,Buy,0.002,82414.00,"{""T"":1791429690990,""s"":""BTCUSDT"",""S"":""Buy"",""v"":""0.002"",""p"":""82414.00""}"
2026-10-08T03:21:31.571776Z,1791429690995,BTCUSDT,Buy,0.006,82459.20,"{""T"":1791429690995,""s"":""BTCUSDT"",""S"":""Buy"",""v"":""0.006"",""p"":""82459.20""}"
2026-10-08T03:21:31.571776Z,1791429691006,BTCUSDT,Buy,0.003,82436.20,"{""T"":1791429691006,""s"":""BTCUSDT"",""S"":""Buy"",""v"":""0.003"",""p"":""82436.20""}"
2026-10-08T03:21:31.571776Z,1791429691006,BTCUSDT,Buy,0.043,82421.70,"{""T"":1791429691006,""s"":""BTCUSDT"",""S"":""Buy"",""v"":""0.043"",""p"":""82421.70""}"
2026-10-08T03:21:31.571776Z,1791429691016,BTCUSDT,Buy,0.132,82446.70,"{""T"":1791429691016,""s"":""BTCUSDT"",""S"":""Buy"",""v"":""0.132"",""p"":""82446.70""}"
2026-10-08T03:21:31.571776Z,1791429691024,BTCUSDT,Buy,0.014,82408.50,"{""T"":1791429691024,""s"":""BTCUSDT"",""S"":""Buy"",""v"":""0.014"",""p"":""82408.50""}"
2026-10-08T03:21:31.571776Z,1791429691029,BTCUSDT,Buy,0.036,82460.10,"{""T"":1791429691029,""s"":""BTCUSDT"",""S"":""Buy"",""v"":""0.036"",""p"":""82460.10""}"
2026-10-08T03:21:31.571776Z,1791429691040,BTCUSDT,Buy,0.022,82424.90,"{""T"":1791429691040,""s"":""BTCUSDT"",""S"":""Buy"",""v"":""0.022"",""p"":""82424.90""}"
2026-10-08T03:21:31.571776Z,1791429691040,BTCUSDT,Buy,0.100,82372.60,"{""T"":1791429691040,""s"":""BTCUSDT"",""S"":""Buy"",""v"":""0.100"",""p"":""82372.60""}"
2026-10-08T03:21:31.571776Z,1791429691070,BTCUSDT,Buy,0.763,82412.40,"{""T"":1791429691070,""s"":""BTCUSDT"",""S"":""Buy"",""v"":""0.763"",""p"":""82412.40""}"
2026-10-08T03:21:31.571776Z,1791429691076,BTCUSDT,Buy,0.005,82462.40,"{""T"":1791429691076,""s"":""BTCUSDT"",""S"":""Buy"",""v"":""0.005"",""p"":""82462.40""}"
2026-10-08T03:21:31.571776Z,1791429691138,BTCUSDT,Buy,0.003,82392.90,"{""T"":1791429691138,""s"":""BTCUSDT"",""S"":""Buy"",""v"":""0.003"",""p"":""82392.90""}"
2026-10-08T03:21:31.571776Z,1791429691139,BTCUSDT,Buy,0.041,82409.20,"{""T"":1791429691139,""s"":""BTCUSDT"",""S"":""Buy"",""v"":""0.041"",""p"":""82409.20""}"
2026-10-08T03:21:31.571776Z,1791429691157,BTCUSDT,Buy,0.002,82430.20,"{""T"":1791429691157,""s"":""BTCUSDT"",""S"":""Buy"",""v"":""0.002"",""p"":""82430.20""}"
2026-10-08T03:21:31.571776Z,1791429691166,BTCUSDT,Buy,0.018,82372.20,"{""T"":1791429691166,""s"":""BTCUSDT"",""S"":""Buy"",""v"":""0.018"",""p"":""82372.20""}"
2026-10-08T03:21:31.571776Z,1791429691176,BTCUSDT,Buy,0.001,82411.30,"{""T"":1791429691176,""s"":""BTCUSDT"",""S"":""Buy"",""v"":""0.001"",""p"":""82411.30""}"
2026-10-08T03:21:31.571776Z,1791429691177,BTCUSDT,Buy,0.188,82404.60,"{""T"":1791429691177,""s"":""BTCUSDT"",""S"":""Buy"",""v"":""0.188"",""p"":""82404.60""}"
2026-10-08T03:21:31.571776Z,1791429691185,BTCUSDT,Buy,0.058,82403.30,"{""T"":1791429691185,""s"":""BTCUSDT"",""S"":""Buy"",""v"":""0.058"",""p"":""82403.30""}"
2026-10-08T03:21:31.571776Z,1791429691197,BTCUSDT,Buy,0.084,82436.50,"{""T"":1791429691197,""s"":""BTCUSDT"",""S"":""Buy"",""v"":""0.084"",""p"":""82436.50""}"
2026-10-08T03:21:31.571776Z,1791429691210,BTCUSDT,Buy,0.397,82408.70,"{""T"":1791429691210,""s"":""BTCUSDT"",""S"":""Buy"",""v"":""0.397"",""p"":""82408.70""}"
2026-10-08T03:21:31.571776Z,1791429691211,BTCUSDT,Buy,0.018,82442.50,"{""T"":1791429691211,""s"":""BTCUSDT"",""S"":""Buy"",""v"":""0.018"",""p"":""82442.50""}"
2026-10-08T03:21:31.571776Z,1791429691215,BTCUSDT,Buy,0.003,82456.00,"{""T"":1791429691215,""s"":""BTCUSDT"",""S"":""Buy"",""v"":""0.003"",""p"":""82456.00""}"
2026-10-08T03:21:31.571776Z,1791429691224,BTCUSDT,Buy,0.001,82416.30,"{""T"":1791429691224,""s"":""BTCUSDT"",""S"":""Buy"",""v"":""0.001"",""p"":""82416.30""}"
2026-10-08T03:21:31.571776Z,1791429691227,BTCUSDT,Buy,0.014,82403.50,"{""T"":1791429691227,""s"":""BTCUSDT"",""S"":""Buy"",""v"":""0.014"",""p"":""82403.50""}"
2026-10-08T03:21:31.571776Z,1791429691243,BTCUSDT,Buy,0.057,82395.40,"{""T"":1791429691243,""s"":""BTCUSDT"",""S"":""Buy"",""v"":""0.057"",""p"":""82395.40""}"
2026-10-08T03:21:31.571776Z,1791429691244,BTCUSDT,Buy,0.014,82438.70,"{""T"":1791429691244,""s"":""BTCUSDT"",""S"":""Buy"",""v"":""0.014"",""p"":""82438.70""}"
2026-10-08T03:21:31.571776Z,1791429691264,BTCUSDT,Buy,0.003,82430.40,"{""T"":1791429691264,""s"":""BTCUSDT"",""S"":""Buy"",""v"":""0.003"",""p"":""82430.40""}"
2026-10-08T03:21:31.571776Z,1791429691270,BTCUSDT,Buy,0.025,82427.80,"{""T"":1791429691270,""s"":""BTCUSDT"",""S"":""Buy"",""v"":""0.025"",""p"":""82427.80""}"
2026-10-08T03:21:31.571776Z,1791429691284,BTCUSDT,Buy,0.046,82423.20,"{""T"":1791429691284,""s"":""BTCUSDT"",""S"":""Buy"",""v"":""0.046"",""p"":""82423.20""}"
2026-10-08T03:21:31.571776Z,1791429691288,BTCUSDT,Buy,0.270,82418.60,"{""T"":1791429691288,""s"":""BTCUSDT"",""S"":""Buy"",""v"":""0.270"",""p"":""82418.60""}"
2026-10-08T03:21:31.571776Z,1791429691311,BTCUSDT,Buy,0.005,82427.80,"{""T"":1791429691311,""s"":""BTCUSDT"",""S"":""Buy"",""v"":""0.005"",""p"":""82427.80""}"
2026-10-08T03:21:31.571776Z,1791429691314,BTCUSDT,Buy,0.003,82451.30,"{""T"":1791429691314,""s"":""BTCUSDT"",""S"":""Buy"",""v"":""0.003"",""p"":""82451.30""}"
2026-10-08T03:21:31.571776Z,1791429691318,BTCUSDT,Buy,0.027,82457.90,"{""T"":1791429691318,""s"":""BTCUSDT"",""S"":""Buy"",""v"":""0.027"",""p"":""82457.90""}"
2026-10-08T03:21:31.571776Z,1791429691320,BTCUSDT,Buy,0.005,82406.70,"{""T"":1791429691320,""s"":""BTCUSDT"",""S"":""Buy"",""v"":""0.005"",""p"":""82406.70""}"
2026-10-08T03:21:31.571776Z,1791429691353,BTCUSDT,Buy,0.001,82401.90,"{""T"":1791429691353,""s"":""BTCUSDT"",""S"":""Buy"",""v"":""0.001"",""p"":""82401.90""}"
2026-10-08T03:21:31.571776Z,1791429691362,BTCUSDT,Buy,0.016,82426.80,"{""T"":1791429691362,""s"":""BTCUSDT"",""S"":""Buy"",""v"":""0.016"",""p"":""82426.80""}"
2026-10-08T03:21:31.571776Z,1791429691368,BTCUSDT,Buy,0.010,82424.40,"{""T"":1791429691368,""s"":""BTCUSDT"",""S"":""Buy"",""v"":""0.010"",""p"":""82424.40""}"
2026-10-08T03:21:31.571776Z,1791429691375,BTCUSDT,Buy,0.025,82455.20,"{""T"":1791429691375,""s"":""BTCUSDT"",""S"":""Buy"",""v"":""0.025"",""p"":""82455.20""}"
2026-10-08T03:21:31.571776Z,1791429691422,BTCUSDT,Buy,0.091,82414.50,"{""T"":1791429691422,""s"":""BTCUSDT"",""S"":""Buy"",""v"":""0.091"",""p"":""82414.50""}"
2026-10-08T03:21:31.571776Z,1791429691437,BTCUSDT,Buy,0.048,82457.70,"{""T"":1791429691437,""s"":""BTCUSDT"",""S"":""Buy"",""v"":""0.048"",""p"":""82457.70""}"
2026-10-08T03:21:31.842486Z,1791429691616,LITUSDT,Buy,106.9,3.4930,"{""T"":1791429691616,""s"":""LITUSDT"",""S"":""Buy"",""v"":""106.9"",""p"":""3.4930""}"
2026-10-08T03:21:31.842840Z,1791429691519,XRPUSDT,Buy,1608.3,1.4097,"{""T"":1791429691519,""s"":""XRPUSDT"",""S"":""Buy"",""v"":""1608.3"",""p"":""1.4097""}"
2026-10-08T03:21:31.960750Z,1791429691402,ETHUSDT,Buy,0.08,2554.37,"{""T"":1791429691402,""s"":""ETHUSDT"",""S"":""Buy"",""v"":""0.08"",""p"":""2554.37""}"
2026-10-08T03:21:32.070657Z,1791429691519,BTCUSDT,Buy,0.124,82371.00,"{""T"":1791429691519,""s"":""BTCUSDT"",""S"":""Buy"",""v"":""0.124"",""p"":""82371.00""}"
2026-10-08T03:21:32.070657Z,1791429691538,BTCUSDT,Buy,0.035,82403.90,"{""T"":1791429691538,""s"":""BTCUSDT"",""S"":""Buy"",""v"":""0.035"",""p"":""82403.90""}"
2026-10-08T03:21:32.070657Z,1791429691570,BTCUSDT,Buy,0.011,82446.70,"{""T"":1791429691570,""s"":""BTCUSDT"",""S"":""Buy"",""v"":""0.011"",""p"":""82446.70""}"
2026-10-08T03:21:32.070657Z,1791429691583,BTCUSDT,Buy,0.001,82416.10,"{""T"":1791429691583,""s"":""BTCUSDT"",""S"":""Buy"",""v"":""0.001"",""p"":""82416.10""}"
2026-10-08T03:21:32.070657Z,1791429691592,BTCUSDT,Buy,0.267,82395.30,"{""T"":1791429691592,""s"":""BTCUSDT"",""S"":""Buy"",""v"":""0.267"",""p"":""82395.30""}"
2026-10-08T03:21:32.070657Z,1791429691616,BTCUSDT,Buy,0.028,82381.50,"{""T"":1791429691616,""s"":""BTCUSDT"",""S"":""Buy"",""v"":""0.028"",""p"":""82381.50""}"
2026-10-08T03:21:32.070657Z,1791429691639,BTCUSDT,Buy,0.001,82428.60,"{""T"":1791429691639,""s"":""BTCUSDT"",""S"":""Buy"",""v"":""0.001"",""p"":""82428.60""}"
2026-10-08T03:21:32.070657Z,1791429691699,BTCUSDT,Buy,0.033,82422.10,"{""T"":1791429691699,""s"":""BTCUSDT"",""S"":""Buy"",""v"":""0.033"",""p"":""82422.10""}"
2026-10-08T03:21:32.070657Z,1791429691749,BTCUSDT,Buy,0.001,82421.60,"{""T"":1791429691749,""s"":""BTCUSDT"",""S"":""Buy"",""v"":""0.001"",""p"":""82421.60""}"
2026-10-08T03:21:32.070657Z,1791429691757,BTCUSDT,Buy,0.163,82439.50,"{""T"":1791429691757,""s"":""BTCUSDT"",""S"":""Buy"",""v"":""0.163"",""p"":""82439.50""}"
2026-10-08T03:21:32.501505Z,1791429691911,LINKUSDT,Buy,1.5,13.047,"{""T"":1791429691911,""s"":""LINKUSDT"",""S"":""Buy"",""v"":""1.5"",""p"":""13.047""}"
2026-10-08T03:21:32.570475Z,1791429692073,BTCUSDT,Buy,0.002,82367.40,"{""T"":1791429692073,""s"":""BTCUSDT"",""S"":""Buy"",""v"":""0.002"",""p"":""82367.40""}"
2026-10-08T03:21:32.570475Z,1791429692269,BTCUSDT,Buy,0.002,82368.10,"{""T"":1791429692269,""s"":""BTCUSDT"",""S"":""Buy"",""v"":""0.002"",""p"":""82368.10""}"
2026-10-08T03:21:32.570475Z,1791429692293,BTCUSDT,Buy,0.002,82362.40,"{""T"":1791429692293,""s"":""BTCUSDT"",""S"":""Buy"",""v"":""0.002"",""p"":""82362.40""}"
2026-10-08T03:21:32.570475Z,1791429692361,BTCUSDT,Buy,0.223,82363.30,"{""T"":1791429692361,""s"":""BTCUSDT"",""S"":""Buy"",""v"":""0.223"",""p"":""82363.30""}"
2026-10-08T03:21:32.570475Z,1791429692414,BTCUSDT,Buy,0.058,82362.70,"{""T"":1791429692414,""s"":""BTCUSDT"",""S"":""Buy"",""v"":""0.058"",""p"":""82362.70""}"
2026-10-08T03:21:33.070867Z,1791429692527,BTCUSDT,Buy,0.013,82360.70,"{""T"":1791429692527,""s"":""BTCUSDT"",""S"":""Buy"",""v"":""0.013"",""p"":""82360.70""}"
2026-10-08T03:21:33.070867Z,1791429692758,BTCUSDT,Buy,0.004,82361.00,"{""T"":1791429692758,""s"":""BTCUSDT"",""S"":""Buy"",""v"":""0.004"",""p"":""82361.00""}"
2026-10-08T03:21:33.070867Z,1791429692866,BTCUSDT,Buy,0.014,82362.60,"{""T"":1791429692866,""s"":""BTCUSDT"",""S"":""Buy"",""v"":""0.014"",""p"":""82362.60""}"
2026-10-08T03:21:33.070867Z,1791429692927,BTCUSDT,Buy,0.218,82363.00,"{""T"":1791429692927,""s"":""BTCUSDT"",""S"":""Buy"",""v"":""0.218"",""p"":""82363.00""}"
2026-10-08T03:21:33.570639Z,1791429692988,BTCUSDT,Buy,0.200,82360.10,"{""T"":1791429692988,""s"":""BTCUSDT"",""S"":""Buy"",""v"":""0.200"",""p"":""82360.10""}"
2026-10-08T03:21:33.570639Z,1791429693012,BTCUSDT,Buy,0.046,82352.40,"{""T"":1791429693012,""s"":""BTCUSDT"",""S"":""Buy"",""v"":""0.046"",""p"":""82352.40""}"
2026-10-08T03:21:33.570639Z,1791429693170,BTCUSDT,Buy,0.011,82350.50,"{""T"":1791429693170,""s"":""BTCUSDT"",""S"":""Buy"",""v"":""0.011"",""p"":""82350.50""}"
2026-10-08T03:21:33.570639Z,1791429693174,BTCUSDT,Buy,0.305,82350.40,"{""T"":1791429693174,""s"":""BTCUSDT"",""S"":""Buy"",""v"":""0.305"",""p"":""82350.40""}"
2026-10-08T03:21:33.570639Z,1791429693281,BTCUSDT,Buy,0.013,82351.30,"{""T"":1791429693281,""s"":""BTCUSDT"",""S"":""Buy"",""v"":""0.013"",""p"":""82351.30""}"
2026-10-08T03:21:34.070940Z,1791429693825,BTCUSDT,Buy,0.006,82357.30,"{""T"":1791429693825,""s"":""BTCUSDT"",""S"":""Buy"",""v"":""0.006"",""p"":""82357.30""}"
2026-10-08T03:21:34.070940Z,1791429693830,BTCUSDT,Buy,0.007,82350.50,"{""T"":1791429693830,""s"":""BTCUSDT"",""S"":""Buy"",""v"":""0.007"",""p"":""82350.50""}"
2026-10-08T03:21:34.070940Z,1791429693848,BTCUSDT,Buy,0.047,82357.00,"{""T"":1791429693848,""s"":""BTCUSDT"",""S"":""Buy"",""v"":""0.047"",""p"":""82357.00""}"
2026-10-08T03:21:34.070940Z,1791429693854,BTCUSDT,Buy,0.115,82348.60,"{""T"":1791429693854,""s"":""BTCUSDT"",""S"":""Buy"",""v"":""0.115"",""p"":""82348.60""}"
2026-10-08T03:21:34.501778Z,1791429694054,LINKUSDT,Buy,6.7,13.046,"{""T"":1791429694054,""s"":""LINKUSDT"",""S"":""Buy"",""v"":""6.7"",""p"":""13.046""}"
2026-10-08T03:21:35.570707Z,1791429695112,BTCUSDT,Buy,0.001,82344.40,"{""T"":1791429695112,""s"":""BTCUSDT"",""S"":""Buy"",""v"":""0.001"",""p"":""82344.40""}"
2026-10-08T03:21:35.570707Z,1791429695193,BTCUSDT,Buy,0.036,82349.30,"{""T"":1791429695193,""s"":""BTCUSDT"",""S"":""Buy"",""v"":""0.036"",""p"":""82349.30""}"
2026-10-08T03:21:35.570707Z,1791429695323,BTCUSDT,Buy,0.001,82347.50,"{""T"":1791429695323,""s"":""BTCUSDT"",""S"":""Buy"",""v"":""0.001"",""p"":""82347.50""}"
2026-10-08T03:21:35.570707Z,1791429695459,BTCUSDT,Buy,0.001,82347.40,"{""T"":1791429695459,""s"":""BTCUSDT"",""S"":""Buy"",""v"":""0.001"",""p"":""82347.40""}"
2026-10-08T03:21:36.071156Z,1791429695604,BTCUSDT,Buy,0.500,82346.80,"{""T"":1791429695604,""s"":""BTCUSDT"",""S"":""Buy"",""v"":""0.500"",""p"":""82346.80""}"
2026-10-08T03:21:36.071156Z,1791429695619,BTCUSDT,Buy,0.001,82348.00,"{""T"":1791429695619,""s"":""BTCUSDT"",""S"":""Buy"",""v"":""0.001"",""p"":""82348.00""}"
2026-10-08T03:21:36.071156Z,1791429695647,BTCUSDT,Buy,0.002,82345.40,"{""T"":1791429695647,""s"":""BTCUSDT"",""S"":""Buy"",""v"":""0.002"",""p"":""82345.40""}"
2026-10-08T03:21:36.071156Z,1791429695936,BTCUSDT,Buy,0.100,82344.10,"{""T"":1791429695936,""s"":""BTCUSDT"",""S"":""Buy"",""v"":""0.100"",""p"":""82344.10""}"
2026-10-08T03:21:36.071156Z,1791429695949,BTCUSDT,Buy,0.032,82351.40,"{""T"":1791429695949,""s"":""BTCUSDT"",""S"":""Buy"",""v"":""0.032"",""p"":""82351.40""}"
2026-10-08T03:22:52.821492Z,1791429772406,METUSDT,Sell,104.0,0.47730,"{""T"":1791429772406,""s"":""METUSDT"",""S"":""Sell"",""v"":""104.0"",""p"":""0.47730""}"
2026-10-08T03:23:13.521378Z,1791429793081,NEARUSDT,Sell,122.3,5.3500,"{""T"":1791429793081,""s"":""NEARUSDT"",""S"":""Sell"",""v"":""122.3"",""p"":""5.3500""}"
2026-10-08T03:23:16.020949Z,1791429795674,NEARUSDT,Sell,563.2,5.3630,"{""T"":1791429795674,""s"":""NEARUSDT"",""S"":""Sell"",""v"":""563.2"",""p"":""5.3630""}"
2026-10-08T03:24:13.570871Z,1791429853089,BTCUSDT,Sell,0.012,83209.00,"{""T"":1791429853089,""s"":""BTCUSDT"",""S"":""Sell"",""v"":""0.012"",""p"":""83209.00""}"
2026-10-08T03:24:15.071050Z,1791429854818,BTCUSDT,Sell,0.003,83216.20,"{""T"":1791429854818,""s"":""BTCUSDT"",""S"":""Sell"",""v"":""0.003"",""p"":""83216.20""}"
2026-10-08T03:24:53.817758Z,1791429893653,METUSDT,Sell,134.1,0.48420,"{""T"":1791429893653,""s"":""METUSDT"",""S"":""Sell"",""v"":""134.1"",""p"":""0.48420""}"
2026-10-08T03:26:02.991385Z,1791429962622,BTWUSDT,Sell,20,1.42447,"{""T"":1791429962622,""s"":""BTWUSDT"",""S"":""Sell"",""v"":""20"",""p"":""1.42447""}"
2026-10-08T03:26:36.491260Z,1791429995975,SOXLUSDT,Sell,4.13,160.44,"{""T"":1791429995975,""s"":""SOXLUSDT"",""S"":""Sell"",""v"":""4.13"",""p"":""160.44""}"
2026-10-08T03:26:38.334472Z,1791429998157,PONSUSDT,Sell,35,0.4396,"{""T"":1791429998157,""s"":""PONSUSDT"",""S"":""Sell"",""v"":""35"",""p"":""0.4396""}"
2026-10-08T03:26:42.817704Z,1791430002634,METUSDT,Sell,37.4,0.48720,"{""T"":1791430002634,""s"":""METUSDT"",""S"":""Sell"",""v"":""37.4"",""p"":""0.48720""}"
2026-10-08T03:26:43.317623Z,1791430003058,METUSDT,Sell,500.0,0.48610,"{""T"":1791430003058,""s"":""METUSDT"",""S"":""Sell"",""v"":""500.0"",""p"":""0.48610""}"
2026-10-08T03:27:03.991345Z,1791430023733,BTWUSDT,Sell,1390,1.42516,"{""T"":1791430023733,""s"":""BTWUSDT"",""S"":""Sell"",""v"":""1390"",""p"":""1.42516""}"
2026-10-08T03:28:08.520890Z,1791430088177,NEARUSDT,Sell,149.8,5.4070,"{""T"":1791430088177,""s"":""NEARUSDT"",""S"":""Sell"",""v"":""149.8"",""p"":""5.4070""}"
2026-10-08T03:28:33.991210Z,1791430113859,WUSDT,Sell,2362.7,0.017732,"{""T"":1791430113859,""s"":""WUSDT"",""S"":""Sell"",""v"":""2362.7"",""p"":""0.017732""}"
2026-10-08T03:31:04.817754Z,1791430264273,PUMPFUNUSDT,Sell,100,0.0063350,"{""T"":1791430264273,""s"":""PUMPFUNUSDT"",""S"":""Sell"",""v"":""100"",""p"":""0.0063350""}"
2026-10-08T03:31:06.333298Z,1791430265826,PONSUSDT,Sell,51,0.4401,"{""T"":1791430265826,""s"":""PONSUSDT"",""S"":""Sell"",""v"":""51"",""p"":""0.4401""}"
2026-10-08T03:31:39.991555Z,1791430299789,USUSDT,Sell,6360,0.014760,"{""T"":1791430299789,""s"":""USUSDT"",""S"":""Sell"",""v"":""6360"",""p"":""0.014760""}"
