recv_ts_utc,exch_ts_ms,symbol,side,size,price,raw_json
2026-09-14T00:00:04.908314Z,1789344004540,KORUUSDT,Buy,2.98,20.99,"{""T"":1789344004540,""s"":""KORUUSDT"",""S"":""Buy"",""v"":""2.98"",""p"":""20.99""}"
2026-09-14T00:00:08.408005Z,1789344008006,DELLUSDT,Sell,0.28,559.43,"{""T"":1789344008006,""s"":""DELLUSDT"",""S"":""Sell"",""v"":""0.28"",""p"":""559.43""}"
2026-09-14T00:00:20.337789Z,1789344019804,CVCUSDT,Buy,1463,0.03028,"{""T"":1789344019804,""s"":""CVCUSDT"",""S"":""Buy"",""v"":""1463"",""p"":""0.03028""}"
2026-09-14T00:00:20.837823Z,1789344020601,CVCUSDT,Buy,44585,0.03024,"{""T"":1789344020601,""s"":""CVCUSDT"",""S"":""Buy"",""v"":""44585"",""p"":""0.03024""}"
2026-09-14T00:00:20.837823Z,1789344020602,CVCUSDT,Buy,162,0.03020,"{""T"":1789344020602,""s"":""CVCUSDT"",""S"":""Buy"",""v"":""162"",""p"":""0.03020""}"
2026-09-14T00:00:21.337848Z,1789344020912,CVCUSDT,Buy,6530,0.03015,"{""T"":1789344020912,""s"":""CVCUSDT"",""S"":""Buy"",""v"":""6530"",""p"":""0.03015""}"
2026-09-14T00:00:23.829237Z,1789344023694,LABUSDT,Buy,558,0.05400,"{""T"":1789344023694,""s"":""LABUSDT"",""S"":""Buy"",""v"":""558"",""p"":""0.05400""}"
2026-09-14T00:00:24.329096Z,1789344023864,LABUSDT,Buy,101,0.05380,"{""T"":1789344023864,""s"":""LABUSDT"",""S"":""Buy"",""v"":""101"",""p"":""0.05380""}"
2026-09-14T00:00:24.829044Z,1789344024519,LABUSDT,Buy,2619,0.05390,"{""T"":1789344024519,""s"":""LABUSDT"",""S"":""Buy"",""v"":""2619"",""p"":""0.05390""}"
2026-09-14T00:00:25.829288Z,1789344025444,LABUSDT,Buy,84,0.05330,"{""T"":1789344025444,""s"":""LABUSDT"",""S"":""Buy"",""v"":""84"",""p"":""0.05330""}"
2026-09-14T00:00:25.829288Z,1789344025465,LABUSDT,Buy,20732,0.05330,"{""T"":1789344025465,""s"":""LABUSDT"",""S"":""Buy"",""v"":""20732"",""p"":""0.05330""}"
2026-09-14T00:00:27.407939Z,1789344026823,KORUUSDT,Buy,476.19,20.71,"{""T"":1789344026823,""s"":""KORUUSDT"",""S"":""Buy"",""v"":""476.19"",""p"":""20.71""}"
2026-09-14T00:00:28.829591Z,1789344028551,LABUSDT,Buy,2007,0.05320,"{""T"":1789344028551,""s"":""LABUSDT"",""S"":""Buy"",""v"":""2007"",""p"":""0.05320""}"
2026-09-14T00:00:29.328940Z,1789344029123,LABUSDT,Buy,3765,0.05320,"{""T"":1789344029123,""s"":""LABUSDT"",""S"":""Buy"",""v"":""3765"",""p"":""0.05320""}"
2026-09-14T00:00:37.907829Z,1789344037547,STEEMUSDT,Buy,13535,0.05504,"{""T"":1789344037547,""s"":""STEEMUSDT"",""S"":""Buy"",""v"":""13535"",""p"":""0.05504""}"
2026-09-14T00:00:37.992124Z,1789344037547,POWRUSDT,Buy,15632,0.05640,"{""T"":1789344037547,""s"":""POWRUSDT"",""S"":""Buy"",""v"":""15632"",""p"":""0.05640""}"
2026-09-14T00:00:37.997132Z,1789344037547,FLOCKUSDT,Buy,17468,0.06608,"{""T"":1789344037547,""s"":""FLOCKUSDT"",""S"":""Buy"",""v"":""17468"",""p"":""0.06608""}"
2026-09-14T00:00:38.908043Z,1789344038347,STEEMUSDT,Buy,1192,0.05494,"{""T"":1789344038347,""s"":""STEEMUSDT"",""S"":""Buy"",""v"":""1192"",""p"":""0.05494""}"
2026-09-14T00:00:40.992238Z,1789344040550,POWRUSDT,Buy,20400,0.05612,"{""T"":1789344040550,""s"":""POWRUSDT"",""S"":""Buy"",""v"":""20400"",""p"":""0.05612""}"
2026-09-14T00:00:43.407940Z,1789344043125,POWERUSDT,Buy,70,0.12460,"{""T"":1789344043125,""s"":""POWERUSDT"",""S"":""Buy"",""v"":""70"",""p"":""0.12460""}"
2026-09-14T00:00:44.907799Z,1789344044345,POWERUSDT,Buy,61,0.12407,"{""T"":1789344044345,""s"":""POWERUSDT"",""S"":""Buy"",""v"":""61"",""p"":""0.12407""}"
2026-09-14T00:00:48.908134Z,1789344048676,POWERUSDT,Buy,306,0.12307,"{""T"":1789344048676,""s"":""POWERUSDT"",""S"":""Buy"",""v"":""306"",""p"":""0.12307""}"
2026-09-14T00:00:49.407718Z,1789344048871,POWERUSDT,Buy,369,0.12310,"{""T"":1789344048871,""s"":""POWERUSDT"",""S"":""Buy"",""v"":""369"",""p"":""0.12310""}"
2026-09-14T00:00:49.986600Z,1789344049884,XAUUSDT,Buy,0.052,4318.41,"{""T"":1789344049884,""s"":""XAUUSDT"",""S"":""Buy"",""v"":""0.052"",""p"":""4318.41""}"
2026-09-14T00:00:55.986644Z,1789344055765,SOXLUSDT,Buy,87.23,113.79,"{""T"":1789344055765,""s"":""SOXLUSDT"",""S"":""Buy"",""v"":""87.23"",""p"":""113.79""}"
2026-09-14T00:01:02.409828Z,1789344062237,LSKUSDT,Sell,244.3,0.82251,"{""T"":1789344062237,""s"":""LSKUSDT"",""S"":""Sell"",""v"":""244.3"",""p"":""0.82251""}"
2026-09-14T00:01:02.992367Z,1789344062585,POWRUSDT,Buy,92655,0.05519,"{""T"":1789344062585,""s"":""POWRUSDT"",""S"":""Buy"",""v"":""92655"",""p"":""0.05519""}"
2026-09-14T00:01:04.992543Z,1789344064623,POWRUSDT,Buy,264,0.05491,"{""T"":1789344064623,""s"":""POWRUSDT"",""S"":""Buy"",""v"":""264"",""p"":""0.05491""}"
2026-09-14T00:01:05.492506Z,1789344064955,POWRUSDT,Buy,666,0.05485,"{""T"":1789344064955,""s"":""POWRUSDT"",""S"":""Buy"",""v"":""666"",""p"":""0.05485""}"
2026-09-14T00:01:05.492506Z,1789344065225,POWRUSDT,Buy,4922,0.05487,"{""T"":1789344065225,""s"":""POWRUSDT"",""S"":""Buy"",""v"":""4922"",""p"":""0.05487""}"
2026-09-14T00:01:08.992411Z,1789344068473,POWRUSDT,Buy,2276,0.05454,"{""T"":1789344068473,""s"":""POWRUSDT"",""S"":""Buy"",""v"":""2276"",""p"":""0.05454""}"
2026-09-14T00:01:11.992275Z,1789344071650,POWRUSDT,Buy,789,0.05443,"{""T"":1789344071650,""s"":""POWRUSDT"",""S"":""Buy"",""v"":""789"",""p"":""0.05443""}"
2026-09-14T00:01:12.992203Z,1789344072437,POWRUSDT,Buy,14734,0.05428,"{""T"":1789344072437,""s"":""POWRUSDT"",""S"":""Buy"",""v"":""14734"",""p"":""0.05428""}"
2026-09-14T00:01:20.337894Z,1789344080108,CVCUSDT,Buy,236,0.03020,"{""T"":1789344080108,""s"":""CVCUSDT"",""S"":""Buy"",""v"":""236"",""p"":""0.03020""}"
2026-09-14T00:01:20.408153Z,1789344080108,LSKUSDT,Buy,6.3,0.78182,"{""T"":1789344080108,""s"":""LSKUSDT"",""S"":""Buy"",""v"":""6.3"",""p"":""0.78182""}"
2026-09-14T00:01:20.492515Z,1789344080108,POWRUSDT,Buy,103,0.05446,"{""T"":1789344080108,""s"":""POWRUSDT"",""S"":""Buy"",""v"":""103"",""p"":""0.05446""}"
2026-09-14T00:01:24.329142Z,1789344084076,NIULAIUSDT,Buy,190,0.11316,"{""T"":1789344084076,""s"":""NIULAIUSDT"",""S"":""Buy"",""v"":""190"",""p"":""0.11316""}"
2026-09-14T00:01:24.329142Z,1789344084103,NIULAIUSDT,Buy,400,0.11254,"{""T"":1789344084103,""s"":""NIULAIUSDT"",""S"":""Buy"",""v"":""400"",""p"":""0.11254""}"
2026-09-14T00:01:24.329142Z,1789344084116,NIULAIUSDT,Buy,3560,0.11276,"{""T"":1789344084116,""s"":""NIULAIUSDT"",""S"":""Buy"",""v"":""3560"",""p"":""0.11276""}"
2026-09-14T00:01:24.828871Z,1789344084325,NIULAIUSDT,Buy,250,0.11340,"{""T"":1789344084325,""s"":""NIULAIUSDT"",""S"":""Buy"",""v"":""250"",""p"":""0.11340""}"
2026-09-14T00:01:24.828871Z,1789344084346,NIULAIUSDT,Buy,1500,0.11241,"{""T"":1789344084346,""s"":""NIULAIUSDT"",""S"":""Buy"",""v"":""1500"",""p"":""0.11241""}"
2026-09-14T00:01:24.828871Z,1789344084395,NIULAIUSDT,Buy,27830,0.11301,"{""T"":1789344084395,""s"":""NIULAIUSDT"",""S"":""Buy"",""v"":""27830"",""p"":""0.11301""}"
2026-09-14T00:01:25.329537Z,1789344084842,NIULAIUSDT,Buy,100,0.11336,"{""T"":1789344084842,""s"":""NIULAIUSDT"",""S"":""Buy"",""v"":""100"",""p"":""0.11336""}"
2026-09-14T00:01:25.329537Z,1789344084861,NIULAIUSDT,Buy,40,0.11276,"{""T"":1789344084861,""s"":""NIULAIUSDT"",""S"":""Buy"",""v"":""40"",""p"":""0.11276""}"
2026-09-14T00:01:25.329537Z,1789344084950,NIULAIUSDT,Buy,1500,0.11378,"{""T"":1789344084950,""s"":""NIULAIUSDT"",""S"":""Buy"",""v"":""1500"",""p"":""0.11378""}"
2026-09-14T00:01:37.908149Z,1789344097803,STEEMUSDT,Sell,6891,0.06226,"{""T"":1789344097803,""s"":""STEEMUSDT"",""S"":""Sell"",""v"":""6891"",""p"":""0.06226""}"
2026-09-14T00:01:40.413288Z,1789344100184,STEEMUSDT,Sell,529,0.06277,"{""T"":1789344100184,""s"":""STEEMUSDT"",""S"":""Sell"",""v"":""529"",""p"":""0.06277""}"
2026-09-14T00:01:42.563243Z,1789344102299,XMRUSDT,Buy,4.58,512.20,"{""T"":1789344102299,""s"":""XMRUSDT"",""S"":""Buy"",""v"":""4.58"",""p"":""512.20""}"
2026-09-14T00:01:44.497292Z,1789344104217,B3USDT,Buy,35900,0.0006863,"{""T"":1789344104217,""s"":""B3USDT"",""S"":""Buy"",""v"":""35900"",""p"":""0.0006863""}"
2026-09-14T00:01:55.497740Z,1789344115339,DASHUSDT,Buy,30.00,52.50,"{""T"":1789344115339,""s"":""DASHUSDT"",""S"":""Buy"",""v"":""30.00"",""p"":""52.50""}"
2026-09-14T00:01:55.829512Z,1789344115339,LABUSDT,Buy,1000,0.05450,"{""T"":1789344115339,""s"":""LABUSDT"",""S"":""Buy"",""v"":""1000"",""p"":""0.05450""}"
2026-09-14T00:01:55.847850Z,1789344115339,BEATUSDT,Buy,100,0.07929,"{""T"":1789344115339,""s"":""BEATUSDT"",""S"":""Buy"",""v"":""100"",""p"":""0.07929""}"
2026-09-14T00:01:55.848089Z,1789344115339,UAIUSDT,Buy,1500,0.49420,"{""T"":1789344115339,""s"":""UAIUSDT"",""S"":""Buy"",""v"":""1500"",""p"":""0.49420""}"
2026-09-14T00:02:03.907900Z,1789344123571,LSKUSDT,Buy,8.6,0.77228,"{""T"":1789344123571,""s"":""LSKUSDT"",""S"":""Buy"",""v"":""8.6"",""p"":""0.77228""}"
2026-09-14T00:02:03.907900Z,1789344123639,LSKUSDT,Buy,628.4,0.77225,"{""T"":1789344123639,""s"":""LSKUSDT"",""S"":""Buy"",""v"":""628.4"",""p"":""0.77225""}"
2026-09-14T00:02:04.337716Z,1789344124152,CVCUSDT,Sell,3197,0.03247,"{""T"":1789344124152,""s"":""CVCUSDT"",""S"":""Sell"",""v"":""3197"",""p"":""0.03247""}"
2026-09-14T00:02:12.338135Z,1789344132017,CVCUSDT,Sell,19181,0.03252,"{""T"":1789344132017,""s"":""CVCUSDT"",""S"":""Sell"",""v"":""19181"",""p"":""0.03252""}"
2026-09-14T00:02:12.837553Z,1789344132727,CVCUSDT,Sell,1929,0.03252,"{""T"":1789344132727,""s"":""CVCUSDT"",""S"":""Sell"",""v"":""1929"",""p"":""0.03252""}"
2026-09-14T00:02:14.408122Z,1789344134260,LSKUSDT,Buy,61.7,0.76498,"{""T"":1789344134260,""s"":""LSKUSDT"",""S"":""Buy"",""v"":""61.7"",""p"":""0.76498""}"
2026-09-14T00:02:16.408223Z,1789344136072,SKHYNIXUSDT,Buy,1.000,1266.99,"{""T"":1789344136072,""s"":""SKHYNIXUSDT"",""S"":""Buy"",""v"":""1.000"",""p"":""1266.99""}"
2026-09-14T00:02:17.838420Z,1789344137445,CVCUSDT,Sell,718,0.03285,"{""T"":1789344137445,""s"":""CVCUSDT"",""S"":""Sell"",""v"":""718"",""p"":""0.03285""}"
2026-09-14T00:02:18.337942Z,1789344137894,CVCUSDT,Sell,41115,0.03284,"{""T"":1789344137894,""s"":""CVCUSDT"",""S"":""Sell"",""v"":""41115"",""p"":""0.03284""}"
2026-09-14T00:02:19.407958Z,1789344138968,STEEMUSDT,Sell,220,0.06317,"{""T"":1789344138968,""s"":""STEEMUSDT"",""S"":""Sell"",""v"":""220"",""p"":""0.06317""}"
2026-09-14T00:02:21.407883Z,1789344141034,STEEMUSDT,Sell,10228,0.06349,"{""T"":1789344141034,""s"":""STEEMUSDT"",""S"":""Sell"",""v"":""10228"",""p"":""0.06349""}"
2026-09-14T00:02:49.408122Z,1789344168937,LSKUSDT,Buy,185.8,0.75967,"{""T"":1789344168937,""s"":""LSKUSDT"",""S"":""Buy"",""v"":""185.8"",""p"":""0.75967""}"
2026-09-14T00:03:02.908178Z,1789344182369,LSKUSDT,Sell,78.1,0.79946,"{""T"":1789344182369,""s"":""LSKUSDT"",""S"":""Sell"",""v"":""78.1"",""p"":""0.79946""}"
2026-09-14T00:03:06.908082Z,1789344186634,LSKUSDT,Sell,30.2,0.80243,"{""T"":1789344186634,""s"":""LSKUSDT"",""S"":""Sell"",""v"":""30.2"",""p"":""0.80243""}"
2026-09-14T00:03:07.408073Z,1789344187073,LSKUSDT,Sell,352.9,0.80415,"{""T"":1789344187073,""s"":""LSKUSDT"",""S"":""Sell"",""v"":""352.9"",""p"":""0.80415""}"
2026-09-14T00:03:08.328968Z,1789344188147,LABUSDT,Buy,5000,0.05310,"{""T"":1789344188147,""s"":""LABUSDT"",""S"":""Buy"",""v"":""5000"",""p"":""0.05310""}"
2026-09-14T00:03:08.825346Z,1789344188291,ENAUSDT,Buy,10000,0.13484,"{""T"":1789344188291,""s"":""ENAUSDT"",""S"":""Buy"",""v"":""10000"",""p"":""0.13484""}"
2026-09-14T00:03:08.829244Z,1789344188291,LABUSDT,Buy,10000,0.05310,"{""T"":1789344188291,""s"":""LABUSDT"",""S"":""Buy"",""v"":""10000"",""p"":""0.05310""}"
2026-09-14T00:03:08.837913Z,1789344188291,ONDOUSDT,Buy,5000,0.3399,"{""T"":1789344188291,""s"":""ONDOUSDT"",""S"":""Buy"",""v"":""5000"",""p"":""0.3399""}"
2026-09-14T00:03:08.848228Z,1789344188291,MARSCOINUSDT,Buy,10000,0.09486,"{""T"":1789344188291,""s"":""MARSCOINUSDT"",""S"":""Buy"",""v"":""10000"",""p"":""0.09486""}"
2026-09-14T00:03:20.497927Z,1789344200229,STORJUSDT,Buy,3228.2,0.03401,"{""T"":1789344200229,""s"":""STORJUSDT"",""S"":""Buy"",""v"":""3228.2"",""p"":""0.03401""}"
2026-09-14T00:03:21.907901Z,1789344201770,LSKUSDT,Buy,561.0,0.75551,"{""T"":1789344201770,""s"":""LSKUSDT"",""S"":""Buy"",""v"":""561.0"",""p"":""0.75551""}"
2026-09-14T00:03:27.313290Z,1789344206951,METUSDT,Buy,174.2,0.21590,"{""T"":1789344206951,""s"":""METUSDT"",""S"":""Buy"",""v"":""174.2"",""p"":""0.21590""}"
2026-09-14T00:03:27.326286Z,1789344206951,VVVUSDT,Buy,1.62,21.0150,"{""T"":1789344206951,""s"":""VVVUSDT"",""S"":""Buy"",""v"":""1.62"",""p"":""21.0150""}"
2026-09-14T00:03:27.326738Z,1789344206951,ETHFIUSDT,Buy,55.9,0.6119,"{""T"":1789344206951,""s"":""ETHFIUSDT"",""S"":""Buy"",""v"":""55.9"",""p"":""0.6119""}"
2026-09-14T00:03:27.327076Z,1789344206951,ENAUSDT,Buy,279,0.13483,"{""T"":1789344206951,""s"":""ENAUSDT"",""S"":""Buy"",""v"":""279"",""p"":""0.13483""}"
2026-09-14T00:03:27.329227Z,1789344206951,LABUSDT,Buy,648,0.05340,"{""T"":1789344206951,""s"":""LABUSDT"",""S"":""Buy"",""v"":""648"",""p"":""0.05340""}"
2026-09-14T00:03:27.329602Z,1789344206951,CASHCATUSDT,Buy,220,0.15141,"{""T"":1789344206951,""s"":""CASHCATUSDT"",""S"":""Buy"",""v"":""220"",""p"":""0.15141""}"
2026-09-14T00:03:27.329904Z,1789344206951,NIULAIUSDT,Buy,300,0.11246,"{""T"":1789344206951,""s"":""NIULAIUSDT"",""S"":""Buy"",""v"":""300"",""p"":""0.11246""}"
2026-09-14T00:03:27.338391Z,1789344206951,LITUSDT,Buy,9.0,4.0750,"{""T"":1789344206951,""s"":""LITUSDT"",""S"":""Buy"",""v"":""9.0"",""p"":""4.0750""}"
2026-09-14T00:03:27.348346Z,1789344206951,UAIUSDT,Buy,64,0.49010,"{""T"":1789344206951,""s"":""UAIUSDT"",""S"":""Buy"",""v"":""64"",""p"":""0.49010""}"
2026-09-14T00:03:27.348675Z,1789344206951,MARSCOINUSDT,Buy,330,0.09464,"{""T"":1789344206951,""s"":""MARSCOINUSDT"",""S"":""Buy"",""v"":""330"",""p"":""0.09464""}"
2026-09-14T00:03:27.348906Z,1789344206951,RIVERUSDT,Buy,30.8,1.119,"{""T"":1789344206951,""s"":""RIVERUSDT"",""S"":""Buy"",""v"":""30.8"",""p"":""1.119""}"
2026-09-14T00:03:27.349160Z,1789344206951,BEATUSDT,Buy,876,0.07903,"{""T"":1789344206951,""s"":""BEATUSDT"",""S"":""Buy"",""v"":""876"",""p"":""0.07903""}"
2026-09-14T00:03:27.497651Z,1789344206951,GRIFFAINUSDT,Buy,2802,0.012389,"{""T"":1789344206951,""s"":""GRIFFAINUSDT"",""S"":""Buy"",""v"":""2802"",""p"":""0.012389""}"
2026-09-14T00:03:27.498236Z,1789344206951,STORJUSDT,Buy,3287.3,0.03370,"{""T"":1789344206951,""s"":""STORJUSDT"",""S"":""Buy"",""v"":""3287.3"",""p"":""0.03370""}"
2026-09-14T00:03:27.498607Z,1789344206951,FLOCKUSDT,Buy,511,0.06607,"{""T"":1789344206951,""s"":""FLOCKUSDT"",""S"":""Buy"",""v"":""511"",""p"":""0.06607""}"
2026-09-14T00:03:27.516514Z,1789344206951,NEARUSDT,Buy,16.1,2.2850,"{""T"":1789344206951,""s"":""NEARUSDT"",""S"":""Buy"",""v"":""16.1"",""p"":""2.2850""}"
2026-09-14T00:03:38.863487Z,1789344218652,SNXXUSDT,Buy,3.85,13.72,"{""T"":1789344218652,""s"":""SNXXUSDT"",""S"":""Buy"",""v"":""3.85"",""p"":""13.72""}"
2026-09-14T00:03:46.338580Z,1789344226079,CVCUSDT,Buy,14956,0.03001,"{""T"":1789344226079,""s"":""CVCUSDT"",""S"":""Buy"",""v"":""14956"",""p"":""0.03001""}"
2026-09-14T00:03:48.337691Z,1789344228036,CVCUSDT,Buy,12726,0.02994,"{""T"":1789344228036,""s"":""CVCUSDT"",""S"":""Buy"",""v"":""12726"",""p"":""0.02994""}"
2026-09-14T00:03:50.828988Z,1789344230729,NIULAIUSDT,Buy,500,0.11240,"{""T"":1789344230729,""s"":""NIULAIUSDT"",""S"":""Buy"",""v"":""500"",""p"":""0.11240""}"
2026-09-14T00:03:50.848084Z,1789344230729,MARSCOINUSDT,Buy,500,0.09453,"{""T"":1789344230729,""s"":""MARSCOINUSDT"",""S"":""Buy"",""v"":""500"",""p"":""0.09453""}"
2026-09-14T00:03:51.497564Z,1789344231332,STORJUSDT,Buy,14228.7,0.03362,"{""T"":1789344231332,""s"":""STORJUSDT"",""S"":""Buy"",""v"":""14228.7"",""p"":""0.03362""}"
2026-09-14T00:03:52.359459Z,1789344231917,SNXXUSDT,Buy,0.67,13.71,"{""T"":1789344231917,""s"":""SNXXUSDT"",""S"":""Buy"",""v"":""0.67"",""p"":""13.71""}"
2026-09-14T00:03:56.829065Z,1789344236514,LABUSDT,Buy,5849,0.05290,"{""T"":1789344236514,""s"":""LABUSDT"",""S"":""Buy"",""v"":""5849"",""p"":""0.05290""}"
2026-09-14T00:04:01.329646Z,1789344241222,LABUSDT,Buy,5000,0.05260,"{""T"":1789344241222,""s"":""LABUSDT"",""S"":""Buy"",""v"":""5000"",""p"":""0.05260""}"
2026-09-14T00:04:04.829058Z,1789344244496,LABUSDT,Buy,3375,0.05210,"{""T"":1789344244496,""s"":""LABUSDT"",""S"":""Buy"",""v"":""3375"",""p"":""0.05210""}"
2026-09-14T00:04:04.848261Z,1789344244433,MARSCOINUSDT,Buy,2350,0.09455,"{""T"":1789344244433,""s"":""MARSCOINUSDT"",""S"":""Buy"",""v"":""2350"",""p"":""0.09455""}"
2026-09-14T00:04:05.329176Z,1789344244760,LABUSDT,Buy,3941,0.05220,"{""T"":1789344244760,""s"":""LABUSDT"",""S"":""Buy"",""v"":""3941"",""p"":""0.05220""}"
2026-09-14T00:04:05.329176Z,1789344245225,LABUSDT,Buy,4081,0.05200,"{""T"":1789344245225,""s"":""LABUSDT"",""S"":""Buy"",""v"":""4081"",""p"":""0.05200""}"
2026-09-14T00:04:05.329176Z,1789344245226,LABUSDT,Buy,250000,0.05190,"{""T"":1789344245226,""s"":""LABUSDT"",""S"":""Buy"",""v"":""250000"",""p"":""0.05190""}"
2026-09-14T00:04:05.329866Z,1789344245225,NIULAIUSDT,Buy,1660,0.11189,"{""T"":1789344245225,""s"":""NIULAIUSDT"",""S"":""Buy"",""v"":""1660"",""p"":""0.11189""}"
2026-09-14T00:04:05.347912Z,1789344245225,RIVERUSDT,Buy,115.8,1.118,"{""T"":1789344245225,""s"":""RIVERUSDT"",""S"":""Buy"",""v"":""115.8"",""p"":""1.118""}"
2026-09-14T00:04:05.407859Z,1789344245225,LSKUSDT,Sell,92.4,0.79034,"{""T"":1789344245225,""s"":""LSKUSDT"",""S"":""Sell"",""v"":""92.4"",""p"":""0.79034""}"
2026-09-14T00:04:05.566383Z,1789344245225,BTCUSDT,Buy,0.016,76537.60,"{""T"":1789344245225,""s"":""BTCUSDT"",""S"":""Buy"",""v"":""0.016"",""p"":""76537.60""}"
2026-09-14T00:04:05.636040Z,1789344245225,AKEUSDT,Buy,6900,0.0147910,"{""T"":1789344245225,""s"":""AKEUSDT"",""S"":""Buy"",""v"":""6900"",""p"":""0.0147910""}"
2026-09-14T00:04:05.829084Z,1789344245400,LABUSDT,Buy,2518,0.05250,"{""T"":1789344245400,""s"":""LABUSDT"",""S"":""Buy"",""v"":""2518"",""p"":""0.05250""}"
2026-09-14T00:04:06.496670Z,1789344246266,PUNDIXUSDT,Buy,7451,0.10096,"{""T"":1789344246266,""s"":""PUNDIXUSDT"",""S"":""Buy"",""v"":""7451"",""p"":""0.10096""}"
2026-09-14T00:04:08.829147Z,1789344248713,NIULAIUSDT,Buy,590,0.11177,"{""T"":1789344248713,""s"":""NIULAIUSDT"",""S"":""Buy"",""v"":""590"",""p"":""0.11177""}"
2026-09-14T00:04:08.997418Z,1789344248748,IOSTUSDT,Buy,1985736,0.0007493,"{""T"":1789344248748,""s"":""IOSTUSDT"",""S"":""Buy"",""v"":""1985736"",""p"":""0.0007493""}"
2026-09-14T00:04:09.329189Z,1789344248837,NIULAIUSDT,Buy,2140,0.11168,"{""T"":1789344248837,""s"":""NIULAIUSDT"",""S"":""Buy"",""v"":""2140"",""p"":""0.11168""}"
2026-09-14T00:04:09.329189Z,1789344248958,NIULAIUSDT,Buy,5000,0.11177,"{""T"":1789344248958,""s"":""NIULAIUSDT"",""S"":""Buy"",""v"":""5000"",""p"":""0.11177""}"
2026-09-14T00:04:19.497477Z,1789344259146,B3USDT,Buy,24300,0.0006823,"{""T"":1789344259146,""s"":""B3USDT"",""S"":""Buy"",""v"":""24300"",""p"":""0.0006823""}"
2026-09-14T00:04:21.829524Z,1789344261605,NIULAIUSDT,Buy,1570,0.11151,"{""T"":1789344261605,""s"":""NIULAIUSDT"",""S"":""Buy"",""v"":""1570"",""p"":""0.11151""}"
2026-09-14T00:04:22.329595Z,1789344261946,NIULAIUSDT,Buy,5040,0.11144,"{""T"":1789344261946,""s"":""NIULAIUSDT"",""S"":""Buy"",""v"":""5040"",""p"":""0.11144""}"
2026-09-14T00:04:22.829795Z,1789344262380,NIULAIUSDT,Buy,1480,0.11124,"{""T"":1789344262380,""s"":""NIULAIUSDT"",""S"":""Buy"",""v"":""1480"",""p"":""0.11124""}"
2026-09-14T00:04:23.329156Z,1789344262949,NIULAIUSDT,Buy,690,0.11130,"{""T"":1789344262949,""s"":""NIULAIUSDT"",""S"":""Buy"",""v"":""690"",""p"":""0.11130""}"
2026-09-14T00:04:23.329156Z,1789344263186,NIULAIUSDT,Buy,10440,0.11119,"{""T"":1789344263186,""s"":""NIULAIUSDT"",""S"":""Buy"",""v"":""10440"",""p"":""0.11119""}"
2026-09-14T00:04:24.329024Z,1789344263786,NIULAIUSDT,Buy,240,0.11122,"{""T"":1789344263786,""s"":""NIULAIUSDT"",""S"":""Buy"",""v"":""240"",""p"":""0.11122""}"
2026-09-14T00:04:25.830176Z,1789344265342,NIULAIUSDT,Buy,3030,0.11095,"{""T"":1789344265342,""s"":""NIULAIUSDT"",""S"":""Buy"",""v"":""3030"",""p"":""0.11095""}"
2026-09-14T00:04:47.829419Z,1789344287366,NIULAIUSDT,Buy,70,0.11015,"{""T"":1789344287366,""s"":""NIULAIUSDT"",""S"":""Buy"",""v"":""70"",""p"":""0.11015""}"
2026-09-14T00:04:47.829419Z,1789344287662,NIULAIUSDT,Buy,5200,0.11054,"{""T"":1789344287662,""s"":""NIULAIUSDT"",""S"":""Buy"",""v"":""5200"",""p"":""0.11054""}"
2026-09-14T00:04:48.329617Z,1789344287813,NIULAIUSDT,Buy,3650,0.11010,"{""T"":1789344287813,""s"":""NIULAIUSDT"",""S"":""Buy"",""v"":""3650"",""p"":""0.11010""}"
2026-09-14T00:04:48.329617Z,1789344287882,NIULAIUSDT,Buy,230,0.11046,"{""T"":1789344287882,""s"":""NIULAIUSDT"",""S"":""Buy"",""v"":""230"",""p"":""0.11046""}"
2026-09-14T00:04:48.329617Z,1789344288020,NIULAIUSDT,Buy,100,0.11005,"{""T"":1789344288020,""s"":""NIULAIUSDT"",""S"":""Buy"",""v"":""100"",""p"":""0.11005""}"
2026-09-14T00:05:13.330767Z,1789344313225,LABUSDT,Buy,56261,0.05190,"{""T"":1789344313225,""s"":""LABUSDT"",""S"":""Buy"",""v"":""56261"",""p"":""0.05190""}"
2026-09-14T00:05:29.907937Z,1789344329424,STEEMUSDT,Buy,335,0.05546,"{""T"":1789344329424,""s"":""STEEMUSDT"",""S"":""Buy"",""v"":""335"",""p"":""0.05546""}"
2026-09-14T00:05:33.062952Z,1789344332926,FILUSDT,Sell,437.2,0.9776,"{""T"":1789344332926,""s"":""FILUSDT"",""S"":""Sell"",""v"":""437.2"",""p"":""0.9776""}"
2026-09-14T00:05:38.407794Z,1789344337916,POWERUSDT,Sell,443,0.13556,"{""T"":1789344337916,""s"":""POWERUSDT"",""S"":""Sell"",""v"":""443"",""p"":""0.13556""}"
2026-09-14T00:05:41.813257Z,1789344341589,PUMPFUNUSDT,Sell,4600,0.0035310,"{""T"":1789344341589,""s"":""PUMPFUNUSDT"",""S"":""Sell"",""v"":""4600"",""p"":""0.0035310""}"
2026-09-14T00:06:04.408027Z,1789344364267,LSKUSDT,Buy,45.9,0.75752,"{""T"":1789344364267,""s"":""LSKUSDT"",""S"":""Buy"",""v"":""45.9"",""p"":""0.75752""}"
2026-09-14T00:07:19.063338Z,1789344438751,FILUSDT,Sell,18.2,0.9846,"{""T"":1789344438751,""s"":""FILUSDT"",""S"":""Sell"",""v"":""18.2"",""p"":""0.9846""}"
2026-09-14T00:07:19.408016Z,1789344439131,LSKUSDT,Buy,84.5,0.75124,"{""T"":1789344439131,""s"":""LSKUSDT"",""S"":""Buy"",""v"":""84.5"",""p"":""0.75124""}"
2026-09-14T00:07:19.908147Z,1789344439812,LSKUSDT,Buy,56.0,0.75134,"{""T"":1789344439812,""s"":""LSKUSDT"",""S"":""Buy"",""v"":""56.0"",""p"":""0.75134""}"
2026-09-14T00:07:22.337852Z,1789344441945,CVCUSDT,Buy,355,0.02946,"{""T"":1789344441945,""s"":""CVCUSDT"",""S"":""Buy"",""v"":""355"",""p"":""0.02946""}"
2026-09-14T00:07:22.337852Z,1789344442056,CVCUSDT,Buy,729,0.02931,"{""T"":1789344442056,""s"":""CVCUSDT"",""S"":""Buy"",""v"":""729"",""p"":""0.02931""}"
2026-09-14T00:07:23.837581Z,1789344443325,CVCUSDT,Buy,150000,0.02925,"{""T"":1789344443325,""s"":""CVCUSDT"",""S"":""Buy"",""v"":""150000"",""p"":""0.02925""}"
2026-09-14T00:07:28.338024Z,1789344447895,CVCUSDT,Buy,167392,0.02917,"{""T"":1789344447895,""s"":""CVCUSDT"",""S"":""Buy"",""v"":""167392"",""p"":""0.02917""}"
2026-09-14T00:07:28.636303Z,1789344448298,ARKUSDT,Buy,49,0.12993,"{""T"":1789344448298,""s"":""ARKUSDT"",""S"":""Buy"",""v"":""49"",""p"":""0.12993""}"
2026-09-14T00:07:39.136073Z,1789344458843,ARKUSDT,Buy,1392,0.12950,"{""T"":1789344458843,""s"":""ARKUSDT"",""S"":""Buy"",""v"":""1392"",""p"":""0.12950""}"
2026-09-14T00:07:42.908060Z,1789344462388,LSKUSDT,Sell,35.1,0.80174,"{""T"":1789344462388,""s"":""LSKUSDT"",""S"":""Sell"",""v"":""35.1"",""p"":""0.80174""}"
2026-09-14T00:07:47.066088Z,1789344466904,BTCUSDT,Sell,0.006,77195.30,"{""T"":1789344466904,""s"":""BTCUSDT"",""S"":""Sell"",""v"":""0.006"",""p"":""77195.30""}"
2026-09-14T00:07:47.566209Z,1789344466990,BTCUSDT,Sell,0.224,77202.60,"{""T"":1789344466990,""s"":""BTCUSDT"",""S"":""Sell"",""v"":""0.224"",""p"":""77202.60""}"
2026-09-14T00:07:49.566180Z,1789344469439,BTCUSDT,Sell,0.030,77209.10,"{""T"":1789344469439,""s"":""BTCUSDT"",""S"":""Sell"",""v"":""0.030"",""p"":""77209.10""}"
2026-09-14T00:07:49.566180Z,1789344469467,BTCUSDT,Sell,1.000,77217.30,"{""T"":1789344469467,""s"":""BTCUSDT"",""S"":""Sell"",""v"":""1.000"",""p"":""77217.30""}"
2026-09-14T00:07:49.914405Z,1789344469467,ZECUSDT,Buy,9.38,1059.47,"{""T"":1789344469467,""s"":""ZECUSDT"",""S"":""Buy"",""v"":""9.38"",""p"":""1059.47""}"
2026-09-14T00:08:08.566890Z,1789344488087,BTCUSDT,Sell,0.008,77229.80,"{""T"":1789344488087,""s"":""BTCUSDT"",""S"":""Sell"",""v"":""0.008"",""p"":""77229.80""}"
2026-09-14T00:08:09.408672Z,1789344489048,BCHUSDT,Sell,3.26,223.40,"{""T"":1789344489048,""s"":""BCHUSDT"",""S"":""Sell"",""v"":""3.26"",""p"":""223.40""}"
2026-09-14T00:08:09.414324Z,1789344489186,ADAUSDT,Sell,35,0.2061,"{""T"":1789344489186,""s"":""ADAUSDT"",""S"":""Sell"",""v"":""35"",""p"":""0.2061""}"
2026-09-14T00:08:09.955926Z,1789344489764,ETHUSDT,Sell,1.92,2494.73,"{""T"":1789344489764,""s"":""ETHUSDT"",""S"":""Sell"",""v"":""1.92"",""p"":""2494.73""}"
2026-09-14T00:08:10.456494Z,1789344490057,ETHUSDT,Sell,0.41,2494.81,"{""T"":1789344490057,""s"":""ETHUSDT"",""S"":""Sell"",""v"":""0.41"",""p"":""2494.81""}"
2026-09-14T00:08:10.456494Z,1789344490101,ETHUSDT,Sell,0.13,2494.70,"{""T"":1789344490101,""s"":""ETHUSDT"",""S"":""Sell"",""v"":""0.13"",""p"":""2494.70""}"
2026-09-14T00:08:10.456494Z,1789344490328,ETHUSDT,Sell,0.92,2494.85,"{""T"":1789344490328,""s"":""ETHUSDT"",""S"":""Sell"",""v"":""0.92"",""p"":""2494.85""}"
2026-09-14T00:08:10.838017Z,1789344490701,XRPUSDT,Sell,5.7,1.3545,"{""T"":1789344490701,""s"":""XRPUSDT"",""S"":""Sell"",""v"":""5.7"",""p"":""1.3545""}"
2026-09-14T00:08:12.015943Z,1789344491784,NEARUSDT,Sell,77.4,2.3320,"{""T"":1789344491784,""s"":""NEARUSDT"",""S"":""Sell"",""v"":""77.4"",""p"":""2.3320""}"
2026-09-14T00:08:12.066346Z,1789344491563,BTCUSDT,Sell,0.015,77269.60,"{""T"":1789344491563,""s"":""BTCUSDT"",""S"":""Sell"",""v"":""0.015"",""p"":""77269.60""}"
2026-09-14T00:08:12.066346Z,1789344491586,BTCUSDT,Sell,0.012,77278.20,"{""T"":1789344491586,""s"":""BTCUSDT"",""S"":""Sell"",""v"":""0.012"",""p"":""77278.20""}"
2026-09-14T00:08:12.066346Z,1789344491646,BTCUSDT,Sell,0.040,77271.60,"{""T"":1789344491646,""s"":""BTCUSDT"",""S"":""Sell"",""v"":""0.040"",""p"":""77271.60""}"
2026-09-14T00:08:12.492393Z,1789344492271,SUIUSDT,Sell,70,0.71340,"{""T"":1789344492271,""s"":""SUIUSDT"",""S"":""Sell"",""v"":""70"",""p"":""0.71340""}"
2026-09-14T00:08:12.837732Z,1789344492560,XRPUSDT,Sell,8.3,1.3556,"{""T"":1789344492560,""s"":""XRPUSDT"",""S"":""Sell"",""v"":""8.3"",""p"":""1.3556""}"
2026-09-14T00:08:34.408038Z,1789344514314,LSKUSDT,Buy,595.6,0.75106,"{""T"":1789344514314,""s"":""LSKUSDT"",""S"":""Buy"",""v"":""595.6"",""p"":""0.75106""}"
2026-09-14T00:08:34.908752Z,1789344514436,LSKUSDT,Buy,444.4,0.75095,"{""T"":1789344514436,""s"":""LSKUSDT"",""S"":""Buy"",""v"":""444.4"",""p"":""0.75095""}"
2026-09-14T00:08:36.408353Z,1789344516305,LSKUSDT,Buy,16.3,0.75012,"{""T"":1789344516305,""s"":""LSKUSDT"",""S"":""Buy"",""v"":""16.3"",""p"":""0.75012""}"
2026-09-14T00:09:17.407872Z,1789344557021,LSKUSDT,Buy,6.5,0.74548,"{""T"":1789344557021,""s"":""LSKUSDT"",""S"":""Buy"",""v"":""6.5"",""p"":""0.74548""}"
2026-09-14T00:09:17.407872Z,1789344557212,LSKUSDT,Buy,703.6,0.74644,"{""T"":1789344557212,""s"":""LSKUSDT"",""S"":""Buy"",""v"":""703.6"",""p"":""0.74644""}"
2026-09-14T00:09:17.908087Z,1789344557537,LSKUSDT,Buy,5001.7,0.74660,"{""T"":1789344557537,""s"":""LSKUSDT"",""S"":""Buy"",""v"":""5001.7"",""p"":""0.74660""}"
2026-09-14T00:09:17.908087Z,1789344557579,LSKUSDT,Buy,64.2,0.74543,"{""T"":1789344557579,""s"":""LSKUSDT"",""S"":""Buy"",""v"":""64.2"",""p"":""0.74543""}"
2026-09-14T00:09:17.908087Z,1789344557805,LSKUSDT,Buy,91.0,0.74530,"{""T"":1789344557805,""s"":""LSKUSDT"",""S"":""Buy"",""v"":""91.0"",""p"":""0.74530""}"
2026-09-14T00:09:18.408155Z,1789344557926,LSKUSDT,Buy,52.8,0.73782,"{""T"":1789344557926,""s"":""LSKUSDT"",""S"":""Buy"",""v"":""52.8"",""p"":""0.73782""}"
2026-09-14T00:09:18.408155Z,1789344557935,LSKUSDT,Buy,7695.0,0.74284,"{""T"":1789344557935,""s"":""LSKUSDT"",""S"":""Buy"",""v"":""7695.0"",""p"":""0.74284""}"
2026-09-14T00:09:18.408155Z,1789344557948,LSKUSDT,Buy,10.0,0.73397,"{""T"":1789344557948,""s"":""LSKUSDT"",""S"":""Buy"",""v"":""10.0"",""p"":""0.73397""}"
2026-09-14T00:09:18.408155Z,1789344558023,LSKUSDT,Buy,115.1,0.74306,"{""T"":1789344558023,""s"":""LSKUSDT"",""S"":""Buy"",""v"":""115.1"",""p"":""0.74306""}"
2026-09-14T00:09:18.408155Z,1789344558043,LSKUSDT,Buy,26.5,0.73045,"{""T"":1789344558043,""s"":""LSKUSDT"",""S"":""Buy"",""v"":""26.5"",""p"":""0.73045""}"
2026-09-14T00:09:18.408155Z,1789344558051,LSKUSDT,Buy,18.2,0.74018,"{""T"":1789344558051,""s"":""LSKUSDT"",""S"":""Buy"",""v"":""18.2"",""p"":""0.74018""}"
2026-09-14T00:09:18.408155Z,1789344558054,LSKUSDT,Buy,51.6,0.73385,"{""T"":1789344558054,""s"":""LSKUSDT"",""S"":""Buy"",""v"":""51.6"",""p"":""0.73385""}"
2026-09-14T00:09:18.408155Z,1789344558165,LSKUSDT,Buy,3286.6,0.74094,"{""T"":1789344558165,""s"":""LSKUSDT"",""S"":""Buy"",""v"":""3286.6"",""p"":""0.74094""}"
2026-09-14T00:09:18.408155Z,1789344558167,LSKUSDT,Buy,492.4,0.74230,"{""T"":1789344558167,""s"":""LSKUSDT"",""S"":""Buy"",""v"":""492.4"",""p"":""0.74230""}"
2026-09-14T00:09:18.408155Z,1789344558169,LSKUSDT,Buy,112.4,0.74187,"{""T"":1789344558169,""s"":""LSKUSDT"",""S"":""Buy"",""v"":""112.4"",""p"":""0.74187""}"
2026-09-14T00:09:18.408155Z,1789344558219,LSKUSDT,Buy,200.0,0.73655,"{""T"":1789344558219,""s"":""LSKUSDT"",""S"":""Buy"",""v"":""200.0"",""p"":""0.73655""}"
2026-09-14T00:09:18.408155Z,1789344558227,LSKUSDT,Buy,239.1,0.73641,"{""T"":1789344558227,""s"":""LSKUSDT"",""S"":""Buy"",""v"":""239.1"",""p"":""0.73641""}"
2026-09-14T00:09:18.408155Z,1789344558228,LSKUSDT,Buy,203.9,0.73415,"{""T"":1789344558228,""s"":""LSKUSDT"",""S"":""Buy"",""v"":""203.9"",""p"":""0.73415""}"
2026-09-14T00:09:18.408155Z,1789344558231,LSKUSDT,Buy,5.1,0.73983,"{""T"":1789344558231,""s"":""LSKUSDT"",""S"":""Buy"",""v"":""5.1"",""p"":""0.73983""}"
2026-09-14T00:09:18.408155Z,1789344558234,LSKUSDT,Buy,6.6,0.73857,"{""T"":1789344558234,""s"":""LSKUSDT"",""S"":""Buy"",""v"":""6.6"",""p"":""0.73857""}"
2026-09-14T00:09:18.408155Z,1789344558265,LSKUSDT,Buy,147.0,0.74228,"{""T"":1789344558265,""s"":""LSKUSDT"",""S"":""Buy"",""v"":""147.0"",""p"":""0.74228""}"
2026-09-14T00:09:18.908760Z,1789344558366,LSKUSDT,Buy,83.5,0.74425,"{""T"":1789344558366,""s"":""LSKUSDT"",""S"":""Buy"",""v"":""83.5"",""p"":""0.74425""}"
2026-09-14T00:09:18.908760Z,1789344558417,LSKUSDT,Buy,61.4,0.73613,"{""T"":1789344558417,""s"":""LSKUSDT"",""S"":""Buy"",""v"":""61.4"",""p"":""0.73613""}"
2026-09-14T00:09:18.908760Z,1789344558459,LSKUSDT,Buy,493.6,0.73796,"{""T"":1789344558459,""s"":""LSKUSDT"",""S"":""Buy"",""v"":""493.6"",""p"":""0.73796""}"
2026-09-14T00:09:18.908760Z,1789344558490,LSKUSDT,Buy,2868.1,0.74077,"{""T"":1789344558490,""s"":""LSKUSDT"",""S"":""Buy"",""v"":""2868.1"",""p"":""0.74077""}"
2026-09-14T00:09:18.908760Z,1789344558545,LSKUSDT,Buy,51.9,0.74338,"{""T"":1789344558545,""s"":""LSKUSDT"",""S"":""Buy"",""v"":""51.9"",""p"":""0.74338""}"
2026-09-14T00:09:18.908760Z,1789344558564,LSKUSDT,Buy,1271.6,0.74421,"{""T"":1789344558564,""s"":""LSKUSDT"",""S"":""Buy"",""v"":""1271.6"",""p"":""0.74421""}"
2026-09-14T00:09:18.908760Z,1789344558574,LSKUSDT,Buy,251.0,0.73415,"{""T"":1789344558574,""s"":""LSKUSDT"",""S"":""Buy"",""v"":""251.0"",""p"":""0.73415""}"
2026-09-14T00:09:18.908760Z,1789344558586,LSKUSDT,Buy,17.1,0.73671,"{""T"":1789344558586,""s"":""LSKUSDT"",""S"":""Buy"",""v"":""17.1"",""p"":""0.73671""}"
2026-09-14T00:09:18.908760Z,1789344558589,LSKUSDT,Buy,196.2,0.74284,"{""T"":1789344558589,""s"":""LSKUSDT"",""S"":""Buy"",""v"":""196.2"",""p"":""0.74284""}"
2026-09-14T00:09:18.908760Z,1789344558597,LSKUSDT,Buy,8.0,0.74483,"{""T"":1789344558597,""s"":""LSKUSDT"",""S"":""Buy"",""v"":""8.0"",""p"":""0.74483""}"
2026-09-14T00:09:18.908760Z,1789344558643,LSKUSDT,Buy,871.8,0.73649,"{""T"":1789344558643,""s"":""LSKUSDT"",""S"":""Buy"",""v"":""871.8"",""p"":""0.73649""}"
2026-09-14T00:09:18.908760Z,1789344558685,LSKUSDT,Buy,400.0,0.73394,"{""T"":1789344558685,""s"":""LSKUSDT"",""S"":""Buy"",""v"":""400.0"",""p"":""0.73394""}"
2026-09-14T00:09:18.908760Z,1789344558758,LSKUSDT,Buy,134.2,0.73816,"{""T"":1789344558758,""s"":""LSKUSDT"",""S"":""Buy"",""v"":""134.2"",""p"":""0.73816""}"
2026-09-14T00:09:18.996860Z,1789344558893,FLOCKUSDT,Buy,2384,0.06672,"{""T"":1789344558893,""s"":""FLOCKUSDT"",""S"":""Buy"",""v"":""2384"",""p"":""0.06672""}"
2026-09-14T00:09:19.408069Z,1789344558892,LSKUSDT,Buy,2762.1,0.73242,"{""T"":1789344558892,""s"":""LSKUSDT"",""S"":""Buy"",""v"":""2762.1"",""p"":""0.73242""}"
2026-09-14T00:09:19.408069Z,1789344558893,LSKUSDT,Buy,172.6,0.72924,"{""T"":1789344558893,""s"":""LSKUSDT"",""S"":""Buy"",""v"":""172.6"",""p"":""0.72924""}"
2026-09-14T00:09:19.408606Z,1789344558893,STEEMUSDT,Buy,3715,0.05550,"{""T"":1789344558893,""s"":""STEEMUSDT"",""S"":""Buy"",""v"":""3715"",""p"":""0.05550""}"
2026-09-14T00:09:29.407919Z,1789344569263,LSKUSDT,Buy,124.1,0.72837,"{""T"":1789344569263,""s"":""LSKUSDT"",""S"":""Buy"",""v"":""124.1"",""p"":""0.72837""}"
2026-09-14T00:09:30.908287Z,1789344570485,LSKUSDT,Buy,185.0,0.72635,"{""T"":1789344570485,""s"":""LSKUSDT"",""S"":""Buy"",""v"":""185.0"",""p"":""0.72635""}"
2026-09-14T00:09:31.407865Z,1789344570852,LSKUSDT,Buy,221.7,0.72659,"{""T"":1789344570852,""s"":""LSKUSDT"",""S"":""Buy"",""v"":""221.7"",""p"":""0.72659""}"
2026-09-14T00:09:32.407886Z,1789344571975,LSKUSDT,Buy,988.8,0.72387,"{""T"":1789344571975,""s"":""LSKUSDT"",""S"":""Buy"",""v"":""988.8"",""p"":""0.72387""}"
2026-09-14T00:09:32.407886Z,1789344572143,LSKUSDT,Buy,4241.6,0.72452,"{""T"":1789344572143,""s"":""LSKUSDT"",""S"":""Buy"",""v"":""4241.6"",""p"":""0.72452""}"
2026-09-14T00:09:32.407886Z,1789344572216,LSKUSDT,Buy,2500.0,0.72399,"{""T"":1789344572216,""s"":""LSKUSDT"",""S"":""Buy"",""v"":""2500.0"",""p"":""0.72399""}"
2026-09-14T00:09:33.907995Z,1789344573699,LSKUSDT,Buy,910.6,0.72339,"{""T"":1789344573699,""s"":""LSKUSDT"",""S"":""Buy"",""v"":""910.6"",""p"":""0.72339""}"
2026-09-14T00:09:33.914288Z,1789344573699,ZECUSDT,Buy,2.79,1059.15,"{""T"":1789344573699,""s"":""ZECUSDT"",""S"":""Buy"",""v"":""2.79"",""p"":""1059.15""}"
2026-09-14T00:09:33.956695Z,1789344573699,ETHUSDT,Buy,1.94,2476.88,"{""T"":1789344573699,""s"":""ETHUSDT"",""S"":""Buy"",""v"":""1.94"",""p"":""2476.88""}"
2026-09-14T00:09:34.136031Z,1789344573699,ARKUSDT,Buy,5150,0.13016,"{""T"":1789344573699,""s"":""ARKUSDT"",""S"":""Buy"",""v"":""5150"",""p"":""0.13016""}"
2026-09-14T00:09:34.407909Z,1789344573841,LSKUSDT,Buy,596.8,0.72334,"{""T"":1789344573841,""s"":""LSKUSDT"",""S"":""Buy"",""v"":""596.8"",""p"":""0.72334""}"
2026-09-14T00:09:35.407789Z,1789344575159,LSKUSDT,Buy,446.7,0.72303,"{""T"":1789344575159,""s"":""LSKUSDT"",""S"":""Buy"",""v"":""446.7"",""p"":""0.72303""}"
2026-09-14T00:09:35.407789Z,1789344575318,LSKUSDT,Buy,66.4,0.72173,"{""T"":1789344575318,""s"":""LSKUSDT"",""S"":""Buy"",""v"":""66.4"",""p"":""0.72173""}"
2026-09-14T00:09:35.848204Z,1789344575318,WIFUSDT,Buy,36,0.18660,"{""T"":1789344575318,""s"":""WIFUSDT"",""S"":""Buy"",""v"":""36"",""p"":""0.18660""}"
2026-09-14T00:09:35.908038Z,1789344575710,LSKUSDT,Buy,1119.2,0.72000,"{""T"":1789344575710,""s"":""LSKUSDT"",""S"":""Buy"",""v"":""1119.2"",""p"":""0.72000""}"
2026-09-14T00:09:35.908038Z,1789344575736,LSKUSDT,Buy,53.6,0.72128,"{""T"":1789344575736,""s"":""LSKUSDT"",""S"":""Buy"",""v"":""53.6"",""p"":""0.72128""}"
2026-09-14T00:09:36.408064Z,1789344575837,LSKUSDT,Buy,6229.3,0.71956,"{""T"":1789344575837,""s"":""LSKUSDT"",""S"":""Buy"",""v"":""6229.3"",""p"":""0.71956""}"
2026-09-14T00:09:58.496732Z,1789344598303,STORJUSDT,Buy,24402.1,0.03291,"{""T"":1789344598303,""s"":""STORJUSDT"",""S"":""Buy"",""v"":""24402.1"",""p"":""0.03291""}"
2026-09-14T00:09:58.496732Z,1789344598337,STORJUSDT,Buy,11550.5,0.03292,"{""T"":1789344598337,""s"":""STORJUSDT"",""S"":""Buy"",""v"":""11550.5"",""p"":""0.03292""}"
2026-09-14T00:10:34.348066Z,1789344634260,RIVERUSDT,Buy,10.0,1.106,"{""T"":1789344634260,""s"":""RIVERUSDT"",""S"":""Buy"",""v"":""10.0"",""p"":""1.106""}"
2026-09-14T00:10:34.496859Z,1789344634115,STORJUSDT,Buy,19088.3,0.03270,"{""T"":1789344634115,""s"":""STORJUSDT"",""S"":""Buy"",""v"":""19088.3"",""p"":""0.03270""}"
2026-09-14T00:10:34.496859Z,1789344634234,STORJUSDT,Buy,2419.5,0.03263,"{""T"":1789344634234,""s"":""STORJUSDT"",""S"":""Buy"",""v"":""2419.5"",""p"":""0.03263""}"
2026-09-14T00:10:41.496980Z,1789344641205,STORJUSDT,Buy,1546.5,0.03234,"{""T"":1789344641205,""s"":""STORJUSDT"",""S"":""Buy"",""v"":""1546.5"",""p"":""0.03234""}"
2026-09-14T00:10:41.496980Z,1789344641308,STORJUSDT,Buy,2052.2,0.03231,"{""T"":1789344641308,""s"":""STORJUSDT"",""S"":""Buy"",""v"":""2052.2"",""p"":""0.03231""}"
2026-09-14T00:11:00.408040Z,1789344659963,LSKUSDT,Buy,1000.0,0.71736,"{""T"":1789344659963,""s"":""LSKUSDT"",""S"":""Buy"",""v"":""1000.0"",""p"":""0.71736""}"
2026-09-14T00:11:00.408040Z,1789344660055,LSKUSDT,Buy,392.1,0.71729,"{""T"":1789344660055,""s"":""LSKUSDT"",""S"":""Buy"",""v"":""392.1"",""p"":""0.71729""}"
2026-09-14T00:11:00.408040Z,1789344660077,LSKUSDT,Buy,38.9,0.71668,"{""T"":1789344660077,""s"":""LSKUSDT"",""S"":""Buy"",""v"":""38.9"",""p"":""0.71668""}"
2026-09-14T00:11:00.496858Z,1789344660077,IOSTUSDT,Buy,31479,0.0007546,"{""T"":1789344660077,""s"":""IOSTUSDT"",""S"":""Buy"",""v"":""31479"",""p"":""0.0007546""}"
2026-09-14T00:11:00.907830Z,1789344660653,LSKUSDT,Buy,75.0,0.71710,"{""T"":1789344660653,""s"":""LSKUSDT"",""S"":""Buy"",""v"":""75.0"",""p"":""0.71710""}"
2026-09-14T00:11:00.907830Z,1789344660711,LSKUSDT,Buy,269.1,0.71745,"{""T"":1789344660711,""s"":""LSKUSDT"",""S"":""Buy"",""v"":""269.1"",""p"":""0.71745""}"
2026-09-14T00:11:00.907830Z,1789344660736,LSKUSDT,Buy,143.2,0.71721,"{""T"":1789344660736,""s"":""LSKUSDT"",""S"":""Buy"",""v"":""143.2"",""p"":""0.71721""}"
2026-09-14T00:11:15.837739Z,1789344675698,CVCUSDT,Sell,16982,0.03184,"{""T"":1789344675698,""s"":""CVCUSDT"",""S"":""Sell"",""v"":""16982"",""p"":""0.03184""}"
2026-09-14T00:11:18.907991Z,1789344678499,LSKUSDT,Sell,22.7,0.75563,"{""T"":1789344678499,""s"":""LSKUSDT"",""S"":""Sell"",""v"":""22.7"",""p"":""0.75563""}"
2026-09-14T00:11:26.908302Z,1789344686811,LSKUSDT,Sell,120.1,0.76245,"{""T"":1789344686811,""s"":""LSKUSDT"",""S"":""Sell"",""v"":""120.1"",""p"":""0.76245""}"
2026-09-14T00:11:59.635713Z,1789344719446,ARKUSDT,Buy,969,0.13102,"{""T"":1789344719446,""s"":""ARKUSDT"",""S"":""Buy"",""v"":""969"",""p"":""0.13102""}"
2026-09-14T00:11:59.992251Z,1789344719445,POWRUSDT,Buy,4032,0.05429,"{""T"":1789344719445,""s"":""POWRUSDT"",""S"":""Buy"",""v"":""4032"",""p"":""0.05429""}"
2026-09-14T00:11:59.996791Z,1789344719445,STORJUSDT,Buy,6263.5,0.03226,"{""T"":1789344719445,""s"":""STORJUSDT"",""S"":""Buy"",""v"":""6263.5"",""p"":""0.03226""}"
2026-09-14T00:12:05.908876Z,1789344725781,LSKUSDT,Buy,131.3,0.72272,"{""T"":1789344725781,""s"":""LSKUSDT"",""S"":""Buy"",""v"":""131.3"",""p"":""0.72272""}"
2026-09-14T00:12:05.996793Z,1789344725781,B3USDT,Buy,165100,0.0006876,"{""T"":1789344725781,""s"":""B3USDT"",""S"":""Buy"",""v"":""165100"",""p"":""0.0006876""}"
2026-09-14T00:12:06.329293Z,1789344725781,REZUSDT,Buy,20674,0.004430,"{""T"":1789344725781,""s"":""REZUSDT"",""S"":""Buy"",""v"":""20674"",""p"":""0.004430""}"
2026-09-14T00:12:27.411234Z,1789344746844,LSKUSDT,Buy,140.9,0.71864,"{""T"":1789344746844,""s"":""LSKUSDT"",""S"":""Buy"",""v"":""140.9"",""p"":""0.71864""}"
2026-09-14T00:12:28.407709Z,1789344748187,LSKUSDT,Buy,1019.3,0.71475,"{""T"":1789344748187,""s"":""LSKUSDT"",""S"":""Buy"",""v"":""1019.3"",""p"":""0.71475""}"
2026-09-14T00:12:28.407709Z,1789344748263,LSKUSDT,Buy,12.7,0.71451,"{""T"":1789344748263,""s"":""LSKUSDT"",""S"":""Buy"",""v"":""12.7"",""p"":""0.71451""}"
2026-09-14T00:12:30.408187Z,1789344750123,LSKUSDT,Buy,1865.0,0.71163,"{""T"":1789344750123,""s"":""LSKUSDT"",""S"":""Buy"",""v"":""1865.0"",""p"":""0.71163""}"
2026-09-14T00:12:30.408187Z,1789344750222,LSKUSDT,Buy,1530.0,0.70767,"{""T"":1789344750222,""s"":""LSKUSDT"",""S"":""Buy"",""v"":""1530.0"",""p"":""0.70767""}"
2026-09-14T00:12:30.408187Z,1789344750260,LSKUSDT,Buy,67.9,0.70974,"{""T"":1789344750260,""s"":""LSKUSDT"",""S"":""Buy"",""v"":""67.9"",""p"":""0.70974""}"
2026-09-14T00:12:30.829220Z,1789344750357,REZUSDT,Buy,28002,0.004420,"{""T"":1789344750357,""s"":""REZUSDT"",""S"":""Buy"",""v"":""28002"",""p"":""0.004420""}"
2026-09-14T00:12:30.907985Z,1789344750337,LSKUSDT,Buy,6935.8,0.70784,"{""T"":1789344750337,""s"":""LSKUSDT"",""S"":""Buy"",""v"":""6935.8"",""p"":""0.70784""}"
2026-09-14T00:12:30.907985Z,1789344750357,LSKUSDT,Buy,124.6,0.70693,"{""T"":1789344750357,""s"":""LSKUSDT"",""S"":""Buy"",""v"":""124.6"",""p"":""0.70693""}"
2026-09-14T00:12:30.907985Z,1789344750388,LSKUSDT,Buy,6772.4,0.71135,"{""T"":1789344750388,""s"":""LSKUSDT"",""S"":""Buy"",""v"":""6772.4"",""p"":""0.71135""}"
2026-09-14T00:12:30.907985Z,1789344750480,LSKUSDT,Buy,210.5,0.70912,"{""T"":1789344750480,""s"":""LSKUSDT"",""S"":""Buy"",""v"":""210.5"",""p"":""0.70912""}"
2026-09-14T00:12:30.907985Z,1789344750500,LSKUSDT,Buy,13.6,0.71042,"{""T"":1789344750500,""s"":""LSKUSDT"",""S"":""Buy"",""v"":""13.6"",""p"":""0.71042""}"
2026-09-14T00:12:30.907985Z,1789344750608,LSKUSDT,Buy,186.3,0.70820,"{""T"":1789344750608,""s"":""LSKUSDT"",""S"":""Buy"",""v"":""186.3"",""p"":""0.70820""}"
2026-09-14T00:12:30.907985Z,1789344750638,LSKUSDT,Buy,32.1,0.70704,"{""T"":1789344750638,""s"":""LSKUSDT"",""S"":""Buy"",""v"":""32.1"",""p"":""0.70704""}"
2026-09-14T00:12:31.407894Z,1789344750965,LSKUSDT,Buy,832.5,0.70622,"{""T"":1789344750965,""s"":""LSKUSDT"",""S"":""Buy"",""v"":""832.5"",""p"":""0.70622""}"
2026-09-14T00:12:31.515924Z,1789344750965,NEARUSDT,Buy,1236.9,2.2890,"{""T"":1789344750965,""s"":""NEARUSDT"",""S"":""Buy"",""v"":""1236.9"",""p"":""2.2890""}"
2026-09-14T00:12:32.408035Z,1789344752288,LSKUSDT,Buy,42.0,0.70530,"{""T"":1789344752288,""s"":""LSKUSDT"",""S"":""Buy"",""v"":""42.0"",""p"":""0.70530""}"
2026-09-14T00:12:32.408035Z,1789344752307,LSKUSDT,Buy,2.0,0.70634,"{""T"":1789344752307,""s"":""LSKUSDT"",""S"":""Buy"",""v"":""2.0"",""p"":""0.70634""}"
2026-09-14T00:12:32.408035Z,1789344752322,LSKUSDT,Buy,224.8,0.70544,"{""T"":1789344752322,""s"":""LSKUSDT"",""S"":""Buy"",""v"":""224.8"",""p"":""0.70544""}"
2026-09-14T00:12:32.496716Z,1789344752288,B3USDT,Buy,49500,0.0006863,"{""T"":1789344752288,""s"":""B3USDT"",""S"":""Buy"",""v"":""49500"",""p"":""0.0006863""}"
2026-09-14T00:12:32.908018Z,1789344752775,LSKUSDT,Buy,786.7,0.70523,"{""T"":1789344752775,""s"":""LSKUSDT"",""S"":""Buy"",""v"":""786.7"",""p"":""0.70523""}"
2026-09-14T00:12:33.408045Z,1789344753064,LSKUSDT,Buy,2111.5,0.70660,"{""T"":1789344753064,""s"":""LSKUSDT"",""S"":""Buy"",""v"":""2111.5"",""p"":""0.70660""}"
2026-09-14T00:12:35.407859Z,1789344755316,STEEMUSDT,Buy,27354,0.05464,"{""T"":1789344755316,""s"":""STEEMUSDT"",""S"":""Buy"",""v"":""27354"",""p"":""0.05464""}"
2026-09-14T00:12:41.908257Z,1789344761395,LSKUSDT,Sell,70.0,0.74963,"{""T"":1789344761395,""s"":""LSKUSDT"",""S"":""Sell"",""v"":""70.0"",""p"":""0.74963""}"
2026-09-14T00:12:48.407899Z,1789344768242,STEEMUSDT,Buy,17626,0.05445,"{""T"":1789344768242,""s"":""STEEMUSDT"",""S"":""Buy"",""v"":""17626"",""p"":""0.05445""}"
2026-09-14T00:12:52.908013Z,1789344772516,STEEMUSDT,Buy,166,0.05432,"{""T"":1789344772516,""s"":""STEEMUSDT"",""S"":""Buy"",""v"":""166"",""p"":""0.05432""}"
2026-09-14T00:12:57.992309Z,1789344777621,MTLUSDT,Sell,18.5,0.3021,"{""T"":1789344777621,""s"":""MTLUSDT"",""S"":""Sell"",""v"":""18.5"",""p"":""0.3021""}"
2026-09-14T00:12:57.997575Z,1789344777657,STORJUSDT,Buy,3743.4,0.03180,"{""T"":1789344777657,""s"":""STORJUSDT"",""S"":""Buy"",""v"":""3743.4"",""p"":""0.03180""}"
2026-09-14T00:13:50.908086Z,1789344830657,LSKUSDT,Buy,30.0,0.71090,"{""T"":1789344830657,""s"":""LSKUSDT"",""S"":""Buy"",""v"":""30.0"",""p"":""0.71090""}"
2026-09-14T00:13:50.996784Z,1789344830657,STORJUSDT,Buy,730.0,0.03162,"{""T"":1789344830657,""s"":""STORJUSDT"",""S"":""Buy"",""v"":""730.0"",""p"":""0.03162""}"
2026-09-14T00:13:52.329727Z,1789344831848,PONSUSDT,Buy,101,0.5276,"{""T"":1789344831848,""s"":""PONSUSDT"",""S"":""Buy"",""v"":""101"",""p"":""0.5276""}"
2026-09-14T00:14:00.408628Z,1789344840218,LSKUSDT,Buy,13.5,0.70726,"{""T"":1789344840218,""s"":""LSKUSDT"",""S"":""Buy"",""v"":""13.5"",""p"":""0.70726""}"
2026-09-14T00:14:00.486523Z,1789344840218,BTWUSDT,Sell,20,0.77628,"{""T"":1789344840218,""s"":""BTWUSDT"",""S"":""Sell"",""v"":""20"",""p"":""0.77628""}"
2026-09-14T00:14:00.907922Z,1789344840711,LSKUSDT,Buy,9.2,0.70693,"{""T"":1789344840711,""s"":""LSKUSDT"",""S"":""Buy"",""v"":""9.2"",""p"":""0.70693""}"
2026-09-14T00:14:00.996704Z,1789344840711,FLOCKUSDT,Buy,270,0.06661,"{""T"":1789344840711,""s"":""FLOCKUSDT"",""S"":""Buy"",""v"":""270"",""p"":""0.06661""}"
2026-09-14T00:14:01.414518Z,1789344841126,ZECUSDT,Buy,0.68,1053.16,"{""T"":1789344841126,""s"":""ZECUSDT"",""S"":""Buy"",""v"":""0.68"",""p"":""1053.16""}"
2026-09-14T00:14:07.414696Z,1789344846989,ZECUSDT,Buy,1.12,1052.98,"{""T"":1789344846989,""s"":""ZECUSDT"",""S"":""Buy"",""v"":""1.12"",""p"":""1052.98""}"
2026-09-14T00:14:20.837931Z,1789344860711,CVCUSDT,Sell,1037,0.03281,"{""T"":1789344860711,""s"":""CVCUSDT"",""S"":""Sell"",""v"":""1037"",""p"":""0.03281""}"
2026-09-14T00:14:22.337748Z,1789344861987,CVCUSDT,Sell,662,0.03291,"{""T"":1789344861987,""s"":""CVCUSDT"",""S"":""Sell"",""v"":""662"",""p"":""0.03291""}"
2026-09-14T00:14:22.837742Z,1789344862464,CVCUSDT,Sell,1050,0.03298,"{""T"":1789344862464,""s"":""CVCUSDT"",""S"":""Sell"",""v"":""1050"",""p"":""0.03298""}"
2026-09-14T00:14:41.411213Z,1789344881280,LSKUSDT,Buy,21.3,0.70430,"{""T"":1789344881280,""s"":""LSKUSDT"",""S"":""Buy"",""v"":""21.3"",""p"":""0.70430""}"
2026-09-14T00:14:41.907785Z,1789344881529,LSKUSDT,Buy,12.8,0.70414,"{""T"":1789344881529,""s"":""LSKUSDT"",""S"":""Buy"",""v"":""12.8"",""p"":""0.70414""}"
2026-09-14T00:14:42.409633Z,1789344881988,LSKUSDT,Buy,48.9,0.70433,"{""T"":1789344881988,""s"":""LSKUSDT"",""S"":""Buy"",""v"":""48.9"",""p"":""0.70433""}"
2026-09-14T00:14:42.409633Z,1789344882092,LSKUSDT,Buy,9889.9,0.70364,"{""T"":1789344882092,""s"":""LSKUSDT"",""S"":""Buy"",""v"":""9889.9"",""p"":""0.70364""}"
2026-09-14T00:14:42.907965Z,1789344882324,LSKUSDT,Buy,45.8,0.70193,"{""T"":1789344882324,""s"":""LSKUSDT"",""S"":""Buy"",""v"":""45.8"",""p"":""0.70193""}"
2026-09-14T00:14:47.407813Z,1789344887242,LSKUSDT,Buy,10.3,0.69853,"{""T"":1789344887242,""s"":""LSKUSDT"",""S"":""Buy"",""v"":""10.3"",""p"":""0.69853""}"
2026-09-14T00:14:47.907984Z,1789344887405,LSKUSDT,Buy,139.1,0.69751,"{""T"":1789344887405,""s"":""LSKUSDT"",""S"":""Buy"",""v"":""139.1"",""p"":""0.69751""}"
2026-09-14T00:14:47.907984Z,1789344887546,LSKUSDT,Buy,2.0,0.69909,"{""T"":1789344887546,""s"":""LSKUSDT"",""S"":""Buy"",""v"":""2.0"",""p"":""0.69909""}"
2026-09-14T00:14:47.907984Z,1789344887557,LSKUSDT,Buy,514.5,0.70021,"{""T"":1789344887557,""s"":""LSKUSDT"",""S"":""Buy"",""v"":""514.5"",""p"":""0.70021""}"
2026-09-14T00:14:47.907984Z,1789344887628,LSKUSDT,Buy,320.7,0.70109,"{""T"":1789344887628,""s"":""LSKUSDT"",""S"":""Buy"",""v"":""320.7"",""p"":""0.70109""}"
2026-09-14T00:14:48.066335Z,1789344887913,BTCUSDT,Buy,0.010,76639.50,"{""T"":1789344887913,""s"":""BTCUSDT"",""S"":""Buy"",""v"":""0.010"",""p"":""76639.50""}"
2026-09-14T00:14:48.407934Z,1789344887892,LSKUSDT,Buy,186.1,0.69843,"{""T"":1789344887892,""s"":""LSKUSDT"",""S"":""Buy"",""v"":""186.1"",""p"":""0.69843""}"
2026-09-14T00:14:48.407934Z,1789344887913,LSKUSDT,Buy,52.8,0.69569,"{""T"":1789344887913,""s"":""LSKUSDT"",""S"":""Buy"",""v"":""52.8"",""p"":""0.69569""}"
2026-09-14T00:14:53.908041Z,1789344893506,LSKUSDT,Buy,26.3,0.69323,"{""T"":1789344893506,""s"":""LSKUSDT"",""S"":""Buy"",""v"":""26.3"",""p"":""0.69323""}"
2026-09-14T00:14:53.908041Z,1789344893575,LSKUSDT,Buy,110.9,0.69191,"{""T"":1789344893575,""s"":""LSKUSDT"",""S"":""Buy"",""v"":""110.9"",""p"":""0.69191""}"
2026-09-14T00:14:54.408022Z,1789344894213,LSKUSDT,Buy,10.6,0.68998,"{""T"":1789344894213,""s"":""LSKUSDT"",""S"":""Buy"",""v"":""10.6"",""p"":""0.68998""}"
2026-09-14T00:14:54.908023Z,1789344894592,LSKUSDT,Buy,160.3,0.69134,"{""T"":1789344894592,""s"":""LSKUSDT"",""S"":""Buy"",""v"":""160.3"",""p"":""0.69134""}"
2026-09-14T00:14:54.908023Z,1789344894776,LSKUSDT,Buy,217.3,0.69010,"{""T"":1789344894776,""s"":""LSKUSDT"",""S"":""Buy"",""v"":""217.3"",""p"":""0.69010""}"
2026-09-14T00:14:55.407995Z,1789344894836,LSKUSDT,Buy,6000.0,0.68941,"{""T"":1789344894836,""s"":""LSKUSDT"",""S"":""Buy"",""v"":""6000.0"",""p"":""0.68941""}"
2026-09-14T00:14:56.407791Z,1789344896156,LSKUSDT,Buy,1000.0,0.68841,"{""T"":1789344896156,""s"":""LSKUSDT"",""S"":""Buy"",""v"":""1000.0"",""p"":""0.68841""}"
2026-09-14T00:14:56.635751Z,1789344896156,ARKUSDT,Sell,475,0.13737,"{""T"":1789344896156,""s"":""ARKUSDT"",""S"":""Sell"",""v"":""475"",""p"":""0.13737""}"
2026-09-14T00:14:56.908156Z,1789344896635,LSKUSDT,Buy,240.0,0.68713,"{""T"":1789344896635,""s"":""LSKUSDT"",""S"":""Buy"",""v"":""240.0"",""p"":""0.68713""}"
2026-09-14T00:14:56.908156Z,1789344896673,LSKUSDT,Buy,262.0,0.68814,"{""T"":1789344896673,""s"":""LSKUSDT"",""S"":""Buy"",""v"":""262.0"",""p"":""0.68814""}"
2026-09-14T00:14:57.408377Z,1789344897052,LSKUSDT,Buy,62.9,0.68522,"{""T"":1789344897052,""s"":""LSKUSDT"",""S"":""Buy"",""v"":""62.9"",""p"":""0.68522""}"
2026-09-14T00:14:57.408377Z,1789344897200,LSKUSDT,Buy,876.3,0.68470,"{""T"":1789344897200,""s"":""LSKUSDT"",""S"":""Buy"",""v"":""876.3"",""p"":""0.68470""}"
2026-09-14T00:14:57.907864Z,1789344897452,LSKUSDT,Buy,3428.4,0.68384,"{""T"":1789344897452,""s"":""LSKUSDT"",""S"":""Buy"",""v"":""3428.4"",""p"":""0.68384""}"
2026-09-14T00:14:57.907864Z,1789344897633,LSKUSDT,Buy,11.6,0.68400,"{""T"":1789344897633,""s"":""LSKUSDT"",""S"":""Buy"",""v"":""11.6"",""p"":""0.68400""}"
2026-09-14T00:14:59.907918Z,1789344899562,LSKUSDT,Buy,386.6,0.68336,"{""T"":1789344899562,""s"":""LSKUSDT"",""S"":""Buy"",""v"":""386.6"",""p"":""0.68336""}"
2026-09-14T00:15:03.908132Z,1789344903391,LSKUSDT,Buy,178.2,0.68126,"{""T"":1789344903391,""s"":""LSKUSDT"",""S"":""Buy"",""v"":""178.2"",""p"":""0.68126""}"
2026-09-14T00:15:03.908132Z,1789344903575,LSKUSDT,Buy,18.0,0.67945,"{""T"":1789344903575,""s"":""LSKUSDT"",""S"":""Buy"",""v"":""18.0"",""p"":""0.67945""}"
2026-09-14T00:15:03.908132Z,1789344903676,LSKUSDT,Buy,46.2,0.68070,"{""T"":1789344903676,""s"":""LSKUSDT"",""S"":""Buy"",""v"":""46.2"",""p"":""0.68070""}"
2026-09-14T00:15:07.407814Z,1789344907102,LSKUSDT,Buy,5.9,0.68137,"{""T"":1789344907102,""s"":""LSKUSDT"",""S"":""Buy"",""v"":""5.9"",""p"":""0.68137""}"
2026-09-14T00:15:07.516236Z,1789344907102,NEARUSDT,Sell,12.3,2.3190,"{""T"":1789344907102,""s"":""NEARUSDT"",""S"":""Sell"",""v"":""12.3"",""p"":""2.3190""}"
2026-09-14T00:15:09.407785Z,1789344909209,LSKUSDT,Buy,814.8,0.67149,"{""T"":1789344909209,""s"":""LSKUSDT"",""S"":""Buy"",""v"":""814.8"",""p"":""0.67149""}"
2026-09-14T00:15:09.407785Z,1789344909222,LSKUSDT,Buy,93.4,0.67743,"{""T"":1789344909222,""s"":""LSKUSDT"",""S"":""Buy"",""v"":""93.4"",""p"":""0.67743""}"
2026-09-14T00:15:09.829024Z,1789344909684,REZUSDT,Buy,20391,0.004417,"{""T"":1789344909684,""s"":""REZUSDT"",""S"":""Buy"",""v"":""20391"",""p"":""0.004417""}"
2026-09-14T00:15:09.838326Z,1789344909386,CVCUSDT,Buy,29713,0.03065,"{""T"":1789344909386,""s"":""CVCUSDT"",""S"":""Buy"",""v"":""29713"",""p"":""0.03065""}"
2026-09-14T00:15:09.838326Z,1789344909684,CVCUSDT,Buy,2875,0.03048,"{""T"":1789344909684,""s"":""CVCUSDT"",""S"":""Buy"",""v"":""2875"",""p"":""0.03048""}"
2026-09-14T00:15:09.908969Z,1789344909329,LSKUSDT,Buy,40.0,0.67645,"{""T"":1789344909329,""s"":""LSKUSDT"",""S"":""Buy"",""v"":""40.0"",""p"":""0.67645""}"
2026-09-14T00:15:09.908969Z,1789344909330,LSKUSDT,Buy,3036.0,0.66602,"{""T"":1789344909330,""s"":""LSKUSDT"",""S"":""Buy"",""v"":""3036.0"",""p"":""0.66602""}"
2026-09-14T00:15:09.908969Z,1789344909350,LSKUSDT,Buy,114.3,0.66666,"{""T"":1789344909350,""s"":""LSKUSDT"",""S"":""Buy"",""v"":""114.3"",""p"":""0.66666""}"
2026-09-14T00:15:09.908969Z,1789344909363,LSKUSDT,Buy,1047.3,0.67224,"{""T"":1789344909363,""s"":""LSKUSDT"",""S"":""Buy"",""v"":""1047.3"",""p"":""0.67224""}"
2026-09-14T00:15:09.908969Z,1789344909364,LSKUSDT,Buy,45.5,0.66760,"{""T"":1789344909364,""s"":""LSKUSDT"",""S"":""Buy"",""v"":""45.5"",""p"":""0.66760""}"
2026-09-14T00:15:09.908969Z,1789344909386,LSKUSDT,Buy,1000.0,0.66818,"{""T"":1789344909386,""s"":""LSKUSDT"",""S"":""Buy"",""v"":""1000.0"",""p"":""0.66818""}"
2026-09-14T00:15:09.908969Z,1789344909393,LSKUSDT,Buy,110.8,0.66692,"{""T"":1789344909393,""s"":""LSKUSDT"",""S"":""Buy"",""v"":""110.8"",""p"":""0.66692""}"
2026-09-14T00:15:09.908969Z,1789344909402,LSKUSDT,Buy,456.9,0.66506,"{""T"":1789344909402,""s"":""LSKUSDT"",""S"":""Buy"",""v"":""456.9"",""p"":""0.66506""}"
2026-09-14T00:15:09.908969Z,1789344909470,LSKUSDT,Buy,1477.1,0.67300,"{""T"":1789344909470,""s"":""LSKUSDT"",""S"":""Buy"",""v"":""1477.1"",""p"":""0.67300""}"
2026-09-14T00:15:09.908969Z,1789344909506,LSKUSDT,Buy,9.7,0.67052,"{""T"":1789344909506,""s"":""LSKUSDT"",""S"":""Buy"",""v"":""9.7"",""p"":""0.67052""}"
2026-09-14T00:15:09.908969Z,1789344909510,LSKUSDT,Buy,32.2,0.66972,"{""T"":1789344909510,""s"":""LSKUSDT"",""S"":""Buy"",""v"":""32.2"",""p"":""0.66972""}"
2026-09-14T00:15:09.908969Z,1789344909517,LSKUSDT,Buy,0.2,0.67392,"{""T"":1789344909517,""s"":""LSKUSDT"",""S"":""Buy"",""v"":""0.2"",""p"":""0.67392""}"
2026-09-14T00:15:09.908969Z,1789344909533,LSKUSDT,Buy,210.8,0.66454,"{""T"":1789344909533,""s"":""LSKUSDT"",""S"":""Buy"",""v"":""210.8"",""p"":""0.66454""}"
2026-09-14T00:15:09.908969Z,1789344909553,LSKUSDT,Buy,50.0,0.67184,"{""T"":1789344909553,""s"":""LSKUSDT"",""S"":""Buy"",""v"":""50.0"",""p"":""0.67184""}"
2026-09-14T00:15:09.908969Z,1789344909561,LSKUSDT,Buy,769.3,0.66626,"{""T"":1789344909561,""s"":""LSKUSDT"",""S"":""Buy"",""v"":""769.3"",""p"":""0.66626""}"
2026-09-14T00:15:09.908969Z,1789344909565,LSKUSDT,Buy,254.4,0.66441,"{""T"":1789344909565,""s"":""LSKUSDT"",""S"":""Buy"",""v"":""254.4"",""p"":""0.66441""}"
2026-09-14T00:15:09.908969Z,1789344909573,LSKUSDT,Buy,118.8,0.67565,"{""T"":1789344909573,""s"":""LSKUSDT"",""S"":""Buy"",""v"":""118.8"",""p"":""0.67565""}"
2026-09-14T00:15:09.908969Z,1789344909595,LSKUSDT,Buy,150.0,0.66863,"{""T"":1789344909595,""s"":""LSKUSDT"",""S"":""Buy"",""v"":""150.0"",""p"":""0.66863""}"
2026-09-14T00:15:09.908969Z,1789344909684,LSKUSDT,Buy,110.3,0.66443,"{""T"":1789344909684,""s"":""LSKUSDT"",""S"":""Buy"",""v"":""110.3"",""p"":""0.66443""}"
2026-09-14T00:15:09.908969Z,1789344909694,LSKUSDT,Buy,37.7,0.66931,"{""T"":1789344909694,""s"":""LSKUSDT"",""S"":""Buy"",""v"":""37.7"",""p"":""0.66931""}"
2026-09-14T00:15:09.908969Z,1789344909699,LSKUSDT,Buy,8.4,0.67824,"{""T"":1789344909699,""s"":""LSKUSDT"",""S"":""Buy"",""v"":""8.4"",""p"":""0.67824""}"
2026-09-14T00:15:09.908969Z,1789344909716,LSKUSDT,Buy,10233.5,0.67128,"{""T"":1789344909716,""s"":""LSKUSDT"",""S"":""Buy"",""v"":""10233.5"",""p"":""0.67128""}"
2026-09-14T00:15:09.908969Z,1789344909717,LSKUSDT,Buy,7.7,0.67923,"{""T"":1789344909717,""s"":""LSKUSDT"",""S"":""Buy"",""v"":""7.7"",""p"":""0.67923""}"
2026-09-14T00:15:09.908969Z,1789344909774,LSKUSDT,Buy,9.4,0.67110,"{""T"":1789344909774,""s"":""LSKUSDT"",""S"":""Buy"",""v"":""9.4"",""p"":""0.67110""}"
2026-09-14T00:15:09.986715Z,1789344909684,BTWUSDT,Buy,320,0.70392,"{""T"":1789344909684,""s"":""BTWUSDT"",""S"":""Buy"",""v"":""320"",""p"":""0.70392""}"
2026-09-14T00:15:09.996940Z,1789344909835,STORJUSDT,Buy,125538.3,0.03159,"{""T"":1789344909835,""s"":""STORJUSDT"",""S"":""Buy"",""v"":""125538.3"",""p"":""0.03159""}"
2026-09-14T00:15:10.066654Z,1789344909835,BTCUSDT,Sell,0.033,77050.60,"{""T"":1789344909835,""s"":""BTCUSDT"",""S"":""Sell"",""v"":""0.033"",""p"":""77050.60""}"
2026-09-14T00:15:10.313195Z,1789344909835,HYPEUSDT,Buy,5.11,77.070,"{""T"":1789344909835,""s"":""HYPEUSDT"",""S"":""Buy"",""v"":""5.11"",""p"":""77.070""}"
2026-09-14T00:15:10.329033Z,1789344909835,NIULAIUSDT,Buy,740,0.11884,"{""T"":1789344909835,""s"":""NIULAIUSDT"",""S"":""Buy"",""v"":""740"",""p"":""0.11884""}"
2026-09-14T00:15:10.408217Z,1789344909833,LSKUSDT,Buy,7.9,0.67334,"{""T"":1789344909833,""s"":""LSKUSDT"",""S"":""Buy"",""v"":""7.9"",""p"":""0.67334""}"
2026-09-14T00:15:10.408217Z,1789344909835,LSKUSDT,Buy,2580.5,0.66703,"{""T"":1789344909835,""s"":""LSKUSDT"",""S"":""Buy"",""v"":""2580.5"",""p"":""0.66703""}"
2026-09-14T00:15:10.408217Z,1789344909857,LSKUSDT,Buy,826.6,0.66431,"{""T"":1789344909857,""s"":""LSKUSDT"",""S"":""Buy"",""v"":""826.6"",""p"":""0.66431""}"
2026-09-14T00:15:10.408217Z,1789344909876,LSKUSDT,Buy,29.6,0.67238,"{""T"":1789344909876,""s"":""LSKUSDT"",""S"":""Buy"",""v"":""29.6"",""p"":""0.67238""}"
2026-09-14T00:15:10.408217Z,1789344909925,LSKUSDT,Buy,967.2,0.66902,"{""T"":1789344909925,""s"":""LSKUSDT"",""S"":""Buy"",""v"":""967.2"",""p"":""0.66902""}"
2026-09-14T00:15:10.408217Z,1789344909935,LSKUSDT,Buy,2268.6,0.67051,"{""T"":1789344909935,""s"":""LSKUSDT"",""S"":""Buy"",""v"":""2268.6"",""p"":""0.67051""}"
2026-09-14T00:15:10.408217Z,1789344909944,LSKUSDT,Buy,1610.7,0.66669,"{""T"":1789344909944,""s"":""LSKUSDT"",""S"":""Buy"",""v"":""1610.7"",""p"":""0.66669""}"
2026-09-14T00:15:10.408217Z,1789344910005,LSKUSDT,Buy,48.0,0.67475,"{""T"":1789344910005,""s"":""LSKUSDT"",""S"":""Buy"",""v"":""48.0"",""p"":""0.67475""}"
2026-09-14T00:15:10.408217Z,1789344910032,LSKUSDT,Buy,64.1,0.67684,"{""T"":1789344910032,""s"":""LSKUSDT"",""S"":""Buy"",""v"":""64.1"",""p"":""0.67684""}"
2026-09-14T00:15:10.408217Z,1789344910056,LSKUSDT,Buy,0.7,0.66403,"{""T"":1789344910056,""s"":""LSKUSDT"",""S"":""Buy"",""v"":""0.7"",""p"":""0.66403""}"
2026-09-14T00:15:13.496798Z,1789344913020,STORJUSDT,Buy,1280.4,0.03124,"{""T"":1789344913020,""s"":""STORJUSDT"",""S"":""Buy"",""v"":""1280.4"",""p"":""0.03124""}"
2026-09-14T00:15:13.496798Z,1789344913248,STORJUSDT,Buy,7192.1,0.03115,"{""T"":1789344913248,""s"":""STORJUSDT"",""S"":""Buy"",""v"":""7192.1"",""p"":""0.03115""}"
2026-09-14T00:15:13.496798Z,1789344913347,STORJUSDT,Buy,38100.0,0.03113,"{""T"":1789344913347,""s"":""STORJUSDT"",""S"":""Buy"",""v"":""38100.0"",""p"":""0.03113""}"
2026-09-14T00:15:42.825084Z,1789344942507,RAYDIUMUSDT,Buy,680.4,1.3382,"{""T"":1789344942507,""s"":""RAYDIUMUSDT"",""S"":""Buy"",""v"":""680.4"",""p"":""1.3382""}"
2026-09-14T00:15:47.635647Z,1789344947261,POLYXUSDT,Buy,127,0.03673,"{""T"":1789344947261,""s"":""POLYXUSDT"",""S"":""Buy"",""v"":""127"",""p"":""0.03673""}"
2026-09-14T00:15:57.908129Z,1789344957517,LSKUSDT,Buy,23.9,0.66620,"{""T"":1789344957517,""s"":""LSKUSDT"",""S"":""Buy"",""v"":""23.9"",""p"":""0.66620""}"
2026-09-14T00:16:09.837847Z,1789344969620,CVCUSDT,Buy,13882,0.03024,"{""T"":1789344969620,""s"":""CVCUSDT"",""S"":""Buy"",""v"":""13882"",""p"":""0.03024""}"
2026-09-14T00:16:16.907850Z,1789344976455,LSKUSDT,Buy,200.0,0.66246,"{""T"":1789344976455,""s"":""LSKUSDT"",""S"":""Buy"",""v"":""200.0"",""p"":""0.66246""}"
2026-09-14T00:16:16.907850Z,1789344976571,LSKUSDT,Buy,487.8,0.66456,"{""T"":1789344976571,""s"":""LSKUSDT"",""S"":""Buy"",""v"":""487.8"",""p"":""0.66456""}"
2026-09-14T00:16:16.907850Z,1789344976816,LSKUSDT,Buy,95.0,0.66345,"{""T"":1789344976816,""s"":""LSKUSDT"",""S"":""Buy"",""v"":""95.0"",""p"":""0.66345""}"
2026-09-14T00:16:17.408034Z,1789344977007,LSKUSDT,Buy,37.8,0.66382,"{""T"":1789344977007,""s"":""LSKUSDT"",""S"":""Buy"",""v"":""37.8"",""p"":""0.66382""}"
2026-09-14T00:16:25.907822Z,1789344985478,LSKUSDT,Buy,103.0,0.66232,"{""T"":1789344985478,""s"":""LSKUSDT"",""S"":""Buy"",""v"":""103.0"",""p"":""0.66232""}"
2026-09-14T00:16:26.408122Z,1789344986221,LSKUSDT,Buy,56.8,0.65747,"{""T"":1789344986221,""s"":""LSKUSDT"",""S"":""Buy"",""v"":""56.8"",""p"":""0.65747""}"
2026-09-14T00:16:26.408122Z,1789344986309,LSKUSDT,Buy,51.6,0.65735,"{""T"":1789344986309,""s"":""LSKUSDT"",""S"":""Buy"",""v"":""51.6"",""p"":""0.65735""}"
2026-09-14T00:16:26.455735Z,1789344986309,ETHUSDT,Buy,0.02,2477.05,"{""T"":1789344986309,""s"":""ETHUSDT"",""S"":""Buy"",""v"":""0.02"",""p"":""2477.05""}"
2026-09-14T00:16:26.908019Z,1789344986508,LSKUSDT,Buy,46.7,0.65872,"{""T"":1789344986508,""s"":""LSKUSDT"",""S"":""Buy"",""v"":""46.7"",""p"":""0.65872""}"
2026-09-14T00:16:26.908019Z,1789344986527,LSKUSDT,Buy,80.1,0.65823,"{""T"":1789344986527,""s"":""LSKUSDT"",""S"":""Buy"",""v"":""80.1"",""p"":""0.65823""}"
2026-09-14T00:16:26.908019Z,1789344986674,LSKUSDT,Buy,76.5,0.65887,"{""T"":1789344986674,""s"":""LSKUSDT"",""S"":""Buy"",""v"":""76.5"",""p"":""0.65887""}"
2026-09-14T00:16:30.408163Z,1789344990251,LSKUSDT,Buy,28.3,0.65612,"{""T"":1789344990251,""s"":""LSKUSDT"",""S"":""Buy"",""v"":""28.3"",""p"":""0.65612""}"
2026-09-14T00:16:30.907929Z,1789344990688,LSKUSDT,Buy,3898.6,0.65681,"{""T"":1789344990688,""s"":""LSKUSDT"",""S"":""Buy"",""v"":""3898.6"",""p"":""0.65681""}"
2026-09-14T00:16:30.907929Z,1789344990742,LSKUSDT,Buy,12.7,0.65667,"{""T"":1789344990742,""s"":""LSKUSDT"",""S"":""Buy"",""v"":""12.7"",""p"":""0.65667""}"
2026-09-14T00:16:31.408075Z,1789344991020,LSKUSDT,Buy,47.0,0.65701,"{""T"":1789344991020,""s"":""LSKUSDT"",""S"":""Buy"",""v"":""47.0"",""p"":""0.65701""}"
2026-09-14T00:16:32.408712Z,1789344992084,LSKUSDT,Buy,901.1,0.65564,"{""T"":1789344992084,""s"":""LSKUSDT"",""S"":""Buy"",""v"":""901.1"",""p"":""0.65564""}"
2026-09-14T00:16:35.907866Z,1789344995805,LSKUSDT,Buy,2.0,0.65441,"{""T"":1789344995805,""s"":""LSKUSDT"",""S"":""Buy"",""v"":""2.0"",""p"":""0.65441""}"
2026-09-14T00:16:36.907693Z,1789344996393,LSKUSDT,Buy,154.4,0.65311,"{""T"":1789344996393,""s"":""LSKUSDT"",""S"":""Buy"",""v"":""154.4"",""p"":""0.65311""}"
2026-09-14T00:16:48.341557Z,1789345007944,CVCUSDT,Buy,1387,0.02889,"{""T"":1789345007944,""s"":""CVCUSDT"",""S"":""Buy"",""v"":""1387"",""p"":""0.02889""}"
2026-09-14T00:16:48.341557Z,1789345007959,CVCUSDT,Buy,1333,0.02888,"{""T"":1789345007959,""s"":""CVCUSDT"",""S"":""Buy"",""v"":""1333"",""p"":""0.02888""}"
2026-09-14T00:16:48.341557Z,1789345007976,CVCUSDT,Buy,5900,0.02896,"{""T"":1789345007976,""s"":""CVCUSDT"",""S"":""Buy"",""v"":""5900"",""p"":""0.02896""}"
2026-09-14T00:16:48.341557Z,1789345008140,CVCUSDT,Buy,4028,0.02885,"{""T"":1789345008140,""s"":""CVCUSDT"",""S"":""Buy"",""v"":""4028"",""p"":""0.02885""}"
2026-09-14T00:16:48.341557Z,1789345008162,CVCUSDT,Buy,414,0.02890,"{""T"":1789345008162,""s"":""CVCUSDT"",""S"":""Buy"",""v"":""414"",""p"":""0.02890""}"
2026-09-14T00:16:55.289734Z,1789345014667,CVCUSDT,Buy,1466,0.02868,"{""T"":1789345014667,""s"":""CVCUSDT"",""S"":""Buy"",""v"":""1466"",""p"":""0.02868""}"
2026-09-14T00:17:07.407258Z,1789345027295,STEEMUSDT,Buy,6463,0.05381,"{""T"":1789345027295,""s"":""STEEMUSDT"",""S"":""Buy"",""v"":""6463"",""p"":""0.05381""}"
2026-09-14T00:17:08.407355Z,1789345028183,STEEMUSDT,Buy,470,0.05373,"{""T"":1789345028183,""s"":""STEEMUSDT"",""S"":""Buy"",""v"":""470"",""p"":""0.05373""}"
2026-09-14T00:17:12.134198Z,1789345032033,ARKUSDT,Buy,2243,0.12888,"{""T"":1789345032033,""s"":""ARKUSDT"",""S"":""Buy"",""v"":""2243"",""p"":""0.12888""}"
2026-09-14T00:17:13.907219Z,1789345033391,LSKUSDT,Sell,232.2,0.69541,"{""T"":1789345033391,""s"":""LSKUSDT"",""S"":""Sell"",""v"":""232.2"",""p"":""0.69541""}"
2026-09-14T00:17:15.407123Z,1789345035235,LSKUSDT,Sell,50.0,0.70005,"{""T"":1789345035235,""s"":""LSKUSDT"",""S"":""Sell"",""v"":""50.0"",""p"":""0.70005""}"
2026-09-14T00:17:16.407142Z,1789345035861,LSKUSDT,Sell,424.7,0.69903,"{""T"":1789345035861,""s"":""LSKUSDT"",""S"":""Sell"",""v"":""424.7"",""p"":""0.69903""}"
2026-09-14T00:17:16.495890Z,1789345035935,STORJUSDT,Buy,1035.2,0.03081,"{""T"":1789345035935,""s"":""STORJUSDT"",""S"":""Buy"",""v"":""1035.2"",""p"":""0.03081""}"
2026-09-14T00:17:22.407301Z,1789345041952,LSKUSDT,Sell,123.4,0.70205,"{""T"":1789345041952,""s"":""LSKUSDT"",""S"":""Sell"",""v"":""123.4"",""p"":""0.70205""}"
2026-09-14T00:17:27.134615Z,1789345046872,POLYXUSDT,Buy,264,0.03638,"{""T"":1789345046872,""s"":""POLYXUSDT"",""S"":""Buy"",""v"":""264"",""p"":""0.03638""}"
2026-09-14T00:17:48.496613Z,1789345068153,STORJUSDT,Buy,26323.8,0.03060,"{""T"":1789345068153,""s"":""STORJUSDT"",""S"":""Buy"",""v"":""26323.8"",""p"":""0.03060""}"
2026-09-14T00:17:54.407199Z,1789345073894,STEEMUSDT,Buy,1682,0.05340,"{""T"":1789345073894,""s"":""STEEMUSDT"",""S"":""Buy"",""v"":""1682"",""p"":""0.05340""}"
2026-09-14T00:18:06.912015Z,1789345086374,LSKUSDT,Sell,434.4,0.71680,"{""T"":1789345086374,""s"":""LSKUSDT"",""S"":""Sell"",""v"":""434.4"",""p"":""0.71680""}"
2026-09-14T00:18:06.912015Z,1789345086673,LSKUSDT,Sell,45.8,0.71264,"{""T"":1789345086673,""s"":""LSKUSDT"",""S"":""Sell"",""v"":""45.8"",""p"":""0.71264""}"
2026-09-14T00:18:07.407330Z,1789345086905,LSKUSDT,Sell,47.6,0.71571,"{""T"":1789345086905,""s"":""LSKUSDT"",""S"":""Sell"",""v"":""47.6"",""p"":""0.71571""}"
2026-09-14T00:18:12.407175Z,1789345092303,LSKUSDT,Sell,1251.8,0.71994,"{""T"":1789345092303,""s"":""LSKUSDT"",""S"":""Sell"",""v"":""1251.8"",""p"":""0.71994""}"
2026-09-14T00:18:30.564937Z,1789345110281,BTCUSDT,Buy,0.020,76548.60,"{""T"":1789345110281,""s"":""BTCUSDT"",""S"":""Buy"",""v"":""0.020"",""p"":""76548.60""}"
2026-09-14T00:18:30.812147Z,1789345110281,TRUMPUSDT,Buy,1160.0,1.925,"{""T"":1789345110281,""s"":""TRUMPUSDT"",""S"":""Buy"",""v"":""1160.0"",""p"":""1.925""}"
2026-09-14T00:18:40.995402Z,1789345120735,STORJUSDT,Buy,1319.8,0.03029,"{""T"":1789345120735,""s"":""STORJUSDT"",""S"":""Buy"",""v"":""1319.8"",""p"":""0.03029""}"
2026-09-14T00:18:54.906717Z,1789345134350,POWERUSDT,Buy,1034,0.12736,"{""T"":1789345134350,""s"":""POWERUSDT"",""S"":""Buy"",""v"":""1034"",""p"":""0.12736""}"
2026-09-14T00:18:57.406700Z,1789345137077,POWERUSDT,Buy,565,0.12646,"{""T"":1789345137077,""s"":""POWERUSDT"",""S"":""Buy"",""v"":""565"",""p"":""0.12646""}"
2026-09-14T00:18:57.906590Z,1789345137334,POWERUSDT,Buy,290,0.12642,"{""T"":1789345137334,""s"":""POWERUSDT"",""S"":""Buy"",""v"":""290"",""p"":""0.12642""}"
2026-09-14T00:18:59.406654Z,1789345138910,POWERUSDT,Buy,708,0.12568,"{""T"":1789345138910,""s"":""POWERUSDT"",""S"":""Buy"",""v"":""708"",""p"":""0.12568""}"
2026-09-14T00:19:00.906743Z,1789345140574,POWERUSDT,Buy,29951,0.12517,"{""T"":1789345140574,""s"":""POWERUSDT"",""S"":""Buy"",""v"":""29951"",""p"":""0.12517""}"
2026-09-14T00:19:11.846992Z,1789345151440,RIVERUSDT,Buy,862.0,1.102,"{""T"":1789345151440,""s"":""RIVERUSDT"",""S"":""Buy"",""v"":""862.0"",""p"":""1.102""}"
2026-09-14T00:19:11.846992Z,1789345151741,RIVERUSDT,Buy,590.8,1.101,"{""T"":1789345151741,""s"":""RIVERUSDT"",""S"":""Buy"",""v"":""590.8"",""p"":""1.101""}"
2026-09-14T00:19:11.913176Z,1789345151741,DOGEUSDT,Buy,3461,0.08198,"{""T"":1789345151741,""s"":""DOGEUSDT"",""S"":""Buy"",""v"":""3461"",""p"":""0.08198""}"
2026-09-14T00:19:12.014736Z,1789345151741,ATOMUSDT,Buy,160.4,1.5700,"{""T"":1789345151741,""s"":""ATOMUSDT"",""S"":""Buy"",""v"":""160.4"",""p"":""1.5700""}"
2026-09-14T00:19:12.347155Z,1789345151794,RIVERUSDT,Buy,8.7,1.099,"{""T"":1789345151794,""s"":""RIVERUSDT"",""S"":""Buy"",""v"":""8.7"",""p"":""1.099""}"
2026-09-14T00:19:12.347155Z,1789345151822,RIVERUSDT,Buy,89.2,1.104,"{""T"":1789345151822,""s"":""RIVERUSDT"",""S"":""Buy"",""v"":""89.2"",""p"":""1.104""}"
2026-09-14T00:19:12.347155Z,1789345151949,RIVERUSDT,Buy,585.2,1.101,"{""T"":1789345151949,""s"":""RIVERUSDT"",""S"":""Buy"",""v"":""585.2"",""p"":""1.101""}"
2026-09-14T00:19:12.347155Z,1789345151952,RIVERUSDT,Buy,983.8,1.099,"{""T"":1789345151952,""s"":""RIVERUSDT"",""S"":""Buy"",""v"":""983.8"",""p"":""1.099""}"
2026-09-14T00:19:24.996420Z,1789345164721,STORJUSDT,Buy,142.5,0.02984,"{""T"":1789345164721,""s"":""STORJUSDT"",""S"":""Buy"",""v"":""142.5"",""p"":""0.02984""}"
2026-09-14T00:20:00.485395Z,1789345200276,BLASTUSDT,Buy,50000,0.0003692,"{""T"":1789345200276,""s"":""BLASTUSDT"",""S"":""Buy"",""v"":""50000"",""p"":""0.0003692""}"
2026-09-14T00:20:26.986635Z,1789345226546,BLASTUSDT,Buy,204210,0.0003638,"{""T"":1789345226546,""s"":""BLASTUSDT"",""S"":""Buy"",""v"":""204210"",""p"":""0.0003638""}"
2026-09-14T00:20:59.995620Z,1789345259848,PUNDIXUSDT,Sell,12680,0.11431,"{""T"":1789345259848,""s"":""PUNDIXUSDT"",""S"":""Sell"",""v"":""12680"",""p"":""0.11431""}"
2026-09-14T00:21:02.406797Z,1789345261932,LSKUSDT,Sell,44.8,0.72333,"{""T"":1789345261932,""s"":""LSKUSDT"",""S"":""Sell"",""v"":""44.8"",""p"":""0.72333""}"
2026-09-14T00:21:05.406647Z,1789345264968,POWERUSDT,Buy,507,0.12412,"{""T"":1789345264968,""s"":""POWERUSDT"",""S"":""Buy"",""v"":""507"",""p"":""0.12412""}"
2026-09-14T00:21:08.406810Z,1789345268132,POWERUSDT,Buy,55,0.12376,"{""T"":1789345268132,""s"":""POWERUSDT"",""S"":""Buy"",""v"":""55"",""p"":""0.12376""}"
2026-09-14T00:21:11.406678Z,1789345271248,POWERUSDT,Buy,363,0.12307,"{""T"":1789345271248,""s"":""POWERUSDT"",""S"":""Buy"",""v"":""363"",""p"":""0.12307""}"
2026-09-14T00:21:12.406710Z,1789345271971,POWERUSDT,Buy,667,0.12275,"{""T"":1789345271971,""s"":""POWERUSDT"",""S"":""Buy"",""v"":""667"",""p"":""0.12275""}"
2026-09-14T00:21:12.907025Z,1789345272440,POWERUSDT,Buy,10872,0.12024,"{""T"":1789345272440,""s"":""POWERUSDT"",""S"":""Buy"",""v"":""10872"",""p"":""0.12024""}"
2026-09-14T00:21:15.906775Z,1789345275818,LSKUSDT,Sell,334.3,0.72808,"{""T"":1789345275818,""s"":""LSKUSDT"",""S"":""Sell"",""v"":""334.3"",""p"":""0.72808""}"
2026-09-14T00:21:17.406600Z,1789345277164,LSKUSDT,Sell,24.1,0.73044,"{""T"":1789345277164,""s"":""LSKUSDT"",""S"":""Sell"",""v"":""24.1"",""p"":""0.73044""}"
2026-09-14T00:21:19.906488Z,1789345279488,LSKUSDT,Sell,1109.1,0.73275,"{""T"":1789345279488,""s"":""LSKUSDT"",""S"":""Sell"",""v"":""1109.1"",""p"":""0.73275""}"
2026-09-14T00:21:19.906488Z,1789345279531,LSKUSDT,Sell,39.7,0.73212,"{""T"":1789345279531,""s"":""LSKUSDT"",""S"":""Sell"",""v"":""39.7"",""p"":""0.73212""}"
2026-09-14T00:21:21.406702Z,1789345281053,POWERUSDT,Buy,59,0.11991,"{""T"":1789345281053,""s"":""POWERUSDT"",""S"":""Buy"",""v"":""59"",""p"":""0.11991""}"
2026-09-14T00:21:50.406881Z,1789345309886,LSKUSDT,Sell,182.5,0.73638,"{""T"":1789345309886,""s"":""LSKUSDT"",""S"":""Sell"",""v"":""182.5"",""p"":""0.73638""}"
2026-09-14T00:21:50.496316Z,1789345310116,STORJUSDT,Buy,2076.9,0.02937,"{""T"":1789345310116,""s"":""STORJUSDT"",""S"":""Buy"",""v"":""2076.9"",""p"":""0.02937""}"
2026-09-14T00:21:50.985795Z,1789345310798,BLASTUSDT,Buy,76200,0.0003545,"{""T"":1789345310798,""s"":""BLASTUSDT"",""S"":""Buy"",""v"":""76200"",""p"":""0.0003545""}"
2026-09-14T00:21:51.907021Z,1789345311766,LSKUSDT,Sell,209.4,0.73715,"{""T"":1789345311766,""s"":""LSKUSDT"",""S"":""Sell"",""v"":""209.4"",""p"":""0.73715""}"
2026-09-14T00:21:52.914078Z,1789345312726,ZECUSDT,Buy,0.50,1052.55,"{""T"":1789345312726,""s"":""ZECUSDT"",""S"":""Buy"",""v"":""0.50"",""p"":""1052.55""}"
2026-09-14T00:21:53.336562Z,1789345313163,XRPUSDT,Buy,134.0,1.3375,"{""T"":1789345313163,""s"":""XRPUSDT"",""S"":""Buy"",""v"":""134.0"",""p"":""1.3375""}"
2026-09-14T00:21:53.413130Z,1789345313163,ZECUSDT,Buy,7.11,1052.57,"{""T"":1789345313163,""s"":""ZECUSDT"",""S"":""Buy"",""v"":""7.11"",""p"":""1052.57""}"
2026-09-14T00:21:53.413580Z,1789345313163,ADAUSDT,Buy,1817,0.2025,"{""T"":1789345313163,""s"":""ADAUSDT"",""S"":""Buy"",""v"":""1817"",""p"":""0.2025""}"
2026-09-14T00:21:53.454666Z,1789345313163,ETHUSDT,Buy,0.09,2472.43,"{""T"":1789345313163,""s"":""ETHUSDT"",""S"":""Buy"",""v"":""0.09"",""p"":""2472.43""}"
2026-09-14T00:21:56.565529Z,1789345316125,BTCUSDT,Buy,0.099,76486.70,"{""T"":1789345316125,""s"":""BTCUSDT"",""S"":""Buy"",""v"":""0.099"",""p"":""76486.70""}"
2026-09-14T00:22:05.913596Z,1789345325543,ZECUSDT,Buy,4.98,1052.10,"{""T"":1789345325543,""s"":""ZECUSDT"",""S"":""Buy"",""v"":""4.98"",""p"":""1052.10""}"
2026-09-14T00:22:06.954760Z,1789345326845,ETHUSDT,Buy,0.25,2470.15,"{""T"":1789345326845,""s"":""ETHUSDT"",""S"":""Buy"",""v"":""0.25"",""p"":""2470.15""}"
2026-09-14T00:22:12.413768Z,1789345331998,ZECUSDT,Buy,0.01,1051.83,"{""T"":1789345331998,""s"":""ZECUSDT"",""S"":""Buy"",""v"":""0.01"",""p"":""1051.83""}"
2026-09-14T00:22:12.495512Z,1789345332058,STORJUSDT,Buy,6345.1,0.02925,"{""T"":1789345332058,""s"":""STORJUSDT"",""S"":""Buy"",""v"":""6345.1"",""p"":""0.02925""}"
2026-09-14T00:22:12.996627Z,1789345332862,STORJUSDT,Buy,1875.1,0.02930,"{""T"":1789345332862,""s"":""STORJUSDT"",""S"":""Buy"",""v"":""1875.1"",""p"":""0.02930""}"
2026-09-14T00:22:15.991330Z,1789345335419,MTLUSDT,Buy,9844.1,0.3060,"{""T"":1789345335419,""s"":""MTLUSDT"",""S"":""Buy"",""v"":""9844.1"",""p"":""0.3060""}"
2026-09-14T00:22:16.328019Z,1789345336227,LABUSDT,Buy,90000,0.05300,"{""T"":1789345336227,""s"":""LABUSDT"",""S"":""Buy"",""v"":""90000"",""p"":""0.05300""}"
2026-09-14T00:22:28.828290Z,1789345348721,LABUSDT,Buy,13550,0.05220,"{""T"":1789345348721,""s"":""LABUSDT"",""S"":""Buy"",""v"":""13550"",""p"":""0.05220""}"
2026-09-14T00:22:29.828213Z,1789345349416,LABUSDT,Buy,114,0.05220,"{""T"":1789345349416,""s"":""LABUSDT"",""S"":""Buy"",""v"":""114"",""p"":""0.05220""}"
2026-09-14T00:22:30.328246Z,1789345350040,LABUSDT,Buy,2907,0.05200,"{""T"":1789345350040,""s"":""LABUSDT"",""S"":""Buy"",""v"":""2907"",""p"":""0.05200""}"
2026-09-14T00:22:31.564760Z,1789345351455,BTCUSDT,Buy,0.021,76443.10,"{""T"":1789345351455,""s"":""BTCUSDT"",""S"":""Buy"",""v"":""0.021"",""p"":""76443.10""}"
2026-09-14T00:22:32.564759Z,1789345352361,BTCUSDT,Buy,0.024,76436.30,"{""T"":1789345352361,""s"":""BTCUSDT"",""S"":""Buy"",""v"":""0.024"",""p"":""76436.30""}"
2026-09-14T00:22:51.907179Z,1789345371577,LSKUSDT,Buy,1288.9,0.68819,"{""T"":1789345371577,""s"":""LSKUSDT"",""S"":""Buy"",""v"":""1288.9"",""p"":""0.68819""}"
2026-09-14T00:22:52.406781Z,1789345371980,LSKUSDT,Buy,2161.5,0.68849,"{""T"":1789345371980,""s"":""LSKUSDT"",""S"":""Buy"",""v"":""2161.5"",""p"":""0.68849""}"
2026-09-14T00:22:52.906717Z,1789345372754,LSKUSDT,Buy,35.5,0.68636,"{""T"":1789345372754,""s"":""LSKUSDT"",""S"":""Buy"",""v"":""35.5"",""p"":""0.68636""}"
2026-09-14T00:22:53.996324Z,1789345373538,STORJUSDT,Buy,22874.7,0.02885,"{""T"":1789345373538,""s"":""STORJUSDT"",""S"":""Buy"",""v"":""22874.7"",""p"":""0.02885""}"
2026-09-14T00:23:35.913375Z,1789345415422,ZECUSDT,Buy,0.03,1050.50,"{""T"":1789345415422,""s"":""ZECUSDT"",""S"":""Buy"",""v"":""0.03"",""p"":""1050.50""}"
2026-09-14T00:23:36.061667Z,1789345415887,SOLUSDT,Sell,0.8,99.880,"{""T"":1789345415887,""s"":""SOLUSDT"",""S"":""Sell"",""v"":""0.8"",""p"":""99.880""}"
2026-09-14T00:23:36.413775Z,1789345415886,ZECUSDT,Buy,0.23,1050.63,"{""T"":1789345415886,""s"":""ZECUSDT"",""S"":""Buy"",""v"":""0.23"",""p"":""1050.63""}"
2026-09-14T00:23:36.413775Z,1789345415970,ZECUSDT,Buy,0.09,1051.15,"{""T"":1789345415970,""s"":""ZECUSDT"",""S"":""Buy"",""v"":""0.09"",""p"":""1051.15""}"
2026-09-14T00:23:36.413775Z,1789345416115,ZECUSDT,Buy,0.31,1051.16,"{""T"":1789345416115,""s"":""ZECUSDT"",""S"":""Buy"",""v"":""0.31"",""p"":""1051.16""}"
2026-09-14T00:23:36.913375Z,1789345416332,ZECUSDT,Buy,0.26,1050.94,"{""T"":1789345416332,""s"":""ZECUSDT"",""S"":""Buy"",""v"":""0.26"",""p"":""1050.94""}"
2026-09-14T00:24:35.907030Z,1789345475426,LSKUSDT,Buy,925.7,0.67718,"{""T"":1789345475426,""s"":""LSKUSDT"",""S"":""Buy"",""v"":""925.7"",""p"":""0.67718""}"
2026-09-14T00:25:15.413506Z,1789345515316,ZECUSDT,Buy,0.65,1049.33,"{""T"":1789345515316,""s"":""ZECUSDT"",""S"":""Buy"",""v"":""0.65"",""p"":""1049.33""}"
2026-09-14T00:25:15.906597Z,1789345515773,LSKUSDT,Sell,255.3,0.71757,"{""T"":1789345515773,""s"":""LSKUSDT"",""S"":""Sell"",""v"":""255.3"",""p"":""0.71757""}"
2026-09-14T00:25:16.413403Z,1789345516227,ZECUSDT,Buy,4.28,1049.38,"{""T"":1789345516227,""s"":""ZECUSDT"",""S"":""Buy"",""v"":""4.28"",""p"":""1049.38""}"
2026-09-14T00:25:16.906861Z,1789345516668,LSKUSDT,Sell,7.7,0.72164,"{""T"":1789345516668,""s"":""LSKUSDT"",""S"":""Sell"",""v"":""7.7"",""p"":""0.72164""}"
2026-09-14T00:25:29.498794Z,1789345529315,STORJUSDT,Buy,2097.6,0.02864,"{""T"":1789345529315,""s"":""STORJUSDT"",""S"":""Buy"",""v"":""2097.6"",""p"":""0.02864""}"
2026-09-14T00:25:34.496317Z,1789345534263,STORJUSDT,Buy,500.0,0.02852,"{""T"":1789345534263,""s"":""STORJUSDT"",""S"":""Buy"",""v"":""500.0"",""p"":""0.02852""}"
2026-09-14T00:25:39.913372Z,1789345539493,ZECUSDT,Buy,1.00,1043.84,"{""T"":1789345539493,""s"":""ZECUSDT"",""S"":""Buy"",""v"":""1.00"",""p"":""1043.84""}"
2026-09-14T00:25:39.913372Z,1789345539579,ZECUSDT,Buy,0.10,1041.67,"{""T"":1789345539579,""s"":""ZECUSDT"",""S"":""Buy"",""v"":""0.10"",""p"":""1041.67""}"
2026-09-14T00:25:39.913372Z,1789345539586,ZECUSDT,Buy,0.01,1041.49,"{""T"":1789345539586,""s"":""ZECUSDT"",""S"":""Buy"",""v"":""0.01"",""p"":""1041.49""}"
2026-09-14T00:25:39.913372Z,1789345539600,ZECUSDT,Buy,5.10,1044.13,"{""T"":1789345539600,""s"":""ZECUSDT"",""S"":""Buy"",""v"":""5.10"",""p"":""1044.13""}"
2026-09-14T00:25:39.913372Z,1789345539611,ZECUSDT,Buy,0.17,1043.53,"{""T"":1789345539611,""s"":""ZECUSDT"",""S"":""Buy"",""v"":""0.17"",""p"":""1043.53""}"
2026-09-14T00:25:39.913372Z,1789345539620,ZECUSDT,Buy,6.11,1044.36,"{""T"":1789345539620,""s"":""ZECUSDT"",""S"":""Buy"",""v"":""6.11"",""p"":""1044.36""}"
2026-09-14T00:25:39.913372Z,1789345539632,ZECUSDT,Buy,0.13,1047.04,"{""T"":1789345539632,""s"":""ZECUSDT"",""S"":""Buy"",""v"":""0.13"",""p"":""1047.04""}"
2026-09-14T00:25:39.913372Z,1789345539659,ZECUSDT,Buy,0.63,1043.35,"{""T"":1789345539659,""s"":""ZECUSDT"",""S"":""Buy"",""v"":""0.63"",""p"":""1043.35""}"
2026-09-14T00:25:39.913372Z,1789345539675,ZECUSDT,Buy,7.90,1046.17,"{""T"":1789345539675,""s"":""ZECUSDT"",""S"":""Buy"",""v"":""7.90"",""p"":""1046.17""}"
2026-09-14T00:25:39.913372Z,1789345539715,ZECUSDT,Buy,0.21,1047.47,"{""T"":1789345539715,""s"":""ZECUSDT"",""S"":""Buy"",""v"":""0.21"",""p"":""1047.47""}"
2026-09-14T00:25:39.913372Z,1789345539741,ZECUSDT,Buy,0.70,1042.81,"{""T"":1789345539741,""s"":""ZECUSDT"",""S"":""Buy"",""v"":""0.70"",""p"":""1042.81""}"
2026-09-14T00:25:39.913372Z,1789345539827,ZECUSDT,Buy,1.50,1041.30,"{""T"":1789345539827,""s"":""ZECUSDT"",""S"":""Buy"",""v"":""1.50"",""p"":""1041.30""}"
2026-09-14T00:25:39.956228Z,1789345539741,ETHUSDT,Buy,0.39,2469.62,"{""T"":1789345539741,""s"":""ETHUSDT"",""S"":""Buy"",""v"":""0.39"",""p"":""2469.62""}"
2026-09-14T00:25:40.065316Z,1789345539741,BTCUSDT,Buy,0.024,76481.20,"{""T"":1789345539741,""s"":""BTCUSDT"",""S"":""Buy"",""v"":""0.024"",""p"":""76481.20""}"
2026-09-14T00:25:40.065316Z,1789345539827,BTCUSDT,Buy,0.020,76424.10,"{""T"":1789345539827,""s"":""BTCUSDT"",""S"":""Buy"",""v"":""0.020"",""p"":""76424.10""}"
2026-09-14T00:25:40.324115Z,1789345539741,ENAUSDT,Buy,3604,0.13485,"{""T"":1789345539741,""s"":""ENAUSDT"",""S"":""Buy"",""v"":""3604"",""p"":""0.13485""}"
2026-09-14T00:25:40.336688Z,1789345540106,LITUSDT,Buy,35.4,4.0880,"{""T"":1789345540106,""s"":""LITUSDT"",""S"":""Buy"",""v"":""35.4"",""p"":""4.0880""}"
2026-09-14T00:25:40.346751Z,1789345540106,USELESSUSDT,Buy,391,0.20865,"{""T"":1789345540106,""s"":""USELESSUSDT"",""S"":""Buy"",""v"":""391"",""p"":""0.20865""}"
2026-09-14T00:25:40.413380Z,1789345539852,ZECUSDT,Buy,2.51,1048.89,"{""T"":1789345539852,""s"":""ZECUSDT"",""S"":""Buy"",""v"":""2.51"",""p"":""1048.89""}"
2026-09-14T00:25:40.413380Z,1789345539859,ZECUSDT,Buy,0.11,1046.04,"{""T"":1789345539859,""s"":""ZECUSDT"",""S"":""Buy"",""v"":""0.11"",""p"":""1046.04""}"
2026-09-14T00:25:40.413380Z,1789345539864,ZECUSDT,Buy,0.13,1045.33,"{""T"":1789345539864,""s"":""ZECUSDT"",""S"":""Buy"",""v"":""0.13"",""p"":""1045.33""}"
2026-09-14T00:25:40.413380Z,1789345539987,ZECUSDT,Buy,0.47,1042.45,"{""T"":1789345539987,""s"":""ZECUSDT"",""S"":""Buy"",""v"":""0.47"",""p"":""1042.45""}"
2026-09-14T00:25:40.413380Z,1789345540063,ZECUSDT,Buy,0.31,1047.97,"{""T"":1789345540063,""s"":""ZECUSDT"",""S"":""Buy"",""v"":""0.31"",""p"":""1047.97""}"
2026-09-14T00:25:40.413380Z,1789345540106,ZECUSDT,Buy,0.47,1041.87,"{""T"":1789345540106,""s"":""ZECUSDT"",""S"":""Buy"",""v"":""0.47"",""p"":""1041.87""}"
2026-09-14T00:25:40.413380Z,1789345540122,ZECUSDT,Buy,0.05,1046.85,"{""T"":1789345540122,""s"":""ZECUSDT"",""S"":""Buy"",""v"":""0.05"",""p"":""1046.85""}"
2026-09-14T00:25:40.413380Z,1789345540122,ZECUSDT,Buy,3.60,1046.24,"{""T"":1789345540122,""s"":""ZECUSDT"",""S"":""Buy"",""v"":""3.60"",""p"":""1046.24""}"
2026-09-14T00:25:40.413380Z,1789345540131,ZECUSDT,Buy,0.02,1048.21,"{""T"":1789345540131,""s"":""ZECUSDT"",""S"":""Buy"",""v"":""0.02"",""p"":""1048.21""}"
2026-09-14T00:25:40.413380Z,1789345540201,ZECUSDT,Buy,9.00,1041.33,"{""T"":1789345540201,""s"":""ZECUSDT"",""S"":""Buy"",""v"":""9.00"",""p"":""1041.33""}"
2026-09-14T00:25:40.413380Z,1789345540223,ZECUSDT,Buy,0.50,1042.78,"{""T"":1789345540223,""s"":""ZECUSDT"",""S"":""Buy"",""v"":""0.50"",""p"":""1042.78""}"
2026-09-14T00:25:40.413380Z,1789345540236,ZECUSDT,Buy,0.21,1047.89,"{""T"":1789345540236,""s"":""ZECUSDT"",""S"":""Buy"",""v"":""0.21"",""p"":""1047.89""}"
2026-09-14T00:25:40.913320Z,1789345540335,ZECUSDT,Buy,4.71,1047.29,"{""T"":1789345540335,""s"":""ZECUSDT"",""S"":""Buy"",""v"":""4.71"",""p"":""1047.29""}"
2026-09-14T00:25:40.913320Z,1789345540583,ZECUSDT,Buy,0.08,1039.12,"{""T"":1789345540583,""s"":""ZECUSDT"",""S"":""Buy"",""v"":""0.08"",""p"":""1039.12""}"
2026-09-14T00:25:40.913320Z,1789345540659,ZECUSDT,Buy,9.54,1040.88,"{""T"":1789345540659,""s"":""ZECUSDT"",""S"":""Buy"",""v"":""9.54"",""p"":""1040.88""}"
2026-09-14T00:25:40.913320Z,1789345540675,ZECUSDT,Buy,1.46,1040.32,"{""T"":1789345540675,""s"":""ZECUSDT"",""S"":""Buy"",""v"":""1.46"",""p"":""1040.32""}"
2026-09-14T00:25:41.413188Z,1789345540861,ZECUSDT,Buy,0.14,1040.13,"{""T"":1789345540861,""s"":""ZECUSDT"",""S"":""Buy"",""v"":""0.14"",""p"":""1040.13""}"
2026-09-14T00:25:41.413188Z,1789345540882,ZECUSDT,Buy,0.34,1039.25,"{""T"":1789345540882,""s"":""ZECUSDT"",""S"":""Buy"",""v"":""0.34"",""p"":""1039.25""}"
2026-09-14T00:25:41.413188Z,1789345540893,ZECUSDT,Buy,3.41,1039.94,"{""T"":1789345540893,""s"":""ZECUSDT"",""S"":""Buy"",""v"":""3.41"",""p"":""1039.94""}"
2026-09-14T00:25:41.413188Z,1789345540921,ZECUSDT,Buy,0.25,1039.12,"{""T"":1789345540921,""s"":""ZECUSDT"",""S"":""Buy"",""v"":""0.25"",""p"":""1039.12""}"
2026-09-14T00:25:41.413188Z,1789345541034,ZECUSDT,Buy,0.23,1039.09,"{""T"":1789345541034,""s"":""ZECUSDT"",""S"":""Buy"",""v"":""0.23"",""p"":""1039.09""}"
2026-09-14T00:25:41.413188Z,1789345541278,ZECUSDT,Buy,4.00,1040.58,"{""T"":1789345541278,""s"":""ZECUSDT"",""S"":""Buy"",""v"":""4.00"",""p"":""1040.58""}"
2026-09-14T00:25:42.323829Z,1789345541826,FARTCOINUSDT,Buy,30048,0.13729,"{""T"":1789345541826,""s"":""FARTCOINUSDT"",""S"":""Buy"",""v"":""30048"",""p"":""0.13729""}"
2026-09-14T00:25:53.495802Z,1789345553128,STORJUSDT,Buy,18000.0,0.02833,"{""T"":1789345553128,""s"":""STORJUSDT"",""S"":""Buy"",""v"":""18000.0"",""p"":""0.02833""}"
2026-09-14T00:25:53.564814Z,1789345553219,BTCUSDT,Buy,0.049,76384.10,"{""T"":1789345553219,""s"":""BTCUSDT"",""S"":""Buy"",""v"":""0.049"",""p"":""76384.10""}"
2026-09-14T00:25:53.954653Z,1789345553703,ETHUSDT,Buy,0.33,2465.96,"{""T"":1789345553703,""s"":""ETHUSDT"",""S"":""Buy"",""v"":""0.33"",""p"":""2465.96""}"
2026-09-14T00:26:00.064862Z,1789345559848,BTCUSDT,Buy,0.036,76373.20,"{""T"":1789345559848,""s"":""BTCUSDT"",""S"":""Buy"",""v"":""0.036"",""p"":""76373.20""}"
2026-09-14T00:26:04.323860Z,1789345564213,ENAUSDT,Buy,53,0.13426,"{""T"":1789345564213,""s"":""ENAUSDT"",""S"":""Buy"",""v"":""53"",""p"":""0.13426""}"
2026-09-14T00:26:08.562023Z,1789345568448,SOLUSDT,Buy,12.7,98.700,"{""T"":1789345568448,""s"":""SOLUSDT"",""S"":""Buy"",""v"":""12.7"",""p"":""98.700""}"
2026-09-14T00:26:08.564698Z,1789345568448,BTCUSDT,Buy,0.009,76335.90,"{""T"":1789345568448,""s"":""BTCUSDT"",""S"":""Buy"",""v"":""0.009"",""p"":""76335.90""}"
2026-09-14T00:26:12.906879Z,1789345572496,LSKUSDT,Buy,84.1,0.69012,"{""T"":1789345572496,""s"":""LSKUSDT"",""S"":""Buy"",""v"":""84.1"",""p"":""0.69012""}"
2026-09-14T00:26:12.996228Z,1789345572496,STORJUSDT,Buy,2625.0,0.02795,"{""T"":1789345572496,""s"":""STORJUSDT"",""S"":""Buy"",""v"":""2625.0"",""p"":""0.02795""}"
2026-09-14T00:26:20.324473Z,1789345580090,VVVUSDT,Buy,13.04,20.8410,"{""T"":1789345580090,""s"":""VVVUSDT"",""S"":""Buy"",""v"":""13.04"",""p"":""20.8410""}"
2026-09-14T00:26:20.346837Z,1789345580090,USELESSUSDT,Buy,476,0.20669,"{""T"":1789345580090,""s"":""USELESSUSDT"",""S"":""Buy"",""v"":""476"",""p"":""0.20669""}"
2026-09-14T00:26:20.347281Z,1789345580091,UAIUSDT,Buy,725,0.47810,"{""T"":1789345580091,""s"":""UAIUSDT"",""S"":""Buy"",""v"":""725"",""p"":""0.47810""}"
2026-09-14T00:26:20.358345Z,1789345580090,APTUSDT,Buy,166.66,0.5774,"{""T"":1789345580090,""s"":""APTUSDT"",""S"":""Buy"",""v"":""166.66"",""p"":""0.5774""}"
2026-09-14T00:26:20.413870Z,1789345580090,ARBUSDT,Buy,691.4,0.13234,"{""T"":1789345580090,""s"":""ARBUSDT"",""S"":""Buy"",""v"":""691.4"",""p"":""0.13234""}"
2026-09-14T00:26:20.414256Z,1789345580291,ZECUSDT,Buy,1.44,1041.41,"{""T"":1789345580291,""s"":""ZECUSDT"",""S"":""Buy"",""v"":""1.44"",""p"":""1041.41""}"
2026-09-14T00:26:20.454794Z,1789345580090,ETHUSDT,Buy,0.21,2463.57,"{""T"":1789345580090,""s"":""ETHUSDT"",""S"":""Buy"",""v"":""0.21"",""p"":""2463.57""}"
2026-09-14T00:26:20.454794Z,1789345580291,ETHUSDT,Buy,1.20,2463.49,"{""T"":1789345580291,""s"":""ETHUSDT"",""S"":""Buy"",""v"":""1.20"",""p"":""2463.49""}"
2026-09-14T00:26:20.485458Z,1789345580091,BTWUSDT,Buy,200,0.69110,"{""T"":1789345580091,""s"":""BTWUSDT"",""S"":""Buy"",""v"":""200"",""p"":""0.69110""}"
2026-09-14T00:26:20.496244Z,1789345580090,FLOCKUSDT,Buy,3179,0.06624,"{""T"":1789345580090,""s"":""FLOCKUSDT"",""S"":""Buy"",""v"":""3179"",""p"":""0.06624""}"
2026-09-14T00:26:20.561926Z,1789345580090,SOLUSDT,Buy,29.7,98.670,"{""T"":1789345580090,""s"":""SOLUSDT"",""S"":""Buy"",""v"":""29.7"",""p"":""98.670""}"
2026-09-14T00:26:20.565553Z,1789345580090,BTCUSDT,Buy,0.063,76314.10,"{""T"":1789345580090,""s"":""BTCUSDT"",""S"":""Buy"",""v"":""0.063"",""p"":""76314.10""}"
2026-09-14T00:26:20.634744Z,1789345580091,AKEUSDT,Buy,7000,0.0147300,"{""T"":1789345580091,""s"":""AKEUSDT"",""S"":""Buy"",""v"":""7000"",""p"":""0.0147300""}"
2026-09-14T00:26:23.358861Z,1789345583259,WLDUSDT,Buy,114.2,0.3739,"{""T"":1789345583259,""s"":""WLDUSDT"",""S"":""Buy"",""v"":""114.2"",""p"":""0.3739""}"
2026-09-14T00:26:23.413173Z,1789345583259,DOTUSDT,Buy,12.2,0.9927,"{""T"":1789345583259,""s"":""DOTUSDT"",""S"":""Buy"",""v"":""12.2"",""p"":""0.9927""}"
2026-09-14T00:26:23.491128Z,1789345583013,SUIUSDT,Buy,20,0.69020,"{""T"":1789345583013,""s"":""SUIUSDT"",""S"":""Buy"",""v"":""20"",""p"":""0.69020""}"
2026-09-14T00:26:23.991475Z,1789345583645,SUIUSDT,Buy,450,0.68990,"{""T"":1789345583645,""s"":""SUIUSDT"",""S"":""Buy"",""v"":""450"",""p"":""0.68990""}"
2026-09-14T00:26:24.328571Z,1789345584196,PONSUSDT,Buy,468,0.5262,"{""T"":1789345584196,""s"":""PONSUSDT"",""S"":""Buy"",""v"":""468"",""p"":""0.5262""}"
2026-09-14T00:26:24.454918Z,1789345584196,ETHUSDT,Buy,0.05,2463.28,"{""T"":1789345584196,""s"":""ETHUSDT"",""S"":""Buy"",""v"":""0.05"",""p"":""2463.28""}"
2026-09-14T00:26:24.491253Z,1789345584196,SUIUSDT,Buy,1400,0.68990,"{""T"":1789345584196,""s"":""SUIUSDT"",""S"":""Buy"",""v"":""1400"",""p"":""0.68990""}"
2026-09-14T00:26:24.561705Z,1789345584196,BNBUSDT,Buy,1.58,710.50,"{""T"":1789345584196,""s"":""BNBUSDT"",""S"":""Buy"",""v"":""1.58"",""p"":""710.50""}"
2026-09-14T00:26:34.358483Z,1789345593809,WLDUSDT,Buy,51.5,0.3735,"{""T"":1789345593809,""s"":""WLDUSDT"",""S"":""Buy"",""v"":""51.5"",""p"":""0.3735""}"
2026-09-14T00:26:34.858047Z,1789345594496,WLDUSDT,Buy,17.7,0.3737,"{""T"":1789345594496,""s"":""WLDUSDT"",""S"":""Buy"",""v"":""17.7"",""p"":""0.3737""}"
2026-09-14T00:26:43.836626Z,1789345603486,AAVEUSDT,Buy,50.00,123.14,"{""T"":1789345603486,""s"":""AAVEUSDT"",""S"":""Buy"",""v"":""50.00"",""p"":""123.14""}"
2026-09-14T00:26:43.913137Z,1789345603778,1000PEPEUSDT,Buy,30400,0.0033170,"{""T"":1789345603778,""s"":""1000PEPEUSDT"",""S"":""Buy"",""v"":""30400"",""p"":""0.0033170""}"
2026-09-14T00:26:43.913670Z,1789345603778,DOGEUSDT,Buy,1189,0.08159,"{""T"":1789345603778,""s"":""DOGEUSDT"",""S"":""Buy"",""v"":""1189"",""p"":""0.08159""}"
2026-09-14T00:26:43.913939Z,1789345603778,ADAUSDT,Buy,488,0.2014,"{""T"":1789345603778,""s"":""ADAUSDT"",""S"":""Buy"",""v"":""488"",""p"":""0.2014""}"
2026-09-14T00:26:43.914182Z,1789345603778,ARBUSDT,Buy,706.5,0.13233,"{""T"":1789345603778,""s"":""ARBUSDT"",""S"":""Buy"",""v"":""706.5"",""p"":""0.13233""}"
2026-09-14T00:26:43.914497Z,1789345603778,UNIUSDT,Buy,16.5,6.055,"{""T"":1789345603778,""s"":""UNIUSDT"",""S"":""Buy"",""v"":""16.5"",""p"":""6.055""}"
2026-09-14T00:26:43.914734Z,1789345603778,ZECUSDT,Buy,0.08,1042.09,"{""T"":1789345603778,""s"":""ZECUSDT"",""S"":""Buy"",""v"":""0.08"",""p"":""1042.09""}"
2026-09-14T00:26:43.954773Z,1789345603778,ETHUSDT,Buy,0.39,2462.26,"{""T"":1789345603778,""s"":""ETHUSDT"",""S"":""Buy"",""v"":""0.39"",""p"":""2462.26""}"
2026-09-14T00:26:43.991234Z,1789345603778,SUIUSDT,Buy,130,0.69020,"{""T"":1789345603778,""s"":""SUIUSDT"",""S"":""Buy"",""v"":""130"",""p"":""0.69020""}"
2026-09-14T00:26:43.996496Z,1789345603778,LINKUSDT,Buy,8.5,11.101,"{""T"":1789345603778,""s"":""LINKUSDT"",""S"":""Buy"",""v"":""8.5"",""p"":""11.101""}"
2026-09-14T00:26:44.015317Z,1789345603778,NEARUSDT,Buy,39.1,2.2740,"{""T"":1789345603778,""s"":""NEARUSDT"",""S"":""Buy"",""v"":""39.1"",""p"":""2.2740""}"
2026-09-14T00:26:44.015807Z,1789345603778,TAOUSDT,Buy,0.426,229.32,"{""T"":1789345603778,""s"":""TAOUSDT"",""S"":""Buy"",""v"":""0.426"",""p"":""229.32""}"
2026-09-14T00:26:44.062307Z,1789345603778,BNBUSDT,Buy,0.69,710.30,"{""T"":1789345603778,""s"":""BNBUSDT"",""S"":""Buy"",""v"":""0.69"",""p"":""710.30""}"
2026-09-14T00:26:44.062916Z,1789345603778,SOLUSDT,Buy,9.7,98.650,"{""T"":1789345603778,""s"":""SOLUSDT"",""S"":""Buy"",""v"":""9.7"",""p"":""98.650""}"
2026-09-14T00:26:44.064565Z,1789345603778,BTCUSDT,Buy,0.127,76315.30,"{""T"":1789345603778,""s"":""BTCUSDT"",""S"":""Buy"",""v"":""0.127"",""p"":""76315.30""}"
2026-09-14T00:26:44.312260Z,1789345603778,HYPEUSDT,Buy,1.23,76.750,"{""T"":1789345603778,""s"":""HYPEUSDT"",""S"":""Buy"",""v"":""1.23"",""p"":""76.750""}"
2026-09-14T00:26:44.323901Z,1789345603778,RAYDIUMUSDT,Buy,655.6,1.3537,"{""T"":1789345603778,""s"":""RAYDIUMUSDT"",""S"":""Buy"",""v"":""655.6"",""p"":""1.3537""}"
2026-09-14T00:26:44.324297Z,1789345603778,ENAUSDT,Buy,692,0.13416,"{""T"":1789345603778,""s"":""ENAUSDT"",""S"":""Buy"",""v"":""692"",""p"":""0.13416""}"
2026-09-14T00:26:44.336640Z,1789345603778,XRPUSDT,Buy,73.7,1.3321,"{""T"":1789345603778,""s"":""XRPUSDT"",""S"":""Buy"",""v"":""73.7"",""p"":""1.3321""}"
2026-09-14T00:26:44.347150Z,1789345603778,WIFUSDT,Buy,521,0.18470,"{""T"":1789345603778,""s"":""WIFUSDT"",""S"":""Buy"",""v"":""521"",""p"":""0.18470""}"
2026-09-14T00:26:44.357994Z,1789345603778,WLDUSDT,Buy,248.6,0.3736,"{""T"":1789345603778,""s"":""WLDUSDT"",""S"":""Buy"",""v"":""248.6"",""p"":""0.3736""}"
2026-09-14T00:26:44.995856Z,1789345604810,STORJUSDT,Buy,17013.8,0.02764,"{""T"":1789345604810,""s"":""STORJUSDT"",""S"":""Buy"",""v"":""17013.8"",""p"":""0.02764""}"
2026-09-14T00:26:47.564935Z,1789345607088,BTCUSDT,Buy,0.001,76294.50,"{""T"":1789345607088,""s"":""BTCUSDT"",""S"":""Buy"",""v"":""0.001"",""p"":""76294.50""}"
2026-09-14T00:26:47.991388Z,1789345607897,SUIUSDT,Buy,70,0.68990,"{""T"":1789345607897,""s"":""SUIUSDT"",""S"":""Buy"",""v"":""70"",""p"":""0.68990""}"
2026-09-14T00:26:48.062089Z,1789345607879,SOLUSDT,Buy,41.9,98.620,"{""T"":1789345607879,""s"":""SOLUSDT"",""S"":""Buy"",""v"":""41.9"",""p"":""98.620""}"
2026-09-14T00:26:48.064736Z,1789345607642,BTCUSDT,Buy,0.005,76308.70,"{""T"":1789345607642,""s"":""BTCUSDT"",""S"":""Buy"",""v"":""0.005"",""p"":""76308.70""}"
2026-09-14T00:26:48.346922Z,1789345608228,MARSCOINUSDT,Buy,3370,0.09629,"{""T"":1789345608228,""s"":""MARSCOINUSDT"",""S"":""Buy"",""v"":""3370"",""p"":""0.09629""}"
2026-09-14T00:26:48.406603Z,1789345608228,LSKUSDT,Buy,239.1,0.69336,"{""T"":1789345608228,""s"":""LSKUSDT"",""S"":""Buy"",""v"":""239.1"",""p"":""0.69336""}"
2026-09-14T00:26:48.496140Z,1789345608228,STORJUSDT,Buy,6332.2,0.02749,"{""T"":1789345608228,""s"":""STORJUSDT"",""S"":""Buy"",""v"":""6332.2"",""p"":""0.02749""}"
2026-09-14T00:26:48.496583Z,1789345608228,IOSTUSDT,Buy,565263,0.0007602,"{""T"":1789345608228,""s"":""IOSTUSDT"",""S"":""Buy"",""v"":""565263"",""p"":""0.0007602""}"
2026-09-14T00:26:48.496813Z,1789345608228,GRIFFAINUSDT,Buy,14808,0.012290,"{""T"":1789345608228,""s"":""GRIFFAINUSDT"",""S"":""Buy"",""v"":""14808"",""p"":""0.012290""}"
2026-09-14T00:26:48.561719Z,1789345608138,SOLUSDT,Buy,18.5,98.570,"{""T"":1789345608138,""s"":""SOLUSDT"",""S"":""Buy"",""v"":""18.5"",""p"":""98.570""}"
2026-09-14T00:26:48.561719Z,1789345608168,SOLUSDT,Buy,0.5,98.580,"{""T"":1789345608168,""s"":""SOLUSDT"",""S"":""Buy"",""v"":""0.5"",""p"":""98.580""}"
2026-09-14T00:26:48.561719Z,1789345608382,SOLUSDT,Buy,0.7,98.580,"{""T"":1789345608382,""s"":""SOLUSDT"",""S"":""Buy"",""v"":""0.7"",""p"":""98.580""}"
2026-09-14T00:26:48.565052Z,1789345608068,BTCUSDT,Buy,0.001,76290.00,"{""T"":1789345608068,""s"":""BTCUSDT"",""S"":""Buy"",""v"":""0.001"",""p"":""76290.00""}"
2026-09-14T00:26:48.565052Z,1789345608078,BTCUSDT,Buy,0.006,76281.60,"{""T"":1789345608078,""s"":""BTCUSDT"",""S"":""Buy"",""v"":""0.006"",""p"":""76281.60""}"
2026-09-14T00:26:48.565052Z,1789345608476,BTCUSDT,Buy,0.001,76327.90,"{""T"":1789345608476,""s"":""BTCUSDT"",""S"":""Buy"",""v"":""0.001"",""p"":""76327.90""}"
2026-09-14T00:26:48.991280Z,1789345608454,SUIUSDT,Buy,40,0.68950,"{""T"":1789345608454,""s"":""SUIUSDT"",""S"":""Buy"",""v"":""40"",""p"":""0.68950""}"
2026-09-14T00:26:48.991280Z,1789345608476,SUIUSDT,Buy,44500,0.68970,"{""T"":1789345608476,""s"":""SUIUSDT"",""S"":""Buy"",""v"":""44500"",""p"":""0.68970""}"
2026-09-14T00:26:48.991280Z,1789345608734,SUIUSDT,Buy,3230,0.68860,"{""T"":1789345608734,""s"":""SUIUSDT"",""S"":""Buy"",""v"":""3230"",""p"":""0.68860""}"
2026-09-14T00:26:48.991280Z,1789345608831,SUIUSDT,Buy,1000,0.68850,"{""T"":1789345608831,""s"":""SUIUSDT"",""S"":""Buy"",""v"":""1000"",""p"":""0.68850""}"
2026-09-14T00:26:49.062033Z,1789345608740,SOLUSDT,Buy,1.3,98.580,"{""T"":1789345608740,""s"":""SOLUSDT"",""S"":""Buy"",""v"":""1.3"",""p"":""98.580""}"
2026-09-14T00:26:49.065057Z,1789345608480,BTCUSDT,Buy,0.014,76284.70,"{""T"":1789345608480,""s"":""BTCUSDT"",""S"":""Buy"",""v"":""0.014"",""p"":""76284.70""}"
2026-09-14T00:26:49.491185Z,1789345609113,SUIUSDT,Buy,1420,0.68900,"{""T"":1789345609113,""s"":""SUIUSDT"",""S"":""Buy"",""v"":""1420"",""p"":""0.68900""}"
2026-09-14T00:26:49.491185Z,1789345609143,SUIUSDT,Buy,30,0.68910,"{""T"":1789345609143,""s"":""SUIUSDT"",""S"":""Buy"",""v"":""30"",""p"":""0.68910""}"
2026-09-14T00:26:49.495495Z,1789345609065,STORJUSDT,Buy,14000.0,0.02750,"{""T"":1789345609065,""s"":""STORJUSDT"",""S"":""Buy"",""v"":""14000.0"",""p"":""0.02750""}"
2026-09-14T00:26:49.564781Z,1789345609369,BTCUSDT,Buy,0.001,76278.10,"{""T"":1789345609369,""s"":""BTCUSDT"",""S"":""Buy"",""v"":""0.001"",""p"":""76278.10""}"
2026-09-14T00:26:49.990837Z,1789345609420,SUIUSDT,Buy,960,0.68940,"{""T"":1789345609420,""s"":""SUIUSDT"",""S"":""Buy"",""v"":""960"",""p"":""0.68940""}"
2026-09-14T00:26:54.495810Z,1789345614395,STORJUSDT,Buy,2000.0,0.02738,"{""T"":1789345614395,""s"":""STORJUSDT"",""S"":""Buy"",""v"":""2000.0"",""p"":""0.02738""}"
2026-09-14T00:26:55.496038Z,1789345615030,FLOCKUSDT,Buy,11292,0.06527,"{""T"":1789345615030,""s"":""FLOCKUSDT"",""S"":""Buy"",""v"":""11292"",""p"":""0.06527""}"
2026-09-14T00:26:55.496038Z,1789345615049,FLOCKUSDT,Buy,358,0.06523,"{""T"":1789345615049,""s"":""FLOCKUSDT"",""S"":""Buy"",""v"":""358"",""p"":""0.06523""}"
2026-09-14T00:26:57.495634Z,1789345617188,STORJUSDT,Buy,178189.5,0.02735,"{""T"":1789345617188,""s"":""STORJUSDT"",""S"":""Buy"",""v"":""178189.5"",""p"":""0.02735""}"
2026-09-14T00:26:57.996276Z,1789345617575,STORJUSDT,Buy,62920.1,0.02731,"{""T"":1789345617575,""s"":""STORJUSDT"",""S"":""Buy"",""v"":""62920.1"",""p"":""0.02731""}"
2026-09-14T00:27:07.491150Z,1789345627211,MTLUSDT,Sell,23.0,0.3359,"{""T"":1789345627211,""s"":""MTLUSDT"",""S"":""Sell"",""v"":""23.0"",""p"":""0.3359""}"
2026-09-14T00:27:10.337402Z,1789345629947,ONDOUSDT,Buy,90,0.3381,"{""T"":1789345629947,""s"":""ONDOUSDT"",""S"":""Buy"",""v"":""90"",""p"":""0.3381""}"
2026-09-14T00:27:18.413187Z,1789345638244,DOGEUSDT,Buy,264,0.08159,"{""T"":1789345638244,""s"":""DOGEUSDT"",""S"":""Buy"",""v"":""264"",""p"":""0.08159""}"
2026-09-14T00:27:18.491391Z,1789345638244,OPUSDT,Buy,752.3,0.09318,"{""T"":1789345638244,""s"":""OPUSDT"",""S"":""Buy"",""v"":""752.3"",""p"":""0.09318""}"
2026-09-14T00:27:18.496328Z,1789345638244,STORJUSDT,Buy,15655.9,0.02697,"{""T"":1789345638244,""s"":""STORJUSDT"",""S"":""Buy"",""v"":""15655.9"",""p"":""0.02697""}"
2026-09-14T00:27:18.812113Z,1789345638244,TRUMPUSDT,Buy,7.1,1.919,"{""T"":1789345638244,""s"":""TRUMPUSDT"",""S"":""Buy"",""v"":""7.1"",""p"":""1.919""}"
2026-09-14T00:27:25.996517Z,1789345645798,VIRTUALUSDT,Buy,128,0.5939,"{""T"":1789345645798,""s"":""VIRTUALUSDT"",""S"":""Buy"",""v"":""128"",""p"":""0.5939""}"
2026-09-14T00:27:28.485460Z,1789345648346,XAUUSDT,Buy,1.486,4322.40,"{""T"":1789345648346,""s"":""XAUUSDT"",""S"":""Buy"",""v"":""1.486"",""p"":""4322.40""}"
2026-09-14T00:27:28.495664Z,1789345648346,STORJUSDT,Buy,10000.0,0.02681,"{""T"":1789345648346,""s"":""STORJUSDT"",""S"":""Buy"",""v"":""10000.0"",""p"":""0.02681""}"
2026-09-14T00:27:28.496047Z,1789345648346,PENGUUSDT,Buy,30900,0.006910,"{""T"":1789345648346,""s"":""PENGUUSDT"",""S"":""Buy"",""v"":""30900"",""p"":""0.006910""}"
2026-09-14T00:27:28.496300Z,1789345648346,ICPUSDT,Buy,68.1,2.741,"{""T"":1789345648346,""s"":""ICPUSDT"",""S"":""Buy"",""v"":""68.1"",""p"":""2.741""}"
2026-09-14T00:27:28.565238Z,1789345648346,BTCUSDT,Buy,0.015,76316.60,"{""T"":1789345648346,""s"":""BTCUSDT"",""S"":""Buy"",""v"":""0.015"",""p"":""76316.60""}"
2026-09-14T00:27:28.836799Z,1789345648346,XRPUSDT,Buy,2874.1,1.3323,"{""T"":1789345648346,""s"":""XRPUSDT"",""S"":""Buy"",""v"":""2874.1"",""p"":""1.3323""}"
2026-09-14T00:27:28.847300Z,1789345648346,BEATUSDT,Buy,806,0.08003,"{""T"":1789345648346,""s"":""BEATUSDT"",""S"":""Buy"",""v"":""806"",""p"":""0.08003""}"
2026-09-14T00:27:30.514872Z,1789345650006,TAOUSDT,Buy,0.500,228.71,"{""T"":1789345650006,""s"":""TAOUSDT"",""S"":""Buy"",""v"":""0.500"",""p"":""228.71""}"
2026-09-14T00:27:37.347317Z,1789345656826,RIVERUSDT,Buy,164.7,1.093,"{""T"":1789345656826,""s"":""RIVERUSDT"",""S"":""Buy"",""v"":""164.7"",""p"":""1.093""}"
2026-09-14T00:27:46.065080Z,1789345665851,BTCUSDT,Buy,0.055,76275.10,"{""T"":1789345665851,""s"":""BTCUSDT"",""S"":""Buy"",""v"":""0.055"",""p"":""76275.10""}"
2026-09-14T00:27:48.565619Z,1789345667993,BTCUSDT,Buy,0.025,76270.40,"{""T"":1789345667993,""s"":""BTCUSDT"",""S"":""Buy"",""v"":""0.025"",""p"":""76270.40""}"
2026-09-14T00:28:04.907235Z,1789345684580,LSKUSDT,Buy,3999.6,0.68284,"{""T"":1789345684580,""s"":""LSKUSDT"",""S"":""Buy"",""v"":""3999.6"",""p"":""0.68284""}"
2026-09-14T00:28:07.837269Z,1789345687462,XRPUSDT,Buy,2752.5,1.3308,"{""T"":1789345687462,""s"":""XRPUSDT"",""S"":""Buy"",""v"":""2752.5"",""p"":""1.3308""}"
2026-09-14T00:28:08.955156Z,1789345688832,ETHUSDT,Buy,0.17,2461.21,"{""T"":1789345688832,""s"":""ETHUSDT"",""S"":""Buy"",""v"":""0.17"",""p"":""2461.21""}"
2026-09-14T00:28:10.336487Z,1789345690009,ONDOUSDT,Buy,1102,0.3380,"{""T"":1789345690009,""s"":""ONDOUSDT"",""S"":""Buy"",""v"":""1102"",""p"":""0.3380""}"
2026-09-14T00:28:10.454994Z,1789345690263,ETHUSDT,Buy,0.38,2461.11,"{""T"":1789345690263,""s"":""ETHUSDT"",""S"":""Buy"",""v"":""0.38"",""p"":""2461.11""}"
2026-09-14T00:28:10.495638Z,1789345690003,VIRTUALUSDT,Buy,91,0.5932,"{""T"":1789345690003,""s"":""VIRTUALUSDT"",""S"":""Buy"",""v"":""91"",""p"":""0.5932""}"
2026-09-14T00:28:10.837341Z,1789345690671,XRPUSDT,Buy,706.0,1.3302,"{""T"":1789345690671,""s"":""XRPUSDT"",""S"":""Buy"",""v"":""706.0"",""p"":""1.3302""}"
2026-09-14T00:28:10.954695Z,1789345690718,ETHUSDT,Buy,0.44,2460.47,"{""T"":1789345690718,""s"":""ETHUSDT"",""S"":""Buy"",""v"":""0.44"",""p"":""2460.47""}"
2026-09-14T00:28:10.991259Z,1789345690640,SUIUSDT,Buy,70,0.68830,"{""T"":1789345690640,""s"":""SUIUSDT"",""S"":""Buy"",""v"":""70"",""p"":""0.68830""}"
2026-09-14T00:28:10.991259Z,1789345690688,SUIUSDT,Buy,10,0.68830,"{""T"":1789345690688,""s"":""SUIUSDT"",""S"":""Buy"",""v"":""10"",""p"":""0.68830""}"
2026-09-14T00:28:11.062370Z,1789345690671,SOLUSDT,Buy,14.4,98.600,"{""T"":1789345690671,""s"":""SOLUSDT"",""S"":""Buy"",""v"":""14.4"",""p"":""98.600""}"
2026-09-14T00:28:11.064831Z,1789345690911,BTCUSDT,Buy,0.025,76255.80,"{""T"":1789345690911,""s"":""BTCUSDT"",""S"":""Buy"",""v"":""0.025"",""p"":""76255.80""}"
2026-09-14T00:28:11.064831Z,1789345690937,BTCUSDT,Buy,0.001,76258.40,"{""T"":1789345690937,""s"":""BTCUSDT"",""S"":""Buy"",""v"":""0.001"",""p"":""76258.40""}"
2026-09-14T00:28:11.312797Z,1789345690911,HYPEUSDT,Buy,10.00,76.550,"{""T"":1789345690911,""s"":""HYPEUSDT"",""S"":""Buy"",""v"":""10.00"",""p"":""76.550""}"
2026-09-14T00:28:11.491310Z,1789345690919,SUIUSDT,Buy,1290,0.68790,"{""T"":1789345690919,""s"":""SUIUSDT"",""S"":""Buy"",""v"":""1290"",""p"":""0.68790""}"
2026-09-14T00:28:11.491310Z,1789345690941,SUIUSDT,Buy,40,0.68830,"{""T"":1789345690941,""s"":""SUIUSDT"",""S"":""Buy"",""v"":""40"",""p"":""0.68830""}"
2026-09-14T00:28:11.564923Z,1789345691073,BTCUSDT,Buy,0.006,76259.10,"{""T"":1789345691073,""s"":""BTCUSDT"",""S"":""Buy"",""v"":""0.006"",""p"":""76259.10""}"
2026-09-14T00:28:11.564923Z,1789345691079,BTCUSDT,Buy,0.008,76252.80,"{""T"":1789345691079,""s"":""BTCUSDT"",""S"":""Buy"",""v"":""0.008"",""p"":""76252.80""}"
2026-09-14T00:28:11.564923Z,1789345691192,BTCUSDT,Buy,0.002,76255.40,"{""T"":1789345691192,""s"":""BTCUSDT"",""S"":""Buy"",""v"":""0.002"",""p"":""76255.40""}"
2026-09-14T00:28:11.858199Z,1789345691674,WLDUSDT,Buy,28487.3,0.3732,"{""T"":1789345691674,""s"":""WLDUSDT"",""S"":""Buy"",""v"":""28487.3"",""p"":""0.3732""}"
2026-09-14T00:28:12.064877Z,1789345691796,BTCUSDT,Buy,0.095,76256.20,"{""T"":1789345691796,""s"":""BTCUSDT"",""S"":""Buy"",""v"":""0.095"",""p"":""76256.20""}"
2026-09-14T00:28:12.413414Z,1789345692308,DOTUSDT,Buy,245.7,0.9909,"{""T"":1789345692308,""s"":""DOTUSDT"",""S"":""Buy"",""v"":""245.7"",""p"":""0.9909""}"
2026-09-14T00:28:12.413926Z,1789345692308,DOGEUSDT,Buy,6943,0.08149,"{""T"":1789345692308,""s"":""DOGEUSDT"",""S"":""Buy"",""v"":""6943"",""p"":""0.08149""}"
2026-09-14T00:28:12.455064Z,1789345692248,ETHUSDT,Buy,0.12,2459.92,"{""T"":1789345692248,""s"":""ETHUSDT"",""S"":""Buy"",""v"":""0.12"",""p"":""2459.92""}"
2026-09-14T00:28:12.455064Z,1789345692308,ETHUSDT,Buy,0.86,2459.95,"{""T"":1789345692308,""s"":""ETHUSDT"",""S"":""Buy"",""v"":""0.86"",""p"":""2459.95""}"
2026-09-14T00:28:12.491153Z,1789345692308,SUIUSDT,Buy,4730,0.68770,"{""T"":1789345692308,""s"":""SUIUSDT"",""S"":""Buy"",""v"":""4730"",""p"":""0.68770""}"
2026-09-14T00:28:12.496497Z,1789345692308,VIRTUALUSDT,Buy,1725,0.5928,"{""T"":1789345692308,""s"":""VIRTUALUSDT"",""S"":""Buy"",""v"":""1725"",""p"":""0.5928""}"
2026-09-14T00:28:12.562676Z,1789345692308,SOLUSDT,Buy,9.8,98.580,"{""T"":1789345692308,""s"":""SOLUSDT"",""S"":""Buy"",""v"":""9.8"",""p"":""98.580""}"
2026-09-14T00:28:12.565033Z,1789345692311,BTCUSDT,Buy,0.010,76245.90,"{""T"":1789345692311,""s"":""BTCUSDT"",""S"":""Buy"",""v"":""0.010"",""p"":""76245.90""}"
2026-09-14T00:28:12.565033Z,1789345692315,BTCUSDT,Buy,0.001,76247.20,"{""T"":1789345692315,""s"":""BTCUSDT"",""S"":""Buy"",""v"":""0.001"",""p"":""76247.20""}"
2026-09-14T00:28:12.565033Z,1789345692330,BTCUSDT,Buy,0.055,76248.40,"{""T"":1789345692330,""s"":""BTCUSDT"",""S"":""Buy"",""v"":""0.055"",""p"":""76248.40""}"
2026-09-14T00:28:12.812158Z,1789345692308,PUMPFUNUSDT,Buy,578300,0.0034350,"{""T"":1789345692308,""s"":""PUMPFUNUSDT"",""S"":""Buy"",""v"":""578300"",""p"":""0.0034350""}"
2026-09-14T00:28:12.836550Z,1789345692632,XRPUSDT,Buy,136.2,1.3301,"{""T"":1789345692632,""s"":""XRPUSDT"",""S"":""Buy"",""v"":""136.2"",""p"":""1.3301""}"
2026-09-14T00:28:12.995706Z,1789345692415,VIRTUALUSDT,Buy,238,0.5929,"{""T"":1789345692415,""s"":""VIRTUALUSDT"",""S"":""Buy"",""v"":""238"",""p"":""0.5929""}"
2026-09-14T00:28:13.064788Z,1789345692623,BTCUSDT,Buy,0.001,76249.90,"{""T"":1789345692623,""s"":""BTCUSDT"",""S"":""Buy"",""v"":""0.001"",""p"":""76249.90""}"
2026-09-14T00:28:13.064788Z,1789345692632,BTCUSDT,Buy,0.014,76249.70,"{""T"":1789345692632,""s"":""BTCUSDT"",""S"":""Buy"",""v"":""0.014"",""p"":""76249.70""}"
2026-09-14T00:28:13.413007Z,1789345693312,ARBUSDT,Buy,370.5,0.13178,"{""T"":1789345693312,""s"":""ARBUSDT"",""S"":""Buy"",""v"":""370.5"",""p"":""0.13178""}"
2026-09-14T00:28:13.491213Z,1789345693063,SUIUSDT,Buy,240,0.68750,"{""T"":1789345693063,""s"":""SUIUSDT"",""S"":""Buy"",""v"":""240"",""p"":""0.68750""}"
2026-09-14T00:28:13.565776Z,1789345693266,BTCUSDT,Buy,0.658,76243.80,"{""T"":1789345693266,""s"":""BTCUSDT"",""S"":""Buy"",""v"":""0.658"",""p"":""76243.80""}"
2026-09-14T00:28:13.565776Z,1789345693312,BTCUSDT,Buy,0.004,76236.40,"{""T"":1789345693312,""s"":""BTCUSDT"",""S"":""Buy"",""v"":""0.004"",""p"":""76236.40""}"
2026-09-14T00:28:13.565776Z,1789345693360,BTCUSDT,Buy,0.030,76241.30,"{""T"":1789345693360,""s"":""BTCUSDT"",""S"":""Buy"",""v"":""0.030"",""p"":""76241.30""}"
2026-09-14T00:28:13.565776Z,1789345693368,BTCUSDT,Buy,0.021,76234.90,"{""T"":1789345693368,""s"":""BTCUSDT"",""S"":""Buy"",""v"":""0.021"",""p"":""76234.90""}"
2026-09-14T00:28:13.565776Z,1789345693460,BTCUSDT,Buy,0.001,76239.50,"{""T"":1789345693460,""s"":""BTCUSDT"",""S"":""Buy"",""v"":""0.001"",""p"":""76239.50""}"
2026-09-14T00:28:13.824161Z,1789345693312,ENAUSDT,Buy,820,0.13413,"{""T"":1789345693312,""s"":""ENAUSDT"",""S"":""Buy"",""v"":""820"",""p"":""0.13413""}"
2026-09-14T00:28:13.913715Z,1789345693459,DOGEUSDT,Buy,3577,0.08146,"{""T"":1789345693459,""s"":""DOGEUSDT"",""S"":""Buy"",""v"":""3577"",""p"":""0.08146""}"
2026-09-14T00:28:14.061840Z,1789345693604,SOLUSDT,Buy,7.1,98.550,"{""T"":1789345693604,""s"":""SOLUSDT"",""S"":""Buy"",""v"":""7.1"",""p"":""98.550""}"
2026-09-14T00:28:14.061840Z,1789345693960,SOLUSDT,Buy,488.2,98.540,"{""T"":1789345693960,""s"":""SOLUSDT"",""S"":""Buy"",""v"":""488.2"",""p"":""98.540""}"
2026-09-14T00:28:14.064932Z,1789345693651,BTCUSDT,Buy,1.055,76243.30,"{""T"":1789345693651,""s"":""BTCUSDT"",""S"":""Buy"",""v"":""1.055"",""p"":""76243.30""}"
2026-09-14T00:28:14.064932Z,1789345693733,BTCUSDT,Buy,0.002,76234.90,"{""T"":1789345693733,""s"":""BTCUSDT"",""S"":""Buy"",""v"":""0.002"",""p"":""76234.90""}"
2026-09-14T00:28:14.064932Z,1789345693799,BTCUSDT,Buy,0.003,76234.30,"{""T"":1789345693799,""s"":""BTCUSDT"",""S"":""Buy"",""v"":""0.003"",""p"":""76234.30""}"
2026-09-14T00:28:14.312024Z,1789345693960,PUMPFUNUSDT,Buy,1438400,0.0034330,"{""T"":1789345693960,""s"":""PUMPFUNUSDT"",""S"":""Buy"",""v"":""1438400"",""p"":""0.0034330""}"
2026-09-14T00:28:14.454901Z,1789345693960,ETHUSDT,Buy,20.26,2459.87,"{""T"":1789345693960,""s"":""ETHUSDT"",""S"":""Buy"",""v"":""20.26"",""p"":""2459.87""}"
2026-09-14T00:28:14.454901Z,1789345694030,ETHUSDT,Buy,0.40,2459.72,"{""T"":1789345694030,""s"":""ETHUSDT"",""S"":""Buy"",""v"":""0.40"",""p"":""2459.72""}"
2026-09-14T00:28:14.491139Z,1789345693960,SUIUSDT,Buy,89010,0.68710,"{""T"":1789345693960,""s"":""SUIUSDT"",""S"":""Buy"",""v"":""89010"",""p"":""0.68710""}"
2026-09-14T00:28:14.515778Z,1789345693960,MNTUSDT,Buy,63539.6,0.54560,"{""T"":1789345693960,""s"":""MNTUSDT"",""S"":""Buy"",""v"":""63539.6"",""p"":""0.54560""}"
2026-09-14T00:28:14.564877Z,1789345694304,BTCUSDT,Buy,0.086,76230.40,"{""T"":1789345694304,""s"":""BTCUSDT"",""S"":""Buy"",""v"":""0.086"",""p"":""76230.40""}"
2026-09-14T00:28:14.564877Z,1789345694327,BTCUSDT,Buy,0.012,76233.70,"{""T"":1789345694327,""s"":""BTCUSDT"",""S"":""Buy"",""v"":""0.012"",""p"":""76233.70""}"
2026-09-14T00:28:25.413575Z,1789345705086,DOGEUSDT,Buy,268586,0.08142,"{""T"":1789345705086,""s"":""DOGEUSDT"",""S"":""Buy"",""v"":""268586"",""p"":""0.08142""}"
2026-09-14T00:28:25.413575Z,1789345705274,DOGEUSDT,Buy,143,0.08141,"{""T"":1789345705274,""s"":""DOGEUSDT"",""S"":""Buy"",""v"":""143"",""p"":""0.08141""}"
2026-09-14T00:28:25.565396Z,1789345705086,BTCUSDT,Buy,0.069,76265.90,"{""T"":1789345705086,""s"":""BTCUSDT"",""S"":""Buy"",""v"":""0.069"",""p"":""76265.90""}"
2026-09-14T00:28:34.328146Z,1789345714004,LABUSDT,Buy,263,0.05240,"{""T"":1789345714004,""s"":""LABUSDT"",""S"":""Buy"",""v"":""263"",""p"":""0.05240""}"
2026-09-14T00:28:34.347173Z,1789345714004,UAIUSDT,Buy,49,0.47850,"{""T"":1789345714004,""s"":""UAIUSDT"",""S"":""Buy"",""v"":""49"",""p"":""0.47850""}"
2026-09-14T00:28:46.492742Z,1789345726168,SUIUSDT,Buy,840,0.68650,"{""T"":1789345726168,""s"":""SUIUSDT"",""S"":""Buy"",""v"":""840"",""p"":""0.68650""}"
2026-09-14T00:28:55.336856Z,1789345735030,XRPUSDT,Buy,495.0,1.3297,"{""T"":1789345735030,""s"":""XRPUSDT"",""S"":""Buy"",""v"":""495.0"",""p"":""1.3297""}"
2026-09-14T00:28:55.455653Z,1789345735030,ETHUSDT,Buy,0.72,2459.53,"{""T"":1789345735030,""s"":""ETHUSDT"",""S"":""Buy"",""v"":""0.72"",""p"":""2459.53""}"
2026-09-14T00:28:55.564864Z,1789345735037,BTCUSDT,Buy,0.010,76217.00,"{""T"":1789345735037,""s"":""BTCUSDT"",""S"":""Buy"",""v"":""0.010"",""p"":""76217.00""}"
2026-09-14T00:28:55.564864Z,1789345735283,BTCUSDT,Buy,0.021,76215.80,"{""T"":1789345735283,""s"":""BTCUSDT"",""S"":""Buy"",""v"":""0.021"",""p"":""76215.80""}"
2026-09-14T00:28:55.954743Z,1789345735544,ETHUSDT,Buy,0.04,2459.49,"{""T"":1789345735544,""s"":""ETHUSDT"",""S"":""Buy"",""v"":""0.04"",""p"":""2459.49""}"
2026-09-14T00:28:56.015341Z,1789345735544,NEARUSDT,Buy,15.5,2.2690,"{""T"":1789345735544,""s"":""NEARUSDT"",""S"":""Buy"",""v"":""15.5"",""p"":""2.2690""}"
2026-09-14T00:28:56.065418Z,1789345735544,BTCUSDT,Buy,0.003,76214.70,"{""T"":1789345735544,""s"":""BTCUSDT"",""S"":""Buy"",""v"":""0.003"",""p"":""76214.70""}"
2026-09-14T00:28:56.065418Z,1789345735583,BTCUSDT,Buy,0.006,76216.70,"{""T"":1789345735583,""s"":""BTCUSDT"",""S"":""Buy"",""v"":""0.006"",""p"":""76216.70""}"
2026-09-14T00:28:56.065418Z,1789345735587,BTCUSDT,Buy,1.675,76225.30,"{""T"":1789345735587,""s"":""BTCUSDT"",""S"":""Buy"",""v"":""1.675"",""p"":""76225.30""}"
2026-09-14T00:28:56.065418Z,1789345735606,BTCUSDT,Buy,0.015,76224.30,"{""T"":1789345735606,""s"":""BTCUSDT"",""S"":""Buy"",""v"":""0.015"",""p"":""76224.30""}"
2026-09-14T00:28:56.065418Z,1789345735606,BTCUSDT,Buy,0.003,76217.20,"{""T"":1789345735606,""s"":""BTCUSDT"",""S"":""Buy"",""v"":""0.003"",""p"":""76217.20""}"
2026-09-14T00:28:56.065418Z,1789345735645,BTCUSDT,Buy,0.001,76223.90,"{""T"":1789345735645,""s"":""BTCUSDT"",""S"":""Buy"",""v"":""0.001"",""p"":""76223.90""}"
2026-09-14T00:28:56.065418Z,1789345735741,BTCUSDT,Buy,0.023,76227.70,"{""T"":1789345735741,""s"":""BTCUSDT"",""S"":""Buy"",""v"":""0.023"",""p"":""76227.70""}"
2026-09-14T00:28:56.455130Z,1789345736294,ETHUSDT,Buy,0.05,2459.32,"{""T"":1789345736294,""s"":""ETHUSDT"",""S"":""Buy"",""v"":""0.05"",""p"":""2459.32""}"
2026-09-14T00:28:56.906764Z,1789345736791,BCHUSDT,Buy,25.00,218.40,"{""T"":1789345736791,""s"":""BCHUSDT"",""S"":""Buy"",""v"":""25.00"",""p"":""218.40""}"
2026-09-14T00:28:57.065199Z,1789345736592,BTCUSDT,Buy,0.002,76209.90,"{""T"":1789345736592,""s"":""BTCUSDT"",""S"":""Buy"",""v"":""0.002"",""p"":""76209.90""}"
2026-09-14T00:28:57.564739Z,1789345737102,BTCUSDT,Buy,0.045,76208.30,"{""T"":1789345737102,""s"":""BTCUSDT"",""S"":""Buy"",""v"":""0.045"",""p"":""76208.30""}"
2026-09-14T00:28:59.491289Z,1789345739183,SUIUSDT,Buy,30,0.68560,"{""T"":1789345739183,""s"":""SUIUSDT"",""S"":""Buy"",""v"":""30"",""p"":""0.68560""}"
2026-09-14T00:28:59.496904Z,1789345739211,LINKUSDT,Buy,334.6,11.065,"{""T"":1789345739211,""s"":""LINKUSDT"",""S"":""Buy"",""v"":""334.6"",""p"":""11.065""}"
2026-09-14T00:28:59.824551Z,1789345739644,ENAUSDT,Buy,20849,0.13401,"{""T"":1789345739644,""s"":""ENAUSDT"",""S"":""Buy"",""v"":""20849"",""p"":""0.13401""}"
2026-09-14T00:28:59.827988Z,1789345739644,PONSUSDT,Buy,967,0.5267,"{""T"":1789345739644,""s"":""PONSUSDT"",""S"":""Buy"",""v"":""967"",""p"":""0.5267""}"
2026-09-14T00:28:59.858067Z,1789345739427,APTUSDT,Buy,199.91,0.5763,"{""T"":1789345739427,""s"":""APTUSDT"",""S"":""Buy"",""v"":""199.91"",""p"":""0.5763""}"
2026-09-14T00:28:59.954790Z,1789345739831,ETHUSDT,Buy,0.47,2457.75,"{""T"":1789345739831,""s"":""ETHUSDT"",""S"":""Buy"",""v"":""0.47"",""p"":""2457.75""}"
2026-09-14T00:29:00.062158Z,1789345739784,BNBUSDT,Buy,0.03,709.30,"{""T"":1789345739784,""s"":""BNBUSDT"",""S"":""Buy"",""v"":""0.03"",""p"":""709.30""}"
2026-09-14T00:29:00.064759Z,1789345739927,BTCUSDT,Buy,0.060,76205.60,"{""T"":1789345739927,""s"":""BTCUSDT"",""S"":""Buy"",""v"":""0.060"",""p"":""76205.60""}"
2026-09-14T00:29:00.312153Z,1789345739927,HYPEUSDT,Buy,25.00,76.500,"{""T"":1789345739927,""s"":""HYPEUSDT"",""S"":""Buy"",""v"":""25.00"",""p"":""76.500""}"
2026-09-14T00:29:00.312540Z,1789345739992,XPLUSDT,Buy,2189,0.07654,"{""T"":1789345739992,""s"":""XPLUSDT"",""S"":""Buy"",""v"":""2189"",""p"":""0.07654""}"
2026-09-14T00:29:00.336623Z,1789345740157,ONDOUSDT,Buy,2000,0.3372,"{""T"":1789345740157,""s"":""ONDOUSDT"",""S"":""Buy"",""v"":""2000"",""p"":""0.3372""}"
2026-09-14T00:29:00.336623Z,1789345740196,ONDOUSDT,Buy,613,0.3374,"{""T"":1789345740196,""s"":""ONDOUSDT"",""S"":""Buy"",""v"":""613"",""p"":""0.3374""}"
2026-09-14T00:29:00.455026Z,1789345739913,ETHUSDT,Buy,0.19,2457.18,"{""T"":1789345739913,""s"":""ETHUSDT"",""S"":""Buy"",""v"":""0.19"",""p"":""2457.18""}"
2026-09-14T00:29:00.455026Z,1789345739937,ETHUSDT,Buy,1.64,2457.21,"{""T"":1789345739937,""s"":""ETHUSDT"",""S"":""Buy"",""v"":""1.64"",""p"":""2457.21""}"
2026-09-14T00:29:00.455026Z,1789345739942,ETHUSDT,Buy,0.17,2458.28,"{""T"":1789345739942,""s"":""ETHUSDT"",""S"":""Buy"",""v"":""0.17"",""p"":""2458.28""}"
2026-09-14T00:29:00.455026Z,1789345739967,ETHUSDT,Buy,0.14,2457.64,"{""T"":1789345739967,""s"":""ETHUSDT"",""S"":""Buy"",""v"":""0.14"",""p"":""2457.64""}"
2026-09-14T00:29:00.455026Z,1789345740133,ETHUSDT,Buy,0.31,2457.47,"{""T"":1789345740133,""s"":""ETHUSDT"",""S"":""Buy"",""v"":""0.31"",""p"":""2457.47""}"
2026-09-14T00:29:00.455026Z,1789345740173,ETHUSDT,Buy,1.26,2457.53,"{""T"":1789345740173,""s"":""ETHUSDT"",""S"":""Buy"",""v"":""1.26"",""p"":""2457.53""}"
2026-09-14T00:29:00.455026Z,1789345740178,ETHUSDT,Buy,1.00,2457.72,"{""T"":1789345740178,""s"":""ETHUSDT"",""S"":""Buy"",""v"":""1.00"",""p"":""2457.72""}"
2026-09-14T00:29:00.491166Z,1789345739992,SUIUSDT,Buy,270,0.68600,"{""T"":1789345739992,""s"":""SUIUSDT"",""S"":""Buy"",""v"":""270"",""p"":""0.68600""}"
2026-09-14T00:29:00.491166Z,1789345740375,SUIUSDT,Buy,1650,0.68560,"{""T"":1789345740375,""s"":""SUIUSDT"",""S"":""Buy"",""v"":""1650"",""p"":""0.68560""}"
2026-09-14T00:29:00.495813Z,1789345740375,LINKUSDT,Buy,141.9,11.060,"{""T"":1789345740375,""s"":""LINKUSDT"",""S"":""Buy"",""v"":""141.9"",""p"":""11.060""}"
2026-09-14T00:29:00.565239Z,1789345740208,BTCUSDT,Buy,0.109,76153.40,"{""T"":1789345740208,""s"":""BTCUSDT"",""S"":""Buy"",""v"":""0.109"",""p"":""76153.40""}"
2026-09-14T00:29:00.565239Z,1789345740224,BTCUSDT,Buy,0.003,76148.80,"{""T"":1789345740224,""s"":""BTCUSDT"",""S"":""Buy"",""v"":""0.003"",""p"":""76148.80""}"
2026-09-14T00:29:00.565239Z,1789345740239,BTCUSDT,Buy,0.060,76138.60,"{""T"":1789345740239,""s"":""BTCUSDT"",""S"":""Buy"",""v"":""0.060"",""p"":""76138.60""}"
2026-09-14T00:29:00.565239Z,1789345740309,BTCUSDT,Buy,0.001,76193.30,"{""T"":1789345740309,""s"":""BTCUSDT"",""S"":""Buy"",""v"":""0.001"",""p"":""76193.30""}"
2026-09-14T00:29:00.565239Z,1789345740340,BTCUSDT,Buy,0.508,76149.20,"{""T"":1789345740340,""s"":""BTCUSDT"",""S"":""Buy"",""v"":""0.508"",""p"":""76149.20""}"
2026-09-14T00:29:00.565239Z,1789345740361,BTCUSDT,Buy,0.001,76143.60,"{""T"":1789345740361,""s"":""BTCUSDT"",""S"":""Buy"",""v"":""0.001"",""p"":""76143.60""}"
2026-09-14T00:29:00.565239Z,1789345740363,BTCUSDT,Buy,0.022,76181.40,"{""T"":1789345740363,""s"":""BTCUSDT"",""S"":""Buy"",""v"":""0.022"",""p"":""76181.40""}"
2026-09-14T00:29:00.565239Z,1789345740366,BTCUSDT,Buy,0.003,76176.50,"{""T"":1789345740366,""s"":""BTCUSDT"",""S"":""Buy"",""v"":""0.003"",""p"":""76176.50""}"
2026-09-14T00:29:00.565239Z,1789345740415,BTCUSDT,Buy,0.008,76142.20,"{""T"":1789345740415,""s"":""BTCUSDT"",""S"":""Buy"",""v"":""0.008"",""p"":""76142.20""}"
2026-09-14T00:29:00.565239Z,1789345740418,BTCUSDT,Buy,0.010,76199.00,"{""T"":1789345740418,""s"":""BTCUSDT"",""S"":""Buy"",""v"":""0.010"",""p"":""76199.00""}"
2026-09-14T00:29:00.565239Z,1789345740455,BTCUSDT,Buy,0.001,76156.80,"{""T"":1789345740455,""s"":""BTCUSDT"",""S"":""Buy"",""v"":""0.001"",""p"":""76156.80""}"
2026-09-14T00:29:00.565239Z,1789345740474,BTCUSDT,Buy,0.003,76152.90,"{""T"":1789345740474,""s"":""BTCUSDT"",""S"":""Buy"",""v"":""0.003"",""p"":""76152.90""}"
2026-09-14T00:29:00.823877Z,1789345740375,BERAUSDT,Buy,2478,0.1829,"{""T"":1789345740375,""s"":""BERAUSDT"",""S"":""Buy"",""v"":""2478"",""p"":""0.1829""}"
2026-09-14T00:29:00.824384Z,1789345740375,ENAUSDT,Buy,2682,0.13393,"{""T"":1789345740375,""s"":""ENAUSDT"",""S"":""Buy"",""v"":""2682"",""p"":""0.13393""}"
2026-09-14T00:29:00.827697Z,1789345740642,PONSUSDT,Buy,388,0.5265,"{""T"":1789345740642,""s"":""PONSUSDT"",""S"":""Buy"",""v"":""388"",""p"":""0.5265""}"
2026-09-14T00:29:00.836456Z,1789345740375,CVCUSDT,Buy,11878,0.02989,"{""T"":1789345740375,""s"":""CVCUSDT"",""S"":""Buy"",""v"":""11878"",""p"":""0.02989""}"
2026-09-14T00:29:00.836817Z,1789345740463,ONDOUSDT,Buy,16,0.3372,"{""T"":1789345740463,""s"":""ONDOUSDT"",""S"":""Buy"",""v"":""16"",""p"":""0.3372""}"
2026-09-14T00:29:00.836817Z,1789345740642,ONDOUSDT,Buy,1428,0.3371,"{""T"":1789345740642,""s"":""ONDOUSDT"",""S"":""Buy"",""v"":""1428"",""p"":""0.3371""}"
2026-09-14T00:29:00.836817Z,1789345740739,ONDOUSDT,Buy,1035,0.3371,"{""T"":1789345740739,""s"":""ONDOUSDT"",""S"":""Buy"",""v"":""1035"",""p"":""0.3371""}"
2026-09-14T00:29:00.837102Z,1789345740375,XRPUSDT,Buy,921.8,1.3286,"{""T"":1789345740375,""s"":""XRPUSDT"",""S"":""Buy"",""v"":""921.8"",""p"":""1.3286""}"
2026-09-14T00:29:00.858212Z,1789345740642,WLDUSDT,Buy,1248.9,0.3726,"{""T"":1789345740642,""s"":""WLDUSDT"",""S"":""Buy"",""v"":""1248.9"",""p"":""0.3726""}"
2026-09-14T00:29:00.913291Z,1789345740403,DOGEUSDT,Buy,292,0.08136,"{""T"":1789345740403,""s"":""DOGEUSDT"",""S"":""Buy"",""v"":""292"",""p"":""0.08136""}"
2026-09-14T00:29:00.913291Z,1789345740616,DOGEUSDT,Buy,1449,0.08135,"{""T"":1789345740616,""s"":""DOGEUSDT"",""S"":""Buy"",""v"":""1449"",""p"":""0.08135""}"
2026-09-14T00:29:00.913909Z,1789345740375,ADAUSDT,Buy,670,0.2008,"{""T"":1789345740375,""s"":""ADAUSDT"",""S"":""Buy"",""v"":""670"",""p"":""0.2008""}"
2026-09-14T00:29:00.954729Z,1789345740375,ETHUSDT,Buy,0.89,2457.14,"{""T"":1789345740375,""s"":""ETHUSDT"",""S"":""Buy"",""v"":""0.89"",""p"":""2457.14""}"
2026-09-14T00:29:00.954729Z,1789345740591,ETHUSDT,Buy,5.83,2458.19,"{""T"":1789345740591,""s"":""ETHUSDT"",""S"":""Buy"",""v"":""5.83"",""p"":""2458.19""}"
2026-09-14T00:29:00.954729Z,1789345740684,ETHUSDT,Buy,0.37,2457.53,"{""T"":1789345740684,""s"":""ETHUSDT"",""S"":""Buy"",""v"":""0.37"",""p"":""2457.53""}"
2026-09-14T00:29:01.065731Z,1789345740541,BTCUSDT,Buy,0.004,76142.10,"{""T"":1789345740541,""s"":""BTCUSDT"",""S"":""Buy"",""v"":""0.004"",""p"":""76142.10""}"
2026-09-14T00:29:01.065731Z,1789345740625,BTCUSDT,Buy,0.041,76157.20,"{""T"":1789345740625,""s"":""BTCUSDT"",""S"":""Buy"",""v"":""0.041"",""p"":""76157.20""}"
2026-09-14T00:29:01.065731Z,1789345740632,BTCUSDT,Buy,0.012,76175.10,"{""T"":1789345740632,""s"":""BTCUSDT"",""S"":""Buy"",""v"":""0.012"",""p"":""76175.10""}"
2026-09-14T00:29:01.065731Z,1789345740660,BTCUSDT,Buy,0.021,76157.10,"{""T"":1789345740660,""s"":""BTCUSDT"",""S"":""Buy"",""v"":""0.021"",""p"":""76157.10""}"
2026-09-14T00:29:01.065731Z,1789345740666,BTCUSDT,Buy,0.003,76178.10,"{""T"":1789345740666,""s"":""BTCUSDT"",""S"":""Buy"",""v"":""0.003"",""p"":""76178.10""}"
2026-09-14T00:29:01.065731Z,1789345740684,BTCUSDT,Buy,0.140,76149.80,"{""T"":1789345740684,""s"":""BTCUSDT"",""S"":""Buy"",""v"":""0.140"",""p"":""76149.80""}"
2026-09-14T00:29:01.065731Z,1789345740684,BTCUSDT,Buy,0.040,76198.70,"{""T"":1789345740684,""s"":""BTCUSDT"",""S"":""Buy"",""v"":""0.040"",""p"":""76198.70""}"
2026-09-14T00:29:01.065731Z,1789345740685,BTCUSDT,Buy,0.095,76202.20,"{""T"":1789345740685,""s"":""BTCUSDT"",""S"":""Buy"",""v"":""0.095"",""p"":""76202.20""}"
2026-09-14T00:29:01.065731Z,1789345740717,BTCUSDT,Buy,0.030,76161.00,"{""T"":1789345740717,""s"":""BTCUSDT"",""S"":""Buy"",""v"":""0.030"",""p"":""76161.00""}"
2026-09-14T00:29:01.065731Z,1789345740801,BTCUSDT,Buy,0.013,76169.30,"{""T"":1789345740801,""s"":""BTCUSDT"",""S"":""Buy"",""v"":""0.013"",""p"":""76169.30""}"
2026-09-14T00:29:01.065731Z,1789345740801,BTCUSDT,Buy,0.007,76189.40,"{""T"":1789345740801,""s"":""BTCUSDT"",""S"":""Buy"",""v"":""0.007"",""p"":""76189.40""}"
2026-09-14T00:29:01.065731Z,1789345740890,BTCUSDT,Buy,0.080,76180.80,"{""T"":1789345740890,""s"":""BTCUSDT"",""S"":""Buy"",""v"":""0.080"",""p"":""76180.80""}"
2026-09-14T00:29:01.065731Z,1789345740910,BTCUSDT,Buy,0.077,76155.10,"{""T"":1789345740910,""s"":""BTCUSDT"",""S"":""Buy"",""v"":""0.077"",""p"":""76155.10""}"
2026-09-14T00:29:01.065731Z,1789345740919,BTCUSDT,Buy,0.004,76172.90,"{""T"":1789345740919,""s"":""BTCUSDT"",""S"":""Buy"",""v"":""0.004"",""p"":""76172.90""}"
2026-09-14T00:29:01.065731Z,1789345740924,BTCUSDT,Buy,0.001,76188.60,"{""T"":1789345740924,""s"":""BTCUSDT"",""S"":""Buy"",""v"":""0.001"",""p"":""76188.60""}"
2026-09-14T00:29:01.065731Z,1789345740929,BTCUSDT,Buy,0.198,76146.20,"{""T"":1789345740929,""s"":""BTCUSDT"",""S"":""Buy"",""v"":""0.198"",""p"":""76146.20""}"
2026-09-14T00:29:01.065731Z,1789345740939,BTCUSDT,Buy,0.035,76193.20,"{""T"":1789345740939,""s"":""BTCUSDT"",""S"":""Buy"",""v"":""0.035"",""p"":""76193.20""}"
2026-09-14T00:29:01.065731Z,1789345740944,BTCUSDT,Buy,0.022,76164.50,"{""T"":1789345740944,""s"":""BTCUSDT"",""S"":""Buy"",""v"":""0.022"",""p"":""76164.50""}"
2026-09-14T00:29:01.065731Z,1789345740949,BTCUSDT,Buy,0.059,76169.00,"{""T"":1789345740949,""s"":""BTCUSDT"",""S"":""Buy"",""v"":""0.059"",""p"":""76169.00""}"
2026-09-14T00:29:01.564914Z,1789345740984,BTCUSDT,Buy,0.035,76139.80,"{""T"":1789345740984,""s"":""BTCUSDT"",""S"":""Buy"",""v"":""0.035"",""p"":""76139.80""}"
2026-09-14T00:29:01.564914Z,1789345740988,BTCUSDT,Buy,0.062,76165.00,"{""T"":1789345740988,""s"":""BTCUSDT"",""S"":""Buy"",""v"":""0.062"",""p"":""76165.00""}"
2026-09-14T00:29:01.564914Z,1789345740989,BTCUSDT,Buy,0.102,76179.40,"{""T"":1789345740989,""s"":""BTCUSDT"",""S"":""Buy"",""v"":""0.102"",""p"":""76179.40""}"
2026-09-14T00:29:01.564914Z,1789345740999,BTCUSDT,Buy,0.003,76200.30,"{""T"":1789345740999,""s"":""BTCUSDT"",""S"":""Buy"",""v"":""0.003"",""p"":""76200.30""}"
2026-09-14T00:29:01.564914Z,1789345741060,BTCUSDT,Buy,0.012,76161.00,"{""T"":1789345741060,""s"":""BTCUSDT"",""S"":""Buy"",""v"":""0.012"",""p"":""76161.00""}"
2026-09-14T00:29:02.564720Z,1789345742086,BTCUSDT,Buy,0.013,76145.40,"{""T"":1789345742086,""s"":""BTCUSDT"",""S"":""Buy"",""v"":""0.013"",""p"":""76145.40""}"
2026-09-14T00:29:02.954839Z,1789345742609,ETHUSDT,Buy,0.15,2457.10,"{""T"":1789345742609,""s"":""ETHUSDT"",""S"":""Buy"",""v"":""0.15"",""p"":""2457.10""}"
2026-09-14T00:29:02.954839Z,1789345742653,ETHUSDT,Buy,0.11,2457.07,"{""T"":1789345742653,""s"":""ETHUSDT"",""S"":""Buy"",""v"":""0.11"",""p"":""2457.07""}"
2026-09-14T00:29:03.064859Z,1789345742922,BTCUSDT,Buy,0.511,76134.40,"{""T"":1789345742922,""s"":""BTCUSDT"",""S"":""Buy"",""v"":""0.511"",""p"":""76134.40""}"
2026-09-14T00:29:03.358370Z,1789345743232,APTUSDT,Buy,1664.19,0.5761,"{""T"":1789345743232,""s"":""APTUSDT"",""S"":""Buy"",""v"":""1664.19"",""p"":""0.5761""}"
2026-09-14T00:29:03.565009Z,1789345743110,BTCUSDT,Buy,0.050,76128.50,"{""T"":1789345743110,""s"":""BTCUSDT"",""S"":""Buy"",""v"":""0.050"",""p"":""76128.50""}"
2026-09-14T00:29:03.565009Z,1789345743202,BTCUSDT,Buy,0.053,76132.50,"{""T"":1789345743202,""s"":""BTCUSDT"",""S"":""Buy"",""v"":""0.053"",""p"":""76132.50""}"
2026-09-14T00:29:03.565009Z,1789345743311,BTCUSDT,Buy,0.064,76136.20,"{""T"":1789345743311,""s"":""BTCUSDT"",""S"":""Buy"",""v"":""0.064"",""p"":""76136.20""}"
2026-09-14T00:29:03.565009Z,1789345743320,BTCUSDT,Buy,3.927,76129.20,"{""T"":1789345743320,""s"":""BTCUSDT"",""S"":""Buy"",""v"":""3.927"",""p"":""76129.20""}"
2026-09-14T00:29:03.954884Z,1789345743847,ETHUSDT,Buy,0.16,2456.86,"{""T"":1789345743847,""s"":""ETHUSDT"",""S"":""Buy"",""v"":""0.16"",""p"":""2456.86""}"
2026-09-14T00:29:03.991064Z,1789345743529,SUIUSDT,Buy,20810,0.68570,"{""T"":1789345743529,""s"":""SUIUSDT"",""S"":""Buy"",""v"":""20810"",""p"":""0.68570""}"
2026-09-14T00:29:04.015057Z,1789345743529,AVAXUSDT,Buy,1374.9,7.210,"{""T"":1789345743529,""s"":""AVAXUSDT"",""S"":""Buy"",""v"":""1374.9"",""p"":""7.210""}"
2026-09-14T00:29:04.015504Z,1789345743867,TAOUSDT,Buy,2.098,227.94,"{""T"":1789345743867,""s"":""TAOUSDT"",""S"":""Buy"",""v"":""2.098"",""p"":""227.94""}"
2026-09-14T00:29:04.015504Z,1789345743908,TAOUSDT,Buy,1.925,227.94,"{""T"":1789345743908,""s"":""TAOUSDT"",""S"":""Buy"",""v"":""1.925"",""p"":""227.94""}"
2026-09-14T00:29:04.065060Z,1789345743667,BTCUSDT,Buy,0.001,76134.80,"{""T"":1789345743667,""s"":""BTCUSDT"",""S"":""Buy"",""v"":""0.001"",""p"":""76134.80""}"
2026-09-14T00:29:04.454817Z,1789345744068,ETHUSDT,Buy,0.35,2456.79,"{""T"":1789345744068,""s"":""ETHUSDT"",""S"":""Buy"",""v"":""0.35"",""p"":""2456.79""}"
2026-09-14T00:29:04.561596Z,1789345744008,SOLUSDT,Buy,16.6,98.510,"{""T"":1789345744008,""s"":""SOLUSDT"",""S"":""Buy"",""v"":""16.6"",""p"":""98.510""}"
2026-09-14T00:29:04.564675Z,1789345744056,BTCUSDT,Buy,0.002,76124.30,"{""T"":1789345744056,""s"":""BTCUSDT"",""S"":""Buy"",""v"":""0.002"",""p"":""76124.30""}"
2026-09-14T00:29:04.564675Z,1789345744259,BTCUSDT,Buy,0.140,76110.70,"{""T"":1789345744259,""s"":""BTCUSDT"",""S"":""Buy"",""v"":""0.140"",""p"":""76110.70""}"
2026-09-14T00:29:04.564675Z,1789345744327,BTCUSDT,Buy,0.005,76119.90,"{""T"":1789345744327,""s"":""BTCUSDT"",""S"":""Buy"",""v"":""0.005"",""p"":""76119.90""}"
2026-09-14T00:29:04.564675Z,1789345744440,BTCUSDT,Buy,0.001,76121.10,"{""T"":1789345744440,""s"":""BTCUSDT"",""S"":""Buy"",""v"":""0.001"",""p"":""76121.10""}"
2026-09-14T00:29:04.812133Z,1789345744684,PUMPFUNUSDT,Buy,20200,0.0034320,"{""T"":1789345744684,""s"":""PUMPFUNUSDT"",""S"":""Buy"",""v"":""20200"",""p"":""0.0034320""}"
2026-09-14T00:29:04.812619Z,1789345744690,ASTERUSDT,Buy,333,0.6745,"{""T"":1789345744690,""s"":""ASTERUSDT"",""S"":""Buy"",""v"":""333"",""p"":""0.6745""}"
2026-09-14T00:29:04.991344Z,1789345744432,SUIUSDT,Buy,50,0.68540,"{""T"":1789345744432,""s"":""SUIUSDT"",""S"":""Buy"",""v"":""50"",""p"":""0.68540""}"
2026-09-14T00:29:04.991344Z,1789345744608,SUIUSDT,Buy,50,0.68530,"{""T"":1789345744608,""s"":""SUIUSDT"",""S"":""Buy"",""v"":""50"",""p"":""0.68530""}"
2026-09-14T00:29:05.014851Z,1789345744548,AVAXUSDT,Buy,395.8,7.208,"{""T"":1789345744548,""s"":""AVAXUSDT"",""S"":""Buy"",""v"":""395.8"",""p"":""7.208""}"
2026-09-14T00:29:05.015351Z,1789345744684,NEARUSDT,Buy,63.6,2.2650,"{""T"":1789345744684,""s"":""NEARUSDT"",""S"":""Buy"",""v"":""63.6"",""p"":""2.2650""}"
2026-09-14T00:29:05.061832Z,1789345744654,SOLUSDT,Buy,502.5,98.470,"{""T"":1789345744654,""s"":""SOLUSDT"",""S"":""Buy"",""v"":""502.5"",""p"":""98.470""}"
2026-09-14T00:29:05.064641Z,1789345744509,BTCUSDT,Buy,0.001,76122.80,"{""T"":1789345744509,""s"":""BTCUSDT"",""S"":""Buy"",""v"":""0.001"",""p"":""76122.80""}"
2026-09-14T00:29:05.064641Z,1789345744945,BTCUSDT,Buy,0.001,76116.30,"{""T"":1789345744945,""s"":""BTCUSDT"",""S"":""Buy"",""v"":""0.001"",""p"":""76116.30""}"
2026-09-14T00:29:05.311957Z,1789345744924,METUSDT,Buy,215.7,0.21420,"{""T"":1789345744924,""s"":""METUSDT"",""S"":""Buy"",""v"":""215.7"",""p"":""0.21420""}"
2026-09-14T00:29:05.336322Z,1789345745157,XRPUSDT,Buy,50.0,1.3282,"{""T"":1789345745157,""s"":""XRPUSDT"",""S"":""Buy"",""v"":""50.0"",""p"":""1.3282""}"
2026-09-14T00:29:05.455162Z,1789345745157,ETHUSDT,Buy,0.08,2456.72,"{""T"":1789345745157,""s"":""ETHUSDT"",""S"":""Buy"",""v"":""0.08"",""p"":""2456.72""}"
2026-09-14T00:29:05.565087Z,1789345745157,BTCUSDT,Buy,0.003,76101.80,"{""T"":1789345745157,""s"":""BTCUSDT"",""S"":""Buy"",""v"":""0.003"",""p"":""76101.80""}"
2026-09-14T00:29:05.565087Z,1789345745323,BTCUSDT,Buy,0.006,76104.10,"{""T"":1789345745323,""s"":""BTCUSDT"",""S"":""Buy"",""v"":""0.006"",""p"":""76104.10""}"
2026-09-14T00:29:05.565087Z,1789345745329,BTCUSDT,Buy,0.018,76100.10,"{""T"":1789345745329,""s"":""BTCUSDT"",""S"":""Buy"",""v"":""0.018"",""p"":""76100.10""}"
2026-09-14T00:29:05.565087Z,1789345745381,BTCUSDT,Buy,0.547,76103.70,"{""T"":1789345745381,""s"":""BTCUSDT"",""S"":""Buy"",""v"":""0.547"",""p"":""76103.70""}"
2026-09-14T00:29:05.836912Z,1789345745629,XRPUSDT,Buy,94.2,1.3283,"{""T"":1789345745629,""s"":""XRPUSDT"",""S"":""Buy"",""v"":""94.2"",""p"":""1.3283""}"
2026-09-14T00:29:06.065230Z,1789345745629,BTCUSDT,Buy,0.005,76104.70,"{""T"":1789345745629,""s"":""BTCUSDT"",""S"":""Buy"",""v"":""0.005"",""p"":""76104.70""}"
2026-09-14T00:29:06.995927Z,1789345746862,INJUSDT,Buy,100.0,5.7820,"{""T"":1789345746862,""s"":""INJUSDT"",""S"":""Buy"",""v"":""100.0"",""p"":""5.7820""}"
2026-09-14T00:29:08.347301Z,1789345747992,BEATUSDT,Buy,258,0.08008,"{""T"":1789345747992,""s"":""BEATUSDT"",""S"":""Buy"",""v"":""258"",""p"":""0.08008""}"
2026-09-14T00:29:09.824509Z,1789345749298,ENAUSDT,Buy,2688,0.13382,"{""T"":1789345749298,""s"":""ENAUSDT"",""S"":""Buy"",""v"":""2688"",""p"":""0.13382""}"
2026-09-14T00:29:09.906762Z,1789345749805,BZUSDT,Sell,31.99,103.65,"{""T"":1789345749805,""s"":""BZUSDT"",""S"":""Sell"",""v"":""31.99"",""p"":""103.65""}"
2026-09-14T00:29:10.811962Z,1789345750304,HYPEUSDT,Buy,50.00,76.450,"{""T"":1789345750304,""s"":""HYPEUSDT"",""S"":""Buy"",""v"":""50.00"",""p"":""76.450""}"
2026-09-14T00:29:11.846724Z,1789345751758,BEATUSDT,Buy,1000,0.08007,"{""T"":1789345751758,""s"":""BEATUSDT"",""S"":""Buy"",""v"":""1000"",""p"":""0.08007""}"
2026-09-14T00:29:12.346858Z,1789345752101,WIFUSDT,Buy,10008,0.18410,"{""T"":1789345752101,""s"":""WIFUSDT"",""S"":""Buy"",""v"":""10008"",""p"":""0.18410""}"
2026-09-14T00:29:12.514818Z,1789345752382,NEARUSDT,Buy,668.0,2.2620,"{""T"":1789345752382,""s"":""NEARUSDT"",""S"":""Buy"",""v"":""668.0"",""p"":""2.2620""}"
2026-09-14T00:29:12.561676Z,1789345752382,SOLUSDT,Buy,37.7,98.450,"{""T"":1789345752382,""s"":""SOLUSDT"",""S"":""Buy"",""v"":""37.7"",""p"":""98.450""}"
2026-09-14T00:29:12.823838Z,1789345752520,ENAUSDT,Buy,5003,0.13356,"{""T"":1789345752520,""s"":""ENAUSDT"",""S"":""Buy"",""v"":""5003"",""p"":""0.13356""}"
2026-09-14T00:29:13.064899Z,1789345752527,BTCUSDT,Buy,0.013,76092.70,"{""T"":1789345752527,""s"":""BTCUSDT"",""S"":""Buy"",""v"":""0.013"",""p"":""76092.70""}"
2026-09-14T00:29:13.495725Z,1789345753057,LINKUSDT,Buy,133.9,11.049,"{""T"":1789345753057,""s"":""LINKUSDT"",""S"":""Buy"",""v"":""133.9"",""p"":""11.049""}"
2026-09-14T00:29:20.515416Z,1789345759947,MNTUSDT,Buy,312.2,0.54370,"{""T"":1789345759947,""s"":""MNTUSDT"",""S"":""Buy"",""v"":""312.2"",""p"":""0.54370""}"
2026-09-14T00:29:23.312104Z,1789345763145,PUMPFUNUSDT,Buy,286000,0.0034280,"{""T"":1789345763145,""s"":""PUMPFUNUSDT"",""S"":""Buy"",""v"":""286000"",""p"":""0.0034280""}"
2026-09-14T00:29:23.812802Z,1789345763421,PUMPFUNUSDT,Buy,10600,0.0034270,"{""T"":1789345763421,""s"":""PUMPFUNUSDT"",""S"":""Buy"",""v"":""10600"",""p"":""0.0034270""}"
2026-09-14T00:29:24.312280Z,1789345763984,PUMPFUNUSDT,Buy,13000,0.0034250,"{""T"":1789345763984,""s"":""PUMPFUNUSDT"",""S"":""Buy"",""v"":""13000"",""p"":""0.0034250""}"
2026-09-14T00:29:24.812293Z,1789345764491,PUMPFUNUSDT,Buy,2000,0.0034240,"{""T"":1789345764491,""s"":""PUMPFUNUSDT"",""S"":""Buy"",""v"":""2000"",""p"":""0.0034240""}"
2026-09-14T00:29:33.336684Z,1789345772898,CVCUSDT,Sell,25507,0.03114,"{""T"":1789345772898,""s"":""CVCUSDT"",""S"":""Sell"",""v"":""25507"",""p"":""0.03114""}"
2026-09-14T00:30:04.838599Z,1789345804399,ONDOUSDT,Buy,113732,0.3364,"{""T"":1789345804399,""s"":""ONDOUSDT"",""S"":""Buy"",""v"":""113732"",""p"":""0.3364""}"
2026-09-14T00:30:04.908181Z,1789345804646,STEEMUSDT,Sell,214,0.06212,"{""T"":1789345804646,""s"":""STEEMUSDT"",""S"":""Sell"",""v"":""214"",""p"":""0.06212""}"
2026-09-14T00:30:06.408222Z,1789345806071,STEEMUSDT,Sell,462,0.06229,"{""T"":1789345806071,""s"":""STEEMUSDT"",""S"":""Sell"",""v"":""462"",""p"":""0.06229""}"
2026-09-14T00:30:42.907907Z,1789345842661,LSKUSDT,Sell,6880.6,0.73025,"{""T"":1789345842661,""s"":""LSKUSDT"",""S"":""Sell"",""v"":""6880.6"",""p"":""0.73025""}"
2026-09-14T00:30:43.407740Z,1789345843296,LSKUSDT,Sell,2607.1,0.74126,"{""T"":1789345843296,""s"":""LSKUSDT"",""S"":""Sell"",""v"":""2607.1"",""p"":""0.74126""}"
2026-09-14T00:30:44.407793Z,1789345843902,LSKUSDT,Sell,43.2,0.74265,"{""T"":1789345843902,""s"":""LSKUSDT"",""S"":""Sell"",""v"":""43.2"",""p"":""0.74265""}"
2026-09-14T00:30:46.908369Z,1789345846708,LSKUSDT,Sell,390.0,0.75020,"{""T"":1789345846708,""s"":""LSKUSDT"",""S"":""Sell"",""v"":""390.0"",""p"":""0.75020""}"
2026-09-14T00:30:48.407976Z,1789345847998,LSKUSDT,Sell,527.5,0.75086,"{""T"":1789345847998,""s"":""LSKUSDT"",""S"":""Sell"",""v"":""527.5"",""p"":""0.75086""}"
2026-09-14T00:30:50.407719Z,1789345849863,LSKUSDT,Sell,2000.0,0.75388,"{""T"":1789345849863,""s"":""LSKUSDT"",""S"":""Sell"",""v"":""2000.0"",""p"":""0.75388""}"
2026-09-14T00:31:02.497262Z,1789345862040,STORJUSDT,Sell,1304.9,0.03017,"{""T"":1789345862040,""s"":""STORJUSDT"",""S"":""Sell"",""v"":""1304.9"",""p"":""0.03017""}"
2026-09-14T00:31:29.955980Z,1789345889852,ETHUSDT,Sell,0.82,2483.11,"{""T"":1789345889852,""s"":""ETHUSDT"",""S"":""Sell"",""v"":""0.82"",""p"":""2483.11""}"
2026-09-14T00:31:30.908043Z,1789345890725,BCHUSDT,Sell,1.02,222.30,"{""T"":1789345890725,""s"":""BCHUSDT"",""S"":""Sell"",""v"":""1.02"",""p"":""222.30""}"
2026-09-14T00:31:43.329423Z,1789345902772,LABUSDT,Buy,663,0.05190,"{""T"":1789345902772,""s"":""LABUSDT"",""S"":""Buy"",""v"":""663"",""p"":""0.05190""}"
2026-09-14T00:32:00.456696Z,1789345920135,ETHUSDT,Sell,0.01,2487.15,"{""T"":1789345920135,""s"":""ETHUSDT"",""S"":""Sell"",""v"":""0.01"",""p"":""2487.15""}"
2026-09-14T00:32:00.515909Z,1789345920140,NEARUSDT,Sell,101.3,2.3120,"{""T"":1789345920140,""s"":""NEARUSDT"",""S"":""Sell"",""v"":""101.3"",""p"":""2.3120""}"
2026-09-14T00:32:00.955744Z,1789345920653,ETHUSDT,Sell,0.80,2486.30,"{""T"":1789345920653,""s"":""ETHUSDT"",""S"":""Sell"",""v"":""0.80"",""p"":""2486.30""}"
2026-09-14T00:32:22.408276Z,1789345942216,LSKUSDT,Sell,4386.4,0.76407,"{""T"":1789345942216,""s"":""LSKUSDT"",""S"":""Sell"",""v"":""4386.4"",""p"":""0.76407""}"
2026-09-14T00:32:22.408276Z,1789345942242,LSKUSDT,Sell,534.2,0.76515,"{""T"":1789345942242,""s"":""LSKUSDT"",""S"":""Sell"",""v"":""534.2"",""p"":""0.76515""}"
2026-09-14T00:32:22.408276Z,1789345942266,LSKUSDT,Sell,1328.8,0.76031,"{""T"":1789345942266,""s"":""LSKUSDT"",""S"":""Sell"",""v"":""1328.8"",""p"":""0.76031""}"
2026-09-14T00:32:22.408276Z,1789345942316,LSKUSDT,Sell,553.4,0.76402,"{""T"":1789345942316,""s"":""LSKUSDT"",""S"":""Sell"",""v"":""553.4"",""p"":""0.76402""}"
2026-09-14T00:32:22.907814Z,1789345942350,LSKUSDT,Sell,181.7,0.76477,"{""T"":1789345942350,""s"":""LSKUSDT"",""S"":""Sell"",""v"":""181.7"",""p"":""0.76477""}"
2026-09-14T00:32:22.907814Z,1789345942583,LSKUSDT,Sell,130.6,0.75995,"{""T"":1789345942583,""s"":""LSKUSDT"",""S"":""Sell"",""v"":""130.6"",""p"":""0.75995""}"
2026-09-14T00:32:24.408206Z,1789345944195,LSKUSDT,Sell,15.0,0.76688,"{""T"":1789345944195,""s"":""LSKUSDT"",""S"":""Sell"",""v"":""15.0"",""p"":""0.76688""}"
2026-09-14T00:32:25.407915Z,1789345945058,LSKUSDT,Sell,1063.1,0.76696,"{""T"":1789345945058,""s"":""LSKUSDT"",""S"":""Sell"",""v"":""1063.1"",""p"":""0.76696""}"
2026-09-14T00:32:25.407915Z,1789345945232,LSKUSDT,Sell,522.8,0.77203,"{""T"":1789345945232,""s"":""LSKUSDT"",""S"":""Sell"",""v"":""522.8"",""p"":""0.77203""}"
2026-09-14T00:32:25.908096Z,1789345945372,LSKUSDT,Sell,5494.8,0.77078,"{""T"":1789345945372,""s"":""LSKUSDT"",""S"":""Sell"",""v"":""5494.8"",""p"":""0.77078""}"
2026-09-14T00:32:25.908096Z,1789345945728,LSKUSDT,Sell,29.1,0.76914,"{""T"":1789345945728,""s"":""LSKUSDT"",""S"":""Sell"",""v"":""29.1"",""p"":""0.76914""}"
2026-09-14T00:32:25.908096Z,1789345945729,LSKUSDT,Sell,13022.8,0.77000,"{""T"":1789345945729,""s"":""LSKUSDT"",""S"":""Sell"",""v"":""13022.8"",""p"":""0.77000""}"
2026-09-14T00:32:26.407800Z,1789345945824,LSKUSDT,Sell,9.0,0.77235,"{""T"":1789345945824,""s"":""LSKUSDT"",""S"":""Sell"",""v"":""9.0"",""p"":""0.77235""}"
2026-09-14T00:32:26.407800Z,1789345945959,LSKUSDT,Sell,408.2,0.76901,"{""T"":1789345945959,""s"":""LSKUSDT"",""S"":""Sell"",""v"":""408.2"",""p"":""0.76901""}"
2026-09-14T00:32:26.407800Z,1789345946050,LSKUSDT,Sell,1883.9,0.76976,"{""T"":1789345946050,""s"":""LSKUSDT"",""S"":""Sell"",""v"":""1883.9"",""p"":""0.76976""}"
2026-09-14T00:32:27.907748Z,1789345947402,LSKUSDT,Sell,141.6,0.77448,"{""T"":1789345947402,""s"":""LSKUSDT"",""S"":""Sell"",""v"":""141.6"",""p"":""0.77448""}"
2026-09-14T00:32:27.907748Z,1789345947546,LSKUSDT,Sell,363.2,0.77304,"{""T"":1789345947546,""s"":""LSKUSDT"",""S"":""Sell"",""v"":""363.2"",""p"":""0.77304""}"
2026-09-14T00:32:27.907748Z,1789345947641,LSKUSDT,Sell,20.2,0.77496,"{""T"":1789345947641,""s"":""LSKUSDT"",""S"":""Sell"",""v"":""20.2"",""p"":""0.77496""}"
2026-09-14T00:32:28.408017Z,1789345948301,LSKUSDT,Sell,8.2,0.77823,"{""T"":1789345948301,""s"":""LSKUSDT"",""S"":""Sell"",""v"":""8.2"",""p"":""0.77823""}"
2026-09-14T00:32:28.907825Z,1789345948564,LSKUSDT,Sell,30.0,0.77880,"{""T"":1789345948564,""s"":""LSKUSDT"",""S"":""Sell"",""v"":""30.0"",""p"":""0.77880""}"
2026-09-14T00:32:28.907825Z,1789345948633,LSKUSDT,Sell,6598.0,0.77611,"{""T"":1789345948633,""s"":""LSKUSDT"",""S"":""Sell"",""v"":""6598.0"",""p"":""0.77611""}"
2026-09-14T00:32:28.907825Z,1789345948670,LSKUSDT,Sell,38.1,0.77769,"{""T"":1789345948670,""s"":""LSKUSDT"",""S"":""Sell"",""v"":""38.1"",""p"":""0.77769""}"
2026-09-14T00:32:29.408241Z,1789345949045,LSKUSDT,Sell,34.0,0.77680,"{""T"":1789345949045,""s"":""LSKUSDT"",""S"":""Sell"",""v"":""34.0"",""p"":""0.77680""}"
2026-09-14T00:32:35.956548Z,1789345955835,ETHUSDT,Sell,1.15,2488.50,"{""T"":1789345955835,""s"":""ETHUSDT"",""S"":""Sell"",""v"":""1.15"",""p"":""2488.50""}"
2026-09-14T00:33:01.908970Z,1789345981340,POWERUSDT,Buy,1557,0.11685,"{""T"":1789345981340,""s"":""POWERUSDT"",""S"":""Buy"",""v"":""1557"",""p"":""0.11685""}"
2026-09-14T00:33:01.908970Z,1789345981501,POWERUSDT,Buy,140,0.11633,"{""T"":1789345981501,""s"":""POWERUSDT"",""S"":""Buy"",""v"":""140"",""p"":""0.11633""}"
2026-09-14T00:33:02.407748Z,1789345982071,POWERUSDT,Buy,147,0.11645,"{""T"":1789345982071,""s"":""POWERUSDT"",""S"":""Buy"",""v"":""147"",""p"":""0.11645""}"
2026-09-14T00:33:03.907897Z,1789345983733,POWERUSDT,Buy,372,0.11550,"{""T"":1789345983733,""s"":""POWERUSDT"",""S"":""Buy"",""v"":""372"",""p"":""0.11550""}"
2026-09-14T00:33:04.407921Z,1789345983828,POWERUSDT,Buy,594,0.11513,"{""T"":1789345983828,""s"":""POWERUSDT"",""S"":""Buy"",""v"":""594"",""p"":""0.11513""}"
2026-09-14T00:33:04.407921Z,1789345983955,POWERUSDT,Buy,5000,0.11566,"{""T"":1789345983955,""s"":""POWERUSDT"",""S"":""Buy"",""v"":""5000"",""p"":""0.11566""}"
2026-09-14T00:33:15.908117Z,1789345995334,STEEMUSDT,Sell,262,0.06305,"{""T"":1789345995334,""s"":""STEEMUSDT"",""S"":""Sell"",""v"":""262"",""p"":""0.06305""}"
2026-09-14T00:33:21.407796Z,1789346001139,LSKUSDT,Sell,355.1,0.78282,"{""T"":1789346001139,""s"":""LSKUSDT"",""S"":""Sell"",""v"":""355.1"",""p"":""0.78282""}"
2026-09-14T00:33:21.407796Z,1789346001145,LSKUSDT,Sell,44.5,0.78092,"{""T"":1789346001145,""s"":""LSKUSDT"",""S"":""Sell"",""v"":""44.5"",""p"":""0.78092""}"
2026-09-14T00:33:22.908269Z,1789346002728,LSKUSDT,Sell,299.2,0.78794,"{""T"":1789346002728,""s"":""LSKUSDT"",""S"":""Sell"",""v"":""299.2"",""p"":""0.78794""}"
2026-09-14T00:33:22.908269Z,1789346002770,LSKUSDT,Sell,1310.2,0.78674,"{""T"":1789346002770,""s"":""LSKUSDT"",""S"":""Sell"",""v"":""1310.2"",""p"":""0.78674""}"
2026-09-14T00:33:22.992369Z,1789346002841,POWRUSDT,Sell,115,0.06003,"{""T"":1789346002841,""s"":""POWRUSDT"",""S"":""Sell"",""v"":""115"",""p"":""0.06003""}"
2026-09-14T00:33:23.407841Z,1789346002841,LSKUSDT,Sell,26.1,0.78693,"{""T"":1789346002841,""s"":""LSKUSDT"",""S"":""Sell"",""v"":""26.1"",""p"":""0.78693""}"
2026-09-14T00:33:24.408046Z,1789346003858,LSKUSDT,Sell,1496.7,0.78869,"{""T"":1789346003858,""s"":""LSKUSDT"",""S"":""Sell"",""v"":""1496.7"",""p"":""0.78869""}"
2026-09-14T00:33:25.407692Z,1789346005026,LSKUSDT,Sell,135.0,0.79271,"{""T"":1789346005026,""s"":""LSKUSDT"",""S"":""Sell"",""v"":""135.0"",""p"":""0.79271""}"
2026-09-14T00:33:25.907990Z,1789346005445,LSKUSDT,Sell,78.2,0.79124,"{""T"":1789346005445,""s"":""LSKUSDT"",""S"":""Sell"",""v"":""78.2"",""p"":""0.79124""}"
2026-09-14T00:33:25.907990Z,1789346005745,LSKUSDT,Sell,17.4,0.79383,"{""T"":1789346005745,""s"":""LSKUSDT"",""S"":""Sell"",""v"":""17.4"",""p"":""0.79383""}"
2026-09-14T00:33:25.907990Z,1789346005817,LSKUSDT,Sell,14.5,0.79311,"{""T"":1789346005817,""s"":""LSKUSDT"",""S"":""Sell"",""v"":""14.5"",""p"":""0.79311""}"
2026-09-14T00:33:26.408027Z,1789346005871,LSKUSDT,Sell,14.8,0.79107,"{""T"":1789346005871,""s"":""LSKUSDT"",""S"":""Sell"",""v"":""14.8"",""p"":""0.79107""}"
2026-09-14T00:33:32.909156Z,1789346012540,LSKUSDT,Sell,31.2,0.79538,"{""T"":1789346012540,""s"":""LSKUSDT"",""S"":""Sell"",""v"":""31.2"",""p"":""0.79538""}"
2026-09-14T00:33:42.325347Z,1789346021804,FARTCOINUSDT,Sell,24340,0.14251,"{""T"":1789346021804,""s"":""FARTCOINUSDT"",""S"":""Sell"",""v"":""24340"",""p"":""0.14251""}"
2026-09-14T00:35:46.408759Z,1789346146205,POWERUSDT,Buy,678,0.11442,"{""T"":1789346146205,""s"":""POWERUSDT"",""S"":""Buy"",""v"":""678"",""p"":""0.11442""}"
2026-09-14T00:37:24.992600Z,1789346244798,MTLUSDT,Buy,16139.4,0.3000,"{""T"":1789346244798,""s"":""MTLUSDT"",""S"":""Buy"",""v"":""16139.4"",""p"":""0.3000""}"
2026-09-14T00:37:48.359396Z,1789346267811,SNXXUSDT,Buy,4.00,13.59,"{""T"":1789346267811,""s"":""SNXXUSDT"",""S"":""Buy"",""v"":""4.00"",""p"":""13.59""}"
2026-09-14T00:38:02.830288Z,1789346282520,PONSUSDT,Buy,240,0.5235,"{""T"":1789346282520,""s"":""PONSUSDT"",""S"":""Buy"",""v"":""240"",""p"":""0.5235""}"
2026-09-14T00:38:11.997195Z,1789346291599,PUNDIXUSDT,Sell,1080,0.12233,"{""T"":1789346291599,""s"":""PUNDIXUSDT"",""S"":""Sell"",""v"":""1080"",""p"":""0.12233""}"
2026-09-14T00:38:22.915298Z,1789346302651,DOTUSDT,Sell,11.2,1.0174,"{""T"":1789346302651,""s"":""DOTUSDT"",""S"":""Sell"",""v"":""11.2"",""p"":""1.0174""}"
2026-09-14T00:38:56.908138Z,1789346336696,LSKUSDT,Buy,121.5,0.72240,"{""T"":1789346336696,""s"":""LSKUSDT"",""S"":""Buy"",""v"":""121.5"",""p"":""0.72240""}"
2026-09-14T00:38:56.908138Z,1789346336718,LSKUSDT,Buy,3312.7,0.72389,"{""T"":1789346336718,""s"":""LSKUSDT"",""S"":""Buy"",""v"":""3312.7"",""p"":""0.72389""}"
2026-09-14T00:40:25.490624Z,1789346425175,SNDKUSDT,Buy,0.05,1540.43,"{""T"":1789346425175,""s"":""SNDKUSDT"",""S"":""Buy"",""v"":""0.05"",""p"":""1540.43""}"
2026-09-14T00:41:09.063072Z,1789346468948,FILUSDT,Sell,384.7,0.9995,"{""T"":1789346468948,""s"":""FILUSDT"",""S"":""Sell"",""v"":""384.7"",""p"":""0.9995""}"
2026-09-14T00:41:18.329714Z,1789346478236,LABUSDT,Buy,1,0.05170,"{""T"":1789346478236,""s"":""LABUSDT"",""S"":""Buy"",""v"":""1"",""p"":""0.05170""}"
2026-09-14T00:42:04.407869Z,1789346524014,LSKUSDT,Buy,487.8,0.71872,"{""T"":1789346524014,""s"":""LSKUSDT"",""S"":""Buy"",""v"":""487.8"",""p"":""0.71872""}"
2026-09-14T00:42:04.909509Z,1789346524522,LSKUSDT,Buy,68.2,0.71613,"{""T"":1789346524522,""s"":""LSKUSDT"",""S"":""Buy"",""v"":""68.2"",""p"":""0.71613""}"
2026-09-14T00:42:16.341802Z,1789346536177,CVCUSDT,Sell,3664,0.03304,"{""T"":1789346536177,""s"":""CVCUSDT"",""S"":""Sell"",""v"":""3664"",""p"":""0.03304""}"
2026-09-14T00:42:18.338397Z,1789346538097,CVCUSDT,Sell,30000,0.03322,"{""T"":1789346538097,""s"":""CVCUSDT"",""S"":""Sell"",""v"":""30000"",""p"":""0.03322""}"
2026-09-14T00:42:35.496824Z,1789346555210,STORJUSDT,Buy,100.8,0.02820,"{""T"":1789346555210,""s"":""STORJUSDT"",""S"":""Buy"",""v"":""100.8"",""p"":""0.02820""}"
2026-09-14T00:43:44.828997Z,1789346624743,PONSUSDT,Buy,4323,0.5184,"{""T"":1789346624743,""s"":""PONSUSDT"",""S"":""Buy"",""v"":""4323"",""p"":""0.5184""}"
2026-09-14T00:45:00.337744Z,1789346700143,CVCUSDT,Buy,188,0.03108,"{""T"":1789346700143,""s"":""CVCUSDT"",""S"":""Buy"",""v"":""188"",""p"":""0.03108""}"
2026-09-14T00:45:11.338176Z,1789346710901,CVCUSDT,Buy,193,0.03083,"{""T"":1789346710901,""s"":""CVCUSDT"",""S"":""Buy"",""v"":""193"",""p"":""0.03083""}"
2026-09-14T00:45:27.569242Z,1789346727234,BTCUSDT,Sell,0.051,77081.30,"{""T"":1789346727234,""s"":""BTCUSDT"",""S"":""Sell"",""v"":""0.051"",""p"":""77081.30""}"
2026-09-14T00:45:37.908500Z,1789346737742,LSKUSDT,Buy,737.2,0.71742,"{""T"":1789346737742,""s"":""LSKUSDT"",""S"":""Buy"",""v"":""737.2"",""p"":""0.71742""}"
2026-09-14T00:46:13.407878Z,1789346773192,LSKUSDT,Buy,83.1,0.71175,"{""T"":1789346773192,""s"":""LSKUSDT"",""S"":""Buy"",""v"":""83.1"",""p"":""0.71175""}"
2026-09-14T00:47:17.837834Z,1789346837644,CVCUSDT,Sell,498,0.03214,"{""T"":1789346837644,""s"":""CVCUSDT"",""S"":""Sell"",""v"":""498"",""p"":""0.03214""}"
2026-09-14T00:49:25.408353Z,1789346965193,LSKUSDT,Sell,6631.9,0.76347,"{""T"":1789346965193,""s"":""LSKUSDT"",""S"":""Sell"",""v"":""6631.9"",""p"":""0.76347""}"
2026-09-14T00:49:32.329305Z,1789346971958,PONSUSDT,Buy,353,0.5164,"{""T"":1789346971958,""s"":""PONSUSDT"",""S"":""Buy"",""v"":""353"",""p"":""0.5164""}"
2026-09-14T00:49:33.329371Z,1789346973007,PONSUSDT,Buy,4400,0.5149,"{""T"":1789346973007,""s"":""PONSUSDT"",""S"":""Buy"",""v"":""4400"",""p"":""0.5149""}"
2026-09-14T00:49:35.329291Z,1789346974820,PONSUSDT,Buy,11365,0.5143,"{""T"":1789346974820,""s"":""PONSUSDT"",""S"":""Buy"",""v"":""11365"",""p"":""0.5143""}"
2026-09-14T00:50:09.907843Z,1789347009407,LSKUSDT,Sell,1485.1,0.76727,"{""T"":1789347009407,""s"":""LSKUSDT"",""S"":""Sell"",""v"":""1485.1"",""p"":""0.76727""}"
2026-09-14T00:50:10.907872Z,1789347010786,LSKUSDT,Sell,286.5,0.77199,"{""T"":1789347010786,""s"":""LSKUSDT"",""S"":""Sell"",""v"":""286.5"",""p"":""0.77199""}"
2026-09-14T00:50:11.907709Z,1789347011578,LSKUSDT,Sell,6651.2,0.77371,"{""T"":1789347011578,""s"":""LSKUSDT"",""S"":""Sell"",""v"":""6651.2"",""p"":""0.77371""}"
2026-09-14T00:50:17.907624Z,1789347017690,LSKUSDT,Sell,3567.1,0.78035,"{""T"":1789347017690,""s"":""LSKUSDT"",""S"":""Sell"",""v"":""3567.1"",""p"":""0.78035""}"
2026-09-14T00:50:35.830490Z,1789347035371,PONSUSDT,Buy,13282,0.5132,"{""T"":1789347035371,""s"":""PONSUSDT"",""S"":""Buy"",""v"":""13282"",""p"":""0.5132""}"
2026-09-14T00:50:43.829835Z,1789347043268,PONSUSDT,Buy,32,0.5126,"{""T"":1789347043268,""s"":""PONSUSDT"",""S"":""Buy"",""v"":""32"",""p"":""0.5126""}"
2026-09-14T00:50:51.135847Z,1789347050945,ARKUSDT,Sell,36,0.14468,"{""T"":1789347050945,""s"":""ARKUSDT"",""S"":""Sell"",""v"":""36"",""p"":""0.14468""}"
2026-09-14T00:50:53.828832Z,1789347053706,REZUSDT,Buy,46928,0.004305,"{""T"":1789347053706,""s"":""REZUSDT"",""S"":""Buy"",""v"":""46928"",""p"":""0.004305""}"
2026-09-14T00:50:54.992324Z,1789347054881,POWRUSDT,Sell,90,0.06253,"{""T"":1789347054881,""s"":""POWRUSDT"",""S"":""Sell"",""v"":""90"",""p"":""0.06253""}"
2026-09-14T00:50:58.908155Z,1789347058569,LSKUSDT,Sell,33.2,0.78282,"{""T"":1789347058569,""s"":""LSKUSDT"",""S"":""Sell"",""v"":""33.2"",""p"":""0.78282""}"
2026-09-14T00:51:21.829697Z,1789347081683,PONSUSDT,Buy,35,0.5112,"{""T"":1789347081683,""s"":""PONSUSDT"",""S"":""Buy"",""v"":""35"",""p"":""0.5112""}"
2026-09-14T00:52:16.500951Z,1789347136095,B3USDT,Sell,53400,0.0007579,"{""T"":1789347136095,""s"":""B3USDT"",""S"":""Sell"",""v"":""53400"",""p"":""0.0007579""}"
2026-09-14T00:52:42.332251Z,1789347161796,PONSUSDT,Buy,2000,0.5094,"{""T"":1789347161796,""s"":""PONSUSDT"",""S"":""Buy"",""v"":""2000"",""p"":""0.5094""}"
2026-09-14T00:52:53.829678Z,1789347173443,PONSUSDT,Buy,421,0.5082,"{""T"":1789347173443,""s"":""PONSUSDT"",""S"":""Buy"",""v"":""421"",""p"":""0.5082""}"
2026-09-14T00:52:54.329146Z,1789347173766,PONSUSDT,Buy,71,0.5090,"{""T"":1789347173766,""s"":""PONSUSDT"",""S"":""Buy"",""v"":""71"",""p"":""0.5090""}"
2026-09-14T00:52:54.329146Z,1789347173801,PONSUSDT,Buy,1514,0.5081,"{""T"":1789347173801,""s"":""PONSUSDT"",""S"":""Buy"",""v"":""1514"",""p"":""0.5081""}"
2026-09-14T00:52:55.829251Z,1789347175568,PONSUSDT,Buy,2770,0.5073,"{""T"":1789347175568,""s"":""PONSUSDT"",""S"":""Buy"",""v"":""2770"",""p"":""0.5073""}"
2026-09-14T00:52:56.329152Z,1789347176174,PONSUSDT,Buy,1000,0.5059,"{""T"":1789347176174,""s"":""PONSUSDT"",""S"":""Buy"",""v"":""1000"",""p"":""0.5059""}"
2026-09-14T00:53:21.997084Z,1789347201540,B3USDT,Sell,428300,0.0007620,"{""T"":1789347201540,""s"":""B3USDT"",""S"":""Sell"",""v"":""428300"",""p"":""0.0007620""}"
2026-09-14T00:53:38.000761Z,1789347217746,B3USDT,Sell,111900,0.0007693,"{""T"":1789347217746,""s"":""B3USDT"",""S"":""Sell"",""v"":""111900"",""p"":""0.0007693""}"
2026-09-14T00:53:46.915034Z,1789347226636,UNIUSDT,Sell,7.3,6.232,"{""T"":1789347226636,""s"":""UNIUSDT"",""S"":""Sell"",""v"":""7.3"",""p"":""6.232""}"
2026-09-14T00:53:56.497684Z,1789347236374,B3USDT,Sell,7900,0.0007858,"{""T"":1789347236374,""s"":""B3USDT"",""S"":""Sell"",""v"":""7900"",""p"":""0.0007858""}"
2026-09-14T00:53:57.997109Z,1789347237663,B3USDT,Sell,37100,0.0007877,"{""T"":1789347237663,""s"":""B3USDT"",""S"":""Sell"",""v"":""37100"",""p"":""0.0007877""}"
2026-09-14T00:54:20.838253Z,1789347260327,CVCUSDT,Buy,2772,0.03072,"{""T"":1789347260327,""s"":""CVCUSDT"",""S"":""Buy"",""v"":""2772"",""p"":""0.03072""}"
2026-09-14T00:55:06.997070Z,1789347306865,B3USDT,Sell,34100,0.0007854,"{""T"":1789347306865,""s"":""B3USDT"",""S"":""Sell"",""v"":""34100"",""p"":""0.0007854""}"
2026-09-14T00:55:21.492307Z,1789347321343,MTLUSDT,Sell,521.3,0.3432,"{""T"":1789347321343,""s"":""MTLUSDT"",""S"":""Sell"",""v"":""521.3"",""p"":""0.3432""}"
2026-09-14T00:55:21.566622Z,1789347321343,BTCUSDT,Sell,0.001,77044.20,"{""T"":1789347321343,""s"":""BTCUSDT"",""S"":""Sell"",""v"":""0.001"",""p"":""77044.20""}"
2026-09-14T00:55:21.907739Z,1789347321343,POWERUSDT,Sell,551,0.12390,"{""T"":1789347321343,""s"":""POWERUSDT"",""S"":""Sell"",""v"":""551"",""p"":""0.12390""}"
2026-09-14T00:55:23.492146Z,1789347323019,MTLUSDT,Sell,515.1,0.3443,"{""T"":1789347323019,""s"":""MTLUSDT"",""S"":""Sell"",""v"":""515.1"",""p"":""0.3443""}"
2026-09-14T00:55:40.410784Z,1789347340134,LSKUSDT,Buy,52.9,0.73319,"{""T"":1789347340134,""s"":""LSKUSDT"",""S"":""Buy"",""v"":""52.9"",""p"":""0.73319""}"
2026-09-14T00:55:45.407809Z,1789347344915,LSKUSDT,Buy,9.9,0.72696,"{""T"":1789347344915,""s"":""LSKUSDT"",""S"":""Buy"",""v"":""9.9"",""p"":""0.72696""}"
2026-09-14T00:55:56.996929Z,1789347356688,PUNDIXUSDT,Sell,32761,0.12241,"{""T"":1789347356688,""s"":""PUNDIXUSDT"",""S"":""Sell"",""v"":""32761"",""p"":""0.12241""}"
2026-09-14T00:56:45.829519Z,1789347405680,PONSUSDT,Buy,6607,0.5036,"{""T"":1789347405680,""s"":""PONSUSDT"",""S"":""Buy"",""v"":""6607"",""p"":""0.5036""}"
2026-09-14T00:56:45.829519Z,1789347405698,PONSUSDT,Buy,33,0.5035,"{""T"":1789347405698,""s"":""PONSUSDT"",""S"":""Buy"",""v"":""33"",""p"":""0.5035""}"
2026-09-14T00:56:46.329172Z,1789347406017,PONSUSDT,Buy,411,0.5035,"{""T"":1789347406017,""s"":""PONSUSDT"",""S"":""Buy"",""v"":""411"",""p"":""0.5035""}"
2026-09-14T00:56:46.329172Z,1789347406065,PONSUSDT,Buy,329,0.5031,"{""T"":1789347406065,""s"":""PONSUSDT"",""S"":""Buy"",""v"":""329"",""p"":""0.5031""}"
2026-09-14T00:56:48.828816Z,1789347408394,PONSUSDT,Buy,117,0.5027,"{""T"":1789347408394,""s"":""PONSUSDT"",""S"":""Buy"",""v"":""117"",""p"":""0.5027""}"
2026-09-14T00:56:48.828816Z,1789347408485,PONSUSDT,Buy,198,0.5012,"{""T"":1789347408485,""s"":""PONSUSDT"",""S"":""Buy"",""v"":""198"",""p"":""0.5012""}"
2026-09-14T00:56:49.829357Z,1789347409384,PONSUSDT,Buy,2140,0.5002,"{""T"":1789347409384,""s"":""PONSUSDT"",""S"":""Buy"",""v"":""2140"",""p"":""0.5002""}"
2026-09-14T00:56:54.329057Z,1789347414192,PONSUSDT,Buy,1767,0.4994,"{""T"":1789347414192,""s"":""PONSUSDT"",""S"":""Buy"",""v"":""1767"",""p"":""0.4994""}"
2026-09-14T00:57:06.908319Z,1789347426330,LSKUSDT,Buy,8.4,0.72411,"{""T"":1789347426330,""s"":""LSKUSDT"",""S"":""Buy"",""v"":""8.4"",""p"":""0.72411""}"
2026-09-14T00:58:10.329378Z,1789347490173,PONSUSDT,Buy,973,0.4980,"{""T"":1789347490173,""s"":""PONSUSDT"",""S"":""Buy"",""v"":""973"",""p"":""0.4980""}"
2026-09-14T00:58:10.829023Z,1789347490717,PONSUSDT,Buy,3571,0.4986,"{""T"":1789347490717,""s"":""PONSUSDT"",""S"":""Buy"",""v"":""3571"",""p"":""0.4986""}"
2026-09-14T00:58:20.907763Z,1789347500757,LSKUSDT,Buy,331.0,0.71353,"{""T"":1789347500757,""s"":""LSKUSDT"",""S"":""Buy"",""v"":""331.0"",""p"":""0.71353""}"
2026-09-14T00:58:21.407912Z,1789347501249,LSKUSDT,Buy,32.9,0.71170,"{""T"":1789347501249,""s"":""LSKUSDT"",""S"":""Buy"",""v"":""32.9"",""p"":""0.71170""}"
2026-09-14T00:58:28.016793Z,1789347507548,NEARUSDT,Buy,779.3,2.2840,"{""T"":1789347507548,""s"":""NEARUSDT"",""S"":""Buy"",""v"":""779.3"",""p"":""2.2840""}"
2026-09-14T00:58:47.409092Z,1789347526931,LSKUSDT,Buy,31.4,0.70867,"{""T"":1789347526931,""s"":""LSKUSDT"",""S"":""Buy"",""v"":""31.4"",""p"":""0.70867""}"
2026-09-14T00:58:49.407811Z,1789347528929,LSKUSDT,Buy,27.6,0.70498,"{""T"":1789347528929,""s"":""LSKUSDT"",""S"":""Buy"",""v"":""27.6"",""p"":""0.70498""}"
2026-09-14T00:58:50.407841Z,1789347529891,LSKUSDT,Buy,5025.6,0.70448,"{""T"":1789347529891,""s"":""LSKUSDT"",""S"":""Buy"",""v"":""5025.6"",""p"":""0.70448""}"
2026-09-14T00:58:51.907901Z,1789347531763,LSKUSDT,Buy,400.0,0.70256,"{""T"":1789347531763,""s"":""LSKUSDT"",""S"":""Buy"",""v"":""400.0"",""p"":""0.70256""}"
2026-09-14T00:59:31.329131Z,1789347570789,LABUSDT,Buy,4500,0.05130,"{""T"":1789347570789,""s"":""LABUSDT"",""S"":""Buy"",""v"":""4500"",""p"":""0.05130""}"
2026-09-14T01:00:04.814150Z,1789347604691,SPCXUSDT,Buy,1.26,147.39,"{""T"":1789347604691,""s"":""SPCXUSDT"",""S"":""Buy"",""v"":""1.26"",""p"":""147.39""}"
2026-09-14T01:00:15.908102Z,1789347615495,LSKUSDT,Buy,54.0,0.69669,"{""T"":1789347615495,""s"":""LSKUSDT"",""S"":""Buy"",""v"":""54.0"",""p"":""0.69669""}"
2026-09-14T01:00:15.908102Z,1789347615787,LSKUSDT,Buy,972.1,0.69747,"{""T"":1789347615787,""s"":""LSKUSDT"",""S"":""Buy"",""v"":""972.1"",""p"":""0.69747""}"
2026-09-14T01:00:16.407900Z,1789347616272,LSKUSDT,Buy,242.6,0.69535,"{""T"":1789347616272,""s"":""LSKUSDT"",""S"":""Buy"",""v"":""242.6"",""p"":""0.69535""}"
2026-09-14T01:00:19.907828Z,1789347619386,LSKUSDT,Buy,81.6,0.69157,"{""T"":1789347619386,""s"":""LSKUSDT"",""S"":""Buy"",""v"":""81.6"",""p"":""0.69157""}"
2026-09-14T01:00:21.329192Z,1789347621214,NIULAIUSDT,Buy,23850,0.11143,"{""T"":1789347621214,""s"":""NIULAIUSDT"",""S"":""Buy"",""v"":""23850"",""p"":""0.11143""}"
2026-09-14T01:00:21.407830Z,1789347621214,LSKUSDT,Buy,1483.1,0.68716,"{""T"":1789347621214,""s"":""LSKUSDT"",""S"":""Buy"",""v"":""1483.1"",""p"":""0.68716""}"
2026-09-14T01:00:22.407900Z,1789347621993,LSKUSDT,Buy,12.0,0.68678,"{""T"":1789347621993,""s"":""LSKUSDT"",""S"":""Buy"",""v"":""12.0"",""p"":""0.68678""}"
2026-09-14T01:00:28.407932Z,1789347628180,STEEMUSDT,Sell,109,0.06275,"{""T"":1789347628180,""s"":""STEEMUSDT"",""S"":""Sell"",""v"":""109"",""p"":""0.06275""}"
2026-09-14T01:00:28.492124Z,1789347628180,POWRUSDT,Sell,139,0.06294,"{""T"":1789347628180,""s"":""POWRUSDT"",""S"":""Sell"",""v"":""139"",""p"":""0.06294""}"
2026-09-14T01:00:51.907990Z,1789347651581,LSKUSDT,Sell,2023.0,0.73840,"{""T"":1789347651581,""s"":""LSKUSDT"",""S"":""Sell"",""v"":""2023.0"",""p"":""0.73840""}"
2026-09-14T01:00:56.425661Z,1789347656113,LSKUSDT,Sell,168.3,0.74212,"{""T"":1789347656113,""s"":""LSKUSDT"",""S"":""Sell"",""v"":""168.3"",""p"":""0.74212""}"
2026-09-14T01:00:56.907793Z,1789347656477,LSKUSDT,Sell,23.9,0.74228,"{""T"":1789347656477,""s"":""LSKUSDT"",""S"":""Sell"",""v"":""23.9"",""p"":""0.74228""}"
2026-09-14T01:01:07.136334Z,1789347666742,AKEUSDT,Sell,1500,0.0154330,"{""T"":1789347666742,""s"":""AKEUSDT"",""S"":""Sell"",""v"":""1500"",""p"":""0.0154330""}"
2026-09-14T01:01:07.986559Z,1789347667632,SOXLUSDT,Buy,50.54,111.86,"{""T"":1789347667632,""s"":""SOXLUSDT"",""S"":""Buy"",""v"":""50.54"",""p"":""111.86""}"
2026-09-14T01:01:10.986544Z,1789347670652,SOXLUSDT,Buy,6.44,111.66,"{""T"":1789347670652,""s"":""SOXLUSDT"",""S"":""Buy"",""v"":""6.44"",""p"":""111.66""}"
2026-09-14T01:01:11.486793Z,1789347671066,SOXLUSDT,Buy,30.00,111.54,"{""T"":1789347671066,""s"":""SOXLUSDT"",""S"":""Buy"",""v"":""30.00"",""p"":""111.54""}"
2026-09-14T01:01:11.566701Z,1789347671066,BTCUSDT,Buy,0.010,76555.40,"{""T"":1789347671066,""s"":""BTCUSDT"",""S"":""Buy"",""v"":""0.010"",""p"":""76555.40""}"
2026-09-14T01:01:13.986621Z,1789347673737,SOXLUSDT,Buy,2.36,111.29,"{""T"":1789347673737,""s"":""SOXLUSDT"",""S"":""Buy"",""v"":""2.36"",""p"":""111.29""}"
2026-09-14T01:01:28.496979Z,1789347688110,B3USDT,Buy,20900,0.0007239,"{""T"":1789347688110,""s"":""B3USDT"",""S"":""Buy"",""v"":""20900"",""p"":""0.0007239""}"
2026-09-14T01:01:47.412227Z,1789347706902,LSKUSDT,Buy,60.8,0.69846,"{""T"":1789347706902,""s"":""LSKUSDT"",""S"":""Buy"",""v"":""60.8"",""p"":""0.69846""}"
2026-09-14T01:01:47.908294Z,1789347707589,LSKUSDT,Buy,787.4,0.69735,"{""T"":1789347707589,""s"":""LSKUSDT"",""S"":""Buy"",""v"":""787.4"",""p"":""0.69735""}"
2026-09-14T01:01:53.986543Z,1789347713751,XAUUSDT,Sell,0.043,4366.94,"{""T"":1789347713751,""s"":""XAUUSDT"",""S"":""Sell"",""v"":""0.043"",""p"":""4366.94""}"
2026-09-14T01:02:03.907749Z,1789347723372,LSKUSDT,Sell,826.7,0.73813,"{""T"":1789347723372,""s"":""LSKUSDT"",""S"":""Sell"",""v"":""826.7"",""p"":""0.73813""}"
2026-09-14T01:02:15.986560Z,1789347735604,BTWUSDT,Buy,20,0.66786,"{""T"":1789347735604,""s"":""BTWUSDT"",""S"":""Buy"",""v"":""20"",""p"":""0.66786""}"
2026-09-14T01:02:16.487019Z,1789347736126,BTWUSDT,Buy,450,0.66485,"{""T"":1789347736126,""s"":""BTWUSDT"",""S"":""Buy"",""v"":""450"",""p"":""0.66485""}"
2026-09-14T01:02:16.487019Z,1789347736257,BTWUSDT,Buy,40,0.65970,"{""T"":1789347736257,""s"":""BTWUSDT"",""S"":""Buy"",""v"":""40"",""p"":""0.65970""}"
2026-09-14T01:02:16.487019Z,1789347736279,BTWUSDT,Buy,340,0.66304,"{""T"":1789347736279,""s"":""BTWUSDT"",""S"":""Buy"",""v"":""340"",""p"":""0.66304""}"
2026-09-14T01:02:16.986411Z,1789347736588,BTWUSDT,Buy,2120,0.65773,"{""T"":1789347736588,""s"":""BTWUSDT"",""S"":""Buy"",""v"":""2120"",""p"":""0.65773""}"
2026-09-14T01:03:34.997671Z,1789347814709,B3USDT,Buy,200,0.0007128,"{""T"":1789347814709,""s"":""B3USDT"",""S"":""Buy"",""v"":""200"",""p"":""0.0007128""}"
2026-09-14T01:03:47.329329Z,1789347826872,LABUSDT,Buy,272,0.05120,"{""T"":1789347826872,""s"":""LABUSDT"",""S"":""Buy"",""v"":""272"",""p"":""0.05120""}"
2026-09-14T01:04:03.497265Z,1789347843371,B3USDT,Buy,25700,0.0006964,"{""T"":1789347843371,""s"":""B3USDT"",""S"":""Buy"",""v"":""25700"",""p"":""0.0006964""}"
2026-09-14T01:04:03.997406Z,1789347843661,B3USDT,Buy,59900,0.0006961,"{""T"":1789347843661,""s"":""B3USDT"",""S"":""Buy"",""v"":""59900"",""p"":""0.0006961""}"
2026-09-14T01:04:17.496990Z,1789347856986,B3USDT,Buy,1282600,0.0006870,"{""T"":1789347856986,""s"":""B3USDT"",""S"":""Buy"",""v"":""1282600"",""p"":""0.0006870""}"
2026-09-14T01:04:41.500269Z,1789347881028,B3USDT,Buy,200,0.0006825,"{""T"":1789347881028,""s"":""B3USDT"",""S"":""Buy"",""v"":""200"",""p"":""0.0006825""}"
2026-09-14T01:04:47.497069Z,1789347887004,B3USDT,Buy,291200,0.0006813,"{""T"":1789347887004,""s"":""B3USDT"",""S"":""Buy"",""v"":""291200"",""p"":""0.0006813""}"
2026-09-14T01:04:47.497069Z,1789347887264,B3USDT,Buy,200,0.0006810,"{""T"":1789347887264,""s"":""B3USDT"",""S"":""Buy"",""v"":""200"",""p"":""0.0006810""}"
2026-09-14T01:05:02.997453Z,1789347902453,B3USDT,Buy,7100,0.0006786,"{""T"":1789347902453,""s"":""B3USDT"",""S"":""Buy"",""v"":""7100"",""p"":""0.0006786""}"
2026-09-14T01:05:06.496655Z,1789347905951,B3USDT,Buy,200,0.0006764,"{""T"":1789347905951,""s"":""B3USDT"",""S"":""Buy"",""v"":""200"",""p"":""0.0006764""}"
2026-09-14T01:05:35.639219Z,1789347935493,ARKUSDT,Sell,28510,0.15104,"{""T"":1789347935493,""s"":""ARKUSDT"",""S"":""Sell"",""v"":""28510"",""p"":""0.15104""}"
2026-09-14T01:07:06.907926Z,1789348026417,LSKUSDT,Sell,291.5,0.75498,"{""T"":1789348026417,""s"":""LSKUSDT"",""S"":""Sell"",""v"":""291.5"",""p"":""0.75498""}"
2026-09-14T01:07:07.407766Z,1789348026911,LSKUSDT,Sell,28.9,0.75481,"{""T"":1789348026911,""s"":""LSKUSDT"",""S"":""Sell"",""v"":""28.9"",""p"":""0.75481""}"
2026-09-14T01:07:20.908108Z,1789348040646,LSKUSDT,Sell,164.5,0.75538,"{""T"":1789348040646,""s"":""LSKUSDT"",""S"":""Sell"",""v"":""164.5"",""p"":""0.75538""}"
2026-09-14T01:08:05.908080Z,1789348085507,LSKUSDT,Sell,14.7,0.76475,"{""T"":1789348085507,""s"":""LSKUSDT"",""S"":""Sell"",""v"":""14.7"",""p"":""0.76475""}"
2026-09-14T01:08:05.908080Z,1789348085572,LSKUSDT,Sell,10.8,0.76573,"{""T"":1789348085572,""s"":""LSKUSDT"",""S"":""Sell"",""v"":""10.8"",""p"":""0.76573""}"
2026-09-14T01:08:18.908297Z,1789348098707,LSKUSDT,Sell,28.3,0.77480,"{""T"":1789348098707,""s"":""LSKUSDT"",""S"":""Sell"",""v"":""28.3"",""p"":""0.77480""}"
2026-09-14T01:08:19.407891Z,1789348099194,LSKUSDT,Sell,534.3,0.78602,"{""T"":1789348099194,""s"":""LSKUSDT"",""S"":""Sell"",""v"":""534.3"",""p"":""0.78602""}"
2026-09-14T01:08:19.907821Z,1789348099736,STEEMUSDT,Sell,660,0.06235,"{""T"":1789348099736,""s"":""STEEMUSDT"",""S"":""Sell"",""v"":""660"",""p"":""0.06235""}"
2026-09-14T01:08:19.908320Z,1789348099706,LSKUSDT,Sell,40.6,0.78624,"{""T"":1789348099706,""s"":""LSKUSDT"",""S"":""Sell"",""v"":""40.6"",""p"":""0.78624""}"
2026-09-14T01:08:19.908320Z,1789348099736,LSKUSDT,Sell,187.8,0.78743,"{""T"":1789348099736,""s"":""LSKUSDT"",""S"":""Sell"",""v"":""187.8"",""p"":""0.78743""}"
2026-09-14T01:08:19.908320Z,1789348099748,LSKUSDT,Sell,18.3,0.78765,"{""T"":1789348099748,""s"":""LSKUSDT"",""S"":""Sell"",""v"":""18.3"",""p"":""0.78765""}"
2026-09-14T01:08:20.407819Z,1789348099982,LSKUSDT,Sell,114.5,0.78736,"{""T"":1789348099982,""s"":""LSKUSDT"",""S"":""Sell"",""v"":""114.5"",""p"":""0.78736""}"
2026-09-14T01:08:29.407977Z,1789348108993,LSKUSDT,Sell,69.6,0.78884,"{""T"":1789348108993,""s"":""LSKUSDT"",""S"":""Sell"",""v"":""69.6"",""p"":""0.78884""}"
2026-09-14T01:08:29.407977Z,1789348109176,LSKUSDT,Sell,6477.9,0.78916,"{""T"":1789348109176,""s"":""LSKUSDT"",""S"":""Sell"",""v"":""6477.9"",""p"":""0.78916""}"
2026-09-14T01:08:29.407977Z,1789348109267,LSKUSDT,Sell,150.0,0.79284,"{""T"":1789348109267,""s"":""LSKUSDT"",""S"":""Sell"",""v"":""150.0"",""p"":""0.79284""}"
2026-09-14T01:08:29.407977Z,1789348109293,LSKUSDT,Sell,8.0,0.79205,"{""T"":1789348109293,""s"":""LSKUSDT"",""S"":""Sell"",""v"":""8.0"",""p"":""0.79205""}"
2026-09-14T01:08:29.909666Z,1789348109399,LSKUSDT,Sell,150.8,0.79200,"{""T"":1789348109399,""s"":""LSKUSDT"",""S"":""Sell"",""v"":""150.8"",""p"":""0.79200""}"
2026-09-14T01:08:29.909666Z,1789348109488,LSKUSDT,Sell,757.9,0.79005,"{""T"":1789348109488,""s"":""LSKUSDT"",""S"":""Sell"",""v"":""757.9"",""p"":""0.79005""}"
2026-09-14T01:08:30.907789Z,1789348110401,LSKUSDT,Sell,79.5,0.79414,"{""T"":1789348110401,""s"":""LSKUSDT"",""S"":""Sell"",""v"":""79.5"",""p"":""0.79414""}"
2026-09-14T01:08:30.907789Z,1789348110574,LSKUSDT,Sell,20.1,0.79481,"{""T"":1789348110574,""s"":""LSKUSDT"",""S"":""Sell"",""v"":""20.1"",""p"":""0.79481""}"
2026-09-14T01:08:30.907789Z,1789348110698,LSKUSDT,Sell,13.7,0.79550,"{""T"":1789348110698,""s"":""LSKUSDT"",""S"":""Sell"",""v"":""13.7"",""p"":""0.79550""}"
2026-09-14T01:08:31.907863Z,1789348111324,LSKUSDT,Sell,104.5,0.79945,"{""T"":1789348111324,""s"":""LSKUSDT"",""S"":""Sell"",""v"":""104.5"",""p"":""0.79945""}"
2026-09-14T01:08:31.907863Z,1789348111676,LSKUSDT,Sell,738.6,0.79845,"{""T"":1789348111676,""s"":""LSKUSDT"",""S"":""Sell"",""v"":""738.6"",""p"":""0.79845""}"
2026-09-14T01:08:32.407908Z,1789348111995,LSKUSDT,Sell,42.8,0.80220,"{""T"":1789348111995,""s"":""LSKUSDT"",""S"":""Sell"",""v"":""42.8"",""p"":""0.80220""}"
2026-09-14T01:08:33.407942Z,1789348112874,LSKUSDT,Sell,4865.4,0.80151,"{""T"":1789348112874,""s"":""LSKUSDT"",""S"":""Sell"",""v"":""4865.4"",""p"":""0.80151""}"
2026-09-14T01:08:34.907926Z,1789348114742,LSKUSDT,Sell,51.5,0.80500,"{""T"":1789348114742,""s"":""LSKUSDT"",""S"":""Sell"",""v"":""51.5"",""p"":""0.80500""}"
2026-09-14T01:08:35.907832Z,1789348115352,LSKUSDT,Sell,32.3,0.80936,"{""T"":1789348115352,""s"":""LSKUSDT"",""S"":""Sell"",""v"":""32.3"",""p"":""0.80936""}"
2026-09-14T01:08:35.907832Z,1789348115566,LSKUSDT,Sell,1398.3,0.81336,"{""T"":1789348115566,""s"":""LSKUSDT"",""S"":""Sell"",""v"":""1398.3"",""p"":""0.81336""}"
2026-09-14T01:08:36.407831Z,1789348116209,LSKUSDT,Sell,19.9,0.81478,"{""T"":1789348116209,""s"":""LSKUSDT"",""S"":""Sell"",""v"":""19.9"",""p"":""0.81478""}"
2026-09-14T01:08:36.907992Z,1789348116808,LSKUSDT,Sell,5414.0,0.81490,"{""T"":1789348116808,""s"":""LSKUSDT"",""S"":""Sell"",""v"":""5414.0"",""p"":""0.81490""}"
2026-09-14T01:08:37.907771Z,1789348117440,LSKUSDT,Sell,7432.9,0.81723,"{""T"":1789348117440,""s"":""LSKUSDT"",""S"":""Sell"",""v"":""7432.9"",""p"":""0.81723""}"
2026-09-14T01:08:37.907771Z,1789348117522,LSKUSDT,Sell,109.9,0.81808,"{""T"":1789348117522,""s"":""LSKUSDT"",""S"":""Sell"",""v"":""109.9"",""p"":""0.81808""}"
2026-09-14T01:08:38.408091Z,1789348118040,LSKUSDT,Sell,74.7,0.81670,"{""T"":1789348118040,""s"":""LSKUSDT"",""S"":""Sell"",""v"":""74.7"",""p"":""0.81670""}"
2026-09-14T01:08:38.408091Z,1789348118050,LSKUSDT,Sell,58.5,0.81540,"{""T"":1789348118050,""s"":""LSKUSDT"",""S"":""Sell"",""v"":""58.5"",""p"":""0.81540""}"
2026-09-14T01:08:42.907567Z,1789348122426,LSKUSDT,Sell,71.0,0.81989,"{""T"":1789348122426,""s"":""LSKUSDT"",""S"":""Sell"",""v"":""71.0"",""p"":""0.81989""}"
2026-09-14T01:08:42.907567Z,1789348122776,LSKUSDT,Sell,141.7,0.81914,"{""T"":1789348122776,""s"":""LSKUSDT"",""S"":""Sell"",""v"":""141.7"",""p"":""0.81914""}"
2026-09-14T01:08:43.408051Z,1789348122832,LSKUSDT,Sell,3303.2,0.81914,"{""T"":1789348122832,""s"":""LSKUSDT"",""S"":""Sell"",""v"":""3303.2"",""p"":""0.81914""}"
2026-09-14T01:08:45.407705Z,1789348125250,LSKUSDT,Sell,50.0,0.83600,"{""T"":1789348125250,""s"":""LSKUSDT"",""S"":""Sell"",""v"":""50.0"",""p"":""0.83600""}"
2026-09-14T01:08:45.407705Z,1789348125301,LSKUSDT,Sell,4224.7,0.83464,"{""T"":1789348125301,""s"":""LSKUSDT"",""S"":""Sell"",""v"":""4224.7"",""p"":""0.83464""}"
2026-09-14T01:08:45.907738Z,1789348125460,POWERUSDT,Sell,257,0.12737,"{""T"":1789348125460,""s"":""POWERUSDT"",""S"":""Sell"",""v"":""257"",""p"":""0.12737""}"
2026-09-14T01:08:45.908104Z,1789348125379,LSKUSDT,Sell,268.2,0.82489,"{""T"":1789348125379,""s"":""LSKUSDT"",""S"":""Sell"",""v"":""268.2"",""p"":""0.82489""}"
2026-09-14T01:08:45.908104Z,1789348125441,LSKUSDT,Sell,158.8,0.83110,"{""T"":1789348125441,""s"":""LSKUSDT"",""S"":""Sell"",""v"":""158.8"",""p"":""0.83110""}"
2026-09-14T01:08:45.908104Z,1789348125460,LSKUSDT,Sell,134.9,0.83613,"{""T"":1789348125460,""s"":""LSKUSDT"",""S"":""Sell"",""v"":""134.9"",""p"":""0.83613""}"
2026-09-14T01:08:45.908104Z,1789348125502,LSKUSDT,Sell,52.7,0.82888,"{""T"":1789348125502,""s"":""LSKUSDT"",""S"":""Sell"",""v"":""52.7"",""p"":""0.82888""}"
2026-09-14T01:08:45.908104Z,1789348125555,LSKUSDT,Sell,2345.2,0.83296,"{""T"":1789348125555,""s"":""LSKUSDT"",""S"":""Sell"",""v"":""2345.2"",""p"":""0.83296""}"
2026-09-14T01:08:45.908104Z,1789348125734,LSKUSDT,Sell,13.1,0.82492,"{""T"":1789348125734,""s"":""LSKUSDT"",""S"":""Sell"",""v"":""13.1"",""p"":""0.82492""}"
2026-09-14T01:08:45.908104Z,1789348125801,LSKUSDT,Sell,290.3,0.83027,"{""T"":1789348125801,""s"":""LSKUSDT"",""S"":""Sell"",""v"":""290.3"",""p"":""0.83027""}"
2026-09-14T01:08:45.908104Z,1789348125802,LSKUSDT,Sell,135.0,0.82205,"{""T"":1789348125802,""s"":""LSKUSDT"",""S"":""Sell"",""v"":""135.0"",""p"":""0.82205""}"
2026-09-14T01:08:45.908104Z,1789348125819,LSKUSDT,Sell,85.5,0.82764,"{""T"":1789348125819,""s"":""LSKUSDT"",""S"":""Sell"",""v"":""85.5"",""p"":""0.82764""}"
2026-09-14T01:08:46.062955Z,1789348125555,FILUSDT,Sell,519.0,0.9926,"{""T"":1789348125555,""s"":""FILUSDT"",""S"":""Sell"",""v"":""519.0"",""p"":""0.9926""}"
2026-09-14T01:08:46.329674Z,1789348126021,NIULAIUSDT,Buy,3540,0.11127,"{""T"":1789348126021,""s"":""NIULAIUSDT"",""S"":""Buy"",""v"":""3540"",""p"":""0.11127""}"
2026-09-14T01:08:46.407793Z,1789348126021,LSKUSDT,Sell,1000.0,0.82822,"{""T"":1789348126021,""s"":""LSKUSDT"",""S"":""Sell"",""v"":""1000.0"",""p"":""0.82822""}"
2026-09-14T01:08:46.407793Z,1789348126033,LSKUSDT,Sell,292.2,0.82680,"{""T"":1789348126033,""s"":""LSKUSDT"",""S"":""Sell"",""v"":""292.2"",""p"":""0.82680""}"
2026-09-14T01:08:46.407793Z,1789348126306,LSKUSDT,Sell,165.4,0.83783,"{""T"":1789348126306,""s"":""LSKUSDT"",""S"":""Sell"",""v"":""165.4"",""p"":""0.83783""}"
2026-09-14T01:08:47.407980Z,1789348127100,LSKUSDT,Sell,130.8,0.83860,"{""T"":1789348127100,""s"":""LSKUSDT"",""S"":""Sell"",""v"":""130.8"",""p"":""0.83860""}"
2026-09-14T01:08:47.907854Z,1789348127571,LSKUSDT,Sell,3849.9,0.83901,"{""T"":1789348127571,""s"":""LSKUSDT"",""S"":""Sell"",""v"":""3849.9"",""p"":""0.83901""}"
2026-09-14T01:08:49.407913Z,1789348128972,LSKUSDT,Sell,71.0,0.84173,"{""T"":1789348128972,""s"":""LSKUSDT"",""S"":""Sell"",""v"":""71.0"",""p"":""0.84173""}"
2026-09-14T01:08:49.908098Z,1789348129518,LSKUSDT,Sell,1154.0,0.84396,"{""T"":1789348129518,""s"":""LSKUSDT"",""S"":""Sell"",""v"":""1154.0"",""p"":""0.84396""}"
2026-09-14T01:08:49.908098Z,1789348129755,LSKUSDT,Sell,106.2,0.84234,"{""T"":1789348129755,""s"":""LSKUSDT"",""S"":""Sell"",""v"":""106.2"",""p"":""0.84234""}"
2026-09-14T01:09:19.337796Z,1789348159239,CVCUSDT,Sell,8086,0.03250,"{""T"":1789348159239,""s"":""CVCUSDT"",""S"":""Sell"",""v"":""8086"",""p"":""0.03250""}"
2026-09-14T01:09:19.407837Z,1789348159048,LSKUSDT,Sell,45.6,0.85048,"{""T"":1789348159048,""s"":""LSKUSDT"",""S"":""Sell"",""v"":""45.6"",""p"":""0.85048""}"
2026-09-14T01:09:19.407837Z,1789348159099,LSKUSDT,Sell,2022.3,0.84761,"{""T"":1789348159099,""s"":""LSKUSDT"",""S"":""Sell"",""v"":""2022.3"",""p"":""0.84761""}"
2026-09-14T01:09:19.407837Z,1789348159239,LSKUSDT,Sell,601.5,0.85079,"{""T"":1789348159239,""s"":""LSKUSDT"",""S"":""Sell"",""v"":""601.5"",""p"":""0.85079""}"
2026-09-14T01:09:19.496802Z,1789348159239,FLOCKUSDT,Sell,3046,0.06939,"{""T"":1789348159239,""s"":""FLOCKUSDT"",""S"":""Sell"",""v"":""3046"",""p"":""0.06939""}"
2026-09-14T01:09:19.907801Z,1789348159520,LSKUSDT,Sell,8.2,0.85101,"{""T"":1789348159520,""s"":""LSKUSDT"",""S"":""Sell"",""v"":""8.2"",""p"":""0.85101""}"
2026-09-14T01:09:19.907801Z,1789348159559,LSKUSDT,Sell,98.0,0.85069,"{""T"":1789348159559,""s"":""LSKUSDT"",""S"":""Sell"",""v"":""98.0"",""p"":""0.85069""}"
2026-09-14T01:09:19.907801Z,1789348159807,LSKUSDT,Sell,473.8,0.84882,"{""T"":1789348159807,""s"":""LSKUSDT"",""S"":""Sell"",""v"":""473.8"",""p"":""0.84882""}"
2026-09-14T01:09:20.407993Z,1789348160038,LSKUSDT,Sell,419.2,0.84860,"{""T"":1789348160038,""s"":""LSKUSDT"",""S"":""Sell"",""v"":""419.2"",""p"":""0.84860""}"
2026-09-14T01:09:20.407993Z,1789348160065,LSKUSDT,Sell,33.2,0.85242,"{""T"":1789348160065,""s"":""LSKUSDT"",""S"":""Sell"",""v"":""33.2"",""p"":""0.85242""}"
2026-09-14T01:09:20.407993Z,1789348160206,LSKUSDT,Sell,29.1,0.85217,"{""T"":1789348160206,""s"":""LSKUSDT"",""S"":""Sell"",""v"":""29.1"",""p"":""0.85217""}"
2026-09-14T01:09:20.907852Z,1789348160717,LSKUSDT,Sell,152.2,0.85277,"{""T"":1789348160717,""s"":""LSKUSDT"",""S"":""Sell"",""v"":""152.2"",""p"":""0.85277""}"
2026-09-14T01:09:21.407682Z,1789348160882,LSKUSDT,Sell,550.2,0.85197,"{""T"":1789348160882,""s"":""LSKUSDT"",""S"":""Sell"",""v"":""550.2"",""p"":""0.85197""}"
2026-09-14T01:09:21.407682Z,1789348161175,LSKUSDT,Sell,711.3,0.85428,"{""T"":1789348161175,""s"":""LSKUSDT"",""S"":""Sell"",""v"":""711.3"",""p"":""0.85428""}"
2026-09-14T01:09:21.908059Z,1789348161366,LSKUSDT,Sell,2424.8,0.85847,"{""T"":1789348161366,""s"":""LSKUSDT"",""S"":""Sell"",""v"":""2424.8"",""p"":""0.85847""}"
2026-09-14T01:09:22.408757Z,1789348161984,LSKUSDT,Sell,297.6,0.85704,"{""T"":1789348161984,""s"":""LSKUSDT"",""S"":""Sell"",""v"":""297.6"",""p"":""0.85704""}"
2026-09-14T01:09:22.408757Z,1789348162060,LSKUSDT,Sell,347.2,0.85812,"{""T"":1789348162060,""s"":""LSKUSDT"",""S"":""Sell"",""v"":""347.2"",""p"":""0.85812""}"
2026-09-14T01:09:31.407856Z,1789348171091,LSKUSDT,Buy,54.7,0.80617,"{""T"":1789348171091,""s"":""LSKUSDT"",""S"":""Buy"",""v"":""54.7"",""p"":""0.80617""}"
2026-09-14T01:10:16.414513Z,1789348216191,ZECUSDT,Sell,3.16,1072.00,"{""T"":1789348216191,""s"":""ZECUSDT"",""S"":""Sell"",""v"":""3.16"",""p"":""1072.00""}"
2026-09-14T01:10:17.407955Z,1789348217066,LSKUSDT,Sell,391.9,0.85762,"{""T"":1789348217066,""s"":""LSKUSDT"",""S"":""Sell"",""v"":""391.9"",""p"":""0.85762""}"
2026-09-14T01:10:17.837796Z,1789348217541,CVCUSDT,Buy,514,0.03140,"{""T"":1789348217541,""s"":""CVCUSDT"",""S"":""Buy"",""v"":""514"",""p"":""0.03140""}"
2026-09-14T01:10:17.907855Z,1789348217353,LSKUSDT,Sell,1799.7,0.86079,"{""T"":1789348217353,""s"":""LSKUSDT"",""S"":""Sell"",""v"":""1799.7"",""p"":""0.86079""}"
2026-09-14T01:10:17.907855Z,1789348217541,LSKUSDT,Sell,18.6,0.86189,"{""T"":1789348217541,""s"":""LSKUSDT"",""S"":""Sell"",""v"":""18.6"",""p"":""0.86189""}"
2026-09-14T01:10:58.813915Z,1789348258670,HYPEUSDT,Sell,5.74,78.530,"{""T"":1789348258670,""s"":""HYPEUSDT"",""S"":""Sell"",""v"":""5.74"",""p"":""78.530""}"
2026-09-14T01:11:01.410717Z,1789348261230,STEEMUSDT,Sell,88,0.06491,"{""T"":1789348261230,""s"":""STEEMUSDT"",""S"":""Sell"",""v"":""88"",""p"":""0.06491""}"
2026-09-14T01:11:03.407851Z,1789348263012,STEEMUSDT,Sell,84,0.06524,"{""T"":1789348263012,""s"":""STEEMUSDT"",""S"":""Sell"",""v"":""84"",""p"":""0.06524""}"
2026-09-14T01:11:03.825496Z,1789348263556,RAYDIUMUSDT,Buy,777.1,1.3595,"{""T"":1789348263556,""s"":""RAYDIUMUSDT"",""S"":""Buy"",""v"":""777.1"",""p"":""1.3595""}"
2026-09-14T01:11:03.907806Z,1789348263556,STEEMUSDT,Sell,10230,0.06534,"{""T"":1789348263556,""s"":""STEEMUSDT"",""S"":""Sell"",""v"":""10230"",""p"":""0.06534""}"
2026-09-14T01:11:04.907930Z,1789348264359,STEEMUSDT,Sell,752,0.06541,"{""T"":1789348264359,""s"":""STEEMUSDT"",""S"":""Sell"",""v"":""752"",""p"":""0.06541""}"
2026-09-14T01:11:05.408071Z,1789348264892,STEEMUSDT,Sell,275,0.06552,"{""T"":1789348264892,""s"":""STEEMUSDT"",""S"":""Sell"",""v"":""275"",""p"":""0.06552""}"
2026-09-14T01:11:05.908099Z,1789348265377,STEEMUSDT,Sell,4039,0.06550,"{""T"":1789348265377,""s"":""STEEMUSDT"",""S"":""Sell"",""v"":""4039"",""p"":""0.06550""}"
2026-09-14T01:11:08.408019Z,1789348268100,STEEMUSDT,Sell,8991,0.06597,"{""T"":1789348268100,""s"":""STEEMUSDT"",""S"":""Sell"",""v"":""8991"",""p"":""0.06597""}"
2026-09-14T01:11:08.408019Z,1789348268312,STEEMUSDT,Sell,11988,0.06620,"{""T"":1789348268312,""s"":""STEEMUSDT"",""S"":""Sell"",""v"":""11988"",""p"":""0.06620""}"
2026-09-14T01:11:08.907810Z,1789348268459,STEEMUSDT,Sell,16625,0.06607,"{""T"":1789348268459,""s"":""STEEMUSDT"",""S"":""Sell"",""v"":""16625"",""p"":""0.06607""}"
2026-09-14T01:11:58.337974Z,1789348318129,CVCUSDT,Sell,32085,0.03362,"{""T"":1789348318129,""s"":""CVCUSDT"",""S"":""Sell"",""v"":""32085"",""p"":""0.03362""}"
2026-09-14T01:11:59.337709Z,1789348319151,CVCUSDT,Sell,819,0.03367,"{""T"":1789348319151,""s"":""CVCUSDT"",""S"":""Sell"",""v"":""819"",""p"":""0.03367""}"
2026-09-14T01:12:01.338496Z,1789348320913,CVCUSDT,Sell,12553,0.03372,"{""T"":1789348320913,""s"":""CVCUSDT"",""S"":""Sell"",""v"":""12553"",""p"":""0.03372""}"
2026-09-14T01:12:13.337976Z,1789348332897,CVCUSDT,Sell,6518,0.03379,"{""T"":1789348332897,""s"":""CVCUSDT"",""S"":""Sell"",""v"":""6518"",""p"":""0.03379""}"
2026-09-14T01:12:20.909299Z,1789348340361,LSKUSDT,Sell,3599.2,0.86466,"{""T"":1789348340361,""s"":""LSKUSDT"",""S"":""Sell"",""v"":""3599.2"",""p"":""0.86466""}"
2026-09-14T01:12:57.329804Z,1789348377189,NIULAIUSDT,Buy,60,0.10946,"{""T"":1789348377189,""s"":""NIULAIUSDT"",""S"":""Buy"",""v"":""60"",""p"":""0.10946""}"
2026-09-14T01:13:06.837934Z,1789348386634,CVCUSDT,Sell,17642,0.03411,"{""T"":1789348386634,""s"":""CVCUSDT"",""S"":""Sell"",""v"":""17642"",""p"":""0.03411""}"
2026-09-14T01:13:07.348067Z,1789348387121,MARSCOINUSDT,Buy,72290,0.09432,"{""T"":1789348387121,""s"":""MARSCOINUSDT"",""S"":""Buy"",""v"":""72290"",""p"":""0.09432""}"
2026-09-14T01:13:07.348067Z,1789348387135,MARSCOINUSDT,Buy,3890,0.09436,"{""T"":1789348387135,""s"":""MARSCOINUSDT"",""S"":""Buy"",""v"":""3890"",""p"":""0.09436""}"
2026-09-14T01:13:07.348067Z,1789348387193,MARSCOINUSDT,Buy,4250,0.09403,"{""T"":1789348387193,""s"":""MARSCOINUSDT"",""S"":""Buy"",""v"":""4250"",""p"":""0.09403""}"
2026-09-14T01:13:07.848410Z,1789348387579,MARSCOINUSDT,Buy,21750,0.09415,"{""T"":1789348387579,""s"":""MARSCOINUSDT"",""S"":""Buy"",""v"":""21750"",""p"":""0.09415""}"
2026-09-14T01:13:07.848410Z,1789348387612,MARSCOINUSDT,Buy,25800,0.09430,"{""T"":1789348387612,""s"":""MARSCOINUSDT"",""S"":""Buy"",""v"":""25800"",""p"":""0.09430""}"
2026-09-14T01:13:08.348766Z,1789348387823,MARSCOINUSDT,Buy,1610,0.09366,"{""T"":1789348387823,""s"":""MARSCOINUSDT"",""S"":""Buy"",""v"":""1610"",""p"":""0.09366""}"
2026-09-14T01:13:11.348159Z,1789348391014,MARSCOINUSDT,Buy,48280,0.09312,"{""T"":1789348391014,""s"":""MARSCOINUSDT"",""S"":""Buy"",""v"":""48280"",""p"":""0.09312""}"
2026-09-14T01:13:11.848132Z,1789348391582,MARSCOINUSDT,Buy,960,0.09315,"{""T"":1789348391582,""s"":""MARSCOINUSDT"",""S"":""Buy"",""v"":""960"",""p"":""0.09315""}"
2026-09-14T01:13:11.848132Z,1789348391602,MARSCOINUSDT,Buy,190,0.09306,"{""T"":1789348391602,""s"":""MARSCOINUSDT"",""S"":""Buy"",""v"":""190"",""p"":""0.09306""}"
2026-09-14T01:13:16.348226Z,1789348395912,MARSCOINUSDT,Buy,4850,0.09294,"{""T"":1789348395912,""s"":""MARSCOINUSDT"",""S"":""Buy"",""v"":""4850"",""p"":""0.09294""}"
2026-09-14T01:13:16.847736Z,1789348396322,MARSCOINUSDT,Buy,2690,0.09294,"{""T"":1789348396322,""s"":""MARSCOINUSDT"",""S"":""Buy"",""v"":""2690"",""p"":""0.09294""}"
2026-09-14T01:14:02.910999Z,1789348442492,LSKUSDT,Sell,6.7,0.86748,"{""T"":1789348442492,""s"":""LSKUSDT"",""S"":""Sell"",""v"":""6.7"",""p"":""0.86748""}"
2026-09-14T01:14:02.910999Z,1789348442666,LSKUSDT,Sell,1099.9,0.87002,"{""T"":1789348442666,""s"":""LSKUSDT"",""S"":""Sell"",""v"":""1099.9"",""p"":""0.87002""}"
2026-09-14T01:14:03.408118Z,1789348443189,LSKUSDT,Sell,1302.0,0.87267,"{""T"":1789348443189,""s"":""LSKUSDT"",""S"":""Sell"",""v"":""1302.0"",""p"":""0.87267""}"
2026-09-14T01:14:03.907872Z,1789348443629,LSKUSDT,Sell,466.9,0.87375,"{""T"":1789348443629,""s"":""LSKUSDT"",""S"":""Sell"",""v"":""466.9"",""p"":""0.87375""}"
2026-09-14T01:14:03.907872Z,1789348443690,LSKUSDT,Sell,34.6,0.87305,"{""T"":1789348443690,""s"":""LSKUSDT"",""S"":""Sell"",""v"":""34.6"",""p"":""0.87305""}"
2026-09-14T01:14:04.407795Z,1789348443903,LSKUSDT,Sell,1801.3,0.87153,"{""T"":1789348443903,""s"":""LSKUSDT"",""S"":""Sell"",""v"":""1801.3"",""p"":""0.87153""}"
2026-09-14T01:14:04.407795Z,1789348444118,LSKUSDT,Sell,60.7,0.87120,"{""T"":1789348444118,""s"":""LSKUSDT"",""S"":""Sell"",""v"":""60.7"",""p"":""0.87120""}"
2026-09-14T01:14:20.908388Z,1789348460345,LSKUSDT,Sell,1137.7,0.87758,"{""T"":1789348460345,""s"":""LSKUSDT"",""S"":""Sell"",""v"":""1137.7"",""p"":""0.87758""}"
2026-09-14T01:14:20.908388Z,1789348460515,LSKUSDT,Sell,2141.0,0.87715,"{""T"":1789348460515,""s"":""LSKUSDT"",""S"":""Sell"",""v"":""2141.0"",""p"":""0.87715""}"
2026-09-14T01:14:21.407880Z,1789348460853,LSKUSDT,Sell,611.6,0.87746,"{""T"":1789348460853,""s"":""LSKUSDT"",""S"":""Sell"",""v"":""611.6"",""p"":""0.87746""}"
2026-09-14T01:14:29.837774Z,1789348469456,CVCUSDT,Buy,6147,0.03209,"{""T"":1789348469456,""s"":""CVCUSDT"",""S"":""Buy"",""v"":""6147"",""p"":""0.03209""}"
2026-09-14T01:14:37.409063Z,1789348477292,LSKUSDT,Sell,46.7,0.88106,"{""T"":1789348477292,""s"":""LSKUSDT"",""S"":""Sell"",""v"":""46.7"",""p"":""0.88106""}"
2026-09-14T01:14:38.408105Z,1789348478011,LSKUSDT,Sell,1458.6,0.88215,"{""T"":1789348478011,""s"":""LSKUSDT"",""S"":""Sell"",""v"":""1458.6"",""p"":""0.88215""}"
2026-09-14T01:14:38.408105Z,1789348478242,LSKUSDT,Sell,34.0,0.88165,"{""T"":1789348478242,""s"":""LSKUSDT"",""S"":""Sell"",""v"":""34.0"",""p"":""0.88165""}"
2026-09-14T01:14:38.408105Z,1789348478242,LSKUSDT,Sell,1216.8,0.88295,"{""T"":1789348478242,""s"":""LSKUSDT"",""S"":""Sell"",""v"":""1216.8"",""p"":""0.88295""}"
2026-09-14T01:14:38.908151Z,1789348478722,LSKUSDT,Sell,15.7,0.88325,"{""T"":1789348478722,""s"":""LSKUSDT"",""S"":""Sell"",""v"":""15.7"",""p"":""0.88325""}"
2026-09-14T01:14:41.907818Z,1789348481344,LSKUSDT,Sell,152.6,0.88491,"{""T"":1789348481344,""s"":""LSKUSDT"",""S"":""Sell"",""v"":""152.6"",""p"":""0.88491""}"
2026-09-14T01:15:10.829130Z,1789348510405,FARTCOINUSDT,Buy,1007,0.13752,"{""T"":1789348510405,""s"":""FARTCOINUSDT"",""S"":""Buy"",""v"":""1007"",""p"":""0.13752""}"
2026-09-14T01:15:45.907875Z,1789348545696,LSKUSDT,Buy,117.0,0.81647,"{""T"":1789348545696,""s"":""LSKUSDT"",""S"":""Buy"",""v"":""117.0"",""p"":""0.81647""}"
2026-09-14T01:15:46.066394Z,1789348545696,BTCUSDT,Buy,0.001,76446.80,"{""T"":1789348545696,""s"":""BTCUSDT"",""S"":""Buy"",""v"":""0.001"",""p"":""76446.80""}"
2026-09-14T01:15:52.907895Z,1789348552686,LSKUSDT,Buy,268.5,0.81110,"{""T"":1789348552686,""s"":""LSKUSDT"",""S"":""Buy"",""v"":""268.5"",""p"":""0.81110""}"
2026-09-14T01:16:37.408108Z,1789348597108,LSKUSDT,Sell,204.4,0.86036,"{""T"":1789348597108,""s"":""LSKUSDT"",""S"":""Sell"",""v"":""204.4"",""p"":""0.86036""}"
2026-09-14T01:16:58.989792Z,1789348618797,BTWUSDT,Buy,10,0.64811,"{""T"":1789348618797,""s"":""BTWUSDT"",""S"":""Buy"",""v"":""10"",""p"":""0.64811""}"
2026-09-14T01:17:04.907903Z,1789348624338,LSKUSDT,Sell,4918.5,0.86790,"{""T"":1789348624338,""s"":""LSKUSDT"",""S"":""Sell"",""v"":""4918.5"",""p"":""0.86790""}"
2026-09-14T01:17:05.407867Z,1789348625186,LSKUSDT,Sell,135.0,0.87277,"{""T"":1789348625186,""s"":""LSKUSDT"",""S"":""Sell"",""v"":""135.0"",""p"":""0.87277""}"
2026-09-14T01:17:05.907922Z,1789348625749,LSKUSDT,Sell,129.6,0.87459,"{""T"":1789348625749,""s"":""LSKUSDT"",""S"":""Sell"",""v"":""129.6"",""p"":""0.87459""}"
2026-09-14T01:17:06.456485Z,1789348625941,ETHUSDT,Buy,0.12,2467.55,"{""T"":1789348625941,""s"":""ETHUSDT"",""S"":""Buy"",""v"":""0.12"",""p"":""2467.55""}"
2026-09-14T01:17:16.407842Z,1789348636206,LSKUSDT,Sell,8.1,0.87449,"{""T"":1789348636206,""s"":""LSKUSDT"",""S"":""Sell"",""v"":""8.1"",""p"":""0.87449""}"
2026-09-14T01:17:18.407857Z,1789348638203,LSKUSDT,Sell,1415.4,0.87787,"{""T"":1789348638203,""s"":""LSKUSDT"",""S"":""Sell"",""v"":""1415.4"",""p"":""0.87787""}"
2026-09-14T01:17:23.456700Z,1789348643335,ETHUSDT,Buy,0.01,2467.20,"{""T"":1789348643335,""s"":""ETHUSDT"",""S"":""Buy"",""v"":""0.01"",""p"":""2467.20""}"
2026-09-14T01:17:23.837979Z,1789348643335,XRPUSDT,Buy,21.1,1.3350,"{""T"":1789348643335,""s"":""XRPUSDT"",""S"":""Buy"",""v"":""21.1"",""p"":""1.3350""}"
2026-09-14T01:17:30.986607Z,1789348650590,SOXLUSDT,Buy,17.69,110.79,"{""T"":1789348650590,""s"":""SOXLUSDT"",""S"":""Buy"",""v"":""17.69"",""p"":""110.79""}"
2026-09-14T01:17:35.407811Z,1789348655108,LSKUSDT,Sell,1880.1,0.88246,"{""T"":1789348655108,""s"":""LSKUSDT"",""S"":""Sell"",""v"":""1880.1"",""p"":""0.88246""}"
2026-09-14T01:17:51.640362Z,1789348671245,ARKUSDT,Sell,2598,0.15382,"{""T"":1789348671245,""s"":""ARKUSDT"",""S"":""Sell"",""v"":""2598"",""p"":""0.15382""}"
2026-09-14T01:17:51.640362Z,1789348671384,ARKUSDT,Sell,2601,0.15401,"{""T"":1789348671384,""s"":""ARKUSDT"",""S"":""Sell"",""v"":""2601"",""p"":""0.15401""}"
2026-09-14T01:17:56.135665Z,1789348676034,ARKUSDT,Sell,42,0.15500,"{""T"":1789348676034,""s"":""ARKUSDT"",""S"":""Sell"",""v"":""42"",""p"":""0.15500""}"
2026-09-14T01:17:57.135637Z,1789348676674,ARKUSDT,Sell,34162,0.15510,"{""T"":1789348676674,""s"":""ARKUSDT"",""S"":""Sell"",""v"":""34162"",""p"":""0.15510""}"
2026-09-14T01:17:58.135919Z,1789348677551,ARKUSDT,Sell,5081,0.15578,"{""T"":1789348677551,""s"":""ARKUSDT"",""S"":""Sell"",""v"":""5081"",""p"":""0.15578""}"
2026-09-14T01:18:00.135713Z,1789348679766,ARKUSDT,Sell,442,0.15624,"{""T"":1789348679766,""s"":""ARKUSDT"",""S"":""Sell"",""v"":""442"",""p"":""0.15624""}"
2026-09-14T01:18:21.338750Z,1789348700891,CVCUSDT,Buy,17206,0.03162,"{""T"":1789348700891,""s"":""CVCUSDT"",""S"":""Buy"",""v"":""17206"",""p"":""0.03162""}"
2026-09-14T01:19:02.063559Z,1789348741901,FILUSDT,Sell,5.4,1.0196,"{""T"":1789348741901,""s"":""FILUSDT"",""S"":""Sell"",""v"":""5.4"",""p"":""1.0196""}"
2026-09-14T01:19:20.490341Z,1789348759961,CLUSDT,Sell,0.95,100.070,"{""T"":1789348759961,""s"":""CLUSDT"",""S"":""Sell"",""v"":""0.95"",""p"":""100.070""}"
2026-09-14T01:19:39.563931Z,1789348779096,FILUSDT,Sell,314.8,1.0252,"{""T"":1789348779096,""s"":""FILUSDT"",""S"":""Sell"",""v"":""314.8"",""p"":""1.0252""}"
2026-09-14T01:19:43.408426Z,1789348783300,STEEMUSDT,Sell,178,0.06719,"{""T"":1789348783300,""s"":""STEEMUSDT"",""S"":""Sell"",""v"":""178"",""p"":""0.06719""}"
2026-09-14T01:19:43.908609Z,1789348783532,STEEMUSDT,Sell,89,0.06724,"{""T"":1789348783532,""s"":""STEEMUSDT"",""S"":""Sell"",""v"":""89"",""p"":""0.06724""}"
2026-09-14T01:19:46.987063Z,1789348786772,XAUUSDT,Buy,0.525,4316.15,"{""T"":1789348786772,""s"":""XAUUSDT"",""S"":""Buy"",""v"":""0.525"",""p"":""4316.15""}"
2026-09-14T01:19:49.487319Z,1789348789387,XAUUSDT,Buy,0.002,4315.09,"{""T"":1789348789387,""s"":""XAUUSDT"",""S"":""Buy"",""v"":""0.002"",""p"":""4315.09""}"
2026-09-14T01:19:51.408499Z,1789348791175,STEEMUSDT,Sell,12266,0.06778,"{""T"":1789348791175,""s"":""STEEMUSDT"",""S"":""Sell"",""v"":""12266"",""p"":""0.06778""}"
2026-09-14T01:19:51.908272Z,1789348791719,STEEMUSDT,Sell,3238,0.06791,"{""T"":1789348791719,""s"":""STEEMUSDT"",""S"":""Sell"",""v"":""3238"",""p"":""0.06791""}"
2026-09-14T01:19:52.908558Z,1789348792739,STEEMUSDT,Sell,805,0.06826,"{""T"":1789348792739,""s"":""STEEMUSDT"",""S"":""Sell"",""v"":""805"",""p"":""0.06826""}"
2026-09-14T01:20:03.408750Z,1789348802854,LSKUSDT,Sell,50.1,0.87519,"{""T"":1789348802854,""s"":""LSKUSDT"",""S"":""Sell"",""v"":""50.1"",""p"":""0.87519""}"
2026-09-14T01:20:04.908421Z,1789348804456,STEEMUSDT,Sell,4862,0.06871,"{""T"":1789348804456,""s"":""STEEMUSDT"",""S"":""Sell"",""v"":""4862"",""p"":""0.06871""}"
2026-09-14T01:20:15.830679Z,1789348815394,LABUSDT,Buy,18,0.05080,"{""T"":1789348815394,""s"":""LABUSDT"",""S"":""Buy"",""v"":""18"",""p"":""0.05080""}"
2026-09-14T01:20:27.987374Z,1789348827767,SKHYUSDT,Buy,1.42,177.48,"{""T"":1789348827767,""s"":""SKHYUSDT"",""S"":""Buy"",""v"":""1.42"",""p"":""177.48""}"
2026-09-14T01:20:42.908717Z,1789348842566,LSKUSDT,Sell,1107.0,0.88875,"{""T"":1789348842566,""s"":""LSKUSDT"",""S"":""Sell"",""v"":""1107.0"",""p"":""0.88875""}"
2026-09-14T01:20:42.908717Z,1789348842569,LSKUSDT,Sell,48.9,0.88736,"{""T"":1789348842569,""s"":""LSKUSDT"",""S"":""Sell"",""v"":""48.9"",""p"":""0.88736""}"
2026-09-14T01:20:43.408839Z,1789348842873,LSKUSDT,Sell,8.1,0.88864,"{""T"":1789348842873,""s"":""LSKUSDT"",""S"":""Sell"",""v"":""8.1"",""p"":""0.88864""}"
2026-09-14T01:20:44.908196Z,1789348844816,LSKUSDT,Sell,9.1,0.88962,"{""T"":1789348844816,""s"":""LSKUSDT"",""S"":""Sell"",""v"":""9.1"",""p"":""0.88962""}"
2026-09-14T01:20:48.408285Z,1789348848260,LSKUSDT,Sell,181.4,0.89155,"{""T"":1789348848260,""s"":""LSKUSDT"",""S"":""Sell"",""v"":""181.4"",""p"":""0.89155""}"
2026-09-14T01:20:50.908421Z,1789348850365,LSKUSDT,Sell,97.5,0.89373,"{""T"":1789348850365,""s"":""LSKUSDT"",""S"":""Sell"",""v"":""97.5"",""p"":""0.89373""}"
2026-09-14T01:20:50.908421Z,1789348850459,LSKUSDT,Sell,2198.1,0.89397,"{""T"":1789348850459,""s"":""LSKUSDT"",""S"":""Sell"",""v"":""2198.1"",""p"":""0.89397""}"
2026-09-14T01:20:50.908421Z,1789348850461,LSKUSDT,Sell,271.8,0.89381,"{""T"":1789348850461,""s"":""LSKUSDT"",""S"":""Sell"",""v"":""271.8"",""p"":""0.89381""}"
2026-09-14T01:20:50.908421Z,1789348850461,LSKUSDT,Sell,700.0,0.89161,"{""T"":1789348850461,""s"":""LSKUSDT"",""S"":""Sell"",""v"":""700.0"",""p"":""0.89161""}"
2026-09-14T01:20:51.408380Z,1789348850861,LSKUSDT,Sell,13.7,0.89320,"{""T"":1789348850861,""s"":""LSKUSDT"",""S"":""Sell"",""v"":""13.7"",""p"":""0.89320""}"
2026-09-14T01:20:53.408460Z,1789348853113,LSKUSDT,Sell,712.2,0.89570,"{""T"":1789348853113,""s"":""LSKUSDT"",""S"":""Sell"",""v"":""712.2"",""p"":""0.89570""}"
2026-09-14T01:20:53.408460Z,1789348853152,LSKUSDT,Sell,554.5,0.89563,"{""T"":1789348853152,""s"":""LSKUSDT"",""S"":""Sell"",""v"":""554.5"",""p"":""0.89563""}"
2026-09-14T01:20:53.408460Z,1789348853203,LSKUSDT,Sell,27.1,0.89425,"{""T"":1789348853203,""s"":""LSKUSDT"",""S"":""Sell"",""v"":""27.1"",""p"":""0.89425""}"
2026-09-14T01:20:53.908485Z,1789348853360,LSKUSDT,Sell,1053.1,0.89561,"{""T"":1789348853360,""s"":""LSKUSDT"",""S"":""Sell"",""v"":""1053.1"",""p"":""0.89561""}"
2026-09-14T01:20:53.908485Z,1789348853477,LSKUSDT,Sell,539.6,0.89488,"{""T"":1789348853477,""s"":""LSKUSDT"",""S"":""Sell"",""v"":""539.6"",""p"":""0.89488""}"
2026-09-14T01:20:53.908485Z,1789348853477,LSKUSDT,Sell,1102.7,0.89698,"{""T"":1789348853477,""s"":""LSKUSDT"",""S"":""Sell"",""v"":""1102.7"",""p"":""0.89698""}"
2026-09-14T01:20:57.408384Z,1789348856837,LSKUSDT,Sell,791.0,0.89730,"{""T"":1789348856837,""s"":""LSKUSDT"",""S"":""Sell"",""v"":""791.0"",""p"":""0.89730""}"
2026-09-14T01:21:35.497841Z,1789348895224,DASHUSDT,Buy,0.10,52.34,"{""T"":1789348895224,""s"":""DASHUSDT"",""S"":""Buy"",""v"":""0.10"",""p"":""52.34""}"
2026-09-14T01:21:58.348534Z,1789348917853,MARSCOINUSDT,Buy,90,0.09270,"{""T"":1789348917853,""s"":""MARSCOINUSDT"",""S"":""Buy"",""v"":""90"",""p"":""0.09270""}"
2026-09-14T01:21:58.348534Z,1789348917991,MARSCOINUSDT,Buy,12780,0.09234,"{""T"":1789348917991,""s"":""MARSCOINUSDT"",""S"":""Buy"",""v"":""12780"",""p"":""0.09234""}"
2026-09-14T01:21:58.348534Z,1789348918093,MARSCOINUSDT,Buy,4670,0.09237,"{""T"":1789348918093,""s"":""MARSCOINUSDT"",""S"":""Buy"",""v"":""4670"",""p"":""0.09237""}"
2026-09-14T01:21:58.348534Z,1789348918187,MARSCOINUSDT,Buy,370,0.09276,"{""T"":1789348918187,""s"":""MARSCOINUSDT"",""S"":""Buy"",""v"":""370"",""p"":""0.09276""}"
2026-09-14T01:21:58.348534Z,1789348918235,MARSCOINUSDT,Buy,190,0.09226,"{""T"":1789348918235,""s"":""MARSCOINUSDT"",""S"":""Buy"",""v"":""190"",""p"":""0.09226""}"
2026-09-14T01:21:58.848524Z,1789348918354,MARSCOINUSDT,Buy,9990,0.09262,"{""T"":1789348918354,""s"":""MARSCOINUSDT"",""S"":""Buy"",""v"":""9990"",""p"":""0.09262""}"
2026-09-14T01:21:58.848524Z,1789348918751,MARSCOINUSDT,Buy,1100,0.09118,"{""T"":1789348918751,""s"":""MARSCOINUSDT"",""S"":""Buy"",""v"":""1100"",""p"":""0.09118""}"
2026-09-14T01:21:58.908257Z,1789348918541,POWERUSDT,Sell,3664,0.13137,"{""T"":1789348918541,""s"":""POWERUSDT"",""S"":""Sell"",""v"":""3664"",""p"":""0.13137""}"
2026-09-14T01:21:59.348693Z,1789348918889,MARSCOINUSDT,Buy,1860,0.09129,"{""T"":1789348918889,""s"":""MARSCOINUSDT"",""S"":""Buy"",""v"":""1860"",""p"":""0.09129""}"
2026-09-14T01:21:59.848671Z,1789348919367,MARSCOINUSDT,Buy,4360,0.09152,"{""T"":1789348919367,""s"":""MARSCOINUSDT"",""S"":""Buy"",""v"":""4360"",""p"":""0.09152""}"
2026-09-14T01:21:59.848671Z,1789348919534,MARSCOINUSDT,Buy,4320,0.09138,"{""T"":1789348919534,""s"":""MARSCOINUSDT"",""S"":""Buy"",""v"":""4320"",""p"":""0.09138""}"
2026-09-14T01:21:59.848671Z,1789348919661,MARSCOINUSDT,Buy,11180,0.09128,"{""T"":1789348919661,""s"":""MARSCOINUSDT"",""S"":""Buy"",""v"":""11180"",""p"":""0.09128""}"
2026-09-14T01:22:05.637234Z,1789348925200,ARKUSDT,Sell,7773,0.15724,"{""T"":1789348925200,""s"":""ARKUSDT"",""S"":""Sell"",""v"":""7773"",""p"":""0.15724""}"
2026-09-14T01:22:33.841589Z,1789348953298,CVCUSDT,Buy,2138,0.03131,"{""T"":1789348953298,""s"":""CVCUSDT"",""S"":""Buy"",""v"":""2138"",""p"":""0.03131""}"
2026-09-14T01:22:34.909406Z,1789348954586,LSKUSDT,Buy,12.6,0.83221,"{""T"":1789348954586,""s"":""LSKUSDT"",""S"":""Buy"",""v"":""12.6"",""p"":""0.83221""}"
2026-09-14T01:22:36.908379Z,1789348956491,LSKUSDT,Buy,237.0,0.82977,"{""T"":1789348956491,""s"":""LSKUSDT"",""S"":""Buy"",""v"":""237.0"",""p"":""0.82977""}"
2026-09-14T01:23:09.987733Z,1789348989483,BTWUSDT,Buy,10,0.63457,"{""T"":1789348989483,""s"":""BTWUSDT"",""S"":""Buy"",""v"":""10"",""p"":""0.63457""}"
2026-09-14T01:23:10.487202Z,1789348990247,BTWUSDT,Buy,120,0.63468,"{""T"":1789348990247,""s"":""BTWUSDT"",""S"":""Buy"",""v"":""120"",""p"":""0.63468""}"
2026-09-14T01:23:37.408702Z,1789349017109,POWERUSDT,Sell,27101,0.13356,"{""T"":1789349017109,""s"":""POWERUSDT"",""S"":""Sell"",""v"":""27101"",""p"":""0.13356""}"
2026-09-14T01:24:25.830172Z,1789349065363,PONSUSDT,Buy,628,0.5022,"{""T"":1789349065363,""s"":""PONSUSDT"",""S"":""Buy"",""v"":""628"",""p"":""0.5022""}"
2026-09-14T01:24:41.408749Z,1789349080963,LSKUSDT,Sell,245.8,0.86208,"{""T"":1789349080963,""s"":""LSKUSDT"",""S"":""Sell"",""v"":""245.8"",""p"":""0.86208""}"
2026-09-14T01:25:31.636554Z,1789349131481,AKEUSDT,Buy,3400,0.0145600,"{""T"":1789349131481,""s"":""AKEUSDT"",""S"":""Buy"",""v"":""3400"",""p"":""0.0145600""}"
2026-09-14T01:25:31.830117Z,1789349131481,PONSUSDT,Buy,261,0.4994,"{""T"":1789349131481,""s"":""PONSUSDT"",""S"":""Buy"",""v"":""261"",""p"":""0.4994""}"
2026-09-14T01:25:32.067429Z,1789349131481,BTCUSDT,Buy,0.017,76485.40,"{""T"":1789349131481,""s"":""BTCUSDT"",""S"":""Buy"",""v"":""0.017"",""p"":""76485.40""}"
2026-09-14T01:25:41.329817Z,1789349141169,CASHCATUSDT,Buy,350,0.14629,"{""T"":1789349141169,""s"":""CASHCATUSDT"",""S"":""Buy"",""v"":""350"",""p"":""0.14629""}"
2026-09-14T01:26:34.329950Z,1789349194151,PONSUSDT,Buy,1376,0.4967,"{""T"":1789349194151,""s"":""PONSUSDT"",""S"":""Buy"",""v"":""1376"",""p"":""0.4967""}"
2026-09-14T01:26:35.330190Z,1789349194775,PONSUSDT,Buy,686,0.4971,"{""T"":1789349194775,""s"":""PONSUSDT"",""S"":""Buy"",""v"":""686"",""p"":""0.4971""}"
2026-09-14T01:26:35.330190Z,1789349194832,PONSUSDT,Buy,36,0.4977,"{""T"":1789349194832,""s"":""PONSUSDT"",""S"":""Buy"",""v"":""36"",""p"":""0.4977""}"
2026-09-14T01:26:53.411957Z,1789349212926,LSKUSDT,Sell,4515.9,0.86619,"{""T"":1789349212926,""s"":""LSKUSDT"",""S"":""Sell"",""v"":""4515.9"",""p"":""0.86619""}"
2026-09-14T01:27:20.487625Z,1789349240350,BTWUSDT,Buy,20,0.62959,"{""T"":1789349240350,""s"":""BTWUSDT"",""S"":""Buy"",""v"":""20"",""p"":""0.62959""}"
2026-09-14T01:27:49.987623Z,1789349269427,SKHYUSDT,Sell,4.92,180.79,"{""T"":1789349269427,""s"":""SKHYUSDT"",""S"":""Sell"",""v"":""4.92"",""p"":""180.79""}"
2026-09-14T01:30:04.408649Z,1789349403822,POWERUSDT,Sell,1277,0.13471,"{""T"":1789349403822,""s"":""POWERUSDT"",""S"":""Sell"",""v"":""1277"",""p"":""0.13471""}"
2026-09-14T01:30:08.408505Z,1789349407897,LSKUSDT,Sell,12.5,0.87478,"{""T"":1789349407897,""s"":""LSKUSDT"",""S"":""Sell"",""v"":""12.5"",""p"":""0.87478""}"
2026-09-14T01:30:54.987583Z,1789349454638,BTWUSDT,Buy,450,0.62763,"{""T"":1789349454638,""s"":""BTWUSDT"",""S"":""Buy"",""v"":""450"",""p"":""0.62763""}"
2026-09-14T01:31:21.317516Z,1789349481011,PUMPFUNUSDT,Buy,16200,0.0034700,"{""T"":1789349481011,""s"":""PUMPFUNUSDT"",""S"":""Buy"",""v"":""16200"",""p"":""0.0034700""}"
2026-09-14T01:31:22.408490Z,1789349482264,POWERUSDT,Sell,4594,0.13638,"{""T"":1789349482264,""s"":""POWERUSDT"",""S"":""Sell"",""v"":""4594"",""p"":""0.13638""}"
2026-09-14T01:31:28.349211Z,1789349487784,MARSCOINUSDT,Buy,70000,0.09068,"{""T"":1789349487784,""s"":""MARSCOINUSDT"",""S"":""Buy"",""v"":""70000"",""p"":""0.09068""}"
2026-09-14T01:31:30.348802Z,1789349489989,MARSCOINUSDT,Buy,3890,0.09064,"{""T"":1789349489989,""s"":""MARSCOINUSDT"",""S"":""Buy"",""v"":""3890"",""p"":""0.09064""}"
2026-09-14T01:31:44.352508Z,1789349504137,USELESSUSDT,Buy,118,0.20239,"{""T"":1789349504137,""s"":""USELESSUSDT"",""S"":""Buy"",""v"":""118"",""p"":""0.20239""}"
2026-09-14T01:31:55.908744Z,1789349515548,STEEMUSDT,Sell,1611,0.07010,"{""T"":1789349515548,""s"":""STEEMUSDT"",""S"":""Sell"",""v"":""1611"",""p"":""0.07010""}"
2026-09-14T01:31:57.408608Z,1789349517282,STEEMUSDT,Sell,266,0.07027,"{""T"":1789349517282,""s"":""STEEMUSDT"",""S"":""Sell"",""v"":""266"",""p"":""0.07027""}"
2026-09-14T01:31:59.329981Z,1789349519184,CASHCATUSDT,Buy,110,0.14415,"{""T"":1789349519184,""s"":""CASHCATUSDT"",""S"":""Buy"",""v"":""110"",""p"":""0.14415""}"
2026-09-14T01:32:10.408604Z,1789349530211,STEEMUSDT,Sell,198,0.07058,"{""T"":1789349530211,""s"":""STEEMUSDT"",""S"":""Sell"",""v"":""198"",""p"":""0.07058""}"
2026-09-14T01:32:33.415793Z,1789349553185,ZECUSDT,Buy,0.18,1049.04,"{""T"":1789349553185,""s"":""ZECUSDT"",""S"":""Buy"",""v"":""0.18"",""p"":""1049.04""}"
2026-09-14T01:32:38.825944Z,1789349558590,VVVUSDT,Buy,0.86,20.7610,"{""T"":1789349558590,""s"":""VVVUSDT"",""S"":""Buy"",""v"":""0.86"",""p"":""20.7610""}"
2026-09-14T01:32:39.325516Z,1789349558872,VVVUSDT,Buy,1.35,20.7780,"{""T"":1789349558872,""s"":""VVVUSDT"",""S"":""Buy"",""v"":""1.35"",""p"":""20.7780""}"
2026-09-14T01:32:49.338716Z,1789349569123,CVCUSDT,Sell,68830,0.03441,"{""T"":1789349569123,""s"":""CVCUSDT"",""S"":""Sell"",""v"":""68830"",""p"":""0.03441""}"
2026-09-14T01:32:49.838630Z,1789349569608,CVCUSDT,Sell,6364,0.03436,"{""T"":1789349569608,""s"":""CVCUSDT"",""S"":""Sell"",""v"":""6364"",""p"":""0.03436""}"
2026-09-14T01:32:52.838376Z,1789349572322,CVCUSDT,Sell,167,0.03452,"{""T"":1789349572322,""s"":""CVCUSDT"",""S"":""Sell"",""v"":""167"",""p"":""0.03452""}"
2026-09-14T01:32:57.908470Z,1789349577549,POWERUSDT,Sell,1453,0.13899,"{""T"":1789349577549,""s"":""POWERUSDT"",""S"":""Sell"",""v"":""1453"",""p"":""0.13899""}"
2026-09-14T01:33:16.326378Z,1789349596092,ETHFIUSDT,Buy,209.7,0.6249,"{""T"":1789349596092,""s"":""ETHFIUSDT"",""S"":""Buy"",""v"":""209.7"",""p"":""0.6249""}"
2026-09-14T01:33:16.330234Z,1789349596092,PONSUSDT,Buy,197,0.4975,"{""T"":1789349596092,""s"":""PONSUSDT"",""S"":""Buy"",""v"":""197"",""p"":""0.4975""}"
2026-09-14T01:33:16.408571Z,1789349596092,POWERUSDT,Sell,892,0.13921,"{""T"":1789349596092,""s"":""POWERUSDT"",""S"":""Sell"",""v"":""892"",""p"":""0.13921""}"
2026-09-14T01:33:16.497562Z,1789349596092,STORJUSDT,Buy,3533.8,0.02811,"{""T"":1789349596092,""s"":""STORJUSDT"",""S"":""Buy"",""v"":""3533.8"",""p"":""0.02811""}"
2026-09-14T01:33:20.339279Z,1789349600043,XRPUSDT,Buy,947.6,1.3330,"{""T"":1789349600043,""s"":""XRPUSDT"",""S"":""Buy"",""v"":""947.6"",""p"":""1.3330""}"
2026-09-14T01:33:29.339267Z,1789349608758,CVCUSDT,Sell,130220,0.03465,"{""T"":1789349608758,""s"":""CVCUSDT"",""S"":""Sell"",""v"":""130220"",""p"":""0.03465""}"
2026-09-14T01:33:46.330054Z,1789349625929,FARTCOINUSDT,Buy,95,0.13697,"{""T"":1789349625929,""s"":""FARTCOINUSDT"",""S"":""Buy"",""v"":""95"",""p"":""0.13697""}"
2026-09-14T01:33:54.838516Z,1789349634432,XRPUSDT,Buy,19105.8,1.3324,"{""T"":1789349634432,""s"":""XRPUSDT"",""S"":""Buy"",""v"":""19105.8"",""p"":""1.3324""}"
2026-09-14T01:34:04.456682Z,1789349643915,ETHUSDT,Buy,0.01,2466.95,"{""T"":1789349643915,""s"":""ETHUSDT"",""S"":""Buy"",""v"":""0.01"",""p"":""2466.95""}"
2026-09-14T01:34:05.838505Z,1789349645285,XRPUSDT,Buy,13222.1,1.3313,"{""T"":1789349645285,""s"":""XRPUSDT"",""S"":""Buy"",""v"":""13222.1"",""p"":""1.3313""}"
2026-09-14T01:34:05.838505Z,1789349645582,XRPUSDT,Buy,4.6,1.3313,"{""T"":1789349645582,""s"":""XRPUSDT"",""S"":""Buy"",""v"":""4.6"",""p"":""1.3313""}"
2026-09-14T01:34:05.839034Z,1789349645255,CVCUSDT,Sell,145,0.03473,"{""T"":1789349645255,""s"":""CVCUSDT"",""S"":""Sell"",""v"":""145"",""p"":""0.03473""}"
2026-09-14T01:34:16.352634Z,1789349655988,MARSCOINUSDT,Buy,290,0.09047,"{""T"":1789349655988,""s"":""MARSCOINUSDT"",""S"":""Buy"",""v"":""290"",""p"":""0.09047""}"
2026-09-14T01:34:16.849248Z,1789349656528,MARSCOINUSDT,Buy,5360,0.09049,"{""T"":1789349656528,""s"":""MARSCOINUSDT"",""S"":""Buy"",""v"":""5360"",""p"":""0.09049""}"
2026-09-14T01:34:17.348961Z,1789349657058,MARSCOINUSDT,Buy,160,0.09042,"{""T"":1789349657058,""s"":""MARSCOINUSDT"",""S"":""Buy"",""v"":""160"",""p"":""0.09042""}"
2026-09-14T01:34:17.849231Z,1789349657357,MARSCOINUSDT,Buy,6600,0.09041,"{""T"":1789349657357,""s"":""MARSCOINUSDT"",""S"":""Buy"",""v"":""6600"",""p"":""0.09041""}"
2026-09-14T01:34:33.849051Z,1789349673636,MARSCOINUSDT,Buy,680,0.09027,"{""T"":1789349673636,""s"":""MARSCOINUSDT"",""S"":""Buy"",""v"":""680"",""p"":""0.09027""}"
2026-09-14T01:34:35.348776Z,1789349674865,MARSCOINUSDT,Buy,1300,0.09024,"{""T"":1789349674865,""s"":""MARSCOINUSDT"",""S"":""Buy"",""v"":""1300"",""p"":""0.09024""}"
2026-09-14T01:34:36.830016Z,1789349676654,NIULAIUSDT,Buy,8670,0.10904,"{""T"":1789349676654,""s"":""NIULAIUSDT"",""S"":""Buy"",""v"":""8670"",""p"":""0.10904""}"
2026-09-14T01:34:36.830016Z,1789349676735,NIULAIUSDT,Buy,820,0.10939,"{""T"":1789349676735,""s"":""NIULAIUSDT"",""S"":""Buy"",""v"":""820"",""p"":""0.10939""}"
2026-09-14T01:34:37.829742Z,1789349677309,NIULAIUSDT,Buy,200,0.10843,"{""T"":1789349677309,""s"":""NIULAIUSDT"",""S"":""Buy"",""v"":""200"",""p"":""0.10843""}"
2026-09-14T01:34:37.829742Z,1789349677625,NIULAIUSDT,Buy,110,0.10841,"{""T"":1789349677625,""s"":""NIULAIUSDT"",""S"":""Buy"",""v"":""110"",""p"":""0.10841""}"
2026-09-14T01:34:38.330231Z,1789349678027,NIULAIUSDT,Buy,710,0.10881,"{""T"":1789349678027,""s"":""NIULAIUSDT"",""S"":""Buy"",""v"":""710"",""p"":""0.10881""}"
2026-09-14T01:34:40.329609Z,1789349679769,NIULAIUSDT,Buy,220,0.10824,"{""T"":1789349679769,""s"":""NIULAIUSDT"",""S"":""Buy"",""v"":""220"",""p"":""0.10824""}"
2026-09-14T01:34:40.329609Z,1789349679972,NIULAIUSDT,Buy,70,0.10824,"{""T"":1789349679972,""s"":""NIULAIUSDT"",""S"":""Buy"",""v"":""70"",""p"":""0.10824""}"
2026-09-14T01:34:40.487473Z,1789349679973,CLUSDT,Sell,0.16,99.600,"{""T"":1789349679973,""s"":""CLUSDT"",""S"":""Sell"",""v"":""0.16"",""p"":""99.600""}"
2026-09-14T01:34:43.329677Z,1789349682756,NIULAIUSDT,Buy,2480,0.10811,"{""T"":1789349682756,""s"":""NIULAIUSDT"",""S"":""Buy"",""v"":""2480"",""p"":""0.10811""}"
2026-09-14T01:34:44.329631Z,1789349684127,NIULAIUSDT,Buy,50,0.10811,"{""T"":1789349684127,""s"":""NIULAIUSDT"",""S"":""Buy"",""v"":""50"",""p"":""0.10811""}"
2026-09-14T01:34:44.348410Z,1789349684127,MARSCOINUSDT,Buy,130,0.09023,"{""T"":1789349684127,""s"":""MARSCOINUSDT"",""S"":""Buy"",""v"":""130"",""p"":""0.09023""}"
2026-09-14T01:34:45.830276Z,1789349685738,CASHCATUSDT,Buy,810,0.14344,"{""T"":1789349685738,""s"":""CASHCATUSDT"",""S"":""Buy"",""v"":""810"",""p"":""0.14344""}"
2026-09-14T01:34:50.329763Z,1789349690050,PONSUSDT,Buy,3637,0.4950,"{""T"":1789349690050,""s"":""PONSUSDT"",""S"":""Buy"",""v"":""3637"",""p"":""0.4950""}"
2026-09-14T01:34:51.329670Z,1789349690766,PONSUSDT,Buy,568,0.4951,"{""T"":1789349690766,""s"":""PONSUSDT"",""S"":""Buy"",""v"":""568"",""p"":""0.4951""}"
2026-09-14T01:34:51.329670Z,1789349691227,PONSUSDT,Buy,900,0.4938,"{""T"":1789349691227,""s"":""PONSUSDT"",""S"":""Buy"",""v"":""900"",""p"":""0.4938""}"
2026-09-14T01:34:51.330213Z,1789349690903,NIULAIUSDT,Buy,15170,0.10788,"{""T"":1789349690903,""s"":""NIULAIUSDT"",""S"":""Buy"",""v"":""15170"",""p"":""0.10788""}"
2026-09-14T01:34:51.830012Z,1789349691641,PONSUSDT,Buy,66,0.4940,"{""T"":1789349691641,""s"":""PONSUSDT"",""S"":""Buy"",""v"":""66"",""p"":""0.4940""}"
2026-09-14T01:34:52.329815Z,1789349692018,PONSUSDT,Buy,10,0.4947,"{""T"":1789349692018,""s"":""PONSUSDT"",""S"":""Buy"",""v"":""10"",""p"":""0.4947""}"
2026-09-14T01:34:55.456670Z,1789349695305,ETHUSDT,Buy,0.02,2465.06,"{""T"":1789349695305,""s"":""ETHUSDT"",""S"":""Buy"",""v"":""0.02"",""p"":""2465.06""}"
2026-09-14T01:34:59.330383Z,1789349699022,NIULAIUSDT,Buy,850,0.10745,"{""T"":1789349699022,""s"":""NIULAIUSDT"",""S"":""Buy"",""v"":""850"",""p"":""0.10745""}"
2026-09-14T01:34:59.908733Z,1789349699460,KORUUSDT,Buy,34.54,20.33,"{""T"":1789349699460,""s"":""KORUUSDT"",""S"":""Buy"",""v"":""34.54"",""p"":""20.33""}"
2026-09-14T01:35:00.329965Z,1789349700075,PONSUSDT,Buy,1901,0.4927,"{""T"":1789349700075,""s"":""PONSUSDT"",""S"":""Buy"",""v"":""1901"",""p"":""0.4927""}"
2026-09-14T01:35:00.829696Z,1789349700536,NIULAIUSDT,Buy,1500,0.10741,"{""T"":1789349700536,""s"":""NIULAIUSDT"",""S"":""Buy"",""v"":""1500"",""p"":""0.10741""}"
2026-09-14T01:35:01.908930Z,1789349701410,CRVUSDT,Buy,26.0,0.3419,"{""T"":1789349701410,""s"":""CRVUSDT"",""S"":""Buy"",""v"":""26.0"",""p"":""0.3419""}"
2026-09-14T01:35:01.956864Z,1789349701464,ETHUSDT,Buy,0.06,2464.57,"{""T"":1789349701464,""s"":""ETHUSDT"",""S"":""Buy"",""v"":""0.06"",""p"":""2464.57""}"
2026-09-14T01:35:02.325977Z,1789349702091,FARTCOINUSDT,Buy,1279,0.13663,"{""T"":1789349702091,""s"":""FARTCOINUSDT"",""S"":""Buy"",""v"":""1279"",""p"":""0.13663""}"
2026-09-14T01:35:04.829891Z,1789349704645,NIULAIUSDT,Buy,250,0.10763,"{""T"":1789349704645,""s"":""NIULAIUSDT"",""S"":""Buy"",""v"":""250"",""p"":""0.10763""}"
2026-09-14T01:35:04.908597Z,1789349704645,POWERUSDT,Sell,333,0.13902,"{""T"":1789349704645,""s"":""POWERUSDT"",""S"":""Sell"",""v"":""333"",""p"":""0.13902""}"
2026-09-14T01:35:05.329718Z,1789349705187,PONSUSDT,Buy,556,0.4921,"{""T"":1789349705187,""s"":""PONSUSDT"",""S"":""Buy"",""v"":""556"",""p"":""0.4921""}"
2026-09-14T01:35:09.329635Z,1789349709185,PONSUSDT,Buy,175,0.4916,"{""T"":1789349709185,""s"":""PONSUSDT"",""S"":""Buy"",""v"":""175"",""p"":""0.4916""}"
2026-09-14T01:36:27.830551Z,1789349787653,NIULAIUSDT,Buy,310,0.10713,"{""T"":1789349787653,""s"":""NIULAIUSDT"",""S"":""Buy"",""v"":""310"",""p"":""0.10713""}"
2026-09-14T01:36:29.329957Z,1789349789062,NIULAIUSDT,Buy,400,0.10693,"{""T"":1789349789062,""s"":""NIULAIUSDT"",""S"":""Buy"",""v"":""400"",""p"":""0.10693""}"
2026-09-14T01:36:29.329957Z,1789349789145,NIULAIUSDT,Buy,9380,0.10669,"{""T"":1789349789145,""s"":""NIULAIUSDT"",""S"":""Buy"",""v"":""9380"",""p"":""0.10669""}"
2026-09-14T01:36:33.829729Z,1789349793286,NIULAIUSDT,Buy,220,0.10640,"{""T"":1789349793286,""s"":""NIULAIUSDT"",""S"":""Buy"",""v"":""220"",""p"":""0.10640""}"
2026-09-14T01:36:38.329685Z,1789349798192,PONSUSDT,Buy,4855,0.4902,"{""T"":1789349798192,""s"":""PONSUSDT"",""S"":""Buy"",""v"":""4855"",""p"":""0.4902""}"
2026-09-14T01:36:38.348784Z,1789349798192,UAIUSDT,Buy,4056,0.48430,"{""T"":1789349798192,""s"":""UAIUSDT"",""S"":""Buy"",""v"":""4056"",""p"":""0.48430""}"
2026-09-14T01:36:38.829656Z,1789349798631,PONSUSDT,Buy,301,0.4899,"{""T"":1789349798631,""s"":""PONSUSDT"",""S"":""Buy"",""v"":""301"",""p"":""0.4899""}"
2026-09-14T01:36:46.908996Z,1789349806461,LSKUSDT,Sell,64.0,0.87840,"{""T"":1789349806461,""s"":""LSKUSDT"",""S"":""Sell"",""v"":""64.0"",""p"":""0.87840""}"
2026-09-14T01:37:26.408688Z,1789349846073,POWERUSDT,Sell,385,0.14251,"{""T"":1789349846073,""s"":""POWERUSDT"",""S"":""Sell"",""v"":""385"",""p"":""0.14251""}"
2026-09-14T01:37:48.911426Z,1789349868380,LSKUSDT,Sell,13.3,0.89486,"{""T"":1789349868380,""s"":""LSKUSDT"",""S"":""Sell"",""v"":""13.3"",""p"":""0.89486""}"
2026-09-14T01:37:49.408785Z,1789349869151,LSKUSDT,Sell,56.1,0.90236,"{""T"":1789349869151,""s"":""LSKUSDT"",""S"":""Sell"",""v"":""56.1"",""p"":""0.90236""}"
2026-09-14T01:37:49.408785Z,1789349869207,LSKUSDT,Sell,230.4,0.90073,"{""T"":1789349869207,""s"":""LSKUSDT"",""S"":""Sell"",""v"":""230.4"",""p"":""0.90073""}"
2026-09-14T01:37:49.908667Z,1789349869413,LSKUSDT,Sell,56.5,0.90120,"{""T"":1789349869413,""s"":""LSKUSDT"",""S"":""Sell"",""v"":""56.5"",""p"":""0.90120""}"
2026-09-14T01:37:49.908667Z,1789349869469,LSKUSDT,Sell,532.3,0.90146,"{""T"":1789349869469,""s"":""LSKUSDT"",""S"":""Sell"",""v"":""532.3"",""p"":""0.90146""}"
2026-09-14T01:37:49.908667Z,1789349869680,LSKUSDT,Sell,5425.8,0.90236,"{""T"":1789349869680,""s"":""LSKUSDT"",""S"":""Sell"",""v"":""5425.8"",""p"":""0.90236""}"
2026-09-14T01:37:50.408721Z,1789349869896,LSKUSDT,Sell,198.1,0.90119,"{""T"":1789349869896,""s"":""LSKUSDT"",""S"":""Sell"",""v"":""198.1"",""p"":""0.90119""}"
2026-09-14T01:38:24.408620Z,1789349904237,LSKUSDT,Sell,443.6,0.90486,"{""T"":1789349904237,""s"":""LSKUSDT"",""S"":""Sell"",""v"":""443.6"",""p"":""0.90486""}"
2026-09-14T01:38:28.408583Z,1789349908075,LSKUSDT,Sell,18.1,0.90823,"{""T"":1789349908075,""s"":""LSKUSDT"",""S"":""Sell"",""v"":""18.1"",""p"":""0.90823""}"
2026-09-14T01:38:30.908603Z,1789349910702,LSKUSDT,Sell,39.8,0.91011,"{""T"":1789349910702,""s"":""LSKUSDT"",""S"":""Sell"",""v"":""39.8"",""p"":""0.91011""}"
2026-09-14T01:38:31.408599Z,1789349910886,LSKUSDT,Sell,1082.1,0.91083,"{""T"":1789349910886,""s"":""LSKUSDT"",""S"":""Sell"",""v"":""1082.1"",""p"":""0.91083""}"
2026-09-14T01:38:31.408599Z,1789349911065,LSKUSDT,Sell,42.2,0.91036,"{""T"":1789349911065,""s"":""LSKUSDT"",""S"":""Sell"",""v"":""42.2"",""p"":""0.91036""}"
2026-09-14T01:38:32.908451Z,1789349912363,LSKUSDT,Sell,1275.4,0.91364,"{""T"":1789349912363,""s"":""LSKUSDT"",""S"":""Sell"",""v"":""1275.4"",""p"":""0.91364""}"
2026-09-14T01:38:32.908451Z,1789349912387,LSKUSDT,Sell,74.0,0.91302,"{""T"":1789349912387,""s"":""LSKUSDT"",""S"":""Sell"",""v"":""74.0"",""p"":""0.91302""}"
2026-09-14T01:38:32.908451Z,1789349912646,LSKUSDT,Sell,4657.9,0.91356,"{""T"":1789349912646,""s"":""LSKUSDT"",""S"":""Sell"",""v"":""4657.9"",""p"":""0.91356""}"
2026-09-14T01:38:32.908451Z,1789349912716,LSKUSDT,Sell,583.4,0.91282,"{""T"":1789349912716,""s"":""LSKUSDT"",""S"":""Sell"",""v"":""583.4"",""p"":""0.91282""}"
2026-09-14T01:40:53.908989Z,1789350053738,LSKUSDT,Buy,26.9,0.85345,"{""T"":1789350053738,""s"":""LSKUSDT"",""S"":""Buy"",""v"":""26.9"",""p"":""0.85345""}"
2026-09-14T01:40:53.908989Z,1789350053759,LSKUSDT,Buy,38.3,0.84646,"{""T"":1789350053759,""s"":""LSKUSDT"",""S"":""Buy"",""v"":""38.3"",""p"":""0.84646""}"
2026-09-14T01:40:54.408753Z,1789350054008,LSKUSDT,Buy,24.4,0.85575,"{""T"":1789350054008,""s"":""LSKUSDT"",""S"":""Buy"",""v"":""24.4"",""p"":""0.85575""}"
2026-09-14T01:41:46.415395Z,1789350106188,ADAUSDT,Sell,171,0.2058,"{""T"":1789350106188,""s"":""ADAUSDT"",""S"":""Sell"",""v"":""171"",""p"":""0.2058""}"
2026-09-14T01:41:58.567001Z,1789350118281,BTCUSDT,Sell,0.104,77176.50,"{""T"":1789350118281,""s"":""BTCUSDT"",""S"":""Sell"",""v"":""0.104"",""p"":""77176.50""}"
2026-09-14T01:43:02.908833Z,1789350182712,POWERUSDT,Buy,88,0.13053,"{""T"":1789350182712,""s"":""POWERUSDT"",""S"":""Buy"",""v"":""88"",""p"":""0.13053""}"
2026-09-14T01:43:03.908606Z,1789350183601,STEEMUSDT,Buy,805,0.06192,"{""T"":1789350183601,""s"":""STEEMUSDT"",""S"":""Buy"",""v"":""805"",""p"":""0.06192""}"
2026-09-14T01:43:21.412360Z,1789350201144,STEEMUSDT,Buy,14743,0.06070,"{""T"":1789350201144,""s"":""STEEMUSDT"",""S"":""Buy"",""v"":""14743"",""p"":""0.06070""}"
2026-09-14T01:43:37.838911Z,1789350217315,CVCUSDT,Buy,360,0.03161,"{""T"":1789350217315,""s"":""CVCUSDT"",""S"":""Buy"",""v"":""360"",""p"":""0.03161""}"
2026-09-14T01:45:03.838792Z,1789350303745,CVCUSDT,Buy,9168,0.03133,"{""T"":1789350303745,""s"":""CVCUSDT"",""S"":""Buy"",""v"":""9168"",""p"":""0.03133""}"
2026-09-14T01:45:07.329907Z,1789350306980,PONSUSDT,Buy,282,0.4891,"{""T"":1789350306980,""s"":""PONSUSDT"",""S"":""Buy"",""v"":""282"",""p"":""0.4891""}"
2026-09-14T01:45:07.829966Z,1789350307475,PONSUSDT,Buy,50,0.4889,"{""T"":1789350307475,""s"":""PONSUSDT"",""S"":""Buy"",""v"":""50"",""p"":""0.4889""}"
2026-09-14T01:45:07.829966Z,1789350307486,PONSUSDT,Buy,48,0.4891,"{""T"":1789350307486,""s"":""PONSUSDT"",""S"":""Buy"",""v"":""48"",""p"":""0.4891""}"
2026-09-14T01:45:10.997716Z,1789350310603,STORJUSDT,Buy,2750.0,0.02764,"{""T"":1789350310603,""s"":""STORJUSDT"",""S"":""Buy"",""v"":""2750.0"",""p"":""0.02764""}"
2026-09-14T01:45:12.497543Z,1789350311980,STORJUSDT,Buy,69613.6,0.02761,"{""T"":1789350311980,""s"":""STORJUSDT"",""S"":""Buy"",""v"":""69613.6"",""p"":""0.02761""}"
2026-09-14T01:46:16.329667Z,1789350376014,PONSUSDT,Buy,9974,0.4866,"{""T"":1789350376014,""s"":""PONSUSDT"",""S"":""Buy"",""v"":""9974"",""p"":""0.4866""}"
2026-09-14T01:46:16.329667Z,1789350376052,PONSUSDT,Buy,124,0.4883,"{""T"":1789350376052,""s"":""PONSUSDT"",""S"":""Buy"",""v"":""124"",""p"":""0.4883""}"
2026-09-14T01:46:17.329521Z,1789350376805,PONSUSDT,Buy,19,0.4881,"{""T"":1789350376805,""s"":""PONSUSDT"",""S"":""Buy"",""v"":""19"",""p"":""0.4881""}"
2026-09-14T01:46:59.408761Z,1789350419228,BZUSDT,Buy,3.19,102.13,"{""T"":1789350419228,""s"":""BZUSDT"",""S"":""Buy"",""v"":""3.19"",""p"":""102.13""}"
2026-09-14T01:46:59.487556Z,1789350419228,CLUSDT,Buy,8.11,98.220,"{""T"":1789350419228,""s"":""CLUSDT"",""S"":""Buy"",""v"":""8.11"",""p"":""98.220""}"
2026-09-14T01:47:00.487379Z,1789350420086,CLUSDT,Buy,0.07,98.210,"{""T"":1789350420086,""s"":""CLUSDT"",""S"":""Buy"",""v"":""0.07"",""p"":""98.210""}"
2026-09-14T01:47:20.568476Z,1789350440411,SOLUSDT,Buy,1.3,98.880,"{""T"":1789350440411,""s"":""SOLUSDT"",""S"":""Buy"",""v"":""1.3"",""p"":""98.880""}"
2026-09-14T01:47:20.636337Z,1789350440411,AKEUSDT,Buy,8800,0.0144980,"{""T"":1789350440411,""s"":""AKEUSDT"",""S"":""Buy"",""v"":""8800"",""p"":""0.0144980""}"
2026-09-14T01:49:48.314083Z,1789350587785,METUSDT,Buy,21.2,0.21260,"{""T"":1789350587785,""s"":""METUSDT"",""S"":""Buy"",""v"":""21.2"",""p"":""0.21260""}"
2026-09-14T01:52:26.908667Z,1789350746454,POWERUSDT,Buy,3634,0.13105,"{""T"":1789350746454,""s"":""POWERUSDT"",""S"":""Buy"",""v"":""3634"",""p"":""0.13105""}"
2026-09-14T01:53:18.915482Z,1789350798777,ZECUSDT,Sell,1.50,1079.32,"{""T"":1789350798777,""s"":""ZECUSDT"",""S"":""Sell"",""v"":""1.50"",""p"":""1079.32""}"
2026-09-14T01:54:47.457095Z,1789350886985,ETHUSDT,Sell,0.16,2495.44,"{""T"":1789350886985,""s"":""ETHUSDT"",""S"":""Sell"",""v"":""0.16"",""p"":""2495.44""}"
2026-09-14T01:54:48.997463Z,1789350888707,PENGUUSDT,Sell,720,0.007113,"{""T"":1789350888707,""s"":""PENGUUSDT"",""S"":""Sell"",""v"":""720"",""p"":""0.007113""}"
2026-09-14T01:55:05.314407Z,1789350904841,HYPEUSDT,Sell,0.48,78.590,"{""T"":1789350904841,""s"":""HYPEUSDT"",""S"":""Sell"",""v"":""0.48"",""p"":""78.590""}"
2026-09-14T01:55:06.456420Z,1789350906182,ETHUSDT,Sell,120.60,2496.07,"{""T"":1789350906182,""s"":""ETHUSDT"",""S"":""Sell"",""v"":""120.60"",""p"":""2496.07""}"
2026-09-14T01:55:20.497857Z,1789350920010,ICPUSDT,Sell,313.7,2.804,"{""T"":1789350920010,""s"":""ICPUSDT"",""S"":""Sell"",""v"":""313.7"",""p"":""2.804""}"
2026-09-14T01:56:15.330211Z,1789350974760,ENAUSDT,Sell,190,0.13911,"{""T"":1789350974760,""s"":""ENAUSDT"",""S"":""Sell"",""v"":""190"",""p"":""0.13911""}"
2026-09-14T01:56:15.408637Z,1789350975175,POWERUSDT,Sell,4101,0.14324,"{""T"":1789350975175,""s"":""POWERUSDT"",""S"":""Sell"",""v"":""4101"",""p"":""0.14324""}"
2026-09-14T01:56:21.409970Z,1789350981264,POWERUSDT,Sell,1198,0.14475,"{""T"":1789350981264,""s"":""POWERUSDT"",""S"":""Sell"",""v"":""1198"",""p"":""0.14475""}"
2026-09-14T01:56:32.566918Z,1789350992165,BTCUSDT,Sell,0.002,77225.30,"{""T"":1789350992165,""s"":""BTCUSDT"",""S"":""Sell"",""v"":""0.002"",""p"":""77225.30""}"
2026-09-14T01:56:37.563817Z,1789350997458,SOLUSDT,Sell,1.8,100.320,"{""T"":1789350997458,""s"":""SOLUSDT"",""S"":""Sell"",""v"":""1.8"",""p"":""100.320""}"
2026-09-14T01:57:18.908812Z,1789351038739,LSKUSDT,Sell,80.1,0.89562,"{""T"":1789351038739,""s"":""LSKUSDT"",""S"":""Sell"",""v"":""80.1"",""p"":""0.89562""}"
2026-09-14T01:57:19.908553Z,1789351039369,LSKUSDT,Sell,101.9,0.90026,"{""T"":1789351039369,""s"":""LSKUSDT"",""S"":""Sell"",""v"":""101.9"",""p"":""0.90026""}"
2026-09-14T01:57:42.838702Z,1789351062531,XRPUSDT,Sell,9832.9,1.3551,"{""T"":1789351062531,""s"":""XRPUSDT"",""S"":""Sell"",""v"":""9832.9"",""p"":""1.3551""}"
2026-09-14T01:57:44.487359Z,1789351064389,SOXLUSDT,Sell,0.72,113.78,"{""T"":1789351064389,""s"":""SOXLUSDT"",""S"":""Sell"",""v"":""0.72"",""p"":""113.78""}"
2026-09-14T01:57:44.487850Z,1789351064389,SNDKUSDT,Sell,0.02,1577.58,"{""T"":1789351064389,""s"":""SNDKUSDT"",""S"":""Sell"",""v"":""0.02"",""p"":""1577.58""}"
2026-09-14T01:57:47.408629Z,1789351067049,POWERUSDT,Buy,2218,0.13607,"{""T"":1789351067049,""s"":""POWERUSDT"",""S"":""Buy"",""v"":""2218"",""p"":""0.13607""}"
2026-09-14T01:58:00.456827Z,1789351079992,ETHUSDT,Sell,0.16,2500.10,"{""T"":1789351079992,""s"":""ETHUSDT"",""S"":""Sell"",""v"":""0.16"",""p"":""2500.10""}"
2026-09-14T01:58:02.566701Z,1789351082106,BTCUSDT,Sell,0.078,77249.80,"{""T"":1789351082106,""s"":""BTCUSDT"",""S"":""Sell"",""v"":""0.078"",""p"":""77249.80""}"
2026-09-14T01:58:02.566701Z,1789351082478,BTCUSDT,Sell,0.003,77255.70,"{""T"":1789351082478,""s"":""BTCUSDT"",""S"":""Sell"",""v"":""0.003"",""p"":""77255.70""}"
2026-09-14T01:58:03.408707Z,1789351083026,LSKUSDT,Sell,45.7,0.90121,"{""T"":1789351083026,""s"":""LSKUSDT"",""S"":""Sell"",""v"":""45.7"",""p"":""0.90121""}"
2026-09-14T01:58:03.456591Z,1789351082901,ETHUSDT,Sell,5.21,2500.69,"{""T"":1789351082901,""s"":""ETHUSDT"",""S"":""Sell"",""v"":""5.21"",""p"":""2500.69""}"
2026-09-14T01:58:04.825978Z,1789351084594,ENAUSDT,Sell,32145,0.13940,"{""T"":1789351084594,""s"":""ENAUSDT"",""S"":""Sell"",""v"":""32145"",""p"":""0.13940""}"
2026-09-14T01:58:05.066714Z,1789351084594,BTCUSDT,Sell,0.126,77273.90,"{""T"":1789351084594,""s"":""BTCUSDT"",""S"":""Sell"",""v"":""0.126"",""p"":""77273.90""}"
2026-09-14T01:58:05.564049Z,1789351085429,SOLUSDT,Sell,7.2,100.470,"{""T"":1789351085429,""s"":""SOLUSDT"",""S"":""Sell"",""v"":""7.2"",""p"":""100.470""}"
2026-09-14T01:58:05.566700Z,1789351085429,BTCUSDT,Sell,0.010,77277.60,"{""T"":1789351085429,""s"":""BTCUSDT"",""S"":""Sell"",""v"":""0.010"",""p"":""77277.60""}"
2026-09-14T01:58:05.957038Z,1789351085380,ETHUSDT,Sell,0.14,2500.98,"{""T"":1789351085380,""s"":""ETHUSDT"",""S"":""Sell"",""v"":""0.14"",""p"":""2500.98""}"
2026-09-14T01:58:05.957038Z,1789351085599,ETHUSDT,Sell,0.03,2500.92,"{""T"":1789351085599,""s"":""ETHUSDT"",""S"":""Sell"",""v"":""0.03"",""p"":""2500.92""}"
2026-09-14T01:58:06.456524Z,1789351086224,ETHUSDT,Sell,0.04,2501.48,"{""T"":1789351086224,""s"":""ETHUSDT"",""S"":""Sell"",""v"":""0.04"",""p"":""2501.48""}"
2026-09-14T01:58:06.956703Z,1789351086443,ETHUSDT,Sell,0.07,2501.36,"{""T"":1789351086443,""s"":""ETHUSDT"",""S"":""Sell"",""v"":""0.07"",""p"":""2501.36""}"
2026-09-14T01:58:07.016812Z,1789351086443,NEARUSDT,Sell,55.9,2.3470,"{""T"":1789351086443,""s"":""NEARUSDT"",""S"":""Sell"",""v"":""55.9"",""p"":""2.3470""}"
2026-09-14T01:58:18.570265Z,1789351098139,BTCUSDT,Sell,0.028,77322.30,"{""T"":1789351098139,""s"":""BTCUSDT"",""S"":""Sell"",""v"":""0.028"",""p"":""77322.30""}"
2026-09-14T01:58:19.016681Z,1789351098614,ATOMUSDT,Sell,53.0,1.6100,"{""T"":1789351098614,""s"":""ATOMUSDT"",""S"":""Sell"",""v"":""53.0"",""p"":""1.6100""}"
2026-09-14T01:58:19.066775Z,1789351098544,BTCUSDT,Sell,0.040,77321.50,"{""T"":1789351098544,""s"":""BTCUSDT"",""S"":""Sell"",""v"":""0.040"",""p"":""77321.50""}"
2026-09-14T01:58:19.066775Z,1789351098866,BTCUSDT,Sell,0.031,77318.40,"{""T"":1789351098866,""s"":""BTCUSDT"",""S"":""Sell"",""v"":""0.031"",""p"":""77318.40""}"
2026-09-14T01:58:19.066775Z,1789351098934,BTCUSDT,Sell,1.380,77290.40,"{""T"":1789351098934,""s"":""BTCUSDT"",""S"":""Sell"",""v"":""1.380"",""p"":""77290.40""}"
2026-09-14T01:58:19.563458Z,1789351099052,SOLUSDT,Sell,1.0,100.570,"{""T"":1789351099052,""s"":""SOLUSDT"",""S"":""Sell"",""v"":""1.0"",""p"":""100.570""}"
2026-09-14T01:58:20.067025Z,1789351099621,BTCUSDT,Sell,0.001,77330.30,"{""T"":1789351099621,""s"":""BTCUSDT"",""S"":""Sell"",""v"":""0.001"",""p"":""77330.30""}"
2026-09-14T01:58:20.415353Z,1789351100058,ADAUSDT,Sell,542,0.2067,"{""T"":1789351100058,""s"":""ADAUSDT"",""S"":""Sell"",""v"":""542"",""p"":""0.2067""}"
2026-09-14T01:58:20.415820Z,1789351099912,ZECUSDT,Sell,0.14,1082.57,"{""T"":1789351099912,""s"":""ZECUSDT"",""S"":""Sell"",""v"":""0.14"",""p"":""1082.57""}"
2026-09-14T01:58:20.456863Z,1789351100314,ETHUSDT,Sell,0.10,2502.34,"{""T"":1789351100314,""s"":""ETHUSDT"",""S"":""Sell"",""v"":""0.10"",""p"":""2502.34""}"
2026-09-14T01:58:25.415231Z,1789351105111,DOGEUSDT,Sell,24130,0.08371,"{""T"":1789351105111,""s"":""DOGEUSDT"",""S"":""Sell"",""v"":""24130"",""p"":""0.08371""}"
2026-09-14T01:59:15.064364Z,1789351154536,SOLUSDT,Sell,1.4,100.600,"{""T"":1789351154536,""s"":""SOLUSDT"",""S"":""Sell"",""v"":""1.4"",""p"":""100.600""}"
2026-09-14T01:59:23.314613Z,1789351162945,HYPEUSDT,Sell,56.50,78.810,"{""T"":1789351162945,""s"":""HYPEUSDT"",""S"":""Sell"",""v"":""56.50"",""p"":""78.810""}"
2026-09-14T01:59:27.497789Z,1789351166979,PENGUUSDT,Sell,703920,0.007161,"{""T"":1789351166979,""s"":""PENGUUSDT"",""S"":""Sell"",""v"":""703920"",""p"":""0.007161""}"
2026-09-14T01:59:28.064007Z,1789351167963,SOLUSDT,Sell,2.8,100.660,"{""T"":1789351167963,""s"":""SOLUSDT"",""S"":""Sell"",""v"":""2.8"",""p"":""100.660""}"
2026-09-14T02:00:11.314244Z,1789351211129,PUMPFUNUSDT,Sell,30700,0.0035980,"{""T"":1789351211129,""s"":""PUMPFUNUSDT"",""S"":""Sell"",""v"":""30700"",""p"":""0.0035980""}"
2026-09-14T02:00:11.498018Z,1789351211129,PENGUUSDT,Sell,15760,0.007158,"{""T"":1789351211129,""s"":""PENGUUSDT"",""S"":""Sell"",""v"":""15760"",""p"":""0.007158""}"
2026-09-14T02:00:23.487861Z,1789351223389,BTWUSDT,Buy,1500,0.62358,"{""T"":1789351223389,""s"":""BTWUSDT"",""S"":""Buy"",""v"":""1500"",""p"":""0.62358""}"
2026-09-14T02:00:46.993826Z,1789351246721,MTLUSDT,Sell,279.7,0.3519,"{""T"":1789351246721,""s"":""MTLUSDT"",""S"":""Sell"",""v"":""279.7"",""p"":""0.3519""}"
2026-09-14T02:01:35.326058Z,1789351294838,FARTCOINUSDT,Sell,7218,0.14308,"{""T"":1789351294838,""s"":""FARTCOINUSDT"",""S"":""Sell"",""v"":""7218"",""p"":""0.14308""}"
2026-09-14T02:04:31.908803Z,1789351471536,LSKUSDT,Sell,291.1,0.89885,"{""T"":1789351471536,""s"":""LSKUSDT"",""S"":""Sell"",""v"":""291.1"",""p"":""0.89885""}"
2026-09-14T02:04:32.908727Z,1789351472353,LSKUSDT,Sell,21.5,0.90186,"{""T"":1789351472353,""s"":""LSKUSDT"",""S"":""Sell"",""v"":""21.5"",""p"":""0.90186""}"
2026-09-14T02:04:33.908816Z,1789351473693,LSKUSDT,Sell,223.2,0.90414,"{""T"":1789351473693,""s"":""LSKUSDT"",""S"":""Sell"",""v"":""223.2"",""p"":""0.90414""}"
2026-09-14T02:04:34.910289Z,1789351474516,LSKUSDT,Sell,21.5,0.90559,"{""T"":1789351474516,""s"":""LSKUSDT"",""S"":""Sell"",""v"":""21.5"",""p"":""0.90559""}"
2026-09-14T02:04:35.908716Z,1789351475699,LSKUSDT,Sell,1584.4,0.90642,"{""T"":1789351475699,""s"":""LSKUSDT"",""S"":""Sell"",""v"":""1584.4"",""p"":""0.90642""}"
2026-09-14T02:04:45.908718Z,1789351485402,LSKUSDT,Sell,5044.1,0.90945,"{""T"":1789351485402,""s"":""LSKUSDT"",""S"":""Sell"",""v"":""5044.1"",""p"":""0.90945""}"
2026-09-14T02:04:45.908718Z,1789351485798,LSKUSDT,Sell,311.3,0.90981,"{""T"":1789351485798,""s"":""LSKUSDT"",""S"":""Sell"",""v"":""311.3"",""p"":""0.90981""}"
2026-09-14T02:04:55.908993Z,1789351495344,LSKUSDT,Sell,10.6,0.91483,"{""T"":1789351495344,""s"":""LSKUSDT"",""S"":""Sell"",""v"":""10.6"",""p"":""0.91483""}"
2026-09-14T02:04:55.908993Z,1789351495627,LSKUSDT,Sell,15.0,0.91622,"{""T"":1789351495627,""s"":""LSKUSDT"",""S"":""Sell"",""v"":""15.0"",""p"":""0.91622""}"
2026-09-14T02:04:55.908993Z,1789351495672,LSKUSDT,Sell,5130.8,0.91543,"{""T"":1789351495672,""s"":""LSKUSDT"",""S"":""Sell"",""v"":""5130.8"",""p"":""0.91543""}"
2026-09-14T02:04:55.908993Z,1789351495676,LSKUSDT,Sell,199.5,0.91682,"{""T"":1789351495676,""s"":""LSKUSDT"",""S"":""Sell"",""v"":""199.5"",""p"":""0.91682""}"
2026-09-14T02:04:56.408566Z,1789351496152,LSKUSDT,Sell,126.7,0.91792,"{""T"":1789351496152,""s"":""LSKUSDT"",""S"":""Sell"",""v"":""126.7"",""p"":""0.91792""}"
2026-09-14T02:04:56.908781Z,1789351496398,LSKUSDT,Sell,6.1,0.92006,"{""T"":1789351496398,""s"":""LSKUSDT"",""S"":""Sell"",""v"":""6.1"",""p"":""0.92006""}"
2026-09-14T02:04:56.908781Z,1789351496507,LSKUSDT,Sell,4439.2,0.92080,"{""T"":1789351496507,""s"":""LSKUSDT"",""S"":""Sell"",""v"":""4439.2"",""p"":""0.92080""}"
2026-09-14T02:04:57.408540Z,1789351497124,LSKUSDT,Sell,94.4,0.91820,"{""T"":1789351497124,""s"":""LSKUSDT"",""S"":""Sell"",""v"":""94.4"",""p"":""0.91820""}"
2026-09-14T02:04:58.908860Z,1789351498547,LSKUSDT,Sell,5639.8,0.92574,"{""T"":1789351498547,""s"":""LSKUSDT"",""S"":""Sell"",""v"":""5639.8"",""p"":""0.92574""}"
2026-09-14T02:06:01.408576Z,1789351561251,LSKUSDT,Sell,208.7,0.93176,"{""T"":1789351561251,""s"":""LSKUSDT"",""S"":""Sell"",""v"":""208.7"",""p"":""0.93176""}"
2026-09-14T02:06:01.908778Z,1789351561534,LSKUSDT,Sell,3530.1,0.93067,"{""T"":1789351561534,""s"":""LSKUSDT"",""S"":""Sell"",""v"":""3530.1"",""p"":""0.93067""}"
2026-09-14T02:06:01.908778Z,1789351561610,LSKUSDT,Sell,259.9,0.93121,"{""T"":1789351561610,""s"":""LSKUSDT"",""S"":""Sell"",""v"":""259.9"",""p"":""0.93121""}"
2026-09-14T02:06:02.408908Z,1789351561958,LSKUSDT,Sell,156.6,0.92812,"{""T"":1789351561958,""s"":""LSKUSDT"",""S"":""Sell"",""v"":""156.6"",""p"":""0.92812""}"
2026-09-14T02:06:02.908700Z,1789351562443,LSKUSDT,Sell,3166.0,0.93230,"{""T"":1789351562443,""s"":""LSKUSDT"",""S"":""Sell"",""v"":""3166.0"",""p"":""0.93230""}"
2026-09-14T02:06:04.408837Z,1789351564084,LSKUSDT,Sell,77.4,0.93536,"{""T"":1789351564084,""s"":""LSKUSDT"",""S"":""Sell"",""v"":""77.4"",""p"":""0.93536""}"
2026-09-14T02:06:04.408837Z,1789351564193,LSKUSDT,Sell,55.4,0.93574,"{""T"":1789351564193,""s"":""LSKUSDT"",""S"":""Sell"",""v"":""55.4"",""p"":""0.93574""}"
2026-09-14T02:06:04.408837Z,1789351564307,LSKUSDT,Sell,1500.0,0.93792,"{""T"":1789351564307,""s"":""LSKUSDT"",""S"":""Sell"",""v"":""1500.0"",""p"":""0.93792""}"
2026-09-14T02:06:04.908699Z,1789351564387,LSKUSDT,Sell,752.9,0.93322,"{""T"":1789351564387,""s"":""LSKUSDT"",""S"":""Sell"",""v"":""752.9"",""p"":""0.93322""}"
2026-09-14T02:06:04.908699Z,1789351564475,LSKUSDT,Sell,27.1,0.93618,"{""T"":1789351564475,""s"":""LSKUSDT"",""S"":""Sell"",""v"":""27.1"",""p"":""0.93618""}"
2026-09-14T02:06:04.908699Z,1789351564579,LSKUSDT,Sell,2334.4,0.93686,"{""T"":1789351564579,""s"":""LSKUSDT"",""S"":""Sell"",""v"":""2334.4"",""p"":""0.93686""}"
2026-09-14T02:06:04.908699Z,1789351564726,LSKUSDT,Sell,116.4,0.93803,"{""T"":1789351564726,""s"":""LSKUSDT"",""S"":""Sell"",""v"":""116.4"",""p"":""0.93803""}"
2026-09-14T02:06:04.908699Z,1789351564755,LSKUSDT,Sell,565.8,0.93701,"{""T"":1789351564755,""s"":""LSKUSDT"",""S"":""Sell"",""v"":""565.8"",""p"":""0.93701""}"
2026-09-14T02:06:04.908699Z,1789351564806,LSKUSDT,Sell,1839.7,0.93941,"{""T"":1789351564806,""s"":""LSKUSDT"",""S"":""Sell"",""v"":""1839.7"",""p"":""0.93941""}"
2026-09-14T02:06:04.909166Z,1789351564806,POWERUSDT,Sell,1195,0.14431,"{""T"":1789351564806,""s"":""POWERUSDT"",""S"":""Sell"",""v"":""1195"",""p"":""0.14431""}"
2026-09-14T02:06:05.408880Z,1789351565190,LSKUSDT,Sell,2100.8,0.94336,"{""T"":1789351565190,""s"":""LSKUSDT"",""S"":""Sell"",""v"":""2100.8"",""p"":""0.94336""}"
2026-09-14T02:06:05.908626Z,1789351565467,LSKUSDT,Sell,1494.7,0.94148,"{""T"":1789351565467,""s"":""LSKUSDT"",""S"":""Sell"",""v"":""1494.7"",""p"":""0.94148""}"
2026-09-14T02:06:05.908626Z,1789351565596,LSKUSDT,Sell,101.4,0.94133,"{""T"":1789351565596,""s"":""LSKUSDT"",""S"":""Sell"",""v"":""101.4"",""p"":""0.94133""}"
2026-09-14T02:06:06.408851Z,1789351565881,LSKUSDT,Sell,1277.0,0.94224,"{""T"":1789351565881,""s"":""LSKUSDT"",""S"":""Sell"",""v"":""1277.0"",""p"":""0.94224""}"
2026-09-14T02:06:06.408851Z,1789351566123,LSKUSDT,Sell,2738.7,0.94161,"{""T"":1789351566123,""s"":""LSKUSDT"",""S"":""Sell"",""v"":""2738.7"",""p"":""0.94161""}"
2026-09-14T02:06:07.409004Z,1789351567008,LSKUSDT,Sell,100.0,0.94373,"{""T"":1789351567008,""s"":""LSKUSDT"",""S"":""Sell"",""v"":""100.0"",""p"":""0.94373""}"
2026-09-14T02:06:08.908623Z,1789351568784,LSKUSDT,Sell,356.6,0.94400,"{""T"":1789351568784,""s"":""LSKUSDT"",""S"":""Sell"",""v"":""356.6"",""p"":""0.94400""}"
2026-09-14T02:06:26.912173Z,1789351586548,LSKUSDT,Sell,25.7,0.94542,"{""T"":1789351586548,""s"":""LSKUSDT"",""S"":""Sell"",""v"":""25.7"",""p"":""0.94542""}"
2026-09-14T02:06:27.408620Z,1789351587175,LSKUSDT,Sell,5386.5,0.94718,"{""T"":1789351587175,""s"":""LSKUSDT"",""S"":""Sell"",""v"":""5386.5"",""p"":""0.94718""}"
2026-09-14T02:06:28.408872Z,1789351588082,LSKUSDT,Sell,347.8,0.94877,"{""T"":1789351588082,""s"":""LSKUSDT"",""S"":""Sell"",""v"":""347.8"",""p"":""0.94877""}"
2026-09-14T02:06:28.408872Z,1789351588202,LSKUSDT,Sell,555.7,0.94954,"{""T"":1789351588202,""s"":""LSKUSDT"",""S"":""Sell"",""v"":""555.7"",""p"":""0.94954""}"
2026-09-14T02:06:29.408601Z,1789351588957,LSKUSDT,Sell,893.5,0.95062,"{""T"":1789351588957,""s"":""LSKUSDT"",""S"":""Sell"",""v"":""893.5"",""p"":""0.95062""}"
2026-09-14T02:06:30.908822Z,1789351590459,LSKUSDT,Sell,13.4,0.95218,"{""T"":1789351590459,""s"":""LSKUSDT"",""S"":""Sell"",""v"":""13.4"",""p"":""0.95218""}"
2026-09-14T02:06:30.908822Z,1789351590805,LSKUSDT,Sell,1968.5,0.95245,"{""T"":1789351590805,""s"":""LSKUSDT"",""S"":""Sell"",""v"":""1968.5"",""p"":""0.95245""}"
2026-09-14T02:06:57.415376Z,1789351616940,ZECUSDT,Sell,0.30,1084.33,"{""T"":1789351616940,""s"":""ZECUSDT"",""S"":""Sell"",""v"":""0.30"",""p"":""1084.33""}"
2026-09-14T02:06:57.825758Z,1789351617276,ENAUSDT,Sell,855,0.13985,"{""T"":1789351617276,""s"":""ENAUSDT"",""S"":""Sell"",""v"":""855"",""p"":""0.13985""}"
2026-09-14T02:07:42.915744Z,1789351662817,ARBUSDT,Sell,352.2,0.13758,"{""T"":1789351662817,""s"":""ARBUSDT"",""S"":""Sell"",""v"":""352.2"",""p"":""0.13758""}"
2026-09-14T02:07:49.338639Z,1789351668762,CVCUSDT,Sell,1416,0.03358,"{""T"":1789351668762,""s"":""CVCUSDT"",""S"":""Sell"",""v"":""1416"",""p"":""0.03358""}"
2026-09-14T02:07:57.493675Z,1789351677371,SUIUSDT,Sell,10,0.71610,"{""T"":1789351677371,""s"":""SUIUSDT"",""S"":""Sell"",""v"":""10"",""p"":""0.71610""}"
2026-09-14T02:08:04.415087Z,1789351683944,ADAUSDT,Sell,3577,0.2069,"{""T"":1789351683944,""s"":""ADAUSDT"",""S"":""Sell"",""v"":""3577"",""p"":""0.2069""}"
2026-09-14T02:08:26.567284Z,1789351706076,BTCUSDT,Sell,0.026,77400.30,"{""T"":1789351706076,""s"":""BTCUSDT"",""S"":""Sell"",""v"":""0.026"",""p"":""77400.30""}"
2026-09-14T02:08:26.567284Z,1789351706109,BTCUSDT,Sell,0.004,77401.40,"{""T"":1789351706109,""s"":""BTCUSDT"",""S"":""Sell"",""v"":""0.004"",""p"":""77401.40""}"
2026-09-14T02:08:30.066685Z,1789351709974,BTCUSDT,Sell,0.004,77416.40,"{""T"":1789351709974,""s"":""BTCUSDT"",""S"":""Sell"",""v"":""0.004"",""p"":""77416.40""}"
2026-09-14T02:08:47.915785Z,1789351727780,DOGEUSDT,Sell,70,0.08395,"{""T"":1789351727780,""s"":""DOGEUSDT"",""S"":""Sell"",""v"":""70"",""p"":""0.08395""}"
2026-09-14T02:08:56.487812Z,1789351736139,XAUUSDT,Sell,0.197,4377.96,"{""T"":1789351736139,""s"":""XAUUSDT"",""S"":""Sell"",""v"":""0.197"",""p"":""4377.96""}"
2026-09-14T02:09:05.456871Z,1789351745317,ETHUSDT,Sell,1.17,2505.36,"{""T"":1789351745317,""s"":""ETHUSDT"",""S"":""Sell"",""v"":""1.17"",""p"":""2505.36""}"
2026-09-14T02:09:09.457473Z,1789351749293,ETHUSDT,Sell,0.24,2505.50,"{""T"":1789351749293,""s"":""ETHUSDT"",""S"":""Sell"",""v"":""0.24"",""p"":""2505.50""}"
2026-09-14T02:09:11.915352Z,1789351751657,ZECUSDT,Sell,3.29,1085.41,"{""T"":1789351751657,""s"":""ZECUSDT"",""S"":""Sell"",""v"":""3.29"",""p"":""1085.41""}"
2026-09-14T02:09:30.960358Z,1789351770793,ETHUSDT,Sell,42.00,2505.66,"{""T"":1789351770793,""s"":""ETHUSDT"",""S"":""Sell"",""v"":""42.00"",""p"":""2505.66""}"
2026-09-14T02:09:49.408794Z,1789351789276,LSKUSDT,Buy,23.0,0.89009,"{""T"":1789351789276,""s"":""LSKUSDT"",""S"":""Buy"",""v"":""23.0"",""p"":""0.89009""}"
2026-09-14T02:09:50.997711Z,1789351790511,LINKUSDT,Sell,348.6,11.404,"{""T"":1789351790511,""s"":""LINKUSDT"",""S"":""Sell"",""v"":""348.6"",""p"":""11.404""}"
2026-09-14T02:09:51.330289Z,1789351790918,NIULAIUSDT,Sell,5830,0.11788,"{""T"":1789351790918,""s"":""NIULAIUSDT"",""S"":""Sell"",""v"":""5830"",""p"":""0.11788""}"
2026-09-14T02:09:58.566897Z,1789351798389,BTCUSDT,Sell,0.001,77467.10,"{""T"":1789351798389,""s"":""BTCUSDT"",""S"":""Sell"",""v"":""0.001"",""p"":""77467.10""}"
2026-09-14T02:10:08.456870Z,1789351808358,ETHUSDT,Sell,0.16,2506.93,"{""T"":1789351808358,""s"":""ETHUSDT"",""S"":""Sell"",""v"":""0.16"",""p"":""2506.93""}"
2026-09-14T02:10:11.456503Z,1789351811297,ETHUSDT,Sell,7.44,2507.15,"{""T"":1789351811297,""s"":""ETHUSDT"",""S"":""Sell"",""v"":""7.44"",""p"":""2507.15""}"
2026-09-14T02:10:13.067096Z,1789351812928,BTCUSDT,Sell,0.080,77471.10,"{""T"":1789351812928,""s"":""BTCUSDT"",""S"":""Sell"",""v"":""0.080"",""p"":""77471.10""}"
2026-09-14T02:10:15.909016Z,1789351815460,LSKUSDT,Sell,954.4,0.94589,"{""T"":1789351815460,""s"":""LSKUSDT"",""S"":""Sell"",""v"":""954.4"",""p"":""0.94589""}"
2026-09-14T02:10:16.825892Z,1789351816616,ENAUSDT,Sell,675,0.14043,"{""T"":1789351816616,""s"":""ENAUSDT"",""S"":""Sell"",""v"":""675"",""p"":""0.14043""}"
2026-09-14T02:10:16.956643Z,1789351816524,ETHUSDT,Sell,0.06,2508.19,"{""T"":1789351816524,""s"":""ETHUSDT"",""S"":""Sell"",""v"":""0.06"",""p"":""2508.19""}"
2026-09-14T02:10:16.956643Z,1789351816616,ETHUSDT,Sell,0.10,2508.30,"{""T"":1789351816616,""s"":""ETHUSDT"",""S"":""Sell"",""v"":""0.10"",""p"":""2508.30""}"
2026-09-14T02:10:17.063594Z,1789351816616,XMRUSDT,Sell,0.26,523.91,"{""T"":1789351816616,""s"":""XMRUSDT"",""S"":""Sell"",""v"":""0.26"",""p"":""523.91""}"
2026-09-14T02:10:17.064010Z,1789351816616,SOLUSDT,Sell,1.7,100.920,"{""T"":1789351816616,""s"":""SOLUSDT"",""S"":""Sell"",""v"":""1.7"",""p"":""100.920""}"
2026-09-14T02:10:17.066927Z,1789351816524,BTCUSDT,Sell,0.005,77476.20,"{""T"":1789351816524,""s"":""BTCUSDT"",""S"":""Sell"",""v"":""0.005"",""p"":""77476.20""}"
2026-09-14T02:10:17.066927Z,1789351816616,BTCUSDT,Sell,0.003,77480.70,"{""T"":1789351816616,""s"":""BTCUSDT"",""S"":""Sell"",""v"":""0.003"",""p"":""77480.70""}"
2026-09-14T02:10:23.314106Z,1789351822894,HYPEUSDT,Sell,0.38,78.890,"{""T"":1789351822894,""s"":""HYPEUSDT"",""S"":""Sell"",""v"":""0.38"",""p"":""78.890""}"
2026-09-14T02:10:30.915630Z,1789351830707,DOGEUSDT,Sell,602,0.08417,"{""T"":1789351830707,""s"":""DOGEUSDT"",""S"":""Sell"",""v"":""602"",""p"":""0.08417""}"
2026-09-14T02:11:54.326595Z,1789351913981,ENAUSDT,Sell,9839,0.14079,"{""T"":1789351913981,""s"":""ENAUSDT"",""S"":""Sell"",""v"":""9839"",""p"":""0.14079""}"
2026-09-14T02:11:57.567179Z,1789351917193,BTCUSDT,Sell,0.130,77516.50,"{""T"":1789351917193,""s"":""BTCUSDT"",""S"":""Sell"",""v"":""0.130"",""p"":""77516.50""}"
2026-09-14T02:11:57.915779Z,1789351917796,ARBUSDT,Sell,416.8,0.13864,"{""T"":1789351917796,""s"":""ARBUSDT"",""S"":""Sell"",""v"":""416.8"",""p"":""0.13864""}"
2026-09-14T02:11:58.415542Z,1789351918241,ARBUSDT,Sell,96.7,0.13860,"{""T"":1789351918241,""s"":""ARBUSDT"",""S"":""Sell"",""v"":""96.7"",""p"":""0.13860""}"
2026-09-14T02:11:58.566743Z,1789351918010,BTCUSDT,Sell,0.062,77523.40,"{""T"":1789351918010,""s"":""BTCUSDT"",""S"":""Sell"",""v"":""0.062"",""p"":""77523.40""}"
2026-09-14T02:11:59.415262Z,1789351918956,ZECUSDT,Sell,3.00,1090.69,"{""T"":1789351918956,""s"":""ZECUSDT"",""S"":""Sell"",""v"":""3.00"",""p"":""1090.69""}"
2026-09-14T02:12:01.838632Z,1789351921456,XRPUSDT,Sell,2000.0,1.3643,"{""T"":1789351921456,""s"":""XRPUSDT"",""S"":""Sell"",""v"":""2000.0"",""p"":""1.3643""}"
2026-09-14T02:12:01.915515Z,1789351921456,DOGEUSDT,Sell,40000,0.08417,"{""T"":1789351921456,""s"":""DOGEUSDT"",""S"":""Sell"",""v"":""40000"",""p"":""0.08417""}"
2026-09-14T02:12:01.956737Z,1789351921591,ETHUSDT,Sell,0.01,2510.11,"{""T"":1789351921591,""s"":""ETHUSDT"",""S"":""Sell"",""v"":""0.01"",""p"":""2510.11""}"
2026-09-14T02:12:02.067092Z,1789351921716,BTCUSDT,Sell,0.027,77537.00,"{""T"":1789351921716,""s"":""BTCUSDT"",""S"":""Sell"",""v"":""0.027"",""p"":""77537.00""}"
2026-09-14T02:12:02.067092Z,1789351921832,BTCUSDT,Sell,0.046,77557.90,"{""T"":1789351921832,""s"":""BTCUSDT"",""S"":""Sell"",""v"":""0.046"",""p"":""77557.90""}"
2026-09-14T02:12:02.566990Z,1789351922053,BTCUSDT,Sell,0.073,77565.40,"{""T"":1789351922053,""s"":""BTCUSDT"",""S"":""Sell"",""v"":""0.073"",""p"":""77565.40""}"
2026-09-14T02:12:02.566990Z,1789351922133,BTCUSDT,Sell,0.002,77563.20,"{""T"":1789351922133,""s"":""BTCUSDT"",""S"":""Sell"",""v"":""0.002"",""p"":""77563.20""}"
2026-09-14T02:12:06.829723Z,1789351926706,NIULAIUSDT,Sell,220,0.12056,"{""T"":1789351926706,""s"":""NIULAIUSDT"",""S"":""Sell"",""v"":""220"",""p"":""0.12056""}"
2026-09-14T02:12:06.956669Z,1789351926835,ETHUSDT,Sell,0.01,2510.87,"{""T"":1789351926835,""s"":""ETHUSDT"",""S"":""Sell"",""v"":""0.01"",""p"":""2510.87""}"
2026-09-14T02:12:08.825952Z,1789351928600,FARTCOINUSDT,Sell,811,0.14351,"{""T"":1789351928600,""s"":""FARTCOINUSDT"",""S"":""Sell"",""v"":""811"",""p"":""0.14351""}"
2026-09-14T02:12:09.067137Z,1789351928758,BTCUSDT,Sell,0.071,77578.90,"{""T"":1789351928758,""s"":""BTCUSDT"",""S"":""Sell"",""v"":""0.071"",""p"":""77578.90""}"
2026-09-14T02:12:09.829989Z,1789351929492,NIULAIUSDT,Sell,970,0.12065,"{""T"":1789351929492,""s"":""NIULAIUSDT"",""S"":""Sell"",""v"":""970"",""p"":""0.12065""}"
2026-09-14T02:12:11.064498Z,1789351930881,SOLUSDT,Sell,0.1,101.130,"{""T"":1789351930881,""s"":""SOLUSDT"",""S"":""Sell"",""v"":""0.1"",""p"":""101.130""}"
2026-09-14T02:12:17.567124Z,1789351937438,BTCUSDT,Sell,0.053,77585.60,"{""T"":1789351937438,""s"":""BTCUSDT"",""S"":""Sell"",""v"":""0.053"",""p"":""77585.60""}"
2026-09-14T02:12:24.066979Z,1789351943838,BTCUSDT,Sell,0.009,77595.40,"{""T"":1789351943838,""s"":""BTCUSDT"",""S"":""Sell"",""v"":""0.009"",""p"":""77595.40""}"
2026-09-14T02:12:24.566762Z,1789351944252,BTCUSDT,Sell,0.360,77610.20,"{""T"":1789351944252,""s"":""BTCUSDT"",""S"":""Sell"",""v"":""0.360"",""p"":""77610.20""}"
2026-09-14T02:12:24.956945Z,1789351944480,ETHUSDT,Sell,0.90,2512.28,"{""T"":1789351944480,""s"":""ETHUSDT"",""S"":""Sell"",""v"":""0.90"",""p"":""2512.28""}"
2026-09-14T02:12:24.956945Z,1789351944487,ETHUSDT,Sell,0.55,2511.78,"{""T"":1789351944487,""s"":""ETHUSDT"",""S"":""Sell"",""v"":""0.55"",""p"":""2511.78""}"
2026-09-14T02:12:24.956945Z,1789351944857,ETHUSDT,Sell,5.95,2513.08,"{""T"":1789351944857,""s"":""ETHUSDT"",""S"":""Sell"",""v"":""5.95"",""p"":""2513.08""}"
2026-09-14T02:12:25.849853Z,1789351945546,XLMUSDT,Sell,1171,0.18090,"{""T"":1789351945546,""s"":""XLMUSDT"",""S"":""Sell"",""v"":""1171"",""p"":""0.18090""}"
2026-09-14T02:12:25.998255Z,1789351945809,ICPUSDT,Sell,4.2,2.839,"{""T"":1789351945809,""s"":""ICPUSDT"",""S"":""Sell"",""v"":""4.2"",""p"":""2.839""}"
2026-09-14T02:12:26.814470Z,1789351946525,HYPEUSDT,Sell,3.14,78.970,"{""T"":1789351946525,""s"":""HYPEUSDT"",""S"":""Sell"",""v"":""3.14"",""p"":""78.970""}"
2026-09-14T02:12:30.330117Z,1789351949918,NIULAIUSDT,Sell,11220,0.12050,"{""T"":1789351949918,""s"":""NIULAIUSDT"",""S"":""Sell"",""v"":""11220"",""p"":""0.12050""}"
2026-09-14T02:12:30.349195Z,1789351949918,USELESSUSDT,Sell,1653,0.22262,"{""T"":1789351949918,""s"":""USELESSUSDT"",""S"":""Sell"",""v"":""1653"",""p"":""0.22262""}"
2026-09-14T02:12:51.347571Z,1789351971152,ENAUSDT,Sell,2416,0.14152,"{""T"":1789351971152,""s"":""ENAUSDT"",""S"":""Sell"",""v"":""2416"",""p"":""0.14152""}"
2026-09-14T02:14:10.564657Z,1789352050000,KAVAUSDT,Sell,181.1,0.06262,"{""T"":1789352050000,""s"":""KAVAUSDT"",""S"":""Sell"",""v"":""181.1"",""p"":""0.06262""}"
2026-09-14T02:14:15.908825Z,1789352055491,POWERUSDT,Sell,1071,0.14307,"{""T"":1789352055491,""s"":""POWERUSDT"",""S"":""Sell"",""v"":""1071"",""p"":""0.14307""}"
2026-09-14T02:14:42.829963Z,1789352082327,FARTCOINUSDT,Sell,43,0.14395,"{""T"":1789352082327,""s"":""FARTCOINUSDT"",""S"":""Sell"",""v"":""43"",""p"":""0.14395""}"
2026-09-14T02:15:38.343097Z,1789352137868,LITUSDT,Sell,56.6,4.3170,"{""T"":1789352137868,""s"":""LITUSDT"",""S"":""Sell"",""v"":""56.6"",""p"":""4.3170""}"
2026-09-14T02:16:29.909000Z,1789352189462,LSKUSDT,Buy,2156.2,0.88323,"{""T"":1789352189462,""s"":""LSKUSDT"",""S"":""Buy"",""v"":""2156.2"",""p"":""0.88323""}"
2026-09-14T02:16:29.909000Z,1789352189693,LSKUSDT,Buy,126.6,0.88472,"{""T"":1789352189693,""s"":""LSKUSDT"",""S"":""Buy"",""v"":""126.6"",""p"":""0.88472""}"
2026-09-14T02:16:31.408701Z,1789352191126,LSKUSDT,Buy,132.0,0.87845,"{""T"":1789352191126,""s"":""LSKUSDT"",""S"":""Buy"",""v"":""132.0"",""p"":""0.87845""}"
2026-09-14T02:16:31.408701Z,1789352191253,LSKUSDT,Buy,79.4,0.87802,"{""T"":1789352191253,""s"":""LSKUSDT"",""S"":""Buy"",""v"":""79.4"",""p"":""0.87802""}"
2026-09-14T02:17:15.908956Z,1789352235558,LSKUSDT,Sell,611.2,0.93086,"{""T"":1789352235558,""s"":""LSKUSDT"",""S"":""Sell"",""v"":""611.2"",""p"":""0.93086""}"
2026-09-14T02:17:25.314368Z,1789352244815,HYPEUSDT,Sell,36.55,79.120,"{""T"":1789352244815,""s"":""HYPEUSDT"",""S"":""Sell"",""v"":""36.55"",""p"":""79.120""}"
2026-09-14T02:18:06.493249Z,1789352286316,MTLUSDT,Sell,213.4,0.3688,"{""T"":1789352286316,""s"":""MTLUSDT"",""S"":""Sell"",""v"":""213.4"",""p"":""0.3688""}"
2026-09-14T02:18:26.993784Z,1789352306835,MTLUSDT,Sell,10889.5,0.3715,"{""T"":1789352306835,""s"":""MTLUSDT"",""S"":""Sell"",""v"":""10889.5"",""p"":""0.3715""}"
2026-09-14T02:18:33.492923Z,1789352313042,MTLUSDT,Sell,557.1,0.3736,"{""T"":1789352313042,""s"":""MTLUSDT"",""S"":""Sell"",""v"":""557.1"",""p"":""0.3736""}"
2026-09-14T02:18:37.409497Z,1789352317127,LSKUSDT,Buy,42.1,0.87193,"{""T"":1789352317127,""s"":""LSKUSDT"",""S"":""Buy"",""v"":""42.1"",""p"":""0.87193""}"
2026-09-14T02:18:49.909043Z,1789352329420,LSKUSDT,Buy,5392.1,0.86461,"{""T"":1789352329420,""s"":""LSKUSDT"",""S"":""Buy"",""v"":""5392.1"",""p"":""0.86461""}"
2026-09-14T02:19:02.849166Z,1789352342494,MARSCOINUSDT,Sell,42770,0.09827,"{""T"":1789352342494,""s"":""MARSCOINUSDT"",""S"":""Sell"",""v"":""42770"",""p"":""0.09827""}"
