recv_ts_utc,exch_ts_ms,symbol,side,size,price,raw_json
2026-09-19T00:00:08.497853Z,1789776008336,FUSDT,Sell,97710,0.005330,"{""T"":1789776008336,""s"":""FUSDT"",""S"":""Sell"",""v"":""97710"",""p"":""0.005330""}"
2026-09-19T00:00:09.494610Z,1789776009136,BRUSDT,Buy,15,0.73626,"{""T"":1789776009136,""s"":""BRUSDT"",""S"":""Buy"",""v"":""15"",""p"":""0.73626""}"
2026-09-19T00:00:09.993919Z,1789776009530,BRUSDT,Buy,19,0.73662,"{""T"":1789776009530,""s"":""BRUSDT"",""S"":""Buy"",""v"":""19"",""p"":""0.73662""}"
2026-09-19T00:00:10.998884Z,1789776010712,FUSDT,Sell,72834,0.005417,"{""T"":1789776010712,""s"":""FUSDT"",""S"":""Sell"",""v"":""72834"",""p"":""0.005417""}"
2026-09-19T00:00:11.498663Z,1789776010960,FUSDT,Sell,108346,0.005409,"{""T"":1789776010960,""s"":""FUSDT"",""S"":""Sell"",""v"":""108346"",""p"":""0.005409""}"
2026-09-19T00:00:22.494710Z,1789776022004,BRUSDT,Buy,136,0.72555,"{""T"":1789776022004,""s"":""BRUSDT"",""S"":""Buy"",""v"":""136"",""p"":""0.72555""}"
2026-09-19T00:00:22.494710Z,1789776022040,BRUSDT,Buy,53,0.72639,"{""T"":1789776022040,""s"":""BRUSDT"",""S"":""Buy"",""v"":""53"",""p"":""0.72639""}"
2026-09-19T00:00:22.494710Z,1789776022114,BRUSDT,Buy,21,0.72593,"{""T"":1789776022114,""s"":""BRUSDT"",""S"":""Buy"",""v"":""21"",""p"":""0.72593""}"
2026-09-19T00:00:22.993949Z,1789776022445,BRUSDT,Buy,110,0.72728,"{""T"":1789776022445,""s"":""BRUSDT"",""S"":""Buy"",""v"":""110"",""p"":""0.72728""}"
2026-09-19T00:00:22.993949Z,1789776022451,BRUSDT,Buy,24,0.72596,"{""T"":1789776022451,""s"":""BRUSDT"",""S"":""Buy"",""v"":""24"",""p"":""0.72596""}"
2026-09-19T00:01:10.999258Z,1789776070563,COTIUSDT,Sell,500,0.021788,"{""T"":1789776070563,""s"":""COTIUSDT"",""S"":""Sell"",""v"":""500"",""p"":""0.021788""}"
2026-09-19T00:01:39.993873Z,1789776099709,BRUSDT,Buy,345,0.72273,"{""T"":1789776099709,""s"":""BRUSDT"",""S"":""Buy"",""v"":""345"",""p"":""0.72273""}"
2026-09-19T00:01:45.993687Z,1789776105496,BRUSDT,Buy,69,0.72097,"{""T"":1789776105496,""s"":""BRUSDT"",""S"":""Buy"",""v"":""69"",""p"":""0.72097""}"
2026-09-19T00:01:47.916372Z,1789776107614,ZECUSDT,Sell,1.46,1577.25,"{""T"":1789776107614,""s"":""ZECUSDT"",""S"":""Sell"",""v"":""1.46"",""p"":""1577.25""}"
2026-09-19T00:02:28.137103Z,1789776147753,STRKUSDT,Sell,40410.5,0.04537,"{""T"":1789776147753,""s"":""STRKUSDT"",""S"":""Sell"",""v"":""40410.5"",""p"":""0.04537""}"
2026-09-19T00:02:37.064653Z,1789776156802,FILUSDT,Sell,4500.0,0.9656,"{""T"":1789776156802,""s"":""FILUSDT"",""S"":""Sell"",""v"":""4500.0"",""p"":""0.9656""}"
2026-09-19T00:02:41.137281Z,1789776160911,AKEUSDT,Sell,900,0.0474760,"{""T"":1789776160911,""s"":""AKEUSDT"",""S"":""Sell"",""v"":""900"",""p"":""0.0474760""}"
2026-09-19T00:02:41.636956Z,1789776161548,AKEUSDT,Sell,200,0.0476470,"{""T"":1789776161548,""s"":""AKEUSDT"",""S"":""Sell"",""v"":""200"",""p"":""0.0476470""}"
2026-09-19T00:02:42.137235Z,1789776161703,AKEUSDT,Sell,2900,0.0476040,"{""T"":1789776161703,""s"":""AKEUSDT"",""S"":""Sell"",""v"":""2900"",""p"":""0.0476040""}"
2026-09-19T00:02:42.637108Z,1789776162309,AKEUSDT,Sell,2000,0.0476700,"{""T"":1789776162309,""s"":""AKEUSDT"",""S"":""Sell"",""v"":""2000"",""p"":""0.0476700""}"
2026-09-19T00:02:46.137047Z,1789776165959,AKEUSDT,Sell,900,0.0477690,"{""T"":1789776165959,""s"":""AKEUSDT"",""S"":""Sell"",""v"":""900"",""p"":""0.0477690""}"
2026-09-19T00:02:51.137165Z,1789776171002,AKEUSDT,Sell,500,0.0478290,"{""T"":1789776171002,""s"":""AKEUSDT"",""S"":""Sell"",""v"":""500"",""p"":""0.0478290""}"
2026-09-19T00:02:51.637147Z,1789776171159,AKEUSDT,Sell,4400,0.0478330,"{""T"":1789776171159,""s"":""AKEUSDT"",""S"":""Sell"",""v"":""4400"",""p"":""0.0478330""}"
2026-09-19T00:02:51.637147Z,1789776171510,AKEUSDT,Sell,13000,0.0477960,"{""T"":1789776171510,""s"":""AKEUSDT"",""S"":""Sell"",""v"":""13000"",""p"":""0.0477960""}"
2026-09-19T00:03:21.638076Z,1789776201097,STRKUSDT,Buy,20254.5,0.04386,"{""T"":1789776201097,""s"":""STRKUSDT"",""S"":""Buy"",""v"":""20254.5"",""p"":""0.04386""}"
2026-09-19T00:03:28.416342Z,1789776208100,ADAUSDT,Sell,7416,0.2273,"{""T"":1789776208100,""s"":""ADAUSDT"",""S"":""Sell"",""v"":""7416"",""p"":""0.2273""}"
2026-09-19T00:03:29.067697Z,1789776208908,BTCUSDT,Buy,0.049,80562.40,"{""T"":1789776208908,""s"":""BTCUSDT"",""S"":""Buy"",""v"":""0.049"",""p"":""80562.40""}"
2026-09-19T00:03:32.067486Z,1789776211542,BTCUSDT,Buy,0.207,80560.30,"{""T"":1789776211542,""s"":""BTCUSDT"",""S"":""Buy"",""v"":""0.207"",""p"":""80560.30""}"
2026-09-19T00:04:06.957465Z,1789776246455,ETHUSDT,Buy,2.11,2599.06,"{""T"":1789776246455,""s"":""ETHUSDT"",""S"":""Buy"",""v"":""2.11"",""p"":""2599.06""}"
2026-09-19T00:04:14.957401Z,1789776254689,ETHUSDT,Buy,1.36,2598.79,"{""T"":1789776254689,""s"":""ETHUSDT"",""S"":""Buy"",""v"":""1.36"",""p"":""2598.79""}"
2026-09-19T00:04:15.458710Z,1789776255062,ETHUSDT,Buy,0.45,2598.42,"{""T"":1789776255062,""s"":""ETHUSDT"",""S"":""Buy"",""v"":""0.45"",""p"":""2598.42""}"
2026-09-19T00:04:18.458196Z,1789776258231,ETHUSDT,Buy,1.00,2597.91,"{""T"":1789776258231,""s"":""ETHUSDT"",""S"":""Buy"",""v"":""1.00"",""p"":""2597.91""}"
2026-09-19T00:04:39.518145Z,1789776279006,LTCUSDT,Sell,17.3,58.89,"{""T"":1789776279006,""s"":""LTCUSDT"",""S"":""Sell"",""v"":""17.3"",""p"":""58.89""}"
2026-09-19T00:04:40.137344Z,1789776279975,AKEUSDT,Sell,700,0.0470780,"{""T"":1789776279975,""s"":""AKEUSDT"",""S"":""Sell"",""v"":""700"",""p"":""0.0470780""}"
2026-09-19T00:04:57.993962Z,1789776297617,OPUSDT,Sell,963.2,0.12262,"{""T"":1789776297617,""s"":""OPUSDT"",""S"":""Sell"",""v"":""963.2"",""p"":""0.12262""}"
2026-09-19T00:05:06.458185Z,1789776306315,ETHUSDT,Sell,1.44,2617.77,"{""T"":1789776306315,""s"":""ETHUSDT"",""S"":""Sell"",""v"":""1.44"",""p"":""2617.77""}"
2026-09-19T00:05:06.518014Z,1789776306315,LTCUSDT,Sell,128.6,58.87,"{""T"":1789776306315,""s"":""LTCUSDT"",""S"":""Sell"",""v"":""128.6"",""p"":""58.87""}"
2026-09-19T00:05:06.518539Z,1789776306315,AVAXUSDT,Buy,352.0,8.151,"{""T"":1789776306315,""s"":""AVAXUSDT"",""S"":""Buy"",""v"":""352.0"",""p"":""8.151""}"
2026-09-19T00:05:06.564762Z,1789776306315,SOLUSDT,Sell,45.7,113.190,"{""T"":1789776306315,""s"":""SOLUSDT"",""S"":""Sell"",""v"":""45.7"",""p"":""113.190""}"
2026-09-19T00:05:06.815195Z,1789776306315,HYPEUSDT,Sell,42.24,92.990,"{""T"":1789776306315,""s"":""HYPEUSDT"",""S"":""Sell"",""v"":""42.24"",""p"":""92.990""}"
2026-09-19T00:05:28.637237Z,1789776328520,STRKUSDT,Buy,160.6,0.04289,"{""T"":1789776328520,""s"":""STRKUSDT"",""S"":""Buy"",""v"":""160.6"",""p"":""0.04289""}"
2026-09-19T00:05:54.420703Z,1789776354311,ZECUSDT,Buy,0.60,1540.18,"{""T"":1789776354311,""s"":""ZECUSDT"",""S"":""Buy"",""v"":""0.60"",""p"":""1540.18""}"
2026-09-19T00:05:54.637514Z,1789776354311,STRKUSDT,Buy,36000.0,0.04247,"{""T"":1789776354311,""s"":""STRKUSDT"",""S"":""Buy"",""v"":""36000.0"",""p"":""0.04247""}"
2026-09-19T00:06:04.815032Z,1789776364645,PUMPFUNUSDT,Buy,63900,0.0041790,"{""T"":1789776364645,""s"":""PUMPFUNUSDT"",""S"":""Buy"",""v"":""63900"",""p"":""0.0041790""}"
2026-09-19T00:07:01.137614Z,1789776420676,STRKUSDT,Buy,134.4,0.04250,"{""T"":1789776420676,""s"":""STRKUSDT"",""S"":""Buy"",""v"":""134.4"",""p"":""0.04250""}"
2026-09-19T00:07:18.874502Z,1789776438305,MARSCOINUSDT,Sell,280,0.11745,"{""T"":1789776438305,""s"":""MARSCOINUSDT"",""S"":""Sell"",""v"":""280"",""p"":""0.11745""}"
2026-09-19T00:07:28.161005Z,1789776447907,AKEUSDT,Sell,400,0.0478920,"{""T"":1789776447907,""s"":""AKEUSDT"",""S"":""Sell"",""v"":""400"",""p"":""0.0478920""}"
2026-09-19T00:07:28.637286Z,1789776448508,AKEUSDT,Sell,1100,0.0478950,"{""T"":1789776448508,""s"":""AKEUSDT"",""S"":""Sell"",""v"":""1100"",""p"":""0.0478950""}"
2026-09-19T00:08:05.998858Z,1789776485602,FUSDT,Sell,34443,0.005281,"{""T"":1789776485602,""s"":""FUSDT"",""S"":""Sell"",""v"":""34443"",""p"":""0.005281""}"
2026-09-19T00:08:25.998830Z,1789776505574,PENGUUSDT,Sell,56030,0.008032,"{""T"":1789776505574,""s"":""PENGUUSDT"",""S"":""Sell"",""v"":""56030"",""p"":""0.008032""}"
2026-09-19T00:08:34.637018Z,1789776514419,STRKUSDT,Buy,4231.9,0.04204,"{""T"":1789776514419,""s"":""STRKUSDT"",""S"":""Buy"",""v"":""4231.9"",""p"":""0.04204""}"
2026-09-19T00:08:43.136899Z,1789776522820,STRKUSDT,Buy,624.7,0.04179,"{""T"":1789776522820,""s"":""STRKUSDT"",""S"":""Buy"",""v"":""624.7"",""p"":""0.04179""}"
2026-09-19T00:08:43.637174Z,1789776523263,STRKUSDT,Buy,13111.1,0.04179,"{""T"":1789776523263,""s"":""STRKUSDT"",""S"":""Buy"",""v"":""13111.1"",""p"":""0.04179""}"
2026-09-19T00:08:49.998309Z,1789776529563,FUSDT,Buy,45097,0.004965,"{""T"":1789776529563,""s"":""FUSDT"",""S"":""Buy"",""v"":""45097"",""p"":""0.004965""}"
2026-09-19T00:08:54.498869Z,1789776533970,FUSDT,Buy,14320,0.004955,"{""T"":1789776533970,""s"":""FUSDT"",""S"":""Buy"",""v"":""14320"",""p"":""0.004955""}"
2026-09-19T00:09:10.021414Z,1789776549683,NEARUSDT,Buy,4.2,3.6890,"{""T"":1789776549683,""s"":""NEARUSDT"",""S"":""Buy"",""v"":""4.2"",""p"":""3.6890""}"
2026-09-19T00:09:10.517335Z,1789776550062,NEARUSDT,Buy,2.0,3.6900,"{""T"":1789776550062,""s"":""NEARUSDT"",""S"":""Buy"",""v"":""2.0"",""p"":""3.6900""}"
2026-09-19T00:09:12.315779Z,1789776552097,TRUMPUSDT,Buy,196.5,2.049,"{""T"":1789776552097,""s"":""TRUMPUSDT"",""S"":""Buy"",""v"":""196.5"",""p"":""2.049""}"
2026-09-19T00:09:12.316279Z,1789776551865,PUMPFUNUSDT,Buy,1184600,0.0041650,"{""T"":1789776551865,""s"":""PUMPFUNUSDT"",""S"":""Buy"",""v"":""1184600"",""p"":""0.0041650""}"
2026-09-19T00:09:12.637576Z,1789776552267,PIEVERSEUSDT,Buy,31,1.52780,"{""T"":1789776552267,""s"":""PIEVERSEUSDT"",""S"":""Buy"",""v"":""31"",""p"":""1.52780""}"
2026-09-19T00:09:13.915615Z,1789776553625,ARBUSDT,Buy,514.0,0.22007,"{""T"":1789776553625,""s"":""ARBUSDT"",""S"":""Buy"",""v"":""514.0"",""p"":""0.22007""}"
2026-09-19T00:09:16.637017Z,1789776556172,STRKUSDT,Sell,11609.0,0.04385,"{""T"":1789776556172,""s"":""STRKUSDT"",""S"":""Sell"",""v"":""11609.0"",""p"":""0.04385""}"
2026-09-19T00:09:20.564340Z,1789776560416,SOLUSDT,Buy,10.4,111.880,"{""T"":1789776560416,""s"":""SOLUSDT"",""S"":""Buy"",""v"":""10.4"",""p"":""111.880""}"
2026-09-19T00:09:35.998635Z,1789776575893,DASHUSDT,Buy,0.62,62.63,"{""T"":1789776575893,""s"":""DASHUSDT"",""S"":""Buy"",""v"":""0.62"",""p"":""62.63""}"
2026-09-19T00:09:36.017095Z,1789776575892,NEARUSDT,Buy,7.1,3.6910,"{""T"":1789776575892,""s"":""NEARUSDT"",""S"":""Buy"",""v"":""7.1"",""p"":""3.6910""}"
2026-09-19T00:09:47.843238Z,1789776587319,LITUSDT,Sell,22.5,4.8470,"{""T"":1789776587319,""s"":""LITUSDT"",""S"":""Sell"",""v"":""22.5"",""p"":""4.8470""}"
2026-09-19T00:09:54.416650Z,1789776593990,ADAUSDT,Sell,5000,0.2289,"{""T"":1789776593990,""s"":""ADAUSDT"",""S"":""Sell"",""v"":""5000"",""p"":""0.2289""}"
2026-09-19T00:10:01.493726Z,1789776601033,BRUSDT,Buy,111,0.71591,"{""T"":1789776601033,""s"":""BRUSDT"",""S"":""Buy"",""v"":""111"",""p"":""0.71591""}"
2026-09-19T00:10:08.861608Z,1789776608723,APTUSDT,Sell,74.64,0.7470,"{""T"":1789776608723,""s"":""APTUSDT"",""S"":""Sell"",""v"":""74.64"",""p"":""0.7470""}"
2026-09-19T00:10:20.998780Z,1789776620553,FUSDT,Buy,1410,0.004926,"{""T"":1789776620553,""s"":""FUSDT"",""S"":""Buy"",""v"":""1410"",""p"":""0.004926""}"
2026-09-19T00:10:20.998780Z,1789776620633,FUSDT,Buy,8558,0.004928,"{""T"":1789776620633,""s"":""FUSDT"",""S"":""Buy"",""v"":""8558"",""p"":""0.004928""}"
2026-09-19T00:10:45.415942Z,1789776645319,ADAUSDT,Sell,1394,0.2295,"{""T"":1789776645319,""s"":""ADAUSDT"",""S"":""Sell"",""v"":""1394"",""p"":""0.2295""}"
2026-09-19T00:10:46.415637Z,1789776646143,ADAUSDT,Sell,19,0.2293,"{""T"":1789776646143,""s"":""ADAUSDT"",""S"":""Sell"",""v"":""19"",""p"":""0.2293""}"
2026-09-19T00:10:46.415637Z,1789776646170,ADAUSDT,Sell,4221,0.2294,"{""T"":1789776646170,""s"":""ADAUSDT"",""S"":""Sell"",""v"":""4221"",""p"":""0.2294""}"
2026-09-19T00:10:46.916136Z,1789776646662,ADAUSDT,Sell,3897,0.2296,"{""T"":1789776646662,""s"":""ADAUSDT"",""S"":""Sell"",""v"":""3897"",""p"":""0.2296""}"
2026-09-19T00:10:47.416026Z,1789776646894,ADAUSDT,Sell,82893,0.2297,"{""T"":1789776646894,""s"":""ADAUSDT"",""S"":""Sell"",""v"":""82893"",""p"":""0.2297""}"
2026-09-19T00:10:47.416026Z,1789776647032,ADAUSDT,Sell,5731,0.2295,"{""T"":1789776647032,""s"":""ADAUSDT"",""S"":""Sell"",""v"":""5731"",""p"":""0.2295""}"
2026-09-19T00:10:47.567468Z,1789776647032,BTCUSDT,Sell,0.001,81139.70,"{""T"":1789776647032,""s"":""BTCUSDT"",""S"":""Sell"",""v"":""0.001"",""p"":""81139.70""}"
2026-09-19T00:11:12.637517Z,1789776672171,AKEUSDT,Sell,14900,0.0479050,"{""T"":1789776672171,""s"":""AKEUSDT"",""S"":""Sell"",""v"":""14900"",""p"":""0.0479050""}"
2026-09-19T00:11:40.140771Z,1789776699668,AKEUSDT,Sell,500,0.0480770,"{""T"":1789776699668,""s"":""AKEUSDT"",""S"":""Sell"",""v"":""500"",""p"":""0.0480770""}"
2026-09-19T00:11:41.517543Z,1789776701334,NEARUSDT,Buy,534.3,3.6760,"{""T"":1789776701334,""s"":""NEARUSDT"",""S"":""Buy"",""v"":""534.3"",""p"":""3.6760""}"
2026-09-19T00:11:44.637416Z,1789776704412,AKEUSDT,Sell,300,0.0481310,"{""T"":1789776704412,""s"":""AKEUSDT"",""S"":""Sell"",""v"":""300"",""p"":""0.0481310""}"
2026-09-19T00:11:45.637150Z,1789776705098,AKEUSDT,Sell,16300,0.0481530,"{""T"":1789776705098,""s"":""AKEUSDT"",""S"":""Sell"",""v"":""16300"",""p"":""0.0481530""}"
2026-09-19T00:11:46.137400Z,1789776705958,AKEUSDT,Sell,3000,0.0483530,"{""T"":1789776705958,""s"":""AKEUSDT"",""S"":""Sell"",""v"":""3000"",""p"":""0.0483530""}"
2026-09-19T00:11:46.637416Z,1789776706222,AKEUSDT,Sell,4500,0.0482010,"{""T"":1789776706222,""s"":""AKEUSDT"",""S"":""Sell"",""v"":""4500"",""p"":""0.0482010""}"
2026-09-19T00:11:47.637094Z,1789776707381,AKEUSDT,Sell,85200,0.0484530,"{""T"":1789776707381,""s"":""AKEUSDT"",""S"":""Sell"",""v"":""85200"",""p"":""0.0484530""}"
2026-09-19T00:12:58.339958Z,1789776778230,XRPUSDT,Sell,1480.1,1.4087,"{""T"":1789776778230,""s"":""XRPUSDT"",""S"":""Sell"",""v"":""1480.1"",""p"":""1.4087""}"
2026-09-19T00:13:07.498502Z,1789776787390,VIRTUALUSDT,Sell,84,0.6740,"{""T"":1789776787390,""s"":""VIRTUALUSDT"",""S"":""Sell"",""v"":""84"",""p"":""0.6740""}"
2026-09-19T00:13:08.993672Z,1789776788452,1000BONKUSDT,Sell,33300,0.0031240,"{""T"":1789776788452,""s"":""1000BONKUSDT"",""S"":""Sell"",""v"":""33300"",""p"":""0.0031240""}"
2026-09-19T00:13:08.998209Z,1789776788882,PENGUUSDT,Sell,119420,0.008081,"{""T"":1789776788882,""s"":""PENGUUSDT"",""S"":""Sell"",""v"":""119420"",""p"":""0.008081""}"
2026-09-19T00:13:12.998778Z,1789776792731,PENGUUSDT,Sell,1660,0.008086,"{""T"":1789776792731,""s"":""PENGUUSDT"",""S"":""Sell"",""v"":""1660"",""p"":""0.008086""}"
2026-09-19T00:14:16.498685Z,1789776856127,FUSDT,Buy,210362,0.004840,"{""T"":1789776856127,""s"":""FUSDT"",""S"":""Buy"",""v"":""210362"",""p"":""0.004840""}"
2026-09-19T00:14:22.993696Z,1789776862602,SUIUSDT,Sell,1080,0.83150,"{""T"":1789776862602,""s"":""SUIUSDT"",""S"":""Sell"",""v"":""1080"",""p"":""0.83150""}"
2026-09-19T00:14:23.839549Z,1789776863546,XRPUSDT,Sell,3449.2,1.4092,"{""T"":1789776863546,""s"":""XRPUSDT"",""S"":""Sell"",""v"":""3449.2"",""p"":""1.4092""}"
2026-09-19T00:14:26.839143Z,1789776866748,XRPUSDT,Sell,153.2,1.4102,"{""T"":1789776866748,""s"":""XRPUSDT"",""S"":""Sell"",""v"":""153.2"",""p"":""1.4102""}"
2026-09-19T00:14:30.993689Z,1789776870681,SUIUSDT,Sell,2020,0.83180,"{""T"":1789776870681,""s"":""SUIUSDT"",""S"":""Sell"",""v"":""2020"",""p"":""0.83180""}"
2026-09-19T00:14:31.494393Z,1789776871355,SUIUSDT,Sell,410,0.83190,"{""T"":1789776871355,""s"":""SUIUSDT"",""S"":""Sell"",""v"":""410"",""p"":""0.83190""}"
2026-09-19T00:15:13.149846Z,1789776912895,STRKUSDT,Buy,30442.7,0.04269,"{""T"":1789776912895,""s"":""STRKUSDT"",""S"":""Buy"",""v"":""30442.7"",""p"":""0.04269""}"
2026-09-19T00:15:39.363983Z,1789776938799,APTUSDT,Sell,42.08,0.7582,"{""T"":1789776938799,""s"":""APTUSDT"",""S"":""Sell"",""v"":""42.08"",""p"":""0.7582""}"
2026-09-19T00:15:39.415749Z,1789776939186,ADAUSDT,Sell,34501,0.2304,"{""T"":1789776939186,""s"":""ADAUSDT"",""S"":""Sell"",""v"":""34501"",""p"":""0.2304""}"
2026-09-19T00:16:06.494395Z,1789776966167,SUIUSDT,Sell,1110,0.83270,"{""T"":1789776966167,""s"":""SUIUSDT"",""S"":""Sell"",""v"":""1110"",""p"":""0.83270""}"
2026-09-19T00:16:35.997463Z,1789776995424,SUIUSDT,Sell,1220,0.83400,"{""T"":1789776995424,""s"":""SUIUSDT"",""S"":""Sell"",""v"":""1220"",""p"":""0.83400""}"
2026-09-19T00:17:07.564992Z,1789777026996,FILUSDT,Sell,18.6,0.9672,"{""T"":1789777026996,""s"":""FILUSDT"",""S"":""Sell"",""v"":""18.6"",""p"":""0.9672""}"
2026-09-19T00:17:08.339592Z,1789777028223,ONDOUSDT,Sell,420,0.4062,"{""T"":1789777028223,""s"":""ONDOUSDT"",""S"":""Sell"",""v"":""420"",""p"":""0.4062""}"
2026-09-19T00:17:12.064361Z,1789777031921,FILUSDT,Sell,248.1,0.9677,"{""T"":1789777031921,""s"":""FILUSDT"",""S"":""Sell"",""v"":""248.1"",""p"":""0.9677""}"
2026-09-19T00:18:00.494722Z,1789777080259,SUIUSDT,Sell,10,0.83420,"{""T"":1789777080259,""s"":""SUIUSDT"",""S"":""Sell"",""v"":""10"",""p"":""0.83420""}"
2026-09-19T00:18:23.993812Z,1789777103816,SUIUSDT,Sell,220,0.83530,"{""T"":1789777103816,""s"":""SUIUSDT"",""S"":""Sell"",""v"":""220"",""p"":""0.83530""}"
2026-09-19T00:18:24.994372Z,1789777104738,SUIUSDT,Sell,300,0.83550,"{""T"":1789777104738,""s"":""SUIUSDT"",""S"":""Sell"",""v"":""300"",""p"":""0.83550""}"
2026-09-19T00:18:37.997286Z,1789777117718,SUIUSDT,Sell,50000,0.83560,"{""T"":1789777117718,""s"":""SUIUSDT"",""S"":""Sell"",""v"":""50000"",""p"":""0.83560""}"
2026-09-19T00:19:01.518327Z,1789777141314,MNTUSDT,Sell,183.4,0.64030,"{""T"":1789777141314,""s"":""MNTUSDT"",""S"":""Sell"",""v"":""183.4"",""p"":""0.64030""}"
2026-09-19T00:19:01.814755Z,1789777141314,HYPEUSDT,Sell,0.50,93.660,"{""T"":1789777141314,""s"":""HYPEUSDT"",""S"":""Sell"",""v"":""0.50"",""p"":""93.660""}"
2026-09-19T00:19:04.315221Z,1789777144116,HYPEUSDT,Sell,4.58,93.680,"{""T"":1789777144116,""s"":""HYPEUSDT"",""S"":""Sell"",""v"":""4.58"",""p"":""93.680""}"
2026-09-19T00:19:10.861069Z,1789777150449,APTUSDT,Sell,253.98,0.7624,"{""T"":1789777150449,""s"":""APTUSDT"",""S"":""Sell"",""v"":""253.98"",""p"":""0.7624""}"
2026-09-19T00:19:11.498177Z,1789777151135,FUSDT,Buy,6824,0.004767,"{""T"":1789777151135,""s"":""FUSDT"",""S"":""Buy"",""v"":""6824"",""p"":""0.004767""}"
2026-09-19T00:19:12.361564Z,1789777152134,APTUSDT,Sell,22.00,0.7633,"{""T"":1789777152134,""s"":""APTUSDT"",""S"":""Sell"",""v"":""22.00"",""p"":""0.7633""}"
2026-09-19T00:19:16.998945Z,1789777156670,FUSDT,Buy,530000,0.004760,"{""T"":1789777156670,""s"":""FUSDT"",""S"":""Buy"",""v"":""530000"",""p"":""0.004760""}"
2026-09-19T00:19:16.998945Z,1789777156839,FUSDT,Buy,15749,0.004753,"{""T"":1789777156839,""s"":""FUSDT"",""S"":""Buy"",""v"":""15749"",""p"":""0.004753""}"
2026-09-19T00:19:19.839093Z,1789777159592,XRPUSDT,Sell,22.2,1.4137,"{""T"":1789777159592,""s"":""XRPUSDT"",""S"":""Sell"",""v"":""22.2"",""p"":""1.4137""}"
2026-09-19T00:19:21.861216Z,1789777161664,APTUSDT,Sell,296.40,0.7639,"{""T"":1789777161664,""s"":""APTUSDT"",""S"":""Sell"",""v"":""296.40"",""p"":""0.7639""}"
2026-09-19T00:19:22.361392Z,1789777161874,APTUSDT,Sell,14317.87,0.7637,"{""T"":1789777161874,""s"":""APTUSDT"",""S"":""Sell"",""v"":""14317.87"",""p"":""0.7637""}"
2026-09-19T00:19:25.339979Z,1789777165074,XRPUSDT,Sell,2638.2,1.4141,"{""T"":1789777165074,""s"":""XRPUSDT"",""S"":""Sell"",""v"":""2638.2"",""p"":""1.4141""}"
2026-09-19T00:19:35.064841Z,1789777174545,SOLUSDT,Sell,0.2,113.680,"{""T"":1789777174545,""s"":""SOLUSDT"",""S"":""Sell"",""v"":""0.2"",""p"":""113.680""}"
2026-09-19T00:19:36.315330Z,1789777175780,HYPEUSDT,Sell,23.04,93.730,"{""T"":1789777175780,""s"":""HYPEUSDT"",""S"":""Sell"",""v"":""23.04"",""p"":""93.730""}"
2026-09-19T00:19:38.361364Z,1789777177983,APTUSDT,Sell,412.54,0.7651,"{""T"":1789777177983,""s"":""APTUSDT"",""S"":""Sell"",""v"":""412.54"",""p"":""0.7651""}"
2026-09-19T00:19:41.517075Z,1789777181062,ATOMUSDT,Sell,2587.5,1.7540,"{""T"":1789777181062,""s"":""ATOMUSDT"",""S"":""Sell"",""v"":""2587.5"",""p"":""1.7540""}"
2026-09-19T00:19:52.315170Z,1789777191986,HYPEUSDT,Sell,0.60,93.760,"{""T"":1789777191986,""s"":""HYPEUSDT"",""S"":""Sell"",""v"":""0.60"",""p"":""93.760""}"
2026-09-19T00:19:53.315404Z,1789777192967,HYPEUSDT,Sell,0.76,93.770,"{""T"":1789777192967,""s"":""HYPEUSDT"",""S"":""Sell"",""v"":""0.76"",""p"":""93.770""}"
2026-09-19T00:19:53.815486Z,1789777193496,HYPEUSDT,Sell,4.21,93.770,"{""T"":1789777193496,""s"":""HYPEUSDT"",""S"":""Sell"",""v"":""4.21"",""p"":""93.770""}"
2026-09-19T00:19:56.517395Z,1789777195932,TAOUSDT,Sell,3.675,255.00,"{""T"":1789777195932,""s"":""TAOUSDT"",""S"":""Sell"",""v"":""3.675"",""p"":""255.00""}"
2026-09-19T00:19:59.498221Z,1789777199011,INJUSDT,Sell,1.0,6.7960,"{""T"":1789777199011,""s"":""INJUSDT"",""S"":""Sell"",""v"":""1.0"",""p"":""6.7960""}"
2026-09-19T00:20:02.517602Z,1789777202011,ATOMUSDT,Sell,1156.5,1.7580,"{""T"":1789777202011,""s"":""ATOMUSDT"",""S"":""Sell"",""v"":""1156.5"",""p"":""1.7580""}"
2026-09-19T00:20:03.860813Z,1789777203500,APTUSDT,Sell,2340.30,0.7656,"{""T"":1789777203500,""s"":""APTUSDT"",""S"":""Sell"",""v"":""2340.30"",""p"":""0.7656""}"
2026-09-19T00:20:03.860813Z,1789777203651,APTUSDT,Sell,28314.63,0.7658,"{""T"":1789777203651,""s"":""APTUSDT"",""S"":""Sell"",""v"":""28314.63"",""p"":""0.7658""}"
2026-09-19T00:20:06.636973Z,1789777206191,STRKUSDT,Buy,177.0,0.04298,"{""T"":1789777206191,""s"":""STRKUSDT"",""S"":""Buy"",""v"":""177.0"",""p"":""0.04298""}"
2026-09-19T00:20:08.564716Z,1789777208132,FILUSDT,Sell,379.9,0.9698,"{""T"":1789777208132,""s"":""FILUSDT"",""S"":""Sell"",""v"":""379.9"",""p"":""0.9698""}"
2026-09-19T00:20:16.518071Z,1789777216410,MNTUSDT,Sell,17.0,0.64120,"{""T"":1789777216410,""s"":""MNTUSDT"",""S"":""Sell"",""v"":""17.0"",""p"":""0.64120""}"
2026-09-19T00:20:35.361147Z,1789777235100,APTUSDT,Sell,1.76,0.7710,"{""T"":1789777235100,""s"":""APTUSDT"",""S"":""Sell"",""v"":""1.76"",""p"":""0.7710""}"
2026-09-19T00:20:35.361147Z,1789777235209,APTUSDT,Sell,293.12,0.7695,"{""T"":1789777235209,""s"":""APTUSDT"",""S"":""Sell"",""v"":""293.12"",""p"":""0.7695""}"
2026-09-19T00:20:35.361147Z,1789777235261,APTUSDT,Sell,2552.83,0.7700,"{""T"":1789777235261,""s"":""APTUSDT"",""S"":""Sell"",""v"":""2552.83"",""p"":""0.7700""}"
2026-09-19T00:20:35.415768Z,1789777235261,ADAUSDT,Sell,3848,0.2289,"{""T"":1789777235261,""s"":""ADAUSDT"",""S"":""Sell"",""v"":""3848"",""p"":""0.2289""}"
2026-09-19T00:20:35.564415Z,1789777235261,SOLUSDT,Sell,37.1,113.710,"{""T"":1789777235261,""s"":""SOLUSDT"",""S"":""Sell"",""v"":""37.1"",""p"":""113.710""}"
2026-09-19T00:20:35.861137Z,1789777235656,APTUSDT,Sell,721.18,0.7701,"{""T"":1789777235656,""s"":""APTUSDT"",""S"":""Sell"",""v"":""721.18"",""p"":""0.7701""}"
2026-09-19T00:20:35.861137Z,1789777235714,APTUSDT,Sell,414.96,0.7698,"{""T"":1789777235714,""s"":""APTUSDT"",""S"":""Sell"",""v"":""414.96"",""p"":""0.7698""}"
2026-09-19T00:20:36.360798Z,1789777235987,APTUSDT,Sell,968.16,0.7668,"{""T"":1789777235987,""s"":""APTUSDT"",""S"":""Sell"",""v"":""968.16"",""p"":""0.7668""}"
2026-09-19T00:20:46.993702Z,1789777246807,BRUSDT,Buy,3578,0.71491,"{""T"":1789777246807,""s"":""BRUSDT"",""S"":""Buy"",""v"":""3578"",""p"":""0.71491""}"
2026-09-19T00:21:07.419363Z,1789777267247,ARBUSDT,Sell,752.2,0.22869,"{""T"":1789777267247,""s"":""ARBUSDT"",""S"":""Sell"",""v"":""752.2"",""p"":""0.22869""}"
2026-09-19T00:21:07.861020Z,1789777267590,APTUSDT,Sell,1235.83,0.7769,"{""T"":1789777267590,""s"":""APTUSDT"",""S"":""Sell"",""v"":""1235.83"",""p"":""0.7769""}"
2026-09-19T00:21:07.861020Z,1789777267657,APTUSDT,Sell,294.87,0.7771,"{""T"":1789777267657,""s"":""APTUSDT"",""S"":""Sell"",""v"":""294.87"",""p"":""0.7771""}"
2026-09-19T00:21:09.360896Z,1789777268923,APTUSDT,Sell,1774.71,0.7795,"{""T"":1789777268923,""s"":""APTUSDT"",""S"":""Sell"",""v"":""1774.71"",""p"":""0.7795""}"
2026-09-19T00:21:51.994217Z,1789777311445,OPUSDT,Buy,123.5,0.11964,"{""T"":1789777311445,""s"":""OPUSDT"",""S"":""Buy"",""v"":""123.5"",""p"":""0.11964""}"
2026-09-19T00:21:52.493843Z,1789777312086,OPUSDT,Buy,165.0,0.11957,"{""T"":1789777312086,""s"":""OPUSDT"",""S"":""Buy"",""v"":""165.0"",""p"":""0.11957""}"
2026-09-19T00:21:52.993450Z,1789777312625,OPUSDT,Buy,18210.4,0.11920,"{""T"":1789777312625,""s"":""OPUSDT"",""S"":""Buy"",""v"":""18210.4"",""p"":""0.11920""}"
2026-09-19T00:21:52.993450Z,1789777312710,OPUSDT,Buy,12410.0,0.11926,"{""T"":1789777312710,""s"":""OPUSDT"",""S"":""Buy"",""v"":""12410.0"",""p"":""0.11926""}"
2026-09-19T00:21:52.993450Z,1789777312729,OPUSDT,Buy,12410.0,0.11926,"{""T"":1789777312729,""s"":""OPUSDT"",""S"":""Buy"",""v"":""12410.0"",""p"":""0.11926""}"
2026-09-19T00:21:53.994201Z,1789777313654,OPUSDT,Buy,8285.0,0.11910,"{""T"":1789777313654,""s"":""OPUSDT"",""S"":""Buy"",""v"":""8285.0"",""p"":""0.11910""}"
2026-09-19T00:21:53.994201Z,1789777313664,OPUSDT,Buy,908.7,0.11908,"{""T"":1789777313664,""s"":""OPUSDT"",""S"":""Buy"",""v"":""908.7"",""p"":""0.11908""}"
2026-09-19T00:21:53.994201Z,1789777313787,OPUSDT,Buy,414.9,0.11891,"{""T"":1789777313787,""s"":""OPUSDT"",""S"":""Buy"",""v"":""414.9"",""p"":""0.11891""}"
2026-09-19T00:21:54.493691Z,1789777314088,OPUSDT,Buy,43054.7,0.11890,"{""T"":1789777314088,""s"":""OPUSDT"",""S"":""Buy"",""v"":""43054.7"",""p"":""0.11890""}"
2026-09-19T00:21:55.415733Z,1789777315022,ARBUSDT,Sell,136131.6,0.22981,"{""T"":1789777315022,""s"":""ARBUSDT"",""S"":""Sell"",""v"":""136131.6"",""p"":""0.22981""}"
2026-09-19T00:21:55.915717Z,1789777315819,ARBUSDT,Sell,9108.2,0.23198,"{""T"":1789777315819,""s"":""ARBUSDT"",""S"":""Sell"",""v"":""9108.2"",""p"":""0.23198""}"
2026-09-19T00:21:56.415979Z,1789777315966,ARBUSDT,Sell,981.6,0.23153,"{""T"":1789777315966,""s"":""ARBUSDT"",""S"":""Sell"",""v"":""981.6"",""p"":""0.23153""}"
2026-09-19T00:21:56.415979Z,1789777315968,ARBUSDT,Sell,12173.4,0.23107,"{""T"":1789777315968,""s"":""ARBUSDT"",""S"":""Sell"",""v"":""12173.4"",""p"":""0.23107""}"
2026-09-19T00:21:56.415979Z,1789777316081,ARBUSDT,Sell,579.5,0.23115,"{""T"":1789777316081,""s"":""ARBUSDT"",""S"":""Sell"",""v"":""579.5"",""p"":""0.23115""}"
2026-09-19T00:21:56.415979Z,1789777316139,ARBUSDT,Sell,414.3,0.23055,"{""T"":1789777316139,""s"":""ARBUSDT"",""S"":""Sell"",""v"":""414.3"",""p"":""0.23055""}"
2026-09-19T00:21:56.415979Z,1789777316178,ARBUSDT,Sell,11473.3,0.23098,"{""T"":1789777316178,""s"":""ARBUSDT"",""S"":""Sell"",""v"":""11473.3"",""p"":""0.23098""}"
2026-09-19T00:21:56.493698Z,1789777316107,OPUSDT,Buy,16612.6,0.11879,"{""T"":1789777316107,""s"":""OPUSDT"",""S"":""Buy"",""v"":""16612.6"",""p"":""0.11879""}"
2026-09-19T00:21:56.915763Z,1789777316459,ARBUSDT,Sell,20000.0,0.23185,"{""T"":1789777316459,""s"":""ARBUSDT"",""S"":""Sell"",""v"":""20000.0"",""p"":""0.23185""}"
2026-09-19T00:21:56.915763Z,1789777316513,ARBUSDT,Sell,1350.0,0.23163,"{""T"":1789777316513,""s"":""ARBUSDT"",""S"":""Sell"",""v"":""1350.0"",""p"":""0.23163""}"
2026-09-19T00:21:56.915763Z,1789777316559,ARBUSDT,Sell,96916.2,0.23154,"{""T"":1789777316559,""s"":""ARBUSDT"",""S"":""Sell"",""v"":""96916.2"",""p"":""0.23154""}"
2026-09-19T00:21:56.915763Z,1789777316570,ARBUSDT,Sell,500.0,0.23061,"{""T"":1789777316570,""s"":""ARBUSDT"",""S"":""Sell"",""v"":""500.0"",""p"":""0.23061""}"
2026-09-19T00:21:56.915763Z,1789777316595,ARBUSDT,Sell,1401.7,0.23119,"{""T"":1789777316595,""s"":""ARBUSDT"",""S"":""Sell"",""v"":""1401.7"",""p"":""0.23119""}"
2026-09-19T00:22:11.915928Z,1789777331690,ZECUSDT,Sell,0.01,1570.88,"{""T"":1789777331690,""s"":""ZECUSDT"",""S"":""Sell"",""v"":""0.01"",""p"":""1570.88""}"
2026-09-19T00:22:51.860874Z,1789777371675,APTUSDT,Buy,28.91,0.7467,"{""T"":1789777371675,""s"":""APTUSDT"",""S"":""Buy"",""v"":""28.91"",""p"":""0.7467""}"
2026-09-19T00:23:37.364093Z,1789777417009,APTUSDT,Buy,13.02,0.7360,"{""T"":1789777417009,""s"":""APTUSDT"",""S"":""Buy"",""v"":""13.02"",""p"":""0.7360""}"
2026-09-19T00:23:39.339303Z,1789777419191,AAVEUSDT,Sell,0.73,142.93,"{""T"":1789777419191,""s"":""AAVEUSDT"",""S"":""Sell"",""v"":""0.73"",""p"":""142.93""}"
2026-09-19T00:23:40.494402Z,1789777420323,OPUSDT,Buy,16792.5,0.11752,"{""T"":1789777420323,""s"":""OPUSDT"",""S"":""Buy"",""v"":""16792.5"",""p"":""0.11752""}"
2026-09-19T00:24:29.018408Z,1789777468796,TAOUSDT,Sell,0.145,255.52,"{""T"":1789777468796,""s"":""TAOUSDT"",""S"":""Sell"",""v"":""0.145"",""p"":""255.52""}"
2026-09-19T00:24:40.017846Z,1789777479828,TAOUSDT,Sell,0.266,256.02,"{""T"":1789777479828,""s"":""TAOUSDT"",""S"":""Sell"",""v"":""0.266"",""p"":""256.02""}"
2026-09-19T00:25:46.415964Z,1789777546246,ZECUSDT,Sell,0.44,1582.55,"{""T"":1789777546246,""s"":""ZECUSDT"",""S"":""Sell"",""v"":""0.44"",""p"":""1582.55""}"
2026-09-19T00:25:46.915835Z,1789777546823,ZECUSDT,Sell,0.01,1584.93,"{""T"":1789777546823,""s"":""ZECUSDT"",""S"":""Sell"",""v"":""0.01"",""p"":""1584.93""}"
2026-09-19T00:26:13.137461Z,1789777572676,STRKUSDT,Buy,2891.6,0.04341,"{""T"":1789777572676,""s"":""STRKUSDT"",""S"":""Buy"",""v"":""2891.6"",""p"":""0.04341""}"
2026-09-19T00:26:13.339990Z,1789777573100,AAVEUSDT,Sell,19.56,143.38,"{""T"":1789777573100,""s"":""AAVEUSDT"",""S"":""Sell"",""v"":""19.56"",""p"":""143.38""}"
2026-09-19T00:26:15.137305Z,1789777574700,STRKUSDT,Buy,192384.1,0.04325,"{""T"":1789777574700,""s"":""STRKUSDT"",""S"":""Buy"",""v"":""192384.1"",""p"":""0.04325""}"
2026-09-19T00:27:45.064684Z,1789777664488,FILUSDT,Sell,250.0,0.9751,"{""T"":1789777664488,""s"":""FILUSDT"",""S"":""Sell"",""v"":""250.0"",""p"":""0.9751""}"
2026-09-19T00:27:58.017863Z,1789777677860,TAOUSDT,Sell,0.246,256.44,"{""T"":1789777677860,""s"":""TAOUSDT"",""S"":""Sell"",""v"":""0.246"",""p"":""256.44""}"
2026-09-19T00:28:30.988174Z,1789777710871,BTWUSDT,Sell,10,0.66908,"{""T"":1789777710871,""s"":""BTWUSDT"",""S"":""Sell"",""v"":""10"",""p"":""0.66908""}"
2026-09-19T00:28:30.993411Z,1789777710871,BRUSDT,Sell,40,0.87824,"{""T"":1789777710871,""s"":""BRUSDT"",""S"":""Sell"",""v"":""40"",""p"":""0.87824""}"
2026-09-19T00:28:31.136907Z,1789777710871,PENDLEUSDT,Sell,2,2.6300,"{""T"":1789777710871,""s"":""PENDLEUSDT"",""S"":""Sell"",""v"":""2"",""p"":""2.6300""}"
2026-09-19T00:28:31.137377Z,1789777710871,AKEUSDT,Sell,3000,0.0478920,"{""T"":1789777710871,""s"":""AKEUSDT"",""S"":""Sell"",""v"":""3000"",""p"":""0.0478920""}"
2026-09-19T00:28:31.137679Z,1789777710871,PIEVERSEUSDT,Sell,20,1.64340,"{""T"":1789777710871,""s"":""PIEVERSEUSDT"",""S"":""Sell"",""v"":""20"",""p"":""1.64340""}"
2026-09-19T00:28:31.314627Z,1789777710871,PUMPFUNUSDT,Sell,2300,0.0042830,"{""T"":1789777710871,""s"":""PUMPFUNUSDT"",""S"":""Sell"",""v"":""2300"",""p"":""0.0042830""}"
2026-09-19T00:28:31.315060Z,1789777710871,SPCXUSDT,Sell,0.08,153.65,"{""T"":1789777710871,""s"":""SPCXUSDT"",""S"":""Sell"",""v"":""0.08"",""p"":""153.65""}"
2026-09-19T00:28:31.315296Z,1789777710871,HYPEUSDT,Sell,0.12,93.560,"{""T"":1789777710871,""s"":""HYPEUSDT"",""S"":""Sell"",""v"":""0.12"",""p"":""93.560""}"
2026-09-19T00:28:31.327088Z,1789777710871,VVVUSDT,Sell,3.00,28.7560,"{""T"":1789777710871,""s"":""VVVUSDT"",""S"":""Sell"",""v"":""3.00"",""p"":""28.7560""}"
2026-09-19T00:28:31.330220Z,1789777710871,PONSUSDT,Sell,7,0.6869,"{""T"":1789777710871,""s"":""PONSUSDT"",""S"":""Sell"",""v"":""7"",""p"":""0.6869""}"
2026-09-19T00:28:31.349322Z,1789777710871,MARSCOINUSDT,Sell,50,0.11855,"{""T"":1789777710871,""s"":""MARSCOINUSDT"",""S"":""Sell"",""v"":""50"",""p"":""0.11855""}"
2026-09-19T00:28:31.349675Z,1789777710871,USELESSUSDT,Sell,20,0.30845,"{""T"":1789777710871,""s"":""USELESSUSDT"",""S"":""Sell"",""v"":""20"",""p"":""0.30845""}"
2026-09-19T00:28:31.361199Z,1789777710871,GENIUSUSDT,Sell,12,0.3472,"{""T"":1789777710871,""s"":""GENIUSUSDT"",""S"":""Sell"",""v"":""12"",""p"":""0.3472""}"
2026-09-19T00:28:31.361514Z,1789777710871,NVDAUSDT,Sell,0.03,223.69,"{""T"":1789777710871,""s"":""NVDAUSDT"",""S"":""Sell"",""v"":""0.03"",""p"":""223.69""}"
2026-09-19T00:28:31.410131Z,1789777710871,AAPLUSDT,Sell,0.08,336.83,"{""T"":1789777710871,""s"":""AAPLUSDT"",""S"":""Sell"",""v"":""0.08"",""p"":""336.83""}"
2026-09-19T00:28:31.416244Z,1789777710871,ZECUSDT,Sell,0.08,1581.61,"{""T"":1789777710871,""s"":""ZECUSDT"",""S"":""Sell"",""v"":""0.08"",""p"":""1581.61""}"
2026-09-19T00:28:44.415132Z,1789777724239,LSKUSDT,Buy,156.4,0.42718,"{""T"":1789777724239,""s"":""LSKUSDT"",""S"":""Buy"",""v"":""156.4"",""p"":""0.42718""}"
2026-09-19T00:29:24.498171Z,1789777764372,INJUSDT,Sell,5.2,6.8270,"{""T"":1789777764372,""s"":""INJUSDT"",""S"":""Sell"",""v"":""5.2"",""p"":""6.8270""}"
2026-09-19T00:29:25.839074Z,1789777765615,XRPUSDT,Sell,1464.6,1.4158,"{""T"":1789777765615,""s"":""XRPUSDT"",""S"":""Sell"",""v"":""1464.6"",""p"":""1.4158""}"
2026-09-19T00:29:29.840106Z,1789777769734,XRPUSDT,Sell,6.4,1.4157,"{""T"":1789777769734,""s"":""XRPUSDT"",""S"":""Sell"",""v"":""6.4"",""p"":""1.4157""}"
2026-09-19T00:29:56.919718Z,1789777796758,ZECUSDT,Sell,1.86,1583.16,"{""T"":1789777796758,""s"":""ZECUSDT"",""S"":""Sell"",""v"":""1.86"",""p"":""1583.16""}"
2026-09-19T00:29:56.920156Z,1789777796758,DOGEUSDT,Sell,13908,0.08839,"{""T"":1789777796758,""s"":""DOGEUSDT"",""S"":""Sell"",""v"":""13908"",""p"":""0.08839""}"
2026-09-19T00:29:56.956996Z,1789777796758,ETHUSDT,Sell,0.50,2622.76,"{""T"":1789777796758,""s"":""ETHUSDT"",""S"":""Sell"",""v"":""0.50"",""p"":""2622.76""}"
2026-09-19T00:29:57.017614Z,1789777796758,TAOUSDT,Sell,4.926,256.49,"{""T"":1789777796758,""s"":""TAOUSDT"",""S"":""Sell"",""v"":""4.926"",""p"":""256.49""}"
2026-09-19T00:29:57.064326Z,1789777796758,SOLUSDT,Sell,12.8,113.690,"{""T"":1789777796758,""s"":""SOLUSDT"",""S"":""Sell"",""v"":""12.8"",""p"":""113.690""}"
2026-09-19T00:29:57.314664Z,1789777796758,HYPEUSDT,Sell,30.17,93.740,"{""T"":1789777796758,""s"":""HYPEUSDT"",""S"":""Sell"",""v"":""30.17"",""p"":""93.740""}"
2026-09-19T00:29:57.339627Z,1789777796758,AAVEUSDT,Sell,11.01,143.67,"{""T"":1789777796758,""s"":""AAVEUSDT"",""S"":""Sell"",""v"":""11.01"",""p"":""143.67""}"
2026-09-19T00:29:57.340124Z,1789777796758,XRPUSDT,Sell,1774.0,1.4161,"{""T"":1789777796758,""s"":""XRPUSDT"",""S"":""Sell"",""v"":""1774.0"",""p"":""1.4161""}"
2026-09-19T00:30:07.338990Z,1789777807007,AAVEUSDT,Sell,0.04,143.86,"{""T"":1789777807007,""s"":""AAVEUSDT"",""S"":""Sell"",""v"":""0.04"",""p"":""143.86""}"
2026-09-19T00:30:07.409249Z,1789777807007,TSLAUSDT,Sell,0.02,366.62,"{""T"":1789777807007,""s"":""TSLAUSDT"",""S"":""Sell"",""v"":""0.02"",""p"":""366.62""}"
2026-09-19T00:30:12.314834Z,1789777812224,HYPEUSDT,Sell,1.36,93.760,"{""T"":1789777812224,""s"":""HYPEUSDT"",""S"":""Sell"",""v"":""1.36"",""p"":""93.760""}"
2026-09-19T00:30:14.067876Z,1789777813769,BTCUSDT,Sell,0.030,81358.90,"{""T"":1789777813769,""s"":""BTCUSDT"",""S"":""Sell"",""v"":""0.030"",""p"":""81358.90""}"
2026-09-19T00:30:14.315423Z,1789777813988,HYPEUSDT,Sell,12.72,93.800,"{""T"":1789777813988,""s"":""HYPEUSDT"",""S"":""Sell"",""v"":""12.72"",""p"":""93.800""}"
2026-09-19T00:30:14.339748Z,1789777813769,XRPUSDT,Sell,2200.0,1.4171,"{""T"":1789777813769,""s"":""XRPUSDT"",""S"":""Sell"",""v"":""2200.0"",""p"":""1.4171""}"
2026-09-19T00:30:14.339748Z,1789777814091,XRPUSDT,Sell,78.5,1.4168,"{""T"":1789777814091,""s"":""XRPUSDT"",""S"":""Sell"",""v"":""78.5"",""p"":""1.4168""}"
2026-09-19T00:30:20.567421Z,1789777819987,BTCUSDT,Sell,0.007,81368.10,"{""T"":1789777819987,""s"":""BTCUSDT"",""S"":""Sell"",""v"":""0.007"",""p"":""81368.10""}"
2026-09-19T00:30:32.340099Z,1789777832079,XRPUSDT,Sell,6.8,1.4174,"{""T"":1789777832079,""s"":""XRPUSDT"",""S"":""Sell"",""v"":""6.8"",""p"":""1.4174""}"
2026-09-19T00:30:43.998091Z,1789777843448,INJUSDT,Sell,6.9,6.8310,"{""T"":1789777843448,""s"":""INJUSDT"",""S"":""Sell"",""v"":""6.9"",""p"":""6.8310""}"
2026-09-19T00:30:45.498120Z,1789777845111,INJUSDT,Sell,3.3,6.8390,"{""T"":1789777845111,""s"":""INJUSDT"",""S"":""Sell"",""v"":""3.3"",""p"":""6.8390""}"
2026-09-19T00:30:53.339420Z,1789777853015,XRPUSDT,Sell,1165.7,1.4182,"{""T"":1789777853015,""s"":""XRPUSDT"",""S"":""Sell"",""v"":""1165.7"",""p"":""1.4182""}"
2026-09-19T00:31:03.568560Z,1789777863302,BTCUSDT,Sell,0.012,81396.80,"{""T"":1789777863302,""s"":""BTCUSDT"",""S"":""Sell"",""v"":""0.012"",""p"":""81396.80""}"
2026-09-19T00:31:04.067756Z,1789777863908,BTCUSDT,Sell,0.028,81392.30,"{""T"":1789777863908,""s"":""BTCUSDT"",""S"":""Sell"",""v"":""0.028"",""p"":""81392.30""}"
2026-09-19T00:31:04.067756Z,1789777863955,BTCUSDT,Sell,0.290,81393.20,"{""T"":1789777863955,""s"":""BTCUSDT"",""S"":""Sell"",""v"":""0.290"",""p"":""81393.20""}"
2026-09-19T00:31:15.919410Z,1789777875697,ZECUSDT,Sell,2.13,1584.55,"{""T"":1789777875697,""s"":""ZECUSDT"",""S"":""Sell"",""v"":""2.13"",""p"":""1584.55""}"
2026-09-19T00:31:16.067719Z,1789777875697,BTCUSDT,Sell,0.090,81397.80,"{""T"":1789777875697,""s"":""BTCUSDT"",""S"":""Sell"",""v"":""0.090"",""p"":""81397.80""}"
2026-09-19T00:31:18.493774Z,1789777878198,SUIUSDT,Sell,10150,0.83610,"{""T"":1789777878198,""s"":""SUIUSDT"",""S"":""Sell"",""v"":""10150"",""p"":""0.83610""}"
2026-09-19T00:31:19.494077Z,1789777879002,SUIUSDT,Sell,1880,0.83650,"{""T"":1789777879002,""s"":""SUIUSDT"",""S"":""Sell"",""v"":""1880"",""p"":""0.83650""}"
2026-09-19T00:31:22.493630Z,1789777882207,OPUSDT,Sell,210.1,0.12272,"{""T"":1789777882207,""s"":""OPUSDT"",""S"":""Sell"",""v"":""210.1"",""p"":""0.12272""}"
2026-09-19T00:31:23.998252Z,1789777883733,INJUSDT,Sell,32.4,6.8650,"{""T"":1789777883733,""s"":""INJUSDT"",""S"":""Sell"",""v"":""32.4"",""p"":""6.8650""}"
2026-09-19T00:31:23.998252Z,1789777883856,INJUSDT,Sell,10.0,6.8610,"{""T"":1789777883856,""s"":""INJUSDT"",""S"":""Sell"",""v"":""10.0"",""p"":""6.8610""}"
2026-09-19T00:31:24.498084Z,1789777884026,INJUSDT,Sell,22.5,6.8460,"{""T"":1789777884026,""s"":""INJUSDT"",""S"":""Sell"",""v"":""22.5"",""p"":""6.8460""}"
2026-09-19T00:31:24.998892Z,1789777884420,INJUSDT,Sell,8.9,6.8490,"{""T"":1789777884420,""s"":""INJUSDT"",""S"":""Sell"",""v"":""8.9"",""p"":""6.8490""}"
2026-09-19T00:31:32.568330Z,1789777892258,BTCUSDT,Sell,0.064,81411.00,"{""T"":1789777892258,""s"":""BTCUSDT"",""S"":""Sell"",""v"":""0.064"",""p"":""81411.00""}"
2026-09-19T00:31:34.993391Z,1789777894550,SUIUSDT,Sell,1180,0.83750,"{""T"":1789777894550,""s"":""SUIUSDT"",""S"":""Sell"",""v"":""1180"",""p"":""0.83750""}"
2026-09-19T00:31:36.909844Z,1789777896645,LSKUSDT,Buy,14.1,0.42506,"{""T"":1789777896645,""s"":""LSKUSDT"",""S"":""Buy"",""v"":""14.1"",""p"":""0.42506""}"
2026-09-19T00:31:37.814780Z,1789777897605,HYPEUSDT,Sell,0.97,93.830,"{""T"":1789777897605,""s"":""HYPEUSDT"",""S"":""Sell"",""v"":""0.97"",""p"":""93.830""}"
2026-09-19T00:31:39.498230Z,1789777899286,FUSDT,Sell,18248,0.005040,"{""T"":1789777899286,""s"":""FUSDT"",""S"":""Sell"",""v"":""18248"",""p"":""0.005040""}"
2026-09-19T00:31:47.067678Z,1789777906633,BTCUSDT,Sell,0.011,81450.10,"{""T"":1789777906633,""s"":""BTCUSDT"",""S"":""Sell"",""v"":""0.011"",""p"":""81450.10""}"
2026-09-19T00:31:47.339742Z,1789777906781,XRPUSDT,Sell,2373.5,1.4198,"{""T"":1789777906781,""s"":""XRPUSDT"",""S"":""Sell"",""v"":""2373.5"",""p"":""1.4198""}"
2026-09-19T00:31:51.839295Z,1789777911678,XRPUSDT,Sell,8.2,1.4201,"{""T"":1789777911678,""s"":""XRPUSDT"",""S"":""Sell"",""v"":""8.2"",""p"":""1.4201""}"
2026-09-19T00:31:52.839501Z,1789777912696,XRPUSDT,Sell,729.2,1.4203,"{""T"":1789777912696,""s"":""XRPUSDT"",""S"":""Sell"",""v"":""729.2"",""p"":""1.4203""}"
2026-09-19T00:31:52.957476Z,1789777912454,ETHUSDT,Sell,0.13,2626.62,"{""T"":1789777912454,""s"":""ETHUSDT"",""S"":""Sell"",""v"":""0.13"",""p"":""2626.62""}"
2026-09-19T00:31:53.314839Z,1789777912880,HYPEUSDT,Sell,8.97,93.850,"{""T"":1789777912880,""s"":""HYPEUSDT"",""S"":""Sell"",""v"":""8.97"",""p"":""93.850""}"
2026-09-19T00:31:57.067921Z,1789777916838,BTCUSDT,Sell,0.062,81485.00,"{""T"":1789777916838,""s"":""BTCUSDT"",""S"":""Sell"",""v"":""0.062"",""p"":""81485.00""}"
2026-09-19T00:31:57.957900Z,1789777917640,ETHUSDT,Sell,0.01,2626.83,"{""T"":1789777917640,""s"":""ETHUSDT"",""S"":""Sell"",""v"":""0.01"",""p"":""2626.83""}"
2026-09-19T00:32:09.361176Z,1789777929034,APTUSDT,Sell,373.92,0.7639,"{""T"":1789777929034,""s"":""APTUSDT"",""S"":""Sell"",""v"":""373.92"",""p"":""0.7639""}"
2026-09-19T00:32:57.839367Z,1789777977648,XRPUSDT,Sell,69.6,1.4214,"{""T"":1789777977648,""s"":""XRPUSDT"",""S"":""Sell"",""v"":""69.6"",""p"":""1.4214""}"
2026-09-19T00:32:58.340242Z,1789777977996,XRPUSDT,Sell,562.3,1.4218,"{""T"":1789777977996,""s"":""XRPUSDT"",""S"":""Sell"",""v"":""562.3"",""p"":""1.4218""}"
2026-09-19T00:32:58.340242Z,1789777978026,XRPUSDT,Sell,10.0,1.4216,"{""T"":1789777978026,""s"":""XRPUSDT"",""S"":""Sell"",""v"":""10.0"",""p"":""1.4216""}"
2026-09-19T00:32:59.839892Z,1789777979394,XRPUSDT,Sell,228.2,1.4221,"{""T"":1789777979394,""s"":""XRPUSDT"",""S"":""Sell"",""v"":""228.2"",""p"":""1.4221""}"
2026-09-19T00:33:00.338988Z,1789777980173,XRPUSDT,Sell,561.3,1.4222,"{""T"":1789777980173,""s"":""XRPUSDT"",""S"":""Sell"",""v"":""561.3"",""p"":""1.4222""}"
2026-09-19T00:33:00.564408Z,1789777980077,SOLUSDT,Sell,4.6,113.950,"{""T"":1789777980077,""s"":""SOLUSDT"",""S"":""Sell"",""v"":""4.6"",""p"":""113.950""}"
2026-09-19T00:34:31.137421Z,1789778070881,STRKUSDT,Buy,5363.7,0.04283,"{""T"":1789778070881,""s"":""STRKUSDT"",""S"":""Buy"",""v"":""5363.7"",""p"":""0.04283""}"
2026-09-19T00:34:35.998333Z,1789778075760,FUSDT,Sell,3767,0.005137,"{""T"":1789778075760,""s"":""FUSDT"",""S"":""Sell"",""v"":""3767"",""p"":""0.005137""}"
2026-09-19T00:35:20.860927Z,1789778120394,APTUSDT,Sell,30.88,0.7684,"{""T"":1789778120394,""s"":""APTUSDT"",""S"":""Sell"",""v"":""30.88"",""p"":""0.7684""}"
2026-09-19T00:35:29.339831Z,1789778129101,XRPUSDT,Sell,220.9,1.4247,"{""T"":1789778129101,""s"":""XRPUSDT"",""S"":""Sell"",""v"":""220.9"",""p"":""1.4247""}"
2026-09-19T00:35:29.839283Z,1789778129277,XRPUSDT,Sell,19.6,1.4245,"{""T"":1789778129277,""s"":""XRPUSDT"",""S"":""Sell"",""v"":""19.6"",""p"":""1.4245""}"
2026-09-19T00:35:29.839283Z,1789778129396,XRPUSDT,Sell,4.6,1.4243,"{""T"":1789778129396,""s"":""XRPUSDT"",""S"":""Sell"",""v"":""4.6"",""p"":""1.4243""}"
2026-09-19T00:35:58.830612Z,1789778158727,PONSUSDT,Sell,703,0.6946,"{""T"":1789778158727,""s"":""PONSUSDT"",""S"":""Sell"",""v"":""703"",""p"":""0.6946""}"
2026-09-19T00:35:59.136933Z,1789778158727,AKEUSDT,Sell,3000,0.0478490,"{""T"":1789778158727,""s"":""AKEUSDT"",""S"":""Sell"",""v"":""3000"",""p"":""0.0478490""}"
2026-09-19T00:36:02.839299Z,1789778162300,AAVEUSDT,Sell,1.98,144.14,"{""T"":1789778162300,""s"":""AAVEUSDT"",""S"":""Sell"",""v"":""1.98"",""p"":""144.14""}"
2026-09-19T00:36:28.416539Z,1789778187880,ARBUSDT,Sell,172.3,0.22544,"{""T"":1789778187880,""s"":""ARBUSDT"",""S"":""Sell"",""v"":""172.3"",""p"":""0.22544""}"
2026-09-19T00:37:13.493816Z,1789778233232,SUIUSDT,Sell,240,0.83930,"{""T"":1789778233232,""s"":""SUIUSDT"",""S"":""Sell"",""v"":""240"",""p"":""0.83930""}"
2026-09-19T00:37:21.494663Z,1789778240950,SUIUSDT,Sell,1700,0.83970,"{""T"":1789778240950,""s"":""SUIUSDT"",""S"":""Sell"",""v"":""1700"",""p"":""0.83970""}"
2026-09-19T00:37:54.498336Z,1789778273949,INJUSDT,Sell,2.6,6.8660,"{""T"":1789778273949,""s"":""INJUSDT"",""S"":""Sell"",""v"":""2.6"",""p"":""6.8660""}"
2026-09-19T00:37:54.998956Z,1789778274444,INJUSDT,Sell,11.3,6.8680,"{""T"":1789778274444,""s"":""INJUSDT"",""S"":""Sell"",""v"":""11.3"",""p"":""6.8680""}"
2026-09-19T00:37:59.993531Z,1789778279828,SUIUSDT,Sell,240640,0.84020,"{""T"":1789778279828,""s"":""SUIUSDT"",""S"":""Sell"",""v"":""240640"",""p"":""0.84020""}"
2026-09-19T00:39:19.842344Z,1789778359637,XRPUSDT,Sell,22.2,1.4247,"{""T"":1789778359637,""s"":""XRPUSDT"",""S"":""Sell"",""v"":""22.2"",""p"":""1.4247""}"
2026-09-19T00:39:19.842344Z,1789778359678,XRPUSDT,Sell,530.6,1.4249,"{""T"":1789778359678,""s"":""XRPUSDT"",""S"":""Sell"",""v"":""530.6"",""p"":""1.4249""}"
2026-09-19T00:39:20.339165Z,1789778359757,XRPUSDT,Sell,35270.8,1.4249,"{""T"":1789778359757,""s"":""XRPUSDT"",""S"":""Sell"",""v"":""35270.8"",""p"":""1.4249""}"
2026-09-19T00:39:20.339763Z,1789778360052,AAVEUSDT,Sell,0.82,144.97,"{""T"":1789778360052,""s"":""AAVEUSDT"",""S"":""Sell"",""v"":""0.82"",""p"":""144.97""}"
2026-09-19T00:40:37.339581Z,1789778436898,XRPUSDT,Sell,57.3,1.4254,"{""T"":1789778436898,""s"":""XRPUSDT"",""S"":""Sell"",""v"":""57.3"",""p"":""1.4254""}"
2026-09-19T00:40:39.838928Z,1789778439396,XRPUSDT,Sell,20915.5,1.4254,"{""T"":1789778439396,""s"":""XRPUSDT"",""S"":""Sell"",""v"":""20915.5"",""p"":""1.4254""}"
2026-09-19T00:40:40.339589Z,1789778440215,XRPUSDT,Sell,24976.2,1.4257,"{""T"":1789778440215,""s"":""XRPUSDT"",""S"":""Sell"",""v"":""24976.2"",""p"":""1.4257""}"
2026-09-19T00:40:40.838810Z,1789778440365,XRPUSDT,Sell,37.5,1.4256,"{""T"":1789778440365,""s"":""XRPUSDT"",""S"":""Sell"",""v"":""37.5"",""p"":""1.4256""}"
2026-09-19T00:41:26.839372Z,1789778486645,XRPUSDT,Sell,3140.9,1.4265,"{""T"":1789778486645,""s"":""XRPUSDT"",""S"":""Sell"",""v"":""3140.9"",""p"":""1.4265""}"
2026-09-19T00:41:26.998695Z,1789778486499,LINKUSDT,Sell,2.6,12.452,"{""T"":1789778486499,""s"":""LINKUSDT"",""S"":""Sell"",""v"":""2.6"",""p"":""12.452""}"
2026-09-19T00:41:32.136838Z,1789778491643,STRKUSDT,Buy,48107.7,0.04318,"{""T"":1789778491643,""s"":""STRKUSDT"",""S"":""Buy"",""v"":""48107.7"",""p"":""0.04318""}"
2026-09-19T00:41:39.498540Z,1789778499297,INJUSDT,Sell,3.7,6.8920,"{""T"":1789778499297,""s"":""INJUSDT"",""S"":""Sell"",""v"":""3.7"",""p"":""6.8920""}"
2026-09-19T00:42:26.340514Z,1789778545837,XRPUSDT,Sell,12502.7,1.4271,"{""T"":1789778545837,""s"":""XRPUSDT"",""S"":""Sell"",""v"":""12502.7"",""p"":""1.4271""}"
2026-09-19T00:43:13.916294Z,1789778593391,ARBUSDT,Buy,1308.9,0.21907,"{""T"":1789778593391,""s"":""ARBUSDT"",""S"":""Buy"",""v"":""1308.9"",""p"":""0.21907""}"
2026-09-19T00:43:20.814233Z,1789778600342,PUMPFUNUSDT,Buy,28500,0.0041730,"{""T"":1789778600342,""s"":""PUMPFUNUSDT"",""S"":""Buy"",""v"":""28500"",""p"":""0.0041730""}"
2026-09-19T00:44:31.415890Z,1789778670985,ARBUSDT,Buy,22.6,0.21795,"{""T"":1789778670985,""s"":""ARBUSDT"",""S"":""Buy"",""v"":""22.6"",""p"":""0.21795""}"
2026-09-19T00:45:10.638014Z,1789778710163,STRKUSDT,Buy,16188.3,0.04270,"{""T"":1789778710163,""s"":""STRKUSDT"",""S"":""Buy"",""v"":""16188.3"",""p"":""0.04270""}"
2026-09-19T00:46:21.067804Z,1789778780572,BTCUSDT,Sell,0.003,81594.90,"{""T"":1789778780572,""s"":""BTCUSDT"",""S"":""Sell"",""v"":""0.003"",""p"":""81594.90""}"
2026-09-19T00:47:16.641377Z,1789778836131,AKEUSDT,Sell,1300,0.0483450,"{""T"":1789778836131,""s"":""AKEUSDT"",""S"":""Sell"",""v"":""1300"",""p"":""0.0483450""}"
2026-09-19T00:47:20.067830Z,1789778839761,BTCUSDT,Sell,0.021,81516.10,"{""T"":1789778839761,""s"":""BTCUSDT"",""S"":""Sell"",""v"":""0.021"",""p"":""81516.10""}"
2026-09-19T00:47:20.137192Z,1789778839761,AKEUSDT,Sell,17900,0.0484870,"{""T"":1789778839761,""s"":""AKEUSDT"",""S"":""Sell"",""v"":""17900"",""p"":""0.0484870""}"
2026-09-19T00:47:46.998668Z,1789778866668,FUSDT,Sell,23270,0.005311,"{""T"":1789778866668,""s"":""FUSDT"",""S"":""Sell"",""v"":""23270"",""p"":""0.005311""}"
2026-09-19T00:47:55.998174Z,1789778875658,FUSDT,Sell,2524,0.005339,"{""T"":1789778875658,""s"":""FUSDT"",""S"":""Sell"",""v"":""2524"",""p"":""0.005339""}"
2026-09-19T00:47:56.137471Z,1789778875658,AKEUSDT,Buy,300,0.0464600,"{""T"":1789778875658,""s"":""AKEUSDT"",""S"":""Buy"",""v"":""300"",""p"":""0.0464600""}"
2026-09-19T00:47:58.136646Z,1789778877940,AKEUSDT,Sell,700,0.0482980,"{""T"":1789778877940,""s"":""AKEUSDT"",""S"":""Sell"",""v"":""700"",""p"":""0.0482980""}"
2026-09-19T00:47:58.349549Z,1789778877940,USELESSUSDT,Sell,100,0.31000,"{""T"":1789778877940,""s"":""USELESSUSDT"",""S"":""Sell"",""v"":""100"",""p"":""0.31000""}"
2026-09-19T00:47:58.487779Z,1789778877940,BTWUSDT,Sell,20,0.67280,"{""T"":1789778877940,""s"":""BTWUSDT"",""S"":""Sell"",""v"":""20"",""p"":""0.67280""}"
2026-09-19T00:47:58.498030Z,1789778877941,DASHUSDT,Sell,0.46,64.15,"{""T"":1789778877941,""s"":""DASHUSDT"",""S"":""Sell"",""v"":""0.46"",""p"":""64.15""}"
2026-09-19T00:48:16.842717Z,1789778896313,XRPUSDT,Buy,240.6,1.4017,"{""T"":1789778896313,""s"":""XRPUSDT"",""S"":""Buy"",""v"":""240.6"",""p"":""1.4017""}"
2026-09-19T00:48:22.498960Z,1789778902017,FUSDT,Sell,51939,0.005361,"{""T"":1789778902017,""s"":""FUSDT"",""S"":""Sell"",""v"":""51939"",""p"":""0.005361""}"
2026-09-19T00:48:49.137497Z,1789778928911,AKEUSDT,Sell,300,0.0485260,"{""T"":1789778928911,""s"":""AKEUSDT"",""S"":""Sell"",""v"":""300"",""p"":""0.0485260""}"
2026-09-19T00:49:05.998945Z,1789778945881,FUSDT,Buy,21230,0.004985,"{""T"":1789778945881,""s"":""FUSDT"",""S"":""Buy"",""v"":""21230"",""p"":""0.004985""}"
2026-09-19T00:50:07.568105Z,1789779007435,BTCUSDT,Sell,0.160,81555.30,"{""T"":1789779007435,""s"":""BTCUSDT"",""S"":""Sell"",""v"":""0.160"",""p"":""81555.30""}"
2026-09-19T00:50:07.915676Z,1789779007435,ZECUSDT,Sell,2.50,1591.95,"{""T"":1789779007435,""s"":""ZECUSDT"",""S"":""Sell"",""v"":""2.50"",""p"":""1591.95""}"
2026-09-19T00:50:07.988097Z,1789779007435,XAUUSDT,Sell,1.500,4401.17,"{""T"":1789779007435,""s"":""XAUUSDT"",""S"":""Sell"",""v"":""1.500"",""p"":""4401.17""}"
2026-09-19T00:50:09.417060Z,1789779009067,ZECUSDT,Sell,1.51,1593.36,"{""T"":1789779009067,""s"":""ZECUSDT"",""S"":""Sell"",""v"":""1.51"",""p"":""1593.36""}"
2026-09-19T00:50:55.639868Z,1789779055332,AKEUSDT,Sell,400,0.0485760,"{""T"":1789779055332,""s"":""AKEUSDT"",""S"":""Sell"",""v"":""400"",""p"":""0.0485760""}"
2026-09-19T00:50:59.136745Z,1789779058887,AKEUSDT,Sell,1100,0.0486520,"{""T"":1789779058887,""s"":""AKEUSDT"",""S"":""Sell"",""v"":""1100"",""p"":""0.0486520""}"
2026-09-19T00:50:59.637246Z,1789779059527,AKEUSDT,Sell,27300,0.0486560,"{""T"":1789779059527,""s"":""AKEUSDT"",""S"":""Sell"",""v"":""27300"",""p"":""0.0486560""}"
2026-09-19T00:51:02.814562Z,1789779062264,HYPEUSDT,Sell,53.71,93.900,"{""T"":1789779062264,""s"":""HYPEUSDT"",""S"":""Sell"",""v"":""53.71"",""p"":""93.900""}"
2026-09-19T00:51:02.814562Z,1789779062485,HYPEUSDT,Sell,7.40,93.890,"{""T"":1789779062485,""s"":""HYPEUSDT"",""S"":""Sell"",""v"":""7.40"",""p"":""93.890""}"
2026-09-19T00:51:03.314711Z,1789779062938,HYPEUSDT,Sell,0.20,93.900,"{""T"":1789779062938,""s"":""HYPEUSDT"",""S"":""Sell"",""v"":""0.20"",""p"":""93.900""}"
2026-09-19T00:51:03.314711Z,1789779063144,HYPEUSDT,Sell,0.04,93.910,"{""T"":1789779063144,""s"":""HYPEUSDT"",""S"":""Sell"",""v"":""0.04"",""p"":""93.910""}"
2026-09-19T00:51:03.814898Z,1789779063437,HYPEUSDT,Sell,53.91,93.920,"{""T"":1789779063437,""s"":""HYPEUSDT"",""S"":""Sell"",""v"":""53.91"",""p"":""93.920""}"
2026-09-19T00:51:08.826875Z,1789779068565,ENAUSDT,Sell,2301,0.17322,"{""T"":1789779068565,""s"":""ENAUSDT"",""S"":""Sell"",""v"":""2301"",""p"":""0.17322""}"
2026-09-19T00:51:09.826402Z,1789779069248,ENAUSDT,Sell,64,0.17323,"{""T"":1789779069248,""s"":""ENAUSDT"",""S"":""Sell"",""v"":""64"",""p"":""0.17323""}"
2026-09-19T00:51:12.314534Z,1789779071929,HYPEUSDT,Sell,5.10,93.930,"{""T"":1789779071929,""s"":""HYPEUSDT"",""S"":""Sell"",""v"":""5.10"",""p"":""93.930""}"
2026-09-19T00:51:14.814468Z,1789779074462,HYPEUSDT,Sell,2.21,93.960,"{""T"":1789779074462,""s"":""HYPEUSDT"",""S"":""Sell"",""v"":""2.21"",""p"":""93.960""}"
2026-09-19T00:51:37.137361Z,1789779096865,STRKUSDT,Buy,217977.3,0.04212,"{""T"":1789779096865,""s"":""STRKUSDT"",""S"":""Buy"",""v"":""217977.3"",""p"":""0.04212""}"
2026-09-19T00:51:39.136790Z,1789779098645,STRKUSDT,Buy,23881.0,0.04207,"{""T"":1789779098645,""s"":""STRKUSDT"",""S"":""Buy"",""v"":""23881.0"",""p"":""0.04207""}"
2026-09-19T00:51:51.412713Z,1789779110860,CRVUSDT,Buy,231.3,0.3366,"{""T"":1789779110860,""s"":""CRVUSDT"",""S"":""Buy"",""v"":""231.3"",""p"":""0.3366""}"
2026-09-19T00:52:13.137366Z,1789779132770,AKEUSDT,Sell,13800,0.0486870,"{""T"":1789779132770,""s"":""AKEUSDT"",""S"":""Sell"",""v"":""13800"",""p"":""0.0486870""}"
2026-09-19T00:52:42.137731Z,1789779161631,AKEUSDT,Sell,200,0.0487050,"{""T"":1789779161631,""s"":""AKEUSDT"",""S"":""Sell"",""v"":""200"",""p"":""0.0487050""}"
2026-09-19T00:53:05.318730Z,1789779185054,HYPEUSDT,Sell,1.84,94.000,"{""T"":1789779185054,""s"":""HYPEUSDT"",""S"":""Sell"",""v"":""1.84"",""p"":""94.000""}"
2026-09-19T00:53:05.915725Z,1789779185655,ZECUSDT,Sell,0.15,1585.52,"{""T"":1789779185655,""s"":""ZECUSDT"",""S"":""Sell"",""v"":""0.15"",""p"":""1585.52""}"
2026-09-19T00:53:06.064618Z,1789779185655,SOLUSDT,Sell,5.0,114.060,"{""T"":1789779185655,""s"":""SOLUSDT"",""S"":""Sell"",""v"":""5.0"",""p"":""114.060""}"
2026-09-19T00:53:06.067959Z,1789779185655,BTCUSDT,Sell,0.010,81599.40,"{""T"":1789779185655,""s"":""BTCUSDT"",""S"":""Sell"",""v"":""0.010"",""p"":""81599.40""}"
2026-09-19T00:53:06.137177Z,1789779185655,MYXUSDT,Buy,1000,0.07507,"{""T"":1789779185655,""s"":""MYXUSDT"",""S"":""Buy"",""v"":""1000"",""p"":""0.07507""}"
2026-09-19T00:53:06.314792Z,1789779185955,HYPEUSDT,Sell,6.51,94.000,"{""T"":1789779185955,""s"":""HYPEUSDT"",""S"":""Sell"",""v"":""6.51"",""p"":""94.000""}"
2026-09-19T00:53:06.326500Z,1789779186096,ENAUSDT,Sell,3332,0.17390,"{""T"":1789779186096,""s"":""ENAUSDT"",""S"":""Sell"",""v"":""3332"",""p"":""0.17390""}"
2026-09-19T00:53:06.326500Z,1789779186140,ENAUSDT,Sell,7188,0.17390,"{""T"":1789779186140,""s"":""ENAUSDT"",""S"":""Sell"",""v"":""7188"",""p"":""0.17390""}"
2026-09-19T00:53:08.064873Z,1789779187909,SOLUSDT,Sell,1.2,114.110,"{""T"":1789779187909,""s"":""SOLUSDT"",""S"":""Sell"",""v"":""1.2"",""p"":""114.110""}"
2026-09-19T00:53:09.349677Z,1789779188883,MARSCOINUSDT,Sell,160,0.12067,"{""T"":1789779188883,""s"":""MARSCOINUSDT"",""S"":""Sell"",""v"":""160"",""p"":""0.12067""}"
2026-09-19T00:53:10.826637Z,1789779190679,ENAUSDT,Sell,919,0.17408,"{""T"":1789779190679,""s"":""ENAUSDT"",""S"":""Sell"",""v"":""919"",""p"":""0.17408""}"
2026-09-19T00:53:11.564079Z,1789779191155,SOLUSDT,Sell,92.9,114.120,"{""T"":1789779191155,""s"":""SOLUSDT"",""S"":""Sell"",""v"":""92.9"",""p"":""114.120""}"
2026-09-19T00:53:11.849376Z,1789779191468,MARSCOINUSDT,Sell,1440,0.12073,"{""T"":1789779191468,""s"":""MARSCOINUSDT"",""S"":""Sell"",""v"":""1440"",""p"":""0.12073""}"
2026-09-19T00:53:11.909670Z,1789779191802,DRAMUSDT,Sell,0.1,60.090,"{""T"":1789779191802,""s"":""DRAMUSDT"",""S"":""Sell"",""v"":""0.1"",""p"":""60.090""}"
2026-09-19T00:53:11.910106Z,1789779191802,CRCLUSDT,Sell,0.05,92.93,"{""T"":1789779191802,""s"":""CRCLUSDT"",""S"":""Sell"",""v"":""0.05"",""p"":""92.93""}"
2026-09-19T00:53:11.987973Z,1789779191803,SPYUSDT,Sell,0.01,768.21,"{""T"":1789779191803,""s"":""SPYUSDT"",""S"":""Sell"",""v"":""0.01"",""p"":""768.21""}"
2026-09-19T00:53:12.067325Z,1789779191802,BTCUSDT,Sell,0.001,81590.80,"{""T"":1789779191802,""s"":""BTCUSDT"",""S"":""Sell"",""v"":""0.001"",""p"":""81590.80""}"
2026-09-19T00:53:12.137066Z,1789779191803,AKEUSDT,Sell,200,0.0486670,"{""T"":1789779191803,""s"":""AKEUSDT"",""S"":""Sell"",""v"":""200"",""p"":""0.0486670""}"
2026-09-19T00:53:12.314538Z,1789779191803,SPCXUSDT,Sell,0.03,153.60,"{""T"":1789779191803,""s"":""SPCXUSDT"",""S"":""Sell"",""v"":""0.03"",""p"":""153.60""}"
2026-09-19T00:53:12.567671Z,1789779192376,BTCUSDT,Sell,0.001,81630.00,"{""T"":1789779192376,""s"":""BTCUSDT"",""S"":""Sell"",""v"":""0.001"",""p"":""81630.00""}"
2026-09-19T00:53:12.567671Z,1789779192394,BTCUSDT,Sell,0.005,81639.30,"{""T"":1789779192394,""s"":""BTCUSDT"",""S"":""Sell"",""v"":""0.005"",""p"":""81639.30""}"
2026-09-19T00:53:12.567671Z,1789779192455,BTCUSDT,Sell,0.014,81621.70,"{""T"":1789779192455,""s"":""BTCUSDT"",""S"":""Sell"",""v"":""0.014"",""p"":""81621.70""}"
2026-09-19T00:53:12.636790Z,1789779192064,AKEUSDT,Sell,400,0.0487260,"{""T"":1789779192064,""s"":""AKEUSDT"",""S"":""Sell"",""v"":""400"",""p"":""0.0487260""}"
2026-09-19T00:53:12.636790Z,1789779192538,AKEUSDT,Sell,500,0.0488220,"{""T"":1789779192538,""s"":""AKEUSDT"",""S"":""Sell"",""v"":""500"",""p"":""0.0488220""}"
2026-09-19T00:53:12.636790Z,1789779192548,AKEUSDT,Sell,34600,0.0490260,"{""T"":1789779192548,""s"":""AKEUSDT"",""S"":""Sell"",""v"":""34600"",""p"":""0.0490260""}"
2026-09-19T00:53:13.067331Z,1789779192745,BTCUSDT,Sell,2.990,81616.70,"{""T"":1789779192745,""s"":""BTCUSDT"",""S"":""Sell"",""v"":""2.990"",""p"":""81616.70""}"
2026-09-19T00:53:13.067331Z,1789779192788,BTCUSDT,Sell,0.003,81612.20,"{""T"":1789779192788,""s"":""BTCUSDT"",""S"":""Sell"",""v"":""0.003"",""p"":""81612.20""}"
2026-09-19T00:53:13.137225Z,1789779192715,AKEUSDT,Sell,41000,0.0488800,"{""T"":1789779192715,""s"":""AKEUSDT"",""S"":""Sell"",""v"":""41000"",""p"":""0.0488800""}"
2026-09-19T00:53:13.137225Z,1789779192788,AKEUSDT,Sell,1000,0.0488390,"{""T"":1789779192788,""s"":""AKEUSDT"",""S"":""Sell"",""v"":""1000"",""p"":""0.0488390""}"
2026-09-19T00:53:13.137225Z,1789779192842,AKEUSDT,Sell,50300,0.0487410,"{""T"":1789779192842,""s"":""AKEUSDT"",""S"":""Sell"",""v"":""50300"",""p"":""0.0487410""}"
2026-09-19T00:53:13.137225Z,1789779192862,AKEUSDT,Sell,1200,0.0487600,"{""T"":1789779192862,""s"":""AKEUSDT"",""S"":""Sell"",""v"":""1200"",""p"":""0.0487600""}"
2026-09-19T00:53:13.137225Z,1789779192938,AKEUSDT,Sell,1000,0.0488080,"{""T"":1789779192938,""s"":""AKEUSDT"",""S"":""Sell"",""v"":""1000"",""p"":""0.0488080""}"
2026-09-19T00:53:13.314503Z,1789779193199,HYPEUSDT,Sell,53.65,94.030,"{""T"":1789779193199,""s"":""HYPEUSDT"",""S"":""Sell"",""v"":""53.65"",""p"":""94.030""}"
2026-09-19T00:53:13.349394Z,1789779193095,USELESSUSDT,Sell,2430,0.31400,"{""T"":1789779193095,""s"":""USELESSUSDT"",""S"":""Sell"",""v"":""2430"",""p"":""0.31400""}"
2026-09-19T00:53:13.415652Z,1789779193095,ADAUSDT,Sell,1000,0.2295,"{""T"":1789779193095,""s"":""ADAUSDT"",""S"":""Sell"",""v"":""1000"",""p"":""0.2295""}"
2026-09-19T00:53:13.493826Z,1789779193095,BRUSDT,Sell,192,0.87414,"{""T"":1789779193095,""s"":""BRUSDT"",""S"":""Sell"",""v"":""192"",""p"":""0.87414""}"
2026-09-19T00:53:13.498724Z,1789779193095,LINKUSDT,Sell,22.0,12.468,"{""T"":1789779193095,""s"":""LINKUSDT"",""S"":""Sell"",""v"":""22.0"",""p"":""12.468""}"
2026-09-19T00:53:13.567787Z,1789779193088,BTCUSDT,Sell,0.003,81672.70,"{""T"":1789779193088,""s"":""BTCUSDT"",""S"":""Sell"",""v"":""0.003"",""p"":""81672.70""}"
2026-09-19T00:53:13.567787Z,1789779193097,BTCUSDT,Sell,0.187,81707.00,"{""T"":1789779193097,""s"":""BTCUSDT"",""S"":""Sell"",""v"":""0.187"",""p"":""81707.00""}"
2026-09-19T00:53:13.567787Z,1789779193101,BTCUSDT,Sell,0.677,81674.30,"{""T"":1789779193101,""s"":""BTCUSDT"",""S"":""Sell"",""v"":""0.677"",""p"":""81674.30""}"
2026-09-19T00:53:13.567787Z,1789779193101,BTCUSDT,Sell,0.001,81663.00,"{""T"":1789779193101,""s"":""BTCUSDT"",""S"":""Sell"",""v"":""0.001"",""p"":""81663.00""}"
2026-09-19T00:53:13.567787Z,1789779193121,BTCUSDT,Sell,0.087,81667.90,"{""T"":1789779193121,""s"":""BTCUSDT"",""S"":""Sell"",""v"":""0.087"",""p"":""81667.90""}"
2026-09-19T00:53:13.567787Z,1789779193163,BTCUSDT,Sell,0.754,81699.20,"{""T"":1789779193163,""s"":""BTCUSDT"",""S"":""Sell"",""v"":""0.754"",""p"":""81699.20""}"
2026-09-19T00:53:13.567787Z,1789779193181,BTCUSDT,Sell,0.001,81648.90,"{""T"":1789779193181,""s"":""BTCUSDT"",""S"":""Sell"",""v"":""0.001"",""p"":""81648.90""}"
2026-09-19T00:53:13.567787Z,1789779193214,BTCUSDT,Sell,0.033,81694.10,"{""T"":1789779193214,""s"":""BTCUSDT"",""S"":""Sell"",""v"":""0.033"",""p"":""81694.10""}"
2026-09-19T00:53:13.567787Z,1789779193232,BTCUSDT,Sell,2.957,81656.80,"{""T"":1789779193232,""s"":""BTCUSDT"",""S"":""Sell"",""v"":""2.957"",""p"":""81656.80""}"
2026-09-19T00:53:13.567787Z,1789779193256,BTCUSDT,Sell,0.004,81702.20,"{""T"":1789779193256,""s"":""BTCUSDT"",""S"":""Sell"",""v"":""0.004"",""p"":""81702.20""}"
2026-09-19T00:53:13.567787Z,1789779193270,BTCUSDT,Sell,0.005,81674.30,"{""T"":1789779193270,""s"":""BTCUSDT"",""S"":""Sell"",""v"":""0.005"",""p"":""81674.30""}"
2026-09-19T00:53:13.567787Z,1789779193306,BTCUSDT,Sell,0.028,81704.80,"{""T"":1789779193306,""s"":""BTCUSDT"",""S"":""Sell"",""v"":""0.028"",""p"":""81704.80""}"
2026-09-19T00:53:13.567787Z,1789779193313,BTCUSDT,Sell,0.500,81684.10,"{""T"":1789779193313,""s"":""BTCUSDT"",""S"":""Sell"",""v"":""0.500"",""p"":""81684.10""}"
2026-09-19T00:53:13.567787Z,1789779193321,BTCUSDT,Sell,0.010,81653.10,"{""T"":1789779193321,""s"":""BTCUSDT"",""S"":""Sell"",""v"":""0.010"",""p"":""81653.10""}"
2026-09-19T00:53:13.567787Z,1789779193385,BTCUSDT,Sell,0.007,81694.20,"{""T"":1789779193385,""s"":""BTCUSDT"",""S"":""Sell"",""v"":""0.007"",""p"":""81694.20""}"
2026-09-19T00:53:13.567787Z,1789779193385,BTCUSDT,Sell,0.008,81697.70,"{""T"":1789779193385,""s"":""BTCUSDT"",""S"":""Sell"",""v"":""0.008"",""p"":""81697.70""}"
2026-09-19T00:53:13.567787Z,1789779193410,BTCUSDT,Sell,0.002,81690.90,"{""T"":1789779193410,""s"":""BTCUSDT"",""S"":""Sell"",""v"":""0.002"",""p"":""81690.90""}"
2026-09-19T00:53:13.567787Z,1789779193430,BTCUSDT,Sell,0.259,81679.40,"{""T"":1789779193430,""s"":""BTCUSDT"",""S"":""Sell"",""v"":""0.259"",""p"":""81679.40""}"
2026-09-19T00:53:13.567787Z,1789779193441,BTCUSDT,Sell,0.159,81658.30,"{""T"":1789779193441,""s"":""BTCUSDT"",""S"":""Sell"",""v"":""0.159"",""p"":""81658.30""}"
2026-09-19T00:53:13.637202Z,1789779193087,AKEUSDT,Sell,104700,0.0487420,"{""T"":1789779193087,""s"":""AKEUSDT"",""S"":""Sell"",""v"":""104700"",""p"":""0.0487420""}"
2026-09-19T00:53:13.637202Z,1789779193088,AKEUSDT,Sell,900,0.0487610,"{""T"":1789779193088,""s"":""AKEUSDT"",""S"":""Sell"",""v"":""900"",""p"":""0.0487610""}"
2026-09-19T00:53:13.637202Z,1789779193095,AKEUSDT,Sell,19400,0.0489460,"{""T"":1789779193095,""s"":""AKEUSDT"",""S"":""Sell"",""v"":""19400"",""p"":""0.0489460""}"
2026-09-19T00:53:13.637202Z,1789779193203,AKEUSDT,Sell,4800,0.0488940,"{""T"":1789779193203,""s"":""AKEUSDT"",""S"":""Sell"",""v"":""4800"",""p"":""0.0488940""}"
2026-09-19T00:53:13.637202Z,1789779193240,AKEUSDT,Sell,3000,0.0488400,"{""T"":1789779193240,""s"":""AKEUSDT"",""S"":""Sell"",""v"":""3000"",""p"":""0.0488400""}"
2026-09-19T00:53:13.637202Z,1789779193268,AKEUSDT,Sell,200,0.0489650,"{""T"":1789779193268,""s"":""AKEUSDT"",""S"":""Sell"",""v"":""200"",""p"":""0.0489650""}"
2026-09-19T00:53:13.637202Z,1789779193306,AKEUSDT,Sell,13400,0.0488290,"{""T"":1789779193306,""s"":""AKEUSDT"",""S"":""Sell"",""v"":""13400"",""p"":""0.0488290""}"
2026-09-19T00:53:13.637202Z,1789779193410,AKEUSDT,Sell,80200,0.0489960,"{""T"":1789779193410,""s"":""AKEUSDT"",""S"":""Sell"",""v"":""80200"",""p"":""0.0489960""}"
2026-09-19T00:53:13.637202Z,1789779193460,AKEUSDT,Sell,9900,0.0488760,"{""T"":1789779193460,""s"":""AKEUSDT"",""S"":""Sell"",""v"":""9900"",""p"":""0.0488760""}"
2026-09-19T00:53:13.814856Z,1789779193384,HYPEUSDT,Sell,2.89,94.030,"{""T"":1789779193384,""s"":""HYPEUSDT"",""S"":""Sell"",""v"":""2.89"",""p"":""94.030""}"
2026-09-19T00:53:14.067623Z,1789779193524,BTCUSDT,Sell,0.006,81710.20,"{""T"":1789779193524,""s"":""BTCUSDT"",""S"":""Sell"",""v"":""0.006"",""p"":""81710.20""}"
2026-09-19T00:53:14.067623Z,1789779193554,BTCUSDT,Sell,0.040,81700.30,"{""T"":1789779193554,""s"":""BTCUSDT"",""S"":""Sell"",""v"":""0.040"",""p"":""81700.30""}"
2026-09-19T00:53:14.067623Z,1789779193564,BTCUSDT,Sell,0.005,81675.00,"{""T"":1789779193564,""s"":""BTCUSDT"",""S"":""Sell"",""v"":""0.005"",""p"":""81675.00""}"
2026-09-19T00:53:14.067623Z,1789779193586,BTCUSDT,Sell,0.019,81710.60,"{""T"":1789779193586,""s"":""BTCUSDT"",""S"":""Sell"",""v"":""0.019"",""p"":""81710.60""}"
2026-09-19T00:53:14.067623Z,1789779193672,BTCUSDT,Sell,0.030,81671.00,"{""T"":1789779193672,""s"":""BTCUSDT"",""S"":""Sell"",""v"":""0.030"",""p"":""81671.00""}"
2026-09-19T00:53:14.067623Z,1789779193754,BTCUSDT,Sell,0.005,81683.90,"{""T"":1789779193754,""s"":""BTCUSDT"",""S"":""Sell"",""v"":""0.005"",""p"":""81683.90""}"
2026-09-19T00:53:14.067623Z,1789779193782,BTCUSDT,Sell,0.181,81688.80,"{""T"":1789779193782,""s"":""BTCUSDT"",""S"":""Sell"",""v"":""0.181"",""p"":""81688.80""}"
2026-09-19T00:53:14.067623Z,1789779193794,BTCUSDT,Sell,0.001,81672.50,"{""T"":1789779193794,""s"":""BTCUSDT"",""S"":""Sell"",""v"":""0.001"",""p"":""81672.50""}"
2026-09-19T00:53:14.067623Z,1789779193804,BTCUSDT,Sell,0.018,81684.90,"{""T"":1789779193804,""s"":""BTCUSDT"",""S"":""Sell"",""v"":""0.018"",""p"":""81684.90""}"
2026-09-19T00:53:14.067623Z,1789779193804,BTCUSDT,Sell,0.021,81702.40,"{""T"":1789779193804,""s"":""BTCUSDT"",""S"":""Sell"",""v"":""0.021"",""p"":""81702.40""}"
2026-09-19T00:53:14.067623Z,1789779193824,BTCUSDT,Sell,0.009,81667.50,"{""T"":1789779193824,""s"":""BTCUSDT"",""S"":""Sell"",""v"":""0.009"",""p"":""81667.50""}"
2026-09-19T00:53:14.067623Z,1789779193844,BTCUSDT,Sell,0.066,81650.50,"{""T"":1789779193844,""s"":""BTCUSDT"",""S"":""Sell"",""v"":""0.066"",""p"":""81650.50""}"
2026-09-19T00:53:14.067623Z,1789779193859,BTCUSDT,Sell,0.095,81688.90,"{""T"":1789779193859,""s"":""BTCUSDT"",""S"":""Sell"",""v"":""0.095"",""p"":""81688.90""}"
2026-09-19T00:53:14.067623Z,1789779193914,BTCUSDT,Sell,0.001,81695.60,"{""T"":1789779193914,""s"":""BTCUSDT"",""S"":""Sell"",""v"":""0.001"",""p"":""81695.60""}"
2026-09-19T00:53:14.067623Z,1789779193917,BTCUSDT,Sell,2.000,81708.80,"{""T"":1789779193917,""s"":""BTCUSDT"",""S"":""Sell"",""v"":""2.000"",""p"":""81708.80""}"
2026-09-19T00:53:14.567859Z,1789779194017,BTCUSDT,Sell,0.012,81709.10,"{""T"":1789779194017,""s"":""BTCUSDT"",""S"":""Sell"",""v"":""0.012"",""p"":""81709.10""}"
2026-09-19T00:53:14.567859Z,1789779194038,BTCUSDT,Sell,0.003,81677.70,"{""T"":1789779194038,""s"":""BTCUSDT"",""S"":""Sell"",""v"":""0.003"",""p"":""81677.70""}"
2026-09-19T00:53:14.567859Z,1789779194066,BTCUSDT,Sell,0.163,81708.60,"{""T"":1789779194066,""s"":""BTCUSDT"",""S"":""Sell"",""v"":""0.163"",""p"":""81708.60""}"
2026-09-19T00:53:14.567859Z,1789779194081,BTCUSDT,Sell,0.275,81683.50,"{""T"":1789779194081,""s"":""BTCUSDT"",""S"":""Sell"",""v"":""0.275"",""p"":""81683.50""}"
2026-09-19T00:53:14.567859Z,1789779194088,BTCUSDT,Sell,0.357,81685.90,"{""T"":1789779194088,""s"":""BTCUSDT"",""S"":""Sell"",""v"":""0.357"",""p"":""81685.90""}"
2026-09-19T00:53:14.567859Z,1789779194088,BTCUSDT,Sell,0.008,81668.40,"{""T"":1789779194088,""s"":""BTCUSDT"",""S"":""Sell"",""v"":""0.008"",""p"":""81668.40""}"
2026-09-19T00:53:15.067155Z,1789779194923,BTCUSDT,Sell,0.007,81717.50,"{""T"":1789779194923,""s"":""BTCUSDT"",""S"":""Sell"",""v"":""0.007"",""p"":""81717.50""}"
2026-09-19T00:53:15.567243Z,1789779195434,BTCUSDT,Sell,0.013,81714.20,"{""T"":1789779195434,""s"":""BTCUSDT"",""S"":""Sell"",""v"":""0.013"",""p"":""81714.20""}"
2026-09-19T00:53:15.637914Z,1789779195067,AKEUSDT,Sell,200,0.0490400,"{""T"":1789779195067,""s"":""AKEUSDT"",""S"":""Sell"",""v"":""200"",""p"":""0.0490400""}"
2026-09-19T00:53:15.815534Z,1789779195326,HYPEUSDT,Sell,0.10,94.040,"{""T"":1789779195326,""s"":""HYPEUSDT"",""S"":""Sell"",""v"":""0.10"",""p"":""94.040""}"
2026-09-19T00:53:15.998787Z,1789779195891,AVAUSDT,Buy,19.0,0.2098,"{""T"":1789779195891,""s"":""AVAUSDT"",""S"":""Buy"",""v"":""19.0"",""p"":""0.2098""}"
2026-09-19T00:53:16.064205Z,1789779195891,SOLUSDT,Sell,0.1,114.170,"{""T"":1789779195891,""s"":""SOLUSDT"",""S"":""Sell"",""v"":""0.1"",""p"":""114.170""}"
2026-09-19T00:53:16.067657Z,1789779195547,BTCUSDT,Sell,0.012,81715.60,"{""T"":1789779195547,""s"":""BTCUSDT"",""S"":""Sell"",""v"":""0.012"",""p"":""81715.60""}"
2026-09-19T00:53:16.067657Z,1789779195588,BTCUSDT,Sell,0.005,81717.20,"{""T"":1789779195588,""s"":""BTCUSDT"",""S"":""Sell"",""v"":""0.005"",""p"":""81717.20""}"
2026-09-19T00:53:16.067657Z,1789779195697,BTCUSDT,Sell,0.047,81712.60,"{""T"":1789779195697,""s"":""BTCUSDT"",""S"":""Sell"",""v"":""0.047"",""p"":""81712.60""}"
2026-09-19T00:53:16.067657Z,1789779195891,BTCUSDT,Sell,0.002,81700.70,"{""T"":1789779195891,""s"":""BTCUSDT"",""S"":""Sell"",""v"":""0.002"",""p"":""81700.70""}"
2026-09-19T00:53:16.137318Z,1789779195891,AKEUSDT,Sell,1300,0.0490250,"{""T"":1789779195891,""s"":""AKEUSDT"",""S"":""Sell"",""v"":""1300"",""p"":""0.0490250""}"
2026-09-19T00:53:16.409188Z,1789779195891,DRAMUSDT,Sell,0.1,60.100,"{""T"":1789779195891,""s"":""DRAMUSDT"",""S"":""Sell"",""v"":""0.1"",""p"":""60.100""}"
2026-09-19T00:53:16.457252Z,1789779195891,ETHUSDT,Sell,0.01,2630.95,"{""T"":1789779195891,""s"":""ETHUSDT"",""S"":""Sell"",""v"":""0.01"",""p"":""2630.95""}"
2026-09-19T00:53:16.637016Z,1789779196453,AKEUSDT,Sell,600,0.0490730,"{""T"":1789779196453,""s"":""AKEUSDT"",""S"":""Sell"",""v"":""600"",""p"":""0.0490730""}"
2026-09-19T00:53:17.136829Z,1789779196694,AKEUSDT,Sell,1700,0.0491280,"{""T"":1789779196694,""s"":""AKEUSDT"",""S"":""Sell"",""v"":""1700"",""p"":""0.0491280""}"
2026-09-19T00:53:17.136829Z,1789779196776,AKEUSDT,Sell,36900,0.0490820,"{""T"":1789779196776,""s"":""AKEUSDT"",""S"":""Sell"",""v"":""36900"",""p"":""0.0490820""}"
2026-09-19T00:53:17.136829Z,1789779196828,AKEUSDT,Sell,16200,0.0491060,"{""T"":1789779196828,""s"":""AKEUSDT"",""S"":""Sell"",""v"":""16200"",""p"":""0.0491060""}"
2026-09-19T00:53:17.136829Z,1789779196916,AKEUSDT,Sell,103900,0.0491220,"{""T"":1789779196916,""s"":""AKEUSDT"",""S"":""Sell"",""v"":""103900"",""p"":""0.0491220""}"
2026-09-19T00:53:17.493530Z,1789779197118,BRUSDT,Sell,8,0.87921,"{""T"":1789779197118,""s"":""BRUSDT"",""S"":""Sell"",""v"":""8"",""p"":""0.87921""}"
2026-09-19T00:53:17.636906Z,1789779197117,AKEUSDT,Sell,1000,0.0490910,"{""T"":1789779197117,""s"":""AKEUSDT"",""S"":""Sell"",""v"":""1000"",""p"":""0.0490910""}"
2026-09-19T00:53:17.636906Z,1789779197331,AKEUSDT,Sell,1000,0.0491380,"{""T"":1789779197331,""s"":""AKEUSDT"",""S"":""Sell"",""v"":""1000"",""p"":""0.0491380""}"
2026-09-19T00:53:37.814865Z,1789779217613,HYPEUSDT,Sell,53.55,94.110,"{""T"":1789779217613,""s"":""HYPEUSDT"",""S"":""Sell"",""v"":""53.55"",""p"":""94.110""}"
2026-09-19T00:53:38.314890Z,1789779217755,HYPEUSDT,Sell,4.11,94.070,"{""T"":1789779217755,""s"":""HYPEUSDT"",""S"":""Sell"",""v"":""4.11"",""p"":""94.070""}"
2026-09-19T00:53:38.314890Z,1789779217956,HYPEUSDT,Sell,3.50,94.090,"{""T"":1789779217956,""s"":""HYPEUSDT"",""S"":""Sell"",""v"":""3.50"",""p"":""94.090""}"
2026-09-19T00:53:38.314890Z,1789779217959,HYPEUSDT,Sell,0.64,94.100,"{""T"":1789779217959,""s"":""HYPEUSDT"",""S"":""Sell"",""v"":""0.64"",""p"":""94.100""}"
2026-09-19T00:53:38.564260Z,1789779218463,SOLUSDT,Sell,2.1,114.240,"{""T"":1789779218463,""s"":""SOLUSDT"",""S"":""Sell"",""v"":""2.1"",""p"":""114.240""}"
2026-09-19T00:53:38.814466Z,1789779218513,HYPEUSDT,Sell,2.00,94.100,"{""T"":1789779218513,""s"":""HYPEUSDT"",""S"":""Sell"",""v"":""2.00"",""p"":""94.100""}"
2026-09-19T00:53:38.957214Z,1789779218710,ETHUSDT,Sell,0.46,2629.77,"{""T"":1789779218710,""s"":""ETHUSDT"",""S"":""Sell"",""v"":""0.46"",""p"":""2629.77""}"
2026-09-19T00:53:39.064359Z,1789779218710,SOLUSDT,Sell,46.4,114.230,"{""T"":1789779218710,""s"":""SOLUSDT"",""S"":""Sell"",""v"":""46.4"",""p"":""114.230""}"
2026-09-19T00:53:44.568016Z,1789779224047,BTCUSDT,Sell,0.026,81724.30,"{""T"":1789779224047,""s"":""BTCUSDT"",""S"":""Sell"",""v"":""0.026"",""p"":""81724.30""}"
2026-09-19T00:53:44.568016Z,1789779224081,BTCUSDT,Sell,0.015,81724.90,"{""T"":1789779224081,""s"":""BTCUSDT"",""S"":""Sell"",""v"":""0.015"",""p"":""81724.90""}"
2026-09-19T00:53:44.568016Z,1789779224111,BTCUSDT,Sell,0.106,81718.60,"{""T"":1789779224111,""s"":""BTCUSDT"",""S"":""Sell"",""v"":""0.106"",""p"":""81718.60""}"
2026-09-19T00:53:44.568016Z,1789779224145,BTCUSDT,Sell,0.005,81728.00,"{""T"":1789779224145,""s"":""BTCUSDT"",""S"":""Sell"",""v"":""0.005"",""p"":""81728.00""}"
2026-09-19T00:53:44.568016Z,1789779224301,BTCUSDT,Sell,0.079,81728.10,"{""T"":1789779224301,""s"":""BTCUSDT"",""S"":""Sell"",""v"":""0.079"",""p"":""81728.10""}"
2026-09-19T00:53:44.568016Z,1789779224393,BTCUSDT,Sell,0.281,81720.80,"{""T"":1789779224393,""s"":""BTCUSDT"",""S"":""Sell"",""v"":""0.281"",""p"":""81720.80""}"
2026-09-19T00:53:44.568016Z,1789779224400,BTCUSDT,Sell,0.014,81723.40,"{""T"":1789779224400,""s"":""BTCUSDT"",""S"":""Sell"",""v"":""0.014"",""p"":""81723.40""}"
2026-09-19T00:53:44.957194Z,1789779224499,ETHUSDT,Sell,0.03,2631.77,"{""T"":1789779224499,""s"":""ETHUSDT"",""S"":""Sell"",""v"":""0.03"",""p"":""2631.77""}"
2026-09-19T00:53:45.067848Z,1789779224530,BTCUSDT,Sell,0.169,81725.70,"{""T"":1789779224530,""s"":""BTCUSDT"",""S"":""Sell"",""v"":""0.169"",""p"":""81725.70""}"
2026-09-19T00:53:45.067848Z,1789779224543,BTCUSDT,Sell,0.001,81726.70,"{""T"":1789779224543,""s"":""BTCUSDT"",""S"":""Sell"",""v"":""0.001"",""p"":""81726.70""}"
2026-09-19T00:53:45.067848Z,1789779224630,BTCUSDT,Sell,0.001,81729.10,"{""T"":1789779224630,""s"":""BTCUSDT"",""S"":""Sell"",""v"":""0.001"",""p"":""81729.10""}"
2026-09-19T00:53:45.067848Z,1789779224647,BTCUSDT,Sell,0.001,81729.10,"{""T"":1789779224647,""s"":""BTCUSDT"",""S"":""Sell"",""v"":""0.001"",""p"":""81729.10""}"
2026-09-19T00:53:45.067848Z,1789779224662,BTCUSDT,Sell,0.005,81720.60,"{""T"":1789779224662,""s"":""BTCUSDT"",""S"":""Sell"",""v"":""0.005"",""p"":""81720.60""}"
2026-09-19T00:53:45.067848Z,1789779224786,BTCUSDT,Sell,0.230,81725.20,"{""T"":1789779224786,""s"":""BTCUSDT"",""S"":""Sell"",""v"":""0.230"",""p"":""81725.20""}"
2026-09-19T00:53:45.067848Z,1789779224819,BTCUSDT,Sell,0.120,81726.20,"{""T"":1789779224819,""s"":""BTCUSDT"",""S"":""Sell"",""v"":""0.120"",""p"":""81726.20""}"
2026-09-19T00:53:45.315497Z,1789779225007,HYPEUSDT,Sell,64.86,94.090,"{""T"":1789779225007,""s"":""HYPEUSDT"",""S"":""Sell"",""v"":""64.86"",""p"":""94.090""}"
2026-09-19T00:53:45.415635Z,1789779225007,DOGEUSDT,Buy,34227,0.08732,"{""T"":1789779225007,""s"":""DOGEUSDT"",""S"":""Buy"",""v"":""34227"",""p"":""0.08732""}"
2026-09-19T00:53:45.457853Z,1789779225007,ETHUSDT,Sell,1.73,2631.40,"{""T"":1789779225007,""s"":""ETHUSDT"",""S"":""Sell"",""v"":""1.73"",""p"":""2631.40""}"
2026-09-19T00:53:45.564479Z,1789779225007,SOLUSDT,Sell,43.6,114.240,"{""T"":1789779225007,""s"":""SOLUSDT"",""S"":""Sell"",""v"":""43.6"",""p"":""114.240""}"
2026-09-19T00:53:45.567122Z,1789779225007,BTCUSDT,Sell,0.060,81737.30,"{""T"":1789779225007,""s"":""BTCUSDT"",""S"":""Sell"",""v"":""0.060"",""p"":""81737.30""}"
2026-09-19T00:53:45.567122Z,1789779225035,BTCUSDT,Sell,0.005,81734.80,"{""T"":1789779225035,""s"":""BTCUSDT"",""S"":""Sell"",""v"":""0.005"",""p"":""81734.80""}"
2026-09-19T00:53:45.567122Z,1789779225066,BTCUSDT,Sell,0.010,81729.60,"{""T"":1789779225066,""s"":""BTCUSDT"",""S"":""Sell"",""v"":""0.010"",""p"":""81729.60""}"
2026-09-19T00:53:45.567122Z,1789779225307,BTCUSDT,Sell,0.361,81739.40,"{""T"":1789779225307,""s"":""BTCUSDT"",""S"":""Sell"",""v"":""0.361"",""p"":""81739.40""}"
2026-09-19T00:53:45.567122Z,1789779225355,BTCUSDT,Sell,0.123,81741.30,"{""T"":1789779225355,""s"":""BTCUSDT"",""S"":""Sell"",""v"":""0.123"",""p"":""81741.30""}"
2026-09-19T00:53:45.567122Z,1789779225396,BTCUSDT,Sell,0.007,81731.70,"{""T"":1789779225396,""s"":""BTCUSDT"",""S"":""Sell"",""v"":""0.007"",""p"":""81731.70""}"
2026-09-19T00:53:45.567122Z,1789779225405,BTCUSDT,Sell,0.004,81740.00,"{""T"":1789779225405,""s"":""BTCUSDT"",""S"":""Sell"",""v"":""0.004"",""p"":""81740.00""}"
2026-09-19T00:53:45.567122Z,1789779225443,BTCUSDT,Sell,0.001,81737.00,"{""T"":1789779225443,""s"":""BTCUSDT"",""S"":""Sell"",""v"":""0.001"",""p"":""81737.00""}"
2026-09-19T00:53:46.067315Z,1789779225490,BTCUSDT,Sell,0.006,81741.60,"{""T"":1789779225490,""s"":""BTCUSDT"",""S"":""Sell"",""v"":""0.006"",""p"":""81741.60""}"
2026-09-19T00:53:46.067315Z,1789779225772,BTCUSDT,Sell,0.183,81733.40,"{""T"":1789779225772,""s"":""BTCUSDT"",""S"":""Sell"",""v"":""0.183"",""p"":""81733.40""}"
2026-09-19T00:53:47.564212Z,1789779227260,SOLUSDT,Sell,1.1,114.280,"{""T"":1789779227260,""s"":""SOLUSDT"",""S"":""Sell"",""v"":""1.1"",""p"":""114.280""}"
2026-09-19T00:53:47.567273Z,1789779227029,BTCUSDT,Sell,1.039,81757.50,"{""T"":1789779227029,""s"":""BTCUSDT"",""S"":""Sell"",""v"":""1.039"",""p"":""81757.50""}"
2026-09-19T00:53:47.567273Z,1789779227038,BTCUSDT,Sell,0.001,81756.60,"{""T"":1789779227038,""s"":""BTCUSDT"",""S"":""Sell"",""v"":""0.001"",""p"":""81756.60""}"
2026-09-19T00:53:47.567273Z,1789779227106,BTCUSDT,Sell,0.198,81758.50,"{""T"":1789779227106,""s"":""BTCUSDT"",""S"":""Sell"",""v"":""0.198"",""p"":""81758.50""}"
2026-09-19T00:53:47.567273Z,1789779227318,BTCUSDT,Sell,0.010,81746.90,"{""T"":1789779227318,""s"":""BTCUSDT"",""S"":""Sell"",""v"":""0.010"",""p"":""81746.90""}"
2026-09-19T00:53:47.567273Z,1789779227332,BTCUSDT,Sell,0.113,81744.80,"{""T"":1789779227332,""s"":""BTCUSDT"",""S"":""Sell"",""v"":""0.113"",""p"":""81744.80""}"
2026-09-19T00:53:47.567273Z,1789779227441,BTCUSDT,Sell,0.006,81755.50,"{""T"":1789779227441,""s"":""BTCUSDT"",""S"":""Sell"",""v"":""0.006"",""p"":""81755.50""}"
2026-09-19T00:53:48.067423Z,1789779227541,BTCUSDT,Sell,0.006,81752.80,"{""T"":1789779227541,""s"":""BTCUSDT"",""S"":""Sell"",""v"":""0.006"",""p"":""81752.80""}"
2026-09-19T00:53:48.067423Z,1789779227571,BTCUSDT,Sell,0.002,81747.20,"{""T"":1789779227571,""s"":""BTCUSDT"",""S"":""Sell"",""v"":""0.002"",""p"":""81747.20""}"
2026-09-19T00:53:48.067423Z,1789779227576,BTCUSDT,Sell,0.008,81748.10,"{""T"":1789779227576,""s"":""BTCUSDT"",""S"":""Sell"",""v"":""0.008"",""p"":""81748.10""}"
2026-09-19T00:53:48.067423Z,1789779227583,BTCUSDT,Sell,0.005,81753.90,"{""T"":1789779227583,""s"":""BTCUSDT"",""S"":""Sell"",""v"":""0.005"",""p"":""81753.90""}"
2026-09-19T00:53:48.067423Z,1789779227631,BTCUSDT,Sell,0.024,81749.70,"{""T"":1789779227631,""s"":""BTCUSDT"",""S"":""Sell"",""v"":""0.024"",""p"":""81749.70""}"
2026-09-19T00:53:48.067423Z,1789779227675,BTCUSDT,Sell,0.062,81750.10,"{""T"":1789779227675,""s"":""BTCUSDT"",""S"":""Sell"",""v"":""0.062"",""p"":""81750.10""}"
2026-09-19T00:53:48.067423Z,1789779227696,BTCUSDT,Sell,0.072,81759.20,"{""T"":1789779227696,""s"":""BTCUSDT"",""S"":""Sell"",""v"":""0.072"",""p"":""81759.20""}"
2026-09-19T00:53:48.067423Z,1789779227814,BTCUSDT,Sell,0.001,81745.10,"{""T"":1789779227814,""s"":""BTCUSDT"",""S"":""Sell"",""v"":""0.001"",""p"":""81745.10""}"
2026-09-19T00:54:25.915680Z,1789779265791,ARBUSDT,Buy,48890.5,0.21665,"{""T"":1789779265791,""s"":""ARBUSDT"",""S"":""Buy"",""v"":""48890.5"",""p"":""0.21665""}"
2026-09-19T00:54:32.326332Z,1789779272176,ENAUSDT,Sell,6959,0.17517,"{""T"":1789779272176,""s"":""ENAUSDT"",""S"":""Sell"",""v"":""6959"",""p"":""0.17517""}"
2026-09-19T00:54:41.326368Z,1789779280787,ENAUSDT,Sell,297716,0.17540,"{""T"":1789779280787,""s"":""ENAUSDT"",""S"":""Sell"",""v"":""297716"",""p"":""0.17540""}"
2026-09-19T00:54:48.826605Z,1789779288730,ENAUSDT,Sell,182,0.17573,"{""T"":1789779288730,""s"":""ENAUSDT"",""S"":""Sell"",""v"":""182"",""p"":""0.17573""}"
2026-09-19T00:54:49.326733Z,1789779288879,ENAUSDT,Sell,4026,0.17579,"{""T"":1789779288879,""s"":""ENAUSDT"",""S"":""Sell"",""v"":""4026"",""p"":""0.17579""}"
2026-09-19T00:54:51.326550Z,1789779290745,ENAUSDT,Sell,7642,0.17584,"{""T"":1789779290745,""s"":""ENAUSDT"",""S"":""Sell"",""v"":""7642"",""p"":""0.17584""}"
2026-09-19T00:54:53.326528Z,1789779292754,ENAUSDT,Sell,1500,0.17594,"{""T"":1789779292754,""s"":""ENAUSDT"",""S"":""Sell"",""v"":""1500"",""p"":""0.17594""}"
2026-09-19T00:54:53.326528Z,1789779293094,ENAUSDT,Sell,9666,0.17584,"{""T"":1789779293094,""s"":""ENAUSDT"",""S"":""Sell"",""v"":""9666"",""p"":""0.17584""}"
2026-09-19T00:54:53.326528Z,1789779293113,ENAUSDT,Sell,35462,0.17591,"{""T"":1789779293113,""s"":""ENAUSDT"",""S"":""Sell"",""v"":""35462"",""p"":""0.17591""}"
2026-09-19T00:54:53.326528Z,1789779293114,ENAUSDT,Sell,170,0.17588,"{""T"":1789779293114,""s"":""ENAUSDT"",""S"":""Sell"",""v"":""170"",""p"":""0.17588""}"
2026-09-19T00:54:59.326362Z,1789779298924,ENAUSDT,Sell,119,0.17608,"{""T"":1789779298924,""s"":""ENAUSDT"",""S"":""Sell"",""v"":""119"",""p"":""0.17608""}"
2026-09-19T00:55:02.136835Z,1789779301773,STRKUSDT,Sell,2250.2,0.04360,"{""T"":1789779301773,""s"":""STRKUSDT"",""S"":""Sell"",""v"":""2250.2"",""p"":""0.04360""}"
2026-09-19T00:55:31.827084Z,1789779331398,ENAUSDT,Sell,1697,0.17642,"{""T"":1789779331398,""s"":""ENAUSDT"",""S"":""Sell"",""v"":""1697"",""p"":""0.17642""}"
2026-09-19T00:55:42.498559Z,1789779341949,DASHUSDT,Sell,1.72,63.72,"{""T"":1789779341949,""s"":""DASHUSDT"",""S"":""Sell"",""v"":""1.72"",""p"":""63.72""}"
2026-09-19T00:55:55.416087Z,1789779354997,ZECUSDT,Sell,0.05,1586.10,"{""T"":1789779354997,""s"":""ZECUSDT"",""S"":""Sell"",""v"":""0.05"",""p"":""1586.10""}"
2026-09-19T00:55:55.457348Z,1789779354997,ETHUSDT,Sell,0.05,2633.22,"{""T"":1789779354997,""s"":""ETHUSDT"",""S"":""Sell"",""v"":""0.05"",""p"":""2633.22""}"
2026-09-19T00:55:55.564099Z,1789779354997,BNBUSDT,Sell,0.32,768.90,"{""T"":1789779354997,""s"":""BNBUSDT"",""S"":""Sell"",""v"":""0.32"",""p"":""768.90""}"
2026-09-19T00:55:55.566985Z,1789779354997,BTCUSDT,Sell,0.003,81747.60,"{""T"":1789779354997,""s"":""BTCUSDT"",""S"":""Sell"",""v"":""0.003"",""p"":""81747.60""}"
2026-09-19T00:55:56.567399Z,1789779356259,BTCUSDT,Sell,0.108,81766.60,"{""T"":1789779356259,""s"":""BTCUSDT"",""S"":""Sell"",""v"":""0.108"",""p"":""81766.60""}"
2026-09-19T00:55:56.567399Z,1789779356307,BTCUSDT,Sell,0.002,81764.60,"{""T"":1789779356307,""s"":""BTCUSDT"",""S"":""Sell"",""v"":""0.002"",""p"":""81764.60""}"
2026-09-19T00:55:57.067562Z,1789779356500,BTCUSDT,Sell,0.009,81765.20,"{""T"":1789779356500,""s"":""BTCUSDT"",""S"":""Sell"",""v"":""0.009"",""p"":""81765.20""}"
2026-09-19T00:55:57.067562Z,1789779356565,BTCUSDT,Sell,0.064,81766.60,"{""T"":1789779356565,""s"":""BTCUSDT"",""S"":""Sell"",""v"":""0.064"",""p"":""81766.60""}"
2026-09-19T00:55:57.067562Z,1789779356782,BTCUSDT,Sell,0.166,81766.70,"{""T"":1789779356782,""s"":""BTCUSDT"",""S"":""Sell"",""v"":""0.166"",""p"":""81766.70""}"
2026-09-19T00:55:57.567059Z,1789779357164,BTCUSDT,Sell,0.014,81772.80,"{""T"":1789779357164,""s"":""BTCUSDT"",""S"":""Sell"",""v"":""0.014"",""p"":""81772.80""}"
2026-09-19T00:55:57.567059Z,1789779357219,BTCUSDT,Sell,0.006,81776.70,"{""T"":1789779357219,""s"":""BTCUSDT"",""S"":""Sell"",""v"":""0.006"",""p"":""81776.70""}"
2026-09-19T00:55:57.567059Z,1789779357335,BTCUSDT,Sell,0.132,81778.60,"{""T"":1789779357335,""s"":""BTCUSDT"",""S"":""Sell"",""v"":""0.132"",""p"":""81778.60""}"
2026-09-19T00:55:58.067508Z,1789779357630,BTCUSDT,Sell,0.001,81779.30,"{""T"":1789779357630,""s"":""BTCUSDT"",""S"":""Sell"",""v"":""0.001"",""p"":""81779.30""}"
2026-09-19T00:55:58.067508Z,1789779357787,BTCUSDT,Sell,0.021,81769.80,"{""T"":1789779357787,""s"":""BTCUSDT"",""S"":""Sell"",""v"":""0.021"",""p"":""81769.80""}"
2026-09-19T00:55:58.067508Z,1789779357926,BTCUSDT,Sell,0.031,81777.80,"{""T"":1789779357926,""s"":""BTCUSDT"",""S"":""Sell"",""v"":""0.031"",""p"":""81777.80""}"
2026-09-19T00:55:58.567877Z,1789779358090,BTCUSDT,Sell,0.003,81781.00,"{""T"":1789779358090,""s"":""BTCUSDT"",""S"":""Sell"",""v"":""0.003"",""p"":""81781.00""}"
2026-09-19T00:55:59.067341Z,1789779358754,BTCUSDT,Sell,0.001,81780.90,"{""T"":1789779358754,""s"":""BTCUSDT"",""S"":""Sell"",""v"":""0.001"",""p"":""81780.90""}"
2026-09-19T00:55:59.067341Z,1789779358799,BTCUSDT,Sell,0.115,81780.50,"{""T"":1789779358799,""s"":""BTCUSDT"",""S"":""Sell"",""v"":""0.115"",""p"":""81780.50""}"
2026-09-19T00:56:06.915624Z,1789779366630,ZECUSDT,Sell,0.14,1594.70,"{""T"":1789779366630,""s"":""ZECUSDT"",""S"":""Sell"",""v"":""0.14"",""p"":""1594.70""}"
2026-09-19T00:56:06.915624Z,1789779366765,ZECUSDT,Sell,0.04,1595.32,"{""T"":1789779366765,""s"":""ZECUSDT"",""S"":""Sell"",""v"":""0.04"",""p"":""1595.32""}"
2026-09-19T00:56:06.915624Z,1789779366816,ZECUSDT,Sell,0.15,1595.00,"{""T"":1789779366816,""s"":""ZECUSDT"",""S"":""Sell"",""v"":""0.15"",""p"":""1595.00""}"
2026-09-19T00:56:07.416095Z,1789779366951,ZECUSDT,Sell,8.69,1595.38,"{""T"":1789779366951,""s"":""ZECUSDT"",""S"":""Sell"",""v"":""8.69"",""p"":""1595.38""}"
2026-09-19T00:56:07.416095Z,1789779367004,ZECUSDT,Sell,0.64,1595.70,"{""T"":1789779367004,""s"":""ZECUSDT"",""S"":""Sell"",""v"":""0.64"",""p"":""1595.70""}"
2026-09-19T00:56:07.416095Z,1789779367158,ZECUSDT,Sell,6.32,1595.11,"{""T"":1789779367158,""s"":""ZECUSDT"",""S"":""Sell"",""v"":""6.32"",""p"":""1595.11""}"
2026-09-19T00:56:07.916301Z,1789779367552,ZECUSDT,Sell,0.06,1595.88,"{""T"":1789779367552,""s"":""ZECUSDT"",""S"":""Sell"",""v"":""0.06"",""p"":""1595.88""}"
2026-09-19T00:56:09.916678Z,1789779369389,ZECUSDT,Sell,0.28,1596.13,"{""T"":1789779369389,""s"":""ZECUSDT"",""S"":""Sell"",""v"":""0.28"",""p"":""1596.13""}"
2026-09-19T00:56:20.570829Z,1789779380080,BTCUSDT,Sell,0.012,81788.70,"{""T"":1789779380080,""s"":""BTCUSDT"",""S"":""Sell"",""v"":""0.012"",""p"":""81788.70""}"
2026-09-19T00:56:20.570829Z,1789779380170,BTCUSDT,Sell,0.008,81797.70,"{""T"":1789779380170,""s"":""BTCUSDT"",""S"":""Sell"",""v"":""0.008"",""p"":""81797.70""}"
2026-09-19T00:56:20.570829Z,1789779380250,BTCUSDT,Sell,0.049,81788.40,"{""T"":1789779380250,""s"":""BTCUSDT"",""S"":""Sell"",""v"":""0.049"",""p"":""81788.40""}"
2026-09-19T00:56:20.570829Z,1789779380277,BTCUSDT,Sell,0.011,81784.80,"{""T"":1789779380277,""s"":""BTCUSDT"",""S"":""Sell"",""v"":""0.011"",""p"":""81784.80""}"
2026-09-19T00:56:20.570829Z,1789779380368,BTCUSDT,Sell,0.001,81788.10,"{""T"":1789779380368,""s"":""BTCUSDT"",""S"":""Sell"",""v"":""0.001"",""p"":""81788.10""}"
2026-09-19T00:56:20.570829Z,1789779380419,BTCUSDT,Sell,1.016,81795.70,"{""T"":1789779380419,""s"":""BTCUSDT"",""S"":""Sell"",""v"":""1.016"",""p"":""81795.70""}"
2026-09-19T00:56:20.570829Z,1789779380465,BTCUSDT,Sell,0.005,81793.60,"{""T"":1789779380465,""s"":""BTCUSDT"",""S"":""Sell"",""v"":""0.005"",""p"":""81793.60""}"
2026-09-19T00:56:21.017544Z,1789779380511,AVAXUSDT,Sell,26.0,8.406,"{""T"":1789779380511,""s"":""AVAXUSDT"",""S"":""Sell"",""v"":""26.0"",""p"":""8.406""}"
2026-09-19T00:56:21.067496Z,1789779380531,BTCUSDT,Sell,0.020,81800.20,"{""T"":1789779380531,""s"":""BTCUSDT"",""S"":""Sell"",""v"":""0.020"",""p"":""81800.20""}"
2026-09-19T00:56:21.067496Z,1789779380620,BTCUSDT,Sell,0.014,81790.90,"{""T"":1789779380620,""s"":""BTCUSDT"",""S"":""Sell"",""v"":""0.014"",""p"":""81790.90""}"
2026-09-19T00:56:21.067496Z,1789779380628,BTCUSDT,Sell,0.113,81786.00,"{""T"":1789779380628,""s"":""BTCUSDT"",""S"":""Sell"",""v"":""0.113"",""p"":""81786.00""}"
2026-09-19T00:56:21.067496Z,1789779380679,BTCUSDT,Sell,0.034,81788.00,"{""T"":1789779380679,""s"":""BTCUSDT"",""S"":""Sell"",""v"":""0.034"",""p"":""81788.00""}"
2026-09-19T00:56:21.067496Z,1789779380684,BTCUSDT,Sell,0.004,81793.30,"{""T"":1789779380684,""s"":""BTCUSDT"",""S"":""Sell"",""v"":""0.004"",""p"":""81793.30""}"
2026-09-19T00:56:21.067496Z,1789779380717,BTCUSDT,Sell,0.028,81790.20,"{""T"":1789779380717,""s"":""BTCUSDT"",""S"":""Sell"",""v"":""0.028"",""p"":""81790.20""}"
2026-09-19T00:56:21.067496Z,1789779380801,BTCUSDT,Sell,0.060,81792.30,"{""T"":1789779380801,""s"":""BTCUSDT"",""S"":""Sell"",""v"":""0.060"",""p"":""81792.30""}"
2026-09-19T00:56:21.067496Z,1789779380822,BTCUSDT,Sell,0.007,81800.00,"{""T"":1789779380822,""s"":""BTCUSDT"",""S"":""Sell"",""v"":""0.007"",""p"":""81800.00""}"
2026-09-19T00:56:21.067496Z,1789779380975,BTCUSDT,Sell,0.022,81803.10,"{""T"":1789779380975,""s"":""BTCUSDT"",""S"":""Sell"",""v"":""0.022"",""p"":""81803.10""}"
2026-09-19T00:56:21.567115Z,1789779381419,BTCUSDT,Sell,0.069,81801.70,"{""T"":1789779381419,""s"":""BTCUSDT"",""S"":""Sell"",""v"":""0.069"",""p"":""81801.70""}"
2026-09-19T00:56:21.567115Z,1789779381460,BTCUSDT,Sell,0.110,81804.00,"{""T"":1789779381460,""s"":""BTCUSDT"",""S"":""Sell"",""v"":""0.110"",""p"":""81804.00""}"
2026-09-19T00:56:22.067246Z,1789779381559,BTCUSDT,Sell,0.010,81802.60,"{""T"":1789779381559,""s"":""BTCUSDT"",""S"":""Sell"",""v"":""0.010"",""p"":""81802.60""}"
2026-09-19T00:56:22.067246Z,1789779381708,BTCUSDT,Sell,0.001,81804.20,"{""T"":1789779381708,""s"":""BTCUSDT"",""S"":""Sell"",""v"":""0.001"",""p"":""81804.20""}"
2026-09-19T00:56:22.067246Z,1789779381731,BTCUSDT,Sell,0.048,81804.10,"{""T"":1789779381731,""s"":""BTCUSDT"",""S"":""Sell"",""v"":""0.048"",""p"":""81804.10""}"
2026-09-19T00:56:40.916578Z,1789779400564,ARBUSDT,Buy,4757.3,0.21617,"{""T"":1789779400564,""s"":""ARBUSDT"",""S"":""Buy"",""v"":""4757.3"",""p"":""0.21617""}"
2026-09-19T00:57:10.361271Z,1789779429801,GENIUSUSDT,Buy,2930,0.3278,"{""T"":1789779429801,""s"":""GENIUSUSDT"",""S"":""Buy"",""v"":""2930"",""p"":""0.3278""}"
2026-09-19T00:57:15.415705Z,1789779435253,ARBUSDT,Buy,3738.6,0.21558,"{""T"":1789779435253,""s"":""ARBUSDT"",""S"":""Buy"",""v"":""3738.6"",""p"":""0.21558""}"
2026-09-19T00:57:44.365349Z,1789779464015,APTUSDT,Buy,1345.17,0.7305,"{""T"":1789779464015,""s"":""APTUSDT"",""S"":""Buy"",""v"":""1345.17"",""p"":""0.7305""}"
2026-09-19T00:58:40.571091Z,1789779520418,BTCUSDT,Sell,0.008,81806.40,"{""T"":1789779520418,""s"":""BTCUSDT"",""S"":""Sell"",""v"":""0.008"",""p"":""81806.40""}"
2026-09-19T00:58:40.571091Z,1789779520419,BTCUSDT,Sell,0.022,81810.80,"{""T"":1789779520419,""s"":""BTCUSDT"",""S"":""Sell"",""v"":""0.022"",""p"":""81810.80""}"
2026-09-19T00:58:41.067412Z,1789779520500,BTCUSDT,Sell,0.015,81810.00,"{""T"":1789779520500,""s"":""BTCUSDT"",""S"":""Sell"",""v"":""0.015"",""p"":""81810.00""}"
2026-09-19T00:58:41.067412Z,1789779520606,BTCUSDT,Sell,0.013,81810.50,"{""T"":1789779520606,""s"":""BTCUSDT"",""S"":""Sell"",""v"":""0.013"",""p"":""81810.50""}"
2026-09-19T00:58:41.067412Z,1789779520659,BTCUSDT,Sell,0.026,81809.90,"{""T"":1789779520659,""s"":""BTCUSDT"",""S"":""Sell"",""v"":""0.026"",""p"":""81809.90""}"
2026-09-19T00:58:41.567310Z,1789779521068,BTCUSDT,Sell,0.174,81812.20,"{""T"":1789779521068,""s"":""BTCUSDT"",""S"":""Sell"",""v"":""0.174"",""p"":""81812.20""}"
2026-09-19T00:58:41.567310Z,1789779521289,BTCUSDT,Sell,0.001,81814.60,"{""T"":1789779521289,""s"":""BTCUSDT"",""S"":""Sell"",""v"":""0.001"",""p"":""81814.60""}"
2026-09-19T00:58:41.567310Z,1789779521299,BTCUSDT,Sell,0.003,81812.70,"{""T"":1789779521299,""s"":""BTCUSDT"",""S"":""Sell"",""v"":""0.003"",""p"":""81812.70""}"
2026-09-19T00:58:41.567310Z,1789779521328,BTCUSDT,Sell,0.023,81814.60,"{""T"":1789779521328,""s"":""BTCUSDT"",""S"":""Sell"",""v"":""0.023"",""p"":""81814.60""}"
2026-09-19T00:58:42.067199Z,1789779521547,BTCUSDT,Sell,0.325,81813.70,"{""T"":1789779521547,""s"":""BTCUSDT"",""S"":""Sell"",""v"":""0.325"",""p"":""81813.70""}"
2026-09-19T00:58:43.069481Z,1789779522613,BTCUSDT,Sell,0.081,81819.50,"{""T"":1789779522613,""s"":""BTCUSDT"",""S"":""Sell"",""v"":""0.081"",""p"":""81819.50""}"
2026-09-19T00:58:43.069481Z,1789779522617,BTCUSDT,Sell,0.146,81817.40,"{""T"":1789779522617,""s"":""BTCUSDT"",""S"":""Sell"",""v"":""0.146"",""p"":""81817.40""}"
2026-09-19T00:58:43.069481Z,1789779522662,BTCUSDT,Sell,0.002,81820.40,"{""T"":1789779522662,""s"":""BTCUSDT"",""S"":""Sell"",""v"":""0.002"",""p"":""81820.40""}"
2026-09-19T00:58:43.069481Z,1789779522698,BTCUSDT,Sell,0.017,81818.10,"{""T"":1789779522698,""s"":""BTCUSDT"",""S"":""Sell"",""v"":""0.017"",""p"":""81818.10""}"
2026-09-19T00:58:43.069481Z,1789779522768,BTCUSDT,Sell,0.001,81815.60,"{""T"":1789779522768,""s"":""BTCUSDT"",""S"":""Sell"",""v"":""0.001"",""p"":""81815.60""}"
2026-09-19T00:58:43.069481Z,1789779522846,BTCUSDT,Sell,0.001,81816.60,"{""T"":1789779522846,""s"":""BTCUSDT"",""S"":""Sell"",""v"":""0.001"",""p"":""81816.60""}"
2026-09-19T00:58:43.069481Z,1789779522978,BTCUSDT,Sell,0.020,81818.80,"{""T"":1789779522978,""s"":""BTCUSDT"",""S"":""Sell"",""v"":""0.020"",""p"":""81818.80""}"
2026-09-19T00:58:45.067989Z,1789779524526,BTCUSDT,Sell,0.013,81825.70,"{""T"":1789779524526,""s"":""BTCUSDT"",""S"":""Sell"",""v"":""0.013"",""p"":""81825.70""}"
2026-09-19T00:58:45.567551Z,1789779525357,BTCUSDT,Sell,0.042,81838.50,"{""T"":1789779525357,""s"":""BTCUSDT"",""S"":""Sell"",""v"":""0.042"",""p"":""81838.50""}"
2026-09-19T00:58:45.567551Z,1789779525422,BTCUSDT,Sell,0.001,81828.90,"{""T"":1789779525422,""s"":""BTCUSDT"",""S"":""Sell"",""v"":""0.001"",""p"":""81828.90""}"
2026-09-19T00:58:46.067342Z,1789779525695,BTCUSDT,Sell,0.031,81835.40,"{""T"":1789779525695,""s"":""BTCUSDT"",""S"":""Sell"",""v"":""0.031"",""p"":""81835.40""}"
2026-09-19T00:58:46.567515Z,1789779526060,BTCUSDT,Sell,0.876,81827.30,"{""T"":1789779526060,""s"":""BTCUSDT"",""S"":""Sell"",""v"":""0.876"",""p"":""81827.30""}"
2026-09-19T00:58:46.567515Z,1789779526082,BTCUSDT,Sell,0.032,81826.00,"{""T"":1789779526082,""s"":""BTCUSDT"",""S"":""Sell"",""v"":""0.032"",""p"":""81826.00""}"
2026-09-19T00:59:13.567792Z,1789779553239,BTCUSDT,Sell,0.010,81838.40,"{""T"":1789779553239,""s"":""BTCUSDT"",""S"":""Sell"",""v"":""0.010"",""p"":""81838.40""}"
2026-09-19T00:59:14.567707Z,1789779554008,BTCUSDT,Sell,0.028,81845.80,"{""T"":1789779554008,""s"":""BTCUSDT"",""S"":""Sell"",""v"":""0.028"",""p"":""81845.80""}"
2026-09-19T00:59:14.567707Z,1789779554194,BTCUSDT,Sell,0.069,81842.30,"{""T"":1789779554194,""s"":""BTCUSDT"",""S"":""Sell"",""v"":""0.069"",""p"":""81842.30""}"
2026-09-19T00:59:14.567707Z,1789779554266,BTCUSDT,Sell,0.002,81844.70,"{""T"":1789779554266,""s"":""BTCUSDT"",""S"":""Sell"",""v"":""0.002"",""p"":""81844.70""}"
2026-09-19T00:59:15.067528Z,1789779554531,BTCUSDT,Sell,0.040,81846.70,"{""T"":1789779554531,""s"":""BTCUSDT"",""S"":""Sell"",""v"":""0.040"",""p"":""81846.70""}"
2026-09-19T00:59:15.067528Z,1789779554567,BTCUSDT,Sell,0.104,81844.80,"{""T"":1789779554567,""s"":""BTCUSDT"",""S"":""Sell"",""v"":""0.104"",""p"":""81844.80""}"
2026-09-19T00:59:15.067528Z,1789779554587,BTCUSDT,Sell,0.459,81845.80,"{""T"":1789779554587,""s"":""BTCUSDT"",""S"":""Sell"",""v"":""0.459"",""p"":""81845.80""}"
2026-09-19T00:59:16.067545Z,1789779555528,BTCUSDT,Sell,0.002,81852.60,"{""T"":1789779555528,""s"":""BTCUSDT"",""S"":""Sell"",""v"":""0.002"",""p"":""81852.60""}"
2026-09-19T00:59:16.067545Z,1789779555560,BTCUSDT,Sell,0.045,81855.60,"{""T"":1789779555560,""s"":""BTCUSDT"",""S"":""Sell"",""v"":""0.045"",""p"":""81855.60""}"
2026-09-19T00:59:16.067545Z,1789779555609,BTCUSDT,Sell,0.012,81855.40,"{""T"":1789779555609,""s"":""BTCUSDT"",""S"":""Sell"",""v"":""0.012"",""p"":""81855.40""}"
2026-09-19T00:59:16.067545Z,1789779555701,BTCUSDT,Sell,0.048,81849.40,"{""T"":1789779555701,""s"":""BTCUSDT"",""S"":""Sell"",""v"":""0.048"",""p"":""81849.40""}"
2026-09-19T00:59:16.067545Z,1789779555953,BTCUSDT,Sell,0.009,81856.10,"{""T"":1789779555953,""s"":""BTCUSDT"",""S"":""Sell"",""v"":""0.009"",""p"":""81856.10""}"
2026-09-19T00:59:16.567493Z,1789779556046,BTCUSDT,Sell,0.003,81886.10,"{""T"":1789779556046,""s"":""BTCUSDT"",""S"":""Sell"",""v"":""0.003"",""p"":""81886.10""}"
2026-09-19T00:59:16.567493Z,1789779556073,BTCUSDT,Sell,0.061,81858.40,"{""T"":1789779556073,""s"":""BTCUSDT"",""S"":""Sell"",""v"":""0.061"",""p"":""81858.40""}"
2026-09-19T00:59:16.567493Z,1789779556132,BTCUSDT,Sell,0.003,81885.80,"{""T"":1789779556132,""s"":""BTCUSDT"",""S"":""Sell"",""v"":""0.003"",""p"":""81885.80""}"
2026-09-19T00:59:16.567493Z,1789779556145,BTCUSDT,Sell,0.005,81860.60,"{""T"":1789779556145,""s"":""BTCUSDT"",""S"":""Sell"",""v"":""0.005"",""p"":""81860.60""}"
2026-09-19T00:59:16.567493Z,1789779556165,BTCUSDT,Sell,0.001,81868.70,"{""T"":1789779556165,""s"":""BTCUSDT"",""S"":""Sell"",""v"":""0.001"",""p"":""81868.70""}"
2026-09-19T00:59:16.567493Z,1789779556281,BTCUSDT,Sell,0.002,81864.40,"{""T"":1789779556281,""s"":""BTCUSDT"",""S"":""Sell"",""v"":""0.002"",""p"":""81864.40""}"
2026-09-19T00:59:16.567493Z,1789779556404,BTCUSDT,Sell,0.105,81868.10,"{""T"":1789779556404,""s"":""BTCUSDT"",""S"":""Sell"",""v"":""0.105"",""p"":""81868.10""}"
2026-09-19T00:59:16.567493Z,1789779556466,BTCUSDT,Sell,0.146,81858.90,"{""T"":1789779556466,""s"":""BTCUSDT"",""S"":""Sell"",""v"":""0.146"",""p"":""81858.90""}"
2026-09-19T00:59:16.814865Z,1789779556577,HYPEUSDT,Sell,53.53,93.840,"{""T"":1789779556577,""s"":""HYPEUSDT"",""S"":""Sell"",""v"":""53.53"",""p"":""93.840""}"
2026-09-19T00:59:16.957192Z,1789779556577,ETHUSDT,Sell,5.00,2633.91,"{""T"":1789779556577,""s"":""ETHUSDT"",""S"":""Sell"",""v"":""5.00"",""p"":""2633.91""}"
2026-09-19T00:59:17.067282Z,1789779556555,BTCUSDT,Sell,0.004,81885.10,"{""T"":1789779556555,""s"":""BTCUSDT"",""S"":""Sell"",""v"":""0.004"",""p"":""81885.10""}"
2026-09-19T00:59:17.067282Z,1789779556577,BTCUSDT,Sell,0.500,81870.40,"{""T"":1789779556577,""s"":""BTCUSDT"",""S"":""Sell"",""v"":""0.500"",""p"":""81870.40""}"
2026-09-19T00:59:17.067282Z,1789779556577,BTCUSDT,Sell,0.300,81868.30,"{""T"":1789779556577,""s"":""BTCUSDT"",""S"":""Sell"",""v"":""0.300"",""p"":""81868.30""}"
2026-09-19T00:59:17.067282Z,1789779556578,BTCUSDT,Sell,0.127,81880.90,"{""T"":1789779556578,""s"":""BTCUSDT"",""S"":""Sell"",""v"":""0.127"",""p"":""81880.90""}"
2026-09-19T00:59:17.067282Z,1789779556605,BTCUSDT,Sell,0.003,81870.60,"{""T"":1789779556605,""s"":""BTCUSDT"",""S"":""Sell"",""v"":""0.003"",""p"":""81870.60""}"
2026-09-19T00:59:17.067282Z,1789779556720,BTCUSDT,Sell,0.003,81872.10,"{""T"":1789779556720,""s"":""BTCUSDT"",""S"":""Sell"",""v"":""0.003"",""p"":""81872.10""}"
2026-09-19T00:59:17.067282Z,1789779556730,BTCUSDT,Sell,0.021,81884.20,"{""T"":1789779556730,""s"":""BTCUSDT"",""S"":""Sell"",""v"":""0.021"",""p"":""81884.20""}"
2026-09-19T00:59:17.067282Z,1789779556880,BTCUSDT,Sell,0.006,81877.60,"{""T"":1789779556880,""s"":""BTCUSDT"",""S"":""Sell"",""v"":""0.006"",""p"":""81877.60""}"
2026-09-19T00:59:17.067282Z,1789779556880,BTCUSDT,Sell,0.013,81870.50,"{""T"":1789779556880,""s"":""BTCUSDT"",""S"":""Sell"",""v"":""0.013"",""p"":""81870.50""}"
2026-09-19T00:59:17.314615Z,1789779556730,HYPEUSDT,Sell,4.06,93.870,"{""T"":1789779556730,""s"":""HYPEUSDT"",""S"":""Sell"",""v"":""4.06"",""p"":""93.870""}"
2026-09-19T00:59:17.567471Z,1789779557182,BTCUSDT,Sell,0.162,81900.00,"{""T"":1789779557182,""s"":""BTCUSDT"",""S"":""Sell"",""v"":""0.162"",""p"":""81900.00""}"
2026-09-19T00:59:17.567471Z,1789779557397,BTCUSDT,Sell,0.005,81891.70,"{""T"":1789779557397,""s"":""BTCUSDT"",""S"":""Sell"",""v"":""0.005"",""p"":""81891.70""}"
2026-09-19T00:59:17.567471Z,1789779557409,BTCUSDT,Sell,0.006,81896.80,"{""T"":1789779557409,""s"":""BTCUSDT"",""S"":""Sell"",""v"":""0.006"",""p"":""81896.80""}"
2026-09-19T00:59:18.067544Z,1789779557564,BTCUSDT,Sell,0.002,81900.80,"{""T"":1789779557564,""s"":""BTCUSDT"",""S"":""Sell"",""v"":""0.002"",""p"":""81900.80""}"
2026-09-19T00:59:18.067544Z,1789779557574,BTCUSDT,Sell,0.018,81900.20,"{""T"":1789779557574,""s"":""BTCUSDT"",""S"":""Sell"",""v"":""0.018"",""p"":""81900.20""}"
2026-09-19T00:59:18.067544Z,1789779557577,BTCUSDT,Sell,0.007,81900.40,"{""T"":1789779557577,""s"":""BTCUSDT"",""S"":""Sell"",""v"":""0.007"",""p"":""81900.40""}"
2026-09-19T00:59:18.067544Z,1789779557606,BTCUSDT,Sell,0.008,81886.90,"{""T"":1789779557606,""s"":""BTCUSDT"",""S"":""Sell"",""v"":""0.008"",""p"":""81886.90""}"
2026-09-19T00:59:18.067544Z,1789779557625,BTCUSDT,Sell,0.046,81897.80,"{""T"":1789779557625,""s"":""BTCUSDT"",""S"":""Sell"",""v"":""0.046"",""p"":""81897.80""}"
2026-09-19T00:59:18.067544Z,1789779557722,BTCUSDT,Sell,0.066,81891.30,"{""T"":1789779557722,""s"":""BTCUSDT"",""S"":""Sell"",""v"":""0.066"",""p"":""81891.30""}"
2026-09-19T00:59:18.067544Z,1789779557727,BTCUSDT,Sell,0.001,81892.70,"{""T"":1789779557727,""s"":""BTCUSDT"",""S"":""Sell"",""v"":""0.001"",""p"":""81892.70""}"
2026-09-19T00:59:18.067544Z,1789779557746,BTCUSDT,Sell,0.062,81896.40,"{""T"":1789779557746,""s"":""BTCUSDT"",""S"":""Sell"",""v"":""0.062"",""p"":""81896.40""}"
2026-09-19T00:59:22.067108Z,1789779561525,BTCUSDT,Sell,0.031,81903.80,"{""T"":1789779561525,""s"":""BTCUSDT"",""S"":""Sell"",""v"":""0.031"",""p"":""81903.80""}"
2026-09-19T00:59:22.067108Z,1789779561594,BTCUSDT,Sell,0.026,81898.90,"{""T"":1789779561594,""s"":""BTCUSDT"",""S"":""Sell"",""v"":""0.026"",""p"":""81898.90""}"
2026-09-19T00:59:28.067601Z,1789779567921,BTCUSDT,Sell,0.012,81911.90,"{""T"":1789779567921,""s"":""BTCUSDT"",""S"":""Sell"",""v"":""0.012"",""p"":""81911.90""}"
2026-09-19T00:59:28.567885Z,1789779568480,BTCUSDT,Sell,0.003,81912.60,"{""T"":1789779568480,""s"":""BTCUSDT"",""S"":""Sell"",""v"":""0.003"",""p"":""81912.60""}"
2026-09-19T00:59:29.067389Z,1789779568622,BTCUSDT,Sell,0.006,81902.00,"{""T"":1789779568622,""s"":""BTCUSDT"",""S"":""Sell"",""v"":""0.006"",""p"":""81902.00""}"
2026-09-19T00:59:29.067389Z,1789779568658,BTCUSDT,Sell,0.008,81908.20,"{""T"":1789779568658,""s"":""BTCUSDT"",""S"":""Sell"",""v"":""0.008"",""p"":""81908.20""}"
2026-09-19T00:59:29.067389Z,1789779568717,BTCUSDT,Sell,0.005,81905.20,"{""T"":1789779568717,""s"":""BTCUSDT"",""S"":""Sell"",""v"":""0.005"",""p"":""81905.20""}"
2026-09-19T00:59:29.067389Z,1789779568790,BTCUSDT,Sell,0.015,81906.70,"{""T"":1789779568790,""s"":""BTCUSDT"",""S"":""Sell"",""v"":""0.015"",""p"":""81906.70""}"
2026-09-19T00:59:29.067389Z,1789779568818,BTCUSDT,Sell,0.005,81911.00,"{""T"":1789779568818,""s"":""BTCUSDT"",""S"":""Sell"",""v"":""0.005"",""p"":""81911.00""}"
2026-09-19T00:59:55.567839Z,1789779595316,BTCUSDT,Sell,0.001,81918.40,"{""T"":1789779595316,""s"":""BTCUSDT"",""S"":""Sell"",""v"":""0.001"",""p"":""81918.40""}"
2026-09-19T00:59:56.067735Z,1789779595547,BTCUSDT,Sell,0.012,81916.60,"{""T"":1789779595547,""s"":""BTCUSDT"",""S"":""Sell"",""v"":""0.012"",""p"":""81916.60""}"
2026-09-19T00:59:56.067735Z,1789779595683,BTCUSDT,Sell,0.002,81918.80,"{""T"":1789779595683,""s"":""BTCUSDT"",""S"":""Sell"",""v"":""0.002"",""p"":""81918.80""}"
2026-09-19T00:59:56.067735Z,1789779595847,BTCUSDT,Sell,0.127,81921.80,"{""T"":1789779595847,""s"":""BTCUSDT"",""S"":""Sell"",""v"":""0.127"",""p"":""81921.80""}"
2026-09-19T00:59:56.067735Z,1789779595848,BTCUSDT,Sell,0.007,81920.00,"{""T"":1789779595848,""s"":""BTCUSDT"",""S"":""Sell"",""v"":""0.007"",""p"":""81920.00""}"
2026-09-19T00:59:56.067735Z,1789779595906,BTCUSDT,Sell,0.012,81915.90,"{""T"":1789779595906,""s"":""BTCUSDT"",""S"":""Sell"",""v"":""0.012"",""p"":""81915.90""}"
2026-09-19T00:59:56.998680Z,1789779596768,FUSDT,Sell,154815,0.005344,"{""T"":1789779596768,""s"":""FUSDT"",""S"":""Sell"",""v"":""154815"",""p"":""0.005344""}"
2026-09-19T00:59:57.636735Z,1789779597081,AKEUSDT,Buy,31700,0.0453550,"{""T"":1789779597081,""s"":""AKEUSDT"",""S"":""Buy"",""v"":""31700"",""p"":""0.0453550""}"
2026-09-19T01:00:01.067397Z,1789779600963,BTCUSDT,Sell,0.002,81926.80,"{""T"":1789779600963,""s"":""BTCUSDT"",""S"":""Sell"",""v"":""0.002"",""p"":""81926.80""}"
2026-09-19T01:00:01.567332Z,1789779601042,BTCUSDT,Sell,0.078,81935.40,"{""T"":1789779601042,""s"":""BTCUSDT"",""S"":""Sell"",""v"":""0.078"",""p"":""81935.40""}"
2026-09-19T01:00:01.567332Z,1789779601080,BTCUSDT,Sell,0.150,81935.80,"{""T"":1789779601080,""s"":""BTCUSDT"",""S"":""Sell"",""v"":""0.150"",""p"":""81935.80""}"
2026-09-19T01:00:01.567332Z,1789779601283,BTCUSDT,Sell,0.002,81932.70,"{""T"":1789779601283,""s"":""BTCUSDT"",""S"":""Sell"",""v"":""0.002"",""p"":""81932.70""}"
2026-09-19T01:00:01.636718Z,1789779601369,AKEUSDT,Buy,5300,0.0452990,"{""T"":1789779601369,""s"":""AKEUSDT"",""S"":""Buy"",""v"":""5300"",""p"":""0.0452990""}"
2026-09-19T01:00:02.067467Z,1789779601714,BTCUSDT,Sell,0.002,81935.20,"{""T"":1789779601714,""s"":""BTCUSDT"",""S"":""Sell"",""v"":""0.002"",""p"":""81935.20""}"
2026-09-19T01:00:05.136824Z,1789779604816,STRKUSDT,Sell,5255.8,0.04373,"{""T"":1789779604816,""s"":""STRKUSDT"",""S"":""Sell"",""v"":""5255.8"",""p"":""0.04373""}"
2026-09-19T01:00:14.498360Z,1789779614298,FUSDT,Sell,130054,0.005373,"{""T"":1789779614298,""s"":""FUSDT"",""S"":""Sell"",""v"":""130054"",""p"":""0.005373""}"
2026-09-19T01:00:33.999258Z,1789779633615,FUSDT,Sell,15995,0.005397,"{""T"":1789779633615,""s"":""FUSDT"",""S"":""Sell"",""v"":""15995"",""p"":""0.005397""}"
2026-09-19T01:00:35.998083Z,1789779635796,FUSDT,Sell,64682,0.005416,"{""T"":1789779635796,""s"":""FUSDT"",""S"":""Sell"",""v"":""64682"",""p"":""0.005416""}"
2026-09-19T01:00:51.834349Z,1789779651706,CROSSUSDT,Sell,76,0.14987,"{""T"":1789779651706,""s"":""CROSSUSDT"",""S"":""Sell"",""v"":""76"",""p"":""0.14987""}"
2026-09-19T01:00:51.849162Z,1789779651707,MARSCOINUSDT,Sell,140,0.11833,"{""T"":1789779651707,""s"":""MARSCOINUSDT"",""S"":""Sell"",""v"":""140"",""p"":""0.11833""}"
2026-09-19T01:00:51.909687Z,1789779651707,JUPUSDT,Sell,65,0.27020,"{""T"":1789779651707,""s"":""JUPUSDT"",""S"":""Sell"",""v"":""65"",""p"":""0.27020""}"
2026-09-19T01:00:51.910167Z,1789779651707,LSKUSDT,Sell,33.6,0.44030,"{""T"":1789779651707,""s"":""LSKUSDT"",""S"":""Sell"",""v"":""33.6"",""p"":""0.44030""}"
2026-09-19T01:00:51.916048Z,1789779651707,ZECUSDT,Sell,0.01,1587.96,"{""T"":1789779651707,""s"":""ZECUSDT"",""S"":""Sell"",""v"":""0.01"",""p"":""1587.96""}"
2026-09-19T01:00:51.993257Z,1789779651697,BRUSDT,Sell,40,0.93827,"{""T"":1789779651697,""s"":""BRUSDT"",""S"":""Sell"",""v"":""40"",""p"":""0.93827""}"
2026-09-19T01:00:51.993257Z,1789779651707,BRUSDT,Sell,46,0.93683,"{""T"":1789779651707,""s"":""BRUSDT"",""S"":""Sell"",""v"":""46"",""p"":""0.93683""}"
2026-09-19T01:00:52.067205Z,1789779651928,BTCUSDT,Sell,0.100,81895.40,"{""T"":1789779651928,""s"":""BTCUSDT"",""S"":""Sell"",""v"":""0.100"",""p"":""81895.40""}"
2026-09-19T01:00:52.136774Z,1789779651707,AKEUSDT,Sell,900,0.0474710,"{""T"":1789779651707,""s"":""AKEUSDT"",""S"":""Sell"",""v"":""900"",""p"":""0.0474710""}"
2026-09-19T01:00:52.493510Z,1789779651928,BRUSDT,Sell,486,0.93228,"{""T"":1789779651928,""s"":""BRUSDT"",""S"":""Sell"",""v"":""486"",""p"":""0.93228""}"
2026-09-19T01:00:56.067607Z,1789779655946,BTCUSDT,Sell,0.017,81976.10,"{""T"":1789779655946,""s"":""BTCUSDT"",""S"":""Sell"",""v"":""0.017"",""p"":""81976.10""}"
2026-09-19T01:00:56.067607Z,1789779655953,BTCUSDT,Sell,0.011,81948.20,"{""T"":1789779655953,""s"":""BTCUSDT"",""S"":""Sell"",""v"":""0.011"",""p"":""81948.20""}"
2026-09-19T01:00:56.067607Z,1789779655955,BTCUSDT,Sell,0.026,81955.80,"{""T"":1789779655955,""s"":""BTCUSDT"",""S"":""Sell"",""v"":""0.026"",""p"":""81955.80""}"
2026-09-19T01:00:56.067607Z,1789779655969,BTCUSDT,Sell,1.017,81964.80,"{""T"":1789779655969,""s"":""BTCUSDT"",""S"":""Sell"",""v"":""1.017"",""p"":""81964.80""}"
2026-09-19T01:00:56.567782Z,1789779656052,BTCUSDT,Sell,0.001,81976.60,"{""T"":1789779656052,""s"":""BTCUSDT"",""S"":""Sell"",""v"":""0.001"",""p"":""81976.60""}"
2026-09-19T01:00:56.567782Z,1789779656064,BTCUSDT,Sell,0.001,81944.40,"{""T"":1789779656064,""s"":""BTCUSDT"",""S"":""Sell"",""v"":""0.001"",""p"":""81944.40""}"
2026-09-19T01:00:56.567782Z,1789779656076,BTCUSDT,Sell,0.375,81968.90,"{""T"":1789779656076,""s"":""BTCUSDT"",""S"":""Sell"",""v"":""0.375"",""p"":""81968.90""}"
2026-09-19T01:00:56.567782Z,1789779656116,BTCUSDT,Sell,0.163,81944.70,"{""T"":1789779656116,""s"":""BTCUSDT"",""S"":""Sell"",""v"":""0.163"",""p"":""81944.70""}"
2026-09-19T01:00:56.567782Z,1789779656177,BTCUSDT,Sell,0.009,81964.90,"{""T"":1789779656177,""s"":""BTCUSDT"",""S"":""Sell"",""v"":""0.009"",""p"":""81964.90""}"
2026-09-19T01:00:56.567782Z,1789779656186,BTCUSDT,Sell,0.025,81947.80,"{""T"":1789779656186,""s"":""BTCUSDT"",""S"":""Sell"",""v"":""0.025"",""p"":""81947.80""}"
2026-09-19T01:00:56.567782Z,1789779656210,BTCUSDT,Sell,0.075,81962.80,"{""T"":1789779656210,""s"":""BTCUSDT"",""S"":""Sell"",""v"":""0.075"",""p"":""81962.80""}"
2026-09-19T01:00:56.567782Z,1789779656274,BTCUSDT,Sell,0.172,81951.00,"{""T"":1789779656274,""s"":""BTCUSDT"",""S"":""Sell"",""v"":""0.172"",""p"":""81951.00""}"
2026-09-19T01:00:56.567782Z,1789779656294,BTCUSDT,Sell,0.026,81959.20,"{""T"":1789779656294,""s"":""BTCUSDT"",""S"":""Sell"",""v"":""0.026"",""p"":""81959.20""}"
2026-09-19T01:00:56.567782Z,1789779656318,BTCUSDT,Sell,0.003,81952.90,"{""T"":1789779656318,""s"":""BTCUSDT"",""S"":""Sell"",""v"":""0.003"",""p"":""81952.90""}"
2026-09-19T01:00:56.567782Z,1789779656318,BTCUSDT,Sell,0.061,81959.90,"{""T"":1789779656318,""s"":""BTCUSDT"",""S"":""Sell"",""v"":""0.061"",""p"":""81959.90""}"
2026-09-19T01:00:56.567782Z,1789779656332,BTCUSDT,Sell,0.070,81949.20,"{""T"":1789779656332,""s"":""BTCUSDT"",""S"":""Sell"",""v"":""0.070"",""p"":""81949.20""}"
2026-09-19T01:00:56.567782Z,1789779656383,BTCUSDT,Sell,0.010,81942.50,"{""T"":1789779656383,""s"":""BTCUSDT"",""S"":""Sell"",""v"":""0.010"",""p"":""81942.50""}"
2026-09-19T01:00:56.567782Z,1789779656395,BTCUSDT,Sell,0.161,81959.50,"{""T"":1789779656395,""s"":""BTCUSDT"",""S"":""Sell"",""v"":""0.161"",""p"":""81959.50""}"
2026-09-19T01:00:56.567782Z,1789779656407,BTCUSDT,Sell,0.010,81960.60,"{""T"":1789779656407,""s"":""BTCUSDT"",""S"":""Sell"",""v"":""0.010"",""p"":""81960.60""}"
2026-09-19T01:00:56.567782Z,1789779656467,BTCUSDT,Sell,0.001,81977.30,"{""T"":1789779656467,""s"":""BTCUSDT"",""S"":""Sell"",""v"":""0.001"",""p"":""81977.30""}"
2026-09-19T01:00:57.067716Z,1789779656501,BTCUSDT,Sell,0.005,81943.00,"{""T"":1789779656501,""s"":""BTCUSDT"",""S"":""Sell"",""v"":""0.005"",""p"":""81943.00""}"
2026-09-19T01:00:57.067716Z,1789779656518,BTCUSDT,Sell,0.800,81975.00,"{""T"":1789779656518,""s"":""BTCUSDT"",""S"":""Sell"",""v"":""0.800"",""p"":""81975.00""}"
2026-09-19T01:00:57.067716Z,1789779656523,BTCUSDT,Sell,0.868,81941.40,"{""T"":1789779656523,""s"":""BTCUSDT"",""S"":""Sell"",""v"":""0.868"",""p"":""81941.40""}"
2026-09-19T01:00:57.067716Z,1789779656544,BTCUSDT,Sell,0.028,81951.20,"{""T"":1789779656544,""s"":""BTCUSDT"",""S"":""Sell"",""v"":""0.028"",""p"":""81951.20""}"
2026-09-19T01:00:57.067716Z,1789779656635,BTCUSDT,Sell,0.002,81943.30,"{""T"":1789779656635,""s"":""BTCUSDT"",""S"":""Sell"",""v"":""0.002"",""p"":""81943.30""}"
2026-09-19T01:00:57.067716Z,1789779656638,BTCUSDT,Sell,0.061,81966.00,"{""T"":1789779656638,""s"":""BTCUSDT"",""S"":""Sell"",""v"":""0.061"",""p"":""81966.00""}"
2026-09-19T01:00:57.067716Z,1789779656642,BTCUSDT,Sell,0.018,81967.70,"{""T"":1789779656642,""s"":""BTCUSDT"",""S"":""Sell"",""v"":""0.018"",""p"":""81967.70""}"
2026-09-19T01:00:57.067716Z,1789779656703,BTCUSDT,Sell,0.005,81961.00,"{""T"":1789779656703,""s"":""BTCUSDT"",""S"":""Sell"",""v"":""0.005"",""p"":""81961.00""}"
2026-09-19T01:00:57.067716Z,1789779656713,BTCUSDT,Sell,0.005,81970.30,"{""T"":1789779656713,""s"":""BTCUSDT"",""S"":""Sell"",""v"":""0.005"",""p"":""81970.30""}"
2026-09-19T01:00:57.067716Z,1789779656730,BTCUSDT,Sell,0.091,81942.50,"{""T"":1789779656730,""s"":""BTCUSDT"",""S"":""Sell"",""v"":""0.091"",""p"":""81942.50""}"
2026-09-19T01:00:57.067716Z,1789779656740,BTCUSDT,Sell,0.242,81971.80,"{""T"":1789779656740,""s"":""BTCUSDT"",""S"":""Sell"",""v"":""0.242"",""p"":""81971.80""}"
2026-09-19T01:00:57.067716Z,1789779656801,BTCUSDT,Sell,0.063,81956.70,"{""T"":1789779656801,""s"":""BTCUSDT"",""S"":""Sell"",""v"":""0.063"",""p"":""81956.70""}"
2026-09-19T01:01:14.568018Z,1789779674405,SOLUSDT,Sell,2.3,114.340,"{""T"":1789779674405,""s"":""SOLUSDT"",""S"":""Sell"",""v"":""2.3"",""p"":""114.340""}"
