recv_ts_utc,exch_ts_ms,symbol,side,size,price,raw_json
2026-08-31T00:00:00.813535Z,1788134400243,SKRUSDT,Sell,173470,0.025494,"{""T"":1788134400243,""s"":""SKRUSDT"",""S"":""Sell"",""v"":""173470"",""p"":""0.025494""}"
2026-08-31T00:00:01.812725Z,1788134401633,SKRUSDT,Buy,3080,0.024224,"{""T"":1788134401633,""s"":""SKRUSDT"",""S"":""Buy"",""v"":""3080"",""p"":""0.024224""}"
2026-08-31T00:00:02.813395Z,1788134402302,SKRUSDT,Buy,990,0.024251,"{""T"":1788134402302,""s"":""SKRUSDT"",""S"":""Buy"",""v"":""990"",""p"":""0.024251""}"
2026-08-31T00:00:05.486719Z,1788134405150,SOXLUSDT,Buy,17.66,108.11,"{""T"":1788134405150,""s"":""SOXLUSDT"",""S"":""Buy"",""v"":""17.66"",""p"":""108.11""}"
2026-08-31T00:00:05.813393Z,1788134405426,SKRUSDT,Buy,7840,0.024220,"{""T"":1788134405426,""s"":""SKRUSDT"",""S"":""Buy"",""v"":""7840"",""p"":""0.024220""}"
2026-08-31T00:00:08.908288Z,1788134408488,KORUUSDT,Buy,2600.00,19.91,"{""T"":1788134408488,""s"":""KORUUSDT"",""S"":""Buy"",""v"":""2600.00"",""p"":""19.91""}"
2026-08-31T00:00:08.987474Z,1788134408831,SOXLUSDT,Buy,19.93,107.57,"{""T"":1788134408831,""s"":""SOXLUSDT"",""S"":""Buy"",""v"":""19.93"",""p"":""107.57""}"
2026-08-31T00:00:09.813336Z,1788134409691,SKRUSDT,Sell,3680,0.025511,"{""T"":1788134409691,""s"":""SKRUSDT"",""S"":""Sell"",""v"":""3680"",""p"":""0.025511""}"
2026-08-31T00:00:10.313255Z,1788134409966,SKRUSDT,Sell,33370,0.025569,"{""T"":1788134409966,""s"":""SKRUSDT"",""S"":""Sell"",""v"":""33370"",""p"":""0.025569""}"
2026-08-31T00:00:10.987598Z,1788134410647,SOXLUSDT,Buy,22.82,107.31,"{""T"":1788134410647,""s"":""SOXLUSDT"",""S"":""Buy"",""v"":""22.82"",""p"":""107.31""}"
2026-08-31T00:00:10.987598Z,1788134410700,SOXLUSDT,Buy,0.98,107.36,"{""T"":1788134410700,""s"":""SOXLUSDT"",""S"":""Buy"",""v"":""0.98"",""p"":""107.36""}"
2026-08-31T00:00:11.988504Z,1788134411631,SOXLUSDT,Buy,12.29,107.08,"{""T"":1788134411631,""s"":""SOXLUSDT"",""S"":""Buy"",""v"":""12.29"",""p"":""107.08""}"
2026-08-31T00:00:11.988504Z,1788134411854,SOXLUSDT,Buy,8.80,107.05,"{""T"":1788134411854,""s"":""SOXLUSDT"",""S"":""Buy"",""v"":""8.80"",""p"":""107.05""}"
2026-08-31T00:00:12.313002Z,1788134411930,SKRUSDT,Sell,420,0.025717,"{""T"":1788134411930,""s"":""SKRUSDT"",""S"":""Sell"",""v"":""420"",""p"":""0.025717""}"
2026-08-31T00:00:12.313002Z,1788134411975,SKRUSDT,Sell,2450,0.025692,"{""T"":1788134411975,""s"":""SKRUSDT"",""S"":""Sell"",""v"":""2450"",""p"":""0.025692""}"
2026-08-31T00:00:12.408474Z,1788134412132,KORUUSDT,Buy,10.71,19.73,"{""T"":1788134412132,""s"":""KORUUSDT"",""S"":""Buy"",""v"":""10.71"",""p"":""19.73""}"
2026-08-31T00:00:12.490004Z,1788134412297,SOXLUSDT,Buy,0.08,107.13,"{""T"":1788134412297,""s"":""SOXLUSDT"",""S"":""Buy"",""v"":""0.08"",""p"":""107.13""}"
2026-08-31T00:00:14.312662Z,1788134413802,SKRUSDT,Sell,56560,0.025876,"{""T"":1788134413802,""s"":""SKRUSDT"",""S"":""Sell"",""v"":""56560"",""p"":""0.025876""}"
2026-08-31T00:00:14.813462Z,1788134414294,SKRUSDT,Sell,6570,0.025905,"{""T"":1788134414294,""s"":""SKRUSDT"",""S"":""Sell"",""v"":""6570"",""p"":""0.025905""}"
2026-08-31T00:00:18.486776Z,1788134418242,SOXLUSDT,Buy,17.82,107.01,"{""T"":1788134418242,""s"":""SOXLUSDT"",""S"":""Buy"",""v"":""17.82"",""p"":""107.01""}"
2026-08-31T00:00:19.359650Z,1788134419134,ZKPUSDT,Sell,619,0.05467,"{""T"":1788134419134,""s"":""ZKPUSDT"",""S"":""Sell"",""v"":""619"",""p"":""0.05467""}"
2026-08-31T00:00:20.859366Z,1788134420534,ZKPUSDT,Sell,235,0.05474,"{""T"":1788134420534,""s"":""ZKPUSDT"",""S"":""Sell"",""v"":""235"",""p"":""0.05474""}"
2026-08-31T00:00:21.359488Z,1788134420880,ZKPUSDT,Sell,23969,0.05482,"{""T"":1788134420880,""s"":""ZKPUSDT"",""S"":""Sell"",""v"":""23969"",""p"":""0.05482""}"
2026-08-31T00:00:21.408383Z,1788134421222,KORUUSDT,Buy,487.32,19.60,"{""T"":1788134421222,""s"":""KORUUSDT"",""S"":""Buy"",""v"":""487.32"",""p"":""19.60""}"
2026-08-31T00:00:22.359300Z,1788134422069,ZKPUSDT,Sell,125,0.05485,"{""T"":1788134422069,""s"":""ZKPUSDT"",""S"":""Sell"",""v"":""125"",""p"":""0.05485""}"
2026-08-31T00:00:28.562447Z,1788134428358,SOLUSDT,Buy,1.1,100.720,"{""T"":1788134428358,""s"":""SOLUSDT"",""S"":""Buy"",""v"":""1.1"",""p"":""100.720""}"
2026-08-31T00:00:31.408791Z,1788134431308,KORUUSDT,Buy,142.54,19.32,"{""T"":1788134431308,""s"":""KORUUSDT"",""S"":""Buy"",""v"":""142.54"",""p"":""19.32""}"
2026-08-31T00:00:38.359403Z,1788134438000,NVDAUSDT,Buy,3.11,215.42,"{""T"":1788134438000,""s"":""NVDAUSDT"",""S"":""Buy"",""v"":""3.11"",""p"":""215.42""}"
2026-08-31T00:00:42.859667Z,1788134442586,NVDAUSDT,Buy,21.52,215.23,"{""T"":1788134442586,""s"":""NVDAUSDT"",""S"":""Buy"",""v"":""21.52"",""p"":""215.23""}"
2026-08-31T00:00:42.987460Z,1788134442880,SOXLUSDT,Buy,14.21,106.48,"{""T"":1788134442880,""s"":""SOXLUSDT"",""S"":""Buy"",""v"":""14.21"",""p"":""106.48""}"
2026-08-31T00:00:43.414155Z,1788134442879,DOGEUSDT,Buy,9967,0.08119,"{""T"":1788134442879,""s"":""DOGEUSDT"",""S"":""Buy"",""v"":""9967"",""p"":""0.08119""}"
2026-08-31T00:00:43.987296Z,1788134443659,SOXLUSDT,Buy,2.00,106.44,"{""T"":1788134443659,""s"":""SOXLUSDT"",""S"":""Buy"",""v"":""2.00"",""p"":""106.44""}"
2026-08-31T00:00:46.908474Z,1788134446619,KORUUSDT,Buy,179.21,19.24,"{""T"":1788134446619,""s"":""KORUUSDT"",""S"":""Buy"",""v"":""179.21"",""p"":""19.24""}"
2026-08-31T00:00:51.486819Z,1788134451078,SOXLUSDT,Buy,2.35,106.30,"{""T"":1788134451078,""s"":""SOXLUSDT"",""S"":""Buy"",""v"":""2.35"",""p"":""106.30""}"
2026-08-31T00:00:59.337313Z,1788134458778,HNTUSDT,Sell,207.32,0.8035,"{""T"":1788134458778,""s"":""HNTUSDT"",""S"":""Sell"",""v"":""207.32"",""p"":""0.8035""}"
2026-08-31T00:01:06.837301Z,1788134466560,HNTUSDT,Sell,5954.99,0.8055,"{""T"":1788134466560,""s"":""HNTUSDT"",""S"":""Sell"",""v"":""5954.99"",""p"":""0.8055""}"
2026-08-31T00:01:07.337688Z,1788134467196,HNTUSDT,Sell,5256.61,0.8063,"{""T"":1788134467196,""s"":""HNTUSDT"",""S"":""Sell"",""v"":""5256.61"",""p"":""0.8063""}"
2026-08-31T00:01:09.337500Z,1788134469249,HNTUSDT,Sell,153.90,0.8113,"{""T"":1788134469249,""s"":""HNTUSDT"",""S"":""Sell"",""v"":""153.90"",""p"":""0.8113""}"
2026-08-31T00:01:11.312686Z,1788134471051,SKRUSDT,Sell,2280,0.025765,"{""T"":1788134471051,""s"":""SKRUSDT"",""S"":""Sell"",""v"":""2280"",""p"":""0.025765""}"
2026-08-31T00:01:12.812888Z,1788134472436,SKRUSDT,Sell,12990,0.026014,"{""T"":1788134472436,""s"":""SKRUSDT"",""S"":""Sell"",""v"":""12990"",""p"":""0.026014""}"
2026-08-31T00:01:13.813312Z,1788134473319,SKRUSDT,Sell,8500,0.026001,"{""T"":1788134473319,""s"":""SKRUSDT"",""S"":""Sell"",""v"":""8500"",""p"":""0.026001""}"
2026-08-31T00:01:16.312652Z,1788134475898,SKRUSDT,Sell,3270,0.026048,"{""T"":1788134475898,""s"":""SKRUSDT"",""S"":""Sell"",""v"":""3270"",""p"":""0.026048""}"
2026-08-31T00:01:17.908809Z,1788134477585,SKHYNIXUSDT,Buy,0.048,1138.61,"{""T"":1788134477585,""s"":""SKHYNIXUSDT"",""S"":""Buy"",""v"":""0.048"",""p"":""1138.61""}"
2026-08-31T00:01:21.908266Z,1788134481454,SKHYNIXUSDT,Buy,0.006,1138.32,"{""T"":1788134481454,""s"":""SKHYNIXUSDT"",""S"":""Buy"",""v"":""0.006"",""p"":""1138.32""}"
2026-08-31T00:01:23.908706Z,1788134483635,KORUUSDT,Buy,910.78,18.97,"{""T"":1788134483635,""s"":""KORUUSDT"",""S"":""Buy"",""v"":""910.78"",""p"":""18.97""}"
2026-08-31T00:01:32.337404Z,1788134492021,HNTUSDT,Sell,77.76,0.8210,"{""T"":1788134492021,""s"":""HNTUSDT"",""S"":""Sell"",""v"":""77.76"",""p"":""0.8210""}"
2026-08-31T00:01:32.837867Z,1788134492463,HNTUSDT,Sell,29.20,0.8222,"{""T"":1788134492463,""s"":""HNTUSDT"",""S"":""Sell"",""v"":""29.20"",""p"":""0.8222""}"
2026-08-31T00:01:33.338334Z,1788134492814,HNTUSDT,Sell,10180.51,0.8226,"{""T"":1788134492814,""s"":""HNTUSDT"",""S"":""Sell"",""v"":""10180.51"",""p"":""0.8226""}"
2026-08-31T00:01:35.408300Z,1788134495042,KORUUSDT,Buy,15.00,18.88,"{""T"":1788134495042,""s"":""KORUUSDT"",""S"":""Buy"",""v"":""15.00"",""p"":""18.88""}"
2026-08-31T00:01:36.837192Z,1788134496499,HNTUSDT,Sell,180.05,0.8267,"{""T"":1788134496499,""s"":""HNTUSDT"",""S"":""Sell"",""v"":""180.05"",""p"":""0.8267""}"
2026-08-31T00:01:37.837260Z,1788134497688,HNTUSDT,Sell,167.02,0.8285,"{""T"":1788134497688,""s"":""HNTUSDT"",""S"":""Sell"",""v"":""167.02"",""p"":""0.8285""}"
2026-08-31T00:01:47.908380Z,1788134507536,KORUUSDT,Buy,48.81,18.76,"{""T"":1788134507536,""s"":""KORUUSDT"",""S"":""Buy"",""v"":""48.81"",""p"":""18.76""}"
2026-08-31T00:01:49.860274Z,1788134509317,NVDAUSDT,Buy,0.58,215.03,"{""T"":1788134509317,""s"":""NVDAUSDT"",""S"":""Buy"",""v"":""0.58"",""p"":""215.03""}"
2026-08-31T00:02:02.813590Z,1788134522383,SKRUSDT,Buy,3930,0.024060,"{""T"":1788134522383,""s"":""SKRUSDT"",""S"":""Buy"",""v"":""3930"",""p"":""0.024060""}"
2026-08-31T00:02:06.312814Z,1788134525940,SKRUSDT,Buy,540,0.023872,"{""T"":1788134525940,""s"":""SKRUSDT"",""S"":""Buy"",""v"":""540"",""p"":""0.023872""}"
2026-08-31T00:02:06.813311Z,1788134526496,SKRUSDT,Buy,960,0.023866,"{""T"":1788134526496,""s"":""SKRUSDT"",""S"":""Buy"",""v"":""960"",""p"":""0.023866""}"
2026-08-31T00:02:06.813311Z,1788134526559,SKRUSDT,Buy,390,0.023848,"{""T"":1788134526559,""s"":""SKRUSDT"",""S"":""Buy"",""v"":""390"",""p"":""0.023848""}"
2026-08-31T00:02:07.313148Z,1788134526875,SKRUSDT,Buy,39780,0.023750,"{""T"":1788134526875,""s"":""SKRUSDT"",""S"":""Buy"",""v"":""39780"",""p"":""0.023750""}"
2026-08-31T00:02:07.413978Z,1788134526912,ZECUSDT,Sell,3.84,844.98,"{""T"":1788134526912,""s"":""ZECUSDT"",""S"":""Sell"",""v"":""3.84"",""p"":""844.98""}"
2026-08-31T00:02:28.813640Z,1788134548398,SKRUSDT,Buy,2220,0.023636,"{""T"":1788134548398,""s"":""SKRUSDT"",""S"":""Buy"",""v"":""2220"",""p"":""0.023636""}"
2026-08-31T00:02:31.825165Z,1788134551421,ZORAUSDT,Buy,5180,0.007478,"{""T"":1788134551421,""s"":""ZORAUSDT"",""S"":""Buy"",""v"":""5180"",""p"":""0.007478""}"
2026-08-31T00:02:36.326334Z,1788134555838,ZORAUSDT,Buy,12260,0.007461,"{""T"":1788134555838,""s"":""ZORAUSDT"",""S"":""Buy"",""v"":""12260"",""p"":""0.007461""}"
2026-08-31T00:02:41.813421Z,1788134561229,SKRUSDT,Sell,106670,0.024725,"{""T"":1788134561229,""s"":""SKRUSDT"",""S"":""Sell"",""v"":""106670"",""p"":""0.024725""}"
2026-08-31T00:02:50.065743Z,1788134569575,BTCUSDT,Sell,0.194,77956.00,"{""T"":1788134569575,""s"":""BTCUSDT"",""S"":""Sell"",""v"":""0.194"",""p"":""77956.00""}"
2026-08-31T00:02:58.314029Z,1788134578187,SKRUSDT,Buy,270,0.023341,"{""T"":1788134578187,""s"":""SKRUSDT"",""S"":""Buy"",""v"":""270"",""p"":""0.023341""}"
2026-08-31T00:02:58.813363Z,1788134578690,SKRUSDT,Buy,29410,0.023204,"{""T"":1788134578690,""s"":""SKRUSDT"",""S"":""Buy"",""v"":""29410"",""p"":""0.023204""}"
2026-08-31T00:02:59.312772Z,1788134579012,SKRUSDT,Buy,117030,0.023244,"{""T"":1788134579012,""s"":""SKRUSDT"",""S"":""Buy"",""v"":""117030"",""p"":""0.023244""}"
2026-08-31T00:03:01.813366Z,1788134581346,SKRUSDT,Buy,1100,0.023127,"{""T"":1788134581346,""s"":""SKRUSDT"",""S"":""Buy"",""v"":""1100"",""p"":""0.023127""}"
2026-08-31T00:03:02.313278Z,1788134582002,SKRUSDT,Buy,2050,0.023013,"{""T"":1788134582002,""s"":""SKRUSDT"",""S"":""Buy"",""v"":""2050"",""p"":""0.023013""}"
2026-08-31T00:03:02.813240Z,1788134582718,SKRUSDT,Buy,3920,0.022923,"{""T"":1788134582718,""s"":""SKRUSDT"",""S"":""Buy"",""v"":""3920"",""p"":""0.022923""}"
2026-08-31T00:03:03.313382Z,1788134583102,SKRUSDT,Buy,1000,0.022890,"{""T"":1788134583102,""s"":""SKRUSDT"",""S"":""Buy"",""v"":""1000"",""p"":""0.022890""}"
2026-08-31T00:03:03.563049Z,1788134583102,SOLUSDT,Sell,0.3,102.020,"{""T"":1788134583102,""s"":""SOLUSDT"",""S"":""Sell"",""v"":""0.3"",""p"":""102.020""}"
2026-08-31T00:03:03.813265Z,1788134583244,SKRUSDT,Buy,7490,0.022870,"{""T"":1788134583244,""s"":""SKRUSDT"",""S"":""Buy"",""v"":""7490"",""p"":""0.022870""}"
2026-08-31T00:03:06.576027Z,1788134586413,SOLUSDT,Sell,5.1,102.070,"{""T"":1788134586413,""s"":""SOLUSDT"",""S"":""Sell"",""v"":""5.1"",""p"":""102.070""}"
2026-08-31T00:03:06.825121Z,1788134586360,ZORAUSDT,Buy,780,0.007420,"{""T"":1788134586360,""s"":""ZORAUSDT"",""S"":""Buy"",""v"":""780"",""p"":""0.007420""}"
2026-08-31T00:03:07.325241Z,1788134587205,ZORAUSDT,Buy,157610,0.007397,"{""T"":1788134587205,""s"":""ZORAUSDT"",""S"":""Buy"",""v"":""157610"",""p"":""0.007397""}"
2026-08-31T00:03:18.348246Z,1788134598255,WIFUSDT,Sell,1389,0.19180,"{""T"":1788134598255,""s"":""WIFUSDT"",""S"":""Sell"",""v"":""1389"",""p"":""0.19180""}"
2026-08-31T00:03:22.065619Z,1788134601613,BTCUSDT,Sell,0.001,77983.50,"{""T"":1788134601613,""s"":""BTCUSDT"",""S"":""Sell"",""v"":""0.001"",""p"":""77983.50""}"
2026-08-31T00:03:25.814010Z,1788134605511,SKRUSDT,Buy,77890,0.022845,"{""T"":1788134605511,""s"":""SKRUSDT"",""S"":""Buy"",""v"":""77890"",""p"":""0.022845""}"
2026-08-31T00:03:25.814010Z,1788134605514,SKRUSDT,Buy,256010,0.022800,"{""T"":1788134605514,""s"":""SKRUSDT"",""S"":""Buy"",""v"":""256010"",""p"":""0.022800""}"
2026-08-31T00:03:31.812877Z,1788134611519,SKRUSDT,Sell,4250,0.024475,"{""T"":1788134611519,""s"":""SKRUSDT"",""S"":""Sell"",""v"":""4250"",""p"":""0.024475""}"
2026-08-31T00:03:36.813326Z,1788134616623,SKRUSDT,Sell,4890,0.024693,"{""T"":1788134616623,""s"":""SKRUSDT"",""S"":""Sell"",""v"":""4890"",""p"":""0.024693""}"
2026-08-31T00:03:37.812775Z,1788134617464,SKRUSDT,Sell,470,0.024685,"{""T"":1788134617464,""s"":""SKRUSDT"",""S"":""Sell"",""v"":""470"",""p"":""0.024685""}"
2026-08-31T00:03:52.813522Z,1788134632406,SKRUSDT,Sell,15960,0.024850,"{""T"":1788134632406,""s"":""SKRUSDT"",""S"":""Sell"",""v"":""15960"",""p"":""0.024850""}"
2026-08-31T00:03:56.812869Z,1788134636358,SKRUSDT,Sell,1880,0.025046,"{""T"":1788134636358,""s"":""SKRUSDT"",""S"":""Sell"",""v"":""1880"",""p"":""0.025046""}"
2026-08-31T00:03:58.313144Z,1788134638067,SKRUSDT,Sell,840,0.025160,"{""T"":1788134638067,""s"":""SKRUSDT"",""S"":""Sell"",""v"":""840"",""p"":""0.025160""}"
2026-08-31T00:04:34.337418Z,1788134673770,HNTUSDT,Sell,145.81,0.8377,"{""T"":1788134673770,""s"":""HNTUSDT"",""S"":""Sell"",""v"":""145.81"",""p"":""0.8377""}"
2026-08-31T00:04:34.337418Z,1788134673879,HNTUSDT,Sell,148.67,0.8360,"{""T"":1788134673879,""s"":""HNTUSDT"",""S"":""Sell"",""v"":""148.67"",""p"":""0.8360""}"
2026-08-31T00:04:34.337418Z,1788134673898,HNTUSDT,Sell,1205.32,0.8374,"{""T"":1788134673898,""s"":""HNTUSDT"",""S"":""Sell"",""v"":""1205.32"",""p"":""0.8374""}"
2026-08-31T00:04:34.337418Z,1788134674006,HNTUSDT,Sell,9.32,0.8371,"{""T"":1788134674006,""s"":""HNTUSDT"",""S"":""Sell"",""v"":""9.32"",""p"":""0.8371""}"
2026-08-31T00:04:35.337814Z,1788134675019,HNTUSDT,Sell,9.97,0.8426,"{""T"":1788134675019,""s"":""HNTUSDT"",""S"":""Sell"",""v"":""9.97"",""p"":""0.8426""}"
2026-08-31T00:04:35.337814Z,1788134675053,HNTUSDT,Sell,4559.96,0.8386,"{""T"":1788134675053,""s"":""HNTUSDT"",""S"":""Sell"",""v"":""4559.96"",""p"":""0.8386""}"
2026-08-31T00:04:45.829577Z,1788134685570,NIULAIUSDT,Sell,130,0.10244,"{""T"":1788134685570,""s"":""NIULAIUSDT"",""S"":""Sell"",""v"":""130"",""p"":""0.10244""}"
2026-08-31T00:04:45.837077Z,1788134685284,HNTUSDT,Sell,141.36,0.8475,"{""T"":1788134685284,""s"":""HNTUSDT"",""S"":""Sell"",""v"":""141.36"",""p"":""0.8475""}"
2026-08-31T00:04:45.837077Z,1788134685570,HNTUSDT,Sell,26.31,0.8498,"{""T"":1788134685570,""s"":""HNTUSDT"",""S"":""Sell"",""v"":""26.31"",""p"":""0.8498""}"
2026-08-31T00:04:45.837077Z,1788134685707,HNTUSDT,Sell,88.39,0.8510,"{""T"":1788134685707,""s"":""HNTUSDT"",""S"":""Sell"",""v"":""88.39"",""p"":""0.8510""}"
2026-08-31T00:04:46.337379Z,1788134685880,HNTUSDT,Sell,57.92,0.8494,"{""T"":1788134685880,""s"":""HNTUSDT"",""S"":""Sell"",""v"":""57.92"",""p"":""0.8494""}"
2026-08-31T00:04:47.337733Z,1788134686787,HNTUSDT,Sell,561.62,0.8517,"{""T"":1788134686787,""s"":""HNTUSDT"",""S"":""Sell"",""v"":""561.62"",""p"":""0.8517""}"
2026-08-31T00:04:49.066244Z,1788134688980,BTCUSDT,Sell,0.002,78010.00,"{""T"":1788134688980,""s"":""BTCUSDT"",""S"":""Sell"",""v"":""0.002"",""p"":""78010.00""}"
2026-08-31T00:04:50.562703Z,1788134690248,SOLUSDT,Sell,300.0,102.280,"{""T"":1788134690248,""s"":""SOLUSDT"",""S"":""Sell"",""v"":""300.0"",""p"":""102.280""}"
2026-08-31T00:04:51.492406Z,1788134691198,SUIUSDT,Sell,20,0.72120,"{""T"":1788134691198,""s"":""SUIUSDT"",""S"":""Sell"",""v"":""20"",""p"":""0.72120""}"
2026-08-31T00:04:54.837271Z,1788134694427,HNTUSDT,Sell,51.88,0.8539,"{""T"":1788134694427,""s"":""HNTUSDT"",""S"":""Sell"",""v"":""51.88"",""p"":""0.8539""}"
2026-08-31T00:04:55.837872Z,1788134695478,XRPUSDT,Sell,2852.6,1.3686,"{""T"":1788134695478,""s"":""XRPUSDT"",""S"":""Sell"",""v"":""2852.6"",""p"":""1.3686""}"
2026-08-31T00:04:57.337282Z,1788134696919,HNTUSDT,Sell,8.55,0.8551,"{""T"":1788134696919,""s"":""HNTUSDT"",""S"":""Sell"",""v"":""8.55"",""p"":""0.8551""}"
2026-08-31T00:05:01.414497Z,1788134700954,1000PEPEUSDT,Sell,11900,0.0034540,"{""T"":1788134700954,""s"":""1000PEPEUSDT"",""S"":""Sell"",""v"":""11900"",""p"":""0.0034540""}"
2026-08-31T00:06:14.908001Z,1788134774489,BCHUSDT,Sell,0.03,245.60,"{""T"":1788134774489,""s"":""BCHUSDT"",""S"":""Sell"",""v"":""0.03"",""p"":""245.60""}"
2026-08-31T00:06:33.313253Z,1788134792848,PUMPFUNUSDT,Buy,8200,0.0044360,"{""T"":1788134792848,""s"":""PUMPFUNUSDT"",""S"":""Buy"",""v"":""8200"",""p"":""0.0044360""}"
2026-08-31T00:06:46.813195Z,1788134806612,SKRUSDT,Sell,4160,0.025027,"{""T"":1788134806612,""s"":""SKRUSDT"",""S"":""Sell"",""v"":""4160"",""p"":""0.025027""}"
2026-08-31T00:06:49.829157Z,1788134809558,ZKCUSDT,Buy,336.1,0.05695,"{""T"":1788134809558,""s"":""ZKCUSDT"",""S"":""Buy"",""v"":""336.1"",""p"":""0.05695""}"
2026-08-31T00:06:53.829722Z,1788134813300,ZKCUSDT,Buy,66931.5,0.05676,"{""T"":1788134813300,""s"":""ZKCUSDT"",""S"":""Buy"",""v"":""66931.5"",""p"":""0.05676""}"
2026-08-31T00:06:53.829722Z,1788134813498,ZKCUSDT,Buy,95.1,0.05675,"{""T"":1788134813498,""s"":""ZKCUSDT"",""S"":""Buy"",""v"":""95.1"",""p"":""0.05675""}"
2026-08-31T00:06:53.838210Z,1788134813300,HNTUSDT,Sell,1611.95,0.8311,"{""T"":1788134813300,""s"":""HNTUSDT"",""S"":""Sell"",""v"":""1611.95"",""p"":""0.8311""}"
2026-08-31T00:06:54.328999Z,1788134813797,ZKCUSDT,Buy,74626.8,0.05650,"{""T"":1788134813797,""s"":""ZKCUSDT"",""S"":""Buy"",""v"":""74626.8"",""p"":""0.05650""}"
2026-08-31T00:07:08.814662Z,1788134828615,SKRUSDT,Sell,7830,0.025035,"{""T"":1788134828615,""s"":""SKRUSDT"",""S"":""Sell"",""v"":""7830"",""p"":""0.025035""}"
2026-08-31T00:07:09.313255Z,1788134828756,SKRUSDT,Sell,4250,0.025144,"{""T"":1788134828756,""s"":""SKRUSDT"",""S"":""Sell"",""v"":""4250"",""p"":""0.025144""}"
2026-08-31T00:07:16.813230Z,1788134836238,SKRUSDT,Sell,14450,0.025172,"{""T"":1788134836238,""s"":""SKRUSDT"",""S"":""Sell"",""v"":""14450"",""p"":""0.025172""}"
2026-08-31T00:07:19.566418Z,1788134839000,BTCUSDT,Buy,0.352,77247.00,"{""T"":1788134839000,""s"":""BTCUSDT"",""S"":""Buy"",""v"":""0.352"",""p"":""77247.00""}"
2026-08-31T00:07:29.813469Z,1788134849721,SKRUSDT,Sell,4060,0.025305,"{""T"":1788134849721,""s"":""SKRUSDT"",""S"":""Sell"",""v"":""4060"",""p"":""0.025305""}"
2026-08-31T00:07:30.313322Z,1788134849901,SKRUSDT,Sell,21230,0.025282,"{""T"":1788134849901,""s"":""SKRUSDT"",""S"":""Sell"",""v"":""21230"",""p"":""0.025282""}"
2026-08-31T00:07:30.313322Z,1788134850010,SKRUSDT,Sell,41200,0.025282,"{""T"":1788134850010,""s"":""SKRUSDT"",""S"":""Sell"",""v"":""41200"",""p"":""0.025282""}"
2026-08-31T00:07:40.825184Z,1788134860645,FARTCOINUSDT,Buy,3909,0.17059,"{""T"":1788134860645,""s"":""FARTCOINUSDT"",""S"":""Buy"",""v"":""3909"",""p"":""0.17059""}"
2026-08-31T00:07:40.914766Z,1788134860645,1000PEPEUSDT,Buy,43800,0.0033640,"{""T"":1788134860645,""s"":""1000PEPEUSDT"",""S"":""Buy"",""v"":""43800"",""p"":""0.0033640""}"
2026-08-31T00:07:40.992178Z,1788134860645,SUIUSDT,Buy,170,0.70140,"{""T"":1788134860645,""s"":""SUIUSDT"",""S"":""Buy"",""v"":""170"",""p"":""0.70140""}"
2026-08-31T00:07:42.986374Z,1788134862763,TNSRUSDT,Buy,5887.6,0.03575,"{""T"":1788134862763,""s"":""TNSRUSDT"",""S"":""Buy"",""v"":""5887.6"",""p"":""0.03575""}"
2026-08-31T00:07:46.313059Z,1788134865965,PUMPFUNUSDT,Buy,461000,0.0044250,"{""T"":1788134865965,""s"":""PUMPFUNUSDT"",""S"":""Buy"",""v"":""461000"",""p"":""0.0044250""}"
2026-08-31T00:08:27.313301Z,1788134907096,SKRUSDT,Sell,3280,0.025325,"{""T"":1788134907096,""s"":""SKRUSDT"",""S"":""Sell"",""v"":""3280"",""p"":""0.025325""}"
2026-08-31T00:08:28.813048Z,1788134908323,SKRUSDT,Sell,80000,0.025416,"{""T"":1788134908323,""s"":""SKRUSDT"",""S"":""Sell"",""v"":""80000"",""p"":""0.025416""}"
2026-08-31T00:08:33.813246Z,1788134913446,SKRUSDT,Sell,8270,0.025458,"{""T"":1788134913446,""s"":""SKRUSDT"",""S"":""Sell"",""v"":""8270"",""p"":""0.025458""}"
2026-08-31T00:08:34.313557Z,1788134913927,SKRUSDT,Sell,660,0.025456,"{""T"":1788134913927,""s"":""SKRUSDT"",""S"":""Sell"",""v"":""660"",""p"":""0.025456""}"
2026-08-31T00:08:35.813115Z,1788134915412,SKRUSDT,Sell,5320,0.025483,"{""T"":1788134915412,""s"":""SKRUSDT"",""S"":""Sell"",""v"":""5320"",""p"":""0.025483""}"
2026-08-31T00:08:35.838077Z,1788134915412,HNTUSDT,Sell,124.01,0.8349,"{""T"":1788134915412,""s"":""HNTUSDT"",""S"":""Sell"",""v"":""124.01"",""p"":""0.8349""}"
2026-08-31T00:09:00.328801Z,1788134940149,NIULAIUSDT,Buy,3590,0.09673,"{""T"":1788134940149,""s"":""NIULAIUSDT"",""S"":""Buy"",""v"":""3590"",""p"":""0.09673""}"
2026-08-31T00:09:07.829148Z,1788134947417,NIULAIUSDT,Buy,6960,0.09601,"{""T"":1788134947417,""s"":""NIULAIUSDT"",""S"":""Buy"",""v"":""6960"",""p"":""0.09601""}"
2026-08-31T00:09:08.828703Z,1788134948677,NIULAIUSDT,Buy,1160,0.09581,"{""T"":1788134948677,""s"":""NIULAIUSDT"",""S"":""Buy"",""v"":""1160"",""p"":""0.09581""}"
2026-08-31T00:09:08.828703Z,1788134948724,NIULAIUSDT,Buy,170,0.09551,"{""T"":1788134948724,""s"":""NIULAIUSDT"",""S"":""Buy"",""v"":""170"",""p"":""0.09551""}"
2026-08-31T00:09:09.329357Z,1788134948778,NIULAIUSDT,Buy,1200,0.09570,"{""T"":1788134948778,""s"":""NIULAIUSDT"",""S"":""Buy"",""v"":""1200"",""p"":""0.09570""}"
2026-08-31T00:09:09.329357Z,1788134948949,NIULAIUSDT,Buy,50,0.09594,"{""T"":1788134948949,""s"":""NIULAIUSDT"",""S"":""Buy"",""v"":""50"",""p"":""0.09594""}"
2026-08-31T00:09:09.829419Z,1788134949378,NIULAIUSDT,Buy,400,0.09510,"{""T"":1788134949378,""s"":""NIULAIUSDT"",""S"":""Buy"",""v"":""400"",""p"":""0.09510""}"
2026-08-31T00:09:09.829419Z,1788134949538,NIULAIUSDT,Buy,880,0.09531,"{""T"":1788134949538,""s"":""NIULAIUSDT"",""S"":""Buy"",""v"":""880"",""p"":""0.09531""}"
2026-08-31T00:09:10.829166Z,1788134950388,NIULAIUSDT,Buy,850,0.09419,"{""T"":1788134950388,""s"":""NIULAIUSDT"",""S"":""Buy"",""v"":""850"",""p"":""0.09419""}"
2026-08-31T00:09:10.829166Z,1788134950597,NIULAIUSDT,Buy,10740,0.09466,"{""T"":1788134950597,""s"":""NIULAIUSDT"",""S"":""Buy"",""v"":""10740"",""p"":""0.09466""}"
2026-08-31T00:09:10.829166Z,1788134950615,NIULAIUSDT,Buy,2870,0.09418,"{""T"":1788134950615,""s"":""NIULAIUSDT"",""S"":""Buy"",""v"":""2870"",""p"":""0.09418""}"
2026-08-31T00:09:10.829166Z,1788134950701,NIULAIUSDT,Buy,4860,0.09459,"{""T"":1788134950701,""s"":""NIULAIUSDT"",""S"":""Buy"",""v"":""4860"",""p"":""0.09459""}"
2026-08-31T00:09:11.329108Z,1788134951196,NIULAIUSDT,Buy,2680,0.09479,"{""T"":1788134951196,""s"":""NIULAIUSDT"",""S"":""Buy"",""v"":""2680"",""p"":""0.09479""}"
2026-08-31T00:09:11.828851Z,1788134951319,NIULAIUSDT,Buy,2790,0.09456,"{""T"":1788134951319,""s"":""NIULAIUSDT"",""S"":""Buy"",""v"":""2790"",""p"":""0.09456""}"
2026-08-31T00:09:15.063038Z,1788134954927,SOLUSDT,Buy,5.1,100.760,"{""T"":1788134954927,""s"":""SOLUSDT"",""S"":""Buy"",""v"":""5.1"",""p"":""100.760""}"
2026-08-31T00:09:15.563606Z,1788134955237,SOLUSDT,Buy,14.1,100.750,"{""T"":1788134955237,""s"":""SOLUSDT"",""S"":""Buy"",""v"":""14.1"",""p"":""100.750""}"
2026-08-31T00:09:16.829666Z,1788134956311,NIULAIUSDT,Buy,640,0.09408,"{""T"":1788134956311,""s"":""NIULAIUSDT"",""S"":""Buy"",""v"":""640"",""p"":""0.09408""}"
2026-08-31T00:09:16.829666Z,1788134956405,NIULAIUSDT,Buy,500,0.09409,"{""T"":1788134956405,""s"":""NIULAIUSDT"",""S"":""Buy"",""v"":""500"",""p"":""0.09409""}"
2026-08-31T00:09:16.915276Z,1788134956472,DOGEUSDT,Buy,28488,0.08103,"{""T"":1788134956472,""s"":""DOGEUSDT"",""S"":""Buy"",""v"":""28488"",""p"":""0.08103""}"
2026-08-31T00:09:17.329300Z,1788134957079,NIULAIUSDT,Buy,50,0.09413,"{""T"":1788134957079,""s"":""NIULAIUSDT"",""S"":""Buy"",""v"":""50"",""p"":""0.09413""}"
2026-08-31T00:09:24.813294Z,1788134964585,HYPEUSDT,Buy,1.17,79.040,"{""T"":1788134964585,""s"":""HYPEUSDT"",""S"":""Buy"",""v"":""1.17"",""p"":""79.040""}"
2026-08-31T00:09:31.914494Z,1788134971511,ADAUSDT,Buy,3115,0.1899,"{""T"":1788134971511,""s"":""ADAUSDT"",""S"":""Buy"",""v"":""3115"",""p"":""0.1899""}"
2026-08-31T00:09:32.456359Z,1788134972106,ETHUSDT,Buy,0.10,2400.25,"{""T"":1788134972106,""s"":""ETHUSDT"",""S"":""Buy"",""v"":""0.10"",""p"":""2400.25""}"
2026-08-31T00:09:32.813892Z,1788134972270,PUMPFUNUSDT,Buy,1000000,0.0044110,"{""T"":1788134972270,""s"":""PUMPFUNUSDT"",""S"":""Buy"",""v"":""1000000"",""p"":""0.0044110""}"
2026-08-31T00:09:33.813141Z,1788134973482,TRUMPUSDT,Buy,485.9,2.323,"{""T"":1788134973482,""s"":""TRUMPUSDT"",""S"":""Buy"",""v"":""485.9"",""p"":""2.323""}"
2026-08-31T00:09:33.829476Z,1788134973717,ZKCUSDT,Buy,1.1,0.05633,"{""T"":1788134973717,""s"":""ZKCUSDT"",""S"":""Buy"",""v"":""1.1"",""p"":""0.05633""}"
2026-08-31T00:09:44.329339Z,1788134984128,ZKCUSDT,Buy,162.1,0.05607,"{""T"":1788134984128,""s"":""ZKCUSDT"",""S"":""Buy"",""v"":""162.1"",""p"":""0.05607""}"
2026-08-31T00:09:44.829070Z,1788134984593,ZKCUSDT,Buy,0.7,0.05598,"{""T"":1788134984593,""s"":""ZKCUSDT"",""S"":""Buy"",""v"":""0.7"",""p"":""0.05598""}"
2026-08-31T00:09:57.325408Z,1788134996970,FARTCOINUSDT,Buy,210,0.17014,"{""T"":1788134996970,""s"":""FARTCOINUSDT"",""S"":""Buy"",""v"":""210"",""p"":""0.17014""}"
2026-08-31T00:10:11.313380Z,1788135010805,SKRUSDT,Buy,200,0.023324,"{""T"":1788135010805,""s"":""SKRUSDT"",""S"":""Buy"",""v"":""200"",""p"":""0.023324""}"
2026-08-31T00:10:11.329670Z,1788135010805,NIULAIUSDT,Buy,50,0.09466,"{""T"":1788135010805,""s"":""NIULAIUSDT"",""S"":""Buy"",""v"":""50"",""p"":""0.09466""}"
2026-08-31T00:10:11.359060Z,1788135010805,NVDAUSDT,Buy,0.04,215.54,"{""T"":1788135010805,""s"":""NVDAUSDT"",""S"":""Buy"",""v"":""0.04"",""p"":""215.54""}"
2026-08-31T00:10:23.825264Z,1788135023262,ZORAUSDT,Buy,103560,0.007361,"{""T"":1788135023262,""s"":""ZORAUSDT"",""S"":""Buy"",""v"":""103560"",""p"":""0.007361""}"
2026-08-31T00:10:29.313253Z,1788135028866,SKRUSDT,Buy,2210,0.022980,"{""T"":1788135028866,""s"":""SKRUSDT"",""S"":""Buy"",""v"":""2210"",""p"":""0.022980""}"
2026-08-31T00:11:37.813336Z,1788135097464,PUMPFUNUSDT,Sell,36200,0.0045230,"{""T"":1788135097464,""s"":""PUMPFUNUSDT"",""S"":""Sell"",""v"":""36200"",""p"":""0.0045230""}"
2026-08-31T00:12:35.638728Z,1788135155364,4USDT,Buy,1796,0.012997,"{""T"":1788135155364,""s"":""4USDT"",""S"":""Buy"",""v"":""1796"",""p"":""0.012997""}"
2026-08-31T00:12:35.638728Z,1788135155373,4USDT,Buy,4437,0.013080,"{""T"":1788135155373,""s"":""4USDT"",""S"":""Buy"",""v"":""4437"",""p"":""0.013080""}"
2026-08-31T00:12:37.329230Z,1788135157018,ZKCUSDT,Buy,1223.6,0.05568,"{""T"":1788135157018,""s"":""ZKCUSDT"",""S"":""Buy"",""v"":""1223.6"",""p"":""0.05568""}"
2026-08-31T00:12:40.135809Z,1788135159692,4USDT,Buy,57921,0.012837,"{""T"":1788135159692,""s"":""4USDT"",""S"":""Buy"",""v"":""57921"",""p"":""0.012837""}"
2026-08-31T00:12:41.635548Z,1788135161358,4USDT,Buy,54952,0.012788,"{""T"":1788135161358,""s"":""4USDT"",""S"":""Buy"",""v"":""54952"",""p"":""0.012788""}"
2026-08-31T00:12:43.329404Z,1788135163213,ZKCUSDT,Buy,13214.6,0.05553,"{""T"":1788135163213,""s"":""ZKCUSDT"",""S"":""Buy"",""v"":""13214.6"",""p"":""0.05553""}"
2026-08-31T00:13:01.313622Z,1788135181141,SKRUSDT,Buy,5530,0.022846,"{""T"":1788135181141,""s"":""SKRUSDT"",""S"":""Buy"",""v"":""5530"",""p"":""0.022846""}"
2026-08-31T00:13:28.313629Z,1788135208124,SKRUSDT,Buy,1850,0.022751,"{""T"":1788135208124,""s"":""SKRUSDT"",""S"":""Buy"",""v"":""1850"",""p"":""0.022751""}"
2026-08-31T00:13:28.328939Z,1788135208124,ZKCUSDT,Buy,516.7,0.05562,"{""T"":1788135208124,""s"":""ZKCUSDT"",""S"":""Buy"",""v"":""516.7"",""p"":""0.05562""}"
2026-08-31T00:13:28.813623Z,1788135208237,SKRUSDT,Buy,1550,0.022730,"{""T"":1788135208237,""s"":""SKRUSDT"",""S"":""Buy"",""v"":""1550"",""p"":""0.022730""}"
2026-08-31T00:13:31.329764Z,1788135211107,ZKCUSDT,Buy,17274.3,0.05530,"{""T"":1788135211107,""s"":""ZKCUSDT"",""S"":""Buy"",""v"":""17274.3"",""p"":""0.05530""}"
2026-08-31T00:13:38.813509Z,1788135218522,SKRUSDT,Buy,5140,0.022687,"{""T"":1788135218522,""s"":""SKRUSDT"",""S"":""Buy"",""v"":""5140"",""p"":""0.022687""}"
2026-08-31T00:13:38.813509Z,1788135218533,SKRUSDT,Buy,1310,0.022689,"{""T"":1788135218533,""s"":""SKRUSDT"",""S"":""Buy"",""v"":""1310"",""p"":""0.022689""}"
2026-08-31T00:13:43.813099Z,1788135223565,SKRUSDT,Buy,75140,0.022595,"{""T"":1788135223565,""s"":""SKRUSDT"",""S"":""Buy"",""v"":""75140"",""p"":""0.022595""}"
2026-08-31T00:13:44.313106Z,1788135223757,SKRUSDT,Buy,1130,0.022575,"{""T"":1788135223757,""s"":""SKRUSDT"",""S"":""Buy"",""v"":""1130"",""p"":""0.022575""}"
2026-08-31T00:13:45.813212Z,1788135225517,SKRUSDT,Buy,21750,0.022566,"{""T"":1788135225517,""s"":""SKRUSDT"",""S"":""Buy"",""v"":""21750"",""p"":""0.022566""}"
2026-08-31T00:13:45.813212Z,1788135225578,SKRUSDT,Buy,1270,0.022520,"{""T"":1788135225578,""s"":""SKRUSDT"",""S"":""Buy"",""v"":""1270"",""p"":""0.022520""}"
2026-08-31T00:13:45.813212Z,1788135225670,SKRUSDT,Buy,12080,0.022392,"{""T"":1788135225670,""s"":""SKRUSDT"",""S"":""Buy"",""v"":""12080"",""p"":""0.022392""}"
2026-08-31T00:13:45.987287Z,1788135225670,MAGMAUSDT,Sell,1025,0.35710,"{""T"":1788135225670,""s"":""MAGMAUSDT"",""S"":""Sell"",""v"":""1025"",""p"":""0.35710""}"
2026-08-31T00:13:46.813164Z,1788135226353,SKRUSDT,Buy,230,0.022420,"{""T"":1788135226353,""s"":""SKRUSDT"",""S"":""Buy"",""v"":""230"",""p"":""0.022420""}"
2026-08-31T00:13:47.313218Z,1788135226906,SKRUSDT,Buy,640,0.022363,"{""T"":1788135226906,""s"":""SKRUSDT"",""S"":""Buy"",""v"":""640"",""p"":""0.022363""}"
2026-08-31T00:13:47.313218Z,1788135227027,SKRUSDT,Buy,13320,0.022356,"{""T"":1788135227027,""s"":""SKRUSDT"",""S"":""Buy"",""v"":""13320"",""p"":""0.022356""}"
2026-08-31T00:14:05.313393Z,1788135244760,SKRUSDT,Buy,80760,0.022267,"{""T"":1788135244760,""s"":""SKRUSDT"",""S"":""Buy"",""v"":""80760"",""p"":""0.022267""}"
2026-08-31T00:14:05.313393Z,1788135244901,SKRUSDT,Buy,2720,0.022227,"{""T"":1788135244901,""s"":""SKRUSDT"",""S"":""Buy"",""v"":""2720"",""p"":""0.022227""}"
2026-08-31T00:14:07.337828Z,1788135247248,AAVEUSDT,Sell,13.87,123.95,"{""T"":1788135247248,""s"":""AAVEUSDT"",""S"":""Sell"",""v"":""13.87"",""p"":""123.95""}"
2026-08-31T00:14:23.813349Z,1788135263503,SKRUSDT,Buy,23060,0.022173,"{""T"":1788135263503,""s"":""SKRUSDT"",""S"":""Buy"",""v"":""23060"",""p"":""0.022173""}"
2026-08-31T00:14:24.825964Z,1788135264349,ZORAUSDT,Buy,8460,0.007331,"{""T"":1788135264349,""s"":""ZORAUSDT"",""S"":""Buy"",""v"":""8460"",""p"":""0.007331""}"
2026-08-31T00:14:25.313191Z,1788135265024,SKRUSDT,Buy,220,0.022155,"{""T"":1788135265024,""s"":""SKRUSDT"",""S"":""Buy"",""v"":""220"",""p"":""0.022155""}"
2026-08-31T00:14:25.813257Z,1788135265420,SKRUSDT,Buy,39520,0.022139,"{""T"":1788135265420,""s"":""SKRUSDT"",""S"":""Buy"",""v"":""39520"",""p"":""0.022139""}"
2026-08-31T00:14:27.815074Z,1788135267410,SKRUSDT,Buy,250,0.022079,"{""T"":1788135267410,""s"":""SKRUSDT"",""S"":""Buy"",""v"":""250"",""p"":""0.022079""}"
2026-08-31T00:14:28.313257Z,1788135267878,SKRUSDT,Buy,160180,0.022075,"{""T"":1788135267878,""s"":""SKRUSDT"",""S"":""Buy"",""v"":""160180"",""p"":""0.022075""}"
2026-08-31T00:14:49.337877Z,1788135288842,HNTUSDT,Sell,15.96,0.8561,"{""T"":1788135288842,""s"":""HNTUSDT"",""S"":""Sell"",""v"":""15.96"",""p"":""0.8561""}"
2026-08-31T00:14:49.337877Z,1788135289184,HNTUSDT,Sell,40.29,0.8558,"{""T"":1788135289184,""s"":""HNTUSDT"",""S"":""Sell"",""v"":""40.29"",""p"":""0.8558""}"
2026-08-31T00:14:49.838257Z,1788135289315,HNTUSDT,Sell,2032.97,0.8561,"{""T"":1788135289315,""s"":""HNTUSDT"",""S"":""Sell"",""v"":""2032.97"",""p"":""0.8561""}"
2026-08-31T00:14:51.837474Z,1788135291712,HNTUSDT,Sell,8.65,0.8567,"{""T"":1788135291712,""s"":""HNTUSDT"",""S"":""Sell"",""v"":""8.65"",""p"":""0.8567""}"
2026-08-31T00:14:52.337509Z,1788135291889,HNTUSDT,Sell,234.71,0.8575,"{""T"":1788135291889,""s"":""HNTUSDT"",""S"":""Sell"",""v"":""234.71"",""p"":""0.8575""}"
2026-08-31T00:14:52.337509Z,1788135292039,HNTUSDT,Sell,28.88,0.8575,"{""T"":1788135292039,""s"":""HNTUSDT"",""S"":""Sell"",""v"":""28.88"",""p"":""0.8575""}"
2026-08-31T00:15:11.338146Z,1788135311055,HNTUSDT,Sell,466.72,0.8592,"{""T"":1788135311055,""s"":""HNTUSDT"",""S"":""Sell"",""v"":""466.72"",""p"":""0.8592""}"
2026-08-31T00:15:14.813591Z,1788135314399,SKRUSDT,Buy,420,0.021993,"{""T"":1788135314399,""s"":""SKRUSDT"",""S"":""Buy"",""v"":""420"",""p"":""0.021993""}"
2026-08-31T00:15:15.313499Z,1788135314754,SKRUSDT,Buy,310,0.021898,"{""T"":1788135314754,""s"":""SKRUSDT"",""S"":""Buy"",""v"":""310"",""p"":""0.021898""}"
2026-08-31T00:15:15.313499Z,1788135315195,SKRUSDT,Buy,7880,0.021913,"{""T"":1788135315195,""s"":""SKRUSDT"",""S"":""Buy"",""v"":""7880"",""p"":""0.021913""}"
2026-08-31T00:15:15.313499Z,1788135315202,SKRUSDT,Buy,32430,0.021989,"{""T"":1788135315202,""s"":""SKRUSDT"",""S"":""Buy"",""v"":""32430"",""p"":""0.021989""}"
2026-08-31T00:15:17.313210Z,1788135316912,SKRUSDT,Buy,230,0.021788,"{""T"":1788135316912,""s"":""SKRUSDT"",""S"":""Buy"",""v"":""230"",""p"":""0.021788""}"
2026-08-31T00:15:17.813189Z,1788135317526,SKRUSDT,Buy,10530,0.021669,"{""T"":1788135317526,""s"":""SKRUSDT"",""S"":""Buy"",""v"":""10530"",""p"":""0.021669""}"
2026-08-31T00:15:17.813189Z,1788135317554,SKRUSDT,Buy,3060,0.021746,"{""T"":1788135317554,""s"":""SKRUSDT"",""S"":""Buy"",""v"":""3060"",""p"":""0.021746""}"
2026-08-31T00:15:18.313349Z,1788135317877,SKRUSDT,Buy,97100,0.021696,"{""T"":1788135317877,""s"":""SKRUSDT"",""S"":""Buy"",""v"":""97100"",""p"":""0.021696""}"
2026-08-31T00:15:18.313349Z,1788135318133,SKRUSDT,Buy,40250,0.021734,"{""T"":1788135318133,""s"":""SKRUSDT"",""S"":""Buy"",""v"":""40250"",""p"":""0.021734""}"
2026-08-31T00:15:18.313349Z,1788135318152,SKRUSDT,Buy,42440,0.021700,"{""T"":1788135318152,""s"":""SKRUSDT"",""S"":""Buy"",""v"":""42440"",""p"":""0.021700""}"
2026-08-31T00:15:18.329320Z,1788135317876,NIULAIUSDT,Buy,17720,0.09679,"{""T"":1788135317876,""s"":""NIULAIUSDT"",""S"":""Buy"",""v"":""17720"",""p"":""0.09679""}"
2026-08-31T00:15:18.329821Z,1788135317877,ZKCUSDT,Buy,33741.4,0.05541,"{""T"":1788135317877,""s"":""ZKCUSDT"",""S"":""Buy"",""v"":""33741.4"",""p"":""0.05541""}"
2026-08-31T00:15:18.348380Z,1788135317876,UAIUSDT,Buy,5678,0.38030,"{""T"":1788135317876,""s"":""UAIUSDT"",""S"":""Buy"",""v"":""5678"",""p"":""0.38030""}"
2026-08-31T00:15:18.486658Z,1788135318104,MAGMAUSDT,Buy,470,0.33750,"{""T"":1788135318104,""s"":""MAGMAUSDT"",""S"":""Buy"",""v"":""470"",""p"":""0.33750""}"
2026-08-31T00:15:18.813331Z,1788135318376,SKRUSDT,Buy,260,0.021660,"{""T"":1788135318376,""s"":""SKRUSDT"",""S"":""Buy"",""v"":""260"",""p"":""0.021660""}"
2026-08-31T00:15:19.313146Z,1788135318914,SKRUSDT,Buy,870,0.021639,"{""T"":1788135318914,""s"":""SKRUSDT"",""S"":""Buy"",""v"":""870"",""p"":""0.021639""}"
2026-08-31T00:15:19.313146Z,1788135318945,SKRUSDT,Buy,57520,0.021667,"{""T"":1788135318945,""s"":""SKRUSDT"",""S"":""Buy"",""v"":""57520"",""p"":""0.021667""}"
2026-08-31T00:15:19.329668Z,1788135318945,NIULAIUSDT,Buy,13190,0.09676,"{""T"":1788135318945,""s"":""NIULAIUSDT"",""S"":""Buy"",""v"":""13190"",""p"":""0.09676""}"
2026-08-31T00:15:19.330057Z,1788135318945,ZKCUSDT,Buy,23507.2,0.05530,"{""T"":1788135318945,""s"":""ZKCUSDT"",""S"":""Buy"",""v"":""23507.2"",""p"":""0.05530""}"
2026-08-31T00:15:19.813156Z,1788135319575,SKRUSDT,Buy,8620,0.021492,"{""T"":1788135319575,""s"":""SKRUSDT"",""S"":""Buy"",""v"":""8620"",""p"":""0.021492""}"
2026-08-31T00:15:19.813156Z,1788135319634,SKRUSDT,Buy,820,0.021613,"{""T"":1788135319634,""s"":""SKRUSDT"",""S"":""Buy"",""v"":""820"",""p"":""0.021613""}"
2026-08-31T00:15:19.813156Z,1788135319686,SKRUSDT,Buy,116180,0.021538,"{""T"":1788135319686,""s"":""SKRUSDT"",""S"":""Buy"",""v"":""116180"",""p"":""0.021538""}"
2026-08-31T00:15:20.313263Z,1788135319910,SKRUSDT,Buy,8420,0.021502,"{""T"":1788135319910,""s"":""SKRUSDT"",""S"":""Buy"",""v"":""8420"",""p"":""0.021502""}"
2026-08-31T00:15:20.813893Z,1788135320234,SKRUSDT,Buy,3040,0.021594,"{""T"":1788135320234,""s"":""SKRUSDT"",""S"":""Buy"",""v"":""3040"",""p"":""0.021594""}"
2026-08-31T00:15:20.813893Z,1788135320279,SKRUSDT,Buy,39100,0.021536,"{""T"":1788135320279,""s"":""SKRUSDT"",""S"":""Buy"",""v"":""39100"",""p"":""0.021536""}"
2026-08-31T00:15:20.813893Z,1788135320568,SKRUSDT,Buy,20640,0.021627,"{""T"":1788135320568,""s"":""SKRUSDT"",""S"":""Buy"",""v"":""20640"",""p"":""0.021627""}"
2026-08-31T00:15:20.837607Z,1788135320666,HNTUSDT,Sell,400.00,0.8629,"{""T"":1788135320666,""s"":""HNTUSDT"",""S"":""Sell"",""v"":""400.00"",""p"":""0.8629""}"
2026-08-31T00:15:23.337768Z,1788135322908,HNTUSDT,Sell,35.66,0.8646,"{""T"":1788135322908,""s"":""HNTUSDT"",""S"":""Sell"",""v"":""35.66"",""p"":""0.8646""}"
2026-08-31T00:15:26.486686Z,1788135326357,TNSRUSDT,Buy,6234.0,0.03541,"{""T"":1788135326357,""s"":""TNSRUSDT"",""S"":""Buy"",""v"":""6234.0"",""p"":""0.03541""}"
2026-08-31T00:15:28.837616Z,1788135328278,HNTUSDT,Sell,21.16,0.8699,"{""T"":1788135328278,""s"":""HNTUSDT"",""S"":""Sell"",""v"":""21.16"",""p"":""0.8699""}"
2026-08-31T00:16:17.955804Z,1788135377647,ETHUSDT,Sell,0.49,2432.14,"{""T"":1788135377647,""s"":""ETHUSDT"",""S"":""Sell"",""v"":""0.49"",""p"":""2432.14""}"
2026-08-31T00:16:18.566408Z,1788135378302,BTCUSDT,Sell,0.001,78033.90,"{""T"":1788135378302,""s"":""BTCUSDT"",""S"":""Sell"",""v"":""0.001"",""p"":""78033.90""}"
2026-08-31T00:16:21.456247Z,1788135380928,ETHUSDT,Sell,0.40,2432.58,"{""T"":1788135380928,""s"":""ETHUSDT"",""S"":""Sell"",""v"":""0.40"",""p"":""2432.58""}"
2026-08-31T00:16:21.813253Z,1788135381672,SKRUSDT,Sell,880,0.023294,"{""T"":1788135381672,""s"":""SKRUSDT"",""S"":""Sell"",""v"":""880"",""p"":""0.023294""}"
2026-08-31T00:16:23.062912Z,1788135382869,SOLUSDT,Sell,6.4,102.430,"{""T"":1788135382869,""s"":""SOLUSDT"",""S"":""Sell"",""v"":""6.4"",""p"":""102.430""}"
2026-08-31T00:16:24.066928Z,1788135383661,BTCUSDT,Sell,0.003,78064.00,"{""T"":1788135383661,""s"":""BTCUSDT"",""S"":""Sell"",""v"":""0.003"",""p"":""78064.00""}"
2026-08-31T00:16:29.065787Z,1788135388649,BTCUSDT,Sell,0.069,78082.10,"{""T"":1788135388649,""s"":""BTCUSDT"",""S"":""Sell"",""v"":""0.069"",""p"":""78082.10""}"
2026-08-31T00:16:33.990741Z,1788135393548,SNDKUSDT,Sell,0.72,1474.06,"{""T"":1788135393548,""s"":""SNDKUSDT"",""S"":""Sell"",""v"":""0.72"",""p"":""1474.06""}"
2026-08-31T00:16:36.813298Z,1788135396244,SKRUSDT,Sell,10270,0.023515,"{""T"":1788135396244,""s"":""SKRUSDT"",""S"":""Sell"",""v"":""10270"",""p"":""0.023515""}"
2026-08-31T00:16:38.829383Z,1788135398411,NIULAIUSDT,Sell,3600,0.10347,"{""T"":1788135398411,""s"":""NIULAIUSDT"",""S"":""Sell"",""v"":""3600"",""p"":""0.10347""}"
2026-08-31T00:16:47.455605Z,1788135407121,ETHUSDT,Sell,0.02,2434.59,"{""T"":1788135407121,""s"":""ETHUSDT"",""S"":""Sell"",""v"":""0.02"",""p"":""2434.59""}"
2026-08-31T00:16:55.066112Z,1788135414872,BTCUSDT,Sell,0.014,78106.90,"{""T"":1788135414872,""s"":""BTCUSDT"",""S"":""Sell"",""v"":""0.014"",""p"":""78106.90""}"
2026-08-31T00:16:55.566035Z,1788135415060,BTCUSDT,Sell,0.003,78105.90,"{""T"":1788135415060,""s"":""BTCUSDT"",""S"":""Sell"",""v"":""0.003"",""p"":""78105.90""}"
2026-08-31T00:17:02.813232Z,1788135422719,SKRUSDT,Sell,1120,0.023770,"{""T"":1788135422719,""s"":""SKRUSDT"",""S"":""Sell"",""v"":""1120"",""p"":""0.023770""}"
2026-08-31T00:17:10.813054Z,1788135430610,SKRUSDT,Sell,1320,0.023888,"{""T"":1788135430610,""s"":""SKRUSDT"",""S"":""Sell"",""v"":""1320"",""p"":""0.023888""}"
2026-08-31T00:17:11.313083Z,1788135430810,SKRUSDT,Sell,6210,0.023901,"{""T"":1788135430810,""s"":""SKRUSDT"",""S"":""Sell"",""v"":""6210"",""p"":""0.023901""}"
2026-08-31T00:17:12.066171Z,1788135431490,BTCUSDT,Sell,0.001,78111.50,"{""T"":1788135431490,""s"":""BTCUSDT"",""S"":""Sell"",""v"":""0.001"",""p"":""78111.50""}"
2026-08-31T00:17:12.415564Z,1788135431857,UNIUSDT,Sell,12.8,5.212,"{""T"":1788135431857,""s"":""UNIUSDT"",""S"":""Sell"",""v"":""12.8"",""p"":""5.212""}"
2026-08-31T00:17:13.062888Z,1788135432924,SOLUSDT,Sell,50.1,102.530,"{""T"":1788135432924,""s"":""SOLUSDT"",""S"":""Sell"",""v"":""50.1"",""p"":""102.530""}"
2026-08-31T00:17:13.414297Z,1788135432925,1000PEPEUSDT,Sell,2101400,0.0034670,"{""T"":1788135432925,""s"":""1000PEPEUSDT"",""S"":""Sell"",""v"":""2101400"",""p"":""0.0034670""}"
2026-08-31T00:17:13.462942Z,1788135432924,ETHUSDT,Sell,3.10,2436.90,"{""T"":1788135432924,""s"":""ETHUSDT"",""S"":""Sell"",""v"":""3.10"",""p"":""2436.90""}"
2026-08-31T00:17:13.563157Z,1788135433255,SOLUSDT,Sell,0.4,102.530,"{""T"":1788135433255,""s"":""SOLUSDT"",""S"":""Sell"",""v"":""0.4"",""p"":""102.530""}"
2026-08-31T00:17:19.329841Z,1788135438839,NIULAIUSDT,Sell,1090,0.10370,"{""T"":1788135438839,""s"":""NIULAIUSDT"",""S"":""Sell"",""v"":""1090"",""p"":""0.10370""}"
2026-08-31T00:17:23.566123Z,1788135443434,BTCUSDT,Sell,0.004,78117.30,"{""T"":1788135443434,""s"":""BTCUSDT"",""S"":""Sell"",""v"":""0.004"",""p"":""78117.30""}"
2026-08-31T00:17:27.329606Z,1788135447107,NIULAIUSDT,Sell,1160,0.10384,"{""T"":1788135447107,""s"":""NIULAIUSDT"",""S"":""Sell"",""v"":""1160"",""p"":""0.10384""}"
2026-08-31T00:17:27.563745Z,1788135447107,SOLUSDT,Sell,20.5,102.540,"{""T"":1788135447107,""s"":""SOLUSDT"",""S"":""Sell"",""v"":""20.5"",""p"":""102.540""}"
2026-08-31T00:18:04.329175Z,1788135484032,NIULAIUSDT,Sell,740,0.10461,"{""T"":1788135484032,""s"":""NIULAIUSDT"",""S"":""Sell"",""v"":""740"",""p"":""0.10461""}"
2026-08-31T00:19:51.414397Z,1788135590888,ARBUSDT,Sell,60.6,0.08599,"{""T"":1788135590888,""s"":""ARBUSDT"",""S"":""Sell"",""v"":""60.6"",""p"":""0.08599""}"
2026-08-31T00:20:01.135927Z,1788135600552,4USDT,Buy,267,0.012734,"{""T"":1788135600552,""s"":""4USDT"",""S"":""Buy"",""v"":""267"",""p"":""0.012734""}"
2026-08-31T00:20:10.313470Z,1788135609757,SKRUSDT,Sell,8050,0.023723,"{""T"":1788135609757,""s"":""SKRUSDT"",""S"":""Sell"",""v"":""8050"",""p"":""0.023723""}"
2026-08-31T00:20:11.313145Z,1788135611226,SKRUSDT,Sell,68330,0.023800,"{""T"":1788135611226,""s"":""SKRUSDT"",""S"":""Sell"",""v"":""68330"",""p"":""0.023800""}"
2026-08-31T00:20:13.313458Z,1788135612928,SKRUSDT,Sell,2060,0.024011,"{""T"":1788135612928,""s"":""SKRUSDT"",""S"":""Sell"",""v"":""2060"",""p"":""0.024011""}"
2026-08-31T00:20:15.313169Z,1788135615219,SKRUSDT,Sell,520,0.024037,"{""T"":1788135615219,""s"":""SKRUSDT"",""S"":""Sell"",""v"":""520"",""p"":""0.024037""}"
2026-08-31T00:20:18.135735Z,1788135617758,4USDT,Buy,347,0.012686,"{""T"":1788135617758,""s"":""4USDT"",""S"":""Buy"",""v"":""347"",""p"":""0.012686""}"
2026-08-31T00:20:18.329221Z,1788135617857,NIULAIUSDT,Sell,100,0.10552,"{""T"":1788135617857,""s"":""NIULAIUSDT"",""S"":""Sell"",""v"":""100"",""p"":""0.10552""}"
2026-08-31T00:20:25.563167Z,1788135625100,SOLUSDT,Sell,0.7,102.640,"{""T"":1788135625100,""s"":""SOLUSDT"",""S"":""Sell"",""v"":""0.7"",""p"":""102.640""}"
2026-08-31T00:20:27.313110Z,1788135626945,SKRUSDT,Sell,5850,0.024266,"{""T"":1788135626945,""s"":""SKRUSDT"",""S"":""Sell"",""v"":""5850"",""p"":""0.024266""}"
2026-08-31T00:20:27.313110Z,1788135627203,SKRUSDT,Sell,1030,0.024179,"{""T"":1788135627203,""s"":""SKRUSDT"",""S"":""Sell"",""v"":""1030"",""p"":""0.024179""}"
2026-08-31T00:20:27.813248Z,1788135627320,SKRUSDT,Sell,8280,0.024150,"{""T"":1788135627320,""s"":""SKRUSDT"",""S"":""Sell"",""v"":""8280"",""p"":""0.024150""}"
2026-08-31T00:20:32.065949Z,1788135631958,BTCUSDT,Sell,0.012,78139.60,"{""T"":1788135631958,""s"":""BTCUSDT"",""S"":""Sell"",""v"":""0.012"",""p"":""78139.60""}"
2026-08-31T00:20:35.566077Z,1788135635479,BTCUSDT,Sell,0.020,78145.70,"{""T"":1788135635479,""s"":""BTCUSDT"",""S"":""Sell"",""v"":""0.020"",""p"":""78145.70""}"
2026-08-31T00:20:45.829503Z,1788135645427,NIULAIUSDT,Sell,18990,0.10664,"{""T"":1788135645427,""s"":""NIULAIUSDT"",""S"":""Sell"",""v"":""18990"",""p"":""0.10664""}"
2026-08-31T00:20:46.329294Z,1788135646092,NIULAIUSDT,Sell,400,0.10663,"{""T"":1788135646092,""s"":""NIULAIUSDT"",""S"":""Sell"",""v"":""400"",""p"":""0.10663""}"
2026-08-31T00:21:08.997083Z,1788135668791,PENGUUSDT,Sell,167180,0.008715,"{""T"":1788135668791,""s"":""PENGUUSDT"",""S"":""Sell"",""v"":""167180"",""p"":""0.008715""}"
2026-08-31T00:21:10.414503Z,1788135670018,DOGEUSDT,Sell,63,0.08288,"{""T"":1788135670018,""s"":""DOGEUSDT"",""S"":""Sell"",""v"":""63"",""p"":""0.08288""}"
2026-08-31T00:21:18.328902Z,1788135678201,ZKCUSDT,Sell,1179.7,0.05883,"{""T"":1788135678201,""s"":""ZKCUSDT"",""S"":""Sell"",""v"":""1179.7"",""p"":""0.05883""}"
2026-08-31T00:23:24.996718Z,1788135804710,STXUSDT,Sell,22.0,0.23870,"{""T"":1788135804710,""s"":""STXUSDT"",""S"":""Sell"",""v"":""22.0"",""p"":""0.23870""}"
2026-08-31T00:24:30.329219Z,1788135870047,NIULAIUSDT,Sell,430,0.10683,"{""T"":1788135870047,""s"":""NIULAIUSDT"",""S"":""Sell"",""v"":""430"",""p"":""0.10683""}"
2026-08-31T00:24:30.337376Z,1788135870047,XRPUSDT,Sell,11.4,1.3705,"{""T"":1788135870047,""s"":""XRPUSDT"",""S"":""Sell"",""v"":""11.4"",""p"":""1.3705""}"
2026-08-31T00:24:31.829095Z,1788135871629,NIULAIUSDT,Sell,2040,0.10699,"{""T"":1788135871629,""s"":""NIULAIUSDT"",""S"":""Sell"",""v"":""2040"",""p"":""0.10699""}"
2026-08-31T00:24:41.135810Z,1788135880572,HEMIUSDT,Buy,12038,0.013367,"{""T"":1788135880572,""s"":""HEMIUSDT"",""S"":""Buy"",""v"":""12038"",""p"":""0.013367""}"
2026-08-31T00:24:42.635647Z,1788135882404,HEMIUSDT,Buy,408,0.013275,"{""T"":1788135882404,""s"":""HEMIUSDT"",""S"":""Buy"",""v"":""408"",""p"":""0.013275""}"
2026-08-31T00:24:42.813418Z,1788135882403,SKRUSDT,Buy,230,0.022695,"{""T"":1788135882403,""s"":""SKRUSDT"",""S"":""Buy"",""v"":""230"",""p"":""0.022695""}"
2026-08-31T00:24:42.825842Z,1788135882403,FARTCOINUSDT,Sell,34,0.17709,"{""T"":1788135882403,""s"":""FARTCOINUSDT"",""S"":""Sell"",""v"":""34"",""p"":""0.17709""}"
2026-08-31T00:24:42.829370Z,1788135882404,ZKCUSDT,Buy,99.7,0.05586,"{""T"":1788135882404,""s"":""ZKCUSDT"",""S"":""Buy"",""v"":""99.7"",""p"":""0.05586""}"
2026-08-31T00:24:42.849010Z,1788135882403,BTRUSDT,Sell,37,0.16503,"{""T"":1788135882403,""s"":""BTRUSDT"",""S"":""Sell"",""v"":""37"",""p"":""0.16503""}"
2026-08-31T00:25:20.635583Z,1788135920096,HEMIUSDT,Buy,21570,0.012935,"{""T"":1788135920096,""s"":""HEMIUSDT"",""S"":""Buy"",""v"":""21570"",""p"":""0.012935""}"
2026-08-31T00:25:20.635583Z,1788135920156,HEMIUSDT,Buy,14447,0.012961,"{""T"":1788135920156,""s"":""HEMIUSDT"",""S"":""Buy"",""v"":""14447"",""p"":""0.012961""}"
2026-08-31T00:26:17.316876Z,1788135976851,SKRUSDT,Buy,12180,0.022175,"{""T"":1788135976851,""s"":""SKRUSDT"",""S"":""Buy"",""v"":""12180"",""p"":""0.022175""}"
2026-08-31T00:26:26.313355Z,1788135986166,SKRUSDT,Buy,4210,0.021979,"{""T"":1788135986166,""s"":""SKRUSDT"",""S"":""Buy"",""v"":""4210"",""p"":""0.021979""}"
2026-08-31T00:26:35.986744Z,1788135995533,MAGMAUSDT,Buy,50,0.33640,"{""T"":1788135995533,""s"":""MAGMAUSDT"",""S"":""Buy"",""v"":""50"",""p"":""0.33640""}"
2026-08-31T00:26:46.313467Z,1788136006182,SKRUSDT,Buy,510,0.021845,"{""T"":1788136006182,""s"":""SKRUSDT"",""S"":""Buy"",""v"":""510"",""p"":""0.021845""}"
2026-08-31T00:26:57.313274Z,1788136017104,SKRUSDT,Buy,230,0.021731,"{""T"":1788136017104,""s"":""SKRUSDT"",""S"":""Buy"",""v"":""230"",""p"":""0.021731""}"
2026-08-31T00:26:58.986671Z,1788136018541,MAGMAUSDT,Buy,48,0.33510,"{""T"":1788136018541,""s"":""MAGMAUSDT"",""S"":""Buy"",""v"":""48"",""p"":""0.33510""}"
2026-08-31T00:27:07.135602Z,1788136026895,HEMIUSDT,Sell,1991,0.014004,"{""T"":1788136026895,""s"":""HEMIUSDT"",""S"":""Sell"",""v"":""1991"",""p"":""0.014004""}"
2026-08-31T00:27:16.329183Z,1788136036131,ZKCUSDT,Buy,1626.0,0.05490,"{""T"":1788136036131,""s"":""ZKCUSDT"",""S"":""Buy"",""v"":""1626.0"",""p"":""0.05490""}"
2026-08-31T00:28:11.329535Z,1788136091108,ZKCUSDT,Buy,615.6,0.05456,"{""T"":1788136091108,""s"":""ZKCUSDT"",""S"":""Buy"",""v"":""615.6"",""p"":""0.05456""}"
2026-08-31T00:29:46.136092Z,1788136185691,4USDT,Buy,1,0.012421,"{""T"":1788136185691,""s"":""4USDT"",""S"":""Buy"",""v"":""1"",""p"":""0.012421""}"
2026-08-31T00:30:25.136547Z,1788136224691,HEMIUSDT,Sell,724,0.014592,"{""T"":1788136224691,""s"":""HEMIUSDT"",""S"":""Sell"",""v"":""724"",""p"":""0.014592""}"
2026-08-31T00:30:52.636424Z,1788136252215,AUCTIONUSDT,Buy,1.3,3.557,"{""T"":1788136252215,""s"":""AUCTIONUSDT"",""S"":""Buy"",""v"":""1.3"",""p"":""3.557""}"
2026-08-31T00:30:56.135373Z,1788136255873,AUCTIONUSDT,Buy,13.3,3.554,"{""T"":1788136255873,""s"":""AUCTIONUSDT"",""S"":""Buy"",""v"":""13.3"",""p"":""3.554""}"
2026-08-31T00:31:11.338111Z,1788136271175,HNTUSDT,Buy,18.23,0.7624,"{""T"":1788136271175,""s"":""HNTUSDT"",""S"":""Buy"",""v"":""18.23"",""p"":""0.7624""}"
2026-08-31T00:31:19.338265Z,1788136279207,HNTUSDT,Buy,15.46,0.7585,"{""T"":1788136279207,""s"":""HNTUSDT"",""S"":""Buy"",""v"":""15.46"",""p"":""0.7585""}"
2026-08-31T00:31:19.837804Z,1788136279298,HNTUSDT,Buy,6.14,0.7596,"{""T"":1788136279298,""s"":""HNTUSDT"",""S"":""Buy"",""v"":""6.14"",""p"":""0.7596""}"
2026-08-31T00:31:21.838371Z,1788136281404,HNTUSDT,Buy,4860.04,0.7583,"{""T"":1788136281404,""s"":""HNTUSDT"",""S"":""Buy"",""v"":""4860.04"",""p"":""0.7583""}"
2026-08-31T00:31:22.837603Z,1788136282605,HNTUSDT,Buy,42.51,0.7563,"{""T"":1788136282605,""s"":""HNTUSDT"",""S"":""Buy"",""v"":""42.51"",""p"":""0.7563""}"
2026-08-31T00:31:23.337531Z,1788136283223,HNTUSDT,Buy,109.84,0.7558,"{""T"":1788136283223,""s"":""HNTUSDT"",""S"":""Buy"",""v"":""109.84"",""p"":""0.7558""}"
2026-08-31T00:31:23.837679Z,1788136283293,HNTUSDT,Buy,207.07,0.7570,"{""T"":1788136283293,""s"":""HNTUSDT"",""S"":""Buy"",""v"":""207.07"",""p"":""0.7570""}"
2026-08-31T00:31:23.837679Z,1788136283341,HNTUSDT,Buy,0.57,0.7530,"{""T"":1788136283341,""s"":""HNTUSDT"",""S"":""Buy"",""v"":""0.57"",""p"":""0.7530""}"
2026-08-31T00:31:23.837679Z,1788136283384,HNTUSDT,Buy,162.35,0.7541,"{""T"":1788136283384,""s"":""HNTUSDT"",""S"":""Buy"",""v"":""162.35"",""p"":""0.7541""}"
2026-08-31T00:31:23.837679Z,1788136283417,HNTUSDT,Buy,107.56,0.7563,"{""T"":1788136283417,""s"":""HNTUSDT"",""S"":""Buy"",""v"":""107.56"",""p"":""0.7563""}"
2026-08-31T00:31:24.837549Z,1788136284723,HNTUSDT,Buy,0.11,0.7495,"{""T"":1788136284723,""s"":""HNTUSDT"",""S"":""Buy"",""v"":""0.11"",""p"":""0.7495""}"
2026-08-31T00:32:05.837848Z,1788136325685,HNTUSDT,Buy,319.84,0.7444,"{""T"":1788136325685,""s"":""HNTUSDT"",""S"":""Buy"",""v"":""319.84"",""p"":""0.7444""}"
2026-08-31T00:32:05.837848Z,1788136325698,HNTUSDT,Buy,986.45,0.7459,"{""T"":1788136325698,""s"":""HNTUSDT"",""S"":""Buy"",""v"":""986.45"",""p"":""0.7459""}"
2026-08-31T00:32:05.837848Z,1788136325705,HNTUSDT,Buy,1110.69,0.7450,"{""T"":1788136325705,""s"":""HNTUSDT"",""S"":""Buy"",""v"":""1110.69"",""p"":""0.7450""}"
2026-08-31T00:32:06.337691Z,1788136325780,HNTUSDT,Buy,737.53,0.7426,"{""T"":1788136325780,""s"":""HNTUSDT"",""S"":""Buy"",""v"":""737.53"",""p"":""0.7426""}"
2026-08-31T00:32:06.337691Z,1788136326071,HNTUSDT,Buy,0.09,0.7435,"{""T"":1788136326071,""s"":""HNTUSDT"",""S"":""Buy"",""v"":""0.09"",""p"":""0.7435""}"
2026-08-31T00:32:06.837573Z,1788136326363,HNTUSDT,Buy,28.83,0.7450,"{""T"":1788136326363,""s"":""HNTUSDT"",""S"":""Buy"",""v"":""28.83"",""p"":""0.7450""}"
2026-08-31T00:32:06.837573Z,1788136326420,HNTUSDT,Buy,36.25,0.7449,"{""T"":1788136326420,""s"":""HNTUSDT"",""S"":""Buy"",""v"":""36.25"",""p"":""0.7449""}"
2026-08-31T00:32:07.338325Z,1788136326937,HNTUSDT,Buy,74.33,0.7349,"{""T"":1788136326937,""s"":""HNTUSDT"",""S"":""Buy"",""v"":""74.33"",""p"":""0.7349""}"
2026-08-31T00:32:17.837676Z,1788136337463,HNTUSDT,Buy,1693.10,0.7272,"{""T"":1788136337463,""s"":""HNTUSDT"",""S"":""Buy"",""v"":""1693.10"",""p"":""0.7272""}"
2026-08-31T00:32:17.837676Z,1788136337563,HNTUSDT,Buy,6073.20,0.7256,"{""T"":1788136337563,""s"":""HNTUSDT"",""S"":""Buy"",""v"":""6073.20"",""p"":""0.7256""}"
2026-08-31T00:32:17.837676Z,1788136337695,HNTUSDT,Buy,16.28,0.7275,"{""T"":1788136337695,""s"":""HNTUSDT"",""S"":""Buy"",""v"":""16.28"",""p"":""0.7275""}"
2026-08-31T00:32:17.837676Z,1788136337725,HNTUSDT,Buy,302.69,0.7233,"{""T"":1788136337725,""s"":""HNTUSDT"",""S"":""Buy"",""v"":""302.69"",""p"":""0.7233""}"
2026-08-31T00:32:17.837676Z,1788136337731,HNTUSDT,Buy,4000.00,0.7211,"{""T"":1788136337731,""s"":""HNTUSDT"",""S"":""Buy"",""v"":""4000.00"",""p"":""0.7211""}"
2026-08-31T00:32:17.837676Z,1788136337734,HNTUSDT,Buy,0.05,0.7190,"{""T"":1788136337734,""s"":""HNTUSDT"",""S"":""Buy"",""v"":""0.05"",""p"":""0.7190""}"
2026-08-31T00:32:19.337731Z,1788136339092,HNTUSDT,Buy,13000.00,0.7184,"{""T"":1788136339092,""s"":""HNTUSDT"",""S"":""Buy"",""v"":""13000.00"",""p"":""0.7184""}"
2026-08-31T00:32:19.837665Z,1788136339585,HNTUSDT,Buy,1901.06,0.7187,"{""T"":1788136339585,""s"":""HNTUSDT"",""S"":""Buy"",""v"":""1901.06"",""p"":""0.7187""}"
2026-08-31T00:32:22.860259Z,1788136342412,ZKPUSDT,Sell,2719,0.05553,"{""T"":1788136342412,""s"":""ZKPUSDT"",""S"":""Sell"",""v"":""2719"",""p"":""0.05553""}"
2026-08-31T00:32:23.337793Z,1788136343040,HNTUSDT,Buy,467.66,0.7106,"{""T"":1788136343040,""s"":""HNTUSDT"",""S"":""Buy"",""v"":""467.66"",""p"":""0.7106""}"
2026-08-31T00:32:23.337793Z,1788136343186,HNTUSDT,Buy,1769.18,0.7134,"{""T"":1788136343186,""s"":""HNTUSDT"",""S"":""Buy"",""v"":""1769.18"",""p"":""0.7134""}"
2026-08-31T00:32:24.337544Z,1788136343774,HNTUSDT,Buy,0.83,0.7084,"{""T"":1788136343774,""s"":""HNTUSDT"",""S"":""Buy"",""v"":""0.83"",""p"":""0.7084""}"
2026-08-31T00:32:46.859362Z,1788136366655,ZKPUSDT,Sell,1006,0.05620,"{""T"":1788136366655,""s"":""ZKPUSDT"",""S"":""Sell"",""v"":""1006"",""p"":""0.05620""}"
2026-08-31T00:32:49.859238Z,1788136369748,ZKPUSDT,Sell,2860,0.05644,"{""T"":1788136369748,""s"":""ZKPUSDT"",""S"":""Sell"",""v"":""2860"",""p"":""0.05644""}"
2026-08-31T00:33:32.329644Z,1788136412033,NIULAIUSDT,Buy,50,0.09891,"{""T"":1788136412033,""s"":""NIULAIUSDT"",""S"":""Buy"",""v"":""50"",""p"":""0.09891""}"
2026-08-31T00:33:36.824973Z,1788136416690,ZORAUSDT,Sell,17120,0.007799,"{""T"":1788136416690,""s"":""ZORAUSDT"",""S"":""Sell"",""v"":""17120"",""p"":""0.007799""}"
2026-08-31T00:34:17.829706Z,1788136457527,ZKCUSDT,Sell,564.1,0.05921,"{""T"":1788136457527,""s"":""ZKCUSDT"",""S"":""Sell"",""v"":""564.1"",""p"":""0.05921""}"
2026-08-31T00:34:56.329549Z,1788136495950,ZKCUSDT,Sell,168.0,0.06009,"{""T"":1788136495950,""s"":""ZKCUSDT"",""S"":""Sell"",""v"":""168.0"",""p"":""0.06009""}"
2026-08-31T00:34:57.813002Z,1788136497252,SKRUSDT,Sell,90510,0.023503,"{""T"":1788136497252,""s"":""SKRUSDT"",""S"":""Sell"",""v"":""90510"",""p"":""0.023503""}"
2026-08-31T00:35:06.066406Z,1788136505950,BTCUSDT,Sell,0.030,78210.50,"{""T"":1788136505950,""s"":""BTCUSDT"",""S"":""Sell"",""v"":""0.030"",""p"":""78210.50""}"
2026-08-31T00:35:16.566139Z,1788136516091,BTCUSDT,Sell,0.006,78224.20,"{""T"":1788136516091,""s"":""BTCUSDT"",""S"":""Sell"",""v"":""0.006"",""p"":""78224.20""}"
2026-08-31T00:35:24.567385Z,1788136524032,BTCUSDT,Sell,0.200,78335.60,"{""T"":1788136524032,""s"":""BTCUSDT"",""S"":""Sell"",""v"":""0.200"",""p"":""78335.60""}"
2026-08-31T00:35:24.567385Z,1788136524053,BTCUSDT,Sell,0.001,78322.80,"{""T"":1788136524053,""s"":""BTCUSDT"",""S"":""Sell"",""v"":""0.001"",""p"":""78322.80""}"
2026-08-31T00:35:24.567385Z,1788136524141,BTCUSDT,Sell,0.451,78330.10,"{""T"":1788136524141,""s"":""BTCUSDT"",""S"":""Sell"",""v"":""0.451"",""p"":""78330.10""}"
2026-08-31T00:35:24.567385Z,1788136524343,BTCUSDT,Sell,3.849,78302.20,"{""T"":1788136524343,""s"":""BTCUSDT"",""S"":""Sell"",""v"":""3.849"",""p"":""78302.20""}"
2026-08-31T00:35:24.567385Z,1788136524416,BTCUSDT,Sell,0.014,78289.20,"{""T"":1788136524416,""s"":""BTCUSDT"",""S"":""Sell"",""v"":""0.014"",""p"":""78289.20""}"
2026-08-31T00:35:24.567385Z,1788136524474,BTCUSDT,Sell,0.767,78327.80,"{""T"":1788136524474,""s"":""BTCUSDT"",""S"":""Sell"",""v"":""0.767"",""p"":""78327.80""}"
2026-08-31T00:35:25.068159Z,1788136524533,BTCUSDT,Sell,0.031,78268.30,"{""T"":1788136524533,""s"":""BTCUSDT"",""S"":""Sell"",""v"":""0.031"",""p"":""78268.30""}"
2026-08-31T00:35:25.068159Z,1788136524696,BTCUSDT,Sell,0.001,78334.50,"{""T"":1788136524696,""s"":""BTCUSDT"",""S"":""Sell"",""v"":""0.001"",""p"":""78334.50""}"
2026-08-31T00:35:25.068159Z,1788136524746,BTCUSDT,Sell,0.140,78312.70,"{""T"":1788136524746,""s"":""BTCUSDT"",""S"":""Sell"",""v"":""0.140"",""p"":""78312.70""}"
2026-08-31T00:35:25.068159Z,1788136524958,BTCUSDT,Sell,0.023,78317.80,"{""T"":1788136524958,""s"":""BTCUSDT"",""S"":""Sell"",""v"":""0.023"",""p"":""78317.80""}"
2026-08-31T00:35:26.956494Z,1788136526592,ETHUSDT,Sell,0.40,2443.14,"{""T"":1788136526592,""s"":""ETHUSDT"",""S"":""Sell"",""v"":""0.40"",""p"":""2443.14""}"
2026-08-31T00:35:26.956494Z,1788136526723,ETHUSDT,Sell,0.02,2442.67,"{""T"":1788136526723,""s"":""ETHUSDT"",""S"":""Sell"",""v"":""0.02"",""p"":""2442.67""}"
2026-08-31T00:35:27.066482Z,1788136526723,BTCUSDT,Sell,0.004,78339.90,"{""T"":1788136526723,""s"":""BTCUSDT"",""S"":""Sell"",""v"":""0.004"",""p"":""78339.90""}"
2026-08-31T00:35:27.955737Z,1788136527674,ETHUSDT,Sell,0.10,2443.45,"{""T"":1788136527674,""s"":""ETHUSDT"",""S"":""Sell"",""v"":""0.10"",""p"":""2443.45""}"
2026-08-31T00:35:27.955737Z,1788136527684,ETHUSDT,Sell,0.01,2443.55,"{""T"":1788136527684,""s"":""ETHUSDT"",""S"":""Sell"",""v"":""0.01"",""p"":""2443.55""}"
2026-08-31T00:35:29.065999Z,1788136528765,BTCUSDT,Sell,0.094,78357.50,"{""T"":1788136528765,""s"":""BTCUSDT"",""S"":""Sell"",""v"":""0.094"",""p"":""78357.50""}"
2026-08-31T00:35:38.337648Z,1788136537829,HNTUSDT,Sell,3542.09,0.7972,"{""T"":1788136537829,""s"":""HNTUSDT"",""S"":""Sell"",""v"":""3542.09"",""p"":""0.7972""}"
2026-08-31T00:36:43.565879Z,1788136603211,BTCUSDT,Sell,0.023,78373.60,"{""T"":1788136603211,""s"":""BTCUSDT"",""S"":""Sell"",""v"":""0.023"",""p"":""78373.60""}"
2026-08-31T00:36:44.063649Z,1788136603584,SOLUSDT,Sell,0.3,102.970,"{""T"":1788136603584,""s"":""SOLUSDT"",""S"":""Sell"",""v"":""0.3"",""p"":""102.970""}"
2026-08-31T00:36:48.313325Z,1788136608126,SKRUSDT,Sell,11050,0.023529,"{""T"":1788136608126,""s"":""SKRUSDT"",""S"":""Sell"",""v"":""11050"",""p"":""0.023529""}"
2026-08-31T00:36:48.837900Z,1788136608742,XRPUSDT,Sell,293.7,1.3760,"{""T"":1788136608742,""s"":""XRPUSDT"",""S"":""Sell"",""v"":""293.7"",""p"":""1.3760""}"
2026-08-31T00:36:49.337712Z,1788136608995,XRPUSDT,Sell,61.3,1.3763,"{""T"":1788136608995,""s"":""XRPUSDT"",""S"":""Sell"",""v"":""61.3"",""p"":""1.3763""}"
2026-08-31T00:36:50.414801Z,1788136610072,1000PEPEUSDT,Sell,98300,0.0034770,"{""T"":1788136610072,""s"":""1000PEPEUSDT"",""S"":""Sell"",""v"":""98300"",""p"":""0.0034770""}"
2026-08-31T00:37:10.328748Z,1788136630047,NIULAIUSDT,Sell,510,0.10684,"{""T"":1788136630047,""s"":""NIULAIUSDT"",""S"":""Sell"",""v"":""510"",""p"":""0.10684""}"
2026-08-31T00:38:56.329321Z,1788136736209,NIULAIUSDT,Sell,3480,0.10764,"{""T"":1788136736209,""s"":""NIULAIUSDT"",""S"":""Sell"",""v"":""3480"",""p"":""0.10764""}"
2026-08-31T00:39:12.313260Z,1788136752064,SKRUSDT,Sell,2860,0.024119,"{""T"":1788136752064,""s"":""SKRUSDT"",""S"":""Sell"",""v"":""2860"",""p"":""0.024119""}"
2026-08-31T00:40:10.825568Z,1788136810331,ZORAUSDT,Sell,18310,0.008015,"{""T"":1788136810331,""s"":""ZORAUSDT"",""S"":""Sell"",""v"":""18310"",""p"":""0.008015""}"
2026-08-31T00:42:26.635357Z,1788136946138,HEMIUSDT,Buy,13035,0.013649,"{""T"":1788136946138,""s"":""HEMIUSDT"",""S"":""Buy"",""v"":""13035"",""p"":""0.013649""}"
2026-08-31T00:42:32.837604Z,1788136952267,HNTUSDT,Sell,16.65,0.8069,"{""T"":1788136952267,""s"":""HNTUSDT"",""S"":""Sell"",""v"":""16.65"",""p"":""0.8069""}"
2026-08-31T00:44:01.825036Z,1788137041461,ZORAUSDT,Sell,2590,0.008090,"{""T"":1788137041461,""s"":""ZORAUSDT"",""S"":""Sell"",""v"":""2590"",""p"":""0.008090""}"
2026-08-31T00:46:18.813239Z,1788137178540,SKRUSDT,Sell,35200,0.024145,"{""T"":1788137178540,""s"":""SKRUSDT"",""S"":""Sell"",""v"":""35200"",""p"":""0.024145""}"
2026-08-31T00:46:21.813331Z,1788137181262,SKRUSDT,Sell,3430,0.024160,"{""T"":1788137181262,""s"":""SKRUSDT"",""S"":""Sell"",""v"":""3430"",""p"":""0.024160""}"
2026-08-31T00:46:21.813331Z,1788137181450,SKRUSDT,Sell,1680,0.024271,"{""T"":1788137181450,""s"":""SKRUSDT"",""S"":""Sell"",""v"":""1680"",""p"":""0.024271""}"
2026-08-31T00:46:21.813331Z,1788137181450,SKRUSDT,Sell,4420,0.024275,"{""T"":1788137181450,""s"":""SKRUSDT"",""S"":""Sell"",""v"":""4420"",""p"":""0.024275""}"
2026-08-31T00:46:22.313261Z,1788137181995,SKRUSDT,Sell,170090,0.024220,"{""T"":1788137181995,""s"":""SKRUSDT"",""S"":""Sell"",""v"":""170090"",""p"":""0.024220""}"
2026-08-31T00:46:33.813664Z,1788137193317,SKRUSDT,Sell,17990,0.024406,"{""T"":1788137193317,""s"":""SKRUSDT"",""S"":""Sell"",""v"":""17990"",""p"":""0.024406""}"
2026-08-31T00:46:33.813664Z,1788137193586,SKRUSDT,Sell,4520,0.024317,"{""T"":1788137193586,""s"":""SKRUSDT"",""S"":""Sell"",""v"":""4520"",""p"":""0.024317""}"
2026-08-31T00:46:34.313153Z,1788137193939,SKRUSDT,Sell,10280,0.024298,"{""T"":1788137193939,""s"":""SKRUSDT"",""S"":""Sell"",""v"":""10280"",""p"":""0.024298""}"
2026-08-31T00:46:56.859837Z,1788137216491,ZKPUSDT,Buy,90497,0.05410,"{""T"":1788137216491,""s"":""ZKPUSDT"",""S"":""Buy"",""v"":""90497"",""p"":""0.05410""}"
2026-08-31T00:47:42.456303Z,1788137261905,ETHUSDT,Buy,0.28,2419.53,"{""T"":1788137261905,""s"":""ETHUSDT"",""S"":""Buy"",""v"":""0.28"",""p"":""2419.53""}"
2026-08-31T00:48:10.838628Z,1788137290428,HNTUSDT,Buy,39.11,0.7110,"{""T"":1788137290428,""s"":""HNTUSDT"",""S"":""Buy"",""v"":""39.11"",""p"":""0.7110""}"
2026-08-31T00:49:22.829059Z,1788137362424,NIULAIUSDT,Buy,14800,0.10040,"{""T"":1788137362424,""s"":""NIULAIUSDT"",""S"":""Buy"",""v"":""14800"",""p"":""0.10040""}"
2026-08-31T00:49:22.829059Z,1788137362689,NIULAIUSDT,Buy,60,0.10051,"{""T"":1788137362689,""s"":""NIULAIUSDT"",""S"":""Buy"",""v"":""60"",""p"":""0.10051""}"
2026-08-31T00:50:06.862486Z,1788137406512,ZKPUSDT,Sell,21829,0.05767,"{""T"":1788137406512,""s"":""ZKPUSDT"",""S"":""Sell"",""v"":""21829"",""p"":""0.05767""}"
2026-08-31T00:50:14.135990Z,1788137413993,HEMIUSDT,Sell,50798,0.014217,"{""T"":1788137413993,""s"":""HEMIUSDT"",""S"":""Sell"",""v"":""50798"",""p"":""0.014217""}"
2026-08-31T00:51:14.313371Z,1788137473950,SKRUSDT,Sell,49810,0.024453,"{""T"":1788137473950,""s"":""SKRUSDT"",""S"":""Sell"",""v"":""49810"",""p"":""0.024453""}"
2026-08-31T00:51:15.813417Z,1788137475524,SKRUSDT,Sell,9490,0.024480,"{""T"":1788137475524,""s"":""SKRUSDT"",""S"":""Sell"",""v"":""9490"",""p"":""0.024480""}"
2026-08-31T00:51:34.816759Z,1788137494398,SKRUSDT,Sell,108190,0.024639,"{""T"":1788137494398,""s"":""SKRUSDT"",""S"":""Sell"",""v"":""108190"",""p"":""0.024639""}"
2026-08-31T00:51:34.816759Z,1788137494425,SKRUSDT,Sell,2240,0.024554,"{""T"":1788137494425,""s"":""SKRUSDT"",""S"":""Sell"",""v"":""2240"",""p"":""0.024554""}"
2026-08-31T00:51:34.816759Z,1788137494431,SKRUSDT,Sell,21000,0.024649,"{""T"":1788137494431,""s"":""SKRUSDT"",""S"":""Sell"",""v"":""21000"",""p"":""0.024649""}"
2026-08-31T00:51:34.816759Z,1788137494533,SKRUSDT,Sell,31700,0.024641,"{""T"":1788137494533,""s"":""SKRUSDT"",""S"":""Sell"",""v"":""31700"",""p"":""0.024641""}"
2026-08-31T00:51:35.313292Z,1788137494821,SKRUSDT,Sell,770,0.024631,"{""T"":1788137494821,""s"":""SKRUSDT"",""S"":""Sell"",""v"":""770"",""p"":""0.024631""}"
2026-08-31T00:51:36.313081Z,1788137495828,SKRUSDT,Sell,1540,0.024773,"{""T"":1788137495828,""s"":""SKRUSDT"",""S"":""Sell"",""v"":""1540"",""p"":""0.024773""}"
2026-08-31T00:51:36.313081Z,1788137495963,SKRUSDT,Sell,22900,0.024694,"{""T"":1788137495963,""s"":""SKRUSDT"",""S"":""Sell"",""v"":""22900"",""p"":""0.024694""}"
2026-08-31T00:51:36.813119Z,1788137496492,SKRUSDT,Sell,14280,0.024730,"{""T"":1788137496492,""s"":""SKRUSDT"",""S"":""Sell"",""v"":""14280"",""p"":""0.024730""}"
2026-08-31T00:51:41.813200Z,1788137501478,SKRUSDT,Sell,4020,0.024777,"{""T"":1788137501478,""s"":""SKRUSDT"",""S"":""Sell"",""v"":""4020"",""p"":""0.024777""}"
2026-08-31T00:51:42.313116Z,1788137501853,SKRUSDT,Sell,2800,0.024790,"{""T"":1788137501853,""s"":""SKRUSDT"",""S"":""Sell"",""v"":""2800"",""p"":""0.024790""}"
2026-08-31T00:51:42.313116Z,1788137501933,SKRUSDT,Sell,56610,0.024787,"{""T"":1788137501933,""s"":""SKRUSDT"",""S"":""Sell"",""v"":""56610"",""p"":""0.024787""}"
2026-08-31T00:51:43.813281Z,1788137503233,SKRUSDT,Sell,104460,0.024840,"{""T"":1788137503233,""s"":""SKRUSDT"",""S"":""Sell"",""v"":""104460"",""p"":""0.024840""}"
2026-08-31T00:51:59.816381Z,1788137519378,SKRUSDT,Sell,3530,0.025057,"{""T"":1788137519378,""s"":""SKRUSDT"",""S"":""Sell"",""v"":""3530"",""p"":""0.025057""}"
2026-08-31T00:52:00.313339Z,1788137519840,SKRUSDT,Sell,13070,0.025074,"{""T"":1788137519840,""s"":""SKRUSDT"",""S"":""Sell"",""v"":""13070"",""p"":""0.025074""}"
2026-08-31T00:52:02.813348Z,1788137522398,SKRUSDT,Sell,28960,0.025200,"{""T"":1788137522398,""s"":""SKRUSDT"",""S"":""Sell"",""v"":""28960"",""p"":""0.025200""}"
2026-08-31T00:52:07.813178Z,1788137527625,SKRUSDT,Sell,48150,0.025343,"{""T"":1788137527625,""s"":""SKRUSDT"",""S"":""Sell"",""v"":""48150"",""p"":""0.025343""}"
2026-08-31T00:52:08.328782Z,1788137528048,ZKCUSDT,Sell,158.0,0.05933,"{""T"":1788137528048,""s"":""ZKCUSDT"",""S"":""Sell"",""v"":""158.0"",""p"":""0.05933""}"
2026-08-31T00:52:09.813332Z,1788137529417,SKRUSDT,Sell,570,0.025454,"{""T"":1788137529417,""s"":""SKRUSDT"",""S"":""Sell"",""v"":""570"",""p"":""0.025454""}"
2026-08-31T00:52:56.325505Z,1788137576002,ZORAUSDT,Sell,1290,0.008131,"{""T"":1788137576002,""s"":""ZORAUSDT"",""S"":""Sell"",""v"":""1290"",""p"":""0.008131""}"
2026-08-31T00:53:36.825042Z,1788137616322,ZORAUSDT,Sell,1810,0.008180,"{""T"":1788137616322,""s"":""ZORAUSDT"",""S"":""Sell"",""v"":""1810"",""p"":""0.008180""}"
2026-08-31T00:53:36.825042Z,1788137616452,ZORAUSDT,Sell,2580,0.008220,"{""T"":1788137616452,""s"":""ZORAUSDT"",""S"":""Sell"",""v"":""2580"",""p"":""0.008220""}"
2026-08-31T00:54:26.997340Z,1788137666833,STXUSDT,Sell,172.5,0.24530,"{""T"":1788137666833,""s"":""STXUSDT"",""S"":""Sell"",""v"":""172.5"",""p"":""0.24530""}"
2026-08-31T00:55:16.813737Z,1788137716539,SKRUSDT,Sell,21730,0.025529,"{""T"":1788137716539,""s"":""SKRUSDT"",""S"":""Sell"",""v"":""21730"",""p"":""0.025529""}"
2026-08-31T00:55:17.313263Z,1788137716879,SKRUSDT,Sell,2410,0.025553,"{""T"":1788137716879,""s"":""SKRUSDT"",""S"":""Sell"",""v"":""2410"",""p"":""0.025553""}"
2026-08-31T00:55:19.329346Z,1788137718954,NIULAIUSDT,Buy,2800,0.09939,"{""T"":1788137718954,""s"":""NIULAIUSDT"",""S"":""Buy"",""v"":""2800"",""p"":""0.09939""}"
2026-08-31T00:55:23.313158Z,1788137723022,SKRUSDT,Sell,147360,0.025699,"{""T"":1788137723022,""s"":""SKRUSDT"",""S"":""Sell"",""v"":""147360"",""p"":""0.025699""}"
2026-08-31T00:55:25.313464Z,1788137725068,SKRUSDT,Sell,8940,0.025741,"{""T"":1788137725068,""s"":""SKRUSDT"",""S"":""Sell"",""v"":""8940"",""p"":""0.025741""}"
2026-08-31T00:55:25.313464Z,1788137725068,SKRUSDT,Sell,330,0.025757,"{""T"":1788137725068,""s"":""SKRUSDT"",""S"":""Sell"",""v"":""330"",""p"":""0.025757""}"
2026-08-31T00:55:33.329204Z,1788137733024,NIULAIUSDT,Buy,160,0.09844,"{""T"":1788137733024,""s"":""NIULAIUSDT"",""S"":""Buy"",""v"":""160"",""p"":""0.09844""}"
2026-08-31T00:56:03.313730Z,1788137762855,SKRUSDT,Sell,10000,0.025828,"{""T"":1788137762855,""s"":""SKRUSDT"",""S"":""Sell"",""v"":""10000"",""p"":""0.025828""}"
2026-08-31T00:56:09.825288Z,1788137769386,ZORAUSDT,Sell,551870,0.008214,"{""T"":1788137769386,""s"":""ZORAUSDT"",""S"":""Sell"",""v"":""551870"",""p"":""0.008214""}"
2026-08-31T00:56:11.813207Z,1788137771295,SKRUSDT,Sell,4480,0.025846,"{""T"":1788137771295,""s"":""SKRUSDT"",""S"":""Sell"",""v"":""4480"",""p"":""0.025846""}"
2026-08-31T00:56:13.325142Z,1788137773113,ZORAUSDT,Sell,53050,0.008284,"{""T"":1788137773113,""s"":""ZORAUSDT"",""S"":""Sell"",""v"":""53050"",""p"":""0.008284""}"
2026-08-31T00:56:42.908374Z,1788137802553,CYSUSDT,Sell,73,0.8917,"{""T"":1788137802553,""s"":""CYSUSDT"",""S"":""Sell"",""v"":""73"",""p"":""0.8917""}"
2026-08-31T00:59:24.329908Z,1788137963999,NIULAIUSDT,Buy,1990,0.09781,"{""T"":1788137963999,""s"":""NIULAIUSDT"",""S"":""Buy"",""v"":""1990"",""p"":""0.09781""}"
2026-08-31T01:00:03.329035Z,1788138002841,NIULAIUSDT,Buy,90,0.09674,"{""T"":1788138002841,""s"":""NIULAIUSDT"",""S"":""Buy"",""v"":""90"",""p"":""0.09674""}"
2026-08-31T01:00:31.813377Z,1788138031524,SKRUSDT,Sell,900,0.025590,"{""T"":1788138031524,""s"":""SKRUSDT"",""S"":""Sell"",""v"":""900"",""p"":""0.025590""}"
2026-08-31T01:00:34.313347Z,1788138033735,SKRUSDT,Sell,22870,0.025746,"{""T"":1788138033735,""s"":""SKRUSDT"",""S"":""Sell"",""v"":""22870"",""p"":""0.025746""}"
2026-08-31T01:00:35.313400Z,1788138035087,SKRUSDT,Sell,800,0.025818,"{""T"":1788138035087,""s"":""SKRUSDT"",""S"":""Sell"",""v"":""800"",""p"":""0.025818""}"
2026-08-31T01:00:39.813695Z,1788138039601,SKRUSDT,Sell,1190,0.025894,"{""T"":1788138039601,""s"":""SKRUSDT"",""S"":""Sell"",""v"":""1190"",""p"":""0.025894""}"
2026-08-31T01:00:40.313196Z,1788138039915,SKRUSDT,Sell,260,0.025932,"{""T"":1788138039915,""s"":""SKRUSDT"",""S"":""Sell"",""v"":""260"",""p"":""0.025932""}"
2026-08-31T01:00:40.313196Z,1788138039969,SKRUSDT,Sell,660,0.025995,"{""T"":1788138039969,""s"":""SKRUSDT"",""S"":""Sell"",""v"":""660"",""p"":""0.025995""}"
2026-08-31T01:00:40.313196Z,1788138040008,SKRUSDT,Sell,1040,0.025969,"{""T"":1788138040008,""s"":""SKRUSDT"",""S"":""Sell"",""v"":""1040"",""p"":""0.025969""}"
2026-08-31T01:00:40.813396Z,1788138040350,SKRUSDT,Sell,4850,0.025981,"{""T"":1788138040350,""s"":""SKRUSDT"",""S"":""Sell"",""v"":""4850"",""p"":""0.025981""}"
2026-08-31T01:00:46.486485Z,1788138046280,XAUUSDT,Buy,0.102,4429.90,"{""T"":1788138046280,""s"":""XAUUSDT"",""S"":""Buy"",""v"":""0.102"",""p"":""4429.90""}"
2026-08-31T01:00:48.329001Z,1788138048182,ZKCUSDT,Sell,1239.6,0.05998,"{""T"":1788138048182,""s"":""ZKCUSDT"",""S"":""Sell"",""v"":""1239.6"",""p"":""0.05998""}"
2026-08-31T01:01:12.486647Z,1788138072341,XAUUSDT,Buy,0.020,4425.89,"{""T"":1788138072341,""s"":""XAUUSDT"",""S"":""Buy"",""v"":""0.020"",""p"":""4425.89""}"
2026-08-31T01:01:14.986382Z,1788138074832,XAUUSDT,Buy,0.021,4423.66,"{""T"":1788138074832,""s"":""XAUUSDT"",""S"":""Buy"",""v"":""0.021"",""p"":""4423.66""}"
2026-08-31T01:01:14.996718Z,1788138074833,XAUTUSDT,Buy,0.599,4396.70,"{""T"":1788138074833,""s"":""XAUTUSDT"",""S"":""Buy"",""v"":""0.599"",""p"":""4396.70""}"
2026-08-31T01:01:15.813198Z,1788138075473,SKRUSDT,Sell,14950,0.026103,"{""T"":1788138075473,""s"":""SKRUSDT"",""S"":""Sell"",""v"":""14950"",""p"":""0.026103""}"
2026-08-31T01:01:15.813198Z,1788138075720,SKRUSDT,Sell,2780,0.026055,"{""T"":1788138075720,""s"":""SKRUSDT"",""S"":""Sell"",""v"":""2780"",""p"":""0.026055""}"
2026-08-31T01:01:15.986584Z,1788138075506,XAUUSDT,Buy,0.002,4422.03,"{""T"":1788138075506,""s"":""XAUUSDT"",""S"":""Buy"",""v"":""0.002"",""p"":""4422.03""}"
2026-08-31T01:01:15.987041Z,1788138075506,XAGUSDT,Buy,0.088,65.90,"{""T"":1788138075506,""s"":""XAGUSDT"",""S"":""Buy"",""v"":""0.088"",""p"":""65.90""}"
2026-08-31T01:01:17.314543Z,1788138076957,SKRUSDT,Sell,2450,0.026303,"{""T"":1788138076957,""s"":""SKRUSDT"",""S"":""Sell"",""v"":""2450"",""p"":""0.026303""}"
2026-08-31T01:01:17.314543Z,1788138076957,SKRUSDT,Sell,6920,0.026149,"{""T"":1788138076957,""s"":""SKRUSDT"",""S"":""Sell"",""v"":""6920"",""p"":""0.026149""}"
2026-08-31T01:01:17.314543Z,1788138077182,SKRUSDT,Sell,39830,0.026265,"{""T"":1788138077182,""s"":""SKRUSDT"",""S"":""Sell"",""v"":""39830"",""p"":""0.026265""}"
2026-08-31T01:01:17.813217Z,1788138077633,SKRUSDT,Sell,11030,0.026367,"{""T"":1788138077633,""s"":""SKRUSDT"",""S"":""Sell"",""v"":""11030"",""p"":""0.026367""}"
2026-08-31T01:01:18.313249Z,1788138077824,SKRUSDT,Sell,5340,0.026446,"{""T"":1788138077824,""s"":""SKRUSDT"",""S"":""Sell"",""v"":""5340"",""p"":""0.026446""}"
2026-08-31T01:01:18.313249Z,1788138077849,SKRUSDT,Sell,88210,0.026438,"{""T"":1788138077849,""s"":""SKRUSDT"",""S"":""Sell"",""v"":""88210"",""p"":""0.026438""}"
2026-08-31T01:01:18.313249Z,1788138077883,SKRUSDT,Sell,100000,0.026392,"{""T"":1788138077883,""s"":""SKRUSDT"",""S"":""Sell"",""v"":""100000"",""p"":""0.026392""}"
2026-08-31T01:01:18.313249Z,1788138077973,SKRUSDT,Sell,210,0.026412,"{""T"":1788138077973,""s"":""SKRUSDT"",""S"":""Sell"",""v"":""210"",""p"":""0.026412""}"
2026-08-31T01:01:18.313249Z,1788138077974,SKRUSDT,Sell,2050,0.026450,"{""T"":1788138077974,""s"":""SKRUSDT"",""S"":""Sell"",""v"":""2050"",""p"":""0.026450""}"
2026-08-31T01:01:18.329000Z,1788138077883,ZKCUSDT,Sell,16839.2,0.06009,"{""T"":1788138077883,""s"":""ZKCUSDT"",""S"":""Sell"",""v"":""16839.2"",""p"":""0.06009""}"
2026-08-31T01:01:18.338237Z,1788138077883,HNTUSDT,Sell,965.97,0.7715,"{""T"":1788138077883,""s"":""HNTUSDT"",""S"":""Sell"",""v"":""965.97"",""p"":""0.7715""}"
2026-08-31T01:01:18.813610Z,1788138078302,SKRUSDT,Sell,100,0.026342,"{""T"":1788138078302,""s"":""SKRUSDT"",""S"":""Sell"",""v"":""100"",""p"":""0.026342""}"
2026-08-31T01:01:18.813610Z,1788138078457,SKRUSDT,Sell,3250,0.026326,"{""T"":1788138078457,""s"":""SKRUSDT"",""S"":""Sell"",""v"":""3250"",""p"":""0.026326""}"
2026-08-31T01:01:18.813610Z,1788138078536,SKRUSDT,Sell,790,0.026372,"{""T"":1788138078536,""s"":""SKRUSDT"",""S"":""Sell"",""v"":""790"",""p"":""0.026372""}"
2026-08-31T01:01:19.313182Z,1788138079163,SKRUSDT,Sell,1990,0.026486,"{""T"":1788138079163,""s"":""SKRUSDT"",""S"":""Sell"",""v"":""1990"",""p"":""0.026486""}"
2026-08-31T01:01:19.813341Z,1788138079382,SKRUSDT,Sell,300,0.026491,"{""T"":1788138079382,""s"":""SKRUSDT"",""S"":""Sell"",""v"":""300"",""p"":""0.026491""}"
2026-08-31T01:01:26.329047Z,1788138086017,ZKCUSDT,Sell,108.7,0.06079,"{""T"":1788138086017,""s"":""ZKCUSDT"",""S"":""Sell"",""v"":""108.7"",""p"":""0.06079""}"
2026-08-31T01:01:28.329773Z,1788138087863,ZKCUSDT,Sell,39270.1,0.06085,"{""T"":1788138087863,""s"":""ZKCUSDT"",""S"":""Sell"",""v"":""39270.1"",""p"":""0.06085""}"
2026-08-31T01:02:25.337625Z,1788138144893,BICOUSDT,Buy,87147.5,0.020593,"{""T"":1788138144893,""s"":""BICOUSDT"",""S"":""Buy"",""v"":""87147.5"",""p"":""0.020593""}"
2026-08-31T01:02:31.837567Z,1788138151584,HNTUSDT,Buy,0.10,0.7070,"{""T"":1788138151584,""s"":""HNTUSDT"",""S"":""Buy"",""v"":""0.10"",""p"":""0.7070""}"
2026-08-31T01:02:48.837753Z,1788138168692,HNTUSDT,Buy,0.18,0.7037,"{""T"":1788138168692,""s"":""HNTUSDT"",""S"":""Buy"",""v"":""0.18"",""p"":""0.7037""}"
2026-08-31T01:02:49.338103Z,1788138169226,HNTUSDT,Buy,0.11,0.7050,"{""T"":1788138169226,""s"":""HNTUSDT"",""S"":""Buy"",""v"":""0.11"",""p"":""0.7050""}"
2026-08-31T01:02:50.837582Z,1788138170355,HNTUSDT,Buy,124.58,0.7017,"{""T"":1788138170355,""s"":""HNTUSDT"",""S"":""Buy"",""v"":""124.58"",""p"":""0.7017""}"
2026-08-31T01:03:22.066521Z,1788138201615,BTCUSDT,Buy,3.345,77581.80,"{""T"":1788138201615,""s"":""BTCUSDT"",""S"":""Buy"",""v"":""3.345"",""p"":""77581.80""}"
2026-08-31T01:03:28.063073Z,1788138207769,SOLUSDT,Buy,0.2,101.400,"{""T"":1788138207769,""s"":""SOLUSDT"",""S"":""Buy"",""v"":""0.2"",""p"":""101.400""}"
2026-08-31T01:04:04.337965Z,1788138244057,XRPUSDT,Buy,14.8,1.3545,"{""T"":1788138244057,""s"":""XRPUSDT"",""S"":""Buy"",""v"":""14.8"",""p"":""1.3545""}"
2026-08-31T01:04:23.415188Z,1788138262835,ZECUSDT,Buy,0.31,827.84,"{""T"":1788138262835,""s"":""ZECUSDT"",""S"":""Buy"",""v"":""0.31"",""p"":""827.84""}"
2026-08-31T01:04:55.063411Z,1788138294563,SOLUSDT,Buy,35.0,101.250,"{""T"":1788138294563,""s"":""SOLUSDT"",""S"":""Buy"",""v"":""35.0"",""p"":""101.250""}"
2026-08-31T01:04:55.338111Z,1788138294862,XRPUSDT,Buy,856.4,1.3527,"{""T"":1788138294862,""s"":""XRPUSDT"",""S"":""Buy"",""v"":""856.4"",""p"":""1.3527""}"
2026-08-31T01:05:07.414280Z,1788138307170,DOGEUSDT,Buy,1,0.08142,"{""T"":1788138307170,""s"":""DOGEUSDT"",""S"":""Buy"",""v"":""1"",""p"":""0.08142""}"
2026-08-31T01:05:27.063882Z,1788138326672,SOLUSDT,Buy,0.6,101.180,"{""T"":1788138326672,""s"":""SOLUSDT"",""S"":""Buy"",""v"":""0.6"",""p"":""101.180""}"
2026-08-31T01:05:46.566862Z,1788138346382,BTCUSDT,Buy,0.004,77452.00,"{""T"":1788138346382,""s"":""BTCUSDT"",""S"":""Buy"",""v"":""0.004"",""p"":""77452.00""}"
2026-08-31T01:05:57.254199Z,1788138356421,SKRUSDT,Sell,38210,0.025708,"{""T"":1788138356421,""s"":""SKRUSDT"",""S"":""Sell"",""v"":""38210"",""p"":""0.025708""}"
2026-08-31T01:05:57.255540Z,1788138356421,ZKCUSDT,Sell,23832.3,0.06200,"{""T"":1788138356421,""s"":""ZKCUSDT"",""S"":""Sell"",""v"":""23832.3"",""p"":""0.06200""}"
2026-08-31T01:05:57.255995Z,1788138356610,HEMIUSDT,Sell,5384,0.014897,"{""T"":1788138356610,""s"":""HEMIUSDT"",""S"":""Sell"",""v"":""5384"",""p"":""0.014897""}"
2026-08-31T01:06:07.065923Z,1788138366871,BTCUSDT,Buy,0.016,77435.20,"{""T"":1788138366871,""s"":""BTCUSDT"",""S"":""Buy"",""v"":""0.016"",""p"":""77435.20""}"
2026-08-31T01:06:07.337709Z,1788138366955,XRPUSDT,Buy,7068.3,1.3495,"{""T"":1788138366955,""s"":""XRPUSDT"",""S"":""Buy"",""v"":""7068.3"",""p"":""1.3495""}"
2026-08-31T01:06:07.566054Z,1788138367293,BTCUSDT,Buy,0.005,77429.10,"{""T"":1788138367293,""s"":""BTCUSDT"",""S"":""Buy"",""v"":""0.005"",""p"":""77429.10""}"
2026-08-31T01:06:08.562830Z,1788138368361,SOLUSDT,Buy,0.1,101.120,"{""T"":1788138368361,""s"":""SOLUSDT"",""S"":""Buy"",""v"":""0.1"",""p"":""101.120""}"
2026-08-31T01:06:08.562830Z,1788138368384,SOLUSDT,Buy,1.7,101.130,"{""T"":1788138368384,""s"":""SOLUSDT"",""S"":""Buy"",""v"":""1.7"",""p"":""101.130""}"
2026-08-31T01:06:08.562830Z,1788138368426,SOLUSDT,Buy,16.0,101.120,"{""T"":1788138368426,""s"":""SOLUSDT"",""S"":""Buy"",""v"":""16.0"",""p"":""101.120""}"
2026-08-31T01:06:08.837598Z,1788138368426,XRPUSDT,Buy,2000.0,1.3495,"{""T"":1788138368426,""s"":""XRPUSDT"",""S"":""Buy"",""v"":""2000.0"",""p"":""1.3495""}"
2026-08-31T01:06:09.064123Z,1788138368516,SOLUSDT,Buy,5.0,101.100,"{""T"":1788138368516,""s"":""SOLUSDT"",""S"":""Buy"",""v"":""5.0"",""p"":""101.100""}"
2026-08-31T01:06:09.064123Z,1788138368586,SOLUSDT,Buy,1.2,101.110,"{""T"":1788138368586,""s"":""SOLUSDT"",""S"":""Buy"",""v"":""1.2"",""p"":""101.110""}"
2026-08-31T01:06:10.066141Z,1788138369822,BTCUSDT,Buy,0.782,77413.20,"{""T"":1788138369822,""s"":""BTCUSDT"",""S"":""Buy"",""v"":""0.782"",""p"":""77413.20""}"
2026-08-31T01:06:11.837919Z,1788138371401,XRPUSDT,Buy,1897.1,1.3492,"{""T"":1788138371401,""s"":""XRPUSDT"",""S"":""Buy"",""v"":""1897.1"",""p"":""1.3492""}"
2026-08-31T01:06:12.859715Z,1788138372596,WLDUSDT,Buy,0.2,0.3568,"{""T"":1788138372596,""s"":""WLDUSDT"",""S"":""Buy"",""v"":""0.2"",""p"":""0.3568""}"
2026-08-31T01:07:02.492621Z,1788138422327,ONGUSDT,Buy,1095,0.09867,"{""T"":1788138422327,""s"":""ONGUSDT"",""S"":""Buy"",""v"":""1095"",""p"":""0.09867""}"
2026-08-31T01:07:02.992019Z,1788138422763,ONGUSDT,Buy,380,0.09856,"{""T"":1788138422763,""s"":""ONGUSDT"",""S"":""Buy"",""v"":""380"",""p"":""0.09856""}"
2026-08-31T01:07:05.337570Z,1788138425106,XRPUSDT,Buy,240.1,1.3484,"{""T"":1788138425106,""s"":""XRPUSDT"",""S"":""Buy"",""v"":""240.1"",""p"":""1.3484""}"
2026-08-31T01:07:17.328839Z,1788138437035,ZKCUSDT,Buy,1.5,0.05745,"{""T"":1788138437035,""s"":""ZKCUSDT"",""S"":""Buy"",""v"":""1.5"",""p"":""0.05745""}"
2026-08-31T01:07:18.829127Z,1788138438528,ZKCUSDT,Buy,2.8,0.05730,"{""T"":1788138438528,""s"":""ZKCUSDT"",""S"":""Buy"",""v"":""2.8"",""p"":""0.05730""}"
2026-08-31T01:07:19.829204Z,1788138439566,ZKCUSDT,Buy,2.4,0.05690,"{""T"":1788138439566,""s"":""ZKCUSDT"",""S"":""Buy"",""v"":""2.4"",""p"":""0.05690""}"
2026-08-31T01:07:19.859803Z,1788138439556,WLDUSDT,Buy,0.2,0.3565,"{""T"":1788138439556,""s"":""WLDUSDT"",""S"":""Buy"",""v"":""0.2"",""p"":""0.3565""}"
2026-08-31T01:07:22.566247Z,1788138442063,BTCUSDT,Buy,0.010,77400.50,"{""T"":1788138442063,""s"":""BTCUSDT"",""S"":""Buy"",""v"":""0.010"",""p"":""77400.50""}"
2026-08-31T01:07:24.565870Z,1788138444199,BTCUSDT,Buy,0.024,77388.30,"{""T"":1788138444199,""s"":""BTCUSDT"",""S"":""Buy"",""v"":""0.024"",""p"":""77388.30""}"
2026-08-31T01:07:24.914162Z,1788138444602,DOGEUSDT,Buy,1,0.08120,"{""T"":1788138444602,""s"":""DOGEUSDT"",""S"":""Buy"",""v"":""1"",""p"":""0.08120""}"
2026-08-31T01:07:24.955633Z,1788138444415,ETHUSDT,Buy,0.01,2408.68,"{""T"":1788138444415,""s"":""ETHUSDT"",""S"":""Buy"",""v"":""0.01"",""p"":""2408.68""}"
2026-08-31T01:07:24.997111Z,1788138444465,LINKUSDT,Buy,200.7,11.033,"{""T"":1788138444465,""s"":""LINKUSDT"",""S"":""Buy"",""v"":""200.7"",""p"":""11.033""}"
2026-08-31T01:07:25.063753Z,1788138444888,SOLUSDT,Buy,0.1,101.050,"{""T"":1788138444888,""s"":""SOLUSDT"",""S"":""Buy"",""v"":""0.1"",""p"":""101.050""}"
2026-08-31T01:07:25.063753Z,1788138444933,SOLUSDT,Buy,1.7,101.060,"{""T"":1788138444933,""s"":""SOLUSDT"",""S"":""Buy"",""v"":""1.7"",""p"":""101.060""}"
2026-08-31T01:07:48.816511Z,1788138468643,SKRUSDT,Buy,950,0.023768,"{""T"":1788138468643,""s"":""SKRUSDT"",""S"":""Buy"",""v"":""950"",""p"":""0.023768""}"
2026-08-31T01:07:51.313118Z,1788138471065,SKRUSDT,Buy,30000,0.023732,"{""T"":1788138471065,""s"":""SKRUSDT"",""S"":""Buy"",""v"":""30000"",""p"":""0.023732""}"
2026-08-31T01:07:51.313588Z,1788138471158,PUMPFUNUSDT,Buy,77800,0.0044110,"{""T"":1788138471158,""s"":""PUMPFUNUSDT"",""S"":""Buy"",""v"":""77800"",""p"":""0.0044110""}"
2026-08-31T01:07:51.414561Z,1788138471158,ZECUSDT,Buy,4.48,823.93,"{""T"":1788138471158,""s"":""ZECUSDT"",""S"":""Buy"",""v"":""4.48"",""p"":""823.93""}"
2026-08-31T01:07:51.415126Z,1788138471158,1000PEPEUSDT,Buy,201200,0.0033750,"{""T"":1788138471158,""s"":""1000PEPEUSDT"",""S"":""Buy"",""v"":""201200"",""p"":""0.0033750""}"
2026-08-31T01:07:51.566222Z,1788138471158,BTCUSDT,Buy,0.066,77404.10,"{""T"":1788138471158,""s"":""BTCUSDT"",""S"":""Buy"",""v"":""0.066"",""p"":""77404.10""}"
2026-08-31T01:07:56.313206Z,1788138476052,SKRUSDT,Buy,210,0.023677,"{""T"":1788138476052,""s"":""SKRUSDT"",""S"":""Buy"",""v"":""210"",""p"":""0.023677""}"
2026-08-31T01:07:56.813139Z,1788138476659,SKRUSDT,Buy,16420,0.023626,"{""T"":1788138476659,""s"":""SKRUSDT"",""S"":""Buy"",""v"":""16420"",""p"":""0.023626""}"
2026-08-31T01:07:57.313245Z,1788138477130,SKRUSDT,Buy,7970,0.023606,"{""T"":1788138477130,""s"":""SKRUSDT"",""S"":""Buy"",""v"":""7970"",""p"":""0.023606""}"
2026-08-31T01:07:57.328881Z,1788138477129,ZKCUSDT,Sell,53.2,0.05825,"{""T"":1788138477129,""s"":""ZKCUSDT"",""S"":""Sell"",""v"":""53.2"",""p"":""0.05825""}"
2026-08-31T01:07:57.347671Z,1788138477130,BTRUSDT,Sell,154,0.16610,"{""T"":1788138477130,""s"":""BTRUSDT"",""S"":""Sell"",""v"":""154"",""p"":""0.16610""}"
2026-08-31T01:08:02.456488Z,1788138482281,ETHUSDT,Buy,0.75,2407.84,"{""T"":1788138482281,""s"":""ETHUSDT"",""S"":""Buy"",""v"":""0.75"",""p"":""2407.84""}"
2026-08-31T01:08:04.359643Z,1788138483823,WLDUSDT,Buy,0.4,0.3561,"{""T"":1788138483823,""s"":""WLDUSDT"",""S"":""Buy"",""v"":""0.4"",""p"":""0.3561""}"
2026-08-31T01:08:04.566706Z,1788138484345,BTCUSDT,Buy,0.107,77378.40,"{""T"":1788138484345,""s"":""BTCUSDT"",""S"":""Buy"",""v"":""0.107"",""p"":""77378.40""}"
2026-08-31T01:08:05.566289Z,1788138485036,BTCUSDT,Buy,0.024,77377.10,"{""T"":1788138485036,""s"":""BTCUSDT"",""S"":""Buy"",""v"":""0.024"",""p"":""77377.10""}"
2026-08-31T01:08:07.992330Z,1788138487814,ONGUSDT,Buy,1004,0.09732,"{""T"":1788138487814,""s"":""ONGUSDT"",""S"":""Buy"",""v"":""1004"",""p"":""0.09732""}"
2026-08-31T01:08:09.991846Z,1788138489439,ONGUSDT,Buy,6300,0.09730,"{""T"":1788138489439,""s"":""ONGUSDT"",""S"":""Buy"",""v"":""6300"",""p"":""0.09730""}"
2026-08-31T01:08:37.837663Z,1788138517477,BICOUSDT,Buy,19841.2,0.020356,"{""T"":1788138517477,""s"":""BICOUSDT"",""S"":""Buy"",""v"":""19841.2"",""p"":""0.020356""}"
2026-08-31T01:08:38.337721Z,1788138517990,BICOUSDT,Buy,78436.7,0.020403,"{""T"":1788138517990,""s"":""BICOUSDT"",""S"":""Buy"",""v"":""78436.7"",""p"":""0.020403""}"
2026-08-31T01:08:54.859149Z,1788138534424,APTUSDT,Buy,191.93,0.5105,"{""T"":1788138534424,""s"":""APTUSDT"",""S"":""Buy"",""v"":""191.93"",""p"":""0.5105""}"
2026-08-31T01:08:54.859149Z,1788138534693,APTUSDT,Buy,890.42,0.5106,"{""T"":1788138534693,""s"":""APTUSDT"",""S"":""Buy"",""v"":""890.42"",""p"":""0.5106""}"
2026-08-31T01:09:27.313022Z,1788138566875,SKRUSDT,Sell,44040,0.025306,"{""T"":1788138566875,""s"":""SKRUSDT"",""S"":""Sell"",""v"":""44040"",""p"":""0.025306""}"
2026-08-31T01:09:54.069113Z,1788138593559,BTCUSDT,Buy,0.002,77345.00,"{""T"":1788138593559,""s"":""BTCUSDT"",""S"":""Buy"",""v"":""0.002"",""p"":""77345.00""}"
2026-08-31T01:11:08.313325Z,1788138667914,SKRUSDT,Buy,480,0.023429,"{""T"":1788138667914,""s"":""SKRUSDT"",""S"":""Buy"",""v"":""480"",""p"":""0.023429""}"
2026-08-31T01:11:09.313694Z,1788138668927,SKRUSDT,Buy,890,0.023362,"{""T"":1788138668927,""s"":""SKRUSDT"",""S"":""Buy"",""v"":""890"",""p"":""0.023362""}"
2026-08-31T01:11:09.313694Z,1788138669004,SKRUSDT,Buy,30470,0.023343,"{""T"":1788138669004,""s"":""SKRUSDT"",""S"":""Buy"",""v"":""30470"",""p"":""0.023343""}"
2026-08-31T01:11:09.566203Z,1788138669004,BTCUSDT,Buy,0.075,77340.20,"{""T"":1788138669004,""s"":""BTCUSDT"",""S"":""Buy"",""v"":""0.075"",""p"":""77340.20""}"
2026-08-31T01:11:09.812928Z,1788138669397,SKRUSDT,Buy,2730,0.023343,"{""T"":1788138669397,""s"":""SKRUSDT"",""S"":""Buy"",""v"":""2730"",""p"":""0.023343""}"
2026-08-31T01:11:37.486962Z,1788138697266,XAUUSDT,Buy,0.014,4418.76,"{""T"":1788138697266,""s"":""XAUUSDT"",""S"":""Buy"",""v"":""0.014"",""p"":""4418.76""}"
2026-08-31T01:11:38.566149Z,1788138698116,BTCUSDT,Buy,0.002,77331.80,"{""T"":1788138698116,""s"":""BTCUSDT"",""S"":""Buy"",""v"":""0.002"",""p"":""77331.80""}"
2026-08-31T01:11:39.986797Z,1788138699403,XAUUSDT,Buy,0.002,4418.47,"{""T"":1788138699403,""s"":""XAUUSDT"",""S"":""Buy"",""v"":""0.002"",""p"":""4418.47""}"
2026-08-31T01:12:10.566061Z,1788138730408,BTCUSDT,Buy,0.033,77324.90,"{""T"":1788138730408,""s"":""BTCUSDT"",""S"":""Buy"",""v"":""0.033"",""p"":""77324.90""}"
2026-08-31T01:12:12.066490Z,1788138731634,BTCUSDT,Buy,0.070,77317.80,"{""T"":1788138731634,""s"":""BTCUSDT"",""S"":""Buy"",""v"":""0.070"",""p"":""77317.80""}"
2026-08-31T01:12:30.329342Z,1788138749991,ZKCUSDT,Buy,1397.5,0.05521,"{""T"":1788138749991,""s"":""ZKCUSDT"",""S"":""Buy"",""v"":""1397.5"",""p"":""0.05521""}"
2026-08-31T01:13:05.566281Z,1788138785141,BTCUSDT,Buy,0.059,77288.20,"{""T"":1788138785141,""s"":""BTCUSDT"",""S"":""Buy"",""v"":""0.059"",""p"":""77288.20""}"
2026-08-31T01:16:00.859604Z,1788138960471,ZKPUSDT,Sell,12451,0.05831,"{""T"":1788138960471,""s"":""ZKPUSDT"",""S"":""Sell"",""v"":""12451"",""p"":""0.05831""}"
2026-08-31T01:16:07.829370Z,1788138967365,NIULAIUSDT,Buy,60,0.09606,"{""T"":1788138967365,""s"":""NIULAIUSDT"",""S"":""Buy"",""v"":""60"",""p"":""0.09606""}"
2026-08-31T01:16:13.829272Z,1788138973285,NIULAIUSDT,Buy,870,0.09595,"{""T"":1788138973285,""s"":""NIULAIUSDT"",""S"":""Buy"",""v"":""870"",""p"":""0.09595""}"
2026-08-31T01:16:21.829482Z,1788138981299,NIULAIUSDT,Buy,910,0.09569,"{""T"":1788138981299,""s"":""NIULAIUSDT"",""S"":""Buy"",""v"":""910"",""p"":""0.09569""}"
2026-08-31T01:16:22.330286Z,1788138982213,NIULAIUSDT,Buy,120,0.09561,"{""T"":1788138982213,""s"":""NIULAIUSDT"",""S"":""Buy"",""v"":""120"",""p"":""0.09561""}"
2026-08-31T01:16:26.829910Z,1788138986288,NIULAIUSDT,Buy,1030,0.09491,"{""T"":1788138986288,""s"":""NIULAIUSDT"",""S"":""Buy"",""v"":""1030"",""p"":""0.09491""}"
2026-08-31T01:18:33.837775Z,1788139113400,XRPUSDT,Buy,29.7,1.3425,"{""T"":1788139113400,""s"":""XRPUSDT"",""S"":""Buy"",""v"":""29.7"",""p"":""1.3425""}"
2026-08-31T01:18:38.313356Z,1788139117991,SKRUSDT,Buy,630,0.023134,"{""T"":1788139117991,""s"":""SKRUSDT"",""S"":""Buy"",""v"":""630"",""p"":""0.023134""}"
2026-08-31T01:20:38.313417Z,1788139238029,PUMPFUNUSDT,Sell,6500,0.0045080,"{""T"":1788139238029,""s"":""PUMPFUNUSDT"",""S"":""Sell"",""v"":""6500"",""p"":""0.0045080""}"
2026-08-31T01:21:49.313542Z,1788139309205,SKRUSDT,Sell,1180,0.025084,"{""T"":1788139309205,""s"":""SKRUSDT"",""S"":""Sell"",""v"":""1180"",""p"":""0.025084""}"
2026-08-31T01:21:51.813218Z,1788139311231,SKRUSDT,Sell,60760,0.025137,"{""T"":1788139311231,""s"":""SKRUSDT"",""S"":""Sell"",""v"":""60760"",""p"":""0.025137""}"
2026-08-31T01:21:56.313568Z,1788139315965,SKRUSDT,Sell,13170,0.025249,"{""T"":1788139315965,""s"":""SKRUSDT"",""S"":""Sell"",""v"":""13170"",""p"":""0.025249""}"
2026-08-31T01:22:03.986573Z,1788139323466,MAGMAUSDT,Buy,1102,0.33270,"{""T"":1788139323466,""s"":""MAGMAUSDT"",""S"":""Buy"",""v"":""1102"",""p"":""0.33270""}"
2026-08-31T01:22:06.829190Z,1788139326709,NIULAIUSDT,Sell,8960,0.10181,"{""T"":1788139326709,""s"":""NIULAIUSDT"",""S"":""Sell"",""v"":""8960"",""p"":""0.10181""}"
2026-08-31T01:22:22.136216Z,1788139342048,AKEUSDT,Sell,2900,0.0080820,"{""T"":1788139342048,""s"":""AKEUSDT"",""S"":""Sell"",""v"":""2900"",""p"":""0.0080820""}"
2026-08-31T01:22:22.348026Z,1788139342048,UAIUSDT,Sell,100,0.40130,"{""T"":1788139342048,""s"":""UAIUSDT"",""S"":""Sell"",""v"":""100"",""p"":""0.40130""}"
2026-08-31T01:22:22.414176Z,1788139342048,ZECUSDT,Sell,0.45,842.80,"{""T"":1788139342048,""s"":""ZECUSDT"",""S"":""Sell"",""v"":""0.45"",""p"":""842.80""}"
2026-08-31T01:22:41.813464Z,1788139361405,SKRUSDT,Sell,241450,0.025478,"{""T"":1788139361405,""s"":""SKRUSDT"",""S"":""Sell"",""v"":""241450"",""p"":""0.025478""}"
2026-08-31T01:26:31.332327Z,1788139590825,NIULAIUSDT,Sell,210,0.10384,"{""T"":1788139590825,""s"":""NIULAIUSDT"",""S"":""Sell"",""v"":""210"",""p"":""0.10384""}"
2026-08-31T01:27:12.329191Z,1788139632095,NIULAIUSDT,Sell,490,0.10457,"{""T"":1788139632095,""s"":""NIULAIUSDT"",""S"":""Sell"",""v"":""490"",""p"":""0.10457""}"
2026-08-31T01:27:44.328990Z,1788139663883,NIULAIUSDT,Sell,2450,0.10550,"{""T"":1788139663883,""s"":""NIULAIUSDT"",""S"":""Sell"",""v"":""2450"",""p"":""0.10550""}"
2026-08-31T01:28:34.332798Z,1788139714220,NIULAIUSDT,Sell,15770,0.10635,"{""T"":1788139714220,""s"":""NIULAIUSDT"",""S"":""Sell"",""v"":""15770"",""p"":""0.10635""}"
2026-08-31T01:28:36.829120Z,1788139716710,NIULAIUSDT,Sell,2060,0.10652,"{""T"":1788139716710,""s"":""NIULAIUSDT"",""S"":""Sell"",""v"":""2060"",""p"":""0.10652""}"
2026-08-31T01:28:36.829120Z,1788139716716,NIULAIUSDT,Sell,3260,0.10657,"{""T"":1788139716716,""s"":""NIULAIUSDT"",""S"":""Sell"",""v"":""3260"",""p"":""0.10657""}"
2026-08-31T01:28:40.829738Z,1788139720279,NIULAIUSDT,Sell,4410,0.10680,"{""T"":1788139720279,""s"":""NIULAIUSDT"",""S"":""Sell"",""v"":""4410"",""p"":""0.10680""}"
2026-08-31T01:28:48.829152Z,1788139728427,NIULAIUSDT,Sell,800,0.10741,"{""T"":1788139728427,""s"":""NIULAIUSDT"",""S"":""Sell"",""v"":""800"",""p"":""0.10741""}"
2026-08-31T01:29:32.813800Z,1788139772630,SKRUSDT,Sell,181960,0.025439,"{""T"":1788139772630,""s"":""SKRUSDT"",""S"":""Sell"",""v"":""181960"",""p"":""0.025439""}"
2026-08-31T01:29:33.813324Z,1788139773238,SKRUSDT,Sell,103660,0.025436,"{""T"":1788139773238,""s"":""SKRUSDT"",""S"":""Sell"",""v"":""103660"",""p"":""0.025436""}"
2026-08-31T01:30:31.813248Z,1788139831679,SKRUSDT,Sell,4050,0.025575,"{""T"":1788139831679,""s"":""SKRUSDT"",""S"":""Sell"",""v"":""4050"",""p"":""0.025575""}"
2026-08-31T01:30:32.813918Z,1788139832340,SKRUSDT,Sell,1950,0.025584,"{""T"":1788139832340,""s"":""SKRUSDT"",""S"":""Sell"",""v"":""1950"",""p"":""0.025584""}"
2026-08-31T01:30:34.313338Z,1788139833841,SKRUSDT,Sell,1860,0.025619,"{""T"":1788139833841,""s"":""SKRUSDT"",""S"":""Sell"",""v"":""1860"",""p"":""0.025619""}"
2026-08-31T01:30:35.813159Z,1788139835595,SKRUSDT,Sell,5760,0.025712,"{""T"":1788139835595,""s"":""SKRUSDT"",""S"":""Sell"",""v"":""5760"",""p"":""0.025712""}"
2026-08-31T01:30:36.313362Z,1788139836048,SKRUSDT,Sell,18880,0.025690,"{""T"":1788139836048,""s"":""SKRUSDT"",""S"":""Sell"",""v"":""18880"",""p"":""0.025690""}"
2026-08-31T01:30:36.813354Z,1788139836488,SKRUSDT,Sell,4730,0.025815,"{""T"":1788139836488,""s"":""SKRUSDT"",""S"":""Sell"",""v"":""4730"",""p"":""0.025815""}"
2026-08-31T01:30:36.813354Z,1788139836692,SKRUSDT,Sell,38440,0.025742,"{""T"":1788139836692,""s"":""SKRUSDT"",""S"":""Sell"",""v"":""38440"",""p"":""0.025742""}"
2026-08-31T01:30:38.813036Z,1788139838448,SKRUSDT,Sell,3910,0.025904,"{""T"":1788139838448,""s"":""SKRUSDT"",""S"":""Sell"",""v"":""3910"",""p"":""0.025904""}"
2026-08-31T01:30:43.829220Z,1788139843697,ZKCUSDT,Sell,2282.2,0.05930,"{""T"":1788139843697,""s"":""ZKCUSDT"",""S"":""Sell"",""v"":""2282.2"",""p"":""0.05930""}"
2026-08-31T01:30:46.828858Z,1788139846471,ZKCUSDT,Sell,537.2,0.05938,"{""T"":1788139846471,""s"":""ZKCUSDT"",""S"":""Sell"",""v"":""537.2"",""p"":""0.05938""}"
2026-08-31T01:30:52.516147Z,1788139852144,NEARUSDT,Buy,152.8,1.8350,"{""T"":1788139852144,""s"":""NEARUSDT"",""S"":""Buy"",""v"":""152.8"",""p"":""1.8350""}"
2026-08-31T01:30:56.329268Z,1788139856212,ZKCUSDT,Sell,8182.2,0.05954,"{""T"":1788139856212,""s"":""ZKCUSDT"",""S"":""Sell"",""v"":""8182.2"",""p"":""0.05954""}"
2026-08-31T01:31:04.328674Z,1788139864231,NIULAIUSDT,Sell,70,0.10866,"{""T"":1788139864231,""s"":""NIULAIUSDT"",""S"":""Sell"",""v"":""70"",""p"":""0.10866""}"
2026-08-31T01:31:05.414337Z,1788139864852,UNIUSDT,Buy,82.0,5.077,"{""T"":1788139864852,""s"":""UNIUSDT"",""S"":""Buy"",""v"":""82.0"",""p"":""5.077""}"
2026-08-31T01:31:22.337786Z,1788139881769,HNTUSDT,Sell,18.68,0.7932,"{""T"":1788139881769,""s"":""HNTUSDT"",""S"":""Sell"",""v"":""18.68"",""p"":""0.7932""}"
2026-08-31T01:31:28.337690Z,1788139887879,HNTUSDT,Sell,1821.07,0.7960,"{""T"":1788139887879,""s"":""HNTUSDT"",""S"":""Sell"",""v"":""1821.07"",""p"":""0.7960""}"
2026-08-31T01:31:31.337786Z,1788139891094,XRPUSDT,Buy,121.6,1.3420,"{""T"":1788139891094,""s"":""XRPUSDT"",""S"":""Buy"",""v"":""121.6"",""p"":""1.3420""}"
2026-08-31T01:31:37.313198Z,1788139896766,SKRUSDT,Sell,7530,0.026051,"{""T"":1788139896766,""s"":""SKRUSDT"",""S"":""Sell"",""v"":""7530"",""p"":""0.026051""}"
2026-08-31T01:31:41.837710Z,1788139901508,XRPUSDT,Buy,37.9,1.3415,"{""T"":1788139901508,""s"":""XRPUSDT"",""S"":""Buy"",""v"":""37.9"",""p"":""1.3415""}"
2026-08-31T01:31:52.325638Z,1788139911861,ENAUSDT,Buy,401,0.14588,"{""T"":1788139911861,""s"":""ENAUSDT"",""S"":""Buy"",""v"":""401"",""p"":""0.14588""}"
2026-08-31T01:31:59.496764Z,1788139918915,INJUSDT,Buy,29.3,4.8570,"{""T"":1788139918915,""s"":""INJUSDT"",""S"":""Buy"",""v"":""29.3"",""p"":""4.8570""}"
2026-08-31T01:31:59.838045Z,1788139919740,XRPUSDT,Buy,991.2,1.3405,"{""T"":1788139919740,""s"":""XRPUSDT"",""S"":""Buy"",""v"":""991.2"",""p"":""1.3405""}"
2026-08-31T01:31:59.996800Z,1788139919516,INJUSDT,Buy,18.9,4.8600,"{""T"":1788139919516,""s"":""INJUSDT"",""S"":""Buy"",""v"":""18.9"",""p"":""4.8600""}"
2026-08-31T01:32:01.407709Z,1788139920878,TIAUSDT,Buy,24971.2,0.3220,"{""T"":1788139920878,""s"":""TIAUSDT"",""S"":""Buy"",""v"":""24971.2"",""p"":""0.3220""}"
2026-08-31T01:32:26.837568Z,1788139946639,XRPUSDT,Buy,2000.0,1.3396,"{""T"":1788139946639,""s"":""XRPUSDT"",""S"":""Buy"",""v"":""2000.0"",""p"":""1.3396""}"
2026-08-31T01:32:40.337892Z,1788139959761,HNTUSDT,Sell,3279.07,0.8044,"{""T"":1788139959761,""s"":""HNTUSDT"",""S"":""Sell"",""v"":""3279.07"",""p"":""0.8044""}"
2026-08-31T01:32:40.838178Z,1788139960304,HNTUSDT,Sell,331.13,0.8048,"{""T"":1788139960304,""s"":""HNTUSDT"",""S"":""Sell"",""v"":""331.13"",""p"":""0.8048""}"
2026-08-31T01:33:00.829249Z,1788139980473,ZKCUSDT,Sell,4417.8,0.06013,"{""T"":1788139980473,""s"":""ZKCUSDT"",""S"":""Sell"",""v"":""4417.8"",""p"":""0.06013""}"
2026-08-31T01:34:07.338151Z,1788140046797,XRPUSDT,Buy,1297.7,1.3383,"{""T"":1788140046797,""s"":""XRPUSDT"",""S"":""Buy"",""v"":""1297.7"",""p"":""1.3383""}"
2026-08-31T01:34:11.829776Z,1788140051555,ZKUSDT,Buy,653.3,0.008831,"{""T"":1788140051555,""s"":""ZKUSDT"",""S"":""Buy"",""v"":""653.3"",""p"":""0.008831""}"
2026-08-31T01:34:21.313411Z,1788140060992,SKRUSDT,Sell,1260,0.026560,"{""T"":1788140060992,""s"":""SKRUSDT"",""S"":""Sell"",""v"":""1260"",""p"":""0.026560""}"
2026-08-31T01:34:21.813603Z,1788140061274,SKRUSDT,Sell,1760,0.026474,"{""T"":1788140061274,""s"":""SKRUSDT"",""S"":""Sell"",""v"":""1760"",""p"":""0.026474""}"
2026-08-31T01:34:21.813603Z,1788140061359,SKRUSDT,Sell,15000,0.026560,"{""T"":1788140061359,""s"":""SKRUSDT"",""S"":""Sell"",""v"":""15000"",""p"":""0.026560""}"
2026-08-31T01:34:21.813603Z,1788140061646,SKRUSDT,Sell,12510,0.026566,"{""T"":1788140061646,""s"":""SKRUSDT"",""S"":""Sell"",""v"":""12510"",""p"":""0.026566""}"
2026-08-31T01:34:22.813417Z,1788140062330,SKRUSDT,Sell,159000,0.026822,"{""T"":1788140062330,""s"":""SKRUSDT"",""S"":""Sell"",""v"":""159000"",""p"":""0.026822""}"
2026-08-31T01:34:22.813417Z,1788140062340,SKRUSDT,Sell,24770,0.026868,"{""T"":1788140062340,""s"":""SKRUSDT"",""S"":""Sell"",""v"":""24770"",""p"":""0.026868""}"
2026-08-31T01:34:22.813417Z,1788140062572,SKRUSDT,Sell,138240,0.026800,"{""T"":1788140062572,""s"":""SKRUSDT"",""S"":""Sell"",""v"":""138240"",""p"":""0.026800""}"
2026-08-31T01:34:22.813417Z,1788140062582,SKRUSDT,Sell,2880,0.026865,"{""T"":1788140062582,""s"":""SKRUSDT"",""S"":""Sell"",""v"":""2880"",""p"":""0.026865""}"
2026-08-31T01:34:22.813417Z,1788140062584,SKRUSDT,Sell,2280,0.026640,"{""T"":1788140062584,""s"":""SKRUSDT"",""S"":""Sell"",""v"":""2280"",""p"":""0.026640""}"
2026-08-31T01:34:22.813417Z,1788140062603,SKRUSDT,Sell,660,0.026921,"{""T"":1788140062603,""s"":""SKRUSDT"",""S"":""Sell"",""v"":""660"",""p"":""0.026921""}"
2026-08-31T01:34:22.813417Z,1788140062716,SKRUSDT,Sell,1510,0.026627,"{""T"":1788140062716,""s"":""SKRUSDT"",""S"":""Sell"",""v"":""1510"",""p"":""0.026627""}"
2026-08-31T01:34:22.829049Z,1788140062330,NIULAIUSDT,Sell,48070,0.10612,"{""T"":1788140062330,""s"":""NIULAIUSDT"",""S"":""Sell"",""v"":""48070"",""p"":""0.10612""}"
2026-08-31T01:34:22.997337Z,1788140062603,TUTUSDT,Buy,376,0.031298,"{""T"":1788140062603,""s"":""TUTUSDT"",""S"":""Buy"",""v"":""376"",""p"":""0.031298""}"
2026-08-31T01:34:23.313504Z,1788140062812,SKRUSDT,Sell,1210,0.026899,"{""T"":1788140062812,""s"":""SKRUSDT"",""S"":""Sell"",""v"":""1210"",""p"":""0.026899""}"
2026-08-31T01:34:23.313504Z,1788140062812,SKRUSDT,Sell,4120,0.026620,"{""T"":1788140062812,""s"":""SKRUSDT"",""S"":""Sell"",""v"":""4120"",""p"":""0.026620""}"
2026-08-31T01:34:23.313504Z,1788140062885,SKRUSDT,Sell,168730,0.026872,"{""T"":1788140062885,""s"":""SKRUSDT"",""S"":""Sell"",""v"":""168730"",""p"":""0.026872""}"
2026-08-31T01:34:23.313504Z,1788140062897,SKRUSDT,Sell,6880,0.026708,"{""T"":1788140062897,""s"":""SKRUSDT"",""S"":""Sell"",""v"":""6880"",""p"":""0.026708""}"
2026-08-31T01:34:23.313504Z,1788140062945,SKRUSDT,Sell,3490,0.026672,"{""T"":1788140062945,""s"":""SKRUSDT"",""S"":""Sell"",""v"":""3490"",""p"":""0.026672""}"
2026-08-31T01:34:23.313504Z,1788140062988,SKRUSDT,Sell,540,0.026621,"{""T"":1788140062988,""s"":""SKRUSDT"",""S"":""Sell"",""v"":""540"",""p"":""0.026621""}"
2026-08-31T01:34:23.313504Z,1788140063026,SKRUSDT,Sell,13600,0.026854,"{""T"":1788140063026,""s"":""SKRUSDT"",""S"":""Sell"",""v"":""13600"",""p"":""0.026854""}"
2026-08-31T01:34:23.313504Z,1788140063046,SKRUSDT,Sell,19260,0.026938,"{""T"":1788140063046,""s"":""SKRUSDT"",""S"":""Sell"",""v"":""19260"",""p"":""0.026938""}"
2026-08-31T01:34:23.313504Z,1788140063047,SKRUSDT,Sell,7110,0.026886,"{""T"":1788140063047,""s"":""SKRUSDT"",""S"":""Sell"",""v"":""7110"",""p"":""0.026886""}"
2026-08-31T01:34:23.313504Z,1788140063176,SKRUSDT,Sell,6220,0.026957,"{""T"":1788140063176,""s"":""SKRUSDT"",""S"":""Sell"",""v"":""6220"",""p"":""0.026957""}"
2026-08-31T01:34:23.313504Z,1788140063209,SKRUSDT,Sell,350,0.026642,"{""T"":1788140063209,""s"":""SKRUSDT"",""S"":""Sell"",""v"":""350"",""p"":""0.026642""}"
2026-08-31T01:34:23.813387Z,1788140063278,SKRUSDT,Sell,830,0.026967,"{""T"":1788140063278,""s"":""SKRUSDT"",""S"":""Sell"",""v"":""830"",""p"":""0.026967""}"
2026-08-31T01:34:23.813387Z,1788140063337,SKRUSDT,Sell,21560,0.026878,"{""T"":1788140063337,""s"":""SKRUSDT"",""S"":""Sell"",""v"":""21560"",""p"":""0.026878""}"
2026-08-31T01:34:23.829622Z,1788140063278,NIULAIUSDT,Sell,80,0.10674,"{""T"":1788140063278,""s"":""NIULAIUSDT"",""S"":""Sell"",""v"":""80"",""p"":""0.10674""}"
2026-08-31T01:34:36.313195Z,1788140075988,PUMPFUNUSDT,Buy,2200,0.0043840,"{""T"":1788140075988,""s"":""PUMPFUNUSDT"",""S"":""Buy"",""v"":""2200"",""p"":""0.0043840""}"
2026-08-31T01:34:36.813376Z,1788140076399,SKRUSDT,Sell,8510,0.027403,"{""T"":1788140076399,""s"":""SKRUSDT"",""S"":""Sell"",""v"":""8510"",""p"":""0.027403""}"
2026-08-31T01:34:36.813376Z,1788140076438,SKRUSDT,Sell,5460,0.027466,"{""T"":1788140076438,""s"":""SKRUSDT"",""S"":""Sell"",""v"":""5460"",""p"":""0.027466""}"
2026-08-31T01:34:36.813376Z,1788140076462,SKRUSDT,Sell,18370,0.027309,"{""T"":1788140076462,""s"":""SKRUSDT"",""S"":""Sell"",""v"":""18370"",""p"":""0.027309""}"
2026-08-31T01:34:36.813376Z,1788140076487,SKRUSDT,Sell,6400,0.027150,"{""T"":1788140076487,""s"":""SKRUSDT"",""S"":""Sell"",""v"":""6400"",""p"":""0.027150""}"
2026-08-31T01:34:36.813376Z,1788140076493,SKRUSDT,Sell,1090,0.027485,"{""T"":1788140076493,""s"":""SKRUSDT"",""S"":""Sell"",""v"":""1090"",""p"":""0.027485""}"
2026-08-31T01:34:36.813376Z,1788140076602,SKRUSDT,Sell,8080,0.027194,"{""T"":1788140076602,""s"":""SKRUSDT"",""S"":""Sell"",""v"":""8080"",""p"":""0.027194""}"
2026-08-31T01:34:36.813376Z,1788140076661,SKRUSDT,Sell,8000,0.027148,"{""T"":1788140076661,""s"":""SKRUSDT"",""S"":""Sell"",""v"":""8000"",""p"":""0.027148""}"
2026-08-31T01:34:36.813376Z,1788140076674,SKRUSDT,Sell,14790,0.027344,"{""T"":1788140076674,""s"":""SKRUSDT"",""S"":""Sell"",""v"":""14790"",""p"":""0.027344""}"
2026-08-31T01:34:36.813376Z,1788140076694,SKRUSDT,Sell,1040,0.027488,"{""T"":1788140076694,""s"":""SKRUSDT"",""S"":""Sell"",""v"":""1040"",""p"":""0.027488""}"
2026-08-31T01:34:37.313365Z,1788140076798,SKRUSDT,Sell,10930,0.027133,"{""T"":1788140076798,""s"":""SKRUSDT"",""S"":""Sell"",""v"":""10930"",""p"":""0.027133""}"
2026-08-31T01:34:37.313365Z,1788140076805,SKRUSDT,Sell,850,0.027056,"{""T"":1788140076805,""s"":""SKRUSDT"",""S"":""Sell"",""v"":""850"",""p"":""0.027056""}"
2026-08-31T01:34:37.313365Z,1788140076935,SKRUSDT,Sell,770,0.027203,"{""T"":1788140076935,""s"":""SKRUSDT"",""S"":""Sell"",""v"":""770"",""p"":""0.027203""}"
2026-08-31T01:34:37.313365Z,1788140076952,SKRUSDT,Sell,940,0.027500,"{""T"":1788140076952,""s"":""SKRUSDT"",""S"":""Sell"",""v"":""940"",""p"":""0.027500""}"
2026-08-31T01:34:37.313365Z,1788140077005,SKRUSDT,Sell,540,0.027477,"{""T"":1788140077005,""s"":""SKRUSDT"",""S"":""Sell"",""v"":""540"",""p"":""0.027477""}"
2026-08-31T01:34:37.313365Z,1788140077029,SKRUSDT,Sell,351130,0.027112,"{""T"":1788140077029,""s"":""SKRUSDT"",""S"":""Sell"",""v"":""351130"",""p"":""0.027112""}"
2026-08-31T01:34:37.313365Z,1788140077058,SKRUSDT,Sell,2450,0.027397,"{""T"":1788140077058,""s"":""SKRUSDT"",""S"":""Sell"",""v"":""2450"",""p"":""0.027397""}"
2026-08-31T01:34:37.313365Z,1788140077059,SKRUSDT,Sell,571910,0.027491,"{""T"":1788140077059,""s"":""SKRUSDT"",""S"":""Sell"",""v"":""571910"",""p"":""0.027491""}"
2026-08-31T01:34:37.313365Z,1788140077134,SKRUSDT,Sell,1500,0.027441,"{""T"":1788140077134,""s"":""SKRUSDT"",""S"":""Sell"",""v"":""1500"",""p"":""0.027441""}"
2026-08-31T01:34:37.313365Z,1788140077198,SKRUSDT,Sell,1640,0.027033,"{""T"":1788140077198,""s"":""SKRUSDT"",""S"":""Sell"",""v"":""1640"",""p"":""0.027033""}"
2026-08-31T01:34:37.813473Z,1788140077257,SKRUSDT,Sell,11950,0.027366,"{""T"":1788140077257,""s"":""SKRUSDT"",""S"":""Sell"",""v"":""11950"",""p"":""0.027366""}"
2026-08-31T01:34:37.813473Z,1788140077270,SKRUSDT,Sell,12550,0.027361,"{""T"":1788140077270,""s"":""SKRUSDT"",""S"":""Sell"",""v"":""12550"",""p"":""0.027361""}"
2026-08-31T01:34:37.813473Z,1788140077287,SKRUSDT,Sell,1020,0.027368,"{""T"":1788140077287,""s"":""SKRUSDT"",""S"":""Sell"",""v"":""1020"",""p"":""0.027368""}"
2026-08-31T01:34:37.813473Z,1788140077298,SKRUSDT,Sell,1640,0.027357,"{""T"":1788140077298,""s"":""SKRUSDT"",""S"":""Sell"",""v"":""1640"",""p"":""0.027357""}"
2026-08-31T01:34:37.813473Z,1788140077307,SKRUSDT,Sell,1860,0.027465,"{""T"":1788140077307,""s"":""SKRUSDT"",""S"":""Sell"",""v"":""1860"",""p"":""0.027465""}"
2026-08-31T01:34:37.813473Z,1788140077594,SKRUSDT,Sell,10450,0.027699,"{""T"":1788140077594,""s"":""SKRUSDT"",""S"":""Sell"",""v"":""10450"",""p"":""0.027699""}"
2026-08-31T01:34:37.813473Z,1788140077611,SKRUSDT,Sell,2400,0.027722,"{""T"":1788140077611,""s"":""SKRUSDT"",""S"":""Sell"",""v"":""2400"",""p"":""0.027722""}"
2026-08-31T01:34:37.813473Z,1788140077644,SKRUSDT,Sell,680,0.027713,"{""T"":1788140077644,""s"":""SKRUSDT"",""S"":""Sell"",""v"":""680"",""p"":""0.027713""}"
2026-08-31T01:34:37.813473Z,1788140077658,SKRUSDT,Sell,10750,0.027870,"{""T"":1788140077658,""s"":""SKRUSDT"",""S"":""Sell"",""v"":""10750"",""p"":""0.027870""}"
2026-08-31T01:34:37.813473Z,1788140077688,SKRUSDT,Sell,23780,0.027757,"{""T"":1788140077688,""s"":""SKRUSDT"",""S"":""Sell"",""v"":""23780"",""p"":""0.027757""}"
2026-08-31T01:34:38.135752Z,1788140077688,AKEUSDT,Sell,144900,0.0081420,"{""T"":1788140077688,""s"":""AKEUSDT"",""S"":""Sell"",""v"":""144900"",""p"":""0.0081420""}"
2026-08-31T01:34:38.313606Z,1788140077800,SKRUSDT,Sell,4100,0.027803,"{""T"":1788140077800,""s"":""SKRUSDT"",""S"":""Sell"",""v"":""4100"",""p"":""0.027803""}"
2026-08-31T01:34:38.313606Z,1788140077817,SKRUSDT,Sell,12360,0.027537,"{""T"":1788140077817,""s"":""SKRUSDT"",""S"":""Sell"",""v"":""12360"",""p"":""0.027537""}"
2026-08-31T01:34:38.313606Z,1788140077885,SKRUSDT,Sell,1580,0.027591,"{""T"":1788140077885,""s"":""SKRUSDT"",""S"":""Sell"",""v"":""1580"",""p"":""0.027591""}"
2026-08-31T01:34:38.313606Z,1788140077922,SKRUSDT,Sell,37060,0.027700,"{""T"":1788140077922,""s"":""SKRUSDT"",""S"":""Sell"",""v"":""37060"",""p"":""0.027700""}"
2026-08-31T01:34:38.313606Z,1788140077970,SKRUSDT,Sell,580,0.027775,"{""T"":1788140077970,""s"":""SKRUSDT"",""S"":""Sell"",""v"":""580"",""p"":""0.027775""}"
2026-08-31T01:34:38.313606Z,1788140078031,SKRUSDT,Sell,680,0.027688,"{""T"":1788140078031,""s"":""SKRUSDT"",""S"":""Sell"",""v"":""680"",""p"":""0.027688""}"
2026-08-31T01:34:38.313606Z,1788140078097,SKRUSDT,Sell,10,0.027638,"{""T"":1788140078097,""s"":""SKRUSDT"",""S"":""Sell"",""v"":""10"",""p"":""0.027638""}"
2026-08-31T01:34:38.328881Z,1788140077970,NIULAIUSDT,Sell,700,0.10763,"{""T"":1788140077970,""s"":""NIULAIUSDT"",""S"":""Sell"",""v"":""700"",""p"":""0.10763""}"
2026-08-31T01:34:38.813279Z,1788140078274,SKRUSDT,Sell,330,0.027667,"{""T"":1788140078274,""s"":""SKRUSDT"",""S"":""Sell"",""v"":""330"",""p"":""0.027667""}"
2026-08-31T01:34:38.813279Z,1788140078297,SKRUSDT,Sell,62360,0.027759,"{""T"":1788140078297,""s"":""SKRUSDT"",""S"":""Sell"",""v"":""62360"",""p"":""0.027759""}"
2026-08-31T01:34:38.813279Z,1788140078429,SKRUSDT,Sell,3040,0.027539,"{""T"":1788140078429,""s"":""SKRUSDT"",""S"":""Sell"",""v"":""3040"",""p"":""0.027539""}"
2026-08-31T01:34:38.813279Z,1788140078431,SKRUSDT,Sell,1380,0.027690,"{""T"":1788140078431,""s"":""SKRUSDT"",""S"":""Sell"",""v"":""1380"",""p"":""0.027690""}"
2026-08-31T01:34:38.813279Z,1788140078540,SKRUSDT,Sell,1030,0.027771,"{""T"":1788140078540,""s"":""SKRUSDT"",""S"":""Sell"",""v"":""1030"",""p"":""0.027771""}"
2026-08-31T01:34:51.813643Z,1788140091329,SKRUSDT,Sell,54380,0.027900,"{""T"":1788140091329,""s"":""SKRUSDT"",""S"":""Sell"",""v"":""54380"",""p"":""0.027900""}"
2026-08-31T01:34:51.813643Z,1788140091406,SKRUSDT,Sell,6060,0.027990,"{""T"":1788140091406,""s"":""SKRUSDT"",""S"":""Sell"",""v"":""6060"",""p"":""0.027990""}"
2026-08-31T01:34:51.813643Z,1788140091447,SKRUSDT,Sell,1720,0.027958,"{""T"":1788140091447,""s"":""SKRUSDT"",""S"":""Sell"",""v"":""1720"",""p"":""0.027958""}"
2026-08-31T01:34:51.813643Z,1788140091682,SKRUSDT,Sell,7720,0.027970,"{""T"":1788140091682,""s"":""SKRUSDT"",""S"":""Sell"",""v"":""7720"",""p"":""0.027970""}"
2026-08-31T01:34:52.313183Z,1788140092151,SKRUSDT,Sell,5540,0.027945,"{""T"":1788140092151,""s"":""SKRUSDT"",""S"":""Sell"",""v"":""5540"",""p"":""0.027945""}"
2026-08-31T01:34:52.313183Z,1788140092219,SKRUSDT,Sell,2400,0.028014,"{""T"":1788140092219,""s"":""SKRUSDT"",""S"":""Sell"",""v"":""2400"",""p"":""0.028014""}"
2026-08-31T01:34:54.313260Z,1788140094037,SKRUSDT,Sell,41840,0.028036,"{""T"":1788140094037,""s"":""SKRUSDT"",""S"":""Sell"",""v"":""41840"",""p"":""0.028036""}"
2026-08-31T01:34:54.329151Z,1788140094037,NIULAIUSDT,Sell,8080,0.10802,"{""T"":1788140094037,""s"":""NIULAIUSDT"",""S"":""Sell"",""v"":""8080"",""p"":""0.10802""}"
2026-08-31T01:35:13.829587Z,1788140113742,NIULAIUSDT,Sell,650,0.10898,"{""T"":1788140113742,""s"":""NIULAIUSDT"",""S"":""Sell"",""v"":""650"",""p"":""0.10898""}"
2026-08-31T01:35:23.837752Z,1788140123606,HNTUSDT,Sell,101.75,0.7886,"{""T"":1788140123606,""s"":""HNTUSDT"",""S"":""Sell"",""v"":""101.75"",""p"":""0.7886""}"
2026-08-31T01:35:23.908407Z,1788140123606,CYSUSDT,Buy,292,0.8069,"{""T"":1788140123606,""s"":""CYSUSDT"",""S"":""Buy"",""v"":""292"",""p"":""0.8069""}"
2026-08-31T01:35:24.825486Z,1788140124615,ENAUSDT,Buy,2151,0.14572,"{""T"":1788140124615,""s"":""ENAUSDT"",""S"":""Buy"",""v"":""2151"",""p"":""0.14572""}"
2026-08-31T01:35:42.313346Z,1788140142045,SKRUSDT,Sell,2330,0.028068,"{""T"":1788140142045,""s"":""SKRUSDT"",""S"":""Sell"",""v"":""2330"",""p"":""0.028068""}"
2026-08-31T01:35:43.313327Z,1788140143063,SKRUSDT,Sell,1900,0.028130,"{""T"":1788140143063,""s"":""SKRUSDT"",""S"":""Sell"",""v"":""1900"",""p"":""0.028130""}"
2026-08-31T01:35:46.825250Z,1788140146701,ENAUSDT,Buy,5376,0.14550,"{""T"":1788140146701,""s"":""ENAUSDT"",""S"":""Buy"",""v"":""5376"",""p"":""0.14550""}"
2026-08-31T01:36:01.829299Z,1788140161386,NIULAIUSDT,Sell,4370,0.10929,"{""T"":1788140161386,""s"":""NIULAIUSDT"",""S"":""Sell"",""v"":""4370"",""p"":""0.10929""}"
2026-08-31T01:36:02.329189Z,1788140161902,NIULAIUSDT,Sell,460,0.10927,"{""T"":1788140161902,""s"":""NIULAIUSDT"",""S"":""Sell"",""v"":""460"",""p"":""0.10927""}"
2026-08-31T01:36:49.329138Z,1788140209025,NIULAIUSDT,Sell,5230,0.10962,"{""T"":1788140209025,""s"":""NIULAIUSDT"",""S"":""Sell"",""v"":""5230"",""p"":""0.10962""}"
2026-08-31T01:37:00.828990Z,1788140220584,NIULAIUSDT,Sell,11460,0.11001,"{""T"":1788140220584,""s"":""NIULAIUSDT"",""S"":""Sell"",""v"":""11460"",""p"":""0.11001""}"
2026-08-31T01:37:03.829158Z,1788140223348,NIULAIUSDT,Sell,520,0.11005,"{""T"":1788140223348,""s"":""NIULAIUSDT"",""S"":""Sell"",""v"":""520"",""p"":""0.11005""}"
2026-08-31T01:37:18.313513Z,1788140238085,SKRUSDT,Sell,470,0.028193,"{""T"":1788140238085,""s"":""SKRUSDT"",""S"":""Sell"",""v"":""470"",""p"":""0.028193""}"
2026-08-31T01:37:18.813134Z,1788140238296,SKRUSDT,Sell,2070,0.028196,"{""T"":1788140238296,""s"":""SKRUSDT"",""S"":""Sell"",""v"":""2070"",""p"":""0.028196""}"
2026-08-31T01:37:44.313710Z,1788140263912,SKRUSDT,Sell,12660,0.028245,"{""T"":1788140263912,""s"":""SKRUSDT"",""S"":""Sell"",""v"":""12660"",""p"":""0.028245""}"
2026-08-31T01:37:46.313217Z,1788140265867,SKRUSDT,Sell,3890,0.028269,"{""T"":1788140265867,""s"":""SKRUSDT"",""S"":""Sell"",""v"":""3890"",""p"":""0.028269""}"
2026-08-31T01:37:55.813228Z,1788140275612,SKRUSDT,Sell,233790,0.028334,"{""T"":1788140275612,""s"":""SKRUSDT"",""S"":""Sell"",""v"":""233790"",""p"":""0.028334""}"
2026-08-31T01:37:56.313106Z,1788140275841,SKRUSDT,Sell,4890,0.028361,"{""T"":1788140275841,""s"":""SKRUSDT"",""S"":""Sell"",""v"":""4890"",""p"":""0.028361""}"
2026-08-31T01:37:57.313108Z,1788140277019,SKRUSDT,Sell,290,0.028445,"{""T"":1788140277019,""s"":""SKRUSDT"",""S"":""Sell"",""v"":""290"",""p"":""0.028445""}"
2026-08-31T01:37:58.813596Z,1788140278614,SKRUSDT,Sell,1020,0.028519,"{""T"":1788140278614,""s"":""SKRUSDT"",""S"":""Sell"",""v"":""1020"",""p"":""0.028519""}"
2026-08-31T01:37:59.313383Z,1788140278786,SKRUSDT,Sell,310,0.028517,"{""T"":1788140278786,""s"":""SKRUSDT"",""S"":""Sell"",""v"":""310"",""p"":""0.028517""}"
2026-08-31T01:37:59.313383Z,1788140278962,SKRUSDT,Sell,480,0.028559,"{""T"":1788140278962,""s"":""SKRUSDT"",""S"":""Sell"",""v"":""480"",""p"":""0.028559""}"
2026-08-31T01:37:59.313383Z,1788140279139,SKRUSDT,Sell,1280,0.028467,"{""T"":1788140279139,""s"":""SKRUSDT"",""S"":""Sell"",""v"":""1280"",""p"":""0.028467""}"
2026-08-31T01:37:59.813382Z,1788140279240,SKRUSDT,Sell,56550,0.028566,"{""T"":1788140279240,""s"":""SKRUSDT"",""S"":""Sell"",""v"":""56550"",""p"":""0.028566""}"
2026-08-31T01:38:28.313205Z,1788140307867,SKRUSDT,Sell,5710,0.028653,"{""T"":1788140307867,""s"":""SKRUSDT"",""S"":""Sell"",""v"":""5710"",""p"":""0.028653""}"
2026-08-31T01:38:28.813072Z,1788140308345,SKRUSDT,Sell,8000,0.028647,"{""T"":1788140308345,""s"":""SKRUSDT"",""S"":""Sell"",""v"":""8000"",""p"":""0.028647""}"
2026-08-31T01:38:29.313136Z,1788140309092,SKRUSDT,Sell,199730,0.028667,"{""T"":1788140309092,""s"":""SKRUSDT"",""S"":""Sell"",""v"":""199730"",""p"":""0.028667""}"
2026-08-31T01:38:29.813409Z,1788140309454,SKRUSDT,Sell,46420,0.028806,"{""T"":1788140309454,""s"":""SKRUSDT"",""S"":""Sell"",""v"":""46420"",""p"":""0.028806""}"
2026-08-31T01:38:29.813409Z,1788140309508,SKRUSDT,Sell,1070,0.028827,"{""T"":1788140309508,""s"":""SKRUSDT"",""S"":""Sell"",""v"":""1070"",""p"":""0.028827""}"
2026-08-31T01:38:30.313324Z,1788140310204,SKRUSDT,Sell,22290,0.028804,"{""T"":1788140310204,""s"":""SKRUSDT"",""S"":""Sell"",""v"":""22290"",""p"":""0.028804""}"
2026-08-31T01:38:30.813233Z,1788140310271,SKRUSDT,Sell,5180,0.028804,"{""T"":1788140310271,""s"":""SKRUSDT"",""S"":""Sell"",""v"":""5180"",""p"":""0.028804""}"
2026-08-31T01:38:31.813204Z,1788140311539,SKRUSDT,Sell,460,0.028691,"{""T"":1788140311539,""s"":""SKRUSDT"",""S"":""Sell"",""v"":""460"",""p"":""0.028691""}"
2026-08-31T01:38:31.829163Z,1788140311539,ZKCUSDT,Sell,418.6,0.06192,"{""T"":1788140311539,""s"":""ZKCUSDT"",""S"":""Sell"",""v"":""418.6"",""p"":""0.06192""}"
2026-08-31T01:38:37.313399Z,1788140316787,SKRUSDT,Sell,310,0.028908,"{""T"":1788140316787,""s"":""SKRUSDT"",""S"":""Sell"",""v"":""310"",""p"":""0.028908""}"
2026-08-31T01:38:37.813191Z,1788140317640,SKRUSDT,Sell,6250,0.028975,"{""T"":1788140317640,""s"":""SKRUSDT"",""S"":""Sell"",""v"":""6250"",""p"":""0.028975""}"
2026-08-31T01:38:37.825256Z,1788140317640,MONUSDT,Buy,5000,0.026440,"{""T"":1788140317640,""s"":""MONUSDT"",""S"":""Buy"",""v"":""5000"",""p"":""0.026440""}"
2026-08-31T01:38:38.067120Z,1788140317640,BTCUSDT,Buy,0.005,77467.80,"{""T"":1788140317640,""s"":""BTCUSDT"",""S"":""Buy"",""v"":""0.005"",""p"":""77467.80""}"
2026-08-31T01:38:38.313759Z,1788140318017,SKRUSDT,Sell,31810,0.028951,"{""T"":1788140318017,""s"":""SKRUSDT"",""S"":""Sell"",""v"":""31810"",""p"":""0.028951""}"
2026-08-31T01:38:38.313759Z,1788140318018,SKRUSDT,Sell,5430,0.028938,"{""T"":1788140318018,""s"":""SKRUSDT"",""S"":""Sell"",""v"":""5430"",""p"":""0.028938""}"
2026-08-31T01:38:39.313690Z,1788140318801,SKRUSDT,Sell,97320,0.028990,"{""T"":1788140318801,""s"":""SKRUSDT"",""S"":""Sell"",""v"":""97320"",""p"":""0.028990""}"
2026-08-31T01:38:39.313690Z,1788140318870,SKRUSDT,Sell,160340,0.029014,"{""T"":1788140318870,""s"":""SKRUSDT"",""S"":""Sell"",""v"":""160340"",""p"":""0.029014""}"
2026-08-31T01:38:39.813196Z,1788140319532,SKRUSDT,Sell,4580,0.029063,"{""T"":1788140319532,""s"":""SKRUSDT"",""S"":""Sell"",""v"":""4580"",""p"":""0.029063""}"
2026-08-31T01:38:46.992682Z,1788140326607,SUIUSDT,Buy,90,0.70110,"{""T"":1788140326607,""s"":""SUIUSDT"",""S"":""Buy"",""v"":""90"",""p"":""0.70110""}"
2026-08-31T01:38:51.813303Z,1788140331518,SKRUSDT,Sell,32610,0.029211,"{""T"":1788140331518,""s"":""SKRUSDT"",""S"":""Sell"",""v"":""32610"",""p"":""0.029211""}"
2026-08-31T01:38:51.813303Z,1788140331649,SKRUSDT,Sell,226240,0.029218,"{""T"":1788140331649,""s"":""SKRUSDT"",""S"":""Sell"",""v"":""226240"",""p"":""0.029218""}"
2026-08-31T01:38:52.313453Z,1788140331822,SKRUSDT,Sell,97170,0.029086,"{""T"":1788140331822,""s"":""SKRUSDT"",""S"":""Sell"",""v"":""97170"",""p"":""0.029086""}"
2026-08-31T01:38:52.313453Z,1788140332080,SKRUSDT,Sell,18730,0.029150,"{""T"":1788140332080,""s"":""SKRUSDT"",""S"":""Sell"",""v"":""18730"",""p"":""0.029150""}"
2026-08-31T01:38:52.313453Z,1788140332109,SKRUSDT,Sell,28880,0.029168,"{""T"":1788140332109,""s"":""SKRUSDT"",""S"":""Sell"",""v"":""28880"",""p"":""0.029168""}"
2026-08-31T01:38:53.313223Z,1788140333106,SKRUSDT,Sell,350,0.029216,"{""T"":1788140333106,""s"":""SKRUSDT"",""S"":""Sell"",""v"":""350"",""p"":""0.029216""}"
2026-08-31T01:39:16.313217Z,1788140355752,SKRUSDT,Sell,820,0.029251,"{""T"":1788140355752,""s"":""SKRUSDT"",""S"":""Sell"",""v"":""820"",""p"":""0.029251""}"
2026-08-31T01:39:16.313217Z,1788140355757,SKRUSDT,Sell,1420,0.029238,"{""T"":1788140355757,""s"":""SKRUSDT"",""S"":""Sell"",""v"":""1420"",""p"":""0.029238""}"
2026-08-31T01:39:31.069539Z,1788140370529,BTCUSDT,Sell,0.027,78121.90,"{""T"":1788140370529,""s"":""BTCUSDT"",""S"":""Sell"",""v"":""0.027"",""p"":""78121.90""}"
2026-08-31T01:39:31.455871Z,1788140370870,ETHUSDT,Sell,0.01,2431.44,"{""T"":1788140370870,""s"":""ETHUSDT"",""S"":""Sell"",""v"":""0.01"",""p"":""2431.44""}"
2026-08-31T01:39:32.337858Z,1788140372059,XRPUSDT,Sell,544.4,1.3595,"{""T"":1788140372059,""s"":""XRPUSDT"",""S"":""Sell"",""v"":""544.4"",""p"":""1.3595""}"
2026-08-31T01:39:32.837700Z,1788140372596,XRPUSDT,Sell,2389.1,1.3598,"{""T"":1788140372596,""s"":""XRPUSDT"",""S"":""Sell"",""v"":""2389.1"",""p"":""1.3598""}"
2026-08-31T01:39:35.955785Z,1788140375626,ETHUSDT,Sell,5.00,2433.43,"{""T"":1788140375626,""s"":""ETHUSDT"",""S"":""Sell"",""v"":""5.00"",""p"":""2433.43""}"
2026-08-31T01:39:46.814063Z,1788140386372,SKRUSDT,Sell,12740,0.029443,"{""T"":1788140386372,""s"":""SKRUSDT"",""S"":""Sell"",""v"":""12740"",""p"":""0.029443""}"
2026-08-31T01:39:46.814063Z,1788140386415,SKRUSDT,Sell,4160,0.029337,"{""T"":1788140386415,""s"":""SKRUSDT"",""S"":""Sell"",""v"":""4160"",""p"":""0.029337""}"
2026-08-31T01:39:46.814063Z,1788140386435,SKRUSDT,Sell,1650,0.029400,"{""T"":1788140386435,""s"":""SKRUSDT"",""S"":""Sell"",""v"":""1650"",""p"":""0.029400""}"
2026-08-31T01:39:46.814063Z,1788140386543,SKRUSDT,Sell,11020,0.029417,"{""T"":1788140386543,""s"":""SKRUSDT"",""S"":""Sell"",""v"":""11020"",""p"":""0.029417""}"
2026-08-31T01:39:46.814063Z,1788140386544,SKRUSDT,Sell,28290,0.029296,"{""T"":1788140386544,""s"":""SKRUSDT"",""S"":""Sell"",""v"":""28290"",""p"":""0.029296""}"
2026-08-31T01:39:46.814063Z,1788140386557,SKRUSDT,Sell,2230,0.029288,"{""T"":1788140386557,""s"":""SKRUSDT"",""S"":""Sell"",""v"":""2230"",""p"":""0.029288""}"
2026-08-31T01:39:46.828739Z,1788140386372,NIULAIUSDT,Sell,3390,0.10947,"{""T"":1788140386372,""s"":""NIULAIUSDT"",""S"":""Sell"",""v"":""3390"",""p"":""0.10947""}"
2026-08-31T01:39:47.313222Z,1788140387031,SKRUSDT,Sell,13260,0.029406,"{""T"":1788140387031,""s"":""SKRUSDT"",""S"":""Sell"",""v"":""13260"",""p"":""0.029406""}"
2026-08-31T01:40:08.329070Z,1788140407783,NIULAIUSDT,Sell,550,0.11027,"{""T"":1788140407783,""s"":""NIULAIUSDT"",""S"":""Sell"",""v"":""550"",""p"":""0.11027""}"
2026-08-31T01:40:08.329070Z,1788140408132,NIULAIUSDT,Sell,500,0.11023,"{""T"":1788140408132,""s"":""NIULAIUSDT"",""S"":""Sell"",""v"":""500"",""p"":""0.11023""}"
2026-08-31T01:40:12.837525Z,1788140412552,HNTUSDT,Sell,65.23,0.8146,"{""T"":1788140412552,""s"":""HNTUSDT"",""S"":""Sell"",""v"":""65.23"",""p"":""0.8146""}"
2026-08-31T01:40:13.986884Z,1788140413675,MAGMAUSDT,Buy,535,0.33080,"{""T"":1788140413675,""s"":""MAGMAUSDT"",""S"":""Buy"",""v"":""535"",""p"":""0.33080""}"
2026-08-31T01:40:36.350871Z,1788140436262,UAIUSDT,Sell,49,0.39810,"{""T"":1788140436262,""s"":""UAIUSDT"",""S"":""Sell"",""v"":""49"",""p"":""0.39810""}"
2026-08-31T01:40:36.813299Z,1788140436262,SKRUSDT,Sell,940,0.029153,"{""T"":1788140436262,""s"":""SKRUSDT"",""S"":""Sell"",""v"":""940"",""p"":""0.029153""}"
2026-08-31T01:40:36.825007Z,1788140436262,ZORAUSDT,Sell,9580,0.008645,"{""T"":1788140436262,""s"":""ZORAUSDT"",""S"":""Sell"",""v"":""9580"",""p"":""0.008645""}"
2026-08-31T01:40:36.829423Z,1788140436262,ZKCUSDT,Sell,1928.1,0.06183,"{""T"":1788140436262,""s"":""ZKCUSDT"",""S"":""Sell"",""v"":""1928.1"",""p"":""0.06183""}"
2026-08-31T01:40:36.837613Z,1788140436262,HNTUSDT,Sell,13.02,0.8035,"{""T"":1788140436262,""s"":""HNTUSDT"",""S"":""Sell"",""v"":""13.02"",""p"":""0.8035""}"
2026-08-31T01:41:06.313339Z,1788140466012,SKRUSDT,Sell,60000,0.029659,"{""T"":1788140466012,""s"":""SKRUSDT"",""S"":""Sell"",""v"":""60000"",""p"":""0.029659""}"
2026-08-31T01:41:06.313339Z,1788140466020,SKRUSDT,Sell,158420,0.029566,"{""T"":1788140466020,""s"":""SKRUSDT"",""S"":""Sell"",""v"":""158420"",""p"":""0.029566""}"
2026-08-31T01:41:06.313339Z,1788140466059,SKRUSDT,Sell,210,0.029635,"{""T"":1788140466059,""s"":""SKRUSDT"",""S"":""Sell"",""v"":""210"",""p"":""0.029635""}"
2026-08-31T01:41:06.313339Z,1788140466081,SKRUSDT,Sell,97500,0.029592,"{""T"":1788140466081,""s"":""SKRUSDT"",""S"":""Sell"",""v"":""97500"",""p"":""0.029592""}"
2026-08-31T01:41:06.313339Z,1788140466107,SKRUSDT,Sell,44090,0.029628,"{""T"":1788140466107,""s"":""SKRUSDT"",""S"":""Sell"",""v"":""44090"",""p"":""0.029628""}"
2026-08-31T01:41:06.328867Z,1788140465769,ZKCUSDT,Sell,4868.7,0.06249,"{""T"":1788140465769,""s"":""ZKCUSDT"",""S"":""Sell"",""v"":""4868.7"",""p"":""0.06249""}"
2026-08-31T01:41:06.813049Z,1788140466470,SKRUSDT,Sell,830,0.029604,"{""T"":1788140466470,""s"":""SKRUSDT"",""S"":""Sell"",""v"":""830"",""p"":""0.029604""}"
2026-08-31T01:41:07.329037Z,1788140467022,ZKCUSDT,Sell,1301.1,0.06265,"{""T"":1788140467022,""s"":""ZKCUSDT"",""S"":""Sell"",""v"":""1301.1"",""p"":""0.06265""}"
2026-08-31T01:41:07.813306Z,1788140467315,SKRUSDT,Sell,8810,0.029694,"{""T"":1788140467315,""s"":""SKRUSDT"",""S"":""Sell"",""v"":""8810"",""p"":""0.029694""}"
2026-08-31T01:41:07.813306Z,1788140467325,SKRUSDT,Sell,1260,0.029740,"{""T"":1788140467325,""s"":""SKRUSDT"",""S"":""Sell"",""v"":""1260"",""p"":""0.029740""}"
2026-08-31T01:41:07.813306Z,1788140467468,SKRUSDT,Sell,3130,0.029881,"{""T"":1788140467468,""s"":""SKRUSDT"",""S"":""Sell"",""v"":""3130"",""p"":""0.029881""}"
2026-08-31T01:41:07.813306Z,1788140467498,SKRUSDT,Sell,2310,0.029897,"{""T"":1788140467498,""s"":""SKRUSDT"",""S"":""Sell"",""v"":""2310"",""p"":""0.029897""}"
2026-08-31T01:41:07.813306Z,1788140467513,SKRUSDT,Sell,1040,0.029900,"{""T"":1788140467513,""s"":""SKRUSDT"",""S"":""Sell"",""v"":""1040"",""p"":""0.029900""}"
2026-08-31T01:41:07.813306Z,1788140467558,SKRUSDT,Sell,1850,0.029700,"{""T"":1788140467558,""s"":""SKRUSDT"",""S"":""Sell"",""v"":""1850"",""p"":""0.029700""}"
2026-08-31T01:41:07.813306Z,1788140467567,SKRUSDT,Sell,2260,0.029954,"{""T"":1788140467567,""s"":""SKRUSDT"",""S"":""Sell"",""v"":""2260"",""p"":""0.029954""}"
2026-08-31T01:41:08.313055Z,1788140467800,SKRUSDT,Sell,2130,0.029889,"{""T"":1788140467800,""s"":""SKRUSDT"",""S"":""Sell"",""v"":""2130"",""p"":""0.029889""}"
2026-08-31T01:41:08.313055Z,1788140467863,SKRUSDT,Sell,4980,0.029922,"{""T"":1788140467863,""s"":""SKRUSDT"",""S"":""Sell"",""v"":""4980"",""p"":""0.029922""}"
2026-08-31T01:41:08.313055Z,1788140467901,SKRUSDT,Sell,1710,0.029879,"{""T"":1788140467901,""s"":""SKRUSDT"",""S"":""Sell"",""v"":""1710"",""p"":""0.029879""}"
2026-08-31T01:41:08.313055Z,1788140467961,SKRUSDT,Sell,590,0.029745,"{""T"":1788140467961,""s"":""SKRUSDT"",""S"":""Sell"",""v"":""590"",""p"":""0.029745""}"
2026-08-31T01:41:08.313055Z,1788140467979,SKRUSDT,Sell,23520,0.029907,"{""T"":1788140467979,""s"":""SKRUSDT"",""S"":""Sell"",""v"":""23520"",""p"":""0.029907""}"
2026-08-31T01:41:08.313055Z,1788140467986,SKRUSDT,Sell,1030,0.029869,"{""T"":1788140467986,""s"":""SKRUSDT"",""S"":""Sell"",""v"":""1030"",""p"":""0.029869""}"
2026-08-31T01:41:08.313055Z,1788140468025,SKRUSDT,Sell,2600,0.029857,"{""T"":1788140468025,""s"":""SKRUSDT"",""S"":""Sell"",""v"":""2600"",""p"":""0.029857""}"
2026-08-31T01:41:08.313055Z,1788140468128,SKRUSDT,Sell,4570,0.029766,"{""T"":1788140468128,""s"":""SKRUSDT"",""S"":""Sell"",""v"":""4570"",""p"":""0.029766""}"
2026-08-31T01:41:08.313055Z,1788140468136,SKRUSDT,Sell,10560,0.029700,"{""T"":1788140468136,""s"":""SKRUSDT"",""S"":""Sell"",""v"":""10560"",""p"":""0.029700""}"
2026-08-31T01:41:08.329251Z,1788140467790,ZKCUSDT,Sell,333.6,0.06296,"{""T"":1788140467790,""s"":""ZKCUSDT"",""S"":""Sell"",""v"":""333.6"",""p"":""0.06296""}"
2026-08-31T01:41:08.329251Z,1788140468019,ZKCUSDT,Sell,592.9,0.06275,"{""T"":1788140468019,""s"":""ZKCUSDT"",""S"":""Sell"",""v"":""592.9"",""p"":""0.06275""}"
2026-08-31T01:41:08.813057Z,1788140468591,TRUMPUSDT,Buy,7.6,2.345,"{""T"":1788140468591,""s"":""TRUMPUSDT"",""S"":""Buy"",""v"":""7.6"",""p"":""2.345""}"
2026-08-31T01:41:08.813362Z,1788140468288,SKRUSDT,Sell,1480,0.029940,"{""T"":1788140468288,""s"":""SKRUSDT"",""S"":""Sell"",""v"":""1480"",""p"":""0.029940""}"
2026-08-31T01:41:08.813362Z,1788140468544,SKRUSDT,Sell,1230,0.030224,"{""T"":1788140468544,""s"":""SKRUSDT"",""S"":""Sell"",""v"":""1230"",""p"":""0.030224""}"
2026-08-31T01:41:08.813362Z,1788140468585,SKRUSDT,Sell,2480,0.030156,"{""T"":1788140468585,""s"":""SKRUSDT"",""S"":""Sell"",""v"":""2480"",""p"":""0.030156""}"
2026-08-31T01:41:08.813362Z,1788140468591,SKRUSDT,Sell,1770,0.030249,"{""T"":1788140468591,""s"":""SKRUSDT"",""S"":""Sell"",""v"":""1770"",""p"":""0.030249""}"
2026-08-31T01:41:09.313423Z,1788140468845,SKRUSDT,Sell,4060,0.030120,"{""T"":1788140468845,""s"":""SKRUSDT"",""S"":""Sell"",""v"":""4060"",""p"":""0.030120""}"
2026-08-31T01:41:09.313423Z,1788140468947,SKRUSDT,Sell,3530,0.030162,"{""T"":1788140468947,""s"":""SKRUSDT"",""S"":""Sell"",""v"":""3530"",""p"":""0.030162""}"
2026-08-31T01:41:09.313423Z,1788140469031,SKRUSDT,Sell,114910,0.030214,"{""T"":1788140469031,""s"":""SKRUSDT"",""S"":""Sell"",""v"":""114910"",""p"":""0.030214""}"
2026-08-31T01:41:09.313423Z,1788140469052,SKRUSDT,Sell,14690,0.030124,"{""T"":1788140469052,""s"":""SKRUSDT"",""S"":""Sell"",""v"":""14690"",""p"":""0.030124""}"
2026-08-31T01:41:09.313423Z,1788140469139,SKRUSDT,Sell,1900,0.030250,"{""T"":1788140469139,""s"":""SKRUSDT"",""S"":""Sell"",""v"":""1900"",""p"":""0.030250""}"
2026-08-31T01:41:09.813787Z,1788140469271,SKRUSDT,Sell,410,0.030029,"{""T"":1788140469271,""s"":""SKRUSDT"",""S"":""Sell"",""v"":""410"",""p"":""0.030029""}"
2026-08-31T01:41:09.813787Z,1788140469510,SKRUSDT,Sell,37170,0.030345,"{""T"":1788140469510,""s"":""SKRUSDT"",""S"":""Sell"",""v"":""37170"",""p"":""0.030345""}"
2026-08-31T01:41:09.813787Z,1788140469536,SKRUSDT,Sell,5310,0.030336,"{""T"":1788140469536,""s"":""SKRUSDT"",""S"":""Sell"",""v"":""5310"",""p"":""0.030336""}"
2026-08-31T01:41:09.813787Z,1788140469585,SKRUSDT,Sell,2330,0.030473,"{""T"":1788140469585,""s"":""SKRUSDT"",""S"":""Sell"",""v"":""2330"",""p"":""0.030473""}"
2026-08-31T01:41:09.813787Z,1788140469604,SKRUSDT,Sell,86030,0.030340,"{""T"":1788140469604,""s"":""SKRUSDT"",""S"":""Sell"",""v"":""86030"",""p"":""0.030340""}"
2026-08-31T01:41:09.829601Z,1788140469505,ZKCUSDT,Sell,166.0,0.06324,"{""T"":1788140469505,""s"":""ZKCUSDT"",""S"":""Sell"",""v"":""166.0"",""p"":""0.06324""}"
2026-08-31T01:41:09.829601Z,1788140469562,ZKCUSDT,Sell,1421.0,0.06287,"{""T"":1788140469562,""s"":""ZKCUSDT"",""S"":""Sell"",""v"":""1421.0"",""p"":""0.06287""}"
2026-08-31T01:41:09.830034Z,1788140469738,NIULAIUSDT,Buy,700,0.10505,"{""T"":1788140469738,""s"":""NIULAIUSDT"",""S"":""Buy"",""v"":""700"",""p"":""0.10505""}"
2026-08-31T01:41:10.313328Z,1788140469738,SKRUSDT,Sell,1820,0.030433,"{""T"":1788140469738,""s"":""SKRUSDT"",""S"":""Sell"",""v"":""1820"",""p"":""0.030433""}"
2026-08-31T01:41:10.313328Z,1788140469902,SKRUSDT,Sell,2840,0.030507,"{""T"":1788140469902,""s"":""SKRUSDT"",""S"":""Sell"",""v"":""2840"",""p"":""0.030507""}"
2026-08-31T01:41:10.313328Z,1788140469966,SKRUSDT,Sell,171040,0.030376,"{""T"":1788140469966,""s"":""SKRUSDT"",""S"":""Sell"",""v"":""171040"",""p"":""0.030376""}"
2026-08-31T01:41:10.313328Z,1788140469985,SKRUSDT,Sell,133540,0.030305,"{""T"":1788140469985,""s"":""SKRUSDT"",""S"":""Sell"",""v"":""133540"",""p"":""0.030305""}"
2026-08-31T01:41:10.828848Z,1788140470676,ZKCUSDT,Sell,8525.7,0.06336,"{""T"":1788140470676,""s"":""ZKCUSDT"",""S"":""Sell"",""v"":""8525.7"",""p"":""0.06336""}"
2026-08-31T01:41:12.829197Z,1788140472523,NIULAIUSDT,Sell,640,0.11079,"{""T"":1788140472523,""s"":""NIULAIUSDT"",""S"":""Sell"",""v"":""640"",""p"":""0.11079""}"
2026-08-31T01:41:16.328932Z,1788140476074,NIULAIUSDT,Sell,1700,0.11096,"{""T"":1788140476074,""s"":""NIULAIUSDT"",""S"":""Sell"",""v"":""1700"",""p"":""0.11096""}"
2026-08-31T01:41:18.313907Z,1788140477892,SKRUSDT,Sell,18420,0.030509,"{""T"":1788140477892,""s"":""SKRUSDT"",""S"":""Sell"",""v"":""18420"",""p"":""0.030509""}"
2026-08-31T01:41:18.813996Z,1788140478399,SKRUSDT,Sell,1150,0.030800,"{""T"":1788140478399,""s"":""SKRUSDT"",""S"":""Sell"",""v"":""1150"",""p"":""0.030800""}"
2026-08-31T01:41:18.813996Z,1788140478438,SKRUSDT,Sell,141020,0.030747,"{""T"":1788140478438,""s"":""SKRUSDT"",""S"":""Sell"",""v"":""141020"",""p"":""0.030747""}"
2026-08-31T01:41:18.813996Z,1788140478521,SKRUSDT,Sell,460,0.030699,"{""T"":1788140478521,""s"":""SKRUSDT"",""S"":""Sell"",""v"":""460"",""p"":""0.030699""}"
2026-08-31T01:41:18.813996Z,1788140478592,SKRUSDT,Sell,301770,0.030636,"{""T"":1788140478592,""s"":""SKRUSDT"",""S"":""Sell"",""v"":""301770"",""p"":""0.030636""}"
2026-08-31T01:41:18.813996Z,1788140478602,SKRUSDT,Sell,15110,0.030718,"{""T"":1788140478602,""s"":""SKRUSDT"",""S"":""Sell"",""v"":""15110"",""p"":""0.030718""}"
2026-08-31T01:41:18.813996Z,1788140478612,SKRUSDT,Sell,1530,0.030800,"{""T"":1788140478612,""s"":""SKRUSDT"",""S"":""Sell"",""v"":""1530"",""p"":""0.030800""}"
2026-08-31T01:41:18.813996Z,1788140478704,SKRUSDT,Sell,60380,0.030709,"{""T"":1788140478704,""s"":""SKRUSDT"",""S"":""Sell"",""v"":""60380"",""p"":""0.030709""}"
2026-08-31T01:41:18.814673Z,1788140478438,NILUSDT,Sell,1197,0.05302,"{""T"":1788140478438,""s"":""NILUSDT"",""S"":""Sell"",""v"":""1197"",""p"":""0.05302""}"
2026-08-31T01:41:18.849479Z,1788140478438,UAIUSDT,Sell,175,0.40000,"{""T"":1788140478438,""s"":""UAIUSDT"",""S"":""Sell"",""v"":""175"",""p"":""0.40000""}"
2026-08-31T01:41:18.849920Z,1788140478438,BTRUSDT,Sell,6852,0.16620,"{""T"":1788140478438,""s"":""BTRUSDT"",""S"":""Sell"",""v"":""6852"",""p"":""0.16620""}"
2026-08-31T01:41:18.860197Z,1788140478438,APTUSDT,Buy,3687.99,0.5125,"{""T"":1788140478438,""s"":""APTUSDT"",""S"":""Buy"",""v"":""3687.99"",""p"":""0.5125""}"
2026-08-31T01:41:18.860541Z,1788140478438,MUUSDT,Buy,1.06,912.74,"{""T"":1788140478438,""s"":""MUUSDT"",""S"":""Buy"",""v"":""1.06"",""p"":""912.74""}"
2026-08-31T01:41:18.915200Z,1788140478438,DOTUSDT,Buy,1157.9,0.8173,"{""T"":1788140478438,""s"":""DOTUSDT"",""S"":""Buy"",""v"":""1157.9"",""p"":""0.8173""}"
2026-08-31T01:41:18.915765Z,1788140478438,ADAUSDT,Buy,7331,0.1920,"{""T"":1788140478438,""s"":""ADAUSDT"",""S"":""Buy"",""v"":""7331"",""p"":""0.1920""}"
2026-08-31T01:41:18.986641Z,1788140478438,SNDKUSDT,Buy,1.33,1456.00,"{""T"":1788140478438,""s"":""SNDKUSDT"",""S"":""Buy"",""v"":""1.33"",""p"":""1456.00""}"
2026-08-31T01:41:18.992173Z,1788140478438,OPUSDT,Buy,11150.7,0.08648,"{""T"":1788140478438,""s"":""OPUSDT"",""S"":""Buy"",""v"":""11150.7"",""p"":""0.08648""}"
2026-08-31T01:41:19.313662Z,1788140478799,SKRUSDT,Sell,1820,0.030571,"{""T"":1788140478799,""s"":""SKRUSDT"",""S"":""Sell"",""v"":""1820"",""p"":""0.030571""}"
2026-08-31T01:41:19.313662Z,1788140478864,SKRUSDT,Sell,1270,0.030687,"{""T"":1788140478864,""s"":""SKRUSDT"",""S"":""Sell"",""v"":""1270"",""p"":""0.030687""}"
2026-08-31T01:41:19.313662Z,1788140479103,SKRUSDT,Sell,80,0.030593,"{""T"":1788140479103,""s"":""SKRUSDT"",""S"":""Sell"",""v"":""80"",""p"":""0.030593""}"
2026-08-31T01:41:19.313662Z,1788140479156,SKRUSDT,Sell,12400,0.030571,"{""T"":1788140479156,""s"":""SKRUSDT"",""S"":""Sell"",""v"":""12400"",""p"":""0.030571""}"
2026-08-31T01:41:19.812990Z,1788140479232,SKRUSDT,Sell,4450,0.030782,"{""T"":1788140479232,""s"":""SKRUSDT"",""S"":""Sell"",""v"":""4450"",""p"":""0.030782""}"
2026-08-31T01:41:19.812990Z,1788140479721,SKRUSDT,Sell,116530,0.030874,"{""T"":1788140479721,""s"":""SKRUSDT"",""S"":""Sell"",""v"":""116530"",""p"":""0.030874""}"
2026-08-31T01:41:20.313240Z,1788140479805,SKRUSDT,Sell,3770,0.030994,"{""T"":1788140479805,""s"":""SKRUSDT"",""S"":""Sell"",""v"":""3770"",""p"":""0.030994""}"
2026-08-31T01:41:25.329704Z,1788140484837,NIULAIUSDT,Sell,210,0.11104,"{""T"":1788140484837,""s"":""NIULAIUSDT"",""S"":""Sell"",""v"":""210"",""p"":""0.11104""}"
2026-08-31T01:41:47.313595Z,1788140507117,SKRUSDT,Buy,1400,0.028918,"{""T"":1788140507117,""s"":""SKRUSDT"",""S"":""Buy"",""v"":""1400"",""p"":""0.028918""}"
2026-08-31T01:42:04.329573Z,1788140524004,ZKCUSDT,Sell,334.1,0.06363,"{""T"":1788140524004,""s"":""ZKCUSDT"",""S"":""Sell"",""v"":""334.1"",""p"":""0.06363""}"
2026-08-31T01:42:28.829035Z,1788140548680,ZKCUSDT,Sell,2952.8,0.06416,"{""T"":1788140548680,""s"":""ZKCUSDT"",""S"":""Sell"",""v"":""2952.8"",""p"":""0.06416""}"
2026-08-31T01:43:23.987631Z,1788140603553,MAGMAUSDT,Buy,37,0.32940,"{""T"":1788140603553,""s"":""MAGMAUSDT"",""S"":""Buy"",""v"":""37"",""p"":""0.32940""}"
2026-08-31T01:43:27.562877Z,1788140607372,SOLUSDT,Buy,110.2,101.260,"{""T"":1788140607372,""s"":""SOLUSDT"",""S"":""Buy"",""v"":""110.2"",""p"":""101.260""}"
2026-08-31T01:43:27.813184Z,1788140607372,TRUMPUSDT,Buy,3274.3,2.336,"{""T"":1788140607372,""s"":""TRUMPUSDT"",""S"":""Buy"",""v"":""3274.3"",""p"":""2.336""}"
2026-08-31T01:43:27.813546Z,1788140607372,PUMPFUNUSDT,Buy,1129300,0.0043820,"{""T"":1788140607372,""s"":""PUMPFUNUSDT"",""S"":""Buy"",""v"":""1129300"",""p"":""0.0043820""}"
2026-08-31T01:43:27.813737Z,1788140607372,SKRUSDT,Sell,164400,0.031047,"{""T"":1788140607372,""s"":""SKRUSDT"",""S"":""Sell"",""v"":""164400"",""p"":""0.031047""}"
2026-08-31T01:43:27.813737Z,1788140607406,SKRUSDT,Sell,660,0.031054,"{""T"":1788140607406,""s"":""SKRUSDT"",""S"":""Sell"",""v"":""660"",""p"":""0.031054""}"
2026-08-31T01:43:27.825122Z,1788140607372,ENAUSDT,Buy,66990,0.14575,"{""T"":1788140607372,""s"":""ENAUSDT"",""S"":""Buy"",""v"":""66990"",""p"":""0.14575""}"
2026-08-31T01:43:27.825333Z,1788140607372,FARTCOINUSDT,Sell,43793,0.17680,"{""T"":1788140607372,""s"":""FARTCOINUSDT"",""S"":""Sell"",""v"":""43793"",""p"":""0.17680""}"
2026-08-31T01:43:39.313252Z,1788140618857,SKRUSDT,Sell,830,0.031125,"{""T"":1788140618857,""s"":""SKRUSDT"",""S"":""Sell"",""v"":""830"",""p"":""0.031125""}"
2026-08-31T01:43:39.813425Z,1788140619408,SKRUSDT,Sell,1110,0.031236,"{""T"":1788140619408,""s"":""SKRUSDT"",""S"":""Sell"",""v"":""1110"",""p"":""0.031236""}"
2026-08-31T01:43:39.813425Z,1788140619495,SKRUSDT,Sell,139210,0.031176,"{""T"":1788140619495,""s"":""SKRUSDT"",""S"":""Sell"",""v"":""139210"",""p"":""0.031176""}"
2026-08-31T01:43:39.813425Z,1788140619500,SKRUSDT,Sell,6380,0.031168,"{""T"":1788140619500,""s"":""SKRUSDT"",""S"":""Sell"",""v"":""6380"",""p"":""0.031168""}"
2026-08-31T01:43:39.813425Z,1788140619590,SKRUSDT,Sell,49330,0.031317,"{""T"":1788140619590,""s"":""SKRUSDT"",""S"":""Sell"",""v"":""49330"",""p"":""0.031317""}"
2026-08-31T01:43:39.813425Z,1788140619591,SKRUSDT,Sell,45560,0.031275,"{""T"":1788140619591,""s"":""SKRUSDT"",""S"":""Sell"",""v"":""45560"",""p"":""0.031275""}"
2026-08-31T01:43:39.813425Z,1788140619617,SKRUSDT,Sell,11240,0.031323,"{""T"":1788140619617,""s"":""SKRUSDT"",""S"":""Sell"",""v"":""11240"",""p"":""0.031323""}"
2026-08-31T01:43:39.829591Z,1788140619590,NIULAIUSDT,Sell,8500,0.11063,"{""T"":1788140619590,""s"":""NIULAIUSDT"",""S"":""Sell"",""v"":""8500"",""p"":""0.11063""}"
2026-08-31T01:43:39.829591Z,1788140619617,NIULAIUSDT,Sell,8460,0.11060,"{""T"":1788140619617,""s"":""NIULAIUSDT"",""S"":""Sell"",""v"":""8460"",""p"":""0.11060""}"
2026-08-31T01:43:39.848407Z,1788140619590,UAIUSDT,Sell,2500,0.39880,"{""T"":1788140619590,""s"":""UAIUSDT"",""S"":""Sell"",""v"":""2500"",""p"":""0.39880""}"
2026-08-31T01:43:40.313608Z,1788140619767,SKRUSDT,Sell,1850,0.031308,"{""T"":1788140619767,""s"":""SKRUSDT"",""S"":""Sell"",""v"":""1850"",""p"":""0.031308""}"
2026-08-31T01:43:40.313608Z,1788140619842,SKRUSDT,Sell,9700,0.031341,"{""T"":1788140619842,""s"":""SKRUSDT"",""S"":""Sell"",""v"":""9700"",""p"":""0.031341""}"
2026-08-31T01:43:40.313608Z,1788140619878,SKRUSDT,Sell,21420,0.031296,"{""T"":1788140619878,""s"":""SKRUSDT"",""S"":""Sell"",""v"":""21420"",""p"":""0.031296""}"
2026-08-31T01:43:40.313608Z,1788140619978,SKRUSDT,Sell,1500,0.031317,"{""T"":1788140619978,""s"":""SKRUSDT"",""S"":""Sell"",""v"":""1500"",""p"":""0.031317""}"
2026-08-31T01:43:40.313608Z,1788140620079,SKRUSDT,Sell,17770,0.031237,"{""T"":1788140620079,""s"":""SKRUSDT"",""S"":""Sell"",""v"":""17770"",""p"":""0.031237""}"
2026-08-31T01:43:40.313608Z,1788140620082,SKRUSDT,Sell,21130,0.031314,"{""T"":1788140620082,""s"":""SKRUSDT"",""S"":""Sell"",""v"":""21130"",""p"":""0.031314""}"
2026-08-31T01:43:40.313608Z,1788140620092,SKRUSDT,Sell,1810,0.031282,"{""T"":1788140620092,""s"":""SKRUSDT"",""S"":""Sell"",""v"":""1810"",""p"":""0.031282""}"
2026-08-31T01:43:40.337714Z,1788140619767,HNTUSDT,Buy,11.10,0.7305,"{""T"":1788140619767,""s"":""HNTUSDT"",""S"":""Buy"",""v"":""11.10"",""p"":""0.7305""}"
2026-08-31T01:43:40.813170Z,1788140620290,SKRUSDT,Sell,40450,0.031288,"{""T"":1788140620290,""s"":""SKRUSDT"",""S"":""Sell"",""v"":""40450"",""p"":""0.031288""}"
2026-08-31T01:43:41.813517Z,1788140621568,SKRUSDT,Sell,14290,0.031410,"{""T"":1788140621568,""s"":""SKRUSDT"",""S"":""Sell"",""v"":""14290"",""p"":""0.031410""}"
2026-08-31T01:43:41.813517Z,1788140621663,SKRUSDT,Sell,790,0.031553,"{""T"":1788140621663,""s"":""SKRUSDT"",""S"":""Sell"",""v"":""790"",""p"":""0.031553""}"
2026-08-31T01:43:41.813517Z,1788140621665,SKRUSDT,Sell,29090,0.031538,"{""T"":1788140621665,""s"":""SKRUSDT"",""S"":""Sell"",""v"":""29090"",""p"":""0.031538""}"
2026-08-31T01:43:41.813517Z,1788140621668,SKRUSDT,Sell,4220,0.031438,"{""T"":1788140621668,""s"":""SKRUSDT"",""S"":""Sell"",""v"":""4220"",""p"":""0.031438""}"
2026-08-31T01:43:42.313091Z,1788140621856,SKRUSDT,Sell,1580,0.031449,"{""T"":1788140621856,""s"":""SKRUSDT"",""S"":""Sell"",""v"":""1580"",""p"":""0.031449""}"
2026-08-31T01:43:42.313091Z,1788140621857,SKRUSDT,Sell,210,0.031405,"{""T"":1788140621857,""s"":""SKRUSDT"",""S"":""Sell"",""v"":""210"",""p"":""0.031405""}"
2026-08-31T01:43:42.313091Z,1788140621949,SKRUSDT,Sell,1100,0.031364,"{""T"":1788140621949,""s"":""SKRUSDT"",""S"":""Sell"",""v"":""1100"",""p"":""0.031364""}"
2026-08-31T01:43:42.313091Z,1788140621988,SKRUSDT,Sell,17360,0.031509,"{""T"":1788140621988,""s"":""SKRUSDT"",""S"":""Sell"",""v"":""17360"",""p"":""0.031509""}"
2026-08-31T01:43:42.313091Z,1788140622012,SKRUSDT,Sell,240,0.031505,"{""T"":1788140622012,""s"":""SKRUSDT"",""S"":""Sell"",""v"":""240"",""p"":""0.031505""}"
2026-08-31T01:43:42.813174Z,1788140622398,SKRUSDT,Sell,10960,0.031489,"{""T"":1788140622398,""s"":""SKRUSDT"",""S"":""Sell"",""v"":""10960"",""p"":""0.031489""}"
2026-08-31T01:43:42.813174Z,1788140622398,SKRUSDT,Sell,5340,0.031538,"{""T"":1788140622398,""s"":""SKRUSDT"",""S"":""Sell"",""v"":""5340"",""p"":""0.031538""}"
2026-08-31T01:43:43.813233Z,1788140623531,SKRUSDT,Sell,50620,0.031405,"{""T"":1788140623531,""s"":""SKRUSDT"",""S"":""Sell"",""v"":""50620"",""p"":""0.031405""}"
2026-08-31T01:43:43.813233Z,1788140623542,SKRUSDT,Sell,3050,0.031456,"{""T"":1788140623542,""s"":""SKRUSDT"",""S"":""Sell"",""v"":""3050"",""p"":""0.031456""}"
2026-08-31T01:43:53.992598Z,1788140633583,ONGUSDT,Buy,2000,0.09619,"{""T"":1788140633583,""s"":""ONGUSDT"",""S"":""Buy"",""v"":""2000"",""p"":""0.09619""}"
2026-08-31T01:43:54.828911Z,1788140634640,NIULAIUSDT,Sell,9220,0.11128,"{""T"":1788140634640,""s"":""NIULAIUSDT"",""S"":""Sell"",""v"":""9220"",""p"":""0.11128""}"
2026-08-31T01:43:56.329182Z,1788140636198,NIULAIUSDT,Sell,4970,0.11145,"{""T"":1788140636198,""s"":""NIULAIUSDT"",""S"":""Sell"",""v"":""4970"",""p"":""0.11145""}"
2026-08-31T01:43:56.829201Z,1788140636505,NIULAIUSDT,Sell,1020,0.11143,"{""T"":1788140636505,""s"":""NIULAIUSDT"",""S"":""Sell"",""v"":""1020"",""p"":""0.11143""}"
2026-08-31T01:43:56.829201Z,1788140636657,NIULAIUSDT,Sell,32150,0.11160,"{""T"":1788140636657,""s"":""NIULAIUSDT"",""S"":""Sell"",""v"":""32150"",""p"":""0.11160""}"
2026-08-31T01:44:00.313001Z,1788140639930,SKRUSDT,Sell,3450,0.031555,"{""T"":1788140639930,""s"":""SKRUSDT"",""S"":""Sell"",""v"":""3450"",""p"":""0.031555""}"
2026-08-31T01:44:00.313001Z,1788140640033,SKRUSDT,Sell,250,0.031566,"{""T"":1788140640033,""s"":""SKRUSDT"",""S"":""Sell"",""v"":""250"",""p"":""0.031566""}"
2026-08-31T01:44:00.328557Z,1788140639930,NIULAIUSDT,Sell,660,0.11143,"{""T"":1788140639930,""s"":""NIULAIUSDT"",""S"":""Sell"",""v"":""660"",""p"":""0.11143""}"
2026-08-31T01:44:00.813762Z,1788140640633,SKRUSDT,Sell,230,0.031574,"{""T"":1788140640633,""s"":""SKRUSDT"",""S"":""Sell"",""v"":""230"",""p"":""0.031574""}"
2026-08-31T01:44:01.813335Z,1788140641389,SKRUSDT,Sell,670,0.031604,"{""T"":1788140641389,""s"":""SKRUSDT"",""S"":""Sell"",""v"":""670"",""p"":""0.031604""}"
2026-08-31T01:44:03.136385Z,1788140642942,AUCTIONUSDT,Sell,2.5,3.812,"{""T"":1788140642942,""s"":""AUCTIONUSDT"",""S"":""Sell"",""v"":""2.5"",""p"":""3.812""}"
2026-08-31T01:44:04.813237Z,1788140644688,SKRUSDT,Sell,5660,0.031800,"{""T"":1788140644688,""s"":""SKRUSDT"",""S"":""Sell"",""v"":""5660"",""p"":""0.031800""}"
2026-08-31T01:44:05.313392Z,1788140645115,SKRUSDT,Sell,7060,0.031856,"{""T"":1788140645115,""s"":""SKRUSDT"",""S"":""Sell"",""v"":""7060"",""p"":""0.031856""}"
2026-08-31T01:44:05.313392Z,1788140645129,SKRUSDT,Sell,7820,0.031829,"{""T"":1788140645129,""s"":""SKRUSDT"",""S"":""Sell"",""v"":""7820"",""p"":""0.031829""}"
2026-08-31T01:44:05.313392Z,1788140645155,SKRUSDT,Sell,620,0.031800,"{""T"":1788140645155,""s"":""SKRUSDT"",""S"":""Sell"",""v"":""620"",""p"":""0.031800""}"
2026-08-31T01:44:05.313392Z,1788140645181,SKRUSDT,Sell,5000,0.031705,"{""T"":1788140645181,""s"":""SKRUSDT"",""S"":""Sell"",""v"":""5000"",""p"":""0.031705""}"
2026-08-31T01:44:05.492336Z,1788140645115,OPUSDT,Buy,356.2,0.08627,"{""T"":1788140645115,""s"":""OPUSDT"",""S"":""Buy"",""v"":""356.2"",""p"":""0.08627""}"
2026-08-31T01:44:05.496578Z,1788140645115,XAUTUSDT,Sell,0.017,4468.10,"{""T"":1788140645115,""s"":""XAUTUSDT"",""S"":""Sell"",""v"":""0.017"",""p"":""4468.10""}"
2026-08-31T01:44:05.813865Z,1788140645284,SKRUSDT,Sell,29120,0.031758,"{""T"":1788140645284,""s"":""SKRUSDT"",""S"":""Sell"",""v"":""29120"",""p"":""0.031758""}"
2026-08-31T01:44:05.813865Z,1788140645297,SKRUSDT,Sell,100000,0.031852,"{""T"":1788140645297,""s"":""SKRUSDT"",""S"":""Sell"",""v"":""100000"",""p"":""0.031852""}"
2026-08-31T01:44:05.813865Z,1788140645344,SKRUSDT,Sell,5710,0.031713,"{""T"":1788140645344,""s"":""SKRUSDT"",""S"":""Sell"",""v"":""5710"",""p"":""0.031713""}"
2026-08-31T01:44:05.813865Z,1788140645489,SKRUSDT,Sell,12580,0.031948,"{""T"":1788140645489,""s"":""SKRUSDT"",""S"":""Sell"",""v"":""12580"",""p"":""0.031948""}"
2026-08-31T01:44:06.813292Z,1788140646260,SKRUSDT,Sell,19350,0.032011,"{""T"":1788140646260,""s"":""SKRUSDT"",""S"":""Sell"",""v"":""19350"",""p"":""0.032011""}"
2026-08-31T01:44:06.813292Z,1788140646295,SKRUSDT,Sell,256820,0.031981,"{""T"":1788140646295,""s"":""SKRUSDT"",""S"":""Sell"",""v"":""256820"",""p"":""0.031981""}"
2026-08-31T01:44:08.813380Z,1788140648566,SKRUSDT,Sell,220,0.032072,"{""T"":1788140648566,""s"":""SKRUSDT"",""S"":""Sell"",""v"":""220"",""p"":""0.032072""}"
2026-08-31T01:44:08.813380Z,1788140648688,SKRUSDT,Sell,12880,0.032009,"{""T"":1788140648688,""s"":""SKRUSDT"",""S"":""Sell"",""v"":""12880"",""p"":""0.032009""}"
2026-08-31T01:44:08.813380Z,1788140648708,SKRUSDT,Sell,152060,0.032083,"{""T"":1788140648708,""s"":""SKRUSDT"",""S"":""Sell"",""v"":""152060"",""p"":""0.032083""}"
2026-08-31T01:44:08.986943Z,1788140648708,MAGMAUSDT,Buy,7919,0.32990,"{""T"":1788140648708,""s"":""MAGMAUSDT"",""S"":""Buy"",""v"":""7919"",""p"":""0.32990""}"
2026-08-31T01:44:09.313286Z,1788140648863,SKRUSDT,Sell,2930,0.032076,"{""T"":1788140648863,""s"":""SKRUSDT"",""S"":""Sell"",""v"":""2930"",""p"":""0.032076""}"
2026-08-31T01:44:09.313724Z,1788140648874,TRUMPUSDT,Buy,57.0,2.328,"{""T"":1788140648874,""s"":""TRUMPUSDT"",""S"":""Buy"",""v"":""57.0"",""p"":""2.328""}"
2026-08-31T01:44:09.996947Z,1788140649835,STXUSDT,Sell,89.2,0.24260,"{""T"":1788140649835,""s"":""STXUSDT"",""S"":""Sell"",""v"":""89.2"",""p"":""0.24260""}"
2026-08-31T01:44:10.313373Z,1788140649729,SKRUSDT,Sell,78830,0.032119,"{""T"":1788140649729,""s"":""SKRUSDT"",""S"":""Sell"",""v"":""78830"",""p"":""0.032119""}"
2026-08-31T01:44:10.313373Z,1788140649760,SKRUSDT,Sell,380,0.032115,"{""T"":1788140649760,""s"":""SKRUSDT"",""S"":""Sell"",""v"":""380"",""p"":""0.032115""}"
2026-08-31T01:44:10.313373Z,1788140649834,SKRUSDT,Sell,3770,0.032107,"{""T"":1788140649834,""s"":""SKRUSDT"",""S"":""Sell"",""v"":""3770"",""p"":""0.032107""}"
2026-08-31T01:44:10.313942Z,1788140649835,NILUSDT,Sell,91,0.05307,"{""T"":1788140649835,""s"":""NILUSDT"",""S"":""Sell"",""v"":""91"",""p"":""0.05307""}"
2026-08-31T01:44:10.314331Z,1788140649834,HYPEUSDT,Sell,0.14,80.670,"{""T"":1788140649834,""s"":""HYPEUSDT"",""S"":""Sell"",""v"":""0.14"",""p"":""80.670""}"
2026-08-31T01:44:11.313359Z,1788140651081,SKRUSDT,Sell,220,0.032124,"{""T"":1788140651081,""s"":""SKRUSDT"",""S"":""Sell"",""v"":""220"",""p"":""0.032124""}"
2026-08-31T01:44:11.566254Z,1788140651081,BTCUSDT,Buy,0.001,77444.80,"{""T"":1788140651081,""s"":""BTCUSDT"",""S"":""Buy"",""v"":""0.001"",""p"":""77444.80""}"
2026-08-31T01:44:11.914277Z,1788140651494,DOGEUSDT,Buy,1,0.08109,"{""T"":1788140651494,""s"":""DOGEUSDT"",""S"":""Buy"",""v"":""1"",""p"":""0.08109""}"
2026-08-31T01:44:44.813745Z,1788140684562,SKRUSDT,Sell,6000,0.032256,"{""T"":1788140684562,""s"":""SKRUSDT"",""S"":""Sell"",""v"":""6000"",""p"":""0.032256""}"
2026-08-31T01:44:44.848503Z,1788140684562,UAIUSDT,Sell,250,0.39980,"{""T"":1788140684562,""s"":""UAIUSDT"",""S"":""Sell"",""v"":""250"",""p"":""0.39980""}"
2026-08-31T01:44:45.313310Z,1788140685120,SKRUSDT,Sell,5040,0.032237,"{""T"":1788140685120,""s"":""SKRUSDT"",""S"":""Sell"",""v"":""5040"",""p"":""0.032237""}"
2026-08-31T01:44:46.314312Z,1788140685931,SKRUSDT,Sell,680,0.032480,"{""T"":1788140685931,""s"":""SKRUSDT"",""S"":""Sell"",""v"":""680"",""p"":""0.032480""}"
2026-08-31T01:44:46.314312Z,1788140685975,SKRUSDT,Sell,320,0.032460,"{""T"":1788140685975,""s"":""SKRUSDT"",""S"":""Sell"",""v"":""320"",""p"":""0.032460""}"
2026-08-31T01:44:46.314312Z,1788140685991,SKRUSDT,Sell,610,0.032322,"{""T"":1788140685991,""s"":""SKRUSDT"",""S"":""Sell"",""v"":""610"",""p"":""0.032322""}"
2026-08-31T01:44:46.314312Z,1788140686107,SKRUSDT,Sell,760,0.032449,"{""T"":1788140686107,""s"":""SKRUSDT"",""S"":""Sell"",""v"":""760"",""p"":""0.032449""}"
2026-08-31T01:44:46.314312Z,1788140686143,SKRUSDT,Sell,1750,0.032427,"{""T"":1788140686143,""s"":""SKRUSDT"",""S"":""Sell"",""v"":""1750"",""p"":""0.032427""}"
2026-08-31T01:44:46.314312Z,1788140686177,SKRUSDT,Sell,36590,0.032421,"{""T"":1788140686177,""s"":""SKRUSDT"",""S"":""Sell"",""v"":""36590"",""p"":""0.032421""}"
2026-08-31T01:44:46.328919Z,1788140686143,NIULAIUSDT,Sell,290,0.11048,"{""T"":1788140686143,""s"":""NIULAIUSDT"",""S"":""Sell"",""v"":""290"",""p"":""0.11048""}"
2026-08-31T01:44:46.337625Z,1788140686143,HNTUSDT,Sell,37.22,0.7928,"{""T"":1788140686143,""s"":""HNTUSDT"",""S"":""Sell"",""v"":""37.22"",""p"":""0.7928""}"
2026-08-31T01:44:47.992214Z,1788140687846,ONGUSDT,Buy,44300,0.09591,"{""T"":1788140687846,""s"":""ONGUSDT"",""S"":""Buy"",""v"":""44300"",""p"":""0.09591""}"
2026-08-31T01:45:06.635822Z,1788140706443,AUCTIONUSDT,Sell,53.2,3.826,"{""T"":1788140706443,""s"":""AUCTIONUSDT"",""S"":""Sell"",""v"":""53.2"",""p"":""3.826""}"
2026-08-31T01:45:06.636490Z,1788140706443,4USDT,Sell,1420,0.016254,"{""T"":1788140706443,""s"":""4USDT"",""S"":""Sell"",""v"":""1420"",""p"":""0.016254""}"
2026-08-31T01:45:06.636778Z,1788140706443,AKEUSDT,Sell,7300,0.0081380,"{""T"":1788140706443,""s"":""AKEUSDT"",""S"":""Sell"",""v"":""7300"",""p"":""0.0081380""}"
2026-08-31T01:45:06.813342Z,1788140706443,SKRUSDT,Sell,7640,0.032588,"{""T"":1788140706443,""s"":""SKRUSDT"",""S"":""Sell"",""v"":""7640"",""p"":""0.032588""}"
2026-08-31T01:45:06.813822Z,1788140706443,NILUSDT,Sell,2761,0.05307,"{""T"":1788140706443,""s"":""NILUSDT"",""S"":""Sell"",""v"":""2761"",""p"":""0.05307""}"
2026-08-31T01:45:06.814113Z,1788140706443,HYPEUSDT,Buy,6.31,79.570,"{""T"":1788140706443,""s"":""HYPEUSDT"",""S"":""Buy"",""v"":""6.31"",""p"":""79.570""}"
2026-08-31T01:45:06.824934Z,1788140706443,ZORAUSDT,Sell,17720,0.008714,"{""T"":1788140706443,""s"":""ZORAUSDT"",""S"":""Sell"",""v"":""17720"",""p"":""0.008714""}"
2026-08-31T01:45:06.825281Z,1788140706725,POLUSDT,Buy,314,0.09480,"{""T"":1788140706725,""s"":""POLUSDT"",""S"":""Buy"",""v"":""314"",""p"":""0.09480""}"
2026-08-31T01:45:06.828905Z,1788140706443,DOSUSDT,Sell,363,0.3040,"{""T"":1788140706443,""s"":""DOSUSDT"",""S"":""Sell"",""v"":""363"",""p"":""0.3040""}"
2026-08-31T01:45:06.837388Z,1788140706443,HNTUSDT,Sell,162.65,0.8045,"{""T"":1788140706443,""s"":""HNTUSDT"",""S"":""Sell"",""v"":""162.65"",""p"":""0.8045""}"
2026-08-31T01:45:06.837388Z,1788140706747,HNTUSDT,Sell,142.75,0.8044,"{""T"":1788140706747,""s"":""HNTUSDT"",""S"":""Sell"",""v"":""142.75"",""p"":""0.8044""}"
2026-08-31T01:45:06.853234Z,1788140706443,BEATUSDT,Sell,754,0.12819,"{""T"":1788140706443,""s"":""BEATUSDT"",""S"":""Sell"",""v"":""754"",""p"":""0.12819""}"
2026-08-31T01:45:06.853584Z,1788140706443,BTRUSDT,Sell,607,0.16742,"{""T"":1788140706443,""s"":""BTRUSDT"",""S"":""Sell"",""v"":""607"",""p"":""0.16742""}"
2026-08-31T01:45:06.853801Z,1788140706443,UAIUSDT,Sell,330,0.40010,"{""T"":1788140706443,""s"":""UAIUSDT"",""S"":""Sell"",""v"":""330"",""p"":""0.40010""}"
2026-08-31T01:45:06.907976Z,1788140706443,CYSUSDT,Sell,87,0.8771,"{""T"":1788140706443,""s"":""CYSUSDT"",""S"":""Sell"",""v"":""87"",""p"":""0.8771""}"
2026-08-31T01:45:06.914154Z,1788140706443,1000PEPEUSDT,Buy,134800,0.0033850,"{""T"":1788140706443,""s"":""1000PEPEUSDT"",""S"":""Buy"",""v"":""134800"",""p"":""0.0033850""}"
2026-08-31T01:45:06.986624Z,1788140706443,TNSRUSDT,Sell,2351.5,0.03955,"{""T"":1788140706443,""s"":""TNSRUSDT"",""S"":""Sell"",""v"":""2351.5"",""p"":""0.03955""}"
2026-08-31T01:45:06.987088Z,1788140706747,MAGMAUSDT,Sell,626,0.34700,"{""T"":1788140706747,""s"":""MAGMAUSDT"",""S"":""Sell"",""v"":""626"",""p"":""0.34700""}"
2026-08-31T01:45:06.992727Z,1788140706443,OPUSDT,Buy,7279.2,0.08622,"{""T"":1788140706443,""s"":""OPUSDT"",""S"":""Buy"",""v"":""7279.2"",""p"":""0.08622""}"
2026-08-31T01:45:06.993073Z,1788140706443,ONGUSDT,Sell,893,0.10135,"{""T"":1788140706443,""s"":""ONGUSDT"",""S"":""Sell"",""v"":""893"",""p"":""0.10135""}"
2026-08-31T01:45:06.996619Z,1788140706443,TUTUSDT,Sell,721,0.037471,"{""T"":1788140706443,""s"":""TUTUSDT"",""S"":""Sell"",""v"":""721"",""p"":""0.037471""}"
2026-08-31T01:45:07.015877Z,1788140706747,MNTUSDT,Sell,432.7,0.55760,"{""T"":1788140706747,""s"":""MNTUSDT"",""S"":""Sell"",""v"":""432.7"",""p"":""0.55760""}"
2026-08-31T01:45:07.016252Z,1788140706443,AVAXUSDT,Buy,81.0,7.072,"{""T"":1788140706443,""s"":""AVAXUSDT"",""S"":""Buy"",""v"":""81.0"",""p"":""7.072""}"
2026-08-31T01:45:07.313274Z,1788140706747,SKRUSDT,Sell,3920,0.032582,"{""T"":1788140706747,""s"":""SKRUSDT"",""S"":""Sell"",""v"":""3920"",""p"":""0.032582""}"
2026-08-31T01:45:12.496620Z,1788140711982,SPXUSDT,Buy,27,0.5175,"{""T"":1788140711982,""s"":""SPXUSDT"",""S"":""Buy"",""v"":""27"",""p"":""0.5175""}"
2026-08-31T01:45:13.313349Z,1788140712885,SKRUSDT,Sell,42680,0.032639,"{""T"":1788140712885,""s"":""SKRUSDT"",""S"":""Sell"",""v"":""42680"",""p"":""0.032639""}"
2026-08-31T01:45:13.813275Z,1788140713306,SKRUSDT,Sell,2210,0.032654,"{""T"":1788140713306,""s"":""SKRUSDT"",""S"":""Sell"",""v"":""2210"",""p"":""0.032654""}"
2026-08-31T01:45:26.813573Z,1788140726585,SKRUSDT,Buy,1010,0.029933,"{""T"":1788140726585,""s"":""SKRUSDT"",""S"":""Buy"",""v"":""1010"",""p"":""0.029933""}"
2026-08-31T01:46:10.329117Z,1788140769832,NIULAIUSDT,Sell,22690,0.11206,"{""T"":1788140769832,""s"":""NIULAIUSDT"",""S"":""Sell"",""v"":""22690"",""p"":""0.11206""}"
2026-08-31T01:46:10.329117Z,1788140770242,NIULAIUSDT,Sell,160,0.11205,"{""T"":1788140770242,""s"":""NIULAIUSDT"",""S"":""Sell"",""v"":""160"",""p"":""0.11205""}"
2026-08-31T01:46:11.328883Z,1788140771234,NIULAIUSDT,Sell,430,0.11220,"{""T"":1788140771234,""s"":""NIULAIUSDT"",""S"":""Sell"",""v"":""430"",""p"":""0.11220""}"
2026-08-31T01:46:40.487000Z,1788140800085,MAGMAUSDT,Buy,387,0.32720,"{""T"":1788140800085,""s"":""MAGMAUSDT"",""S"":""Buy"",""v"":""387"",""p"":""0.32720""}"
2026-08-31T01:46:40.987017Z,1788140800402,MAGMAUSDT,Buy,2455,0.32750,"{""T"":1788140800402,""s"":""MAGMAUSDT"",""S"":""Buy"",""v"":""2455"",""p"":""0.32750""}"
2026-08-31T01:46:41.986917Z,1788140801720,MAGMAUSDT,Buy,292,0.32660,"{""T"":1788140801720,""s"":""MAGMAUSDT"",""S"":""Buy"",""v"":""292"",""p"":""0.32660""}"
2026-08-31T01:47:15.329905Z,1788140835098,NIULAIUSDT,Sell,910,0.11232,"{""T"":1788140835098,""s"":""NIULAIUSDT"",""S"":""Sell"",""v"":""910"",""p"":""0.11232""}"
2026-08-31T01:47:47.329290Z,1788140867227,DOSUSDT,Buy,205,0.2883,"{""T"":1788140867227,""s"":""DOSUSDT"",""S"":""Buy"",""v"":""205"",""p"":""0.2883""}"
2026-08-31T01:47:48.325459Z,1788140867989,FARTCOINUSDT,Buy,27590,0.17111,"{""T"":1788140867989,""s"":""FARTCOINUSDT"",""S"":""Buy"",""v"":""27590"",""p"":""0.17111""}"
2026-08-31T01:47:50.829224Z,1788140870265,NIULAIUSDT,Sell,1810,0.11261,"{""T"":1788140870265,""s"":""NIULAIUSDT"",""S"":""Sell"",""v"":""1810"",""p"":""0.11261""}"
2026-08-31T01:47:53.829178Z,1788140873603,DOSUSDT,Buy,381,0.2860,"{""T"":1788140873603,""s"":""DOSUSDT"",""S"":""Buy"",""v"":""381"",""p"":""0.2860""}"
2026-08-31T01:48:05.828946Z,1788140885423,NIULAIUSDT,Sell,210,0.11325,"{""T"":1788140885423,""s"":""NIULAIUSDT"",""S"":""Sell"",""v"":""210"",""p"":""0.11325""}"
2026-08-31T01:48:05.828946Z,1788140885739,NIULAIUSDT,Sell,240,0.11324,"{""T"":1788140885739,""s"":""NIULAIUSDT"",""S"":""Sell"",""v"":""240"",""p"":""0.11324""}"
2026-08-31T01:48:12.829076Z,1788140892525,NIULAIUSDT,Sell,210,0.11350,"{""T"":1788140892525,""s"":""NIULAIUSDT"",""S"":""Sell"",""v"":""210"",""p"":""0.11350""}"
2026-08-31T01:48:13.829012Z,1788140893344,NIULAIUSDT,Sell,38000,0.11354,"{""T"":1788140893344,""s"":""NIULAIUSDT"",""S"":""Sell"",""v"":""38000"",""p"":""0.11354""}"
2026-08-31T01:48:14.329334Z,1788140894198,NIULAIUSDT,Sell,6530,0.11368,"{""T"":1788140894198,""s"":""NIULAIUSDT"",""S"":""Sell"",""v"":""6530"",""p"":""0.11368""}"
2026-08-31T01:48:14.828890Z,1788140894258,NIULAIUSDT,Sell,5020,0.11367,"{""T"":1788140894258,""s"":""NIULAIUSDT"",""S"":""Sell"",""v"":""5020"",""p"":""0.11367""}"
2026-08-31T01:48:27.848242Z,1788140907516,NIULAIUSDT,Sell,410,0.11437,"{""T"":1788140907516,""s"":""NIULAIUSDT"",""S"":""Sell"",""v"":""410"",""p"":""0.11437""}"
2026-08-31T01:48:30.328857Z,1788140910201,NIULAIUSDT,Sell,430,0.11450,"{""T"":1788140910201,""s"":""NIULAIUSDT"",""S"":""Sell"",""v"":""430"",""p"":""0.11450""}"
2026-08-31T01:48:30.828896Z,1788140910246,NIULAIUSDT,Sell,7290,0.11461,"{""T"":1788140910246,""s"":""NIULAIUSDT"",""S"":""Sell"",""v"":""7290"",""p"":""0.11461""}"
2026-08-31T01:48:30.828896Z,1788140910494,NIULAIUSDT,Sell,1000,0.11462,"{""T"":1788140910494,""s"":""NIULAIUSDT"",""S"":""Sell"",""v"":""1000"",""p"":""0.11462""}"
2026-08-31T01:48:32.329699Z,1788140911753,NIULAIUSDT,Sell,30620,0.11480,"{""T"":1788140911753,""s"":""NIULAIUSDT"",""S"":""Sell"",""v"":""30620"",""p"":""0.11480""}"
2026-08-31T01:48:32.329699Z,1788140911909,NIULAIUSDT,Sell,2870,0.11482,"{""T"":1788140911909,""s"":""NIULAIUSDT"",""S"":""Sell"",""v"":""2870"",""p"":""0.11482""}"
2026-08-31T01:48:41.408120Z,1788140920951,TIAUSDT,Buy,21.9,0.3212,"{""T"":1788140920951,""s"":""TIAUSDT"",""S"":""Buy"",""v"":""21.9"",""p"":""0.3212""}"
2026-08-31T01:49:06.316815Z,1788140946164,SKRUSDT,Buy,10070,0.029325,"{""T"":1788140946164,""s"":""SKRUSDT"",""S"":""Buy"",""v"":""10070"",""p"":""0.029325""}"
2026-08-31T01:49:06.813143Z,1788140946698,SKRUSDT,Buy,3190,0.029142,"{""T"":1788140946698,""s"":""SKRUSDT"",""S"":""Buy"",""v"":""3190"",""p"":""0.029142""}"
2026-08-31T01:49:07.313234Z,1788140946769,SKRUSDT,Buy,25480,0.029242,"{""T"":1788140946769,""s"":""SKRUSDT"",""S"":""Buy"",""v"":""25480"",""p"":""0.029242""}"
2026-08-31T01:49:07.813472Z,1788140947273,SKRUSDT,Buy,4810,0.029189,"{""T"":1788140947273,""s"":""SKRUSDT"",""S"":""Buy"",""v"":""4810"",""p"":""0.029189""}"
2026-08-31T01:49:07.813472Z,1788140947718,SKRUSDT,Buy,73380,0.029032,"{""T"":1788140947718,""s"":""SKRUSDT"",""S"":""Buy"",""v"":""73380"",""p"":""0.029032""}"
2026-08-31T01:49:21.135622Z,1788140960675,HEMIUSDT,Sell,856,0.015050,"{""T"":1788140960675,""s"":""HEMIUSDT"",""S"":""Sell"",""v"":""856"",""p"":""0.015050""}"
2026-08-31T01:49:36.497038Z,1788140976311,ICPUSDT,Buy,396.0,2.332,"{""T"":1788140976311,""s"":""ICPUSDT"",""S"":""Buy"",""v"":""396.0"",""p"":""2.332""}"
2026-08-31T01:49:38.136312Z,1788140977745,HEMIUSDT,Sell,5000,0.015079,"{""T"":1788140977745,""s"":""HEMIUSDT"",""S"":""Sell"",""v"":""5000"",""p"":""0.015079""}"
2026-08-31T01:49:44.635690Z,1788140984321,HEMIUSDT,Sell,41065,0.015094,"{""T"":1788140984321,""s"":""HEMIUSDT"",""S"":""Sell"",""v"":""41065"",""p"":""0.015094""}"
2026-08-31T01:49:44.829231Z,1788140984321,ZKCUSDT,Sell,5988.0,0.06302,"{""T"":1788140984321,""s"":""ZKCUSDT"",""S"":""Sell"",""v"":""5988.0"",""p"":""0.06302""}"
2026-08-31T01:49:44.848673Z,1788140984320,BTRUSDT,Sell,1910,0.16601,"{""T"":1788140984320,""s"":""BTRUSDT"",""S"":""Sell"",""v"":""1910"",""p"":""0.16601""}"
2026-08-31T01:49:48.986470Z,1788140988702,XAGUSDT,Buy,0.106,65.81,"{""T"":1788140988702,""s"":""XAGUSDT"",""S"":""Buy"",""v"":""0.106"",""p"":""65.81""}"
2026-08-31T01:49:55.813354Z,1788140995643,SKRUSDT,Sell,1500,0.031940,"{""T"":1788140995643,""s"":""SKRUSDT"",""S"":""Sell"",""v"":""1500"",""p"":""0.031940""}"
2026-08-31T01:49:57.813722Z,1788140997462,SKRUSDT,Sell,34810,0.032141,"{""T"":1788140997462,""s"":""SKRUSDT"",""S"":""Sell"",""v"":""34810"",""p"":""0.032141""}"
2026-08-31T01:49:57.813722Z,1788140997565,SKRUSDT,Sell,6220,0.032258,"{""T"":1788140997565,""s"":""SKRUSDT"",""S"":""Sell"",""v"":""6220"",""p"":""0.032258""}"
2026-08-31T01:49:57.828877Z,1788140997565,NIULAIUSDT,Sell,820,0.11530,"{""T"":1788140997565,""s"":""NIULAIUSDT"",""S"":""Sell"",""v"":""820"",""p"":""0.11530""}"
2026-08-31T01:49:57.837759Z,1788140997565,HNTUSDT,Sell,93.09,0.8008,"{""T"":1788140997565,""s"":""HNTUSDT"",""S"":""Sell"",""v"":""93.09"",""p"":""0.8008""}"
2026-08-31T01:49:58.813360Z,1788140998400,SKRUSDT,Sell,61470,0.032275,"{""T"":1788140998400,""s"":""SKRUSDT"",""S"":""Sell"",""v"":""61470"",""p"":""0.032275""}"
2026-08-31T01:50:12.316259Z,1788141012009,SKRUSDT,Sell,10000,0.032684,"{""T"":1788141012009,""s"":""SKRUSDT"",""S"":""Sell"",""v"":""10000"",""p"":""0.032684""}"
2026-08-31T01:50:12.316259Z,1788141012190,SKRUSDT,Sell,250,0.032730,"{""T"":1788141012190,""s"":""SKRUSDT"",""S"":""Sell"",""v"":""250"",""p"":""0.032730""}"
2026-08-31T01:50:12.813275Z,1788141012337,SKRUSDT,Sell,15320,0.032660,"{""T"":1788141012337,""s"":""SKRUSDT"",""S"":""Sell"",""v"":""15320"",""p"":""0.032660""}"
2026-08-31T01:50:15.813176Z,1788141015535,SKRUSDT,Sell,5850,0.033000,"{""T"":1788141015535,""s"":""SKRUSDT"",""S"":""Sell"",""v"":""5850"",""p"":""0.033000""}"
2026-08-31T01:50:15.813176Z,1788141015586,SKRUSDT,Sell,5970,0.033075,"{""T"":1788141015586,""s"":""SKRUSDT"",""S"":""Sell"",""v"":""5970"",""p"":""0.033075""}"
2026-08-31T01:50:15.813176Z,1788141015600,SKRUSDT,Sell,12060,0.032979,"{""T"":1788141015600,""s"":""SKRUSDT"",""S"":""Sell"",""v"":""12060"",""p"":""0.032979""}"
2026-08-31T01:50:15.813176Z,1788141015626,SKRUSDT,Sell,4590,0.033009,"{""T"":1788141015626,""s"":""SKRUSDT"",""S"":""Sell"",""v"":""4590"",""p"":""0.033009""}"
2026-08-31T01:50:15.829020Z,1788141015535,ZKCUSDT,Sell,780.1,0.06358,"{""T"":1788141015535,""s"":""ZKCUSDT"",""S"":""Sell"",""v"":""780.1"",""p"":""0.06358""}"
2026-08-31T01:50:15.837968Z,1788141015535,XRPUSDT,Buy,71.6,1.3421,"{""T"":1788141015535,""s"":""XRPUSDT"",""S"":""Buy"",""v"":""71.6"",""p"":""1.3421""}"
2026-08-31T01:50:15.838132Z,1788141015600,HNTUSDT,Sell,122.00,0.7983,"{""T"":1788141015600,""s"":""HNTUSDT"",""S"":""Sell"",""v"":""122.00"",""p"":""0.7983""}"
2026-08-31T01:50:15.986920Z,1788141015535,BTWUSDT,Buy,110,0.38324,"{""T"":1788141015535,""s"":""BTWUSDT"",""S"":""Buy"",""v"":""110"",""p"":""0.38324""}"
2026-08-31T01:50:16.016307Z,1788141015535,NEARUSDT,Buy,26.7,1.8330,"{""T"":1788141015535,""s"":""NEARUSDT"",""S"":""Buy"",""v"":""26.7"",""p"":""1.8330""}"
2026-08-31T01:50:16.314077Z,1788141015795,SKRUSDT,Sell,1760,0.032835,"{""T"":1788141015795,""s"":""SKRUSDT"",""S"":""Sell"",""v"":""1760"",""p"":""0.032835""}"
2026-08-31T01:50:16.314077Z,1788141015992,SKRUSDT,Sell,6750,0.033074,"{""T"":1788141015992,""s"":""SKRUSDT"",""S"":""Sell"",""v"":""6750"",""p"":""0.033074""}"
2026-08-31T01:50:16.314077Z,1788141015996,SKRUSDT,Sell,161340,0.033120,"{""T"":1788141015996,""s"":""SKRUSDT"",""S"":""Sell"",""v"":""161340"",""p"":""0.033120""}"
2026-08-31T01:50:16.314077Z,1788141016010,SKRUSDT,Sell,13500,0.032999,"{""T"":1788141016010,""s"":""SKRUSDT"",""S"":""Sell"",""v"":""13500"",""p"":""0.032999""}"
2026-08-31T01:50:16.314077Z,1788141016070,SKRUSDT,Sell,48040,0.033092,"{""T"":1788141016070,""s"":""SKRUSDT"",""S"":""Sell"",""v"":""48040"",""p"":""0.033092""}"
2026-08-31T01:50:16.314077Z,1788141016101,SKRUSDT,Sell,8110,0.033011,"{""T"":1788141016101,""s"":""SKRUSDT"",""S"":""Sell"",""v"":""8110"",""p"":""0.033011""}"
2026-08-31T01:50:16.314077Z,1788141016209,SKRUSDT,Sell,3440,0.032759,"{""T"":1788141016209,""s"":""SKRUSDT"",""S"":""Sell"",""v"":""3440"",""p"":""0.032759""}"
2026-08-31T01:50:16.324859Z,1788141015996,ZORAUSDT,Sell,278800,0.008691,"{""T"":1788141015996,""s"":""ZORAUSDT"",""S"":""Sell"",""v"":""278800"",""p"":""0.008691""}"
2026-08-31T01:50:16.329197Z,1788141015996,NIULAIUSDT,Sell,19650,0.11403,"{""T"":1788141015996,""s"":""NIULAIUSDT"",""S"":""Sell"",""v"":""19650"",""p"":""0.11403""}"
2026-08-31T01:50:16.337521Z,1788141015996,HNTUSDT,Sell,2407.12,0.8036,"{""T"":1788141015996,""s"":""HNTUSDT"",""S"":""Sell"",""v"":""2407.12"",""p"":""0.8036""}"
2026-08-31T01:50:16.337521Z,1788141016248,HNTUSDT,Sell,23.87,0.7990,"{""T"":1788141016248,""s"":""HNTUSDT"",""S"":""Sell"",""v"":""23.87"",""p"":""0.7990""}"
2026-08-31T01:50:16.348365Z,1788141016010,BEATUSDT,Buy,6000,0.12364,"{""T"":1788141016010,""s"":""BEATUSDT"",""S"":""Buy"",""v"":""6000"",""p"":""0.12364""}"
2026-08-31T01:50:16.486690Z,1788141016010,MAGMAUSDT,Buy,20,0.32500,"{""T"":1788141016010,""s"":""MAGMAUSDT"",""S"":""Buy"",""v"":""20"",""p"":""0.32500""}"
2026-08-31T01:50:16.813610Z,1788141016243,SKRUSDT,Sell,640,0.033085,"{""T"":1788141016243,""s"":""SKRUSDT"",""S"":""Sell"",""v"":""640"",""p"":""0.033085""}"
2026-08-31T01:50:16.813610Z,1788141016248,SKRUSDT,Sell,1780,0.032999,"{""T"":1788141016248,""s"":""SKRUSDT"",""S"":""Sell"",""v"":""1780"",""p"":""0.032999""}"
2026-08-31T01:50:16.813610Z,1788141016331,SKRUSDT,Sell,1390,0.033010,"{""T"":1788141016331,""s"":""SKRUSDT"",""S"":""Sell"",""v"":""1390"",""p"":""0.033010""}"
2026-08-31T01:50:16.813610Z,1788141016456,SKRUSDT,Sell,380,0.033316,"{""T"":1788141016456,""s"":""SKRUSDT"",""S"":""Sell"",""v"":""380"",""p"":""0.033316""}"
2026-08-31T01:50:16.813610Z,1788141016502,SKRUSDT,Sell,205020,0.033355,"{""T"":1788141016502,""s"":""SKRUSDT"",""S"":""Sell"",""v"":""205020"",""p"":""0.033355""}"
2026-08-31T01:50:16.813610Z,1788141016542,SKRUSDT,Sell,680,0.033355,"{""T"":1788141016542,""s"":""SKRUSDT"",""S"":""Sell"",""v"":""680"",""p"":""0.033355""}"
2026-08-31T01:50:16.813610Z,1788141016612,SKRUSDT,Sell,1540,0.033342,"{""T"":1788141016612,""s"":""SKRUSDT"",""S"":""Sell"",""v"":""1540"",""p"":""0.033342""}"
2026-08-31T01:50:16.813610Z,1788141016714,SKRUSDT,Sell,1830,0.033232,"{""T"":1788141016714,""s"":""SKRUSDT"",""S"":""Sell"",""v"":""1830"",""p"":""0.033232""}"
2026-08-31T01:50:16.828828Z,1788141016456,NIULAIUSDT,Sell,50,0.11400,"{""T"":1788141016456,""s"":""NIULAIUSDT"",""S"":""Sell"",""v"":""50"",""p"":""0.11400""}"
2026-08-31T01:50:16.837418Z,1788141016456,HNTUSDT,Sell,2.20,0.8022,"{""T"":1788141016456,""s"":""HNTUSDT"",""S"":""Sell"",""v"":""2.20"",""p"":""0.8022""}"
2026-08-31T01:50:16.837418Z,1788141016612,HNTUSDT,Sell,31.88,0.8030,"{""T"":1788141016612,""s"":""HNTUSDT"",""S"":""Sell"",""v"":""31.88"",""p"":""0.8030""}"
2026-08-31T01:50:16.848395Z,1788141016456,BTRUSDT,Sell,38,0.16632,"{""T"":1788141016456,""s"":""BTRUSDT"",""S"":""Sell"",""v"":""38"",""p"":""0.16632""}"
2026-08-31T01:50:17.313248Z,1788141016813,SKRUSDT,Sell,810,0.033222,"{""T"":1788141016813,""s"":""SKRUSDT"",""S"":""Sell"",""v"":""810"",""p"":""0.033222""}"
2026-08-31T01:50:17.313248Z,1788141016844,SKRUSDT,Sell,1410,0.033329,"{""T"":1788141016844,""s"":""SKRUSDT"",""S"":""Sell"",""v"":""1410"",""p"":""0.033329""}"
2026-08-31T01:50:17.313248Z,1788141017086,SKRUSDT,Sell,850,0.033343,"{""T"":1788141017086,""s"":""SKRUSDT"",""S"":""Sell"",""v"":""850"",""p"":""0.033343""}"
2026-08-31T01:50:17.813572Z,1788141017261,SKRUSDT,Sell,42300,0.033182,"{""T"":1788141017261,""s"":""SKRUSDT"",""S"":""Sell"",""v"":""42300"",""p"":""0.033182""}"
2026-08-31T01:50:17.813572Z,1788141017278,SKRUSDT,Sell,25000,0.033344,"{""T"":1788141017278,""s"":""SKRUSDT"",""S"":""Sell"",""v"":""25000"",""p"":""0.033344""}"
2026-08-31T01:50:17.813572Z,1788141017302,SKRUSDT,Sell,24040,0.033250,"{""T"":1788141017302,""s"":""SKRUSDT"",""S"":""Sell"",""v"":""24040"",""p"":""0.033250""}"
2026-08-31T01:50:27.313365Z,1788141026893,SKRUSDT,Sell,56640,0.033425,"{""T"":1788141026893,""s"":""SKRUSDT"",""S"":""Sell"",""v"":""56640"",""p"":""0.033425""}"
2026-08-31T01:50:29.313174Z,1788141028924,SKRUSDT,Sell,33710,0.033510,"{""T"":1788141028924,""s"":""SKRUSDT"",""S"":""Sell"",""v"":""33710"",""p"":""0.033510""}"
2026-08-31T01:50:29.313174Z,1788141028998,SKRUSDT,Sell,1400,0.033456,"{""T"":1788141028998,""s"":""SKRUSDT"",""S"":""Sell"",""v"":""1400"",""p"":""0.033456""}"
2026-08-31T01:50:29.313174Z,1788141029105,SKRUSDT,Sell,360,0.033505,"{""T"":1788141029105,""s"":""SKRUSDT"",""S"":""Sell"",""v"":""360"",""p"":""0.033505""}"
2026-08-31T01:50:29.313174Z,1788141029127,SKRUSDT,Sell,410,0.033574,"{""T"":1788141029127,""s"":""SKRUSDT"",""S"":""Sell"",""v"":""410"",""p"":""0.033574""}"
2026-08-31T01:50:29.813551Z,1788141029291,SKRUSDT,Sell,149880,0.033550,"{""T"":1788141029291,""s"":""SKRUSDT"",""S"":""Sell"",""v"":""149880"",""p"":""0.033550""}"
2026-08-31T01:50:29.813551Z,1788141029705,SKRUSDT,Sell,118580,0.033632,"{""T"":1788141029705,""s"":""SKRUSDT"",""S"":""Sell"",""v"":""118580"",""p"":""0.033632""}"
2026-08-31T01:50:29.829314Z,1788141029705,NIULAIUSDT,Sell,20210,0.11393,"{""T"":1788141029705,""s"":""NIULAIUSDT"",""S"":""Sell"",""v"":""20210"",""p"":""0.11393""}"
2026-08-31T01:50:30.313234Z,1788141030056,SKRUSDT,Sell,42400,0.033669,"{""T"":1788141030056,""s"":""SKRUSDT"",""S"":""Sell"",""v"":""42400"",""p"":""0.033669""}"
2026-08-31T01:50:30.313234Z,1788141030106,SKRUSDT,Sell,410,0.033659,"{""T"":1788141030106,""s"":""SKRUSDT"",""S"":""Sell"",""v"":""410"",""p"":""0.033659""}"
2026-08-31T01:50:30.329132Z,1788141030056,ZKCUSDT,Sell,9486.8,0.06382,"{""T"":1788141030056,""s"":""ZKCUSDT"",""S"":""Sell"",""v"":""9486.8"",""p"":""0.06382""}"
2026-08-31T01:50:30.492207Z,1788141030056,SUIUSDT,Buy,1040,0.70270,"{""T"":1788141030056,""s"":""SUIUSDT"",""S"":""Buy"",""v"":""1040"",""p"":""0.70270""}"
2026-08-31T01:50:30.813269Z,1788141030367,SKRUSDT,Sell,5660,0.033600,"{""T"":1788141030367,""s"":""SKRUSDT"",""S"":""Sell"",""v"":""5660"",""p"":""0.033600""}"
2026-08-31T01:50:31.313190Z,1788141030767,SKRUSDT,Sell,4520,0.033735,"{""T"":1788141030767,""s"":""SKRUSDT"",""S"":""Sell"",""v"":""4520"",""p"":""0.033735""}"
2026-08-31T01:50:31.313190Z,1788141030769,SKRUSDT,Sell,5810,0.033777,"{""T"":1788141030769,""s"":""SKRUSDT"",""S"":""Sell"",""v"":""5810"",""p"":""0.033777""}"
2026-08-31T01:50:31.813724Z,1788141031326,SKRUSDT,Sell,270,0.033722,"{""T"":1788141031326,""s"":""SKRUSDT"",""S"":""Sell"",""v"":""270"",""p"":""0.033722""}"
2026-08-31T01:50:31.813724Z,1788141031384,SKRUSDT,Sell,183400,0.033773,"{""T"":1788141031384,""s"":""SKRUSDT"",""S"":""Sell"",""v"":""183400"",""p"":""0.033773""}"
2026-08-31T01:50:31.813724Z,1788141031386,SKRUSDT,Sell,6090,0.033844,"{""T"":1788141031386,""s"":""SKRUSDT"",""S"":""Sell"",""v"":""6090"",""p"":""0.033844""}"
2026-08-31T01:50:31.813724Z,1788141031439,SKRUSDT,Sell,7570,0.033913,"{""T"":1788141031439,""s"":""SKRUSDT"",""S"":""Sell"",""v"":""7570"",""p"":""0.033913""}"
2026-08-31T01:50:31.813724Z,1788141031448,SKRUSDT,Sell,710,0.033854,"{""T"":1788141031448,""s"":""SKRUSDT"",""S"":""Sell"",""v"":""710"",""p"":""0.033854""}"
2026-08-31T01:50:32.313704Z,1788141031887,SKRUSDT,Sell,13740,0.033950,"{""T"":1788141031887,""s"":""SKRUSDT"",""S"":""Sell"",""v"":""13740"",""p"":""0.033950""}"
2026-08-31T01:50:32.313704Z,1788141031937,SKRUSDT,Sell,2430,0.033954,"{""T"":1788141031937,""s"":""SKRUSDT"",""S"":""Sell"",""v"":""2430"",""p"":""0.033954""}"
2026-08-31T01:50:32.313704Z,1788141032083,SKRUSDT,Sell,4350,0.033892,"{""T"":1788141032083,""s"":""SKRUSDT"",""S"":""Sell"",""v"":""4350"",""p"":""0.033892""}"
2026-08-31T01:50:32.313704Z,1788141032162,SKRUSDT,Sell,8190,0.033947,"{""T"":1788141032162,""s"":""SKRUSDT"",""S"":""Sell"",""v"":""8190"",""p"":""0.033947""}"
2026-08-31T01:50:32.329190Z,1788141031937,NIULAIUSDT,Sell,270,0.11451,"{""T"":1788141031937,""s"":""NIULAIUSDT"",""S"":""Sell"",""v"":""270"",""p"":""0.11451""}"
2026-08-31T01:50:32.337488Z,1788141032162,HNTUSDT,Sell,120.65,0.8084,"{""T"":1788141032162,""s"":""HNTUSDT"",""S"":""Sell"",""v"":""120.65"",""p"":""0.8084""}"
2026-08-31T01:50:32.493100Z,1788141031937,ONGUSDT,Buy,227,0.09674,"{""T"":1788141031937,""s"":""ONGUSDT"",""S"":""Buy"",""v"":""227"",""p"":""0.09674""}"
2026-08-31T01:50:39.329129Z,1788141038962,ZKCUSDT,Sell,105.6,0.06472,"{""T"":1788141038962,""s"":""ZKCUSDT"",""S"":""Sell"",""v"":""105.6"",""p"":""0.06472""}"
2026-08-31T01:50:41.813408Z,1788141041503,SKRUSDT,Sell,1330,0.033986,"{""T"":1788141041503,""s"":""SKRUSDT"",""S"":""Sell"",""v"":""1330"",""p"":""0.033986""}"
2026-08-31T01:50:42.813133Z,1788141042595,SKRUSDT,Sell,680,0.034080,"{""T"":1788141042595,""s"":""SKRUSDT"",""S"":""Sell"",""v"":""680"",""p"":""0.034080""}"
2026-08-31T01:50:43.313138Z,1788141042810,SKRUSDT,Sell,570,0.034092,"{""T"":1788141042810,""s"":""SKRUSDT"",""S"":""Sell"",""v"":""570"",""p"":""0.034092""}"
2026-08-31T01:50:52.329154Z,1788141052057,ZKCUSDT,Sell,3439.3,0.06553,"{""T"":1788141052057,""s"":""ZKCUSDT"",""S"":""Sell"",""v"":""3439.3"",""p"":""0.06553""}"
2026-08-31T01:50:52.329154Z,1788141052137,ZKCUSDT,Sell,29438.3,0.06555,"{""T"":1788141052137,""s"":""ZKCUSDT"",""S"":""Sell"",""v"":""29438.3"",""p"":""0.06555""}"
2026-08-31T01:50:54.828989Z,1788141054732,ZKCUSDT,Sell,478.3,0.06577,"{""T"":1788141054732,""s"":""ZKCUSDT"",""S"":""Sell"",""v"":""478.3"",""p"":""0.06577""}"
2026-08-31T01:51:05.829001Z,1788141065724,ZKCUSDT,Sell,1440.3,0.06648,"{""T"":1788141065724,""s"":""ZKCUSDT"",""S"":""Sell"",""v"":""1440.3"",""p"":""0.06648""}"
2026-08-31T01:51:05.908115Z,1788141065724,BCHUSDT,Buy,0.18,241.70,"{""T"":1788141065724,""s"":""BCHUSDT"",""S"":""Buy"",""v"":""0.18"",""p"":""241.70""}"
2026-08-31T01:51:06.329151Z,1788141065842,ZKCUSDT,Sell,83308.9,0.06657,"{""T"":1788141065842,""s"":""ZKCUSDT"",""S"":""Sell"",""v"":""83308.9"",""p"":""0.06657""}"
2026-08-31T01:51:06.329151Z,1788141065863,ZKCUSDT,Sell,532.4,0.06614,"{""T"":1788141065863,""s"":""ZKCUSDT"",""S"":""Sell"",""v"":""532.4"",""p"":""0.06614""}"
2026-08-31T01:51:06.329151Z,1788141066145,ZKCUSDT,Sell,4698.9,0.06604,"{""T"":1788141066145,""s"":""ZKCUSDT"",""S"":""Sell"",""v"":""4698.9"",""p"":""0.06604""}"
2026-08-31T01:51:06.829191Z,1788141066284,ZKCUSDT,Sell,1761.5,0.06638,"{""T"":1788141066284,""s"":""ZKCUSDT"",""S"":""Sell"",""v"":""1761.5"",""p"":""0.06638""}"
2026-08-31T01:51:06.829191Z,1788141066552,ZKCUSDT,Sell,596.4,0.06611,"{""T"":1788141066552,""s"":""ZKCUSDT"",""S"":""Sell"",""v"":""596.4"",""p"":""0.06611""}"
2026-08-31T01:51:09.813457Z,1788141069567,SKRUSDT,Sell,3520,0.034117,"{""T"":1788141069567,""s"":""SKRUSDT"",""S"":""Sell"",""v"":""3520"",""p"":""0.034117""}"
2026-08-31T01:51:17.914323Z,1788141077769,ZECUSDT,Sell,0.18,838.38,"{""T"":1788141077769,""s"":""ZECUSDT"",""S"":""Sell"",""v"":""0.18"",""p"":""838.38""}"
2026-08-31T01:51:17.992341Z,1788141077769,1000BONKUSDT,Sell,412600,0.0028110,"{""T"":1788141077769,""s"":""1000BONKUSDT"",""S"":""Sell"",""v"":""412600"",""p"":""0.0028110""}"
2026-08-31T01:51:17.997113Z,1788141077769,PENGUUSDT,Sell,4720,0.008661,"{""T"":1788141077769,""s"":""PENGUUSDT"",""S"":""Sell"",""v"":""4720"",""p"":""0.008661""}"
2026-08-31T01:51:17.997485Z,1788141077769,VIRTUALUSDT,Sell,529,0.6761,"{""T"":1788141077769,""s"":""VIRTUALUSDT"",""S"":""Sell"",""v"":""529"",""p"":""0.6761""}"
2026-08-31T01:51:18.313401Z,1788141077769,PUMPFUNUSDT,Sell,63300,0.0044460,"{""T"":1788141077769,""s"":""PUMPFUNUSDT"",""S"":""Sell"",""v"":""63300"",""p"":""0.0044460""}"
2026-08-31T01:51:18.313949Z,1788141077766,SKRUSDT,Sell,1320,0.034172,"{""T"":1788141077766,""s"":""SKRUSDT"",""S"":""Sell"",""v"":""1320"",""p"":""0.034172""}"
2026-08-31T01:51:18.313949Z,1788141077769,SKRUSDT,Sell,108640,0.034184,"{""T"":1788141077769,""s"":""SKRUSDT"",""S"":""Sell"",""v"":""108640"",""p"":""0.034184""}"
2026-08-31T01:51:18.313949Z,1788141078077,SKRUSDT,Sell,1810,0.034140,"{""T"":1788141078077,""s"":""SKRUSDT"",""S"":""Sell"",""v"":""1810"",""p"":""0.034140""}"
2026-08-31T01:51:18.314278Z,1788141077768,WLFIUSDT,Sell,8523,0.05733,"{""T"":1788141077768,""s"":""WLFIUSDT"",""S"":""Sell"",""v"":""8523"",""p"":""0.05733""}"
2026-08-31T01:51:18.325708Z,1788141077769,MONUSDT,Sell,3003,0.026880,"{""T"":1788141077769,""s"":""MONUSDT"",""S"":""Sell"",""v"":""3003"",""p"":""0.026880""}"
2026-08-31T01:51:18.347798Z,1788141077769,WIFUSDT,Sell,1018,0.19200,"{""T"":1788141077769,""s"":""WIFUSDT"",""S"":""Sell"",""v"":""1018"",""p"":""0.19200""}"
2026-08-31T01:51:18.813294Z,1788141078295,SKRUSDT,Sell,34140,0.034192,"{""T"":1788141078295,""s"":""SKRUSDT"",""S"":""Sell"",""v"":""34140"",""p"":""0.034192""}"
2026-08-31T01:51:18.813294Z,1788141078396,SKRUSDT,Sell,260,0.034264,"{""T"":1788141078396,""s"":""SKRUSDT"",""S"":""Sell"",""v"":""260"",""p"":""0.034264""}"
2026-08-31T01:51:18.813294Z,1788141078456,SKRUSDT,Sell,5810,0.034336,"{""T"":1788141078456,""s"":""SKRUSDT"",""S"":""Sell"",""v"":""5810"",""p"":""0.034336""}"
2026-08-31T01:51:18.813294Z,1788141078642,SKRUSDT,Sell,1670,0.034395,"{""T"":1788141078642,""s"":""SKRUSDT"",""S"":""Sell"",""v"":""1670"",""p"":""0.034395""}"
2026-08-31T01:51:19.313182Z,1788141078844,SKRUSDT,Sell,37740,0.034348,"{""T"":1788141078844,""s"":""SKRUSDT"",""S"":""Sell"",""v"":""37740"",""p"":""0.034348""}"
2026-08-31T01:51:19.813368Z,1788141079233,SKRUSDT,Sell,1880,0.034223,"{""T"":1788141079233,""s"":""SKRUSDT"",""S"":""Sell"",""v"":""1880"",""p"":""0.034223""}"
2026-08-31T01:51:19.813368Z,1788141079636,SKRUSDT,Sell,9080,0.034502,"{""T"":1788141079636,""s"":""SKRUSDT"",""S"":""Sell"",""v"":""9080"",""p"":""0.034502""}"
2026-08-31T01:51:19.813368Z,1788141079726,SKRUSDT,Sell,20830,0.034587,"{""T"":1788141079726,""s"":""SKRUSDT"",""S"":""Sell"",""v"":""20830"",""p"":""0.034587""}"
2026-08-31T01:51:19.837554Z,1788141079726,XRPUSDT,Buy,182.0,1.3410,"{""T"":1788141079726,""s"":""XRPUSDT"",""S"":""Buy"",""v"":""182.0"",""p"":""1.3410""}"
2026-08-31T01:51:20.414415Z,1788141080282,DOTUSDT,Buy,11.4,0.8153,"{""T"":1788141080282,""s"":""DOTUSDT"",""S"":""Buy"",""v"":""11.4"",""p"":""0.8153""}"
2026-08-31T01:51:20.414853Z,1788141080281,ZECUSDT,Sell,0.01,838.04,"{""T"":1788141080281,""s"":""ZECUSDT"",""S"":""Sell"",""v"":""0.01"",""p"":""838.04""}"
2026-08-31T01:51:20.486561Z,1788141080281,BTWUSDT,Buy,160,0.38127,"{""T"":1788141080281,""s"":""BTWUSDT"",""S"":""Buy"",""v"":""160"",""p"":""0.38127""}"
2026-08-31T01:51:20.486816Z,1788141080282,MAGMAUSDT,Sell,808,0.33870,"{""T"":1788141080282,""s"":""MAGMAUSDT"",""S"":""Sell"",""v"":""808"",""p"":""0.33870""}"
2026-08-31T01:51:20.516572Z,1788141080282,AVAXUSDT,Buy,1.3,7.071,"{""T"":1788141080282,""s"":""AVAXUSDT"",""S"":""Buy"",""v"":""1.3"",""p"":""7.071""}"
2026-08-31T01:51:20.813259Z,1788141080282,SKRUSDT,Sell,30220,0.034511,"{""T"":1788141080282,""s"":""SKRUSDT"",""S"":""Sell"",""v"":""30220"",""p"":""0.034511""}"
2026-08-31T01:51:20.813259Z,1788141080461,SKRUSDT,Sell,3740,0.034540,"{""T"":1788141080461,""s"":""SKRUSDT"",""S"":""Sell"",""v"":""3740"",""p"":""0.034540""}"
2026-08-31T01:51:20.813731Z,1788141080282,HYPEUSDT,Sell,0.08,80.640,"{""T"":1788141080282,""s"":""HYPEUSDT"",""S"":""Sell"",""v"":""0.08"",""p"":""80.640""}"
2026-08-31T01:51:20.825207Z,1788141080281,VVVUSDT,Sell,0.10,17.2200,"{""T"":1788141080281,""s"":""VVVUSDT"",""S"":""Sell"",""v"":""0.10"",""p"":""17.2200""}"
2026-08-31T01:51:20.825509Z,1788141080281,POLUSDT,Buy,90,0.09495,"{""T"":1788141080281,""s"":""POLUSDT"",""S"":""Buy"",""v"":""90"",""p"":""0.09495""}"
2026-08-31T01:51:20.848254Z,1788141080282,UAIUSDT,Sell,1654,0.39700,"{""T"":1788141080282,""s"":""UAIUSDT"",""S"":""Sell"",""v"":""1654"",""p"":""0.39700""}"
2026-08-31T01:51:20.848706Z,1788141080281,BTRUSDT,Sell,77,0.16658,"{""T"":1788141080281,""s"":""BTRUSDT"",""S"":""Sell"",""v"":""77"",""p"":""0.16658""}"
2026-08-31T01:51:20.859121Z,1788141080282,APTUSDT,Buy,17.65,0.5122,"{""T"":1788141080282,""s"":""APTUSDT"",""S"":""Buy"",""v"":""17.65"",""p"":""0.5122""}"
2026-08-31T01:52:02.828893Z,1788141122693,ZKCUSDT,Sell,734.0,0.06721,"{""T"":1788141122693,""s"":""ZKCUSDT"",""S"":""Sell"",""v"":""734.0"",""p"":""0.06721""}"
2026-08-31T01:52:05.329269Z,1788141125004,ZKCUSDT,Sell,10062.7,0.06753,"{""T"":1788141125004,""s"":""ZKCUSDT"",""S"":""Sell"",""v"":""10062.7"",""p"":""0.06753""}"
2026-08-31T01:52:14.813377Z,1788141134417,TRUMPUSDT,Buy,48.4,2.316,"{""T"":1788141134417,""s"":""TRUMPUSDT"",""S"":""Buy"",""v"":""48.4"",""p"":""2.316""}"
2026-08-31T01:52:21.313240Z,1788141141185,SKRUSDT,Sell,8890,0.034426,"{""T"":1788141141185,""s"":""SKRUSDT"",""S"":""Sell"",""v"":""8890"",""p"":""0.034426""}"
2026-08-31T01:52:46.986899Z,1788141166712,MAGMAUSDT,Buy,1000,0.32210,"{""T"":1788141166712,""s"":""MAGMAUSDT"",""S"":""Buy"",""v"":""1000"",""p"":""0.32210""}"
2026-08-31T01:53:03.829033Z,1788141183401,NIULAIUSDT,Sell,15840,0.11583,"{""T"":1788141183401,""s"":""NIULAIUSDT"",""S"":""Sell"",""v"":""15840"",""p"":""0.11583""}"
2026-08-31T01:53:04.328808Z,1788141183808,NIULAIUSDT,Sell,200,0.11573,"{""T"":1788141183808,""s"":""NIULAIUSDT"",""S"":""Sell"",""v"":""200"",""p"":""0.11573""}"
2026-08-31T01:53:04.328808Z,1788141183925,NIULAIUSDT,Sell,2610,0.11576,"{""T"":1788141183925,""s"":""NIULAIUSDT"",""S"":""Sell"",""v"":""2610"",""p"":""0.11576""}"
2026-08-31T01:53:10.329369Z,1788141190232,NIULAIUSDT,Sell,3210,0.11666,"{""T"":1788141190232,""s"":""NIULAIUSDT"",""S"":""Sell"",""v"":""3210"",""p"":""0.11666""}"
2026-08-31T01:53:11.348063Z,1788141190841,BTRUSDT,Sell,83,0.16969,"{""T"":1788141190841,""s"":""BTRUSDT"",""S"":""Sell"",""v"":""83"",""p"":""0.16969""}"
2026-08-31T01:53:11.848054Z,1788141191457,BTRUSDT,Sell,564,0.16889,"{""T"":1788141191457,""s"":""BTRUSDT"",""S"":""Sell"",""v"":""564"",""p"":""0.16889""}"
2026-08-31T01:53:55.986683Z,1788141235699,ZROUSDT,Buy,1042.8,0.9968,"{""T"":1788141235699,""s"":""ZROUSDT"",""S"":""Buy"",""v"":""1042.8"",""p"":""0.9968""}"
2026-08-31T01:54:12.825234Z,1788141252372,ZORAUSDT,Sell,1240,0.008807,"{""T"":1788141252372,""s"":""ZORAUSDT"",""S"":""Sell"",""v"":""1240"",""p"":""0.008807""}"
2026-08-31T01:54:30.324990Z,1788141269808,ENAUSDT,Buy,10687,0.14484,"{""T"":1788141269808,""s"":""ENAUSDT"",""S"":""Buy"",""v"":""10687"",""p"":""0.14484""}"
2026-08-31T01:54:55.337483Z,1788141294810,LITUSDT,Buy,552.0,3.4620,"{""T"":1788141294810,""s"":""LITUSDT"",""S"":""Buy"",""v"":""552.0"",""p"":""3.4620""}"
2026-08-31T01:54:56.992667Z,1788141296899,SUIUSDT,Buy,400,0.70050,"{""T"":1788141296899,""s"":""SUIUSDT"",""S"":""Buy"",""v"":""400"",""p"":""0.70050""}"
2026-08-31T01:54:57.455791Z,1788141297183,ETHUSDT,Buy,1.28,2407.11,"{""T"":1788141297183,""s"":""ETHUSDT"",""S"":""Buy"",""v"":""1.28"",""p"":""2407.11""}"
2026-08-31T01:55:06.813219Z,1788141306606,SKRUSDT,Buy,2080,0.031572,"{""T"":1788141306606,""s"":""SKRUSDT"",""S"":""Buy"",""v"":""2080"",""p"":""0.031572""}"
2026-08-31T01:55:07.813152Z,1788141307274,SKRUSDT,Buy,13290,0.031586,"{""T"":1788141307274,""s"":""SKRUSDT"",""S"":""Buy"",""v"":""13290"",""p"":""0.031586""}"
2026-08-31T01:55:07.813152Z,1788141307633,SKRUSDT,Buy,200,0.031508,"{""T"":1788141307633,""s"":""SKRUSDT"",""S"":""Buy"",""v"":""200"",""p"":""0.031508""}"
2026-08-31T01:55:08.313148Z,1788141307752,SKRUSDT,Buy,3930,0.031501,"{""T"":1788141307752,""s"":""SKRUSDT"",""S"":""Buy"",""v"":""3930"",""p"":""0.031501""}"
2026-08-31T01:55:08.313148Z,1788141308207,SKRUSDT,Buy,41040,0.031517,"{""T"":1788141308207,""s"":""SKRUSDT"",""S"":""Buy"",""v"":""41040"",""p"":""0.031517""}"
2026-08-31T01:55:10.813307Z,1788141310654,SKRUSDT,Buy,430,0.031268,"{""T"":1788141310654,""s"":""SKRUSDT"",""S"":""Buy"",""v"":""430"",""p"":""0.031268""}"
2026-08-31T01:55:12.824930Z,1788141312500,FARTCOINUSDT,Buy,591,0.17041,"{""T"":1788141312500,""s"":""FARTCOINUSDT"",""S"":""Buy"",""v"":""591"",""p"":""0.17041""}"
2026-08-31T01:55:16.414229Z,1788141316049,ADAUSDT,Buy,2543,0.1909,"{""T"":1788141316049,""s"":""ADAUSDT"",""S"":""Buy"",""v"":""2543"",""p"":""0.1909""}"
2026-08-31T01:56:23.313197Z,1788141382729,SKRUSDT,Buy,1440,0.031196,"{""T"":1788141382729,""s"":""SKRUSDT"",""S"":""Buy"",""v"":""1440"",""p"":""0.031196""}"
2026-08-31T01:56:23.313197Z,1788141382900,SKRUSDT,Buy,610,0.031218,"{""T"":1788141382900,""s"":""SKRUSDT"",""S"":""Buy"",""v"":""610"",""p"":""0.031218""}"
2026-08-31T01:56:45.830238Z,1788141405314,CASHCATUSDT,Buy,49060,0.18408,"{""T"":1788141405314,""s"":""CASHCATUSDT"",""S"":""Buy"",""v"":""49060"",""p"":""0.18408""}"
2026-08-31T01:56:56.328905Z,1788141416152,NIULAIUSDT,Sell,800,0.11695,"{""T"":1788141416152,""s"":""NIULAIUSDT"",""S"":""Sell"",""v"":""800"",""p"":""0.11695""}"
2026-08-31T01:58:02.635878Z,1788141482237,HEMIUSDT,Sell,15708,0.015234,"{""T"":1788141482237,""s"":""HEMIUSDT"",""S"":""Sell"",""v"":""15708"",""p"":""0.015234""}"
2026-08-31T01:58:08.956661Z,1788141488544,ETHUSDT,Buy,0.16,2404.71,"{""T"":1788141488544,""s"":""ETHUSDT"",""S"":""Buy"",""v"":""0.16"",""p"":""2404.71""}"
2026-08-31T01:58:20.563606Z,1788141500409,SOLUSDT,Buy,1.6,100.890,"{""T"":1788141500409,""s"":""SOLUSDT"",""S"":""Buy"",""v"":""1.6"",""p"":""100.890""}"
2026-08-31T01:58:44.837626Z,1788141524600,LITUSDT,Buy,21.4,3.4440,"{""T"":1788141524600,""s"":""LITUSDT"",""S"":""Buy"",""v"":""21.4"",""p"":""3.4440""}"
2026-08-31T01:58:51.955830Z,1788141531823,ETHUSDT,Buy,1.17,2404.35,"{""T"":1788141531823,""s"":""ETHUSDT"",""S"":""Buy"",""v"":""1.17"",""p"":""2404.35""}"
2026-08-31T01:58:52.955983Z,1788141532453,ETHUSDT,Buy,0.43,2404.19,"{""T"":1788141532453,""s"":""ETHUSDT"",""S"":""Buy"",""v"":""0.43"",""p"":""2404.19""}"
2026-08-31T01:58:54.063463Z,1788141533641,SOLUSDT,Buy,72.3,100.850,"{""T"":1788141533641,""s"":""SOLUSDT"",""S"":""Buy"",""v"":""72.3"",""p"":""100.850""}"
2026-08-31T01:58:55.496908Z,1788141535022,INJUSDT,Buy,10.0,4.8340,"{""T"":1788141535022,""s"":""INJUSDT"",""S"":""Buy"",""v"":""10.0"",""p"":""4.8340""}"
2026-08-31T01:58:56.848548Z,1788141536325,BTRUSDT,Buy,1001,0.16290,"{""T"":1788141536325,""s"":""BTRUSDT"",""S"":""Buy"",""v"":""1001"",""p"":""0.16290""}"
2026-08-31T01:58:58.813342Z,1788141538257,TRUMPUSDT,Buy,97.4,2.298,"{""T"":1788141538257,""s"":""TRUMPUSDT"",""S"":""Buy"",""v"":""97.4"",""p"":""2.298""}"
2026-08-31T01:59:06.325317Z,1788141545970,POLUSDT,Buy,52377,0.09432,"{""T"":1788141545970,""s"":""POLUSDT"",""S"":""Buy"",""v"":""52377"",""p"":""0.09432""}"
2026-08-31T01:59:09.813214Z,1788141549485,TRUMPUSDT,Buy,8.3,2.294,"{""T"":1788141549485,""s"":""TRUMPUSDT"",""S"":""Buy"",""v"":""8.3"",""p"":""2.294""}"
2026-08-31T01:59:09.837684Z,1788141549485,ONDOUSDT,Sell,71,0.3448,"{""T"":1788141549485,""s"":""ONDOUSDT"",""S"":""Sell"",""v"":""71"",""p"":""0.3448""}"
2026-08-31T01:59:09.907898Z,1788141549485,TSLAUSDT,Sell,0.07,348.88,"{""T"":1788141549485,""s"":""TSLAUSDT"",""S"":""Sell"",""v"":""0.07"",""p"":""348.88""}"
2026-08-31T01:59:09.955744Z,1788141549485,ETHUSDT,Sell,0.02,2419.76,"{""T"":1788141549485,""s"":""ETHUSDT"",""S"":""Sell"",""v"":""0.02"",""p"":""2419.76""}"
2026-08-31T01:59:18.813556Z,1788141558415,SKRUSDT,Buy,1750,0.030900,"{""T"":1788141558415,""s"":""SKRUSDT"",""S"":""Buy"",""v"":""1750"",""p"":""0.030900""}"
2026-08-31T01:59:24.813163Z,1788141564548,SKRUSDT,Buy,1030,0.030521,"{""T"":1788141564548,""s"":""SKRUSDT"",""S"":""Buy"",""v"":""1030"",""p"":""0.030521""}"
2026-08-31T01:59:24.813163Z,1788141564668,SKRUSDT,Buy,430,0.030525,"{""T"":1788141564668,""s"":""SKRUSDT"",""S"":""Buy"",""v"":""430"",""p"":""0.030525""}"
2026-08-31T01:59:24.838214Z,1788141564542,XRPUSDT,Buy,350.0,1.3356,"{""T"":1788141564542,""s"":""XRPUSDT"",""S"":""Buy"",""v"":""350.0"",""p"":""1.3356""}"
2026-08-31T01:59:25.313211Z,1788141565083,SKRUSDT,Buy,136380,0.030508,"{""T"":1788141565083,""s"":""SKRUSDT"",""S"":""Buy"",""v"":""136380"",""p"":""0.030508""}"
2026-08-31T01:59:25.415718Z,1788141564834,DOGEUSDT,Buy,1,0.08087,"{""T"":1788141564834,""s"":""DOGEUSDT"",""S"":""Buy"",""v"":""1"",""p"":""0.08087""}"
2026-08-31T01:59:25.455780Z,1788141564963,ETHUSDT,Buy,1.28,2402.22,"{""T"":1788141564963,""s"":""ETHUSDT"",""S"":""Buy"",""v"":""1.28"",""p"":""2402.22""}"
2026-08-31T01:59:25.455780Z,1788141565133,ETHUSDT,Buy,0.93,2401.79,"{""T"":1788141565133,""s"":""ETHUSDT"",""S"":""Buy"",""v"":""0.93"",""p"":""2401.79""}"
2026-08-31T01:59:25.956209Z,1788141565547,ETHUSDT,Buy,0.29,2401.52,"{""T"":1788141565547,""s"":""ETHUSDT"",""S"":""Buy"",""v"":""0.29"",""p"":""2401.52""}"
2026-08-31T01:59:25.956209Z,1788141565632,ETHUSDT,Buy,1.00,2401.91,"{""T"":1788141565632,""s"":""ETHUSDT"",""S"":""Buy"",""v"":""1.00"",""p"":""2401.91""}"
2026-08-31T01:59:27.313184Z,1788141566874,SKRUSDT,Buy,1270,0.030286,"{""T"":1788141566874,""s"":""SKRUSDT"",""S"":""Buy"",""v"":""1270"",""p"":""0.030286""}"
2026-08-31T01:59:28.313250Z,1788141567961,SKRUSDT,Buy,610,0.030111,"{""T"":1788141567961,""s"":""SKRUSDT"",""S"":""Buy"",""v"":""610"",""p"":""0.030111""}"
2026-08-31T01:59:28.313250Z,1788141568077,SKRUSDT,Buy,410,0.030104,"{""T"":1788141568077,""s"":""SKRUSDT"",""S"":""Buy"",""v"":""410"",""p"":""0.030104""}"
2026-08-31T01:59:32.825008Z,1788141572587,ZORAUSDT,Buy,89690,0.008248,"{""T"":1788141572587,""s"":""ZORAUSDT"",""S"":""Buy"",""v"":""89690"",""p"":""0.008248""}"
2026-08-31T01:59:53.325106Z,1788141593030,ZORAUSDT,Buy,22190,0.008101,"{""T"":1788141593030,""s"":""ZORAUSDT"",""S"":""Buy"",""v"":""22190"",""p"":""0.008101""}"
2026-08-31T01:59:54.829189Z,1788141594550,NIULAIUSDT,Buy,330,0.10692,"{""T"":1788141594550,""s"":""NIULAIUSDT"",""S"":""Buy"",""v"":""330"",""p"":""0.10692""}"
2026-08-31T02:00:12.414363Z,1788141612253,ADAUSDT,Buy,186,0.1909,"{""T"":1788141612253,""s"":""ADAUSDT"",""S"":""Buy"",""v"":""186"",""p"":""0.1909""}"
2026-08-31T02:00:12.813977Z,1788141612253,TRUMPUSDT,Buy,15.7,2.291,"{""T"":1788141612253,""s"":""TRUMPUSDT"",""S"":""Buy"",""v"":""15.7"",""p"":""2.291""}"
2026-08-31T02:00:19.813407Z,1788141619705,SKRUSDT,Buy,1480,0.029862,"{""T"":1788141619705,""s"":""SKRUSDT"",""S"":""Buy"",""v"":""1480"",""p"":""0.029862""}"
2026-08-31T02:00:20.813330Z,1788141620377,SKRUSDT,Buy,1400,0.029837,"{""T"":1788141620377,""s"":""SKRUSDT"",""S"":""Buy"",""v"":""1400"",""p"":""0.029837""}"
2026-08-31T02:00:26.313544Z,1788141625967,SKRUSDT,Buy,230,0.029518,"{""T"":1788141625967,""s"":""SKRUSDT"",""S"":""Buy"",""v"":""230"",""p"":""0.029518""}"
2026-08-31T02:00:28.813403Z,1788141628598,PUMPFUNUSDT,Buy,4200,0.0043330,"{""T"":1788141628598,""s"":""PUMPFUNUSDT"",""S"":""Buy"",""v"":""4200"",""p"":""0.0043330""}"
2026-08-31T02:00:29.813656Z,1788141629644,PUMPFUNUSDT,Buy,39800,0.0043260,"{""T"":1788141629644,""s"":""PUMPFUNUSDT"",""S"":""Buy"",""v"":""39800"",""p"":""0.0043260""}"
2026-08-31T02:00:29.814318Z,1788141629644,SKRUSDT,Buy,3070,0.029513,"{""T"":1788141629644,""s"":""SKRUSDT"",""S"":""Buy"",""v"":""3070"",""p"":""0.029513""}"
2026-08-31T02:00:29.837903Z,1788141629643,XRPUSDT,Buy,137.9,1.3350,"{""T"":1788141629643,""s"":""XRPUSDT"",""S"":""Buy"",""v"":""137.9"",""p"":""1.3350""}"
2026-08-31T02:00:38.814148Z,1788141638447,SKRUSDT,Sell,760,0.031646,"{""T"":1788141638447,""s"":""SKRUSDT"",""S"":""Sell"",""v"":""760"",""p"":""0.031646""}"
2026-08-31T02:00:52.490002Z,1788141652143,XAUUSDT,Buy,0.008,4416.63,"{""T"":1788141652143,""s"":""XAUUSDT"",""S"":""Buy"",""v"":""0.008"",""p"":""4416.63""}"
2026-08-31T02:00:57.838520Z,1788141657543,XRPUSDT,Buy,607.7,1.3340,"{""T"":1788141657543,""s"":""XRPUSDT"",""S"":""Buy"",""v"":""607.7"",""p"":""1.3340""}"
2026-08-31T02:01:21.813416Z,1788141681539,SKRUSDT,Buy,97100,0.029315,"{""T"":1788141681539,""s"":""SKRUSDT"",""S"":""Buy"",""v"":""97100"",""p"":""0.029315""}"
2026-08-31T02:01:23.813375Z,1788141683293,SKRUSDT,Buy,1600,0.029205,"{""T"":1788141683293,""s"":""SKRUSDT"",""S"":""Buy"",""v"":""1600"",""p"":""0.029205""}"
2026-08-31T02:01:39.497296Z,1788141699371,XAUTUSDT,Buy,0.013,4385.80,"{""T"":1788141699371,""s"":""XAUTUSDT"",""S"":""Buy"",""v"":""0.013"",""p"":""4385.80""}"
2026-08-31T02:02:09.813190Z,1788141729399,SKRUSDT,Buy,310,0.028876,"{""T"":1788141729399,""s"":""SKRUSDT"",""S"":""Buy"",""v"":""310"",""p"":""0.028876""}"
2026-08-31T02:02:14.486770Z,1788141734371,XAUUSDT,Buy,2.186,4412.21,"{""T"":1788141734371,""s"":""XAUUSDT"",""S"":""Buy"",""v"":""2.186"",""p"":""4412.21""}"
2026-08-31T02:02:14.987137Z,1788141734659,XAUUSDT,Buy,0.011,4413.29,"{""T"":1788141734659,""s"":""XAUUSDT"",""S"":""Buy"",""v"":""0.011"",""p"":""4413.29""}"
2026-08-31T02:02:20.635645Z,1788141740199,HEMIUSDT,Sell,60934,0.015421,"{""T"":1788141740199,""s"":""HEMIUSDT"",""S"":""Sell"",""v"":""60934"",""p"":""0.015421""}"
2026-08-31T02:02:21.136089Z,1788141741003,HEMIUSDT,Sell,714,0.015400,"{""T"":1788141741003,""s"":""HEMIUSDT"",""S"":""Sell"",""v"":""714"",""p"":""0.015400""}"
2026-08-31T02:02:36.135783Z,1788141756045,HEMIUSDT,Sell,240000,0.015504,"{""T"":1788141756045,""s"":""HEMIUSDT"",""S"":""Sell"",""v"":""240000"",""p"":""0.015504""}"
2026-08-31T02:02:46.337834Z,1788141766199,XRPUSDT,Buy,31057.7,1.3336,"{""T"":1788141766199,""s"":""XRPUSDT"",""S"":""Buy"",""v"":""31057.7"",""p"":""1.3336""}"
2026-08-31T02:02:58.136133Z,1788141778005,HEMIUSDT,Sell,7207,0.015560,"{""T"":1788141778005,""s"":""HEMIUSDT"",""S"":""Sell"",""v"":""7207"",""p"":""0.015560""}"
2026-08-31T02:03:00.635806Z,1788141780459,HEMIUSDT,Sell,41124,0.015570,"{""T"":1788141780459,""s"":""HEMIUSDT"",""S"":""Sell"",""v"":""41124"",""p"":""0.015570""}"
2026-08-31T02:03:09.813141Z,1788141789635,SKRUSDT,Buy,170,0.028809,"{""T"":1788141789635,""s"":""SKRUSDT"",""S"":""Buy"",""v"":""170"",""p"":""0.028809""}"
2026-08-31T02:03:10.313407Z,1788141789914,SKRUSDT,Buy,240,0.028803,"{""T"":1788141789914,""s"":""SKRUSDT"",""S"":""Buy"",""v"":""240"",""p"":""0.028803""}"
2026-08-31T02:03:10.313407Z,1788141790101,SKRUSDT,Buy,230,0.028731,"{""T"":1788141790101,""s"":""SKRUSDT"",""S"":""Buy"",""v"":""230"",""p"":""0.028731""}"
2026-08-31T02:03:11.313605Z,1788141791168,SKRUSDT,Buy,1670,0.028626,"{""T"":1788141791168,""s"":""SKRUSDT"",""S"":""Buy"",""v"":""1670"",""p"":""0.028626""}"
2026-08-31T02:03:11.487107Z,1788141791285,XAUUSDT,Buy,0.086,4410.30,"{""T"":1788141791285,""s"":""XAUUSDT"",""S"":""Buy"",""v"":""0.086"",""p"":""4410.30""}"
2026-08-31T02:03:11.497621Z,1788141791377,XAUTUSDT,Buy,0.050,4382.80,"{""T"":1788141791377,""s"":""XAUTUSDT"",""S"":""Buy"",""v"":""0.050"",""p"":""4382.80""}"
2026-08-31T02:03:11.996902Z,1788141791556,XAUTUSDT,Buy,0.222,4382.10,"{""T"":1788141791556,""s"":""XAUTUSDT"",""S"":""Buy"",""v"":""0.222"",""p"":""4382.10""}"
2026-08-31T02:03:14.813383Z,1788141794539,SKRUSDT,Buy,1960,0.028578,"{""T"":1788141794539,""s"":""SKRUSDT"",""S"":""Buy"",""v"":""1960"",""p"":""0.028578""}"
2026-08-31T02:03:14.986832Z,1788141794432,XAUUSDT,Buy,1.457,4408.82,"{""T"":1788141794432,""s"":""XAUUSDT"",""S"":""Buy"",""v"":""1.457"",""p"":""4408.82""}"
2026-08-31T02:03:15.566518Z,1788141795151,BTCUSDT,Buy,0.079,77267.10,"{""T"":1788141795151,""s"":""BTCUSDT"",""S"":""Buy"",""v"":""0.079"",""p"":""77267.10""}"
2026-08-31T02:03:16.496889Z,1788141796078,XAUTUSDT,Buy,0.193,4379.70,"{""T"":1788141796078,""s"":""XAUTUSDT"",""S"":""Buy"",""v"":""0.193"",""p"":""4379.70""}"
2026-08-31T02:03:16.496889Z,1788141796095,XAUTUSDT,Buy,0.010,4380.40,"{""T"":1788141796095,""s"":""XAUTUSDT"",""S"":""Buy"",""v"":""0.010"",""p"":""4380.40""}"
2026-08-31T02:03:16.636194Z,1788141796531,HEMIUSDT,Sell,20030,0.015642,"{""T"":1788141796531,""s"":""HEMIUSDT"",""S"":""Sell"",""v"":""20030"",""p"":""0.015642""}"
2026-08-31T02:03:16.986775Z,1788141796493,XAUUSDT,Buy,0.040,4407.14,"{""T"":1788141796493,""s"":""XAUUSDT"",""S"":""Buy"",""v"":""0.040"",""p"":""4407.14""}"
2026-08-31T02:03:18.860572Z,1788141798285,WLDUSDT,Buy,0.4,0.3534,"{""T"":1788141798285,""s"":""WLDUSDT"",""S"":""Buy"",""v"":""0.4"",""p"":""0.3534""}"
2026-08-31T02:03:18.860572Z,1788141798577,WLDUSDT,Buy,15729.8,0.3531,"{""T"":1788141798577,""s"":""WLDUSDT"",""S"":""Buy"",""v"":""15729.8"",""p"":""0.3531""}"
2026-08-31T02:03:18.956805Z,1788141798753,ETHUSDT,Buy,0.02,2400.91,"{""T"":1788141798753,""s"":""ETHUSDT"",""S"":""Buy"",""v"":""0.02"",""p"":""2400.91""}"
2026-08-31T02:03:18.986730Z,1788141798444,XAUUSDT,Buy,0.098,4406.11,"{""T"":1788141798444,""s"":""XAUUSDT"",""S"":""Buy"",""v"":""0.098"",""p"":""4406.11""}"
2026-08-31T02:03:18.996672Z,1788141798905,XAUTUSDT,Buy,0.109,4377.00,"{""T"":1788141798905,""s"":""XAUTUSDT"",""S"":""Buy"",""v"":""0.109"",""p"":""4377.00""}"
2026-08-31T02:03:19.066420Z,1788141798488,BTCUSDT,Buy,0.001,77254.90,"{""T"":1788141798488,""s"":""BTCUSDT"",""S"":""Buy"",""v"":""0.001"",""p"":""77254.90""}"
2026-08-31T02:03:19.066420Z,1788141798753,BTCUSDT,Buy,0.003,77257.80,"{""T"":1788141798753,""s"":""BTCUSDT"",""S"":""Buy"",""v"":""0.003"",""p"":""77257.80""}"
2026-08-31T02:03:19.486700Z,1788141799116,XAGUSDT,Buy,31.174,65.63,"{""T"":1788141799116,""s"":""XAGUSDT"",""S"":""Buy"",""v"":""31.174"",""p"":""65.63""}"
2026-08-31T02:03:19.497103Z,1788141798978,PENGUUSDT,Buy,32710,0.008497,"{""T"":1788141798978,""s"":""PENGUUSDT"",""S"":""Buy"",""v"":""32710"",""p"":""0.008497""}"
2026-08-31T02:03:19.956033Z,1788141799548,ETHUSDT,Buy,0.04,2400.59,"{""T"":1788141799548,""s"":""ETHUSDT"",""S"":""Buy"",""v"":""0.04"",""p"":""2400.59""}"
2026-08-31T02:03:26.986735Z,1788141806827,XAUUSDT,Buy,0.077,4402.18,"{""T"":1788141806827,""s"":""XAUUSDT"",""S"":""Buy"",""v"":""0.077"",""p"":""4402.18""}"
2026-08-31T02:03:27.956303Z,1788141807563,ETHUSDT,Buy,15.00,2399.71,"{""T"":1788141807563,""s"":""ETHUSDT"",""S"":""Buy"",""v"":""15.00"",""p"":""2399.71""}"
2026-08-31T02:03:29.813408Z,1788141809636,SKRUSDT,Buy,340,0.028554,"{""T"":1788141809636,""s"":""SKRUSDT"",""S"":""Buy"",""v"":""340"",""p"":""0.028554""}"
2026-08-31T02:03:35.829286Z,1788141815718,NIULAIUSDT,Buy,250,0.10636,"{""T"":1788141815718,""s"":""NIULAIUSDT"",""S"":""Buy"",""v"":""250"",""p"":""0.10636""}"
2026-08-31T02:03:43.329257Z,1788141823226,NIULAIUSDT,Buy,90,0.10615,"{""T"":1788141823226,""s"":""NIULAIUSDT"",""S"":""Buy"",""v"":""90"",""p"":""0.10615""}"
2026-08-31T02:03:46.829105Z,1788141826294,NIULAIUSDT,Buy,50,0.10593,"{""T"":1788141826294,""s"":""NIULAIUSDT"",""S"":""Buy"",""v"":""50"",""p"":""0.10593""}"
2026-08-31T02:03:48.828790Z,1788141828289,NIULAIUSDT,Buy,820,0.10578,"{""T"":1788141828289,""s"":""NIULAIUSDT"",""S"":""Buy"",""v"":""820"",""p"":""0.10578""}"
2026-08-31T02:03:48.828790Z,1788141828413,NIULAIUSDT,Buy,20120,0.10586,"{""T"":1788141828413,""s"":""NIULAIUSDT"",""S"":""Buy"",""v"":""20120"",""p"":""0.10586""}"
2026-08-31T02:04:21.992296Z,1788141861689,ONGUSDT,Buy,1150,0.09514,"{""T"":1788141861689,""s"":""ONGUSDT"",""S"":""Buy"",""v"":""1150"",""p"":""0.09514""}"
2026-08-31T02:04:22.829206Z,1788141862631,ZKCUSDT,Buy,3484.6,0.06016,"{""T"":1788141862631,""s"":""ZKCUSDT"",""S"":""Buy"",""v"":""3484.6"",""p"":""0.06016""}"
2026-08-31T02:05:30.313416Z,1788141929996,SKRUSDT,Buy,160000,0.028508,"{""T"":1788141929996,""s"":""SKRUSDT"",""S"":""Buy"",""v"":""160000"",""p"":""0.028508""}"
2026-08-31T02:05:41.329102Z,1788141941118,NIULAIUSDT,Buy,17310,0.10438,"{""T"":1788141941118,""s"":""NIULAIUSDT"",""S"":""Buy"",""v"":""17310"",""p"":""0.10438""}"
2026-08-31T02:05:41.828891Z,1788141941462,NIULAIUSDT,Buy,9340,0.10455,"{""T"":1788141941462,""s"":""NIULAIUSDT"",""S"":""Buy"",""v"":""9340"",""p"":""0.10455""}"
2026-08-31T02:05:41.828891Z,1788141941546,NIULAIUSDT,Buy,1190,0.10418,"{""T"":1788141941546,""s"":""NIULAIUSDT"",""S"":""Buy"",""v"":""1190"",""p"":""0.10418""}"
2026-08-31T02:05:45.825358Z,1788141945454,FARTCOINUSDT,Sell,13357,0.17533,"{""T"":1788141945454,""s"":""FARTCOINUSDT"",""S"":""Sell"",""v"":""13357"",""p"":""0.17533""}"
2026-08-31T02:06:08.313182Z,1788141968141,SKRUSDT,Sell,41950,0.030660,"{""T"":1788141968141,""s"":""SKRUSDT"",""S"":""Sell"",""v"":""41950"",""p"":""0.030660""}"
