recv_ts_utc,exch_ts_ms,symbol,side,size,price,raw_json
2026-09-21T00:00:05.989342Z,1789948805402,SNDKUSDT,Sell,0.06,1804.55,"{""T"":1789948805402,""s"":""SNDKUSDT"",""S"":""Sell"",""v"":""0.06"",""p"":""1804.55""}"
2026-09-21T00:00:08.994488Z,1789948808699,LUNA2USDT,Buy,14046.3,0.05393,"{""T"":1789948808699,""s"":""LUNA2USDT"",""S"":""Buy"",""v"":""14046.3"",""p"":""0.05393""}"
2026-09-21T00:00:09.494676Z,1789948808944,LUNA2USDT,Buy,1000.0,0.05380,"{""T"":1789948808944,""s"":""LUNA2USDT"",""S"":""Buy"",""v"":""1000.0"",""p"":""0.05380""}"
2026-09-21T00:00:09.910525Z,1789948809371,MSTRUSDT,Buy,12.93,153.62,"{""T"":1789948809371,""s"":""MSTRUSDT"",""S"":""Buy"",""v"":""12.93"",""p"":""153.62""}"
2026-09-21T00:00:18.137266Z,1789948817865,AKEUSDT,Sell,1700,0.0609950,"{""T"":1789948817865,""s"":""AKEUSDT"",""S"":""Sell"",""v"":""1700"",""p"":""0.0609950""}"
2026-09-21T00:00:20.495115Z,1789948819999,LUNA2USDT,Buy,27305.5,0.05189,"{""T"":1789948819999,""s"":""LUNA2USDT"",""S"":""Buy"",""v"":""27305.5"",""p"":""0.05189""}"
2026-09-21T00:00:20.495115Z,1789948820002,LUNA2USDT,Buy,377.1,0.05197,"{""T"":1789948820002,""s"":""LUNA2USDT"",""S"":""Buy"",""v"":""377.1"",""p"":""0.05197""}"
2026-09-21T00:00:20.994255Z,1789948820531,LUNA2USDT,Buy,2515.7,0.05250,"{""T"":1789948820531,""s"":""LUNA2USDT"",""S"":""Buy"",""v"":""2515.7"",""p"":""0.05250""}"
2026-09-21T00:00:20.994255Z,1789948820570,LUNA2USDT,Buy,4697.5,0.05216,"{""T"":1789948820570,""s"":""LUNA2USDT"",""S"":""Buy"",""v"":""4697.5"",""p"":""0.05216""}"
2026-09-21T00:00:20.994255Z,1789948820825,LUNA2USDT,Buy,3448.2,0.05220,"{""T"":1789948820825,""s"":""LUNA2USDT"",""S"":""Buy"",""v"":""3448.2"",""p"":""0.05220""}"
2026-09-21T00:00:20.994255Z,1789948820890,LUNA2USDT,Buy,164.5,0.05182,"{""T"":1789948820890,""s"":""LUNA2USDT"",""S"":""Buy"",""v"":""164.5"",""p"":""0.05182""}"
2026-09-21T00:00:21.137876Z,1789948820699,AKEUSDT,Sell,300,0.0611710,"{""T"":1789948820699,""s"":""AKEUSDT"",""S"":""Sell"",""v"":""300"",""p"":""0.0611710""}"
2026-09-21T00:00:21.494668Z,1789948820988,LUNA2USDT,Buy,12669.1,0.05115,"{""T"":1789948820988,""s"":""LUNA2USDT"",""S"":""Buy"",""v"":""12669.1"",""p"":""0.05115""}"
2026-09-21T00:00:21.494668Z,1789948821020,LUNA2USDT,Buy,37114.5,0.05149,"{""T"":1789948821020,""s"":""LUNA2USDT"",""S"":""Buy"",""v"":""37114.5"",""p"":""0.05149""}"
2026-09-21T00:00:21.494668Z,1789948821030,LUNA2USDT,Buy,37086.3,0.05153,"{""T"":1789948821030,""s"":""LUNA2USDT"",""S"":""Buy"",""v"":""37086.3"",""p"":""0.05153""}"
2026-09-21T00:00:21.494668Z,1789948821244,LUNA2USDT,Buy,379.6,0.05163,"{""T"":1789948821244,""s"":""LUNA2USDT"",""S"":""Buy"",""v"":""379.6"",""p"":""0.05163""}"
2026-09-21T00:00:21.994386Z,1789948821579,LUNA2USDT,Buy,877.1,0.05130,"{""T"":1789948821579,""s"":""LUNA2USDT"",""S"":""Buy"",""v"":""877.1"",""p"":""0.05130""}"
2026-09-21T00:00:21.994386Z,1789948821607,LUNA2USDT,Buy,352.3,0.05111,"{""T"":1789948821607,""s"":""LUNA2USDT"",""S"":""Buy"",""v"":""352.3"",""p"":""0.05111""}"
2026-09-21T00:00:21.994386Z,1789948821662,LUNA2USDT,Buy,526.7,0.05132,"{""T"":1789948821662,""s"":""LUNA2USDT"",""S"":""Buy"",""v"":""526.7"",""p"":""0.05132""}"
2026-09-21T00:00:23.499184Z,1789948823044,LUNA2USDT,Sell,37086.3,0.05281,"{""T"":1789948823044,""s"":""LUNA2USDT"",""S"":""Sell"",""v"":""37086.3"",""p"":""0.05281""}"
2026-09-21T00:00:29.495356Z,1789948829092,LUNA2USDT,Buy,1121.0,0.05090,"{""T"":1789948829092,""s"":""LUNA2USDT"",""S"":""Buy"",""v"":""1121.0"",""p"":""0.05090""}"
2026-09-21T00:00:29.495356Z,1789948829338,LUNA2USDT,Buy,18559.1,0.05070,"{""T"":1789948829338,""s"":""LUNA2USDT"",""S"":""Buy"",""v"":""18559.1"",""p"":""0.05070""}"
2026-09-21T00:00:33.958983Z,1789948833746,ETHUSDT,Sell,2.00,2654.13,"{""T"":1789948833746,""s"":""ETHUSDT"",""S"":""Sell"",""v"":""2.00"",""p"":""2654.13""}"
2026-09-21T00:00:33.989550Z,1789948833746,SNDKUSDT,Sell,1.31,1807.16,"{""T"":1789948833746,""s"":""SNDKUSDT"",""S"":""Sell"",""v"":""1.31"",""p"":""1807.16""}"
2026-09-21T00:00:41.489230Z,1789948840923,SNDKUSDT,Sell,1.08,1808.52,"{""T"":1789948840923,""s"":""SNDKUSDT"",""S"":""Sell"",""v"":""1.08"",""p"":""1808.52""}"
2026-09-21T00:00:42.861720Z,1789948842521,SEIUSDT,Sell,308,0.05428,"{""T"":1789948842521,""s"":""SEIUSDT"",""S"":""Sell"",""v"":""308"",""p"":""0.05428""}"
2026-09-21T00:00:46.489219Z,1789948846025,SOXLUSDT,Sell,11.29,126.95,"{""T"":1789948846025,""s"":""SOXLUSDT"",""S"":""Sell"",""v"":""11.29"",""p"":""126.95""}"
2026-09-21T00:00:46.489715Z,1789948846025,SNDKUSDT,Sell,0.83,1812.66,"{""T"":1789948846025,""s"":""SNDKUSDT"",""S"":""Sell"",""v"":""0.83"",""p"":""1812.66""}"
2026-09-21T00:00:48.494364Z,1789948848187,LUNA2USDT,Buy,3324.4,0.05184,"{""T"":1789948848187,""s"":""LUNA2USDT"",""S"":""Buy"",""v"":""3324.4"",""p"":""0.05184""}"
2026-09-21T00:01:35.958808Z,1789948895531,ETHUSDT,Sell,0.10,2657.23,"{""T"":1789948895531,""s"":""ETHUSDT"",""S"":""Sell"",""v"":""0.10"",""p"":""2657.23""}"
2026-09-21T00:01:38.958190Z,1789948898842,ETHUSDT,Sell,0.82,2659.76,"{""T"":1789948898842,""s"":""ETHUSDT"",""S"":""Sell"",""v"":""0.82"",""p"":""2659.76""}"
2026-09-21T00:01:39.458359Z,1789948898875,ETHUSDT,Sell,15.00,2659.56,"{""T"":1789948898875,""s"":""ETHUSDT"",""S"":""Sell"",""v"":""15.00"",""p"":""2659.56""}"
2026-09-21T00:01:39.458359Z,1789948899197,ETHUSDT,Sell,0.14,2659.76,"{""T"":1789948899197,""s"":""ETHUSDT"",""S"":""Sell"",""v"":""0.14"",""p"":""2659.76""}"
2026-09-21T00:01:39.458359Z,1789948899230,ETHUSDT,Sell,0.27,2658.64,"{""T"":1789948899230,""s"":""ETHUSDT"",""S"":""Sell"",""v"":""0.27"",""p"":""2658.64""}"
2026-09-21T00:01:39.458359Z,1789948899315,ETHUSDT,Sell,0.28,2659.66,"{""T"":1789948899315,""s"":""ETHUSDT"",""S"":""Sell"",""v"":""0.28"",""p"":""2659.66""}"
2026-09-21T00:01:39.959132Z,1789948899418,ETHUSDT,Sell,0.13,2658.29,"{""T"":1789948899418,""s"":""ETHUSDT"",""S"":""Sell"",""v"":""0.13"",""p"":""2658.29""}"
2026-09-21T00:01:39.959132Z,1789948899484,ETHUSDT,Sell,0.07,2658.46,"{""T"":1789948899484,""s"":""ETHUSDT"",""S"":""Sell"",""v"":""0.07"",""p"":""2658.46""}"
2026-09-21T00:01:39.959132Z,1789948899568,ETHUSDT,Sell,3.00,2658.95,"{""T"":1789948899568,""s"":""ETHUSDT"",""S"":""Sell"",""v"":""3.00"",""p"":""2658.95""}"
2026-09-21T00:01:39.959132Z,1789948899580,ETHUSDT,Sell,0.10,2657.55,"{""T"":1789948899580,""s"":""ETHUSDT"",""S"":""Sell"",""v"":""0.10"",""p"":""2657.55""}"
2026-09-21T00:01:39.959132Z,1789948899667,ETHUSDT,Sell,0.33,2659.11,"{""T"":1789948899667,""s"":""ETHUSDT"",""S"":""Sell"",""v"":""0.33"",""p"":""2659.11""}"
2026-09-21T00:01:53.072243Z,1789948912762,BTCUSDT,Sell,0.001,81584.60,"{""T"":1789948912762,""s"":""BTCUSDT"",""S"":""Sell"",""v"":""0.001"",""p"":""81584.60""}"
2026-09-21T00:01:59.330733Z,1789948919147,SAGAUSDT,Sell,25990.0,0.039801,"{""T"":1789948919147,""s"":""SAGAUSDT"",""S"":""Sell"",""v"":""25990.0"",""p"":""0.039801""}"
2026-09-21T00:01:59.830723Z,1789948919298,SAGAUSDT,Sell,1399.4,0.039238,"{""T"":1789948919298,""s"":""SAGAUSDT"",""S"":""Sell"",""v"":""1399.4"",""p"":""0.039238""}"
2026-09-21T00:01:59.830723Z,1789948919409,SAGAUSDT,Sell,128607.4,0.039962,"{""T"":1789948919409,""s"":""SAGAUSDT"",""S"":""Sell"",""v"":""128607.4"",""p"":""0.039962""}"
2026-09-21T00:01:59.830723Z,1789948919435,SAGAUSDT,Sell,1413.5,0.039820,"{""T"":1789948919435,""s"":""SAGAUSDT"",""S"":""Sell"",""v"":""1413.5"",""p"":""0.039820""}"
2026-09-21T00:01:59.830723Z,1789948919649,SAGAUSDT,Sell,744.6,0.039546,"{""T"":1789948919649,""s"":""SAGAUSDT"",""S"":""Sell"",""v"":""744.6"",""p"":""0.039546""}"
2026-09-21T00:02:00.330928Z,1789948919972,SAGAUSDT,Sell,362.6,0.039954,"{""T"":1789948919972,""s"":""SAGAUSDT"",""S"":""Sell"",""v"":""362.6"",""p"":""0.039954""}"
2026-09-21T00:02:02.830546Z,1789948922364,SAGAUSDT,Sell,2620.1,0.040018,"{""T"":1789948922364,""s"":""SAGAUSDT"",""S"":""Sell"",""v"":""2620.1"",""p"":""0.040018""}"
2026-09-21T00:02:02.916200Z,1789948922766,1000PEPEUSDT,Sell,262100,0.0040430,"{""T"":1789948922766,""s"":""1000PEPEUSDT"",""S"":""Sell"",""v"":""262100"",""p"":""0.0040430""}"
2026-09-21T00:02:03.327863Z,1789948922766,ENAUSDT,Sell,2375,0.22067,"{""T"":1789948922766,""s"":""ENAUSDT"",""S"":""Sell"",""v"":""2375"",""p"":""0.22067""}"
2026-09-21T00:02:03.330820Z,1789948922766,SAGAUSDT,Sell,11341.1,0.040142,"{""T"":1789948922766,""s"":""SAGAUSDT"",""S"":""Sell"",""v"":""11341.1"",""p"":""0.040142""}"
2026-09-21T00:02:03.330820Z,1789948923170,SAGAUSDT,Sell,550.1,0.040231,"{""T"":1789948923170,""s"":""SAGAUSDT"",""S"":""Sell"",""v"":""550.1"",""p"":""0.040231""}"
2026-09-21T00:02:03.831570Z,1789948923521,SAGAUSDT,Sell,27338.8,0.040236,"{""T"":1789948923521,""s"":""SAGAUSDT"",""S"":""Sell"",""v"":""27338.8"",""p"":""0.040236""}"
2026-09-21T00:02:03.831570Z,1789948923627,SAGAUSDT,Sell,8457.8,0.040190,"{""T"":1789948923627,""s"":""SAGAUSDT"",""S"":""Sell"",""v"":""8457.8"",""p"":""0.040190""}"
2026-09-21T00:02:04.330619Z,1789948923814,SAGAUSDT,Sell,156.3,0.040157,"{""T"":1789948923814,""s"":""SAGAUSDT"",""S"":""Sell"",""v"":""156.3"",""p"":""0.040157""}"
2026-09-21T00:02:04.958356Z,1789948924742,ETHUSDT,Sell,1.74,2661.48,"{""T"":1789948924742,""s"":""ETHUSDT"",""S"":""Sell"",""v"":""1.74"",""p"":""2661.48""}"
2026-09-21T00:02:04.958356Z,1789948924858,ETHUSDT,Sell,2.50,2661.84,"{""T"":1789948924858,""s"":""ETHUSDT"",""S"":""Sell"",""v"":""2.50"",""p"":""2661.84""}"
2026-09-21T00:02:05.958402Z,1789948925517,ETHUSDT,Sell,1.26,2661.38,"{""T"":1789948925517,""s"":""ETHUSDT"",""S"":""Sell"",""v"":""1.26"",""p"":""2661.38""}"
2026-09-21T00:02:05.958402Z,1789948925519,ETHUSDT,Sell,1.30,2661.08,"{""T"":1789948925519,""s"":""ETHUSDT"",""S"":""Sell"",""v"":""1.30"",""p"":""2661.08""}"
2026-09-21T00:02:05.958402Z,1789948925799,ETHUSDT,Sell,0.10,2661.91,"{""T"":1789948925799,""s"":""ETHUSDT"",""S"":""Sell"",""v"":""0.10"",""p"":""2661.91""}"
2026-09-21T00:02:08.330821Z,1789948928080,SAGAUSDT,Sell,2871.1,0.040229,"{""T"":1789948928080,""s"":""SAGAUSDT"",""S"":""Sell"",""v"":""2871.1"",""p"":""0.040229""}"
2026-09-21T00:02:09.998781Z,1789948929816,FLOCKUSDT,Sell,239,0.06841,"{""T"":1789948929816,""s"":""FLOCKUSDT"",""S"":""Sell"",""v"":""239"",""p"":""0.06841""}"
2026-09-21T00:02:15.958175Z,1789948935733,ETHUSDT,Sell,0.39,2662.33,"{""T"":1789948935733,""s"":""ETHUSDT"",""S"":""Sell"",""v"":""0.39"",""p"":""2662.33""}"
2026-09-21T00:02:16.488884Z,1789948936254,SNDKUSDT,Sell,1.65,1815.54,"{""T"":1789948936254,""s"":""SNDKUSDT"",""S"":""Sell"",""v"":""1.65"",""p"":""1815.54""}"
2026-09-21T00:02:18.415979Z,1789948938104,ZECUSDT,Sell,6.59,1527.29,"{""T"":1789948938104,""s"":""ZECUSDT"",""S"":""Sell"",""v"":""6.59"",""p"":""1527.29""}"
2026-09-21T00:02:18.458181Z,1789948938004,ETHUSDT,Sell,0.18,2663.56,"{""T"":1789948938004,""s"":""ETHUSDT"",""S"":""Sell"",""v"":""0.18"",""p"":""2663.56""}"
2026-09-21T00:02:18.458181Z,1789948938105,ETHUSDT,Sell,39.10,2663.32,"{""T"":1789948938105,""s"":""ETHUSDT"",""S"":""Sell"",""v"":""39.10"",""p"":""2663.32""}"
2026-09-21T00:02:18.564780Z,1789948938100,SOLUSDT,Sell,2.0,112.030,"{""T"":1789948938100,""s"":""SOLUSDT"",""S"":""Sell"",""v"":""2.0"",""p"":""112.030""}"
2026-09-21T00:02:20.064523Z,1789948939605,SOLUSDT,Sell,0.6,112.020,"{""T"":1789948939605,""s"":""SOLUSDT"",""S"":""Sell"",""v"":""0.6"",""p"":""112.020""}"
2026-09-21T00:02:22.315480Z,1789948942094,PUMPFUNUSDT,Sell,726800,0.0042840,"{""T"":1789948942094,""s"":""PUMPFUNUSDT"",""S"":""Sell"",""v"":""726800"",""p"":""0.0042840""}"
2026-09-21T00:02:22.498525Z,1789948942094,PENGUUSDT,Sell,624850,0.007943,"{""T"":1789948942094,""s"":""PENGUUSDT"",""S"":""Sell"",""v"":""624850"",""p"":""0.007943""}"
2026-09-21T00:02:22.565352Z,1789948941984,SOLUSDT,Sell,2.5,112.040,"{""T"":1789948941984,""s"":""SOLUSDT"",""S"":""Sell"",""v"":""2.5"",""p"":""112.040""}"
2026-09-21T00:02:22.957998Z,1789948942794,ETHUSDT,Sell,0.93,2664.63,"{""T"":1789948942794,""s"":""ETHUSDT"",""S"":""Sell"",""v"":""0.93"",""p"":""2664.63""}"
2026-09-21T00:02:23.068811Z,1789948942732,BTCUSDT,Sell,0.368,81634.50,"{""T"":1789948942732,""s"":""BTCUSDT"",""S"":""Sell"",""v"":""0.368"",""p"":""81634.50""}"
2026-09-21T00:02:23.068811Z,1789948942794,BTCUSDT,Sell,0.034,81625.90,"{""T"":1789948942794,""s"":""BTCUSDT"",""S"":""Sell"",""v"":""0.034"",""p"":""81625.90""}"
2026-09-21T00:02:23.068811Z,1789948942912,BTCUSDT,Sell,0.021,81627.30,"{""T"":1789948942912,""s"":""BTCUSDT"",""S"":""Sell"",""v"":""0.021"",""p"":""81627.30""}"
2026-09-21T00:02:23.458614Z,1789948942912,ETHUSDT,Sell,0.49,2664.68,"{""T"":1789948942912,""s"":""ETHUSDT"",""S"":""Sell"",""v"":""0.49"",""p"":""2664.68""}"
2026-09-21T00:02:23.958211Z,1789948943373,ETHUSDT,Sell,1.93,2664.56,"{""T"":1789948943373,""s"":""ETHUSDT"",""S"":""Sell"",""v"":""1.93"",""p"":""2664.56""}"
2026-09-21T00:02:23.958211Z,1789948943516,ETHUSDT,Sell,0.65,2664.88,"{""T"":1789948943516,""s"":""ETHUSDT"",""S"":""Sell"",""v"":""0.65"",""p"":""2664.88""}"
2026-09-21T00:02:23.958211Z,1789948943553,ETHUSDT,Sell,13.49,2664.91,"{""T"":1789948943553,""s"":""ETHUSDT"",""S"":""Sell"",""v"":""13.49"",""p"":""2664.91""}"
2026-09-21T00:02:23.958211Z,1789948943618,ETHUSDT,Sell,0.03,2665.09,"{""T"":1789948943618,""s"":""ETHUSDT"",""S"":""Sell"",""v"":""0.03"",""p"":""2665.09""}"
2026-09-21T00:02:23.958211Z,1789948943738,ETHUSDT,Sell,3.43,2665.53,"{""T"":1789948943738,""s"":""ETHUSDT"",""S"":""Sell"",""v"":""3.43"",""p"":""2665.53""}"
2026-09-21T00:02:24.067627Z,1789948943738,BTCUSDT,Sell,0.110,81623.70,"{""T"":1789948943738,""s"":""BTCUSDT"",""S"":""Sell"",""v"":""0.110"",""p"":""81623.70""}"
2026-09-21T00:02:24.458274Z,1789948944009,ETHUSDT,Sell,0.30,2665.14,"{""T"":1789948944009,""s"":""ETHUSDT"",""S"":""Sell"",""v"":""0.30"",""p"":""2665.14""}"
2026-09-21T00:02:25.065157Z,1789948944570,SOLUSDT,Sell,0.1,112.110,"{""T"":1789948944570,""s"":""SOLUSDT"",""S"":""Sell"",""v"":""0.1"",""p"":""112.110""}"
2026-09-21T00:02:25.564412Z,1789948945470,SOLUSDT,Sell,7.2,112.130,"{""T"":1789948945470,""s"":""SOLUSDT"",""S"":""Sell"",""v"":""7.2"",""p"":""112.130""}"
2026-09-21T00:02:25.998783Z,1789948945489,VIRTUALUSDT,Sell,74,0.6878,"{""T"":1789948945489,""s"":""VIRTUALUSDT"",""S"":""Sell"",""v"":""74"",""p"":""0.6878""}"
2026-09-21T00:02:26.458115Z,1789948946361,ETHUSDT,Sell,2.56,2665.90,"{""T"":1789948946361,""s"":""ETHUSDT"",""S"":""Sell"",""v"":""2.56"",""p"":""2665.90""}"
2026-09-21T00:02:27.458250Z,1789948946968,ETHUSDT,Sell,1.15,2666.00,"{""T"":1789948946968,""s"":""ETHUSDT"",""S"":""Sell"",""v"":""1.15"",""p"":""2666.00""}"
2026-09-21T00:02:27.458250Z,1789948947358,ETHUSDT,Sell,0.57,2666.11,"{""T"":1789948947358,""s"":""ETHUSDT"",""S"":""Sell"",""v"":""0.57"",""p"":""2666.11""}"
2026-09-21T00:02:27.839383Z,1789948947262,XRPUSDT,Sell,19.8,1.4241,"{""T"":1789948947262,""s"":""XRPUSDT"",""S"":""Sell"",""v"":""19.8"",""p"":""1.4241""}"
2026-09-21T00:02:27.839383Z,1789948947493,XRPUSDT,Sell,27.7,1.4242,"{""T"":1789948947493,""s"":""XRPUSDT"",""S"":""Sell"",""v"":""27.7"",""p"":""1.4242""}"
2026-09-21T00:02:28.567868Z,1789948948432,BTCUSDT,Sell,0.015,81637.50,"{""T"":1789948948432,""s"":""BTCUSDT"",""S"":""Sell"",""v"":""0.015"",""p"":""81637.50""}"
2026-09-21T00:02:28.958041Z,1789948948396,ETHUSDT,Sell,0.08,2666.69,"{""T"":1789948948396,""s"":""ETHUSDT"",""S"":""Sell"",""v"":""0.08"",""p"":""2666.69""}"
2026-09-21T00:02:28.958041Z,1789948948432,ETHUSDT,Sell,0.05,2667.25,"{""T"":1789948948432,""s"":""ETHUSDT"",""S"":""Sell"",""v"":""0.05"",""p"":""2667.25""}"
2026-09-21T00:02:28.994338Z,1789948948432,BRUSDT,Buy,5,1.05721,"{""T"":1789948948432,""s"":""BRUSDT"",""S"":""Buy"",""v"":""5"",""p"":""1.05721""}"
2026-09-21T00:02:30.567611Z,1789948950029,BTCUSDT,Sell,0.010,81641.70,"{""T"":1789948950029,""s"":""BTCUSDT"",""S"":""Sell"",""v"":""0.010"",""p"":""81641.70""}"
2026-09-21T00:02:31.458351Z,1789948951198,ETHUSDT,Sell,2.16,2667.91,"{""T"":1789948951198,""s"":""ETHUSDT"",""S"":""Sell"",""v"":""2.16"",""p"":""2667.91""}"
2026-09-21T00:02:31.564742Z,1789948951198,SOLUSDT,Sell,15.8,112.150,"{""T"":1789948951198,""s"":""SOLUSDT"",""S"":""Sell"",""v"":""15.8"",""p"":""112.150""}"
2026-09-21T00:02:49.498861Z,1789948969045,STXUSDT,Sell,752.2,0.34270,"{""T"":1789948969045,""s"":""STXUSDT"",""S"":""Sell"",""v"":""752.2"",""p"":""0.34270""}"
2026-09-21T00:03:04.496737Z,1789948984403,OPUSDT,Buy,287.4,0.12432,"{""T"":1789948984403,""s"":""OPUSDT"",""S"":""Buy"",""v"":""287.4"",""p"":""0.12432""}"
2026-09-21T00:03:04.830640Z,1789948984403,SAGAUSDT,Sell,21286.0,0.040685,"{""T"":1789948984403,""s"":""SAGAUSDT"",""S"":""Sell"",""v"":""21286.0"",""p"":""0.040685""}"
2026-09-21T00:03:05.330624Z,1789948984828,SAGAUSDT,Sell,386.1,0.040755,"{""T"":1789948984828,""s"":""SAGAUSDT"",""S"":""Sell"",""v"":""386.1"",""p"":""0.040755""}"
2026-09-21T00:03:05.330624Z,1789948985108,SAGAUSDT,Sell,252691.1,0.040679,"{""T"":1789948985108,""s"":""SAGAUSDT"",""S"":""Sell"",""v"":""252691.1"",""p"":""0.040679""}"
2026-09-21T00:03:05.330624Z,1789948985109,SAGAUSDT,Sell,47382.7,0.040752,"{""T"":1789948985109,""s"":""SAGAUSDT"",""S"":""Sell"",""v"":""47382.7"",""p"":""0.040752""}"
2026-09-21T00:03:05.830641Z,1789948985432,FFUSDT,Buy,13602,0.12598,"{""T"":1789948985432,""s"":""FFUSDT"",""S"":""Buy"",""v"":""13602"",""p"":""0.12598""}"
2026-09-21T00:03:05.831181Z,1789948985436,SAGAUSDT,Sell,87552.8,0.041121,"{""T"":1789948985436,""s"":""SAGAUSDT"",""S"":""Sell"",""v"":""87552.8"",""p"":""0.041121""}"
2026-09-21T00:03:05.831181Z,1789948985442,SAGAUSDT,Sell,31453.1,0.041327,"{""T"":1789948985442,""s"":""SAGAUSDT"",""S"":""Sell"",""v"":""31453.1"",""p"":""0.041327""}"
2026-09-21T00:03:05.831181Z,1789948985543,SAGAUSDT,Sell,10188.9,0.041220,"{""T"":1789948985543,""s"":""SAGAUSDT"",""S"":""Sell"",""v"":""10188.9"",""p"":""0.041220""}"
2026-09-21T00:03:05.831181Z,1789948985600,SAGAUSDT,Sell,2574.6,0.041030,"{""T"":1789948985600,""s"":""SAGAUSDT"",""S"":""Sell"",""v"":""2574.6"",""p"":""0.041030""}"
2026-09-21T00:03:05.831181Z,1789948985665,SAGAUSDT,Sell,630.2,0.041238,"{""T"":1789948985665,""s"":""SAGAUSDT"",""S"":""Sell"",""v"":""630.2"",""p"":""0.041238""}"
2026-09-21T00:03:06.330873Z,1789948985768,SAGAUSDT,Sell,6089.2,0.040952,"{""T"":1789948985768,""s"":""SAGAUSDT"",""S"":""Sell"",""v"":""6089.2"",""p"":""0.040952""}"
2026-09-21T00:03:06.330873Z,1789948986005,SAGAUSDT,Sell,5191.2,0.040886,"{""T"":1789948986005,""s"":""SAGAUSDT"",""S"":""Sell"",""v"":""5191.2"",""p"":""0.040886""}"
2026-09-21T00:03:06.330873Z,1789948986032,SAGAUSDT,Sell,483.8,0.040838,"{""T"":1789948986032,""s"":""SAGAUSDT"",""S"":""Sell"",""v"":""483.8"",""p"":""0.040838""}"
2026-09-21T00:03:06.330873Z,1789948986098,SAGAUSDT,Sell,572.6,0.041259,"{""T"":1789948986098,""s"":""SAGAUSDT"",""S"":""Sell"",""v"":""572.6"",""p"":""0.041259""}"
2026-09-21T00:03:06.830784Z,1789948986276,SAGAUSDT,Sell,8046.4,0.041409,"{""T"":1789948986276,""s"":""SAGAUSDT"",""S"":""Sell"",""v"":""8046.4"",""p"":""0.041409""}"
2026-09-21T00:03:06.830784Z,1789948986288,SAGAUSDT,Sell,1426.0,0.041408,"{""T"":1789948986288,""s"":""SAGAUSDT"",""S"":""Sell"",""v"":""1426.0"",""p"":""0.041408""}"
2026-09-21T00:03:06.830784Z,1789948986619,SAGAUSDT,Sell,60442.3,0.041367,"{""T"":1789948986619,""s"":""SAGAUSDT"",""S"":""Sell"",""v"":""60442.3"",""p"":""0.041367""}"
2026-09-21T00:03:07.330821Z,1789948987034,SAGAUSDT,Sell,530.4,0.041359,"{""T"":1789948987034,""s"":""SAGAUSDT"",""S"":""Sell"",""v"":""530.4"",""p"":""0.041359""}"
2026-09-21T00:03:10.988995Z,1789948990632,SOXLUSDT,Sell,20.00,127.33,"{""T"":1789948990632,""s"":""SOXLUSDT"",""S"":""Sell"",""v"":""20.00"",""p"":""127.33""}"
2026-09-21T00:03:13.330730Z,1789948993128,SAGAUSDT,Sell,16.8,0.041670,"{""T"":1789948993128,""s"":""SAGAUSDT"",""S"":""Sell"",""v"":""16.8"",""p"":""0.041670""}"
2026-09-21T00:03:13.830867Z,1789948993503,SAGAUSDT,Sell,5030.4,0.041637,"{""T"":1789948993503,""s"":""SAGAUSDT"",""S"":""Sell"",""v"":""5030.4"",""p"":""0.041637""}"
2026-09-21T00:03:13.830867Z,1789948993603,SAGAUSDT,Sell,7182.7,0.041646,"{""T"":1789948993603,""s"":""SAGAUSDT"",""S"":""Sell"",""v"":""7182.7"",""p"":""0.041646""}"
2026-09-21T00:03:14.331472Z,1789948994032,SAGAUSDT,Sell,467.2,0.041686,"{""T"":1789948994032,""s"":""SAGAUSDT"",""S"":""Sell"",""v"":""467.2"",""p"":""0.041686""}"
2026-09-21T00:03:14.339152Z,1789948994175,XRPUSDT,Sell,3.8,1.4249,"{""T"":1789948994175,""s"":""XRPUSDT"",""S"":""Sell"",""v"":""3.8"",""p"":""1.4249""}"
2026-09-21T00:03:14.839983Z,1789948994542,XRPUSDT,Sell,181.8,1.4250,"{""T"":1789948994542,""s"":""XRPUSDT"",""S"":""Sell"",""v"":""181.8"",""p"":""1.4250""}"
2026-09-21T00:03:15.410207Z,1789948994860,JUPUSDT,Sell,56,0.30340,"{""T"":1789948994860,""s"":""JUPUSDT"",""S"":""Sell"",""v"":""56"",""p"":""0.30340""}"
2026-09-21T00:03:15.410207Z,1789948994963,JUPUSDT,Sell,2856,0.30270,"{""T"":1789948994963,""s"":""JUPUSDT"",""S"":""Sell"",""v"":""2856"",""p"":""0.30270""}"
2026-09-21T00:03:17.989983Z,1789948997679,SOXLUSDT,Sell,0.73,127.46,"{""T"":1789948997679,""s"":""SOXLUSDT"",""S"":""Sell"",""v"":""0.73"",""p"":""127.46""}"
2026-09-21T00:03:21.330917Z,1789949000965,SAGAUSDT,Sell,8817.7,0.041736,"{""T"":1789949000965,""s"":""SAGAUSDT"",""S"":""Sell"",""v"":""8817.7"",""p"":""0.041736""}"
2026-09-21T00:03:21.831222Z,1789949001286,SAGAUSDT,Sell,9995.2,0.041949,"{""T"":1789949001286,""s"":""SAGAUSDT"",""S"":""Sell"",""v"":""9995.2"",""p"":""0.041949""}"
2026-09-21T00:03:21.831222Z,1789949001364,SAGAUSDT,Sell,13634.0,0.041789,"{""T"":1789949001364,""s"":""SAGAUSDT"",""S"":""Sell"",""v"":""13634.0"",""p"":""0.041789""}"
2026-09-21T00:03:21.831222Z,1789949001462,SAGAUSDT,Sell,1315.7,0.041800,"{""T"":1789949001462,""s"":""SAGAUSDT"",""S"":""Sell"",""v"":""1315.7"",""p"":""0.041800""}"
2026-09-21T00:03:21.831222Z,1789949001516,SAGAUSDT,Sell,200.0,0.042000,"{""T"":1789949001516,""s"":""SAGAUSDT"",""S"":""Sell"",""v"":""200.0"",""p"":""0.042000""}"
2026-09-21T00:03:22.331201Z,1789949001982,SAGAUSDT,Sell,957.2,0.041957,"{""T"":1789949001982,""s"":""SAGAUSDT"",""S"":""Sell"",""v"":""957.2"",""p"":""0.041957""}"
2026-09-21T00:03:32.851070Z,1789949012471,USELESSUSDT,Sell,285,0.24782,"{""T"":1789949012471,""s"":""USELESSUSDT"",""S"":""Sell"",""v"":""285"",""p"":""0.24782""}"
2026-09-21T00:03:32.998815Z,1789949012471,STXUSDT,Sell,1144.8,0.34320,"{""T"":1789949012471,""s"":""STXUSDT"",""S"":""Sell"",""v"":""1144.8"",""p"":""0.34320""}"
2026-09-21T00:03:57.021492Z,1789949036618,NEARUSDT,Sell,14.2,4.2500,"{""T"":1789949036618,""s"":""NEARUSDT"",""S"":""Sell"",""v"":""14.2"",""p"":""4.2500""}"
2026-09-21T00:04:08.018844Z,1789949047618,NEARUSDT,Sell,8.2,4.2530,"{""T"":1789949047618,""s"":""NEARUSDT"",""S"":""Sell"",""v"":""8.2"",""p"":""4.2530""}"
2026-09-21T00:04:13.018734Z,1789949052578,NEARUSDT,Sell,6.8,4.2560,"{""T"":1789949052578,""s"":""NEARUSDT"",""S"":""Sell"",""v"":""6.8"",""p"":""4.2560""}"
2026-09-21T00:04:21.064604Z,1789949060702,ARUSDT,Sell,2.0,4.9490,"{""T"":1789949060702,""s"":""ARUSDT"",""S"":""Sell"",""v"":""2.0"",""p"":""4.9490""}"
2026-09-21T00:04:32.339895Z,1789949071859,XRPUSDT,Sell,1009.4,1.4258,"{""T"":1789949071859,""s"":""XRPUSDT"",""S"":""Sell"",""v"":""1009.4"",""p"":""1.4258""}"
2026-09-21T00:04:32.839235Z,1789949072620,XRPUSDT,Sell,961.4,1.4260,"{""T"":1789949072620,""s"":""XRPUSDT"",""S"":""Sell"",""v"":""961.4"",""p"":""1.4260""}"
2026-09-21T00:04:34.815133Z,1789949074666,HYPEUSDT,Sell,18.79,94.550,"{""T"":1789949074666,""s"":""HYPEUSDT"",""S"":""Sell"",""v"":""18.79"",""p"":""94.550""}"
2026-09-21T00:04:34.839313Z,1789949074666,LITUSDT,Sell,175.5,4.8430,"{""T"":1789949074666,""s"":""LITUSDT"",""S"":""Sell"",""v"":""175.5"",""p"":""4.8430""}"
2026-09-21T00:04:34.998487Z,1789949074901,EPICUSDT,Sell,184,0.5946,"{""T"":1789949074901,""s"":""EPICUSDT"",""S"":""Sell"",""v"":""184"",""p"":""0.5946""}"
2026-09-21T00:04:35.137389Z,1789949074666,JTOUSDT,Sell,1233.5,0.5135,"{""T"":1789949074666,""s"":""JTOUSDT"",""S"":""Sell"",""v"":""1233.5"",""p"":""0.5135""}"
2026-09-21T00:04:52.064965Z,1789949091945,SOLUSDT,Sell,92.2,112.080,"{""T"":1789949091945,""s"":""SOLUSDT"",""S"":""Sell"",""v"":""92.2"",""p"":""112.080""}"
2026-09-21T00:04:52.069668Z,1789949091945,BTCUSDT,Sell,0.124,81612.70,"{""T"":1789949091945,""s"":""BTCUSDT"",""S"":""Sell"",""v"":""0.124"",""p"":""81612.70""}"
2026-09-21T00:04:52.314856Z,1789949091945,TRUMPUSDT,Sell,4943.1,2.104,"{""T"":1789949091945,""s"":""TRUMPUSDT"",""S"":""Sell"",""v"":""4943.1"",""p"":""2.104""}"
2026-09-21T00:04:52.339218Z,1789949091944,XRPUSDT,Sell,7232.7,1.4272,"{""T"":1789949091944,""s"":""XRPUSDT"",""S"":""Sell"",""v"":""7232.7"",""p"":""1.4272""}"
2026-09-21T00:04:52.458512Z,1789949091944,ETHUSDT,Sell,3.87,2662.80,"{""T"":1789949091944,""s"":""ETHUSDT"",""S"":""Sell"",""v"":""3.87"",""p"":""2662.80""}"
2026-09-21T00:05:02.018322Z,1789949101727,NEARUSDT,Sell,765.3,4.2700,"{""T"":1789949101727,""s"":""NEARUSDT"",""S"":""Sell"",""v"":""765.3"",""p"":""4.2700""}"
2026-09-21T00:05:02.910399Z,1789949102620,LSKUSDT,Buy,66.5,0.36002,"{""T"":1789949102620,""s"":""LSKUSDT"",""S"":""Buy"",""v"":""66.5"",""p"":""0.36002""}"
2026-09-21T00:05:03.018223Z,1789949102620,AVAXUSDT,Sell,7.3,11.520,"{""T"":1789949102620,""s"":""AVAXUSDT"",""S"":""Sell"",""v"":""7.3"",""p"":""11.520""}"
2026-09-21T00:05:03.018773Z,1789949102620,NEARUSDT,Sell,23.7,4.2750,"{""T"":1789949102620,""s"":""NEARUSDT"",""S"":""Sell"",""v"":""23.7"",""p"":""4.2750""}"
2026-09-21T00:05:03.343107Z,1789949102924,XRPUSDT,Sell,743.3,1.4274,"{""T"":1789949102924,""s"":""XRPUSDT"",""S"":""Sell"",""v"":""743.3"",""p"":""1.4274""}"
2026-09-21T00:05:03.410375Z,1789949103253,HBARUSDT,Sell,2500,0.08795,"{""T"":1789949103253,""s"":""HBARUSDT"",""S"":""Sell"",""v"":""2500"",""p"":""0.08795""}"
2026-09-21T00:05:03.416515Z,1789949103253,ZECUSDT,Sell,0.30,1531.32,"{""T"":1789949103253,""s"":""ZECUSDT"",""S"":""Sell"",""v"":""0.30"",""p"":""1531.32""}"
2026-09-21T00:05:03.416890Z,1789949103253,UNIUSDT,Sell,25.0,8.778,"{""T"":1789949103253,""s"":""UNIUSDT"",""S"":""Sell"",""v"":""25.0"",""p"":""8.778""}"
2026-09-21T00:05:03.417123Z,1789949103253,ADAUSDT,Sell,1000,0.2307,"{""T"":1789949103253,""s"":""ADAUSDT"",""S"":""Sell"",""v"":""1000"",""p"":""0.2307""}"
2026-09-21T00:05:03.494549Z,1789949103253,SUIUSDT,Sell,250,0.91470,"{""T"":1789949103253,""s"":""SUIUSDT"",""S"":""Sell"",""v"":""250"",""p"":""0.91470""}"
2026-09-21T00:05:03.518596Z,1789949103253,AVAXUSDT,Sell,15.0,11.538,"{""T"":1789949103253,""s"":""AVAXUSDT"",""S"":""Sell"",""v"":""15.0"",""p"":""11.538""}"
2026-09-21T00:05:03.519057Z,1789949103253,NEARUSDT,Sell,75.0,4.2800,"{""T"":1789949103253,""s"":""NEARUSDT"",""S"":""Sell"",""v"":""75.0"",""p"":""4.2800""}"
2026-09-21T00:05:03.564737Z,1789949103253,SOLUSDT,Sell,2.5,112.130,"{""T"":1789949103253,""s"":""SOLUSDT"",""S"":""Sell"",""v"":""2.5"",""p"":""112.130""}"
2026-09-21T00:05:03.815297Z,1789949103252,TRUMPUSDT,Sell,100.0,2.104,"{""T"":1789949103252,""s"":""TRUMPUSDT"",""S"":""Sell"",""v"":""100.0"",""p"":""2.104""}"
2026-09-21T00:05:03.815826Z,1789949103252,HYPEUSDT,Sell,3.00,94.550,"{""T"":1789949103252,""s"":""HYPEUSDT"",""S"":""Sell"",""v"":""3.00"",""p"":""94.550""}"
2026-09-21T00:05:03.827682Z,1789949103253,ENAUSDT,Sell,1000,0.22084,"{""T"":1789949103253,""s"":""ENAUSDT"",""S"":""Sell"",""v"":""1000"",""p"":""0.22084""}"
2026-09-21T00:05:03.839606Z,1789949103253,XRPUSDT,Sell,300.0,1.4274,"{""T"":1789949103253,""s"":""XRPUSDT"",""S"":""Sell"",""v"":""300.0"",""p"":""1.4274""}"
2026-09-21T00:05:04.018410Z,1789949103749,AVAXUSDT,Sell,377.5,11.535,"{""T"":1789949103749,""s"":""AVAXUSDT"",""S"":""Sell"",""v"":""377.5"",""p"":""11.535""}"
2026-09-21T00:05:04.137953Z,1789949103749,AKEUSDT,Buy,34100,0.0568330,"{""T"":1789949103749,""s"":""AKEUSDT"",""S"":""Buy"",""v"":""34100"",""p"":""0.0568330""}"
2026-09-21T00:05:04.916060Z,1789949104381,ZECUSDT,Sell,1.50,1535.35,"{""T"":1789949104381,""s"":""ZECUSDT"",""S"":""Sell"",""v"":""1.50"",""p"":""1535.35""}"
2026-09-21T00:05:04.916060Z,1789949104398,ZECUSDT,Sell,0.02,1534.33,"{""T"":1789949104398,""s"":""ZECUSDT"",""S"":""Sell"",""v"":""0.02"",""p"":""1534.33""}"
2026-09-21T00:05:04.958999Z,1789949104381,ETHUSDT,Sell,0.10,2662.99,"{""T"":1789949104381,""s"":""ETHUSDT"",""S"":""Sell"",""v"":""0.10"",""p"":""2662.99""}"
2026-09-21T00:05:05.916669Z,1789949105507,ZECUSDT,Sell,0.04,1536.14,"{""T"":1789949105507,""s"":""ZECUSDT"",""S"":""Sell"",""v"":""0.04"",""p"":""1536.14""}"
2026-09-21T00:05:13.567817Z,1789949113388,BTCUSDT,Sell,0.001,81646.70,"{""T"":1789949113388,""s"":""BTCUSDT"",""S"":""Sell"",""v"":""0.001"",""p"":""81646.70""}"
2026-09-21T00:05:14.916095Z,1789949114684,ZECUSDT,Sell,0.01,1536.67,"{""T"":1789949114684,""s"":""ZECUSDT"",""S"":""Sell"",""v"":""0.01"",""p"":""1536.67""}"
2026-09-21T00:05:18.416246Z,1789949117849,ZECUSDT,Sell,0.06,1537.77,"{""T"":1789949117849,""s"":""ZECUSDT"",""S"":""Sell"",""v"":""0.06"",""p"":""1537.77""}"
2026-09-21T00:05:23.068708Z,1789949122978,BTCUSDT,Sell,1.020,81668.10,"{""T"":1789949122978,""s"":""BTCUSDT"",""S"":""Sell"",""v"":""1.020"",""p"":""81668.10""}"
2026-09-21T00:05:23.314954Z,1789949122978,HYPEUSDT,Sell,47.45,94.570,"{""T"":1789949122978,""s"":""HYPEUSDT"",""S"":""Sell"",""v"":""47.45"",""p"":""94.570""}"
2026-09-21T00:05:23.567547Z,1789949123080,BTCUSDT,Sell,0.024,81654.10,"{""T"":1789949123080,""s"":""BTCUSDT"",""S"":""Sell"",""v"":""0.024"",""p"":""81654.10""}"
2026-09-21T00:05:23.567547Z,1789949123381,BTCUSDT,Sell,0.027,81657.10,"{""T"":1789949123381,""s"":""BTCUSDT"",""S"":""Sell"",""v"":""0.027"",""p"":""81657.10""}"
2026-09-21T00:05:24.067853Z,1789949123605,BTCUSDT,Sell,0.004,81669.70,"{""T"":1789949123605,""s"":""BTCUSDT"",""S"":""Sell"",""v"":""0.004"",""p"":""81669.70""}"
2026-09-21T00:05:24.067853Z,1789949123780,BTCUSDT,Sell,0.007,81663.20,"{""T"":1789949123780,""s"":""BTCUSDT"",""S"":""Sell"",""v"":""0.007"",""p"":""81663.20""}"
2026-09-21T00:05:24.567823Z,1789949124399,BTCUSDT,Sell,0.001,81679.30,"{""T"":1789949124399,""s"":""BTCUSDT"",""S"":""Sell"",""v"":""0.001"",""p"":""81679.30""}"
2026-09-21T00:05:24.916107Z,1789949124770,DOGEUSDT,Sell,13708,0.08848,"{""T"":1789949124770,""s"":""DOGEUSDT"",""S"":""Sell"",""v"":""13708"",""p"":""0.08848""}"
2026-09-21T00:05:29.839740Z,1789949129617,XRPUSDT,Sell,3782.7,1.4287,"{""T"":1789949129617,""s"":""XRPUSDT"",""S"":""Sell"",""v"":""3782.7"",""p"":""1.4287""}"
2026-09-21T00:05:47.518990Z,1789949147230,AVAXUSDT,Sell,1.8,11.548,"{""T"":1789949147230,""s"":""AVAXUSDT"",""S"":""Sell"",""v"":""1.8"",""p"":""11.548""}"
2026-09-21T00:05:50.314938Z,1789949150097,HYPEUSDT,Sell,1.74,94.650,"{""T"":1789949150097,""s"":""HYPEUSDT"",""S"":""Sell"",""v"":""1.74"",""p"":""94.650""}"
2026-09-21T00:05:51.839759Z,1789949151370,XRPUSDT,Sell,4.9,1.4291,"{""T"":1789949151370,""s"":""XRPUSDT"",""S"":""Sell"",""v"":""4.9"",""p"":""1.4291""}"
2026-09-21T00:05:54.565739Z,1789949154449,SOLUSDT,Sell,0.6,112.320,"{""T"":1789949154449,""s"":""SOLUSDT"",""S"":""Sell"",""v"":""0.6"",""p"":""112.320""}"
2026-09-21T00:06:12.068227Z,1789949171501,BTCUSDT,Sell,0.015,81683.70,"{""T"":1789949171501,""s"":""BTCUSDT"",""S"":""Sell"",""v"":""0.015"",""p"":""81683.70""}"
2026-09-21T00:06:29.567613Z,1789949189426,BTCUSDT,Sell,0.068,81686.90,"{""T"":1789949189426,""s"":""BTCUSDT"",""S"":""Sell"",""v"":""0.068"",""p"":""81686.90""}"
2026-09-21T00:06:30.567653Z,1789949190227,BTCUSDT,Sell,1.763,81703.70,"{""T"":1789949190227,""s"":""BTCUSDT"",""S"":""Sell"",""v"":""1.763"",""p"":""81703.70""}"
2026-09-21T00:06:31.067751Z,1789949190518,BTCUSDT,Sell,0.005,81694.80,"{""T"":1789949190518,""s"":""BTCUSDT"",""S"":""Sell"",""v"":""0.005"",""p"":""81694.80""}"
2026-09-21T00:06:31.067751Z,1789949190742,BTCUSDT,Sell,0.003,81698.90,"{""T"":1789949190742,""s"":""BTCUSDT"",""S"":""Sell"",""v"":""0.003"",""p"":""81698.90""}"
2026-09-21T00:06:31.567842Z,1789949191107,BTCUSDT,Sell,0.004,81701.70,"{""T"":1789949191107,""s"":""BTCUSDT"",""S"":""Sell"",""v"":""0.004"",""p"":""81701.70""}"
2026-09-21T00:06:31.567842Z,1789949191154,BTCUSDT,Sell,0.014,81726.50,"{""T"":1789949191154,""s"":""BTCUSDT"",""S"":""Sell"",""v"":""0.014"",""p"":""81726.50""}"
2026-09-21T00:06:31.567842Z,1789949191336,BTCUSDT,Sell,0.010,81708.20,"{""T"":1789949191336,""s"":""BTCUSDT"",""S"":""Sell"",""v"":""0.010"",""p"":""81708.20""}"
2026-09-21T00:06:31.567842Z,1789949191396,BTCUSDT,Sell,0.007,81711.20,"{""T"":1789949191396,""s"":""BTCUSDT"",""S"":""Sell"",""v"":""0.007"",""p"":""81711.20""}"
2026-09-21T00:06:32.067896Z,1789949191689,BTCUSDT,Sell,0.003,81722.30,"{""T"":1789949191689,""s"":""BTCUSDT"",""S"":""Sell"",""v"":""0.003"",""p"":""81722.30""}"
2026-09-21T00:06:32.067896Z,1789949191789,BTCUSDT,Sell,0.003,81720.80,"{""T"":1789949191789,""s"":""BTCUSDT"",""S"":""Sell"",""v"":""0.003"",""p"":""81720.80""}"
2026-09-21T00:06:32.067896Z,1789949191977,BTCUSDT,Sell,0.012,81733.20,"{""T"":1789949191977,""s"":""BTCUSDT"",""S"":""Sell"",""v"":""0.012"",""p"":""81733.20""}"
2026-09-21T00:06:32.916541Z,1789949192773,DOGEUSDT,Sell,45126,0.08854,"{""T"":1789949192773,""s"":""DOGEUSDT"",""S"":""Sell"",""v"":""45126"",""p"":""0.08854""}"
2026-09-21T00:06:34.839379Z,1789949194699,XRPUSDT,Sell,7.2,1.4297,"{""T"":1789949194699,""s"":""XRPUSDT"",""S"":""Sell"",""v"":""7.2"",""p"":""1.4297""}"
2026-09-21T00:06:35.315124Z,1789949195172,ASTERUSDT,Sell,132,0.7502,"{""T"":1789949195172,""s"":""ASTERUSDT"",""S"":""Sell"",""v"":""132"",""p"":""0.7502""}"
2026-09-21T00:06:35.315699Z,1789949195172,HYPEUSDT,Sell,20.72,94.640,"{""T"":1789949195172,""s"":""HYPEUSDT"",""S"":""Sell"",""v"":""20.72"",""p"":""94.640""}"
2026-09-21T00:06:35.339413Z,1789949195172,AAVEUSDT,Sell,0.57,139.01,"{""T"":1789949195172,""s"":""AAVEUSDT"",""S"":""Sell"",""v"":""0.57"",""p"":""139.01""}"
2026-09-21T00:06:35.339849Z,1789949195172,XRPUSDT,Sell,1743.9,1.4295,"{""T"":1789949195172,""s"":""XRPUSDT"",""S"":""Sell"",""v"":""1743.9"",""p"":""1.4295""}"
2026-09-21T00:06:35.350506Z,1789949195172,MUSDT,Sell,159,1.5276,"{""T"":1789949195172,""s"":""MUSDT"",""S"":""Sell"",""v"":""159"",""p"":""1.5276""}"
2026-09-21T00:06:35.350903Z,1789949195172,XLMUSDT,Sell,5572,0.19990,"{""T"":1789949195172,""s"":""XLMUSDT"",""S"":""Sell"",""v"":""5572"",""p"":""0.19990""}"
2026-09-21T00:06:35.351122Z,1789949195172,TRXUSDT,Sell,8854,0.34510,"{""T"":1789949195172,""s"":""TRXUSDT"",""S"":""Sell"",""v"":""8854"",""p"":""0.34510""}"
2026-09-21T00:06:35.410624Z,1789949195171,SHIB1000USDT,Sell,47930,0.005564,"{""T"":1789949195171,""s"":""SHIB1000USDT"",""S"":""Sell"",""v"":""47930"",""p"":""0.005564""}"
2026-09-21T00:06:35.411066Z,1789949195172,BCHUSDT,Sell,2.34,254.90,"{""T"":1789949195172,""s"":""BCHUSDT"",""S"":""Sell"",""v"":""2.34"",""p"":""254.90""}"
2026-09-21T00:06:35.411299Z,1789949195171,HBARUSDT,Sell,4249,0.08785,"{""T"":1789949195171,""s"":""HBARUSDT"",""S"":""Sell"",""v"":""4249"",""p"":""0.08785""}"
2026-09-21T00:06:35.415954Z,1789949195171,UNIUSDT,Sell,38.7,8.766,"{""T"":1789949195171,""s"":""UNIUSDT"",""S"":""Sell"",""v"":""38.7"",""p"":""8.766""}"
2026-09-21T00:06:35.416306Z,1789949195172,ADAUSDT,Sell,4967,0.2311,"{""T"":1789949195172,""s"":""ADAUSDT"",""S"":""Sell"",""v"":""4967"",""p"":""0.2311""}"
2026-09-21T00:06:35.416571Z,1789949195171,DOGEUSDT,Sell,16221,0.08858,"{""T"":1789949195171,""s"":""DOGEUSDT"",""S"":""Sell"",""v"":""16221"",""p"":""0.08858""}"
2026-09-21T00:06:35.416855Z,1789949195171,ZECUSDT,Sell,0.80,1534.82,"{""T"":1789949195171,""s"":""ZECUSDT"",""S"":""Sell"",""v"":""0.80"",""p"":""1534.82""}"
2026-09-21T00:06:35.458208Z,1789949195111,ETHUSDT,Sell,0.25,2663.95,"{""T"":1789949195111,""s"":""ETHUSDT"",""S"":""Sell"",""v"":""0.25"",""p"":""2663.95""}"
2026-09-21T00:06:35.458208Z,1789949195172,ETHUSDT,Sell,1.30,2664.99,"{""T"":1789949195172,""s"":""ETHUSDT"",""S"":""Sell"",""v"":""1.30"",""p"":""2664.99""}"
2026-09-21T00:06:35.458208Z,1789949195303,ETHUSDT,Sell,1.08,2664.88,"{""T"":1789949195303,""s"":""ETHUSDT"",""S"":""Sell"",""v"":""1.08"",""p"":""2664.88""}"
2026-09-21T00:06:35.494738Z,1789949195172,SUIUSDT,Sell,360,0.91660,"{""T"":1789949195172,""s"":""SUIUSDT"",""S"":""Sell"",""v"":""360"",""p"":""0.91660""}"
2026-09-21T00:06:35.498472Z,1789949195172,LINKUSDT,Sell,77.0,12.674,"{""T"":1789949195172,""s"":""LINKUSDT"",""S"":""Sell"",""v"":""77.0"",""p"":""12.674""}"
2026-09-21T00:06:35.498859Z,1789949195111,VIRTUALUSDT,Sell,455,0.6898,"{""T"":1789949195111,""s"":""VIRTUALUSDT"",""S"":""Sell"",""v"":""455"",""p"":""0.6898""}"
2026-09-21T00:06:35.518243Z,1789949195171,MNTUSDT,Sell,44.8,0.62140,"{""T"":1789949195171,""s"":""MNTUSDT"",""S"":""Sell"",""v"":""44.8"",""p"":""0.62140""}"
2026-09-21T00:06:35.518708Z,1789949195172,TAOUSDT,Sell,0.445,265.57,"{""T"":1789949195172,""s"":""TAOUSDT"",""S"":""Sell"",""v"":""0.445"",""p"":""265.57""}"
2026-09-21T00:06:35.519030Z,1789949195171,NEARUSDT,Sell,66.1,4.2510,"{""T"":1789949195171,""s"":""NEARUSDT"",""S"":""Sell"",""v"":""66.1"",""p"":""4.2510""}"
2026-09-21T00:06:35.519352Z,1789949195172,LTCUSDT,Sell,6.5,59.40,"{""T"":1789949195172,""s"":""LTCUSDT"",""S"":""Sell"",""v"":""6.5"",""p"":""59.40""}"
2026-09-21T00:06:35.519650Z,1789949195172,AVAXUSDT,Sell,36.9,11.536,"{""T"":1789949195172,""s"":""AVAXUSDT"",""S"":""Sell"",""v"":""36.9"",""p"":""11.536""}"
2026-09-21T00:06:35.565671Z,1789949195172,BNBUSDT,Sell,3.32,780.40,"{""T"":1789949195172,""s"":""BNBUSDT"",""S"":""Sell"",""v"":""3.32"",""p"":""780.40""}"
2026-09-21T00:06:35.566052Z,1789949195172,SOLUSDT,Sell,18.7,112.310,"{""T"":1789949195172,""s"":""SOLUSDT"",""S"":""Sell"",""v"":""18.7"",""p"":""112.310""}"
2026-09-21T00:06:35.567988Z,1789949194987,BTCUSDT,Sell,0.004,81768.40,"{""T"":1789949194987,""s"":""BTCUSDT"",""S"":""Sell"",""v"":""0.004"",""p"":""81768.40""}"
2026-09-21T00:06:35.567988Z,1789949195025,BTCUSDT,Sell,0.001,81769.40,"{""T"":1789949195025,""s"":""BTCUSDT"",""S"":""Sell"",""v"":""0.001"",""p"":""81769.40""}"
2026-09-21T00:06:35.567988Z,1789949195025,BTCUSDT,Sell,0.009,81739.30,"{""T"":1789949195025,""s"":""BTCUSDT"",""S"":""Sell"",""v"":""0.009"",""p"":""81739.30""}"
2026-09-21T00:06:35.567988Z,1789949195086,BTCUSDT,Sell,0.004,81751.40,"{""T"":1789949195086,""s"":""BTCUSDT"",""S"":""Sell"",""v"":""0.004"",""p"":""81751.40""}"
2026-09-21T00:06:35.567988Z,1789949195111,BTCUSDT,Sell,0.006,81764.00,"{""T"":1789949195111,""s"":""BTCUSDT"",""S"":""Sell"",""v"":""0.006"",""p"":""81764.00""}"
2026-09-21T00:06:35.567988Z,1789949195144,BTCUSDT,Sell,0.041,81788.00,"{""T"":1789949195144,""s"":""BTCUSDT"",""S"":""Sell"",""v"":""0.041"",""p"":""81788.00""}"
2026-09-21T00:06:35.567988Z,1789949195172,BTCUSDT,Sell,0.045,81798.70,"{""T"":1789949195172,""s"":""BTCUSDT"",""S"":""Sell"",""v"":""0.045"",""p"":""81798.70""}"
2026-09-21T00:06:35.567988Z,1789949195303,BTCUSDT,Sell,0.034,81792.20,"{""T"":1789949195303,""s"":""BTCUSDT"",""S"":""Sell"",""v"":""0.034"",""p"":""81792.20""}"
2026-09-21T00:06:35.567988Z,1789949195357,BTCUSDT,Sell,0.076,81772.20,"{""T"":1789949195357,""s"":""BTCUSDT"",""S"":""Sell"",""v"":""0.076"",""p"":""81772.20""}"
2026-09-21T00:06:35.567988Z,1789949195432,BTCUSDT,Sell,0.032,81754.70,"{""T"":1789949195432,""s"":""BTCUSDT"",""S"":""Sell"",""v"":""0.032"",""p"":""81754.70""}"
2026-09-21T00:06:35.567988Z,1789949195442,BTCUSDT,Sell,0.005,81744.00,"{""T"":1789949195442,""s"":""BTCUSDT"",""S"":""Sell"",""v"":""0.005"",""p"":""81744.00""}"
2026-09-21T00:06:35.958165Z,1789949195506,ETHUSDT,Sell,0.14,2663.65,"{""T"":1789949195506,""s"":""ETHUSDT"",""S"":""Sell"",""v"":""0.14"",""p"":""2663.65""}"
2026-09-21T00:06:36.068709Z,1789949195498,BTCUSDT,Sell,0.002,81786.60,"{""T"":1789949195498,""s"":""BTCUSDT"",""S"":""Sell"",""v"":""0.002"",""p"":""81786.60""}"
2026-09-21T00:06:36.068709Z,1789949195506,BTCUSDT,Sell,0.009,81755.90,"{""T"":1789949195506,""s"":""BTCUSDT"",""S"":""Sell"",""v"":""0.009"",""p"":""81755.90""}"
2026-09-21T00:06:36.068709Z,1789949195555,BTCUSDT,Sell,0.159,81793.50,"{""T"":1789949195555,""s"":""BTCUSDT"",""S"":""Sell"",""v"":""0.159"",""p"":""81793.50""}"
2026-09-21T00:06:36.068709Z,1789949195623,BTCUSDT,Sell,0.023,81779.40,"{""T"":1789949195623,""s"":""BTCUSDT"",""S"":""Sell"",""v"":""0.023"",""p"":""81779.40""}"
2026-09-21T00:06:36.068709Z,1789949195686,BTCUSDT,Sell,0.063,81771.00,"{""T"":1789949195686,""s"":""BTCUSDT"",""S"":""Sell"",""v"":""0.063"",""p"":""81771.00""}"
2026-09-21T00:06:36.068709Z,1789949195713,BTCUSDT,Sell,0.004,81788.70,"{""T"":1789949195713,""s"":""BTCUSDT"",""S"":""Sell"",""v"":""0.004"",""p"":""81788.70""}"
2026-09-21T00:06:36.068709Z,1789949195879,BTCUSDT,Sell,0.001,81758.90,"{""T"":1789949195879,""s"":""BTCUSDT"",""S"":""Sell"",""v"":""0.001"",""p"":""81758.90""}"
2026-09-21T00:06:36.068709Z,1789949195958,BTCUSDT,Sell,0.450,81747.30,"{""T"":1789949195958,""s"":""BTCUSDT"",""S"":""Sell"",""v"":""0.450"",""p"":""81747.30""}"
2026-09-21T00:06:37.567852Z,1789949197171,BTCUSDT,Sell,0.001,81802.10,"{""T"":1789949197171,""s"":""BTCUSDT"",""S"":""Sell"",""v"":""0.001"",""p"":""81802.10""}"
2026-09-21T00:06:37.567852Z,1789949197178,BTCUSDT,Sell,0.002,81800.90,"{""T"":1789949197178,""s"":""BTCUSDT"",""S"":""Sell"",""v"":""0.002"",""p"":""81800.90""}"
2026-09-21T00:06:37.567852Z,1789949197307,BTCUSDT,Sell,0.001,81799.60,"{""T"":1789949197307,""s"":""BTCUSDT"",""S"":""Sell"",""v"":""0.001"",""p"":""81799.60""}"
2026-09-21T00:06:38.068199Z,1789949197615,BTCUSDT,Sell,0.380,81796.90,"{""T"":1789949197615,""s"":""BTCUSDT"",""S"":""Sell"",""v"":""0.380"",""p"":""81796.90""}"
2026-09-21T00:06:38.415963Z,1789949198240,DOGEUSDT,Sell,1588,0.08862,"{""T"":1789949198240,""s"":""DOGEUSDT"",""S"":""Sell"",""v"":""1588"",""p"":""0.08862""}"
2026-09-21T00:06:38.564965Z,1789949198429,SOLUSDT,Sell,5.0,112.390,"{""T"":1789949198429,""s"":""SOLUSDT"",""S"":""Sell"",""v"":""5.0"",""p"":""112.390""}"
2026-09-21T00:06:38.567563Z,1789949198196,BTCUSDT,Sell,0.060,81822.60,"{""T"":1789949198196,""s"":""BTCUSDT"",""S"":""Sell"",""v"":""0.060"",""p"":""81822.60""}"
2026-09-21T00:06:38.567563Z,1789949198363,BTCUSDT,Sell,0.323,81840.10,"{""T"":1789949198363,""s"":""BTCUSDT"",""S"":""Sell"",""v"":""0.323"",""p"":""81840.10""}"
2026-09-21T00:06:38.567563Z,1789949198429,BTCUSDT,Sell,0.008,81841.10,"{""T"":1789949198429,""s"":""BTCUSDT"",""S"":""Sell"",""v"":""0.008"",""p"":""81841.10""}"
2026-09-21T00:06:38.567563Z,1789949198472,BTCUSDT,Sell,0.004,81832.90,"{""T"":1789949198472,""s"":""BTCUSDT"",""S"":""Sell"",""v"":""0.004"",""p"":""81832.90""}"
2026-09-21T00:06:38.916223Z,1789949198677,ZECUSDT,Sell,0.03,1535.51,"{""T"":1789949198677,""s"":""ZECUSDT"",""S"":""Sell"",""v"":""0.03"",""p"":""1535.51""}"
2026-09-21T00:06:38.916731Z,1789949198615,DOGEUSDT,Sell,64679,0.08861,"{""T"":1789949198615,""s"":""DOGEUSDT"",""S"":""Sell"",""v"":""64679"",""p"":""0.08861""}"
2026-09-21T00:06:38.958270Z,1789949198429,ETHUSDT,Sell,0.44,2665.96,"{""T"":1789949198429,""s"":""ETHUSDT"",""S"":""Sell"",""v"":""0.44"",""p"":""2665.96""}"
2026-09-21T00:06:38.999001Z,1789949198677,PENGUUSDT,Sell,7620,0.007982,"{""T"":1789949198677,""s"":""PENGUUSDT"",""S"":""Sell"",""v"":""7620"",""p"":""0.007982""}"
2026-09-21T00:06:39.067896Z,1789949198551,BTCUSDT,Sell,0.001,81829.10,"{""T"":1789949198551,""s"":""BTCUSDT"",""S"":""Sell"",""v"":""0.001"",""p"":""81829.10""}"
2026-09-21T00:06:39.067896Z,1789949198649,BTCUSDT,Sell,0.002,81826.10,"{""T"":1789949198649,""s"":""BTCUSDT"",""S"":""Sell"",""v"":""0.002"",""p"":""81826.10""}"
2026-09-21T00:07:01.518122Z,1789949221133,AVAXUSDT,Sell,211.0,11.553,"{""T"":1789949221133,""s"":""AVAXUSDT"",""S"":""Sell"",""v"":""211.0"",""p"":""11.553""}"
2026-09-21T00:07:01.518122Z,1789949221324,AVAXUSDT,Sell,97.5,11.550,"{""T"":1789949221324,""s"":""AVAXUSDT"",""S"":""Sell"",""v"":""97.5"",""p"":""11.550""}"
2026-09-21T00:07:08.518398Z,1789949228254,AVAXUSDT,Sell,97.1,11.575,"{""T"":1789949228254,""s"":""AVAXUSDT"",""S"":""Sell"",""v"":""97.1"",""p"":""11.575""}"
2026-09-21T00:07:08.518398Z,1789949228336,AVAXUSDT,Sell,3.0,11.577,"{""T"":1789949228336,""s"":""AVAXUSDT"",""S"":""Sell"",""v"":""3.0"",""p"":""11.577""}"
2026-09-21T00:07:11.518581Z,1789949231188,AVAXUSDT,Sell,52.8,11.605,"{""T"":1789949231188,""s"":""AVAXUSDT"",""S"":""Sell"",""v"":""52.8"",""p"":""11.605""}"
2026-09-21T00:07:11.518581Z,1789949231325,AVAXUSDT,Sell,2.0,11.600,"{""T"":1789949231325,""s"":""AVAXUSDT"",""S"":""Sell"",""v"":""2.0"",""p"":""11.600""}"
2026-09-21T00:07:12.018576Z,1789949231812,AVAXUSDT,Sell,290.5,11.605,"{""T"":1789949231812,""s"":""AVAXUSDT"",""S"":""Sell"",""v"":""290.5"",""p"":""11.605""}"
2026-09-21T00:07:12.018576Z,1789949231846,AVAXUSDT,Sell,103.3,11.603,"{""T"":1789949231846,""s"":""AVAXUSDT"",""S"":""Sell"",""v"":""103.3"",""p"":""11.603""}"
2026-09-21T00:07:12.518554Z,1789949231958,AVAXUSDT,Sell,271.6,11.627,"{""T"":1789949231958,""s"":""AVAXUSDT"",""S"":""Sell"",""v"":""271.6"",""p"":""11.627""}"
2026-09-21T00:07:12.518554Z,1789949231999,AVAXUSDT,Sell,346.8,11.652,"{""T"":1789949231999,""s"":""AVAXUSDT"",""S"":""Sell"",""v"":""346.8"",""p"":""11.652""}"
2026-09-21T00:07:12.518554Z,1789949232132,AVAXUSDT,Sell,1734.9,11.617,"{""T"":1789949232132,""s"":""AVAXUSDT"",""S"":""Sell"",""v"":""1734.9"",""p"":""11.617""}"
2026-09-21T00:07:13.018622Z,1789949232633,AVAXUSDT,Sell,2.3,11.605,"{""T"":1789949232633,""s"":""AVAXUSDT"",""S"":""Sell"",""v"":""2.3"",""p"":""11.605""}"
2026-09-21T00:07:13.018622Z,1789949232634,AVAXUSDT,Sell,1.1,11.622,"{""T"":1789949232634,""s"":""AVAXUSDT"",""S"":""Sell"",""v"":""1.1"",""p"":""11.622""}"
2026-09-21T00:07:13.018622Z,1789949232706,AVAXUSDT,Sell,18.0,11.609,"{""T"":1789949232706,""s"":""AVAXUSDT"",""S"":""Sell"",""v"":""18.0"",""p"":""11.609""}"
2026-09-21T00:07:13.018622Z,1789949232837,AVAXUSDT,Sell,11.4,11.625,"{""T"":1789949232837,""s"":""AVAXUSDT"",""S"":""Sell"",""v"":""11.4"",""p"":""11.625""}"
2026-09-21T00:07:13.518057Z,1789949232947,AVAXUSDT,Sell,2.1,11.636,"{""T"":1789949232947,""s"":""AVAXUSDT"",""S"":""Sell"",""v"":""2.1"",""p"":""11.636""}"
2026-09-21T00:07:31.494855Z,1789949251148,SUIUSDT,Sell,3950,0.92120,"{""T"":1789949251148,""s"":""SUIUSDT"",""S"":""Sell"",""v"":""3950"",""p"":""0.92120""}"
2026-09-21T00:08:19.994745Z,1789949299589,SUIUSDT,Sell,360,0.92370,"{""T"":1789949299589,""s"":""SUIUSDT"",""S"":""Sell"",""v"":""360"",""p"":""0.92370""}"
2026-09-21T00:08:34.998827Z,1789949314566,VIRTUALUSDT,Sell,562,0.6913,"{""T"":1789949314566,""s"":""VIRTUALUSDT"",""S"":""Sell"",""v"":""562"",""p"":""0.6913""}"
2026-09-21T00:08:35.910588Z,1789949315656,HBARUSDT,Sell,1277,0.08826,"{""T"":1789949315656,""s"":""HBARUSDT"",""S"":""Sell"",""v"":""1277"",""p"":""0.08826""}"
2026-09-21T00:08:35.958110Z,1789949315656,ETHUSDT,Sell,0.16,2668.01,"{""T"":1789949315656,""s"":""ETHUSDT"",""S"":""Sell"",""v"":""0.16"",""p"":""2668.01""}"
2026-09-21T00:08:35.958110Z,1789949315735,ETHUSDT,Sell,0.01,2668.41,"{""T"":1789949315735,""s"":""ETHUSDT"",""S"":""Sell"",""v"":""0.01"",""p"":""2668.41""}"
2026-09-21T00:08:35.995692Z,1789949315657,SUSDT,Sell,512,0.03999,"{""T"":1789949315657,""s"":""SUSDT"",""S"":""Sell"",""v"":""512"",""p"":""0.03999""}"
2026-09-21T00:08:36.068573Z,1789949315656,BTCUSDT,Sell,0.001,81756.70,"{""T"":1789949315656,""s"":""BTCUSDT"",""S"":""Sell"",""v"":""0.001"",""p"":""81756.70""}"
2026-09-21T00:08:36.458229Z,1789949316097,ETHUSDT,Sell,0.14,2668.16,"{""T"":1789949316097,""s"":""ETHUSDT"",""S"":""Sell"",""v"":""0.14"",""p"":""2668.16""}"
2026-09-21T00:08:36.458229Z,1789949316101,ETHUSDT,Sell,0.75,2668.18,"{""T"":1789949316101,""s"":""ETHUSDT"",""S"":""Sell"",""v"":""0.75"",""p"":""2668.18""}"
2026-09-21T00:08:36.839848Z,1789949316512,XRPUSDT,Sell,568.8,1.4317,"{""T"":1789949316512,""s"":""XRPUSDT"",""S"":""Sell"",""v"":""568.8"",""p"":""1.4317""}"
2026-09-21T00:08:36.839848Z,1789949316686,XRPUSDT,Sell,6.5,1.4318,"{""T"":1789949316686,""s"":""XRPUSDT"",""S"":""Sell"",""v"":""6.5"",""p"":""1.4318""}"
2026-09-21T00:08:36.916847Z,1789949316569,DOGEUSDT,Sell,568,0.08866,"{""T"":1789949316569,""s"":""DOGEUSDT"",""S"":""Sell"",""v"":""568"",""p"":""0.08866""}"
2026-09-21T00:08:38.457996Z,1789949318280,ETHUSDT,Sell,0.27,2668.47,"{""T"":1789949318280,""s"":""ETHUSDT"",""S"":""Sell"",""v"":""0.27"",""p"":""2668.47""}"
2026-09-21T00:08:38.564563Z,1789949318280,SOLUSDT,Sell,3.5,112.430,"{""T"":1789949318280,""s"":""SOLUSDT"",""S"":""Sell"",""v"":""3.5"",""p"":""112.430""}"
2026-09-21T00:08:38.564563Z,1789949318450,SOLUSDT,Sell,70.1,112.440,"{""T"":1789949318450,""s"":""SOLUSDT"",""S"":""Sell"",""v"":""70.1"",""p"":""112.440""}"
2026-09-21T00:08:38.569367Z,1789949318450,BTCUSDT,Sell,0.250,81798.40,"{""T"":1789949318450,""s"":""BTCUSDT"",""S"":""Sell"",""v"":""0.250"",""p"":""81798.40""}"
2026-09-21T00:08:38.910357Z,1789949318705,BCHUSDT,Sell,4.45,258.20,"{""T"":1789949318705,""s"":""BCHUSDT"",""S"":""Sell"",""v"":""4.45"",""p"":""258.20""}"
2026-09-21T00:08:38.958138Z,1789949318450,ETHUSDT,Sell,5.72,2668.63,"{""T"":1789949318450,""s"":""ETHUSDT"",""S"":""Sell"",""v"":""5.72"",""p"":""2668.63""}"
2026-09-21T00:08:39.017919Z,1789949318450,NEARUSDT,Sell,500.0,4.2530,"{""T"":1789949318450,""s"":""NEARUSDT"",""S"":""Sell"",""v"":""500.0"",""p"":""4.2530""}"
2026-09-21T00:08:39.339969Z,1789949318871,XRPUSDT,Sell,7.2,1.4321,"{""T"":1789949318871,""s"":""XRPUSDT"",""S"":""Sell"",""v"":""7.2"",""p"":""1.4321""}"
2026-09-21T00:08:39.458480Z,1789949318946,ETHUSDT,Sell,2.23,2669.86,"{""T"":1789949318946,""s"":""ETHUSDT"",""S"":""Sell"",""v"":""2.23"",""p"":""2669.86""}"
2026-09-21T00:08:39.458480Z,1789949319250,ETHUSDT,Sell,0.02,2670.14,"{""T"":1789949319250,""s"":""ETHUSDT"",""S"":""Sell"",""v"":""0.02"",""p"":""2670.14""}"
2026-09-21T00:08:39.458480Z,1789949319349,ETHUSDT,Sell,0.14,2670.11,"{""T"":1789949319349,""s"":""ETHUSDT"",""S"":""Sell"",""v"":""0.14"",""p"":""2670.11""}"
2026-09-21T00:08:39.565301Z,1789949319142,SOLUSDT,Sell,2.7,112.510,"{""T"":1789949319142,""s"":""SOLUSDT"",""S"":""Sell"",""v"":""2.7"",""p"":""112.510""}"
2026-09-21T00:08:39.568529Z,1789949319349,BTCUSDT,Sell,0.012,81814.30,"{""T"":1789949319349,""s"":""BTCUSDT"",""S"":""Sell"",""v"":""0.012"",""p"":""81814.30""}"
2026-09-21T00:08:40.458622Z,1789949320205,ETHUSDT,Sell,17.11,2670.54,"{""T"":1789949320205,""s"":""ETHUSDT"",""S"":""Sell"",""v"":""17.11"",""p"":""2670.54""}"
2026-09-21T00:08:40.815378Z,1789949320598,HYPEUSDT,Sell,2.49,94.660,"{""T"":1789949320598,""s"":""HYPEUSDT"",""S"":""Sell"",""v"":""2.49"",""p"":""94.660""}"
2026-09-21T00:08:40.827164Z,1789949320598,VVVUSDT,Sell,2.92,30.2680,"{""T"":1789949320598,""s"":""VVVUSDT"",""S"":""Sell"",""v"":""2.92"",""p"":""30.2680""}"
2026-09-21T00:08:40.958417Z,1789949320783,ETHUSDT,Sell,1.21,2670.63,"{""T"":1789949320783,""s"":""ETHUSDT"",""S"":""Sell"",""v"":""1.21"",""p"":""2670.63""}"
2026-09-21T00:08:41.458130Z,1789949320971,ETHUSDT,Sell,0.66,2671.08,"{""T"":1789949320971,""s"":""ETHUSDT"",""S"":""Sell"",""v"":""0.66"",""p"":""2671.08""}"
2026-09-21T00:08:49.064524Z,1789949328491,SOLUSDT,Sell,15.6,112.550,"{""T"":1789949328491,""s"":""SOLUSDT"",""S"":""Sell"",""v"":""15.6"",""p"":""112.550""}"
2026-09-21T00:08:53.564746Z,1789949333437,SOLUSDT,Sell,22.6,112.570,"{""T"":1789949333437,""s"":""SOLUSDT"",""S"":""Sell"",""v"":""22.6"",""p"":""112.570""}"
2026-09-21T00:08:53.564746Z,1789949333446,SOLUSDT,Sell,0.4,112.580,"{""T"":1789949333446,""s"":""SOLUSDT"",""S"":""Sell"",""v"":""0.4"",""p"":""112.580""}"
2026-09-21T00:08:53.637323Z,1789949333437,AKEUSDT,Sell,1100,0.0591750,"{""T"":1789949333437,""s"":""AKEUSDT"",""S"":""Sell"",""v"":""1100"",""p"":""0.0591750""}"
2026-09-21T00:08:53.916727Z,1789949333437,ZECUSDT,Sell,0.45,1537.88,"{""T"":1789949333437,""s"":""ZECUSDT"",""S"":""Sell"",""v"":""0.45"",""p"":""1537.88""}"
2026-09-21T00:08:53.958234Z,1789949333437,ETHUSDT,Sell,0.32,2667.78,"{""T"":1789949333437,""s"":""ETHUSDT"",""S"":""Sell"",""v"":""0.32"",""p"":""2667.78""}"
2026-09-21T00:08:54.065562Z,1789949333560,SOLUSDT,Sell,5.8,112.570,"{""T"":1789949333560,""s"":""SOLUSDT"",""S"":""Sell"",""v"":""5.8"",""p"":""112.570""}"
2026-09-21T00:08:54.065562Z,1789949333631,SOLUSDT,Sell,98.3,112.580,"{""T"":1789949333631,""s"":""SOLUSDT"",""S"":""Sell"",""v"":""98.3"",""p"":""112.580""}"
2026-09-21T00:08:59.067822Z,1789949338937,BTCUSDT,Sell,0.001,81835.10,"{""T"":1789949338937,""s"":""BTCUSDT"",""S"":""Sell"",""v"":""0.001"",""p"":""81835.10""}"
2026-09-21T00:08:59.067822Z,1789949338950,BTCUSDT,Sell,0.001,81831.30,"{""T"":1789949338950,""s"":""BTCUSDT"",""S"":""Sell"",""v"":""0.001"",""p"":""81831.30""}"
2026-09-21T00:10:30.410243Z,1789949429902,JUPUSDT,Sell,6000,0.30430,"{""T"":1789949429902,""s"":""JUPUSDT"",""S"":""Sell"",""v"":""6000"",""p"":""0.30430""}"
2026-09-21T00:11:08.989116Z,1789949468607,XAUUSDT,Buy,1.825,4353.05,"{""T"":1789949468607,""s"":""XAUUSDT"",""S"":""Buy"",""v"":""1.825"",""p"":""4353.05""}"
2026-09-21T00:11:11.018317Z,1789949470555,NEARUSDT,Buy,32.7,4.1800,"{""T"":1789949470555,""s"":""NEARUSDT"",""S"":""Buy"",""v"":""32.7"",""p"":""4.1800""}"
2026-09-21T00:11:11.518305Z,1789949471107,NEARUSDT,Buy,5.4,4.1790,"{""T"":1789949471107,""s"":""NEARUSDT"",""S"":""Buy"",""v"":""5.4"",""p"":""4.1790""}"
2026-09-21T00:11:11.518305Z,1789949471174,NEARUSDT,Buy,274.2,4.1840,"{""T"":1789949471174,""s"":""NEARUSDT"",""S"":""Buy"",""v"":""274.2"",""p"":""4.1840""}"
2026-09-21T00:11:13.458541Z,1789949472942,ETHUSDT,Buy,27.18,2639.19,"{""T"":1789949472942,""s"":""ETHUSDT"",""S"":""Buy"",""v"":""27.18"",""p"":""2639.19""}"
2026-09-21T00:11:33.416668Z,1789949492845,ARBUSDT,Buy,987.2,0.21437,"{""T"":1789949492845,""s"":""ARBUSDT"",""S"":""Buy"",""v"":""987.2"",""p"":""0.21437""}"
2026-09-21T00:11:33.489148Z,1789949493018,XAUUSDT,Buy,0.002,4352.55,"{""T"":1789949493018,""s"":""XAUUSDT"",""S"":""Buy"",""v"":""0.002"",""p"":""4352.55""}"
2026-09-21T00:11:33.989091Z,1789949493528,XAUUSDT,Buy,0.007,4352.55,"{""T"":1789949493528,""s"":""XAUUSDT"",""S"":""Buy"",""v"":""0.007"",""p"":""4352.55""}"
2026-09-21T00:11:49.916292Z,1789949509657,ZECUSDT,Sell,0.02,1538.96,"{""T"":1789949509657,""s"":""ZECUSDT"",""S"":""Sell"",""v"":""0.02"",""p"":""1538.96""}"
2026-09-21T00:12:14.831405Z,1789949534344,SAGAUSDT,Buy,955.7,0.037710,"{""T"":1789949534344,""s"":""SAGAUSDT"",""S"":""Buy"",""v"":""955.7"",""p"":""0.037710""}"
2026-09-21T00:12:15.328047Z,1789949535076,VVVUSDT,Sell,10.94,30.3720,"{""T"":1789949535076,""s"":""VVVUSDT"",""S"":""Sell"",""v"":""10.94"",""p"":""30.3720""}"
2026-09-21T00:12:15.416138Z,1789949535076,1000PEPEUSDT,Sell,53200,0.0040460,"{""T"":1789949535076,""s"":""1000PEPEUSDT"",""S"":""Sell"",""v"":""53200"",""p"":""0.0040460""}"
2026-09-21T00:12:16.915968Z,1789949536563,ZECUSDT,Sell,1.26,1541.75,"{""T"":1789949536563,""s"":""ZECUSDT"",""S"":""Sell"",""v"":""1.26"",""p"":""1541.75""}"
2026-09-21T00:12:50.958597Z,1789949570706,ETHUSDT,Sell,0.06,2670.83,"{""T"":1789949570706,""s"":""ETHUSDT"",""S"":""Sell"",""v"":""0.06"",""p"":""2670.83""}"
2026-09-21T00:12:51.416051Z,1789949571310,ZECUSDT,Sell,3.96,1536.38,"{""T"":1789949571310,""s"":""ZECUSDT"",""S"":""Sell"",""v"":""3.96"",""p"":""1536.38""}"
2026-09-21T00:12:51.458084Z,1789949571310,ETHUSDT,Sell,5.00,2670.11,"{""T"":1789949571310,""s"":""ETHUSDT"",""S"":""Sell"",""v"":""5.00"",""p"":""2670.11""}"
2026-09-21T00:12:51.568050Z,1789949571090,BTCUSDT,Sell,0.004,81878.30,"{""T"":1789949571090,""s"":""BTCUSDT"",""S"":""Sell"",""v"":""0.004"",""p"":""81878.30""}"
2026-09-21T00:12:51.568050Z,1789949571099,BTCUSDT,Sell,0.032,81848.80,"{""T"":1789949571099,""s"":""BTCUSDT"",""S"":""Sell"",""v"":""0.032"",""p"":""81848.80""}"
2026-09-21T00:12:51.568050Z,1789949571176,BTCUSDT,Sell,0.200,81849.10,"{""T"":1789949571176,""s"":""BTCUSDT"",""S"":""Sell"",""v"":""0.200"",""p"":""81849.10""}"
2026-09-21T00:12:51.568050Z,1789949571243,BTCUSDT,Sell,0.002,81853.20,"{""T"":1789949571243,""s"":""BTCUSDT"",""S"":""Sell"",""v"":""0.002"",""p"":""81853.20""}"
2026-09-21T00:12:51.568050Z,1789949571265,BTCUSDT,Sell,0.012,81856.70,"{""T"":1789949571265,""s"":""BTCUSDT"",""S"":""Sell"",""v"":""0.012"",""p"":""81856.70""}"
2026-09-21T00:12:51.568050Z,1789949571310,BTCUSDT,Sell,0.944,81855.70,"{""T"":1789949571310,""s"":""BTCUSDT"",""S"":""Sell"",""v"":""0.944"",""p"":""81855.70""}"
2026-09-21T00:12:51.568050Z,1789949571318,BTCUSDT,Sell,0.004,81872.70,"{""T"":1789949571318,""s"":""BTCUSDT"",""S"":""Sell"",""v"":""0.004"",""p"":""81872.70""}"
2026-09-21T00:12:51.568050Z,1789949571319,BTCUSDT,Sell,0.005,81847.80,"{""T"":1789949571319,""s"":""BTCUSDT"",""S"":""Sell"",""v"":""0.005"",""p"":""81847.80""}"
2026-09-21T00:12:51.568050Z,1789949571377,BTCUSDT,Sell,0.005,81862.40,"{""T"":1789949571377,""s"":""BTCUSDT"",""S"":""Sell"",""v"":""0.005"",""p"":""81862.40""}"
2026-09-21T00:12:51.568050Z,1789949571420,BTCUSDT,Sell,0.001,81864.60,"{""T"":1789949571420,""s"":""BTCUSDT"",""S"":""Sell"",""v"":""0.001"",""p"":""81864.60""}"
2026-09-21T00:12:51.568050Z,1789949571458,BTCUSDT,Sell,0.002,81875.90,"{""T"":1789949571458,""s"":""BTCUSDT"",""S"":""Sell"",""v"":""0.002"",""p"":""81875.90""}"
2026-09-21T00:12:51.637349Z,1789949571310,AKEUSDT,Sell,62900,0.0588280,"{""T"":1789949571310,""s"":""AKEUSDT"",""S"":""Sell"",""v"":""62900"",""p"":""0.0588280""}"
2026-09-21T00:12:51.958239Z,1789949571839,ETHUSDT,Sell,10.84,2672.09,"{""T"":1789949571839,""s"":""ETHUSDT"",""S"":""Sell"",""v"":""10.84"",""p"":""2672.09""}"
2026-09-21T00:12:51.989253Z,1789949571859,XAUUSDT,Sell,0.228,4387.70,"{""T"":1789949571859,""s"":""XAUUSDT"",""S"":""Sell"",""v"":""0.228"",""p"":""4387.70""}"
2026-09-21T00:12:51.989874Z,1789949571859,CLUSDT,Buy,2.57,95.330,"{""T"":1789949571859,""s"":""CLUSDT"",""S"":""Buy"",""v"":""2.57"",""p"":""95.330""}"
2026-09-21T00:12:52.068639Z,1789949571612,BTCUSDT,Sell,0.001,81849.00,"{""T"":1789949571612,""s"":""BTCUSDT"",""S"":""Sell"",""v"":""0.001"",""p"":""81849.00""}"
2026-09-21T00:12:52.068639Z,1789949571648,BTCUSDT,Sell,0.063,81848.80,"{""T"":1789949571648,""s"":""BTCUSDT"",""S"":""Sell"",""v"":""0.063"",""p"":""81848.80""}"
2026-09-21T00:12:52.068639Z,1789949571653,BTCUSDT,Sell,0.010,81862.00,"{""T"":1789949571653,""s"":""BTCUSDT"",""S"":""Sell"",""v"":""0.010"",""p"":""81862.00""}"
2026-09-21T00:12:52.068639Z,1789949571709,BTCUSDT,Sell,0.040,81881.50,"{""T"":1789949571709,""s"":""BTCUSDT"",""S"":""Sell"",""v"":""0.040"",""p"":""81881.50""}"
2026-09-21T00:12:52.068639Z,1789949571799,BTCUSDT,Sell,0.003,81854.60,"{""T"":1789949571799,""s"":""BTCUSDT"",""S"":""Sell"",""v"":""0.003"",""p"":""81854.60""}"
2026-09-21T00:12:52.068639Z,1789949571859,BTCUSDT,Sell,0.037,81877.70,"{""T"":1789949571859,""s"":""BTCUSDT"",""S"":""Sell"",""v"":""0.037"",""p"":""81877.70""}"
2026-09-21T00:12:52.068639Z,1789949571891,BTCUSDT,Sell,0.003,81870.50,"{""T"":1789949571891,""s"":""BTCUSDT"",""S"":""Sell"",""v"":""0.003"",""p"":""81870.50""}"
2026-09-21T00:12:52.458823Z,1789949572161,ETHUSDT,Sell,9.86,2672.33,"{""T"":1789949572161,""s"":""ETHUSDT"",""S"":""Sell"",""v"":""9.86"",""p"":""2672.33""}"
2026-09-21T00:12:52.458823Z,1789949572326,ETHUSDT,Sell,0.05,2671.43,"{""T"":1789949572326,""s"":""ETHUSDT"",""S"":""Sell"",""v"":""0.05"",""p"":""2671.43""}"
2026-09-21T00:12:52.567828Z,1789949572161,BTCUSDT,Sell,0.322,81845.00,"{""T"":1789949572161,""s"":""BTCUSDT"",""S"":""Sell"",""v"":""0.322"",""p"":""81845.00""}"
2026-09-21T00:12:52.959113Z,1789949572601,ETHUSDT,Sell,10.01,2671.89,"{""T"":1789949572601,""s"":""ETHUSDT"",""S"":""Sell"",""v"":""10.01"",""p"":""2671.89""}"
2026-09-21T00:12:53.067854Z,1789949572949,BTCUSDT,Sell,0.002,81857.00,"{""T"":1789949572949,""s"":""BTCUSDT"",""S"":""Sell"",""v"":""0.002"",""p"":""81857.00""}"
2026-09-21T00:12:54.564902Z,1789949574108,SOLUSDT,Sell,0.7,112.590,"{""T"":1789949574108,""s"":""SOLUSDT"",""S"":""Sell"",""v"":""0.7"",""p"":""112.590""}"
2026-09-21T00:12:54.958619Z,1789949574688,ETHUSDT,Sell,1.30,2673.34,"{""T"":1789949574688,""s"":""ETHUSDT"",""S"":""Sell"",""v"":""1.30"",""p"":""2673.34""}"
2026-09-21T00:12:55.564759Z,1789949575239,SOLUSDT,Sell,7.3,112.590,"{""T"":1789949575239,""s"":""SOLUSDT"",""S"":""Sell"",""v"":""7.3"",""p"":""112.590""}"
2026-09-21T00:12:55.564759Z,1789949575469,SOLUSDT,Sell,5.3,112.590,"{""T"":1789949575469,""s"":""SOLUSDT"",""S"":""Sell"",""v"":""5.3"",""p"":""112.590""}"
2026-09-21T00:12:55.958577Z,1789949575605,ETHUSDT,Sell,1.70,2673.56,"{""T"":1789949575605,""s"":""ETHUSDT"",""S"":""Sell"",""v"":""1.70"",""p"":""2673.56""}"
2026-09-21T00:12:55.958577Z,1789949575606,ETHUSDT,Sell,0.01,2674.74,"{""T"":1789949575606,""s"":""ETHUSDT"",""S"":""Sell"",""v"":""0.01"",""p"":""2674.74""}"
2026-09-21T00:12:55.958577Z,1789949575614,ETHUSDT,Sell,0.03,2673.99,"{""T"":1789949575614,""s"":""ETHUSDT"",""S"":""Sell"",""v"":""0.03"",""p"":""2673.99""}"
2026-09-21T00:12:55.958577Z,1789949575619,ETHUSDT,Sell,113.08,2674.31,"{""T"":1789949575619,""s"":""ETHUSDT"",""S"":""Sell"",""v"":""113.08"",""p"":""2674.31""}"
2026-09-21T00:12:55.958577Z,1789949575620,ETHUSDT,Sell,0.19,2674.78,"{""T"":1789949575620,""s"":""ETHUSDT"",""S"":""Sell"",""v"":""0.19"",""p"":""2674.78""}"
2026-09-21T00:12:55.958577Z,1789949575627,ETHUSDT,Sell,0.23,2675.04,"{""T"":1789949575627,""s"":""ETHUSDT"",""S"":""Sell"",""v"":""0.23"",""p"":""2675.04""}"
2026-09-21T00:12:55.958577Z,1789949575636,ETHUSDT,Sell,0.13,2674.66,"{""T"":1789949575636,""s"":""ETHUSDT"",""S"":""Sell"",""v"":""0.13"",""p"":""2674.66""}"
2026-09-21T00:12:55.958577Z,1789949575681,ETHUSDT,Sell,0.15,2675.52,"{""T"":1789949575681,""s"":""ETHUSDT"",""S"":""Sell"",""v"":""0.15"",""p"":""2675.52""}"
2026-09-21T00:12:55.958577Z,1789949575695,ETHUSDT,Sell,0.68,2674.45,"{""T"":1789949575695,""s"":""ETHUSDT"",""S"":""Sell"",""v"":""0.68"",""p"":""2674.45""}"
2026-09-21T00:12:55.958577Z,1789949575743,ETHUSDT,Sell,0.06,2675.69,"{""T"":1789949575743,""s"":""ETHUSDT"",""S"":""Sell"",""v"":""0.06"",""p"":""2675.69""}"
2026-09-21T00:12:55.958577Z,1789949575808,ETHUSDT,Sell,0.06,2674.35,"{""T"":1789949575808,""s"":""ETHUSDT"",""S"":""Sell"",""v"":""0.06"",""p"":""2674.35""}"
2026-09-21T00:12:56.064379Z,1789949575787,SOLUSDT,Sell,12.5,112.620,"{""T"":1789949575787,""s"":""SOLUSDT"",""S"":""Sell"",""v"":""12.5"",""p"":""112.620""}"
2026-09-21T00:12:56.458312Z,1789949575877,ETHUSDT,Sell,1.87,2674.52,"{""T"":1789949575877,""s"":""ETHUSDT"",""S"":""Sell"",""v"":""1.87"",""p"":""2674.52""}"
2026-09-21T00:12:56.458312Z,1789949575962,ETHUSDT,Sell,21.32,2674.57,"{""T"":1789949575962,""s"":""ETHUSDT"",""S"":""Sell"",""v"":""21.32"",""p"":""2674.57""}"
2026-09-21T00:12:56.458312Z,1789949576014,ETHUSDT,Sell,0.07,2674.72,"{""T"":1789949576014,""s"":""ETHUSDT"",""S"":""Sell"",""v"":""0.07"",""p"":""2674.72""}"
2026-09-21T00:12:56.458312Z,1789949576046,ETHUSDT,Sell,0.02,2674.84,"{""T"":1789949576046,""s"":""ETHUSDT"",""S"":""Sell"",""v"":""0.02"",""p"":""2674.84""}"
2026-09-21T00:12:56.458312Z,1789949576110,ETHUSDT,Sell,0.02,2674.48,"{""T"":1789949576110,""s"":""ETHUSDT"",""S"":""Sell"",""v"":""0.02"",""p"":""2674.48""}"
2026-09-21T00:12:56.458312Z,1789949576121,ETHUSDT,Sell,0.02,2675.02,"{""T"":1789949576121,""s"":""ETHUSDT"",""S"":""Sell"",""v"":""0.02"",""p"":""2675.02""}"
2026-09-21T00:12:56.458312Z,1789949576140,ETHUSDT,Sell,0.50,2675.49,"{""T"":1789949576140,""s"":""ETHUSDT"",""S"":""Sell"",""v"":""0.50"",""p"":""2675.49""}"
2026-09-21T00:12:56.458312Z,1789949576321,ETHUSDT,Sell,0.60,2675.70,"{""T"":1789949576321,""s"":""ETHUSDT"",""S"":""Sell"",""v"":""0.60"",""p"":""2675.70""}"
2026-09-21T00:12:56.458312Z,1789949576340,ETHUSDT,Sell,0.02,2674.68,"{""T"":1789949576340,""s"":""ETHUSDT"",""S"":""Sell"",""v"":""0.02"",""p"":""2674.68""}"
2026-09-21T00:12:56.458312Z,1789949576363,ETHUSDT,Sell,55.00,2673.78,"{""T"":1789949576363,""s"":""ETHUSDT"",""S"":""Sell"",""v"":""55.00"",""p"":""2673.78""}"
2026-09-21T00:12:56.958075Z,1789949576525,ETHUSDT,Sell,3.10,2675.23,"{""T"":1789949576525,""s"":""ETHUSDT"",""S"":""Sell"",""v"":""3.10"",""p"":""2675.23""}"
2026-09-21T00:12:56.958075Z,1789949576566,ETHUSDT,Sell,0.03,2675.72,"{""T"":1789949576566,""s"":""ETHUSDT"",""S"":""Sell"",""v"":""0.03"",""p"":""2675.72""}"
2026-09-21T00:12:56.958075Z,1789949576816,ETHUSDT,Sell,3.00,2676.71,"{""T"":1789949576816,""s"":""ETHUSDT"",""S"":""Sell"",""v"":""3.00"",""p"":""2676.71""}"
2026-09-21T00:12:56.998725Z,1789949576835,EPICUSDT,Sell,44,0.5979,"{""T"":1789949576835,""s"":""EPICUSDT"",""S"":""Sell"",""v"":""44"",""p"":""0.5979""}"
2026-09-21T00:12:57.067701Z,1789949576835,BTCUSDT,Sell,0.003,81881.40,"{""T"":1789949576835,""s"":""BTCUSDT"",""S"":""Sell"",""v"":""0.003"",""p"":""81881.40""}"
2026-09-21T00:12:57.458330Z,1789949576899,ETHUSDT,Sell,0.31,2676.97,"{""T"":1789949576899,""s"":""ETHUSDT"",""S"":""Sell"",""v"":""0.31"",""p"":""2676.97""}"
2026-09-21T00:12:57.458330Z,1789949576924,ETHUSDT,Sell,0.60,2677.02,"{""T"":1789949576924,""s"":""ETHUSDT"",""S"":""Sell"",""v"":""0.60"",""p"":""2677.02""}"
2026-09-21T00:12:57.458330Z,1789949577190,ETHUSDT,Sell,2.10,2676.43,"{""T"":1789949577190,""s"":""ETHUSDT"",""S"":""Sell"",""v"":""2.10"",""p"":""2676.43""}"
2026-09-21T00:12:57.458330Z,1789949577320,ETHUSDT,Sell,2.55,2677.10,"{""T"":1789949577320,""s"":""ETHUSDT"",""S"":""Sell"",""v"":""2.55"",""p"":""2677.10""}"
2026-09-21T00:12:57.458330Z,1789949577320,ETHUSDT,Sell,2.26,2677.37,"{""T"":1789949577320,""s"":""ETHUSDT"",""S"":""Sell"",""v"":""2.26"",""p"":""2677.37""}"
2026-09-21T00:12:57.458330Z,1789949577349,ETHUSDT,Sell,40.00,2677.37,"{""T"":1789949577349,""s"":""ETHUSDT"",""S"":""Sell"",""v"":""40.00"",""p"":""2677.37""}"
2026-09-21T00:12:57.567588Z,1789949577146,BTCUSDT,Sell,3.073,81885.40,"{""T"":1789949577146,""s"":""BTCUSDT"",""S"":""Sell"",""v"":""3.073"",""p"":""81885.40""}"
2026-09-21T00:12:57.567588Z,1789949577320,BTCUSDT,Sell,0.053,81874.80,"{""T"":1789949577320,""s"":""BTCUSDT"",""S"":""Sell"",""v"":""0.053"",""p"":""81874.80""}"
2026-09-21T00:12:57.567588Z,1789949577349,BTCUSDT,Sell,2.000,81883.40,"{""T"":1789949577349,""s"":""BTCUSDT"",""S"":""Sell"",""v"":""2.000"",""p"":""81883.40""}"
2026-09-21T00:12:57.958468Z,1789949577534,ETHUSDT,Sell,11.08,2676.57,"{""T"":1789949577534,""s"":""ETHUSDT"",""S"":""Sell"",""v"":""11.08"",""p"":""2676.57""}"
2026-09-21T00:12:57.958468Z,1789949577603,ETHUSDT,Sell,0.03,2676.32,"{""T"":1789949577603,""s"":""ETHUSDT"",""S"":""Sell"",""v"":""0.03"",""p"":""2676.32""}"
2026-09-21T00:12:57.958468Z,1789949577626,ETHUSDT,Sell,0.65,2677.25,"{""T"":1789949577626,""s"":""ETHUSDT"",""S"":""Sell"",""v"":""0.65"",""p"":""2677.25""}"
2026-09-21T00:12:57.958468Z,1789949577746,ETHUSDT,Sell,1.58,2678.76,"{""T"":1789949577746,""s"":""ETHUSDT"",""S"":""Sell"",""v"":""1.58"",""p"":""2678.76""}"
2026-09-21T00:12:57.958468Z,1789949577770,ETHUSDT,Sell,0.48,2679.59,"{""T"":1789949577770,""s"":""ETHUSDT"",""S"":""Sell"",""v"":""0.48"",""p"":""2679.59""}"
2026-09-21T00:12:57.958468Z,1789949577777,ETHUSDT,Sell,0.95,2678.50,"{""T"":1789949577777,""s"":""ETHUSDT"",""S"":""Sell"",""v"":""0.95"",""p"":""2678.50""}"
2026-09-21T00:12:57.958468Z,1789949577840,ETHUSDT,Sell,0.04,2678.97,"{""T"":1789949577840,""s"":""ETHUSDT"",""S"":""Sell"",""v"":""0.04"",""p"":""2678.97""}"
2026-09-21T00:12:57.958468Z,1789949577845,ETHUSDT,Sell,1.00,2678.27,"{""T"":1789949577845,""s"":""ETHUSDT"",""S"":""Sell"",""v"":""1.00"",""p"":""2678.27""}"
2026-09-21T00:12:58.067883Z,1789949577649,BTCUSDT,Sell,0.099,81883.20,"{""T"":1789949577649,""s"":""BTCUSDT"",""S"":""Sell"",""v"":""0.099"",""p"":""81883.20""}"
2026-09-21T00:12:58.458646Z,1789949577876,ETHUSDT,Sell,1.70,2678.75,"{""T"":1789949577876,""s"":""ETHUSDT"",""S"":""Sell"",""v"":""1.70"",""p"":""2678.75""}"
2026-09-21T00:12:58.458646Z,1789949577972,ETHUSDT,Sell,6.00,2678.01,"{""T"":1789949577972,""s"":""ETHUSDT"",""S"":""Sell"",""v"":""6.00"",""p"":""2678.01""}"
2026-09-21T00:12:58.458646Z,1789949577994,ETHUSDT,Sell,0.02,2678.12,"{""T"":1789949577994,""s"":""ETHUSDT"",""S"":""Sell"",""v"":""0.02"",""p"":""2678.12""}"
2026-09-21T00:12:58.458646Z,1789949578003,ETHUSDT,Sell,0.17,2679.60,"{""T"":1789949578003,""s"":""ETHUSDT"",""S"":""Sell"",""v"":""0.17"",""p"":""2679.60""}"
2026-09-21T00:12:58.458646Z,1789949578024,ETHUSDT,Sell,0.07,2678.74,"{""T"":1789949578024,""s"":""ETHUSDT"",""S"":""Sell"",""v"":""0.07"",""p"":""2678.74""}"
2026-09-21T00:12:58.458646Z,1789949578037,ETHUSDT,Sell,2.50,2679.50,"{""T"":1789949578037,""s"":""ETHUSDT"",""S"":""Sell"",""v"":""2.50"",""p"":""2679.50""}"
2026-09-21T00:12:58.458646Z,1789949578057,ETHUSDT,Sell,0.12,2678.88,"{""T"":1789949578057,""s"":""ETHUSDT"",""S"":""Sell"",""v"":""0.12"",""p"":""2678.88""}"
2026-09-21T00:12:58.458646Z,1789949578104,ETHUSDT,Sell,2.04,2678.50,"{""T"":1789949578104,""s"":""ETHUSDT"",""S"":""Sell"",""v"":""2.04"",""p"":""2678.50""}"
2026-09-21T00:12:58.458646Z,1789949578180,ETHUSDT,Sell,2.32,2679.37,"{""T"":1789949578180,""s"":""ETHUSDT"",""S"":""Sell"",""v"":""2.32"",""p"":""2679.37""}"
2026-09-21T00:12:58.458646Z,1789949578188,ETHUSDT,Sell,5.19,2679.08,"{""T"":1789949578188,""s"":""ETHUSDT"",""S"":""Sell"",""v"":""5.19"",""p"":""2679.08""}"
2026-09-21T00:12:58.458646Z,1789949578213,ETHUSDT,Sell,0.28,2679.52,"{""T"":1789949578213,""s"":""ETHUSDT"",""S"":""Sell"",""v"":""0.28"",""p"":""2679.52""}"
2026-09-21T00:12:58.458646Z,1789949578250,ETHUSDT,Sell,0.35,2678.76,"{""T"":1789949578250,""s"":""ETHUSDT"",""S"":""Sell"",""v"":""0.35"",""p"":""2678.76""}"
2026-09-21T00:12:58.458646Z,1789949578290,ETHUSDT,Sell,0.04,2679.43,"{""T"":1789949578290,""s"":""ETHUSDT"",""S"":""Sell"",""v"":""0.04"",""p"":""2679.43""}"
2026-09-21T00:12:58.458646Z,1789949578291,ETHUSDT,Sell,0.08,2679.78,"{""T"":1789949578291,""s"":""ETHUSDT"",""S"":""Sell"",""v"":""0.08"",""p"":""2679.78""}"
2026-09-21T00:12:58.458646Z,1789949578351,ETHUSDT,Sell,0.35,2679.59,"{""T"":1789949578351,""s"":""ETHUSDT"",""S"":""Sell"",""v"":""0.35"",""p"":""2679.59""}"
2026-09-21T00:12:58.458646Z,1789949578354,ETHUSDT,Sell,1.13,2677.63,"{""T"":1789949578354,""s"":""ETHUSDT"",""S"":""Sell"",""v"":""1.13"",""p"":""2677.63""}"
2026-09-21T00:12:58.458646Z,1789949578359,ETHUSDT,Sell,0.02,2678.67,"{""T"":1789949578359,""s"":""ETHUSDT"",""S"":""Sell"",""v"":""0.02"",""p"":""2678.67""}"
2026-09-21T00:12:58.494359Z,1789949578037,SUSDT,Sell,1259,0.04005,"{""T"":1789949578037,""s"":""SUSDT"",""S"":""Sell"",""v"":""1259"",""p"":""0.04005""}"
2026-09-21T00:12:58.518414Z,1789949578180,NEARUSDT,Sell,743.7,4.2310,"{""T"":1789949578180,""s"":""NEARUSDT"",""S"":""Sell"",""v"":""743.7"",""p"":""4.2310""}"
2026-09-21T00:12:58.564630Z,1789949578180,SOLUSDT,Sell,13.7,112.630,"{""T"":1789949578180,""s"":""SOLUSDT"",""S"":""Sell"",""v"":""13.7"",""p"":""112.630""}"
2026-09-21T00:12:58.568200Z,1789949578037,BTCUSDT,Sell,0.112,81894.60,"{""T"":1789949578037,""s"":""BTCUSDT"",""S"":""Sell"",""v"":""0.112"",""p"":""81894.60""}"
2026-09-21T00:12:58.568200Z,1789949578064,BTCUSDT,Sell,0.025,81892.00,"{""T"":1789949578064,""s"":""BTCUSDT"",""S"":""Sell"",""v"":""0.025"",""p"":""81892.00""}"
2026-09-21T00:12:58.568200Z,1789949578087,BTCUSDT,Sell,0.013,81897.20,"{""T"":1789949578087,""s"":""BTCUSDT"",""S"":""Sell"",""v"":""0.013"",""p"":""81897.20""}"
2026-09-21T00:12:58.568200Z,1789949578129,BTCUSDT,Sell,0.002,81902.50,"{""T"":1789949578129,""s"":""BTCUSDT"",""S"":""Sell"",""v"":""0.002"",""p"":""81902.50""}"
2026-09-21T00:12:58.568200Z,1789949578180,BTCUSDT,Sell,0.075,81890.40,"{""T"":1789949578180,""s"":""BTCUSDT"",""S"":""Sell"",""v"":""0.075"",""p"":""81890.40""}"
2026-09-21T00:12:58.568200Z,1789949578186,BTCUSDT,Sell,0.015,81889.00,"{""T"":1789949578186,""s"":""BTCUSDT"",""S"":""Sell"",""v"":""0.015"",""p"":""81889.00""}"
2026-09-21T00:12:58.568200Z,1789949578188,BTCUSDT,Sell,0.639,81881.70,"{""T"":1789949578188,""s"":""BTCUSDT"",""S"":""Sell"",""v"":""0.639"",""p"":""81881.70""}"
2026-09-21T00:12:58.568200Z,1789949578360,BTCUSDT,Sell,0.025,81898.20,"{""T"":1789949578360,""s"":""BTCUSDT"",""S"":""Sell"",""v"":""0.025"",""p"":""81898.20""}"
2026-09-21T00:12:58.568200Z,1789949578395,BTCUSDT,Sell,0.006,81901.10,"{""T"":1789949578395,""s"":""BTCUSDT"",""S"":""Sell"",""v"":""0.006"",""p"":""81901.10""}"
2026-09-21T00:12:58.916098Z,1789949578360,DOGEUSDT,Sell,2699,0.08869,"{""T"":1789949578360,""s"":""DOGEUSDT"",""S"":""Sell"",""v"":""2699"",""p"":""0.08869""}"
2026-09-21T00:12:58.958593Z,1789949578392,ETHUSDT,Sell,0.01,2678.55,"{""T"":1789949578392,""s"":""ETHUSDT"",""S"":""Sell"",""v"":""0.01"",""p"":""2678.55""}"
2026-09-21T00:12:58.958593Z,1789949578416,ETHUSDT,Sell,19.81,2678.85,"{""T"":1789949578416,""s"":""ETHUSDT"",""S"":""Sell"",""v"":""19.81"",""p"":""2678.85""}"
2026-09-21T00:12:58.958593Z,1789949578502,ETHUSDT,Sell,0.66,2679.86,"{""T"":1789949578502,""s"":""ETHUSDT"",""S"":""Sell"",""v"":""0.66"",""p"":""2679.86""}"
2026-09-21T00:12:58.958593Z,1789949578560,ETHUSDT,Sell,0.19,2677.65,"{""T"":1789949578560,""s"":""ETHUSDT"",""S"":""Sell"",""v"":""0.19"",""p"":""2677.65""}"
2026-09-21T00:12:58.958593Z,1789949578600,ETHUSDT,Sell,7.64,2679.42,"{""T"":1789949578600,""s"":""ETHUSDT"",""S"":""Sell"",""v"":""7.64"",""p"":""2679.42""}"
2026-09-21T00:12:58.958593Z,1789949578640,ETHUSDT,Sell,0.08,2677.66,"{""T"":1789949578640,""s"":""ETHUSDT"",""S"":""Sell"",""v"":""0.08"",""p"":""2677.66""}"
2026-09-21T00:12:58.958593Z,1789949578642,ETHUSDT,Sell,0.20,2681.84,"{""T"":1789949578642,""s"":""ETHUSDT"",""S"":""Sell"",""v"":""0.20"",""p"":""2681.84""}"
2026-09-21T00:12:58.958593Z,1789949578725,ETHUSDT,Sell,74.11,2679.08,"{""T"":1789949578725,""s"":""ETHUSDT"",""S"":""Sell"",""v"":""74.11"",""p"":""2679.08""}"
2026-09-21T00:12:58.958593Z,1789949578728,ETHUSDT,Sell,6.62,2682.40,"{""T"":1789949578728,""s"":""ETHUSDT"",""S"":""Sell"",""v"":""6.62"",""p"":""2682.40""}"
2026-09-21T00:12:58.958593Z,1789949578729,ETHUSDT,Sell,0.27,2681.67,"{""T"":1789949578729,""s"":""ETHUSDT"",""S"":""Sell"",""v"":""0.27"",""p"":""2681.67""}"
2026-09-21T00:12:58.958593Z,1789949578729,ETHUSDT,Sell,0.34,2680.34,"{""T"":1789949578729,""s"":""ETHUSDT"",""S"":""Sell"",""v"":""0.34"",""p"":""2680.34""}"
2026-09-21T00:12:58.958593Z,1789949578738,ETHUSDT,Sell,3.58,2681.30,"{""T"":1789949578738,""s"":""ETHUSDT"",""S"":""Sell"",""v"":""3.58"",""p"":""2681.30""}"
2026-09-21T00:12:58.958593Z,1789949578827,ETHUSDT,Sell,12.46,2681.33,"{""T"":1789949578827,""s"":""ETHUSDT"",""S"":""Sell"",""v"":""12.46"",""p"":""2681.33""}"
2026-09-21T00:12:58.958593Z,1789949578846,ETHUSDT,Sell,0.91,2680.23,"{""T"":1789949578846,""s"":""ETHUSDT"",""S"":""Sell"",""v"":""0.91"",""p"":""2680.23""}"
2026-09-21T00:12:58.958593Z,1789949578867,ETHUSDT,Sell,50.00,2681.57,"{""T"":1789949578867,""s"":""ETHUSDT"",""S"":""Sell"",""v"":""50.00"",""p"":""2681.57""}"
2026-09-21T00:12:59.064933Z,1789949578657,SOLUSDT,Sell,4.6,112.660,"{""T"":1789949578657,""s"":""SOLUSDT"",""S"":""Sell"",""v"":""4.6"",""p"":""112.660""}"
2026-09-21T00:12:59.067643Z,1789949578721,BTCUSDT,Sell,0.285,81899.70,"{""T"":1789949578721,""s"":""BTCUSDT"",""S"":""Sell"",""v"":""0.285"",""p"":""81899.70""}"
2026-09-21T00:12:59.067643Z,1789949578770,BTCUSDT,Sell,0.001,81903.30,"{""T"":1789949578770,""s"":""BTCUSDT"",""S"":""Sell"",""v"":""0.001"",""p"":""81903.30""}"
2026-09-21T00:12:59.067643Z,1789949578786,BTCUSDT,Sell,0.013,81895.90,"{""T"":1789949578786,""s"":""BTCUSDT"",""S"":""Sell"",""v"":""0.013"",""p"":""81895.90""}"
2026-09-21T00:12:59.067643Z,1789949578886,BTCUSDT,Sell,0.018,81890.30,"{""T"":1789949578886,""s"":""BTCUSDT"",""S"":""Sell"",""v"":""0.018"",""p"":""81890.30""}"
2026-09-21T00:12:59.458384Z,1789949578878,ETHUSDT,Sell,0.21,2680.47,"{""T"":1789949578878,""s"":""ETHUSDT"",""S"":""Sell"",""v"":""0.21"",""p"":""2680.47""}"
2026-09-21T00:12:59.458384Z,1789949578987,ETHUSDT,Sell,4.00,2680.30,"{""T"":1789949578987,""s"":""ETHUSDT"",""S"":""Sell"",""v"":""4.00"",""p"":""2680.30""}"
2026-09-21T00:12:59.458384Z,1789949579119,ETHUSDT,Sell,0.05,2680.61,"{""T"":1789949579119,""s"":""ETHUSDT"",""S"":""Sell"",""v"":""0.05"",""p"":""2680.61""}"
2026-09-21T00:12:59.458384Z,1789949579210,ETHUSDT,Sell,0.66,2680.74,"{""T"":1789949579210,""s"":""ETHUSDT"",""S"":""Sell"",""v"":""0.66"",""p"":""2680.74""}"
2026-09-21T00:12:59.458384Z,1789949579213,ETHUSDT,Sell,1.63,2679.95,"{""T"":1789949579213,""s"":""ETHUSDT"",""S"":""Sell"",""v"":""1.63"",""p"":""2679.95""}"
2026-09-21T00:12:59.458384Z,1789949579219,ETHUSDT,Sell,0.03,2682.20,"{""T"":1789949579219,""s"":""ETHUSDT"",""S"":""Sell"",""v"":""0.03"",""p"":""2682.20""}"
2026-09-21T00:12:59.458384Z,1789949579346,ETHUSDT,Sell,0.20,2681.07,"{""T"":1789949579346,""s"":""ETHUSDT"",""S"":""Sell"",""v"":""0.20"",""p"":""2681.07""}"
2026-09-21T00:12:59.458384Z,1789949579358,ETHUSDT,Sell,0.06,2680.66,"{""T"":1789949579358,""s"":""ETHUSDT"",""S"":""Sell"",""v"":""0.06"",""p"":""2680.66""}"
2026-09-21T00:12:59.458384Z,1789949579365,ETHUSDT,Sell,3.38,2681.33,"{""T"":1789949579365,""s"":""ETHUSDT"",""S"":""Sell"",""v"":""3.38"",""p"":""2681.33""}"
2026-09-21T00:12:59.568006Z,1789949579307,BTCUSDT,Sell,0.001,81909.80,"{""T"":1789949579307,""s"":""BTCUSDT"",""S"":""Sell"",""v"":""0.001"",""p"":""81909.80""}"
2026-09-21T00:12:59.568006Z,1789949579341,BTCUSDT,Sell,0.001,81908.10,"{""T"":1789949579341,""s"":""BTCUSDT"",""S"":""Sell"",""v"":""0.001"",""p"":""81908.10""}"
2026-09-21T00:12:59.568006Z,1789949579365,BTCUSDT,Sell,0.072,81869.30,"{""T"":1789949579365,""s"":""BTCUSDT"",""S"":""Sell"",""v"":""0.072"",""p"":""81869.30""}"
2026-09-21T00:12:59.815088Z,1789949579391,HYPEUSDT,Sell,39.29,94.580,"{""T"":1789949579391,""s"":""HYPEUSDT"",""S"":""Sell"",""v"":""39.29"",""p"":""94.580""}"
2026-09-21T00:12:59.972043Z,1789949579375,ETHUSDT,Sell,0.63,2680.99,"{""T"":1789949579375,""s"":""ETHUSDT"",""S"":""Sell"",""v"":""0.63"",""p"":""2680.99""}"
2026-09-21T00:12:59.972043Z,1789949579391,ETHUSDT,Sell,3.69,2681.27,"{""T"":1789949579391,""s"":""ETHUSDT"",""S"":""Sell"",""v"":""3.69"",""p"":""2681.27""}"
2026-09-21T00:12:59.972043Z,1789949579435,ETHUSDT,Sell,0.31,2681.58,"{""T"":1789949579435,""s"":""ETHUSDT"",""S"":""Sell"",""v"":""0.31"",""p"":""2681.58""}"
2026-09-21T00:12:59.972043Z,1789949579449,ETHUSDT,Sell,0.04,2682.00,"{""T"":1789949579449,""s"":""ETHUSDT"",""S"":""Sell"",""v"":""0.04"",""p"":""2682.00""}"
2026-09-21T00:12:59.972043Z,1789949579487,ETHUSDT,Sell,0.12,2679.87,"{""T"":1789949579487,""s"":""ETHUSDT"",""S"":""Sell"",""v"":""0.12"",""p"":""2679.87""}"
2026-09-21T00:12:59.972043Z,1789949579502,ETHUSDT,Sell,0.50,2681.48,"{""T"":1789949579502,""s"":""ETHUSDT"",""S"":""Sell"",""v"":""0.50"",""p"":""2681.48""}"
2026-09-21T00:12:59.972043Z,1789949579566,ETHUSDT,Sell,0.46,2680.95,"{""T"":1789949579566,""s"":""ETHUSDT"",""S"":""Sell"",""v"":""0.46"",""p"":""2680.95""}"
2026-09-21T00:12:59.972043Z,1789949579591,ETHUSDT,Sell,0.06,2681.74,"{""T"":1789949579591,""s"":""ETHUSDT"",""S"":""Sell"",""v"":""0.06"",""p"":""2681.74""}"
2026-09-21T00:12:59.972043Z,1789949579616,ETHUSDT,Sell,1.90,2680.60,"{""T"":1789949579616,""s"":""ETHUSDT"",""S"":""Sell"",""v"":""1.90"",""p"":""2680.60""}"
2026-09-21T00:12:59.972043Z,1789949579627,ETHUSDT,Sell,0.05,2680.93,"{""T"":1789949579627,""s"":""ETHUSDT"",""S"":""Sell"",""v"":""0.05"",""p"":""2680.93""}"
2026-09-21T00:12:59.998635Z,1789949579655,LINKUSDT,Sell,11.2,12.716,"{""T"":1789949579655,""s"":""LINKUSDT"",""S"":""Sell"",""v"":""11.2"",""p"":""12.716""}"
2026-09-21T00:13:00.067696Z,1789949579627,BTCUSDT,Sell,0.041,81908.70,"{""T"":1789949579627,""s"":""BTCUSDT"",""S"":""Sell"",""v"":""0.041"",""p"":""81908.70""}"
2026-09-21T00:13:05.958165Z,1789949585743,ETHUSDT,Sell,0.57,2684.25,"{""T"":1789949585743,""s"":""ETHUSDT"",""S"":""Sell"",""v"":""0.57"",""p"":""2684.25""}"
2026-09-21T00:13:06.327576Z,1789949585995,RENDERUSDT,Sell,1016.9,1.7670,"{""T"":1789949585995,""s"":""RENDERUSDT"",""S"":""Sell"",""v"":""1016.9"",""p"":""1.7670""}"
2026-09-21T00:13:06.339586Z,1789949586071,XRPUSDT,Sell,100.0,1.4313,"{""T"":1789949586071,""s"":""XRPUSDT"",""S"":""Sell"",""v"":""100.0"",""p"":""1.4313""}"
2026-09-21T00:13:06.459082Z,1789949585898,ETHUSDT,Sell,0.30,2682.53,"{""T"":1789949585898,""s"":""ETHUSDT"",""S"":""Sell"",""v"":""0.30"",""p"":""2682.53""}"
2026-09-21T00:13:06.459082Z,1789949585906,ETHUSDT,Sell,0.04,2683.98,"{""T"":1789949585906,""s"":""ETHUSDT"",""S"":""Sell"",""v"":""0.04"",""p"":""2683.98""}"
2026-09-21T00:13:06.459082Z,1789949585955,ETHUSDT,Sell,15.00,2684.13,"{""T"":1789949585955,""s"":""ETHUSDT"",""S"":""Sell"",""v"":""15.00"",""p"":""2684.13""}"
2026-09-21T00:13:06.459082Z,1789949585995,ETHUSDT,Sell,4.63,2684.09,"{""T"":1789949585995,""s"":""ETHUSDT"",""S"":""Sell"",""v"":""4.63"",""p"":""2684.09""}"
2026-09-21T00:13:06.459082Z,1789949586020,ETHUSDT,Sell,0.60,2683.67,"{""T"":1789949586020,""s"":""ETHUSDT"",""S"":""Sell"",""v"":""0.60"",""p"":""2683.67""}"
2026-09-21T00:13:06.459082Z,1789949586071,ETHUSDT,Sell,0.05,2682.66,"{""T"":1789949586071,""s"":""ETHUSDT"",""S"":""Sell"",""v"":""0.05"",""p"":""2682.66""}"
2026-09-21T00:13:06.459082Z,1789949586101,ETHUSDT,Sell,1.26,2683.43,"{""T"":1789949586101,""s"":""ETHUSDT"",""S"":""Sell"",""v"":""1.26"",""p"":""2683.43""}"
2026-09-21T00:13:06.459082Z,1789949586125,ETHUSDT,Sell,0.04,2683.93,"{""T"":1789949586125,""s"":""ETHUSDT"",""S"":""Sell"",""v"":""0.04"",""p"":""2683.93""}"
2026-09-21T00:13:06.459082Z,1789949586131,ETHUSDT,Sell,2.00,2682.83,"{""T"":1789949586131,""s"":""ETHUSDT"",""S"":""Sell"",""v"":""2.00"",""p"":""2682.83""}"
2026-09-21T00:13:06.459082Z,1789949586204,ETHUSDT,Sell,0.37,2683.24,"{""T"":1789949586204,""s"":""ETHUSDT"",""S"":""Sell"",""v"":""0.37"",""p"":""2683.24""}"
2026-09-21T00:13:06.459082Z,1789949586289,ETHUSDT,Sell,0.07,2683.79,"{""T"":1789949586289,""s"":""ETHUSDT"",""S"":""Sell"",""v"":""0.07"",""p"":""2683.79""}"
2026-09-21T00:13:06.459082Z,1789949586356,ETHUSDT,Sell,0.18,2683.65,"{""T"":1789949586356,""s"":""ETHUSDT"",""S"":""Sell"",""v"":""0.18"",""p"":""2683.65""}"
2026-09-21T00:13:06.498583Z,1789949585995,INJUSDT,Sell,453.2,7.8140,"{""T"":1789949585995,""s"":""INJUSDT"",""S"":""Sell"",""v"":""453.2"",""p"":""7.8140""}"
2026-09-21T00:13:06.565203Z,1789949585995,SOLUSDT,Sell,27.9,112.700,"{""T"":1789949585995,""s"":""SOLUSDT"",""S"":""Sell"",""v"":""27.9"",""p"":""112.700""}"
2026-09-21T00:13:06.565203Z,1789949586071,SOLUSDT,Sell,0.5,112.620,"{""T"":1789949586071,""s"":""SOLUSDT"",""S"":""Sell"",""v"":""0.5"",""p"":""112.620""}"
2026-09-21T00:13:06.565203Z,1789949586204,SOLUSDT,Sell,8.9,112.650,"{""T"":1789949586204,""s"":""SOLUSDT"",""S"":""Sell"",""v"":""8.9"",""p"":""112.650""}"
2026-09-21T00:13:06.565203Z,1789949586435,SOLUSDT,Sell,0.8,112.700,"{""T"":1789949586435,""s"":""SOLUSDT"",""S"":""Sell"",""v"":""0.8"",""p"":""112.700""}"
2026-09-21T00:13:06.568019Z,1789949586021,BTCUSDT,Sell,0.028,81897.20,"{""T"":1789949586021,""s"":""BTCUSDT"",""S"":""Sell"",""v"":""0.028"",""p"":""81897.20""}"
2026-09-21T00:13:06.568019Z,1789949586173,BTCUSDT,Sell,0.224,81915.10,"{""T"":1789949586173,""s"":""BTCUSDT"",""S"":""Sell"",""v"":""0.224"",""p"":""81915.10""}"
2026-09-21T00:13:06.568019Z,1789949586185,BTCUSDT,Sell,0.031,81913.80,"{""T"":1789949586185,""s"":""BTCUSDT"",""S"":""Sell"",""v"":""0.031"",""p"":""81913.80""}"
2026-09-21T00:13:06.568019Z,1789949586225,BTCUSDT,Sell,0.009,81913.00,"{""T"":1789949586225,""s"":""BTCUSDT"",""S"":""Sell"",""v"":""0.009"",""p"":""81913.00""}"
2026-09-21T00:13:06.568019Z,1789949586336,BTCUSDT,Sell,0.001,81915.50,"{""T"":1789949586336,""s"":""BTCUSDT"",""S"":""Sell"",""v"":""0.001"",""p"":""81915.50""}"
2026-09-21T00:13:06.568019Z,1789949586435,BTCUSDT,Sell,0.002,81904.00,"{""T"":1789949586435,""s"":""BTCUSDT"",""S"":""Sell"",""v"":""0.002"",""p"":""81904.00""}"
2026-09-21T00:13:06.828137Z,1789949586675,ENAUSDT,Sell,8937,0.22063,"{""T"":1789949586675,""s"":""ENAUSDT"",""S"":""Sell"",""v"":""8937"",""p"":""0.22063""}"
2026-09-21T00:13:06.839886Z,1789949586296,XRPUSDT,Sell,223.9,1.4327,"{""T"":1789949586296,""s"":""XRPUSDT"",""S"":""Sell"",""v"":""223.9"",""p"":""1.4327""}"
2026-09-21T00:13:06.839886Z,1789949586670,XRPUSDT,Sell,154.9,1.4325,"{""T"":1789949586670,""s"":""XRPUSDT"",""S"":""Sell"",""v"":""154.9"",""p"":""1.4325""}"
2026-09-21T00:13:06.840298Z,1789949586675,AAVEUSDT,Sell,2.08,139.22,"{""T"":1789949586675,""s"":""AAVEUSDT"",""S"":""Sell"",""v"":""2.08"",""p"":""139.22""}"
2026-09-21T00:13:06.861905Z,1789949586676,APTUSDT,Sell,1335.66,0.7546,"{""T"":1789949586676,""s"":""APTUSDT"",""S"":""Sell"",""v"":""1335.66"",""p"":""0.7546""}"
2026-09-21T00:13:06.910457Z,1789949586676,JUPUSDT,Sell,5224,0.30360,"{""T"":1789949586676,""s"":""JUPUSDT"",""S"":""Sell"",""v"":""5224"",""p"":""0.30360""}"
2026-09-21T00:13:06.916287Z,1789949586435,ARBUSDT,Sell,148.3,0.22070,"{""T"":1789949586435,""s"":""ARBUSDT"",""S"":""Sell"",""v"":""148.3"",""p"":""0.22070""}"
2026-09-21T00:13:06.916287Z,1789949586675,ARBUSDT,Sell,5093.5,0.22072,"{""T"":1789949586675,""s"":""ARBUSDT"",""S"":""Sell"",""v"":""5093.5"",""p"":""0.22072""}"
2026-09-21T00:13:06.916760Z,1789949586675,UNIUSDT,Sell,70.4,8.785,"{""T"":1789949586675,""s"":""UNIUSDT"",""S"":""Sell"",""v"":""70.4"",""p"":""8.785""}"
2026-09-21T00:13:06.917068Z,1789949586675,DOGEUSDT,Sell,3950,0.08879,"{""T"":1789949586675,""s"":""DOGEUSDT"",""S"":""Sell"",""v"":""3950"",""p"":""0.08879""}"
2026-09-21T00:13:06.917335Z,1789949586362,ADAUSDT,Sell,618,0.2320,"{""T"":1789949586362,""s"":""ADAUSDT"",""S"":""Sell"",""v"":""618"",""p"":""0.2320""}"
2026-09-21T00:13:06.917335Z,1789949586675,ADAUSDT,Sell,3781,0.2319,"{""T"":1789949586675,""s"":""ADAUSDT"",""S"":""Sell"",""v"":""3781"",""p"":""0.2319""}"
2026-09-21T00:13:06.958253Z,1789949586401,ETHUSDT,Sell,0.01,2682.78,"{""T"":1789949586401,""s"":""ETHUSDT"",""S"":""Sell"",""v"":""0.01"",""p"":""2682.78""}"
2026-09-21T00:13:06.958253Z,1789949586412,ETHUSDT,Sell,0.51,2683.71,"{""T"":1789949586412,""s"":""ETHUSDT"",""S"":""Sell"",""v"":""0.51"",""p"":""2683.71""}"
2026-09-21T00:13:06.958253Z,1789949586435,ETHUSDT,Sell,0.03,2683.91,"{""T"":1789949586435,""s"":""ETHUSDT"",""S"":""Sell"",""v"":""0.03"",""p"":""2683.91""}"
2026-09-21T00:13:06.958253Z,1789949586646,ETHUSDT,Sell,8.92,2684.29,"{""T"":1789949586646,""s"":""ETHUSDT"",""S"":""Sell"",""v"":""8.92"",""p"":""2684.29""}"
2026-09-21T00:13:06.958253Z,1789949586675,ETHUSDT,Sell,1.47,2684.92,"{""T"":1789949586675,""s"":""ETHUSDT"",""S"":""Sell"",""v"":""1.47"",""p"":""2684.92""}"
2026-09-21T00:13:06.958253Z,1789949586804,ETHUSDT,Sell,0.50,2685.28,"{""T"":1789949586804,""s"":""ETHUSDT"",""S"":""Sell"",""v"":""0.50"",""p"":""2685.28""}"
2026-09-21T00:13:06.994668Z,1789949586675,SUIUSDT,Sell,2150,0.92530,"{""T"":1789949586675,""s"":""SUIUSDT"",""S"":""Sell"",""v"":""2150"",""p"":""0.92530""}"
2026-09-21T00:13:06.998610Z,1789949586676,LINKUSDT,Sell,63.6,12.726,"{""T"":1789949586676,""s"":""LINKUSDT"",""S"":""Sell"",""v"":""63.6"",""p"":""12.726""}"
2026-09-21T00:13:06.998936Z,1789949586675,VIRTUALUSDT,Sell,444,0.6934,"{""T"":1789949586675,""s"":""VIRTUALUSDT"",""S"":""Sell"",""v"":""444"",""p"":""0.6934""}"
2026-09-21T00:13:06.999228Z,1789949586675,INJUSDT,Sell,116.9,7.8170,"{""T"":1789949586675,""s"":""INJUSDT"",""S"":""Sell"",""v"":""116.9"",""p"":""7.8170""}"
2026-09-21T00:13:07.018275Z,1789949586676,AVAXUSDT,Sell,90.0,11.631,"{""T"":1789949586676,""s"":""AVAXUSDT"",""S"":""Sell"",""v"":""90.0"",""p"":""11.631""}"
2026-09-21T00:13:07.018773Z,1789949586676,TAOUSDT,Sell,2.662,265.60,"{""T"":1789949586676,""s"":""TAOUSDT"",""S"":""Sell"",""v"":""2.662"",""p"":""265.60""}"
2026-09-21T00:13:07.064387Z,1789949586676,ARUSDT,Sell,119.7,4.9760,"{""T"":1789949586676,""s"":""ARUSDT"",""S"":""Sell"",""v"":""119.7"",""p"":""4.9760""}"
2026-09-21T00:13:07.067844Z,1789949586670,BTCUSDT,Sell,0.003,81912.90,"{""T"":1789949586670,""s"":""BTCUSDT"",""S"":""Sell"",""v"":""0.003"",""p"":""81912.90""}"
2026-09-21T00:13:07.067844Z,1789949586675,BTCUSDT,Sell,0.124,81904.50,"{""T"":1789949586675,""s"":""BTCUSDT"",""S"":""Sell"",""v"":""0.124"",""p"":""81904.50""}"
2026-09-21T00:13:07.067844Z,1789949586963,BTCUSDT,Sell,0.003,81912.40,"{""T"":1789949586963,""s"":""BTCUSDT"",""S"":""Sell"",""v"":""0.003"",""p"":""81912.40""}"
2026-09-21T00:13:07.416617Z,1789949586989,1000PEPEUSDT,Sell,2200,0.0040710,"{""T"":1789949586989,""s"":""1000PEPEUSDT"",""S"":""Sell"",""v"":""2200"",""p"":""0.0040710""}"
2026-09-21T00:13:07.458221Z,1789949586877,ETHUSDT,Sell,0.87,2685.02,"{""T"":1789949586877,""s"":""ETHUSDT"",""S"":""Sell"",""v"":""0.87"",""p"":""2685.02""}"
2026-09-21T00:13:07.458221Z,1789949586917,ETHUSDT,Sell,0.12,2683.82,"{""T"":1789949586917,""s"":""ETHUSDT"",""S"":""Sell"",""v"":""0.12"",""p"":""2683.82""}"
2026-09-21T00:13:07.458221Z,1789949586963,ETHUSDT,Sell,0.21,2685.16,"{""T"":1789949586963,""s"":""ETHUSDT"",""S"":""Sell"",""v"":""0.21"",""p"":""2685.16""}"
2026-09-21T00:13:07.458221Z,1789949587036,ETHUSDT,Sell,9.47,2685.36,"{""T"":1789949587036,""s"":""ETHUSDT"",""S"":""Sell"",""v"":""9.47"",""p"":""2685.36""}"
2026-09-21T00:13:07.458221Z,1789949587143,ETHUSDT,Sell,2.14,2685.02,"{""T"":1789949587143,""s"":""ETHUSDT"",""S"":""Sell"",""v"":""2.14"",""p"":""2685.02""}"
2026-09-21T00:13:07.564824Z,1789949587002,BNBUSDT,Sell,0.21,783.00,"{""T"":1789949587002,""s"":""BNBUSDT"",""S"":""Sell"",""v"":""0.21"",""p"":""783.00""}"
2026-09-21T00:13:07.564824Z,1789949587173,BNBUSDT,Sell,0.37,783.20,"{""T"":1789949587173,""s"":""BNBUSDT"",""S"":""Sell"",""v"":""0.37"",""p"":""783.20""}"
2026-09-21T00:13:07.958075Z,1789949587394,ETHUSDT,Sell,1.06,2684.80,"{""T"":1789949587394,""s"":""ETHUSDT"",""S"":""Sell"",""v"":""1.06"",""p"":""2684.80""}"
2026-09-21T00:13:08.416153Z,1789949588073,ZECUSDT,Sell,5.00,1541.12,"{""T"":1789949588073,""s"":""ZECUSDT"",""S"":""Sell"",""v"":""5.00"",""p"":""1541.12""}"
2026-09-21T00:13:08.518854Z,1789949588074,AVAXUSDT,Sell,876.0,11.641,"{""T"":1789949588074,""s"":""AVAXUSDT"",""S"":""Sell"",""v"":""876.0"",""p"":""11.641""}"
2026-09-21T00:13:08.564400Z,1789949588073,SOLUSDT,Sell,90.1,112.720,"{""T"":1789949588073,""s"":""SOLUSDT"",""S"":""Sell"",""v"":""90.1"",""p"":""112.720""}"
2026-09-21T00:13:08.916221Z,1789949588467,DOGEUSDT,Sell,204,0.08884,"{""T"":1789949588467,""s"":""DOGEUSDT"",""S"":""Sell"",""v"":""204"",""p"":""0.08884""}"
2026-09-21T00:13:08.916221Z,1789949588763,DOGEUSDT,Sell,3589,0.08886,"{""T"":1789949588763,""s"":""DOGEUSDT"",""S"":""Sell"",""v"":""3589"",""p"":""0.08886""}"
2026-09-21T00:13:08.958282Z,1789949588792,ETHUSDT,Sell,0.02,2686.47,"{""T"":1789949588792,""s"":""ETHUSDT"",""S"":""Sell"",""v"":""0.02"",""p"":""2686.47""}"
2026-09-21T00:13:09.458273Z,1789949589053,ETHUSDT,Sell,0.34,2686.20,"{""T"":1789949589053,""s"":""ETHUSDT"",""S"":""Sell"",""v"":""0.34"",""p"":""2686.20""}"
2026-09-21T00:13:09.458273Z,1789949589194,ETHUSDT,Sell,6.36,2685.49,"{""T"":1789949589194,""s"":""ETHUSDT"",""S"":""Sell"",""v"":""6.36"",""p"":""2685.49""}"
2026-09-21T00:13:09.458273Z,1789949589303,ETHUSDT,Sell,0.27,2686.19,"{""T"":1789949589303,""s"":""ETHUSDT"",""S"":""Sell"",""v"":""0.27"",""p"":""2686.19""}"
2026-09-21T00:13:09.567612Z,1789949589424,BTCUSDT,Sell,0.056,81928.20,"{""T"":1789949589424,""s"":""BTCUSDT"",""S"":""Sell"",""v"":""0.056"",""p"":""81928.20""}"
2026-09-21T00:13:09.815087Z,1789949589697,ZAMAUSDT,Buy,1500,0.08497,"{""T"":1789949589697,""s"":""ZAMAUSDT"",""S"":""Buy"",""v"":""1500"",""p"":""0.08497""}"
2026-09-21T00:13:09.958349Z,1789949589413,ETHUSDT,Sell,0.50,2685.89,"{""T"":1789949589413,""s"":""ETHUSDT"",""S"":""Sell"",""v"":""0.50"",""p"":""2685.89""}"
2026-09-21T00:13:09.958349Z,1789949589418,ETHUSDT,Sell,1.00,2685.70,"{""T"":1789949589418,""s"":""ETHUSDT"",""S"":""Sell"",""v"":""1.00"",""p"":""2685.70""}"
2026-09-21T00:13:09.958349Z,1789949589610,ETHUSDT,Sell,0.31,2686.02,"{""T"":1789949589610,""s"":""ETHUSDT"",""S"":""Sell"",""v"":""0.31"",""p"":""2686.02""}"
2026-09-21T00:13:09.958349Z,1789949589652,ETHUSDT,Sell,5.68,2686.86,"{""T"":1789949589652,""s"":""ETHUSDT"",""S"":""Sell"",""v"":""5.68"",""p"":""2686.86""}"
2026-09-21T00:13:09.958349Z,1789949589722,ETHUSDT,Sell,0.07,2686.67,"{""T"":1789949589722,""s"":""ETHUSDT"",""S"":""Sell"",""v"":""0.07"",""p"":""2686.67""}"
2026-09-21T00:13:10.018257Z,1789949589698,AVAXUSDT,Sell,100.0,11.636,"{""T"":1789949589698,""s"":""AVAXUSDT"",""S"":""Sell"",""v"":""100.0"",""p"":""11.636""}"
2026-09-21T00:13:10.137964Z,1789949589698,AKEUSDT,Buy,4500,0.0567610,"{""T"":1789949589698,""s"":""AKEUSDT"",""S"":""Buy"",""v"":""4500"",""p"":""0.0567610""}"
2026-09-21T00:13:10.458387Z,1789949590150,ETHUSDT,Sell,3.78,2686.87,"{""T"":1789949590150,""s"":""ETHUSDT"",""S"":""Sell"",""v"":""3.78"",""p"":""2686.87""}"
2026-09-21T00:13:10.458387Z,1789949590162,ETHUSDT,Sell,0.35,2686.80,"{""T"":1789949590162,""s"":""ETHUSDT"",""S"":""Sell"",""v"":""0.35"",""p"":""2686.80""}"
2026-09-21T00:13:10.458387Z,1789949590367,ETHUSDT,Sell,0.01,2686.63,"{""T"":1789949590367,""s"":""ETHUSDT"",""S"":""Sell"",""v"":""0.01"",""p"":""2686.63""}"
2026-09-21T00:13:10.567587Z,1789949590150,BTCUSDT,Sell,0.098,81935.20,"{""T"":1789949590150,""s"":""BTCUSDT"",""S"":""Sell"",""v"":""0.098"",""p"":""81935.20""}"
2026-09-21T00:13:10.567587Z,1789949590162,BTCUSDT,Sell,0.016,81934.30,"{""T"":1789949590162,""s"":""BTCUSDT"",""S"":""Sell"",""v"":""0.016"",""p"":""81934.30""}"
2026-09-21T00:13:10.567587Z,1789949590314,BTCUSDT,Sell,0.368,81929.20,"{""T"":1789949590314,""s"":""BTCUSDT"",""S"":""Sell"",""v"":""0.368"",""p"":""81929.20""}"
2026-09-21T00:13:10.567587Z,1789949590387,BTCUSDT,Sell,0.049,81932.30,"{""T"":1789949590387,""s"":""BTCUSDT"",""S"":""Sell"",""v"":""0.049"",""p"":""81932.30""}"
2026-09-21T00:13:10.567587Z,1789949590421,BTCUSDT,Sell,0.017,81934.80,"{""T"":1789949590421,""s"":""BTCUSDT"",""S"":""Sell"",""v"":""0.017"",""p"":""81934.80""}"
2026-09-21T00:13:10.567587Z,1789949590461,BTCUSDT,Sell,0.028,81931.30,"{""T"":1789949590461,""s"":""BTCUSDT"",""S"":""Sell"",""v"":""0.028"",""p"":""81931.30""}"
2026-09-21T00:13:10.958384Z,1789949590603,ETHUSDT,Sell,5.93,2687.06,"{""T"":1789949590603,""s"":""ETHUSDT"",""S"":""Sell"",""v"":""5.93"",""p"":""2687.06""}"
2026-09-21T00:13:10.958384Z,1789949590628,ETHUSDT,Sell,0.40,2687.28,"{""T"":1789949590628,""s"":""ETHUSDT"",""S"":""Sell"",""v"":""0.40"",""p"":""2687.28""}"
2026-09-21T00:13:11.068558Z,1789949590718,BTCUSDT,Sell,0.004,81930.30,"{""T"":1789949590718,""s"":""BTCUSDT"",""S"":""Sell"",""v"":""0.004"",""p"":""81930.30""}"
2026-09-21T00:13:11.068558Z,1789949590726,BTCUSDT,Sell,0.001,81929.50,"{""T"":1789949590726,""s"":""BTCUSDT"",""S"":""Sell"",""v"":""0.001"",""p"":""81929.50""}"
2026-09-21T00:13:11.068558Z,1789949590880,BTCUSDT,Sell,0.036,81949.40,"{""T"":1789949590880,""s"":""BTCUSDT"",""S"":""Sell"",""v"":""0.036"",""p"":""81949.40""}"
2026-09-21T00:13:11.068558Z,1789949590929,BTCUSDT,Sell,0.001,81942.70,"{""T"":1789949590929,""s"":""BTCUSDT"",""S"":""Sell"",""v"":""0.001"",""p"":""81942.70""}"
2026-09-21T00:13:11.068558Z,1789949590943,BTCUSDT,Sell,0.015,81949.10,"{""T"":1789949590943,""s"":""BTCUSDT"",""S"":""Sell"",""v"":""0.015"",""p"":""81949.10""}"
2026-09-21T00:13:11.068558Z,1789949590979,BTCUSDT,Sell,0.001,81941.30,"{""T"":1789949590979,""s"":""BTCUSDT"",""S"":""Sell"",""v"":""0.001"",""p"":""81941.30""}"
2026-09-21T00:13:11.416271Z,1789949591038,ZECUSDT,Sell,0.03,1541.69,"{""T"":1789949591038,""s"":""ZECUSDT"",""S"":""Sell"",""v"":""0.03"",""p"":""1541.69""}"
2026-09-21T00:13:11.458266Z,1789949590908,ETHUSDT,Sell,0.05,2687.05,"{""T"":1789949590908,""s"":""ETHUSDT"",""S"":""Sell"",""v"":""0.05"",""p"":""2687.05""}"
2026-09-21T00:13:11.458266Z,1789949590925,ETHUSDT,Sell,0.30,2686.92,"{""T"":1789949590925,""s"":""ETHUSDT"",""S"":""Sell"",""v"":""0.30"",""p"":""2686.92""}"
2026-09-21T00:13:11.458266Z,1789949590941,ETHUSDT,Sell,1.00,2687.23,"{""T"":1789949590941,""s"":""ETHUSDT"",""S"":""Sell"",""v"":""1.00"",""p"":""2687.23""}"
2026-09-21T00:13:11.458266Z,1789949591038,ETHUSDT,Sell,0.42,2687.17,"{""T"":1789949591038,""s"":""ETHUSDT"",""S"":""Sell"",""v"":""0.42"",""p"":""2687.17""}"
2026-09-21T00:13:11.458266Z,1789949591122,ETHUSDT,Sell,0.10,2687.30,"{""T"":1789949591122,""s"":""ETHUSDT"",""S"":""Sell"",""v"":""0.10"",""p"":""2687.30""}"
2026-09-21T00:13:11.458266Z,1789949591242,ETHUSDT,Sell,0.27,2687.26,"{""T"":1789949591242,""s"":""ETHUSDT"",""S"":""Sell"",""v"":""0.27"",""p"":""2687.26""}"
2026-09-21T00:13:11.494642Z,1789949591038,BRUSDT,Sell,51,1.29765,"{""T"":1789949591038,""s"":""BRUSDT"",""S"":""Sell"",""v"":""51"",""p"":""1.29765""}"
2026-09-21T00:13:11.565029Z,1789949591038,SOLUSDT,Sell,0.9,112.690,"{""T"":1789949591038,""s"":""SOLUSDT"",""S"":""Sell"",""v"":""0.9"",""p"":""112.690""}"
2026-09-21T00:13:11.568247Z,1789949591001,BTCUSDT,Sell,0.025,81949.50,"{""T"":1789949591001,""s"":""BTCUSDT"",""S"":""Sell"",""v"":""0.025"",""p"":""81949.50""}"
2026-09-21T00:13:11.568247Z,1789949591016,BTCUSDT,Sell,0.046,81951.50,"{""T"":1789949591016,""s"":""BTCUSDT"",""S"":""Sell"",""v"":""0.046"",""p"":""81951.50""}"
2026-09-21T00:13:11.568247Z,1789949591038,BTCUSDT,Sell,0.009,81950.30,"{""T"":1789949591038,""s"":""BTCUSDT"",""S"":""Sell"",""v"":""0.009"",""p"":""81950.30""}"
2026-09-21T00:13:11.568247Z,1789949591160,BTCUSDT,Sell,0.002,81950.10,"{""T"":1789949591160,""s"":""BTCUSDT"",""S"":""Sell"",""v"":""0.002"",""p"":""81950.10""}"
2026-09-21T00:13:11.568247Z,1789949591297,BTCUSDT,Sell,0.005,81938.30,"{""T"":1789949591297,""s"":""BTCUSDT"",""S"":""Sell"",""v"":""0.005"",""p"":""81938.30""}"
2026-09-21T00:13:11.958782Z,1789949591543,ETHUSDT,Sell,0.04,2687.20,"{""T"":1789949591543,""s"":""ETHUSDT"",""S"":""Sell"",""v"":""0.04"",""p"":""2687.20""}"
2026-09-21T00:13:12.068003Z,1789949591514,BTCUSDT,Sell,0.332,81952.50,"{""T"":1789949591514,""s"":""BTCUSDT"",""S"":""Sell"",""v"":""0.332"",""p"":""81952.50""}"
2026-09-21T00:13:12.068003Z,1789949591554,BTCUSDT,Sell,0.040,81953.20,"{""T"":1789949591554,""s"":""BTCUSDT"",""S"":""Sell"",""v"":""0.040"",""p"":""81953.20""}"
2026-09-21T00:13:12.068003Z,1789949591560,BTCUSDT,Sell,0.005,81951.10,"{""T"":1789949591560,""s"":""BTCUSDT"",""S"":""Sell"",""v"":""0.005"",""p"":""81951.10""}"
2026-09-21T00:13:12.068003Z,1789949591701,BTCUSDT,Sell,0.061,81947.50,"{""T"":1789949591701,""s"":""BTCUSDT"",""S"":""Sell"",""v"":""0.061"",""p"":""81947.50""}"
2026-09-21T00:13:12.068003Z,1789949591779,BTCUSDT,Sell,0.033,81947.90,"{""T"":1789949591779,""s"":""BTCUSDT"",""S"":""Sell"",""v"":""0.033"",""p"":""81947.90""}"
2026-09-21T00:13:22.458652Z,1789949602349,ETHUSDT,Sell,1.27,2687.26,"{""T"":1789949602349,""s"":""ETHUSDT"",""S"":""Sell"",""v"":""1.27"",""p"":""2687.26""}"
2026-09-21T00:13:22.958158Z,1789949602786,ETHUSDT,Sell,0.19,2687.99,"{""T"":1789949602786,""s"":""ETHUSDT"",""S"":""Sell"",""v"":""0.19"",""p"":""2687.99""}"
2026-09-21T00:13:22.958158Z,1789949602796,ETHUSDT,Sell,3.41,2688.38,"{""T"":1789949602796,""s"":""ETHUSDT"",""S"":""Sell"",""v"":""3.41"",""p"":""2688.38""}"
2026-09-21T00:13:23.458641Z,1789949603027,ETHUSDT,Sell,1.00,2688.29,"{""T"":1789949603027,""s"":""ETHUSDT"",""S"":""Sell"",""v"":""1.00"",""p"":""2688.29""}"
2026-09-21T00:13:23.458641Z,1789949603027,ETHUSDT,Sell,0.15,2689.45,"{""T"":1789949603027,""s"":""ETHUSDT"",""S"":""Sell"",""v"":""0.15"",""p"":""2689.45""}"
2026-09-21T00:13:23.458641Z,1789949603157,ETHUSDT,Sell,30.00,2689.44,"{""T"":1789949603157,""s"":""ETHUSDT"",""S"":""Sell"",""v"":""30.00"",""p"":""2689.44""}"
2026-09-21T00:13:23.458641Z,1789949603176,ETHUSDT,Sell,0.77,2688.44,"{""T"":1789949603176,""s"":""ETHUSDT"",""S"":""Sell"",""v"":""0.77"",""p"":""2688.44""}"
2026-09-21T00:13:23.458641Z,1789949603212,ETHUSDT,Sell,1.11,2689.58,"{""T"":1789949603212,""s"":""ETHUSDT"",""S"":""Sell"",""v"":""1.11"",""p"":""2689.58""}"
2026-09-21T00:13:23.458641Z,1789949603218,ETHUSDT,Sell,1.10,2688.91,"{""T"":1789949603218,""s"":""ETHUSDT"",""S"":""Sell"",""v"":""1.10"",""p"":""2688.91""}"
2026-09-21T00:13:23.458641Z,1789949603335,ETHUSDT,Sell,0.43,2688.04,"{""T"":1789949603335,""s"":""ETHUSDT"",""S"":""Sell"",""v"":""0.43"",""p"":""2688.04""}"
2026-09-21T00:13:23.458641Z,1789949603367,ETHUSDT,Sell,1.55,2688.92,"{""T"":1789949603367,""s"":""ETHUSDT"",""S"":""Sell"",""v"":""1.55"",""p"":""2688.92""}"
2026-09-21T00:13:23.565034Z,1789949603367,BNBUSDT,Sell,1.01,782.50,"{""T"":1789949603367,""s"":""BNBUSDT"",""S"":""Sell"",""v"":""1.01"",""p"":""782.50""}"
2026-09-21T00:13:23.839509Z,1789949603318,XRPUSDT,Sell,2028.5,1.4328,"{""T"":1789949603318,""s"":""XRPUSDT"",""S"":""Sell"",""v"":""2028.5"",""p"":""1.4328""}"
2026-09-21T00:13:23.839509Z,1789949603338,XRPUSDT,Sell,37.5,1.4330,"{""T"":1789949603338,""s"":""XRPUSDT"",""S"":""Sell"",""v"":""37.5"",""p"":""1.4330""}"
2026-09-21T00:13:23.958577Z,1789949603430,ETHUSDT,Sell,0.16,2689.50,"{""T"":1789949603430,""s"":""ETHUSDT"",""S"":""Sell"",""v"":""0.16"",""p"":""2689.50""}"
2026-09-21T00:13:23.958577Z,1789949603531,ETHUSDT,Sell,0.14,2689.15,"{""T"":1789949603531,""s"":""ETHUSDT"",""S"":""Sell"",""v"":""0.14"",""p"":""2689.15""}"
2026-09-21T00:13:23.958577Z,1789949603545,ETHUSDT,Sell,0.34,2689.01,"{""T"":1789949603545,""s"":""ETHUSDT"",""S"":""Sell"",""v"":""0.34"",""p"":""2689.01""}"
2026-09-21T00:13:23.958577Z,1789949603551,ETHUSDT,Sell,0.15,2688.50,"{""T"":1789949603551,""s"":""ETHUSDT"",""S"":""Sell"",""v"":""0.15"",""p"":""2688.50""}"
2026-09-21T00:13:23.958577Z,1789949603551,ETHUSDT,Sell,0.13,2688.83,"{""T"":1789949603551,""s"":""ETHUSDT"",""S"":""Sell"",""v"":""0.13"",""p"":""2688.83""}"
2026-09-21T00:13:23.958577Z,1789949603581,ETHUSDT,Sell,0.05,2688.77,"{""T"":1789949603581,""s"":""ETHUSDT"",""S"":""Sell"",""v"":""0.05"",""p"":""2688.77""}"
2026-09-21T00:13:23.958577Z,1789949603672,ETHUSDT,Sell,0.28,2687.56,"{""T"":1789949603672,""s"":""ETHUSDT"",""S"":""Sell"",""v"":""0.28"",""p"":""2687.56""}"
2026-09-21T00:13:23.958577Z,1789949603688,ETHUSDT,Sell,0.51,2690.37,"{""T"":1789949603688,""s"":""ETHUSDT"",""S"":""Sell"",""v"":""0.51"",""p"":""2690.37""}"
2026-09-21T00:13:23.958577Z,1789949603722,ETHUSDT,Sell,0.01,2688.39,"{""T"":1789949603722,""s"":""ETHUSDT"",""S"":""Sell"",""v"":""0.01"",""p"":""2688.39""}"
2026-09-21T00:13:23.958577Z,1789949603771,ETHUSDT,Sell,0.01,2689.81,"{""T"":1789949603771,""s"":""ETHUSDT"",""S"":""Sell"",""v"":""0.01"",""p"":""2689.81""}"
2026-09-21T00:13:23.958577Z,1789949603853,ETHUSDT,Sell,3.05,2690.17,"{""T"":1789949603853,""s"":""ETHUSDT"",""S"":""Sell"",""v"":""3.05"",""p"":""2690.17""}"
2026-09-21T00:13:23.958577Z,1789949603869,ETHUSDT,Sell,0.19,2690.42,"{""T"":1789949603869,""s"":""ETHUSDT"",""S"":""Sell"",""v"":""0.19"",""p"":""2690.42""}"
2026-09-21T00:13:24.067935Z,1789949603853,BTCUSDT,Sell,0.168,81903.00,"{""T"":1789949603853,""s"":""BTCUSDT"",""S"":""Sell"",""v"":""0.168"",""p"":""81903.00""}"
2026-09-21T00:13:24.458362Z,1789949603893,ETHUSDT,Sell,0.01,2689.94,"{""T"":1789949603893,""s"":""ETHUSDT"",""S"":""Sell"",""v"":""0.01"",""p"":""2689.94""}"
2026-09-21T00:13:24.458362Z,1789949604116,ETHUSDT,Sell,0.06,2690.28,"{""T"":1789949604116,""s"":""ETHUSDT"",""S"":""Sell"",""v"":""0.06"",""p"":""2690.28""}"
2026-09-21T00:13:24.458362Z,1789949604202,ETHUSDT,Sell,1.32,2690.49,"{""T"":1789949604202,""s"":""ETHUSDT"",""S"":""Sell"",""v"":""1.32"",""p"":""2690.49""}"
2026-09-21T00:13:24.458362Z,1789949604274,ETHUSDT,Sell,0.07,2690.35,"{""T"":1789949604274,""s"":""ETHUSDT"",""S"":""Sell"",""v"":""0.07"",""p"":""2690.35""}"
2026-09-21T00:13:24.916422Z,1789949604519,1000PEPEUSDT,Sell,208800,0.0040730,"{""T"":1789949604519,""s"":""1000PEPEUSDT"",""S"":""Sell"",""v"":""208800"",""p"":""0.0040730""}"
2026-09-21T00:13:24.958868Z,1789949604424,ETHUSDT,Sell,6.13,2690.25,"{""T"":1789949604424,""s"":""ETHUSDT"",""S"":""Sell"",""v"":""6.13"",""p"":""2690.25""}"
2026-09-21T00:13:24.958868Z,1789949604519,ETHUSDT,Sell,1.00,2690.26,"{""T"":1789949604519,""s"":""ETHUSDT"",""S"":""Sell"",""v"":""1.00"",""p"":""2690.26""}"
2026-09-21T00:13:24.958868Z,1789949604564,ETHUSDT,Sell,9.34,2690.32,"{""T"":1789949604564,""s"":""ETHUSDT"",""S"":""Sell"",""v"":""9.34"",""p"":""2690.32""}"
2026-09-21T00:13:24.958868Z,1789949604592,ETHUSDT,Sell,0.28,2690.13,"{""T"":1789949604592,""s"":""ETHUSDT"",""S"":""Sell"",""v"":""0.28"",""p"":""2690.13""}"
2026-09-21T00:13:24.958868Z,1789949604639,ETHUSDT,Sell,4.27,2692.03,"{""T"":1789949604639,""s"":""ETHUSDT"",""S"":""Sell"",""v"":""4.27"",""p"":""2692.03""}"
2026-09-21T00:13:24.958868Z,1789949604655,ETHUSDT,Sell,0.35,2691.76,"{""T"":1789949604655,""s"":""ETHUSDT"",""S"":""Sell"",""v"":""0.35"",""p"":""2691.76""}"
2026-09-21T00:13:24.958868Z,1789949604679,ETHUSDT,Sell,17.29,2690.09,"{""T"":1789949604679,""s"":""ETHUSDT"",""S"":""Sell"",""v"":""17.29"",""p"":""2690.09""}"
2026-09-21T00:13:24.958868Z,1789949604832,ETHUSDT,Sell,0.01,2691.54,"{""T"":1789949604832,""s"":""ETHUSDT"",""S"":""Sell"",""v"":""0.01"",""p"":""2691.54""}"
2026-09-21T00:13:24.958868Z,1789949604858,ETHUSDT,Sell,0.03,2691.08,"{""T"":1789949604858,""s"":""ETHUSDT"",""S"":""Sell"",""v"":""0.03"",""p"":""2691.08""}"
2026-09-21T00:13:25.018272Z,1789949604519,TAOUSDT,Sell,3.284,265.74,"{""T"":1789949604519,""s"":""TAOUSDT"",""S"":""Sell"",""v"":""3.284"",""p"":""265.74""}"
2026-09-21T00:13:25.064660Z,1789949604519,SOLUSDT,Sell,19.1,112.710,"{""T"":1789949604519,""s"":""SOLUSDT"",""S"":""Sell"",""v"":""19.1"",""p"":""112.710""}"
2026-09-21T00:13:25.339978Z,1789949605186,XRPUSDT,Sell,696.0,1.4328,"{""T"":1789949605186,""s"":""XRPUSDT"",""S"":""Sell"",""v"":""696.0"",""p"":""1.4328""}"
2026-09-21T00:13:25.458484Z,1789949604981,ETHUSDT,Sell,0.02,2690.85,"{""T"":1789949604981,""s"":""ETHUSDT"",""S"":""Sell"",""v"":""0.02"",""p"":""2690.85""}"
2026-09-21T00:13:25.458484Z,1789949605048,ETHUSDT,Sell,1.01,2692.16,"{""T"":1789949605048,""s"":""ETHUSDT"",""S"":""Sell"",""v"":""1.01"",""p"":""2692.16""}"
2026-09-21T00:13:25.458484Z,1789949605076,ETHUSDT,Sell,5.00,2690.71,"{""T"":1789949605076,""s"":""ETHUSDT"",""S"":""Sell"",""v"":""5.00"",""p"":""2690.71""}"
2026-09-21T00:13:25.458484Z,1789949605123,ETHUSDT,Sell,1.12,2691.47,"{""T"":1789949605123,""s"":""ETHUSDT"",""S"":""Sell"",""v"":""1.12"",""p"":""2691.47""}"
2026-09-21T00:13:25.458484Z,1789949605159,ETHUSDT,Sell,0.02,2691.93,"{""T"":1789949605159,""s"":""ETHUSDT"",""S"":""Sell"",""v"":""0.02"",""p"":""2691.93""}"
2026-09-21T00:13:25.458484Z,1789949605271,ETHUSDT,Sell,1.06,2691.20,"{""T"":1789949605271,""s"":""ETHUSDT"",""S"":""Sell"",""v"":""1.06"",""p"":""2691.20""}"
2026-09-21T00:13:25.498675Z,1789949605186,LINKUSDT,Sell,78.3,12.745,"{""T"":1789949605186,""s"":""LINKUSDT"",""S"":""Sell"",""v"":""78.3"",""p"":""12.745""}"
2026-09-21T00:13:25.564594Z,1789949605123,SOLUSDT,Sell,20.3,112.750,"{""T"":1789949605123,""s"":""SOLUSDT"",""S"":""Sell"",""v"":""20.3"",""p"":""112.750""}"
2026-09-21T00:13:25.564594Z,1789949605186,SOLUSDT,Sell,11.8,112.770,"{""T"":1789949605186,""s"":""SOLUSDT"",""S"":""Sell"",""v"":""11.8"",""p"":""112.770""}"
2026-09-21T00:13:25.567384Z,1789949605123,BTCUSDT,Sell,0.034,81929.20,"{""T"":1789949605123,""s"":""BTCUSDT"",""S"":""Sell"",""v"":""0.034"",""p"":""81929.20""}"
2026-09-21T00:13:25.958257Z,1789949605496,ETHUSDT,Sell,0.03,2691.75,"{""T"":1789949605496,""s"":""ETHUSDT"",""S"":""Sell"",""v"":""0.03"",""p"":""2691.75""}"
2026-09-21T00:13:25.958257Z,1789949605536,ETHUSDT,Sell,0.14,2690.69,"{""T"":1789949605536,""s"":""ETHUSDT"",""S"":""Sell"",""v"":""0.14"",""p"":""2690.69""}"
2026-09-21T00:13:25.958257Z,1789949605596,ETHUSDT,Sell,0.28,2690.85,"{""T"":1789949605596,""s"":""ETHUSDT"",""S"":""Sell"",""v"":""0.28"",""p"":""2690.85""}"
2026-09-21T00:13:25.958257Z,1789949605613,ETHUSDT,Sell,0.02,2691.07,"{""T"":1789949605613,""s"":""ETHUSDT"",""S"":""Sell"",""v"":""0.02"",""p"":""2691.07""}"
2026-09-21T00:13:25.958257Z,1789949605776,ETHUSDT,Sell,22.00,2691.40,"{""T"":1789949605776,""s"":""ETHUSDT"",""S"":""Sell"",""v"":""22.00"",""p"":""2691.40""}"
2026-09-21T00:13:26.064927Z,1789949605496,SOLUSDT,Sell,14.7,112.760,"{""T"":1789949605496,""s"":""SOLUSDT"",""S"":""Sell"",""v"":""14.7"",""p"":""112.760""}"
2026-09-21T00:13:26.064927Z,1789949605526,SOLUSDT,Sell,1.6,112.770,"{""T"":1789949605526,""s"":""SOLUSDT"",""S"":""Sell"",""v"":""1.6"",""p"":""112.770""}"
2026-09-21T00:13:26.064927Z,1789949605611,SOLUSDT,Sell,4.4,112.790,"{""T"":1789949605611,""s"":""SOLUSDT"",""S"":""Sell"",""v"":""4.4"",""p"":""112.790""}"
2026-09-21T00:13:26.064927Z,1789949605613,SOLUSDT,Sell,0.3,112.730,"{""T"":1789949605613,""s"":""SOLUSDT"",""S"":""Sell"",""v"":""0.3"",""p"":""112.730""}"
2026-09-21T00:13:26.067672Z,1789949605612,BTCUSDT,Sell,0.001,81920.00,"{""T"":1789949605612,""s"":""BTCUSDT"",""S"":""Sell"",""v"":""0.001"",""p"":""81920.00""}"
2026-09-21T00:13:26.067672Z,1789949605777,BTCUSDT,Sell,2.974,81933.10,"{""T"":1789949605777,""s"":""BTCUSDT"",""S"":""Sell"",""v"":""2.974"",""p"":""81933.10""}"
2026-09-21T00:13:27.416657Z,1789949607045,1000PEPEUSDT,Sell,246400,0.0040770,"{""T"":1789949607045,""s"":""1000PEPEUSDT"",""S"":""Sell"",""v"":""246400"",""p"":""0.0040770""}"
2026-09-21T00:13:37.958844Z,1789949617777,ETHUSDT,Sell,9.61,2692.56,"{""T"":1789949617777,""s"":""ETHUSDT"",""S"":""Sell"",""v"":""9.61"",""p"":""2692.56""}"
2026-09-21T00:13:37.958844Z,1789949617796,ETHUSDT,Sell,0.17,2692.04,"{""T"":1789949617796,""s"":""ETHUSDT"",""S"":""Sell"",""v"":""0.17"",""p"":""2692.04""}"
2026-09-21T00:13:38.458264Z,1789949618130,ETHUSDT,Sell,10.14,2692.64,"{""T"":1789949618130,""s"":""ETHUSDT"",""S"":""Sell"",""v"":""10.14"",""p"":""2692.64""}"
2026-09-21T00:13:38.458264Z,1789949618252,ETHUSDT,Sell,0.22,2692.35,"{""T"":1789949618252,""s"":""ETHUSDT"",""S"":""Sell"",""v"":""0.22"",""p"":""2692.35""}"
2026-09-21T00:13:38.458264Z,1789949618310,ETHUSDT,Sell,1.04,2692.29,"{""T"":1789949618310,""s"":""ETHUSDT"",""S"":""Sell"",""v"":""1.04"",""p"":""2692.29""}"
2026-09-21T00:13:38.958559Z,1789949618419,ETHUSDT,Sell,0.81,2692.53,"{""T"":1789949618419,""s"":""ETHUSDT"",""S"":""Sell"",""v"":""0.81"",""p"":""2692.53""}"
2026-09-21T00:13:38.958559Z,1789949618480,ETHUSDT,Sell,0.07,2692.60,"{""T"":1789949618480,""s"":""ETHUSDT"",""S"":""Sell"",""v"":""0.07"",""p"":""2692.60""}"
2026-09-21T00:13:38.958559Z,1789949618520,ETHUSDT,Sell,1.26,2692.64,"{""T"":1789949618520,""s"":""ETHUSDT"",""S"":""Sell"",""v"":""1.26"",""p"":""2692.64""}"
2026-09-21T00:13:38.958559Z,1789949618538,ETHUSDT,Sell,0.75,2692.19,"{""T"":1789949618538,""s"":""ETHUSDT"",""S"":""Sell"",""v"":""0.75"",""p"":""2692.19""}"
2026-09-21T00:13:38.958559Z,1789949618695,ETHUSDT,Sell,0.07,2692.29,"{""T"":1789949618695,""s"":""ETHUSDT"",""S"":""Sell"",""v"":""0.07"",""p"":""2692.29""}"
2026-09-21T00:13:38.958559Z,1789949618699,ETHUSDT,Sell,4.30,2692.50,"{""T"":1789949618699,""s"":""ETHUSDT"",""S"":""Sell"",""v"":""4.30"",""p"":""2692.50""}"
2026-09-21T00:13:39.958085Z,1789949619706,ETHUSDT,Sell,1.59,2693.37,"{""T"":1789949619706,""s"":""ETHUSDT"",""S"":""Sell"",""v"":""1.59"",""p"":""2693.37""}"
2026-09-21T00:13:39.958085Z,1789949619730,ETHUSDT,Sell,0.61,2693.55,"{""T"":1789949619730,""s"":""ETHUSDT"",""S"":""Sell"",""v"":""0.61"",""p"":""2693.55""}"
2026-09-21T00:13:39.958085Z,1789949619789,ETHUSDT,Sell,0.22,2692.68,"{""T"":1789949619789,""s"":""ETHUSDT"",""S"":""Sell"",""v"":""0.22"",""p"":""2692.68""}"
2026-09-21T00:13:39.958085Z,1789949619812,ETHUSDT,Sell,4.25,2693.59,"{""T"":1789949619812,""s"":""ETHUSDT"",""S"":""Sell"",""v"":""4.25"",""p"":""2693.59""}"
2026-09-21T00:13:40.410609Z,1789949619972,LSKUSDT,Buy,1075.8,0.36247,"{""T"":1789949619972,""s"":""LSKUSDT"",""S"":""Buy"",""v"":""1075.8"",""p"":""0.36247""}"
2026-09-21T00:13:40.458183Z,1789949619921,ETHUSDT,Sell,0.16,2693.92,"{""T"":1789949619921,""s"":""ETHUSDT"",""S"":""Sell"",""v"":""0.16"",""p"":""2693.92""}"
2026-09-21T00:13:40.458183Z,1789949619927,ETHUSDT,Sell,0.11,2692.80,"{""T"":1789949619927,""s"":""ETHUSDT"",""S"":""Sell"",""v"":""0.11"",""p"":""2692.80""}"
2026-09-21T00:13:40.458183Z,1789949619972,ETHUSDT,Sell,1.85,2693.30,"{""T"":1789949619972,""s"":""ETHUSDT"",""S"":""Sell"",""v"":""1.85"",""p"":""2693.30""}"
2026-09-21T00:13:40.458183Z,1789949619973,ETHUSDT,Sell,30.00,2693.32,"{""T"":1789949619973,""s"":""ETHUSDT"",""S"":""Sell"",""v"":""30.00"",""p"":""2693.32""}"
2026-09-21T00:13:40.458183Z,1789949620215,ETHUSDT,Sell,0.23,2692.40,"{""T"":1789949620215,""s"":""ETHUSDT"",""S"":""Sell"",""v"":""0.23"",""p"":""2692.40""}"
2026-09-21T00:13:40.458183Z,1789949620309,ETHUSDT,Sell,0.02,2693.00,"{""T"":1789949620309,""s"":""ETHUSDT"",""S"":""Sell"",""v"":""0.02"",""p"":""2693.00""}"
2026-09-21T00:13:40.958204Z,1789949620385,ETHUSDT,Sell,1.39,2693.87,"{""T"":1789949620385,""s"":""ETHUSDT"",""S"":""Sell"",""v"":""1.39"",""p"":""2693.87""}"
2026-09-21T00:13:40.958204Z,1789949620427,ETHUSDT,Sell,0.50,2693.09,"{""T"":1789949620427,""s"":""ETHUSDT"",""S"":""Sell"",""v"":""0.50"",""p"":""2693.09""}"
2026-09-21T00:13:40.958204Z,1789949620427,ETHUSDT,Sell,2.80,2692.86,"{""T"":1789949620427,""s"":""ETHUSDT"",""S"":""Sell"",""v"":""2.80"",""p"":""2692.86""}"
2026-09-21T00:13:40.958204Z,1789949620547,ETHUSDT,Sell,0.20,2693.34,"{""T"":1789949620547,""s"":""ETHUSDT"",""S"":""Sell"",""v"":""0.20"",""p"":""2693.34""}"
2026-09-21T00:13:40.958204Z,1789949620570,ETHUSDT,Sell,0.03,2693.05,"{""T"":1789949620570,""s"":""ETHUSDT"",""S"":""Sell"",""v"":""0.03"",""p"":""2693.05""}"
2026-09-21T00:14:14.315060Z,1789949654192,HYPEUSDT,Sell,1.36,94.800,"{""T"":1789949654192,""s"":""HYPEUSDT"",""S"":""Sell"",""v"":""1.36"",""p"":""94.800""}"
2026-09-21T00:14:33.137876Z,1789949672924,STRKUSDT,Sell,2928.4,0.04941,"{""T"":1789949672924,""s"":""STRKUSDT"",""S"":""Sell"",""v"":""2928.4"",""p"":""0.04941""}"
2026-09-21T00:14:36.065218Z,1789949675502,SOLUSDT,Sell,0.6,112.790,"{""T"":1789949675502,""s"":""SOLUSDT"",""S"":""Sell"",""v"":""0.6"",""p"":""112.790""}"
2026-09-21T00:14:45.064749Z,1789949684815,SOLUSDT,Sell,0.8,112.850,"{""T"":1789949684815,""s"":""SOLUSDT"",""S"":""Sell"",""v"":""0.8"",""p"":""112.850""}"
2026-09-21T00:14:54.564908Z,1789949694139,SOLUSDT,Sell,4.1,112.890,"{""T"":1789949694139,""s"":""SOLUSDT"",""S"":""Sell"",""v"":""4.1"",""p"":""112.890""}"
2026-09-21T00:14:55.064630Z,1789949694817,SOLUSDT,Sell,18.7,112.900,"{""T"":1789949694817,""s"":""SOLUSDT"",""S"":""Sell"",""v"":""18.7"",""p"":""112.900""}"
2026-09-21T00:15:09.910787Z,1789949709525,HBARUSDT,Sell,523,0.08815,"{""T"":1789949709525,""s"":""HBARUSDT"",""S"":""Sell"",""v"":""523"",""p"":""0.08815""}"
2026-09-21T00:15:10.019112Z,1789949709525,AVAXUSDT,Sell,4.3,11.659,"{""T"":1789949709525,""s"":""AVAXUSDT"",""S"":""Sell"",""v"":""4.3"",""p"":""11.659""}"
2026-09-21T00:15:14.018557Z,1789949713633,AVAXUSDT,Sell,1.6,11.666,"{""T"":1789949713633,""s"":""AVAXUSDT"",""S"":""Sell"",""v"":""1.6"",""p"":""11.666""}"
2026-09-21T00:15:19.518956Z,1789949719294,AVAXUSDT,Sell,1.3,11.678,"{""T"":1789949719294,""s"":""AVAXUSDT"",""S"":""Sell"",""v"":""1.3"",""p"":""11.678""}"
2026-09-21T00:15:19.518956Z,1789949719297,AVAXUSDT,Sell,94.1,11.690,"{""T"":1789949719297,""s"":""AVAXUSDT"",""S"":""Sell"",""v"":""94.1"",""p"":""11.690""}"
2026-09-21T00:15:20.018710Z,1789949719873,AVAXUSDT,Sell,0.5,11.681,"{""T"":1789949719873,""s"":""AVAXUSDT"",""S"":""Sell"",""v"":""0.5"",""p"":""11.681""}"
2026-09-21T00:15:34.315179Z,1789949734026,TRUMPUSDT,Sell,684.5,2.128,"{""T"":1789949734026,""s"":""TRUMPUSDT"",""S"":""Sell"",""v"":""684.5"",""p"":""2.128""}"
2026-09-21T00:15:49.064784Z,1789949748823,SOLUSDT,Sell,0.6,112.920,"{""T"":1789949748823,""s"":""SOLUSDT"",""S"":""Sell"",""v"":""0.6"",""p"":""112.920""}"
2026-09-21T00:15:49.328316Z,1789949748823,FARTCOINUSDT,Sell,283,0.17177,"{""T"":1789949748823,""s"":""FARTCOINUSDT"",""S"":""Sell"",""v"":""283"",""p"":""0.17177""}"
2026-09-21T00:15:50.064522Z,1789949749848,SOLUSDT,Sell,232.3,112.970,"{""T"":1789949749848,""s"":""SOLUSDT"",""S"":""Sell"",""v"":""232.3"",""p"":""112.970""}"
2026-09-21T00:15:57.998908Z,1789949757642,VIRTUALUSDT,Sell,7170,0.6948,"{""T"":1789949757642,""s"":""VIRTUALUSDT"",""S"":""Sell"",""v"":""7170"",""p"":""0.6948""}"
2026-09-21T00:15:58.498546Z,1789949758248,VIRTUALUSDT,Sell,1100,0.6950,"{""T"":1789949758248,""s"":""VIRTUALUSDT"",""S"":""Sell"",""v"":""1100"",""p"":""0.6950""}"
2026-09-21T00:16:00.461483Z,1789949759978,ETHUSDT,Sell,1.89,2694.41,"{""T"":1789949759978,""s"":""ETHUSDT"",""S"":""Sell"",""v"":""1.89"",""p"":""2694.41""}"
2026-09-21T00:16:00.461483Z,1789949760272,ETHUSDT,Sell,0.52,2694.30,"{""T"":1789949760272,""s"":""ETHUSDT"",""S"":""Sell"",""v"":""0.52"",""p"":""2694.30""}"
2026-09-21T00:16:00.564474Z,1789949760272,SOLUSDT,Sell,9.7,112.910,"{""T"":1789949760272,""s"":""SOLUSDT"",""S"":""Sell"",""v"":""9.7"",""p"":""112.910""}"
2026-09-21T00:16:00.816030Z,1789949760272,HYPEUSDT,Sell,10.16,94.780,"{""T"":1789949760272,""s"":""HYPEUSDT"",""S"":""Sell"",""v"":""10.16"",""p"":""94.780""}"
2026-09-21T00:16:00.958033Z,1789949760769,ETHUSDT,Sell,9.12,2694.29,"{""T"":1789949760769,""s"":""ETHUSDT"",""S"":""Sell"",""v"":""9.12"",""p"":""2694.29""}"
2026-09-21T00:16:02.958484Z,1789949762628,ETHUSDT,Sell,3.69,2695.17,"{""T"":1789949762628,""s"":""ETHUSDT"",""S"":""Sell"",""v"":""3.69"",""p"":""2695.17""}"
2026-09-21T00:16:02.958484Z,1789949762630,ETHUSDT,Sell,0.08,2695.27,"{""T"":1789949762630,""s"":""ETHUSDT"",""S"":""Sell"",""v"":""0.08"",""p"":""2695.27""}"
2026-09-21T00:16:02.958484Z,1789949762824,ETHUSDT,Sell,0.19,2695.26,"{""T"":1789949762824,""s"":""ETHUSDT"",""S"":""Sell"",""v"":""0.19"",""p"":""2695.26""}"
2026-09-21T00:16:03.019297Z,1789949762592,AVAXUSDT,Sell,23.2,11.702,"{""T"":1789949762592,""s"":""AVAXUSDT"",""S"":""Sell"",""v"":""23.2"",""p"":""11.702""}"
2026-09-21T00:16:03.019297Z,1789949762807,AVAXUSDT,Sell,17.6,11.705,"{""T"":1789949762807,""s"":""AVAXUSDT"",""S"":""Sell"",""v"":""17.6"",""p"":""11.705""}"
2026-09-21T00:16:03.458352Z,1789949762902,ETHUSDT,Sell,0.11,2694.80,"{""T"":1789949762902,""s"":""ETHUSDT"",""S"":""Sell"",""v"":""0.11"",""p"":""2694.80""}"
2026-09-21T00:16:03.458352Z,1789949762908,ETHUSDT,Sell,0.05,2695.15,"{""T"":1789949762908,""s"":""ETHUSDT"",""S"":""Sell"",""v"":""0.05"",""p"":""2695.15""}"
2026-09-21T00:16:03.458352Z,1789949763241,ETHUSDT,Sell,0.22,2695.21,"{""T"":1789949763241,""s"":""ETHUSDT"",""S"":""Sell"",""v"":""0.22"",""p"":""2695.21""}"
2026-09-21T00:16:03.458352Z,1789949763272,ETHUSDT,Sell,0.06,2695.06,"{""T"":1789949763272,""s"":""ETHUSDT"",""S"":""Sell"",""v"":""0.06"",""p"":""2695.06""}"
2026-09-21T00:16:03.458352Z,1789949763367,ETHUSDT,Sell,17.69,2695.02,"{""T"":1789949763367,""s"":""ETHUSDT"",""S"":""Sell"",""v"":""17.69"",""p"":""2695.02""}"
2026-09-21T00:16:03.494562Z,1789949763405,BRUSDT,Sell,58,1.29792,"{""T"":1789949763405,""s"":""BRUSDT"",""S"":""Sell"",""v"":""58"",""p"":""1.29792""}"
2026-09-21T00:16:03.518236Z,1789949763405,MNTUSDT,Buy,9.9,0.59920,"{""T"":1789949763405,""s"":""MNTUSDT"",""S"":""Buy"",""v"":""9.9"",""p"":""0.59920""}"
2026-09-21T00:16:03.564949Z,1789949763426,SOLUSDT,Sell,40.6,112.980,"{""T"":1789949763426,""s"":""SOLUSDT"",""S"":""Sell"",""v"":""40.6"",""p"":""112.980""}"
2026-09-21T00:16:03.568230Z,1789949763367,BTCUSDT,Sell,0.850,81944.80,"{""T"":1789949763367,""s"":""BTCUSDT"",""S"":""Sell"",""v"":""0.850"",""p"":""81944.80""}"
2026-09-21T00:16:03.568230Z,1789949763405,BTCUSDT,Sell,0.018,81946.50,"{""T"":1789949763405,""s"":""BTCUSDT"",""S"":""Sell"",""v"":""0.018"",""p"":""81946.50""}"
2026-09-21T00:16:03.568230Z,1789949763426,BTCUSDT,Sell,0.056,81949.60,"{""T"":1789949763426,""s"":""BTCUSDT"",""S"":""Sell"",""v"":""0.056"",""p"":""81949.60""}"
2026-09-21T00:16:03.815123Z,1789949763405,HYPEUSDT,Sell,0.64,94.790,"{""T"":1789949763405,""s"":""HYPEUSDT"",""S"":""Sell"",""v"":""0.64"",""p"":""94.790""}"
2026-09-21T00:16:03.827590Z,1789949763405,FARTCOINUSDT,Sell,1507,0.17173,"{""T"":1789949763405,""s"":""FARTCOINUSDT"",""S"":""Sell"",""v"":""1507"",""p"":""0.17173""}"
2026-09-21T00:16:03.840034Z,1789949763405,ONDOUSDT,Sell,124,0.4410,"{""T"":1789949763405,""s"":""ONDOUSDT"",""S"":""Sell"",""v"":""124"",""p"":""0.4410""}"
2026-09-21T00:16:03.840345Z,1789949763405,LDOUSDT,Sell,101.8,0.4255,"{""T"":1789949763405,""s"":""LDOUSDT"",""S"":""Sell"",""v"":""101.8"",""p"":""0.4255""}"
2026-09-21T00:16:03.840523Z,1789949763405,XRPUSDT,Sell,52.0,1.4338,"{""T"":1789949763405,""s"":""XRPUSDT"",""S"":""Sell"",""v"":""52.0"",""p"":""1.4338""}"
2026-09-21T00:16:03.916202Z,1789949763405,DOTUSDT,Sell,185.7,1.1538,"{""T"":1789949763405,""s"":""DOTUSDT"",""S"":""Sell"",""v"":""185.7"",""p"":""1.1538""}"
2026-09-21T00:16:03.916656Z,1789949763405,UNIUSDT,Sell,5.8,8.865,"{""T"":1789949763405,""s"":""UNIUSDT"",""S"":""Sell"",""v"":""5.8"",""p"":""8.865""}"
2026-09-21T00:16:03.916944Z,1789949763405,1000PEPEUSDT,Sell,21200,0.0040810,"{""T"":1789949763405,""s"":""1000PEPEUSDT"",""S"":""Sell"",""v"":""21200"",""p"":""0.0040810""}"
2026-09-21T00:16:03.958570Z,1789949763388,ETHUSDT,Sell,0.01,2695.40,"{""T"":1789949763388,""s"":""ETHUSDT"",""S"":""Sell"",""v"":""0.01"",""p"":""2695.40""}"
2026-09-21T00:16:03.958570Z,1789949763405,ETHUSDT,Sell,0.32,2695.33,"{""T"":1789949763405,""s"":""ETHUSDT"",""S"":""Sell"",""v"":""0.32"",""p"":""2695.33""}"
2026-09-21T00:16:03.958570Z,1789949763426,ETHUSDT,Sell,1.71,2695.52,"{""T"":1789949763426,""s"":""ETHUSDT"",""S"":""Sell"",""v"":""1.71"",""p"":""2695.52""}"
2026-09-21T00:16:03.958570Z,1789949763756,ETHUSDT,Sell,0.16,2695.99,"{""T"":1789949763756,""s"":""ETHUSDT"",""S"":""Sell"",""v"":""0.16"",""p"":""2695.99""}"
2026-09-21T00:16:04.458639Z,1789949763936,ETHUSDT,Sell,111.71,2695.79,"{""T"":1789949763936,""s"":""ETHUSDT"",""S"":""Sell"",""v"":""111.71"",""p"":""2695.79""}"
2026-09-21T00:16:04.458639Z,1789949764242,ETHUSDT,Sell,2.65,2695.69,"{""T"":1789949764242,""s"":""ETHUSDT"",""S"":""Sell"",""v"":""2.65"",""p"":""2695.69""}"
2026-09-21T00:16:04.458639Z,1789949764267,ETHUSDT,Sell,3.50,2696.04,"{""T"":1789949764267,""s"":""ETHUSDT"",""S"":""Sell"",""v"":""3.50"",""p"":""2696.04""}"
2026-09-21T00:16:04.458639Z,1789949764287,ETHUSDT,Sell,0.09,2695.94,"{""T"":1789949764287,""s"":""ETHUSDT"",""S"":""Sell"",""v"":""0.09"",""p"":""2695.94""}"
2026-09-21T00:16:04.916140Z,1789949764500,1000PEPEUSDT,Sell,913700,0.0040830,"{""T"":1789949764500,""s"":""1000PEPEUSDT"",""S"":""Sell"",""v"":""913700"",""p"":""0.0040830""}"
2026-09-21T00:16:04.916638Z,1789949764576,DOGEUSDT,Sell,221,0.08905,"{""T"":1789949764576,""s"":""DOGEUSDT"",""S"":""Sell"",""v"":""221"",""p"":""0.08905""}"
2026-09-21T00:16:04.958119Z,1789949764500,ETHUSDT,Sell,0.40,2695.76,"{""T"":1789949764500,""s"":""ETHUSDT"",""S"":""Sell"",""v"":""0.40"",""p"":""2695.76""}"
2026-09-21T00:16:04.958119Z,1789949764671,ETHUSDT,Sell,0.58,2695.83,"{""T"":1789949764671,""s"":""ETHUSDT"",""S"":""Sell"",""v"":""0.58"",""p"":""2695.83""}"
2026-09-21T00:16:04.958119Z,1789949764697,ETHUSDT,Sell,0.06,2697.16,"{""T"":1789949764697,""s"":""ETHUSDT"",""S"":""Sell"",""v"":""0.06"",""p"":""2697.16""}"
2026-09-21T00:16:04.958119Z,1789949764720,ETHUSDT,Sell,6.19,2696.28,"{""T"":1789949764720,""s"":""ETHUSDT"",""S"":""Sell"",""v"":""6.19"",""p"":""2696.28""}"
2026-09-21T00:16:04.958119Z,1789949764793,ETHUSDT,Sell,54.04,2695.95,"{""T"":1789949764793,""s"":""ETHUSDT"",""S"":""Sell"",""v"":""54.04"",""p"":""2695.95""}"
2026-09-21T00:16:05.064661Z,1789949764500,SOLUSDT,Sell,6.0,112.970,"{""T"":1789949764500,""s"":""SOLUSDT"",""S"":""Sell"",""v"":""6.0"",""p"":""112.970""}"
2026-09-21T00:16:05.416386Z,1789949765019,1000PEPEUSDT,Sell,1116300,0.0040820,"{""T"":1789949765019,""s"":""1000PEPEUSDT"",""S"":""Sell"",""v"":""1116300"",""p"":""0.0040820""}"
2026-09-21T00:16:05.458680Z,1789949764975,ETHUSDT,Sell,0.08,2696.69,"{""T"":1789949764975,""s"":""ETHUSDT"",""S"":""Sell"",""v"":""0.08"",""p"":""2696.69""}"
2026-09-21T00:16:05.458680Z,1789949764975,ETHUSDT,Sell,0.16,2696.56,"{""T"":1789949764975,""s"":""ETHUSDT"",""S"":""Sell"",""v"":""0.16"",""p"":""2696.56""}"
2026-09-21T00:16:05.458680Z,1789949765099,ETHUSDT,Sell,0.19,2696.72,"{""T"":1789949765099,""s"":""ETHUSDT"",""S"":""Sell"",""v"":""0.19"",""p"":""2696.72""}"
2026-09-21T00:16:05.458680Z,1789949765146,ETHUSDT,Sell,0.06,2696.73,"{""T"":1789949765146,""s"":""ETHUSDT"",""S"":""Sell"",""v"":""0.06"",""p"":""2696.73""}"
2026-09-21T00:16:05.458680Z,1789949765206,ETHUSDT,Sell,2.24,2696.93,"{""T"":1789949765206,""s"":""ETHUSDT"",""S"":""Sell"",""v"":""2.24"",""p"":""2696.93""}"
2026-09-21T00:16:05.458680Z,1789949765341,ETHUSDT,Sell,0.20,2697.04,"{""T"":1789949765341,""s"":""ETHUSDT"",""S"":""Sell"",""v"":""0.20"",""p"":""2697.04""}"
2026-09-21T00:16:05.567870Z,1789949765341,BTCUSDT,Sell,0.015,81950.20,"{""T"":1789949765341,""s"":""BTCUSDT"",""S"":""Sell"",""v"":""0.015"",""p"":""81950.20""}"
2026-09-21T00:16:05.958675Z,1789949765549,ETHUSDT,Sell,0.02,2696.89,"{""T"":1789949765549,""s"":""ETHUSDT"",""S"":""Sell"",""v"":""0.02"",""p"":""2696.89""}"
2026-09-21T00:16:05.958675Z,1789949765569,ETHUSDT,Sell,0.02,2696.59,"{""T"":1789949765569,""s"":""ETHUSDT"",""S"":""Sell"",""v"":""0.02"",""p"":""2696.59""}"
2026-09-21T00:16:06.064890Z,1789949765676,SOLUSDT,Sell,8.1,113.030,"{""T"":1789949765676,""s"":""SOLUSDT"",""S"":""Sell"",""v"":""8.1"",""p"":""113.030""}"
2026-09-21T00:16:08.568066Z,1789949768092,BTCUSDT,Sell,0.002,81957.00,"{""T"":1789949768092,""s"":""BTCUSDT"",""S"":""Sell"",""v"":""0.002"",""p"":""81957.00""}"
2026-09-21T00:16:10.067568Z,1789949769970,BTCUSDT,Sell,0.122,81957.60,"{""T"":1789949769970,""s"":""BTCUSDT"",""S"":""Sell"",""v"":""0.122"",""p"":""81957.60""}"
2026-09-21T00:16:10.567988Z,1789949770051,BTCUSDT,Sell,0.031,81963.80,"{""T"":1789949770051,""s"":""BTCUSDT"",""S"":""Sell"",""v"":""0.031"",""p"":""81963.80""}"
2026-09-21T00:16:10.567988Z,1789949770130,BTCUSDT,Sell,0.006,81961.40,"{""T"":1789949770130,""s"":""BTCUSDT"",""S"":""Sell"",""v"":""0.006"",""p"":""81961.40""}"
2026-09-21T00:16:11.068170Z,1789949770509,BTCUSDT,Sell,0.002,81963.00,"{""T"":1789949770509,""s"":""BTCUSDT"",""S"":""Sell"",""v"":""0.002"",""p"":""81963.00""}"
2026-09-21T00:16:11.068170Z,1789949770529,BTCUSDT,Sell,0.021,81962.30,"{""T"":1789949770529,""s"":""BTCUSDT"",""S"":""Sell"",""v"":""0.021"",""p"":""81962.30""}"
2026-09-21T00:16:21.570973Z,1789949781092,BTCUSDT,Sell,0.012,81965.20,"{""T"":1789949781092,""s"":""BTCUSDT"",""S"":""Sell"",""v"":""0.012"",""p"":""81965.20""}"
2026-09-21T00:16:21.570973Z,1789949781131,BTCUSDT,Sell,0.006,81965.80,"{""T"":1789949781131,""s"":""BTCUSDT"",""S"":""Sell"",""v"":""0.006"",""p"":""81965.80""}"
2026-09-21T00:16:33.416351Z,1789949793001,ZECUSDT,Sell,0.02,1543.18,"{""T"":1789949793001,""s"":""ZECUSDT"",""S"":""Sell"",""v"":""0.02"",""p"":""1543.18""}"
2026-09-21T00:16:48.461792Z,1789949808294,ETHUSDT,Buy,0.06,2664.97,"{""T"":1789949808294,""s"":""ETHUSDT"",""S"":""Buy"",""v"":""0.06"",""p"":""2664.97""}"
