recv_ts_utc,exch_ts_ms,symbol,side,size,price,raw_json
2026-09-07T00:00:03.313113Z,1788739203124,XPLUSDT,Sell,1,0.09041,"{""T"":1788739203124,""s"":""XPLUSDT"",""S"":""Sell"",""v"":""1"",""p"":""0.09041""}"
2026-09-07T00:00:55.065908Z,1788739254876,BTCUSDT,Buy,0.001,79963.40,"{""T"":1788739254876,""s"":""BTCUSDT"",""S"":""Buy"",""v"":""0.001"",""p"":""79963.40""}"
2026-09-07T00:01:56.996629Z,1788739316661,COTIUSDT,Sell,14937,0.017325,"{""T"":1788739316661,""s"":""COTIUSDT"",""S"":""Sell"",""v"":""14937"",""p"":""0.017325""}"
2026-09-07T00:02:11.348653Z,1788739330944,UAIUSDT,Sell,1015,0.60550,"{""T"":1788739330944,""s"":""UAIUSDT"",""S"":""Sell"",""v"":""1015"",""p"":""0.60550""}"
2026-09-07T00:02:28.329208Z,1788739348060,NIULAIUSDT,Sell,530,0.09439,"{""T"":1788739348060,""s"":""NIULAIUSDT"",""S"":""Sell"",""v"":""530"",""p"":""0.09439""}"
2026-09-07T00:02:50.914287Z,1788739370767,ADAUSDT,Sell,2000,0.2257,"{""T"":1788739370767,""s"":""ADAUSDT"",""S"":""Sell"",""v"":""2000"",""p"":""0.2257""}"
2026-09-07T00:03:12.348355Z,1788739391985,UAIUSDT,Sell,57,0.60910,"{""T"":1788739391985,""s"":""UAIUSDT"",""S"":""Sell"",""v"":""57"",""p"":""0.60910""}"
2026-09-07T00:03:13.348309Z,1788739392978,UAIUSDT,Sell,8,0.61030,"{""T"":1788739392978,""s"":""UAIUSDT"",""S"":""Sell"",""v"":""8"",""p"":""0.61030""}"
2026-09-07T00:03:25.914088Z,1788739405457,ADAUSDT,Sell,2432,0.2262,"{""T"":1788739405457,""s"":""ADAUSDT"",""S"":""Sell"",""v"":""2432"",""p"":""0.2262""}"
2026-09-07T00:03:46.992586Z,1788739426429,DOODUSDT,Sell,83600,0.0020360,"{""T"":1788739426429,""s"":""DOODUSDT"",""S"":""Sell"",""v"":""83600"",""p"":""0.0020360""}"
2026-09-07T00:03:59.636136Z,1788739439282,JTOUSDT,Buy,10898.9,0.4557,"{""T"":1788739439282,""s"":""JTOUSDT"",""S"":""Buy"",""v"":""10898.9"",""p"":""0.4557""}"
2026-09-07T00:05:03.992657Z,1788739503769,DOODUSDT,Sell,12600,0.0020400,"{""T"":1788739503769,""s"":""DOODUSDT"",""S"":""Sell"",""v"":""12600"",""p"":""0.0020400""}"
2026-09-07T00:05:07.492174Z,1788739507387,DOODUSDT,Sell,219400,0.0020490,"{""T"":1788739507387,""s"":""DOODUSDT"",""S"":""Sell"",""v"":""219400"",""p"":""0.0020490""}"
2026-09-07T00:05:19.914704Z,1788739519753,ZECUSDT,Buy,0.05,1214.35,"{""T"":1788739519753,""s"":""ZECUSDT"",""S"":""Buy"",""v"":""0.05"",""p"":""1214.35""}"
2026-09-07T00:05:20.414311Z,1788739519945,ZECUSDT,Buy,0.14,1212.82,"{""T"":1788739519945,""s"":""ZECUSDT"",""S"":""Buy"",""v"":""0.14"",""p"":""1212.82""}"
2026-09-07T00:05:20.414311Z,1788739520216,ZECUSDT,Buy,0.32,1212.64,"{""T"":1788739520216,""s"":""ZECUSDT"",""S"":""Buy"",""v"":""0.32"",""p"":""1212.64""}"
2026-09-07T00:05:36.837801Z,1788739536746,LITUSDT,Buy,47.0,4.4530,"{""T"":1788739536746,""s"":""LITUSDT"",""S"":""Buy"",""v"":""47.0"",""p"":""4.4530""}"
2026-09-07T00:05:58.992273Z,1788739558604,DOODUSDT,Sell,20690,0.0020620,"{""T"":1788739558604,""s"":""DOODUSDT"",""S"":""Sell"",""v"":""20690"",""p"":""0.0020620""}"
2026-09-07T00:08:05.812620Z,1788739685367,XPLUSDT,Sell,1,0.09055,"{""T"":1788739685367,""s"":""XPLUSDT"",""S"":""Sell"",""v"":""1"",""p"":""0.09055""}"
2026-09-07T00:08:38.914553Z,1788739718501,ADAUSDT,Sell,4122,0.2264,"{""T"":1788739718501,""s"":""ADAUSDT"",""S"":""Sell"",""v"":""4122"",""p"":""0.2264""}"
2026-09-07T00:08:50.837903Z,1788739730470,ONDOUSDT,Sell,70,0.3918,"{""T"":1788739730470,""s"":""ONDOUSDT"",""S"":""Sell"",""v"":""70"",""p"":""0.3918""}"
2026-09-07T00:09:19.408397Z,1788739759072,KORUUSDT,Sell,2.63,23.96,"{""T"":1788739759072,""s"":""KORUUSDT"",""S"":""Sell"",""v"":""2.63"",""p"":""23.96""}"
2026-09-07T00:09:24.408645Z,1788739764307,SKHYNIXUSDT,Sell,0.013,1313.47,"{""T"":1788739764307,""s"":""SKHYNIXUSDT"",""S"":""Sell"",""v"":""0.013"",""p"":""1313.47""}"
2026-09-07T00:10:29.986631Z,1788739829693,SKHYUSDT,Sell,11.33,179.86,"{""T"":1788739829693,""s"":""SKHYUSDT"",""S"":""Sell"",""v"":""11.33"",""p"":""179.86""}"
2026-09-07T00:10:58.486804Z,1788739858294,SKHYUSDT,Sell,3.27,180.00,"{""T"":1788739858294,""s"":""SKHYUSDT"",""S"":""Sell"",""v"":""3.27"",""p"":""180.00""}"
2026-09-07T00:11:26.062831Z,1788739885727,BNBUSDT,Sell,0.13,761.00,"{""T"":1788739885727,""s"":""BNBUSDT"",""S"":""Sell"",""v"":""0.13"",""p"":""761.00""}"
2026-09-07T00:11:26.062831Z,1788739885743,BNBUSDT,Sell,2.00,761.00,"{""T"":1788739885743,""s"":""BNBUSDT"",""S"":""Sell"",""v"":""2.00"",""p"":""761.00""}"
2026-09-07T00:11:34.907975Z,1788739894376,TIAUSDT,Sell,62612.1,0.4557,"{""T"":1788739894376,""s"":""TIAUSDT"",""S"":""Sell"",""v"":""62612.1"",""p"":""0.4557""}"
2026-09-07T00:11:35.909231Z,1788739895362,TIAUSDT,Sell,334.8,0.4568,"{""T"":1788739895362,""s"":""TIAUSDT"",""S"":""Sell"",""v"":""334.8"",""p"":""0.4568""}"
2026-09-07T00:12:02.414154Z,1788739922096,DOTUSDT,Sell,61.5,1.0015,"{""T"":1788739922096,""s"":""DOTUSDT"",""S"":""Sell"",""v"":""61.5"",""p"":""1.0015""}"
2026-09-07T00:12:05.992502Z,1788739925790,SUIUSDT,Sell,160,0.82410,"{""T"":1788739925790,""s"":""SUIUSDT"",""S"":""Sell"",""v"":""160"",""p"":""0.82410""}"
2026-09-07T00:13:08.516026Z,1788739988143,NEARUSDT,Buy,592.5,2.4060,"{""T"":1788739988143,""s"":""NEARUSDT"",""S"":""Buy"",""v"":""592.5"",""p"":""2.4060""}"
2026-09-07T00:13:48.348073Z,1788740027976,UAIUSDT,Sell,128,0.61190,"{""T"":1788740027976,""s"":""UAIUSDT"",""S"":""Sell"",""v"":""128"",""p"":""0.61190""}"
2026-09-07T00:15:17.359461Z,1788740117049,WLDUSDT,Sell,5889.2,0.4282,"{""T"":1788740117049,""s"":""WLDUSDT"",""S"":""Sell"",""v"":""5889.2"",""p"":""0.4282""}"
2026-09-07T00:15:21.492083Z,1788740121347,1000BONKUSDT,Buy,3400,0.0033380,"{""T"":1788740121347,""s"":""1000BONKUSDT"",""S"":""Buy"",""v"":""3400"",""p"":""0.0033380""}"
2026-09-07T00:15:39.408739Z,1788740138917,TIAUSDT,Sell,24609.0,0.4604,"{""T"":1788740138917,""s"":""TIAUSDT"",""S"":""Sell"",""v"":""24609.0"",""p"":""0.4604""}"
2026-09-07T00:15:39.408739Z,1788740138994,TIAUSDT,Sell,332.2,0.4604,"{""T"":1788740138994,""s"":""TIAUSDT"",""S"":""Sell"",""v"":""332.2"",""p"":""0.4604""}"
2026-09-07T00:15:46.492227Z,1788740145907,1000BONKUSDT,Buy,21800,0.0033320,"{""T"":1788740145907,""s"":""1000BONKUSDT"",""S"":""Buy"",""v"":""21800"",""p"":""0.0033320""}"
2026-09-07T00:16:08.414737Z,1788740168232,ZECUSDT,Buy,0.67,1211.43,"{""T"":1788740168232,""s"":""ZECUSDT"",""S"":""Buy"",""v"":""0.67"",""p"":""1211.43""}"
2026-09-07T00:16:16.329554Z,1788740175983,NIULAIUSDT,Sell,150,0.09572,"{""T"":1788740175983,""s"":""NIULAIUSDT"",""S"":""Sell"",""v"":""150"",""p"":""0.09572""}"
2026-09-07T00:16:16.413980Z,1788740175989,ZECUSDT,Buy,0.26,1210.62,"{""T"":1788740175989,""s"":""ZECUSDT"",""S"":""Buy"",""v"":""0.26"",""p"":""1210.62""}"
2026-09-07T00:16:33.348901Z,1788740193106,NAORISUSDT,Buy,380,0.037700,"{""T"":1788740193106,""s"":""NAORISUSDT"",""S"":""Buy"",""v"":""380"",""p"":""0.037700""}"
2026-09-07T00:16:33.848254Z,1788740193327,NAORISUSDT,Buy,15850,0.037770,"{""T"":1788740193327,""s"":""NAORISUSDT"",""S"":""Buy"",""v"":""15850"",""p"":""0.037770""}"
2026-09-07T00:16:34.848289Z,1788740194542,NAORISUSDT,Buy,3830,0.037690,"{""T"":1788740194542,""s"":""NAORISUSDT"",""S"":""Buy"",""v"":""3830"",""p"":""0.037690""}"
2026-09-07T00:16:36.135235Z,1788740195809,STRKUSDT,Sell,21871.3,0.03264,"{""T"":1788740195809,""s"":""STRKUSDT"",""S"":""Sell"",""v"":""21871.3"",""p"":""0.03264""}"
2026-09-07T00:17:17.068975Z,1788740236686,BTCUSDT,Buy,0.018,79899.40,"{""T"":1788740236686,""s"":""BTCUSDT"",""S"":""Buy"",""v"":""0.018"",""p"":""79899.40""}"
2026-09-07T00:17:27.908281Z,1788740247332,JUPUSDT,Buy,66,0.26710,"{""T"":1788740247332,""s"":""JUPUSDT"",""S"":""Buy"",""v"":""66"",""p"":""0.26710""}"
2026-09-07T00:18:06.066005Z,1788740285524,BTCUSDT,Buy,0.007,79883.60,"{""T"":1788740285524,""s"":""BTCUSDT"",""S"":""Buy"",""v"":""0.007"",""p"":""79883.60""}"
2026-09-07T00:18:44.135470Z,1788740324038,STRKUSDT,Sell,2042.0,0.03292,"{""T"":1788740324038,""s"":""STRKUSDT"",""S"":""Sell"",""v"":""2042.0"",""p"":""0.03292""}"
2026-09-07T00:18:56.993065Z,1788740336756,OPUSDT,Sell,0.6,0.11301,"{""T"":1788740336756,""s"":""OPUSDT"",""S"":""Sell"",""v"":""0.6"",""p"":""0.11301""}"
2026-09-07T00:19:08.065695Z,1788740347623,BTCUSDT,Buy,0.033,79852.60,"{""T"":1788740347623,""s"":""BTCUSDT"",""S"":""Buy"",""v"":""0.033"",""p"":""79852.60""}"
2026-09-07T00:19:09.565721Z,1788740349179,BTCUSDT,Buy,0.878,79844.20,"{""T"":1788740349179,""s"":""BTCUSDT"",""S"":""Buy"",""v"":""0.878"",""p"":""79844.20""}"
2026-09-07T00:19:33.565998Z,1788740372988,BTCUSDT,Buy,0.048,79830.80,"{""T"":1788740372988,""s"":""BTCUSDT"",""S"":""Buy"",""v"":""0.048"",""p"":""79830.80""}"
2026-09-07T00:19:47.065704Z,1788740386634,BTCUSDT,Buy,0.003,79808.70,"{""T"":1788740386634,""s"":""BTCUSDT"",""S"":""Buy"",""v"":""0.003"",""p"":""79808.70""}"
2026-09-07T00:19:47.496462Z,1788740387024,VIRTUALUSDT,Buy,445,0.7119,"{""T"":1788740387024,""s"":""VIRTUALUSDT"",""S"":""Buy"",""v"":""445"",""p"":""0.7119""}"
2026-09-07T00:19:53.065517Z,1788740392768,BTCUSDT,Buy,0.019,79796.40,"{""T"":1788740392768,""s"":""BTCUSDT"",""S"":""Buy"",""v"":""0.019"",""p"":""79796.40""}"
2026-09-07T00:19:58.913801Z,1788740398751,DOTUSDT,Sell,223.9,1.0084,"{""T"":1788740398751,""s"":""DOTUSDT"",""S"":""Sell"",""v"":""223.9"",""p"":""1.0084""}"
2026-09-07T00:20:30.565544Z,1788740430023,BTCUSDT,Buy,0.009,79760.20,"{""T"":1788740430023,""s"":""BTCUSDT"",""S"":""Buy"",""v"":""0.009"",""p"":""79760.20""}"
2026-09-07T00:20:50.832717Z,1788740450324,CPUSDT,Buy,290,0.02212,"{""T"":1788740450324,""s"":""CPUSDT"",""S"":""Buy"",""v"":""290"",""p"":""0.02212""}"
2026-09-07T00:21:08.415298Z,1788740467962,TIAUSDT,Sell,23.5,0.4681,"{""T"":1788740467962,""s"":""TIAUSDT"",""S"":""Sell"",""v"":""23.5"",""p"":""0.4681""}"
2026-09-07T00:21:08.415298Z,1788740468051,TIAUSDT,Sell,290.9,0.4683,"{""T"":1788740468051,""s"":""TIAUSDT"",""S"":""Sell"",""v"":""290.9"",""p"":""0.4683""}"
2026-09-07T00:21:09.408069Z,1788740469227,TIAUSDT,Sell,45302.6,0.4684,"{""T"":1788740469227,""s"":""TIAUSDT"",""S"":""Sell"",""v"":""45302.6"",""p"":""0.4684""}"
2026-09-07T00:21:31.563058Z,1788740491355,SOLUSDT,Buy,2.2,105.690,"{""T"":1788740491355,""s"":""SOLUSDT"",""S"":""Buy"",""v"":""2.2"",""p"":""105.690""}"
2026-09-07T00:22:03.016765Z,1788740522451,LTCUSDT,Sell,0.9,55.74,"{""T"":1788740522451,""s"":""LTCUSDT"",""S"":""Sell"",""v"":""0.9"",""p"":""55.74""}"
2026-09-07T00:22:03.908013Z,1788740523459,TIAUSDT,Sell,441.9,0.4717,"{""T"":1788740523459,""s"":""TIAUSDT"",""S"":""Sell"",""v"":""441.9"",""p"":""0.4717""}"
2026-09-07T00:23:08.996419Z,1788740588439,FLOCKUSDT,Sell,345,0.07933,"{""T"":1788740588439,""s"":""FLOCKUSDT"",""S"":""Sell"",""v"":""345"",""p"":""0.07933""}"
2026-09-07T00:23:09.325050Z,1788740589063,RAYDIUMUSDT,Sell,1887.5,1.3202,"{""T"":1788740589063,""s"":""RAYDIUMUSDT"",""S"":""Sell"",""v"":""1887.5"",""p"":""1.3202""}"
2026-09-07T00:23:09.496708Z,1788740588913,FLOCKUSDT,Sell,4167,0.07944,"{""T"":1788740588913,""s"":""FLOCKUSDT"",""S"":""Sell"",""v"":""4167"",""p"":""0.07944""}"
2026-09-07T00:23:19.325123Z,1788740599079,RAYDIUMUSDT,Sell,1204.8,1.3217,"{""T"":1788740599079,""s"":""RAYDIUMUSDT"",""S"":""Sell"",""v"":""1204.8"",""p"":""1.3217""}"
2026-09-07T00:25:13.414199Z,1788740713122,DOTUSDT,Sell,99.3,1.0091,"{""T"":1788740713122,""s"":""DOTUSDT"",""S"":""Sell"",""v"":""99.3"",""p"":""1.0091""}"
2026-09-07T00:25:14.515961Z,1788740714342,LTCUSDT,Sell,22.6,55.95,"{""T"":1788740714342,""s"":""LTCUSDT"",""S"":""Sell"",""v"":""22.6"",""p"":""55.95""}"
2026-09-07T00:25:14.515961Z,1788740714413,LTCUSDT,Sell,50.3,55.96,"{""T"":1788740714413,""s"":""LTCUSDT"",""S"":""Sell"",""v"":""50.3"",""p"":""55.96""}"
2026-09-07T00:25:16.516815Z,1788740715931,LTCUSDT,Sell,0.3,56.00,"{""T"":1788740715931,""s"":""LTCUSDT"",""S"":""Sell"",""v"":""0.3"",""p"":""56.00""}"
2026-09-07T00:25:21.913798Z,1788740721465,DOTUSDT,Sell,119.8,1.0102,"{""T"":1788740721465,""s"":""DOTUSDT"",""S"":""Sell"",""v"":""119.8"",""p"":""1.0102""}"
2026-09-07T00:25:40.325485Z,1788740740175,RAYDIUMUSDT,Sell,94.9,1.3271,"{""T"":1788740740175,""s"":""RAYDIUMUSDT"",""S"":""Sell"",""v"":""94.9"",""p"":""1.3271""}"
2026-09-07T00:25:40.325485Z,1788740740214,RAYDIUMUSDT,Sell,676.9,1.3242,"{""T"":1788740740214,""s"":""RAYDIUMUSDT"",""S"":""Sell"",""v"":""676.9"",""p"":""1.3242""}"
2026-09-07T00:25:43.325261Z,1788740742845,RAYDIUMUSDT,Sell,28.1,1.3279,"{""T"":1788740742845,""s"":""RAYDIUMUSDT"",""S"":""Sell"",""v"":""28.1"",""p"":""1.3279""}"
2026-09-07T00:25:43.325261Z,1788740742952,RAYDIUMUSDT,Sell,221.3,1.3276,"{""T"":1788740742952,""s"":""RAYDIUMUSDT"",""S"":""Sell"",""v"":""221.3"",""p"":""1.3276""}"
2026-09-07T00:25:46.015914Z,1788740745813,LTCUSDT,Sell,34.8,56.06,"{""T"":1788740745813,""s"":""LTCUSDT"",""S"":""Sell"",""v"":""34.8"",""p"":""56.06""}"
2026-09-07T00:26:37.825367Z,1788740797557,RAYDIUMUSDT,Sell,4.9,1.3351,"{""T"":1788740797557,""s"":""RAYDIUMUSDT"",""S"":""Sell"",""v"":""4.9"",""p"":""1.3351""}"
2026-09-07T00:26:40.325476Z,1788740800214,RAYDIUMUSDT,Sell,202.3,1.3385,"{""T"":1788740800214,""s"":""RAYDIUMUSDT"",""S"":""Sell"",""v"":""202.3"",""p"":""1.3385""}"
2026-09-07T00:26:41.325321Z,1788740801127,RAYDIUMUSDT,Sell,800.0,1.3405,"{""T"":1788740801127,""s"":""RAYDIUMUSDT"",""S"":""Sell"",""v"":""800.0"",""p"":""1.3405""}"
2026-09-07T00:26:41.456602Z,1788740801127,ETHUSDT,Buy,0.67,2506.48,"{""T"":1788740801127,""s"":""ETHUSDT"",""S"":""Buy"",""v"":""0.67"",""p"":""2506.48""}"
2026-09-07T00:26:48.413842Z,1788740808312,DOTUSDT,Sell,72.7,1.0129,"{""T"":1788740808312,""s"":""DOTUSDT"",""S"":""Sell"",""v"":""72.7"",""p"":""1.0129""}"
2026-09-07T00:26:48.812513Z,1788740808557,SKRUSDT,Buy,7320,0.019468,"{""T"":1788740808557,""s"":""SKRUSDT"",""S"":""Buy"",""v"":""7320"",""p"":""0.019468""}"
2026-09-07T00:26:51.914028Z,1788740811539,DOTUSDT,Sell,19.6,1.0140,"{""T"":1788740811539,""s"":""DOTUSDT"",""S"":""Sell"",""v"":""19.6"",""p"":""1.0140""}"
2026-09-07T00:26:53.825355Z,1788740813340,RAYDIUMUSDT,Sell,80.2,1.3427,"{""T"":1788740813340,""s"":""RAYDIUMUSDT"",""S"":""Sell"",""v"":""80.2"",""p"":""1.3427""}"
2026-09-07T00:26:53.825355Z,1788740813546,RAYDIUMUSDT,Sell,281.9,1.3431,"{""T"":1788740813546,""s"":""RAYDIUMUSDT"",""S"":""Sell"",""v"":""281.9"",""p"":""1.3431""}"
2026-09-07T00:26:53.825355Z,1788740813586,RAYDIUMUSDT,Sell,75.4,1.3443,"{""T"":1788740813586,""s"":""RAYDIUMUSDT"",""S"":""Sell"",""v"":""75.4"",""p"":""1.3443""}"
2026-09-07T00:27:09.908740Z,1788740829647,TIAUSDT,Sell,422.5,0.4742,"{""T"":1788740829647,""s"":""TIAUSDT"",""S"":""Sell"",""v"":""422.5"",""p"":""0.4742""}"
2026-09-07T00:27:11.325260Z,1788740831136,RAYDIUMUSDT,Sell,8.0,1.3491,"{""T"":1788740831136,""s"":""RAYDIUMUSDT"",""S"":""Sell"",""v"":""8.0"",""p"":""1.3491""}"
2026-09-07T00:27:13.325154Z,1788740832909,RAYDIUMUSDT,Sell,58.1,1.3511,"{""T"":1788740832909,""s"":""RAYDIUMUSDT"",""S"":""Sell"",""v"":""58.1"",""p"":""1.3511""}"
2026-09-07T00:27:15.825265Z,1788740835504,RAYDIUMUSDT,Sell,5.0,1.3550,"{""T"":1788740835504,""s"":""RAYDIUMUSDT"",""S"":""Sell"",""v"":""5.0"",""p"":""1.3550""}"
2026-09-07T00:27:16.062562Z,1788740835504,SOLUSDT,Buy,0.1,105.790,"{""T"":1788740835504,""s"":""SOLUSDT"",""S"":""Buy"",""v"":""0.1"",""p"":""105.790""}"
2026-09-07T00:27:20.413890Z,1788740840198,DOTUSDT,Sell,837.2,1.0156,"{""T"":1788740840198,""s"":""DOTUSDT"",""S"":""Sell"",""v"":""837.2"",""p"":""1.0156""}"
2026-09-07T00:27:30.313236Z,1788740849931,SKRUSDT,Buy,1340,0.019484,"{""T"":1788740849931,""s"":""SKRUSDT"",""S"":""Buy"",""v"":""1340"",""p"":""0.019484""}"
2026-09-07T00:27:30.413862Z,1788740849931,DOTUSDT,Sell,44.1,1.0159,"{""T"":1788740849931,""s"":""DOTUSDT"",""S"":""Sell"",""v"":""44.1"",""p"":""1.0159""}"
2026-09-07T00:27:30.496251Z,1788740849931,XOMUSDT,Sell,0.05,160.41,"{""T"":1788740849931,""s"":""XOMUSDT"",""S"":""Sell"",""v"":""0.05"",""p"":""160.41""}"
2026-09-07T00:27:36.325255Z,1788740855907,RAYDIUMUSDT,Sell,4.7,1.3607,"{""T"":1788740855907,""s"":""RAYDIUMUSDT"",""S"":""Sell"",""v"":""4.7"",""p"":""1.3607""}"
2026-09-07T00:27:40.992960Z,1788740860890,1000BONKUSDT,Buy,346400,0.0033140,"{""T"":1788740860890,""s"":""1000BONKUSDT"",""S"":""Buy"",""v"":""346400"",""p"":""0.0033140""}"
2026-09-07T00:27:41.354730Z,1788740860890,MARSCOINUSDT,Buy,3380,0.18588,"{""T"":1788740860890,""s"":""MARSCOINUSDT"",""S"":""Buy"",""v"":""3380"",""p"":""0.18588""}"
2026-09-07T00:27:54.352884Z,1788740874134,MARSCOINUSDT,Buy,2490,0.18457,"{""T"":1788740874134,""s"":""MARSCOINUSDT"",""S"":""Buy"",""v"":""2490"",""p"":""0.18457""}"
2026-09-07T00:27:55.414215Z,1788740875143,ADAUSDT,Sell,1681,0.2271,"{""T"":1788740875143,""s"":""ADAUSDT"",""S"":""Sell"",""v"":""1681"",""p"":""0.2271""}"
2026-09-07T00:27:56.413834Z,1788740875988,ADAUSDT,Sell,2862,0.2270,"{""T"":1788740875988,""s"":""ADAUSDT"",""S"":""Sell"",""v"":""2862"",""p"":""0.2270""}"
2026-09-07T00:28:20.348274Z,1788740900024,MARSCOINUSDT,Buy,840,0.18108,"{""T"":1788740900024,""s"":""MARSCOINUSDT"",""S"":""Buy"",""v"":""840"",""p"":""0.18108""}"
2026-09-07T00:28:20.348274Z,1788740900210,MARSCOINUSDT,Buy,60,0.18135,"{""T"":1788740900210,""s"":""MARSCOINUSDT"",""S"":""Buy"",""v"":""60"",""p"":""0.18135""}"
2026-09-07T00:28:23.848956Z,1788740903413,MARSCOINUSDT,Buy,2770,0.18031,"{""T"":1788740903413,""s"":""MARSCOINUSDT"",""S"":""Buy"",""v"":""2770"",""p"":""0.18031""}"
2026-09-07T00:28:25.312848Z,1788740905068,WLFIUSDT,Buy,1663,0.05644,"{""T"":1788740905068,""s"":""WLFIUSDT"",""S"":""Buy"",""v"":""1663"",""p"":""0.05644""}"
2026-09-07T00:28:25.408358Z,1788740905068,TIAUSDT,Sell,2146.2,0.4790,"{""T"":1788740905068,""s"":""TIAUSDT"",""S"":""Sell"",""v"":""2146.2"",""p"":""0.4790""}"
2026-09-07T00:28:25.562129Z,1788740905068,SOLUSDT,Sell,3.9,106.800,"{""T"":1788740905068,""s"":""SOLUSDT"",""S"":""Sell"",""v"":""3.9"",""p"":""106.800""}"
2026-09-07T00:28:31.914132Z,1788740911496,ADAUSDT,Sell,4631,0.2274,"{""T"":1788740911496,""s"":""ADAUSDT"",""S"":""Sell"",""v"":""4631"",""p"":""0.2274""}"
2026-09-07T00:28:48.417095Z,1788740927836,DOTUSDT,Sell,70.1,1.0174,"{""T"":1788740927836,""s"":""DOTUSDT"",""S"":""Sell"",""v"":""70.1"",""p"":""1.0174""}"
2026-09-07T00:28:48.516206Z,1788740928272,AVAXUSDT,Sell,100.0,8.008,"{""T"":1788740928272,""s"":""AVAXUSDT"",""S"":""Sell"",""v"":""100.0"",""p"":""8.008""}"
2026-09-07T00:28:59.956258Z,1788740939484,ETHUSDT,Sell,0.25,2525.15,"{""T"":1788740939484,""s"":""ETHUSDT"",""S"":""Sell"",""v"":""0.25"",""p"":""2525.15""}"
2026-09-07T00:29:02.347907Z,1788740942008,MARSCOINUSDT,Buy,660,0.17831,"{""T"":1788740942008,""s"":""MARSCOINUSDT"",""S"":""Buy"",""v"":""660"",""p"":""0.17831""}"
2026-09-07T00:29:04.348261Z,1788740943841,MARSCOINUSDT,Buy,1370,0.17799,"{""T"":1788740943841,""s"":""MARSCOINUSDT"",""S"":""Buy"",""v"":""1370"",""p"":""0.17799""}"
2026-09-07T00:29:04.848953Z,1788740944584,MARSCOINUSDT,Buy,2070,0.17690,"{""T"":1788740944584,""s"":""MARSCOINUSDT"",""S"":""Buy"",""v"":""2070"",""p"":""0.17690""}"
2026-09-07T00:29:07.492139Z,1788740947168,SUIUSDT,Sell,10,0.82940,"{""T"":1788740947168,""s"":""SUIUSDT"",""S"":""Sell"",""v"":""10"",""p"":""0.82940""}"
2026-09-07T00:29:07.492139Z,1788740947346,SUIUSDT,Sell,10,0.82890,"{""T"":1788740947346,""s"":""SUIUSDT"",""S"":""Sell"",""v"":""10"",""p"":""0.82890""}"
2026-09-07T00:29:08.492294Z,1788740948088,SUIUSDT,Sell,40,0.82890,"{""T"":1788740948088,""s"":""SUIUSDT"",""S"":""Sell"",""v"":""40"",""p"":""0.82890""}"
2026-09-07T00:30:11.914606Z,1788741011573,ADAUSDT,Sell,12820,0.2275,"{""T"":1788741011573,""s"":""ADAUSDT"",""S"":""Sell"",""v"":""12820"",""p"":""0.2275""}"
2026-09-07T00:30:12.414230Z,1788741011954,ADAUSDT,Sell,399,0.2275,"{""T"":1788741011954,""s"":""ADAUSDT"",""S"":""Sell"",""v"":""399"",""p"":""0.2275""}"
2026-09-07T00:30:13.413673Z,1788741013198,1000PEPEUSDT,Sell,17700,0.0037040,"{""T"":1788741013198,""s"":""1000PEPEUSDT"",""S"":""Sell"",""v"":""17700"",""p"":""0.0037040""}"
2026-09-07T00:30:40.837311Z,1788741040688,ONDOUSDT,Sell,15673,0.3948,"{""T"":1788741040688,""s"":""ONDOUSDT"",""S"":""Sell"",""v"":""15673"",""p"":""0.3948""}"
2026-09-07T00:30:46.312630Z,1788741046004,SKRUSDT,Buy,9600,0.019324,"{""T"":1788741046004,""s"":""SKRUSDT"",""S"":""Buy"",""v"":""9600"",""p"":""0.019324""}"
2026-09-07T00:30:50.016311Z,1788741049790,LTCUSDT,Sell,0.6,56.38,"{""T"":1788741049790,""s"":""LTCUSDT"",""S"":""Sell"",""v"":""0.6"",""p"":""56.38""}"
2026-09-07T00:30:50.408177Z,1788741050167,TIAUSDT,Sell,30890.4,0.4827,"{""T"":1788741050167,""s"":""TIAUSDT"",""S"":""Sell"",""v"":""30890.4"",""p"":""0.4827""}"
2026-09-07T00:31:02.956147Z,1788741062518,ETHUSDT,Sell,0.39,2527.93,"{""T"":1788741062518,""s"":""ETHUSDT"",""S"":""Sell"",""v"":""0.39"",""p"":""2527.93""}"
2026-09-07T00:31:03.565893Z,1788741063157,BTCUSDT,Sell,0.032,80486.60,"{""T"":1788741063157,""s"":""BTCUSDT"",""S"":""Sell"",""v"":""0.032"",""p"":""80486.60""}"
2026-09-07T00:31:05.992748Z,1788741065681,DOODUSDT,Buy,12420,0.0018140,"{""T"":1788741065681,""s"":""DOODUSDT"",""S"":""Buy"",""v"":""12420"",""p"":""0.0018140""}"
2026-09-07T00:31:06.408253Z,1788741065847,TIAUSDT,Sell,4.2,0.4837,"{""T"":1788741065847,""s"":""TIAUSDT"",""S"":""Sell"",""v"":""4.2"",""p"":""0.4837""}"
2026-09-07T00:31:10.996211Z,1788741070569,INJUSDT,Sell,476.1,5.4980,"{""T"":1788741070569,""s"":""INJUSDT"",""S"":""Sell"",""v"":""476.1"",""p"":""5.4980""}"
2026-09-07T00:31:11.408007Z,1788741071109,TIAUSDT,Sell,340.9,0.4839,"{""T"":1788741071109,""s"":""TIAUSDT"",""S"":""Sell"",""v"":""340.9"",""p"":""0.4839""}"
2026-09-07T00:31:25.812932Z,1788741085646,SKRUSDT,Buy,17240,0.019258,"{""T"":1788741085646,""s"":""SKRUSDT"",""S"":""Buy"",""v"":""17240"",""p"":""0.019258""}"
2026-09-07T00:31:26.812630Z,1788741086291,SKRUSDT,Buy,910,0.019270,"{""T"":1788741086291,""s"":""SKRUSDT"",""S"":""Buy"",""v"":""910"",""p"":""0.019270""}"
2026-09-07T00:31:26.812630Z,1788741086291,SKRUSDT,Buy,52030,0.019273,"{""T"":1788741086291,""s"":""SKRUSDT"",""S"":""Buy"",""v"":""52030"",""p"":""0.019273""}"
2026-09-07T00:31:31.456140Z,1788741091220,ETHUSDT,Sell,0.11,2529.09,"{""T"":1788741091220,""s"":""ETHUSDT"",""S"":""Sell"",""v"":""0.11"",""p"":""2529.09""}"
2026-09-07T00:31:31.456140Z,1788741091366,ETHUSDT,Sell,0.07,2529.08,"{""T"":1788741091366,""s"":""ETHUSDT"",""S"":""Sell"",""v"":""0.07"",""p"":""2529.08""}"
2026-09-07T00:31:44.497907Z,1788741104061,INJUSDT,Sell,29.4,5.5200,"{""T"":1788741104061,""s"":""INJUSDT"",""S"":""Sell"",""v"":""29.4"",""p"":""5.5200""}"
2026-09-07T00:32:08.414155Z,1788741128233,ZECUSDT,Buy,0.03,1203.16,"{""T"":1788741128233,""s"":""ZECUSDT"",""S"":""Buy"",""v"":""0.03"",""p"":""1203.16""}"
2026-09-07T00:32:08.414155Z,1788741128282,ZECUSDT,Buy,0.07,1203.94,"{""T"":1788741128282,""s"":""ZECUSDT"",""S"":""Buy"",""v"":""0.07"",""p"":""1203.94""}"
2026-09-07T00:32:09.996326Z,1788741129512,FLOCKUSDT,Sell,130,0.08046,"{""T"":1788741129512,""s"":""FLOCKUSDT"",""S"":""Sell"",""v"":""130"",""p"":""0.08046""}"
2026-09-07T00:32:12.413696Z,1788741132199,ZECUSDT,Buy,0.23,1201.89,"{""T"":1788741132199,""s"":""ZECUSDT"",""S"":""Buy"",""v"":""0.23"",""p"":""1201.89""}"
2026-09-07T00:32:12.496258Z,1788741132158,DASHUSDT,Buy,0.26,69.46,"{""T"":1788741132158,""s"":""DASHUSDT"",""S"":""Buy"",""v"":""0.26"",""p"":""69.46""}"
2026-09-07T00:32:13.908489Z,1788741133401,TIAUSDT,Buy,1953.8,0.4664,"{""T"":1788741133401,""s"":""TIAUSDT"",""S"":""Buy"",""v"":""1953.8"",""p"":""0.4664""}"
2026-09-07T00:32:33.999038Z,1788741153835,FLOCKUSDT,Sell,5478,0.08092,"{""T"":1788741153835,""s"":""FLOCKUSDT"",""S"":""Sell"",""v"":""5478"",""p"":""0.08092""}"
2026-09-07T00:32:36.496735Z,1788741156052,FLOCKUSDT,Sell,5200,0.08124,"{""T"":1788741156052,""s"":""FLOCKUSDT"",""S"":""Sell"",""v"":""5200"",""p"":""0.08124""}"
2026-09-07T00:32:36.496735Z,1788741156135,FLOCKUSDT,Sell,40,0.08121,"{""T"":1788741156135,""s"":""FLOCKUSDT"",""S"":""Sell"",""v"":""40"",""p"":""0.08121""}"
2026-09-07T00:32:49.496293Z,1788741169283,FLOCKUSDT,Sell,43000,0.08147,"{""T"":1788741169283,""s"":""FLOCKUSDT"",""S"":""Sell"",""v"":""43000"",""p"":""0.08147""}"
2026-09-07T00:33:13.337369Z,1788741192816,ONDOUSDT,Sell,29,0.3958,"{""T"":1788741192816,""s"":""ONDOUSDT"",""S"":""Sell"",""v"":""29"",""p"":""0.3958""}"
2026-09-07T00:33:13.992894Z,1788741193520,OPUSDT,Sell,0.7,0.11304,"{""T"":1788741193520,""s"":""OPUSDT"",""S"":""Sell"",""v"":""0.7"",""p"":""0.11304""}"
2026-09-07T00:33:20.913714Z,1788741200594,ZECUSDT,Buy,0.34,1197.90,"{""T"":1788741200594,""s"":""ZECUSDT"",""S"":""Buy"",""v"":""0.34"",""p"":""1197.90""}"
2026-09-07T00:33:21.913775Z,1788741201669,ZECUSDT,Buy,1.69,1197.23,"{""T"":1788741201669,""s"":""ZECUSDT"",""S"":""Buy"",""v"":""1.69"",""p"":""1197.23""}"
2026-09-07T00:33:22.414036Z,1788741202026,ZECUSDT,Buy,0.12,1197.28,"{""T"":1788741202026,""s"":""ZECUSDT"",""S"":""Buy"",""v"":""0.12"",""p"":""1197.28""}"
2026-09-07T00:34:24.812650Z,1788741264570,SKRUSDT,Buy,1100,0.019193,"{""T"":1788741264570,""s"":""SKRUSDT"",""S"":""Buy"",""v"":""1100"",""p"":""0.019193""}"
2026-09-07T00:34:29.348063Z,1788741268768,MARSCOINUSDT,Buy,620,0.17619,"{""T"":1788741268768,""s"":""MARSCOINUSDT"",""S"":""Buy"",""v"":""620"",""p"":""0.17619""}"
2026-09-07T00:34:29.847974Z,1788741269364,MARSCOINUSDT,Buy,1190,0.17617,"{""T"":1788741269364,""s"":""MARSCOINUSDT"",""S"":""Buy"",""v"":""1190"",""p"":""0.17617""}"
2026-09-07T00:34:30.348864Z,1788741269919,MARSCOINUSDT,Buy,10580,0.17473,"{""T"":1788741269919,""s"":""MARSCOINUSDT"",""S"":""Buy"",""v"":""10580"",""p"":""0.17473""}"
2026-09-07T00:34:30.348864Z,1788741270030,MARSCOINUSDT,Buy,70,0.17113,"{""T"":1788741270030,""s"":""MARSCOINUSDT"",""S"":""Buy"",""v"":""70"",""p"":""0.17113""}"
2026-09-07T00:34:30.348864Z,1788741270067,MARSCOINUSDT,Buy,30,0.17290,"{""T"":1788741270067,""s"":""MARSCOINUSDT"",""S"":""Buy"",""v"":""30"",""p"":""0.17290""}"
2026-09-07T00:34:30.348864Z,1788741270075,MARSCOINUSDT,Buy,830,0.17383,"{""T"":1788741270075,""s"":""MARSCOINUSDT"",""S"":""Buy"",""v"":""830"",""p"":""0.17383""}"
2026-09-07T00:34:30.348864Z,1788741270085,MARSCOINUSDT,Buy,1290,0.17114,"{""T"":1788741270085,""s"":""MARSCOINUSDT"",""S"":""Buy"",""v"":""1290"",""p"":""0.17114""}"
2026-09-07T00:34:30.348864Z,1788741270173,MARSCOINUSDT,Buy,10990,0.17556,"{""T"":1788741270173,""s"":""MARSCOINUSDT"",""S"":""Buy"",""v"":""10990"",""p"":""0.17556""}"
2026-09-07T00:34:30.348864Z,1788741270260,MARSCOINUSDT,Buy,40,0.17037,"{""T"":1788741270260,""s"":""MARSCOINUSDT"",""S"":""Buy"",""v"":""40"",""p"":""0.17037""}"
2026-09-07T00:34:30.848412Z,1788741270332,MARSCOINUSDT,Buy,30,0.17344,"{""T"":1788741270332,""s"":""MARSCOINUSDT"",""S"":""Buy"",""v"":""30"",""p"":""0.17344""}"
2026-09-07T00:34:30.848412Z,1788741270413,MARSCOINUSDT,Buy,7070,0.17043,"{""T"":1788741270413,""s"":""MARSCOINUSDT"",""S"":""Buy"",""v"":""7070"",""p"":""0.17043""}"
2026-09-07T00:34:30.848412Z,1788741270442,MARSCOINUSDT,Buy,24200,0.17158,"{""T"":1788741270442,""s"":""MARSCOINUSDT"",""S"":""Buy"",""v"":""24200"",""p"":""0.17158""}"
2026-09-07T00:34:30.848412Z,1788741270442,MARSCOINUSDT,Buy,80,0.17590,"{""T"":1788741270442,""s"":""MARSCOINUSDT"",""S"":""Buy"",""v"":""80"",""p"":""0.17590""}"
2026-09-07T00:34:30.848412Z,1788741270443,MARSCOINUSDT,Buy,790,0.17214,"{""T"":1788741270443,""s"":""MARSCOINUSDT"",""S"":""Buy"",""v"":""790"",""p"":""0.17214""}"
2026-09-07T00:34:30.848412Z,1788741270477,MARSCOINUSDT,Buy,30,0.17100,"{""T"":1788741270477,""s"":""MARSCOINUSDT"",""S"":""Buy"",""v"":""30"",""p"":""0.17100""}"
2026-09-07T00:34:30.848412Z,1788741270484,MARSCOINUSDT,Buy,2520,0.17240,"{""T"":1788741270484,""s"":""MARSCOINUSDT"",""S"":""Buy"",""v"":""2520"",""p"":""0.17240""}"
2026-09-07T00:34:30.848412Z,1788741270502,MARSCOINUSDT,Buy,100,0.17048,"{""T"":1788741270502,""s"":""MARSCOINUSDT"",""S"":""Buy"",""v"":""100"",""p"":""0.17048""}"
2026-09-07T00:34:30.848412Z,1788741270530,MARSCOINUSDT,Buy,35340,0.17426,"{""T"":1788741270530,""s"":""MARSCOINUSDT"",""S"":""Buy"",""v"":""35340"",""p"":""0.17426""}"
2026-09-07T00:34:30.848412Z,1788741270590,MARSCOINUSDT,Buy,10340,0.17211,"{""T"":1788741270590,""s"":""MARSCOINUSDT"",""S"":""Buy"",""v"":""10340"",""p"":""0.17211""}"
2026-09-07T00:34:30.848412Z,1788741270618,MARSCOINUSDT,Buy,19180,0.17224,"{""T"":1788741270618,""s"":""MARSCOINUSDT"",""S"":""Buy"",""v"":""19180"",""p"":""0.17224""}"
2026-09-07T00:34:30.848412Z,1788741270658,MARSCOINUSDT,Buy,2600,0.17319,"{""T"":1788741270658,""s"":""MARSCOINUSDT"",""S"":""Buy"",""v"":""2600"",""p"":""0.17319""}"
2026-09-07T00:34:30.848412Z,1788741270684,MARSCOINUSDT,Buy,1850,0.17423,"{""T"":1788741270684,""s"":""MARSCOINUSDT"",""S"":""Buy"",""v"":""1850"",""p"":""0.17423""}"
2026-09-07T00:34:30.848412Z,1788741270731,MARSCOINUSDT,Buy,160,0.17357,"{""T"":1788741270731,""s"":""MARSCOINUSDT"",""S"":""Buy"",""v"":""160"",""p"":""0.17357""}"
2026-09-07T00:34:30.848412Z,1788741270744,MARSCOINUSDT,Buy,17940,0.17253,"{""T"":1788741270744,""s"":""MARSCOINUSDT"",""S"":""Buy"",""v"":""17940"",""p"":""0.17253""}"
2026-09-07T00:34:30.848412Z,1788741270756,MARSCOINUSDT,Buy,4510,0.17290,"{""T"":1788741270756,""s"":""MARSCOINUSDT"",""S"":""Buy"",""v"":""4510"",""p"":""0.17290""}"
2026-09-07T00:34:30.848412Z,1788741270761,MARSCOINUSDT,Buy,50,0.17149,"{""T"":1788741270761,""s"":""MARSCOINUSDT"",""S"":""Buy"",""v"":""50"",""p"":""0.17149""}"
2026-09-07T00:34:31.016460Z,1788741270893,MNTUSDT,Sell,84.8,0.59770,"{""T"":1788741270893,""s"":""MNTUSDT"",""S"":""Sell"",""v"":""84.8"",""p"":""0.59770""}"
2026-09-07T00:34:31.348826Z,1788741270819,MARSCOINUSDT,Buy,760,0.17139,"{""T"":1788741270819,""s"":""MARSCOINUSDT"",""S"":""Buy"",""v"":""760"",""p"":""0.17139""}"
2026-09-07T00:34:31.348826Z,1788741270819,MARSCOINUSDT,Buy,200,0.16737,"{""T"":1788741270819,""s"":""MARSCOINUSDT"",""S"":""Buy"",""v"":""200"",""p"":""0.16737""}"
2026-09-07T00:34:31.348826Z,1788741270826,MARSCOINUSDT,Buy,1190,0.16584,"{""T"":1788741270826,""s"":""MARSCOINUSDT"",""S"":""Buy"",""v"":""1190"",""p"":""0.16584""}"
2026-09-07T00:34:31.348826Z,1788741270828,MARSCOINUSDT,Buy,210,0.16960,"{""T"":1788741270828,""s"":""MARSCOINUSDT"",""S"":""Buy"",""v"":""210"",""p"":""0.16960""}"
2026-09-07T00:34:31.348826Z,1788741270829,MARSCOINUSDT,Buy,120,0.17040,"{""T"":1788741270829,""s"":""MARSCOINUSDT"",""S"":""Buy"",""v"":""120"",""p"":""0.17040""}"
2026-09-07T00:34:31.348826Z,1788741270829,MARSCOINUSDT,Buy,1780,0.16910,"{""T"":1788741270829,""s"":""MARSCOINUSDT"",""S"":""Buy"",""v"":""1780"",""p"":""0.16910""}"
2026-09-07T00:34:31.348826Z,1788741270837,MARSCOINUSDT,Buy,280,0.16809,"{""T"":1788741270837,""s"":""MARSCOINUSDT"",""S"":""Buy"",""v"":""280"",""p"":""0.16809""}"
2026-09-07T00:34:31.348826Z,1788741270843,MARSCOINUSDT,Buy,710,0.16416,"{""T"":1788741270843,""s"":""MARSCOINUSDT"",""S"":""Buy"",""v"":""710"",""p"":""0.16416""}"
2026-09-07T00:34:31.348826Z,1788741270862,MARSCOINUSDT,Buy,270,0.17133,"{""T"":1788741270862,""s"":""MARSCOINUSDT"",""S"":""Buy"",""v"":""270"",""p"":""0.17133""}"
2026-09-07T00:34:31.348826Z,1788741270869,MARSCOINUSDT,Buy,5720,0.16435,"{""T"":1788741270869,""s"":""MARSCOINUSDT"",""S"":""Buy"",""v"":""5720"",""p"":""0.16435""}"
2026-09-07T00:34:31.348826Z,1788741270880,MARSCOINUSDT,Buy,250,0.16694,"{""T"":1788741270880,""s"":""MARSCOINUSDT"",""S"":""Buy"",""v"":""250"",""p"":""0.16694""}"
2026-09-07T00:34:31.348826Z,1788741270893,MARSCOINUSDT,Buy,620,0.17086,"{""T"":1788741270893,""s"":""MARSCOINUSDT"",""S"":""Buy"",""v"":""620"",""p"":""0.17086""}"
2026-09-07T00:34:31.348826Z,1788741270906,MARSCOINUSDT,Buy,440,0.16470,"{""T"":1788741270906,""s"":""MARSCOINUSDT"",""S"":""Buy"",""v"":""440"",""p"":""0.16470""}"
2026-09-07T00:34:31.348826Z,1788741270906,MARSCOINUSDT,Buy,1710,0.16752,"{""T"":1788741270906,""s"":""MARSCOINUSDT"",""S"":""Buy"",""v"":""1710"",""p"":""0.16752""}"
2026-09-07T00:34:31.348826Z,1788741270927,MARSCOINUSDT,Buy,550,0.16911,"{""T"":1788741270927,""s"":""MARSCOINUSDT"",""S"":""Buy"",""v"":""550"",""p"":""0.16911""}"
2026-09-07T00:34:31.348826Z,1788741270935,MARSCOINUSDT,Buy,41250,0.16334,"{""T"":1788741270935,""s"":""MARSCOINUSDT"",""S"":""Buy"",""v"":""41250"",""p"":""0.16334""}"
2026-09-07T00:34:31.348826Z,1788741270943,MARSCOINUSDT,Buy,420,0.16987,"{""T"":1788741270943,""s"":""MARSCOINUSDT"",""S"":""Buy"",""v"":""420"",""p"":""0.16987""}"
2026-09-07T00:34:31.348826Z,1788741270958,MARSCOINUSDT,Buy,260,0.16836,"{""T"":1788741270958,""s"":""MARSCOINUSDT"",""S"":""Buy"",""v"":""260"",""p"":""0.16836""}"
2026-09-07T00:34:31.348826Z,1788741270966,MARSCOINUSDT,Buy,1960,0.16884,"{""T"":1788741270966,""s"":""MARSCOINUSDT"",""S"":""Buy"",""v"":""1960"",""p"":""0.16884""}"
2026-09-07T00:34:31.348826Z,1788741270977,MARSCOINUSDT,Buy,65640,0.16728,"{""T"":1788741270977,""s"":""MARSCOINUSDT"",""S"":""Buy"",""v"":""65640"",""p"":""0.16728""}"
2026-09-07T00:34:31.348826Z,1788741270999,MARSCOINUSDT,Buy,500,0.16629,"{""T"":1788741270999,""s"":""MARSCOINUSDT"",""S"":""Buy"",""v"":""500"",""p"":""0.16629""}"
2026-09-07T00:34:31.348826Z,1788741271007,MARSCOINUSDT,Buy,7150,0.16552,"{""T"":1788741271007,""s"":""MARSCOINUSDT"",""S"":""Buy"",""v"":""7150"",""p"":""0.16552""}"
2026-09-07T00:34:31.348826Z,1788741271043,MARSCOINUSDT,Buy,1070,0.16574,"{""T"":1788741271043,""s"":""MARSCOINUSDT"",""S"":""Buy"",""v"":""1070"",""p"":""0.16574""}"
2026-09-07T00:34:31.348826Z,1788741271053,MARSCOINUSDT,Buy,8000,0.16958,"{""T"":1788741271053,""s"":""MARSCOINUSDT"",""S"":""Buy"",""v"":""8000"",""p"":""0.16958""}"
2026-09-07T00:34:31.348826Z,1788741271109,MARSCOINUSDT,Buy,800,0.16364,"{""T"":1788741271109,""s"":""MARSCOINUSDT"",""S"":""Buy"",""v"":""800"",""p"":""0.16364""}"
2026-09-07T00:34:31.348826Z,1788741271136,MARSCOINUSDT,Buy,300,0.16841,"{""T"":1788741271136,""s"":""MARSCOINUSDT"",""S"":""Buy"",""v"":""300"",""p"":""0.16841""}"
2026-09-07T00:34:31.348826Z,1788741271188,MARSCOINUSDT,Buy,2720,0.16815,"{""T"":1788741271188,""s"":""MARSCOINUSDT"",""S"":""Buy"",""v"":""2720"",""p"":""0.16815""}"
2026-09-07T00:34:31.348826Z,1788741271192,MARSCOINUSDT,Buy,1120,0.16340,"{""T"":1788741271192,""s"":""MARSCOINUSDT"",""S"":""Buy"",""v"":""1120"",""p"":""0.16340""}"
2026-09-07T00:34:31.348826Z,1788741271204,MARSCOINUSDT,Buy,4450,0.16611,"{""T"":1788741271204,""s"":""MARSCOINUSDT"",""S"":""Buy"",""v"":""4450"",""p"":""0.16611""}"
2026-09-07T00:34:31.348826Z,1788741271230,MARSCOINUSDT,Buy,1410,0.16691,"{""T"":1788741271230,""s"":""MARSCOINUSDT"",""S"":""Buy"",""v"":""1410"",""p"":""0.16691""}"
2026-09-07T00:34:31.348826Z,1788741271232,MARSCOINUSDT,Buy,1400,0.16885,"{""T"":1788741271232,""s"":""MARSCOINUSDT"",""S"":""Buy"",""v"":""1400"",""p"":""0.16885""}"
2026-09-07T00:34:31.348826Z,1788741271232,MARSCOINUSDT,Buy,180,0.16502,"{""T"":1788741271232,""s"":""MARSCOINUSDT"",""S"":""Buy"",""v"":""180"",""p"":""0.16502""}"
2026-09-07T00:34:31.348826Z,1788741271232,MARSCOINUSDT,Buy,270,0.16694,"{""T"":1788741271232,""s"":""MARSCOINUSDT"",""S"":""Buy"",""v"":""270"",""p"":""0.16694""}"
2026-09-07T00:34:31.348826Z,1788741271246,MARSCOINUSDT,Buy,1040,0.16586,"{""T"":1788741271246,""s"":""MARSCOINUSDT"",""S"":""Buy"",""v"":""1040"",""p"":""0.16586""}"
2026-09-07T00:34:31.348826Z,1788741271262,MARSCOINUSDT,Buy,8240,0.16935,"{""T"":1788741271262,""s"":""MARSCOINUSDT"",""S"":""Buy"",""v"":""8240"",""p"":""0.16935""}"
2026-09-07T00:34:31.348826Z,1788741271262,MARSCOINUSDT,Buy,2000,0.16913,"{""T"":1788741271262,""s"":""MARSCOINUSDT"",""S"":""Buy"",""v"":""2000"",""p"":""0.16913""}"
2026-09-07T00:34:31.414094Z,1788741270893,DOGEUSDT,Sell,565,0.09030,"{""T"":1788741270893,""s"":""DOGEUSDT"",""S"":""Sell"",""v"":""565"",""p"":""0.09030""}"
2026-09-07T00:34:31.516292Z,1788741271246,MNTUSDT,Buy,39.2,0.60310,"{""T"":1788741271246,""s"":""MNTUSDT"",""S"":""Buy"",""v"":""39.2"",""p"":""0.60310""}"
2026-09-07T00:34:31.635479Z,1788741271386,HEMIUSDT,Buy,125000,0.011052,"{""T"":1788741271386,""s"":""HEMIUSDT"",""S"":""Buy"",""v"":""125000"",""p"":""0.011052""}"
2026-09-07T00:34:31.828950Z,1788741271524,NIULAIUSDT,Buy,8650,0.09069,"{""T"":1788741271524,""s"":""NIULAIUSDT"",""S"":""Buy"",""v"":""8650"",""p"":""0.09069""}"
2026-09-07T00:34:31.849656Z,1788741271265,MARSCOINUSDT,Buy,100,0.16573,"{""T"":1788741271265,""s"":""MARSCOINUSDT"",""S"":""Buy"",""v"":""100"",""p"":""0.16573""}"
2026-09-07T00:34:31.849656Z,1788741271269,MARSCOINUSDT,Buy,710,0.16794,"{""T"":1788741271269,""s"":""MARSCOINUSDT"",""S"":""Buy"",""v"":""710"",""p"":""0.16794""}"
2026-09-07T00:34:31.849656Z,1788741271302,MARSCOINUSDT,Buy,100,0.16691,"{""T"":1788741271302,""s"":""MARSCOINUSDT"",""S"":""Buy"",""v"":""100"",""p"":""0.16691""}"
2026-09-07T00:34:31.849656Z,1788741271305,MARSCOINUSDT,Buy,280,0.16809,"{""T"":1788741271305,""s"":""MARSCOINUSDT"",""S"":""Buy"",""v"":""280"",""p"":""0.16809""}"
2026-09-07T00:34:31.849656Z,1788741271314,MARSCOINUSDT,Buy,260,0.17017,"{""T"":1788741271314,""s"":""MARSCOINUSDT"",""S"":""Buy"",""v"":""260"",""p"":""0.17017""}"
2026-09-07T00:34:31.849656Z,1788741271315,MARSCOINUSDT,Buy,3400,0.16577,"{""T"":1788741271315,""s"":""MARSCOINUSDT"",""S"":""Buy"",""v"":""3400"",""p"":""0.16577""}"
2026-09-07T00:34:31.849656Z,1788741271367,MARSCOINUSDT,Buy,30,0.16570,"{""T"":1788741271367,""s"":""MARSCOINUSDT"",""S"":""Buy"",""v"":""30"",""p"":""0.16570""}"
2026-09-07T00:34:31.849656Z,1788741271385,MARSCOINUSDT,Buy,2800,0.16805,"{""T"":1788741271385,""s"":""MARSCOINUSDT"",""S"":""Buy"",""v"":""2800"",""p"":""0.16805""}"
2026-09-07T00:34:31.849656Z,1788741271386,MARSCOINUSDT,Buy,35000,0.16672,"{""T"":1788741271386,""s"":""MARSCOINUSDT"",""S"":""Buy"",""v"":""35000"",""p"":""0.16672""}"
2026-09-07T00:34:31.849656Z,1788741271391,MARSCOINUSDT,Buy,50,0.16400,"{""T"":1788741271391,""s"":""MARSCOINUSDT"",""S"":""Buy"",""v"":""50"",""p"":""0.16400""}"
2026-09-07T00:34:31.849656Z,1788741271412,MARSCOINUSDT,Buy,220,0.16554,"{""T"":1788741271412,""s"":""MARSCOINUSDT"",""S"":""Buy"",""v"":""220"",""p"":""0.16554""}"
2026-09-07T00:34:31.849656Z,1788741271430,MARSCOINUSDT,Buy,80,0.17002,"{""T"":1788741271430,""s"":""MARSCOINUSDT"",""S"":""Buy"",""v"":""80"",""p"":""0.17002""}"
2026-09-07T00:34:31.849656Z,1788741271434,MARSCOINUSDT,Buy,17230,0.16379,"{""T"":1788741271434,""s"":""MARSCOINUSDT"",""S"":""Buy"",""v"":""17230"",""p"":""0.16379""}"
2026-09-07T00:34:31.849656Z,1788741271440,MARSCOINUSDT,Buy,1410,0.16995,"{""T"":1788741271440,""s"":""MARSCOINUSDT"",""S"":""Buy"",""v"":""1410"",""p"":""0.16995""}"
2026-09-07T00:34:31.849656Z,1788741271457,MARSCOINUSDT,Buy,800,0.16345,"{""T"":1788741271457,""s"":""MARSCOINUSDT"",""S"":""Buy"",""v"":""800"",""p"":""0.16345""}"
2026-09-07T00:34:31.849656Z,1788741271461,MARSCOINUSDT,Buy,100,0.16563,"{""T"":1788741271461,""s"":""MARSCOINUSDT"",""S"":""Buy"",""v"":""100"",""p"":""0.16563""}"
2026-09-07T00:34:31.849656Z,1788741271486,MARSCOINUSDT,Buy,2570,0.16660,"{""T"":1788741271486,""s"":""MARSCOINUSDT"",""S"":""Buy"",""v"":""2570"",""p"":""0.16660""}"
2026-09-07T00:34:31.849656Z,1788741271492,MARSCOINUSDT,Buy,5000,0.16591,"{""T"":1788741271492,""s"":""MARSCOINUSDT"",""S"":""Buy"",""v"":""5000"",""p"":""0.16591""}"
2026-09-07T00:34:31.849656Z,1788741271501,MARSCOINUSDT,Buy,1040,0.16470,"{""T"":1788741271501,""s"":""MARSCOINUSDT"",""S"":""Buy"",""v"":""1040"",""p"":""0.16470""}"
2026-09-07T00:34:31.849656Z,1788741271522,MARSCOINUSDT,Buy,1140,0.16435,"{""T"":1788741271522,""s"":""MARSCOINUSDT"",""S"":""Buy"",""v"":""1140"",""p"":""0.16435""}"
2026-09-07T00:34:31.849656Z,1788741271524,MARSCOINUSDT,Buy,4250,0.16595,"{""T"":1788741271524,""s"":""MARSCOINUSDT"",""S"":""Buy"",""v"":""4250"",""p"":""0.16595""}"
2026-09-07T00:34:31.849656Z,1788741271532,MARSCOINUSDT,Buy,50,0.16566,"{""T"":1788741271532,""s"":""MARSCOINUSDT"",""S"":""Buy"",""v"":""50"",""p"":""0.16566""}"
2026-09-07T00:34:31.849656Z,1788741271540,MARSCOINUSDT,Buy,4210,0.16838,"{""T"":1788741271540,""s"":""MARSCOINUSDT"",""S"":""Buy"",""v"":""4210"",""p"":""0.16838""}"
2026-09-07T00:34:31.849656Z,1788741271565,MARSCOINUSDT,Buy,850,0.16976,"{""T"":1788741271565,""s"":""MARSCOINUSDT"",""S"":""Buy"",""v"":""850"",""p"":""0.16976""}"
2026-09-07T00:34:31.849656Z,1788741271567,MARSCOINUSDT,Buy,960,0.16792,"{""T"":1788741271567,""s"":""MARSCOINUSDT"",""S"":""Buy"",""v"":""960"",""p"":""0.16792""}"
2026-09-07T00:34:31.849656Z,1788741271586,MARSCOINUSDT,Buy,50,0.16567,"{""T"":1788741271586,""s"":""MARSCOINUSDT"",""S"":""Buy"",""v"":""50"",""p"":""0.16567""}"
2026-09-07T00:34:31.849656Z,1788741271598,MARSCOINUSDT,Buy,50,0.16497,"{""T"":1788741271598,""s"":""MARSCOINUSDT"",""S"":""Buy"",""v"":""50"",""p"":""0.16497""}"
2026-09-07T00:34:31.849656Z,1788741271599,MARSCOINUSDT,Buy,1780,0.16333,"{""T"":1788741271599,""s"":""MARSCOINUSDT"",""S"":""Buy"",""v"":""1780"",""p"":""0.16333""}"
2026-09-07T00:34:31.849656Z,1788741271609,MARSCOINUSDT,Buy,630,0.16456,"{""T"":1788741271609,""s"":""MARSCOINUSDT"",""S"":""Buy"",""v"":""630"",""p"":""0.16456""}"
2026-09-07T00:34:31.849656Z,1788741271621,MARSCOINUSDT,Buy,2020,0.16880,"{""T"":1788741271621,""s"":""MARSCOINUSDT"",""S"":""Buy"",""v"":""2020"",""p"":""0.16880""}"
2026-09-07T00:34:31.849656Z,1788741271623,MARSCOINUSDT,Buy,1070,0.16420,"{""T"":1788741271623,""s"":""MARSCOINUSDT"",""S"":""Buy"",""v"":""1070"",""p"":""0.16420""}"
2026-09-07T00:34:31.849656Z,1788741271623,MARSCOINUSDT,Buy,370,0.16650,"{""T"":1788741271623,""s"":""MARSCOINUSDT"",""S"":""Buy"",""v"":""370"",""p"":""0.16650""}"
2026-09-07T00:34:31.849656Z,1788741271641,MARSCOINUSDT,Buy,880,0.16365,"{""T"":1788741271641,""s"":""MARSCOINUSDT"",""S"":""Buy"",""v"":""880"",""p"":""0.16365""}"
2026-09-07T00:34:31.849656Z,1788741271682,MARSCOINUSDT,Buy,30,0.16584,"{""T"":1788741271682,""s"":""MARSCOINUSDT"",""S"":""Buy"",""v"":""30"",""p"":""0.16584""}"
2026-09-07T00:34:31.849656Z,1788741271688,MARSCOINUSDT,Buy,680,0.16524,"{""T"":1788741271688,""s"":""MARSCOINUSDT"",""S"":""Buy"",""v"":""680"",""p"":""0.16524""}"
2026-09-07T00:34:31.849656Z,1788741271728,MARSCOINUSDT,Buy,490,0.16367,"{""T"":1788741271728,""s"":""MARSCOINUSDT"",""S"":""Buy"",""v"":""490"",""p"":""0.16367""}"
2026-09-07T00:34:31.849656Z,1788741271735,MARSCOINUSDT,Buy,1540,0.16736,"{""T"":1788741271735,""s"":""MARSCOINUSDT"",""S"":""Buy"",""v"":""1540"",""p"":""0.16736""}"
2026-09-07T00:34:31.849656Z,1788741271746,MARSCOINUSDT,Buy,130,0.16799,"{""T"":1788741271746,""s"":""MARSCOINUSDT"",""S"":""Buy"",""v"":""130"",""p"":""0.16799""}"
2026-09-07T00:34:32.996236Z,1788741272801,FLOCKUSDT,Buy,50,0.07706,"{""T"":1788741272801,""s"":""FLOCKUSDT"",""S"":""Buy"",""v"":""50"",""p"":""0.07706""}"
2026-09-07T00:34:33.135240Z,1788741272801,AKEUSDT,Buy,400,0.0137970,"{""T"":1788741272801,""s"":""AKEUSDT"",""S"":""Buy"",""v"":""400"",""p"":""0.0137970""}"
2026-09-07T00:34:33.348211Z,1788741272801,MARSCOINUSDT,Buy,40,0.16243,"{""T"":1788741272801,""s"":""MARSCOINUSDT"",""S"":""Buy"",""v"":""40"",""p"":""0.16243""}"
2026-09-07T00:34:33.348211Z,1788741272845,MARSCOINUSDT,Buy,200,0.16318,"{""T"":1788741272845,""s"":""MARSCOINUSDT"",""S"":""Buy"",""v"":""200"",""p"":""0.16318""}"
2026-09-07T00:34:33.348211Z,1788741273041,MARSCOINUSDT,Buy,160,0.16274,"{""T"":1788741273041,""s"":""MARSCOINUSDT"",""S"":""Buy"",""v"":""160"",""p"":""0.16274""}"
2026-09-07T00:34:33.348211Z,1788741273248,MARSCOINUSDT,Buy,990,0.16266,"{""T"":1788741273248,""s"":""MARSCOINUSDT"",""S"":""Buy"",""v"":""990"",""p"":""0.16266""}"
2026-09-07T00:34:33.635707Z,1788741273248,AKEUSDT,Sell,10300,0.0143340,"{""T"":1788741273248,""s"":""AKEUSDT"",""S"":""Sell"",""v"":""10300"",""p"":""0.0143340""}"
2026-09-07T00:34:33.848172Z,1788741273292,MARSCOINUSDT,Buy,410,0.16293,"{""T"":1788741273292,""s"":""MARSCOINUSDT"",""S"":""Buy"",""v"":""410"",""p"":""0.16293""}"
2026-09-07T00:34:33.848172Z,1788741273415,MARSCOINUSDT,Buy,1170,0.16272,"{""T"":1788741273415,""s"":""MARSCOINUSDT"",""S"":""Buy"",""v"":""1170"",""p"":""0.16272""}"
2026-09-07T00:34:33.848172Z,1788741273458,MARSCOINUSDT,Buy,260,0.16271,"{""T"":1788741273458,""s"":""MARSCOINUSDT"",""S"":""Buy"",""v"":""260"",""p"":""0.16271""}"
2026-09-07T00:34:33.848172Z,1788741273639,MARSCOINUSDT,Buy,1650,0.16310,"{""T"":1788741273639,""s"":""MARSCOINUSDT"",""S"":""Buy"",""v"":""1650"",""p"":""0.16310""}"
2026-09-07T00:34:34.348411Z,1788741274082,MARSCOINUSDT,Buy,60,0.16227,"{""T"":1788741274082,""s"":""MARSCOINUSDT"",""S"":""Buy"",""v"":""60"",""p"":""0.16227""}"
2026-09-07T00:34:35.328501Z,1788741274830,NIULAIUSDT,Buy,510,0.08955,"{""T"":1788741274830,""s"":""NIULAIUSDT"",""S"":""Buy"",""v"":""510"",""p"":""0.08955""}"
2026-09-07T00:34:35.348298Z,1788741274830,MARSCOINUSDT,Buy,170,0.16069,"{""T"":1788741274830,""s"":""MARSCOINUSDT"",""S"":""Buy"",""v"":""170"",""p"":""0.16069""}"
2026-09-07T00:34:35.348298Z,1788741274877,MARSCOINUSDT,Buy,1780,0.16099,"{""T"":1788741274877,""s"":""MARSCOINUSDT"",""S"":""Buy"",""v"":""1780"",""p"":""0.16099""}"
2026-09-07T00:34:35.348298Z,1788741274908,MARSCOINUSDT,Buy,30,0.16014,"{""T"":1788741274908,""s"":""MARSCOINUSDT"",""S"":""Buy"",""v"":""30"",""p"":""0.16014""}"
2026-09-07T00:34:35.348298Z,1788741274988,MARSCOINUSDT,Buy,7000,0.16047,"{""T"":1788741274988,""s"":""MARSCOINUSDT"",""S"":""Buy"",""v"":""7000"",""p"":""0.16047""}"
2026-09-07T00:34:35.348298Z,1788741275203,MARSCOINUSDT,Buy,10,0.16112,"{""T"":1788741275203,""s"":""MARSCOINUSDT"",""S"":""Buy"",""v"":""10"",""p"":""0.16112""}"
2026-09-07T00:34:35.348298Z,1788741275217,MARSCOINUSDT,Buy,280,0.16133,"{""T"":1788741275217,""s"":""MARSCOINUSDT"",""S"":""Buy"",""v"":""280"",""p"":""0.16133""}"
2026-09-07T00:34:35.812716Z,1788741275334,SKRUSDT,Sell,70,0.020151,"{""T"":1788741275334,""s"":""SKRUSDT"",""S"":""Sell"",""v"":""70"",""p"":""0.020151""}"
2026-09-07T00:34:35.828806Z,1788741275335,PONSUSDT,Buy,1,0.8095,"{""T"":1788741275335,""s"":""PONSUSDT"",""S"":""Buy"",""v"":""1"",""p"":""0.8095""}"
2026-09-07T00:34:35.829153Z,1788741275335,CPUSDT,Buy,40,0.02183,"{""T"":1788741275335,""s"":""CPUSDT"",""S"":""Buy"",""v"":""40"",""p"":""0.02183""}"
2026-09-07T00:34:35.848208Z,1788741275315,MARSCOINUSDT,Buy,210,0.16051,"{""T"":1788741275315,""s"":""MARSCOINUSDT"",""S"":""Buy"",""v"":""210"",""p"":""0.16051""}"
2026-09-07T00:34:35.848208Z,1788741275335,MARSCOINUSDT,Buy,10,0.16003,"{""T"":1788741275335,""s"":""MARSCOINUSDT"",""S"":""Buy"",""v"":""10"",""p"":""0.16003""}"
2026-09-07T00:34:35.848208Z,1788741275425,MARSCOINUSDT,Buy,7920,0.16000,"{""T"":1788741275425,""s"":""MARSCOINUSDT"",""S"":""Buy"",""v"":""7920"",""p"":""0.16000""}"
2026-09-07T00:34:35.848208Z,1788741275509,MARSCOINUSDT,Buy,520,0.16200,"{""T"":1788741275509,""s"":""MARSCOINUSDT"",""S"":""Buy"",""v"":""520"",""p"":""0.16200""}"
2026-09-07T00:34:35.848208Z,1788741275510,MARSCOINUSDT,Buy,730,0.16075,"{""T"":1788741275510,""s"":""MARSCOINUSDT"",""S"":""Buy"",""v"":""730"",""p"":""0.16075""}"
2026-09-07T00:34:35.848208Z,1788741275540,MARSCOINUSDT,Buy,240,0.16182,"{""T"":1788741275540,""s"":""MARSCOINUSDT"",""S"":""Buy"",""v"":""240"",""p"":""0.16182""}"
2026-09-07T00:34:35.848208Z,1788741275593,MARSCOINUSDT,Buy,23120,0.16073,"{""T"":1788741275593,""s"":""MARSCOINUSDT"",""S"":""Buy"",""v"":""23120"",""p"":""0.16073""}"
2026-09-07T00:34:35.848208Z,1788741275614,MARSCOINUSDT,Buy,90,0.16087,"{""T"":1788741275614,""s"":""MARSCOINUSDT"",""S"":""Buy"",""v"":""90"",""p"":""0.16087""}"
2026-09-07T00:34:35.848208Z,1788741275677,MARSCOINUSDT,Buy,6210,0.16101,"{""T"":1788741275677,""s"":""MARSCOINUSDT"",""S"":""Buy"",""v"":""6210"",""p"":""0.16101""}"
2026-09-07T00:34:35.848676Z,1788741275335,UAIUSDT,Sell,2,0.61790,"{""T"":1788741275335,""s"":""UAIUSDT"",""S"":""Sell"",""v"":""2"",""p"":""0.61790""}"
2026-09-07T00:34:35.848933Z,1788741275334,USELESSUSDT,Buy,5,0.20929,"{""T"":1788741275334,""s"":""USELESSUSDT"",""S"":""Buy"",""v"":""5"",""p"":""0.20929""}"
2026-09-07T00:34:35.913952Z,1788741275425,ZECUSDT,Buy,3.13,1198.85,"{""T"":1788741275425,""s"":""ZECUSDT"",""S"":""Buy"",""v"":""3.13"",""p"":""1198.85""}"
2026-09-07T00:34:35.914343Z,1788741275425,ARBUSDT,Buy,9201.9,0.18814,"{""T"":1788741275425,""s"":""ARBUSDT"",""S"":""Buy"",""v"":""9201.9"",""p"":""0.18814""}"
2026-09-07T00:34:36.325024Z,1788741276126,RAYDIUMUSDT,Buy,379.4,1.2672,"{""T"":1788741276126,""s"":""RAYDIUMUSDT"",""S"":""Buy"",""v"":""379.4"",""p"":""1.2672""}"
2026-09-07T00:34:42.312582Z,1788741281847,SKRUSDT,Buy,9690,0.019166,"{""T"":1788741281847,""s"":""SKRUSDT"",""S"":""Buy"",""v"":""9690"",""p"":""0.019166""}"
2026-09-07T00:35:20.348302Z,1788741319779,MARSCOINUSDT,Sell,340,0.17716,"{""T"":1788741319779,""s"":""MARSCOINUSDT"",""S"":""Sell"",""v"":""340"",""p"":""0.17716""}"
2026-09-07T00:35:21.847885Z,1788741321680,MARSCOINUSDT,Sell,2520,0.17748,"{""T"":1788741321680,""s"":""MARSCOINUSDT"",""S"":""Sell"",""v"":""2520"",""p"":""0.17748""}"
2026-09-07T00:35:27.325162Z,1788741326848,RAYDIUMUSDT,Buy,349.4,1.2599,"{""T"":1788741326848,""s"":""RAYDIUMUSDT"",""S"":""Buy"",""v"":""349.4"",""p"":""1.2599""}"
2026-09-07T00:35:28.825238Z,1788741328551,RAYDIUMUSDT,Buy,62.2,1.2511,"{""T"":1788741328551,""s"":""RAYDIUMUSDT"",""S"":""Buy"",""v"":""62.2"",""p"":""1.2511""}"
2026-09-07T00:35:56.908989Z,1788741356617,TIAUSDT,Buy,15.0,0.4641,"{""T"":1788741356617,""s"":""TIAUSDT"",""S"":""Buy"",""v"":""15.0"",""p"":""0.4641""}"
2026-09-07T00:36:32.914093Z,1788741392377,DOTUSDT,Sell,16.6,1.0198,"{""T"":1788741392377,""s"":""DOTUSDT"",""S"":""Sell"",""v"":""16.6"",""p"":""1.0198""}"
2026-09-07T00:37:03.486742Z,1788741423371,ORCAUSDT,Buy,65.2,1.4712,"{""T"":1788741423371,""s"":""ORCAUSDT"",""S"":""Buy"",""v"":""65.2"",""p"":""1.4712""}"
2026-09-07T00:37:50.414524Z,1788741470164,DOTUSDT,Sell,25.0,1.0240,"{""T"":1788741470164,""s"":""DOTUSDT"",""S"":""Sell"",""v"":""25.0"",""p"":""1.0240""}"
2026-09-07T00:38:05.348621Z,1788741485036,UAIUSDT,Sell,26,0.62240,"{""T"":1788741485036,""s"":""UAIUSDT"",""S"":""Sell"",""v"":""26"",""p"":""0.62240""}"
2026-09-07T00:38:05.486515Z,1788741485036,MAGMAUSDT,Buy,23,0.25330,"{""T"":1788741485036,""s"":""MAGMAUSDT"",""S"":""Buy"",""v"":""23"",""p"":""0.25330""}"
2026-09-07T00:39:01.496377Z,1788741541364,FLOCKUSDT,Sell,532,0.08153,"{""T"":1788741541364,""s"":""FLOCKUSDT"",""S"":""Sell"",""v"":""532"",""p"":""0.08153""}"
2026-09-07T00:39:10.497109Z,1788741550324,FLOCKUSDT,Sell,977,0.08155,"{""T"":1788741550324,""s"":""FLOCKUSDT"",""S"":""Sell"",""v"":""977"",""p"":""0.08155""}"
2026-09-07T00:39:20.913891Z,1788741560705,DOTUSDT,Sell,972.7,1.0284,"{""T"":1788741560705,""s"":""DOTUSDT"",""S"":""Sell"",""v"":""972.7"",""p"":""1.0284""}"
2026-09-07T00:39:20.913891Z,1788741560779,DOTUSDT,Sell,4424.0,1.0280,"{""T"":1788741560779,""s"":""DOTUSDT"",""S"":""Sell"",""v"":""4424.0"",""p"":""1.0280""}"
2026-09-07T00:39:43.914368Z,1788741583545,DOTUSDT,Sell,36.4,1.0301,"{""T"":1788741583545,""s"":""DOTUSDT"",""S"":""Sell"",""v"":""36.4"",""p"":""1.0301""}"
2026-09-07T00:40:08.832205Z,1788741608271,PONSUSDT,Buy,18,0.8057,"{""T"":1788741608271,""s"":""PONSUSDT"",""S"":""Buy"",""v"":""18"",""p"":""0.8057""}"
2026-09-07T00:40:11.496417Z,1788741611316,DASHUSDT,Buy,1.99,68.73,"{""T"":1788741611316,""s"":""DASHUSDT"",""S"":""Buy"",""v"":""1.99"",""p"":""68.73""}"
2026-09-07T00:40:35.414018Z,1788741634889,ARBUSDT,Sell,434.1,0.19319,"{""T"":1788741634889,""s"":""ARBUSDT"",""S"":""Sell"",""v"":""434.1"",""p"":""0.19319""}"
2026-09-07T00:40:35.414018Z,1788741635199,ARBUSDT,Sell,368.0,0.19316,"{""T"":1788741635199,""s"":""ARBUSDT"",""S"":""Sell"",""v"":""368.0"",""p"":""0.19316""}"
2026-09-07T00:40:50.417374Z,1788741650048,DOTUSDT,Sell,38.3,1.0317,"{""T"":1788741650048,""s"":""DOTUSDT"",""S"":""Sell"",""v"":""38.3"",""p"":""1.0317""}"
2026-09-07T00:41:24.992202Z,1788741684427,DOODUSDT,Buy,8080,0.0017700,"{""T"":1788741684427,""s"":""DOODUSDT"",""S"":""Buy"",""v"":""8080"",""p"":""0.0017700""}"
2026-09-07T00:41:24.992202Z,1788741684785,DOODUSDT,Buy,3460,0.0017800,"{""T"":1788741684785,""s"":""DOODUSDT"",""S"":""Buy"",""v"":""3460"",""p"":""0.0017800""}"
2026-09-07T00:41:28.492947Z,1788741688278,DOODUSDT,Buy,6530,0.0017620,"{""T"":1788741688278,""s"":""DOODUSDT"",""S"":""Buy"",""v"":""6530"",""p"":""0.0017620""}"
2026-09-07T00:42:05.492634Z,1788741725125,DOODUSDT,Buy,38140,0.0017590,"{""T"":1788741725125,""s"":""DOODUSDT"",""S"":""Buy"",""v"":""38140"",""p"":""0.0017590""}"
2026-09-07T00:42:20.020040Z,1788741739746,LTCUSDT,Sell,4.5,56.46,"{""T"":1788741739746,""s"":""LTCUSDT"",""S"":""Sell"",""v"":""4.5"",""p"":""56.46""}"
2026-09-07T00:42:21.328342Z,1788741741026,NIULAIUSDT,Buy,1000,0.08695,"{""T"":1788741741026,""s"":""NIULAIUSDT"",""S"":""Buy"",""v"":""1000"",""p"":""0.08695""}"
2026-09-07T00:42:42.414295Z,1788741761991,DOGEUSDT,Sell,99,0.09185,"{""T"":1788741761991,""s"":""DOGEUSDT"",""S"":""Sell"",""v"":""99"",""p"":""0.09185""}"
2026-09-07T00:42:42.414295Z,1788741762238,DOGEUSDT,Sell,724,0.09184,"{""T"":1788741762238,""s"":""DOGEUSDT"",""S"":""Sell"",""v"":""724"",""p"":""0.09184""}"
2026-09-07T00:42:48.848745Z,1788741768465,XLMUSDT,Sell,52910,0.19080,"{""T"":1788741768465,""s"":""XLMUSDT"",""S"":""Sell"",""v"":""52910"",""p"":""0.19080""}"
2026-09-07T00:42:53.836972Z,1788741773420,SUSHIUSDT,Buy,439.9,0.24250,"{""T"":1788741773420,""s"":""SUSHIUSDT"",""S"":""Buy"",""v"":""439.9"",""p"":""0.24250""}"
2026-09-07T00:42:54.913852Z,1788741774446,ZECUSDT,Buy,4.65,1194.90,"{""T"":1788741774446,""s"":""ZECUSDT"",""S"":""Buy"",""v"":""4.65"",""p"":""1194.90""}"
2026-09-07T00:42:54.913852Z,1788741774616,ZECUSDT,Buy,0.23,1193.61,"{""T"":1788741774616,""s"":""ZECUSDT"",""S"":""Buy"",""v"":""0.23"",""p"":""1193.61""}"
2026-09-07T00:42:55.413716Z,1788741775050,ZECUSDT,Buy,0.15,1194.25,"{""T"":1788741775050,""s"":""ZECUSDT"",""S"":""Buy"",""v"":""0.15"",""p"":""1194.25""}"
2026-09-07T00:42:55.413716Z,1788741775074,ZECUSDT,Buy,5.66,1194.14,"{""T"":1788741775074,""s"":""ZECUSDT"",""S"":""Buy"",""v"":""5.66"",""p"":""1194.14""}"
2026-09-07T00:42:55.413716Z,1788741775220,ZECUSDT,Buy,0.21,1195.47,"{""T"":1788741775220,""s"":""ZECUSDT"",""S"":""Buy"",""v"":""0.21"",""p"":""1195.47""}"
2026-09-07T00:43:43.635578Z,1788741823431,HEMIUSDT,Buy,208775,0.010731,"{""T"":1788741823431,""s"":""HEMIUSDT"",""S"":""Buy"",""v"":""208775"",""p"":""0.010731""}"
2026-09-07T00:43:44.135271Z,1788741823729,HEMIUSDT,Buy,799,0.010731,"{""T"":1788741823729,""s"":""HEMIUSDT"",""S"":""Buy"",""v"":""799"",""p"":""0.010731""}"
2026-09-07T00:43:55.914137Z,1788741835350,ADAUSDT,Sell,96,0.2277,"{""T"":1788741835350,""s"":""ADAUSDT"",""S"":""Sell"",""v"":""96"",""p"":""0.2277""}"
2026-09-07T00:43:55.914137Z,1788741835578,ADAUSDT,Sell,35,0.2278,"{""T"":1788741835578,""s"":""ADAUSDT"",""S"":""Sell"",""v"":""35"",""p"":""0.2278""}"
2026-09-07T00:43:56.414694Z,1788741835971,ADAUSDT,Sell,4622,0.2278,"{""T"":1788741835971,""s"":""ADAUSDT"",""S"":""Sell"",""v"":""4622"",""p"":""0.2278""}"
2026-09-07T00:44:00.913862Z,1788741840668,ZECUSDT,Buy,1.23,1190.80,"{""T"":1788741840668,""s"":""ZECUSDT"",""S"":""Buy"",""v"":""1.23"",""p"":""1190.80""}"
2026-09-07T00:44:00.913862Z,1788741840784,ZECUSDT,Buy,0.03,1190.57,"{""T"":1788741840784,""s"":""ZECUSDT"",""S"":""Buy"",""v"":""0.03"",""p"":""1190.57""}"
2026-09-07T00:44:01.413860Z,1788741840865,ZECUSDT,Buy,0.01,1189.97,"{""T"":1788741840865,""s"":""ZECUSDT"",""S"":""Buy"",""v"":""0.01"",""p"":""1189.97""}"
2026-09-07T00:44:01.413860Z,1788741840926,ZECUSDT,Buy,1.15,1188.41,"{""T"":1788741840926,""s"":""ZECUSDT"",""S"":""Buy"",""v"":""1.15"",""p"":""1188.41""}"
2026-09-07T00:44:01.413860Z,1788741841167,ZECUSDT,Buy,0.27,1187.03,"{""T"":1788741841167,""s"":""ZECUSDT"",""S"":""Buy"",""v"":""0.27"",""p"":""1187.03""}"
2026-09-07T00:44:01.413860Z,1788741841285,ZECUSDT,Buy,2.61,1191.45,"{""T"":1788741841285,""s"":""ZECUSDT"",""S"":""Buy"",""v"":""2.61"",""p"":""1191.45""}"
2026-09-07T00:44:01.913778Z,1788741841384,ZECUSDT,Buy,0.69,1189.49,"{""T"":1788741841384,""s"":""ZECUSDT"",""S"":""Buy"",""v"":""0.69"",""p"":""1189.49""}"
2026-09-07T00:44:03.913758Z,1788741843674,ZECUSDT,Buy,0.08,1185.38,"{""T"":1788741843674,""s"":""ZECUSDT"",""S"":""Buy"",""v"":""0.08"",""p"":""1185.38""}"
2026-09-07T00:44:03.913758Z,1788741843822,ZECUSDT,Buy,0.10,1186.16,"{""T"":1788741843822,""s"":""ZECUSDT"",""S"":""Buy"",""v"":""0.10"",""p"":""1186.16""}"
2026-09-07T00:44:04.413870Z,1788741843995,ZECUSDT,Buy,0.32,1185.39,"{""T"":1788741843995,""s"":""ZECUSDT"",""S"":""Buy"",""v"":""0.32"",""p"":""1185.39""}"
2026-09-07T00:44:04.413870Z,1788741844107,ZECUSDT,Buy,0.70,1186.37,"{""T"":1788741844107,""s"":""ZECUSDT"",""S"":""Buy"",""v"":""0.70"",""p"":""1186.37""}"
2026-09-07T00:44:43.414056Z,1788741883229,ADAUSDT,Sell,21325,0.2281,"{""T"":1788741883229,""s"":""ADAUSDT"",""S"":""Sell"",""v"":""21325"",""p"":""0.2281""}"
2026-09-07T00:44:45.492916Z,1788741885001,DOODUSDT,Buy,3460,0.0017540,"{""T"":1788741885001,""s"":""DOODUSDT"",""S"":""Buy"",""v"":""3460"",""p"":""0.0017540""}"
2026-09-07T00:46:11.848727Z,1788741971562,MARSCOINUSDT,Buy,270,0.16432,"{""T"":1788741971562,""s"":""MARSCOINUSDT"",""S"":""Buy"",""v"":""270"",""p"":""0.16432""}"
2026-09-07T00:46:12.828568Z,1788741972440,NIULAIUSDT,Buy,610,0.08586,"{""T"":1788741972440,""s"":""NIULAIUSDT"",""S"":""Buy"",""v"":""610"",""p"":""0.08586""}"
2026-09-07T00:46:12.828568Z,1788741972674,NIULAIUSDT,Buy,4740,0.08586,"{""T"":1788741972674,""s"":""NIULAIUSDT"",""S"":""Buy"",""v"":""4740"",""p"":""0.08586""}"
2026-09-07T00:46:13.828661Z,1788741973300,NIULAIUSDT,Buy,600,0.08568,"{""T"":1788741973300,""s"":""NIULAIUSDT"",""S"":""Buy"",""v"":""600"",""p"":""0.08568""}"
2026-09-07T00:46:14.328609Z,1788741973766,NIULAIUSDT,Buy,360,0.08571,"{""T"":1788741973766,""s"":""NIULAIUSDT"",""S"":""Buy"",""v"":""360"",""p"":""0.08571""}"
2026-09-07T00:46:14.328609Z,1788741973876,NIULAIUSDT,Buy,200,0.08556,"{""T"":1788741973876,""s"":""NIULAIUSDT"",""S"":""Buy"",""v"":""200"",""p"":""0.08556""}"
2026-09-07T00:46:14.328609Z,1788741973918,NIULAIUSDT,Buy,360,0.08540,"{""T"":1788741973918,""s"":""NIULAIUSDT"",""S"":""Buy"",""v"":""360"",""p"":""0.08540""}"
2026-09-07T00:46:57.635270Z,1788742017110,HEMIUSDT,Buy,2416,0.010695,"{""T"":1788742017110,""s"":""HEMIUSDT"",""S"":""Buy"",""v"":""2416"",""p"":""0.010695""}"
2026-09-07T00:47:07.496020Z,1788742027377,FLOCKUSDT,Buy,834,0.07531,"{""T"":1788742027377,""s"":""FLOCKUSDT"",""S"":""Buy"",""v"":""834"",""p"":""0.07531""}"
2026-09-07T00:47:53.913921Z,1788742073556,DOTUSDT,Sell,352.5,1.0359,"{""T"":1788742073556,""s"":""DOTUSDT"",""S"":""Sell"",""v"":""352.5"",""p"":""1.0359""}"
2026-09-07T00:47:54.413831Z,1788742073952,DOTUSDT,Sell,2995.3,1.0357,"{""T"":1788742073952,""s"":""DOTUSDT"",""S"":""Sell"",""v"":""2995.3"",""p"":""1.0357""}"
2026-09-07T00:48:15.913958Z,1788742095527,DOTUSDT,Sell,440.0,1.0364,"{""T"":1788742095527,""s"":""DOTUSDT"",""S"":""Sell"",""v"":""440.0"",""p"":""1.0364""}"
2026-09-07T00:48:16.065486Z,1788742095527,BTCUSDT,Buy,0.005,79862.20,"{""T"":1788742095527,""s"":""BTCUSDT"",""S"":""Buy"",""v"":""0.005"",""p"":""79862.20""}"
2026-09-07T00:48:30.917160Z,1788742110380,ZECUSDT,Buy,7.36,1186.37,"{""T"":1788742110380,""s"":""ZECUSDT"",""S"":""Buy"",""v"":""7.36"",""p"":""1186.37""}"
2026-09-07T00:48:37.913690Z,1788742117537,ZECUSDT,Buy,0.02,1181.47,"{""T"":1788742117537,""s"":""ZECUSDT"",""S"":""Buy"",""v"":""0.02"",""p"":""1181.47""}"
2026-09-07T00:48:37.913690Z,1788742117764,ZECUSDT,Buy,0.72,1181.77,"{""T"":1788742117764,""s"":""ZECUSDT"",""S"":""Buy"",""v"":""0.72"",""p"":""1181.77""}"
2026-09-07T00:48:38.414131Z,1788742117940,ZECUSDT,Buy,0.58,1183.36,"{""T"":1788742117940,""s"":""ZECUSDT"",""S"":""Buy"",""v"":""0.58"",""p"":""1183.36""}"
2026-09-07T00:48:38.414131Z,1788742118173,ZECUSDT,Buy,0.02,1183.45,"{""T"":1788742118173,""s"":""ZECUSDT"",""S"":""Buy"",""v"":""0.02"",""p"":""1183.45""}"
2026-09-07T00:49:02.135200Z,1788742141927,AKEUSDT,Buy,1400,0.0137510,"{""T"":1788742141927,""s"":""AKEUSDT"",""S"":""Buy"",""v"":""1400"",""p"":""0.0137510""}"
2026-09-07T00:49:02.414185Z,1788742141927,UNIUSDT,Buy,15.3,7.124,"{""T"":1788742141927,""s"":""UNIUSDT"",""S"":""Buy"",""v"":""15.3"",""p"":""7.124""}"
2026-09-07T00:53:19.908670Z,1788742399801,TIAUSDT,Buy,47.4,0.4684,"{""T"":1788742399801,""s"":""TIAUSDT"",""S"":""Buy"",""v"":""47.4"",""p"":""0.4684""}"
2026-09-07T00:53:37.417108Z,1788742417194,UNIUSDT,Buy,200.9,7.109,"{""T"":1788742417194,""s"":""UNIUSDT"",""S"":""Buy"",""v"":""200.9"",""p"":""7.109""}"
2026-09-07T00:53:56.829777Z,1788742436330,NIULAIUSDT,Buy,440,0.08526,"{""T"":1788742436330,""s"":""NIULAIUSDT"",""S"":""Buy"",""v"":""440"",""p"":""0.08526""}"
2026-09-07T00:53:56.829777Z,1788742436604,NIULAIUSDT,Buy,110,0.08524,"{""T"":1788742436604,""s"":""NIULAIUSDT"",""S"":""Buy"",""v"":""110"",""p"":""0.08524""}"
2026-09-07T00:53:57.328364Z,1788742437006,NIULAIUSDT,Buy,680,0.08524,"{""T"":1788742437006,""s"":""NIULAIUSDT"",""S"":""Buy"",""v"":""680"",""p"":""0.08524""}"
2026-09-07T00:53:57.328364Z,1788742437102,NIULAIUSDT,Buy,3050,0.08521,"{""T"":1788742437102,""s"":""NIULAIUSDT"",""S"":""Buy"",""v"":""3050"",""p"":""0.08521""}"
2026-09-07T00:54:02.337594Z,1788742442138,XRPUSDT,Buy,413.0,1.4106,"{""T"":1788742442138,""s"":""XRPUSDT"",""S"":""Buy"",""v"":""413.0"",""p"":""1.4106""}"
2026-09-07T00:54:09.812731Z,1788742449626,PUMPFUNUSDT,Buy,13000,0.0039110,"{""T"":1788742449626,""s"":""PUMPFUNUSDT"",""S"":""Buy"",""v"":""13000"",""p"":""0.0039110""}"
2026-09-07T00:54:10.909029Z,1788742450612,TIAUSDT,Buy,45.9,0.4636,"{""T"":1788742450612,""s"":""TIAUSDT"",""S"":""Buy"",""v"":""45.9"",""p"":""0.4636""}"
2026-09-07T00:54:14.413488Z,1788742454177,UNIUSDT,Buy,1.2,7.094,"{""T"":1788742454177,""s"":""UNIUSDT"",""S"":""Buy"",""v"":""1.2"",""p"":""7.094""}"
2026-09-07T00:54:24.516049Z,1788742464241,TAOUSDT,Buy,0.471,261.80,"{""T"":1788742464241,""s"":""TAOUSDT"",""S"":""Buy"",""v"":""0.471"",""p"":""261.80""}"
2026-09-07T00:54:31.337705Z,1788742470818,XRPUSDT,Buy,1805.1,1.4100,"{""T"":1788742470818,""s"":""XRPUSDT"",""S"":""Buy"",""v"":""1805.1"",""p"":""1.4100""}"
2026-09-07T00:54:45.828562Z,1788742485393,NIULAIUSDT,Buy,50,0.08511,"{""T"":1788742485393,""s"":""NIULAIUSDT"",""S"":""Buy"",""v"":""50"",""p"":""0.08511""}"
2026-09-07T00:54:45.828562Z,1788742485401,NIULAIUSDT,Buy,11310,0.08510,"{""T"":1788742485401,""s"":""NIULAIUSDT"",""S"":""Buy"",""v"":""11310"",""p"":""0.08510""}"
2026-09-07T00:54:46.328367Z,1788742485967,NIULAIUSDT,Buy,6670,0.08497,"{""T"":1788742485967,""s"":""NIULAIUSDT"",""S"":""Buy"",""v"":""6670"",""p"":""0.08497""}"
2026-09-07T00:55:02.829067Z,1788742502397,NIULAIUSDT,Buy,1020,0.08490,"{""T"":1788742502397,""s"":""NIULAIUSDT"",""S"":""Buy"",""v"":""1020"",""p"":""0.08490""}"
2026-09-07T00:55:02.829067Z,1788742502519,NIULAIUSDT,Buy,60,0.08490,"{""T"":1788742502519,""s"":""NIULAIUSDT"",""S"":""Buy"",""v"":""60"",""p"":""0.08490""}"
2026-09-07T00:55:02.829067Z,1788742502549,NIULAIUSDT,Buy,60,0.08493,"{""T"":1788742502549,""s"":""NIULAIUSDT"",""S"":""Buy"",""v"":""60"",""p"":""0.08493""}"
2026-09-07T00:55:03.328950Z,1788742503032,NIULAIUSDT,Buy,400,0.08486,"{""T"":1788742503032,""s"":""NIULAIUSDT"",""S"":""Buy"",""v"":""400"",""p"":""0.08486""}"
2026-09-07T00:55:06.408560Z,1788742505921,TIAUSDT,Buy,8581.2,0.4507,"{""T"":1788742505921,""s"":""TIAUSDT"",""S"":""Buy"",""v"":""8581.2"",""p"":""0.4507""}"
2026-09-07T00:55:06.408560Z,1788742506089,TIAUSDT,Buy,189.9,0.4565,"{""T"":1788742506089,""s"":""TIAUSDT"",""S"":""Buy"",""v"":""189.9"",""p"":""0.4565""}"
2026-09-07T00:55:06.828786Z,1788742506470,NIULAIUSDT,Buy,400,0.08481,"{""T"":1788742506470,""s"":""NIULAIUSDT"",""S"":""Buy"",""v"":""400"",""p"":""0.08481""}"
2026-09-07T00:55:06.908096Z,1788742506472,TIAUSDT,Buy,2.1,0.4499,"{""T"":1788742506472,""s"":""TIAUSDT"",""S"":""Buy"",""v"":""2.1"",""p"":""0.4499""}"
2026-09-07T00:55:06.996121Z,1788742506490,VIRTUALUSDT,Buy,451,0.7073,"{""T"":1788742506490,""s"":""VIRTUALUSDT"",""S"":""Buy"",""v"":""451"",""p"":""0.7073""}"
2026-09-07T00:55:07.328399Z,1788742506756,NIULAIUSDT,Buy,240,0.08474,"{""T"":1788742506756,""s"":""NIULAIUSDT"",""S"":""Buy"",""v"":""240"",""p"":""0.08474""}"
2026-09-07T00:55:07.407800Z,1788742506974,TIAUSDT,Buy,87.4,0.4482,"{""T"":1788742506974,""s"":""TIAUSDT"",""S"":""Buy"",""v"":""87.4"",""p"":""0.4482""}"
2026-09-07T00:55:11.328838Z,1788742511031,NIULAIUSDT,Buy,550,0.08460,"{""T"":1788742511031,""s"":""NIULAIUSDT"",""S"":""Buy"",""v"":""550"",""p"":""0.08460""}"
2026-09-07T00:55:11.328838Z,1788742511052,NIULAIUSDT,Buy,100,0.08453,"{""T"":1788742511052,""s"":""NIULAIUSDT"",""S"":""Buy"",""v"":""100"",""p"":""0.08453""}"
2026-09-07T00:55:11.359293Z,1788742511052,TUSDT,Buy,1270,0.004624,"{""T"":1788742511052,""s"":""TUSDT"",""S"":""Buy"",""v"":""1270"",""p"":""0.004624""}"
2026-09-07T00:55:11.408155Z,1788742510828,JUPUSDT,Buy,43,0.26600,"{""T"":1788742510828,""s"":""JUPUSDT"",""S"":""Buy"",""v"":""43"",""p"":""0.26600""}"
2026-09-07T00:55:11.635935Z,1788742511052,HEMIUSDT,Buy,592,0.010625,"{""T"":1788742511052,""s"":""HEMIUSDT"",""S"":""Buy"",""v"":""592"",""p"":""0.010625""}"
2026-09-07T00:55:11.828791Z,1788742511263,NIULAIUSDT,Buy,5320,0.08457,"{""T"":1788742511263,""s"":""NIULAIUSDT"",""S"":""Buy"",""v"":""5320"",""p"":""0.08457""}"
2026-09-07T00:55:12.328785Z,1788742511782,NIULAIUSDT,Buy,290,0.08456,"{""T"":1788742511782,""s"":""NIULAIUSDT"",""S"":""Buy"",""v"":""290"",""p"":""0.08456""}"
2026-09-07T00:55:15.407864Z,1788742515315,TIAUSDT,Buy,2115.5,0.4474,"{""T"":1788742515315,""s"":""TIAUSDT"",""S"":""Buy"",""v"":""2115.5"",""p"":""0.4474""}"
2026-09-07T00:56:02.408349Z,1788742562159,TIAUSDT,Buy,36.8,0.4442,"{""T"":1788742562159,""s"":""TIAUSDT"",""S"":""Buy"",""v"":""36.8"",""p"":""0.4442""}"
2026-09-07T00:56:03.908020Z,1788742563365,TIAUSDT,Buy,146.5,0.4439,"{""T"":1788742563365,""s"":""TIAUSDT"",""S"":""Buy"",""v"":""146.5"",""p"":""0.4439""}"
2026-09-07T00:56:03.908020Z,1788742563593,TIAUSDT,Buy,68.9,0.4418,"{""T"":1788742563593,""s"":""TIAUSDT"",""S"":""Buy"",""v"":""68.9"",""p"":""0.4418""}"
2026-09-07T00:57:03.987214Z,1788742623623,XAUUSDT,Buy,0.052,4396.96,"{""T"":1788742623623,""s"":""XAUUSDT"",""S"":""Buy"",""v"":""0.052"",""p"":""4396.96""}"
2026-09-07T00:57:14.909053Z,1788742634395,TIAUSDT,Buy,351.6,0.4412,"{""T"":1788742634395,""s"":""TIAUSDT"",""S"":""Buy"",""v"":""351.6"",""p"":""0.4412""}"
2026-09-07T00:57:14.986988Z,1788742634501,XAUUSDT,Buy,0.150,4396.16,"{""T"":1788742634501,""s"":""XAUUSDT"",""S"":""Buy"",""v"":""0.150"",""p"":""4396.16""}"
2026-09-07T00:57:15.016063Z,1788742634713,LTCUSDT,Buy,14.1,55.17,"{""T"":1788742634713,""s"":""LTCUSDT"",""S"":""Buy"",""v"":""14.1"",""p"":""55.17""}"
2026-09-07T00:57:15.313019Z,1788742635186,ASTERUSDT,Buy,89,0.7717,"{""T"":1788742635186,""s"":""ASTERUSDT"",""S"":""Buy"",""v"":""89"",""p"":""0.7717""}"
2026-09-07T00:57:24.828353Z,1788742644494,NIULAIUSDT,Sell,290,0.09105,"{""T"":1788742644494,""s"":""NIULAIUSDT"",""S"":""Sell"",""v"":""290"",""p"":""0.09105""}"
2026-09-07T00:57:39.325920Z,1788742658856,RAYDIUMUSDT,Buy,308.1,1.2458,"{""T"":1788742658856,""s"":""RAYDIUMUSDT"",""S"":""Buy"",""v"":""308.1"",""p"":""1.2458""}"
2026-09-07T00:57:45.825258Z,1788742665447,RAYDIUMUSDT,Buy,1023.9,1.2431,"{""T"":1788742665447,""s"":""RAYDIUMUSDT"",""S"":""Buy"",""v"":""1023.9"",""p"":""1.2431""}"
2026-09-07T00:57:52.325189Z,1788742672227,RAYDIUMUSDT,Buy,121.1,1.2354,"{""T"":1788742672227,""s"":""RAYDIUMUSDT"",""S"":""Buy"",""v"":""121.1"",""p"":""1.2354""}"
2026-09-07T00:58:02.486824Z,1788742681951,XAUUSDT,Buy,0.012,4394.75,"{""T"":1788742681951,""s"":""XAUUSDT"",""S"":""Buy"",""v"":""0.012"",""p"":""4394.75""}"
2026-09-07T00:58:02.986899Z,1788742682695,XAUUSDT,Buy,0.184,4395.22,"{""T"":1788742682695,""s"":""XAUUSDT"",""S"":""Buy"",""v"":""0.184"",""p"":""4395.22""}"
2026-09-07T00:58:07.407895Z,1788742687303,TIAUSDT,Buy,36741.6,0.4377,"{""T"":1788742687303,""s"":""TIAUSDT"",""S"":""Buy"",""v"":""36741.6"",""p"":""0.4377""}"
2026-09-07T00:58:59.408154Z,1788742738933,JUPUSDT,Buy,1820,0.26550,"{""T"":1788742738933,""s"":""JUPUSDT"",""S"":""Buy"",""v"":""1820"",""p"":""0.26550""}"
2026-09-07T00:59:01.837270Z,1788742741361,XRPUSDT,Buy,24.1,1.4083,"{""T"":1788742741361,""s"":""XRPUSDT"",""S"":""Buy"",""v"":""24.1"",""p"":""1.4083""}"
2026-09-07T00:59:01.992271Z,1788742741434,SUIUSDT,Buy,70,0.80380,"{""T"":1788742741434,""s"":""SUIUSDT"",""S"":""Buy"",""v"":""70"",""p"":""0.80380""}"
2026-09-07T00:59:19.848229Z,1788742759718,UAIUSDT,Sell,835,0.63400,"{""T"":1788742759718,""s"":""UAIUSDT"",""S"":""Sell"",""v"":""835"",""p"":""0.63400""}"
2026-09-07T00:59:31.995612Z,1788742771453,OPUSDT,Buy,223.2,0.10978,"{""T"":1788742771453,""s"":""OPUSDT"",""S"":""Buy"",""v"":""223.2"",""p"":""0.10978""}"
2026-09-07T01:00:02.986536Z,1788742802534,XAGUSDT,Buy,3.776,65.81,"{""T"":1788742802534,""s"":""XAGUSDT"",""S"":""Buy"",""v"":""3.776"",""p"":""65.81""}"
2026-09-07T01:00:03.486269Z,1788742803142,XAUUSDT,Buy,0.008,4391.54,"{""T"":1788742803142,""s"":""XAUUSDT"",""S"":""Buy"",""v"":""0.008"",""p"":""4391.54""}"
2026-09-07T01:00:03.486269Z,1788742803190,XAUUSDT,Buy,0.002,4392.88,"{""T"":1788742803190,""s"":""XAUUSDT"",""S"":""Buy"",""v"":""0.002"",""p"":""4392.88""}"
2026-09-07T01:00:03.986544Z,1788742803618,XAUUSDT,Buy,0.020,4392.65,"{""T"":1788742803618,""s"":""XAUUSDT"",""S"":""Buy"",""v"":""0.020"",""p"":""4392.65""}"
2026-09-07T01:00:17.329399Z,1788742816784,RAYDIUMUSDT,Buy,45.0,1.2323,"{""T"":1788742816784,""s"":""RAYDIUMUSDT"",""S"":""Buy"",""v"":""45.0"",""p"":""1.2323""}"
2026-09-07T01:00:17.329399Z,1788742816858,RAYDIUMUSDT,Buy,387.2,1.2327,"{""T"":1788742816858,""s"":""RAYDIUMUSDT"",""S"":""Buy"",""v"":""387.2"",""p"":""1.2327""}"
2026-09-07T01:00:29.325308Z,1788742828981,RAYDIUMUSDT,Buy,1651.4,1.2299,"{""T"":1788742828981,""s"":""RAYDIUMUSDT"",""S"":""Buy"",""v"":""1651.4"",""p"":""1.2299""}"
2026-09-07T01:00:30.825697Z,1788742830544,RAYDIUMUSDT,Buy,734.1,1.2257,"{""T"":1788742830544,""s"":""RAYDIUMUSDT"",""S"":""Buy"",""v"":""734.1"",""p"":""1.2257""}"
2026-09-07T01:00:33.325129Z,1788742832910,RAYDIUMUSDT,Buy,65.5,1.2199,"{""T"":1788742832910,""s"":""RAYDIUMUSDT"",""S"":""Buy"",""v"":""65.5"",""p"":""1.2199""}"
2026-09-07T01:00:33.825043Z,1788742833343,RAYDIUMUSDT,Buy,416.6,1.2220,"{""T"":1788742833343,""s"":""RAYDIUMUSDT"",""S"":""Buy"",""v"":""416.6"",""p"":""1.2220""}"
2026-09-07T01:00:33.825043Z,1788742833693,RAYDIUMUSDT,Buy,788.3,1.2196,"{""T"":1788742833693,""s"":""RAYDIUMUSDT"",""S"":""Buy"",""v"":""788.3"",""p"":""1.2196""}"
2026-09-07T01:00:33.847864Z,1788742833693,MARSCOINUSDT,Buy,5250,0.16198,"{""T"":1788742833693,""s"":""MARSCOINUSDT"",""S"":""Buy"",""v"":""5250"",""p"":""0.16198""}"
2026-09-07T01:01:03.907647Z,1788742863529,TIAUSDT,Buy,138.2,0.4347,"{""T"":1788742863529,""s"":""TIAUSDT"",""S"":""Buy"",""v"":""138.2"",""p"":""0.4347""}"
2026-09-07T01:01:14.848049Z,1788742874553,UAIUSDT,Sell,54,0.63790,"{""T"":1788742874553,""s"":""UAIUSDT"",""S"":""Sell"",""v"":""54"",""p"":""0.63790""}"
2026-09-07T01:01:38.908035Z,1788742898704,TIAUSDT,Buy,407.7,0.4314,"{""T"":1788742898704,""s"":""TIAUSDT"",""S"":""Buy"",""v"":""407.7"",""p"":""0.4314""}"
2026-09-07T01:01:39.407899Z,1788742899188,TIAUSDT,Buy,509.9,0.4299,"{""T"":1788742899188,""s"":""TIAUSDT"",""S"":""Buy"",""v"":""509.9"",""p"":""0.4299""}"
2026-09-07T01:01:39.407899Z,1788742899306,TIAUSDT,Buy,30.8,0.4303,"{""T"":1788742899306,""s"":""TIAUSDT"",""S"":""Buy"",""v"":""30.8"",""p"":""0.4303""}"
2026-09-07T01:01:39.907997Z,1788742899329,TIAUSDT,Buy,212.8,0.4293,"{""T"":1788742899329,""s"":""TIAUSDT"",""S"":""Buy"",""v"":""212.8"",""p"":""0.4293""}"
2026-09-07T01:01:39.907997Z,1788742899424,TIAUSDT,Buy,5459.4,0.4304,"{""T"":1788742899424,""s"":""TIAUSDT"",""S"":""Buy"",""v"":""5459.4"",""p"":""0.4304""}"
2026-09-07T01:01:39.907997Z,1788742899453,TIAUSDT,Buy,1467.5,0.4314,"{""T"":1788742899453,""s"":""TIAUSDT"",""S"":""Buy"",""v"":""1467.5"",""p"":""0.4314""}"
2026-09-07T01:01:39.907997Z,1788742899547,TIAUSDT,Buy,74.5,0.4301,"{""T"":1788742899547,""s"":""TIAUSDT"",""S"":""Buy"",""v"":""74.5"",""p"":""0.4301""}"
2026-09-07T01:01:39.907997Z,1788742899580,TIAUSDT,Buy,13.8,0.4281,"{""T"":1788742899580,""s"":""TIAUSDT"",""S"":""Buy"",""v"":""13.8"",""p"":""0.4281""}"
2026-09-07T01:02:38.325307Z,1788742957824,RAYDIUMUSDT,Buy,8.0,1.2149,"{""T"":1788742957824,""s"":""RAYDIUMUSDT"",""S"":""Buy"",""v"":""8.0"",""p"":""1.2149""}"
2026-09-07T01:02:43.325279Z,1788742962875,RAYDIUMUSDT,Buy,120.4,1.2118,"{""T"":1788742962875,""s"":""RAYDIUMUSDT"",""S"":""Buy"",""v"":""120.4"",""p"":""1.2118""}"
2026-09-07T01:04:37.315782Z,1788743076933,PUMPFUNUSDT,Sell,2000,0.0040710,"{""T"":1788743076933,""s"":""PUMPFUNUSDT"",""S"":""Sell"",""v"":""2000"",""p"":""0.0040710""}"
2026-09-07T01:06:08.336877Z,1788743167913,ONDOUSDT,Buy,266,0.3822,"{""T"":1788743167913,""s"":""ONDOUSDT"",""S"":""Buy"",""v"":""266"",""p"":""0.3822""}"
2026-09-07T01:06:19.496868Z,1788743179378,XAUTUSDT,Buy,0.064,4367.90,"{""T"":1788743179378,""s"":""XAUTUSDT"",""S"":""Buy"",""v"":""0.064"",""p"":""4367.90""}"
2026-09-07T01:06:24.487083Z,1788743184121,XAUUSDT,Buy,0.198,4389.21,"{""T"":1788743184121,""s"":""XAUUSDT"",""S"":""Buy"",""v"":""0.198"",""p"":""4389.21""}"
2026-09-07T01:06:24.813069Z,1788743184530,TRUMPUSDT,Buy,1421.3,2.273,"{""T"":1788743184530,""s"":""TRUMPUSDT"",""S"":""Buy"",""v"":""1421.3"",""p"":""2.273""}"
2026-09-07T01:06:27.812419Z,1788743187241,TRUMPUSDT,Buy,11.5,2.270,"{""T"":1788743187241,""s"":""TRUMPUSDT"",""S"":""Buy"",""v"":""11.5"",""p"":""2.270""}"
2026-09-07T01:06:29.312536Z,1788743189016,TRUMPUSDT,Buy,37.1,2.264,"{""T"":1788743189016,""s"":""TRUMPUSDT"",""S"":""Buy"",""v"":""37.1"",""p"":""2.264""}"
2026-09-07T01:06:29.312536Z,1788743189147,TRUMPUSDT,Buy,93.5,2.258,"{""T"":1788743189147,""s"":""TRUMPUSDT"",""S"":""Buy"",""v"":""93.5"",""p"":""2.258""}"
2026-09-07T01:06:48.135526Z,1788743207850,AKEUSDT,Buy,600,0.0136220,"{""T"":1788743207850,""s"":""AKEUSDT"",""S"":""Buy"",""v"":""600"",""p"":""0.0136220""}"
2026-09-07T01:06:50.312922Z,1788743210022,ASTERUSDT,Buy,16,0.7703,"{""T"":1788743210022,""s"":""ASTERUSDT"",""S"":""Buy"",""v"":""16"",""p"":""0.7703""}"
2026-09-07T01:07:03.414602Z,1788743222907,DOGEUSDT,Buy,2783,0.08976,"{""T"":1788743222907,""s"":""DOGEUSDT"",""S"":""Buy"",""v"":""2783"",""p"":""0.08976""}"
2026-09-07T01:07:08.413914Z,1788743228179,1000PEPEUSDT,Buy,8300,0.0035940,"{""T"":1788743228179,""s"":""1000PEPEUSDT"",""S"":""Buy"",""v"":""8300"",""p"":""0.0035940""}"
2026-09-07T01:07:10.413641Z,1788743230287,ZECUSDT,Buy,0.03,1179.17,"{""T"":1788743230287,""s"":""ZECUSDT"",""S"":""Buy"",""v"":""0.03"",""p"":""1179.17""}"
2026-09-07T01:07:10.913663Z,1788743230506,ZECUSDT,Buy,0.60,1180.31,"{""T"":1788743230506,""s"":""ZECUSDT"",""S"":""Buy"",""v"":""0.60"",""p"":""1180.31""}"
2026-09-07T01:07:10.913663Z,1788743230529,ZECUSDT,Buy,3.04,1180.93,"{""T"":1788743230529,""s"":""ZECUSDT"",""S"":""Buy"",""v"":""3.04"",""p"":""1180.93""}"
2026-09-07T01:07:10.913663Z,1788743230766,ZECUSDT,Buy,0.62,1181.00,"{""T"":1788743230766,""s"":""ZECUSDT"",""S"":""Buy"",""v"":""0.62"",""p"":""1181.00""}"
2026-09-07T01:07:11.413861Z,1788743231041,ZECUSDT,Buy,0.19,1179.11,"{""T"":1788743231041,""s"":""ZECUSDT"",""S"":""Buy"",""v"":""0.19"",""p"":""1179.11""}"
2026-09-07T01:07:11.413861Z,1788743231224,ZECUSDT,Buy,0.10,1179.75,"{""T"":1788743231224,""s"":""ZECUSDT"",""S"":""Buy"",""v"":""0.10"",""p"":""1179.75""}"
2026-09-07T01:07:11.986665Z,1788743231866,XAUUSDT,Buy,2.431,4388.84,"{""T"":1788743231866,""s"":""XAUUSDT"",""S"":""Buy"",""v"":""2.431"",""p"":""4388.84""}"
2026-09-07T01:07:13.338239Z,1788743232798,XRPUSDT,Buy,492.8,1.4062,"{""T"":1788743232798,""s"":""XRPUSDT"",""S"":""Buy"",""v"":""492.8"",""p"":""1.4062""}"
2026-09-07T01:07:13.338239Z,1788743233064,XRPUSDT,Buy,4.0,1.4060,"{""T"":1788743233064,""s"":""XRPUSDT"",""S"":""Buy"",""v"":""4.0"",""p"":""1.4060""}"
2026-09-07T01:07:13.565591Z,1788743233074,BTCUSDT,Buy,0.080,79755.20,"{""T"":1788743233074,""s"":""BTCUSDT"",""S"":""Buy"",""v"":""0.080"",""p"":""79755.20""}"
2026-09-07T01:07:15.565138Z,1788743235112,BTCUSDT,Buy,0.006,79754.30,"{""T"":1788743235112,""s"":""BTCUSDT"",""S"":""Buy"",""v"":""0.006"",""p"":""79754.30""}"
2026-09-07T01:07:15.838073Z,1788743235312,ONDOUSDT,Buy,25628,0.3808,"{""T"":1788743235312,""s"":""ONDOUSDT"",""S"":""Buy"",""v"":""25628"",""p"":""0.3808""}"
2026-09-07T01:07:16.337056Z,1788743235830,XRPUSDT,Buy,1087.2,1.4057,"{""T"":1788743235830,""s"":""XRPUSDT"",""S"":""Buy"",""v"":""1087.2"",""p"":""1.4057""}"
2026-09-07T01:07:16.486621Z,1788743236174,XAUUSDT,Buy,0.498,4388.75,"{""T"":1788743236174,""s"":""XAUUSDT"",""S"":""Buy"",""v"":""0.498"",""p"":""4388.75""}"
2026-09-07T01:07:16.563076Z,1788743236108,SOLUSDT,Buy,12.2,105.300,"{""T"":1788743236108,""s"":""SOLUSDT"",""S"":""Buy"",""v"":""12.2"",""p"":""105.300""}"
2026-09-07T01:07:18.486416Z,1788743237953,XAUUSDT,Buy,0.856,4388.19,"{""T"":1788743237953,""s"":""XAUUSDT"",""S"":""Buy"",""v"":""0.856"",""p"":""4388.19""}"
2026-09-07T01:07:18.495953Z,1788743238349,XAUTUSDT,Buy,0.095,4366.10,"{""T"":1788743238349,""s"":""XAUTUSDT"",""S"":""Buy"",""v"":""0.095"",""p"":""4366.10""}"
2026-09-07T01:07:21.062192Z,1788743240897,SOLUSDT,Buy,40.0,105.290,"{""T"":1788743240897,""s"":""SOLUSDT"",""S"":""Buy"",""v"":""40.0"",""p"":""105.290""}"
2026-09-07T01:07:21.337227Z,1788743240897,ONDOUSDT,Buy,3936,0.3803,"{""T"":1788743240897,""s"":""ONDOUSDT"",""S"":""Buy"",""v"":""3936"",""p"":""0.3803""}"
2026-09-07T01:07:21.413922Z,1788743240897,DOGEUSDT,Buy,26918,0.08978,"{""T"":1788743240897,""s"":""DOGEUSDT"",""S"":""Buy"",""v"":""26918"",""p"":""0.08978""}"
2026-09-07T01:07:23.986844Z,1788743243608,XAUUSDT,Buy,0.037,4387.14,"{""T"":1788743243608,""s"":""XAUUSDT"",""S"":""Buy"",""v"":""0.037"",""p"":""4387.14""}"
2026-09-07T01:07:26.312689Z,1788743246157,HYPEUSDT,Buy,1.85,86.750,"{""T"":1788743246157,""s"":""HYPEUSDT"",""S"":""Buy"",""v"":""1.85"",""p"":""86.750""}"
2026-09-07T01:07:27.348381Z,1788743246779,UAIUSDT,Buy,106,0.58760,"{""T"":1788743246779,""s"":""UAIUSDT"",""S"":""Buy"",""v"":""106"",""p"":""0.58760""}"
2026-09-07T01:07:28.360033Z,1788743248033,APTUSDT,Buy,97.17,0.6137,"{""T"":1788743248033,""s"":""APTUSDT"",""S"":""Buy"",""v"":""97.17"",""p"":""0.6137""}"
2026-09-07T01:07:29.908186Z,1788743249591,JUPUSDT,Buy,170,0.26400,"{""T"":1788743249591,""s"":""JUPUSDT"",""S"":""Buy"",""v"":""170"",""p"":""0.26400""}"
2026-09-07T01:07:34.496146Z,1788743254173,XAUTUSDT,Buy,0.001,4365.00,"{""T"":1788743254173,""s"":""XAUTUSDT"",""S"":""Buy"",""v"":""0.001"",""p"":""4365.00""}"
2026-09-07T01:07:34.987337Z,1788743254867,XAGUSDT,Buy,0.921,65.53,"{""T"":1788743254867,""s"":""XAGUSDT"",""S"":""Buy"",""v"":""0.921"",""p"":""65.53""}"
2026-09-07T01:07:35.496204Z,1788743255057,XAUTUSDT,Buy,3.894,4364.90,"{""T"":1788743255057,""s"":""XAUTUSDT"",""S"":""Buy"",""v"":""3.894"",""p"":""4364.90""}"
2026-09-07T01:07:43.996250Z,1788743263900,LINKUSDT,Buy,93.5,13.002,"{""T"":1788743263900,""s"":""LINKUSDT"",""S"":""Buy"",""v"":""93.5"",""p"":""13.002""}"
2026-09-07T01:08:31.359487Z,1788743311039,WLDUSDT,Buy,41.1,0.4118,"{""T"":1788743311039,""s"":""WLDUSDT"",""S"":""Buy"",""v"":""41.1"",""p"":""0.4118""}"
2026-09-07T01:08:34.414308Z,1788743314217,ZECUSDT,Buy,0.02,1176.25,"{""T"":1788743314217,""s"":""ZECUSDT"",""S"":""Buy"",""v"":""0.02"",""p"":""1176.25""}"
2026-09-07T01:08:34.913800Z,1788743314331,ZECUSDT,Buy,1.88,1174.73,"{""T"":1788743314331,""s"":""ZECUSDT"",""S"":""Buy"",""v"":""1.88"",""p"":""1174.73""}"
2026-09-07T01:08:34.913800Z,1788743314517,ZECUSDT,Buy,7.00,1174.56,"{""T"":1788743314517,""s"":""ZECUSDT"",""S"":""Buy"",""v"":""7.00"",""p"":""1174.56""}"
2026-09-07T01:08:34.913800Z,1788743314703,ZECUSDT,Buy,0.04,1174.61,"{""T"":1788743314703,""s"":""ZECUSDT"",""S"":""Buy"",""v"":""0.04"",""p"":""1174.61""}"
2026-09-07T01:08:34.914250Z,1788743314703,ARBUSDT,Buy,150.0,0.18687,"{""T"":1788743314703,""s"":""ARBUSDT"",""S"":""Buy"",""v"":""150.0"",""p"":""0.18687""}"
2026-09-07T01:08:36.634901Z,1788743316424,HEMIUSDT,Buy,5904,0.010626,"{""T"":1788743316424,""s"":""HEMIUSDT"",""S"":""Buy"",""v"":""5904"",""p"":""0.010626""}"
2026-09-07T01:08:36.913628Z,1788743316640,ZECUSDT,Buy,0.16,1173.99,"{""T"":1788743316640,""s"":""ZECUSDT"",""S"":""Buy"",""v"":""0.16"",""p"":""1173.99""}"
2026-09-07T01:08:47.359473Z,1788743326920,WLDUSDT,Buy,962.9,0.4114,"{""T"":1788743326920,""s"":""WLDUSDT"",""S"":""Buy"",""v"":""962.9"",""p"":""0.4114""}"
2026-09-07T01:08:47.455787Z,1788743327274,ETHUSDT,Buy,9.72,2497.27,"{""T"":1788743327274,""s"":""ETHUSDT"",""S"":""Buy"",""v"":""9.72"",""p"":""2497.27""}"
2026-09-07T01:08:47.562200Z,1788743327450,SOLUSDT,Buy,0.9,105.230,"{""T"":1788743327450,""s"":""SOLUSDT"",""S"":""Buy"",""v"":""0.9"",""p"":""105.230""}"
2026-09-07T01:08:47.859339Z,1788743327685,WLDUSDT,Buy,2187.6,0.4114,"{""T"":1788743327685,""s"":""WLDUSDT"",""S"":""Buy"",""v"":""2187.6"",""p"":""0.4114""}"
2026-09-07T01:08:50.492886Z,1788743330241,1000BONKUSDT,Buy,3400,0.0032550,"{""T"":1788743330241,""s"":""1000BONKUSDT"",""S"":""Buy"",""v"":""3400"",""p"":""0.0032550""}"
2026-09-07T01:08:58.413932Z,1788743338201,ARBUSDT,Buy,105.1,0.18637,"{""T"":1788743338201,""s"":""ARBUSDT"",""S"":""Buy"",""v"":""105.1"",""p"":""0.18637""}"
2026-09-07T01:08:59.992782Z,1788743339521,1000BONKUSDT,Buy,107100,0.0032550,"{""T"":1788743339521,""s"":""1000BONKUSDT"",""S"":""Buy"",""v"":""107100"",""p"":""0.0032550""}"
2026-09-07T01:09:04.312819Z,1788743343891,HYPEUSDT,Buy,0.63,86.660,"{""T"":1788743343891,""s"":""HYPEUSDT"",""S"":""Buy"",""v"":""0.63"",""p"":""86.660""}"
2026-09-07T01:09:07.992180Z,1788743347674,1000BONKUSDT,Buy,16600,0.0032520,"{""T"":1788743347674,""s"":""1000BONKUSDT"",""S"":""Buy"",""v"":""16600"",""p"":""0.0032520""}"
2026-09-07T01:09:08.847844Z,1788743348602,MARSCOINUSDT,Buy,2210,0.16139,"{""T"":1788743348602,""s"":""MARSCOINUSDT"",""S"":""Buy"",""v"":""2210"",""p"":""0.16139""}"
2026-09-07T01:09:08.996140Z,1788743348460,DASHUSDT,Buy,0.65,68.06,"{""T"":1788743348460,""s"":""DASHUSDT"",""S"":""Buy"",""v"":""0.65"",""p"":""68.06""}"
2026-09-07T01:09:08.996140Z,1788743348746,DASHUSDT,Buy,12.12,68.24,"{""T"":1788743348746,""s"":""DASHUSDT"",""S"":""Buy"",""v"":""12.12"",""p"":""68.24""}"
2026-09-07T01:09:08.996140Z,1788743348806,DASHUSDT,Buy,4.36,67.83,"{""T"":1788743348806,""s"":""DASHUSDT"",""S"":""Buy"",""v"":""4.36"",""p"":""67.83""}"
2026-09-07T01:09:08.996140Z,1788743348812,DASHUSDT,Buy,21.81,67.84,"{""T"":1788743348812,""s"":""DASHUSDT"",""S"":""Buy"",""v"":""21.81"",""p"":""67.84""}"
2026-09-07T01:09:08.996140Z,1788743348862,DASHUSDT,Buy,11.47,67.84,"{""T"":1788743348862,""s"":""DASHUSDT"",""S"":""Buy"",""v"":""11.47"",""p"":""67.84""}"
2026-09-07T01:09:09.348111Z,1788743348806,MARSCOINUSDT,Buy,810,0.16130,"{""T"":1788743348806,""s"":""MARSCOINUSDT"",""S"":""Buy"",""v"":""810"",""p"":""0.16130""}"
2026-09-07T01:09:09.413901Z,1788743349319,ARBUSDT,Buy,93213.4,0.18600,"{""T"":1788743349319,""s"":""ARBUSDT"",""S"":""Buy"",""v"":""93213.4"",""p"":""0.18600""}"
2026-09-07T01:09:09.496124Z,1788743348954,DASHUSDT,Buy,0.09,68.67,"{""T"":1788743348954,""s"":""DASHUSDT"",""S"":""Buy"",""v"":""0.09"",""p"":""68.67""}"
2026-09-07T01:09:09.496124Z,1788743349084,DASHUSDT,Buy,13.50,68.14,"{""T"":1788743349084,""s"":""DASHUSDT"",""S"":""Buy"",""v"":""13.50"",""p"":""68.14""}"
2026-09-07T01:09:09.496124Z,1788743349114,DASHUSDT,Buy,0.01,67.88,"{""T"":1788743349114,""s"":""DASHUSDT"",""S"":""Buy"",""v"":""0.01"",""p"":""67.88""}"
2026-09-07T01:09:09.496124Z,1788743349228,DASHUSDT,Buy,21.81,67.84,"{""T"":1788743349228,""s"":""DASHUSDT"",""S"":""Buy"",""v"":""21.81"",""p"":""67.84""}"
2026-09-07T01:09:09.496124Z,1788743349370,DASHUSDT,Buy,0.08,67.86,"{""T"":1788743349370,""s"":""DASHUSDT"",""S"":""Buy"",""v"":""0.08"",""p"":""67.86""}"
2026-09-07T01:09:09.965389Z,1788743349690,ETHUSDT,Buy,4.17,2496.40,"{""T"":1788743349690,""s"":""ETHUSDT"",""S"":""Buy"",""v"":""4.17"",""p"":""2496.40""}"
2026-09-07T01:09:10.065330Z,1788743349798,BTCUSDT,Buy,0.091,79719.10,"{""T"":1788743349798,""s"":""BTCUSDT"",""S"":""Buy"",""v"":""0.091"",""p"":""79719.10""}"
2026-09-07T01:09:10.496151Z,1788743350397,LINKUSDT,Buy,50.0,13.005,"{""T"":1788743350397,""s"":""LINKUSDT"",""S"":""Buy"",""v"":""50.0"",""p"":""13.005""}"
2026-09-07T01:09:10.515873Z,1788743350397,AVAXUSDT,Buy,30.0,7.816,"{""T"":1788743350397,""s"":""AVAXUSDT"",""S"":""Buy"",""v"":""30.0"",""p"":""7.816""}"
2026-09-07T01:09:10.561932Z,1788743350397,SOLUSDT,Buy,5.0,105.170,"{""T"":1788743350397,""s"":""SOLUSDT"",""S"":""Buy"",""v"":""5.0"",""p"":""105.170""}"
2026-09-07T01:09:10.565483Z,1788743350397,BTCUSDT,Buy,0.004,79718.70,"{""T"":1788743350397,""s"":""BTCUSDT"",""S"":""Buy"",""v"":""0.004"",""p"":""79718.70""}"
2026-09-07T01:09:10.635733Z,1788743350397,AKEUSDT,Buy,1000,0.0135870,"{""T"":1788743350397,""s"":""AKEUSDT"",""S"":""Buy"",""v"":""1000"",""p"":""0.0135870""}"
2026-09-07T01:09:10.812875Z,1788743350397,HYPEUSDT,Buy,2.00,86.680,"{""T"":1788743350397,""s"":""HYPEUSDT"",""S"":""Buy"",""v"":""2.00"",""p"":""86.680""}"
2026-09-07T01:09:10.828348Z,1788743350397,PONSUSDT,Buy,50,0.7892,"{""T"":1788743350397,""s"":""PONSUSDT"",""S"":""Buy"",""v"":""50"",""p"":""0.7892""}"
2026-09-07T01:09:10.828703Z,1788743350397,CPUSDT,Sell,20000,0.02318,"{""T"":1788743350397,""s"":""CPUSDT"",""S"":""Sell"",""v"":""20000"",""p"":""0.02318""}"
2026-09-07T01:09:10.836777Z,1788743350311,SUSHIUSDT,Buy,2481.6,0.24010,"{""T"":1788743350311,""s"":""SUSHIUSDT"",""S"":""Buy"",""v"":""2481.6"",""p"":""0.24010""}"
2026-09-07T01:09:10.913762Z,1788743350397,ARBUSDT,Buy,1000.0,0.18594,"{""T"":1788743350397,""s"":""ARBUSDT"",""S"":""Buy"",""v"":""1000.0"",""p"":""0.18594""}"
2026-09-07T01:09:10.914171Z,1788743350397,ZECUSDT,Buy,2.20,1173.60,"{""T"":1788743350397,""s"":""ZECUSDT"",""S"":""Buy"",""v"":""2.20"",""p"":""1173.60""}"
2026-09-07T01:09:11.325095Z,1788743351168,FARTCOINUSDT,Buy,2996,0.17550,"{""T"":1788743351168,""s"":""FARTCOINUSDT"",""S"":""Buy"",""v"":""2996"",""p"":""0.17550""}"
2026-09-07T01:09:12.455802Z,1788743351894,ETHUSDT,Buy,0.41,2496.15,"{""T"":1788743351894,""s"":""ETHUSDT"",""S"":""Buy"",""v"":""0.41"",""p"":""2496.15""}"
2026-09-07T01:09:12.486644Z,1788743352014,XAUUSDT,Buy,0.020,4385.26,"{""T"":1788743352014,""s"":""XAUUSDT"",""S"":""Buy"",""v"":""0.020"",""p"":""4385.26""}"
2026-09-07T01:09:12.913682Z,1788743352630,ZECUSDT,Buy,0.63,1173.08,"{""T"":1788743352630,""s"":""ZECUSDT"",""S"":""Buy"",""v"":""0.63"",""p"":""1173.08""}"
2026-09-07T01:09:14.413735Z,1788743353924,ZECUSDT,Buy,1.21,1171.66,"{""T"":1788743353924,""s"":""ZECUSDT"",""S"":""Buy"",""v"":""1.21"",""p"":""1171.66""}"
2026-09-07T01:09:14.413735Z,1788743354213,ZECUSDT,Buy,0.08,1172.50,"{""T"":1788743354213,""s"":""ZECUSDT"",""S"":""Buy"",""v"":""0.08"",""p"":""1172.50""}"
2026-09-07T01:09:14.562148Z,1788743354341,SOLUSDT,Buy,49.1,105.080,"{""T"":1788743354341,""s"":""SOLUSDT"",""S"":""Buy"",""v"":""49.1"",""p"":""105.080""}"
2026-09-07T01:09:15.914240Z,1788743355689,ZECUSDT,Buy,0.01,1171.36,"{""T"":1788743355689,""s"":""ZECUSDT"",""S"":""Buy"",""v"":""0.01"",""p"":""1171.36""}"
2026-09-07T01:09:16.413783Z,1788743355964,ZECUSDT,Buy,0.10,1171.47,"{""T"":1788743355964,""s"":""ZECUSDT"",""S"":""Buy"",""v"":""0.10"",""p"":""1171.47""}"
2026-09-07T01:09:16.913863Z,1788743356591,ZECUSDT,Buy,0.14,1170.57,"{""T"":1788743356591,""s"":""ZECUSDT"",""S"":""Buy"",""v"":""0.14"",""p"":""1170.57""}"
2026-09-07T01:09:17.135366Z,1788743356919,AKEUSDT,Buy,800,0.0135620,"{""T"":1788743356919,""s"":""AKEUSDT"",""S"":""Buy"",""v"":""800"",""p"":""0.0135620""}"
2026-09-07T01:09:17.635142Z,1788743357282,AKEUSDT,Buy,9500,0.0135660,"{""T"":1788743357282,""s"":""AKEUSDT"",""S"":""Buy"",""v"":""9500"",""p"":""0.0135660""}"
2026-09-07T01:09:18.487095Z,1788743358268,XAUUSDT,Buy,0.061,4384.66,"{""T"":1788743358268,""s"":""XAUUSDT"",""S"":""Buy"",""v"":""0.061"",""p"":""4384.66""}"
2026-09-07T01:09:19.134953Z,1788743358891,JTOUSDT,Buy,10342.0,0.4555,"{""T"":1788743358891,""s"":""JTOUSDT"",""S"":""Buy"",""v"":""10342.0"",""p"":""0.4555""}"
2026-09-07T01:09:20.065214Z,1788743359907,BTCUSDT,Buy,0.001,79709.00,"{""T"":1788743359907,""s"":""BTCUSDT"",""S"":""Buy"",""v"":""0.001"",""p"":""79709.00""}"
2026-09-07T01:09:22.515794Z,1788743362411,NEARUSDT,Buy,3142.7,2.3700,"{""T"":1788743362411,""s"":""NEARUSDT"",""S"":""Buy"",""v"":""3142.7"",""p"":""2.3700""}"
2026-09-07T01:09:23.516571Z,1788743362995,NEARUSDT,Buy,2282.7,2.3740,"{""T"":1788743362995,""s"":""NEARUSDT"",""S"":""Buy"",""v"":""2282.7"",""p"":""2.3740""}"
2026-09-07T01:09:24.337020Z,1788743364174,XRPUSDT,Buy,426.5,1.4040,"{""T"":1788743364174,""s"":""XRPUSDT"",""S"":""Buy"",""v"":""426.5"",""p"":""1.4040""}"
2026-09-07T01:09:24.495959Z,1788743363959,FLOCKUSDT,Buy,9757,0.07394,"{""T"":1788743363959,""s"":""FLOCKUSDT"",""S"":""Buy"",""v"":""9757"",""p"":""0.07394""}"
2026-09-07T01:09:24.516186Z,1788743364327,LTCUSDT,Buy,53.9,54.46,"{""T"":1788743364327,""s"":""LTCUSDT"",""S"":""Buy"",""v"":""53.9"",""p"":""54.46""}"
2026-09-07T01:09:31.913851Z,1788743371676,ZENUSDT,Buy,8.1,7.104,"{""T"":1788743371676,""s"":""ZENUSDT"",""S"":""Buy"",""v"":""8.1"",""p"":""7.104""}"
2026-09-07T01:09:35.336923Z,1788743375207,XRPUSDT,Buy,254.7,1.4036,"{""T"":1788743375207,""s"":""XRPUSDT"",""S"":""Buy"",""v"":""254.7"",""p"":""1.4036""}"
2026-09-07T01:09:35.336923Z,1788743375228,XRPUSDT,Buy,3.7,1.4034,"{""T"":1788743375228,""s"":""XRPUSDT"",""S"":""Buy"",""v"":""3.7"",""p"":""1.4034""}"
2026-09-07T01:09:58.062324Z,1788743397923,SOLUSDT,Buy,3.7,104.960,"{""T"":1788743397923,""s"":""SOLUSDT"",""S"":""Buy"",""v"":""3.7"",""p"":""104.960""}"
2026-09-07T01:09:59.062921Z,1788743398748,SOLUSDT,Buy,0.9,104.960,"{""T"":1788743398748,""s"":""SOLUSDT"",""S"":""Buy"",""v"":""0.9"",""p"":""104.960""}"
2026-09-07T01:10:08.016259Z,1788743407898,MNTUSDT,Sell,19.8,0.62220,"{""T"":1788743407898,""s"":""MNTUSDT"",""S"":""Sell"",""v"":""19.8"",""p"":""0.62220""}"
2026-09-07T01:10:16.991805Z,1788743416546,1000BONKUSDT,Buy,181200,0.0032400,"{""T"":1788743416546,""s"":""1000BONKUSDT"",""S"":""Buy"",""v"":""181200"",""p"":""0.0032400""}"
2026-09-07T01:10:22.515800Z,1788743422115,TAOUSDT,Buy,0.084,261.08,"{""T"":1788743422115,""s"":""TAOUSDT"",""S"":""Buy"",""v"":""0.084"",""p"":""261.08""}"
2026-09-07T01:10:24.015641Z,1788743423607,TAOUSDT,Buy,0.339,260.95,"{""T"":1788743423607,""s"":""TAOUSDT"",""S"":""Buy"",""v"":""0.339"",""p"":""260.95""}"
2026-09-07T01:10:24.065922Z,1788743423814,BTCUSDT,Buy,0.023,79669.30,"{""T"":1788743423814,""s"":""BTCUSDT"",""S"":""Buy"",""v"":""0.023"",""p"":""79669.30""}"
2026-09-07T01:10:26.562241Z,1788743426050,SOLUSDT,Buy,0.3,104.940,"{""T"":1788743426050,""s"":""SOLUSDT"",""S"":""Buy"",""v"":""0.3"",""p"":""104.940""}"
2026-09-07T01:10:26.837851Z,1788743426450,AAVEUSDT,Buy,1.76,133.57,"{""T"":1788743426450,""s"":""AAVEUSDT"",""S"":""Buy"",""v"":""1.76"",""p"":""133.57""}"
2026-09-07T01:10:27.565334Z,1788743427427,BTCUSDT,Buy,0.014,79662.30,"{""T"":1788743427427,""s"":""BTCUSDT"",""S"":""Buy"",""v"":""0.014"",""p"":""79662.30""}"
2026-09-07T01:10:29.565184Z,1788743429387,BTCUSDT,Buy,0.037,79656.60,"{""T"":1788743429387,""s"":""BTCUSDT"",""S"":""Buy"",""v"":""0.037"",""p"":""79656.60""}"
2026-09-07T01:10:34.812276Z,1788743434296,HYPEUSDT,Buy,0.80,86.550,"{""T"":1788743434296,""s"":""HYPEUSDT"",""S"":""Buy"",""v"":""0.80"",""p"":""86.550""}"
2026-09-07T01:10:47.908131Z,1788743447472,JUPUSDT,Buy,1034,0.26250,"{""T"":1788743447472,""s"":""JUPUSDT"",""S"":""Buy"",""v"":""1034"",""p"":""0.26250""}"
2026-09-07T01:10:47.986537Z,1788743447472,ORCAUSDT,Buy,60.7,1.4897,"{""T"":1788743447472,""s"":""ORCAUSDT"",""S"":""Buy"",""v"":""60.7"",""p"":""1.4897""}"
2026-09-07T01:10:50.347939Z,1788743449932,MARSCOINUSDT,Buy,1020,0.16099,"{""T"":1788743449932,""s"":""MARSCOINUSDT"",""S"":""Buy"",""v"":""1020"",""p"":""0.16099""}"
2026-09-07T01:10:50.847860Z,1788743450350,MARSCOINUSDT,Buy,810,0.16101,"{""T"":1788743450350,""s"":""MARSCOINUSDT"",""S"":""Buy"",""v"":""810"",""p"":""0.16101""}"
2026-09-07T01:10:53.848139Z,1788743453611,MARSCOINUSDT,Buy,770,0.16075,"{""T"":1788743453611,""s"":""MARSCOINUSDT"",""S"":""Buy"",""v"":""770"",""p"":""0.16075""}"
2026-09-07T01:10:54.348032Z,1788743453788,MARSCOINUSDT,Buy,5950,0.16086,"{""T"":1788743453788,""s"":""MARSCOINUSDT"",""S"":""Buy"",""v"":""5950"",""p"":""0.16086""}"
2026-09-07T01:10:58.347939Z,1788743458101,MARSCOINUSDT,Buy,90,0.15879,"{""T"":1788743458101,""s"":""MARSCOINUSDT"",""S"":""Buy"",""v"":""90"",""p"":""0.15879""}"
2026-09-07T01:10:58.562726Z,1788743458307,SOLUSDT,Buy,3.5,104.980,"{""T"":1788743458307,""s"":""SOLUSDT"",""S"":""Buy"",""v"":""3.5"",""p"":""104.980""}"
2026-09-07T01:10:58.812895Z,1788743458307,HYPEUSDT,Buy,4.31,86.560,"{""T"":1788743458307,""s"":""HYPEUSDT"",""S"":""Buy"",""v"":""4.31"",""p"":""86.560""}"
2026-09-07T01:10:58.848075Z,1788743458307,MARSCOINUSDT,Buy,1320,0.15800,"{""T"":1788743458307,""s"":""MARSCOINUSDT"",""S"":""Buy"",""v"":""1320"",""p"":""0.15800""}"
2026-09-07T01:10:58.848075Z,1788743458408,MARSCOINUSDT,Buy,50,0.15850,"{""T"":1788743458408,""s"":""MARSCOINUSDT"",""S"":""Buy"",""v"":""50"",""p"":""0.15850""}"
2026-09-07T01:10:58.848075Z,1788743458627,MARSCOINUSDT,Buy,5000,0.15841,"{""T"":1788743458627,""s"":""MARSCOINUSDT"",""S"":""Buy"",""v"":""5000"",""p"":""0.15841""}"
2026-09-07T01:10:58.996480Z,1788743458627,DASHUSDT,Buy,12.67,68.06,"{""T"":1788743458627,""s"":""DASHUSDT"",""S"":""Buy"",""v"":""12.67"",""p"":""68.06""}"
2026-09-07T01:11:03.413523Z,1788743462843,ARBUSDT,Sell,8670.0,0.19104,"{""T"":1788743462843,""s"":""ARBUSDT"",""S"":""Sell"",""v"":""8670.0"",""p"":""0.19104""}"
2026-09-07T01:11:04.328296Z,1788743464168,CPUSDT,Buy,18510,0.02148,"{""T"":1788743464168,""s"":""CPUSDT"",""S"":""Buy"",""v"":""18510"",""p"":""0.02148""}"
2026-09-07T01:11:04.328296Z,1788743464173,CPUSDT,Buy,410,0.02151,"{""T"":1788743464173,""s"":""CPUSDT"",""S"":""Buy"",""v"":""410"",""p"":""0.02151""}"
2026-09-07T01:11:04.828342Z,1788743464250,CPUSDT,Buy,600,0.02144,"{""T"":1788743464250,""s"":""CPUSDT"",""S"":""Buy"",""v"":""600"",""p"":""0.02144""}"
2026-09-07T01:11:04.828342Z,1788743464451,CPUSDT,Buy,4310,0.02138,"{""T"":1788743464451,""s"":""CPUSDT"",""S"":""Buy"",""v"":""4310"",""p"":""0.02138""}"
2026-09-07T01:11:05.828252Z,1788743465611,CPUSDT,Buy,41830,0.02124,"{""T"":1788743465611,""s"":""CPUSDT"",""S"":""Buy"",""v"":""41830"",""p"":""0.02124""}"
2026-09-07T01:11:51.348805Z,1788743510981,MARSCOINUSDT,Buy,770,0.15600,"{""T"":1788743510981,""s"":""MARSCOINUSDT"",""S"":""Buy"",""v"":""770"",""p"":""0.15600""}"
2026-09-07T01:11:51.348805Z,1788743510995,MARSCOINUSDT,Buy,250,0.15582,"{""T"":1788743510995,""s"":""MARSCOINUSDT"",""S"":""Buy"",""v"":""250"",""p"":""0.15582""}"
2026-09-07T01:11:51.348805Z,1788743511111,MARSCOINUSDT,Buy,2630,0.15708,"{""T"":1788743511111,""s"":""MARSCOINUSDT"",""S"":""Buy"",""v"":""2630"",""p"":""0.15708""}"
2026-09-07T01:11:51.348805Z,1788743511190,MARSCOINUSDT,Buy,31550,0.15492,"{""T"":1788743511190,""s"":""MARSCOINUSDT"",""S"":""Buy"",""v"":""31550"",""p"":""0.15492""}"
2026-09-07T01:11:51.848286Z,1788743511348,MARSCOINUSDT,Buy,6360,0.15746,"{""T"":1788743511348,""s"":""MARSCOINUSDT"",""S"":""Buy"",""v"":""6360"",""p"":""0.15746""}"
2026-09-07T01:11:51.848286Z,1788743511475,MARSCOINUSDT,Buy,2330,0.15497,"{""T"":1788743511475,""s"":""MARSCOINUSDT"",""S"":""Buy"",""v"":""2330"",""p"":""0.15497""}"
2026-09-07T01:11:51.848286Z,1788743511602,MARSCOINUSDT,Buy,260,0.15585,"{""T"":1788743511602,""s"":""MARSCOINUSDT"",""S"":""Buy"",""v"":""260"",""p"":""0.15585""}"
2026-09-07T01:11:52.328345Z,1788743511780,PONSUSDT,Buy,564,0.7929,"{""T"":1788743511780,""s"":""PONSUSDT"",""S"":""Buy"",""v"":""564"",""p"":""0.7929""}"
2026-09-07T01:11:52.347959Z,1788743511780,MARSCOINUSDT,Buy,2760,0.15536,"{""T"":1788743511780,""s"":""MARSCOINUSDT"",""S"":""Buy"",""v"":""2760"",""p"":""0.15536""}"
2026-09-07T01:11:52.347959Z,1788743511783,MARSCOINUSDT,Buy,650,0.15538,"{""T"":1788743511783,""s"":""MARSCOINUSDT"",""S"":""Buy"",""v"":""650"",""p"":""0.15538""}"
2026-09-07T01:11:52.347959Z,1788743511846,MARSCOINUSDT,Buy,3300,0.15542,"{""T"":1788743511846,""s"":""MARSCOINUSDT"",""S"":""Buy"",""v"":""3300"",""p"":""0.15542""}"
2026-09-07T01:11:53.347663Z,1788743513018,MARSCOINUSDT,Buy,80,0.15366,"{""T"":1788743513018,""s"":""MARSCOINUSDT"",""S"":""Buy"",""v"":""80"",""p"":""0.15366""}"
2026-09-07T01:11:53.824995Z,1788743513566,RAYDIUMUSDT,Buy,212.4,1.2132,"{""T"":1788743513566,""s"":""RAYDIUMUSDT"",""S"":""Buy"",""v"":""212.4"",""p"":""1.2132""}"
2026-09-07T01:11:53.847776Z,1788743513341,MARSCOINUSDT,Buy,5060,0.15410,"{""T"":1788743513341,""s"":""MARSCOINUSDT"",""S"":""Buy"",""v"":""5060"",""p"":""0.15410""}"
2026-09-07T01:11:53.847776Z,1788743513566,MARSCOINUSDT,Buy,980,0.15383,"{""T"":1788743513566,""s"":""MARSCOINUSDT"",""S"":""Buy"",""v"":""980"",""p"":""0.15383""}"
2026-09-07T01:11:54.347972Z,1788743513985,MARSCOINUSDT,Buy,90,0.15300,"{""T"":1788743513985,""s"":""MARSCOINUSDT"",""S"":""Buy"",""v"":""90"",""p"":""0.15300""}"
2026-09-07T01:11:54.347972Z,1788743514209,MARSCOINUSDT,Buy,2770,0.15329,"{""T"":1788743514209,""s"":""MARSCOINUSDT"",""S"":""Buy"",""v"":""2770"",""p"":""0.15329""}"
2026-09-07T01:11:54.847911Z,1788743514321,MARSCOINUSDT,Buy,290,0.15298,"{""T"":1788743514321,""s"":""MARSCOINUSDT"",""S"":""Buy"",""v"":""290"",""p"":""0.15298""}"
2026-09-07T01:11:54.847911Z,1788743514611,MARSCOINUSDT,Buy,1290,0.15327,"{""T"":1788743514611,""s"":""MARSCOINUSDT"",""S"":""Buy"",""v"":""1290"",""p"":""0.15327""}"
2026-09-07T01:12:02.824673Z,1788743522577,RAYDIUMUSDT,Buy,116.8,1.2002,"{""T"":1788743522577,""s"":""RAYDIUMUSDT"",""S"":""Buy"",""v"":""116.8"",""p"":""1.2002""}"
2026-09-07T01:12:02.824673Z,1788743522723,RAYDIUMUSDT,Buy,1169.3,1.2000,"{""T"":1788743522723,""s"":""RAYDIUMUSDT"",""S"":""Buy"",""v"":""1169.3"",""p"":""1.2000""}"
2026-09-07T01:12:03.324945Z,1788743522985,RAYDIUMUSDT,Buy,921.3,1.2047,"{""T"":1788743522985,""s"":""RAYDIUMUSDT"",""S"":""Buy"",""v"":""921.3"",""p"":""1.2047""}"
2026-09-07T01:12:09.987111Z,1788743529543,XAUUSDT,Buy,0.002,4383.22,"{""T"":1788743529543,""s"":""XAUUSDT"",""S"":""Buy"",""v"":""0.002"",""p"":""4383.22""}"
2026-09-07T01:12:12.828646Z,1788743532553,NIULAIUSDT,Buy,290,0.08426,"{""T"":1788743532553,""s"":""NIULAIUSDT"",""S"":""Buy"",""v"":""290"",""p"":""0.08426""}"
2026-09-07T01:12:13.328339Z,1788743532800,NIULAIUSDT,Buy,90,0.08418,"{""T"":1788743532800,""s"":""NIULAIUSDT"",""S"":""Buy"",""v"":""90"",""p"":""0.08418""}"
2026-09-07T01:12:13.328339Z,1788743532872,NIULAIUSDT,Buy,550,0.08436,"{""T"":1788743532872,""s"":""NIULAIUSDT"",""S"":""Buy"",""v"":""550"",""p"":""0.08436""}"
2026-09-07T01:12:13.908191Z,1788743533547,TIAUSDT,Buy,84.0,0.4325,"{""T"":1788743533547,""s"":""TIAUSDT"",""S"":""Buy"",""v"":""84.0"",""p"":""0.4325""}"
2026-09-07T01:12:14.828319Z,1788743534438,NIULAIUSDT,Buy,100,0.08406,"{""T"":1788743534438,""s"":""NIULAIUSDT"",""S"":""Buy"",""v"":""100"",""p"":""0.08406""}"
2026-09-07T01:12:15.328365Z,1788743534878,NIULAIUSDT,Buy,20150,0.08389,"{""T"":1788743534878,""s"":""NIULAIUSDT"",""S"":""Buy"",""v"":""20150"",""p"":""0.08389""}"
2026-09-07T01:12:15.328833Z,1788743534878,CASHCATUSDT,Buy,5000,0.21604,"{""T"":1788743534878,""s"":""CASHCATUSDT"",""S"":""Buy"",""v"":""5000"",""p"":""0.21604""}"
2026-09-07T01:12:20.828206Z,1788743540376,NIULAIUSDT,Buy,140,0.08385,"{""T"":1788743540376,""s"":""NIULAIUSDT"",""S"":""Buy"",""v"":""140"",""p"":""0.08385""}"
2026-09-07T01:12:21.986659Z,1788743541803,XAUUSDT,Buy,0.097,4382.59,"{""T"":1788743541803,""s"":""XAUUSDT"",""S"":""Buy"",""v"":""0.097"",""p"":""4382.59""}"
2026-09-07T01:12:31.328693Z,1788743551072,NIULAIUSDT,Buy,69850,0.08370,"{""T"":1788743551072,""s"":""NIULAIUSDT"",""S"":""Buy"",""v"":""69850"",""p"":""0.08370""}"
2026-09-07T01:12:32.312525Z,1788743552016,PUMPFUNUSDT,Sell,66300,0.0041020,"{""T"":1788743552016,""s"":""PUMPFUNUSDT"",""S"":""Sell"",""v"":""66300"",""p"":""0.0041020""}"
2026-09-07T01:12:43.908556Z,1788743563756,TIAUSDT,Buy,1.9,0.4333,"{""T"":1788743563756,""s"":""TIAUSDT"",""S"":""Buy"",""v"":""1.9"",""p"":""0.4333""}"
2026-09-07T01:12:44.313018Z,1788743563756,XPLUSDT,Buy,1247,0.08778,"{""T"":1788743563756,""s"":""XPLUSDT"",""S"":""Buy"",""v"":""1247"",""p"":""0.08778""}"
2026-09-07T01:12:44.328366Z,1788743563756,CASHCATUSDT,Buy,30,0.21609,"{""T"":1788743563756,""s"":""CASHCATUSDT"",""S"":""Buy"",""v"":""30"",""p"":""0.21609""}"
2026-09-07T01:12:56.828649Z,1788743576364,NIULAIUSDT,Buy,310,0.08356,"{""T"":1788743576364,""s"":""NIULAIUSDT"",""S"":""Buy"",""v"":""310"",""p"":""0.08356""}"
2026-09-07T01:13:04.347990Z,1788743584235,USELESSUSDT,Buy,1344,0.20567,"{""T"":1788743584235,""s"":""USELESSUSDT"",""S"":""Buy"",""v"":""1344"",""p"":""0.20567""}"
2026-09-07T01:13:22.486864Z,1788743601979,XAUUSDT,Buy,0.521,4380.75,"{""T"":1788743601979,""s"":""XAUUSDT"",""S"":""Buy"",""v"":""0.521"",""p"":""4380.75""}"
2026-09-07T01:13:47.315972Z,1788743627140,TRUMPUSDT,Buy,1685.6,2.251,"{""T"":1788743627140,""s"":""TRUMPUSDT"",""S"":""Buy"",""v"":""1685.6"",""p"":""2.251""}"
2026-09-07T01:13:58.325549Z,1788743638227,FARTCOINUSDT,Buy,152,0.17461,"{""T"":1788743638227,""s"":""FARTCOINUSDT"",""S"":""Buy"",""v"":""152"",""p"":""0.17461""}"
2026-09-07T01:14:09.990211Z,1788743649676,ORCAUSDT,Sell,656.1,1.5777,"{""T"":1788743649676,""s"":""ORCAUSDT"",""S"":""Sell"",""v"":""656.1"",""p"":""1.5777""}"
2026-09-07T01:14:25.325935Z,1788743664819,FARTCOINUSDT,Buy,150,0.17322,"{""T"":1788743664819,""s"":""FARTCOINUSDT"",""S"":""Buy"",""v"":""150"",""p"":""0.17322""}"
2026-09-07T01:14:25.325935Z,1788743665028,FARTCOINUSDT,Buy,467,0.17345,"{""T"":1788743665028,""s"":""FARTCOINUSDT"",""S"":""Buy"",""v"":""467"",""p"":""0.17345""}"
2026-09-07T01:14:25.825103Z,1788743665330,FARTCOINUSDT,Buy,11093,0.17331,"{""T"":1788743665330,""s"":""FARTCOINUSDT"",""S"":""Buy"",""v"":""11093"",""p"":""0.17331""}"
2026-09-07T01:14:25.825103Z,1788743665416,FARTCOINUSDT,Buy,7652,0.17310,"{""T"":1788743665416,""s"":""FARTCOINUSDT"",""S"":""Buy"",""v"":""7652"",""p"":""0.17310""}"
2026-09-07T01:14:25.825103Z,1788743665500,FARTCOINUSDT,Buy,272,0.17325,"{""T"":1788743665500,""s"":""FARTCOINUSDT"",""S"":""Buy"",""v"":""272"",""p"":""0.17325""}"
2026-09-07T01:14:25.825103Z,1788743665688,FARTCOINUSDT,Buy,1470,0.17313,"{""T"":1788743665688,""s"":""FARTCOINUSDT"",""S"":""Buy"",""v"":""1470"",""p"":""0.17313""}"
2026-09-07T01:14:29.347873Z,1788743668994,USELESSUSDT,Buy,1950,0.20541,"{""T"":1788743668994,""s"":""USELESSUSDT"",""S"":""Buy"",""v"":""1950"",""p"":""0.20541""}"
2026-09-07T01:14:30.848793Z,1788743670533,USELESSUSDT,Buy,25,0.20537,"{""T"":1788743670533,""s"":""USELESSUSDT"",""S"":""Buy"",""v"":""25"",""p"":""0.20537""}"
2026-09-07T01:15:14.019608Z,1788743713822,NEARUSDT,Buy,4.0,2.3610,"{""T"":1788743713822,""s"":""NEARUSDT"",""S"":""Buy"",""v"":""4.0"",""p"":""2.3610""}"
2026-09-07T01:15:28.492559Z,1788743728385,1000BONKUSDT,Buy,426900,0.0032300,"{""T"":1788743728385,""s"":""1000BONKUSDT"",""S"":""Buy"",""v"":""426900"",""p"":""0.0032300""}"
2026-09-07T01:15:31.828237Z,1788743731699,NIULAIUSDT,Buy,7180,0.08343,"{""T"":1788743731699,""s"":""NIULAIUSDT"",""S"":""Buy"",""v"":""7180"",""p"":""0.08343""}"
2026-09-07T01:15:31.837085Z,1788743731408,ONDOUSDT,Buy,1573,0.3780,"{""T"":1788743731408,""s"":""ONDOUSDT"",""S"":""Buy"",""v"":""1573"",""p"":""0.3780""}"
2026-09-07T01:15:32.065691Z,1788743731657,BTCUSDT,Buy,0.001,79628.20,"{""T"":1788743731657,""s"":""BTCUSDT"",""S"":""Buy"",""v"":""0.001"",""p"":""79628.20""}"
2026-09-07T01:15:32.065691Z,1788743731704,BTCUSDT,Buy,0.007,79635.60,"{""T"":1788743731704,""s"":""BTCUSDT"",""S"":""Buy"",""v"":""0.007"",""p"":""79635.60""}"
2026-09-07T01:15:32.562760Z,1788743732183,SOLUSDT,Buy,4.1,104.890,"{""T"":1788743732183,""s"":""SOLUSDT"",""S"":""Buy"",""v"":""4.1"",""p"":""104.890""}"
2026-09-07T01:15:36.565643Z,1788743736262,BTCUSDT,Buy,0.003,79616.10,"{""T"":1788743736262,""s"":""BTCUSDT"",""S"":""Buy"",""v"":""0.003"",""p"":""79616.10""}"
2026-09-07T01:15:44.996159Z,1788743744904,PENGUUSDT,Buy,576960,0.008598,"{""T"":1788743744904,""s"":""PENGUUSDT"",""S"":""Buy"",""v"":""576960"",""p"":""0.008598""}"
2026-09-07T01:15:46.062420Z,1788743745644,SOLUSDT,Buy,2.9,104.870,"{""T"":1788743745644,""s"":""SOLUSDT"",""S"":""Buy"",""v"":""2.9"",""p"":""104.870""}"
2026-09-07T01:15:46.634925Z,1788743746504,HEMIUSDT,Buy,3967,0.010545,"{""T"":1788743746504,""s"":""HEMIUSDT"",""S"":""Buy"",""v"":""3967"",""p"":""0.010545""}"
2026-09-07T01:15:46.837263Z,1788743746728,XRPUSDT,Buy,21.4,1.4015,"{""T"":1788743746728,""s"":""XRPUSDT"",""S"":""Buy"",""v"":""21.4"",""p"":""1.4015""}"
2026-09-07T01:15:48.065382Z,1788743747933,BTCUSDT,Buy,0.215,79592.20,"{""T"":1788743747933,""s"":""BTCUSDT"",""S"":""Buy"",""v"":""0.215"",""p"":""79592.20""}"
2026-09-07T01:15:51.859183Z,1788743751411,APTUSDT,Buy,221.78,0.6113,"{""T"":1788743751411,""s"":""APTUSDT"",""S"":""Buy"",""v"":""221.78"",""p"":""0.6113""}"
2026-09-07T01:15:52.414003Z,1788743751927,1000PEPEUSDT,Buy,132400,0.0035850,"{""T"":1788743751927,""s"":""1000PEPEUSDT"",""S"":""Buy"",""v"":""132400"",""p"":""0.0035850""}"
2026-09-07T01:15:52.414003Z,1788743751964,1000PEPEUSDT,Buy,7200,0.0035830,"{""T"":1788743751964,""s"":""1000PEPEUSDT"",""S"":""Buy"",""v"":""7200"",""p"":""0.0035830""}"
2026-09-07T01:15:52.566714Z,1788743752049,BTCUSDT,Buy,0.288,79578.20,"{""T"":1788743752049,""s"":""BTCUSDT"",""S"":""Buy"",""v"":""0.288"",""p"":""79578.20""}"
2026-09-07T01:15:54.456271Z,1788743753963,ETHUSDT,Buy,25.87,2493.76,"{""T"":1788743753963,""s"":""ETHUSDT"",""S"":""Buy"",""v"":""25.87"",""p"":""2493.76""}"
2026-09-07T01:15:54.565237Z,1788743754308,BTCUSDT,Buy,0.006,79566.90,"{""T"":1788743754308,""s"":""BTCUSDT"",""S"":""Buy"",""v"":""0.006"",""p"":""79566.90""}"
2026-09-07T01:15:54.565237Z,1788743754335,BTCUSDT,Buy,0.001,79566.60,"{""T"":1788743754335,""s"":""BTCUSDT"",""S"":""Buy"",""v"":""0.001"",""p"":""79566.60""}"
2026-09-07T01:15:54.565237Z,1788743754399,BTCUSDT,Buy,0.101,79575.10,"{""T"":1788743754399,""s"":""BTCUSDT"",""S"":""Buy"",""v"":""0.101"",""p"":""79575.10""}"
2026-09-07T01:15:55.347975Z,1788743754890,USELESSUSDT,Buy,100,0.20486,"{""T"":1788743754890,""s"":""USELESSUSDT"",""S"":""Buy"",""v"":""100"",""p"":""0.20486""}"
2026-09-07T01:16:20.408109Z,1788743780171,TIAUSDT,Buy,534.7,0.4286,"{""T"":1788743780171,""s"":""TIAUSDT"",""S"":""Buy"",""v"":""534.7"",""p"":""0.4286""}"
2026-09-07T01:16:28.062342Z,1788743787952,BNBUSDT,Buy,0.01,741.30,"{""T"":1788743787952,""s"":""BNBUSDT"",""S"":""Buy"",""v"":""0.01"",""p"":""741.30""}"
2026-09-07T01:16:28.336899Z,1788743787864,XRPUSDT,Buy,1074.0,1.4004,"{""T"":1788743787864,""s"":""XRPUSDT"",""S"":""Buy"",""v"":""1074.0"",""p"":""1.4004""}"
2026-09-07T01:16:28.407905Z,1788743788279,TIAUSDT,Buy,23.6,0.4253,"{""T"":1788743788279,""s"":""TIAUSDT"",""S"":""Buy"",""v"":""23.6"",""p"":""0.4253""}"
2026-09-07T01:16:28.907693Z,1788743788573,TIAUSDT,Buy,81.1,0.4255,"{""T"":1788743788573,""s"":""TIAUSDT"",""S"":""Buy"",""v"":""81.1"",""p"":""0.4255""}"
2026-09-07T01:16:28.992149Z,1788743788524,SUIUSDT,Buy,57480,0.79200,"{""T"":1788743788524,""s"":""SUIUSDT"",""S"":""Buy"",""v"":""57480"",""p"":""0.79200""}"
2026-09-07T01:16:28.992149Z,1788743788696,SUIUSDT,Buy,330,0.79180,"{""T"":1788743788696,""s"":""SUIUSDT"",""S"":""Buy"",""v"":""330"",""p"":""0.79180""}"
2026-09-07T01:16:28.992149Z,1788743788726,SUIUSDT,Buy,10,0.79160,"{""T"":1788743788726,""s"":""SUIUSDT"",""S"":""Buy"",""v"":""10"",""p"":""0.79160""}"
2026-09-07T01:16:29.492036Z,1788743788949,SUIUSDT,Buy,360,0.79160,"{""T"":1788743788949,""s"":""SUIUSDT"",""S"":""Buy"",""v"":""360"",""p"":""0.79160""}"
2026-09-07T01:17:03.495937Z,1788743823378,DASHUSDT,Sell,0.29,69.78,"{""T"":1788743823378,""s"":""DASHUSDT"",""S"":""Sell"",""v"":""0.29"",""p"":""69.78""}"
2026-09-07T01:17:38.348067Z,1788743858158,USELESSUSDT,Buy,14000,0.20462,"{""T"":1788743858158,""s"":""USELESSUSDT"",""S"":""Buy"",""v"":""14000"",""p"":""0.20462""}"
2026-09-07T01:17:38.348067Z,1788743858231,USELESSUSDT,Buy,141,0.20454,"{""T"":1788743858231,""s"":""USELESSUSDT"",""S"":""Buy"",""v"":""141"",""p"":""0.20454""}"
2026-09-07T01:17:39.347968Z,1788743858934,USELESSUSDT,Buy,180,0.20403,"{""T"":1788743858934,""s"":""USELESSUSDT"",""S"":""Buy"",""v"":""180"",""p"":""0.20403""}"
2026-09-07T01:17:46.825002Z,1788743866670,FARTCOINUSDT,Buy,495,0.17221,"{""T"":1788743866670,""s"":""FARTCOINUSDT"",""S"":""Buy"",""v"":""495"",""p"":""0.17221""}"
2026-09-07T01:17:47.324945Z,1788743867126,FARTCOINUSDT,Buy,994,0.17221,"{""T"":1788743867126,""s"":""FARTCOINUSDT"",""S"":""Buy"",""v"":""994"",""p"":""0.17221""}"
2026-09-07T01:18:03.997057Z,1788743883549,COTIUSDT,Buy,2779,0.016421,"{""T"":1788743883549,""s"":""COTIUSDT"",""S"":""Buy"",""v"":""2779"",""p"":""0.016421""}"
2026-09-07T01:18:23.486897Z,1788743903056,XAUUSDT,Buy,0.033,4376.57,"{""T"":1788743903056,""s"":""XAUUSDT"",""S"":""Buy"",""v"":""0.033"",""p"":""4376.57""}"
2026-09-07T01:18:27.486382Z,1788743907160,XAUUSDT,Buy,0.180,4374.69,"{""T"":1788743907160,""s"":""XAUUSDT"",""S"":""Buy"",""v"":""0.180"",""p"":""4374.69""}"
2026-09-07T01:18:55.914118Z,1788743935467,ARBUSDT,Sell,11427.0,0.19252,"{""T"":1788743935467,""s"":""ARBUSDT"",""S"":""Sell"",""v"":""11427.0"",""p"":""0.19252""}"
2026-09-07T01:19:28.408252Z,1788743968073,JUPUSDT,Buy,920,0.26060,"{""T"":1788743968073,""s"":""JUPUSDT"",""S"":""Buy"",""v"":""920"",""p"":""0.26060""}"
2026-09-07T01:19:29.516860Z,1788743968989,NEARUSDT,Buy,400.0,2.3500,"{""T"":1788743968989,""s"":""NEARUSDT"",""S"":""Buy"",""v"":""400.0"",""p"":""2.3500""}"
2026-09-07T01:19:46.996410Z,1788743986725,LINKUSDT,Buy,489.4,12.982,"{""T"":1788743986725,""s"":""LINKUSDT"",""S"":""Buy"",""v"":""489.4"",""p"":""12.982""}"
2026-09-07T01:20:00.848141Z,1788744000558,XLMUSDT,Buy,18592,0.18520,"{""T"":1788744000558,""s"":""XLMUSDT"",""S"":""Buy"",""v"":""18592"",""p"":""0.18520""}"
2026-09-07T01:20:05.992838Z,1788744005764,DOODUSDT,Buy,6950,0.0017590,"{""T"":1788744005764,""s"":""DOODUSDT"",""S"":""Buy"",""v"":""6950"",""p"":""0.0017590""}"
2026-09-07T01:20:13.016136Z,1788744012830,TAOUSDT,Buy,0.513,260.50,"{""T"":1788744012830,""s"":""TAOUSDT"",""S"":""Buy"",""v"":""0.513"",""p"":""260.50""}"
2026-09-07T01:20:13.325873Z,1788744012830,FARTCOINUSDT,Buy,616,0.17206,"{""T"":1788744012830,""s"":""FARTCOINUSDT"",""S"":""Buy"",""v"":""616"",""p"":""0.17206""}"
2026-09-07T01:20:13.347627Z,1788744012830,USELESSUSDT,Buy,99,0.20319,"{""T"":1788744012830,""s"":""USELESSUSDT"",""S"":""Buy"",""v"":""99"",""p"":""0.20319""}"
2026-09-07T01:20:13.407953Z,1788744012830,CRVUSDT,Buy,142.5,0.3771,"{""T"":1788744012830,""s"":""CRVUSDT"",""S"":""Buy"",""v"":""142.5"",""p"":""0.3771""}"
2026-09-07T01:20:15.516519Z,1788744015088,TAOUSDT,Buy,19.148,260.31,"{""T"":1788744015088,""s"":""TAOUSDT"",""S"":""Buy"",""v"":""19.148"",""p"":""260.31""}"
2026-09-07T01:20:21.413954Z,1788744021265,DOGEUSDT,Buy,61022,0.08925,"{""T"":1788744021265,""s"":""DOGEUSDT"",""S"":""Buy"",""v"":""61022"",""p"":""0.08925""}"
2026-09-07T01:20:21.414347Z,1788744021265,ADAUSDT,Buy,72560,0.2197,"{""T"":1788744021265,""s"":""ADAUSDT"",""S"":""Buy"",""v"":""72560"",""p"":""0.2197""}"
2026-09-07T01:20:21.496236Z,1788744020976,PENGUUSDT,Buy,154290,0.008560,"{""T"":1788744020976,""s"":""PENGUUSDT"",""S"":""Buy"",""v"":""154290"",""p"":""0.008560""}"
2026-09-07T01:20:21.914061Z,1788744021359,DOGEUSDT,Buy,18901,0.08922,"{""T"":1788744021359,""s"":""DOGEUSDT"",""S"":""Buy"",""v"":""18901"",""p"":""0.08922""}"
2026-09-07T01:20:23.413684Z,1788744023128,ADAUSDT,Buy,359,0.2195,"{""T"":1788744023128,""s"":""ADAUSDT"",""S"":""Buy"",""v"":""359"",""p"":""0.2195""}"
2026-09-07T01:20:24.413828Z,1788744024171,DOGEUSDT,Buy,136166,0.08920,"{""T"":1788744024171,""s"":""DOGEUSDT"",""S"":""Buy"",""v"":""136166"",""p"":""0.08920""}"
2026-09-07T01:20:32.328713Z,1788744032158,CPUSDT,Buy,3230,0.02159,"{""T"":1788744032158,""s"":""CPUSDT"",""S"":""Buy"",""v"":""3230"",""p"":""0.02159""}"
2026-09-07T01:20:32.496987Z,1788744032158,FLOCKUSDT,Buy,3368,0.07263,"{""T"":1788744032158,""s"":""FLOCKUSDT"",""S"":""Buy"",""v"":""3368"",""p"":""0.07263""}"
2026-09-07T01:20:58.016482Z,1788744057559,TAOUSDT,Buy,0.101,259.43,"{""T"":1788744057559,""s"":""TAOUSDT"",""S"":""Buy"",""v"":""0.101"",""p"":""259.43""}"
2026-09-07T01:20:59.955779Z,1788744059679,ETHUSDT,Buy,0.06,2492.90,"{""T"":1788744059679,""s"":""ETHUSDT"",""S"":""Buy"",""v"":""0.06"",""p"":""2492.90""}"
2026-09-07T01:21:00.836918Z,1788744060659,XRPUSDT,Buy,5847.2,1.3979,"{""T"":1788744060659,""s"":""XRPUSDT"",""S"":""Buy"",""v"":""5847.2"",""p"":""1.3979""}"
2026-09-07T01:21:00.914009Z,1788744060377,ADAUSDT,Buy,7539,0.2192,"{""T"":1788744060377,""s"":""ADAUSDT"",""S"":""Buy"",""v"":""7539"",""p"":""0.2192""}"
2026-09-07T01:21:21.837292Z,1788744081635,XRPUSDT,Buy,2026.4,1.3974,"{""T"":1788744081635,""s"":""XRPUSDT"",""S"":""Buy"",""v"":""2026.4"",""p"":""1.3974""}"
2026-09-07T01:21:22.338210Z,1788744081771,XRPUSDT,Buy,4069.8,1.3976,"{""T"":1788744081771,""s"":""XRPUSDT"",""S"":""Buy"",""v"":""4069.8"",""p"":""1.3976""}"
2026-09-07T01:21:22.338210Z,1788744081809,XRPUSDT,Buy,1123.5,1.3978,"{""T"":1788744081809,""s"":""XRPUSDT"",""S"":""Buy"",""v"":""1123.5"",""p"":""1.3978""}"
2026-09-07T01:22:02.337448Z,1788744122230,SUSHIUSDT,Sell,0.2,0.24620,"{""T"":1788744122230,""s"":""SUSHIUSDT"",""S"":""Sell"",""v"":""0.2"",""p"":""0.24620""}"
2026-09-07T01:23:19.635348Z,1788744199437,AKEUSDT,Buy,29600,0.0136100,"{""T"":1788744199437,""s"":""AKEUSDT"",""S"":""Buy"",""v"":""29600"",""p"":""0.0136100""}"
2026-09-07T01:23:19.829172Z,1788744199437,PONSUSDT,Buy,431,0.7815,"{""T"":1788744199437,""s"":""PONSUSDT"",""S"":""Buy"",""v"":""431"",""p"":""0.7815""}"
2026-09-07T01:23:19.847976Z,1788744199437,MARSCOINUSDT,Buy,2530,0.15648,"{""T"":1788744199437,""s"":""MARSCOINUSDT"",""S"":""Buy"",""v"":""2530"",""p"":""0.15648""}"
2026-09-07T01:23:20.016496Z,1788744199437,NEARUSDT,Buy,429.9,2.3510,"{""T"":1788744199437,""s"":""NEARUSDT"",""S"":""Buy"",""v"":""429.9"",""p"":""2.3510""}"
2026-09-07T01:24:04.516593Z,1788744244296,MNTUSDT,Sell,9.6,0.62480,"{""T"":1788744244296,""s"":""MNTUSDT"",""S"":""Sell"",""v"":""9.6"",""p"":""0.62480""}"
2026-09-07T01:24:21.516342Z,1788744261425,MNTUSDT,Sell,6.4,0.62500,"{""T"":1788744261425,""s"":""MNTUSDT"",""S"":""Sell"",""v"":""6.4"",""p"":""0.62500""}"
2026-09-07T01:25:14.135311Z,1788744313980,4USDT,Buy,961,0.020808,"{""T"":1788744313980,""s"":""4USDT"",""S"":""Buy"",""v"":""961"",""p"":""0.020808""}"
2026-09-07T01:26:04.492854Z,1788744364276,1000BONKUSDT,Buy,28200,0.0031880,"{""T"":1788744364276,""s"":""1000BONKUSDT"",""S"":""Buy"",""v"":""28200"",""p"":""0.0031880""}"
2026-09-07T01:27:06.486337Z,1788744426189,SKHYUSDT,Sell,4.36,180.44,"{""T"":1788744426189,""s"":""SKHYUSDT"",""S"":""Sell"",""v"":""4.36"",""p"":""180.44""}"
2026-09-07T01:27:23.917492Z,1788744443753,DOTUSDT,Buy,35.5,0.9858,"{""T"":1788744443753,""s"":""DOTUSDT"",""S"":""Buy"",""v"":""35.5"",""p"":""0.9858""}"
2026-09-07T01:28:09.312875Z,1788744488885,ZAMAUSDT,Buy,2309,0.05460,"{""T"":1788744488885,""s"":""ZAMAUSDT"",""S"":""Buy"",""v"":""2309"",""p"":""0.05460""}"
2026-09-07T01:28:11.337387Z,1788744490873,SUSHIUSDT,Buy,19741.9,0.23880,"{""T"":1788744490873,""s"":""SUSHIUSDT"",""S"":""Buy"",""v"":""19741.9"",""p"":""0.23880""}"
2026-09-07T01:28:13.836773Z,1788744493265,SUSHIUSDT,Buy,20000.3,0.23710,"{""T"":1788744493265,""s"":""SUSHIUSDT"",""S"":""Buy"",""v"":""20000.3"",""p"":""0.23710""}"
2026-09-07T01:28:16.986561Z,1788744496521,ORCAUSDT,Sell,136.1,1.6255,"{""T"":1788744496521,""s"":""ORCAUSDT"",""S"":""Sell"",""v"":""136.1"",""p"":""1.6255""}"
2026-09-07T01:28:59.515916Z,1788744539216,MNTUSDT,Sell,100.0,0.62670,"{""T"":1788744539216,""s"":""MNTUSDT"",""S"":""Sell"",""v"":""100.0"",""p"":""0.62670""}"
2026-09-07T01:29:02.828473Z,1788744542626,CPUSDT,Buy,2970,0.02113,"{""T"":1788744542626,""s"":""CPUSDT"",""S"":""Buy"",""v"":""2970"",""p"":""0.02113""}"
2026-09-07T01:29:34.634800Z,1788744574233,4USDT,Buy,6261,0.020535,"{""T"":1788744574233,""s"":""4USDT"",""S"":""Buy"",""v"":""6261"",""p"":""0.020535""}"
2026-09-07T01:31:03.828303Z,1788744663607,ENAUSDT,Buy,113658,0.17240,"{""T"":1788744663607,""s"":""ENAUSDT"",""S"":""Buy"",""v"":""113658"",""p"":""0.17240""}"
2026-09-07T01:31:28.516318Z,1788744687989,MNTUSDT,Sell,466.3,0.62750,"{""T"":1788744687989,""s"":""MNTUSDT"",""S"":""Sell"",""v"":""466.3"",""p"":""0.62750""}"
2026-09-07T01:31:43.015795Z,1788744702848,MNTUSDT,Sell,83.3,0.62760,"{""T"":1788744702848,""s"":""MNTUSDT"",""S"":""Sell"",""v"":""83.3"",""p"":""0.62760""}"
2026-09-07T01:31:43.516032Z,1788744703390,MNTUSDT,Sell,82.8,0.62770,"{""T"":1788744703390,""s"":""MNTUSDT"",""S"":""Sell"",""v"":""82.8"",""p"":""0.62770""}"
2026-09-07T01:32:06.908041Z,1788744726681,TIAUSDT,Buy,284.7,0.4246,"{""T"":1788744726681,""s"":""TIAUSDT"",""S"":""Buy"",""v"":""284.7"",""p"":""0.4246""}"
2026-09-07T01:32:23.635023Z,1788744743071,HEMIUSDT,Buy,6001,0.010480,"{""T"":1788744743071,""s"":""HEMIUSDT"",""S"":""Buy"",""v"":""6001"",""p"":""0.010480""}"
2026-09-07T01:34:21.991743Z,1788744861706,DOODUSDT,Sell,4460,0.0019620,"{""T"":1788744861706,""s"":""DOODUSDT"",""S"":""Sell"",""v"":""4460"",""p"":""0.0019620""}"
2026-09-07T01:34:24.485924Z,1788744864263,ORCAUSDT,Sell,806.6,1.6427,"{""T"":1788744864263,""s"":""ORCAUSDT"",""S"":""Sell"",""v"":""806.6"",""p"":""1.6427""}"
2026-09-07T01:35:11.852000Z,1788744911293,USELESSUSDT,Sell,43,0.23309,"{""T"":1788744911293,""s"":""USELESSUSDT"",""S"":""Sell"",""v"":""43"",""p"":""0.23309""}"
2026-09-07T01:35:11.986404Z,1788744911834,ORCAUSDT,Sell,197.9,1.6597,"{""T"":1788744911834,""s"":""ORCAUSDT"",""S"":""Sell"",""v"":""197.9"",""p"":""1.6597""}"
2026-09-07T01:35:12.486090Z,1788744912206,ORCAUSDT,Sell,21.4,1.6594,"{""T"":1788744912206,""s"":""ORCAUSDT"",""S"":""Sell"",""v"":""21.4"",""p"":""1.6594""}"
2026-09-07T01:36:48.324744Z,1788745007762,POLUSDT,Buy,10316,0.09600,"{""T"":1788745007762,""s"":""POLUSDT"",""S"":""Buy"",""v"":""10316"",""p"":""0.09600""}"
2026-09-07T01:38:19.812820Z,1788745099324,PUMPFUNUSDT,Buy,496800,0.0039270,"{""T"":1788745099324,""s"":""PUMPFUNUSDT"",""S"":""Buy"",""v"":""496800"",""p"":""0.0039270""}"
2026-09-07T01:38:22.812849Z,1788745102353,PUMPFUNUSDT,Buy,200,0.0039080,"{""T"":1788745102353,""s"":""PUMPFUNUSDT"",""S"":""Buy"",""v"":""200"",""p"":""0.0039080""}"
2026-09-07T01:38:27.515523Z,1788745106986,MNTUSDT,Sell,17.8,0.62840,"{""T"":1788745106986,""s"":""MNTUSDT"",""S"":""Sell"",""v"":""17.8"",""p"":""0.62840""}"
2026-09-07T01:38:28.516206Z,1788745108098,MNTUSDT,Sell,1835.7,0.62890,"{""T"":1788745108098,""s"":""MNTUSDT"",""S"":""Sell"",""v"":""1835.7"",""p"":""0.62890""}"
2026-09-07T01:38:54.848214Z,1788745134311,MARSCOINUSDT,Sell,2150,0.16702,"{""T"":1788745134311,""s"":""MARSCOINUSDT"",""S"":""Sell"",""v"":""2150"",""p"":""0.16702""}"
2026-09-07T01:41:05.328588Z,1788745264781,CPUSDT,Buy,20210,0.02079,"{""T"":1788745264781,""s"":""CPUSDT"",""S"":""Buy"",""v"":""20210"",""p"":""0.02079""}"
2026-09-07T01:41:05.328588Z,1788745264977,CPUSDT,Buy,430,0.02083,"{""T"":1788745264977,""s"":""CPUSDT"",""S"":""Buy"",""v"":""430"",""p"":""0.02083""}"
2026-09-07T01:41:05.828680Z,1788745265390,CPUSDT,Buy,390,0.02069,"{""T"":1788745265390,""s"":""CPUSDT"",""S"":""Buy"",""v"":""390"",""p"":""0.02069""}"
2026-09-07T01:41:28.338402Z,1788745287839,XRPUSDT,Buy,671.1,1.3973,"{""T"":1788745287839,""s"":""XRPUSDT"",""S"":""Buy"",""v"":""671.1"",""p"":""1.3973""}"
2026-09-07T01:41:39.838540Z,1788745299513,XRPUSDT,Buy,2240.9,1.3971,"{""T"":1788745299513,""s"":""XRPUSDT"",""S"":""Buy"",""v"":""2240.9"",""p"":""1.3971""}"
2026-09-07T01:41:41.325638Z,1788745300899,MONUSDT,Buy,96840,0.026590,"{""T"":1788745300899,""s"":""MONUSDT"",""S"":""Buy"",""v"":""96840"",""p"":""0.026590""}"
2026-09-07T01:41:43.562361Z,1788745303346,SOLUSDT,Buy,0.7,104.670,"{""T"":1788745303346,""s"":""SOLUSDT"",""S"":""Buy"",""v"":""0.7"",""p"":""104.670""}"
2026-09-07T01:41:43.825273Z,1788745303346,FARTCOINUSDT,Buy,646,0.17180,"{""T"":1788745303346,""s"":""FARTCOINUSDT"",""S"":""Buy"",""v"":""646"",""p"":""0.17180""}"
2026-09-07T01:41:52.838089Z,1788745312746,XRPUSDT,Buy,24.2,1.3968,"{""T"":1788745312746,""s"":""XRPUSDT"",""S"":""Buy"",""v"":""24.2"",""p"":""1.3968""}"
2026-09-07T01:41:54.359882Z,1788745314115,WLDUSDT,Buy,2250.7,0.4064,"{""T"":1788745314115,""s"":""WLDUSDT"",""S"":""Buy"",""v"":""2250.7"",""p"":""0.4064""}"
2026-09-07T01:41:55.324673Z,1788745315036,FARTCOINUSDT,Buy,300,0.17166,"{""T"":1788745315036,""s"":""FARTCOINUSDT"",""S"":""Buy"",""v"":""300"",""p"":""0.17166""}"
2026-09-07T01:41:55.359026Z,1788745314824,WLDUSDT,Buy,26.1,0.4064,"{""T"":1788745314824,""s"":""WLDUSDT"",""S"":""Buy"",""v"":""26.1"",""p"":""0.4064""}"
2026-09-07T01:42:00.337377Z,1788745319816,XRPUSDT,Buy,25.7,1.3964,"{""T"":1788745319816,""s"":""XRPUSDT"",""S"":""Buy"",""v"":""25.7"",""p"":""1.3964""}"
2026-09-07T01:42:11.313190Z,1788745330924,PUMPFUNUSDT,Buy,2700,0.0038920,"{""T"":1788745330924,""s"":""PUMPFUNUSDT"",""S"":""Buy"",""v"":""2700"",""p"":""0.0038920""}"
2026-09-07T01:42:27.496795Z,1788745347029,PENGUUSDT,Buy,424680,0.008511,"{""T"":1788745347029,""s"":""PENGUUSDT"",""S"":""Buy"",""v"":""424680"",""p"":""0.008511""}"
2026-09-07T01:42:43.813036Z,1788745363452,PUMPFUNUSDT,Buy,35500,0.0038800,"{""T"":1788745363452,""s"":""PUMPFUNUSDT"",""S"":""Buy"",""v"":""35500"",""p"":""0.0038800""}"
2026-09-07T01:43:13.325090Z,1788745392872,ENAUSDT,Buy,1740,0.17205,"{""T"":1788745392872,""s"":""ENAUSDT"",""S"":""Buy"",""v"":""1740"",""p"":""0.17205""}"
2026-09-07T01:43:21.564596Z,1788745401336,SOLUSDT,Buy,3.4,104.620,"{""T"":1788745401336,""s"":""SOLUSDT"",""S"":""Buy"",""v"":""3.4"",""p"":""104.620""}"
2026-09-07T01:43:22.062862Z,1788745401948,SOLUSDT,Buy,5.3,104.670,"{""T"":1788745401948,""s"":""SOLUSDT"",""S"":""Buy"",""v"":""5.3"",""p"":""104.670""}"
2026-09-07T01:43:22.066142Z,1788745401948,BTCUSDT,Buy,0.011,79606.30,"{""T"":1788745401948,""s"":""BTCUSDT"",""S"":""Buy"",""v"":""0.011"",""p"":""79606.30""}"
2026-09-07T01:43:22.312981Z,1788745401948,HYPEUSDT,Buy,7.71,86.040,"{""T"":1788745401948,""s"":""HYPEUSDT"",""S"":""Buy"",""v"":""7.71"",""p"":""86.040""}"
2026-09-07T01:43:22.337274Z,1788745401761,XRPUSDT,Buy,33491.6,1.3959,"{""T"":1788745401761,""s"":""XRPUSDT"",""S"":""Buy"",""v"":""33491.6"",""p"":""1.3959""}"
2026-09-07T01:43:22.456384Z,1788745401948,ETHUSDT,Buy,0.26,2493.13,"{""T"":1788745401948,""s"":""ETHUSDT"",""S"":""Buy"",""v"":""0.26"",""p"":""2493.13""}"
2026-09-07T01:43:22.515548Z,1788745402377,MNTUSDT,Sell,474.4,0.63120,"{""T"":1788745402377,""s"":""MNTUSDT"",""S"":""Sell"",""v"":""474.4"",""p"":""0.63120""}"
2026-09-07T01:43:22.515808Z,1788745402086,LTCUSDT,Buy,3.4,53.86,"{""T"":1788745402086,""s"":""LTCUSDT"",""S"":""Buy"",""v"":""3.4"",""p"":""53.86""}"
2026-09-07T01:43:22.812819Z,1788745402644,TRUMPUSDT,Buy,2838.7,2.242,"{""T"":1788745402644,""s"":""TRUMPUSDT"",""S"":""Buy"",""v"":""2838.7"",""p"":""2.242""}"
2026-09-07T01:43:22.813333Z,1788745402463,HYPEUSDT,Buy,0.06,85.970,"{""T"":1788745402463,""s"":""HYPEUSDT"",""S"":""Buy"",""v"":""0.06"",""p"":""85.970""}"
2026-09-07T01:43:22.813333Z,1788745402712,HYPEUSDT,Buy,4.86,86.070,"{""T"":1788745402712,""s"":""HYPEUSDT"",""S"":""Buy"",""v"":""4.86"",""p"":""86.070""}"
2026-09-07T01:43:22.825822Z,1788745402644,ENAUSDT,Buy,60540,0.17181,"{""T"":1788745402644,""s"":""ENAUSDT"",""S"":""Buy"",""v"":""60540"",""p"":""0.17181""}"
2026-09-07T01:43:22.837139Z,1788745402712,XRPUSDT,Buy,687.2,1.3973,"{""T"":1788745402712,""s"":""XRPUSDT"",""S"":""Buy"",""v"":""687.2"",""p"":""1.3973""}"
2026-09-07T01:43:22.847422Z,1788745402644,MARSCOINUSDT,Buy,29020,0.15793,"{""T"":1788745402644,""s"":""MARSCOINUSDT"",""S"":""Buy"",""v"":""29020"",""p"":""0.15793""}"
2026-09-07T01:43:22.858669Z,1788745402321,WLDUSDT,Buy,13035.1,0.4058,"{""T"":1788745402321,""s"":""WLDUSDT"",""S"":""Buy"",""v"":""13035.1"",""p"":""0.4058""}"
2026-09-07T01:43:22.997000Z,1788745402600,SPXUSDT,Buy,62,0.5555,"{""T"":1788745402600,""s"":""SPXUSDT"",""S"":""Buy"",""v"":""62"",""p"":""0.5555""}"
2026-09-07T01:43:23.135272Z,1788745402882,4USDT,Buy,33253,0.020464,"{""T"":1788745402882,""s"":""4USDT"",""S"":""Buy"",""v"":""33253"",""p"":""0.020464""}"
2026-09-07T01:43:23.312805Z,1788745402754,TRUMPUSDT,Buy,43.4,2.240,"{""T"":1788745402754,""s"":""TRUMPUSDT"",""S"":""Buy"",""v"":""43.4"",""p"":""2.240""}"
2026-09-07T01:43:24.837193Z,1788745404377,XRPUSDT,Buy,2532.2,1.3957,"{""T"":1788745404377,""s"":""XRPUSDT"",""S"":""Buy"",""v"":""2532.2"",""p"":""1.3957""}"
2026-09-07T01:43:24.837193Z,1788745404521,XRPUSDT,Buy,236.8,1.3956,"{""T"":1788745404521,""s"":""XRPUSDT"",""S"":""Buy"",""v"":""236.8"",""p"":""1.3956""}"
2026-09-07T01:43:25.313548Z,1788745404978,CHIPUSDT,Buy,26270,0.05624,"{""T"":1788745404978,""s"":""CHIPUSDT"",""S"":""Buy"",""v"":""26270"",""p"":""0.05624""}"
2026-09-07T01:43:30.135572Z,1788745409608,4USDT,Buy,923,0.020439,"{""T"":1788745409608,""s"":""4USDT"",""S"":""Buy"",""v"":""923"",""p"":""0.020439""}"
2026-09-07T01:43:32.562366Z,1788745412396,SOLUSDT,Buy,12.0,104.520,"{""T"":1788745412396,""s"":""SOLUSDT"",""S"":""Buy"",""v"":""12.0"",""p"":""104.520""}"
2026-09-07T01:43:33.328414Z,1788745412972,CPUSDT,Buy,570,0.02068,"{""T"":1788745412972,""s"":""CPUSDT"",""S"":""Buy"",""v"":""570"",""p"":""0.02068""}"
2026-09-07T01:43:34.825266Z,1788745414392,ENAUSDT,Buy,34,0.17132,"{""T"":1788745414392,""s"":""ENAUSDT"",""S"":""Buy"",""v"":""34"",""p"":""0.17132""}"
2026-09-07T01:43:44.635915Z,1788745424127,4USDT,Buy,705,0.020422,"{""T"":1788745424127,""s"":""4USDT"",""S"":""Buy"",""v"":""705"",""p"":""0.020422""}"
2026-09-07T01:43:50.493005Z,1788745430318,SUIUSDT,Buy,4300,0.78740,"{""T"":1788745430318,""s"":""SUIUSDT"",""S"":""Buy"",""v"":""4300"",""p"":""0.78740""}"
2026-09-07T01:43:50.515854Z,1788745430318,NEARUSDT,Buy,2383.8,2.3390,"{""T"":1788745430318,""s"":""NEARUSDT"",""S"":""Buy"",""v"":""2383.8"",""p"":""2.3390""}"
2026-09-07T01:43:52.325143Z,1788745431997,ENAUSDT,Buy,296,0.17079,"{""T"":1788745431997,""s"":""ENAUSDT"",""S"":""Buy"",""v"":""296"",""p"":""0.17079""}"
2026-09-07T01:43:52.812901Z,1788745432441,HYPEUSDT,Buy,16.48,85.970,"{""T"":1788745432441,""s"":""HYPEUSDT"",""S"":""Buy"",""v"":""16.48"",""p"":""85.970""}"
2026-09-07T01:43:52.859066Z,1788745432467,WLDUSDT,Buy,44025.8,0.4054,"{""T"":1788745432467,""s"":""WLDUSDT"",""S"":""Buy"",""v"":""44025.8"",""p"":""0.4054""}"
2026-09-07T01:43:52.914096Z,1788745432441,ZECUSDT,Buy,0.33,1173.67,"{""T"":1788745432441,""s"":""ZECUSDT"",""S"":""Buy"",""v"":""0.33"",""p"":""1173.67""}"
2026-09-07T01:43:53.565798Z,1788745433077,BTCUSDT,Buy,0.028,79539.40,"{""T"":1788745433077,""s"":""BTCUSDT"",""S"":""Buy"",""v"":""0.028"",""p"":""79539.40""}"
2026-09-07T01:43:54.837830Z,1788745434399,XRPUSDT,Buy,187.2,1.3954,"{""T"":1788745434399,""s"":""XRPUSDT"",""S"":""Buy"",""v"":""187.2"",""p"":""1.3954""}"
2026-09-07T01:43:55.913879Z,1788745435707,1000PEPEUSDT,Buy,3000,0.0035440,"{""T"":1788745435707,""s"":""1000PEPEUSDT"",""S"":""Buy"",""v"":""3000"",""p"":""0.0035440""}"
2026-09-07T01:43:58.828577Z,1788745438337,CPUSDT,Buy,430,0.02048,"{""T"":1788745438337,""s"":""CPUSDT"",""S"":""Buy"",""v"":""430"",""p"":""0.02048""}"
2026-09-07T01:44:04.135484Z,1788745444041,4USDT,Buy,151827,0.020339,"{""T"":1788745444041,""s"":""4USDT"",""S"":""Buy"",""v"":""151827"",""p"":""0.020339""}"
2026-09-07T01:44:43.914404Z,1788745483734,ZECUSDT,Buy,0.15,1173.27,"{""T"":1788745483734,""s"":""ZECUSDT"",""S"":""Buy"",""v"":""0.15"",""p"":""1173.27""}"
2026-09-07T01:46:05.636181Z,1788745565159,4USDT,Buy,150000,0.020268,"{""T"":1788745565159,""s"":""4USDT"",""S"":""Buy"",""v"":""150000"",""p"":""0.020268""}"
2026-09-07T01:46:05.636181Z,1788745565252,4USDT,Buy,277,0.020204,"{""T"":1788745565252,""s"":""4USDT"",""S"":""Buy"",""v"":""277"",""p"":""0.020204""}"
2026-09-07T01:46:05.636181Z,1788745565281,4USDT,Buy,4334,0.020208,"{""T"":1788745565281,""s"":""4USDT"",""S"":""Buy"",""v"":""4334"",""p"":""0.020208""}"
2026-09-07T01:46:06.134774Z,1788745565808,4USDT,Buy,771,0.020176,"{""T"":1788745565808,""s"":""4USDT"",""S"":""Buy"",""v"":""771"",""p"":""0.020176""}"
2026-09-07T01:46:06.635192Z,1788745566078,4USDT,Buy,19547,0.020228,"{""T"":1788745566078,""s"":""4USDT"",""S"":""Buy"",""v"":""19547"",""p"":""0.020228""}"
2026-09-07T01:46:06.635192Z,1788745566108,4USDT,Buy,98928,0.020134,"{""T"":1788745566108,""s"":""4USDT"",""S"":""Buy"",""v"":""98928"",""p"":""0.020134""}"
2026-09-07T01:46:08.135729Z,1788745567894,4USDT,Buy,2097,0.020107,"{""T"":1788745567894,""s"":""4USDT"",""S"":""Buy"",""v"":""2097"",""p"":""0.020107""}"
2026-09-07T01:46:08.135729Z,1788745567907,4USDT,Buy,18782,0.020115,"{""T"":1788745567907,""s"":""4USDT"",""S"":""Buy"",""v"":""18782"",""p"":""0.020115""}"
2026-09-07T01:46:08.837630Z,1788745568473,SUSHIUSDT,Buy,2499.1,0.23590,"{""T"":1788745568473,""s"":""SUSHIUSDT"",""S"":""Buy"",""v"":""2499.1"",""p"":""0.23590""}"
2026-09-07T01:46:09.635000Z,1788745569530,4USDT,Buy,4501,0.019869,"{""T"":1788745569530,""s"":""4USDT"",""S"":""Buy"",""v"":""4501"",""p"":""0.019869""}"
2026-09-07T01:46:10.135099Z,1788745569593,4USDT,Buy,8080,0.019840,"{""T"":1788745569593,""s"":""4USDT"",""S"":""Buy"",""v"":""8080"",""p"":""0.019840""}"
2026-09-07T01:46:12.635378Z,1788745572349,4USDT,Buy,35000,0.019666,"{""T"":1788745572349,""s"":""4USDT"",""S"":""Buy"",""v"":""35000"",""p"":""0.019666""}"
2026-09-07T01:46:15.413731Z,1788745575053,ZECUSDT,Buy,0.40,1170.11,"{""T"":1788745575053,""s"":""ZECUSDT"",""S"":""Buy"",""v"":""0.40"",""p"":""1170.11""}"
2026-09-07T01:46:15.413731Z,1788745575077,ZECUSDT,Buy,0.06,1170.25,"{""T"":1788745575077,""s"":""ZECUSDT"",""S"":""Buy"",""v"":""0.06"",""p"":""1170.25""}"
2026-09-07T01:46:20.413662Z,1788745580325,ZECUSDT,Buy,0.50,1168.50,"{""T"":1788745580325,""s"":""ZECUSDT"",""S"":""Buy"",""v"":""0.50"",""p"":""1168.50""}"
2026-09-07T01:46:20.515929Z,1788745580325,LTCUSDT,Buy,11.4,53.94,"{""T"":1788745580325,""s"":""LTCUSDT"",""S"":""Buy"",""v"":""11.4"",""p"":""53.94""}"
2026-09-07T01:46:21.913924Z,1788745581522,ZENUSDT,Buy,35.9,7.047,"{""T"":1788745581522,""s"":""ZENUSDT"",""S"":""Buy"",""v"":""35.9"",""p"":""7.047""}"
2026-09-07T01:46:21.914386Z,1788745581670,ZECUSDT,Buy,17.19,1166.13,"{""T"":1788745581670,""s"":""ZECUSDT"",""S"":""Buy"",""v"":""17.19"",""p"":""1166.13""}"
2026-09-07T01:46:22.413671Z,1788745581944,ZECUSDT,Buy,0.97,1166.27,"{""T"":1788745581944,""s"":""ZECUSDT"",""S"":""Buy"",""v"":""0.97"",""p"":""1166.27""}"
2026-09-07T01:46:22.413671Z,1788745582018,ZECUSDT,Buy,1.00,1167.11,"{""T"":1788745582018,""s"":""ZECUSDT"",""S"":""Buy"",""v"":""1.00"",""p"":""1167.11""}"
2026-09-07T01:46:22.413671Z,1788745582125,ZECUSDT,Buy,1.10,1167.54,"{""T"":1788745582125,""s"":""ZECUSDT"",""S"":""Buy"",""v"":""1.10"",""p"":""1167.54""}"
2026-09-07T01:46:22.413671Z,1788745582147,ZECUSDT,Buy,0.04,1167.68,"{""T"":1788745582147,""s"":""ZECUSDT"",""S"":""Buy"",""v"":""0.04"",""p"":""1167.68""}"
2026-09-07T01:46:22.413671Z,1788745582184,ZECUSDT,Buy,1.48,1165.30,"{""T"":1788745582184,""s"":""ZECUSDT"",""S"":""Buy"",""v"":""1.48"",""p"":""1165.30""}"
2026-09-07T01:46:23.847598Z,1788745583531,NAORISUSDT,Buy,35010,0.037550,"{""T"":1788745583531,""s"":""NAORISUSDT"",""S"":""Buy"",""v"":""35010"",""p"":""0.037550""}"
2026-09-07T01:46:25.324422Z,1788745584869,FARTCOINUSDT,Buy,1667,0.17079,"{""T"":1788745584869,""s"":""FARTCOINUSDT"",""S"":""Buy"",""v"":""1667"",""p"":""0.17079""}"
2026-09-07T01:46:25.824589Z,1788745585418,FARTCOINUSDT,Buy,3806,0.17096,"{""T"":1788745585418,""s"":""FARTCOINUSDT"",""S"":""Buy"",""v"":""3806"",""p"":""0.17096""}"
2026-09-07T01:46:25.824589Z,1788745585430,FARTCOINUSDT,Buy,21488,0.17092,"{""T"":1788745585430,""s"":""FARTCOINUSDT"",""S"":""Buy"",""v"":""21488"",""p"":""0.17092""}"
2026-09-07T01:46:25.824589Z,1788745585566,FARTCOINUSDT,Buy,8128,0.17091,"{""T"":1788745585566,""s"":""FARTCOINUSDT"",""S"":""Buy"",""v"":""8128"",""p"":""0.17091""}"
2026-09-07T01:46:25.824589Z,1788745585588,FARTCOINUSDT,Buy,11220,0.17093,"{""T"":1788745585588,""s"":""FARTCOINUSDT"",""S"":""Buy"",""v"":""11220"",""p"":""0.17093""}"
2026-09-07T01:46:25.991595Z,1788745585565,1000BONKUSDT,Buy,1700,0.0031630,"{""T"":1788745585565,""s"":""1000BONKUSDT"",""S"":""Buy"",""v"":""1700"",""p"":""0.0031630""}"
2026-09-07T01:46:25.996026Z,1788745585566,LINKUSDT,Buy,51.7,12.947,"{""T"":1788745585566,""s"":""LINKUSDT"",""S"":""Buy"",""v"":""51.7"",""p"":""12.947""}"
2026-09-07T01:46:40.828101Z,1788745600534,FARTCOINUSDT,Buy,88,0.17014,"{""T"":1788745600534,""s"":""FARTCOINUSDT"",""S"":""Buy"",""v"":""88"",""p"":""0.17014""}"
2026-09-07T01:46:41.313498Z,1788745600808,SKRUSDT,Buy,500,0.018961,"{""T"":1788745600808,""s"":""SKRUSDT"",""S"":""Buy"",""v"":""500"",""p"":""0.018961""}"
2026-09-07T01:46:48.828092Z,1788745608554,CPUSDT,Buy,1000,0.02014,"{""T"":1788745608554,""s"":""CPUSDT"",""S"":""Buy"",""v"":""1000"",""p"":""0.02014""}"
2026-09-07T01:47:06.135221Z,1788745625903,AKEUSDT,Sell,1100,0.0146090,"{""T"":1788745625903,""s"":""AKEUSDT"",""S"":""Sell"",""v"":""1100"",""p"":""0.0146090""}"
2026-09-07T01:47:30.328677Z,1788745650004,NIULAIUSDT,Buy,100,0.08720,"{""T"":1788745650004,""s"":""NIULAIUSDT"",""S"":""Buy"",""v"":""100"",""p"":""0.08720""}"
2026-09-07T01:47:34.812372Z,1788745654443,TRUMPUSDT,Buy,1245.2,2.236,"{""T"":1788745654443,""s"":""TRUMPUSDT"",""S"":""Buy"",""v"":""1245.2"",""p"":""2.236""}"
2026-09-07T01:47:34.812372Z,1788745654601,TRUMPUSDT,Buy,22.0,2.237,"{""T"":1788745654601,""s"":""TRUMPUSDT"",""S"":""Buy"",""v"":""22.0"",""p"":""2.237""}"
2026-09-07T01:47:35.312414Z,1788745654881,TRUMPUSDT,Buy,25.1,2.239,"{""T"":1788745654881,""s"":""TRUMPUSDT"",""S"":""Buy"",""v"":""25.1"",""p"":""2.239""}"
2026-09-07T01:47:35.812330Z,1788745655281,TRUMPUSDT,Buy,4.0,2.230,"{""T"":1788745655281,""s"":""TRUMPUSDT"",""S"":""Buy"",""v"":""4.0"",""p"":""2.230""}"
2026-09-07T01:47:35.812330Z,1788745655585,TRUMPUSDT,Buy,1500.0,2.221,"{""T"":1788745655585,""s"":""TRUMPUSDT"",""S"":""Buy"",""v"":""1500.0"",""p"":""2.221""}"
2026-09-07T01:47:35.812330Z,1788745655618,TRUMPUSDT,Buy,35.5,2.224,"{""T"":1788745655618,""s"":""TRUMPUSDT"",""S"":""Buy"",""v"":""35.5"",""p"":""2.224""}"
2026-09-07T01:47:36.312328Z,1788745655840,TRUMPUSDT,Buy,922.6,2.232,"{""T"":1788745655840,""s"":""TRUMPUSDT"",""S"":""Buy"",""v"":""922.6"",""p"":""2.232""}"
2026-09-07T01:47:36.312328Z,1788745656047,TRUMPUSDT,Buy,2591.1,2.224,"{""T"":1788745656047,""s"":""TRUMPUSDT"",""S"":""Buy"",""v"":""2591.1"",""p"":""2.224""}"
2026-09-07T01:47:36.312328Z,1788745656070,TRUMPUSDT,Buy,900.0,2.221,"{""T"":1788745656070,""s"":""TRUMPUSDT"",""S"":""Buy"",""v"":""900.0"",""p"":""2.221""}"
2026-09-07T01:48:16.913686Z,1788745696345,ARBUSDT,Buy,1999.3,0.18616,"{""T"":1788745696345,""s"":""ARBUSDT"",""S"":""Buy"",""v"":""1999.3"",""p"":""0.18616""}"
2026-09-07T01:48:17.985900Z,1788745697663,ORCAUSDT,Sell,43.2,1.7083,"{""T"":1788745697663,""s"":""ORCAUSDT"",""S"":""Sell"",""v"":""43.2"",""p"":""1.7083""}"
2026-09-07T01:48:18.485843Z,1788745698342,ORCAUSDT,Sell,62.4,1.7070,"{""T"":1788745698342,""s"":""ORCAUSDT"",""S"":""Sell"",""v"":""62.4"",""p"":""1.7070""}"
2026-09-07T01:48:28.847512Z,1788745708512,NAORISUSDT,Buy,14810,0.036270,"{""T"":1788745708512,""s"":""NAORISUSDT"",""S"":""Buy"",""v"":""14810"",""p"":""0.036270""}"
2026-09-07T01:48:28.847512Z,1788745708572,NAORISUSDT,Buy,76550,0.036470,"{""T"":1788745708572,""s"":""NAORISUSDT"",""S"":""Buy"",""v"":""76550"",""p"":""0.036470""}"
2026-09-07T01:48:29.635368Z,1788745709397,AKEUSDT,Sell,22000,0.0147620,"{""T"":1788745709397,""s"":""AKEUSDT"",""S"":""Sell"",""v"":""22000"",""p"":""0.0147620""}"
2026-09-07T01:48:29.848028Z,1788745709550,NAORISUSDT,Buy,9690,0.036250,"{""T"":1788745709550,""s"":""NAORISUSDT"",""S"":""Buy"",""v"":""9690"",""p"":""0.036250""}"
2026-09-07T01:48:38.135187Z,1788745717870,STRKUSDT,Buy,20828.1,0.03060,"{""T"":1788745717870,""s"":""STRKUSDT"",""S"":""Buy"",""v"":""20828.1"",""p"":""0.03060""}"
2026-09-07T01:48:38.324206Z,1788745717870,ENAUSDT,Buy,34557,0.17090,"{""T"":1788745717870,""s"":""ENAUSDT"",""S"":""Buy"",""v"":""34557"",""p"":""0.17090""}"
2026-09-07T01:48:38.414129Z,1788745717870,UNIUSDT,Buy,443.5,7.073,"{""T"":1788745717870,""s"":""UNIUSDT"",""S"":""Buy"",""v"":""443.5"",""p"":""7.073""}"
2026-09-07T01:48:38.414629Z,1788745717870,ARBUSDT,Buy,32036.5,0.18593,"{""T"":1788745717870,""s"":""ARBUSDT"",""S"":""Buy"",""v"":""32036.5"",""p"":""0.18593""}"
2026-09-07T01:48:40.992234Z,1788745720475,1000BONKUSDT,Buy,143100,0.0031420,"{""T"":1788745720475,""s"":""1000BONKUSDT"",""S"":""Buy"",""v"":""143100"",""p"":""0.0031420""}"
2026-09-07T01:48:43.913552Z,1788745723481,ARBUSDT,Buy,949.1,0.18581,"{""T"":1788745723481,""s"":""ARBUSDT"",""S"":""Buy"",""v"":""949.1"",""p"":""0.18581""}"
2026-09-07T01:48:45.324598Z,1788745725200,FARTCOINUSDT,Buy,525,0.16979,"{""T"":1788745725200,""s"":""FARTCOINUSDT"",""S"":""Buy"",""v"":""525"",""p"":""0.16979""}"
2026-09-07T01:48:47.324745Z,1788745726859,FARTCOINUSDT,Buy,2913,0.16950,"{""T"":1788745726859,""s"":""FARTCOINUSDT"",""S"":""Buy"",""v"":""2913"",""p"":""0.16950""}"
2026-09-07T01:49:05.328847Z,1788745744911,NIULAIUSDT,Buy,2800,0.08672,"{""T"":1788745744911,""s"":""NIULAIUSDT"",""S"":""Buy"",""v"":""2800"",""p"":""0.08672""}"
2026-09-07T01:51:58.324941Z,1788745918210,RAYDIUMUSDT,Sell,206.3,1.2691,"{""T"":1788745918210,""s"":""RAYDIUMUSDT"",""S"":""Sell"",""v"":""206.3"",""p"":""1.2691""}"
2026-09-07T01:53:35.914140Z,1788746015554,ARBUSDT,Sell,368.2,0.19176,"{""T"":1788746015554,""s"":""ARBUSDT"",""S"":""Sell"",""v"":""368.2"",""p"":""0.19176""}"
2026-09-07T01:55:09.996678Z,1788746109419,FLOCKUSDT,Buy,3161,0.07129,"{""T"":1788746109419,""s"":""FLOCKUSDT"",""S"":""Buy"",""v"":""3161"",""p"":""0.07129""}"
2026-09-07T01:55:09.996678Z,1788746109667,FLOCKUSDT,Buy,5578,0.07143,"{""T"":1788746109667,""s"":""FLOCKUSDT"",""S"":""Buy"",""v"":""5578"",""p"":""0.07143""}"
2026-09-07T01:55:58.986201Z,1788746158880,SOXLUSDT,Sell,1.10,126.56,"{""T"":1788746158880,""s"":""SOXLUSDT"",""S"":""Sell"",""v"":""1.10"",""p"":""126.56""}"
2026-09-07T01:55:59.986389Z,1788746159616,SOXLUSDT,Sell,78.97,126.51,"{""T"":1788746159616,""s"":""SOXLUSDT"",""S"":""Sell"",""v"":""78.97"",""p"":""126.51""}"
2026-09-07T01:56:15.486513Z,1788746174906,SOXLUSDT,Sell,0.56,126.74,"{""T"":1788746174906,""s"":""SOXLUSDT"",""S"":""Sell"",""v"":""0.56"",""p"":""126.74""}"
2026-09-07T01:56:19.492110Z,1788746179143,1000BONKUSDT,Buy,1000000,0.0031310,"{""T"":1788746179143,""s"":""1000BONKUSDT"",""S"":""Buy"",""v"":""1000000"",""p"":""0.0031310""}"
2026-09-07T01:57:10.487093Z,1788746229905,SOXLUSDT,Sell,0.06,127.17,"{""T"":1788746229905,""s"":""SOXLUSDT"",""S"":""Sell"",""v"":""0.06"",""p"":""127.17""}"
2026-09-07T01:59:48.828926Z,1788746388481,CPUSDT,Buy,2590,0.01993,"{""T"":1788746388481,""s"":""CPUSDT"",""S"":""Buy"",""v"":""2590"",""p"":""0.01993""}"
2026-09-07T02:00:53.328607Z,1788746452855,PONSUSDT,Buy,193,0.7802,"{""T"":1788746452855,""s"":""PONSUSDT"",""S"":""Buy"",""v"":""193"",""p"":""0.7802""}"
2026-09-07T02:00:54.328345Z,1788746454192,PONSUSDT,Buy,23,0.7770,"{""T"":1788746454192,""s"":""PONSUSDT"",""S"":""Buy"",""v"":""23"",""p"":""0.7770""}"
2026-09-07T02:00:55.828367Z,1788746455450,PONSUSDT,Buy,15,0.7764,"{""T"":1788746455450,""s"":""PONSUSDT"",""S"":""Buy"",""v"":""15"",""p"":""0.7764""}"
2026-09-07T02:01:13.414497Z,1788746472846,ZECUSDT,Sell,0.10,1195.71,"{""T"":1788746472846,""s"":""ZECUSDT"",""S"":""Sell"",""v"":""0.10"",""p"":""1195.71""}"
2026-09-07T02:01:13.828541Z,1788746473730,PONSUSDT,Buy,27,0.7737,"{""T"":1788746473730,""s"":""PONSUSDT"",""S"":""Buy"",""v"":""27"",""p"":""0.7737""}"
2026-09-07T02:01:16.329077Z,1788746475813,PONSUSDT,Buy,110,0.7720,"{""T"":1788746475813,""s"":""PONSUSDT"",""S"":""Buy"",""v"":""110"",""p"":""0.7720""}"
2026-09-07T02:01:20.813059Z,1788746480506,ZAMAUSDT,Buy,475,0.05434,"{""T"":1788746480506,""s"":""ZAMAUSDT"",""S"":""Buy"",""v"":""475"",""p"":""0.05434""}"
2026-09-07T02:01:40.837517Z,1788746500438,SUSHIUSDT,Sell,0.2,0.24180,"{""T"":1788746500438,""s"":""SUSHIUSDT"",""S"":""Sell"",""v"":""0.2"",""p"":""0.24180""}"
2026-09-07T02:02:19.991562Z,1788746539730,1000BONKUSDT,Buy,18200,0.0031140,"{""T"":1788746539730,""s"":""1000BONKUSDT"",""S"":""Buy"",""v"":""18200"",""p"":""0.0031140""}"
2026-09-07T02:02:20.491716Z,1788746540313,1000BONKUSDT,Buy,75000,0.0031150,"{""T"":1788746540313,""s"":""1000BONKUSDT"",""S"":""Buy"",""v"":""75000"",""p"":""0.0031150""}"
2026-09-07T02:02:20.991817Z,1788746540432,1000BONKUSDT,Buy,16700,0.0031120,"{""T"":1788746540432,""s"":""1000BONKUSDT"",""S"":""Buy"",""v"":""16700"",""p"":""0.0031120""}"
2026-09-07T02:02:24.828845Z,1788746544529,PONSUSDT,Buy,11,0.7716,"{""T"":1788746544529,""s"":""PONSUSDT"",""S"":""Buy"",""v"":""11"",""p"":""0.7716""}"
2026-09-07T02:02:30.328513Z,1788746549874,PONSUSDT,Buy,440,0.7700,"{""T"":1788746549874,""s"":""PONSUSDT"",""S"":""Buy"",""v"":""440"",""p"":""0.7700""}"
2026-09-07T02:03:03.986160Z,1788746583543,ORCAUSDT,Sell,52.7,1.7306,"{""T"":1788746583543,""s"":""ORCAUSDT"",""S"":""Sell"",""v"":""52.7"",""p"":""1.7306""}"
2026-09-07T02:03:19.991703Z,1788746599616,1000BONKUSDT,Buy,1668600,0.0031010,"{""T"":1788746599616,""s"":""1000BONKUSDT"",""S"":""Buy"",""v"":""1668600"",""p"":""0.0031010""}"
2026-09-07T02:04:03.496667Z,1788746642961,FLOCKUSDT,Buy,4728,0.07109,"{""T"":1788746642961,""s"":""FLOCKUSDT"",""S"":""Buy"",""v"":""4728"",""p"":""0.07109""}"
2026-09-07T02:04:11.986302Z,1788746651566,ORCAUSDT,Sell,358.4,1.7418,"{""T"":1788746651566,""s"":""ORCAUSDT"",""S"":""Sell"",""v"":""358.4"",""p"":""1.7418""}"
2026-09-07T02:04:12.486101Z,1788746652190,ORCAUSDT,Sell,535.2,1.7452,"{""T"":1788746652190,""s"":""ORCAUSDT"",""S"":""Sell"",""v"":""535.2"",""p"":""1.7452""}"
2026-09-07T02:04:12.985931Z,1788746652585,ORCAUSDT,Sell,17.2,1.7491,"{""T"":1788746652585,""s"":""ORCAUSDT"",""S"":""Sell"",""v"":""17.2"",""p"":""1.7491""}"
2026-09-07T02:04:58.515805Z,1788746698297,MNTUSDT,Sell,1413.8,0.63280,"{""T"":1788746698297,""s"":""MNTUSDT"",""S"":""Sell"",""v"":""1413.8"",""p"":""0.63280""}"
2026-09-07T02:05:20.995783Z,1788746720806,SUIUSDT,Buy,40,0.78650,"{""T"":1788746720806,""s"":""SUIUSDT"",""S"":""Buy"",""v"":""40"",""p"":""0.78650""}"
2026-09-07T02:05:21.358821Z,1788746720806,WLDUSDT,Buy,82.3,0.4061,"{""T"":1788746720806,""s"":""WLDUSDT"",""S"":""Buy"",""v"":""82.3"",""p"":""0.4061""}"
2026-09-07T02:05:51.829385Z,1788746751725,PONSUSDT,Buy,163,0.7649,"{""T"":1788746751725,""s"":""PONSUSDT"",""S"":""Buy"",""v"":""163"",""p"":""0.7649""}"
2026-09-07T02:07:30.063355Z,1788746849735,SOLUSDT,Buy,6.0,104.360,"{""T"":1788746849735,""s"":""SOLUSDT"",""S"":""Buy"",""v"":""6.0"",""p"":""104.360""}"
2026-09-07T02:07:30.063355Z,1788746849824,SOLUSDT,Buy,99.7,104.400,"{""T"":1788746849824,""s"":""SOLUSDT"",""S"":""Buy"",""v"":""99.7"",""p"":""104.400""}"
2026-09-07T02:07:30.063355Z,1788746849950,SOLUSDT,Buy,54.9,104.360,"{""T"":1788746849950,""s"":""SOLUSDT"",""S"":""Buy"",""v"":""54.9"",""p"":""104.360""}"
2026-09-07T02:07:30.337028Z,1788746850072,XRPUSDT,Buy,91.9,1.3948,"{""T"":1788746850072,""s"":""XRPUSDT"",""S"":""Buy"",""v"":""91.9"",""p"":""1.3948""}"
2026-09-07T02:07:30.455403Z,1788746850231,ETHUSDT,Buy,17.73,2489.34,"{""T"":1788746850231,""s"":""ETHUSDT"",""S"":""Buy"",""v"":""17.73"",""p"":""2489.34""}"
2026-09-07T02:07:35.455571Z,1788746855266,ETHUSDT,Buy,39.12,2489.23,"{""T"":1788746855266,""s"":""ETHUSDT"",""S"":""Buy"",""v"":""39.12"",""p"":""2489.23""}"
2026-09-07T02:07:35.565399Z,1788746855266,BTCUSDT,Buy,1.158,79505.90,"{""T"":1788746855266,""s"":""BTCUSDT"",""S"":""Buy"",""v"":""1.158"",""p"":""79505.90""}"
2026-09-07T02:08:01.816499Z,1788746881580,XPLUSDT,Buy,5232,0.08692,"{""T"":1788746881580,""s"":""XPLUSDT"",""S"":""Buy"",""v"":""5232"",""p"":""0.08692""}"
2026-09-07T02:08:23.847704Z,1788746903475,MARSCOINUSDT,Sell,1920,0.16996,"{""T"":1788746903475,""s"":""MARSCOINUSDT"",""S"":""Sell"",""v"":""1920"",""p"":""0.16996""}"
2026-09-07T02:08:55.828567Z,1788746935518,PONSUSDT,Buy,103,0.7633,"{""T"":1788746935518,""s"":""PONSUSDT"",""S"":""Buy"",""v"":""103"",""p"":""0.7633""}"
2026-09-07T02:09:06.914741Z,1788746946378,ARBUSDT,Buy,38.2,0.18564,"{""T"":1788746946378,""s"":""ARBUSDT"",""S"":""Buy"",""v"":""38.2"",""p"":""0.18564""}"
2026-09-07T02:09:16.413816Z,1788746956196,ARBUSDT,Buy,364.4,0.18504,"{""T"":1788746956196,""s"":""ARBUSDT"",""S"":""Buy"",""v"":""364.4"",""p"":""0.18504""}"
2026-09-07T02:09:16.413816Z,1788746956242,ARBUSDT,Buy,100.0,0.18516,"{""T"":1788746956242,""s"":""ARBUSDT"",""S"":""Buy"",""v"":""100.0"",""p"":""0.18516""}"
2026-09-07T02:09:17.328560Z,1788746957158,PONSUSDT,Buy,17,0.7630,"{""T"":1788746957158,""s"":""PONSUSDT"",""S"":""Buy"",""v"":""17"",""p"":""0.7630""}"
2026-09-07T02:09:24.914558Z,1788746964611,ARBUSDT,Buy,17855.2,0.18464,"{""T"":1788746964611,""s"":""ARBUSDT"",""S"":""Buy"",""v"":""17855.2"",""p"":""0.18464""}"
2026-09-07T02:09:28.992218Z,1788746968665,OPUSDT,Buy,3082.7,0.10688,"{""T"":1788746968665,""s"":""OPUSDT"",""S"":""Buy"",""v"":""3082.7"",""p"":""0.10688""}"
2026-09-07T02:09:48.837352Z,1788746988544,SUSHIUSDT,Buy,3899.7,0.23420,"{""T"":1788746988544,""s"":""SUSHIUSDT"",""S"":""Buy"",""v"":""3899.7"",""p"":""0.23420""}"
2026-09-07T02:09:55.313397Z,1788746994932,SKRUSDT,Buy,46180,0.018880,"{""T"":1788746994932,""s"":""SKRUSDT"",""S"":""Buy"",""v"":""46180"",""p"":""0.018880""}"
2026-09-07T02:09:58.828745Z,1788746998298,PONSUSDT,Buy,9,0.7578,"{""T"":1788746998298,""s"":""PONSUSDT"",""S"":""Buy"",""v"":""9"",""p"":""0.7578""}"
2026-09-07T02:09:58.828745Z,1788746998404,PONSUSDT,Buy,15355,0.7581,"{""T"":1788746998404,""s"":""PONSUSDT"",""S"":""Buy"",""v"":""15355"",""p"":""0.7581""}"
2026-09-07T02:09:59.328372Z,1788746998876,PONSUSDT,Buy,355,0.7571,"{""T"":1788746998876,""s"":""PONSUSDT"",""S"":""Buy"",""v"":""355"",""p"":""0.7571""}"
2026-09-07T02:10:03.324546Z,1788747002803,RAYDIUMUSDT,Buy,137.7,1.2017,"{""T"":1788747002803,""s"":""RAYDIUMUSDT"",""S"":""Buy"",""v"":""137.7"",""p"":""1.2017""}"
2026-09-07T02:10:08.413682Z,1788747008210,ZECUSDT,Sell,2.00,1190.94,"{""T"":1788747008210,""s"":""ZECUSDT"",""S"":""Sell"",""v"":""2.00"",""p"":""1190.94""}"
2026-09-07T02:10:08.486074Z,1788747008210,SOXLUSDT,Sell,50.00,127.53,"{""T"":1788747008210,""s"":""SOXLUSDT"",""S"":""Sell"",""v"":""50.00"",""p"":""127.53""}"
2026-09-07T02:10:27.328010Z,1788747026777,RAYDIUMUSDT,Buy,6.7,1.1958,"{""T"":1788747026777,""s"":""RAYDIUMUSDT"",""S"":""Buy"",""v"":""6.7"",""p"":""1.1958""}"
2026-09-07T02:10:27.328010Z,1788747026971,RAYDIUMUSDT,Buy,90.2,1.1973,"{""T"":1788747026971,""s"":""RAYDIUMUSDT"",""S"":""Buy"",""v"":""90.2"",""p"":""1.1973""}"
2026-09-07T02:10:27.328010Z,1788747027079,RAYDIUMUSDT,Buy,1832.2,1.1948,"{""T"":1788747027079,""s"":""RAYDIUMUSDT"",""S"":""Buy"",""v"":""1832.2"",""p"":""1.1948""}"
2026-09-07T02:10:28.986065Z,1788747028852,SOXLUSDT,Sell,7.98,127.60,"{""T"":1788747028852,""s"":""SOXLUSDT"",""S"":""Sell"",""v"":""7.98"",""p"":""127.60""}"
2026-09-07T02:10:34.837518Z,1788747034302,XRPUSDT,Buy,5247.0,1.3943,"{""T"":1788747034302,""s"":""XRPUSDT"",""S"":""Buy"",""v"":""5247.0"",""p"":""1.3943""}"
2026-09-07T02:10:38.337189Z,1788747037850,XRPUSDT,Buy,6.2,1.3941,"{""T"":1788747037850,""s"":""XRPUSDT"",""S"":""Buy"",""v"":""6.2"",""p"":""1.3941""}"
2026-09-07T02:10:52.917322Z,1788747052588,ADAUSDT,Buy,60000,0.2185,"{""T"":1788747052588,""s"":""ADAUSDT"",""S"":""Buy"",""v"":""60000"",""p"":""0.2185""}"
2026-09-07T02:11:32.996473Z,1788747092585,INJUSDT,Sell,25.9,5.5650,"{""T"":1788747092585,""s"":""INJUSDT"",""S"":""Sell"",""v"":""25.9"",""p"":""5.5650""}"
2026-09-07T02:11:36.824755Z,1788747096403,RAYDIUMUSDT,Buy,15.0,1.1938,"{""T"":1788747096403,""s"":""RAYDIUMUSDT"",""S"":""Buy"",""v"":""15.0"",""p"":""1.1938""}"
2026-09-07T02:11:38.824596Z,1788747098504,RAYDIUMUSDT,Buy,250.2,1.1909,"{""T"":1788747098504,""s"":""RAYDIUMUSDT"",""S"":""Buy"",""v"":""250.2"",""p"":""1.1909""}"
2026-09-07T02:11:45.015078Z,1788747104814,NEARUSDT,Sell,7.4,2.3950,"{""T"":1788747104814,""s"":""NEARUSDT"",""S"":""Sell"",""v"":""7.4"",""p"":""2.3950""}"
2026-09-07T02:12:10.828974Z,1788747130573,CPUSDT,Sell,850,0.02179,"{""T"":1788747130573,""s"":""CPUSDT"",""S"":""Sell"",""v"":""850"",""p"":""0.02179""}"
2026-09-07T02:12:46.328668Z,1788747165869,PONSUSDT,Buy,160,0.7549,"{""T"":1788747165869,""s"":""PONSUSDT"",""S"":""Buy"",""v"":""160"",""p"":""0.7549""}"
2026-09-07T02:12:53.329053Z,1788747173234,PONSUSDT,Buy,897,0.7534,"{""T"":1788747173234,""s"":""PONSUSDT"",""S"":""Buy"",""v"":""897"",""p"":""0.7534""}"
2026-09-07T02:12:53.828333Z,1788747173369,PONSUSDT,Buy,1581,0.7527,"{""T"":1788747173369,""s"":""PONSUSDT"",""S"":""Buy"",""v"":""1581"",""p"":""0.7527""}"
2026-09-07T02:12:55.328486Z,1788747175090,PONSUSDT,Buy,358,0.7515,"{""T"":1788747175090,""s"":""PONSUSDT"",""S"":""Buy"",""v"":""358"",""p"":""0.7515""}"
2026-09-07T02:12:55.828523Z,1788747175393,PONSUSDT,Buy,123,0.7508,"{""T"":1788747175393,""s"":""PONSUSDT"",""S"":""Buy"",""v"":""123"",""p"":""0.7508""}"
2026-09-07T02:12:55.828523Z,1788747175516,PONSUSDT,Buy,606,0.7466,"{""T"":1788747175516,""s"":""PONSUSDT"",""S"":""Buy"",""v"":""606"",""p"":""0.7466""}"
2026-09-07T02:12:55.828523Z,1788747175623,PONSUSDT,Buy,7776,0.7495,"{""T"":1788747175623,""s"":""PONSUSDT"",""S"":""Buy"",""v"":""7776"",""p"":""0.7495""}"
2026-09-07T02:12:56.328770Z,1788747175801,PONSUSDT,Buy,1248,0.7500,"{""T"":1788747175801,""s"":""PONSUSDT"",""S"":""Buy"",""v"":""1248"",""p"":""0.7500""}"
2026-09-07T02:12:56.328770Z,1788747175824,PONSUSDT,Buy,48,0.7494,"{""T"":1788747175824,""s"":""PONSUSDT"",""S"":""Buy"",""v"":""48"",""p"":""0.7494""}"
2026-09-07T02:12:56.328770Z,1788747175844,PONSUSDT,Buy,50,0.7501,"{""T"":1788747175844,""s"":""PONSUSDT"",""S"":""Buy"",""v"":""50"",""p"":""0.7501""}"
2026-09-07T02:12:56.328770Z,1788747175890,PONSUSDT,Buy,558,0.7463,"{""T"":1788747175890,""s"":""PONSUSDT"",""S"":""Buy"",""v"":""558"",""p"":""0.7463""}"
2026-09-07T02:12:56.328770Z,1788747175892,PONSUSDT,Buy,7738,0.7506,"{""T"":1788747175892,""s"":""PONSUSDT"",""S"":""Buy"",""v"":""7738"",""p"":""0.7506""}"
2026-09-07T02:13:17.324978Z,1788747196969,RAYDIUMUSDT,Buy,297.5,1.1876,"{""T"":1788747196969,""s"":""RAYDIUMUSDT"",""S"":""Buy"",""v"":""297.5"",""p"":""1.1876""}"
2026-09-07T02:13:17.324978Z,1788747197231,RAYDIUMUSDT,Buy,1679.2,1.1875,"{""T"":1788747197231,""s"":""RAYDIUMUSDT"",""S"":""Buy"",""v"":""1679.2"",""p"":""1.1875""}"
2026-09-07T02:13:20.824522Z,1788747200254,RAYDIUMUSDT,Buy,280.6,1.1848,"{""T"":1788747200254,""s"":""RAYDIUMUSDT"",""S"":""Buy"",""v"":""280.6"",""p"":""1.1848""}"
2026-09-07T02:13:20.824522Z,1788747200583,RAYDIUMUSDT,Buy,320.6,1.1735,"{""T"":1788747200583,""s"":""RAYDIUMUSDT"",""S"":""Buy"",""v"":""320.6"",""p"":""1.1735""}"
2026-09-07T02:13:21.324491Z,1788747200861,RAYDIUMUSDT,Buy,807.9,1.1784,"{""T"":1788747200861,""s"":""RAYDIUMUSDT"",""S"":""Buy"",""v"":""807.9"",""p"":""1.1784""}"
2026-09-07T02:13:21.324491Z,1788747200936,RAYDIUMUSDT,Buy,727.8,1.1778,"{""T"":1788747200936,""s"":""RAYDIUMUSDT"",""S"":""Buy"",""v"":""727.8"",""p"":""1.1778""}"
2026-09-07T02:14:38.813012Z,1788747278500,PUMPFUNUSDT,Sell,7800,0.0039510,"{""T"":1788747278500,""s"":""PUMPFUNUSDT"",""S"":""Sell"",""v"":""7800"",""p"":""0.0039510""}"
2026-09-07T02:15:14.824883Z,1788747314667,FARTCOINUSDT,Buy,233,0.16904,"{""T"":1788747314667,""s"":""FARTCOINUSDT"",""S"":""Buy"",""v"":""233"",""p"":""0.16904""}"
2026-09-07T02:15:15.324910Z,1788747314961,FARTCOINUSDT,Buy,1574,0.16911,"{""T"":1788747314961,""s"":""FARTCOINUSDT"",""S"":""Buy"",""v"":""1574"",""p"":""0.16911""}"
2026-09-07T02:15:15.824520Z,1788747315463,FARTCOINUSDT,Buy,107,0.16897,"{""T"":1788747315463,""s"":""FARTCOINUSDT"",""S"":""Buy"",""v"":""107"",""p"":""0.16897""}"
2026-09-07T02:15:16.824517Z,1788747316320,FARTCOINUSDT,Buy,651,0.16893,"{""T"":1788747316320,""s"":""FARTCOINUSDT"",""S"":""Buy"",""v"":""651"",""p"":""0.16893""}"
2026-09-07T02:15:17.324466Z,1788747316987,FARTCOINUSDT,Buy,139,0.16887,"{""T"":1788747316987,""s"":""FARTCOINUSDT"",""S"":""Buy"",""v"":""139"",""p"":""0.16887""}"
2026-09-07T02:15:18.986016Z,1788747318644,ORCAUSDT,Buy,25.7,1.6303,"{""T"":1788747318644,""s"":""ORCAUSDT"",""S"":""Buy"",""v"":""25.7"",""p"":""1.6303""}"
2026-09-07T02:15:21.986386Z,1788747321809,ORCAUSDT,Buy,13.5,1.6246,"{""T"":1788747321809,""s"":""ORCAUSDT"",""S"":""Buy"",""v"":""13.5"",""p"":""1.6246""}"
2026-09-07T02:15:41.496974Z,1788747341219,FLOCKUSDT,Sell,610,0.07719,"{""T"":1788747341219,""s"":""FLOCKUSDT"",""S"":""Sell"",""v"":""610"",""p"":""0.07719""}"
2026-09-07T02:15:48.824726Z,1788747348415,FARTCOINUSDT,Buy,8971,0.16876,"{""T"":1788747348415,""s"":""FARTCOINUSDT"",""S"":""Buy"",""v"":""8971"",""p"":""0.16876""}"
2026-09-07T02:16:17.516065Z,1788747377144,MNTUSDT,Sell,74.0,0.63400,"{""T"":1788747377144,""s"":""MNTUSDT"",""S"":""Sell"",""v"":""74.0"",""p"":""0.63400""}"
2026-09-07T02:16:25.516269Z,1788747385154,MNTUSDT,Sell,40.0,0.63440,"{""T"":1788747385154,""s"":""MNTUSDT"",""S"":""Sell"",""v"":""40.0"",""p"":""0.63440""}"
2026-09-07T02:18:26.515564Z,1788747506196,MNTUSDT,Sell,319.8,0.63520,"{""T"":1788747506196,""s"":""MNTUSDT"",""S"":""Sell"",""v"":""319.8"",""p"":""0.63520""}"
2026-09-07T02:18:48.486246Z,1788747528318,ORCAUSDT,Sell,6.0,1.7188,"{""T"":1788747528318,""s"":""ORCAUSDT"",""S"":""Sell"",""v"":""6.0"",""p"":""1.7188""}"
2026-09-07T02:19:01.515611Z,1788747541314,MNTUSDT,Sell,459.6,0.63560,"{""T"":1788747541314,""s"":""MNTUSDT"",""S"":""Sell"",""v"":""459.6"",""p"":""0.63560""}"
2026-09-07T02:19:12.814013Z,1788747552525,WLFIUSDT,Sell,1,0.05710,"{""T"":1788747552525,""s"":""WLFIUSDT"",""S"":""Sell"",""v"":""1"",""p"":""0.05710""}"
2026-09-07T02:19:31.407477Z,1788747571149,CRVUSDT,Sell,2785.3,0.3961,"{""T"":1788747571149,""s"":""CRVUSDT"",""S"":""Sell"",""v"":""2785.3"",""p"":""0.3961""}"
2026-09-07T02:19:46.986386Z,1788747586739,ORCAUSDT,Sell,90.0,1.7330,"{""T"":1788747586739,""s"":""ORCAUSDT"",""S"":""Sell"",""v"":""90.0"",""p"":""1.7330""}"
2026-09-07T02:19:47.496122Z,1788747587038,COTIUSDT,Buy,15532,0.016621,"{""T"":1788747587038,""s"":""COTIUSDT"",""S"":""Buy"",""v"":""15532"",""p"":""0.016621""}"
2026-09-07T02:19:59.407562Z,1788747598838,CRVUSDT,Sell,277.3,0.3964,"{""T"":1788747598838,""s"":""CRVUSDT"",""S"":""Sell"",""v"":""277.3"",""p"":""0.3964""}"
2026-09-07T02:20:02.015381Z,1788747601637,MNTUSDT,Sell,11.7,0.63580,"{""T"":1788747601637,""s"":""MNTUSDT"",""S"":""Sell"",""v"":""11.7"",""p"":""0.63580""}"
2026-09-07T02:20:02.015381Z,1788747601865,MNTUSDT,Sell,55.1,0.63580,"{""T"":1788747601865,""s"":""MNTUSDT"",""S"":""Sell"",""v"":""55.1"",""p"":""0.63580""}"
2026-09-07T02:20:07.485793Z,1788747607272,ORCAUSDT,Sell,19.0,1.7388,"{""T"":1788747607272,""s"":""ORCAUSDT"",""S"":""Sell"",""v"":""19.0"",""p"":""1.7388""}"
2026-09-07T02:20:30.491588Z,1788747630060,OPUSDT,Sell,0.6,0.11006,"{""T"":1788747630060,""s"":""OPUSDT"",""S"":""Sell"",""v"":""0.6"",""p"":""0.11006""}"
2026-09-07T02:21:26.635596Z,1788747686529,STRKUSDT,Sell,16982.7,0.03172,"{""T"":1788747686529,""s"":""STRKUSDT"",""S"":""Sell"",""v"":""16982.7"",""p"":""0.03172""}"
2026-09-07T02:22:16.016542Z,1788747735472,TAOUSDT,Sell,15.000,271.38,"{""T"":1788747735472,""s"":""TAOUSDT"",""S"":""Sell"",""v"":""15.000"",""p"":""271.38""}"
2026-09-07T02:22:25.812943Z,1788747745304,ASTERUSDT,Sell,38,0.7969,"{""T"":1788747745304,""s"":""ASTERUSDT"",""S"":""Sell"",""v"":""38"",""p"":""0.7969""}"
2026-09-07T02:22:38.495660Z,1788747758295,1000BONKUSDT,Buy,252500,0.0030750,"{""T"":1788747758295,""s"":""1000BONKUSDT"",""S"":""Buy"",""v"":""252500"",""p"":""0.0030750""}"
2026-09-07T02:26:58.329549Z,1788748017752,CPUSDT,Sell,1620,0.02185,"{""T"":1788748017752,""s"":""CPUSDT"",""S"":""Sell"",""v"":""1620"",""p"":""0.02185""}"
2026-09-07T02:28:03.996000Z,1788748083542,DASHUSDT,Sell,14.51,70.87,"{""T"":1788748083542,""s"":""DASHUSDT"",""S"":""Sell"",""v"":""14.51"",""p"":""70.87""}"
2026-09-07T02:29:20.828386Z,1788748160295,PONSUSDT,Buy,19,0.7437,"{""T"":1788748160295,""s"":""PONSUSDT"",""S"":""Buy"",""v"":""19"",""p"":""0.7437""}"
2026-09-07T02:29:23.828265Z,1788748163354,PONSUSDT,Buy,53,0.7422,"{""T"":1788748163354,""s"":""PONSUSDT"",""S"":""Buy"",""v"":""53"",""p"":""0.7422""}"
2026-09-07T02:29:25.328311Z,1788748165054,PONSUSDT,Buy,37,0.7418,"{""T"":1788748165054,""s"":""PONSUSDT"",""S"":""Buy"",""v"":""37"",""p"":""0.7418""}"
2026-09-07T02:29:26.828175Z,1788748166543,PONSUSDT,Buy,930,0.7405,"{""T"":1788748166543,""s"":""PONSUSDT"",""S"":""Buy"",""v"":""930"",""p"":""0.7405""}"
2026-09-07T02:29:27.828292Z,1788748167255,PONSUSDT,Buy,91,0.7404,"{""T"":1788748167255,""s"":""PONSUSDT"",""S"":""Buy"",""v"":""91"",""p"":""0.7404""}"
2026-09-07T02:29:27.828292Z,1788748167335,PONSUSDT,Buy,99,0.7402,"{""T"":1788748167335,""s"":""PONSUSDT"",""S"":""Buy"",""v"":""99"",""p"":""0.7402""}"
2026-09-07T02:29:30.955481Z,1788748170532,ETHUSDT,Sell,0.23,2518.16,"{""T"":1788748170532,""s"":""ETHUSDT"",""S"":""Sell"",""v"":""0.23"",""p"":""2518.16""}"
2026-09-07T02:29:53.828395Z,1788748193630,PONSUSDT,Buy,1605,0.7400,"{""T"":1788748193630,""s"":""PONSUSDT"",""S"":""Buy"",""v"":""1605"",""p"":""0.7400""}"
2026-09-07T02:29:56.828413Z,1788748196248,PONSUSDT,Buy,833,0.7390,"{""T"":1788748196248,""s"":""PONSUSDT"",""S"":""Buy"",""v"":""833"",""p"":""0.7390""}"
2026-09-07T02:30:36.015859Z,1788748235853,MNTUSDT,Sell,205.2,0.63680,"{""T"":1788748235853,""s"":""MNTUSDT"",""S"":""Sell"",""v"":""205.2"",""p"":""0.63680""}"
2026-09-07T02:31:25.851023Z,1788748285670,MARSCOINUSDT,Buy,300,0.15718,"{""T"":1788748285670,""s"":""MARSCOINUSDT"",""S"":""Buy"",""v"":""300"",""p"":""0.15718""}"
2026-09-07T02:31:32.829765Z,1788748292735,CASHCATUSDT,Buy,30,0.21509,"{""T"":1788748292735,""s"":""CASHCATUSDT"",""S"":""Buy"",""v"":""30"",""p"":""0.21509""}"
2026-09-07T02:31:32.830337Z,1788748292735,PONSUSDT,Buy,48,0.7362,"{""T"":1788748292735,""s"":""PONSUSDT"",""S"":""Buy"",""v"":""48"",""p"":""0.7362""}"
2026-09-07T02:31:32.992183Z,1788748292735,DOODUSDT,Buy,4610,0.0017750,"{""T"":1788748292735,""s"":""DOODUSDT"",""S"":""Buy"",""v"":""4610"",""p"":""0.0017750""}"
2026-09-07T02:31:33.134813Z,1788748292735,4USDT,Buy,167,0.019987,"{""T"":1788748292735,""s"":""4USDT"",""S"":""Buy"",""v"":""167"",""p"":""0.019987""}"
2026-09-07T02:31:36.828309Z,1788748296729,PONSUSDT,Buy,1224,0.7342,"{""T"":1788748296729,""s"":""PONSUSDT"",""S"":""Buy"",""v"":""1224"",""p"":""0.7342""}"
2026-09-07T02:31:44.828312Z,1788748304357,PONSUSDT,Buy,544,0.7336,"{""T"":1788748304357,""s"":""PONSUSDT"",""S"":""Buy"",""v"":""544"",""p"":""0.7336""}"
2026-09-07T02:31:55.519405Z,1788748315121,TAOUSDT,Sell,2.941,274.39,"{""T"":1788748315121,""s"":""TAOUSDT"",""S"":""Sell"",""v"":""2.941"",""p"":""274.39""}"
2026-09-07T02:32:53.516252Z,1788748373202,TAOUSDT,Sell,0.033,275.12,"{""T"":1788748373202,""s"":""TAOUSDT"",""S"":""Sell"",""v"":""0.033"",""p"":""275.12""}"
2026-09-07T02:32:59.328487Z,1788748378937,PONSUSDT,Buy,330,0.7319,"{""T"":1788748378937,""s"":""PONSUSDT"",""S"":""Buy"",""v"":""330"",""p"":""0.7319""}"
2026-09-07T02:32:59.328487Z,1788748378947,PONSUSDT,Buy,189,0.7323,"{""T"":1788748378947,""s"":""PONSUSDT"",""S"":""Buy"",""v"":""189"",""p"":""0.7323""}"
2026-09-07T02:32:59.347920Z,1788748378947,MARSCOINUSDT,Buy,640,0.15528,"{""T"":1788748378947,""s"":""MARSCOINUSDT"",""S"":""Buy"",""v"":""640"",""p"":""0.15528""}"
2026-09-07T02:33:04.828845Z,1788748384366,PONSUSDT,Buy,103,0.7315,"{""T"":1788748384366,""s"":""PONSUSDT"",""S"":""Buy"",""v"":""103"",""p"":""0.7315""}"
2026-09-07T02:33:07.908540Z,1788748387550,TIAUSDT,Buy,1115.5,0.4240,"{""T"":1788748387550,""s"":""TIAUSDT"",""S"":""Buy"",""v"":""1115.5"",""p"":""0.4240""}"
2026-09-07T02:33:07.908540Z,1788748387782,TIAUSDT,Buy,364.0,0.4237,"{""T"":1788748387782,""s"":""TIAUSDT"",""S"":""Buy"",""v"":""364.0"",""p"":""0.4237""}"
2026-09-07T02:33:08.907950Z,1788748388557,TIAUSDT,Buy,370.5,0.4232,"{""T"":1788748388557,""s"":""TIAUSDT"",""S"":""Buy"",""v"":""370.5"",""p"":""0.4232""}"
2026-09-07T02:33:11.407902Z,1788748390998,TIAUSDT,Buy,219.8,0.4209,"{""T"":1788748390998,""s"":""TIAUSDT"",""S"":""Buy"",""v"":""219.8"",""p"":""0.4209""}"
2026-09-07T02:33:11.907759Z,1788748391542,TIAUSDT,Buy,75.0,0.4213,"{""T"":1788748391542,""s"":""TIAUSDT"",""S"":""Buy"",""v"":""75.0"",""p"":""0.4213""}"
2026-09-07T02:33:13.913786Z,1788748393373,ZECUSDT,Buy,0.01,1172.16,"{""T"":1788748393373,""s"":""ZECUSDT"",""S"":""Buy"",""v"":""0.01"",""p"":""1172.16""}"
2026-09-07T02:33:17.329282Z,1788748397086,PONSUSDT,Buy,11,0.7306,"{""T"":1788748397086,""s"":""PONSUSDT"",""S"":""Buy"",""v"":""11"",""p"":""0.7306""}"
2026-09-07T02:33:19.828405Z,1788748399322,PONSUSDT,Buy,6168,0.7290,"{""T"":1788748399322,""s"":""PONSUSDT"",""S"":""Buy"",""v"":""6168"",""p"":""0.7290""}"
2026-09-07T02:33:19.828405Z,1788748399323,PONSUSDT,Buy,240,0.7296,"{""T"":1788748399323,""s"":""PONSUSDT"",""S"":""Buy"",""v"":""240"",""p"":""0.7296""}"
2026-09-07T02:33:19.828405Z,1788748399340,PONSUSDT,Buy,9344,0.7296,"{""T"":1788748399340,""s"":""PONSUSDT"",""S"":""Buy"",""v"":""9344"",""p"":""0.7296""}"
2026-09-07T02:33:19.828405Z,1788748399624,PONSUSDT,Buy,542,0.7291,"{""T"":1788748399624,""s"":""PONSUSDT"",""S"":""Buy"",""v"":""542"",""p"":""0.7291""}"
2026-09-07T02:33:20.828521Z,1788748400268,PONSUSDT,Buy,55,0.7285,"{""T"":1788748400268,""s"":""PONSUSDT"",""S"":""Buy"",""v"":""55"",""p"":""0.7285""}"
2026-09-07T02:33:20.828521Z,1788748400569,PONSUSDT,Buy,8,0.7270,"{""T"":1788748400569,""s"":""PONSUSDT"",""S"":""Buy"",""v"":""8"",""p"":""0.7270""}"
2026-09-07T02:33:20.828521Z,1788748400571,PONSUSDT,Buy,98,0.7263,"{""T"":1788748400571,""s"":""PONSUSDT"",""S"":""Buy"",""v"":""98"",""p"":""0.7263""}"
2026-09-07T02:33:20.828521Z,1788748400631,PONSUSDT,Buy,1698,0.7282,"{""T"":1788748400631,""s"":""PONSUSDT"",""S"":""Buy"",""v"":""1698"",""p"":""0.7282""}"
2026-09-07T02:33:20.996483Z,1788748400571,FLOCKUSDT,Sell,722,0.07490,"{""T"":1788748400571,""s"":""FLOCKUSDT"",""S"":""Sell"",""v"":""722"",""p"":""0.07490""}"
2026-09-07T02:33:41.908518Z,1788748421324,CRVUSDT,Sell,79.6,0.3983,"{""T"":1788748421324,""s"":""CRVUSDT"",""S"":""Sell"",""v"":""79.6"",""p"":""0.3983""}"
2026-09-07T02:33:56.828507Z,1788748436742,PONSUSDT,Buy,5031,0.7247,"{""T"":1788748436742,""s"":""PONSUSDT"",""S"":""Buy"",""v"":""5031"",""p"":""0.7247""}"
2026-09-07T02:34:06.828954Z,1788748446263,PONSUSDT,Buy,6,0.7231,"{""T"":1788748446263,""s"":""PONSUSDT"",""S"":""Buy"",""v"":""6"",""p"":""0.7231""}"
2026-09-07T02:34:57.349186Z,1788748497158,MARSCOINUSDT,Buy,280,0.15539,"{""T"":1788748497158,""s"":""MARSCOINUSDT"",""S"":""Buy"",""v"":""280"",""p"":""0.15539""}"
2026-09-07T02:35:31.907864Z,1788748531746,TIAUSDT,Sell,94.2,0.4346,"{""T"":1788748531746,""s"":""TIAUSDT"",""S"":""Sell"",""v"":""94.2"",""p"":""0.4346""}"
2026-09-07T02:35:44.456400Z,1788748544116,ETHUSDT,Sell,0.01,2520.96,"{""T"":1788748544116,""s"":""ETHUSDT"",""S"":""Sell"",""v"":""0.01"",""p"":""2520.96""}"
2026-09-07T02:35:44.837119Z,1788748544453,XRPUSDT,Sell,2339.0,1.4180,"{""T"":1788748544453,""s"":""XRPUSDT"",""S"":""Sell"",""v"":""2339.0"",""p"":""1.4180""}"
2026-09-07T02:35:48.015809Z,1788748547504,TAOUSDT,Sell,0.911,276.06,"{""T"":1788748547504,""s"":""TAOUSDT"",""S"":""Sell"",""v"":""0.911"",""p"":""276.06""}"
2026-09-07T02:35:48.015809Z,1788748547622,TAOUSDT,Sell,2.446,276.05,"{""T"":1788748547622,""s"":""TAOUSDT"",""S"":""Sell"",""v"":""2.446"",""p"":""276.05""}"
2026-09-07T02:35:48.515637Z,1788748547940,TAOUSDT,Sell,0.020,276.09,"{""T"":1788748547940,""s"":""TAOUSDT"",""S"":""Sell"",""v"":""0.020"",""p"":""276.09""}"
2026-09-07T02:35:53.516065Z,1788748553247,TAOUSDT,Sell,1.190,276.27,"{""T"":1788748553247,""s"":""TAOUSDT"",""S"":""Sell"",""v"":""1.190"",""p"":""276.27""}"
2026-09-07T02:35:55.515998Z,1788748555188,TAOUSDT,Sell,0.480,276.33,"{""T"":1788748555188,""s"":""TAOUSDT"",""S"":""Sell"",""v"":""0.480"",""p"":""276.33""}"
2026-09-07T02:36:02.337392Z,1788748561868,XRPUSDT,Sell,194.9,1.4187,"{""T"":1788748561868,""s"":""XRPUSDT"",""S"":""Sell"",""v"":""194.9"",""p"":""1.4187""}"
2026-09-07T02:36:05.337213Z,1788748564814,XRPUSDT,Sell,48.7,1.4190,"{""T"":1788748564814,""s"":""XRPUSDT"",""S"":""Sell"",""v"":""48.7"",""p"":""1.4190""}"
2026-09-07T02:36:08.492671Z,1788748568256,SUIUSDT,Sell,210,0.81110,"{""T"":1788748568256,""s"":""SUIUSDT"",""S"":""Sell"",""v"":""210"",""p"":""0.81110""}"
2026-09-07T02:36:10.565230Z,1788748570229,BTCUSDT,Sell,0.007,80358.00,"{""T"":1788748570229,""s"":""BTCUSDT"",""S"":""Sell"",""v"":""0.007"",""p"":""80358.00""}"
2026-09-07T02:36:11.062137Z,1788748570656,SOLUSDT,Sell,37.4,106.520,"{""T"":1788748570656,""s"":""SOLUSDT"",""S"":""Sell"",""v"":""37.4"",""p"":""106.520""}"
2026-09-07T02:36:17.456368Z,1788748577120,ETHUSDT,Sell,0.01,2526.07,"{""T"":1788748577120,""s"":""ETHUSDT"",""S"":""Sell"",""v"":""0.01"",""p"":""2526.07""}"
2026-09-07T02:36:17.456368Z,1788748577223,ETHUSDT,Sell,2.11,2525.16,"{""T"":1788748577223,""s"":""ETHUSDT"",""S"":""Sell"",""v"":""2.11"",""p"":""2525.16""}"
2026-09-07T02:36:39.837424Z,1788748599593,SUSHIUSDT,Sell,0.1,0.24130,"{""T"":1788748599593,""s"":""SUSHIUSDT"",""S"":""Sell"",""v"":""0.1"",""p"":""0.24130""}"
2026-09-07T02:36:43.492148Z,1788748603198,OPUSDT,Sell,21314.8,0.11131,"{""T"":1788748603198,""s"":""OPUSDT"",""S"":""Sell"",""v"":""21314.8"",""p"":""0.11131""}"
2026-09-07T02:36:44.565127Z,1788748604429,BTCUSDT,Sell,0.053,80386.40,"{""T"":1788748604429,""s"":""BTCUSDT"",""S"":""Sell"",""v"":""0.053"",""p"":""80386.40""}"
2026-09-07T02:36:44.955875Z,1788748604506,ETHUSDT,Sell,0.01,2527.36,"{""T"":1788748604506,""s"":""ETHUSDT"",""S"":""Sell"",""v"":""0.01"",""p"":""2527.36""}"
2026-09-07T02:36:45.956004Z,1788748605504,ETHUSDT,Sell,0.01,2528.88,"{""T"":1788748605504,""s"":""ETHUSDT"",""S"":""Sell"",""v"":""0.01"",""p"":""2528.88""}"
2026-09-07T02:37:24.135491Z,1788748643774,AKEUSDT,Sell,600,0.0149560,"{""T"":1788748643774,""s"":""AKEUSDT"",""S"":""Sell"",""v"":""600"",""p"":""0.0149560""}"
2026-09-07T02:38:00.516722Z,1788748680419,MNTUSDT,Sell,9.4,0.63780,"{""T"":1788748680419,""s"":""MNTUSDT"",""S"":""Sell"",""v"":""9.4"",""p"":""0.63780""}"
2026-09-07T02:38:02.063066Z,1788748681800,SOLUSDT,Sell,9.4,106.760,"{""T"":1788748681800,""s"":""SOLUSDT"",""S"":""Sell"",""v"":""9.4"",""p"":""106.760""}"
2026-09-07T02:38:04.955739Z,1788748684600,ETHUSDT,Sell,0.80,2530.56,"{""T"":1788748684600,""s"":""ETHUSDT"",""S"":""Sell"",""v"":""0.80"",""p"":""2530.56""}"
2026-09-07T02:38:05.836959Z,1788748685546,AAVEUSDT,Sell,3.02,135.63,"{""T"":1788748685546,""s"":""AAVEUSDT"",""S"":""Sell"",""v"":""3.02"",""p"":""135.63""}"
2026-09-07T02:38:05.859167Z,1788748685546,APTUSDT,Sell,494.98,0.6279,"{""T"":1788748685546,""s"":""APTUSDT"",""S"":""Sell"",""v"":""494.98"",""p"":""0.6279""}"
2026-09-07T02:38:06.016214Z,1788748685546,MNTUSDT,Sell,673.9,0.63960,"{""T"":1788748685546,""s"":""MNTUSDT"",""S"":""Sell"",""v"":""673.9"",""p"":""0.63960""}"
2026-09-07T02:38:07.824990Z,1788748687394,RAYDIUMUSDT,Sell,17.1,1.2602,"{""T"":1788748687394,""s"":""RAYDIUMUSDT"",""S"":""Sell"",""v"":""17.1"",""p"":""1.2602""}"
2026-09-07T02:38:13.062151Z,1788748692676,SOLUSDT,Sell,0.7,106.880,"{""T"":1788748692676,""s"":""SOLUSDT"",""S"":""Sell"",""v"":""0.7"",""p"":""106.880""}"
2026-09-07T02:38:13.455648Z,1788748693302,ETHUSDT,Sell,0.03,2531.64,"{""T"":1788748693302,""s"":""ETHUSDT"",""S"":""Sell"",""v"":""0.03"",""p"":""2531.64""}"
2026-09-07T02:38:15.408352Z,1788748694911,JUPUSDT,Sell,318,0.27460,"{""T"":1788748694911,""s"":""JUPUSDT"",""S"":""Sell"",""v"":""318"",""p"":""0.27460""}"
2026-09-07T02:38:23.062643Z,1788748702555,SOLUSDT,Sell,0.1,106.940,"{""T"":1788748702555,""s"":""SOLUSDT"",""S"":""Sell"",""v"":""0.1"",""p"":""106.940""}"
2026-09-07T02:38:28.956252Z,1788748708788,ETHUSDT,Sell,1.00,2533.25,"{""T"":1788748708788,""s"":""ETHUSDT"",""S"":""Sell"",""v"":""1.00"",""p"":""2533.25""}"
2026-09-07T02:38:29.566185Z,1788748708984,BTCUSDT,Sell,0.064,80450.70,"{""T"":1788748708984,""s"":""BTCUSDT"",""S"":""Sell"",""v"":""0.064"",""p"":""80450.70""}"
2026-09-07T02:38:30.825355Z,1788748710621,FARTCOINUSDT,Sell,168,0.17701,"{""T"":1788748710621,""s"":""FARTCOINUSDT"",""S"":""Sell"",""v"":""168"",""p"":""0.17701""}"
2026-09-07T02:38:30.825900Z,1788748710620,RAYDIUMUSDT,Sell,21.8,1.2602,"{""T"":1788748710620,""s"":""RAYDIUMUSDT"",""S"":""Sell"",""v"":""21.8"",""p"":""1.2602""}"
2026-09-07T02:38:30.913671Z,1788748710620,UNIUSDT,Sell,10.0,7.115,"{""T"":1788748710620,""s"":""UNIUSDT"",""S"":""Sell"",""v"":""10.0"",""p"":""7.115""}"
2026-09-07T02:38:30.955866Z,1788748710796,ETHUSDT,Sell,3.50,2533.57,"{""T"":1788748710796,""s"":""ETHUSDT"",""S"":""Sell"",""v"":""3.50"",""p"":""2533.57""}"
2026-09-07T02:38:30.955866Z,1788748710852,ETHUSDT,Sell,2.00,2534.90,"{""T"":1788748710852,""s"":""ETHUSDT"",""S"":""Sell"",""v"":""2.00"",""p"":""2534.90""}"
2026-09-07T02:38:31.455517Z,1788748711216,ETHUSDT,Sell,0.01,2533.73,"{""T"":1788748711216,""s"":""ETHUSDT"",""S"":""Sell"",""v"":""0.01"",""p"":""2533.73""}"
2026-09-07T02:38:31.565459Z,1788748711457,BTCUSDT,Sell,0.044,80492.50,"{""T"":1788748711457,""s"":""BTCUSDT"",""S"":""Sell"",""v"":""0.044"",""p"":""80492.50""}"
2026-09-07T02:38:31.955972Z,1788748711714,ETHUSDT,Sell,0.15,2533.82,"{""T"":1788748711714,""s"":""ETHUSDT"",""S"":""Sell"",""v"":""0.15"",""p"":""2533.82""}"
2026-09-07T02:38:31.955972Z,1788748711753,ETHUSDT,Sell,0.01,2534.65,"{""T"":1788748711753,""s"":""ETHUSDT"",""S"":""Sell"",""v"":""0.01"",""p"":""2534.65""}"
2026-09-07T02:38:32.065108Z,1788748711542,BTCUSDT,Sell,0.007,80476.30,"{""T"":1788748711542,""s"":""BTCUSDT"",""S"":""Sell"",""v"":""0.007"",""p"":""80476.30""}"
2026-09-07T02:38:32.065108Z,1788748711688,BTCUSDT,Sell,0.001,80496.20,"{""T"":1788748711688,""s"":""BTCUSDT"",""S"":""Sell"",""v"":""0.001"",""p"":""80496.20""}"
2026-09-07T02:38:32.956781Z,1788748712790,ETHUSDT,Sell,0.39,2535.87,"{""T"":1788748712790,""s"":""ETHUSDT"",""S"":""Sell"",""v"":""0.39"",""p"":""2535.87""}"
2026-09-07T02:38:33.837082Z,1788748713405,XRPUSDT,Sell,883.8,1.4279,"{""T"":1788748713405,""s"":""XRPUSDT"",""S"":""Sell"",""v"":""883.8"",""p"":""1.4279""}"
2026-09-07T02:38:33.847944Z,1788748713704,XLMUSDT,Sell,661,0.18950,"{""T"":1788748713704,""s"":""XLMUSDT"",""S"":""Sell"",""v"":""661"",""p"":""0.18950""}"
2026-09-07T02:38:34.565307Z,1788748714114,BTCUSDT,Sell,0.190,80510.30,"{""T"":1788748714114,""s"":""BTCUSDT"",""S"":""Sell"",""v"":""0.190"",""p"":""80510.30""}"
2026-09-07T02:38:35.824857Z,1788748715497,RAYDIUMUSDT,Sell,514.0,1.2635,"{""T"":1788748715497,""s"":""RAYDIUMUSDT"",""S"":""Sell"",""v"":""514.0"",""p"":""1.2635""}"
2026-09-07T02:39:03.911804Z,1788748743677,CRVUSDT,Sell,41.5,0.4008,"{""T"":1788748743677,""s"":""CRVUSDT"",""S"":""Sell"",""v"":""41.5"",""p"":""0.4008""}"
2026-09-07T02:39:04.413954Z,1788748743896,ARBUSDT,Sell,458.6,0.18974,"{""T"":1788748743896,""s"":""ARBUSDT"",""S"":""Sell"",""v"":""458.6"",""p"":""0.18974""}"
2026-09-07T02:39:04.955840Z,1788748744480,ETHUSDT,Sell,0.43,2536.71,"{""T"":1788748744480,""s"":""ETHUSDT"",""S"":""Sell"",""v"":""0.43"",""p"":""2536.71""}"
2026-09-07T02:39:04.955840Z,1788748744539,ETHUSDT,Sell,0.02,2536.54,"{""T"":1788748744539,""s"":""ETHUSDT"",""S"":""Sell"",""v"":""0.02"",""p"":""2536.54""}"
2026-09-07T02:39:05.955602Z,1788748745697,ETHUSDT,Sell,0.04,2537.23,"{""T"":1788748745697,""s"":""ETHUSDT"",""S"":""Sell"",""v"":""0.04"",""p"":""2537.23""}"
2026-09-07T02:39:06.061928Z,1788748745697,SOLUSDT,Sell,0.4,107.100,"{""T"":1788748745697,""s"":""SOLUSDT"",""S"":""Sell"",""v"":""0.4"",""p"":""107.100""}"
2026-09-07T02:39:06.413728Z,1788748745865,1000PEPEUSDT,Sell,11000,0.0036800,"{""T"":1788748745865,""s"":""1000PEPEUSDT"",""S"":""Sell"",""v"":""11000"",""p"":""0.0036800""}"
2026-09-07T02:39:06.456816Z,1788748746276,ETHUSDT,Sell,0.15,2537.56,"{""T"":1788748746276,""s"":""ETHUSDT"",""S"":""Sell"",""v"":""0.15"",""p"":""2537.56""}"
2026-09-07T02:39:06.566825Z,1788748746046,BTCUSDT,Sell,0.021,80542.70,"{""T"":1788748746046,""s"":""BTCUSDT"",""S"":""Sell"",""v"":""0.021"",""p"":""80542.70""}"
2026-09-07T02:39:06.955777Z,1788748746556,ETHUSDT,Sell,1.80,2537.46,"{""T"":1788748746556,""s"":""ETHUSDT"",""S"":""Sell"",""v"":""1.80"",""p"":""2537.46""}"
2026-09-07T02:39:06.955777Z,1788748746821,ETHUSDT,Sell,0.54,2537.74,"{""T"":1788748746821,""s"":""ETHUSDT"",""S"":""Sell"",""v"":""0.54"",""p"":""2537.74""}"
2026-09-07T02:39:07.062124Z,1788748746556,SOLUSDT,Sell,39.6,107.160,"{""T"":1788748746556,""s"":""SOLUSDT"",""S"":""Sell"",""v"":""39.6"",""p"":""107.160""}"
2026-09-07T02:39:07.064985Z,1788748746556,BTCUSDT,Sell,0.050,80536.70,"{""T"":1788748746556,""s"":""BTCUSDT"",""S"":""Sell"",""v"":""0.050"",""p"":""80536.70""}"
2026-09-07T02:39:07.955760Z,1788748747386,ETHUSDT,Sell,4.06,2537.75,"{""T"":1788748747386,""s"":""ETHUSDT"",""S"":""Sell"",""v"":""4.06"",""p"":""2537.75""}"
2026-09-07T02:39:08.956063Z,1788748748678,ETHUSDT,Sell,0.10,2538.94,"{""T"":1788748748678,""s"":""ETHUSDT"",""S"":""Sell"",""v"":""0.10"",""p"":""2538.94""}"
2026-09-07T02:39:08.956063Z,1788748748738,ETHUSDT,Sell,62.00,2539.04,"{""T"":1788748748738,""s"":""ETHUSDT"",""S"":""Sell"",""v"":""62.00"",""p"":""2539.04""}"
2026-09-07T02:39:08.956063Z,1788748748740,ETHUSDT,Sell,1.00,2539.99,"{""T"":1788748748740,""s"":""ETHUSDT"",""S"":""Sell"",""v"":""1.00"",""p"":""2539.99""}"
2026-09-07T02:39:08.956063Z,1788748748758,ETHUSDT,Sell,1.00,2539.70,"{""T"":1788748748758,""s"":""ETHUSDT"",""S"":""Sell"",""v"":""1.00"",""p"":""2539.70""}"
2026-09-07T02:39:08.986522Z,1788748748758,XAUUSDT,Sell,1.000,4441.50,"{""T"":1788748748758,""s"":""XAUUSDT"",""S"":""Sell"",""v"":""1.000"",""p"":""4441.50""}"
2026-09-07T02:39:09.456023Z,1788748748998,ETHUSDT,Sell,2.00,2538.09,"{""T"":1788748748998,""s"":""ETHUSDT"",""S"":""Sell"",""v"":""2.00"",""p"":""2538.09""}"
2026-09-07T02:39:09.456023Z,1788748749022,ETHUSDT,Sell,1.74,2540.00,"{""T"":1788748749022,""s"":""ETHUSDT"",""S"":""Sell"",""v"":""1.74"",""p"":""2540.00""}"
2026-09-07T02:39:09.456023Z,1788748749276,ETHUSDT,Sell,0.60,2539.35,"{""T"":1788748749276,""s"":""ETHUSDT"",""S"":""Sell"",""v"":""0.60"",""p"":""2539.35""}"
2026-09-07T02:39:09.456023Z,1788748749365,ETHUSDT,Sell,1.94,2540.02,"{""T"":1788748749365,""s"":""ETHUSDT"",""S"":""Sell"",""v"":""1.94"",""p"":""2540.02""}"
2026-09-07T02:39:09.837337Z,1788748749635,XRPUSDT,Sell,270.5,1.4325,"{""T"":1788748749635,""s"":""XRPUSDT"",""S"":""Sell"",""v"":""270.5"",""p"":""1.4325""}"
2026-09-07T02:39:09.914315Z,1788748749635,1000PEPEUSDT,Sell,67700,0.0036830,"{""T"":1788748749635,""s"":""1000PEPEUSDT"",""S"":""Sell"",""v"":""67700"",""p"":""0.0036830""}"
2026-09-07T02:39:09.955803Z,1788748749406,ETHUSDT,Sell,0.66,2539.25,"{""T"":1788748749406,""s"":""ETHUSDT"",""S"":""Sell"",""v"":""0.66"",""p"":""2539.25""}"
2026-09-07T02:39:09.955803Z,1788748749460,ETHUSDT,Sell,0.12,2540.24,"{""T"":1788748749460,""s"":""ETHUSDT"",""S"":""Sell"",""v"":""0.12"",""p"":""2540.24""}"
2026-09-07T02:39:09.955803Z,1788748749568,ETHUSDT,Sell,0.47,2538.18,"{""T"":1788748749568,""s"":""ETHUSDT"",""S"":""Sell"",""v"":""0.47"",""p"":""2538.18""}"
2026-09-07T02:39:09.955803Z,1788748749635,ETHUSDT,Sell,0.26,2538.99,"{""T"":1788748749635,""s"":""ETHUSDT"",""S"":""Sell"",""v"":""0.26"",""p"":""2538.99""}"
2026-09-07T02:39:12.413815Z,1788748752186,ZECUSDT,Sell,0.12,1202.96,"{""T"":1788748752186,""s"":""ZECUSDT"",""S"":""Sell"",""v"":""0.12"",""p"":""1202.96""}"
2026-09-07T02:39:12.955728Z,1788748752572,ETHUSDT,Sell,2.77,2539.48,"{""T"":1788748752572,""s"":""ETHUSDT"",""S"":""Sell"",""v"":""2.77"",""p"":""2539.48""}"
2026-09-07T02:39:13.455866Z,1788748753033,ETHUSDT,Sell,0.10,2540.37,"{""T"":1788748753033,""s"":""ETHUSDT"",""S"":""Sell"",""v"":""0.10"",""p"":""2540.37""}"
2026-09-07T02:39:13.455866Z,1788748753041,ETHUSDT,Sell,118.48,2540.38,"{""T"":1788748753041,""s"":""ETHUSDT"",""S"":""Sell"",""v"":""118.48"",""p"":""2540.38""}"
2026-09-07T02:39:14.956314Z,1788748754438,ETHUSDT,Sell,18.00,2540.99,"{""T"":1788748754438,""s"":""ETHUSDT"",""S"":""Sell"",""v"":""18.00"",""p"":""2540.99""}"
2026-09-07T02:39:16.517203Z,1788748756095,NEARUSDT,Sell,31.7,2.4070,"{""T"":1788748756095,""s"":""NEARUSDT"",""S"":""Sell"",""v"":""31.7"",""p"":""2.4070""}"
2026-09-07T02:39:31.337639Z,1788748770816,XRPUSDT,Sell,4.3,1.4343,"{""T"":1788748770816,""s"":""XRPUSDT"",""S"":""Sell"",""v"":""4.3"",""p"":""1.4343""}"
2026-09-07T02:39:33.336847Z,1788748772951,AAVEUSDT,Sell,0.08,136.42,"{""T"":1788748772951,""s"":""AAVEUSDT"",""S"":""Sell"",""v"":""0.08"",""p"":""136.42""}"
2026-09-07T02:39:33.337190Z,1788748772951,SUSHIUSDT,Sell,179.4,0.24350,"{""T"":1788748772951,""s"":""SUSHIUSDT"",""S"":""Sell"",""v"":""179.4"",""p"":""0.24350""}"
2026-09-07T02:39:33.337346Z,1788748772951,XRPUSDT,Sell,27.5,1.4346,"{""T"":1788748772951,""s"":""XRPUSDT"",""S"":""Sell"",""v"":""27.5"",""p"":""1.4346""}"
2026-09-07T02:39:33.337346Z,1788748773120,XRPUSDT,Sell,30000.0,1.4347,"{""T"":1788748773120,""s"":""XRPUSDT"",""S"":""Sell"",""v"":""30000.0"",""p"":""1.4347""}"
2026-09-07T02:39:33.407954Z,1788748772951,CRVUSDT,Sell,956.8,0.4009,"{""T"":1788748772951,""s"":""CRVUSDT"",""S"":""Sell"",""v"":""956.8"",""p"":""0.4009""}"
2026-09-07T02:39:33.413713Z,1788748772950,1000PEPEUSDT,Sell,5300,0.0036860,"{""T"":1788748772950,""s"":""1000PEPEUSDT"",""S"":""Sell"",""v"":""5300"",""p"":""0.0036860""}"
2026-09-07T02:39:33.414026Z,1788748772951,DOTUSDT,Sell,10.3,1.0042,"{""T"":1788748772951,""s"":""DOTUSDT"",""S"":""Sell"",""v"":""10.3"",""p"":""1.0042""}"
2026-09-07T02:39:33.414268Z,1788748772950,UNIUSDT,Sell,4.4,7.133,"{""T"":1788748772950,""s"":""UNIUSDT"",""S"":""Sell"",""v"":""4.4"",""p"":""7.133""}"
2026-09-07T02:39:33.414503Z,1788748773120,ZECUSDT,Sell,8.35,1203.94,"{""T"":1788748773120,""s"":""ZECUSDT"",""S"":""Sell"",""v"":""8.35"",""p"":""1203.94""}"
2026-09-07T02:39:33.455711Z,1788748773120,ETHUSDT,Sell,20.00,2541.17,"{""T"":1788748773120,""s"":""ETHUSDT"",""S"":""Sell"",""v"":""20.00"",""p"":""2541.17""}"
2026-09-07T02:39:33.455711Z,1788748773316,ETHUSDT,Sell,1.18,2541.22,"{""T"":1788748773316,""s"":""ETHUSDT"",""S"":""Sell"",""v"":""1.18"",""p"":""2541.22""}"
2026-09-07T02:39:33.515792Z,1788748773120,NEARUSDT,Sell,4000.0,2.4120,"{""T"":1788748773120,""s"":""NEARUSDT"",""S"":""Sell"",""v"":""4000.0"",""p"":""2.4120""}"
2026-09-07T02:39:33.563093Z,1788748773120,SOLUSDT,Sell,400.0,107.340,"{""T"":1788748773120,""s"":""SOLUSDT"",""S"":""Sell"",""v"":""400.0"",""p"":""107.340""}"
2026-09-07T02:39:33.565523Z,1788748773120,BTCUSDT,Sell,1.000,80574.60,"{""T"":1788748773120,""s"":""BTCUSDT"",""S"":""Sell"",""v"":""1.000"",""p"":""80574.60""}"
2026-09-07T02:39:45.313508Z,1788748784997,HYPEUSDT,Sell,1.98,88.170,"{""T"":1788748784997,""s"":""HYPEUSDT"",""S"":""Sell"",""v"":""1.98"",""p"":""88.170""}"
2026-09-07T02:39:45.562303Z,1788748785421,SOLUSDT,Sell,69.3,107.380,"{""T"":1788748785421,""s"":""SOLUSDT"",""S"":""Sell"",""v"":""69.3"",""p"":""107.380""}"
2026-09-07T02:39:46.455770Z,1788748786306,ETHUSDT,Sell,0.01,2541.48,"{""T"":1788748786306,""s"":""ETHUSDT"",""S"":""Sell"",""v"":""0.01"",""p"":""2541.48""}"
2026-09-07T02:39:46.496350Z,1788748786116,LINKUSDT,Sell,2.0,13.363,"{""T"":1788748786116,""s"":""LINKUSDT"",""S"":""Sell"",""v"":""2.0"",""p"":""13.363""}"
2026-09-07T02:39:46.824942Z,1788748786351,BOMEUSDT,Sell,13800,0.0009413,"{""T"":1788748786351,""s"":""BOMEUSDT"",""S"":""Sell"",""v"":""13800"",""p"":""0.0009413""}"
2026-09-07T02:39:46.907841Z,1788748786507,TIAUSDT,Sell,143.4,0.4414,"{""T"":1788748786507,""s"":""TIAUSDT"",""S"":""Sell"",""v"":""143.4"",""p"":""0.4414""}"
2026-09-07T02:39:47.062263Z,1788748786531,SOLUSDT,Sell,2.5,107.420,"{""T"":1788748786531,""s"":""SOLUSDT"",""S"":""Sell"",""v"":""2.5"",""p"":""107.420""}"
2026-09-07T02:39:47.413876Z,1788748787022,1000PEPEUSDT,Sell,28900,0.0036900,"{""T"":1788748787022,""s"":""1000PEPEUSDT"",""S"":""Sell"",""v"":""28900"",""p"":""0.0036900""}"
2026-09-07T02:39:47.455624Z,1788748787126,ETHUSDT,Sell,100.00,2541.88,"{""T"":1788748787126,""s"":""ETHUSDT"",""S"":""Sell"",""v"":""100.00"",""p"":""2541.88""}"
2026-09-07T02:39:47.455624Z,1788748787187,ETHUSDT,Sell,5.00,2541.81,"{""T"":1788748787187,""s"":""ETHUSDT"",""S"":""Sell"",""v"":""5.00"",""p"":""2541.81""}"
2026-09-07T02:39:47.837656Z,1788748787394,XRPUSDT,Sell,696.2,1.4354,"{""T"":1788748787394,""s"":""XRPUSDT"",""S"":""Sell"",""v"":""696.2"",""p"":""1.4354""}"
2026-09-07T02:39:47.955988Z,1788748787462,ETHUSDT,Sell,15.46,2541.81,"{""T"":1788748787462,""s"":""ETHUSDT"",""S"":""Sell"",""v"":""15.46"",""p"":""2541.81""}"
2026-09-07T02:39:48.065189Z,1788748787742,BTCUSDT,Sell,0.002,80614.80,"{""T"":1788748787742,""s"":""BTCUSDT"",""S"":""Sell"",""v"":""0.002"",""p"":""80614.80""}"
2026-09-07T02:39:48.456160Z,1788748787968,ETHUSDT,Sell,0.02,2542.40,"{""T"":1788748787968,""s"":""ETHUSDT"",""S"":""Sell"",""v"":""0.02"",""p"":""2542.40""}"
2026-09-07T02:39:48.456160Z,1788748788070,ETHUSDT,Sell,5.02,2542.03,"{""T"":1788748788070,""s"":""ETHUSDT"",""S"":""Sell"",""v"":""5.02"",""p"":""2542.03""}"
2026-09-07T02:39:48.456160Z,1788748788146,ETHUSDT,Sell,16.62,2542.67,"{""T"":1788748788146,""s"":""ETHUSDT"",""S"":""Sell"",""v"":""16.62"",""p"":""2542.67""}"
2026-09-07T02:39:48.562352Z,1788748788071,SOLUSDT,Buy,15.0,106.380,"{""T"":1788748788071,""s"":""SOLUSDT"",""S"":""Buy"",""v"":""15.0"",""p"":""106.380""}"
2026-09-07T02:39:48.956119Z,1788748788711,ETHUSDT,Sell,5.26,2542.56,"{""T"":1788748788711,""s"":""ETHUSDT"",""S"":""Sell"",""v"":""5.26"",""p"":""2542.56""}"
2026-09-07T02:39:49.956667Z,1788748789636,ETHUSDT,Sell,0.31,2542.94,"{""T"":1788748789636,""s"":""ETHUSDT"",""S"":""Sell"",""v"":""0.31"",""p"":""2542.94""}"
2026-09-07T02:39:50.562777Z,1788748790091,SOLUSDT,Sell,13.0,107.420,"{""T"":1788748790091,""s"":""SOLUSDT"",""S"":""Sell"",""v"":""13.0"",""p"":""107.420""}"
2026-09-07T02:39:51.565885Z,1788748791440,BTCUSDT,Sell,0.181,80630.50,"{""T"":1788748791440,""s"":""BTCUSDT"",""S"":""Sell"",""v"":""0.181"",""p"":""80630.50""}"
2026-09-07T02:39:51.838079Z,1788748791336,XRPUSDT,Sell,108.8,1.4366,"{""T"":1788748791336,""s"":""XRPUSDT"",""S"":""Sell"",""v"":""108.8"",""p"":""1.4366""}"
2026-09-07T02:40:02.456368Z,1788748801885,ETHUSDT,Sell,2.22,2543.42,"{""T"":1788748801885,""s"":""ETHUSDT"",""S"":""Sell"",""v"":""2.22"",""p"":""2543.42""}"
2026-09-07T02:40:02.456368Z,1788748801943,ETHUSDT,Sell,1.40,2543.44,"{""T"":1788748801943,""s"":""ETHUSDT"",""S"":""Sell"",""v"":""1.40"",""p"":""2543.44""}"
2026-09-07T02:40:02.456368Z,1788748802119,ETHUSDT,Sell,0.24,2543.18,"{""T"":1788748802119,""s"":""ETHUSDT"",""S"":""Sell"",""v"":""0.24"",""p"":""2543.18""}"
2026-09-07T02:40:02.955928Z,1788748802730,ETHUSDT,Sell,5.03,2543.12,"{""T"":1788748802730,""s"":""ETHUSDT"",""S"":""Sell"",""v"":""5.03"",""p"":""2543.12""}"
2026-09-07T02:40:02.955928Z,1788748802811,ETHUSDT,Sell,0.11,2543.54,"{""T"":1788748802811,""s"":""ETHUSDT"",""S"":""Sell"",""v"":""0.11"",""p"":""2543.54""}"
2026-09-07T02:40:02.955928Z,1788748802831,ETHUSDT,Sell,10.00,2543.65,"{""T"":1788748802831,""s"":""ETHUSDT"",""S"":""Sell"",""v"":""10.00"",""p"":""2543.65""}"
2026-09-07T02:40:03.955808Z,1788748803702,ETHUSDT,Sell,0.10,2543.75,"{""T"":1788748803702,""s"":""ETHUSDT"",""S"":""Sell"",""v"":""0.10"",""p"":""2543.75""}"
2026-09-07T02:40:03.955808Z,1788748803715,ETHUSDT,Sell,0.16,2543.58,"{""T"":1788748803715,""s"":""ETHUSDT"",""S"":""Sell"",""v"":""0.16"",""p"":""2543.58""}"
2026-09-07T02:40:04.455866Z,1788748804202,ETHUSDT,Sell,1.22,2543.91,"{""T"":1788748804202,""s"":""ETHUSDT"",""S"":""Sell"",""v"":""1.22"",""p"":""2543.91""}"
2026-09-07T02:40:05.065208Z,1788748804907,BTCUSDT,Sell,0.006,80644.40,"{""T"":1788748804907,""s"":""BTCUSDT"",""S"":""Sell"",""v"":""0.006"",""p"":""80644.40""}"
2026-09-07T02:40:05.565524Z,1788748805333,BTCUSDT,Sell,0.021,80646.90,"{""T"":1788748805333,""s"":""BTCUSDT"",""S"":""Sell"",""v"":""0.021"",""p"":""80646.90""}"
2026-09-07T02:40:07.065274Z,1788748806492,BTCUSDT,Sell,0.001,80658.00,"{""T"":1788748806492,""s"":""BTCUSDT"",""S"":""Sell"",""v"":""0.001"",""p"":""80658.00""}"
2026-09-07T02:40:56.015977Z,1788748855551,TAOUSDT,Sell,3.995,277.16,"{""T"":1788748855551,""s"":""TAOUSDT"",""S"":""Sell"",""v"":""3.995"",""p"":""277.16""}"
2026-09-07T02:41:03.347979Z,1788748862965,WIFUSDT,Sell,23237,0.22150,"{""T"":1788748862965,""s"":""WIFUSDT"",""S"":""Sell"",""v"":""23237"",""p"":""0.22150""}"
2026-09-07T02:41:03.347979Z,1788748863074,WIFUSDT,Sell,114,0.22160,"{""T"":1788748863074,""s"":""WIFUSDT"",""S"":""Sell"",""v"":""114"",""p"":""0.22160""}"
2026-09-07T02:41:15.996636Z,1788748875708,VIRTUALUSDT,Sell,1072,0.7459,"{""T"":1788748875708,""s"":""VIRTUALUSDT"",""S"":""Sell"",""v"":""1072"",""p"":""0.7459""}"
2026-09-07T02:41:24.062421Z,1788748883892,SOLUSDT,Sell,0.1,107.520,"{""T"":1788748883892,""s"":""SOLUSDT"",""S"":""Sell"",""v"":""0.1"",""p"":""107.520""}"
2026-09-07T02:41:25.062362Z,1788748884714,SOLUSDT,Sell,29.0,107.520,"{""T"":1788748884714,""s"":""SOLUSDT"",""S"":""Sell"",""v"":""29.0"",""p"":""107.520""}"
2026-09-07T02:41:28.992479Z,1788748888545,OPUSDT,Sell,0.2,0.11217,"{""T"":1788748888545,""s"":""OPUSDT"",""S"":""Sell"",""v"":""0.2"",""p"":""0.11217""}"
2026-09-07T02:41:29.913859Z,1788748889488,DOGEUSDT,Sell,444,0.09195,"{""T"":1788748889488,""s"":""DOGEUSDT"",""S"":""Sell"",""v"":""444"",""p"":""0.09195""}"
2026-09-07T02:41:44.913811Z,1788748904481,DOGEUSDT,Sell,69,0.09198,"{""T"":1788748904481,""s"":""DOGEUSDT"",""S"":""Sell"",""v"":""69"",""p"":""0.09198""}"
2026-09-07T02:41:56.407929Z,1788748915827,CRVUSDT,Sell,1246.8,0.4025,"{""T"":1788748915827,""s"":""CRVUSDT"",""S"":""Sell"",""v"":""1246.8"",""p"":""0.4025""}"
2026-09-07T02:41:56.847912Z,1788748916275,WIFUSDT,Sell,58,0.22330,"{""T"":1788748916275,""s"":""WIFUSDT"",""S"":""Sell"",""v"":""58"",""p"":""0.22330""}"
2026-09-07T02:41:57.347883Z,1788748917001,WIFUSDT,Sell,293,0.22340,"{""T"":1788748917001,""s"":""WIFUSDT"",""S"":""Sell"",""v"":""293"",""p"":""0.22340""}"
2026-09-07T02:42:44.348056Z,1788748964257,WIFUSDT,Sell,2000,0.22350,"{""T"":1788748964257,""s"":""WIFUSDT"",""S"":""Sell"",""v"":""2000"",""p"":""0.22350""}"
2026-09-07T02:43:03.414175Z,1788748982840,ZECUSDT,Sell,0.18,1207.00,"{""T"":1788748982840,""s"":""ZECUSDT"",""S"":""Sell"",""v"":""0.18"",""p"":""1207.00""}"
2026-09-07T02:43:51.515913Z,1788749031229,TAOUSDT,Sell,1.420,278.03,"{""T"":1788749031229,""s"":""TAOUSDT"",""S"":""Sell"",""v"":""1.420"",""p"":""278.03""}"
2026-09-07T02:44:03.913860Z,1788749043632,UNIUSDT,Sell,9.5,7.193,"{""T"":1788749043632,""s"":""UNIUSDT"",""S"":""Sell"",""v"":""9.5"",""p"":""7.193""}"
2026-09-07T02:44:23.910311Z,1788749063822,CRVUSDT,Sell,800.0,0.4048,"{""T"":1788749063822,""s"":""CRVUSDT"",""S"":""Sell"",""v"":""800.0"",""p"":""0.4048""}"
2026-09-07T02:44:30.408026Z,1788749069901,CRVUSDT,Sell,2684.7,0.4058,"{""T"":1788749069901,""s"":""CRVUSDT"",""S"":""Sell"",""v"":""2684.7"",""p"":""0.4058""}"
2026-09-07T02:44:41.848534Z,1788749081531,UAIUSDT,Sell,36,0.63850,"{""T"":1788749081531,""s"":""UAIUSDT"",""S"":""Sell"",""v"":""36"",""p"":""0.63850""}"
2026-09-07T02:45:01.996803Z,1788749101490,INJUSDT,Sell,48.2,5.6660,"{""T"":1788749101490,""s"":""INJUSDT"",""S"":""Sell"",""v"":""48.2"",""p"":""5.6660""}"
2026-09-07T02:45:05.328717Z,1788749105174,PONSUSDT,Sell,97,0.8048,"{""T"":1788749105174,""s"":""PONSUSDT"",""S"":""Sell"",""v"":""97"",""p"":""0.8048""}"
2026-09-07T02:45:07.347789Z,1788749107101,UAIUSDT,Sell,71,0.64630,"{""T"":1788749107101,""s"":""UAIUSDT"",""S"":""Sell"",""v"":""71"",""p"":""0.64630""}"
2026-09-07T02:45:07.847892Z,1788749107511,UAIUSDT,Sell,378,0.64650,"{""T"":1788749107511,""s"":""UAIUSDT"",""S"":""Sell"",""v"":""378"",""p"":""0.64650""}"
2026-09-07T02:45:07.847892Z,1788749107730,UAIUSDT,Sell,26,0.64800,"{""T"":1788749107730,""s"":""UAIUSDT"",""S"":""Sell"",""v"":""26"",""p"":""0.64800""}"
2026-09-07T02:45:21.986546Z,1788749121416,ORCAUSDT,Buy,8.2,1.6032,"{""T"":1788749121416,""s"":""ORCAUSDT"",""S"":""Buy"",""v"":""8.2"",""p"":""1.6032""}"
2026-09-07T02:45:24.847742Z,1788749124608,UAIUSDT,Sell,101,0.66130,"{""T"":1788749124608,""s"":""UAIUSDT"",""S"":""Sell"",""v"":""101"",""p"":""0.66130""}"
2026-09-07T02:45:35.348326Z,1788749135048,UAIUSDT,Sell,23,0.66620,"{""T"":1788749135048,""s"":""UAIUSDT"",""S"":""Sell"",""v"":""23"",""p"":""0.66620""}"
2026-09-07T02:45:44.847625Z,1788749144270,UAIUSDT,Sell,10,0.66960,"{""T"":1788749144270,""s"":""UAIUSDT"",""S"":""Sell"",""v"":""10"",""p"":""0.66960""}"
2026-09-07T02:45:48.492309Z,1788749148299,DOODUSDT,Sell,30800,0.0019880,"{""T"":1788749148299,""s"":""DOODUSDT"",""S"":""Sell"",""v"":""30800"",""p"":""0.0019880""}"
2026-09-07T02:45:53.992335Z,1788749153795,DOODUSDT,Sell,92350,0.0019920,"{""T"":1788749153795,""s"":""DOODUSDT"",""S"":""Sell"",""v"":""92350"",""p"":""0.0019920""}"
2026-09-07T02:45:54.991668Z,1788749154732,DOODUSDT,Sell,1506140,0.0019920,"{""T"":1788749154732,""s"":""DOODUSDT"",""S"":""Sell"",""v"":""1506140"",""p"":""0.0019920""}"
2026-09-07T02:46:04.492402Z,1788749164335,DOODUSDT,Sell,43480,0.0020000,"{""T"":1788749164335,""s"":""DOODUSDT"",""S"":""Sell"",""v"":""43480"",""p"":""0.0020000""}"
2026-09-07T02:46:04.991976Z,1788749164736,DOODUSDT,Sell,624160,0.0020010,"{""T"":1788749164736,""s"":""DOODUSDT"",""S"":""Sell"",""v"":""624160"",""p"":""0.0020010""}"
2026-09-07T02:46:10.914139Z,1788749170516,ARBUSDT,Buy,1000.0,0.18422,"{""T"":1788749170516,""s"":""ARBUSDT"",""S"":""Buy"",""v"":""1000.0"",""p"":""0.18422""}"
2026-09-07T02:46:18.492202Z,1788749178344,OPUSDT,Sell,19954.0,0.11238,"{""T"":1788749178344,""s"":""OPUSDT"",""S"":""Sell"",""v"":""19954.0"",""p"":""0.11238""}"
2026-09-07T02:46:41.991940Z,1788749201667,OPUSDT,Sell,0.1,0.11256,"{""T"":1788749201667,""s"":""OPUSDT"",""S"":""Sell"",""v"":""0.1"",""p"":""0.11256""}"
2026-09-07T02:48:36.000004Z,1788749315826,VIRTUALUSDT,Sell,1048,0.7505,"{""T"":1788749315826,""s"":""VIRTUALUSDT"",""S"":""Sell"",""v"":""1048"",""p"":""0.7505""}"
2026-09-07T02:48:48.496166Z,1788749327918,INJUSDT,Sell,14.6,5.6890,"{""T"":1788749327918,""s"":""INJUSDT"",""S"":""Sell"",""v"":""14.6"",""p"":""5.6890""}"
2026-09-07T02:49:31.996241Z,1788749371823,INJUSDT,Sell,3.6,5.6990,"{""T"":1788749371823,""s"":""INJUSDT"",""S"":""Sell"",""v"":""3.6"",""p"":""5.6990""}"
2026-09-07T02:49:37.347776Z,1788749377172,WIFUSDT,Sell,9000,0.22440,"{""T"":1788749377172,""s"":""WIFUSDT"",""S"":""Sell"",""v"":""9000"",""p"":""0.22440""}"
2026-09-07T02:50:23.456523Z,1788749423303,ETHUSDT,Buy,0.54,2514.63,"{""T"":1788749423303,""s"":""ETHUSDT"",""S"":""Buy"",""v"":""0.54"",""p"":""2514.63""}"
2026-09-07T02:50:28.337380Z,1788749427772,XRPUSDT,Buy,55.0,1.4149,"{""T"":1788749427772,""s"":""XRPUSDT"",""S"":""Buy"",""v"":""55.0"",""p"":""1.4149""}"
2026-09-07T02:50:51.987024Z,1788749451617,ORCAUSDT,Buy,71.1,1.6707,"{""T"":1788749451617,""s"":""ORCAUSDT"",""S"":""Buy"",""v"":""71.1"",""p"":""1.6707""}"
2026-09-07T02:50:52.135080Z,1788749451608,AKEUSDT,Buy,25700,0.0135080,"{""T"":1788749451608,""s"":""AKEUSDT"",""S"":""Buy"",""v"":""25700"",""p"":""0.0135080""}"
2026-09-07T02:50:52.135080Z,1788749451617,AKEUSDT,Buy,76400,0.0138080,"{""T"":1788749451617,""s"":""AKEUSDT"",""S"":""Buy"",""v"":""76400"",""p"":""0.0138080""}"
2026-09-07T02:50:52.135080Z,1788749451816,AKEUSDT,Buy,6900,0.0135860,"{""T"":1788749451816,""s"":""AKEUSDT"",""S"":""Buy"",""v"":""6900"",""p"":""0.0135860""}"
2026-09-07T02:50:52.135080Z,1788749451824,AKEUSDT,Buy,3400,0.0136220,"{""T"":1788749451824,""s"":""AKEUSDT"",""S"":""Buy"",""v"":""3400"",""p"":""0.0136220""}"
2026-09-07T02:50:52.135080Z,1788749451873,AKEUSDT,Buy,14000,0.0135560,"{""T"":1788749451873,""s"":""AKEUSDT"",""S"":""Buy"",""v"":""14000"",""p"":""0.0135560""}"
2026-09-07T02:50:52.135080Z,1788749451944,AKEUSDT,Buy,24600,0.0136190,"{""T"":1788749451944,""s"":""AKEUSDT"",""S"":""Buy"",""v"":""24600"",""p"":""0.0136190""}"
2026-09-07T02:50:52.135080Z,1788749451991,AKEUSDT,Buy,3500,0.0135160,"{""T"":1788749451991,""s"":""AKEUSDT"",""S"":""Buy"",""v"":""3500"",""p"":""0.0135160""}"
2026-09-07T02:50:52.135080Z,1788749452003,AKEUSDT,Buy,28200,0.0138300,"{""T"":1788749452003,""s"":""AKEUSDT"",""S"":""Buy"",""v"":""28200"",""p"":""0.0138300""}"
2026-09-07T02:50:52.634775Z,1788749452166,AKEUSDT,Buy,2000,0.0137230,"{""T"":1788749452166,""s"":""AKEUSDT"",""S"":""Buy"",""v"":""2000"",""p"":""0.0137230""}"
2026-09-07T02:50:52.634775Z,1788749452173,AKEUSDT,Buy,50000,0.0140110,"{""T"":1788749452173,""s"":""AKEUSDT"",""S"":""Buy"",""v"":""50000"",""p"":""0.0140110""}"
2026-09-07T02:50:52.634775Z,1788749452224,AKEUSDT,Buy,4900,0.0139550,"{""T"":1788749452224,""s"":""AKEUSDT"",""S"":""Buy"",""v"":""4900"",""p"":""0.0139550""}"
2026-09-07T02:50:52.634775Z,1788749452295,AKEUSDT,Buy,143800,0.0139950,"{""T"":1788749452295,""s"":""AKEUSDT"",""S"":""Buy"",""v"":""143800"",""p"":""0.0139950""}"
2026-09-07T02:50:52.634775Z,1788749452340,AKEUSDT,Buy,700,0.0139040,"{""T"":1788749452340,""s"":""AKEUSDT"",""S"":""Buy"",""v"":""700"",""p"":""0.0139040""}"
2026-09-07T02:50:52.634775Z,1788749452342,AKEUSDT,Buy,27800,0.0134750,"{""T"":1788749452342,""s"":""AKEUSDT"",""S"":""Buy"",""v"":""27800"",""p"":""0.0134750""}"
2026-09-07T02:50:52.634775Z,1788749452454,AKEUSDT,Buy,97100,0.0135890,"{""T"":1788749452454,""s"":""AKEUSDT"",""S"":""Buy"",""v"":""97100"",""p"":""0.0135890""}"
2026-09-07T02:50:52.634775Z,1788749452513,AKEUSDT,Buy,1000,0.0137350,"{""T"":1788749452513,""s"":""AKEUSDT"",""S"":""Buy"",""v"":""1000"",""p"":""0.0137350""}"
2026-09-07T02:50:52.634775Z,1788749452514,AKEUSDT,Buy,253200,0.0133710,"{""T"":1788749452514,""s"":""AKEUSDT"",""S"":""Buy"",""v"":""253200"",""p"":""0.0133710""}"
2026-09-07T02:50:53.134721Z,1788749453045,AKEUSDT,Buy,340300,0.0133780,"{""T"":1788749453045,""s"":""AKEUSDT"",""S"":""Buy"",""v"":""340300"",""p"":""0.0133780""}"
2026-09-07T02:50:53.634794Z,1788749453103,AKEUSDT,Buy,144600,0.0133520,"{""T"":1788749453103,""s"":""AKEUSDT"",""S"":""Buy"",""v"":""144600"",""p"":""0.0133520""}"
2026-09-07T02:50:53.634794Z,1788749453129,AKEUSDT,Buy,668700,0.0134200,"{""T"":1788749453129,""s"":""AKEUSDT"",""S"":""Buy"",""v"":""668700"",""p"":""0.0134200""}"
2026-09-07T02:50:53.634794Z,1788749453158,AKEUSDT,Buy,1000,0.0134260,"{""T"":1788749453158,""s"":""AKEUSDT"",""S"":""Buy"",""v"":""1000"",""p"":""0.0134260""}"
2026-09-07T02:50:56.134577Z,1788749455988,AKEUSDT,Buy,18700,0.0132920,"{""T"":1788749455988,""s"":""AKEUSDT"",""S"":""Buy"",""v"":""18700"",""p"":""0.0132920""}"
2026-09-07T02:50:56.634628Z,1788749456523,AKEUSDT,Buy,71700,0.0132510,"{""T"":1788749456523,""s"":""AKEUSDT"",""S"":""Buy"",""v"":""71700"",""p"":""0.0132510""}"
2026-09-07T02:50:57.134577Z,1788749456803,AKEUSDT,Buy,2100,0.0131830,"{""T"":1788749456803,""s"":""AKEUSDT"",""S"":""Buy"",""v"":""2100"",""p"":""0.0131830""}"
2026-09-07T02:50:57.134577Z,1788749457029,AKEUSDT,Buy,5900,0.0132010,"{""T"":1788749457029,""s"":""AKEUSDT"",""S"":""Buy"",""v"":""5900"",""p"":""0.0132010""}"
2026-09-07T02:50:57.634757Z,1788749457466,AKEUSDT,Buy,1300,0.0131790,"{""T"":1788749457466,""s"":""AKEUSDT"",""S"":""Buy"",""v"":""1300"",""p"":""0.0131790""}"
2026-09-07T02:50:58.134677Z,1788749457865,AKEUSDT,Buy,4200,0.0131400,"{""T"":1788749457865,""s"":""AKEUSDT"",""S"":""Buy"",""v"":""4200"",""p"":""0.0131400""}"
2026-09-07T02:51:06.907640Z,1788749466638,JUPUSDT,Buy,18740,0.26950,"{""T"":1788749466638,""s"":""JUPUSDT"",""S"":""Buy"",""v"":""18740"",""p"":""0.26950""}"
2026-09-07T02:51:12.995874Z,1788749472786,DASHUSDT,Sell,0.70,72.63,"{""T"":1788749472786,""s"":""DASHUSDT"",""S"":""Sell"",""v"":""0.70"",""p"":""72.63""}"
2026-09-07T02:51:48.635363Z,1788749508494,JTOUSDT,Buy,85.0,0.4551,"{""T"":1788749508494,""s"":""JTOUSDT"",""S"":""Buy"",""v"":""85.0"",""p"":""0.4551""}"
2026-09-07T02:51:50.634604Z,1788749510529,AKEUSDT,Buy,56000,0.0130000,"{""T"":1788749510529,""s"":""AKEUSDT"",""S"":""Buy"",""v"":""56000"",""p"":""0.0130000""}"
2026-09-07T02:51:50.634604Z,1788749510536,AKEUSDT,Buy,1700,0.0130680,"{""T"":1788749510536,""s"":""AKEUSDT"",""S"":""Buy"",""v"":""1700"",""p"":""0.0130680""}"
2026-09-07T02:51:51.135120Z,1788749510553,AKEUSDT,Buy,66700,0.0130620,"{""T"":1788749510553,""s"":""AKEUSDT"",""S"":""Buy"",""v"":""66700"",""p"":""0.0130620""}"
2026-09-07T02:51:51.135120Z,1788749510564,AKEUSDT,Buy,1200,0.0129070,"{""T"":1788749510564,""s"":""AKEUSDT"",""S"":""Buy"",""v"":""1200"",""p"":""0.0129070""}"
2026-09-07T02:51:51.135120Z,1788749510625,AKEUSDT,Buy,29300,0.0128670,"{""T"":1788749510625,""s"":""AKEUSDT"",""S"":""Buy"",""v"":""29300"",""p"":""0.0128670""}"
2026-09-07T02:51:51.135120Z,1788749510655,AKEUSDT,Buy,1403800,0.0129050,"{""T"":1788749510655,""s"":""AKEUSDT"",""S"":""Buy"",""v"":""1403800"",""p"":""0.0129050""}"
2026-09-07T02:51:51.135120Z,1788749510661,AKEUSDT,Buy,500,0.0129730,"{""T"":1788749510661,""s"":""AKEUSDT"",""S"":""Buy"",""v"":""500"",""p"":""0.0129730""}"
2026-09-07T02:51:51.135120Z,1788749510661,AKEUSDT,Buy,5500,0.0131270,"{""T"":1788749510661,""s"":""AKEUSDT"",""S"":""Buy"",""v"":""5500"",""p"":""0.0131270""}"
2026-09-07T02:51:51.135120Z,1788749510713,AKEUSDT,Buy,13300,0.0130500,"{""T"":1788749510713,""s"":""AKEUSDT"",""S"":""Buy"",""v"":""13300"",""p"":""0.0130500""}"
2026-09-07T02:51:51.135120Z,1788749510756,AKEUSDT,Buy,61100,0.0127760,"{""T"":1788749510756,""s"":""AKEUSDT"",""S"":""Buy"",""v"":""61100"",""p"":""0.0127760""}"
2026-09-07T02:51:51.135120Z,1788749510847,AKEUSDT,Buy,9800,0.0129240,"{""T"":1788749510847,""s"":""AKEUSDT"",""S"":""Buy"",""v"":""9800"",""p"":""0.0129240""}"
2026-09-07T02:51:51.135120Z,1788749510887,AKEUSDT,Buy,2600,0.0130490,"{""T"":1788749510887,""s"":""AKEUSDT"",""S"":""Buy"",""v"":""2600"",""p"":""0.0130490""}"
2026-09-07T02:51:51.135120Z,1788749510887,AKEUSDT,Buy,166000,0.0129550,"{""T"":1788749510887,""s"":""AKEUSDT"",""S"":""Buy"",""v"":""166000"",""p"":""0.0129550""}"
2026-09-07T02:51:51.135120Z,1788749510891,AKEUSDT,Buy,100000,0.0130860,"{""T"":1788749510891,""s"":""AKEUSDT"",""S"":""Buy"",""v"":""100000"",""p"":""0.0130860""}"
2026-09-07T02:51:51.135120Z,1788749510891,AKEUSDT,Buy,3200,0.0127910,"{""T"":1788749510891,""s"":""AKEUSDT"",""S"":""Buy"",""v"":""3200"",""p"":""0.0127910""}"
2026-09-07T02:51:51.135120Z,1788749510907,AKEUSDT,Buy,20500,0.0128480,"{""T"":1788749510907,""s"":""AKEUSDT"",""S"":""Buy"",""v"":""20500"",""p"":""0.0128480""}"
2026-09-07T02:51:51.135120Z,1788749510914,AKEUSDT,Buy,300000,0.0130190,"{""T"":1788749510914,""s"":""AKEUSDT"",""S"":""Buy"",""v"":""300000"",""p"":""0.0130190""}"
2026-09-07T02:51:51.135120Z,1788749511008,AKEUSDT,Buy,35000,0.0127970,"{""T"":1788749511008,""s"":""AKEUSDT"",""S"":""Buy"",""v"":""35000"",""p"":""0.0127970""}"
2026-09-07T02:51:51.135120Z,1788749511017,AKEUSDT,Buy,700,0.0128000,"{""T"":1788749511017,""s"":""AKEUSDT"",""S"":""Buy"",""v"":""700"",""p"":""0.0128000""}"
2026-09-07T02:51:51.312224Z,1788749511218,SKRUSDT,Buy,34490,0.019254,"{""T"":1788749511218,""s"":""SKRUSDT"",""S"":""Buy"",""v"":""34490"",""p"":""0.019254""}"
2026-09-07T02:51:51.635038Z,1788749511087,AKEUSDT,Buy,53700,0.0127090,"{""T"":1788749511087,""s"":""AKEUSDT"",""S"":""Buy"",""v"":""53700"",""p"":""0.0127090""}"
2026-09-07T02:51:51.635038Z,1788749511187,AKEUSDT,Buy,105400,0.0127370,"{""T"":1788749511187,""s"":""AKEUSDT"",""S"":""Buy"",""v"":""105400"",""p"":""0.0127370""}"
2026-09-07T02:51:51.635038Z,1788749511207,AKEUSDT,Buy,4000,0.0128260,"{""T"":1788749511207,""s"":""AKEUSDT"",""S"":""Buy"",""v"":""4000"",""p"":""0.0128260""}"
2026-09-07T02:51:51.635038Z,1788749511218,AKEUSDT,Buy,50100,0.0126980,"{""T"":1788749511218,""s"":""AKEUSDT"",""S"":""Buy"",""v"":""50100"",""p"":""0.0126980""}"
2026-09-07T02:51:51.635038Z,1788749511237,AKEUSDT,Buy,20000,0.0127060,"{""T"":1788749511237,""s"":""AKEUSDT"",""S"":""Buy"",""v"":""20000"",""p"":""0.0127060""}"
2026-09-07T02:51:51.635038Z,1788749511238,AKEUSDT,Buy,69500,0.0126990,"{""T"":1788749511238,""s"":""AKEUSDT"",""S"":""Buy"",""v"":""69500"",""p"":""0.0126990""}"
2026-09-07T02:51:51.635038Z,1788749511315,AKEUSDT,Buy,821400,0.0126520,"{""T"":1788749511315,""s"":""AKEUSDT"",""S"":""Buy"",""v"":""821400"",""p"":""0.0126520""}"
2026-09-07T02:51:51.635038Z,1788749511381,AKEUSDT,Buy,10400,0.0129810,"{""T"":1788749511381,""s"":""AKEUSDT"",""S"":""Buy"",""v"":""10400"",""p"":""0.0129810""}"
2026-09-07T02:51:51.635038Z,1788749511395,AKEUSDT,Buy,75700,0.0128430,"{""T"":1788749511395,""s"":""AKEUSDT"",""S"":""Buy"",""v"":""75700"",""p"":""0.0128430""}"
2026-09-07T02:51:51.635038Z,1788749511408,AKEUSDT,Sell,12100,0.0130640,"{""T"":1788749511408,""s"":""AKEUSDT"",""S"":""Sell"",""v"":""12100"",""p"":""0.0130640""}"
2026-09-07T02:51:51.635038Z,1788749511448,AKEUSDT,Buy,38300,0.0127790,"{""T"":1788749511448,""s"":""AKEUSDT"",""S"":""Buy"",""v"":""38300"",""p"":""0.0127790""}"
2026-09-07T02:51:51.635038Z,1788749511477,AKEUSDT,Buy,1400,0.0127840,"{""T"":1788749511477,""s"":""AKEUSDT"",""S"":""Buy"",""v"":""1400"",""p"":""0.0127840""}"
2026-09-07T02:51:53.134769Z,1788749512696,AKEUSDT,Buy,2400,0.0126200,"{""T"":1788749512696,""s"":""AKEUSDT"",""S"":""Buy"",""v"":""2400"",""p"":""0.0126200""}"
2026-09-07T02:51:53.134769Z,1788749512709,AKEUSDT,Buy,26300,0.0125590,"{""T"":1788749512709,""s"":""AKEUSDT"",""S"":""Buy"",""v"":""26300"",""p"":""0.0125590""}"
2026-09-07T02:51:53.134769Z,1788749512778,AKEUSDT,Buy,37200,0.0125710,"{""T"":1788749512778,""s"":""AKEUSDT"",""S"":""Buy"",""v"":""37200"",""p"":""0.0125710""}"
2026-09-07T02:51:53.134769Z,1788749512892,AKEUSDT,Buy,36900,0.0126500,"{""T"":1788749512892,""s"":""AKEUSDT"",""S"":""Buy"",""v"":""36900"",""p"":""0.0126500""}"
2026-09-07T02:51:53.134769Z,1788749512921,AKEUSDT,Buy,30400,0.0125690,"{""T"":1788749512921,""s"":""AKEUSDT"",""S"":""Buy"",""v"":""30400"",""p"":""0.0125690""}"
2026-09-07T02:51:53.134769Z,1788749513039,AKEUSDT,Buy,1300,0.0125950,"{""T"":1788749513039,""s"":""AKEUSDT"",""S"":""Buy"",""v"":""1300"",""p"":""0.0125950""}"
2026-09-07T02:51:53.348278Z,1788749513062,MARSCOINUSDT,Buy,60,0.15822,"{""T"":1788749513062,""s"":""MARSCOINUSDT"",""S"":""Buy"",""v"":""60"",""p"":""0.15822""}"
2026-09-07T02:51:53.634600Z,1788749513062,AKEUSDT,Buy,700,0.0125540,"{""T"":1788749513062,""s"":""AKEUSDT"",""S"":""Buy"",""v"":""700"",""p"":""0.0125540""}"
2026-09-07T02:51:53.634600Z,1788749513068,AKEUSDT,Buy,1000,0.0126770,"{""T"":1788749513068,""s"":""AKEUSDT"",""S"":""Buy"",""v"":""1000"",""p"":""0.0126770""}"
2026-09-07T02:51:53.634600Z,1788749513091,AKEUSDT,Buy,15100,0.0126650,"{""T"":1788749513091,""s"":""AKEUSDT"",""S"":""Buy"",""v"":""15100"",""p"":""0.0126650""}"
2026-09-07T02:51:53.634600Z,1788749513278,AKEUSDT,Buy,400,0.0126100,"{""T"":1788749513278,""s"":""AKEUSDT"",""S"":""Buy"",""v"":""400"",""p"":""0.0126100""}"
2026-09-07T02:51:53.634600Z,1788749513491,AKEUSDT,Buy,2000,0.0127230,"{""T"":1788749513491,""s"":""AKEUSDT"",""S"":""Buy"",""v"":""2000"",""p"":""0.0127230""}"
2026-09-07T02:51:53.634600Z,1788749513506,AKEUSDT,Buy,45200,0.0126650,"{""T"":1788749513506,""s"":""AKEUSDT"",""S"":""Buy"",""v"":""45200"",""p"":""0.0126650""}"
2026-09-07T02:51:54.134980Z,1788749513567,AKEUSDT,Buy,24900,0.0125360,"{""T"":1788749513567,""s"":""AKEUSDT"",""S"":""Buy"",""v"":""24900"",""p"":""0.0125360""}"
2026-09-07T02:51:54.134980Z,1788749513573,AKEUSDT,Buy,7600,0.0126280,"{""T"":1788749513573,""s"":""AKEUSDT"",""S"":""Buy"",""v"":""7600"",""p"":""0.0126280""}"
2026-09-07T02:51:54.134980Z,1788749513795,AKEUSDT,Buy,10000,0.0125530,"{""T"":1788749513795,""s"":""AKEUSDT"",""S"":""Buy"",""v"":""10000"",""p"":""0.0125530""}"
2026-09-07T02:51:54.634672Z,1788749514239,AKEUSDT,Buy,68400,0.0125440,"{""T"":1788749514239,""s"":""AKEUSDT"",""S"":""Buy"",""v"":""68400"",""p"":""0.0125440""}"
2026-09-07T02:52:12.134909Z,1788749531652,AKEUSDT,Buy,1300,0.0125230,"{""T"":1788749531652,""s"":""AKEUSDT"",""S"":""Buy"",""v"":""1300"",""p"":""0.0125230""}"
2026-09-07T02:52:12.634791Z,1788749532158,AKEUSDT,Buy,8700,0.0125190,"{""T"":1788749532158,""s"":""AKEUSDT"",""S"":""Buy"",""v"":""8700"",""p"":""0.0125190""}"
2026-09-07T02:52:13.134664Z,1788749532789,AKEUSDT,Buy,2200,0.0124680,"{""T"":1788749532789,""s"":""AKEUSDT"",""S"":""Buy"",""v"":""2200"",""p"":""0.0124680""}"
2026-09-07T02:52:13.634740Z,1788749533051,AKEUSDT,Buy,85400,0.0124510,"{""T"":1788749533051,""s"":""AKEUSDT"",""S"":""Buy"",""v"":""85400"",""p"":""0.0124510""}"
2026-09-07T02:52:13.634740Z,1788749533126,AKEUSDT,Buy,114100,0.0124760,"{""T"":1788749533126,""s"":""AKEUSDT"",""S"":""Buy"",""v"":""114100"",""p"":""0.0124760""}"
2026-09-07T02:52:14.134796Z,1788749533861,AKEUSDT,Buy,17900,0.0124010,"{""T"":1788749533861,""s"":""AKEUSDT"",""S"":""Buy"",""v"":""17900"",""p"":""0.0124010""}"
2026-09-07T02:52:14.134796Z,1788749533861,AKEUSDT,Buy,41700,0.0124180,"{""T"":1788749533861,""s"":""AKEUSDT"",""S"":""Buy"",""v"":""41700"",""p"":""0.0124180""}"
2026-09-07T02:52:14.134796Z,1788749533900,AKEUSDT,Buy,22400,0.0124070,"{""T"":1788749533900,""s"":""AKEUSDT"",""S"":""Buy"",""v"":""22400"",""p"":""0.0124070""}"
2026-09-07T02:52:14.634802Z,1788749534277,AKEUSDT,Buy,2600,0.0124020,"{""T"":1788749534277,""s"":""AKEUSDT"",""S"":""Buy"",""v"":""2600"",""p"":""0.0124020""}"
2026-09-07T02:52:16.634567Z,1788749536510,AKEUSDT,Buy,42100,0.0122590,"{""T"":1788749536510,""s"":""AKEUSDT"",""S"":""Buy"",""v"":""42100"",""p"":""0.0122590""}"
2026-09-07T02:52:16.634567Z,1788749536513,AKEUSDT,Buy,204800,0.0122590,"{""T"":1788749536513,""s"":""AKEUSDT"",""S"":""Buy"",""v"":""204800"",""p"":""0.0122590""}"
2026-09-07T02:52:16.992797Z,1788749536758,DOODUSDT,Buy,130780,0.0018910,"{""T"":1788749536758,""s"":""DOODUSDT"",""S"":""Buy"",""v"":""130780"",""p"":""0.0018910""}"
2026-09-07T02:52:17.134774Z,1788749536566,AKEUSDT,Buy,85300,0.0123890,"{""T"":1788749536566,""s"":""AKEUSDT"",""S"":""Buy"",""v"":""85300"",""p"":""0.0123890""}"
2026-09-07T02:52:17.134774Z,1788749536593,AKEUSDT,Buy,72100,0.0123150,"{""T"":1788749536593,""s"":""AKEUSDT"",""S"":""Buy"",""v"":""72100"",""p"":""0.0123150""}"
2026-09-07T02:52:17.134774Z,1788749536677,AKEUSDT,Buy,29100,0.0121130,"{""T"":1788749536677,""s"":""AKEUSDT"",""S"":""Buy"",""v"":""29100"",""p"":""0.0121130""}"
2026-09-07T02:52:17.134774Z,1788749536700,AKEUSDT,Buy,1463500,0.0122070,"{""T"":1788749536700,""s"":""AKEUSDT"",""S"":""Buy"",""v"":""1463500"",""p"":""0.0122070""}"
2026-09-07T02:52:17.134774Z,1788749536716,AKEUSDT,Buy,55300,0.0121040,"{""T"":1788749536716,""s"":""AKEUSDT"",""S"":""Buy"",""v"":""55300"",""p"":""0.0121040""}"
2026-09-07T02:52:17.134774Z,1788749536742,AKEUSDT,Buy,23800,0.0124390,"{""T"":1788749536742,""s"":""AKEUSDT"",""S"":""Buy"",""v"":""23800"",""p"":""0.0124390""}"
2026-09-07T02:52:17.134774Z,1788749536758,AKEUSDT,Buy,53400,0.0121840,"{""T"":1788749536758,""s"":""AKEUSDT"",""S"":""Buy"",""v"":""53400"",""p"":""0.0121840""}"
2026-09-07T02:52:17.134774Z,1788749536850,AKEUSDT,Buy,800,0.0122240,"{""T"":1788749536850,""s"":""AKEUSDT"",""S"":""Buy"",""v"":""800"",""p"":""0.0122240""}"
2026-09-07T02:52:17.134774Z,1788749536976,AKEUSDT,Buy,20000,0.0123700,"{""T"":1788749536976,""s"":""AKEUSDT"",""S"":""Buy"",""v"":""20000"",""p"":""0.0123700""}"
2026-09-07T02:52:17.134774Z,1788749537027,AKEUSDT,Buy,2100,0.0123680,"{""T"":1788749537027,""s"":""AKEUSDT"",""S"":""Buy"",""v"":""2100"",""p"":""0.0123680""}"
2026-09-07T02:52:17.635021Z,1788749537057,AKEUSDT,Buy,9500,0.0123060,"{""T"":1788749537057,""s"":""AKEUSDT"",""S"":""Buy"",""v"":""9500"",""p"":""0.0123060""}"
2026-09-07T02:52:17.635021Z,1788749537087,AKEUSDT,Buy,6400,0.0121400,"{""T"":1788749537087,""s"":""AKEUSDT"",""S"":""Buy"",""v"":""6400"",""p"":""0.0121400""}"
2026-09-07T02:52:17.635021Z,1788749537094,AKEUSDT,Buy,20700,0.0122350,"{""T"":1788749537094,""s"":""AKEUSDT"",""S"":""Buy"",""v"":""20700"",""p"":""0.0122350""}"
2026-09-07T02:52:17.635021Z,1788749537189,AKEUSDT,Buy,9000,0.0122270,"{""T"":1788749537189,""s"":""AKEUSDT"",""S"":""Buy"",""v"":""9000"",""p"":""0.0122270""}"
2026-09-07T02:52:17.635021Z,1788749537190,AKEUSDT,Buy,28800,0.0123220,"{""T"":1788749537190,""s"":""AKEUSDT"",""S"":""Buy"",""v"":""28800"",""p"":""0.0123220""}"
2026-09-07T02:52:17.635021Z,1788749537199,AKEUSDT,Buy,95800,0.0122290,"{""T"":1788749537199,""s"":""AKEUSDT"",""S"":""Buy"",""v"":""95800"",""p"":""0.0122290""}"
2026-09-07T02:52:17.635021Z,1788749537226,AKEUSDT,Buy,116500,0.0121940,"{""T"":1788749537226,""s"":""AKEUSDT"",""S"":""Buy"",""v"":""116500"",""p"":""0.0121940""}"
2026-09-07T02:52:17.635021Z,1788749537236,AKEUSDT,Buy,1000,0.0122860,"{""T"":1788749537236,""s"":""AKEUSDT"",""S"":""Buy"",""v"":""1000"",""p"":""0.0122860""}"
2026-09-07T02:52:17.635021Z,1788749537334,AKEUSDT,Buy,77600,0.0121010,"{""T"":1788749537334,""s"":""AKEUSDT"",""S"":""Buy"",""v"":""77600"",""p"":""0.0121010""}"
2026-09-07T02:52:17.635021Z,1788749537336,AKEUSDT,Buy,7800,0.0121000,"{""T"":1788749537336,""s"":""AKEUSDT"",""S"":""Buy"",""v"":""7800"",""p"":""0.0121000""}"
2026-09-07T02:52:17.635021Z,1788749537368,AKEUSDT,Buy,56300,0.0120630,"{""T"":1788749537368,""s"":""AKEUSDT"",""S"":""Buy"",""v"":""56300"",""p"":""0.0120630""}"
2026-09-07T02:52:17.635021Z,1788749537405,AKEUSDT,Buy,2000,0.0122490,"{""T"":1788749537405,""s"":""AKEUSDT"",""S"":""Buy"",""v"":""2000"",""p"":""0.0122490""}"
2026-09-07T02:52:21.634924Z,1788749541358,AKEUSDT,Sell,1000,0.0124180,"{""T"":1788749541358,""s"":""AKEUSDT"",""S"":""Sell"",""v"":""1000"",""p"":""0.0124180""}"
2026-09-07T02:52:22.134531Z,1788749541792,AKEUSDT,Buy,27600,0.0120570,"{""T"":1788749541792,""s"":""AKEUSDT"",""S"":""Buy"",""v"":""27600"",""p"":""0.0120570""}"
2026-09-07T02:52:22.836913Z,1788749542589,XRPUSDT,Buy,35.3,1.4146,"{""T"":1788749542589,""s"":""XRPUSDT"",""S"":""Buy"",""v"":""35.3"",""p"":""1.4146""}"
2026-09-07T02:52:22.991936Z,1788749542589,SUIUSDT,Buy,60,0.80520,"{""T"":1788749542589,""s"":""SUIUSDT"",""S"":""Buy"",""v"":""60"",""p"":""0.80520""}"
2026-09-07T02:52:23.134898Z,1788749542589,AKEUSDT,Buy,1400,0.0120200,"{""T"":1788749542589,""s"":""AKEUSDT"",""S"":""Buy"",""v"":""1400"",""p"":""0.0120200""}"
2026-09-07T02:52:23.134898Z,1788749542726,AKEUSDT,Buy,1500,0.0120410,"{""T"":1788749542726,""s"":""AKEUSDT"",""S"":""Buy"",""v"":""1500"",""p"":""0.0120410""}"
2026-09-07T02:52:28.134740Z,1788749547923,AKEUSDT,Buy,4500,0.0120100,"{""T"":1788749547923,""s"":""AKEUSDT"",""S"":""Buy"",""v"":""4500"",""p"":""0.0120100""}"
2026-09-07T02:52:29.135113Z,1788749548829,AKEUSDT,Buy,400,0.0119440,"{""T"":1788749548829,""s"":""AKEUSDT"",""S"":""Buy"",""v"":""400"",""p"":""0.0119440""}"
2026-09-07T02:52:29.634763Z,1788749549337,AKEUSDT,Buy,50000,0.0119760,"{""T"":1788749549337,""s"":""AKEUSDT"",""S"":""Buy"",""v"":""50000"",""p"":""0.0119760""}"
2026-09-07T02:52:29.634763Z,1788749549457,AKEUSDT,Buy,1447100,0.0118380,"{""T"":1788749549457,""s"":""AKEUSDT"",""S"":""Buy"",""v"":""1447100"",""p"":""0.0118380""}"
2026-09-07T02:52:30.134790Z,1788749549553,AKEUSDT,Buy,7200,0.0119340,"{""T"":1788749549553,""s"":""AKEUSDT"",""S"":""Buy"",""v"":""7200"",""p"":""0.0119340""}"
2026-09-07T02:53:07.407904Z,1788749587083,JUPUSDT,Buy,1957,0.26790,"{""T"":1788749587083,""s"":""JUPUSDT"",""S"":""Buy"",""v"":""1957"",""p"":""0.26790""}"
2026-09-07T02:53:25.413569Z,1788749605275,UNIUSDT,Sell,133.7,7.202,"{""T"":1788749605275,""s"":""UNIUSDT"",""S"":""Sell"",""v"":""133.7"",""p"":""7.202""}"
2026-09-07T02:53:42.134962Z,1788749621939,AKEUSDT,Sell,1900,0.0128360,"{""T"":1788749621939,""s"":""AKEUSDT"",""S"":""Sell"",""v"":""1900"",""p"":""0.0128360""}"
2026-09-07T02:53:44.134869Z,1788749623854,AKEUSDT,Sell,900,0.0129020,"{""T"":1788749623854,""s"":""AKEUSDT"",""S"":""Sell"",""v"":""900"",""p"":""0.0129020""}"
2026-09-07T02:53:53.562207Z,1788749633123,SOLUSDT,Buy,18.6,105.710,"{""T"":1788749633123,""s"":""SOLUSDT"",""S"":""Buy"",""v"":""18.6"",""p"":""105.710""}"
2026-09-07T02:53:53.565637Z,1788749633123,BTCUSDT,Buy,0.056,79869.20,"{""T"":1788749633123,""s"":""BTCUSDT"",""S"":""Buy"",""v"":""0.056"",""p"":""79869.20""}"
2026-09-07T02:54:30.065194Z,1788749669741,BTCUSDT,Buy,0.004,79834.20,"{""T"":1788749669741,""s"":""BTCUSDT"",""S"":""Buy"",""v"":""0.004"",""p"":""79834.20""}"
2026-09-07T02:54:35.413745Z,1788749674948,ARBUSDT,Buy,250.2,0.18305,"{""T"":1788749674948,""s"":""ARBUSDT"",""S"":""Buy"",""v"":""250.2"",""p"":""0.18305""}"
2026-09-07T02:54:35.413745Z,1788749675320,ARBUSDT,Buy,535.7,0.18289,"{""T"":1788749675320,""s"":""ARBUSDT"",""S"":""Buy"",""v"":""535.7"",""p"":""0.18289""}"
2026-09-07T02:54:36.913381Z,1788749676396,ARBUSDT,Buy,536.3,0.18273,"{""T"":1788749676396,""s"":""ARBUSDT"",""S"":""Buy"",""v"":""536.3"",""p"":""0.18273""}"
2026-09-07T02:54:38.413359Z,1788749677969,ZECUSDT,Buy,0.30,1181.09,"{""T"":1788749677969,""s"":""ZECUSDT"",""S"":""Buy"",""v"":""0.30"",""p"":""1181.09""}"
2026-09-07T02:56:07.063131Z,1788749766579,SOLUSDT,Buy,137.3,105.600,"{""T"":1788749766579,""s"":""SOLUSDT"",""S"":""Buy"",""v"":""137.3"",""p"":""105.600""}"
2026-09-07T02:56:10.562101Z,1788749770353,SOLUSDT,Buy,198.5,105.590,"{""T"":1788749770353,""s"":""SOLUSDT"",""S"":""Buy"",""v"":""198.5"",""p"":""105.590""}"
2026-09-07T02:56:24.315773Z,1788749784093,TRUMPUSDT,Buy,286.5,2.255,"{""T"":1788749784093,""s"":""TRUMPUSDT"",""S"":""Buy"",""v"":""286.5"",""p"":""2.255""}"
2026-09-07T02:56:24.455511Z,1788749784093,ETHUSDT,Buy,1.03,2506.56,"{""T"":1788749784093,""s"":""ETHUSDT"",""S"":""Buy"",""v"":""1.03"",""p"":""2506.56""}"
2026-09-07T02:57:11.955887Z,1788749831742,ETHUSDT,Buy,16.99,2506.36,"{""T"":1788749831742,""s"":""ETHUSDT"",""S"":""Buy"",""v"":""16.99"",""p"":""2506.36""}"
2026-09-07T02:57:12.565057Z,1788749832152,BTCUSDT,Buy,0.001,79749.20,"{""T"":1788749832152,""s"":""BTCUSDT"",""S"":""Buy"",""v"":""0.001"",""p"":""79749.20""}"
2026-09-07T02:57:12.996287Z,1788749832564,LINKUSDT,Buy,28.4,13.052,"{""T"":1788749832564,""s"":""LINKUSDT"",""S"":""Buy"",""v"":""28.4"",""p"":""13.052""}"
2026-09-07T02:57:46.838578Z,1788749866342,XRPUSDT,Buy,96.8,1.4069,"{""T"":1788749866342,""s"":""XRPUSDT"",""S"":""Buy"",""v"":""96.8"",""p"":""1.4069""}"
2026-09-07T02:57:47.066328Z,1788749866880,BTCUSDT,Buy,0.099,79661.30,"{""T"":1788749866880,""s"":""BTCUSDT"",""S"":""Buy"",""v"":""0.099"",""p"":""79661.30""}"
2026-09-07T02:57:47.996097Z,1788749867485,PENGUUSDT,Buy,317290,0.008584,"{""T"":1788749867485,""s"":""PENGUUSDT"",""S"":""Buy"",""v"":""317290"",""p"":""0.008584""}"
2026-09-07T02:58:04.062114Z,1788749883692,SOLUSDT,Buy,3.8,105.290,"{""T"":1788749883692,""s"":""SOLUSDT"",""S"":""Buy"",""v"":""3.8"",""p"":""105.290""}"
2026-09-07T02:58:04.065047Z,1788749883521,BTCUSDT,Buy,0.009,79639.80,"{""T"":1788749883521,""s"":""BTCUSDT"",""S"":""Buy"",""v"":""0.009"",""p"":""79639.80""}"
2026-09-07T02:58:40.634915Z,1788749920114,4USDT,Buy,21420,0.019246,"{""T"":1788749920114,""s"":""4USDT"",""S"":""Buy"",""v"":""21420"",""p"":""0.019246""}"
2026-09-07T02:59:36.068752Z,1788749975738,BTCUSDT,Buy,0.016,79584.60,"{""T"":1788749975738,""s"":""BTCUSDT"",""S"":""Buy"",""v"":""0.016"",""p"":""79584.60""}"
2026-09-07T02:59:49.847753Z,1788749989473,UAIUSDT,Sell,337,0.67860,"{""T"":1788749989473,""s"":""UAIUSDT"",""S"":""Sell"",""v"":""337"",""p"":""0.67860""}"
2026-09-07T02:59:54.135658Z,1788749993958,HEMIUSDT,Buy,1893,0.010488,"{""T"":1788749993958,""s"":""HEMIUSDT"",""S"":""Buy"",""v"":""1893"",""p"":""0.010488""}"
2026-09-07T02:59:54.136128Z,1788749993862,AKEUSDT,Buy,15900,0.0124960,"{""T"":1788749993862,""s"":""AKEUSDT"",""S"":""Buy"",""v"":""15900"",""p"":""0.0124960""}"
2026-09-07T02:59:54.348242Z,1788749993958,UAIUSDT,Sell,20,0.67980,"{""T"":1788749993958,""s"":""UAIUSDT"",""S"":""Sell"",""v"":""20"",""p"":""0.67980""}"
2026-09-07T02:59:54.634890Z,1788749994209,AKEUSDT,Buy,400,0.0125190,"{""T"":1788749994209,""s"":""AKEUSDT"",""S"":""Buy"",""v"":""400"",""p"":""0.0125190""}"
2026-09-07T03:00:25.907991Z,1788750025820,CRVUSDT,Buy,499.7,0.3967,"{""T"":1788750025820,""s"":""CRVUSDT"",""S"":""Buy"",""v"":""499.7"",""p"":""0.3967""}"
2026-09-07T03:00:28.986209Z,1788750028694,ORCAUSDT,Buy,14.9,1.6016,"{""T"":1788750028694,""s"":""ORCAUSDT"",""S"":""Buy"",""v"":""14.9"",""p"":""1.6016""}"
2026-09-07T03:00:30.486152Z,1788750030051,ORCAUSDT,Buy,90.2,1.5868,"{""T"":1788750030051,""s"":""ORCAUSDT"",""S"":""Buy"",""v"":""90.2"",""p"":""1.5868""}"
2026-09-07T03:00:30.486152Z,1788750030069,ORCAUSDT,Buy,171.9,1.5886,"{""T"":1788750030069,""s"":""ORCAUSDT"",""S"":""Buy"",""v"":""171.9"",""p"":""1.5886""}"
2026-09-07T03:00:30.987176Z,1788750030477,ORCAUSDT,Buy,165.8,1.5905,"{""T"":1788750030477,""s"":""ORCAUSDT"",""S"":""Buy"",""v"":""165.8"",""p"":""1.5905""}"
2026-09-07T03:00:32.486557Z,1788750032068,ORCAUSDT,Buy,39.7,1.5837,"{""T"":1788750032068,""s"":""ORCAUSDT"",""S"":""Buy"",""v"":""39.7"",""p"":""1.5837""}"
2026-09-07T03:00:35.336931Z,1788750035092,XRPUSDT,Buy,7.4,1.4050,"{""T"":1788750035092,""s"":""XRPUSDT"",""S"":""Buy"",""v"":""7.4"",""p"":""1.4050""}"
2026-09-07T03:00:35.413243Z,1788750035092,ZECUSDT,Buy,0.01,1179.82,"{""T"":1788750035092,""s"":""ZECUSDT"",""S"":""Buy"",""v"":""0.01"",""p"":""1179.82""}"
2026-09-07T03:00:35.516189Z,1788750035092,NEARUSDT,Buy,5.6,2.3830,"{""T"":1788750035092,""s"":""NEARUSDT"",""S"":""Buy"",""v"":""5.6"",""p"":""2.3830""}"
2026-09-07T03:00:36.487131Z,1788750036218,ORCAUSDT,Buy,259.1,1.5824,"{""T"":1788750036218,""s"":""ORCAUSDT"",""S"":""Buy"",""v"":""259.1"",""p"":""1.5824""}"
2026-09-07T03:00:36.565170Z,1788750036109,BTCUSDT,Buy,0.003,79515.20,"{""T"":1788750036109,""s"":""BTCUSDT"",""S"":""Buy"",""v"":""0.003"",""p"":""79515.20""}"
2026-09-07T03:00:37.986921Z,1788750037734,ORCAUSDT,Buy,237.9,1.5753,"{""T"":1788750037734,""s"":""ORCAUSDT"",""S"":""Buy"",""v"":""237.9"",""p"":""1.5753""}"
2026-09-07T03:00:37.986921Z,1788750037781,ORCAUSDT,Buy,15.1,1.5750,"{""T"":1788750037781,""s"":""ORCAUSDT"",""S"":""Buy"",""v"":""15.1"",""p"":""1.5750""}"
2026-09-07T03:00:37.986921Z,1788750037818,ORCAUSDT,Buy,3516.2,1.5781,"{""T"":1788750037818,""s"":""ORCAUSDT"",""S"":""Buy"",""v"":""3516.2"",""p"":""1.5781""}"
2026-09-07T03:01:11.017921Z,1788750070890,NEARUSDT,Buy,245.6,2.3780,"{""T"":1788750070890,""s"":""NEARUSDT"",""S"":""Buy"",""v"":""245.6"",""p"":""2.3780""}"
2026-09-07T03:01:11.069026Z,1788750070695,BTCUSDT,Buy,0.160,79497.10,"{""T"":1788750070695,""s"":""BTCUSDT"",""S"":""Buy"",""v"":""0.160"",""p"":""79497.10""}"
2026-09-07T03:01:13.812363Z,1788750073589,HYPEUSDT,Buy,0.61,85.890,"{""T"":1788750073589,""s"":""HYPEUSDT"",""S"":""Buy"",""v"":""0.61"",""p"":""85.890""}"
2026-09-07T03:01:14.812207Z,1788750074375,HYPEUSDT,Sell,2.06,86.940,"{""T"":1788750074375,""s"":""HYPEUSDT"",""S"":""Sell"",""v"":""2.06"",""p"":""86.940""}"
2026-09-07T03:01:15.812361Z,1788750075354,HYPEUSDT,Buy,0.31,85.720,"{""T"":1788750075354,""s"":""HYPEUSDT"",""S"":""Buy"",""v"":""0.31"",""p"":""85.720""}"
2026-09-07T03:01:15.907542Z,1788750075441,TIAUSDT,Buy,99.9,0.4307,"{""T"":1788750075441,""s"":""TIAUSDT"",""S"":""Buy"",""v"":""99.9"",""p"":""0.4307""}"
2026-09-07T03:01:16.913698Z,1788750076401,DOTUSDT,Buy,0.2,0.9716,"{""T"":1788750076401,""s"":""DOTUSDT"",""S"":""Buy"",""v"":""0.2"",""p"":""0.9716""}"
2026-09-07T03:02:13.348211Z,1788750133259,UAIUSDT,Sell,19,0.68060,"{""T"":1788750133259,""s"":""UAIUSDT"",""S"":""Sell"",""v"":""19"",""p"":""0.68060""}"
2026-09-07T03:02:13.848142Z,1788750133602,UAIUSDT,Sell,840,0.68110,"{""T"":1788750133602,""s"":""UAIUSDT"",""S"":""Sell"",""v"":""840"",""p"":""0.68110""}"
2026-09-07T03:02:18.347834Z,1788750138008,UAIUSDT,Sell,140,0.68490,"{""T"":1788750138008,""s"":""UAIUSDT"",""S"":""Sell"",""v"":""140"",""p"":""0.68490""}"
2026-09-07T03:02:20.847602Z,1788750140447,UAIUSDT,Sell,673,0.68560,"{""T"":1788750140447,""s"":""UAIUSDT"",""S"":""Sell"",""v"":""673"",""p"":""0.68560""}"
2026-09-07T03:02:52.348497Z,1788750172155,USELESSUSDT,Sell,802,0.22681,"{""T"":1788750172155,""s"":""USELESSUSDT"",""S"":""Sell"",""v"":""802"",""p"":""0.22681""}"
2026-09-07T03:02:52.348972Z,1788750172004,UAIUSDT,Sell,635,0.68950,"{""T"":1788750172004,""s"":""UAIUSDT"",""S"":""Sell"",""v"":""635"",""p"":""0.68950""}"
2026-09-07T03:02:52.348972Z,1788750172155,UAIUSDT,Sell,426,0.69110,"{""T"":1788750172155,""s"":""UAIUSDT"",""S"":""Sell"",""v"":""426"",""p"":""0.69110""}"
2026-09-07T03:02:52.455536Z,1788750172004,ETHUSDT,Buy,0.11,2507.00,"{""T"":1788750172004,""s"":""ETHUSDT"",""S"":""Buy"",""v"":""0.11"",""p"":""2507.00""}"
2026-09-07T03:02:52.562013Z,1788750172004,SOLUSDT,Buy,0.9,105.340,"{""T"":1788750172004,""s"":""SOLUSDT"",""S"":""Buy"",""v"":""0.9"",""p"":""105.340""}"
2026-09-07T03:03:09.347855Z,1788750188978,UAIUSDT,Sell,1292,0.69130,"{""T"":1788750188978,""s"":""UAIUSDT"",""S"":""Sell"",""v"":""1292"",""p"":""0.69130""}"
2026-09-07T03:06:08.828310Z,1788750368574,CPUSDT,Sell,250,0.02215,"{""T"":1788750368574,""s"":""CPUSDT"",""S"":""Sell"",""v"":""250"",""p"":""0.02215""}"
2026-09-07T03:06:59.851417Z,1788750419338,USELESSUSDT,Sell,4302,0.23267,"{""T"":1788750419338,""s"":""USELESSUSDT"",""S"":""Sell"",""v"":""4302"",""p"":""0.23267""}"
2026-09-07T03:06:59.851417Z,1788750419672,USELESSUSDT,Sell,318,0.23301,"{""T"":1788750419672,""s"":""USELESSUSDT"",""S"":""Sell"",""v"":""318"",""p"":""0.23301""}"
2026-09-07T03:07:00.348160Z,1788750419889,USELESSUSDT,Sell,13270,0.23295,"{""T"":1788750419889,""s"":""USELESSUSDT"",""S"":""Sell"",""v"":""13270"",""p"":""0.23295""}"
2026-09-07T03:08:16.836866Z,1788750496401,XRPUSDT,Buy,994.0,1.4027,"{""T"":1788750496401,""s"":""XRPUSDT"",""S"":""Buy"",""v"":""994.0"",""p"":""1.4027""}"
2026-09-07T03:10:14.413527Z,1788750614146,ZECUSDT,Sell,2.00,1200.79,"{""T"":1788750614146,""s"":""ZECUSDT"",""S"":""Sell"",""v"":""2.00"",""p"":""1200.79""}"
2026-09-07T03:12:03.337290Z,1788750722940,XRPUSDT,Buy,331.6,1.4023,"{""T"":1788750722940,""s"":""XRPUSDT"",""S"":""Buy"",""v"":""331.6"",""p"":""1.4023""}"
2026-09-07T03:12:29.336985Z,1788750748768,XRPUSDT,Buy,27.3,1.4021,"{""T"":1788750748768,""s"":""XRPUSDT"",""S"":""Buy"",""v"":""27.3"",""p"":""1.4021""}"
2026-09-07T03:17:11.996306Z,1788751031532,INJUSDT,Buy,44.6,5.4380,"{""T"":1788751031532,""s"":""INJUSDT"",""S"":""Buy"",""v"":""44.6"",""p"":""5.4380""}"
2026-09-07T03:17:35.812039Z,1788751055703,TRUMPUSDT,Buy,5.5,2.240,"{""T"":1788751055703,""s"":""TRUMPUSDT"",""S"":""Buy"",""v"":""5.5"",""p"":""2.240""}"
2026-09-07T03:18:23.829039Z,1788751103646,NIULAIUSDT,Buy,300,0.08589,"{""T"":1788751103646,""s"":""NIULAIUSDT"",""S"":""Buy"",""v"":""300"",""p"":""0.08589""}"
2026-09-07T03:20:14.638724Z,1788751214435,AKEUSDT,Sell,168200,0.0130890,"{""T"":1788751214435,""s"":""AKEUSDT"",""S"":""Sell"",""v"":""168200"",""p"":""0.0130890""}"
2026-09-07T03:21:59.486512Z,1788751319346,ORCAUSDT,Buy,5.2,1.5594,"{""T"":1788751319346,""s"":""ORCAUSDT"",""S"":""Buy"",""v"":""5.2"",""p"":""1.5594""}"
2026-09-07T03:22:22.908300Z,1788751342447,JUPUSDT,Buy,237,0.26360,"{""T"":1788751342447,""s"":""JUPUSDT"",""S"":""Buy"",""v"":""237"",""p"":""0.26360""}"
2026-09-07T03:22:29.986712Z,1788751349505,ORCAUSDT,Buy,65.1,1.5562,"{""T"":1788751349505,""s"":""ORCAUSDT"",""S"":""Buy"",""v"":""65.1"",""p"":""1.5562""}"
2026-09-07T03:24:03.413717Z,1788751442902,ARBUSDT,Buy,824.9,0.18203,"{""T"":1788751442902,""s"":""ARBUSDT"",""S"":""Buy"",""v"":""824.9"",""p"":""0.18203""}"
2026-09-07T03:24:05.328306Z,1788751445023,NIULAIUSDT,Buy,920,0.08502,"{""T"":1788751445023,""s"":""NIULAIUSDT"",""S"":""Buy"",""v"":""920"",""p"":""0.08502""}"
2026-09-07T03:24:07.812078Z,1788751447512,SKRUSDT,Sell,850,0.020763,"{""T"":1788751447512,""s"":""SKRUSDT"",""S"":""Sell"",""v"":""850"",""p"":""0.020763""}"
2026-09-07T03:24:21.915081Z,1788751461404,ARBUSDT,Buy,5.2,0.18191,"{""T"":1788751461404,""s"":""ARBUSDT"",""S"":""Buy"",""v"":""5.2"",""p"":""0.18191""}"
2026-09-07T03:25:11.909534Z,1788751511549,JUPUSDT,Buy,581,0.26310,"{""T"":1788751511549,""s"":""JUPUSDT"",""S"":""Buy"",""v"":""581"",""p"":""0.26310""}"
2026-09-07T03:25:14.413646Z,1788751514322,ZENUSDT,Buy,102.8,7.083,"{""T"":1788751514322,""s"":""ZENUSDT"",""S"":""Buy"",""v"":""102.8"",""p"":""7.083""}"
2026-09-07T03:25:24.908243Z,1788751524419,JUPUSDT,Buy,20,0.26260,"{""T"":1788751524419,""s"":""JUPUSDT"",""S"":""Buy"",""v"":""20"",""p"":""0.26260""}"
2026-09-07T03:25:26.913810Z,1788751526453,DOGEUSDT,Buy,21619,0.08897,"{""T"":1788751526453,""s"":""DOGEUSDT"",""S"":""Buy"",""v"":""21619"",""p"":""0.08897""}"
2026-09-07T03:25:27.486133Z,1788751527052,ORCAUSDT,Buy,23.4,1.5544,"{""T"":1788751527052,""s"":""ORCAUSDT"",""S"":""Buy"",""v"":""23.4"",""p"":""1.5544""}"
2026-09-07T03:25:28.061989Z,1788751527703,SOLUSDT,Buy,4.3,104.640,"{""T"":1788751527703,""s"":""SOLUSDT"",""S"":""Buy"",""v"":""4.3"",""p"":""104.640""}"
2026-09-07T03:25:28.413563Z,1788751528159,DOGEUSDT,Buy,40714,0.08893,"{""T"":1788751528159,""s"":""DOGEUSDT"",""S"":""Buy"",""v"":""40714"",""p"":""0.08893""}"
2026-09-07T03:25:30.561888Z,1788751530245,SOLUSDT,Buy,0.4,104.620,"{""T"":1788751530245,""s"":""SOLUSDT"",""S"":""Buy"",""v"":""0.4"",""p"":""104.620""}"
2026-09-07T03:25:36.955551Z,1788751536732,ETHUSDT,Buy,0.07,2496.32,"{""T"":1788751536732,""s"":""ETHUSDT"",""S"":""Buy"",""v"":""0.07"",""p"":""2496.32""}"
2026-09-07T03:25:43.913731Z,1788751543379,ADAUSDT,Buy,5872,0.2184,"{""T"":1788751543379,""s"":""ADAUSDT"",""S"":""Buy"",""v"":""5872"",""p"":""0.2184""}"
2026-09-07T03:25:47.635289Z,1788751547075,STRKUSDT,Buy,2380.9,0.03040,"{""T"":1788751547075,""s"":""STRKUSDT"",""S"":""Buy"",""v"":""2380.9"",""p"":""0.03040""}"
2026-09-07T03:26:01.825060Z,1788751561426,AEROUSDT,Buy,1800,0.5335,"{""T"":1788751561426,""s"":""AEROUSDT"",""S"":""Buy"",""v"":""1800"",""p"":""0.5335""}"
2026-09-07T03:26:08.069344Z,1788751567882,BTCUSDT,Buy,0.007,79420.10,"{""T"":1788751567882,""s"":""BTCUSDT"",""S"":""Buy"",""v"":""0.007"",""p"":""79420.10""}"
2026-09-07T03:26:09.914060Z,1788751569436,DOGEUSDT,Buy,15227,0.08885,"{""T"":1788751569436,""s"":""DOGEUSDT"",""S"":""Buy"",""v"":""15227"",""p"":""0.08885""}"
2026-09-07T03:26:27.908999Z,1788751587658,TIAUSDT,Buy,290.1,0.4281,"{""T"":1788751587658,""s"":""TIAUSDT"",""S"":""Buy"",""v"":""290.1"",""p"":""0.4281""}"
2026-09-07T03:26:30.413720Z,1788751590103,ZECUSDT,Buy,1.11,1177.98,"{""T"":1788751590103,""s"":""ZECUSDT"",""S"":""Buy"",""v"":""1.11"",""p"":""1177.98""}"
2026-09-07T03:26:30.455922Z,1788751590103,ETHUSDT,Buy,2.66,2495.15,"{""T"":1788751590103,""s"":""ETHUSDT"",""S"":""Buy"",""v"":""2.66"",""p"":""2495.15""}"
2026-09-07T03:27:02.413564Z,1788751621946,ARBUSDT,Buy,13440.8,0.18186,"{""T"":1788751621946,""s"":""ARBUSDT"",""S"":""Buy"",""v"":""13440.8"",""p"":""0.18186""}"
2026-09-07T03:27:14.916824Z,1788751634748,ARBUSDT,Buy,5000.0,0.18143,"{""T"":1788751634748,""s"":""ARBUSDT"",""S"":""Buy"",""v"":""5000.0"",""p"":""0.18143""}"
2026-09-07T03:27:15.413521Z,1788751635026,ARBUSDT,Buy,288.8,0.18142,"{""T"":1788751635026,""s"":""ARBUSDT"",""S"":""Buy"",""v"":""288.8"",""p"":""0.18142""}"
2026-09-07T03:27:40.916641Z,1788751660659,ARBUSDT,Buy,40000.0,0.18094,"{""T"":1788751660659,""s"":""ARBUSDT"",""S"":""Buy"",""v"":""40000.0"",""p"":""0.18094""}"
2026-09-07T03:27:41.413571Z,1788751661005,ARBUSDT,Buy,32.2,0.18065,"{""T"":1788751661005,""s"":""ARBUSDT"",""S"":""Buy"",""v"":""32.2"",""p"":""0.18065""}"
2026-09-07T03:28:44.328183Z,1788751723813,NIULAIUSDT,Sell,3370,0.09104,"{""T"":1788751723813,""s"":""NIULAIUSDT"",""S"":""Sell"",""v"":""3370"",""p"":""0.09104""}"
2026-09-07T03:29:02.413592Z,1788751742096,ARBUSDT,Buy,534.7,0.17973,"{""T"":1788751742096,""s"":""ARBUSDT"",""S"":""Buy"",""v"":""534.7"",""p"":""0.17973""}"
2026-09-07T03:29:25.911193Z,1788751765584,JUPUSDT,Buy,1455,0.26090,"{""T"":1788751765584,""s"":""JUPUSDT"",""S"":""Buy"",""v"":""1455"",""p"":""0.26090""}"
2026-09-07T03:31:11.313414Z,1788751871091,CHIPUSDT,Buy,1520,0.05574,"{""T"":1788751871091,""s"":""CHIPUSDT"",""S"":""Buy"",""v"":""1520"",""p"":""0.05574""}"
2026-09-07T03:31:16.455708Z,1788751875965,ETHUSDT,Buy,2.72,2494.51,"{""T"":1788751875965,""s"":""ETHUSDT"",""S"":""Buy"",""v"":""2.72"",""p"":""2494.51""}"
2026-09-07T03:31:16.455708Z,1788751876028,ETHUSDT,Buy,0.02,2494.46,"{""T"":1788751876028,""s"":""ETHUSDT"",""S"":""Buy"",""v"":""0.02"",""p"":""2494.46""}"
2026-09-07T03:31:17.493401Z,1788751877043,SUIUSDT,Buy,1000,0.78830,"{""T"":1788751877043,""s"":""SUIUSDT"",""S"":""Buy"",""v"":""1000"",""p"":""0.78830""}"
2026-09-07T03:31:28.414297Z,1788751888036,ARBUSDT,Buy,347.8,0.17913,"{""T"":1788751888036,""s"":""ARBUSDT"",""S"":""Buy"",""v"":""347.8"",""p"":""0.17913""}"
2026-09-07T03:31:31.016101Z,1788751890900,TAOUSDT,Buy,0.196,266.20,"{""T"":1788751890900,""s"":""TAOUSDT"",""S"":""Buy"",""v"":""0.196"",""p"":""266.20""}"
2026-09-07T03:32:01.486228Z,1788751921163,XAUUSDT,Sell,0.100,4432.56,"{""T"":1788751921163,""s"":""XAUUSDT"",""S"":""Sell"",""v"":""0.100"",""p"":""4432.56""}"
2026-09-07T03:32:01.565054Z,1788751921163,BTCUSDT,Buy,0.020,79401.60,"{""T"":1788751921163,""s"":""BTCUSDT"",""S"":""Buy"",""v"":""0.020"",""p"":""79401.60""}"
2026-09-07T03:32:02.065292Z,1788751921870,BTCUSDT,Buy,0.012,79400.90,"{""T"":1788751921870,""s"":""BTCUSDT"",""S"":""Buy"",""v"":""0.012"",""p"":""79400.90""}"
2026-09-07T03:32:06.812650Z,1788751926322,ASTERUSDT,Buy,3130,0.7762,"{""T"":1788751926322,""s"":""ASTERUSDT"",""S"":""Buy"",""v"":""3130"",""p"":""0.7762""}"
2026-09-07T03:32:07.413381Z,1788751927308,ARBUSDT,Buy,32.4,0.17859,"{""T"":1788751927308,""s"":""ARBUSDT"",""S"":""Buy"",""v"":""32.4"",""p"":""0.17859""}"
2026-09-07T03:32:07.913507Z,1788751927374,ARBUSDT,Buy,380.9,0.17842,"{""T"":1788751927374,""s"":""ARBUSDT"",""S"":""Buy"",""v"":""380.9"",""p"":""0.17842""}"
2026-09-07T03:32:08.413462Z,1788751927857,ARBUSDT,Buy,49.5,0.17830,"{""T"":1788751927857,""s"":""ARBUSDT"",""S"":""Buy"",""v"":""49.5"",""p"":""0.17830""}"
2026-09-07T03:32:08.413462Z,1788751927907,ARBUSDT,Buy,104.3,0.17765,"{""T"":1788751927907,""s"":""ARBUSDT"",""S"":""Buy"",""v"":""104.3"",""p"":""0.17765""}"
2026-09-07T03:32:08.413462Z,1788751928032,ARBUSDT,Buy,6562.1,0.17699,"{""T"":1788751928032,""s"":""ARBUSDT"",""S"":""Buy"",""v"":""6562.1"",""p"":""0.17699""}"
2026-09-07T03:32:08.413462Z,1788751928055,ARBUSDT,Buy,1659.0,0.17729,"{""T"":1788751928055,""s"":""ARBUSDT"",""S"":""Buy"",""v"":""1659.0"",""p"":""0.17729""}"
2026-09-07T03:32:08.413462Z,1788751928083,ARBUSDT,Buy,145.4,0.17800,"{""T"":1788751928083,""s"":""ARBUSDT"",""S"":""Buy"",""v"":""145.4"",""p"":""0.17800""}"
2026-09-07T03:32:08.413462Z,1788751928174,ARBUSDT,Buy,1198.5,0.17775,"{""T"":1788751928174,""s"":""ARBUSDT"",""S"":""Buy"",""v"":""1198.5"",""p"":""0.17775""}"
2026-09-07T03:32:08.413462Z,1788751928324,ARBUSDT,Buy,512.3,0.17836,"{""T"":1788751928324,""s"":""ARBUSDT"",""S"":""Buy"",""v"":""512.3"",""p"":""0.17836""}"
2026-09-07T03:32:08.913284Z,1788751928479,ARBUSDT,Buy,37224.1,0.17712,"{""T"":1788751928479,""s"":""ARBUSDT"",""S"":""Buy"",""v"":""37224.1"",""p"":""0.17712""}"
2026-09-07T03:32:09.407860Z,1788751929096,JUPUSDT,Buy,220,0.26040,"{""T"":1788751929096,""s"":""JUPUSDT"",""S"":""Buy"",""v"":""220"",""p"":""0.26040""}"
2026-09-07T03:32:09.407860Z,1788751929151,JUPUSDT,Buy,69,0.26020,"{""T"":1788751929151,""s"":""JUPUSDT"",""S"":""Buy"",""v"":""69"",""p"":""0.26020""}"
2026-09-07T03:32:09.413092Z,1788751929180,ARBUSDT,Buy,1428.7,0.17670,"{""T"":1788751929180,""s"":""ARBUSDT"",""S"":""Buy"",""v"":""1428.7"",""p"":""0.17670""}"
2026-09-07T03:32:09.413092Z,1788751929238,ARBUSDT,Buy,55.7,0.17665,"{""T"":1788751929238,""s"":""ARBUSDT"",""S"":""Buy"",""v"":""55.7"",""p"":""0.17665""}"
2026-09-07T03:32:09.515976Z,1788751929096,AVAXUSDT,Buy,10.3,7.736,"{""T"":1788751929096,""s"":""AVAXUSDT"",""S"":""Buy"",""v"":""10.3"",""p"":""7.736""}"
2026-09-07T03:32:12.413258Z,1788751931924,ARBUSDT,Buy,2553.3,0.17636,"{""T"":1788751931924,""s"":""ARBUSDT"",""S"":""Buy"",""v"":""2553.3"",""p"":""0.17636""}"
2026-09-07T03:32:12.413258Z,1788751932252,ARBUSDT,Buy,5900.0,0.17629,"{""T"":1788751932252,""s"":""ARBUSDT"",""S"":""Buy"",""v"":""5900.0"",""p"":""0.17629""}"
2026-09-07T03:32:12.913312Z,1788751932435,ARBUSDT,Buy,210.1,0.17640,"{""T"":1788751932435,""s"":""ARBUSDT"",""S"":""Buy"",""v"":""210.1"",""p"":""0.17640""}"
2026-09-07T03:32:12.913312Z,1788751932446,ARBUSDT,Buy,50.5,0.17634,"{""T"":1788751932446,""s"":""ARBUSDT"",""S"":""Buy"",""v"":""50.5"",""p"":""0.17634""}"
2026-09-07T03:32:12.913312Z,1788751932595,ARBUSDT,Buy,6980.8,0.17634,"{""T"":1788751932595,""s"":""ARBUSDT"",""S"":""Buy"",""v"":""6980.8"",""p"":""0.17634""}"
2026-09-07T03:32:12.913312Z,1788751932627,ARBUSDT,Buy,117.3,0.17631,"{""T"":1788751932627,""s"":""ARBUSDT"",""S"":""Buy"",""v"":""117.3"",""p"":""0.17631""}"
2026-09-07T03:32:12.913312Z,1788751932684,ARBUSDT,Buy,5780.8,0.17640,"{""T"":1788751932684,""s"":""ARBUSDT"",""S"":""Buy"",""v"":""5780.8"",""p"":""0.17640""}"
2026-09-07T03:32:13.413207Z,1788751933132,ARBUSDT,Buy,77.0,0.17627,"{""T"":1788751933132,""s"":""ARBUSDT"",""S"":""Buy"",""v"":""77.0"",""p"":""0.17627""}"
2026-09-07T03:32:15.913748Z,1788751935761,ARBUSDT,Buy,418.1,0.17589,"{""T"":1788751935761,""s"":""ARBUSDT"",""S"":""Buy"",""v"":""418.1"",""p"":""0.17589""}"
2026-09-07T03:32:15.913748Z,1788751935789,ARBUSDT,Buy,1001.5,0.17575,"{""T"":1788751935789,""s"":""ARBUSDT"",""S"":""Buy"",""v"":""1001.5"",""p"":""0.17575""}"
2026-09-07T03:32:16.312103Z,1788751936209,XPLUSDT,Buy,18045,0.08769,"{""T"":1788751936209,""s"":""XPLUSDT"",""S"":""Buy"",""v"":""18045"",""p"":""0.08769""}"
2026-09-07T03:32:16.312351Z,1788751936209,PUMPFUNUSDT,Buy,1261100,0.0039250,"{""T"":1788751936209,""s"":""PUMPFUNUSDT"",""S"":""Buy"",""v"":""1261100"",""p"":""0.0039250""}"
2026-09-07T03:32:16.347918Z,1788751936209,MARSCOINUSDT,Buy,10,0.16025,"{""T"":1788751936209,""s"":""MARSCOINUSDT"",""S"":""Buy"",""v"":""10"",""p"":""0.16025""}"
2026-09-07T03:32:16.413311Z,1788751936209,ARBUSDT,Buy,100924.2,0.17580,"{""T"":1788751936209,""s"":""ARBUSDT"",""S"":""Buy"",""v"":""100924.2"",""p"":""0.17580""}"
2026-09-07T03:32:16.634557Z,1788751936209,STRKUSDT,Buy,239342.5,0.03032,"{""T"":1788751936209,""s"":""STRKUSDT"",""S"":""Buy"",""v"":""239342.5"",""p"":""0.03032""}"
2026-09-07T03:32:17.413326Z,1788751936936,ARBUSDT,Buy,5940.1,0.17572,"{""T"":1788751936936,""s"":""ARBUSDT"",""S"":""Buy"",""v"":""5940.1"",""p"":""0.17572""}"
2026-09-07T03:32:19.065489Z,1788751938594,BTCUSDT,Buy,0.453,79397.40,"{""T"":1788751938594,""s"":""BTCUSDT"",""S"":""Buy"",""v"":""0.453"",""p"":""79397.40""}"
2026-09-07T03:32:25.913796Z,1788751945702,ZECUSDT,Buy,0.42,1176.80,"{""T"":1788751945702,""s"":""ZECUSDT"",""S"":""Buy"",""v"":""0.42"",""p"":""1176.80""}"
2026-09-07T03:34:30.417262Z,1788752070023,ARBUSDT,Buy,1178.4,0.17545,"{""T"":1788752070023,""s"":""ARBUSDT"",""S"":""Buy"",""v"":""1178.4"",""p"":""0.17545""}"
2026-09-07T03:34:30.913425Z,1788752070679,ARBUSDT,Buy,34.8,0.17549,"{""T"":1788752070679,""s"":""ARBUSDT"",""S"":""Buy"",""v"":""34.8"",""p"":""0.17549""}"
2026-09-07T03:34:33.312801Z,1788752073067,TRUMPUSDT,Buy,16.5,2.236,"{""T"":1788752073067,""s"":""TRUMPUSDT"",""S"":""Buy"",""v"":""16.5"",""p"":""2.236""}"
2026-09-07T03:34:33.635075Z,1788752073067,JTOUSDT,Buy,65.4,0.4426,"{""T"":1788752073067,""s"":""JTOUSDT"",""S"":""Buy"",""v"":""65.4"",""p"":""0.4426""}"
2026-09-07T03:34:42.913224Z,1788752082583,ARBUSDT,Buy,86.5,0.17542,"{""T"":1788752082583,""s"":""ARBUSDT"",""S"":""Buy"",""v"":""86.5"",""p"":""0.17542""}"
2026-09-07T03:34:42.913224Z,1788752082661,ARBUSDT,Buy,26.1,0.17540,"{""T"":1788752082661,""s"":""ARBUSDT"",""S"":""Buy"",""v"":""26.1"",""p"":""0.17540""}"
2026-09-07T03:34:42.913224Z,1788752082754,ARBUSDT,Buy,38586.3,0.17526,"{""T"":1788752082754,""s"":""ARBUSDT"",""S"":""Buy"",""v"":""38586.3"",""p"":""0.17526""}"
2026-09-07T03:34:44.413159Z,1788752084222,ARBUSDT,Buy,208.4,0.17519,"{""T"":1788752084222,""s"":""ARBUSDT"",""S"":""Buy"",""v"":""208.4"",""p"":""0.17519""}"
2026-09-07T03:34:44.913569Z,1788752084769,ARBUSDT,Buy,75.5,0.17510,"{""T"":1788752084769,""s"":""ARBUSDT"",""S"":""Buy"",""v"":""75.5"",""p"":""0.17510""}"
2026-09-07T03:34:45.413208Z,1788752085075,ARBUSDT,Buy,223.9,0.17511,"{""T"":1788752085075,""s"":""ARBUSDT"",""S"":""Buy"",""v"":""223.9"",""p"":""0.17511""}"
2026-09-07T03:35:08.328104Z,1788752108052,CPUSDT,Sell,2140,0.02236,"{""T"":1788752108052,""s"":""CPUSDT"",""S"":""Sell"",""v"":""2140"",""p"":""0.02236""}"
2026-09-07T03:35:17.495841Z,1788752117156,VIRTUALUSDT,Buy,2918,0.7059,"{""T"":1788752117156,""s"":""VIRTUALUSDT"",""S"":""Buy"",""v"":""2918"",""p"":""0.7059""}"
2026-09-07T03:35:55.324573Z,1788752154770,FARTCOINUSDT,Buy,1041,0.17032,"{""T"":1788752154770,""s"":""FARTCOINUSDT"",""S"":""Buy"",""v"":""1041"",""p"":""0.17032""}"
2026-09-07T03:35:55.347565Z,1788752154770,WIFUSDT,Buy,931,0.21170,"{""T"":1788752154770,""s"":""WIFUSDT"",""S"":""Buy"",""v"":""931"",""p"":""0.21170""}"
2026-09-07T03:35:55.413352Z,1788752155293,DOGEUSDT,Buy,2500,0.08869,"{""T"":1788752155293,""s"":""DOGEUSDT"",""S"":""Buy"",""v"":""2500"",""p"":""0.08869""}"
2026-09-07T03:36:23.913669Z,1788752183446,1000PEPEUSDT,Buy,25700,0.0035380,"{""T"":1788752183446,""s"":""1000PEPEUSDT"",""S"":""Buy"",""v"":""25700"",""p"":""0.0035380""}"
2026-09-07T03:36:24.913636Z,1788752184522,1000PEPEUSDT,Buy,593300,0.0035360,"{""T"":1788752184522,""s"":""1000PEPEUSDT"",""S"":""Buy"",""v"":""593300"",""p"":""0.0035360""}"
2026-09-07T03:36:28.413178Z,1788752188290,DOGEUSDT,Buy,120,0.08862,"{""T"":1788752188290,""s"":""DOGEUSDT"",""S"":""Buy"",""v"":""120"",""p"":""0.08862""}"
2026-09-07T03:36:31.913515Z,1788752191338,1000PEPEUSDT,Buy,8300,0.0035340,"{""T"":1788752191338,""s"":""1000PEPEUSDT"",""S"":""Buy"",""v"":""8300"",""p"":""0.0035340""}"
2026-09-07T03:37:06.824421Z,1788752226486,RAYDIUMUSDT,Buy,940.7,1.1792,"{""T"":1788752226486,""s"":""RAYDIUMUSDT"",""S"":""Buy"",""v"":""940.7"",""p"":""1.1792""}"
2026-09-07T03:37:09.812276Z,1788752229387,XPLUSDT,Buy,497,0.08759,"{""T"":1788752229387,""s"":""XPLUSDT"",""S"":""Buy"",""v"":""497"",""p"":""0.08759""}"
2026-09-07T03:37:09.913392Z,1788752229507,ZECUSDT,Buy,0.47,1177.80,"{""T"":1788752229507,""s"":""ZECUSDT"",""S"":""Buy"",""v"":""0.47"",""p"":""1177.80""}"
2026-09-07T03:37:09.995740Z,1788752229507,DASHUSDT,Buy,25.37,69.26,"{""T"":1788752229507,""s"":""DASHUSDT"",""S"":""Buy"",""v"":""25.37"",""p"":""69.26""}"
2026-09-07T03:37:14.455390Z,1788752234129,ETHUSDT,Buy,0.05,2491.84,"{""T"":1788752234129,""s"":""ETHUSDT"",""S"":""Buy"",""v"":""0.05"",""p"":""2491.84""}"
2026-09-07T03:37:16.565206Z,1788752236004,BTCUSDT,Buy,0.005,79384.70,"{""T"":1788752236004,""s"":""BTCUSDT"",""S"":""Buy"",""v"":""0.005"",""p"":""79384.70""}"
2026-09-07T03:37:25.837300Z,1788752245603,XRPUSDT,Buy,10.8,1.3962,"{""T"":1788752245603,""s"":""XRPUSDT"",""S"":""Buy"",""v"":""10.8"",""p"":""1.3962""}"
2026-09-07T03:37:38.825765Z,1788752258326,ENAUSDT,Buy,4871,0.17115,"{""T"":1788752258326,""s"":""ENAUSDT"",""S"":""Buy"",""v"":""4871"",""p"":""0.17115""}"
2026-09-07T03:37:55.138729Z,1788752274753,HEMIUSDT,Buy,24380,0.010317,"{""T"":1788752274753,""s"":""HEMIUSDT"",""S"":""Buy"",""v"":""24380"",""p"":""0.010317""}"
2026-09-07T03:37:55.138729Z,1788752274823,HEMIUSDT,Buy,20609,0.010338,"{""T"":1788752274823,""s"":""HEMIUSDT"",""S"":""Buy"",""v"":""20609"",""p"":""0.010338""}"
2026-09-07T03:37:55.635130Z,1788752275313,HEMIUSDT,Buy,14210,0.010304,"{""T"":1788752275313,""s"":""HEMIUSDT"",""S"":""Buy"",""v"":""14210"",""p"":""0.010304""}"
2026-09-07T03:38:09.956181Z,1788752289857,ETHUSDT,Buy,1.00,2491.21,"{""T"":1788752289857,""s"":""ETHUSDT"",""S"":""Buy"",""v"":""1.00"",""p"":""2491.21""}"
2026-09-07T03:38:09.995852Z,1788752289813,INJUSDT,Buy,34.6,5.3930,"{""T"":1788752289813,""s"":""INJUSDT"",""S"":""Buy"",""v"":""34.6"",""p"":""5.3930""}"
2026-09-07T03:38:09.996235Z,1788752289857,LINKUSDT,Buy,260.2,12.877,"{""T"":1788752289857,""s"":""LINKUSDT"",""S"":""Buy"",""v"":""260.2"",""p"":""12.877""}"
2026-09-07T03:38:10.062371Z,1788752289857,SOLUSDT,Buy,39.6,104.500,"{""T"":1788752289857,""s"":""SOLUSDT"",""S"":""Buy"",""v"":""39.6"",""p"":""104.500""}"
2026-09-07T03:38:10.337170Z,1788752289857,ONDOUSDT,Buy,41154,0.3789,"{""T"":1788752289857,""s"":""ONDOUSDT"",""S"":""Buy"",""v"":""41154"",""p"":""0.3789""}"
2026-09-07T03:38:10.413147Z,1788752289857,ARBUSDT,Buy,12084.0,0.17591,"{""T"":1788752289857,""s"":""ARBUSDT"",""S"":""Buy"",""v"":""12084.0"",""p"":""0.17591""}"
2026-09-07T03:38:18.565693Z,1788752298110,BTCUSDT,Buy,0.121,79376.80,"{""T"":1788752298110,""s"":""BTCUSDT"",""S"":""Buy"",""v"":""0.121"",""p"":""79376.80""}"
2026-09-07T03:38:37.315998Z,1788752317137,PUMPFUNUSDT,Buy,1300,0.0039190,"{""T"":1788752317137,""s"":""PUMPFUNUSDT"",""S"":""Buy"",""v"":""1300"",""p"":""0.0039190""}"
2026-09-07T03:38:37.316420Z,1788752317097,XPLUSDT,Buy,46425,0.08750,"{""T"":1788752317097,""s"":""XPLUSDT"",""S"":""Buy"",""v"":""46425"",""p"":""0.08750""}"
2026-09-07T03:38:37.327994Z,1788752317097,NIULAIUSDT,Buy,14760,0.08521,"{""T"":1788752317097,""s"":""NIULAIUSDT"",""S"":""Buy"",""v"":""14760"",""p"":""0.08521""}"
2026-09-07T03:38:37.328382Z,1788752317097,PONSUSDT,Buy,3059,0.7409,"{""T"":1788752317097,""s"":""PONSUSDT"",""S"":""Buy"",""v"":""3059"",""p"":""0.7409""}"
2026-09-07T03:38:37.359543Z,1788752317097,GRAMUSDT,Buy,2014.6,1.4110,"{""T"":1788752317097,""s"":""GRAMUSDT"",""S"":""Buy"",""v"":""2014.6"",""p"":""1.4110""}"
2026-09-07T03:38:37.634968Z,1788752317097,AKEUSDT,Buy,121200,0.0126590,"{""T"":1788752317097,""s"":""AKEUSDT"",""S"":""Buy"",""v"":""121200"",""p"":""0.0126590""}"
2026-09-07T03:38:53.824981Z,1788752333583,RAYDIUMUSDT,Buy,201.7,1.1699,"{""T"":1788752333583,""s"":""RAYDIUMUSDT"",""S"":""Buy"",""v"":""201.7"",""p"":""1.1699""}"
2026-09-07T03:38:54.324538Z,1788752333986,RAYDIUMUSDT,Buy,100.5,1.1695,"{""T"":1788752333986,""s"":""RAYDIUMUSDT"",""S"":""Buy"",""v"":""100.5"",""p"":""1.1695""}"
2026-09-07T03:39:18.989314Z,1788752358892,ORCAUSDT,Buy,4.7,1.5486,"{""T"":1788752358892,""s"":""ORCAUSDT"",""S"":""Buy"",""v"":""4.7"",""p"":""1.5486""}"
2026-09-07T03:39:34.065634Z,1788752373852,BTCUSDT,Buy,0.048,79373.50,"{""T"":1788752373852,""s"":""BTCUSDT"",""S"":""Buy"",""v"":""0.048"",""p"":""79373.50""}"
2026-09-07T03:39:34.312059Z,1788752374126,ZAMAUSDT,Buy,15577,0.05372,"{""T"":1788752374126,""s"":""ZAMAUSDT"",""S"":""Buy"",""v"":""15577"",""p"":""0.05372""}"
2026-09-07T03:39:34.496050Z,1788752374299,VIRTUALUSDT,Buy,299,0.7025,"{""T"":1788752374299,""s"":""VIRTUALUSDT"",""S"":""Buy"",""v"":""299"",""p"":""0.7025""}"
2026-09-07T03:39:34.562173Z,1788752374126,BNBUSDT,Buy,1.78,740.00,"{""T"":1788752374126,""s"":""BNBUSDT"",""S"":""Buy"",""v"":""1.78"",""p"":""740.00""}"
2026-09-07T03:40:13.324622Z,1788752412865,ENAUSDT,Buy,35,0.17077,"{""T"":1788752412865,""s"":""ENAUSDT"",""S"":""Buy"",""v"":""35"",""p"":""0.17077""}"
2026-09-07T03:40:14.824744Z,1788752414459,RAYDIUMUSDT,Buy,55.0,1.1789,"{""T"":1788752414459,""s"":""RAYDIUMUSDT"",""S"":""Buy"",""v"":""55.0"",""p"":""1.1789""}"
2026-09-07T03:40:14.986488Z,1788752414459,ORCAUSDT,Buy,59.0,1.5432,"{""T"":1788752414459,""s"":""ORCAUSDT"",""S"":""Buy"",""v"":""59.0"",""p"":""1.5432""}"
2026-09-07T03:40:16.986128Z,1788752416711,ORCAUSDT,Buy,30.4,1.5383,"{""T"":1788752416711,""s"":""ORCAUSDT"",""S"":""Buy"",""v"":""30.4"",""p"":""1.5383""}"
2026-09-07T03:41:14.065343Z,1788752473672,BTCUSDT,Buy,0.010,79362.10,"{""T"":1788752473672,""s"":""BTCUSDT"",""S"":""Buy"",""v"":""0.010"",""p"":""79362.10""}"
2026-09-07T03:41:21.065640Z,1788752480912,BTCUSDT,Buy,0.144,79344.80,"{""T"":1788752480912,""s"":""BTCUSDT"",""S"":""Buy"",""v"":""0.144"",""p"":""79344.80""}"
2026-09-07T03:41:31.065079Z,1788752490635,BTCUSDT,Buy,0.100,79335.10,"{""T"":1788752490635,""s"":""BTCUSDT"",""S"":""Buy"",""v"":""0.100"",""p"":""79335.10""}"
2026-09-07T03:41:32.565023Z,1788752492153,BTCUSDT,Buy,0.048,79325.60,"{""T"":1788752492153,""s"":""BTCUSDT"",""S"":""Buy"",""v"":""0.048"",""p"":""79325.60""}"
2026-09-07T03:41:32.565023Z,1788752492225,BTCUSDT,Buy,0.024,79328.30,"{""T"":1788752492225,""s"":""BTCUSDT"",""S"":""Buy"",""v"":""0.024"",""p"":""79328.30""}"
2026-09-07T03:41:32.565023Z,1788752492265,BTCUSDT,Buy,0.006,79327.90,"{""T"":1788752492265,""s"":""BTCUSDT"",""S"":""Buy"",""v"":""0.006"",""p"":""79327.90""}"
2026-09-07T03:41:32.565023Z,1788752492308,BTCUSDT,Buy,0.020,79330.80,"{""T"":1788752492308,""s"":""BTCUSDT"",""S"":""Buy"",""v"":""0.020"",""p"":""79330.80""}"
2026-09-07T03:41:32.955523Z,1788752492702,ETHUSDT,Buy,0.35,2488.33,"{""T"":1788752492702,""s"":""ETHUSDT"",""S"":""Buy"",""v"":""0.35"",""p"":""2488.33""}"
2026-09-07T03:41:33.064974Z,1788752492941,BTCUSDT,Buy,0.025,79289.50,"{""T"":1788752492941,""s"":""BTCUSDT"",""S"":""Buy"",""v"":""0.025"",""p"":""79289.50""}"
2026-09-07T03:41:33.455230Z,1788752493177,ETHUSDT,Buy,0.07,2489.44,"{""T"":1788752493177,""s"":""ETHUSDT"",""S"":""Buy"",""v"":""0.07"",""p"":""2489.44""}"
2026-09-07T03:41:33.565079Z,1788752493233,BTCUSDT,Buy,0.006,79303.10,"{""T"":1788752493233,""s"":""BTCUSDT"",""S"":""Buy"",""v"":""0.006"",""p"":""79303.10""}"
2026-09-07T03:41:33.565079Z,1788752493345,BTCUSDT,Buy,0.044,79310.20,"{""T"":1788752493345,""s"":""BTCUSDT"",""S"":""Buy"",""v"":""0.044"",""p"":""79310.20""}"
2026-09-07T03:41:34.065001Z,1788752493646,BTCUSDT,Buy,0.002,79292.90,"{""T"":1788752493646,""s"":""BTCUSDT"",""S"":""Buy"",""v"":""0.002"",""p"":""79292.90""}"
2026-09-07T03:41:34.065001Z,1788752493739,BTCUSDT,Buy,0.016,79317.20,"{""T"":1788752493739,""s"":""BTCUSDT"",""S"":""Buy"",""v"":""0.016"",""p"":""79317.20""}"
2026-09-07T03:41:34.065001Z,1788752493801,BTCUSDT,Buy,0.048,79312.60,"{""T"":1788752493801,""s"":""BTCUSDT"",""S"":""Buy"",""v"":""0.048"",""p"":""79312.60""}"
2026-09-07T03:41:38.836795Z,1788752498270,XRPUSDT,Buy,178.2,1.3954,"{""T"":1788752498270,""s"":""XRPUSDT"",""S"":""Buy"",""v"":""178.2"",""p"":""1.3954""}"
2026-09-07T03:43:14.913183Z,1788752594656,ARBUSDT,Buy,9126.9,0.17485,"{""T"":1788752594656,""s"":""ARBUSDT"",""S"":""Buy"",""v"":""9126.9"",""p"":""0.17485""}"
2026-09-07T03:43:46.986772Z,1788752626661,ORCAUSDT,Buy,43.0,1.5320,"{""T"":1788752626661,""s"":""ORCAUSDT"",""S"":""Buy"",""v"":""43.0"",""p"":""1.5320""}"
2026-09-07T03:43:52.913691Z,1788752632482,ARBUSDT,Buy,515.1,0.17470,"{""T"":1788752632482,""s"":""ARBUSDT"",""S"":""Buy"",""v"":""515.1"",""p"":""0.17470""}"
2026-09-07T03:43:54.413223Z,1788752634234,ARBUSDT,Buy,3930.7,0.17468,"{""T"":1788752634234,""s"":""ARBUSDT"",""S"":""Buy"",""v"":""3930.7"",""p"":""0.17468""}"
2026-09-07T03:43:55.413316Z,1788752635227,ARBUSDT,Buy,28378.1,0.17450,"{""T"":1788752635227,""s"":""ARBUSDT"",""S"":""Buy"",""v"":""28378.1"",""p"":""0.17450""}"
2026-09-07T03:44:07.134905Z,1788752646893,AKEUSDT,Sell,1200,0.0136180,"{""T"":1788752646893,""s"":""AKEUSDT"",""S"":""Sell"",""v"":""1200"",""p"":""0.0136180""}"
2026-09-07T03:44:10.848302Z,1788752650728,UAIUSDT,Sell,24,0.70480,"{""T"":1788752650728,""s"":""UAIUSDT"",""S"":""Sell"",""v"":""24"",""p"":""0.70480""}"
2026-09-07T03:44:16.413890Z,1788752656053,DOGEUSDT,Buy,544,0.08857,"{""T"":1788752656053,""s"":""DOGEUSDT"",""S"":""Buy"",""v"":""544"",""p"":""0.08857""}"
2026-09-07T03:44:26.413546Z,1788752665929,DOGEUSDT,Buy,2569,0.08851,"{""T"":1788752665929,""s"":""DOGEUSDT"",""S"":""Buy"",""v"":""2569"",""p"":""0.08851""}"
2026-09-07T03:44:36.824795Z,1788752676561,RAYDIUMUSDT,Buy,153.2,1.1678,"{""T"":1788752676561,""s"":""RAYDIUMUSDT"",""S"":""Buy"",""v"":""153.2"",""p"":""1.1678""}"
2026-09-07T03:44:36.824795Z,1788752676610,RAYDIUMUSDT,Buy,42.5,1.1658,"{""T"":1788752676610,""s"":""RAYDIUMUSDT"",""S"":""Buy"",""v"":""42.5"",""p"":""1.1658""}"
2026-09-07T03:44:40.324733Z,1788752680031,RAYDIUMUSDT,Buy,3.9,1.1642,"{""T"":1788752680031,""s"":""RAYDIUMUSDT"",""S"":""Buy"",""v"":""3.9"",""p"":""1.1642""}"
2026-09-07T03:44:40.324733Z,1788752680143,RAYDIUMUSDT,Buy,94.0,1.1654,"{""T"":1788752680143,""s"":""RAYDIUMUSDT"",""S"":""Buy"",""v"":""94.0"",""p"":""1.1654""}"
2026-09-07T03:44:41.324784Z,1788752681107,RAYDIUMUSDT,Buy,6.7,1.1628,"{""T"":1788752681107,""s"":""RAYDIUMUSDT"",""S"":""Buy"",""v"":""6.7"",""p"":""1.1628""}"
2026-09-07T03:45:17.634294Z,1788752717437,AKEUSDT,Sell,12500,0.0136910,"{""T"":1788752717437,""s"":""AKEUSDT"",""S"":""Sell"",""v"":""12500"",""p"":""0.0136910""}"
2026-09-07T03:45:33.138218Z,1788752732606,AKEUSDT,Sell,7200,0.0138730,"{""T"":1788752732606,""s"":""AKEUSDT"",""S"":""Sell"",""v"":""7200"",""p"":""0.0138730""}"
2026-09-07T03:45:47.635326Z,1788752747170,AKEUSDT,Sell,2500,0.0139840,"{""T"":1788752747170,""s"":""AKEUSDT"",""S"":""Sell"",""v"":""2500"",""p"":""0.0139840""}"
2026-09-07T03:45:59.635076Z,1788752759469,AKEUSDT,Sell,155000,0.0140010,"{""T"":1788752759469,""s"":""AKEUSDT"",""S"":""Sell"",""v"":""155000"",""p"":""0.0140010""}"
2026-09-07T03:46:04.491681Z,1788752764108,1000BONKUSDT,Buy,3800,0.0030760,"{""T"":1788752764108,""s"":""1000BONKUSDT"",""S"":""Buy"",""v"":""3800"",""p"":""0.0030760""}"
2026-09-07T03:46:04.991814Z,1788752764419,1000BONKUSDT,Buy,593300,0.0030740,"{""T"":1788752764419,""s"":""1000BONKUSDT"",""S"":""Buy"",""v"":""593300"",""p"":""0.0030740""}"
2026-09-07T03:47:03.134820Z,1788752822864,AKEUSDT,Sell,500,0.0141910,"{""T"":1788752822864,""s"":""AKEUSDT"",""S"":""Sell"",""v"":""500"",""p"":""0.0141910""}"
2026-09-07T03:47:04.134692Z,1788752823583,AKEUSDT,Sell,600,0.0141910,"{""T"":1788752823583,""s"":""AKEUSDT"",""S"":""Sell"",""v"":""600"",""p"":""0.0141910""}"
2026-09-07T03:47:35.495591Z,1788752855201,COTIUSDT,Sell,13948,0.017487,"{""T"":1788752855201,""s"":""COTIUSDT"",""S"":""Sell"",""v"":""13948"",""p"":""0.017487""}"
2026-09-07T03:48:29.848354Z,1788752909658,NAORISUSDT,Sell,900,0.039530,"{""T"":1788752909658,""s"":""NAORISUSDT"",""S"":""Sell"",""v"":""900"",""p"":""0.039530""}"
2026-09-07T03:48:36.847415Z,1788752916749,NAORISUSDT,Sell,94170,0.039880,"{""T"":1788752916749,""s"":""NAORISUSDT"",""S"":""Sell"",""v"":""94170"",""p"":""0.039880""}"
2026-09-07T03:49:47.907840Z,1788752987786,JUPUSDT,Buy,3143,0.25720,"{""T"":1788752987786,""s"":""JUPUSDT"",""S"":""Buy"",""v"":""3143"",""p"":""0.25720""}"
2026-09-07T03:49:51.407864Z,1788752990989,JUPUSDT,Buy,74,0.25590,"{""T"":1788752990989,""s"":""JUPUSDT"",""S"":""Buy"",""v"":""74"",""p"":""0.25590""}"
2026-09-07T03:49:55.407421Z,1788752995227,JUPUSDT,Buy,14232,0.25460,"{""T"":1788752995227,""s"":""JUPUSDT"",""S"":""Buy"",""v"":""14232"",""p"":""0.25460""}"
2026-09-07T03:49:55.907370Z,1788752995332,JUPUSDT,Buy,54,0.25540,"{""T"":1788752995332,""s"":""JUPUSDT"",""S"":""Buy"",""v"":""54"",""p"":""0.25540""}"
2026-09-07T03:49:56.907385Z,1788752996395,JUPUSDT,Buy,23,0.25430,"{""T"":1788752996395,""s"":""JUPUSDT"",""S"":""Buy"",""v"":""23"",""p"":""0.25430""}"
2026-09-07T03:50:04.907666Z,1788753004724,TIAUSDT,Buy,193.1,0.4229,"{""T"":1788753004724,""s"":""TIAUSDT"",""S"":""Buy"",""v"":""193.1"",""p"":""0.4229""}"
2026-09-07T03:50:13.908578Z,1788753013413,JUPUSDT,Buy,5651,0.25220,"{""T"":1788753013413,""s"":""JUPUSDT"",""S"":""Buy"",""v"":""5651"",""p"":""0.25220""}"
2026-09-07T03:50:19.407630Z,1788753018990,JUPUSDT,Buy,541,0.25140,"{""T"":1788753018990,""s"":""JUPUSDT"",""S"":""Buy"",""v"":""541"",""p"":""0.25140""}"
2026-09-07T03:50:46.019661Z,1788753045523,NEARUSDT,Sell,1215.7,2.4430,"{""T"":1788753045523,""s"":""NEARUSDT"",""S"":""Sell"",""v"":""1215.7"",""p"":""2.4430""}"
2026-09-07T03:50:46.515712Z,1788753046153,NEARUSDT,Sell,4.1,2.4430,"{""T"":1788753046153,""s"":""NEARUSDT"",""S"":""Sell"",""v"":""4.1"",""p"":""2.4430""}"
2026-09-07T03:51:09.347952Z,1788753068846,UAIUSDT,Sell,296,0.70650,"{""T"":1788753068846,""s"":""UAIUSDT"",""S"":""Sell"",""v"":""296"",""p"":""0.70650""}"
2026-09-07T03:52:05.138818Z,1788753124966,HEMIUSDT,Buy,22175,0.010248,"{""T"":1788753124966,""s"":""HEMIUSDT"",""S"":""Buy"",""v"":""22175"",""p"":""0.010248""}"
2026-09-07T03:53:06.486047Z,1788753186140,ORCAUSDT,Buy,27.8,1.5257,"{""T"":1788753186140,""s"":""ORCAUSDT"",""S"":""Buy"",""v"":""27.8"",""p"":""1.5257""}"
2026-09-07T03:53:08.634908Z,1788753188339,HEMIUSDT,Buy,19381,0.010217,"{""T"":1788753188339,""s"":""HEMIUSDT"",""S"":""Buy"",""v"":""19381"",""p"":""0.010217""}"
2026-09-07T03:53:11.634578Z,1788753191323,HEMIUSDT,Buy,9008,0.010196,"{""T"":1788753191323,""s"":""HEMIUSDT"",""S"":""Buy"",""v"":""9008"",""p"":""0.010196""}"
2026-09-07T03:53:30.565301Z,1788753210427,BTCUSDT,Buy,0.028,79277.80,"{""T"":1788753210427,""s"":""BTCUSDT"",""S"":""Buy"",""v"":""0.028"",""p"":""79277.80""}"
2026-09-07T03:54:04.827863Z,1788753244663,PONSUSDT,Buy,38,0.7330,"{""T"":1788753244663,""s"":""PONSUSDT"",""S"":""Buy"",""v"":""38"",""p"":""0.7330""}"
2026-09-07T03:54:14.413546Z,1788753254230,ARBUSDT,Buy,51.0,0.17416,"{""T"":1788753254230,""s"":""ARBUSDT"",""S"":""Buy"",""v"":""51.0"",""p"":""0.17416""}"
2026-09-07T03:54:31.831806Z,1788753271325,PONSUSDT,Buy,260,0.7281,"{""T"":1788753271325,""s"":""PONSUSDT"",""S"":""Buy"",""v"":""260"",""p"":""0.7281""}"
2026-09-07T03:55:15.017755Z,1788753314498,MNTUSDT,Sell,1560.2,0.64230,"{""T"":1788753314498,""s"":""MNTUSDT"",""S"":""Sell"",""v"":""1560.2"",""p"":""0.64230""}"
2026-09-07T03:55:15.515315Z,1788753314947,MNTUSDT,Sell,0.4,0.64270,"{""T"":1788753314947,""s"":""MNTUSDT"",""S"":""Sell"",""v"":""0.4"",""p"":""0.64270""}"
2026-09-07T03:55:15.515315Z,1788753315112,MNTUSDT,Sell,0.4,0.64300,"{""T"":1788753315112,""s"":""MNTUSDT"",""S"":""Sell"",""v"":""0.4"",""p"":""0.64300""}"
2026-09-07T03:55:15.515315Z,1788753315161,MNTUSDT,Sell,1503.8,0.64290,"{""T"":1788753315161,""s"":""MNTUSDT"",""S"":""Sell"",""v"":""1503.8"",""p"":""0.64290""}"
2026-09-07T03:55:15.635275Z,1788753315304,AKEUSDT,Sell,1300,0.0143920,"{""T"":1788753315304,""s"":""AKEUSDT"",""S"":""Sell"",""v"":""1300"",""p"":""0.0143920""}"
2026-09-07T03:55:16.015495Z,1788753315645,MNTUSDT,Sell,238.6,0.64320,"{""T"":1788753315645,""s"":""MNTUSDT"",""S"":""Sell"",""v"":""238.6"",""p"":""0.64320""}"
2026-09-07T03:55:55.913285Z,1788753355735,ZECUSDT,Sell,0.58,1202.51,"{""T"":1788753355735,""s"":""ZECUSDT"",""S"":""Sell"",""v"":""0.58"",""p"":""1202.51""}"
2026-09-07T03:56:01.015939Z,1788753360710,MNTUSDT,Sell,363.2,0.64390,"{""T"":1788753360710,""s"":""MNTUSDT"",""S"":""Sell"",""v"":""363.2"",""p"":""0.64390""}"
2026-09-07T03:56:06.015781Z,1788753365819,MNTUSDT,Sell,498.3,0.64450,"{""T"":1788753365819,""s"":""MNTUSDT"",""S"":""Sell"",""v"":""498.3"",""p"":""0.64450""}"
2026-09-07T03:56:12.913761Z,1788753372515,ARBUSDT,Buy,68.3,0.17400,"{""T"":1788753372515,""s"":""ARBUSDT"",""S"":""Buy"",""v"":""68.3"",""p"":""0.17400""}"
2026-09-07T03:57:02.831414Z,1788753422299,PONSUSDT,Buy,767,0.7213,"{""T"":1788753422299,""s"":""PONSUSDT"",""S"":""Buy"",""v"":""767"",""p"":""0.7213""}"
2026-09-07T03:57:02.831414Z,1788753422416,PONSUSDT,Buy,734,0.7212,"{""T"":1788753422416,""s"":""PONSUSDT"",""S"":""Buy"",""v"":""734"",""p"":""0.7212""}"
2026-09-07T03:57:03.828004Z,1788753423402,PONSUSDT,Buy,505,0.7199,"{""T"":1788753423402,""s"":""PONSUSDT"",""S"":""Buy"",""v"":""505"",""p"":""0.7199""}"
2026-09-07T03:57:04.907887Z,1788753424607,TIAUSDT,Buy,53224.7,0.4226,"{""T"":1788753424607,""s"":""TIAUSDT"",""S"":""Buy"",""v"":""53224.7"",""p"":""0.4226""}"
2026-09-07T03:57:04.914677Z,1788753424607,ARBUSDT,Buy,41581.3,0.17423,"{""T"":1788753424607,""s"":""ARBUSDT"",""S"":""Buy"",""v"":""41581.3"",""p"":""0.17423""}"
2026-09-07T03:57:04.991801Z,1788753424607,SUIUSDT,Buy,48720,0.78650,"{""T"":1788753424607,""s"":""SUIUSDT"",""S"":""Buy"",""v"":""48720"",""p"":""0.78650""}"
2026-09-07T03:57:06.407858Z,1788753426277,TIAUSDT,Buy,103.4,0.4221,"{""T"":1788753426277,""s"":""TIAUSDT"",""S"":""Buy"",""v"":""103.4"",""p"":""0.4221""}"
2026-09-07T03:57:25.829194Z,1788753445515,PONSUSDT,Buy,3520,0.7184,"{""T"":1788753445515,""s"":""PONSUSDT"",""S"":""Buy"",""v"":""3520"",""p"":""0.7184""}"
2026-09-07T03:57:28.827958Z,1788753448638,PONSUSDT,Buy,3830,0.7157,"{""T"":1788753448638,""s"":""PONSUSDT"",""S"":""Buy"",""v"":""3830"",""p"":""0.7157""}"
2026-09-07T03:58:07.414131Z,1788753487173,ARBUSDT,Buy,402.1,0.17382,"{""T"":1788753487173,""s"":""ARBUSDT"",""S"":""Buy"",""v"":""402.1"",""p"":""0.17382""}"
2026-09-07T03:58:07.914781Z,1788753487639,ARBUSDT,Buy,104.6,0.17382,"{""T"":1788753487639,""s"":""ARBUSDT"",""S"":""Buy"",""v"":""104.6"",""p"":""0.17382""}"
2026-09-07T03:58:10.913082Z,1788753490349,ARBUSDT,Buy,764.5,0.17379,"{""T"":1788753490349,""s"":""ARBUSDT"",""S"":""Buy"",""v"":""764.5"",""p"":""0.17379""}"
2026-09-07T03:58:16.135176Z,1788753495704,HEMIUSDT,Buy,1417,0.010158,"{""T"":1788753495704,""s"":""HEMIUSDT"",""S"":""Buy"",""v"":""1417"",""p"":""0.010158""}"
2026-09-07T03:58:19.015971Z,1788753498546,MNTUSDT,Sell,1383.6,0.64540,"{""T"":1788753498546,""s"":""MNTUSDT"",""S"":""Sell"",""v"":""1383.6"",""p"":""0.64540""}"
2026-09-07T03:58:19.015971Z,1788753498717,MNTUSDT,Sell,1258.0,0.64660,"{""T"":1788753498717,""s"":""MNTUSDT"",""S"":""Sell"",""v"":""1258.0"",""p"":""0.64660""}"
2026-09-07T03:58:20.016080Z,1788753499504,MNTUSDT,Sell,1855.9,0.64650,"{""T"":1788753499504,""s"":""MNTUSDT"",""S"":""Sell"",""v"":""1855.9"",""p"":""0.64650""}"
2026-09-07T03:58:20.016080Z,1788753499874,MNTUSDT,Sell,120.0,0.64690,"{""T"":1788753499874,""s"":""MNTUSDT"",""S"":""Sell"",""v"":""120.0"",""p"":""0.64690""}"
2026-09-07T03:58:21.015614Z,1788753500618,MNTUSDT,Sell,170.2,0.64700,"{""T"":1788753500618,""s"":""MNTUSDT"",""S"":""Sell"",""v"":""170.2"",""p"":""0.64700""}"
2026-09-07T03:58:22.413240Z,1788753502319,ARBUSDT,Buy,11948.0,0.17373,"{""T"":1788753502319,""s"":""ARBUSDT"",""S"":""Buy"",""v"":""11948.0"",""p"":""0.17373""}"
2026-09-07T03:58:30.516022Z,1788753510343,MNTUSDT,Sell,110.6,0.64890,"{""T"":1788753510343,""s"":""MNTUSDT"",""S"":""Sell"",""v"":""110.6"",""p"":""0.64890""}"
2026-09-07T03:58:30.813188Z,1788753510343,HYPEUSDT,Sell,0.09,86.870,"{""T"":1788753510343,""s"":""HYPEUSDT"",""S"":""Sell"",""v"":""0.09"",""p"":""86.870""}"
2026-09-07T03:58:31.015703Z,1788753510517,MNTUSDT,Sell,179.1,0.64830,"{""T"":1788753510517,""s"":""MNTUSDT"",""S"":""Sell"",""v"":""179.1"",""p"":""0.64830""}"
2026-09-07T03:58:32.016206Z,1788753511633,MNTUSDT,Sell,456.6,0.64920,"{""T"":1788753511633,""s"":""MNTUSDT"",""S"":""Sell"",""v"":""456.6"",""p"":""0.64920""}"
2026-09-07T03:58:44.907801Z,1788753524571,JUPUSDT,Buy,10737,0.25100,"{""T"":1788753524571,""s"":""JUPUSDT"",""S"":""Buy"",""v"":""10737"",""p"":""0.25100""}"
2026-09-07T03:58:56.911780Z,1788753536355,JUPUSDT,Buy,3996,0.25080,"{""T"":1788753536355,""s"":""JUPUSDT"",""S"":""Buy"",""v"":""3996"",""p"":""0.25080""}"
2026-09-07T03:59:21.408318Z,1788753560949,JUPUSDT,Buy,175,0.24860,"{""T"":1788753560949,""s"":""JUPUSDT"",""S"":""Buy"",""v"":""175"",""p"":""0.24860""}"
2026-09-07T03:59:21.515325Z,1788753561328,MNTUSDT,Sell,170.9,0.65010,"{""T"":1788753561328,""s"":""MNTUSDT"",""S"":""Sell"",""v"":""170.9"",""p"":""0.65010""}"
2026-09-07T03:59:22.016334Z,1788753561557,MNTUSDT,Sell,713.8,0.64980,"{""T"":1788753561557,""s"":""MNTUSDT"",""S"":""Sell"",""v"":""713.8"",""p"":""0.64980""}"
2026-09-07T03:59:22.016334Z,1788753561868,MNTUSDT,Sell,251.6,0.65030,"{""T"":1788753561868,""s"":""MNTUSDT"",""S"":""Sell"",""v"":""251.6"",""p"":""0.65030""}"
2026-09-07T03:59:22.312102Z,1788753562023,ZAMAUSDT,Buy,1375,0.05329,"{""T"":1788753562023,""s"":""ZAMAUSDT"",""S"":""Buy"",""v"":""1375"",""p"":""0.05329""}"
2026-09-07T03:59:33.418659Z,1788753573056,ARBUSDT,Buy,583.9,0.17342,"{""T"":1788753573056,""s"":""ARBUSDT"",""S"":""Buy"",""v"":""583.9"",""p"":""0.17342""}"
2026-09-07T03:59:33.418659Z,1788753573205,ARBUSDT,Buy,1016.3,0.17347,"{""T"":1788753573205,""s"":""ARBUSDT"",""S"":""Buy"",""v"":""1016.3"",""p"":""0.17347""}"
2026-09-07T03:59:41.907647Z,1788753581352,JUPUSDT,Buy,5599,0.24810,"{""T"":1788753581352,""s"":""JUPUSDT"",""S"":""Buy"",""v"":""5599"",""p"":""0.24810""}"
2026-09-07T03:59:42.015168Z,1788753581633,MNTUSDT,Sell,44.1,0.65220,"{""T"":1788753581633,""s"":""MNTUSDT"",""S"":""Sell"",""v"":""44.1"",""p"":""0.65220""}"
2026-09-07T03:59:43.015583Z,1788753582456,MNTUSDT,Sell,1.1,0.65160,"{""T"":1788753582456,""s"":""MNTUSDT"",""S"":""Sell"",""v"":""1.1"",""p"":""0.65160""}"
2026-09-07T04:00:10.062737Z,1788753609597,SOLUSDT,Buy,0.8,104.270,"{""T"":1788753609597,""s"":""SOLUSDT"",""S"":""Buy"",""v"":""0.8"",""p"":""104.270""}"
2026-09-07T04:00:14.825032Z,1788753614739,RAYDIUMUSDT,Sell,8.0,1.2226,"{""T"":1788753614739,""s"":""RAYDIUMUSDT"",""S"":""Sell"",""v"":""8.0"",""p"":""1.2226""}"
2026-09-07T04:00:14.913424Z,1788753614740,ARBUSDT,Buy,31.9,0.17341,"{""T"":1788753614740,""s"":""ARBUSDT"",""S"":""Buy"",""v"":""31.9"",""p"":""0.17341""}"
2026-09-07T04:00:14.955140Z,1788753614739,ETHUSDT,Buy,0.02,2488.06,"{""T"":1788753614739,""s"":""ETHUSDT"",""S"":""Buy"",""v"":""0.02"",""p"":""2488.06""}"
2026-09-07T04:00:15.062846Z,1788753614739,SOLUSDT,Buy,0.2,104.260,"{""T"":1788753614739,""s"":""SOLUSDT"",""S"":""Buy"",""v"":""0.2"",""p"":""104.260""}"
2026-09-07T04:00:16.561944Z,1788753616147,SOLUSDT,Buy,0.1,104.230,"{""T"":1788753616147,""s"":""SOLUSDT"",""S"":""Buy"",""v"":""0.1"",""p"":""104.230""}"
2026-09-07T04:00:18.562294Z,1788753618271,SOLUSDT,Buy,2.4,104.220,"{""T"":1788753618271,""s"":""SOLUSDT"",""S"":""Buy"",""v"":""2.4"",""p"":""104.220""}"
2026-09-07T04:00:20.413138Z,1788753620259,ARBUSDT,Buy,40639.4,0.17328,"{""T"":1788753620259,""s"":""ARBUSDT"",""S"":""Buy"",""v"":""40639.4"",""p"":""0.17328""}"
2026-09-07T04:00:20.836580Z,1788753620259,XRPUSDT,Buy,13814.7,1.3986,"{""T"":1788753620259,""s"":""XRPUSDT"",""S"":""Buy"",""v"":""13814.7"",""p"":""1.3986""}"
2026-09-07T04:00:38.407779Z,1788753638069,JUPUSDT,Buy,1821,0.24780,"{""T"":1788753638069,""s"":""JUPUSDT"",""S"":""Buy"",""v"":""1821"",""p"":""0.24780""}"
2026-09-07T04:00:45.407300Z,1788753645104,JUPUSDT,Buy,850,0.24710,"{""T"":1788753645104,""s"":""JUPUSDT"",""S"":""Buy"",""v"":""850"",""p"":""0.24710""}"
2026-09-07T04:00:49.907493Z,1788753649435,JUPUSDT,Buy,19919,0.24600,"{""T"":1788753649435,""s"":""JUPUSDT"",""S"":""Buy"",""v"":""19919"",""p"":""0.24600""}"
2026-09-07T04:00:57.407554Z,1788753657296,JUPUSDT,Buy,757,0.24530,"{""T"":1788753657296,""s"":""JUPUSDT"",""S"":""Buy"",""v"":""757"",""p"":""0.24530""}"
2026-09-07T04:00:59.407415Z,1788753659029,JUPUSDT,Buy,588,0.24510,"{""T"":1788753659029,""s"":""JUPUSDT"",""S"":""Buy"",""v"":""588"",""p"":""0.24510""}"
2026-09-07T04:01:24.407817Z,1788753683831,JUPUSDT,Buy,255,0.24400,"{""T"":1788753683831,""s"":""JUPUSDT"",""S"":""Buy"",""v"":""255"",""p"":""0.24400""}"
2026-09-07T04:01:28.347724Z,1788753688204,UAIUSDT,Buy,235,0.64950,"{""T"":1788753688204,""s"":""UAIUSDT"",""S"":""Buy"",""v"":""235"",""p"":""0.64950""}"
2026-09-07T04:01:29.016152Z,1788753688511,MNTUSDT,Sell,801.3,0.65260,"{""T"":1788753688511,""s"":""MNTUSDT"",""S"":""Sell"",""v"":""801.3"",""p"":""0.65260""}"
2026-09-07T04:01:37.328063Z,1788753697043,NIULAIUSDT,Buy,1050,0.08334,"{""T"":1788753697043,""s"":""NIULAIUSDT"",""S"":""Buy"",""v"":""1050"",""p"":""0.08334""}"
2026-09-07T04:01:37.328063Z,1788753697044,NIULAIUSDT,Buy,10700,0.08339,"{""T"":1788753697044,""s"":""NIULAIUSDT"",""S"":""Buy"",""v"":""10700"",""p"":""0.08339""}"
2026-09-07T04:01:42.909131Z,1788753702808,JUPUSDT,Buy,4363,0.24320,"{""T"":1788753702808,""s"":""JUPUSDT"",""S"":""Buy"",""v"":""4363"",""p"":""0.24320""}"
2026-09-07T04:01:44.634604Z,1788753704298,HEMIUSDT,Buy,109732,0.010117,"{""T"":1788753704298,""s"":""HEMIUSDT"",""S"":""Buy"",""v"":""109732"",""p"":""0.010117""}"
2026-09-07T04:01:45.134638Z,1788753704641,HEMIUSDT,Buy,21292,0.010120,"{""T"":1788753704641,""s"":""HEMIUSDT"",""S"":""Buy"",""v"":""21292"",""p"":""0.010120""}"
2026-09-07T04:01:45.134638Z,1788753704892,HEMIUSDT,Buy,170289,0.010128,"{""T"":1788753704892,""s"":""HEMIUSDT"",""S"":""Buy"",""v"":""170289"",""p"":""0.010128""}"
2026-09-07T04:01:51.407821Z,1788753711002,JUPUSDT,Buy,4391,0.24280,"{""T"":1788753711002,""s"":""JUPUSDT"",""S"":""Buy"",""v"":""4391"",""p"":""0.24280""}"
2026-09-07T04:01:51.407821Z,1788753711191,JUPUSDT,Buy,704,0.24280,"{""T"":1788753711191,""s"":""JUPUSDT"",""S"":""Buy"",""v"":""704"",""p"":""0.24280""}"
2026-09-07T04:01:57.407732Z,1788753717099,JUPUSDT,Buy,18552,0.24280,"{""T"":1788753717099,""s"":""JUPUSDT"",""S"":""Buy"",""v"":""18552"",""p"":""0.24280""}"
2026-09-07T04:01:58.407228Z,1788753717892,JUPUSDT,Buy,156,0.24270,"{""T"":1788753717892,""s"":""JUPUSDT"",""S"":""Buy"",""v"":""156"",""p"":""0.24270""}"
2026-09-07T04:02:11.516309Z,1788753731304,MNTUSDT,Sell,336.3,0.65400,"{""T"":1788753731304,""s"":""MNTUSDT"",""S"":""Sell"",""v"":""336.3"",""p"":""0.65400""}"
2026-09-07T04:02:12.634740Z,1788753732294,HEMIUSDT,Buy,15356,0.010073,"{""T"":1788753732294,""s"":""HEMIUSDT"",""S"":""Buy"",""v"":""15356"",""p"":""0.010073""}"
2026-09-07T04:02:12.634740Z,1788753732491,HEMIUSDT,Buy,1,0.010068,"{""T"":1788753732491,""s"":""HEMIUSDT"",""S"":""Buy"",""v"":""1"",""p"":""0.010068""}"
2026-09-07T04:02:14.634562Z,1788753734390,HEMIUSDT,Buy,75120,0.010064,"{""T"":1788753734390,""s"":""HEMIUSDT"",""S"":""Buy"",""v"":""75120"",""p"":""0.010064""}"
2026-09-07T04:02:15.134918Z,1788753734652,HEMIUSDT,Buy,30848,0.010064,"{""T"":1788753734652,""s"":""HEMIUSDT"",""S"":""Buy"",""v"":""30848"",""p"":""0.010064""}"
2026-09-07T04:02:21.634753Z,1788753741378,AKEUSDT,Sell,201000,0.0142820,"{""T"":1788753741378,""s"":""AKEUSDT"",""S"":""Sell"",""v"":""201000"",""p"":""0.0142820""}"
2026-09-07T04:02:21.848348Z,1788753741378,MARSCOINUSDT,Sell,10,0.16845,"{""T"":1788753741378,""s"":""MARSCOINUSDT"",""S"":""Sell"",""v"":""10"",""p"":""0.16845""}"
2026-09-07T04:02:21.914230Z,1788753741378,ARBUSDT,Sell,0.1,0.17770,"{""T"":1788753741378,""s"":""ARBUSDT"",""S"":""Sell"",""v"":""0.1"",""p"":""0.17770""}"
2026-09-07T04:02:39.135163Z,1788753759017,HEMIUSDT,Buy,401002,0.010012,"{""T"":1788753759017,""s"":""HEMIUSDT"",""S"":""Buy"",""v"":""401002"",""p"":""0.010012""}"
2026-09-07T04:02:39.634672Z,1788753759363,HEMIUSDT,Buy,68690,0.009967,"{""T"":1788753759363,""s"":""HEMIUSDT"",""S"":""Buy"",""v"":""68690"",""p"":""0.009967""}"
2026-09-07T04:02:41.907711Z,1788753761816,JUPUSDT,Buy,7174,0.24200,"{""T"":1788753761816,""s"":""JUPUSDT"",""S"":""Buy"",""v"":""7174"",""p"":""0.24200""}"
2026-09-07T04:02:42.407559Z,1788753762234,JUPUSDT,Buy,20000,0.24190,"{""T"":1788753762234,""s"":""JUPUSDT"",""S"":""Buy"",""v"":""20000"",""p"":""0.24190""}"
2026-09-07T04:02:45.908487Z,1788753765420,JUPUSDT,Buy,604,0.24150,"{""T"":1788753765420,""s"":""JUPUSDT"",""S"":""Buy"",""v"":""604"",""p"":""0.24150""}"
2026-09-07T04:02:46.907402Z,1788753766712,JUPUSDT,Buy,118,0.24100,"{""T"":1788753766712,""s"":""JUPUSDT"",""S"":""Buy"",""v"":""118"",""p"":""0.24100""}"
2026-09-07T04:02:47.907850Z,1788753767798,JUPUSDT,Buy,1088,0.24090,"{""T"":1788753767798,""s"":""JUPUSDT"",""S"":""Buy"",""v"":""1088"",""p"":""0.24090""}"
2026-09-07T04:03:07.639800Z,1788753787111,AKEUSDT,Sell,234300,0.0145710,"{""T"":1788753787111,""s"":""AKEUSDT"",""S"":""Sell"",""v"":""234300"",""p"":""0.0145710""}"
2026-09-07T04:03:08.515280Z,1788753788133,NEARUSDT,Buy,80.3,2.3780,"{""T"":1788753788133,""s"":""NEARUSDT"",""S"":""Buy"",""v"":""80.3"",""p"":""2.3780""}"
2026-09-07T04:03:09.486165Z,1788753789242,ORCAUSDT,Sell,27.1,1.6177,"{""T"":1788753789242,""s"":""ORCAUSDT"",""S"":""Sell"",""v"":""27.1"",""p"":""1.6177""}"
2026-09-07T04:03:18.413215Z,1788753797885,ARBUSDT,Sell,68.7,0.17938,"{""T"":1788753797885,""s"":""ARBUSDT"",""S"":""Sell"",""v"":""68.7"",""p"":""0.17938""}"
2026-09-07T04:03:19.913858Z,1788753799657,ARBUSDT,Sell,76.5,0.18001,"{""T"":1788753799657,""s"":""ARBUSDT"",""S"":""Sell"",""v"":""76.5"",""p"":""0.18001""}"
2026-09-07T04:03:19.913858Z,1788753799797,ARBUSDT,Sell,34.5,0.18004,"{""T"":1788753799797,""s"":""ARBUSDT"",""S"":""Sell"",""v"":""34.5"",""p"":""0.18004""}"
2026-09-07T04:03:22.486162Z,1788753802012,ORCAUSDT,Sell,450.7,1.6233,"{""T"":1788753802012,""s"":""ORCAUSDT"",""S"":""Sell"",""v"":""450.7"",""p"":""1.6233""}"
2026-09-07T04:03:33.848591Z,1788753813360,MARSCOINUSDT,Sell,1050,0.16943,"{""T"":1788753813360,""s"":""MARSCOINUSDT"",""S"":""Sell"",""v"":""1050"",""p"":""0.16943""}"
2026-09-07T04:03:34.813035Z,1788753814599,SPCXUSDT,Sell,2.00,151.60,"{""T"":1788753814599,""s"":""SPCXUSDT"",""S"":""Sell"",""v"":""2.00"",""p"":""151.60""}"
2026-09-07T04:03:34.859224Z,1788753814599,MUUSDT,Sell,1.00,1048.65,"{""T"":1788753814599,""s"":""MUUSDT"",""S"":""Sell"",""v"":""1.00"",""p"":""1048.65""}"
2026-09-07T04:03:46.413617Z,1788753826264,UNIUSDT,Buy,1432.0,6.935,"{""T"":1788753826264,""s"":""UNIUSDT"",""S"":""Buy"",""v"":""1432.0"",""p"":""6.935""}"
2026-09-07T04:04:43.017388Z,1788753882808,MNTUSDT,Sell,5500.0,0.65670,"{""T"":1788753882808,""s"":""MNTUSDT"",""S"":""Sell"",""v"":""5500.0"",""p"":""0.65670""}"
2026-09-07T04:04:43.515653Z,1788753883009,MNTUSDT,Sell,690.2,0.65720,"{""T"":1788753883009,""s"":""MNTUSDT"",""S"":""Sell"",""v"":""690.2"",""p"":""0.65720""}"
2026-09-07T04:04:43.515653Z,1788753883284,MNTUSDT,Sell,0.6,0.65680,"{""T"":1788753883284,""s"":""MNTUSDT"",""S"":""Sell"",""v"":""0.6"",""p"":""0.65680""}"
2026-09-07T04:04:43.515653Z,1788753883328,MNTUSDT,Sell,10850.0,0.65700,"{""T"":1788753883328,""s"":""MNTUSDT"",""S"":""Sell"",""v"":""10850.0"",""p"":""0.65700""}"
2026-09-07T04:04:44.516373Z,1788753884276,MNTUSDT,Sell,2.4,0.65750,"{""T"":1788753884276,""s"":""MNTUSDT"",""S"":""Sell"",""v"":""2.4"",""p"":""0.65750""}"
2026-09-07T04:04:49.515827Z,1788753889191,MNTUSDT,Sell,787.2,0.65860,"{""T"":1788753889191,""s"":""MNTUSDT"",""S"":""Sell"",""v"":""787.2"",""p"":""0.65860""}"
2026-09-07T04:04:49.515827Z,1788753889357,MNTUSDT,Sell,135.2,0.65890,"{""T"":1788753889357,""s"":""MNTUSDT"",""S"":""Sell"",""v"":""135.2"",""p"":""0.65890""}"
2026-09-07T04:05:02.847739Z,1788753902568,UAIUSDT,Buy,591,0.62270,"{""T"":1788753902568,""s"":""UAIUSDT"",""S"":""Buy"",""v"":""591"",""p"":""0.62270""}"
2026-09-07T04:05:03.634363Z,1788753903529,AKEUSDT,Sell,3100,0.0146610,"{""T"":1788753903529,""s"":""AKEUSDT"",""S"":""Sell"",""v"":""3100"",""p"":""0.0146610""}"
2026-09-07T04:05:12.913343Z,1788753912465,UNIUSDT,Buy,440.0,6.918,"{""T"":1788753912465,""s"":""UNIUSDT"",""S"":""Buy"",""v"":""440.0"",""p"":""6.918""}"
2026-09-07T04:05:13.413261Z,1788753912859,UNIUSDT,Buy,118.3,6.919,"{""T"":1788753912859,""s"":""UNIUSDT"",""S"":""Buy"",""v"":""118.3"",""p"":""6.919""}"
2026-09-07T04:05:16.015395Z,1788753915879,MNTUSDT,Sell,49.7,0.65970,"{""T"":1788753915879,""s"":""MNTUSDT"",""S"":""Sell"",""v"":""49.7"",""p"":""0.65970""}"
2026-09-07T04:05:17.015296Z,1788753916620,MNTUSDT,Sell,1143.2,0.66000,"{""T"":1788753916620,""s"":""MNTUSDT"",""S"":""Sell"",""v"":""1143.2"",""p"":""0.66000""}"
2026-09-07T04:05:24.134589Z,1788753923809,AKEUSDT,Sell,5200,0.0148090,"{""T"":1788753923809,""s"":""AKEUSDT"",""S"":""Sell"",""v"":""5200"",""p"":""0.0148090""}"
2026-09-07T04:05:48.986470Z,1788753948773,ORCAUSDT,Sell,807.8,1.6269,"{""T"":1788753948773,""s"":""ORCAUSDT"",""S"":""Sell"",""v"":""807.8"",""p"":""1.6269""}"
2026-09-07T04:07:05.134422Z,1788754025015,HEMIUSDT,Buy,2357,0.009847,"{""T"":1788754025015,""s"":""HEMIUSDT"",""S"":""Buy"",""v"":""2357"",""p"":""0.009847""}"
2026-09-07T04:07:08.985998Z,1788754028420,SOXLUSDT,Sell,43.17,127.79,"{""T"":1788754028420,""s"":""SOXLUSDT"",""S"":""Sell"",""v"":""43.17"",""p"":""127.79""}"
2026-09-07T04:07:09.907369Z,1788754029446,JUPUSDT,Buy,6009,0.24020,"{""T"":1788754029446,""s"":""JUPUSDT"",""S"":""Buy"",""v"":""6009"",""p"":""0.24020""}"
2026-09-07T04:07:20.499295Z,1788754040388,FLOCKUSDT,Sell,3567,0.07576,"{""T"":1788754040388,""s"":""FLOCKUSDT"",""S"":""Sell"",""v"":""3567"",""p"":""0.07576""}"
2026-09-07T04:07:56.496255Z,1788754075931,FLOCKUSDT,Sell,1386,0.07692,"{""T"":1788754075931,""s"":""FLOCKUSDT"",""S"":""Sell"",""v"":""1386"",""p"":""0.07692""}"
2026-09-07T04:07:56.496255Z,1788754076271,FLOCKUSDT,Sell,6265,0.07720,"{""T"":1788754076271,""s"":""FLOCKUSDT"",""S"":""Sell"",""v"":""6265"",""p"":""0.07720""}"
2026-09-07T04:08:15.134763Z,1788754095008,AKEUSDT,Sell,57200,0.0147750,"{""T"":1788754095008,""s"":""AKEUSDT"",""S"":""Sell"",""v"":""57200"",""p"":""0.0147750""}"
2026-09-07T04:08:20.516160Z,1788754100278,MNTUSDT,Sell,591.1,0.66240,"{""T"":1788754100278,""s"":""MNTUSDT"",""S"":""Sell"",""v"":""591.1"",""p"":""0.66240""}"
2026-09-07T04:08:33.635014Z,1788754113085,HEMIUSDT,Buy,9276,0.009825,"{""T"":1788754113085,""s"":""HEMIUSDT"",""S"":""Buy"",""v"":""9276"",""p"":""0.009825""}"
2026-09-07T04:08:34.134783Z,1788754113905,HEMIUSDT,Buy,5080,0.009825,"{""T"":1788754113905,""s"":""HEMIUSDT"",""S"":""Buy"",""v"":""5080"",""p"":""0.009825""}"
2026-09-07T04:08:40.328121Z,1788754120066,PONSUSDT,Sell,6,0.7586,"{""T"":1788754120066,""s"":""PONSUSDT"",""S"":""Sell"",""v"":""6"",""p"":""0.7586""}"
2026-09-07T04:08:40.336270Z,1788754120066,XRPUSDT,Buy,150.0,1.3995,"{""T"":1788754120066,""s"":""XRPUSDT"",""S"":""Buy"",""v"":""150.0"",""p"":""1.3995""}"
2026-09-07T04:08:40.634789Z,1788754120066,HEMIUSDT,Buy,210000,0.009694,"{""T"":1788754120066,""s"":""HEMIUSDT"",""S"":""Buy"",""v"":""210000"",""p"":""0.009694""}"
2026-09-07T04:08:47.134394Z,1788754126816,HEMIUSDT,Buy,507253,0.009657,"{""T"":1788754126816,""s"":""HEMIUSDT"",""S"":""Buy"",""v"":""507253"",""p"":""0.009657""}"
2026-09-07T04:09:02.135076Z,1788754141816,HEMIUSDT,Buy,964,0.009612,"{""T"":1788754141816,""s"":""HEMIUSDT"",""S"":""Buy"",""v"":""964"",""p"":""0.009612""}"
2026-09-07T04:09:21.992394Z,1788754161638,DOODUSDT,Sell,54270,0.0020360,"{""T"":1788754161638,""s"":""DOODUSDT"",""S"":""Sell"",""v"":""54270"",""p"":""0.0020360""}"
2026-09-07T04:09:59.491848Z,1788754198939,DOODUSDT,Sell,87830,0.0020690,"{""T"":1788754198939,""s"":""DOODUSDT"",""S"":""Sell"",""v"":""87830"",""p"":""0.0020690""}"
2026-09-07T04:09:59.991798Z,1788754199694,DOODUSDT,Sell,6020,0.0020710,"{""T"":1788754199694,""s"":""DOODUSDT"",""S"":""Sell"",""v"":""6020"",""p"":""0.0020710""}"
2026-09-07T04:10:00.828211Z,1788754200335,NIULAIUSDT,Buy,1510,0.08313,"{""T"":1788754200335,""s"":""NIULAIUSDT"",""S"":""Buy"",""v"":""1510"",""p"":""0.08313""}"
2026-09-07T04:10:09.907556Z,1788754209780,TIAUSDT,Sell,230.0,0.4377,"{""T"":1788754209780,""s"":""TIAUSDT"",""S"":""Sell"",""v"":""230.0"",""p"":""0.4377""}"
2026-09-07T04:10:17.913794Z,1788754217434,ZECUSDT,Buy,0.15,1177.28,"{""T"":1788754217434,""s"":""ZECUSDT"",""S"":""Buy"",""v"":""0.15"",""p"":""1177.28""}"
2026-09-07T04:10:36.490005Z,1788754236120,SOXLUSDT,Sell,6.61,128.11,"{""T"":1788754236120,""s"":""SOXLUSDT"",""S"":""Sell"",""v"":""6.61"",""p"":""128.11""}"
2026-09-07T04:11:03.825003Z,1788754263388,ENAUSDT,Buy,173,0.17038,"{""T"":1788754263388,""s"":""ENAUSDT"",""S"":""Buy"",""v"":""173"",""p"":""0.17038""}"
2026-09-07T04:11:42.328113Z,1788754301860,NIULAIUSDT,Buy,70,0.08303,"{""T"":1788754301860,""s"":""NIULAIUSDT"",""S"":""Buy"",""v"":""70"",""p"":""0.08303""}"
2026-09-07T04:12:51.907982Z,1788754371678,SKHYNIXUSDT,Sell,0.063,1322.42,"{""T"":1788754371678,""s"":""SKHYNIXUSDT"",""S"":""Sell"",""v"":""0.063"",""p"":""1322.42""}"
2026-09-07T04:12:54.634646Z,1788754374251,HEMIUSDT,Buy,111425,0.009497,"{""T"":1788754374251,""s"":""HEMIUSDT"",""S"":""Buy"",""v"":""111425"",""p"":""0.009497""}"
2026-09-07T04:13:01.456014Z,1788754381227,ETHUSDT,Buy,0.43,2485.73,"{""T"":1788754381227,""s"":""ETHUSDT"",""S"":""Buy"",""v"":""0.43"",""p"":""2485.73""}"
2026-09-07T04:13:43.515627Z,1788754423123,MNTUSDT,Sell,9.1,0.66280,"{""T"":1788754423123,""s"":""MNTUSDT"",""S"":""Sell"",""v"":""9.1"",""p"":""0.66280""}"
2026-09-07T04:14:07.828176Z,1788754447279,NIULAIUSDT,Buy,460,0.08266,"{""T"":1788754447279,""s"":""NIULAIUSDT"",""S"":""Buy"",""v"":""460"",""p"":""0.08266""}"
2026-09-07T04:14:35.851722Z,1788754475617,MARSCOINUSDT,Sell,9310,0.17174,"{""T"":1788754475617,""s"":""MARSCOINUSDT"",""S"":""Sell"",""v"":""9310"",""p"":""0.17174""}"
2026-09-07T04:14:47.848340Z,1788754487458,MARSCOINUSDT,Sell,310,0.17264,"{""T"":1788754487458,""s"":""MARSCOINUSDT"",""S"":""Sell"",""v"":""310"",""p"":""0.17264""}"
2026-09-07T04:14:47.848340Z,1788754487618,MARSCOINUSDT,Sell,300,0.17270,"{""T"":1788754487618,""s"":""MARSCOINUSDT"",""S"":""Sell"",""v"":""300"",""p"":""0.17270""}"
2026-09-07T04:14:53.347649Z,1788754492800,MARSCOINUSDT,Sell,260,0.17313,"{""T"":1788754492800,""s"":""MARSCOINUSDT"",""S"":""Sell"",""v"":""260"",""p"":""0.17313""}"
2026-09-07T04:15:09.992349Z,1788754509439,OPUSDT,Sell,0.2,0.11006,"{""T"":1788754509439,""s"":""OPUSDT"",""S"":""Sell"",""v"":""0.2"",""p"":""0.11006""}"
2026-09-07T04:15:11.345591Z,1788754510817,NIULAIUSDT,Buy,980,0.08234,"{""T"":1788754510817,""s"":""NIULAIUSDT"",""S"":""Buy"",""v"":""980"",""p"":""0.08234""}"
2026-09-07T04:15:11.345591Z,1788754511022,NIULAIUSDT,Buy,5460,0.08232,"{""T"":1788754511022,""s"":""NIULAIUSDT"",""S"":""Buy"",""v"":""5460"",""p"":""0.08232""}"
2026-09-07T04:15:11.345591Z,1788754511125,NIULAIUSDT,Buy,190,0.08228,"{""T"":1788754511125,""s"":""NIULAIUSDT"",""S"":""Buy"",""v"":""190"",""p"":""0.08228""}"
2026-09-07T04:15:11.407263Z,1788754511125,HBARUSDT,Buy,289,0.08015,"{""T"":1788754511125,""s"":""HBARUSDT"",""S"":""Buy"",""v"":""289"",""p"":""0.08015""}"
2026-09-07T04:15:28.634727Z,1788754528208,AKEUSDT,Sell,1000,0.0150130,"{""T"":1788754528208,""s"":""AKEUSDT"",""S"":""Sell"",""v"":""1000"",""p"":""0.0150130""}"
2026-09-07T04:15:45.134996Z,1788754544666,AKEUSDT,Sell,6900,0.0150720,"{""T"":1788754544666,""s"":""AKEUSDT"",""S"":""Sell"",""v"":""6900"",""p"":""0.0150720""}"
2026-09-07T04:15:45.134996Z,1788754544875,AKEUSDT,Sell,700,0.0150960,"{""T"":1788754544875,""s"":""AKEUSDT"",""S"":""Sell"",""v"":""700"",""p"":""0.0150960""}"
2026-09-07T04:16:45.347813Z,1788754604904,MARSCOINUSDT,Sell,990,0.17352,"{""T"":1788754604904,""s"":""MARSCOINUSDT"",""S"":""Sell"",""v"":""990"",""p"":""0.17352""}"
2026-09-07T04:16:50.828155Z,1788754610388,NIULAIUSDT,Buy,1500,0.08210,"{""T"":1788754610388,""s"":""NIULAIUSDT"",""S"":""Buy"",""v"":""1500"",""p"":""0.08210""}"
2026-09-07T04:19:38.859708Z,1788754778472,MUUSDT,Sell,0.03,1052.40,"{""T"":1788754778472,""s"":""MUUSDT"",""S"":""Sell"",""v"":""0.03"",""p"":""1052.40""}"
2026-09-07T04:19:42.986330Z,1788754782619,SOXLUSDT,Sell,4.00,128.25,"{""T"":1788754782619,""s"":""SOXLUSDT"",""S"":""Sell"",""v"":""4.00"",""p"":""128.25""}"
2026-09-07T04:20:24.486247Z,1788754824153,SOXLUSDT,Sell,161.45,128.33,"{""T"":1788754824153,""s"":""SOXLUSDT"",""S"":""Sell"",""v"":""161.45"",""p"":""128.33""}"
2026-09-07T04:20:32.337341Z,1788754831886,LITUSDT,Buy,1.1,4.3510,"{""T"":1788754831886,""s"":""LITUSDT"",""S"":""Buy"",""v"":""1.1"",""p"":""4.3510""}"
2026-09-07T04:20:43.836867Z,1788754843653,LITUSDT,Buy,66.9,4.3510,"{""T"":1788754843653,""s"":""LITUSDT"",""S"":""Buy"",""v"":""66.9"",""p"":""4.3510""}"
2026-09-07T04:20:46.486211Z,1788754846147,ORCAUSDT,Buy,126.1,1.5342,"{""T"":1788754846147,""s"":""ORCAUSDT"",""S"":""Buy"",""v"":""126.1"",""p"":""1.5342""}"
2026-09-07T04:21:03.337268Z,1788754863048,LITUSDT,Buy,3.4,4.3400,"{""T"":1788754863048,""s"":""LITUSDT"",""S"":""Buy"",""v"":""3.4"",""p"":""4.3400""}"
2026-09-07T04:21:06.986573Z,1788754866427,ORCAUSDT,Buy,3663.0,1.5296,"{""T"":1788754866427,""s"":""ORCAUSDT"",""S"":""Buy"",""v"":""3663.0"",""p"":""1.5296""}"
2026-09-07T04:21:40.837029Z,1788754900685,LITUSDT,Buy,440.4,4.3310,"{""T"":1788754900685,""s"":""LITUSDT"",""S"":""Buy"",""v"":""440.4"",""p"":""4.3310""}"
2026-09-07T04:24:14.827850Z,1788755054498,CPUSDT,Buy,18920,0.02025,"{""T"":1788755054498,""s"":""CPUSDT"",""S"":""Buy"",""v"":""18920"",""p"":""0.02025""}"
2026-09-07T04:24:31.828808Z,1788755071530,CPUSDT,Buy,3710,0.02020,"{""T"":1788755071530,""s"":""CPUSDT"",""S"":""Buy"",""v"":""3710"",""p"":""0.02020""}"
2026-09-07T04:26:12.496579Z,1788755172164,ICPUSDT,Sell,5.4,2.809,"{""T"":1788755172164,""s"":""ICPUSDT"",""S"":""Sell"",""v"":""5.4"",""p"":""2.809""}"
2026-09-07T04:26:21.828206Z,1788755181446,NIULAIUSDT,Buy,15000,0.08188,"{""T"":1788755181446,""s"":""NIULAIUSDT"",""S"":""Buy"",""v"":""15000"",""p"":""0.08188""}"
2026-09-07T04:26:22.327957Z,1788755181999,NIULAIUSDT,Buy,8780,0.08193,"{""T"":1788755181999,""s"":""NIULAIUSDT"",""S"":""Buy"",""v"":""8780"",""p"":""0.08193""}"
2026-09-07T04:27:09.913741Z,1788755229579,ARBUSDT,Buy,32535.2,0.17451,"{""T"":1788755229579,""s"":""ARBUSDT"",""S"":""Buy"",""v"":""32535.2"",""p"":""0.17451""}"
2026-09-07T04:28:06.991767Z,1788755286839,DOODUSDT,Sell,26190,0.0020850,"{""T"":1788755286839,""s"":""DOODUSDT"",""S"":""Sell"",""v"":""26190"",""p"":""0.0020850""}"
2026-09-07T04:28:12.991722Z,1788755292829,DOODUSDT,Sell,7500,0.0020970,"{""T"":1788755292829,""s"":""DOODUSDT"",""S"":""Sell"",""v"":""7500"",""p"":""0.0020970""}"
2026-09-07T04:28:12.991722Z,1788755292840,DOODUSDT,Sell,71940,0.0020970,"{""T"":1788755292840,""s"":""DOODUSDT"",""S"":""Sell"",""v"":""71940"",""p"":""0.0020970""}"
2026-09-07T04:28:13.491446Z,1788755292953,DOODUSDT,Sell,23990,0.0020960,"{""T"":1788755292953,""s"":""DOODUSDT"",""S"":""Sell"",""v"":""23990"",""p"":""0.0020960""}"
2026-09-07T04:28:15.491692Z,1788755295246,DOODUSDT,Sell,42380,0.0021150,"{""T"":1788755295246,""s"":""DOODUSDT"",""S"":""Sell"",""v"":""42380"",""p"":""0.0021150""}"
2026-09-07T04:28:15.991785Z,1788755295885,DOODUSDT,Sell,2660,0.0021070,"{""T"":1788755295885,""s"":""DOODUSDT"",""S"":""Sell"",""v"":""2660"",""p"":""0.0021070""}"
2026-09-07T04:28:16.491718Z,1788755295975,DOODUSDT,Sell,15700,0.0021090,"{""T"":1788755295975,""s"":""DOODUSDT"",""S"":""Sell"",""v"":""15700"",""p"":""0.0021090""}"
2026-09-07T04:28:34.634699Z,1788755314136,HEMIUSDT,Buy,599,0.009360,"{""T"":1788755314136,""s"":""HEMIUSDT"",""S"":""Buy"",""v"":""599"",""p"":""0.009360""}"
2026-09-07T04:28:34.634699Z,1788755314392,HEMIUSDT,Buy,66928,0.009432,"{""T"":1788755314392,""s"":""HEMIUSDT"",""S"":""Buy"",""v"":""66928"",""p"":""0.009432""}"
2026-09-07T04:28:34.634699Z,1788755314454,HEMIUSDT,Buy,76477,0.009398,"{""T"":1788755314454,""s"":""HEMIUSDT"",""S"":""Buy"",""v"":""76477"",""p"":""0.009398""}"
2026-09-07T04:28:35.134838Z,1788755314581,HEMIUSDT,Buy,1291,0.009384,"{""T"":1788755314581,""s"":""HEMIUSDT"",""S"":""Buy"",""v"":""1291"",""p"":""0.009384""}"
2026-09-07T04:28:37.135032Z,1788755316850,HEMIUSDT,Buy,219277,0.009354,"{""T"":1788755316850,""s"":""HEMIUSDT"",""S"":""Buy"",""v"":""219277"",""p"":""0.009354""}"
2026-09-07T04:28:37.991741Z,1788755317425,DOODUSDT,Sell,612950,0.0021240,"{""T"":1788755317425,""s"":""DOODUSDT"",""S"":""Sell"",""v"":""612950"",""p"":""0.0021240""}"
2026-09-07T04:28:38.134423Z,1788755318046,HEMIUSDT,Buy,2076,0.009347,"{""T"":1788755318046,""s"":""HEMIUSDT"",""S"":""Buy"",""v"":""2076"",""p"":""0.009347""}"
2026-09-07T04:29:06.828746Z,1788755346315,CPUSDT,Buy,310,0.02006,"{""T"":1788755346315,""s"":""CPUSDT"",""S"":""Buy"",""v"":""310"",""p"":""0.02006""}"
2026-09-07T04:30:08.847816Z,1788755408391,XLMUSDT,Sell,8024,0.19300,"{""T"":1788755408391,""s"":""XLMUSDT"",""S"":""Sell"",""v"":""8024"",""p"":""0.19300""}"
2026-09-07T04:30:18.913662Z,1788755418600,ZECUSDT,Sell,1.77,1203.45,"{""T"":1788755418600,""s"":""ZECUSDT"",""S"":""Sell"",""v"":""1.77"",""p"":""1203.45""}"
2026-09-07T04:30:25.413412Z,1788755424910,ZECUSDT,Sell,0.30,1204.53,"{""T"":1788755424910,""s"":""ZECUSDT"",""S"":""Sell"",""v"":""0.30"",""p"":""1204.53""}"
2026-09-07T04:30:28.328159Z,1788755428095,CPUSDT,Buy,1240,0.02003,"{""T"":1788755428095,""s"":""CPUSDT"",""S"":""Buy"",""v"":""1240"",""p"":""0.02003""}"
2026-09-07T04:31:05.134338Z,1788755464591,HEMIUSDT,Buy,1,0.009279,"{""T"":1788755464591,""s"":""HEMIUSDT"",""S"":""Buy"",""v"":""1"",""p"":""0.009279""}"
2026-09-07T04:31:07.986302Z,1788755467811,SOXLUSDT,Sell,0.13,128.75,"{""T"":1788755467811,""s"":""SOXLUSDT"",""S"":""Sell"",""v"":""0.13"",""p"":""128.75""}"
2026-09-07T04:31:10.634647Z,1788755470089,AKEUSDT,Buy,2400,0.0143240,"{""T"":1788755470089,""s"":""AKEUSDT"",""S"":""Buy"",""v"":""2400"",""p"":""0.0143240""}"
2026-09-07T04:31:13.135465Z,1788755473036,HEMIUSDT,Buy,94312,0.009261,"{""T"":1788755473036,""s"":""HEMIUSDT"",""S"":""Buy"",""v"":""94312"",""p"":""0.009261""}"
2026-09-07T04:31:17.634856Z,1788755477501,HEMIUSDT,Buy,93467,0.009210,"{""T"":1788755477501,""s"":""HEMIUSDT"",""S"":""Buy"",""v"":""93467"",""p"":""0.009210""}"
2026-09-07T04:32:03.134817Z,1788755522581,AKEUSDT,Buy,500,0.0142000,"{""T"":1788755522581,""s"":""AKEUSDT"",""S"":""Buy"",""v"":""500"",""p"":""0.0142000""}"
2026-09-07T04:32:10.986181Z,1788755530503,XAGUSDT,Buy,61.070,65.44,"{""T"":1788755530503,""s"":""XAGUSDT"",""S"":""Buy"",""v"":""61.070"",""p"":""65.44""}"
2026-09-07T04:32:38.492748Z,1788755558005,DOODUSDT,Sell,17000,0.0021370,"{""T"":1788755558005,""s"":""DOODUSDT"",""S"":""Sell"",""v"":""17000"",""p"":""0.0021370""}"
2026-09-07T04:32:39.992368Z,1788755559597,DOODUSDT,Sell,6910,0.0021440,"{""T"":1788755559597,""s"":""DOODUSDT"",""S"":""Sell"",""v"":""6910"",""p"":""0.0021440""}"
2026-09-07T04:32:40.491412Z,1788755560063,DOODUSDT,Sell,2794200,0.0021460,"{""T"":1788755560063,""s"":""DOODUSDT"",""S"":""Sell"",""v"":""2794200"",""p"":""0.0021460""}"
2026-09-07T04:32:51.486094Z,1788755571393,ORCAUSDT,Buy,1389.0,1.5180,"{""T"":1788755571393,""s"":""ORCAUSDT"",""S"":""Buy"",""v"":""1389.0"",""p"":""1.5180""}"
2026-09-07T04:32:53.491648Z,1788755573084,1000BONKUSDT,Buy,65200,0.0030250,"{""T"":1788755573084,""s"":""1000BONKUSDT"",""S"":""Buy"",""v"":""65200"",""p"":""0.0030250""}"
2026-09-07T04:32:53.992075Z,1788755573428,DOODUSDT,Sell,50530,0.0021750,"{""T"":1788755573428,""s"":""DOODUSDT"",""S"":""Sell"",""v"":""50530"",""p"":""0.0021750""}"
2026-09-07T04:32:53.992075Z,1788755573669,DOODUSDT,Sell,1710600,0.0021730,"{""T"":1788755573669,""s"":""DOODUSDT"",""S"":""Sell"",""v"":""1710600"",""p"":""0.0021730""}"
2026-09-07T04:32:53.992075Z,1788755573771,DOODUSDT,Sell,404010,0.0021700,"{""T"":1788755573771,""s"":""DOODUSDT"",""S"":""Sell"",""v"":""404010"",""p"":""0.0021700""}"
2026-09-07T04:32:53.992075Z,1788755573840,DOODUSDT,Sell,22630,0.0021700,"{""T"":1788755573840,""s"":""DOODUSDT"",""S"":""Sell"",""v"":""22630"",""p"":""0.0021700""}"
2026-09-07T04:32:53.992075Z,1788755573889,DOODUSDT,Sell,4970,0.0021620,"{""T"":1788755573889,""s"":""DOODUSDT"",""S"":""Sell"",""v"":""4970"",""p"":""0.0021620""}"
2026-09-07T04:32:56.635053Z,1788755576522,HEMIUSDT,Buy,9759,0.009075,"{""T"":1788755576522,""s"":""HEMIUSDT"",""S"":""Buy"",""v"":""9759"",""p"":""0.009075""}"
2026-09-07T04:32:56.635570Z,1788755576522,AKEUSDT,Buy,2000,0.0141770,"{""T"":1788755576522,""s"":""AKEUSDT"",""S"":""Buy"",""v"":""2000"",""p"":""0.0141770""}"
2026-09-07T04:33:00.491688Z,1788755580236,DOODUSDT,Sell,9990,0.0021780,"{""T"":1788755580236,""s"":""DOODUSDT"",""S"":""Sell"",""v"":""9990"",""p"":""0.0021780""}"
2026-09-07T04:33:02.492067Z,1788755582028,DOODUSDT,Sell,79100,0.0021810,"{""T"":1788755582028,""s"":""DOODUSDT"",""S"":""Sell"",""v"":""79100"",""p"":""0.0021810""}"
2026-09-07T04:33:02.492067Z,1788755582172,DOODUSDT,Sell,5810,0.0022010,"{""T"":1788755582172,""s"":""DOODUSDT"",""S"":""Sell"",""v"":""5810"",""p"":""0.0022010""}"
2026-09-07T04:33:03.491666Z,1788755582974,DOODUSDT,Sell,25070,0.0021830,"{""T"":1788755582974,""s"":""DOODUSDT"",""S"":""Sell"",""v"":""25070"",""p"":""0.0021830""}"
2026-09-07T04:33:10.486640Z,1788755589996,ORCAUSDT,Buy,752.5,1.5169,"{""T"":1788755589996,""s"":""ORCAUSDT"",""S"":""Buy"",""v"":""752.5"",""p"":""1.5169""}"
2026-09-07T04:33:55.634783Z,1788755635147,HEMIUSDT,Buy,14293,0.008929,"{""T"":1788755635147,""s"":""HEMIUSDT"",""S"":""Buy"",""v"":""14293"",""p"":""0.008929""}"
2026-09-07T04:33:55.634783Z,1788755635254,HEMIUSDT,Buy,500,0.008944,"{""T"":1788755635254,""s"":""HEMIUSDT"",""S"":""Buy"",""v"":""500"",""p"":""0.008944""}"
2026-09-07T04:33:55.634783Z,1788755635416,HEMIUSDT,Buy,13115,0.008973,"{""T"":1788755635416,""s"":""HEMIUSDT"",""S"":""Buy"",""v"":""13115"",""p"":""0.008973""}"
2026-09-07T04:34:22.992076Z,1788755662832,DOODUSDT,Sell,139370,0.0022130,"{""T"":1788755662832,""s"":""DOODUSDT"",""S"":""Sell"",""v"":""139370"",""p"":""0.0022130""}"
2026-09-07T04:34:29.492377Z,1788755669181,DOODUSDT,Sell,1779000,0.0022230,"{""T"":1788755669181,""s"":""DOODUSDT"",""S"":""Sell"",""v"":""1779000"",""p"":""0.0022230""}"
2026-09-07T04:34:32.992354Z,1788755672430,DOODUSDT,Sell,20080,0.0022270,"{""T"":1788755672430,""s"":""DOODUSDT"",""S"":""Sell"",""v"":""20080"",""p"":""0.0022270""}"
2026-09-07T04:34:35.134705Z,1788755674943,AKEUSDT,Buy,10500,0.0138300,"{""T"":1788755674943,""s"":""AKEUSDT"",""S"":""Buy"",""v"":""10500"",""p"":""0.0138300""}"
2026-09-07T04:35:31.992623Z,1788755731630,DOODUSDT,Sell,16390,0.0022450,"{""T"":1788755731630,""s"":""DOODUSDT"",""S"":""Sell"",""v"":""16390"",""p"":""0.0022450""}"
2026-09-07T04:35:34.456110Z,1788755734220,ETHUSDT,Buy,1.50,2483.71,"{""T"":1788755734220,""s"":""ETHUSDT"",""S"":""Buy"",""v"":""1.50"",""p"":""2483.71""}"
2026-09-07T04:35:34.565137Z,1788755734185,BTCUSDT,Buy,0.164,79260.40,"{""T"":1788755734185,""s"":""BTCUSDT"",""S"":""Buy"",""v"":""0.164"",""p"":""79260.40""}"
2026-09-07T04:35:34.565137Z,1788755734193,BTCUSDT,Buy,2.019,79259.30,"{""T"":1788755734193,""s"":""BTCUSDT"",""S"":""Buy"",""v"":""2.019"",""p"":""79259.30""}"
2026-09-07T04:35:34.565137Z,1788755734204,BTCUSDT,Buy,0.072,79252.20,"{""T"":1788755734204,""s"":""BTCUSDT"",""S"":""Buy"",""v"":""0.072"",""p"":""79252.20""}"
2026-09-07T04:35:34.913476Z,1788755734366,ADAUSDT,Buy,76425,0.2164,"{""T"":1788755734366,""s"":""ADAUSDT"",""S"":""Buy"",""v"":""76425"",""p"":""0.2164""}"
2026-09-07T04:36:18.414338Z,1788755778307,ARBUSDT,Buy,2583.5,0.17320,"{""T"":1788755778307,""s"":""ARBUSDT"",""S"":""Buy"",""v"":""2583.5"",""p"":""0.17320""}"
2026-09-07T04:36:18.914155Z,1788755778782,ARBUSDT,Buy,2863.8,0.17312,"{""T"":1788755778782,""s"":""ARBUSDT"",""S"":""Buy"",""v"":""2863.8"",""p"":""0.17312""}"
2026-09-07T04:36:21.413722Z,1788755781031,ARBUSDT,Buy,28.4,0.17307,"{""T"":1788755781031,""s"":""ARBUSDT"",""S"":""Buy"",""v"":""28.4"",""p"":""0.17307""}"
2026-09-07T04:36:22.414132Z,1788755782090,ARBUSDT,Buy,5665.7,0.17297,"{""T"":1788755782090,""s"":""ARBUSDT"",""S"":""Buy"",""v"":""5665.7"",""p"":""0.17297""}"
2026-09-07T04:36:24.847957Z,1788755784547,MARSCOINUSDT,Buy,430,0.16076,"{""T"":1788755784547,""s"":""MARSCOINUSDT"",""S"":""Buy"",""v"":""430"",""p"":""0.16076""}"
2026-09-07T04:36:36.914820Z,1788755796618,ARBUSDT,Buy,1087.6,0.17253,"{""T"":1788755796618,""s"":""ARBUSDT"",""S"":""Buy"",""v"":""1087.6"",""p"":""0.17253""}"
2026-09-07T04:37:20.329489Z,1788755840115,PONSUSDT,Sell,19,0.7731,"{""T"":1788755840115,""s"":""PONSUSDT"",""S"":""Sell"",""v"":""19"",""p"":""0.7731""}"
2026-09-07T04:37:28.413623Z,1788755848128,ARBUSDT,Buy,52.1,0.17251,"{""T"":1788755848128,""s"":""ARBUSDT"",""S"":""Buy"",""v"":""52.1"",""p"":""0.17251""}"
2026-09-07T04:37:32.828693Z,1788755852596,PONSUSDT,Sell,268,0.7737,"{""T"":1788755852596,""s"":""PONSUSDT"",""S"":""Sell"",""v"":""268"",""p"":""0.7737""}"
2026-09-07T04:37:38.828967Z,1788755858681,PONSUSDT,Sell,45,0.7739,"{""T"":1788755858681,""s"":""PONSUSDT"",""S"":""Sell"",""v"":""45"",""p"":""0.7739""}"
2026-09-07T04:38:11.492008Z,1788755891352,DOODUSDT,Sell,4820,0.0022790,"{""T"":1788755891352,""s"":""DOODUSDT"",""S"":""Sell"",""v"":""4820"",""p"":""0.0022790""}"
2026-09-07T04:38:12.991986Z,1788755892610,DOODUSDT,Sell,12340,0.0022830,"{""T"":1788755892610,""s"":""DOODUSDT"",""S"":""Sell"",""v"":""12340"",""p"":""0.0022830""}"
2026-09-07T04:38:19.986518Z,1788755899685,ORCAUSDT,Buy,6.5,1.4969,"{""T"":1788755899685,""s"":""ORCAUSDT"",""S"":""Buy"",""v"":""6.5"",""p"":""1.4969""}"
2026-09-07T04:39:48.848332Z,1788755988324,NAORISUSDT,Sell,240,0.039590,"{""T"":1788755988324,""s"":""NAORISUSDT"",""S"":""Sell"",""v"":""240"",""p"":""0.039590""}"
2026-09-07T04:41:03.351001Z,1788756063112,USELESSUSDT,Buy,130,0.20481,"{""T"":1788756063112,""s"":""USELESSUSDT"",""S"":""Buy"",""v"":""130"",""p"":""0.20481""}"
2026-09-07T04:41:03.848268Z,1788756063345,USELESSUSDT,Buy,1397,0.20461,"{""T"":1788756063345,""s"":""USELESSUSDT"",""S"":""Buy"",""v"":""1397"",""p"":""0.20461""}"
2026-09-07T04:41:14.994884Z,1788756074623,DOODUSDT,Sell,9660,0.0023100,"{""T"":1788756074623,""s"":""DOODUSDT"",""S"":""Sell"",""v"":""9660"",""p"":""0.0023100""}"
2026-09-07T04:41:20.992206Z,1788756080441,DOODUSDT,Sell,13600,0.0023140,"{""T"":1788756080441,""s"":""DOODUSDT"",""S"":""Sell"",""v"":""13600"",""p"":""0.0023140""}"
2026-09-07T04:41:20.992206Z,1788756080801,DOODUSDT,Sell,12810,0.0023160,"{""T"":1788756080801,""s"":""DOODUSDT"",""S"":""Sell"",""v"":""12810"",""p"":""0.0023160""}"
2026-09-07T04:41:45.417896Z,1788756104866,ARBUSDT,Buy,2309.5,0.17225,"{""T"":1788756104866,""s"":""ARBUSDT"",""S"":""Buy"",""v"":""2309.5"",""p"":""0.17225""}"
2026-09-07T04:41:46.413842Z,1788756106326,ARBUSDT,Buy,5220.2,0.17184,"{""T"":1788756106326,""s"":""ARBUSDT"",""S"":""Buy"",""v"":""5220.2"",""p"":""0.17184""}"
2026-09-07T04:42:19.492405Z,1788756139352,1000BONKUSDT,Buy,204600,0.0030300,"{""T"":1788756139352,""s"":""1000BONKUSDT"",""S"":""Buy"",""v"":""204600"",""p"":""0.0030300""}"
2026-09-07T04:42:19.847904Z,1788756139352,USELESSUSDT,Buy,4338,0.20414,"{""T"":1788756139352,""s"":""USELESSUSDT"",""S"":""Buy"",""v"":""4338"",""p"":""0.20414""}"
2026-09-07T04:42:32.851754Z,1788756152730,USELESSUSDT,Buy,187,0.20355,"{""T"":1788756152730,""s"":""USELESSUSDT"",""S"":""Buy"",""v"":""187"",""p"":""0.20355""}"
2026-09-07T04:42:37.848157Z,1788756157664,USELESSUSDT,Buy,303,0.20276,"{""T"":1788756157664,""s"":""USELESSUSDT"",""S"":""Buy"",""v"":""303"",""p"":""0.20276""}"
2026-09-07T04:42:39.349042Z,1788756158805,USELESSUSDT,Buy,568,0.20261,"{""T"":1788756158805,""s"":""USELESSUSDT"",""S"":""Buy"",""v"":""568"",""p"":""0.20261""}"
2026-09-07T04:42:39.349042Z,1788756158870,USELESSUSDT,Buy,3334,0.20246,"{""T"":1788756158870,""s"":""USELESSUSDT"",""S"":""Buy"",""v"":""3334"",""p"":""0.20246""}"
2026-09-07T04:44:35.851227Z,1788756275747,XANUSDT,Sell,2201,0.022439,"{""T"":1788756275747,""s"":""XANUSDT"",""S"":""Sell"",""v"":""2201"",""p"":""0.022439""}"
2026-09-07T04:44:37.847592Z,1788756277460,XANUSDT,Sell,2610,0.022514,"{""T"":1788756277460,""s"":""XANUSDT"",""S"":""Sell"",""v"":""2610"",""p"":""0.022514""}"
2026-09-07T04:45:07.351132Z,1788756307156,XLMUSDT,Sell,48203,0.19360,"{""T"":1788756307156,""s"":""XLMUSDT"",""S"":""Sell"",""v"":""48203"",""p"":""0.19360""}"
2026-09-07T04:46:54.348972Z,1788756413795,XANUSDT,Sell,1200,0.022592,"{""T"":1788756413795,""s"":""XANUSDT"",""S"":""Sell"",""v"":""1200"",""p"":""0.022592""}"
2026-09-07T04:47:31.135553Z,1788756450613,HEMIUSDT,Buy,6500,0.008919,"{""T"":1788756450613,""s"":""HEMIUSDT"",""S"":""Buy"",""v"":""6500"",""p"":""0.008919""}"
2026-09-07T04:47:33.347864Z,1788756453034,XANUSDT,Sell,929,0.022726,"{""T"":1788756453034,""s"":""XANUSDT"",""S"":""Sell"",""v"":""929"",""p"":""0.022726""}"
2026-09-07T04:47:45.635104Z,1788756465548,HEMIUSDT,Buy,48720,0.008858,"{""T"":1788756465548,""s"":""HEMIUSDT"",""S"":""Buy"",""v"":""48720"",""p"":""0.008858""}"
2026-09-07T04:47:45.828475Z,1788756465548,PONSUSDT,Sell,172,0.7660,"{""T"":1788756465548,""s"":""PONSUSDT"",""S"":""Sell"",""v"":""172"",""p"":""0.7660""}"
2026-09-07T04:47:46.135781Z,1788756465710,HEMIUSDT,Buy,210811,0.008882,"{""T"":1788756465710,""s"":""HEMIUSDT"",""S"":""Buy"",""v"":""210811"",""p"":""0.008882""}"
2026-09-07T04:48:01.635761Z,1788756481050,HEMIUSDT,Buy,34566,0.008822,"{""T"":1788756481050,""s"":""HEMIUSDT"",""S"":""Buy"",""v"":""34566"",""p"":""0.008822""}"
2026-09-07T04:48:02.136476Z,1788756481847,HEMIUSDT,Buy,71260,0.008803,"{""T"":1788756481847,""s"":""HEMIUSDT"",""S"":""Buy"",""v"":""71260"",""p"":""0.008803""}"
2026-09-07T04:48:16.135736Z,1788756495901,HEMIUSDT,Buy,3567,0.008695,"{""T"":1788756495901,""s"":""HEMIUSDT"",""S"":""Buy"",""v"":""3567"",""p"":""0.008695""}"
2026-09-07T04:48:34.135348Z,1788756513736,HEMIUSDT,Buy,840,0.008673,"{""T"":1788756513736,""s"":""HEMIUSDT"",""S"":""Buy"",""v"":""840"",""p"":""0.008673""}"
2026-09-07T04:48:39.636740Z,1788756519309,HEMIUSDT,Buy,63703,0.008601,"{""T"":1788756519309,""s"":""HEMIUSDT"",""S"":""Buy"",""v"":""63703"",""p"":""0.008601""}"
2026-09-07T04:48:39.636740Z,1788756519380,HEMIUSDT,Buy,1993,0.008533,"{""T"":1788756519380,""s"":""HEMIUSDT"",""S"":""Buy"",""v"":""1993"",""p"":""0.008533""}"
2026-09-07T04:48:39.636740Z,1788756519538,HEMIUSDT,Buy,116968,0.008550,"{""T"":1788756519538,""s"":""HEMIUSDT"",""S"":""Buy"",""v"":""116968"",""p"":""0.008550""}"
2026-09-07T04:48:40.135316Z,1788756519962,HEMIUSDT,Buy,840,0.008568,"{""T"":1788756519962,""s"":""HEMIUSDT"",""S"":""Buy"",""v"":""840"",""p"":""0.008568""}"
2026-09-07T04:48:40.135316Z,1788756520016,HEMIUSDT,Buy,16629,0.008537,"{""T"":1788756520016,""s"":""HEMIUSDT"",""S"":""Buy"",""v"":""16629"",""p"":""0.008537""}"
2026-09-07T04:49:31.638589Z,1788756571428,HEMIUSDT,Buy,31133,0.008482,"{""T"":1788756571428,""s"":""HEMIUSDT"",""S"":""Buy"",""v"":""31133"",""p"":""0.008482""}"
2026-09-07T04:49:32.134840Z,1788756572003,HEMIUSDT,Buy,105302,0.008458,"{""T"":1788756572003,""s"":""HEMIUSDT"",""S"":""Buy"",""v"":""105302"",""p"":""0.008458""}"
2026-09-07T04:49:32.635460Z,1788756572166,HEMIUSDT,Buy,19214,0.008460,"{""T"":1788756572166,""s"":""HEMIUSDT"",""S"":""Buy"",""v"":""19214"",""p"":""0.008460""}"
2026-09-07T04:49:35.135914Z,1788756574813,HEMIUSDT,Buy,50000,0.008426,"{""T"":1788756574813,""s"":""HEMIUSDT"",""S"":""Buy"",""v"":""50000"",""p"":""0.008426""}"
2026-09-07T04:51:09.135179Z,1788756668778,HEMIUSDT,Buy,55097,0.008499,"{""T"":1788756668778,""s"":""HEMIUSDT"",""S"":""Buy"",""v"":""55097"",""p"":""0.008499""}"
2026-09-07T04:54:13.813130Z,1788756853457,HYPEUSDT,Buy,0.17,85.520,"{""T"":1788756853457,""s"":""HYPEUSDT"",""S"":""Buy"",""v"":""0.17"",""p"":""85.520""}"
2026-09-07T04:54:13.836834Z,1788756853457,LITUSDT,Buy,1.1,4.2940,"{""T"":1788756853457,""s"":""LITUSDT"",""S"":""Buy"",""v"":""1.1"",""p"":""4.2940""}"
2026-09-07T04:58:39.516383Z,1788757119006,TAOUSDT,Sell,0.074,275.90,"{""T"":1788757119006,""s"":""TAOUSDT"",""S"":""Sell"",""v"":""0.074"",""p"":""275.90""}"
2026-09-07T05:00:08.848059Z,1788757208401,USELESSUSDT,Sell,249,0.23274,"{""T"":1788757208401,""s"":""USELESSUSDT"",""S"":""Sell"",""v"":""249"",""p"":""0.23274""}"
2026-09-07T05:01:03.492462Z,1788757263313,DOODUSDT,Sell,6960,0.0023320,"{""T"":1788757263313,""s"":""DOODUSDT"",""S"":""Sell"",""v"":""6960"",""p"":""0.0023320""}"
2026-09-07T05:01:03.992222Z,1788757263564,DOODUSDT,Sell,14520,0.0023310,"{""T"":1788757263564,""s"":""DOODUSDT"",""S"":""Sell"",""v"":""14520"",""p"":""0.0023310""}"
2026-09-07T05:01:53.413880Z,1788757312986,ARBUSDT,Buy,80.0,0.17288,"{""T"":1788757312986,""s"":""ARBUSDT"",""S"":""Buy"",""v"":""80.0"",""p"":""0.17288""}"
2026-09-07T05:02:24.312466Z,1788757343865,PUMPFUNUSDT,Sell,3700,0.0040920,"{""T"":1788757343865,""s"":""PUMPFUNUSDT"",""S"":""Sell"",""v"":""3700"",""p"":""0.0040920""}"
2026-09-07T05:02:32.908071Z,1788757352370,AAPLUSDT,Buy,14.13,318.68,"{""T"":1788757352370,""s"":""AAPLUSDT"",""S"":""Buy"",""v"":""14.13"",""p"":""318.68""}"
2026-09-07T05:04:01.487325Z,1788757441215,SOXLUSDT,Sell,0.78,129.19,"{""T"":1788757441215,""s"":""SOXLUSDT"",""S"":""Sell"",""v"":""0.78"",""p"":""129.19""}"
2026-09-07T05:04:41.914055Z,1788757481431,ZECUSDT,Sell,0.10,1215.28,"{""T"":1788757481431,""s"":""ZECUSDT"",""S"":""Sell"",""v"":""0.10"",""p"":""1215.28""}"
2026-09-07T05:04:41.914055Z,1788757481482,ZECUSDT,Sell,5.00,1208.25,"{""T"":1788757481482,""s"":""ZECUSDT"",""S"":""Sell"",""v"":""5.00"",""p"":""1208.25""}"
2026-09-07T05:04:41.914055Z,1788757481493,ZECUSDT,Sell,10.06,1219.63,"{""T"":1788757481493,""s"":""ZECUSDT"",""S"":""Sell"",""v"":""10.06"",""p"":""1219.63""}"
2026-09-07T05:04:41.914055Z,1788757481582,ZECUSDT,Sell,0.11,1208.93,"{""T"":1788757481582,""s"":""ZECUSDT"",""S"":""Sell"",""v"":""0.11"",""p"":""1208.93""}"
2026-09-07T05:04:41.914055Z,1788757481595,ZECUSDT,Sell,1.36,1215.66,"{""T"":1788757481595,""s"":""ZECUSDT"",""S"":""Sell"",""v"":""1.36"",""p"":""1215.66""}"
2026-09-07T05:04:41.914055Z,1788757481775,ZECUSDT,Sell,72.46,1216.90,"{""T"":1788757481775,""s"":""ZECUSDT"",""S"":""Sell"",""v"":""72.46"",""p"":""1216.90""}"
2026-09-07T05:04:41.914055Z,1788757481799,ZECUSDT,Sell,0.11,1207.42,"{""T"":1788757481799,""s"":""ZECUSDT"",""S"":""Sell"",""v"":""0.11"",""p"":""1207.42""}"
2026-09-07T05:04:42.413799Z,1788757482022,ZECUSDT,Sell,0.80,1213.33,"{""T"":1788757482022,""s"":""ZECUSDT"",""S"":""Sell"",""v"":""0.80"",""p"":""1213.33""}"
2026-09-07T05:04:42.413799Z,1788757482034,ZECUSDT,Sell,0.21,1208.36,"{""T"":1788757482034,""s"":""ZECUSDT"",""S"":""Sell"",""v"":""0.21"",""p"":""1208.36""}"
2026-09-07T05:04:42.413799Z,1788757482121,ZECUSDT,Sell,1.00,1207.03,"{""T"":1788757482121,""s"":""ZECUSDT"",""S"":""Sell"",""v"":""1.00"",""p"":""1207.03""}"
2026-09-07T05:04:42.413799Z,1788757482127,ZECUSDT,Sell,0.26,1210.49,"{""T"":1788757482127,""s"":""ZECUSDT"",""S"":""Sell"",""v"":""0.26"",""p"":""1210.49""}"
2026-09-07T05:04:42.413799Z,1788757482204,ZECUSDT,Sell,0.25,1214.24,"{""T"":1788757482204,""s"":""ZECUSDT"",""S"":""Sell"",""v"":""0.25"",""p"":""1214.24""}"
2026-09-07T05:04:42.413799Z,1788757482229,ZECUSDT,Sell,0.40,1209.98,"{""T"":1788757482229,""s"":""ZECUSDT"",""S"":""Sell"",""v"":""0.40"",""p"":""1209.98""}"
2026-09-07T05:04:42.413799Z,1788757482259,ZECUSDT,Sell,0.05,1218.85,"{""T"":1788757482259,""s"":""ZECUSDT"",""S"":""Sell"",""v"":""0.05"",""p"":""1218.85""}"
2026-09-07T05:04:42.516386Z,1788757482229,NEARUSDT,Sell,50.0,2.4170,"{""T"":1788757482229,""s"":""NEARUSDT"",""S"":""Sell"",""v"":""50.0"",""p"":""2.4170""}"
2026-09-07T05:05:12.825206Z,1788757512257,FARTCOINUSDT,Sell,78,0.17647,"{""T"":1788757512257,""s"":""FARTCOINUSDT"",""S"":""Sell"",""v"":""78"",""p"":""0.17647""}"
2026-09-07T05:05:25.410577Z,1788757525031,AAPLUSDT,Buy,6.21,318.60,"{""T"":1788757525031,""s"":""AAPLUSDT"",""S"":""Buy"",""v"":""6.21"",""p"":""318.60""}"
2026-09-07T05:05:36.496658Z,1788757535933,DASHUSDT,Sell,0.32,71.76,"{""T"":1788757535933,""s"":""DASHUSDT"",""S"":""Sell"",""v"":""0.32"",""p"":""71.76""}"
2026-09-07T05:05:42.487722Z,1788757542250,SOXLUSDT,Sell,0.10,129.50,"{""T"":1788757542250,""s"":""SOXLUSDT"",""S"":""Sell"",""v"":""0.10"",""p"":""129.50""}"
2026-09-07T05:05:43.455653Z,1788757543281,ETHUSDT,Sell,0.02,2511.18,"{""T"":1788757543281,""s"":""ETHUSDT"",""S"":""Sell"",""v"":""0.02"",""p"":""2511.18""}"
2026-09-07T05:05:46.913786Z,1788757546818,ZECUSDT,Sell,8.33,1222.87,"{""T"":1788757546818,""s"":""ZECUSDT"",""S"":""Sell"",""v"":""8.33"",""p"":""1222.87""}"
2026-09-07T05:06:03.328089Z,1788757563144,NIULAIUSDT,Sell,2230,0.08917,"{""T"":1788757563144,""s"":""NIULAIUSDT"",""S"":""Sell"",""v"":""2230"",""p"":""0.08917""}"
2026-09-07T05:06:06.824881Z,1788757566680,RAYDIUMUSDT,Sell,119.7,1.2442,"{""T"":1788757566680,""s"":""RAYDIUMUSDT"",""S"":""Sell"",""v"":""119.7"",""p"":""1.2442""}"
2026-09-07T05:06:35.487727Z,1788757595360,SOXLUSDT,Sell,1.14,129.69,"{""T"":1788757595360,""s"":""SOXLUSDT"",""S"":""Sell"",""v"":""1.14"",""p"":""129.69""}"
2026-09-07T05:06:49.328680Z,1788757608847,PONSUSDT,Sell,329,0.7832,"{""T"":1788757608847,""s"":""PONSUSDT"",""S"":""Sell"",""v"":""329"",""p"":""0.7832""}"
2026-09-07T05:07:07.328577Z,1788757626775,PONSUSDT,Sell,7,0.7844,"{""T"":1788757626775,""s"":""PONSUSDT"",""S"":""Sell"",""v"":""7"",""p"":""0.7844""}"
2026-09-07T05:07:10.996748Z,1788757630455,ICPUSDT,Sell,367.4,2.837,"{""T"":1788757630455,""s"":""ICPUSDT"",""S"":""Sell"",""v"":""367.4"",""p"":""2.837""}"
2026-09-07T05:07:12.134744Z,1788757631892,AKEUSDT,Sell,1000,0.0150600,"{""T"":1788757631892,""s"":""AKEUSDT"",""S"":""Sell"",""v"":""1000"",""p"":""0.0150600""}"
2026-09-07T05:07:15.635826Z,1788757635153,AKEUSDT,Sell,71900,0.0151000,"{""T"":1788757635153,""s"":""AKEUSDT"",""S"":""Sell"",""v"":""71900"",""p"":""0.0151000""}"
2026-09-07T05:07:16.016541Z,1788757635679,MNTUSDT,Sell,2861.9,0.66460,"{""T"":1788757635679,""s"":""MNTUSDT"",""S"":""Sell"",""v"":""2861.9"",""p"":""0.66460""}"
2026-09-07T05:07:16.016541Z,1788757635715,MNTUSDT,Sell,522.1,0.66450,"{""T"":1788757635715,""s"":""MNTUSDT"",""S"":""Sell"",""v"":""522.1"",""p"":""0.66450""}"
2026-09-07T05:07:20.134858Z,1788757639881,AKEUSDT,Sell,1500,0.0153230,"{""T"":1788757639881,""s"":""AKEUSDT"",""S"":""Sell"",""v"":""1500"",""p"":""0.0153230""}"
2026-09-07T05:07:21.413993Z,1788757641087,DOTUSDT,Sell,7.5,0.9945,"{""T"":1788757641087,""s"":""DOTUSDT"",""S"":""Sell"",""v"":""7.5"",""p"":""0.9945""}"
2026-09-07T05:07:22.016310Z,1788757641432,MNTUSDT,Sell,8.9,0.66480,"{""T"":1788757641432,""s"":""MNTUSDT"",""S"":""Sell"",""v"":""8.9"",""p"":""0.66480""}"
2026-09-07T05:07:34.135098Z,1788757653650,AKEUSDT,Sell,7600,0.0153640,"{""T"":1788757653650,""s"":""AKEUSDT"",""S"":""Sell"",""v"":""7600"",""p"":""0.0153640""}"
2026-09-07T05:07:35.134667Z,1788757654667,AKEUSDT,Sell,77700,0.0154090,"{""T"":1788757654667,""s"":""AKEUSDT"",""S"":""Sell"",""v"":""77700"",""p"":""0.0154090""}"
2026-09-07T05:07:35.134667Z,1788757654856,AKEUSDT,Sell,35100,0.0153940,"{""T"":1788757654856,""s"":""AKEUSDT"",""S"":""Sell"",""v"":""35100"",""p"":""0.0153940""}"
2026-09-07T05:07:40.135151Z,1788757660005,AKEUSDT,Sell,1300,0.0154600,"{""T"":1788757660005,""s"":""AKEUSDT"",""S"":""Sell"",""v"":""1300"",""p"":""0.0154600""}"
2026-09-07T05:07:40.913396Z,1788757660410,ZECUSDT,Sell,0.90,1224.71,"{""T"":1788757660410,""s"":""ZECUSDT"",""S"":""Sell"",""v"":""0.90"",""p"":""1224.71""}"
2026-09-07T05:07:41.135019Z,1788757660793,AKEUSDT,Sell,3000,0.0155030,"{""T"":1788757660793,""s"":""AKEUSDT"",""S"":""Sell"",""v"":""3000"",""p"":""0.0155030""}"
2026-09-07T05:07:49.134726Z,1788757668591,AKEUSDT,Sell,4500,0.0156200,"{""T"":1788757668591,""s"":""AKEUSDT"",""S"":""Sell"",""v"":""4500"",""p"":""0.0156200""}"
2026-09-07T05:07:49.634932Z,1788757669276,AKEUSDT,Sell,13600,0.0155940,"{""T"":1788757669276,""s"":""AKEUSDT"",""S"":""Sell"",""v"":""13600"",""p"":""0.0155940""}"
2026-09-07T05:07:49.634932Z,1788757669285,AKEUSDT,Sell,304700,0.0156470,"{""T"":1788757669285,""s"":""AKEUSDT"",""S"":""Sell"",""v"":""304700"",""p"":""0.0156470""}"
2026-09-07T05:07:50.134641Z,1788757669967,AKEUSDT,Sell,1700,0.0156580,"{""T"":1788757669967,""s"":""AKEUSDT"",""S"":""Sell"",""v"":""1700"",""p"":""0.0156580""}"
2026-09-07T05:08:01.520218Z,1788757681110,MNTUSDT,Sell,27.2,0.66550,"{""T"":1788757681110,""s"":""MNTUSDT"",""S"":""Sell"",""v"":""27.2"",""p"":""0.66550""}"
2026-09-07T05:08:02.515830Z,1788757682261,MNTUSDT,Sell,20.4,0.66550,"{""T"":1788757682261,""s"":""MNTUSDT"",""S"":""Sell"",""v"":""20.4"",""p"":""0.66550""}"
2026-09-07T05:08:13.415582Z,1788757692856,ZECUSDT,Sell,0.67,1226.28,"{""T"":1788757692856,""s"":""ZECUSDT"",""S"":""Sell"",""v"":""0.67"",""p"":""1226.28""}"
2026-09-07T05:08:18.134988Z,1788757697804,AKEUSDT,Sell,17400,0.0158560,"{""T"":1788757697804,""s"":""AKEUSDT"",""S"":""Sell"",""v"":""17400"",""p"":""0.0158560""}"
2026-09-07T05:08:23.016021Z,1788757702631,MNTUSDT,Sell,213.0,0.66600,"{""T"":1788757702631,""s"":""MNTUSDT"",""S"":""Sell"",""v"":""213.0"",""p"":""0.66600""}"
2026-09-07T05:08:31.313060Z,1788757710970,PUMPFUNUSDT,Sell,44500,0.0041010,"{""T"":1788757710970,""s"":""PUMPFUNUSDT"",""S"":""Sell"",""v"":""44500"",""p"":""0.0041010""}"
2026-09-07T05:08:40.015899Z,1788757719839,MNTUSDT,Sell,2300.0,0.66590,"{""T"":1788757719839,""s"":""MNTUSDT"",""S"":""Sell"",""v"":""2300.0"",""p"":""0.66590""}"
2026-09-07T05:09:33.015663Z,1788757772904,MNTUSDT,Sell,93.1,0.66850,"{""T"":1788757772904,""s"":""MNTUSDT"",""S"":""Sell"",""v"":""93.1"",""p"":""0.66850""}"
2026-09-07T05:09:33.515607Z,1788757773236,MNTUSDT,Sell,959.5,0.66790,"{""T"":1788757773236,""s"":""MNTUSDT"",""S"":""Sell"",""v"":""959.5"",""p"":""0.66790""}"
2026-09-07T05:09:34.015542Z,1788757773664,MNTUSDT,Sell,318.2,0.67080,"{""T"":1788757773664,""s"":""MNTUSDT"",""S"":""Sell"",""v"":""318.2"",""p"":""0.67080""}"
2026-09-07T05:09:34.515643Z,1788757774011,MNTUSDT,Sell,7000.0,0.66940,"{""T"":1788757774011,""s"":""MNTUSDT"",""S"":""Sell"",""v"":""7000.0"",""p"":""0.66940""}"
2026-09-07T05:09:35.016122Z,1788757774449,MNTUSDT,Sell,803.4,0.67120,"{""T"":1788757774449,""s"":""MNTUSDT"",""S"":""Sell"",""v"":""803.4"",""p"":""0.67120""}"
2026-09-07T05:09:35.016122Z,1788757774539,MNTUSDT,Sell,232.0,0.67070,"{""T"":1788757774539,""s"":""MNTUSDT"",""S"":""Sell"",""v"":""232.0"",""p"":""0.67070""}"
2026-09-07T05:09:41.347648Z,1788757781189,UAIUSDT,Buy,238,0.61710,"{""T"":1788757781189,""s"":""UAIUSDT"",""S"":""Buy"",""v"":""238"",""p"":""0.61710""}"
2026-09-07T05:09:50.848101Z,1788757790584,NAORISUSDT,Buy,2680,0.036670,"{""T"":1788757790584,""s"":""NAORISUSDT"",""S"":""Buy"",""v"":""2680"",""p"":""0.036670""}"
2026-09-07T05:10:06.486288Z,1788757806339,ZROUSDT,Sell,113.4,1.1395,"{""T"":1788757806339,""s"":""ZROUSDT"",""S"":""Sell"",""v"":""113.4"",""p"":""1.1395""}"
2026-09-07T05:10:53.413697Z,1788757852998,ARBUSDT,Buy,4820.5,0.17179,"{""T"":1788757852998,""s"":""ARBUSDT"",""S"":""Buy"",""v"":""4820.5"",""p"":""0.17179""}"
2026-09-07T05:10:53.413697Z,1788757853108,ARBUSDT,Buy,50.0,0.17185,"{""T"":1788757853108,""s"":""ARBUSDT"",""S"":""Buy"",""v"":""50.0"",""p"":""0.17185""}"
2026-09-07T05:10:53.913912Z,1788757853486,ARBUSDT,Buy,31.4,0.17181,"{""T"":1788757853486,""s"":""ARBUSDT"",""S"":""Buy"",""v"":""31.4"",""p"":""0.17181""}"
2026-09-07T05:10:55.491911Z,1788757855006,1000BONKUSDT,Sell,262300,0.0031760,"{""T"":1788757855006,""s"":""1000BONKUSDT"",""S"":""Sell"",""v"":""262300"",""p"":""0.0031760""}"
2026-09-07T05:10:55.913462Z,1788757855493,ARBUSDT,Buy,667.3,0.17177,"{""T"":1788757855493,""s"":""ARBUSDT"",""S"":""Buy"",""v"":""667.3"",""p"":""0.17177""}"
2026-09-07T05:11:02.413821Z,1788757862080,ARBUSDT,Buy,1456.7,0.17174,"{""T"":1788757862080,""s"":""ARBUSDT"",""S"":""Buy"",""v"":""1456.7"",""p"":""0.17174""}"
2026-09-07T05:11:23.417878Z,1788757882884,ARBUSDT,Buy,6684.5,0.17172,"{""T"":1788757882884,""s"":""ARBUSDT"",""S"":""Buy"",""v"":""6684.5"",""p"":""0.17172""}"
2026-09-07T05:11:23.913869Z,1788757883371,ARBUSDT,Buy,85.6,0.17167,"{""T"":1788757883371,""s"":""ARBUSDT"",""S"":""Buy"",""v"":""85.6"",""p"":""0.17167""}"
2026-09-07T05:11:32.496758Z,1788757892041,ICPUSDT,Sell,629.4,2.856,"{""T"":1788757892041,""s"":""ICPUSDT"",""S"":""Sell"",""v"":""629.4"",""p"":""2.856""}"
2026-09-07T05:11:43.913890Z,1788757903678,ZECUSDT,Sell,0.05,1227.66,"{""T"":1788757903678,""s"":""ZECUSDT"",""S"":""Sell"",""v"":""0.05"",""p"":""1227.66""}"
2026-09-07T05:12:05.992934Z,1788757925433,DOODUSDT,Buy,11300,0.0020280,"{""T"":1788757925433,""s"":""DOODUSDT"",""S"":""Buy"",""v"":""11300"",""p"":""0.0020280""}"
2026-09-07T05:12:07.328379Z,1788757927192,PONSUSDT,Sell,6495,0.7931,"{""T"":1788757927192,""s"":""PONSUSDT"",""S"":""Sell"",""v"":""6495"",""p"":""0.7931""}"
2026-09-07T05:12:12.992240Z,1788757932782,DOODUSDT,Buy,6380,0.0020250,"{""T"":1788757932782,""s"":""DOODUSDT"",""S"":""Buy"",""v"":""6380"",""p"":""0.0020250""}"
2026-09-07T05:12:15.347705Z,1788757935241,NAORISUSDT,Buy,1450,0.036270,"{""T"":1788757935241,""s"":""NAORISUSDT"",""S"":""Buy"",""v"":""1450"",""p"":""0.036270""}"
2026-09-07T05:12:25.413427Z,1788757945179,ARBUSDT,Buy,16367.9,0.17158,"{""T"":1788757945179,""s"":""ARBUSDT"",""S"":""Buy"",""v"":""16367.9"",""p"":""0.17158""}"
2026-09-07T05:12:49.015654Z,1788757968797,MNTUSDT,Sell,18.0,0.67200,"{""T"":1788757968797,""s"":""MNTUSDT"",""S"":""Sell"",""v"":""18.0"",""p"":""0.67200""}"
2026-09-07T05:13:20.324843Z,1788758000051,RAYDIUMUSDT,Sell,7.2,1.2637,"{""T"":1788758000051,""s"":""RAYDIUMUSDT"",""S"":""Sell"",""v"":""7.2"",""p"":""1.2637""}"
2026-09-07T05:13:32.407973Z,1788758012125,AAPLUSDT,Buy,0.36,318.52,"{""T"":1788758012125,""s"":""AAPLUSDT"",""S"":""Buy"",""v"":""0.36"",""p"":""318.52""}"
2026-09-07T05:14:09.848579Z,1788758049553,UAIUSDT,Buy,177,0.59710,"{""T"":1788758049553,""s"":""UAIUSDT"",""S"":""Buy"",""v"":""177"",""p"":""0.59710""}"
2026-09-07T05:14:11.407763Z,1788758051309,CRVUSDT,Buy,39.1,0.3778,"{""T"":1788758051309,""s"":""CRVUSDT"",""S"":""Buy"",""v"":""39.1"",""p"":""0.3778""}"
2026-09-07T05:15:10.515943Z,1788758110289,MNTUSDT,Sell,32.4,0.67320,"{""T"":1788758110289,""s"":""MNTUSDT"",""S"":""Sell"",""v"":""32.4"",""p"":""0.67320""}"
2026-09-07T05:15:11.015604Z,1788758110569,MNTUSDT,Sell,1120.3,0.67310,"{""T"":1788758110569,""s"":""MNTUSDT"",""S"":""Sell"",""v"":""1120.3"",""p"":""0.67310""}"
2026-09-07T05:15:15.347845Z,1788758115098,UAIUSDT,Buy,635,0.58990,"{""T"":1788758115098,""s"":""UAIUSDT"",""S"":""Buy"",""v"":""635"",""p"":""0.58990""}"
2026-09-07T05:15:15.847753Z,1788758115718,UAIUSDT,Buy,24,0.58800,"{""T"":1788758115718,""s"":""UAIUSDT"",""S"":""Buy"",""v"":""24"",""p"":""0.58800""}"
2026-09-07T05:15:27.413812Z,1788758127248,ADAUSDT,Sell,769,0.2216,"{""T"":1788758127248,""s"":""ADAUSDT"",""S"":""Sell"",""v"":""769"",""p"":""0.2216""}"
2026-09-07T05:15:30.328533Z,1788758130120,CPUSDT,Sell,350,0.02170,"{""T"":1788758130120,""s"":""CPUSDT"",""S"":""Sell"",""v"":""350"",""p"":""0.02170""}"
2026-09-07T05:15:30.413634Z,1788758130096,ARBUSDT,Buy,509.2,0.17155,"{""T"":1788758130096,""s"":""ARBUSDT"",""S"":""Buy"",""v"":""509.2"",""p"":""0.17155""}"
2026-09-07T05:15:33.561917Z,1788758133192,SOLUSDT,Sell,0.8,105.940,"{""T"":1788758133192,""s"":""SOLUSDT"",""S"":""Sell"",""v"":""0.8"",""p"":""105.940""}"
2026-09-07T05:15:35.414206Z,1788758135167,ARBUSDT,Buy,820.3,0.17149,"{""T"":1788758135167,""s"":""ARBUSDT"",""S"":""Buy"",""v"":""820.3"",""p"":""0.17149""}"
2026-09-07T05:15:58.015836Z,1788758157855,MNTUSDT,Sell,1257.6,0.67390,"{""T"":1788758157855,""s"":""MNTUSDT"",""S"":""Sell"",""v"":""1257.6"",""p"":""0.67390""}"
2026-09-07T05:17:18.840774Z,1788758238479,AAVEUSDT,Sell,0.11,136.69,"{""T"":1788758238479,""s"":""AAVEUSDT"",""S"":""Sell"",""v"":""0.11"",""p"":""136.69""}"
2026-09-07T05:17:32.456081Z,1788758252017,ETHUSDT,Sell,0.36,2514.68,"{""T"":1788758252017,""s"":""ETHUSDT"",""S"":""Sell"",""v"":""0.36"",""p"":""2514.68""}"
2026-09-07T05:17:43.955779Z,1788758263648,ETHUSDT,Sell,0.91,2515.50,"{""T"":1788758263648,""s"":""ETHUSDT"",""S"":""Sell"",""v"":""0.91"",""p"":""2515.50""}"
2026-09-07T05:17:49.836683Z,1788758269321,AAVEUSDT,Sell,0.05,136.76,"{""T"":1788758269321,""s"":""AAVEUSDT"",""S"":""Sell"",""v"":""0.05"",""p"":""136.76""}"
2026-09-07T05:17:54.812322Z,1788758274380,PUMPFUNUSDT,Sell,5800,0.0041800,"{""T"":1788758274380,""s"":""PUMPFUNUSDT"",""S"":""Sell"",""v"":""5800"",""p"":""0.0041800""}"
2026-09-07T05:17:56.812837Z,1788758276529,PUMPFUNUSDT,Sell,80400,0.0041850,"{""T"":1788758276529,""s"":""PUMPFUNUSDT"",""S"":""Sell"",""v"":""80400"",""p"":""0.0041850""}"
2026-09-07T05:17:58.312321Z,1788758278139,PUMPFUNUSDT,Sell,14600,0.0041870,"{""T"":1788758278139,""s"":""PUMPFUNUSDT"",""S"":""Sell"",""v"":""14600"",""p"":""0.0041870""}"
2026-09-07T05:18:01.492145Z,1788758281082,OPUSDT,Sell,74.9,0.11062,"{""T"":1788758281082,""s"":""OPUSDT"",""S"":""Sell"",""v"":""74.9"",""p"":""0.11062""}"
2026-09-07T05:18:02.456150Z,1788758282223,ETHUSDT,Sell,8.11,2516.63,"{""T"":1788758282223,""s"":""ETHUSDT"",""S"":""Sell"",""v"":""8.11"",""p"":""2516.63""}"
2026-09-07T05:18:02.515691Z,1788758282310,MNTUSDT,Sell,12.6,0.67530,"{""T"":1788758282310,""s"":""MNTUSDT"",""S"":""Sell"",""v"":""12.6"",""p"":""0.67530""}"
2026-09-07T05:18:03.017159Z,1788758282567,MNTUSDT,Sell,12.6,0.67530,"{""T"":1788758282567,""s"":""MNTUSDT"",""S"":""Sell"",""v"":""12.6"",""p"":""0.67530""}"
2026-09-07T05:18:03.563160Z,1788758283235,SOLUSDT,Sell,41.1,106.090,"{""T"":1788758283235,""s"":""SOLUSDT"",""S"":""Sell"",""v"":""41.1"",""p"":""106.090""}"
2026-09-07T05:18:06.516231Z,1788758286184,MNTUSDT,Sell,24.4,0.67580,"{""T"":1788758286184,""s"":""MNTUSDT"",""S"":""Sell"",""v"":""24.4"",""p"":""0.67580""}"
2026-09-07T05:18:23.328515Z,1788758302878,CPUSDT,Sell,490,0.02211,"{""T"":1788758302878,""s"":""CPUSDT"",""S"":""Sell"",""v"":""490"",""p"":""0.02211""}"
2026-09-07T05:18:56.634950Z,1788758336535,HEMIUSDT,Buy,57809,0.008411,"{""T"":1788758336535,""s"":""HEMIUSDT"",""S"":""Buy"",""v"":""57809"",""p"":""0.008411""}"
2026-09-07T05:19:03.635143Z,1788758343509,HEMIUSDT,Buy,143537,0.008341,"{""T"":1788758343509,""s"":""HEMIUSDT"",""S"":""Buy"",""v"":""143537"",""p"":""0.008341""}"
2026-09-07T05:19:04.135062Z,1788758343940,HEMIUSDT,Buy,400000,0.008347,"{""T"":1788758343940,""s"":""HEMIUSDT"",""S"":""Buy"",""v"":""400000"",""p"":""0.008347""}"
2026-09-07T05:19:11.516031Z,1788758351118,MNTUSDT,Sell,117797.2,0.67790,"{""T"":1788758351118,""s"":""MNTUSDT"",""S"":""Sell"",""v"":""117797.2"",""p"":""0.67790""}"
2026-09-07T05:19:13.015879Z,1788758352463,MNTUSDT,Sell,11.6,0.67940,"{""T"":1788758352463,""s"":""MNTUSDT"",""S"":""Sell"",""v"":""11.6"",""p"":""0.67940""}"
2026-09-07T05:19:26.135510Z,1788758365816,HEMIUSDT,Buy,8712,0.008275,"{""T"":1788758365816,""s"":""HEMIUSDT"",""S"":""Buy"",""v"":""8712"",""p"":""0.008275""}"
2026-09-07T05:19:26.135510Z,1788758365895,HEMIUSDT,Buy,4365,0.008158,"{""T"":1788758365895,""s"":""HEMIUSDT"",""S"":""Buy"",""v"":""4365"",""p"":""0.008158""}"
2026-09-07T05:19:26.135510Z,1788758365950,HEMIUSDT,Buy,348356,0.008155,"{""T"":1788758365950,""s"":""HEMIUSDT"",""S"":""Buy"",""v"":""348356"",""p"":""0.008155""}"
2026-09-07T05:19:37.638155Z,1788758377291,HEMIUSDT,Buy,23882,0.008045,"{""T"":1788758377291,""s"":""HEMIUSDT"",""S"":""Buy"",""v"":""23882"",""p"":""0.008045""}"
2026-09-07T05:19:38.135344Z,1788758377644,HEMIUSDT,Buy,5581,0.008062,"{""T"":1788758377644,""s"":""HEMIUSDT"",""S"":""Buy"",""v"":""5581"",""p"":""0.008062""}"
2026-09-07T05:19:38.135344Z,1788758377703,HEMIUSDT,Buy,396517,0.008049,"{""T"":1788758377703,""s"":""HEMIUSDT"",""S"":""Buy"",""v"":""396517"",""p"":""0.008049""}"
2026-09-07T05:19:38.135344Z,1788758377875,HEMIUSDT,Buy,2242,0.008029,"{""T"":1788758377875,""s"":""HEMIUSDT"",""S"":""Buy"",""v"":""2242"",""p"":""0.008029""}"
2026-09-07T05:19:45.634863Z,1788758385231,HEMIUSDT,Buy,73869,0.007943,"{""T"":1788758385231,""s"":""HEMIUSDT"",""S"":""Buy"",""v"":""73869"",""p"":""0.007943""}"
2026-09-07T05:19:46.135236Z,1788758385566,HEMIUSDT,Buy,66621,0.007930,"{""T"":1788758385566,""s"":""HEMIUSDT"",""S"":""Buy"",""v"":""66621"",""p"":""0.007930""}"
2026-09-07T05:19:46.135236Z,1788758386050,HEMIUSDT,Buy,19088,0.007969,"{""T"":1788758386050,""s"":""HEMIUSDT"",""S"":""Buy"",""v"":""19088"",""p"":""0.007969""}"
2026-09-07T05:19:47.135068Z,1788758386674,HEMIUSDT,Buy,113558,0.007926,"{""T"":1788758386674,""s"":""HEMIUSDT"",""S"":""Buy"",""v"":""113558"",""p"":""0.007926""}"
2026-09-07T05:19:47.135068Z,1788758386879,HEMIUSDT,Buy,5990,0.007914,"{""T"":1788758386879,""s"":""HEMIUSDT"",""S"":""Buy"",""v"":""5990"",""p"":""0.007914""}"
2026-09-07T05:19:50.634896Z,1788758390244,HEMIUSDT,Buy,2817,0.007879,"{""T"":1788758390244,""s"":""HEMIUSDT"",""S"":""Buy"",""v"":""2817"",""p"":""0.007879""}"
2026-09-07T05:19:50.634896Z,1788758390320,HEMIUSDT,Buy,15539,0.007881,"{""T"":1788758390320,""s"":""HEMIUSDT"",""S"":""Buy"",""v"":""15539"",""p"":""0.007881""}"
2026-09-07T05:19:51.135062Z,1788758390564,HEMIUSDT,Buy,1299,0.007902,"{""T"":1788758390564,""s"":""HEMIUSDT"",""S"":""Buy"",""v"":""1299"",""p"":""0.007902""}"
2026-09-07T05:19:56.914227Z,1788758396610,ZECUSDT,Sell,2.25,1221.56,"{""T"":1788758396610,""s"":""ZECUSDT"",""S"":""Sell"",""v"":""2.25"",""p"":""1221.56""}"
2026-09-07T05:20:01.134760Z,1788758401037,HEMIUSDT,Buy,200052,0.007831,"{""T"":1788758401037,""s"":""HEMIUSDT"",""S"":""Buy"",""v"":""200052"",""p"":""0.007831""}"
2026-09-07T05:20:08.134629Z,1788758407555,HEMIUSDT,Buy,3220,0.007748,"{""T"":1788758407555,""s"":""HEMIUSDT"",""S"":""Buy"",""v"":""3220"",""p"":""0.007748""}"
2026-09-07T05:20:08.134629Z,1788758407804,HEMIUSDT,Buy,14940,0.007758,"{""T"":1788758407804,""s"":""HEMIUSDT"",""S"":""Buy"",""v"":""14940"",""p"":""0.007758""}"
2026-09-07T05:20:08.134629Z,1788758407928,HEMIUSDT,Buy,466327,0.007777,"{""T"":1788758407928,""s"":""HEMIUSDT"",""S"":""Buy"",""v"":""466327"",""p"":""0.007777""}"
2026-09-07T05:20:08.635054Z,1788758408420,HEMIUSDT,Buy,67,0.007727,"{""T"":1788758408420,""s"":""HEMIUSDT"",""S"":""Buy"",""v"":""67"",""p"":""0.007727""}"
2026-09-07T05:20:19.635124Z,1788758419275,HEMIUSDT,Buy,21392,0.007675,"{""T"":1788758419275,""s"":""HEMIUSDT"",""S"":""Buy"",""v"":""21392"",""p"":""0.007675""}"
2026-09-07T05:20:35.635144Z,1788758435094,AKEUSDT,Buy,2000,0.0147700,"{""T"":1788758435094,""s"":""AKEUSDT"",""S"":""Buy"",""v"":""2000"",""p"":""0.0147700""}"
2026-09-07T05:21:31.635317Z,1788758491271,HEMIUSDT,Sell,5015,0.008218,"{""T"":1788758491271,""s"":""HEMIUSDT"",""S"":""Sell"",""v"":""5015"",""p"":""0.008218""}"
2026-09-07T05:22:11.635124Z,1788758531227,HEMIUSDT,Sell,10185,0.008363,"{""T"":1788758531227,""s"":""HEMIUSDT"",""S"":""Sell"",""v"":""10185"",""p"":""0.008363""}"
2026-09-07T05:22:21.336844Z,1788758540994,XRPUSDT,Sell,922.5,1.4187,"{""T"":1788758540994,""s"":""XRPUSDT"",""S"":""Sell"",""v"":""922.5"",""p"":""1.4187""}"
2026-09-07T05:22:21.347925Z,1788758540993,USELESSUSDT,Sell,1330,0.23106,"{""T"":1788758540993,""s"":""USELESSUSDT"",""S"":""Sell"",""v"":""1330"",""p"":""0.23106""}"
2026-09-07T05:22:22.134728Z,1788758541795,HEMIUSDT,Sell,62282,0.008438,"{""T"":1788758541795,""s"":""HEMIUSDT"",""S"":""Sell"",""v"":""62282"",""p"":""0.008438""}"
2026-09-07T05:22:22.634612Z,1788758542175,HEMIUSDT,Sell,16042,0.008438,"{""T"":1788758542175,""s"":""HEMIUSDT"",""S"":""Sell"",""v"":""16042"",""p"":""0.008438""}"
2026-09-07T05:22:44.135030Z,1788758563593,HEMIUSDT,Sell,99237,0.008603,"{""T"":1788758563593,""s"":""HEMIUSDT"",""S"":""Sell"",""v"":""99237"",""p"":""0.008603""}"
2026-09-07T05:23:09.638411Z,1788758589282,HEMIUSDT,Sell,64608,0.008630,"{""T"":1788758589282,""s"":""HEMIUSDT"",""S"":""Sell"",""v"":""64608"",""p"":""0.008630""}"
2026-09-07T05:23:22.340966Z,1788758601919,XRPUSDT,Sell,6.6,1.4193,"{""T"":1788758601919,""s"":""XRPUSDT"",""S"":""Sell"",""v"":""6.6"",""p"":""1.4193""}"
2026-09-07T05:23:22.347936Z,1788758602167,UAIUSDT,Buy,138,0.58730,"{""T"":1788758602167,""s"":""UAIUSDT"",""S"":""Buy"",""v"":""138"",""p"":""0.58730""}"
2026-09-07T05:23:22.837057Z,1788758602445,XRPUSDT,Sell,2929.4,1.4193,"{""T"":1788758602445,""s"":""XRPUSDT"",""S"":""Sell"",""v"":""2929.4"",""p"":""1.4193""}"
2026-09-07T05:23:24.847996Z,1788758604457,UAIUSDT,Buy,154,0.58680,"{""T"":1788758604457,""s"":""UAIUSDT"",""S"":""Buy"",""v"":""154"",""p"":""0.58680""}"
2026-09-07T05:23:36.492204Z,1788758616024,DOODUSDT,Sell,165700,0.0022940,"{""T"":1788758616024,""s"":""DOODUSDT"",""S"":""Sell"",""v"":""165700"",""p"":""0.0022940""}"
2026-09-07T05:23:37.492151Z,1788758616977,DOODUSDT,Sell,121840,0.0023010,"{""T"":1788758616977,""s"":""DOODUSDT"",""S"":""Sell"",""v"":""121840"",""p"":""0.0023010""}"
2026-09-07T05:23:41.347778Z,1788758621181,UAIUSDT,Buy,37,0.58500,"{""T"":1788758621181,""s"":""UAIUSDT"",""S"":""Buy"",""v"":""37"",""p"":""0.58500""}"
2026-09-07T05:24:00.351468Z,1788758639780,UAIUSDT,Buy,165,0.58050,"{""T"":1788758639780,""s"":""UAIUSDT"",""S"":""Buy"",""v"":""165"",""p"":""0.58050""}"
2026-09-07T05:24:01.347927Z,1788758641215,UAIUSDT,Buy,16,0.57850,"{""T"":1788758641215,""s"":""UAIUSDT"",""S"":""Buy"",""v"":""16"",""p"":""0.57850""}"
2026-09-07T05:24:03.337473Z,1788758643166,XRPUSDT,Sell,22.9,1.4197,"{""T"":1788758643166,""s"":""XRPUSDT"",""S"":""Sell"",""v"":""22.9"",""p"":""1.4197""}"
2026-09-07T05:24:03.837705Z,1788758643461,XRPUSDT,Sell,565.6,1.4197,"{""T"":1788758643461,""s"":""XRPUSDT"",""S"":""Sell"",""v"":""565.6"",""p"":""1.4197""}"
2026-09-07T05:24:09.134530Z,1788758648773,HEMIUSDT,Sell,316530,0.008751,"{""T"":1788758648773,""s"":""HEMIUSDT"",""S"":""Sell"",""v"":""316530"",""p"":""0.008751""}"
2026-09-07T05:24:14.312292Z,1788758654018,PUMPFUNUSDT,Buy,5800,0.0040780,"{""T"":1788758654018,""s"":""PUMPFUNUSDT"",""S"":""Buy"",""v"":""5800"",""p"":""0.0040780""}"
2026-09-07T05:24:23.914051Z,1788758663803,1000PEPEUSDT,Sell,65500,0.0036610,"{""T"":1788758663803,""s"":""1000PEPEUSDT"",""S"":""Sell"",""v"":""65500"",""p"":""0.0036610""}"
2026-09-07T05:24:27.913743Z,1788758667589,ARBUSDT,Buy,4510.0,0.17101,"{""T"":1788758667589,""s"":""ARBUSDT"",""S"":""Buy"",""v"":""4510.0"",""p"":""0.17101""}"
2026-09-07T05:24:28.492230Z,1788758668196,DOODUSDT,Sell,62190,0.0023190,"{""T"":1788758668196,""s"":""DOODUSDT"",""S"":""Sell"",""v"":""62190"",""p"":""0.0023190""}"
2026-09-07T05:24:29.907544Z,1788758669662,AAPLUSDT,Buy,0.33,318.48,"{""T"":1788758669662,""s"":""AAPLUSDT"",""S"":""Buy"",""v"":""0.33"",""p"":""318.48""}"
2026-09-07T05:24:35.491944Z,1788758675038,DOODUSDT,Sell,50720,0.0023570,"{""T"":1788758675038,""s"":""DOODUSDT"",""S"":""Sell"",""v"":""50720"",""p"":""0.0023570""}"
2026-09-07T05:24:35.491944Z,1788758675300,DOODUSDT,Sell,63830,0.0023390,"{""T"":1788758675300,""s"":""DOODUSDT"",""S"":""Sell"",""v"":""63830"",""p"":""0.0023390""}"
2026-09-07T05:24:36.992085Z,1788758676857,DOODUSDT,Sell,13000,0.0023610,"{""T"":1788758676857,""s"":""DOODUSDT"",""S"":""Sell"",""v"":""13000"",""p"":""0.0023610""}"
2026-09-07T05:24:39.847799Z,1788758679270,UAIUSDT,Buy,66,0.57160,"{""T"":1788758679270,""s"":""UAIUSDT"",""S"":""Buy"",""v"":""66"",""p"":""0.57160""}"
2026-09-07T05:24:39.847799Z,1788758679612,UAIUSDT,Buy,284,0.57240,"{""T"":1788758679612,""s"":""UAIUSDT"",""S"":""Buy"",""v"":""284"",""p"":""0.57240""}"
2026-09-07T05:24:46.992065Z,1788758686893,DOODUSDT,Sell,49730,0.0023620,"{""T"":1788758686893,""s"":""DOODUSDT"",""S"":""Sell"",""v"":""49730"",""p"":""0.0023620""}"
2026-09-07T05:24:47.492457Z,1788758687212,DOODUSDT,Sell,45620,0.0023640,"{""T"":1788758687212,""s"":""DOODUSDT"",""S"":""Sell"",""v"":""45620"",""p"":""0.0023640""}"
2026-09-07T05:24:47.991831Z,1788758687427,DOODUSDT,Sell,7800,0.0023660,"{""T"":1788758687427,""s"":""DOODUSDT"",""S"":""Sell"",""v"":""7800"",""p"":""0.0023660""}"
2026-09-07T05:24:53.991941Z,1788758693770,DOODUSDT,Sell,5000,0.0023700,"{""T"":1788758693770,""s"":""DOODUSDT"",""S"":""Sell"",""v"":""5000"",""p"":""0.0023700""}"
2026-09-07T05:24:55.992921Z,1788758695805,DOODUSDT,Sell,13990,0.0023720,"{""T"":1788758695805,""s"":""DOODUSDT"",""S"":""Sell"",""v"":""13990"",""p"":""0.0023720""}"
2026-09-07T05:24:56.414207Z,1788758696223,ARBUSDT,Buy,1576.5,0.17083,"{""T"":1788758696223,""s"":""ARBUSDT"",""S"":""Buy"",""v"":""1576.5"",""p"":""0.17083""}"
2026-09-07T05:24:56.492222Z,1788758695934,DOODUSDT,Sell,10880,0.0023710,"{""T"":1788758695934,""s"":""DOODUSDT"",""S"":""Sell"",""v"":""10880"",""p"":""0.0023710""}"
2026-09-07T05:24:57.492020Z,1788758697268,DOODUSDT,Sell,26090,0.0023870,"{""T"":1788758697268,""s"":""DOODUSDT"",""S"":""Sell"",""v"":""26090"",""p"":""0.0023870""}"
2026-09-07T05:24:57.492020Z,1788758697299,DOODUSDT,Sell,240010,0.0023760,"{""T"":1788758697299,""s"":""DOODUSDT"",""S"":""Sell"",""v"":""240010"",""p"":""0.0023760""}"
2026-09-07T05:24:57.992152Z,1788758697737,DOODUSDT,Sell,393700,0.0023880,"{""T"":1788758697737,""s"":""DOODUSDT"",""S"":""Sell"",""v"":""393700"",""p"":""0.0023880""}"
2026-09-07T05:24:58.492153Z,1788758698015,DOODUSDT,Sell,59550,0.0023850,"{""T"":1788758698015,""s"":""DOODUSDT"",""S"":""Sell"",""v"":""59550"",""p"":""0.0023850""}"
2026-09-07T05:24:58.492153Z,1788758698061,DOODUSDT,Sell,4250,0.0023810,"{""T"":1788758698061,""s"":""DOODUSDT"",""S"":""Sell"",""v"":""4250"",""p"":""0.0023810""}"
2026-09-07T05:24:58.492153Z,1788758698191,DOODUSDT,Sell,41100,0.0023760,"{""T"":1788758698191,""s"":""DOODUSDT"",""S"":""Sell"",""v"":""41100"",""p"":""0.0023760""}"
2026-09-07T05:24:59.991929Z,1788758699863,DOODUSDT,Sell,30320,0.0023880,"{""T"":1788758699863,""s"":""DOODUSDT"",""S"":""Sell"",""v"":""30320"",""p"":""0.0023880""}"
2026-09-07T05:25:02.996192Z,1788758702523,INJUSDT,Sell,2.6,5.7090,"{""T"":1788758702523,""s"":""INJUSDT"",""S"":""Sell"",""v"":""2.6"",""p"":""5.7090""}"
2026-09-07T05:25:06.847927Z,1788758706740,UAIUSDT,Buy,15,0.56920,"{""T"":1788758706740,""s"":""UAIUSDT"",""S"":""Buy"",""v"":""15"",""p"":""0.56920""}"
2026-09-07T05:25:08.347900Z,1788758707853,UAIUSDT,Buy,9,0.56460,"{""T"":1788758707853,""s"":""UAIUSDT"",""S"":""Buy"",""v"":""9"",""p"":""0.56460""}"
2026-09-07T05:25:09.996070Z,1788758709654,ICPUSDT,Sell,15.8,2.898,"{""T"":1788758709654,""s"":""ICPUSDT"",""S"":""Sell"",""v"":""15.8"",""p"":""2.898""}"
2026-09-07T05:25:10.565468Z,1788758710399,BTCUSDT,Sell,0.002,80105.00,"{""T"":1788758710399,""s"":""BTCUSDT"",""S"":""Sell"",""v"":""0.002"",""p"":""80105.00""}"
2026-09-07T05:25:20.913900Z,1788758720369,DOGEUSDT,Sell,8985,0.09109,"{""T"":1788758720369,""s"":""DOGEUSDT"",""S"":""Sell"",""v"":""8985"",""p"":""0.09109""}"
2026-09-07T05:25:33.635592Z,1788758733539,AKEUSDT,Sell,19600,0.0158170,"{""T"":1788758733539,""s"":""AKEUSDT"",""S"":""Sell"",""v"":""19600"",""p"":""0.0158170""}"
2026-09-07T05:25:42.565186Z,1788758742416,BTCUSDT,Sell,0.007,80130.80,"{""T"":1788758742416,""s"":""BTCUSDT"",""S"":""Sell"",""v"":""0.007"",""p"":""80130.80""}"
2026-09-07T05:25:43.065379Z,1788758742589,BTCUSDT,Sell,0.019,80132.00,"{""T"":1788758742589,""s"":""BTCUSDT"",""S"":""Sell"",""v"":""0.019"",""p"":""80132.00""}"
2026-09-07T05:25:43.065379Z,1788758742798,BTCUSDT,Sell,0.002,80132.30,"{""T"":1788758742798,""s"":""BTCUSDT"",""S"":""Sell"",""v"":""0.002"",""p"":""80132.30""}"
2026-09-07T05:25:46.337518Z,1788758745935,XRPUSDT,Sell,33.2,1.4227,"{""T"":1788758745935,""s"":""XRPUSDT"",""S"":""Sell"",""v"":""33.2"",""p"":""1.4227""}"
2026-09-07T05:25:46.813412Z,1788758746602,HYPEUSDT,Sell,0.81,87.360,"{""T"":1788758746602,""s"":""HYPEUSDT"",""S"":""Sell"",""v"":""0.81"",""p"":""87.360""}"
2026-09-07T05:25:47.065274Z,1788758746696,BTCUSDT,Sell,0.009,80138.00,"{""T"":1788758746696,""s"":""BTCUSDT"",""S"":""Sell"",""v"":""0.009"",""p"":""80138.00""}"
2026-09-07T05:25:47.812810Z,1788758747294,HYPEUSDT,Sell,0.09,87.370,"{""T"":1788758747294,""s"":""HYPEUSDT"",""S"":""Sell"",""v"":""0.09"",""p"":""87.370""}"
2026-09-07T05:26:10.496498Z,1788758770374,FLOCKUSDT,Buy,412,0.06990,"{""T"":1788758770374,""s"":""FLOCKUSDT"",""S"":""Buy"",""v"":""412"",""p"":""0.06990""}"
2026-09-07T05:28:25.914086Z,1788758905489,ARBUSDT,Buy,134.6,0.17022,"{""T"":1788758905489,""s"":""ARBUSDT"",""S"":""Buy"",""v"":""134.6"",""p"":""0.17022""}"
2026-09-07T05:29:15.496947Z,1788758954989,ICPUSDT,Sell,122.9,2.908,"{""T"":1788758954989,""s"":""ICPUSDT"",""S"":""Sell"",""v"":""122.9"",""p"":""2.908""}"
2026-09-07T05:29:15.913400Z,1788758955783,ARBUSDT,Buy,334.1,0.17012,"{""T"":1788758955783,""s"":""ARBUSDT"",""S"":""Buy"",""v"":""334.1"",""p"":""0.17012""}"
2026-09-07T05:29:15.913400Z,1788758955824,ARBUSDT,Buy,538.4,0.17011,"{""T"":1788758955824,""s"":""ARBUSDT"",""S"":""Buy"",""v"":""538.4"",""p"":""0.17011""}"
2026-09-07T05:29:46.496858Z,1788758985942,ICPUSDT,Sell,89.7,2.916,"{""T"":1788758985942,""s"":""ICPUSDT"",""S"":""Sell"",""v"":""89.7"",""p"":""2.916""}"
2026-09-07T05:29:48.413314Z,1788758988329,ARBUSDT,Buy,2881.8,0.17003,"{""T"":1788758988329,""s"":""ARBUSDT"",""S"":""Buy"",""v"":""2881.8"",""p"":""0.17003""}"
2026-09-07T05:31:14.497795Z,1788759073975,INJUSDT,Sell,3.0,5.7320,"{""T"":1788759073975,""s"":""INJUSDT"",""S"":""Sell"",""v"":""3.0"",""p"":""5.7320""}"
2026-09-07T05:32:25.916967Z,1788759145825,ARBUSDT,Buy,77.5,0.16991,"{""T"":1788759145825,""s"":""ARBUSDT"",""S"":""Buy"",""v"":""77.5"",""p"":""0.16991""}"
2026-09-07T05:32:40.411864Z,1788759160208,KORUUSDT,Sell,772.13,24.15,"{""T"":1788759160208,""s"":""KORUUSDT"",""S"":""Sell"",""v"":""772.13"",""p"":""24.15""}"
2026-09-07T05:32:42.407751Z,1788759162277,AAPLUSDT,Buy,0.03,318.33,"{""T"":1788759162277,""s"":""AAPLUSDT"",""S"":""Buy"",""v"":""0.03"",""p"":""318.33""}"
2026-09-07T05:33:01.497158Z,1788759181259,LINKUSDT,Sell,26.5,13.425,"{""T"":1788759181259,""s"":""LINKUSDT"",""S"":""Sell"",""v"":""26.5"",""p"":""13.425""}"
2026-09-07T05:33:01.996709Z,1788759181742,LINKUSDT,Sell,466.0,13.426,"{""T"":1788759181742,""s"":""LINKUSDT"",""S"":""Sell"",""v"":""466.0"",""p"":""13.426""}"
2026-09-07T05:33:16.999850Z,1788759196501,FLOCKUSDT,Buy,1554,0.06899,"{""T"":1788759196501,""s"":""FLOCKUSDT"",""S"":""Buy"",""v"":""1554"",""p"":""0.06899""}"
2026-09-07T05:33:24.828260Z,1788759204245,CPUSDT,Buy,1100,0.02040,"{""T"":1788759204245,""s"":""CPUSDT"",""S"":""Buy"",""v"":""1100"",""p"":""0.02040""}"
