recv_ts_utc,exch_ts_ms,symbol,side,size,price,raw_json
2026-10-01T00:00:02.813388Z,1790812802467,SPCXUSDT,Sell,1.43,152.27,"{""T"":1790812802467,""s"":""SPCXUSDT"",""S"":""Sell"",""v"":""1.43"",""p"":""152.27""}"
2026-10-01T00:00:03.813597Z,1790812803373,SPCXUSDT,Sell,8.08,152.28,"{""T"":1790812803373,""s"":""SPCXUSDT"",""S"":""Sell"",""v"":""8.08"",""p"":""152.28""}"
2026-10-01T00:00:15.456092Z,1790812815164,QNTUSDT,Sell,0.18,290.40,"{""T"":1790812815164,""s"":""QNTUSDT"",""S"":""Sell"",""v"":""0.18"",""p"":""290.40""}"
2026-10-01T00:00:39.496343Z,1790812839126,STXUSDT,Sell,57.1,0.37570,"{""T"":1790812839126,""s"":""STXUSDT"",""S"":""Sell"",""v"":""57.1"",""p"":""0.37570""}"
2026-10-01T00:00:40.496656Z,1790812840065,STXUSDT,Sell,1201.1,0.37590,"{""T"":1790812840065,""s"":""STXUSDT"",""S"":""Sell"",""v"":""1201.1"",""p"":""0.37590""}"
2026-10-01T00:01:13.813395Z,1790812873600,0GUSDT,Buy,18.9,0.3052,"{""T"":1790812873600,""s"":""0GUSDT"",""S"":""Buy"",""v"":""18.9"",""p"":""0.3052""}"
2026-10-01T00:01:20.016116Z,1790812879886,TAOUSDT,Buy,0.027,297.96,"{""T"":1790812879886,""s"":""TAOUSDT"",""S"":""Buy"",""v"":""0.027"",""p"":""297.96""}"
2026-10-01T00:01:34.812879Z,1790812894585,0GUSDT,Sell,16.1,0.3165,"{""T"":1790812894585,""s"":""0GUSDT"",""S"":""Sell"",""v"":""16.1"",""p"":""0.3165""}"
2026-10-01T00:02:15.329143Z,1790812934833,LONGXIAUSDT,Sell,20323,0.0382,"{""T"":1790812934833,""s"":""LONGXIAUSDT"",""S"":""Sell"",""v"":""20323"",""p"":""0.0382""}"
2026-10-01T00:02:31.408330Z,1790812951251,HBARUSDT,Buy,47,0.10375,"{""T"":1790812951251,""s"":""HBARUSDT"",""S"":""Buy"",""v"":""47"",""p"":""0.10375""}"
2026-10-01T00:02:36.135898Z,1790812956033,ARKUSDT,Sell,218,0.24845,"{""T"":1790812956033,""s"":""ARKUSDT"",""S"":""Sell"",""v"":""218"",""p"":""0.24845""}"
2026-10-01T00:02:46.486944Z,1790812966273,SOXLUSDT,Buy,45.92,147.10,"{""T"":1790812966273,""s"":""SOXLUSDT"",""S"":""Buy"",""v"":""45.92"",""p"":""147.10""}"
2026-10-01T00:02:48.907960Z,1790812968821,HBARUSDT,Buy,232,0.10368,"{""T"":1790812968821,""s"":""HBARUSDT"",""S"":""Buy"",""v"":""232"",""p"":""0.10368""}"
2026-10-01T00:02:56.635565Z,1790812976050,ARKUSDT,Sell,14484,0.25184,"{""T"":1790812976050,""s"":""ARKUSDT"",""S"":""Sell"",""v"":""14484"",""p"":""0.25184""}"
2026-10-01T00:02:56.635565Z,1790812976275,ARKUSDT,Sell,135,0.24991,"{""T"":1790812976275,""s"":""ARKUSDT"",""S"":""Sell"",""v"":""135"",""p"":""0.24991""}"
2026-10-01T00:02:58.135090Z,1790812977643,MOVRUSDT,Sell,1001.8,2.2740,"{""T"":1790812977643,""s"":""MOVRUSDT"",""S"":""Sell"",""v"":""1001.8"",""p"":""2.2740""}"
2026-10-01T00:03:01.824923Z,1790812981257,MONUSDT,Buy,12298,0.031200,"{""T"":1790812981257,""s"":""MONUSDT"",""S"":""Buy"",""v"":""12298"",""p"":""0.031200""}"
2026-10-01T00:03:06.635091Z,1790812986441,ARKUSDT,Sell,156,0.25231,"{""T"":1790812986441,""s"":""ARKUSDT"",""S"":""Sell"",""v"":""156"",""p"":""0.25231""}"
2026-10-01T00:03:06.828480Z,1790812986410,LONGXIAUSDT,Sell,573,0.0383,"{""T"":1790812986410,""s"":""LONGXIAUSDT"",""S"":""Sell"",""v"":""573"",""p"":""0.0383""}"
2026-10-01T00:03:18.411983Z,1790812998063,HBARUSDT,Buy,452,0.10355,"{""T"":1790812998063,""s"":""HBARUSDT"",""S"":""Buy"",""v"":""452"",""p"":""0.10355""}"
2026-10-01T00:03:18.907965Z,1790812998619,HBARUSDT,Buy,229,0.10348,"{""T"":1790812998619,""s"":""HBARUSDT"",""S"":""Buy"",""v"":""229"",""p"":""0.10348""}"
2026-10-01T00:03:31.956256Z,1790813011845,QNTUSDT,Sell,1.99,291.75,"{""T"":1790813011845,""s"":""QNTUSDT"",""S"":""Sell"",""v"":""1.99"",""p"":""291.75""}"
2026-10-01T00:03:58.956506Z,1790813038373,QNTUSDT,Sell,0.34,292.73,"{""T"":1790813038373,""s"":""QNTUSDT"",""S"":""Sell"",""v"":""0.34"",""p"":""292.73""}"
2026-10-01T00:04:10.815758Z,1790813050705,0GUSDT,Buy,200.0,0.3050,"{""T"":1790813050705,""s"":""0GUSDT"",""S"":""Buy"",""v"":""200.0"",""p"":""0.3050""}"
2026-10-01T00:04:22.859368Z,1790813062468,WLDUSDT,Buy,829.1,0.5301,"{""T"":1790813062468,""s"":""WLDUSDT"",""S"":""Buy"",""v"":""829.1"",""p"":""0.5301""}"
2026-10-01T00:04:22.907762Z,1790813062468,HBARUSDT,Buy,6832,0.10392,"{""T"":1790813062468,""s"":""HBARUSDT"",""S"":""Buy"",""v"":""6832"",""p"":""0.10392""}"
2026-10-01T00:04:22.955855Z,1790813062468,QNTUSDT,Sell,3.95,294.85,"{""T"":1790813062468,""s"":""QNTUSDT"",""S"":""Sell"",""v"":""3.95"",""p"":""294.85""}"
2026-10-01T00:04:22.986465Z,1790813062468,NIGHTUSDT,Sell,20160,0.03979,"{""T"":1790813062468,""s"":""NIGHTUSDT"",""S"":""Sell"",""v"":""20160"",""p"":""0.03979""}"
2026-10-01T00:04:22.992584Z,1790813062468,1000BONKUSDT,Buy,324900,0.0037480,"{""T"":1790813062468,""s"":""1000BONKUSDT"",""S"":""Buy"",""v"":""324900"",""p"":""0.0037480""}"
2026-10-01T00:04:22.995732Z,1790813062468,PENGUUSDT,Buy,45640,0.009510,"{""T"":1790813062468,""s"":""PENGUUSDT"",""S"":""Buy"",""v"":""45640"",""p"":""0.009510""}"
2026-10-01T00:04:26.956417Z,1790813066858,QNTUSDT,Sell,0.26,295.12,"{""T"":1790813066858,""s"":""QNTUSDT"",""S"":""Sell"",""v"":""0.26"",""p"":""295.12""}"
2026-10-01T00:04:39.062750Z,1790813078898,SOLUSDT,Sell,196.3,118.470,"{""T"":1790813078898,""s"":""SOLUSDT"",""S"":""Sell"",""v"":""196.3"",""p"":""118.470""}"
2026-10-01T00:04:39.065108Z,1790813078898,BTCUSDT,Buy,2.800,83219.10,"{""T"":1790813078898,""s"":""BTCUSDT"",""S"":""Buy"",""v"":""2.800"",""p"":""83219.10""}"
2026-10-01T00:04:39.312836Z,1790813078898,HYPEUSDT,Sell,55.37,91.440,"{""T"":1790813078898,""s"":""HYPEUSDT"",""S"":""Sell"",""v"":""55.37"",""p"":""91.440""}"
2026-10-01T00:04:39.413914Z,1790813078898,ZECUSDT,Sell,6.79,1443.20,"{""T"":1790813078898,""s"":""ZECUSDT"",""S"":""Sell"",""v"":""6.79"",""p"":""1443.20""}"
2026-10-01T00:04:39.414337Z,1790813078898,1000PEPEUSDT,Buy,11373800,0.0042210,"{""T"":1790813078898,""s"":""1000PEPEUSDT"",""S"":""Buy"",""v"":""11373800"",""p"":""0.0042210""}"
2026-10-01T00:05:04.635025Z,1790813104332,MOVRUSDT,Sell,436.4,2.3130,"{""T"":1790813104332,""s"":""MOVRUSDT"",""S"":""Sell"",""v"":""436.4"",""p"":""2.3130""}"
2026-10-01T00:05:04.635025Z,1790813104339,MOVRUSDT,Sell,29.6,2.2980,"{""T"":1790813104339,""s"":""MOVRUSDT"",""S"":""Sell"",""v"":""29.6"",""p"":""2.2980""}"
2026-10-01T00:05:04.635025Z,1790813104353,MOVRUSDT,Sell,43.8,2.3250,"{""T"":1790813104353,""s"":""MOVRUSDT"",""S"":""Sell"",""v"":""43.8"",""p"":""2.3250""}"
2026-10-01T00:05:05.135630Z,1790813104579,MOVRUSDT,Sell,1524.0,2.3370,"{""T"":1790813104579,""s"":""MOVRUSDT"",""S"":""Sell"",""v"":""1524.0"",""p"":""2.3370""}"
2026-10-01T00:05:05.135630Z,1790813104588,MOVRUSDT,Sell,186.8,2.2930,"{""T"":1790813104588,""s"":""MOVRUSDT"",""S"":""Sell"",""v"":""186.8"",""p"":""2.2930""}"
2026-10-01T00:05:05.135630Z,1790813104954,MOVRUSDT,Sell,33.2,2.2870,"{""T"":1790813104954,""s"":""MOVRUSDT"",""S"":""Sell"",""v"":""33.2"",""p"":""2.2870""}"
2026-10-01T00:05:05.634999Z,1790813105064,MOVRUSDT,Sell,1216.4,2.3070,"{""T"":1790813105064,""s"":""MOVRUSDT"",""S"":""Sell"",""v"":""1216.4"",""p"":""2.3070""}"
2026-10-01T00:05:05.634999Z,1790813105146,MOVRUSDT,Sell,411.2,2.3260,"{""T"":1790813105146,""s"":""MOVRUSDT"",""S"":""Sell"",""v"":""411.2"",""p"":""2.3260""}"
2026-10-01T00:05:05.634999Z,1790813105198,MOVRUSDT,Sell,2.4,2.3230,"{""T"":1790813105198,""s"":""MOVRUSDT"",""S"":""Sell"",""v"":""2.4"",""p"":""2.3230""}"
2026-10-01T00:06:01.987160Z,1790813161435,USUSDT,Buy,1410,0.025590,"{""T"":1790813161435,""s"":""USUSDT"",""S"":""Buy"",""v"":""1410"",""p"":""0.025590""}"
2026-10-01T00:06:12.986975Z,1790813172650,USUSDT,Buy,3780,0.025500,"{""T"":1790813172650,""s"":""USUSDT"",""S"":""Buy"",""v"":""3780"",""p"":""0.025500""}"
2026-10-01T00:08:06.460316Z,1790813286048,QNTUSDT,Buy,5.38,286.27,"{""T"":1790813286048,""s"":""QNTUSDT"",""S"":""Buy"",""v"":""5.38"",""p"":""286.27""}"
2026-10-01T00:08:16.455922Z,1790813295915,QNTUSDT,Sell,0.07,292.85,"{""T"":1790813295915,""s"":""QNTUSDT"",""S"":""Sell"",""v"":""0.07"",""p"":""292.85""}"
2026-10-01T00:08:19.996145Z,1790813299557,STXUSDT,Buy,15.0,0.36520,"{""T"":1790813299557,""s"":""STXUSDT"",""S"":""Buy"",""v"":""15.0"",""p"":""0.36520""}"
2026-10-01T00:08:46.313390Z,1790813325773,0GUSDT,Buy,29.6,0.3041,"{""T"":1790813325773,""s"":""0GUSDT"",""S"":""Buy"",""v"":""29.6"",""p"":""0.3041""}"
2026-10-01T00:09:23.634967Z,1790813363444,ARKUSDT,Sell,4091,0.25510,"{""T"":1790813363444,""s"":""ARKUSDT"",""S"":""Sell"",""v"":""4091"",""p"":""0.25510""}"
2026-10-01T00:09:33.134968Z,1790813372745,ARKUSDT,Sell,4130,0.25762,"{""T"":1790813372745,""s"":""ARKUSDT"",""S"":""Sell"",""v"":""4130"",""p"":""0.25762""}"
2026-10-01T00:09:33.635372Z,1790813373407,AKEUSDT,Sell,8800,0.0321420,"{""T"":1790813373407,""s"":""AKEUSDT"",""S"":""Sell"",""v"":""8800"",""p"":""0.0321420""}"
2026-10-01T00:09:33.635884Z,1790813373407,ARKUSDT,Sell,1573,0.25844,"{""T"":1790813373407,""s"":""ARKUSDT"",""S"":""Sell"",""v"":""1573"",""p"":""0.25844""}"
2026-10-01T00:09:36.135457Z,1790813375864,ARKUSDT,Sell,9943,0.26120,"{""T"":1790813375864,""s"":""ARKUSDT"",""S"":""Sell"",""v"":""9943"",""p"":""0.26120""}"
2026-10-01T00:09:41.955936Z,1790813381614,ETHUSDT,Buy,10.47,2672.78,"{""T"":1790813381614,""s"":""ETHUSDT"",""S"":""Buy"",""v"":""10.47"",""p"":""2672.78""}"
2026-10-01T00:09:42.908005Z,1790813382601,HBARUSDT,Buy,11101,0.10327,"{""T"":1790813382601,""s"":""HBARUSDT"",""S"":""Buy"",""v"":""11101"",""p"":""0.10327""}"
2026-10-01T00:09:50.635033Z,1790813390110,ARKUSDT,Sell,943,0.26382,"{""T"":1790813390110,""s"":""ARKUSDT"",""S"":""Sell"",""v"":""943"",""p"":""0.26382""}"
2026-10-01T00:09:53.496233Z,1790813393075,STXUSDT,Sell,14.3,0.37330,"{""T"":1790813393075,""s"":""STXUSDT"",""S"":""Sell"",""v"":""14.3"",""p"":""0.37330""}"
2026-10-01T00:09:54.566037Z,1790813394249,BTCUSDT,Buy,0.004,83181.80,"{""T"":1790813394249,""s"":""BTCUSDT"",""S"":""Buy"",""v"":""0.004"",""p"":""83181.80""}"
2026-10-01T00:10:03.408913Z,1790813402828,HBARUSDT,Buy,96052,0.10325,"{""T"":1790813402828,""s"":""HBARUSDT"",""S"":""Buy"",""v"":""96052"",""p"":""0.10325""}"
2026-10-01T00:10:29.068845Z,1790813428894,BTCUSDT,Buy,0.011,83164.00,"{""T"":1790813428894,""s"":""BTCUSDT"",""S"":""Buy"",""v"":""0.011"",""p"":""83164.00""}"
2026-10-01T00:10:29.565220Z,1790813429047,BTCUSDT,Buy,0.001,83160.80,"{""T"":1790813429047,""s"":""BTCUSDT"",""S"":""Buy"",""v"":""0.001"",""p"":""83160.80""}"
2026-10-01T00:10:30.065552Z,1790813429649,BTCUSDT,Buy,0.009,83153.90,"{""T"":1790813429649,""s"":""BTCUSDT"",""S"":""Buy"",""v"":""0.009"",""p"":""83153.90""}"
2026-10-01T00:10:43.987164Z,1790813443817,PHAUSDT,Buy,2031,0.07492,"{""T"":1790813443817,""s"":""PHAUSDT"",""S"":""Buy"",""v"":""2031"",""p"":""0.07492""}"
2026-10-01T00:10:59.497777Z,1790813459200,DASHUSDT,Buy,27.99,59.77,"{""T"":1790813459200,""s"":""DASHUSDT"",""S"":""Buy"",""v"":""27.99"",""p"":""59.77""}"
2026-10-01T00:11:39.134974Z,1790813498631,MOVRUSDT,Sell,8.5,2.2970,"{""T"":1790813498631,""s"":""MOVRUSDT"",""S"":""Sell"",""v"":""8.5"",""p"":""2.2970""}"
2026-10-01T00:11:45.996876Z,1790813505602,STXUSDT,Buy,7369.9,0.36330,"{""T"":1790813505602,""s"":""STXUSDT"",""S"":""Buy"",""v"":""7369.9"",""p"":""0.36330""}"
2026-10-01T00:12:22.986652Z,1790813542820,NIGHTUSDT,Sell,5480,0.04016,"{""T"":1790813542820,""s"":""NIGHTUSDT"",""S"":""Sell"",""v"":""5480"",""p"":""0.04016""}"
2026-10-01T00:12:23.325055Z,1790813543229,MONUSDT,Sell,11906,0.032240,"{""T"":1790813543229,""s"":""MONUSDT"",""S"":""Sell"",""v"":""11906"",""p"":""0.032240""}"
2026-10-01T00:14:58.134898Z,1790813697991,MOVRUSDT,Sell,69.8,2.3370,"{""T"":1790813697991,""s"":""MOVRUSDT"",""S"":""Sell"",""v"":""69.8"",""p"":""2.3370""}"
2026-10-01T00:15:08.486984Z,1790813707904,NIGHTUSDT,Buy,16530,0.03881,"{""T"":1790813707904,""s"":""NIGHTUSDT"",""S"":""Buy"",""v"":""16530"",""p"":""0.03881""}"
2026-10-01T00:15:48.456292Z,1790813748333,ETHUSDT,Buy,0.20,2671.32,"{""T"":1790813748333,""s"":""ETHUSDT"",""S"":""Buy"",""v"":""0.20"",""p"":""2671.32""}"
2026-10-01T00:15:57.908009Z,1790813757582,KORUUSDT,Buy,131.06,19.77,"{""T"":1790813757582,""s"":""KORUUSDT"",""S"":""Buy"",""v"":""131.06"",""p"":""19.77""}"
2026-10-01T00:16:02.312884Z,1790813762023,HYPEUSDT,Buy,54.00,89.670,"{""T"":1790813762023,""s"":""HYPEUSDT"",""S"":""Buy"",""v"":""54.00"",""p"":""89.670""}"
2026-10-01T00:16:14.568765Z,1790813774140,BTCUSDT,Buy,0.350,83146.30,"{""T"":1790813774140,""s"":""BTCUSDT"",""S"":""Buy"",""v"":""0.350"",""p"":""83146.30""}"
2026-10-01T00:16:16.828490Z,1790813776282,LONGXIAUSDT,Sell,12608,0.0399,"{""T"":1790813776282,""s"":""LONGXIAUSDT"",""S"":""Sell"",""v"":""12608"",""p"":""0.0399""}"
2026-10-01T00:16:23.455942Z,1790813783237,ETHUSDT,Buy,2.24,2670.90,"{""T"":1790813783237,""s"":""ETHUSDT"",""S"":""Buy"",""v"":""2.24"",""p"":""2670.90""}"
2026-10-01T00:16:25.635462Z,1790813785077,MOVRUSDT,Sell,115.8,2.3590,"{""T"":1790813785077,""s"":""MOVRUSDT"",""S"":""Sell"",""v"":""115.8"",""p"":""2.3590""}"
2026-10-01T00:16:25.635462Z,1790813785151,MOVRUSDT,Sell,21.1,2.3590,"{""T"":1790813785151,""s"":""MOVRUSDT"",""S"":""Sell"",""v"":""21.1"",""p"":""2.3590""}"
2026-10-01T00:16:32.312918Z,1790813792115,HYPEUSDT,Buy,52.00,89.630,"{""T"":1790813792115,""s"":""HYPEUSDT"",""S"":""Buy"",""v"":""52.00"",""p"":""89.630""}"
2026-10-01T00:16:44.487523Z,1790813804001,XAUUSDT,Buy,0.050,4138.27,"{""T"":1790813804001,""s"":""XAUUSDT"",""S"":""Buy"",""v"":""0.050"",""p"":""4138.27""}"
2026-10-01T00:16:47.312722Z,1790813806999,PUMPFUNUSDT,Buy,170200,0.0058020,"{""T"":1790813806999,""s"":""PUMPFUNUSDT"",""S"":""Buy"",""v"":""170200"",""p"":""0.0058020""}"
2026-10-01T00:16:47.413722Z,1790813806999,ZECUSDT,Buy,0.70,1421.27,"{""T"":1790813806999,""s"":""ZECUSDT"",""S"":""Buy"",""v"":""0.70"",""p"":""1421.27""}"
2026-10-01T00:16:47.486784Z,1790813807384,XAUUSDT,Buy,0.018,4136.91,"{""T"":1790813807384,""s"":""XAUUSDT"",""S"":""Buy"",""v"":""0.018"",""p"":""4136.91""}"
2026-10-01T00:16:47.913783Z,1790813807705,ZECUSDT,Buy,1.20,1416.95,"{""T"":1790813807705,""s"":""ZECUSDT"",""S"":""Buy"",""v"":""1.20"",""p"":""1416.95""}"
2026-10-01T00:16:48.413803Z,1790813808129,ZECUSDT,Buy,6.99,1417.77,"{""T"":1790813808129,""s"":""ZECUSDT"",""S"":""Buy"",""v"":""6.99"",""p"":""1417.77""}"
2026-10-01T00:16:48.516291Z,1790813808129,AVAXUSDT,Buy,338.4,10.846,"{""T"":1790813808129,""s"":""AVAXUSDT"",""S"":""Buy"",""v"":""338.4"",""p"":""10.846""}"
2026-10-01T00:16:48.516783Z,1790813808129,NEARUSDT,Buy,1620.6,5.2480,"{""T"":1790813808129,""s"":""NEARUSDT"",""S"":""Buy"",""v"":""1620.6"",""p"":""5.2480""}"
2026-10-01T00:16:50.337130Z,1790813810081,AAVEUSDT,Buy,0.63,157.23,"{""T"":1790813810081,""s"":""AAVEUSDT"",""S"":""Buy"",""v"":""0.63"",""p"":""157.23""}"
2026-10-01T00:16:52.016924Z,1790813811855,NEARUSDT,Buy,165.7,5.2380,"{""T"":1790813811855,""s"":""NEARUSDT"",""S"":""Buy"",""v"":""165.7"",""p"":""5.2380""}"
2026-10-01T00:16:52.312458Z,1790813811855,HYPEUSDT,Buy,30.71,89.500,"{""T"":1790813811855,""s"":""HYPEUSDT"",""S"":""Buy"",""v"":""30.71"",""p"":""89.500""}"
2026-10-01T00:16:52.413695Z,1790813811855,ZECUSDT,Buy,1.88,1414.36,"{""T"":1790813811855,""s"":""ZECUSDT"",""S"":""Buy"",""v"":""1.88"",""p"":""1414.36""}"
2026-10-01T00:17:01.635586Z,1790813821251,MOVRUSDT,Sell,20.4,2.3700,"{""T"":1790813821251,""s"":""MOVRUSDT"",""S"":""Sell"",""v"":""20.4"",""p"":""2.3700""}"
2026-10-01T00:17:03.134952Z,1790813822639,MOVRUSDT,Sell,149.5,2.3730,"{""T"":1790813822639,""s"":""MOVRUSDT"",""S"":""Sell"",""v"":""149.5"",""p"":""2.3730""}"
2026-10-01T00:17:28.816352Z,1790813848647,HYPEUSDT,Buy,0.39,89.480,"{""T"":1790813848647,""s"":""HYPEUSDT"",""S"":""Buy"",""v"":""0.39"",""p"":""89.480""}"
2026-10-01T00:17:37.313052Z,1790813856823,XPLUSDT,Buy,25,0.09331,"{""T"":1790813856823,""s"":""XPLUSDT"",""S"":""Buy"",""v"":""25"",""p"":""0.09331""}"
2026-10-01T00:17:39.986782Z,1790813859625,NIGHTUSDT,Buy,8250,0.03849,"{""T"":1790813859625,""s"":""NIGHTUSDT"",""S"":""Buy"",""v"":""8250"",""p"":""0.03849""}"
2026-10-01T00:17:57.456342Z,1790813877152,ETHUSDT,Buy,0.05,2669.37,"{""T"":1790813877152,""s"":""ETHUSDT"",""S"":""Buy"",""v"":""0.05"",""p"":""2669.37""}"
2026-10-01T00:18:09.565901Z,1790813889105,BTCUSDT,Buy,0.013,83117.20,"{""T"":1790813889105,""s"":""BTCUSDT"",""S"":""Buy"",""v"":""0.013"",""p"":""83117.20""}"
2026-10-01T00:18:09.565901Z,1790813889243,BTCUSDT,Buy,0.016,83123.50,"{""T"":1790813889243,""s"":""BTCUSDT"",""S"":""Buy"",""v"":""0.016"",""p"":""83123.50""}"
2026-10-01T00:18:09.955961Z,1790813889541,ETHUSDT,Buy,0.05,2669.00,"{""T"":1790813889541,""s"":""ETHUSDT"",""S"":""Buy"",""v"":""0.05"",""p"":""2669.00""}"
2026-10-01T00:18:10.065586Z,1790813889877,BTCUSDT,Buy,0.007,83131.60,"{""T"":1790813889877,""s"":""BTCUSDT"",""S"":""Buy"",""v"":""0.007"",""p"":""83131.60""}"
2026-10-01T00:18:10.065586Z,1790813889930,BTCUSDT,Buy,0.001,83129.20,"{""T"":1790813889930,""s"":""BTCUSDT"",""S"":""Buy"",""v"":""0.001"",""p"":""83129.20""}"
2026-10-01T00:18:10.065586Z,1790813889963,BTCUSDT,Buy,0.002,83127.00,"{""T"":1790813889963,""s"":""BTCUSDT"",""S"":""Buy"",""v"":""0.002"",""p"":""83127.00""}"
2026-10-01T00:18:21.337748Z,1790813901046,LITUSDT,Buy,160.1,3.8370,"{""T"":1790813901046,""s"":""LITUSDT"",""S"":""Buy"",""v"":""160.1"",""p"":""3.8370""}"
2026-10-01T00:18:36.456178Z,1790813916328,QNTUSDT,Sell,5.74,293.90,"{""T"":1790813916328,""s"":""QNTUSDT"",""S"":""Sell"",""v"":""5.74"",""p"":""293.90""}"
2026-10-01T00:18:47.490029Z,1790813927264,XAUUSDT,Buy,0.070,4135.42,"{""T"":1790813927264,""s"":""XAUUSDT"",""S"":""Buy"",""v"":""0.070"",""p"":""4135.42""}"
2026-10-01T00:18:53.487225Z,1790813933108,XAUUSDT,Buy,1.508,4134.34,"{""T"":1790813933108,""s"":""XAUUSDT"",""S"":""Buy"",""v"":""1.508"",""p"":""4134.34""}"
2026-10-01T00:18:53.487225Z,1790813933290,XAUUSDT,Buy,0.007,4134.21,"{""T"":1790813933290,""s"":""XAUUSDT"",""S"":""Buy"",""v"":""0.007"",""p"":""4134.21""}"
2026-10-01T00:18:53.986986Z,1790813933796,XAGUSDT,Buy,14.778,59.94,"{""T"":1790813933796,""s"":""XAGUSDT"",""S"":""Buy"",""v"":""14.778"",""p"":""59.94""}"
2026-10-01T00:18:54.987639Z,1790813934408,XAUUSDT,Buy,0.098,4133.48,"{""T"":1790813934408,""s"":""XAUUSDT"",""S"":""Buy"",""v"":""0.098"",""p"":""4133.48""}"
2026-10-01T00:18:54.987639Z,1790813934475,XAUUSDT,Buy,0.101,4133.63,"{""T"":1790813934475,""s"":""XAUUSDT"",""S"":""Buy"",""v"":""0.101"",""p"":""4133.63""}"
2026-10-01T00:18:54.987639Z,1790813934701,XAUUSDT,Buy,0.092,4133.22,"{""T"":1790813934701,""s"":""XAUUSDT"",""S"":""Buy"",""v"":""0.092"",""p"":""4133.22""}"
2026-10-01T00:19:02.486945Z,1790813942209,XAUUSDT,Buy,2.000,4131.85,"{""T"":1790813942209,""s"":""XAUUSDT"",""S"":""Buy"",""v"":""2.000"",""p"":""4131.85""}"
2026-10-01T00:19:02.486945Z,1790813942393,XAUUSDT,Buy,0.036,4131.28,"{""T"":1790813942393,""s"":""XAUUSDT"",""S"":""Buy"",""v"":""0.036"",""p"":""4131.28""}"
2026-10-01T00:19:02.986809Z,1790813942706,XAGUSDT,Buy,16.516,59.86,"{""T"":1790813942706,""s"":""XAGUSDT"",""S"":""Buy"",""v"":""16.516"",""p"":""59.86""}"
2026-10-01T00:20:00.987043Z,1790814000437,XAUUSDT,Buy,0.600,4131.13,"{""T"":1790814000437,""s"":""XAUUSDT"",""S"":""Buy"",""v"":""0.600"",""p"":""4131.13""}"
2026-10-01T00:20:07.914071Z,1790814007656,ZECUSDT,Buy,0.02,1411.33,"{""T"":1790814007656,""s"":""ZECUSDT"",""S"":""Buy"",""v"":""0.02"",""p"":""1411.33""}"
2026-10-01T00:21:02.328802Z,1790814062198,MONUSDT,Sell,17200,0.032450,"{""T"":1790814062198,""s"":""MONUSDT"",""S"":""Sell"",""v"":""17200"",""p"":""0.032450""}"
2026-10-01T00:21:02.996124Z,1790814062557,STXUSDT,Sell,19.5,0.37540,"{""T"":1790814062557,""s"":""STXUSDT"",""S"":""Sell"",""v"":""19.5"",""p"":""0.37540""}"
2026-10-01T00:21:10.325174Z,1790814069842,MONUSDT,Sell,4227,0.032520,"{""T"":1790814069842,""s"":""MONUSDT"",""S"":""Sell"",""v"":""4227"",""p"":""0.032520""}"
2026-10-01T00:21:15.825368Z,1790814075626,MONUSDT,Sell,6780,0.032550,"{""T"":1790814075626,""s"":""MONUSDT"",""S"":""Sell"",""v"":""6780"",""p"":""0.032550""}"
2026-10-01T00:21:16.456063Z,1790814075928,QNTUSDT,Sell,18.39,295.14,"{""T"":1790814075928,""s"":""QNTUSDT"",""S"":""Sell"",""v"":""18.39"",""p"":""295.14""}"
2026-10-01T00:21:16.456063Z,1790814076196,QNTUSDT,Sell,15.04,294.78,"{""T"":1790814076196,""s"":""QNTUSDT"",""S"":""Sell"",""v"":""15.04"",""p"":""294.78""}"
2026-10-01T00:21:16.456063Z,1790814076207,QNTUSDT,Sell,1.72,295.39,"{""T"":1790814076207,""s"":""QNTUSDT"",""S"":""Sell"",""v"":""1.72"",""p"":""295.39""}"
2026-10-01T00:21:21.325158Z,1790814080814,MONUSDT,Sell,3508,0.032580,"{""T"":1790814080814,""s"":""MONUSDT"",""S"":""Sell"",""v"":""3508"",""p"":""0.032580""}"
2026-10-01T00:21:30.825294Z,1790814090534,MONUSDT,Sell,19460,0.032750,"{""T"":1790814090534,""s"":""MONUSDT"",""S"":""Sell"",""v"":""19460"",""p"":""0.032750""}"
2026-10-01T00:21:31.325273Z,1790814090882,MONUSDT,Sell,4173,0.032780,"{""T"":1790814090882,""s"":""MONUSDT"",""S"":""Sell"",""v"":""4173"",""p"":""0.032780""}"
2026-10-01T00:21:37.825105Z,1790814097360,MONUSDT,Sell,2255,0.032840,"{""T"":1790814097360,""s"":""MONUSDT"",""S"":""Sell"",""v"":""2255"",""p"":""0.032840""}"
2026-10-01T00:21:37.825105Z,1790814097556,MONUSDT,Sell,2200,0.032890,"{""T"":1790814097556,""s"":""MONUSDT"",""S"":""Sell"",""v"":""2200"",""p"":""0.032890""}"
2026-10-01T00:21:38.825088Z,1790814098702,MONUSDT,Sell,64998,0.032960,"{""T"":1790814098702,""s"":""MONUSDT"",""S"":""Sell"",""v"":""64998"",""p"":""0.032960""}"
2026-10-01T00:21:54.813646Z,1790814114247,PUMPFUNUSDT,Sell,3700,0.0059230,"{""T"":1790814114247,""s"":""PUMPFUNUSDT"",""S"":""Sell"",""v"":""3700"",""p"":""0.0059230""}"
2026-10-01T00:22:22.639129Z,1790814142116,ARKUSDT,Sell,7290,0.26648,"{""T"":1790814142116,""s"":""ARKUSDT"",""S"":""Sell"",""v"":""7290"",""p"":""0.26648""}"
2026-10-01T00:22:22.639129Z,1790814142212,ARKUSDT,Sell,31,0.26813,"{""T"":1790814142212,""s"":""ARKUSDT"",""S"":""Sell"",""v"":""31"",""p"":""0.26813""}"
2026-10-01T00:22:23.135028Z,1790814142651,ARKUSDT,Sell,10000,0.26801,"{""T"":1790814142651,""s"":""ARKUSDT"",""S"":""Sell"",""v"":""10000"",""p"":""0.26801""}"
2026-10-01T00:22:23.135028Z,1790814142886,ARKUSDT,Sell,81,0.26864,"{""T"":1790814142886,""s"":""ARKUSDT"",""S"":""Sell"",""v"":""81"",""p"":""0.26864""}"
2026-10-01T00:22:26.492592Z,1790814146304,SOONUSDT,Sell,21,0.50780,"{""T"":1790814146304,""s"":""SOONUSDT"",""S"":""Sell"",""v"":""21"",""p"":""0.50780""}"
2026-10-01T00:22:26.635425Z,1790814146304,ARKUSDT,Sell,29,0.27098,"{""T"":1790814146304,""s"":""ARKUSDT"",""S"":""Sell"",""v"":""29"",""p"":""0.27098""}"
2026-10-01T00:22:26.635425Z,1790814146356,ARKUSDT,Sell,6322,0.27060,"{""T"":1790814146356,""s"":""ARKUSDT"",""S"":""Sell"",""v"":""6322"",""p"":""0.27060""}"
2026-10-01T00:22:26.635425Z,1790814146487,ARKUSDT,Sell,3849,0.27072,"{""T"":1790814146487,""s"":""ARKUSDT"",""S"":""Sell"",""v"":""3849"",""p"":""0.27072""}"
2026-10-01T00:22:42.635526Z,1790814162141,MOVRUSDT,Buy,2.8,2.1590,"{""T"":1790814162141,""s"":""MOVRUSDT"",""S"":""Buy"",""v"":""2.8"",""p"":""2.1590""}"
2026-10-01T00:22:42.635526Z,1790814162272,MOVRUSDT,Buy,71.1,2.1360,"{""T"":1790814162272,""s"":""MOVRUSDT"",""S"":""Buy"",""v"":""71.1"",""p"":""2.1360""}"
2026-10-01T00:22:43.134981Z,1790814162756,MOVRUSDT,Buy,399.1,2.1300,"{""T"":1790814162756,""s"":""MOVRUSDT"",""S"":""Buy"",""v"":""399.1"",""p"":""2.1300""}"
2026-10-01T00:22:49.135059Z,1790814168934,MOVRUSDT,Buy,16.2,2.1230,"{""T"":1790814168934,""s"":""MOVRUSDT"",""S"":""Buy"",""v"":""16.2"",""p"":""2.1230""}"
2026-10-01T00:22:49.455978Z,1790814168934,QNTUSDT,Buy,0.29,286.07,"{""T"":1790814168934,""s"":""QNTUSDT"",""S"":""Buy"",""v"":""0.29"",""p"":""286.07""}"
2026-10-01T00:22:49.515736Z,1790814169178,AVAXUSDT,Buy,13.4,10.826,"{""T"":1790814169178,""s"":""AVAXUSDT"",""S"":""Buy"",""v"":""13.4"",""p"":""10.826""}"
2026-10-01T00:23:13.487096Z,1790814193388,NIGHTUSDT,Sell,75610,0.04052,"{""T"":1790814193388,""s"":""NIGHTUSDT"",""S"":""Sell"",""v"":""75610"",""p"":""0.04052""}"
2026-10-01T00:23:13.986923Z,1790814193639,NIGHTUSDT,Sell,13700,0.04052,"{""T"":1790814193639,""s"":""NIGHTUSDT"",""S"":""Sell"",""v"":""13700"",""p"":""0.04052""}"
2026-10-01T00:23:14.486728Z,1790814194053,NIGHTUSDT,Sell,1370,0.04055,"{""T"":1790814194053,""s"":""NIGHTUSDT"",""S"":""Sell"",""v"":""1370"",""p"":""0.04055""}"
2026-10-01T00:23:14.486728Z,1790814194133,NIGHTUSDT,Sell,1890,0.04053,"{""T"":1790814194133,""s"":""NIGHTUSDT"",""S"":""Sell"",""v"":""1890"",""p"":""0.04053""}"
2026-10-01T00:23:15.987742Z,1790814195419,NIGHTUSDT,Sell,125310,0.04062,"{""T"":1790814195419,""s"":""NIGHTUSDT"",""S"":""Sell"",""v"":""125310"",""p"":""0.04062""}"
2026-10-01T00:23:15.987742Z,1790814195453,NIGHTUSDT,Sell,270,0.04064,"{""T"":1790814195453,""s"":""NIGHTUSDT"",""S"":""Sell"",""v"":""270"",""p"":""0.04064""}"
2026-10-01T00:23:15.987742Z,1790814195519,NIGHTUSDT,Sell,200,0.04064,"{""T"":1790814195519,""s"":""NIGHTUSDT"",""S"":""Sell"",""v"":""200"",""p"":""0.04064""}"
2026-10-01T00:23:15.987742Z,1790814195766,NIGHTUSDT,Sell,540,0.04062,"{""T"":1790814195766,""s"":""NIGHTUSDT"",""S"":""Sell"",""v"":""540"",""p"":""0.04062""}"
2026-10-01T00:23:15.987742Z,1790814195785,NIGHTUSDT,Sell,1030,0.04059,"{""T"":1790814195785,""s"":""NIGHTUSDT"",""S"":""Sell"",""v"":""1030"",""p"":""0.04059""}"
2026-10-01T00:23:15.987742Z,1790814195802,NIGHTUSDT,Sell,670,0.04065,"{""T"":1790814195802,""s"":""NIGHTUSDT"",""S"":""Sell"",""v"":""670"",""p"":""0.04065""}"
2026-10-01T00:23:15.987742Z,1790814195825,NIGHTUSDT,Sell,13340,0.04062,"{""T"":1790814195825,""s"":""NIGHTUSDT"",""S"":""Sell"",""v"":""13340"",""p"":""0.04062""}"
2026-10-01T00:23:16.486952Z,1790814196323,NIGHTUSDT,Sell,240,0.04064,"{""T"":1790814196323,""s"":""NIGHTUSDT"",""S"":""Sell"",""v"":""240"",""p"":""0.04064""}"
2026-10-01T00:23:16.987718Z,1790814196450,NIGHTUSDT,Sell,16920,0.04071,"{""T"":1790814196450,""s"":""NIGHTUSDT"",""S"":""Sell"",""v"":""16920"",""p"":""0.04071""}"
2026-10-01T00:23:16.987718Z,1790814196473,NIGHTUSDT,Sell,670,0.04068,"{""T"":1790814196473,""s"":""NIGHTUSDT"",""S"":""Sell"",""v"":""670"",""p"":""0.04068""}"
2026-10-01T00:23:16.987718Z,1790814196501,NIGHTUSDT,Sell,80500,0.04078,"{""T"":1790814196501,""s"":""NIGHTUSDT"",""S"":""Sell"",""v"":""80500"",""p"":""0.04078""}"
2026-10-01T00:23:16.987718Z,1790814196523,NIGHTUSDT,Sell,38470,0.04077,"{""T"":1790814196523,""s"":""NIGHTUSDT"",""S"":""Sell"",""v"":""38470"",""p"":""0.04077""}"
2026-10-01T00:23:16.987718Z,1790814196555,NIGHTUSDT,Sell,550,0.04070,"{""T"":1790814196555,""s"":""NIGHTUSDT"",""S"":""Sell"",""v"":""550"",""p"":""0.04070""}"
2026-10-01T00:23:16.987718Z,1790814196774,NIGHTUSDT,Sell,30000,0.04070,"{""T"":1790814196774,""s"":""NIGHTUSDT"",""S"":""Sell"",""v"":""30000"",""p"":""0.04070""}"
2026-10-01T00:23:16.987718Z,1790814196825,NIGHTUSDT,Sell,800,0.04074,"{""T"":1790814196825,""s"":""NIGHTUSDT"",""S"":""Sell"",""v"":""800"",""p"":""0.04074""}"
2026-10-01T00:23:16.987718Z,1790814196855,NIGHTUSDT,Sell,13550,0.04068,"{""T"":1790814196855,""s"":""NIGHTUSDT"",""S"":""Sell"",""v"":""13550"",""p"":""0.04068""}"
2026-10-01T00:23:17.487395Z,1790814196909,NIGHTUSDT,Sell,950,0.04071,"{""T"":1790814196909,""s"":""NIGHTUSDT"",""S"":""Sell"",""v"":""950"",""p"":""0.04071""}"
2026-10-01T00:23:17.487395Z,1790814196928,NIGHTUSDT,Sell,1620,0.04072,"{""T"":1790814196928,""s"":""NIGHTUSDT"",""S"":""Sell"",""v"":""1620"",""p"":""0.04072""}"
2026-10-01T00:23:17.487395Z,1790814196934,NIGHTUSDT,Sell,1200,0.04073,"{""T"":1790814196934,""s"":""NIGHTUSDT"",""S"":""Sell"",""v"":""1200"",""p"":""0.04073""}"
2026-10-01T00:23:17.487395Z,1790814197011,NIGHTUSDT,Sell,400,0.04070,"{""T"":1790814197011,""s"":""NIGHTUSDT"",""S"":""Sell"",""v"":""400"",""p"":""0.04070""}"
2026-10-01T00:23:17.487395Z,1790814197129,NIGHTUSDT,Sell,1510,0.04071,"{""T"":1790814197129,""s"":""NIGHTUSDT"",""S"":""Sell"",""v"":""1510"",""p"":""0.04071""}"
2026-10-01T00:23:17.487395Z,1790814197179,NIGHTUSDT,Sell,3630,0.04066,"{""T"":1790814197179,""s"":""NIGHTUSDT"",""S"":""Sell"",""v"":""3630"",""p"":""0.04066""}"
2026-10-01T00:23:17.487395Z,1790814197191,NIGHTUSDT,Sell,55000,0.04067,"{""T"":1790814197191,""s"":""NIGHTUSDT"",""S"":""Sell"",""v"":""55000"",""p"":""0.04067""}"
2026-10-01T00:23:17.487395Z,1790814197218,NIGHTUSDT,Sell,420,0.04073,"{""T"":1790814197218,""s"":""NIGHTUSDT"",""S"":""Sell"",""v"":""420"",""p"":""0.04073""}"
2026-10-01T00:23:17.487395Z,1790814197251,NIGHTUSDT,Sell,2690,0.04070,"{""T"":1790814197251,""s"":""NIGHTUSDT"",""S"":""Sell"",""v"":""2690"",""p"":""0.04070""}"
2026-10-01T00:23:17.487395Z,1790814197292,NIGHTUSDT,Sell,2690,0.04079,"{""T"":1790814197292,""s"":""NIGHTUSDT"",""S"":""Sell"",""v"":""2690"",""p"":""0.04079""}"
2026-10-01T00:24:05.329135Z,1790814244997,LONGXIAUSDT,Buy,24116,0.0340,"{""T"":1790814244997,""s"":""LONGXIAUSDT"",""S"":""Buy"",""v"":""24116"",""p"":""0.0340""}"
2026-10-01T00:24:06.986828Z,1790814246737,NIGHTUSDT,Buy,550,0.03932,"{""T"":1790814246737,""s"":""NIGHTUSDT"",""S"":""Buy"",""v"":""550"",""p"":""0.03932""}"
2026-10-01T00:24:22.828485Z,1790814262528,MONUSDT,Sell,4637,0.033080,"{""T"":1790814262528,""s"":""MONUSDT"",""S"":""Sell"",""v"":""4637"",""p"":""0.033080""}"
2026-10-01T00:24:23.325176Z,1790814263015,MONUSDT,Sell,21293,0.033180,"{""T"":1790814263015,""s"":""MONUSDT"",""S"":""Sell"",""v"":""21293"",""p"":""0.033180""}"
2026-10-01T00:24:23.825294Z,1790814263269,MONUSDT,Sell,4,0.033120,"{""T"":1790814263269,""s"":""MONUSDT"",""S"":""Sell"",""v"":""4"",""p"":""0.033120""}"
2026-10-01T00:24:27.134988Z,1790814266556,ARKUSDT,Sell,19,0.27314,"{""T"":1790814266556,""s"":""ARKUSDT"",""S"":""Sell"",""v"":""19"",""p"":""0.27314""}"
2026-10-01T00:24:35.825194Z,1790814275703,MONUSDT,Sell,35000,0.033210,"{""T"":1790814275703,""s"":""MONUSDT"",""S"":""Sell"",""v"":""35000"",""p"":""0.033210""}"
2026-10-01T00:25:13.635006Z,1790814313054,ARKUSDT,Sell,1785,0.27358,"{""T"":1790814313054,""s"":""ARKUSDT"",""S"":""Sell"",""v"":""1785"",""p"":""0.27358""}"
2026-10-01T00:25:21.135821Z,1790814320702,ARKUSDT,Sell,40,0.27500,"{""T"":1790814320702,""s"":""ARKUSDT"",""S"":""Sell"",""v"":""40"",""p"":""0.27500""}"
2026-10-01T00:25:32.135929Z,1790814331787,ARKUSDT,Sell,4500,0.27609,"{""T"":1790814331787,""s"":""ARKUSDT"",""S"":""Sell"",""v"":""4500"",""p"":""0.27609""}"
2026-10-01T00:26:02.313934Z,1790814361804,PUMPFUNUSDT,Sell,1900,0.0059430,"{""T"":1790814361804,""s"":""PUMPFUNUSDT"",""S"":""Sell"",""v"":""1900"",""p"":""0.0059430""}"
2026-10-01T00:26:47.325988Z,1790814406835,MONUSDT,Buy,1431,0.032280,"{""T"":1790814406835,""s"":""MONUSDT"",""S"":""Buy"",""v"":""1431"",""p"":""0.032280""}"
2026-10-01T00:27:30.815955Z,1790814450343,PUMPFUNUSDT,Buy,1800,0.0057930,"{""T"":1790814450343,""s"":""PUMPFUNUSDT"",""S"":""Buy"",""v"":""1800"",""p"":""0.0057930""}"
2026-10-01T00:27:33.135390Z,1790814452914,ARKUSDT,Sell,1072,0.27917,"{""T"":1790814452914,""s"":""ARKUSDT"",""S"":""Sell"",""v"":""1072"",""p"":""0.27917""}"
2026-10-01T00:27:33.455812Z,1790814453351,ETHUSDT,Buy,1.66,2674.27,"{""T"":1790814453351,""s"":""ETHUSDT"",""S"":""Buy"",""v"":""1.66"",""p"":""2674.27""}"
2026-10-01T00:27:33.635087Z,1790814453062,ARKUSDT,Sell,44334,0.27913,"{""T"":1790814453062,""s"":""ARKUSDT"",""S"":""Sell"",""v"":""44334"",""p"":""0.27913""}"
2026-10-01T00:27:33.635087Z,1790814453351,ARKUSDT,Sell,18897,0.27875,"{""T"":1790814453351,""s"":""ARKUSDT"",""S"":""Sell"",""v"":""18897"",""p"":""0.27875""}"
2026-10-01T00:27:34.635551Z,1790814454246,ARKUSDT,Sell,483,0.27956,"{""T"":1790814454246,""s"":""ARKUSDT"",""S"":""Sell"",""v"":""483"",""p"":""0.27956""}"
2026-10-01T00:27:35.134780Z,1790814454658,ARKUSDT,Sell,428,0.27926,"{""T"":1790814454658,""s"":""ARKUSDT"",""S"":""Sell"",""v"":""428"",""p"":""0.27926""}"
2026-10-01T00:27:39.634957Z,1790814459073,ARKUSDT,Sell,185,0.28112,"{""T"":1790814459073,""s"":""ARKUSDT"",""S"":""Sell"",""v"":""185"",""p"":""0.28112""}"
2026-10-01T00:27:42.135384Z,1790814461634,ARKUSDT,Sell,2727,0.28176,"{""T"":1790814461634,""s"":""ARKUSDT"",""S"":""Sell"",""v"":""2727"",""p"":""0.28176""}"
2026-10-01T00:27:51.455849Z,1790814471072,QNTUSDT,Sell,0.70,294.68,"{""T"":1790814471072,""s"":""QNTUSDT"",""S"":""Sell"",""v"":""0.70"",""p"":""294.68""}"
2026-10-01T00:27:57.135663Z,1790814476884,ARKUSDT,Sell,787,0.28312,"{""T"":1790814476884,""s"":""ARKUSDT"",""S"":""Sell"",""v"":""787"",""p"":""0.28312""}"
2026-10-01T00:28:22.328377Z,1790814501783,MONUSDT,Buy,31994,0.032010,"{""T"":1790814501783,""s"":""MONUSDT"",""S"":""Buy"",""v"":""31994"",""p"":""0.032010""}"
2026-10-01T00:28:22.328377Z,1790814502156,MONUSDT,Buy,13216,0.032020,"{""T"":1790814502156,""s"":""MONUSDT"",""S"":""Buy"",""v"":""13216"",""p"":""0.032020""}"
2026-10-01T00:29:20.990698Z,1790814560462,ZROUSDT,Sell,138.2,1.7419,"{""T"":1790814560462,""s"":""ZROUSDT"",""S"":""Sell"",""v"":""138.2"",""p"":""1.7419""}"
2026-10-01T00:30:11.497062Z,1790814610989,XAUTUSDT,Buy,0.492,4114.10,"{""T"":1790814610989,""s"":""XAUTUSDT"",""S"":""Buy"",""v"":""0.492"",""p"":""4114.10""}"
2026-10-01T00:30:17.496841Z,1790814617284,XAUTUSDT,Buy,0.099,4113.10,"{""T"":1790814617284,""s"":""XAUTUSDT"",""S"":""Buy"",""v"":""0.099"",""p"":""4113.10""}"
2026-10-01T00:30:34.908504Z,1790814634403,KORUUSDT,Buy,21.87,19.51,"{""T"":1790814634403,""s"":""KORUUSDT"",""S"":""Buy"",""v"":""21.87"",""p"":""19.51""}"
2026-10-01T00:30:43.407957Z,1790814643070,KORUUSDT,Buy,2.51,19.50,"{""T"":1790814643070,""s"":""KORUUSDT"",""S"":""Buy"",""v"":""2.51"",""p"":""19.50""}"
2026-10-01T00:30:55.956161Z,1790814655731,ETHUSDT,Buy,0.44,2672.76,"{""T"":1790814655731,""s"":""ETHUSDT"",""S"":""Buy"",""v"":""0.44"",""p"":""2672.76""}"
2026-10-01T00:30:56.016306Z,1790814655731,AVAXUSDT,Buy,100.0,10.738,"{""T"":1790814655731,""s"":""AVAXUSDT"",""S"":""Buy"",""v"":""100.0"",""p"":""10.738""}"
2026-10-01T00:30:56.062502Z,1790814655731,SOLUSDT,Buy,5.9,117.380,"{""T"":1790814655731,""s"":""SOLUSDT"",""S"":""Buy"",""v"":""5.9"",""p"":""117.380""}"
2026-10-01T00:30:56.065391Z,1790814655731,BTCUSDT,Buy,0.021,83163.00,"{""T"":1790814655731,""s"":""BTCUSDT"",""S"":""Buy"",""v"":""0.021"",""p"":""83163.00""}"
2026-10-01T00:31:21.860310Z,1790814681555,MUUSDT,Buy,0.05,1055.08,"{""T"":1790814681555,""s"":""MUUSDT"",""S"":""Buy"",""v"":""0.05"",""p"":""1055.08""}"
2026-10-01T00:31:26.328806Z,1790814686116,LONGXIAUSDT,Buy,5251,0.0328,"{""T"":1790814686116,""s"":""LONGXIAUSDT"",""S"":""Buy"",""v"":""5251"",""p"":""0.0328""}"
2026-10-01T00:33:19.487005Z,1790814799390,ZROUSDT,Sell,9.6,1.7424,"{""T"":1790814799390,""s"":""ZROUSDT"",""S"":""Sell"",""v"":""9.6"",""p"":""1.7424""}"
2026-10-01T00:34:54.986948Z,1790814894662,XAUUSDT,Buy,0.050,4129.51,"{""T"":1790814894662,""s"":""XAUUSDT"",""S"":""Buy"",""v"":""0.050"",""p"":""4129.51""}"
2026-10-01T00:34:58.313028Z,1790814898115,PUMPFUNUSDT,Buy,1900,0.0057720,"{""T"":1790814898115,""s"":""PUMPFUNUSDT"",""S"":""Buy"",""v"":""1900"",""p"":""0.0057720""}"
2026-10-01T00:35:05.859573Z,1790814905754,GRAMUSDT,Buy,20.0,1.4760,"{""T"":1790814905754,""s"":""GRAMUSDT"",""S"":""Buy"",""v"":""20.0"",""p"":""1.4760""}"
2026-10-01T00:35:25.136031Z,1790814924992,ARKUSDT,Buy,137,0.26218,"{""T"":1790814924992,""s"":""ARKUSDT"",""S"":""Buy"",""v"":""137"",""p"":""0.26218""}"
2026-10-01T00:35:25.635078Z,1790814925236,ARKUSDT,Buy,11332,0.26130,"{""T"":1790814925236,""s"":""ARKUSDT"",""S"":""Buy"",""v"":""11332"",""p"":""0.26130""}"
2026-10-01T00:35:37.635628Z,1790814937504,MOVRUSDT,Sell,171.2,2.3860,"{""T"":1790814937504,""s"":""MOVRUSDT"",""S"":""Sell"",""v"":""171.2"",""p"":""2.3860""}"
2026-10-01T00:35:37.992891Z,1790814937793,SOONUSDT,Sell,50,0.50010,"{""T"":1790814937793,""s"":""SOONUSDT"",""S"":""Sell"",""v"":""50"",""p"":""0.50010""}"
2026-10-01T00:35:38.135420Z,1790814937579,MOVRUSDT,Sell,14.5,2.3750,"{""T"":1790814937579,""s"":""MOVRUSDT"",""S"":""Sell"",""v"":""14.5"",""p"":""2.3750""}"
2026-10-01T00:35:38.135420Z,1790814937780,MOVRUSDT,Sell,17.6,2.3860,"{""T"":1790814937780,""s"":""MOVRUSDT"",""S"":""Sell"",""v"":""17.6"",""p"":""2.3860""}"
2026-10-01T00:35:38.135420Z,1790814937793,MOVRUSDT,Sell,280.0,2.3760,"{""T"":1790814937793,""s"":""MOVRUSDT"",""S"":""Sell"",""v"":""280.0"",""p"":""2.3760""}"
2026-10-01T00:35:38.135420Z,1790814937828,MOVRUSDT,Sell,30.0,2.3770,"{""T"":1790814937828,""s"":""MOVRUSDT"",""S"":""Sell"",""v"":""30.0"",""p"":""2.3770""}"
2026-10-01T00:35:38.135420Z,1790814937893,MOVRUSDT,Sell,92.9,2.3760,"{""T"":1790814937893,""s"":""MOVRUSDT"",""S"":""Sell"",""v"":""92.9"",""p"":""2.3760""}"
2026-10-01T00:35:39.135732Z,1790814938808,MOVRUSDT,Sell,266.1,2.3900,"{""T"":1790814938808,""s"":""MOVRUSDT"",""S"":""Sell"",""v"":""266.1"",""p"":""2.3900""}"
2026-10-01T00:35:39.635104Z,1790814939054,MOVRUSDT,Sell,1379.3,2.3910,"{""T"":1790814939054,""s"":""MOVRUSDT"",""S"":""Sell"",""v"":""1379.3"",""p"":""2.3910""}"
2026-10-01T00:35:39.635104Z,1790814939086,MOVRUSDT,Sell,129.4,2.3900,"{""T"":1790814939086,""s"":""MOVRUSDT"",""S"":""Sell"",""v"":""129.4"",""p"":""2.3900""}"
2026-10-01T00:35:39.635104Z,1790814939182,MOVRUSDT,Sell,126.3,2.3890,"{""T"":1790814939182,""s"":""MOVRUSDT"",""S"":""Sell"",""v"":""126.3"",""p"":""2.3890""}"
2026-10-01T00:35:52.329135Z,1790814952132,LONGXIAUSDT,Buy,802,0.0317,"{""T"":1790814952132,""s"":""LONGXIAUSDT"",""S"":""Buy"",""v"":""802"",""p"":""0.0317""}"
2026-10-01T00:35:52.828881Z,1790814952333,LONGXIAUSDT,Buy,41130,0.0319,"{""T"":1790814952333,""s"":""LONGXIAUSDT"",""S"":""Buy"",""v"":""41130"",""p"":""0.0319""}"
2026-10-01T00:35:53.328946Z,1790814953043,LONGXIAUSDT,Buy,1079,0.0315,"{""T"":1790814953043,""s"":""LONGXIAUSDT"",""S"":""Buy"",""v"":""1079"",""p"":""0.0315""}"
2026-10-01T00:35:53.828632Z,1790814953413,LONGXIAUSDT,Buy,434,0.0315,"{""T"":1790814953413,""s"":""LONGXIAUSDT"",""S"":""Buy"",""v"":""434"",""p"":""0.0315""}"
2026-10-01T00:35:57.328477Z,1790814957214,LONGXIAUSDT,Buy,7439,0.0314,"{""T"":1790814957214,""s"":""LONGXIAUSDT"",""S"":""Buy"",""v"":""7439"",""p"":""0.0314""}"
2026-10-01T00:35:57.828546Z,1790814957251,LONGXIAUSDT,Buy,153,0.0315,"{""T"":1790814957251,""s"":""LONGXIAUSDT"",""S"":""Buy"",""v"":""153"",""p"":""0.0315""}"
2026-10-01T00:36:04.829426Z,1790814964686,LONGXIAUSDT,Buy,35881,0.0312,"{""T"":1790814964686,""s"":""LONGXIAUSDT"",""S"":""Buy"",""v"":""35881"",""p"":""0.0312""}"
2026-10-01T00:36:12.328901Z,1790814971789,LONGXIAUSDT,Buy,1797,0.0307,"{""T"":1790814971789,""s"":""LONGXIAUSDT"",""S"":""Buy"",""v"":""1797"",""p"":""0.0307""}"
2026-10-01T00:36:34.829028Z,1790814994698,LONGXIAUSDT,Sell,21932,0.0360,"{""T"":1790814994698,""s"":""LONGXIAUSDT"",""S"":""Sell"",""v"":""21932"",""p"":""0.0360""}"
2026-10-01T00:36:36.328686Z,1790814996184,LONGXIAUSDT,Sell,3461,0.0363,"{""T"":1790814996184,""s"":""LONGXIAUSDT"",""S"":""Sell"",""v"":""3461"",""p"":""0.0363""}"
2026-10-01T00:36:44.828852Z,1790815004321,LONGXIAUSDT,Sell,79625,0.0377,"{""T"":1790815004321,""s"":""LONGXIAUSDT"",""S"":""Sell"",""v"":""79625"",""p"":""0.0377""}"
2026-10-01T00:37:11.956334Z,1790815031445,QNTUSDT,Sell,0.45,293.98,"{""T"":1790815031445,""s"":""QNTUSDT"",""S"":""Sell"",""v"":""0.45"",""p"":""293.98""}"
2026-10-01T00:38:27.859762Z,1790815107519,GRAMUSDT,Buy,15.1,1.4750,"{""T"":1790815107519,""s"":""GRAMUSDT"",""S"":""Buy"",""v"":""15.1"",""p"":""1.4750""}"
2026-10-01T00:38:29.359186Z,1790815109009,GRAMUSDT,Buy,387.9,1.4740,"{""T"":1790815109009,""s"":""GRAMUSDT"",""S"":""Buy"",""v"":""387.9"",""p"":""1.4740""}"
2026-10-01T00:40:06.493006Z,1790815206174,SUIUSDT,Sell,100,1.18150,"{""T"":1790815206174,""s"":""SUIUSDT"",""S"":""Sell"",""v"":""100"",""p"":""1.18150""}"
2026-10-01T00:40:37.986813Z,1790815237655,NIGHTUSDT,Buy,30540,0.03871,"{""T"":1790815237655,""s"":""NIGHTUSDT"",""S"":""Buy"",""v"":""30540"",""p"":""0.03871""}"
2026-10-01T00:41:51.987023Z,1790815311533,NIGHTUSDT,Sell,320,0.04039,"{""T"":1790815311533,""s"":""NIGHTUSDT"",""S"":""Sell"",""v"":""320"",""p"":""0.04039""}"
2026-10-01T00:41:56.486546Z,1790815315998,NIGHTUSDT,Sell,9390,0.04044,"{""T"":1790815315998,""s"":""NIGHTUSDT"",""S"":""Sell"",""v"":""9390"",""p"":""0.04044""}"
2026-10-01T00:42:07.636294Z,1790815327185,MOVRUSDT,Buy,105.3,2.2080,"{""T"":1790815327185,""s"":""MOVRUSDT"",""S"":""Buy"",""v"":""105.3"",""p"":""2.2080""}"
2026-10-01T00:42:15.812875Z,1790815335564,0GUSDT,Buy,23.5,0.3010,"{""T"":1790815335564,""s"":""0GUSDT"",""S"":""Buy"",""v"":""23.5"",""p"":""0.3010""}"
2026-10-01T00:42:16.813422Z,1790815336349,0GUSDT,Buy,31.2,0.2999,"{""T"":1790815336349,""s"":""0GUSDT"",""S"":""Buy"",""v"":""31.2"",""p"":""0.2999""}"
2026-10-01T00:44:03.135389Z,1790815442670,MOVRUSDT,Buy,3.5,2.1830,"{""T"":1790815442670,""s"":""MOVRUSDT"",""S"":""Buy"",""v"":""3.5"",""p"":""2.1830""}"
2026-10-01T00:44:14.359769Z,1790815454185,WLDUSDT,Sell,612.3,0.5503,"{""T"":1790815454185,""s"":""WLDUSDT"",""S"":""Sell"",""v"":""612.3"",""p"":""0.5503""}"
2026-10-01T00:44:34.828839Z,1790815474377,LONGXIAUSDT,Sell,1572,0.0388,"{""T"":1790815474377,""s"":""LONGXIAUSDT"",""S"":""Sell"",""v"":""1572"",""p"":""0.0388""}"
2026-10-01T00:45:37.635615Z,1790815537304,ARKUSDT,Sell,195,0.27989,"{""T"":1790815537304,""s"":""ARKUSDT"",""S"":""Sell"",""v"":""195"",""p"":""0.27989""}"
2026-10-01T00:45:40.135156Z,1790815540008,ARKUSDT,Sell,156,0.28148,"{""T"":1790815540008,""s"":""ARKUSDT"",""S"":""Sell"",""v"":""156"",""p"":""0.28148""}"
2026-10-01T00:45:44.135271Z,1790815544038,ARKUSDT,Sell,44,0.28440,"{""T"":1790815544038,""s"":""ARKUSDT"",""S"":""Sell"",""v"":""44"",""p"":""0.28440""}"
2026-10-01T00:45:45.135042Z,1790815544799,ARKUSDT,Sell,988,0.28462,"{""T"":1790815544799,""s"":""ARKUSDT"",""S"":""Sell"",""v"":""988"",""p"":""0.28462""}"
2026-10-01T00:47:37.333479Z,1790815657127,LONGXIAUSDT,Sell,10468,0.0401,"{""T"":1790815657127,""s"":""LONGXIAUSDT"",""S"":""Sell"",""v"":""10468"",""p"":""0.0401""}"
2026-10-01T00:47:41.325015Z,1790815661042,MONUSDT,Buy,3101,0.032170,"{""T"":1790815661042,""s"":""MONUSDT"",""S"":""Buy"",""v"":""3101"",""p"":""0.032170""}"
2026-10-01T00:48:22.313856Z,1790815702141,PUMPFUNUSDT,Buy,2400,0.0057380,"{""T"":1790815702141,""s"":""PUMPFUNUSDT"",""S"":""Buy"",""v"":""2400"",""p"":""0.0057380""}"
2026-10-01T00:48:35.956302Z,1790815715446,QNTUSDT,Buy,17.27,285.78,"{""T"":1790815715446,""s"":""QNTUSDT"",""S"":""Buy"",""v"":""17.27"",""p"":""285.78""}"
2026-10-01T00:49:22.987138Z,1790815762520,USUSDT,Buy,1490,0.025070,"{""T"":1790815762520,""s"":""USUSDT"",""S"":""Buy"",""v"":""1490"",""p"":""0.025070""}"
2026-10-01T00:49:22.987138Z,1790815762691,USUSDT,Buy,17780,0.025000,"{""T"":1790815762691,""s"":""USUSDT"",""S"":""Buy"",""v"":""17780"",""p"":""0.025000""}"
2026-10-01T00:49:22.987138Z,1790815762840,USUSDT,Buy,4890,0.024950,"{""T"":1790815762840,""s"":""USUSDT"",""S"":""Buy"",""v"":""4890"",""p"":""0.024950""}"
2026-10-01T00:49:23.487161Z,1790815762971,USUSDT,Buy,4020,0.024970,"{""T"":1790815762971,""s"":""USUSDT"",""S"":""Buy"",""v"":""4020"",""p"":""0.024970""}"
2026-10-01T00:50:06.314503Z,1790815806174,0GUSDT,Buy,2416.0,0.2991,"{""T"":1790815806174,""s"":""0GUSDT"",""S"":""Buy"",""v"":""2416.0"",""p"":""0.2991""}"
2026-10-01T00:52:12.635772Z,1790815932100,MOVRUSDT,Sell,93.4,2.3370,"{""T"":1790815932100,""s"":""MOVRUSDT"",""S"":""Sell"",""v"":""93.4"",""p"":""2.3370""}"
2026-10-01T00:53:53.956244Z,1790816033641,QNTUSDT,Buy,0.24,287.57,"{""T"":1790816033641,""s"":""QNTUSDT"",""S"":""Buy"",""v"":""0.24"",""p"":""287.57""}"
2026-10-01T00:53:57.813370Z,1790816037556,PUMPFUNUSDT,Buy,548700,0.0057140,"{""T"":1790816037556,""s"":""PUMPFUNUSDT"",""S"":""Buy"",""v"":""548700"",""p"":""0.0057140""}"
2026-10-01T00:53:58.016238Z,1790816037556,NEARUSDT,Buy,650.0,5.2530,"{""T"":1790816037556,""s"":""NEARUSDT"",""S"":""Buy"",""v"":""650.0"",""p"":""5.2530""}"
2026-10-01T00:54:03.635646Z,1790816043328,MOVRUSDT,Sell,55.3,2.3500,"{""T"":1790816043328,""s"":""MOVRUSDT"",""S"":""Sell"",""v"":""55.3"",""p"":""2.3500""}"
2026-10-01T00:54:05.135927Z,1790816044581,MOVRUSDT,Sell,54.8,2.3610,"{""T"":1790816044581,""s"":""MOVRUSDT"",""S"":""Sell"",""v"":""54.8"",""p"":""2.3610""}"
2026-10-01T00:54:05.135927Z,1790816044877,MOVRUSDT,Sell,18.0,2.3630,"{""T"":1790816044877,""s"":""MOVRUSDT"",""S"":""Sell"",""v"":""18.0"",""p"":""2.3630""}"
2026-10-01T00:54:16.329009Z,1790816055900,MONUSDT,Sell,36862,0.032630,"{""T"":1790816055900,""s"":""MONUSDT"",""S"":""Sell"",""v"":""36862"",""p"":""0.032630""}"
2026-10-01T00:54:52.813423Z,1790816092320,PUMPFUNUSDT,Buy,9500,0.0057020,"{""T"":1790816092320,""s"":""PUMPFUNUSDT"",""S"":""Buy"",""v"":""9500"",""p"":""0.0057020""}"
2026-10-01T00:55:25.829890Z,1790816125443,LONGXIAUSDT,Sell,14315,0.0410,"{""T"":1790816125443,""s"":""LONGXIAUSDT"",""S"":""Sell"",""v"":""14315"",""p"":""0.0410""}"
2026-10-01T00:56:07.135968Z,1790816166823,ARKUSDT,Buy,55,0.26646,"{""T"":1790816166823,""s"":""ARKUSDT"",""S"":""Buy"",""v"":""55"",""p"":""0.26646""}"
2026-10-01T00:56:08.487198Z,1790816168254,PHAUSDT,Buy,2165,0.07308,"{""T"":1790816168254,""s"":""PHAUSDT"",""S"":""Buy"",""v"":""2165"",""p"":""0.07308""}"
2026-10-01T00:56:08.986678Z,1790816168618,PHAUSDT,Buy,336,0.07296,"{""T"":1790816168618,""s"":""PHAUSDT"",""S"":""Buy"",""v"":""336"",""p"":""0.07296""}"
2026-10-01T00:56:12.456780Z,1790816172261,QNTUSDT,Sell,0.98,297.15,"{""T"":1790816172261,""s"":""QNTUSDT"",""S"":""Sell"",""v"":""0.98"",""p"":""297.15""}"
2026-10-01T00:56:41.956425Z,1790816201741,QNTUSDT,Sell,1.33,297.09,"{""T"":1790816201741,""s"":""QNTUSDT"",""S"":""Sell"",""v"":""1.33"",""p"":""297.09""}"
2026-10-01T00:57:16.636058Z,1790816236144,ARKUSDT,Buy,118,0.26482,"{""T"":1790816236144,""s"":""ARKUSDT"",""S"":""Buy"",""v"":""118"",""p"":""0.26482""}"
2026-10-01T00:57:17.136056Z,1790816236802,ARKUSDT,Buy,10570,0.26525,"{""T"":1790816236802,""s"":""ARKUSDT"",""S"":""Buy"",""v"":""10570"",""p"":""0.26525""}"
2026-10-01T00:57:19.635956Z,1790816239447,ARKUSDT,Buy,164,0.26349,"{""T"":1790816239447,""s"":""ARKUSDT"",""S"":""Buy"",""v"":""164"",""p"":""0.26349""}"
2026-10-01T00:57:20.636247Z,1790816240487,ARKUSDT,Buy,2498,0.26091,"{""T"":1790816240487,""s"":""ARKUSDT"",""S"":""Buy"",""v"":""2498"",""p"":""0.26091""}"
2026-10-01T00:58:16.989618Z,1790816296467,NIGHTUSDT,Sell,12710,0.04043,"{""T"":1790816296467,""s"":""NIGHTUSDT"",""S"":""Sell"",""v"":""12710"",""p"":""0.04043""}"
2026-10-01T00:58:26.497317Z,1790816305929,STXUSDT,Sell,232.9,0.38520,"{""T"":1790816305929,""s"":""STXUSDT"",""S"":""Sell"",""v"":""232.9"",""p"":""0.38520""}"
2026-10-01T00:59:47.956406Z,1790816387667,QNTUSDT,Sell,0.95,297.01,"{""T"":1790816387667,""s"":""QNTUSDT"",""S"":""Sell"",""v"":""0.95"",""p"":""297.01""}"
2026-10-01T00:59:48.135533Z,1790816387667,MOVRUSDT,Sell,187.6,2.3890,"{""T"":1790816387667,""s"":""MOVRUSDT"",""S"":""Sell"",""v"":""187.6"",""p"":""2.3890""}"
2026-10-01T01:00:02.136363Z,1790816401710,ARKUSDT,Buy,185,0.26161,"{""T"":1790816401710,""s"":""ARKUSDT"",""S"":""Buy"",""v"":""185"",""p"":""0.26161""}"
2026-10-01T01:00:16.992923Z,1790816416878,OPUSDT,Sell,358.9,0.13163,"{""T"":1790816416878,""s"":""OPUSDT"",""S"":""Sell"",""v"":""358.9"",""p"":""0.13163""}"
2026-10-01T01:00:16.993603Z,1790816416878,SUIUSDT,Sell,30,1.18590,"{""T"":1790816416878,""s"":""SUIUSDT"",""S"":""Sell"",""v"":""30"",""p"":""1.18590""}"
2026-10-01T01:00:17.135519Z,1790816416858,MOVRUSDT,Sell,326.4,2.3970,"{""T"":1790816416858,""s"":""MOVRUSDT"",""S"":""Sell"",""v"":""326.4"",""p"":""2.3970""}"
2026-10-01T01:00:17.135519Z,1790816416878,MOVRUSDT,Sell,87.8,2.3970,"{""T"":1790816416878,""s"":""MOVRUSDT"",""S"":""Sell"",""v"":""87.8"",""p"":""2.3970""}"
2026-10-01T01:00:17.313555Z,1790816416878,0GUSDT,Sell,104.6,0.3086,"{""T"":1790816416878,""s"":""0GUSDT"",""S"":""Sell"",""v"":""104.6"",""p"":""0.3086""}"
2026-10-01T01:00:17.314023Z,1790816416878,GRASSUSDT,Sell,114,0.71750,"{""T"":1790816416878,""s"":""GRASSUSDT"",""S"":""Sell"",""v"":""114"",""p"":""0.71750""}"
2026-10-01T01:00:17.337795Z,1790816416878,LDOUSDT,Sell,281.0,0.4637,"{""T"":1790816416878,""s"":""LDOUSDT"",""S"":""Sell"",""v"":""281.0"",""p"":""0.4637""}"
2026-10-01T01:00:17.359645Z,1790816416878,SEIUSDT,Sell,553,0.07455,"{""T"":1790816416878,""s"":""SEIUSDT"",""S"":""Sell"",""v"":""553"",""p"":""0.07455""}"
2026-10-01T01:00:17.407958Z,1790816416878,HBARUSDT,Sell,232,0.10473,"{""T"":1790816416878,""s"":""HBARUSDT"",""S"":""Sell"",""v"":""232"",""p"":""0.10473""}"
2026-10-01T01:00:17.456094Z,1790816416878,QNTUSDT,Sell,0.21,296.00,"{""T"":1790816416878,""s"":""QNTUSDT"",""S"":""Sell"",""v"":""0.21"",""p"":""296.00""}"
2026-10-01T01:00:23.636074Z,1790816423120,MOVRUSDT,Sell,12.3,2.4000,"{""T"":1790816423120,""s"":""MOVRUSDT"",""S"":""Sell"",""v"":""12.3"",""p"":""2.4000""}"
2026-10-01T01:00:23.636074Z,1790816423197,MOVRUSDT,Sell,11.8,2.4010,"{""T"":1790816423197,""s"":""MOVRUSDT"",""S"":""Sell"",""v"":""11.8"",""p"":""2.4010""}"
2026-10-01T01:00:23.636074Z,1790816423266,MOVRUSDT,Sell,257.5,2.4010,"{""T"":1790816423266,""s"":""MOVRUSDT"",""S"":""Sell"",""v"":""257.5"",""p"":""2.4010""}"
2026-10-01T01:00:24.135603Z,1790816423827,MOVRUSDT,Sell,3.6,2.3980,"{""T"":1790816423827,""s"":""MOVRUSDT"",""S"":""Sell"",""v"":""3.6"",""p"":""2.3980""}"
2026-10-01T01:00:26.636068Z,1790816426228,MOVRUSDT,Sell,487.1,2.4020,"{""T"":1790816426228,""s"":""MOVRUSDT"",""S"":""Sell"",""v"":""487.1"",""p"":""2.4020""}"
2026-10-01T01:00:27.636191Z,1790816427089,MOVRUSDT,Sell,74.7,2.4020,"{""T"":1790816427089,""s"":""MOVRUSDT"",""S"":""Sell"",""v"":""74.7"",""p"":""2.4020""}"
2026-10-01T01:00:44.833361Z,1790816444271,LONGXIAUSDT,Sell,1393,0.0414,"{""T"":1790816444271,""s"":""LONGXIAUSDT"",""S"":""Sell"",""v"":""1393"",""p"":""0.0414""}"
2026-10-01T01:00:51.635800Z,1790816451372,MOVRUSDT,Sell,32.3,2.4040,"{""T"":1790816451372,""s"":""MOVRUSDT"",""S"":""Sell"",""v"":""32.3"",""p"":""2.4040""}"
2026-10-01T01:00:52.635817Z,1790816452116,MOVRUSDT,Sell,18.9,2.4130,"{""T"":1790816452116,""s"":""MOVRUSDT"",""S"":""Sell"",""v"":""18.9"",""p"":""2.4130""}"
2026-10-01T01:00:52.635817Z,1790816452117,MOVRUSDT,Sell,54.8,2.4100,"{""T"":1790816452117,""s"":""MOVRUSDT"",""S"":""Sell"",""v"":""54.8"",""p"":""2.4100""}"
2026-10-01T01:00:52.635817Z,1790816452228,MOVRUSDT,Sell,111.8,2.4140,"{""T"":1790816452228,""s"":""MOVRUSDT"",""S"":""Sell"",""v"":""111.8"",""p"":""2.4140""}"
2026-10-01T01:00:52.635817Z,1790816452315,MOVRUSDT,Sell,37.8,2.4090,"{""T"":1790816452315,""s"":""MOVRUSDT"",""S"":""Sell"",""v"":""37.8"",""p"":""2.4090""}"
2026-10-01T01:00:52.635817Z,1790816452333,MOVRUSDT,Sell,60.4,2.4080,"{""T"":1790816452333,""s"":""MOVRUSDT"",""S"":""Sell"",""v"":""60.4"",""p"":""2.4080""}"
2026-10-01T01:00:52.635817Z,1790816452372,MOVRUSDT,Sell,2.3,2.4140,"{""T"":1790816452372,""s"":""MOVRUSDT"",""S"":""Sell"",""v"":""2.3"",""p"":""2.4140""}"
2026-10-01T01:00:52.635817Z,1790816452505,MOVRUSDT,Sell,41.8,2.4080,"{""T"":1790816452505,""s"":""MOVRUSDT"",""S"":""Sell"",""v"":""41.8"",""p"":""2.4080""}"
2026-10-01T01:00:52.992519Z,1790816452837,SOONUSDT,Sell,12,0.50630,"{""T"":1790816452837,""s"":""SOONUSDT"",""S"":""Sell"",""v"":""12"",""p"":""0.50630""}"
2026-10-01T01:00:53.135544Z,1790816452757,MOVRUSDT,Sell,2337.2,2.4130,"{""T"":1790816452757,""s"":""MOVRUSDT"",""S"":""Sell"",""v"":""2337.2"",""p"":""2.4130""}"
2026-10-01T01:00:53.135544Z,1790816452837,MOVRUSDT,Sell,3.4,2.4110,"{""T"":1790816452837,""s"":""MOVRUSDT"",""S"":""Sell"",""v"":""3.4"",""p"":""2.4110""}"
2026-10-01T01:00:53.635758Z,1790816453408,MOVRUSDT,Sell,356.5,2.4150,"{""T"":1790816453408,""s"":""MOVRUSDT"",""S"":""Sell"",""v"":""356.5"",""p"":""2.4150""}"
2026-10-01T01:00:53.635758Z,1790816453472,MOVRUSDT,Sell,557.3,2.4150,"{""T"":1790816453472,""s"":""MOVRUSDT"",""S"":""Sell"",""v"":""557.3"",""p"":""2.4150""}"
2026-10-01T01:00:53.635758Z,1790816453533,MOVRUSDT,Sell,4.9,2.4200,"{""T"":1790816453533,""s"":""MOVRUSDT"",""S"":""Sell"",""v"":""4.9"",""p"":""2.4200""}"
2026-10-01T01:00:54.135615Z,1790816453901,MOVRUSDT,Sell,2136.9,2.4170,"{""T"":1790816453901,""s"":""MOVRUSDT"",""S"":""Sell"",""v"":""2136.9"",""p"":""2.4170""}"
2026-10-01T01:00:54.135615Z,1790816454014,MOVRUSDT,Sell,82.7,2.4170,"{""T"":1790816454014,""s"":""MOVRUSDT"",""S"":""Sell"",""v"":""82.7"",""p"":""2.4170""}"
2026-10-01T01:00:54.636281Z,1790816454087,MOVRUSDT,Sell,214.3,2.4170,"{""T"":1790816454087,""s"":""MOVRUSDT"",""S"":""Sell"",""v"":""214.3"",""p"":""2.4170""}"
2026-10-01T01:00:55.486615Z,1790816455124,BTWUSDT,Sell,260,1.39518,"{""T"":1790816455124,""s"":""BTWUSDT"",""S"":""Sell"",""v"":""260"",""p"":""1.39518""}"
2026-10-01T01:00:55.491954Z,1790816455124,SOONUSDT,Buy,1033,0.48760,"{""T"":1790816455124,""s"":""SOONUSDT"",""S"":""Buy"",""v"":""1033"",""p"":""0.48760""}"
2026-10-01T01:00:55.636121Z,1790816455124,MOVRUSDT,Sell,246.9,2.4270,"{""T"":1790816455124,""s"":""MOVRUSDT"",""S"":""Sell"",""v"":""246.9"",""p"":""2.4270""}"
2026-10-01T01:00:55.636121Z,1790816455242,MOVRUSDT,Sell,7.6,2.4280,"{""T"":1790816455242,""s"":""MOVRUSDT"",""S"":""Sell"",""v"":""7.6"",""p"":""2.4280""}"
2026-10-01T01:00:55.636121Z,1790816455431,MOVRUSDT,Sell,20.2,2.4260,"{""T"":1790816455431,""s"":""MOVRUSDT"",""S"":""Sell"",""v"":""20.2"",""p"":""2.4260""}"
2026-10-01T01:00:55.636121Z,1790816455442,MOVRUSDT,Sell,220.6,2.4280,"{""T"":1790816455442,""s"":""MOVRUSDT"",""S"":""Sell"",""v"":""220.6"",""p"":""2.4280""}"
2026-10-01T01:00:55.636121Z,1790816455490,MOVRUSDT,Sell,7.6,2.4310,"{""T"":1790816455490,""s"":""MOVRUSDT"",""S"":""Sell"",""v"":""7.6"",""p"":""2.4310""}"
2026-10-01T01:00:55.636121Z,1790816455507,MOVRUSDT,Sell,120.6,2.4230,"{""T"":1790816455507,""s"":""MOVRUSDT"",""S"":""Sell"",""v"":""120.6"",""p"":""2.4230""}"
2026-10-01T01:00:56.135656Z,1790816455758,MOVRUSDT,Sell,16.0,2.4220,"{""T"":1790816455758,""s"":""MOVRUSDT"",""S"":""Sell"",""v"":""16.0"",""p"":""2.4220""}"
2026-10-01T01:00:56.135656Z,1790816455979,MOVRUSDT,Sell,43.7,2.4250,"{""T"":1790816455979,""s"":""MOVRUSDT"",""S"":""Sell"",""v"":""43.7"",""p"":""2.4250""}"
2026-10-01T01:00:56.135656Z,1790816456018,MOVRUSDT,Sell,37.3,2.4280,"{""T"":1790816456018,""s"":""MOVRUSDT"",""S"":""Sell"",""v"":""37.3"",""p"":""2.4280""}"
2026-10-01T01:00:57.635694Z,1790816457365,MOVRUSDT,Sell,114.7,2.4410,"{""T"":1790816457365,""s"":""MOVRUSDT"",""S"":""Sell"",""v"":""114.7"",""p"":""2.4410""}"
2026-10-01T01:00:57.635694Z,1790816457406,MOVRUSDT,Sell,13.8,2.4380,"{""T"":1790816457406,""s"":""MOVRUSDT"",""S"":""Sell"",""v"":""13.8"",""p"":""2.4380""}"
2026-10-01T01:00:57.813904Z,1790816457722,HYPEUSDT,Buy,0.87,89.330,"{""T"":1790816457722,""s"":""HYPEUSDT"",""S"":""Buy"",""v"":""0.87"",""p"":""89.330""}"
2026-10-01T01:00:57.837986Z,1790816457722,LITUSDT,Sell,20.2,3.9290,"{""T"":1790816457722,""s"":""LITUSDT"",""S"":""Sell"",""v"":""20.2"",""p"":""3.9290""}"
2026-10-01T01:00:57.914899Z,1790816457722,ZECUSDT,Sell,0.01,1431.18,"{""T"":1790816457722,""s"":""ZECUSDT"",""S"":""Sell"",""v"":""0.01"",""p"":""1431.18""}"
2026-10-01T01:00:57.987096Z,1790816457722,USUSDT,Buy,2420,0.025260,"{""T"":1790816457722,""s"":""USUSDT"",""S"":""Buy"",""v"":""2420"",""p"":""0.025260""}"
2026-10-01T01:00:57.987552Z,1790816457722,NIGHTUSDT,Buy,520,0.03934,"{""T"":1790816457722,""s"":""NIGHTUSDT"",""S"":""Buy"",""v"":""520"",""p"":""0.03934""}"
2026-10-01T01:00:58.062963Z,1790816457722,SOLUSDT,Sell,0.1,118.500,"{""T"":1790816457722,""s"":""SOLUSDT"",""S"":""Sell"",""v"":""0.1"",""p"":""118.500""}"
2026-10-01T01:00:58.135689Z,1790816457722,MOVRUSDT,Sell,331.6,2.4400,"{""T"":1790816457722,""s"":""MOVRUSDT"",""S"":""Sell"",""v"":""331.6"",""p"":""2.4400""}"
2026-10-01T01:00:58.135689Z,1790816457888,MOVRUSDT,Sell,4.9,2.4400,"{""T"":1790816457888,""s"":""MOVRUSDT"",""S"":""Sell"",""v"":""4.9"",""p"":""2.4400""}"
2026-10-01T01:00:58.135689Z,1790816457940,MOVRUSDT,Sell,8.8,2.4330,"{""T"":1790816457940,""s"":""MOVRUSDT"",""S"":""Sell"",""v"":""8.8"",""p"":""2.4330""}"
2026-10-01T01:00:58.635874Z,1790816458069,MOVRUSDT,Sell,769.9,2.4400,"{""T"":1790816458069,""s"":""MOVRUSDT"",""S"":""Sell"",""v"":""769.9"",""p"":""2.4400""}"
2026-10-01T01:00:58.635874Z,1790816458082,MOVRUSDT,Sell,5.7,2.4350,"{""T"":1790816458082,""s"":""MOVRUSDT"",""S"":""Sell"",""v"":""5.7"",""p"":""2.4350""}"
2026-10-01T01:00:58.635874Z,1790816458103,MOVRUSDT,Sell,2150.0,2.4340,"{""T"":1790816458103,""s"":""MOVRUSDT"",""S"":""Sell"",""v"":""2150.0"",""p"":""2.4340""}"
2026-10-01T01:00:58.635874Z,1790816458160,MOVRUSDT,Sell,98.7,2.4360,"{""T"":1790816458160,""s"":""MOVRUSDT"",""S"":""Sell"",""v"":""98.7"",""p"":""2.4360""}"
2026-10-01T01:00:59.635543Z,1790816459259,MOVRUSDT,Sell,1219.9,2.4390,"{""T"":1790816459259,""s"":""MOVRUSDT"",""S"":""Sell"",""v"":""1219.9"",""p"":""2.4390""}"
2026-10-01T01:00:59.997850Z,1790816459793,STXUSDT,Sell,1728.3,0.38700,"{""T"":1790816459793,""s"":""STXUSDT"",""S"":""Sell"",""v"":""1728.3"",""p"":""0.38700""}"
2026-10-01T01:01:01.496880Z,1790816461003,STXUSDT,Sell,58.4,0.38720,"{""T"":1790816461003,""s"":""STXUSDT"",""S"":""Sell"",""v"":""58.4"",""p"":""0.38720""}"
2026-10-01T01:01:02.136123Z,1790816461644,MOVRUSDT,Sell,12.1,2.4460,"{""T"":1790816461644,""s"":""MOVRUSDT"",""S"":""Sell"",""v"":""12.1"",""p"":""2.4460""}"
2026-10-01T01:01:02.636046Z,1790816462106,MOVRUSDT,Sell,26.5,2.4460,"{""T"":1790816462106,""s"":""MOVRUSDT"",""S"":""Sell"",""v"":""26.5"",""p"":""2.4460""}"
2026-10-01T01:01:02.997113Z,1790816462656,STXUSDT,Sell,108.3,0.38750,"{""T"":1790816462656,""s"":""STXUSDT"",""S"":""Sell"",""v"":""108.3"",""p"":""0.38750""}"
2026-10-01T01:01:03.636188Z,1790816463304,MOVRUSDT,Sell,38.3,2.4490,"{""T"":1790816463304,""s"":""MOVRUSDT"",""S"":""Sell"",""v"":""38.3"",""p"":""2.4490""}"
2026-10-01T01:01:04.135945Z,1790816463656,MOVRUSDT,Sell,90.9,2.4510,"{""T"":1790816463656,""s"":""MOVRUSDT"",""S"":""Sell"",""v"":""90.9"",""p"":""2.4510""}"
2026-10-01T01:01:04.135945Z,1790816463960,MOVRUSDT,Sell,21.7,2.4500,"{""T"":1790816463960,""s"":""MOVRUSDT"",""S"":""Sell"",""v"":""21.7"",""p"":""2.4500""}"
2026-10-01T01:01:04.636059Z,1790816464272,MOVRUSDT,Sell,42.5,2.4600,"{""T"":1790816464272,""s"":""MOVRUSDT"",""S"":""Sell"",""v"":""42.5"",""p"":""2.4600""}"
2026-10-01T01:01:04.636059Z,1790816464310,MOVRUSDT,Sell,129.7,2.4710,"{""T"":1790816464310,""s"":""MOVRUSDT"",""S"":""Sell"",""v"":""129.7"",""p"":""2.4710""}"
2026-10-01T01:01:04.636059Z,1790816464418,MOVRUSDT,Sell,482.3,2.4530,"{""T"":1790816464418,""s"":""MOVRUSDT"",""S"":""Sell"",""v"":""482.3"",""p"":""2.4530""}"
2026-10-01T01:01:04.636059Z,1790816464449,MOVRUSDT,Sell,75.7,2.4740,"{""T"":1790816464449,""s"":""MOVRUSDT"",""S"":""Sell"",""v"":""75.7"",""p"":""2.4740""}"
2026-10-01T01:01:04.636059Z,1790816464453,MOVRUSDT,Sell,8.3,2.4710,"{""T"":1790816464453,""s"":""MOVRUSDT"",""S"":""Sell"",""v"":""8.3"",""p"":""2.4710""}"
2026-10-01T01:01:04.636059Z,1790816464478,MOVRUSDT,Sell,135.8,2.4730,"{""T"":1790816464478,""s"":""MOVRUSDT"",""S"":""Sell"",""v"":""135.8"",""p"":""2.4730""}"
2026-10-01T01:01:04.636059Z,1790816464502,MOVRUSDT,Sell,198.4,2.4580,"{""T"":1790816464502,""s"":""MOVRUSDT"",""S"":""Sell"",""v"":""198.4"",""p"":""2.4580""}"
2026-10-01T01:01:05.136160Z,1790816464585,MOVRUSDT,Sell,7.2,2.4750,"{""T"":1790816464585,""s"":""MOVRUSDT"",""S"":""Sell"",""v"":""7.2"",""p"":""2.4750""}"
2026-10-01T01:01:05.136160Z,1790816464710,MOVRUSDT,Sell,26.5,2.4710,"{""T"":1790816464710,""s"":""MOVRUSDT"",""S"":""Sell"",""v"":""26.5"",""p"":""2.4710""}"
2026-10-01T01:01:05.136160Z,1790816464752,MOVRUSDT,Sell,2.2,2.4660,"{""T"":1790816464752,""s"":""MOVRUSDT"",""S"":""Sell"",""v"":""2.2"",""p"":""2.4660""}"
2026-10-01T01:01:05.136160Z,1790816465036,MOVRUSDT,Sell,187.4,2.4640,"{""T"":1790816465036,""s"":""MOVRUSDT"",""S"":""Sell"",""v"":""187.4"",""p"":""2.4640""}"
2026-10-01T01:01:05.408098Z,1790816465036,HBARUSDT,Buy,130,0.10350,"{""T"":1790816465036,""s"":""HBARUSDT"",""S"":""Buy"",""v"":""130"",""p"":""0.10350""}"
2026-10-01T01:01:05.487307Z,1790816465036,BTWUSDT,Sell,50,1.38594,"{""T"":1790816465036,""s"":""BTWUSDT"",""S"":""Sell"",""v"":""50"",""p"":""1.38594""}"
2026-10-01T01:01:05.635747Z,1790816465066,MOVRUSDT,Sell,13.3,2.4750,"{""T"":1790816465066,""s"":""MOVRUSDT"",""S"":""Sell"",""v"":""13.3"",""p"":""2.4750""}"
2026-10-01T01:01:05.635747Z,1790816465066,MOVRUSDT,Sell,24.3,2.4670,"{""T"":1790816465066,""s"":""MOVRUSDT"",""S"":""Sell"",""v"":""24.3"",""p"":""2.4670""}"
2026-10-01T01:01:05.635747Z,1790816465225,MOVRUSDT,Sell,487.0,2.4640,"{""T"":1790816465225,""s"":""MOVRUSDT"",""S"":""Sell"",""v"":""487.0"",""p"":""2.4640""}"
2026-10-01T01:01:05.635747Z,1790816465403,MOVRUSDT,Sell,10.0,2.4870,"{""T"":1790816465403,""s"":""MOVRUSDT"",""S"":""Sell"",""v"":""10.0"",""p"":""2.4870""}"
2026-10-01T01:01:05.635747Z,1790816465414,MOVRUSDT,Sell,29.0,2.4860,"{""T"":1790816465414,""s"":""MOVRUSDT"",""S"":""Sell"",""v"":""29.0"",""p"":""2.4860""}"
2026-10-01T01:01:05.635747Z,1790816465518,MOVRUSDT,Sell,22.5,2.4930,"{""T"":1790816465518,""s"":""MOVRUSDT"",""S"":""Sell"",""v"":""22.5"",""p"":""2.4930""}"
2026-10-01T01:01:05.635747Z,1790816465537,MOVRUSDT,Sell,440.7,2.4930,"{""T"":1790816465537,""s"":""MOVRUSDT"",""S"":""Sell"",""v"":""440.7"",""p"":""2.4930""}"
2026-10-01T01:01:05.992840Z,1790816465795,SOONUSDT,Sell,200,0.50550,"{""T"":1790816465795,""s"":""SOONUSDT"",""S"":""Sell"",""v"":""200"",""p"":""0.50550""}"
2026-10-01T01:01:06.136373Z,1790816465647,MOVRUSDT,Sell,5.1,2.4760,"{""T"":1790816465647,""s"":""MOVRUSDT"",""S"":""Sell"",""v"":""5.1"",""p"":""2.4760""}"
2026-10-01T01:01:06.136373Z,1790816465791,MOVRUSDT,Sell,210.5,2.4800,"{""T"":1790816465791,""s"":""MOVRUSDT"",""S"":""Sell"",""v"":""210.5"",""p"":""2.4800""}"
2026-10-01T01:01:06.136373Z,1790816465795,MOVRUSDT,Sell,60.0,2.4840,"{""T"":1790816465795,""s"":""MOVRUSDT"",""S"":""Sell"",""v"":""60.0"",""p"":""2.4840""}"
2026-10-01T01:01:06.136373Z,1790816465809,MOVRUSDT,Sell,30.0,2.4790,"{""T"":1790816465809,""s"":""MOVRUSDT"",""S"":""Sell"",""v"":""30.0"",""p"":""2.4790""}"
2026-10-01T01:01:06.136373Z,1790816465891,MOVRUSDT,Sell,42.8,2.4890,"{""T"":1790816465891,""s"":""MOVRUSDT"",""S"":""Sell"",""v"":""42.8"",""p"":""2.4890""}"
2026-10-01T01:01:06.136373Z,1790816465970,MOVRUSDT,Sell,179.8,2.4820,"{""T"":1790816465970,""s"":""MOVRUSDT"",""S"":""Sell"",""v"":""179.8"",""p"":""2.4820""}"
2026-10-01T01:01:06.136373Z,1790816466021,MOVRUSDT,Sell,649.3,2.4910,"{""T"":1790816466021,""s"":""MOVRUSDT"",""S"":""Sell"",""v"":""649.3"",""p"":""2.4910""}"
2026-10-01T01:01:06.635770Z,1790816466200,MOVRUSDT,Sell,51.7,2.4830,"{""T"":1790816466200,""s"":""MOVRUSDT"",""S"":""Sell"",""v"":""51.7"",""p"":""2.4830""}"
2026-10-01T01:01:06.986952Z,1790816466514,NIGHTUSDT,Sell,7010,0.04058,"{""T"":1790816466514,""s"":""NIGHTUSDT"",""S"":""Sell"",""v"":""7010"",""p"":""0.04058""}"
2026-10-01T01:01:11.830168Z,1790816471545,LONGXIAUSDT,Sell,2541,0.0418,"{""T"":1790816471545,""s"":""LONGXIAUSDT"",""S"":""Sell"",""v"":""2541"",""p"":""0.0418""}"
2026-10-01T01:01:20.829795Z,1790816480560,LONGXIAUSDT,Sell,1997,0.0419,"{""T"":1790816480560,""s"":""LONGXIAUSDT"",""S"":""Sell"",""v"":""1997"",""p"":""0.0419""}"
2026-10-01T01:01:24.997330Z,1790816484769,STXUSDT,Sell,61.7,0.38860,"{""T"":1790816484769,""s"":""STXUSDT"",""S"":""Sell"",""v"":""61.7"",""p"":""0.38860""}"
2026-10-01T01:01:25.997288Z,1790816485715,STXUSDT,Sell,193.0,0.38890,"{""T"":1790816485715,""s"":""STXUSDT"",""S"":""Sell"",""v"":""193.0"",""p"":""0.38890""}"
2026-10-01T01:01:34.636582Z,1790816494327,MOVRUSDT,Sell,3.7,2.4940,"{""T"":1790816494327,""s"":""MOVRUSDT"",""S"":""Sell"",""v"":""3.7"",""p"":""2.4940""}"
2026-10-01T01:01:35.135817Z,1790816494714,MOVRUSDT,Sell,355.8,2.4950,"{""T"":1790816494714,""s"":""MOVRUSDT"",""S"":""Sell"",""v"":""355.8"",""p"":""2.4950""}"
2026-10-01T01:01:35.135817Z,1790816494897,MOVRUSDT,Sell,180.0,2.4980,"{""T"":1790816494897,""s"":""MOVRUSDT"",""S"":""Sell"",""v"":""180.0"",""p"":""2.4980""}"
2026-10-01T01:01:35.407962Z,1790816495068,JUPUSDT,Buy,640,0.32610,"{""T"":1790816495068,""s"":""JUPUSDT"",""S"":""Buy"",""v"":""640"",""p"":""0.32610""}"
2026-10-01T01:01:35.408401Z,1790816495068,CRVUSDT,Sell,300.0,0.3965,"{""T"":1790816495068,""s"":""CRVUSDT"",""S"":""Sell"",""v"":""300.0"",""p"":""0.3965""}"
2026-10-01T01:01:35.455896Z,1790816495068,ETHUSDT,Buy,0.14,2675.03,"{""T"":1790816495068,""s"":""ETHUSDT"",""S"":""Buy"",""v"":""0.14"",""p"":""2675.03""}"
2026-10-01T01:01:35.487046Z,1790816495068,ZROUSDT,Buy,60.0,1.6863,"{""T"":1790816495068,""s"":""ZROUSDT"",""S"":""Buy"",""v"":""60.0"",""p"":""1.6863""}"
2026-10-01T01:01:35.497042Z,1790816495068,PENGUUSDT,Buy,12000,0.009579,"{""T"":1790816495068,""s"":""PENGUUSDT"",""S"":""Buy"",""v"":""12000"",""p"":""0.009579""}"
2026-10-01T01:01:35.516649Z,1790816495068,TAOUSDT,Sell,0.350,303.58,"{""T"":1790816495068,""s"":""TAOUSDT"",""S"":""Sell"",""v"":""0.350"",""p"":""303.58""}"
2026-10-01T01:01:35.517153Z,1790816495068,LTCUSDT,Sell,0.2,67.72,"{""T"":1790816495068,""s"":""LTCUSDT"",""S"":""Sell"",""v"":""0.2"",""p"":""67.72""}"
2026-10-01T01:01:35.566728Z,1790816495068,BTCUSDT,Buy,0.002,83201.10,"{""T"":1790816495068,""s"":""BTCUSDT"",""S"":""Buy"",""v"":""0.002"",""p"":""83201.10""}"
2026-10-01T01:01:35.635765Z,1790816495068,MOVRUSDT,Sell,150.0,2.4960,"{""T"":1790816495068,""s"":""MOVRUSDT"",""S"":""Sell"",""v"":""150.0"",""p"":""2.4960""}"
2026-10-01T01:01:36.136089Z,1790816495770,MOVRUSDT,Sell,2151.0,2.4980,"{""T"":1790816495770,""s"":""MOVRUSDT"",""S"":""Sell"",""v"":""2151.0"",""p"":""2.4980""}"
2026-10-01T01:01:36.486849Z,1790816496369,NIGHTUSDT,Sell,2190,0.04048,"{""T"":1790816496369,""s"":""NIGHTUSDT"",""S"":""Sell"",""v"":""2190"",""p"":""0.04048""}"
2026-10-01T01:01:36.635803Z,1790816496369,MOVRUSDT,Sell,40.6,2.5020,"{""T"":1790816496369,""s"":""MOVRUSDT"",""S"":""Sell"",""v"":""40.6"",""p"":""2.5020""}"
2026-10-01T01:01:36.829735Z,1790816496371,LONGXIAUSDT,Sell,2506,0.0430,"{""T"":1790816496371,""s"":""LONGXIAUSDT"",""S"":""Sell"",""v"":""2506"",""p"":""0.0430""}"
2026-10-01T01:01:36.914586Z,1790816496611,DOGEUSDT,Sell,55,0.09523,"{""T"":1790816496611,""s"":""DOGEUSDT"",""S"":""Sell"",""v"":""55"",""p"":""0.09523""}"
2026-10-01T01:01:36.956131Z,1790816496611,ETHUSDT,Sell,0.03,2692.57,"{""T"":1790816496611,""s"":""ETHUSDT"",""S"":""Sell"",""v"":""0.03"",""p"":""2692.57""}"
2026-10-01T01:01:36.986762Z,1790816496611,XAGUSDT,Buy,0.234,60.15,"{""T"":1790816496611,""s"":""XAGUSDT"",""S"":""Buy"",""v"":""0.234"",""p"":""60.15""}"
2026-10-01T01:01:37.063154Z,1790816496611,BNBUSDT,Sell,0.01,775.00,"{""T"":1790816496611,""s"":""BNBUSDT"",""S"":""Sell"",""v"":""0.01"",""p"":""775.00""}"
2026-10-01T01:01:37.063540Z,1790816496611,SOLUSDT,Buy,0.1,117.400,"{""T"":1790816496611,""s"":""SOLUSDT"",""S"":""Buy"",""v"":""0.1"",""p"":""117.400""}"
2026-10-01T01:01:37.135930Z,1790816496611,MOVRUSDT,Sell,312.5,2.5030,"{""T"":1790816496611,""s"":""MOVRUSDT"",""S"":""Sell"",""v"":""312.5"",""p"":""2.5030""}"
2026-10-01T01:01:37.135930Z,1790816496617,MOVRUSDT,Sell,66.7,2.5020,"{""T"":1790816496617,""s"":""MOVRUSDT"",""S"":""Sell"",""v"":""66.7"",""p"":""2.5020""}"
2026-10-01T01:01:37.135930Z,1790816496673,MOVRUSDT,Sell,34.6,2.5000,"{""T"":1790816496673,""s"":""MOVRUSDT"",""S"":""Sell"",""v"":""34.6"",""p"":""2.5000""}"
2026-10-01T01:01:37.635674Z,1790816497322,MOVRUSDT,Sell,10.3,2.5050,"{""T"":1790816497322,""s"":""MOVRUSDT"",""S"":""Sell"",""v"":""10.3"",""p"":""2.5050""}"
2026-10-01T01:01:37.635674Z,1790816497521,MOVRUSDT,Sell,13.4,2.5030,"{""T"":1790816497521,""s"":""MOVRUSDT"",""S"":""Sell"",""v"":""13.4"",""p"":""2.5030""}"
2026-10-01T01:01:39.135889Z,1790816498856,MOVRUSDT,Sell,696.8,2.5070,"{""T"":1790816498856,""s"":""MOVRUSDT"",""S"":""Sell"",""v"":""696.8"",""p"":""2.5070""}"
2026-10-01T01:01:39.636256Z,1790816499528,MOVRUSDT,Sell,58.1,2.5020,"{""T"":1790816499528,""s"":""MOVRUSDT"",""S"":""Sell"",""v"":""58.1"",""p"":""2.5020""}"
2026-10-01T01:01:39.986676Z,1790816499528,NIGHTUSDT,Sell,3500,0.04059,"{""T"":1790816499528,""s"":""NIGHTUSDT"",""S"":""Sell"",""v"":""3500"",""p"":""0.04059""}"
2026-10-01T01:01:44.456195Z,1790816504121,QNTUSDT,Sell,15.83,297.98,"{""T"":1790816504121,""s"":""QNTUSDT"",""S"":""Sell"",""v"":""15.83"",""p"":""297.98""}"
2026-10-01T01:01:44.456195Z,1790816504145,QNTUSDT,Sell,0.34,297.93,"{""T"":1790816504145,""s"":""QNTUSDT"",""S"":""Sell"",""v"":""0.34"",""p"":""297.93""}"
2026-10-01T01:01:44.456195Z,1790816504356,QNTUSDT,Sell,0.04,298.07,"{""T"":1790816504356,""s"":""QNTUSDT"",""S"":""Sell"",""v"":""0.04"",""p"":""298.07""}"
2026-10-01T01:02:01.408420Z,1790816521161,DRAMUSDT,Sell,0.1,61.330,"{""T"":1790816521161,""s"":""DRAMUSDT"",""S"":""Sell"",""v"":""0.1"",""p"":""61.330""}"
2026-10-01T01:02:21.329725Z,1790816540990,LONGXIAUSDT,Sell,50428,0.0438,"{""T"":1790816540990,""s"":""LONGXIAUSDT"",""S"":""Sell"",""v"":""50428"",""p"":""0.0438""}"
2026-10-01T01:03:00.492359Z,1790816580289,SOONUSDT,Sell,219,0.50760,"{""T"":1790816580289,""s"":""SOONUSDT"",""S"":""Sell"",""v"":""219"",""p"":""0.50760""}"
2026-10-01T01:03:00.563319Z,1790816580290,SOLUSDT,Buy,0.6,117.480,"{""T"":1790816580290,""s"":""SOLUSDT"",""S"":""Buy"",""v"":""0.6"",""p"":""117.480""}"
2026-10-01T01:03:00.635610Z,1790816580289,MOVRUSDT,Sell,78.9,2.5090,"{""T"":1790816580289,""s"":""MOVRUSDT"",""S"":""Sell"",""v"":""78.9"",""p"":""2.5090""}"
2026-10-01T01:03:00.996907Z,1790816580671,INJUSDT,Buy,3.0,7.3590,"{""T"":1790816580671,""s"":""INJUSDT"",""S"":""Buy"",""v"":""3.0"",""p"":""7.3590""}"
2026-10-01T01:03:01.135651Z,1790816580671,MOVRUSDT,Sell,20.0,2.5100,"{""T"":1790816580671,""s"":""MOVRUSDT"",""S"":""Sell"",""v"":""20.0"",""p"":""2.5100""}"
2026-10-01T01:03:01.135651Z,1790816580967,MOVRUSDT,Sell,8.7,2.5100,"{""T"":1790816580967,""s"":""MOVRUSDT"",""S"":""Sell"",""v"":""8.7"",""p"":""2.5100""}"
2026-10-01T01:03:02.135811Z,1790816581962,MOVRUSDT,Sell,8.3,2.5120,"{""T"":1790816581962,""s"":""MOVRUSDT"",""S"":""Sell"",""v"":""8.3"",""p"":""2.5120""}"
2026-10-01T01:03:34.492796Z,1790816614031,SOONUSDT,Sell,102,0.51120,"{""T"":1790816614031,""s"":""SOONUSDT"",""S"":""Sell"",""v"":""102"",""p"":""0.51120""}"
2026-10-01T01:04:13.997809Z,1790816653866,STXUSDT,Sell,962.6,0.39000,"{""T"":1790816653866,""s"":""STXUSDT"",""S"":""Sell"",""v"":""962.6"",""p"":""0.39000""}"
2026-10-01T01:04:13.997809Z,1790816653894,STXUSDT,Sell,34.7,0.39010,"{""T"":1790816653894,""s"":""STXUSDT"",""S"":""Sell"",""v"":""34.7"",""p"":""0.39010""}"
2026-10-01T01:05:10.636166Z,1790816710067,ARKUSDT,Sell,149,0.27878,"{""T"":1790816710067,""s"":""ARKUSDT"",""S"":""Sell"",""v"":""149"",""p"":""0.27878""}"
2026-10-01T01:05:10.636166Z,1790816710148,ARKUSDT,Sell,56,0.27853,"{""T"":1790816710148,""s"":""ARKUSDT"",""S"":""Sell"",""v"":""56"",""p"":""0.27853""}"
2026-10-01T01:05:11.135680Z,1790816710787,ARKUSDT,Sell,292,0.27969,"{""T"":1790816710787,""s"":""ARKUSDT"",""S"":""Sell"",""v"":""292"",""p"":""0.27969""}"
2026-10-01T01:05:12.135769Z,1790816711694,ARKUSDT,Sell,4063,0.28258,"{""T"":1790816711694,""s"":""ARKUSDT"",""S"":""Sell"",""v"":""4063"",""p"":""0.28258""}"
2026-10-01T01:05:21.137657Z,1790816720921,ARKUSDT,Sell,16821,0.28491,"{""T"":1790816720921,""s"":""ARKUSDT"",""S"":""Sell"",""v"":""16821"",""p"":""0.28491""}"
2026-10-01T01:05:21.635678Z,1790816721203,ARKUSDT,Sell,7451,0.28585,"{""T"":1790816721203,""s"":""ARKUSDT"",""S"":""Sell"",""v"":""7451"",""p"":""0.28585""}"
2026-10-01T01:05:22.136027Z,1790816721616,ARKUSDT,Sell,3319,0.28500,"{""T"":1790816721616,""s"":""ARKUSDT"",""S"":""Sell"",""v"":""3319"",""p"":""0.28500""}"
2026-10-01T01:05:27.635735Z,1790816727425,MOVRUSDT,Sell,218.0,2.5130,"{""T"":1790816727425,""s"":""MOVRUSDT"",""S"":""Sell"",""v"":""218.0"",""p"":""2.5130""}"
2026-10-01T01:05:29.135667Z,1790816728920,ARKUSDT,Sell,291,0.28950,"{""T"":1790816728920,""s"":""ARKUSDT"",""S"":""Sell"",""v"":""291"",""p"":""0.28950""}"
2026-10-01T01:05:30.636038Z,1790816730088,ARKUSDT,Sell,336,0.29148,"{""T"":1790816730088,""s"":""ARKUSDT"",""S"":""Sell"",""v"":""336"",""p"":""0.29148""}"
2026-10-01T01:05:30.636038Z,1790816730136,ARKUSDT,Sell,25,0.29170,"{""T"":1790816730136,""s"":""ARKUSDT"",""S"":""Sell"",""v"":""25"",""p"":""0.29170""}"
2026-10-01T01:05:30.636038Z,1790816730226,ARKUSDT,Sell,1017,0.28982,"{""T"":1790816730226,""s"":""ARKUSDT"",""S"":""Sell"",""v"":""1017"",""p"":""0.28982""}"
2026-10-01T01:05:31.135684Z,1790816730677,ARKUSDT,Sell,232,0.29137,"{""T"":1790816730677,""s"":""ARKUSDT"",""S"":""Sell"",""v"":""232"",""p"":""0.29137""}"
2026-10-01T01:06:16.956576Z,1790816776836,QNTUSDT,Buy,0.07,290.70,"{""T"":1790816776836,""s"":""QNTUSDT"",""S"":""Buy"",""v"":""0.07"",""p"":""290.70""}"
2026-10-01T01:07:15.654388Z,1790816835395,MOVRUSDT,Buy,455.0,2.2940,"{""T"":1790816835395,""s"":""MOVRUSDT"",""S"":""Buy"",""v"":""455.0"",""p"":""2.2940""}"
2026-10-01T01:07:19.929608Z,1790816839661,HBARUSDT,Sell,312,0.10505,"{""T"":1790816839661,""s"":""HBARUSDT"",""S"":""Sell"",""v"":""312"",""p"":""0.10505""}"
2026-10-01T01:08:22.997153Z,1790816902561,DASHUSDT,Buy,53.24,59.38,"{""T"":1790816902561,""s"":""DASHUSDT"",""S"":""Buy"",""v"":""53.24"",""p"":""59.38""}"
2026-10-01T01:08:52.460399Z,1790816932265,QNTUSDT,Buy,0.02,289.82,"{""T"":1790816932265,""s"":""QNTUSDT"",""S"":""Buy"",""v"":""0.02"",""p"":""289.82""}"
2026-10-01T01:09:13.456336Z,1790816952895,QNTUSDT,Buy,0.19,288.21,"{""T"":1790816952895,""s"":""QNTUSDT"",""S"":""Buy"",""v"":""0.19"",""p"":""288.21""}"
2026-10-01T01:09:18.456055Z,1790816957977,QNTUSDT,Buy,4.00,287.31,"{""T"":1790816957977,""s"":""QNTUSDT"",""S"":""Buy"",""v"":""4.00"",""p"":""287.31""}"
2026-10-01T01:09:18.486758Z,1790816957977,SOXLUSDT,Buy,8.96,148.41,"{""T"":1790816957977,""s"":""SOXLUSDT"",""S"":""Buy"",""v"":""8.96"",""p"":""148.41""}"
2026-10-01T01:09:19.955770Z,1790816959405,QNTUSDT,Buy,1.45,286.82,"{""T"":1790816959405,""s"":""QNTUSDT"",""S"":""Buy"",""v"":""1.45"",""p"":""286.82""}"
2026-10-01T01:09:20.456504Z,1790816960304,QNTUSDT,Buy,7.79,286.39,"{""T"":1790816960304,""s"":""QNTUSDT"",""S"":""Buy"",""v"":""7.79"",""p"":""286.39""}"
2026-10-01T01:09:20.492618Z,1790816960304,SOONUSDT,Buy,1673,0.49020,"{""T"":1790816960304,""s"":""SOONUSDT"",""S"":""Buy"",""v"":""1673"",""p"":""0.49020""}"
2026-10-01T01:09:36.998850Z,1790816976729,STXUSDT,Sell,4766.9,0.39100,"{""T"":1790816976729,""s"":""STXUSDT"",""S"":""Sell"",""v"":""4766.9"",""p"":""0.39100""}"
2026-10-01T01:09:49.517237Z,1790816989023,NEARUSDT,Sell,60.1,5.3600,"{""T"":1790816989023,""s"":""NEARUSDT"",""S"":""Sell"",""v"":""60.1"",""p"":""5.3600""}"
2026-10-01T01:10:38.959576Z,1790817038852,QNTUSDT,Buy,0.20,286.27,"{""T"":1790817038852,""s"":""QNTUSDT"",""S"":""Buy"",""v"":""0.20"",""p"":""286.27""}"
2026-10-01T01:12:28.635894Z,1790817148311,MOVRUSDT,Buy,2.2,2.2590,"{""T"":1790817148311,""s"":""MOVRUSDT"",""S"":""Buy"",""v"":""2.2"",""p"":""2.2590""}"
2026-10-01T01:12:29.135644Z,1790817148688,MOVRUSDT,Buy,21.6,2.2510,"{""T"":1790817148688,""s"":""MOVRUSDT"",""S"":""Buy"",""v"":""21.6"",""p"":""2.2510""}"
2026-10-01T01:12:39.638693Z,1790817159366,MOVRUSDT,Buy,16.1,2.2270,"{""T"":1790817159366,""s"":""MOVRUSDT"",""S"":""Buy"",""v"":""16.1"",""p"":""2.2270""}"
2026-10-01T01:12:58.959562Z,1790817178634,QNTUSDT,Sell,0.14,294.81,"{""T"":1790817178634,""s"":""QNTUSDT"",""S"":""Sell"",""v"":""0.14"",""p"":""294.81""}"
2026-10-01T01:14:04.636113Z,1790817244215,ARKUSDT,Buy,15624,0.27241,"{""T"":1790817244215,""s"":""ARKUSDT"",""S"":""Buy"",""v"":""15624"",""p"":""0.27241""}"
2026-10-01T01:14:09.135723Z,1790817248855,MOVRUSDT,Sell,71.1,2.3940,"{""T"":1790817248855,""s"":""MOVRUSDT"",""S"":""Sell"",""v"":""71.1"",""p"":""2.3940""}"
2026-10-01T01:14:09.135723Z,1790817248983,MOVRUSDT,Sell,89.3,2.3870,"{""T"":1790817248983,""s"":""MOVRUSDT"",""S"":""Sell"",""v"":""89.3"",""p"":""2.3870""}"
2026-10-01T01:14:14.015999Z,1790817253708,LTCUSDT,Sell,3.9,67.98,"{""T"":1790817253708,""s"":""LTCUSDT"",""S"":""Sell"",""v"":""3.9"",""p"":""67.98""}"
2026-10-01T01:16:14.956620Z,1790817374580,QNTUSDT,Buy,0.21,289.53,"{""T"":1790817374580,""s"":""QNTUSDT"",""S"":""Buy"",""v"":""0.21"",""p"":""289.53""}"
2026-10-01T01:16:18.989839Z,1790817378507,PHAUSDT,Buy,1032,0.07222,"{""T"":1790817378507,""s"":""PHAUSDT"",""S"":""Buy"",""v"":""1032"",""p"":""0.07222""}"
2026-10-01T01:16:33.492953Z,1790817393018,SUIUSDT,Sell,10,1.19590,"{""T"":1790817393018,""s"":""SUIUSDT"",""S"":""Sell"",""v"":""10"",""p"":""1.19590""}"
2026-10-01T01:17:06.987527Z,1790817426442,NIGHTUSDT,Sell,50250,0.04087,"{""T"":1790817426442,""s"":""NIGHTUSDT"",""S"":""Sell"",""v"":""50250"",""p"":""0.04087""}"
2026-10-01T01:17:06.987527Z,1790817426724,NIGHTUSDT,Sell,510,0.04086,"{""T"":1790817426724,""s"":""NIGHTUSDT"",""S"":""Sell"",""v"":""510"",""p"":""0.04086""}"
2026-10-01T01:17:06.987527Z,1790817426731,NIGHTUSDT,Sell,290,0.04081,"{""T"":1790817426731,""s"":""NIGHTUSDT"",""S"":""Sell"",""v"":""290"",""p"":""0.04081""}"
2026-10-01T01:17:06.987527Z,1790817426825,NIGHTUSDT,Sell,3220,0.04084,"{""T"":1790817426825,""s"":""NIGHTUSDT"",""S"":""Sell"",""v"":""3220"",""p"":""0.04084""}"
2026-10-01T01:17:07.486830Z,1790817427192,NIGHTUSDT,Sell,5920,0.04084,"{""T"":1790817427192,""s"":""NIGHTUSDT"",""S"":""Sell"",""v"":""5920"",""p"":""0.04084""}"
2026-10-01T01:17:07.486830Z,1790817427318,NIGHTUSDT,Sell,1710,0.04087,"{""T"":1790817427318,""s"":""NIGHTUSDT"",""S"":""Sell"",""v"":""1710"",""p"":""0.04087""}"
2026-10-01T01:17:07.986982Z,1790817427881,NIGHTUSDT,Sell,5360,0.04090,"{""T"":1790817427881,""s"":""NIGHTUSDT"",""S"":""Sell"",""v"":""5360"",""p"":""0.04090""}"
2026-10-01T01:17:08.486959Z,1790817428109,NIGHTUSDT,Sell,100000,0.04090,"{""T"":1790817428109,""s"":""NIGHTUSDT"",""S"":""Sell"",""v"":""100000"",""p"":""0.04090""}"
2026-10-01T01:17:51.418196Z,1790817470863,DOGEUSDT,Sell,5384,0.09564,"{""T"":1790817470863,""s"":""DOGEUSDT"",""S"":""Sell"",""v"":""5384"",""p"":""0.09564""}"
2026-10-01T01:18:04.341891Z,1790817484191,ONDOUSDT,Sell,136,0.5145,"{""T"":1790817484191,""s"":""ONDOUSDT"",""S"":""Sell"",""v"":""136"",""p"":""0.5145""}"
2026-10-01T01:18:15.338474Z,1790817494948,AAVEUSDT,Sell,274.49,161.45,"{""T"":1790817494948,""s"":""AAVEUSDT"",""S"":""Sell"",""v"":""274.49"",""p"":""161.45""}"
2026-10-01T01:18:27.987219Z,1790817507486,XAUUSDT,Sell,0.003,4184.66,"{""T"":1790817507486,""s"":""XAUUSDT"",""S"":""Sell"",""v"":""0.003"",""p"":""4184.66""}"
2026-10-01T01:18:37.986782Z,1790817517499,NIGHTUSDT,Sell,1110,0.04095,"{""T"":1790817517499,""s"":""NIGHTUSDT"",""S"":""Sell"",""v"":""1110"",""p"":""0.04095""}"
2026-10-01T01:18:37.986782Z,1790817517737,NIGHTUSDT,Sell,15740,0.04091,"{""T"":1790817517737,""s"":""NIGHTUSDT"",""S"":""Sell"",""v"":""15740"",""p"":""0.04091""}"
2026-10-01T01:18:37.986782Z,1790817517879,NIGHTUSDT,Sell,20460,0.04092,"{""T"":1790817517879,""s"":""NIGHTUSDT"",""S"":""Sell"",""v"":""20460"",""p"":""0.04092""}"
2026-10-01T01:18:38.486486Z,1790817518051,NIGHTUSDT,Sell,1010,0.04094,"{""T"":1790817518051,""s"":""NIGHTUSDT"",""S"":""Sell"",""v"":""1010"",""p"":""0.04094""}"
2026-10-01T01:18:45.987246Z,1790817525558,NIGHTUSDT,Sell,2680,0.04096,"{""T"":1790817525558,""s"":""NIGHTUSDT"",""S"":""Sell"",""v"":""2680"",""p"":""0.04096""}"
2026-10-01T01:18:45.987246Z,1790817525782,NIGHTUSDT,Sell,2680,0.04097,"{""T"":1790817525782,""s"":""NIGHTUSDT"",""S"":""Sell"",""v"":""2680"",""p"":""0.04097""}"
2026-10-01T01:18:45.987246Z,1790817525873,NIGHTUSDT,Sell,560,0.04097,"{""T"":1790817525873,""s"":""NIGHTUSDT"",""S"":""Sell"",""v"":""560"",""p"":""0.04097""}"
2026-10-01T01:18:47.486842Z,1790817527116,NIGHTUSDT,Sell,210,0.04097,"{""T"":1790817527116,""s"":""NIGHTUSDT"",""S"":""Sell"",""v"":""210"",""p"":""0.04097""}"
2026-10-01T01:18:47.486842Z,1790817527174,NIGHTUSDT,Sell,300,0.04100,"{""T"":1790817527174,""s"":""NIGHTUSDT"",""S"":""Sell"",""v"":""300"",""p"":""0.04100""}"
2026-10-01T01:20:05.987154Z,1790817605810,NIGHTUSDT,Sell,190,0.04099,"{""T"":1790817605810,""s"":""NIGHTUSDT"",""S"":""Sell"",""v"":""190"",""p"":""0.04099""}"
2026-10-01T01:20:18.329671Z,1790817617779,LONGXIAUSDT,Buy,5078,0.0371,"{""T"":1790817617779,""s"":""LONGXIAUSDT"",""S"":""Buy"",""v"":""5078"",""p"":""0.0371""}"
2026-10-01T01:20:52.492266Z,1790817652335,SUIUSDT,Sell,250,1.19810,"{""T"":1790817652335,""s"":""SUIUSDT"",""S"":""Sell"",""v"":""250"",""p"":""1.19810""}"
2026-10-01T01:20:58.986836Z,1790817658517,NIGHTUSDT,Sell,170,0.04109,"{""T"":1790817658517,""s"":""NIGHTUSDT"",""S"":""Sell"",""v"":""170"",""p"":""0.04109""}"
2026-10-01T01:20:58.986836Z,1790817658788,NIGHTUSDT,Sell,25420,0.04109,"{""T"":1790817658788,""s"":""NIGHTUSDT"",""S"":""Sell"",""v"":""25420"",""p"":""0.04109""}"
2026-10-01T01:20:59.487310Z,1790817659136,NIGHTUSDT,Sell,1130,0.04109,"{""T"":1790817659136,""s"":""NIGHTUSDT"",""S"":""Sell"",""v"":""1130"",""p"":""0.04109""}"
2026-10-01T01:21:00.908117Z,1790817660670,BCHUSDT,Sell,0.35,309.90,"{""T"":1790817660670,""s"":""BCHUSDT"",""S"":""Sell"",""v"":""0.35"",""p"":""309.90""}"
2026-10-01T01:21:03.136713Z,1790817663000,MOVRUSDT,Sell,17.2,2.4010,"{""T"":1790817663000,""s"":""MOVRUSDT"",""S"":""Sell"",""v"":""17.2"",""p"":""2.4010""}"
2026-10-01T01:21:08.486910Z,1790817668334,XAUUSDT,Sell,0.433,4186.25,"{""T"":1790817668334,""s"":""XAUUSDT"",""S"":""Sell"",""v"":""0.433"",""p"":""4186.25""}"
2026-10-01T01:21:12.956245Z,1790817672576,ETHUSDT,Sell,5.58,2699.56,"{""T"":1790817672576,""s"":""ETHUSDT"",""S"":""Sell"",""v"":""5.58"",""p"":""2699.56""}"
2026-10-01T01:21:12.993132Z,1790817672576,SUIUSDT,Sell,9250,1.19860,"{""T"":1790817672576,""s"":""SUIUSDT"",""S"":""Sell"",""v"":""9250"",""p"":""1.19860""}"
2026-10-01T01:21:20.838244Z,1790817680555,XRPUSDT,Sell,49.5,1.5024,"{""T"":1790817680555,""s"":""XRPUSDT"",""S"":""Sell"",""v"":""49.5"",""p"":""1.5024""}"
2026-10-01T01:21:33.987353Z,1790817693577,NIGHTUSDT,Sell,39510,0.04114,"{""T"":1790817693577,""s"":""NIGHTUSDT"",""S"":""Sell"",""v"":""39510"",""p"":""0.04114""}"
2026-10-01T01:21:33.987353Z,1790817693636,NIGHTUSDT,Sell,13990,0.04114,"{""T"":1790817693636,""s"":""NIGHTUSDT"",""S"":""Sell"",""v"":""13990"",""p"":""0.04114""}"
2026-10-01T01:21:33.987353Z,1790817693832,NIGHTUSDT,Sell,26180,0.04114,"{""T"":1790817693832,""s"":""NIGHTUSDT"",""S"":""Sell"",""v"":""26180"",""p"":""0.04114""}"
2026-10-01T01:21:42.325664Z,1790817701786,FARTCOINUSDT,Sell,1452,0.18178,"{""T"":1790817701786,""s"":""FARTCOINUSDT"",""S"":""Sell"",""v"":""1452"",""p"":""0.18178""}"
2026-10-01T01:21:42.492696Z,1790817701923,SUIUSDT,Sell,40,1.19900,"{""T"":1790817701923,""s"":""SUIUSDT"",""S"":""Sell"",""v"":""40"",""p"":""1.19900""}"
2026-10-01T01:22:27.414783Z,1790817746990,DOGEUSDT,Sell,75,0.09594,"{""T"":1790817746990,""s"":""DOGEUSDT"",""S"":""Sell"",""v"":""75"",""p"":""0.09594""}"
2026-10-01T01:24:50.997471Z,1790817890443,LINKUSDT,Sell,6.7,14.533,"{""T"":1790817890443,""s"":""LINKUSDT"",""S"":""Sell"",""v"":""6.7"",""p"":""14.533""}"
2026-10-01T01:24:55.997582Z,1790817895530,STXUSDT,Buy,244.4,0.37750,"{""T"":1790817895530,""s"":""STXUSDT"",""S"":""Buy"",""v"":""244.4"",""p"":""0.37750""}"
2026-10-01T01:25:07.636291Z,1790817907367,MOVRUSDT,Sell,25.0,2.4140,"{""T"":1790817907367,""s"":""MOVRUSDT"",""S"":""Sell"",""v"":""25.0"",""p"":""2.4140""}"
2026-10-01T01:25:13.135660Z,1790817913040,MOVRUSDT,Sell,111.9,2.4170,"{""T"":1790817913040,""s"":""MOVRUSDT"",""S"":""Sell"",""v"":""111.9"",""p"":""2.4170""}"
2026-10-01T01:26:07.960005Z,1790817967706,QNTUSDT,Sell,0.02,299.23,"{""T"":1790817967706,""s"":""QNTUSDT"",""S"":""Sell"",""v"":""0.02"",""p"":""299.23""}"
2026-10-01T01:26:07.987066Z,1790817967728,NIGHTUSDT,Buy,2620,0.03963,"{""T"":1790817967728,""s"":""NIGHTUSDT"",""S"":""Buy"",""v"":""2620"",""p"":""0.03963""}"
2026-10-01T01:26:21.457103Z,1790817981267,QNTUSDT,Sell,0.83,299.86,"{""T"":1790817981267,""s"":""QNTUSDT"",""S"":""Sell"",""v"":""0.83"",""p"":""299.86""}"
2026-10-01T01:26:21.956290Z,1790817981481,QNTUSDT,Sell,0.04,299.78,"{""T"":1790817981481,""s"":""QNTUSDT"",""S"":""Sell"",""v"":""0.04"",""p"":""299.78""}"
2026-10-01T01:26:28.956137Z,1790817988829,ETHUSDT,Sell,0.01,2700.64,"{""T"":1790817988829,""s"":""ETHUSDT"",""S"":""Sell"",""v"":""0.01"",""p"":""2700.64""}"
2026-10-01T01:26:29.456268Z,1790817989287,ETHUSDT,Sell,0.02,2700.37,"{""T"":1790817989287,""s"":""ETHUSDT"",""S"":""Sell"",""v"":""0.02"",""p"":""2700.37""}"
2026-10-01T01:27:42.459537Z,1790818062040,QNTUSDT,Sell,12.92,303.06,"{""T"":1790818062040,""s"":""QNTUSDT"",""S"":""Sell"",""v"":""12.92"",""p"":""303.06""}"
2026-10-01T01:27:42.956064Z,1790818062416,QNTUSDT,Sell,1.03,302.82,"{""T"":1790818062416,""s"":""QNTUSDT"",""S"":""Sell"",""v"":""1.03"",""p"":""302.82""}"
2026-10-01T01:27:42.992941Z,1790818062416,1000BONKUSDT,Sell,78900,0.0039210,"{""T"":1790818062416,""s"":""1000BONKUSDT"",""S"":""Sell"",""v"":""78900"",""p"":""0.0039210""}"
2026-10-01T01:27:53.489996Z,1790818073087,PHAUSDT,Buy,2942,0.07125,"{""T"":1790818073087,""s"":""PHAUSDT"",""S"":""Buy"",""v"":""2942"",""p"":""0.07125""}"
2026-10-01T01:28:14.636107Z,1790818094186,MOVRUSDT,Buy,93.0,2.2380,"{""T"":1790818094186,""s"":""MOVRUSDT"",""S"":""Buy"",""v"":""93.0"",""p"":""2.2380""}"
2026-10-01T01:28:23.636160Z,1790818103272,MOVRUSDT,Buy,550.0,2.2220,"{""T"":1790818103272,""s"":""MOVRUSDT"",""S"":""Buy"",""v"":""550.0"",""p"":""2.2220""}"
2026-10-01T01:28:23.636160Z,1790818103484,MOVRUSDT,Buy,20.2,2.2210,"{""T"":1790818103484,""s"":""MOVRUSDT"",""S"":""Buy"",""v"":""20.2"",""p"":""2.2210""}"
2026-10-01T01:28:24.136012Z,1790818103704,MOVRUSDT,Buy,8.5,2.2120,"{""T"":1790818103704,""s"":""MOVRUSDT"",""S"":""Buy"",""v"":""8.5"",""p"":""2.2120""}"
2026-10-01T01:28:25.636250Z,1790818105086,MOVRUSDT,Buy,7.5,2.2030,"{""T"":1790818105086,""s"":""MOVRUSDT"",""S"":""Buy"",""v"":""7.5"",""p"":""2.2030""}"
2026-10-01T01:28:32.635748Z,1790818112520,MOVRUSDT,Buy,624.8,2.1490,"{""T"":1790818112520,""s"":""MOVRUSDT"",""S"":""Buy"",""v"":""624.8"",""p"":""2.1490""}"
2026-10-01T01:28:33.135810Z,1790818112848,MOVRUSDT,Buy,20.9,2.1540,"{""T"":1790818112848,""s"":""MOVRUSDT"",""S"":""Buy"",""v"":""20.9"",""p"":""2.1540""}"
2026-10-01T01:28:33.135810Z,1790818112919,MOVRUSDT,Buy,205.5,2.1810,"{""T"":1790818112919,""s"":""MOVRUSDT"",""S"":""Buy"",""v"":""205.5"",""p"":""2.1810""}"
2026-10-01T01:28:33.135810Z,1790818113013,MOVRUSDT,Buy,694.3,2.1700,"{""T"":1790818113013,""s"":""MOVRUSDT"",""S"":""Buy"",""v"":""694.3"",""p"":""2.1700""}"
2026-10-01T01:28:33.635615Z,1790818113177,MOVRUSDT,Buy,100.0,2.1400,"{""T"":1790818113177,""s"":""MOVRUSDT"",""S"":""Buy"",""v"":""100.0"",""p"":""2.1400""}"
2026-10-01T01:28:33.635615Z,1790818113198,MOVRUSDT,Buy,857.3,2.1440,"{""T"":1790818113198,""s"":""MOVRUSDT"",""S"":""Buy"",""v"":""857.3"",""p"":""2.1440""}"
2026-10-01T01:29:16.956584Z,1790818156793,QNTUSDT,Sell,0.53,303.67,"{""T"":1790818156793,""s"":""QNTUSDT"",""S"":""Sell"",""v"":""0.53"",""p"":""303.67""}"
2026-10-01T01:29:17.455883Z,1790818157010,QNTUSDT,Sell,0.34,303.65,"{""T"":1790818157010,""s"":""QNTUSDT"",""S"":""Sell"",""v"":""0.34"",""p"":""303.65""}"
2026-10-01T01:29:18.455925Z,1790818158303,QNTUSDT,Sell,1.43,303.78,"{""T"":1790818158303,""s"":""QNTUSDT"",""S"":""Sell"",""v"":""1.43"",""p"":""303.78""}"
2026-10-01T01:29:18.956170Z,1790818158547,QNTUSDT,Sell,0.73,303.71,"{""T"":1790818158547,""s"":""QNTUSDT"",""S"":""Sell"",""v"":""0.73"",""p"":""303.71""}"
2026-10-01T01:29:24.456148Z,1790818164243,QNTUSDT,Buy,0.02,296.90,"{""T"":1790818164243,""s"":""QNTUSDT"",""S"":""Buy"",""v"":""0.02"",""p"":""296.90""}"
2026-10-01T01:29:47.635998Z,1790818187103,MOVRUSDT,Buy,600.0,2.1170,"{""T"":1790818187103,""s"":""MOVRUSDT"",""S"":""Buy"",""v"":""600.0"",""p"":""2.1170""}"
2026-10-01T01:29:47.635998Z,1790818187104,MOVRUSDT,Buy,173.7,2.1180,"{""T"":1790818187104,""s"":""MOVRUSDT"",""S"":""Buy"",""v"":""173.7"",""p"":""2.1180""}"
2026-10-01T01:29:48.135628Z,1790818187764,MOVRUSDT,Buy,1001.4,2.1220,"{""T"":1790818187764,""s"":""MOVRUSDT"",""S"":""Buy"",""v"":""1001.4"",""p"":""2.1220""}"
2026-10-01T01:29:48.635878Z,1790818188309,MOVRUSDT,Buy,832.7,2.1070,"{""T"":1790818188309,""s"":""MOVRUSDT"",""S"":""Buy"",""v"":""832.7"",""p"":""2.1070""}"
2026-10-01T01:29:48.635878Z,1790818188545,MOVRUSDT,Buy,18.0,2.1020,"{""T"":1790818188545,""s"":""MOVRUSDT"",""S"":""Buy"",""v"":""18.0"",""p"":""2.1020""}"
2026-10-01T01:29:49.135704Z,1790818188942,MOVRUSDT,Buy,430.8,2.1040,"{""T"":1790818188942,""s"":""MOVRUSDT"",""S"":""Buy"",""v"":""430.8"",""p"":""2.1040""}"
2026-10-01T01:29:49.635662Z,1790818189255,MOVRUSDT,Buy,317.4,2.1070,"{""T"":1790818189255,""s"":""MOVRUSDT"",""S"":""Buy"",""v"":""317.4"",""p"":""2.1070""}"
2026-10-01T01:29:53.456261Z,1790818193060,QNTUSDT,Sell,13.73,304.19,"{""T"":1790818193060,""s"":""QNTUSDT"",""S"":""Sell"",""v"":""13.73"",""p"":""304.19""}"
2026-10-01T01:31:33.135878Z,1790818293044,MOVRUSDT,Buy,5.4,2.0880,"{""T"":1790818293044,""s"":""MOVRUSDT"",""S"":""Buy"",""v"":""5.4"",""p"":""2.0880""}"
2026-10-01T01:31:34.136299Z,1790818293601,MOVRUSDT,Buy,2.7,2.0870,"{""T"":1790818293601,""s"":""MOVRUSDT"",""S"":""Buy"",""v"":""2.7"",""p"":""2.0870""}"
2026-10-01T01:31:34.136299Z,1790818293780,MOVRUSDT,Buy,176.6,2.0860,"{""T"":1790818293780,""s"":""MOVRUSDT"",""S"":""Buy"",""v"":""176.6"",""p"":""2.0860""}"
2026-10-01T01:31:49.635993Z,1790818309545,MOVRUSDT,Buy,550.5,2.0810,"{""T"":1790818309545,""s"":""MOVRUSDT"",""S"":""Buy"",""v"":""550.5"",""p"":""2.0810""}"
2026-10-01T01:31:51.635823Z,1790818311080,MOVRUSDT,Buy,2.2,2.0740,"{""T"":1790818311080,""s"":""MOVRUSDT"",""S"":""Buy"",""v"":""2.2"",""p"":""2.0740""}"
2026-10-01T01:31:52.135877Z,1790818311886,MOVRUSDT,Buy,16.7,2.0700,"{""T"":1790818311886,""s"":""MOVRUSDT"",""S"":""Buy"",""v"":""16.7"",""p"":""2.0700""}"
2026-10-01T01:32:13.138954Z,1790818332626,MOVRUSDT,Sell,11.3,2.2430,"{""T"":1790818332626,""s"":""MOVRUSDT"",""S"":""Sell"",""v"":""11.3"",""p"":""2.2430""}"
2026-10-01T01:32:24.136232Z,1790818343910,MOVRUSDT,Sell,5.3,2.2580,"{""T"":1790818343910,""s"":""MOVRUSDT"",""S"":""Sell"",""v"":""5.3"",""p"":""2.2580""}"
2026-10-01T01:33:20.995235Z,1790818400417,SOONUSDT,Sell,94,0.51410,"{""T"":1790818400417,""s"":""SOONUSDT"",""S"":""Sell"",""v"":""94"",""p"":""0.51410""}"
2026-10-01T01:33:21.993079Z,1790818401802,SOONUSDT,Sell,13,0.51460,"{""T"":1790818401802,""s"":""SOONUSDT"",""S"":""Sell"",""v"":""13"",""p"":""0.51460""}"
2026-10-01T01:33:23.956085Z,1790818403769,QNTUSDT,Sell,0.03,301.85,"{""T"":1790818403769,""s"":""QNTUSDT"",""S"":""Sell"",""v"":""0.03"",""p"":""301.85""}"
2026-10-01T01:33:56.859408Z,1790818436337,SOXSUSDT,Buy,16.85,32.28,"{""T"":1790818436337,""s"":""SOXSUSDT"",""S"":""Buy"",""v"":""16.85"",""p"":""32.28""}"
2026-10-01T01:34:31.492304Z,1790818470941,SOONUSDT,Sell,101,0.51670,"{""T"":1790818470941,""s"":""SOONUSDT"",""S"":""Sell"",""v"":""101"",""p"":""0.51670""}"
2026-10-01T01:35:20.995258Z,1790818520618,SOONUSDT,Sell,4896,0.51750,"{""T"":1790818520618,""s"":""SOONUSDT"",""S"":""Sell"",""v"":""4896"",""p"":""0.51750""}"
2026-10-01T01:35:28.497568Z,1790818528234,STXUSDT,Buy,48.6,0.37990,"{""T"":1790818528234,""s"":""STXUSDT"",""S"":""Buy"",""v"":""48.6"",""p"":""0.37990""}"
2026-10-01T01:37:31.838329Z,1790818651445,ONDOUSDT,Buy,32,0.5007,"{""T"":1790818651445,""s"":""ONDOUSDT"",""S"":""Buy"",""v"":""32"",""p"":""0.5007""}"
2026-10-01T01:37:39.996939Z,1790818659629,DASHUSDT,Buy,41.01,59.14,"{""T"":1790818659629,""s"":""DASHUSDT"",""S"":""Buy"",""v"":""41.01"",""p"":""59.14""}"
2026-10-01T01:39:07.456581Z,1790818747047,QNTUSDT,Buy,0.05,293.73,"{""T"":1790818747047,""s"":""QNTUSDT"",""S"":""Buy"",""v"":""0.05"",""p"":""293.73""}"
2026-10-01T01:41:09.996886Z,1790818869660,STXUSDT,Buy,451.0,0.36910,"{""T"":1790818869660,""s"":""STXUSDT"",""S"":""Buy"",""v"":""451.0"",""p"":""0.36910""}"
2026-10-01T01:41:21.498148Z,1790818880961,STXUSDT,Buy,218.7,0.36700,"{""T"":1790818880961,""s"":""STXUSDT"",""S"":""Buy"",""v"":""218.7"",""p"":""0.36700""}"
2026-10-01T01:41:44.338849Z,1790818903849,LITUSDT,Buy,116.9,3.8550,"{""T"":1790818903849,""s"":""LITUSDT"",""S"":""Buy"",""v"":""116.9"",""p"":""3.8550""}"
2026-10-01T01:43:25.487561Z,1790819005319,USUSDT,Buy,970,0.024890,"{""T"":1790819005319,""s"":""USUSDT"",""S"":""Buy"",""v"":""970"",""p"":""0.024890""}"
2026-10-01T01:43:54.987243Z,1790819034606,USUSDT,Buy,2660,0.024890,"{""T"":1790819034606,""s"":""USUSDT"",""S"":""Buy"",""v"":""2660"",""p"":""0.024890""}"
2026-10-01T01:44:48.987373Z,1790819088582,USUSDT,Buy,390,0.024740,"{""T"":1790819088582,""s"":""USUSDT"",""S"":""Buy"",""v"":""390"",""p"":""0.024740""}"
2026-10-01T01:44:51.486720Z,1790819091255,USUSDT,Buy,13280,0.024690,"{""T"":1790819091255,""s"":""USUSDT"",""S"":""Buy"",""v"":""13280"",""p"":""0.024690""}"
2026-10-01T01:44:52.486856Z,1790819092104,USUSDT,Buy,8330,0.024660,"{""T"":1790819092104,""s"":""USUSDT"",""S"":""Buy"",""v"":""8330"",""p"":""0.024660""}"
2026-10-01T01:44:58.987262Z,1790819098894,USUSDT,Buy,500,0.024610,"{""T"":1790819098894,""s"":""USUSDT"",""S"":""Buy"",""v"":""500"",""p"":""0.024610""}"
2026-10-01T01:45:02.986759Z,1790819102456,USUSDT,Buy,280,0.024540,"{""T"":1790819102456,""s"":""USUSDT"",""S"":""Buy"",""v"":""280"",""p"":""0.024540""}"
2026-10-01T01:45:14.987175Z,1790819114491,USUSDT,Buy,1460,0.024500,"{""T"":1790819114491,""s"":""USUSDT"",""S"":""Buy"",""v"":""1460"",""p"":""0.024500""}"
2026-10-01T01:45:18.486656Z,1790819117927,NIGHTUSDT,Sell,3480,0.04051,"{""T"":1790819117927,""s"":""NIGHTUSDT"",""S"":""Sell"",""v"":""3480"",""p"":""0.04051""}"
2026-10-01T01:45:22.487017Z,1790819122380,USUSDT,Buy,1470,0.024440,"{""T"":1790819122380,""s"":""USUSDT"",""S"":""Buy"",""v"":""1470"",""p"":""0.024440""}"
2026-10-01T01:45:23.486797Z,1790819123179,USUSDT,Buy,750,0.024440,"{""T"":1790819123179,""s"":""USUSDT"",""S"":""Buy"",""v"":""750"",""p"":""0.024440""}"
2026-10-01T01:45:32.497037Z,1790819132140,PENGUUSDT,Buy,1190,0.009557,"{""T"":1790819132140,""s"":""PENGUUSDT"",""S"":""Buy"",""v"":""1190"",""p"":""0.009557""}"
2026-10-01T01:48:19.635512Z,1790819299110,MOVRUSDT,Sell,29.6,2.3830,"{""T"":1790819299110,""s"":""MOVRUSDT"",""S"":""Sell"",""v"":""29.6"",""p"":""2.3830""}"
2026-10-01T01:48:19.635512Z,1790819299381,MOVRUSDT,Sell,9.7,2.4030,"{""T"":1790819299381,""s"":""MOVRUSDT"",""S"":""Sell"",""v"":""9.7"",""p"":""2.4030""}"
2026-10-01T01:48:20.136016Z,1790819299664,MOVRUSDT,Sell,5.3,2.4030,"{""T"":1790819299664,""s"":""MOVRUSDT"",""S"":""Sell"",""v"":""5.3"",""p"":""2.4030""}"
2026-10-01T01:48:20.136016Z,1790819299683,MOVRUSDT,Sell,152.5,2.3890,"{""T"":1790819299683,""s"":""MOVRUSDT"",""S"":""Sell"",""v"":""152.5"",""p"":""2.3890""}"
2026-10-01T01:48:23.496913Z,1790819303241,STXUSDT,Buy,1995.3,0.37000,"{""T"":1790819303241,""s"":""STXUSDT"",""S"":""Buy"",""v"":""1995.3"",""p"":""0.37000""}"
2026-10-01T01:48:32.813299Z,1790819312383,HYPEUSDT,Buy,0.23,88.940,"{""T"":1790819312383,""s"":""HYPEUSDT"",""S"":""Buy"",""v"":""0.23"",""p"":""88.940""}"
2026-10-01T01:48:44.829220Z,1790819324715,LONGXIAUSDT,Sell,3318,0.0427,"{""T"":1790819324715,""s"":""LONGXIAUSDT"",""S"":""Sell"",""v"":""3318"",""p"":""0.0427""}"
2026-10-01T01:49:19.914239Z,1790819359470,DOTUSDT,Buy,48.3,1.2111,"{""T"":1790819359470,""s"":""DOTUSDT"",""S"":""Buy"",""v"":""48.3"",""p"":""1.2111""}"
2026-10-01T01:49:48.313715Z,1790819388116,HYPEUSDT,Buy,5.65,88.840,"{""T"":1790819388116,""s"":""HYPEUSDT"",""S"":""Buy"",""v"":""5.65"",""p"":""88.840""}"
2026-10-01T01:49:57.997196Z,1790819397496,STXUSDT,Buy,2374.8,0.37100,"{""T"":1790819397496,""s"":""STXUSDT"",""S"":""Buy"",""v"":""2374.8"",""p"":""0.37100""}"
2026-10-01T01:51:22.636310Z,1790819482368,MOVRUSDT,Buy,1053.6,2.2060,"{""T"":1790819482368,""s"":""MOVRUSDT"",""S"":""Buy"",""v"":""1053.6"",""p"":""2.2060""}"
2026-10-01T01:51:39.455813Z,1790819499258,QNTUSDT,Sell,0.05,301.32,"{""T"":1790819499258,""s"":""QNTUSDT"",""S"":""Sell"",""v"":""0.05"",""p"":""301.32""}"
2026-10-01T01:52:36.359173Z,1790819556245,WLDUSDT,Buy,82.8,0.5322,"{""T"":1790819556245,""s"":""WLDUSDT"",""S"":""Buy"",""v"":""82.8"",""p"":""0.5322""}"
2026-10-01T01:52:37.859611Z,1790819557379,WLDUSDT,Buy,2806.8,0.5321,"{""T"":1790819557379,""s"":""WLDUSDT"",""S"":""Buy"",""v"":""2806.8"",""p"":""0.5321""}"
2026-10-01T01:53:24.497523Z,1790819604126,STXUSDT,Buy,34.3,0.36870,"{""T"":1790819604126,""s"":""STXUSDT"",""S"":""Buy"",""v"":""34.3"",""p"":""0.36870""}"
2026-10-01T01:53:57.486812Z,1790819637018,USUSDT,Buy,3620,0.024390,"{""T"":1790819637018,""s"":""USUSDT"",""S"":""Buy"",""v"":""3620"",""p"":""0.024390""}"
2026-10-01T01:54:02.328786Z,1790819642216,LONGXIAUSDT,Sell,1732,0.0442,"{""T"":1790819642216,""s"":""LONGXIAUSDT"",""S"":""Sell"",""v"":""1732"",""p"":""0.0442""}"
2026-10-01T01:54:05.996607Z,1790819645830,STXUSDT,Sell,1639.9,0.37730,"{""T"":1790819645830,""s"":""STXUSDT"",""S"":""Sell"",""v"":""1639.9"",""p"":""0.37730""}"
2026-10-01T01:55:01.325134Z,1790819701046,ENAUSDT,Buy,1193,0.26203,"{""T"":1790819701046,""s"":""ENAUSDT"",""S"":""Buy"",""v"":""1193"",""p"":""0.26203""}"
2026-10-01T01:56:14.635474Z,1790819774433,MOVRUSDT,Sell,9.2,2.3400,"{""T"":1790819774433,""s"":""MOVRUSDT"",""S"":""Sell"",""v"":""9.2"",""p"":""2.3400""}"
2026-10-01T01:56:32.487386Z,1790819792297,USUSDT,Buy,630,0.024230,"{""T"":1790819792297,""s"":""USUSDT"",""S"":""Buy"",""v"":""630"",""p"":""0.024230""}"
2026-10-01T01:56:32.986117Z,1790819792892,USUSDT,Buy,2180,0.024210,"{""T"":1790819792892,""s"":""USUSDT"",""S"":""Buy"",""v"":""2180"",""p"":""0.024210""}"
2026-10-01T01:58:17.486668Z,1790819897266,USUSDT,Buy,57140,0.024130,"{""T"":1790819897266,""s"":""USUSDT"",""S"":""Buy"",""v"":""57140"",""p"":""0.024130""}"
2026-10-01T01:58:17.486668Z,1790819897321,USUSDT,Buy,2160,0.024130,"{""T"":1790819897321,""s"":""USUSDT"",""S"":""Buy"",""v"":""2160"",""p"":""0.024130""}"
2026-10-01T01:58:23.486158Z,1790819903103,USUSDT,Buy,960,0.024090,"{""T"":1790819903103,""s"":""USUSDT"",""S"":""Buy"",""v"":""960"",""p"":""0.024090""}"
2026-10-01T01:58:29.986100Z,1790819909540,USUSDT,Buy,270,0.024070,"{""T"":1790819909540,""s"":""USUSDT"",""S"":""Buy"",""v"":""270"",""p"":""0.024070""}"
2026-10-01T01:58:30.986252Z,1790819910561,USUSDT,Buy,290,0.024060,"{""T"":1790819910561,""s"":""USUSDT"",""S"":""Buy"",""v"":""290"",""p"":""0.024060""}"
2026-10-01T01:58:31.985993Z,1790819911692,USUSDT,Buy,15520,0.024000,"{""T"":1790819911692,""s"":""USUSDT"",""S"":""Buy"",""v"":""15520"",""p"":""0.024000""}"
2026-10-01T01:58:31.985993Z,1790819911784,USUSDT,Buy,1900,0.023980,"{""T"":1790819911784,""s"":""USUSDT"",""S"":""Buy"",""v"":""1900"",""p"":""0.023980""}"
2026-10-01T01:58:43.486228Z,1790819922940,USUSDT,Buy,1070,0.023970,"{""T"":1790819922940,""s"":""USUSDT"",""S"":""Buy"",""v"":""1070"",""p"":""0.023970""}"
2026-10-01T01:58:43.486228Z,1790819923213,USUSDT,Buy,9740,0.023960,"{""T"":1790819923213,""s"":""USUSDT"",""S"":""Buy"",""v"":""9740"",""p"":""0.023960""}"
2026-10-01T01:58:44.486181Z,1790819923949,USUSDT,Buy,1810,0.023950,"{""T"":1790819923949,""s"":""USUSDT"",""S"":""Buy"",""v"":""1810"",""p"":""0.023950""}"
2026-10-01T01:58:44.486181Z,1790819924065,USUSDT,Buy,840,0.023940,"{""T"":1790819924065,""s"":""USUSDT"",""S"":""Buy"",""v"":""840"",""p"":""0.023940""}"
2026-10-01T01:59:05.992703Z,1790819945690,OPUSDT,Buy,93.6,0.12703,"{""T"":1790819945690,""s"":""OPUSDT"",""S"":""Buy"",""v"":""93.6"",""p"":""0.12703""}"
2026-10-01T01:59:34.907670Z,1790819974667,TIAUSDT,Buy,92.7,0.4327,"{""T"":1790819974667,""s"":""TIAUSDT"",""S"":""Buy"",""v"":""92.7"",""p"":""0.4327""}"
2026-10-01T01:59:36.986044Z,1790819976784,USUSDT,Buy,360,0.023830,"{""T"":1790819976784,""s"":""USUSDT"",""S"":""Buy"",""v"":""360"",""p"":""0.023830""}"
2026-10-01T01:59:38.486159Z,1790819978392,USUSDT,Buy,49270,0.023760,"{""T"":1790819978392,""s"":""USUSDT"",""S"":""Buy"",""v"":""49270"",""p"":""0.023760""}"
2026-10-01T01:59:39.486581Z,1790819979055,USUSDT,Buy,17940,0.023800,"{""T"":1790819979055,""s"":""USUSDT"",""S"":""Buy"",""v"":""17940"",""p"":""0.023800""}"
2026-10-01T02:00:00.635330Z,1790820000114,ARKUSDT,Sell,205,0.28789,"{""T"":1790820000114,""s"":""ARKUSDT"",""S"":""Sell"",""v"":""205"",""p"":""0.28789""}"
2026-10-01T02:01:15.519753Z,1790820075149,NEARUSDT,Buy,94.5,5.1830,"{""T"":1790820075149,""s"":""NEARUSDT"",""S"":""Buy"",""v"":""94.5"",""p"":""5.1830""}"
2026-10-01T02:01:15.519753Z,1790820075190,NEARUSDT,Buy,470.4,5.1800,"{""T"":1790820075190,""s"":""NEARUSDT"",""S"":""Buy"",""v"":""470.4"",""p"":""5.1800""}"
2026-10-01T02:01:19.813334Z,1790820079602,0GUSDT,Buy,21478.0,0.2981,"{""T"":1790820079602,""s"":""0GUSDT"",""S"":""Buy"",""v"":""21478.0"",""p"":""0.2981""}"
2026-10-01T02:01:19.986546Z,1790820079602,PHAUSDT,Buy,67953,0.07127,"{""T"":1790820079602,""s"":""PHAUSDT"",""S"":""Buy"",""v"":""67953"",""p"":""0.07127""}"
2026-10-01T02:01:20.135064Z,1790820079602,AKEUSDT,Buy,160600,0.0303270,"{""T"":1790820079602,""s"":""AKEUSDT"",""S"":""Buy"",""v"":""160600"",""p"":""0.0303270""}"
2026-10-01T02:01:24.455411Z,1790820084213,QNTUSDT,Buy,0.75,290.50,"{""T"":1790820084213,""s"":""QNTUSDT"",""S"":""Buy"",""v"":""0.75"",""p"":""290.50""}"
2026-10-01T02:01:24.516105Z,1790820084213,NEARUSDT,Buy,135.6,5.1730,"{""T"":1790820084213,""s"":""NEARUSDT"",""S"":""Buy"",""v"":""135.6"",""p"":""5.1730""}"
2026-10-01T02:01:30.986129Z,1790820090791,PHAUSDT,Buy,1345,0.07098,"{""T"":1790820090791,""s"":""PHAUSDT"",""S"":""Buy"",""v"":""1345"",""p"":""0.07098""}"
2026-10-01T02:01:55.956320Z,1790820115530,QNTUSDT,Buy,17.03,289.70,"{""T"":1790820115530,""s"":""QNTUSDT"",""S"":""Buy"",""v"":""17.03"",""p"":""289.70""}"
2026-10-01T02:01:57.991637Z,1790820117471,SOONUSDT,Buy,32,0.48550,"{""T"":1790820117471,""s"":""SOONUSDT"",""S"":""Buy"",""v"":""32"",""p"":""0.48550""}"
2026-10-01T02:01:58.991736Z,1790820118415,SOONUSDT,Buy,3787,0.48430,"{""T"":1790820118415,""s"":""SOONUSDT"",""S"":""Buy"",""v"":""3787"",""p"":""0.48430""}"
2026-10-01T02:02:04.858602Z,1790820124643,WLDUSDT,Buy,168.0,0.5308,"{""T"":1790820124643,""s"":""WLDUSDT"",""S"":""Buy"",""v"":""168.0"",""p"":""0.5308""}"
2026-10-01T02:02:05.358875Z,1790820124810,WLDUSDT,Buy,203.4,0.5305,"{""T"":1790820124810,""s"":""WLDUSDT"",""S"":""Buy"",""v"":""203.4"",""p"":""0.5305""}"
2026-10-01T02:02:13.313119Z,1790820132909,PUMPFUNUSDT,Buy,644200,0.0056880,"{""T"":1790820132909,""s"":""PUMPFUNUSDT"",""S"":""Buy"",""v"":""644200"",""p"":""0.0056880""}"
2026-10-01T02:02:15.996614Z,1790820135480,LINKUSDT,Buy,7.1,14.211,"{""T"":1790820135480,""s"":""LINKUSDT"",""S"":""Buy"",""v"":""7.1"",""p"":""14.211""}"
2026-10-01T02:02:51.496289Z,1790820171334,LINKUSDT,Buy,1.3,14.189,"{""T"":1790820171334,""s"":""LINKUSDT"",""S"":""Buy"",""v"":""1.3"",""p"":""14.189""}"
2026-10-01T02:04:07.359512Z,1790820247213,WLDUSDT,Buy,23.6,0.5294,"{""T"":1790820247213,""s"":""WLDUSDT"",""S"":""Buy"",""v"":""23.6"",""p"":""0.5294""}"
2026-10-01T02:06:34.986347Z,1790820394719,USUSDT,Sell,3650,0.026470,"{""T"":1790820394719,""s"":""USUSDT"",""S"":""Sell"",""v"":""3650"",""p"":""0.026470""}"
2026-10-01T02:07:31.012920Z,1790820450894,XAUUSDT,Buy,0.044,4141.24,"{""T"":1790820450894,""s"":""XAUUSDT"",""S"":""Buy"",""v"":""0.044"",""p"":""4141.24""}"
2026-10-01T02:07:31.496519Z,1790820451316,STXUSDT,Buy,34.5,0.37210,"{""T"":1790820451316,""s"":""STXUSDT"",""S"":""Buy"",""v"":""34.5"",""p"":""0.37210""}"
2026-10-01T02:07:32.337554Z,1790820451890,XRPUSDT,Buy,253.4,1.4791,"{""T"":1790820451890,""s"":""XRPUSDT"",""S"":""Buy"",""v"":""253.4"",""p"":""1.4791""}"
2026-10-01T02:09:39.813051Z,1790820579318,XPLUSDT,Sell,35603,0.09609,"{""T"":1790820579318,""s"":""XPLUSDT"",""S"":""Sell"",""v"":""35603"",""p"":""0.09609""}"
2026-10-01T02:10:21.829656Z,1790820621623,LONGXIAUSDT,Buy,2937,0.0378,"{""T"":1790820621623,""s"":""LONGXIAUSDT"",""S"":""Buy"",""v"":""2937"",""p"":""0.0378""}"
2026-10-01T02:11:08.956068Z,1790820668553,QNTUSDT,Sell,10.00,299.02,"{""T"":1790820668553,""s"":""QNTUSDT"",""S"":""Sell"",""v"":""10.00"",""p"":""299.02""}"
2026-10-01T02:12:00.486594Z,1790820720318,USUSDT,Sell,640,0.026660,"{""T"":1790820720318,""s"":""USUSDT"",""S"":""Sell"",""v"":""640"",""p"":""0.026660""}"
2026-10-01T02:12:05.324748Z,1790820724974,ENAUSDT,Sell,27056,0.26851,"{""T"":1790820724974,""s"":""ENAUSDT"",""S"":""Sell"",""v"":""27056"",""p"":""0.26851""}"
2026-10-01T02:12:07.992312Z,1790820727487,1000BONKUSDT,Sell,8500,0.0039060,"{""T"":1790820727487,""s"":""1000BONKUSDT"",""S"":""Sell"",""v"":""8500"",""p"":""0.0039060""}"
2026-10-01T02:13:54.455932Z,1790820833884,QNTUSDT,Buy,0.23,290.21,"{""T"":1790820833884,""s"":""QNTUSDT"",""S"":""Buy"",""v"":""0.23"",""p"":""290.21""}"
2026-10-01T02:14:02.996350Z,1790820842747,STXUSDT,Buy,34.0,0.37030,"{""T"":1790820842747,""s"":""STXUSDT"",""S"":""Buy"",""v"":""34.0"",""p"":""0.37030""}"
2026-10-01T02:16:56.338600Z,1790821015785,LITUSDT,Buy,805.0,3.8470,"{""T"":1790821015785,""s"":""LITUSDT"",""S"":""Buy"",""v"":""805.0"",""p"":""3.8470""}"
2026-10-01T02:17:22.313292Z,1790821041811,HYPEUSDT,Buy,13.83,88.770,"{""T"":1790821041811,""s"":""HYPEUSDT"",""S"":""Buy"",""v"":""13.83"",""p"":""88.770""}"
2026-10-01T02:17:37.489980Z,1790821057110,USUSDT,Sell,20680,0.026870,"{""T"":1790821057110,""s"":""USUSDT"",""S"":""Sell"",""v"":""20680"",""p"":""0.026870""}"
2026-10-01T02:17:51.486589Z,1790821071063,USUSDT,Sell,730,0.027060,"{""T"":1790821071063,""s"":""USUSDT"",""S"":""Sell"",""v"":""730"",""p"":""0.027060""}"
2026-10-01T02:18:03.313475Z,1790821083144,HYPEUSDT,Buy,10.84,88.680,"{""T"":1790821083144,""s"":""HYPEUSDT"",""S"":""Buy"",""v"":""10.84"",""p"":""88.680""}"
2026-10-01T02:18:03.813130Z,1790821083320,HYPEUSDT,Buy,0.48,88.660,"{""T"":1790821083320,""s"":""HYPEUSDT"",""S"":""Buy"",""v"":""0.48"",""p"":""88.660""}"
2026-10-01T02:18:57.414632Z,1790821137220,ZECUSDT,Buy,4.35,1405.11,"{""T"":1790821137220,""s"":""ZECUSDT"",""S"":""Buy"",""v"":""4.35"",""p"":""1405.11""}"
2026-10-01T02:19:11.313753Z,1790821150829,PUMPFUNUSDT,Buy,2600,0.0056760,"{""T"":1790821150829,""s"":""PUMPFUNUSDT"",""S"":""Buy"",""v"":""2600"",""p"":""0.0056760""}"
2026-10-01T02:19:39.487196Z,1790821179080,USUSDT,Sell,1260,0.027170,"{""T"":1790821179080,""s"":""USUSDT"",""S"":""Sell"",""v"":""1260"",""p"":""0.027170""}"
2026-10-01T02:19:44.987389Z,1790821184772,USUSDT,Sell,8060,0.027350,"{""T"":1790821184772,""s"":""USUSDT"",""S"":""Sell"",""v"":""8060"",""p"":""0.027350""}"
2026-10-01T02:20:12.313225Z,1790821211797,PUMPFUNUSDT,Buy,181700,0.0056650,"{""T"":1790821211797,""s"":""PUMPFUNUSDT"",""S"":""Buy"",""v"":""181700"",""p"":""0.0056650""}"
2026-10-01T02:20:12.813191Z,1790821212368,PUMPFUNUSDT,Buy,25900,0.0056660,"{""T"":1790821212368,""s"":""PUMPFUNUSDT"",""S"":""Buy"",""v"":""25900"",""p"":""0.0056660""}"
2026-10-01T02:20:25.812978Z,1790821225333,PUMPFUNUSDT,Buy,30700,0.0056610,"{""T"":1790821225333,""s"":""PUMPFUNUSDT"",""S"":""Buy"",""v"":""30700"",""p"":""0.0056610""}"
2026-10-01T02:20:25.907893Z,1790821225333,HBARUSDT,Buy,1356,0.10274,"{""T"":1790821225333,""s"":""HBARUSDT"",""S"":""Buy"",""v"":""1356"",""p"":""0.10274""}"
2026-10-01T02:20:27.414360Z,1790821226993,ZECUSDT,Buy,0.26,1404.05,"{""T"":1790821226993,""s"":""ZECUSDT"",""S"":""Buy"",""v"":""0.26"",""p"":""1404.05""}"
2026-10-01T02:20:31.829718Z,1790821231467,LONGXIAUSDT,Buy,2058,0.0364,"{""T"":1790821231467,""s"":""LONGXIAUSDT"",""S"":""Buy"",""v"":""2058"",""p"":""0.0364""}"
2026-10-01T02:21:36.516384Z,1790821296048,NEARUSDT,Buy,1.6,5.1530,"{""T"":1790821296048,""s"":""NEARUSDT"",""S"":""Buy"",""v"":""1.6"",""p"":""5.1530""}"
2026-10-01T02:21:46.135464Z,1790821305662,MOVRUSDT,Buy,1607.4,2.1930,"{""T"":1790821305662,""s"":""MOVRUSDT"",""S"":""Buy"",""v"":""1607.4"",""p"":""2.1930""}"
2026-10-01T02:21:48.016399Z,1790821307474,LTCUSDT,Buy,0.2,66.41,"{""T"":1790821307474,""s"":""LTCUSDT"",""S"":""Buy"",""v"":""0.2"",""p"":""66.41""}"
2026-10-01T02:21:53.635450Z,1790821313497,MOVRUSDT,Buy,100.0,2.1810,"{""T"":1790821313497,""s"":""MOVRUSDT"",""S"":""Buy"",""v"":""100.0"",""p"":""2.1810""}"
2026-10-01T02:21:54.914607Z,1790821314528,ZECUSDT,Buy,1.65,1403.10,"{""T"":1790821314528,""s"":""ZECUSDT"",""S"":""Buy"",""v"":""1.65"",""p"":""1403.10""}"
2026-10-01T02:22:01.992930Z,1790821321604,SUIUSDT,Buy,380,1.15620,"{""T"":1790821321604,""s"":""SUIUSDT"",""S"":""Buy"",""v"":""380"",""p"":""1.15620""}"
2026-10-01T02:22:03.516558Z,1790821323045,NEARUSDT,Buy,23.4,5.1450,"{""T"":1790821323045,""s"":""NEARUSDT"",""S"":""Buy"",""v"":""23.4"",""p"":""5.1450""}"
2026-10-01T02:22:49.816626Z,1790821369267,HYPEUSDT,Buy,0.83,88.480,"{""T"":1790821369267,""s"":""HYPEUSDT"",""S"":""Buy"",""v"":""0.83"",""p"":""88.480""}"
2026-10-01T02:27:10.063402Z,1790821629641,SOLUSDT,Buy,3.6,117.160,"{""T"":1790821629641,""s"":""SOLUSDT"",""S"":""Buy"",""v"":""3.6"",""p"":""117.160""}"
2026-10-01T02:27:31.456028Z,1790821651100,QNTUSDT,Sell,0.76,296.20,"{""T"":1790821651100,""s"":""QNTUSDT"",""S"":""Sell"",""v"":""0.76"",""p"":""296.20""}"
2026-10-01T02:27:35.487052Z,1790821655342,USUSDT,Sell,390,0.027500,"{""T"":1790821655342,""s"":""USUSDT"",""S"":""Sell"",""v"":""390"",""p"":""0.027500""}"
2026-10-01T02:27:45.997674Z,1790821665644,INJUSDT,Buy,87.1,7.2750,"{""T"":1790821665644,""s"":""INJUSDT"",""S"":""Buy"",""v"":""87.1"",""p"":""7.2750""}"
2026-10-01T02:28:02.486995Z,1790821682128,USUSDT,Buy,30190,0.025460,"{""T"":1790821682128,""s"":""USUSDT"",""S"":""Buy"",""v"":""30190"",""p"":""0.025460""}"
2026-10-01T02:28:23.486721Z,1790821703326,USUSDT,Buy,18960,0.025130,"{""T"":1790821703326,""s"":""USUSDT"",""S"":""Buy"",""v"":""18960"",""p"":""0.025130""}"
2026-10-01T02:28:23.987015Z,1790821703765,USUSDT,Buy,710,0.025140,"{""T"":1790821703765,""s"":""USUSDT"",""S"":""Buy"",""v"":""710"",""p"":""0.025140""}"
2026-10-01T02:30:24.813318Z,1790821824386,TRUMPUSDT,Sell,6.5,2.106,"{""T"":1790821824386,""s"":""TRUMPUSDT"",""S"":""Sell"",""v"":""6.5"",""p"":""2.106""}"
2026-10-01T02:30:39.415069Z,1790821839199,ADAUSDT,Sell,981,0.2498,"{""T"":1790821839199,""s"":""ADAUSDT"",""S"":""Sell"",""v"":""981"",""p"":""0.2498""}"
2026-10-01T02:30:44.359729Z,1790821843909,WLDUSDT,Sell,28.1,0.5461,"{""T"":1790821843909,""s"":""WLDUSDT"",""S"":""Sell"",""v"":""28.1"",""p"":""0.5461""}"
2026-10-01T02:30:45.907761Z,1790821845533,TIAUSDT,Sell,228.5,0.4472,"{""T"":1790821845533,""s"":""TIAUSDT"",""S"":""Sell"",""v"":""228.5"",""p"":""0.4472""}"
2026-10-01T02:30:46.015930Z,1790821845533,NEARUSDT,Buy,27.7,5.1720,"{""T"":1790821845533,""s"":""NEARUSDT"",""S"":""Buy"",""v"":""27.7"",""p"":""5.1720""}"
2026-10-01T02:30:46.135531Z,1790821845966,MOVRUSDT,Sell,18.0,2.3410,"{""T"":1790821845966,""s"":""MOVRUSDT"",""S"":""Sell"",""v"":""18.0"",""p"":""2.3410""}"
2026-10-01T02:30:47.135319Z,1790821846870,MOVRUSDT,Sell,24.4,2.3460,"{""T"":1790821846870,""s"":""MOVRUSDT"",""S"":""Sell"",""v"":""24.4"",""p"":""2.3460""}"
2026-10-01T02:30:47.135319Z,1790821846975,MOVRUSDT,Sell,8.5,2.3430,"{""T"":1790821846975,""s"":""MOVRUSDT"",""S"":""Sell"",""v"":""8.5"",""p"":""2.3430""}"
2026-10-01T02:32:53.813365Z,1790821973366,TRUMPUSDT,Sell,470.2,2.143,"{""T"":1790821973366,""s"":""TRUMPUSDT"",""S"":""Sell"",""v"":""470.2"",""p"":""2.143""}"
2026-10-01T02:33:06.313195Z,1790821986049,TRUMPUSDT,Sell,14.4,2.155,"{""T"":1790821986049,""s"":""TRUMPUSDT"",""S"":""Sell"",""v"":""14.4"",""p"":""2.155""}"
2026-10-01T02:33:10.313181Z,1790821990159,TRUMPUSDT,Sell,2094.7,2.158,"{""T"":1790821990159,""s"":""TRUMPUSDT"",""S"":""Sell"",""v"":""2094.7"",""p"":""2.158""}"
2026-10-01T02:34:37.958946Z,1790822077836,QNTUSDT,Sell,1.19,296.49,"{""T"":1790822077836,""s"":""QNTUSDT"",""S"":""Sell"",""v"":""1.19"",""p"":""296.49""}"
2026-10-01T02:35:04.414391Z,1790822103990,ADAUSDT,Sell,916,0.2504,"{""T"":1790822103990,""s"":""ADAUSDT"",""S"":""Sell"",""v"":""916"",""p"":""0.2504""}"
2026-10-01T02:35:05.859008Z,1790822105571,WLDUSDT,Sell,23.1,0.5471,"{""T"":1790822105571,""s"":""WLDUSDT"",""S"":""Sell"",""v"":""23.1"",""p"":""0.5471""}"
2026-10-01T02:35:05.907886Z,1790822105571,CRVUSDT,Sell,48.9,0.4026,"{""T"":1790822105571,""s"":""CRVUSDT"",""S"":""Sell"",""v"":""48.9"",""p"":""0.4026""}"
2026-10-01T02:35:08.956235Z,1790822108834,QNTUSDT,Sell,0.09,297.36,"{""T"":1790822108834,""s"":""QNTUSDT"",""S"":""Sell"",""v"":""0.09"",""p"":""297.36""}"
2026-10-01T02:38:02.635623Z,1790822282467,MOVRUSDT,Sell,9.0,2.3650,"{""T"":1790822282467,""s"":""MOVRUSDT"",""S"":""Sell"",""v"":""9.0"",""p"":""2.3650""}"
2026-10-01T02:39:13.992326Z,1790822353670,SOONUSDT,Buy,49,0.48260,"{""T"":1790822353670,""s"":""SOONUSDT"",""S"":""Buy"",""v"":""49"",""p"":""0.48260""}"
2026-10-01T02:39:14.492330Z,1790822354252,SOONUSDT,Buy,120,0.48190,"{""T"":1790822354252,""s"":""SOONUSDT"",""S"":""Buy"",""v"":""120"",""p"":""0.48190""}"
2026-10-01T02:39:15.492105Z,1790822355247,SOONUSDT,Buy,1496,0.48060,"{""T"":1790822355247,""s"":""SOONUSDT"",""S"":""Buy"",""v"":""1496"",""p"":""0.48060""}"
2026-10-01T02:39:16.491701Z,1790822356126,SOONUSDT,Buy,2395,0.47630,"{""T"":1790822356126,""s"":""SOONUSDT"",""S"":""Buy"",""v"":""2395"",""p"":""0.47630""}"
2026-10-01T02:39:20.955721Z,1790822360754,QNTUSDT,Buy,0.02,289.29,"{""T"":1790822360754,""s"":""QNTUSDT"",""S"":""Buy"",""v"":""0.02"",""p"":""289.29""}"
2026-10-01T02:39:22.338329Z,1790822362189,LDOUSDT,Buy,232.1,0.4426,"{""T"":1790822362189,""s"":""LDOUSDT"",""S"":""Buy"",""v"":""232.1"",""p"":""0.4426""}"
2026-10-01T02:39:25.955669Z,1790822365644,QNTUSDT,Buy,0.91,289.24,"{""T"":1790822365644,""s"":""QNTUSDT"",""S"":""Buy"",""v"":""0.91"",""p"":""289.24""}"
2026-10-01T02:39:31.991782Z,1790822371821,SOONUSDT,Buy,22,0.47250,"{""T"":1790822371821,""s"":""SOONUSDT"",""S"":""Buy"",""v"":""22"",""p"":""0.47250""}"
2026-10-01T02:39:54.492213Z,1790822394324,SOONUSDT,Buy,10332,0.46870,"{""T"":1790822394324,""s"":""SOONUSDT"",""S"":""Buy"",""v"":""10332"",""p"":""0.46870""}"
2026-10-01T02:40:00.991799Z,1790822400753,SOONUSDT,Buy,363,0.46690,"{""T"":1790822400753,""s"":""SOONUSDT"",""S"":""Buy"",""v"":""363"",""p"":""0.46690""}"
2026-10-01T02:40:24.997523Z,1790822424464,STXUSDT,Sell,261.2,0.37940,"{""T"":1790822424464,""s"":""STXUSDT"",""S"":""Sell"",""v"":""261.2"",""p"":""0.37940""}"
2026-10-01T02:40:30.992094Z,1790822430774,SOONUSDT,Buy,20,0.46500,"{""T"":1790822430774,""s"":""SOONUSDT"",""S"":""Buy"",""v"":""20"",""p"":""0.46500""}"
2026-10-01T02:40:35.491844Z,1790822434931,SOONUSDT,Buy,265,0.46400,"{""T"":1790822434931,""s"":""SOONUSDT"",""S"":""Buy"",""v"":""265"",""p"":""0.46400""}"
2026-10-01T02:40:39.992398Z,1790822439446,SOONUSDT,Buy,198,0.46310,"{""T"":1790822439446,""s"":""SOONUSDT"",""S"":""Buy"",""v"":""198"",""p"":""0.46310""}"
2026-10-01T02:40:40.496475Z,1790822440141,STXUSDT,Sell,481.7,0.37970,"{""T"":1790822440141,""s"":""STXUSDT"",""S"":""Sell"",""v"":""481.7"",""p"":""0.37970""}"
2026-10-01T02:40:51.992510Z,1790822451763,SOONUSDT,Buy,71,0.45870,"{""T"":1790822451763,""s"":""SOONUSDT"",""S"":""Buy"",""v"":""71"",""p"":""0.45870""}"
2026-10-01T02:40:51.992510Z,1790822451871,SOONUSDT,Buy,36,0.45770,"{""T"":1790822451871,""s"":""SOONUSDT"",""S"":""Buy"",""v"":""36"",""p"":""0.45770""}"
2026-10-01T02:40:52.491588Z,1790822452335,SOONUSDT,Buy,191,0.46010,"{""T"":1790822452335,""s"":""SOONUSDT"",""S"":""Buy"",""v"":""191"",""p"":""0.46010""}"
2026-10-01T02:40:52.991757Z,1790822452629,SOONUSDT,Buy,217,0.45690,"{""T"":1790822452629,""s"":""SOONUSDT"",""S"":""Buy"",""v"":""217"",""p"":""0.45690""}"
2026-10-01T02:40:52.991757Z,1790822452781,SOONUSDT,Buy,1310,0.45670,"{""T"":1790822452781,""s"":""SOONUSDT"",""S"":""Buy"",""v"":""1310"",""p"":""0.45670""}"
2026-10-01T02:40:53.347993Z,1790822452781,MARSCOINUSDT,Buy,2340,0.13489,"{""T"":1790822452781,""s"":""MARSCOINUSDT"",""S"":""Buy"",""v"":""2340"",""p"":""0.13489""}"
2026-10-01T02:40:53.491617Z,1790822453141,SOONUSDT,Buy,29,0.45690,"{""T"":1790822453141,""s"":""SOONUSDT"",""S"":""Buy"",""v"":""29"",""p"":""0.45690""}"
2026-10-01T02:40:54.455520Z,1790822454130,QNTUSDT,Buy,3.55,288.16,"{""T"":1790822454130,""s"":""QNTUSDT"",""S"":""Buy"",""v"":""3.55"",""p"":""288.16""}"
2026-10-01T02:40:54.492070Z,1790822454033,SOONUSDT,Buy,576,0.45500,"{""T"":1790822454033,""s"":""SOONUSDT"",""S"":""Buy"",""v"":""576"",""p"":""0.45500""}"
2026-10-01T02:40:54.492070Z,1790822454130,SOONUSDT,Buy,4672,0.45360,"{""T"":1790822454130,""s"":""SOONUSDT"",""S"":""Buy"",""v"":""4672"",""p"":""0.45360""}"
2026-10-01T02:40:55.491678Z,1790822455015,SOONUSDT,Buy,281,0.45360,"{""T"":1790822455015,""s"":""SOONUSDT"",""S"":""Buy"",""v"":""281"",""p"":""0.45360""}"
2026-10-01T02:40:56.492072Z,1790822456330,SOONUSDT,Buy,1594,0.45250,"{""T"":1790822456330,""s"":""SOONUSDT"",""S"":""Buy"",""v"":""1594"",""p"":""0.45250""}"
2026-10-01T02:40:57.492366Z,1790822457208,SOONUSDT,Buy,11,0.45160,"{""T"":1790822457208,""s"":""SOONUSDT"",""S"":""Buy"",""v"":""11"",""p"":""0.45160""}"
2026-10-01T02:40:59.991764Z,1790822459815,SOONUSDT,Buy,1097,0.44990,"{""T"":1790822459815,""s"":""SOONUSDT"",""S"":""Buy"",""v"":""1097"",""p"":""0.44990""}"
2026-10-01T02:41:19.495048Z,1790822479379,SOONUSDT,Buy,13,0.44820,"{""T"":1790822479379,""s"":""SOONUSDT"",""S"":""Buy"",""v"":""13"",""p"":""0.44820""}"
2026-10-01T02:41:19.992352Z,1790822479768,SOONUSDT,Buy,12,0.44820,"{""T"":1790822479768,""s"":""SOONUSDT"",""S"":""Buy"",""v"":""12"",""p"":""0.44820""}"
2026-10-01T02:41:20.813633Z,1790822480716,XPLUSDT,Sell,7853,0.09676,"{""T"":1790822480716,""s"":""XPLUSDT"",""S"":""Sell"",""v"":""7853"",""p"":""0.09676""}"
2026-10-01T02:41:44.139170Z,1790822503976,ARKUSDT,Buy,1907,0.26544,"{""T"":1790822503976,""s"":""ARKUSDT"",""S"":""Buy"",""v"":""1907"",""p"":""0.26544""}"
2026-10-01T02:42:19.491836Z,1790822539389,SOONUSDT,Sell,12,0.48120,"{""T"":1790822539389,""s"":""SOONUSDT"",""S"":""Sell"",""v"":""12"",""p"":""0.48120""}"
2026-10-01T02:42:44.139039Z,1790822563726,ARKUSDT,Buy,301,0.26414,"{""T"":1790822563726,""s"":""ARKUSDT"",""S"":""Buy"",""v"":""301"",""p"":""0.26414""}"
2026-10-01T02:43:07.635547Z,1790822587362,MOVRUSDT,Sell,59.1,2.3910,"{""T"":1790822587362,""s"":""MOVRUSDT"",""S"":""Sell"",""v"":""59.1"",""p"":""2.3910""}"
2026-10-01T02:43:22.138842Z,1790822601623,MOVRUSDT,Sell,96.2,2.4010,"{""T"":1790822601623,""s"":""MOVRUSDT"",""S"":""Sell"",""v"":""96.2"",""p"":""2.4010""}"
2026-10-01T02:43:26.347534Z,1790822606003,MARSCOINUSDT,Sell,1030,0.14257,"{""T"":1790822606003,""s"":""MARSCOINUSDT"",""S"":""Sell"",""v"":""1030"",""p"":""0.14257""}"
2026-10-01T02:43:50.135504Z,1790822629566,MOVRUSDT,Sell,6.0,2.4110,"{""T"":1790822629566,""s"":""MOVRUSDT"",""S"":""Sell"",""v"":""6.0"",""p"":""2.4110""}"
2026-10-01T02:43:50.135504Z,1790822629867,MOVRUSDT,Sell,2.4,2.4120,"{""T"":1790822629867,""s"":""MOVRUSDT"",""S"":""Sell"",""v"":""2.4"",""p"":""2.4120""}"
2026-10-01T02:43:50.635726Z,1790822630167,MOVRUSDT,Sell,152.2,2.4240,"{""T"":1790822630167,""s"":""MOVRUSDT"",""S"":""Sell"",""v"":""152.2"",""p"":""2.4240""}"
2026-10-01T02:44:01.635543Z,1790822641173,MOVRUSDT,Sell,26.4,2.4320,"{""T"":1790822641173,""s"":""MOVRUSDT"",""S"":""Sell"",""v"":""26.4"",""p"":""2.4320""}"
2026-10-01T02:44:01.635543Z,1790822641173,MOVRUSDT,Sell,2.3,2.4480,"{""T"":1790822641173,""s"":""MOVRUSDT"",""S"":""Sell"",""v"":""2.3"",""p"":""2.4480""}"
2026-10-01T02:44:01.635543Z,1790822641449,MOVRUSDT,Sell,38.0,2.4430,"{""T"":1790822641449,""s"":""MOVRUSDT"",""S"":""Sell"",""v"":""38.0"",""p"":""2.4430""}"
2026-10-01T02:44:01.635543Z,1790822641507,MOVRUSDT,Sell,576.2,2.4420,"{""T"":1790822641507,""s"":""MOVRUSDT"",""S"":""Sell"",""v"":""576.2"",""p"":""2.4420""}"
2026-10-01T02:44:02.135305Z,1790822641612,MOVRUSDT,Sell,7.2,2.4580,"{""T"":1790822641612,""s"":""MOVRUSDT"",""S"":""Sell"",""v"":""7.2"",""p"":""2.4580""}"
2026-10-01T02:44:02.135305Z,1790822641773,MOVRUSDT,Sell,30.6,2.4520,"{""T"":1790822641773,""s"":""MOVRUSDT"",""S"":""Sell"",""v"":""30.6"",""p"":""2.4520""}"
2026-10-01T02:44:02.135305Z,1790822641821,MOVRUSDT,Sell,5.5,2.4490,"{""T"":1790822641821,""s"":""MOVRUSDT"",""S"":""Sell"",""v"":""5.5"",""p"":""2.4490""}"
2026-10-01T02:44:02.135305Z,1790822641931,MOVRUSDT,Sell,159.9,2.4580,"{""T"":1790822641931,""s"":""MOVRUSDT"",""S"":""Sell"",""v"":""159.9"",""p"":""2.4580""}"
2026-10-01T02:44:02.135305Z,1790822641996,MOVRUSDT,Sell,109.8,2.4570,"{""T"":1790822641996,""s"":""MOVRUSDT"",""S"":""Sell"",""v"":""109.8"",""p"":""2.4570""}"
2026-10-01T02:44:02.135305Z,1790822642040,MOVRUSDT,Sell,22.3,2.4580,"{""T"":1790822642040,""s"":""MOVRUSDT"",""S"":""Sell"",""v"":""22.3"",""p"":""2.4580""}"
2026-10-01T02:44:02.135305Z,1790822642045,MOVRUSDT,Sell,24.7,2.4320,"{""T"":1790822642045,""s"":""MOVRUSDT"",""S"":""Sell"",""v"":""24.7"",""p"":""2.4320""}"
2026-10-01T02:44:02.636017Z,1790822642070,MOVRUSDT,Sell,91.2,2.4560,"{""T"":1790822642070,""s"":""MOVRUSDT"",""S"":""Sell"",""v"":""91.2"",""p"":""2.4560""}"
2026-10-01T02:44:07.837505Z,1790822647420,LDOUSDT,Buy,218.7,0.4390,"{""T"":1790822647420,""s"":""LDOUSDT"",""S"":""Buy"",""v"":""218.7"",""p"":""0.4390""}"
2026-10-01T02:44:09.486271Z,1790822649324,SOXLUSDT,Sell,4.20,152.12,"{""T"":1790822649324,""s"":""SOXLUSDT"",""S"":""Sell"",""v"":""4.20"",""p"":""152.12""}"
2026-10-01T02:44:20.487088Z,1790822660026,SOXLUSDT,Sell,1.15,152.24,"{""T"":1790822660026,""s"":""SOXLUSDT"",""S"":""Sell"",""v"":""1.15"",""p"":""152.24""}"
2026-10-01T02:44:23.824532Z,1790822663721,MONUSDT,Sell,6730,0.032600,"{""T"":1790822663721,""s"":""MONUSDT"",""S"":""Sell"",""v"":""6730"",""p"":""0.032600""}"
2026-10-01T02:46:40.492729Z,1790822800369,SOONUSDT,Buy,12,0.45010,"{""T"":1790822800369,""s"":""SOONUSDT"",""S"":""Buy"",""v"":""12"",""p"":""0.45010""}"
2026-10-01T02:47:11.135309Z,1790822830687,MOVRUSDT,Sell,3.3,2.4710,"{""T"":1790822830687,""s"":""MOVRUSDT"",""S"":""Sell"",""v"":""3.3"",""p"":""2.4710""}"
2026-10-01T02:47:11.135309Z,1790822830792,MOVRUSDT,Sell,5.6,2.4740,"{""T"":1790822830792,""s"":""MOVRUSDT"",""S"":""Sell"",""v"":""5.6"",""p"":""2.4740""}"
2026-10-01T02:47:15.635591Z,1790822835284,MOVRUSDT,Sell,9.8,2.4750,"{""T"":1790822835284,""s"":""MOVRUSDT"",""S"":""Sell"",""v"":""9.8"",""p"":""2.4750""}"
2026-10-01T02:47:17.635356Z,1790822837279,MOVRUSDT,Sell,75.1,2.4770,"{""T"":1790822837279,""s"":""MOVRUSDT"",""S"":""Sell"",""v"":""75.1"",""p"":""2.4770""}"
2026-10-01T02:47:18.135629Z,1790822837785,MOVRUSDT,Sell,30.3,2.4770,"{""T"":1790822837785,""s"":""MOVRUSDT"",""S"":""Sell"",""v"":""30.3"",""p"":""2.4770""}"
2026-10-01T02:47:32.138141Z,1790822851563,MOVRUSDT,Sell,923.5,2.4800,"{""T"":1790822851563,""s"":""MOVRUSDT"",""S"":""Sell"",""v"":""923.5"",""p"":""2.4800""}"
2026-10-01T02:47:32.138141Z,1790822851639,MOVRUSDT,Sell,172.2,2.4820,"{""T"":1790822851639,""s"":""MOVRUSDT"",""S"":""Sell"",""v"":""172.2"",""p"":""2.4820""}"
2026-10-01T02:47:37.986514Z,1790822857742,USUSDT,Sell,66200,0.027080,"{""T"":1790822857742,""s"":""USUSDT"",""S"":""Sell"",""v"":""66200"",""p"":""0.027080""}"
2026-10-01T02:47:38.137260Z,1790822857742,MOVRUSDT,Sell,508.4,2.4870,"{""T"":1790822857742,""s"":""MOVRUSDT"",""S"":""Sell"",""v"":""508.4"",""p"":""2.4870""}"
2026-10-01T02:48:20.841158Z,1790822900374,LDOUSDT,Buy,5434.8,0.4356,"{""T"":1790822900374,""s"":""LDOUSDT"",""S"":""Buy"",""v"":""5434.8"",""p"":""0.4356""}"
2026-10-01T02:48:20.841158Z,1790822900469,LDOUSDT,Buy,42886.9,0.4348,"{""T"":1790822900469,""s"":""LDOUSDT"",""S"":""Buy"",""v"":""42886.9"",""p"":""0.4348""}"
2026-10-01T02:48:50.313203Z,1790822929765,TRUMPUSDT,Sell,23.4,2.191,"{""T"":1790822929765,""s"":""TRUMPUSDT"",""S"":""Sell"",""v"":""23.4"",""p"":""2.191""}"
2026-10-01T02:48:50.313203Z,1790822930092,TRUMPUSDT,Sell,2124.4,2.189,"{""T"":1790822930092,""s"":""TRUMPUSDT"",""S"":""Sell"",""v"":""2124.4"",""p"":""2.189""}"
2026-10-01T02:48:50.815539Z,1790822930372,TRUMPUSDT,Sell,8000.0,2.200,"{""T"":1790822930372,""s"":""TRUMPUSDT"",""S"":""Sell"",""v"":""8000.0"",""p"":""2.200""}"
2026-10-01T02:48:51.812704Z,1790822931275,TRUMPUSDT,Sell,375.5,2.196,"{""T"":1790822931275,""s"":""TRUMPUSDT"",""S"":""Sell"",""v"":""375.5"",""p"":""2.196""}"
2026-10-01T02:48:52.312551Z,1790822931778,TRUMPUSDT,Sell,653.9,2.202,"{""T"":1790822931778,""s"":""TRUMPUSDT"",""S"":""Sell"",""v"":""653.9"",""p"":""2.202""}"
2026-10-01T02:49:05.812952Z,1790822945416,TRUMPUSDT,Sell,1370.8,2.211,"{""T"":1790822945416,""s"":""TRUMPUSDT"",""S"":""Sell"",""v"":""1370.8"",""p"":""2.211""}"
2026-10-01T02:49:06.312886Z,1790822946133,TRUMPUSDT,Sell,1215.5,2.210,"{""T"":1790822946133,""s"":""TRUMPUSDT"",""S"":""Sell"",""v"":""1215.5"",""p"":""2.210""}"
2026-10-01T02:49:20.312815Z,1790822960191,TRUMPUSDT,Sell,4585.0,2.216,"{""T"":1790822960191,""s"":""TRUMPUSDT"",""S"":""Sell"",""v"":""4585.0"",""p"":""2.216""}"
2026-10-01T02:49:21.313280Z,1790822960843,TRUMPUSDT,Sell,27.3,2.218,"{""T"":1790822960843,""s"":""TRUMPUSDT"",""S"":""Sell"",""v"":""27.3"",""p"":""2.218""}"
2026-10-01T02:49:26.566051Z,1790822966165,BTCUSDT,Buy,0.006,83100.40,"{""T"":1790822966165,""s"":""BTCUSDT"",""S"":""Buy"",""v"":""0.006"",""p"":""83100.40""}"
2026-10-01T02:49:36.135546Z,1790822975861,ARKUSDT,Sell,93,0.27875,"{""T"":1790822975861,""s"":""ARKUSDT"",""S"":""Sell"",""v"":""93"",""p"":""0.27875""}"
2026-10-01T02:50:13.312819Z,1790823012783,TRUMPUSDT,Sell,24.9,2.228,"{""T"":1790823012783,""s"":""TRUMPUSDT"",""S"":""Sell"",""v"":""24.9"",""p"":""2.228""}"
2026-10-01T02:50:38.956741Z,1790823038413,QNTUSDT,Sell,0.06,297.03,"{""T"":1790823038413,""s"":""QNTUSDT"",""S"":""Sell"",""v"":""0.06"",""p"":""297.03""}"
2026-10-01T02:51:09.813200Z,1790823069716,HYPEUSDT,Buy,1.98,88.360,"{""T"":1790823069716,""s"":""HYPEUSDT"",""S"":""Buy"",""v"":""1.98"",""p"":""88.360""}"
2026-10-01T02:51:10.992644Z,1790823070741,SOONUSDT,Buy,1082,0.44640,"{""T"":1790823070741,""s"":""SOONUSDT"",""S"":""Buy"",""v"":""1082"",""p"":""0.44640""}"
2026-10-01T02:51:14.492243Z,1790823074228,SOONUSDT,Buy,1308,0.44660,"{""T"":1790823074228,""s"":""SOONUSDT"",""S"":""Buy"",""v"":""1308"",""p"":""0.44660""}"
2026-10-01T02:51:28.990718Z,1790823088604,CLUSDT,Buy,1.00,89.490,"{""T"":1790823088604,""s"":""CLUSDT"",""S"":""Buy"",""v"":""1.00"",""p"":""89.490""}"
2026-10-01T02:51:28.992001Z,1790823088869,SOONUSDT,Buy,56,0.44470,"{""T"":1790823088869,""s"":""SOONUSDT"",""S"":""Buy"",""v"":""56"",""p"":""0.44470""}"
2026-10-01T02:51:32.492198Z,1790823092055,SOONUSDT,Buy,4372,0.44380,"{""T"":1790823092055,""s"":""SOONUSDT"",""S"":""Buy"",""v"":""4372"",""p"":""0.44380""}"
2026-10-01T02:51:32.986971Z,1790823092777,CLUSDT,Buy,5.14,89.450,"{""T"":1790823092777,""s"":""CLUSDT"",""S"":""Buy"",""v"":""5.14"",""p"":""89.450""}"
2026-10-01T02:51:34.993124Z,1790823094686,SOONUSDT,Buy,3,0.44200,"{""T"":1790823094686,""s"":""SOONUSDT"",""S"":""Buy"",""v"":""3"",""p"":""0.44200""}"
2026-10-01T02:51:34.993124Z,1790823094757,SOONUSDT,Buy,1359,0.44200,"{""T"":1790823094757,""s"":""SOONUSDT"",""S"":""Buy"",""v"":""1359"",""p"":""0.44200""}"
2026-10-01T02:52:54.016360Z,1790823173536,NEARUSDT,Sell,1.7,5.2820,"{""T"":1790823173536,""s"":""NEARUSDT"",""S"":""Sell"",""v"":""1.7"",""p"":""5.2820""}"
2026-10-01T02:53:18.914122Z,1790823198507,1000PEPEUSDT,Sell,179900,0.0043610,"{""T"":1790823198507,""s"":""1000PEPEUSDT"",""S"":""Sell"",""v"":""179900"",""p"":""0.0043610""}"
2026-10-01T02:53:40.414425Z,1790823220163,1000PEPEUSDT,Sell,300800,0.0043670,"{""T"":1790823220163,""s"":""1000PEPEUSDT"",""S"":""Sell"",""v"":""300800"",""p"":""0.0043670""}"
2026-10-01T02:53:42.635044Z,1790823222181,MOVRUSDT,Buy,5.0,2.2960,"{""T"":1790823222181,""s"":""MOVRUSDT"",""S"":""Buy"",""v"":""5.0"",""p"":""2.2960""}"
2026-10-01T02:53:46.312829Z,1790823226142,WLFIUSDT,Sell,107,0.05621,"{""T"":1790823226142,""s"":""WLFIUSDT"",""S"":""Sell"",""v"":""107"",""p"":""0.05621""}"
2026-10-01T02:54:02.517012Z,1790823242220,NEARUSDT,Sell,72.6,5.2880,"{""T"":1790823242220,""s"":""NEARUSDT"",""S"":""Sell"",""v"":""72.6"",""p"":""5.2880""}"
2026-10-01T02:54:02.908501Z,1790823242709,HBARUSDT,Sell,71692,0.10525,"{""T"":1790823242709,""s"":""HBARUSDT"",""S"":""Sell"",""v"":""71692"",""p"":""0.10525""}"
2026-10-01T02:54:40.635177Z,1790823280089,STRKUSDT,Sell,191.2,0.04452,"{""T"":1790823280089,""s"":""STRKUSDT"",""S"":""Sell"",""v"":""191.2"",""p"":""0.04452""}"
2026-10-01T02:55:01.825901Z,1790823301270,FARTCOINUSDT,Sell,207,0.18147,"{""T"":1790823301270,""s"":""FARTCOINUSDT"",""S"":""Sell"",""v"":""207"",""p"":""0.18147""}"
2026-10-01T02:55:12.813945Z,1790823312242,TRUMPUSDT,Sell,273.1,2.241,"{""T"":1790823312242,""s"":""TRUMPUSDT"",""S"":""Sell"",""v"":""273.1"",""p"":""2.241""}"
2026-10-01T02:55:13.635002Z,1790823313186,STRKUSDT,Sell,3040.2,0.04461,"{""T"":1790823313186,""s"":""STRKUSDT"",""S"":""Sell"",""v"":""3040.2"",""p"":""0.04461""}"
2026-10-01T02:55:23.313079Z,1790823323122,TRUMPUSDT,Sell,1060.4,2.240,"{""T"":1790823323122,""s"":""TRUMPUSDT"",""S"":""Sell"",""v"":""1060.4"",""p"":""2.240""}"
2026-10-01T02:55:35.914159Z,1790823335606,DOGEUSDT,Sell,1583,0.09599,"{""T"":1790823335606,""s"":""DOGEUSDT"",""S"":""Sell"",""v"":""1583"",""p"":""0.09599""}"
2026-10-01T02:56:58.812645Z,1790823418298,TRUMPUSDT,Sell,1750.3,2.255,"{""T"":1790823418298,""s"":""TRUMPUSDT"",""S"":""Sell"",""v"":""1750.3"",""p"":""2.255""}"
2026-10-01T02:57:27.908864Z,1790823447585,CRCLUSDT,Sell,0.06,83.41,"{""T"":1790823447585,""s"":""CRCLUSDT"",""S"":""Sell"",""v"":""0.06"",""p"":""83.41""}"
2026-10-01T02:58:49.456112Z,1790823528953,QNTUSDT,Sell,4.38,295.50,"{""T"":1790823528953,""s"":""QNTUSDT"",""S"":""Sell"",""v"":""4.38"",""p"":""295.50""}"
2026-10-01T02:59:13.636074Z,1790823553481,MOVRUSDT,Sell,21.1,2.4660,"{""T"":1790823553481,""s"":""MOVRUSDT"",""S"":""Sell"",""v"":""21.1"",""p"":""2.4660""}"
2026-10-01T03:00:01.138383Z,1790823600985,ARKUSDT,Buy,10982,0.25620,"{""T"":1790823600985,""s"":""ARKUSDT"",""S"":""Buy"",""v"":""10982"",""p"":""0.25620""}"
2026-10-01T03:00:41.812831Z,1790823641550,NILUSDT,Sell,2234,0.09208,"{""T"":1790823641550,""s"":""NILUSDT"",""S"":""Sell"",""v"":""2234"",""p"":""0.09208""}"
2026-10-01T03:00:50.492672Z,1790823650109,SUIUSDT,Sell,40,1.19650,"{""T"":1790823650109,""s"":""SUIUSDT"",""S"":""Sell"",""v"":""40"",""p"":""1.19650""}"
2026-10-01T03:00:50.840051Z,1790823650263,AAVEUSDT,Sell,1.88,164.27,"{""T"":1790823650263,""s"":""AAVEUSDT"",""S"":""Sell"",""v"":""1.88"",""p"":""164.27""}"
2026-10-01T03:01:12.842370Z,1790823672562,AAVEUSDT,Sell,1.50,164.74,"{""T"":1790823672562,""s"":""AAVEUSDT"",""S"":""Sell"",""v"":""1.50"",""p"":""164.74""}"
2026-10-01T03:01:13.837554Z,1790823673516,AAVEUSDT,Sell,0.12,164.82,"{""T"":1790823673516,""s"":""AAVEUSDT"",""S"":""Sell"",""v"":""0.12"",""p"":""164.82""}"
2026-10-01T03:01:14.065620Z,1790823673516,BTCUSDT,Sell,0.001,83760.10,"{""T"":1790823673516,""s"":""BTCUSDT"",""S"":""Sell"",""v"":""0.001"",""p"":""83760.10""}"
2026-10-01T03:01:23.414262Z,1790823683135,DOTUSDT,Sell,4039.4,1.2531,"{""T"":1790823683135,""s"":""DOTUSDT"",""S"":""Sell"",""v"":""4039.4"",""p"":""1.2531""}"
2026-10-01T03:01:23.516350Z,1790823683135,AVAXUSDT,Sell,409.5,11.145,"{""T"":1790823683135,""s"":""AVAXUSDT"",""S"":""Sell"",""v"":""409.5"",""p"":""11.145""}"
2026-10-01T03:01:23.562342Z,1790823683135,SOLUSDT,Sell,37.6,118.850,"{""T"":1790823683135,""s"":""SOLUSDT"",""S"":""Sell"",""v"":""37.6"",""p"":""118.850""}"
2026-10-01T03:02:13.837596Z,1790823733751,AAVEUSDT,Sell,2.00,165.22,"{""T"":1790823733751,""s"":""AAVEUSDT"",""S"":""Sell"",""v"":""2.00"",""p"":""165.22""}"
2026-10-01T03:02:24.497157Z,1790823744093,STXUSDT,Buy,11071.5,0.37460,"{""T"":1790823744093,""s"":""STXUSDT"",""S"":""Buy"",""v"":""11071.5"",""p"":""0.37460""}"
2026-10-01T03:02:30.851595Z,1790823750407,MARSCOINUSDT,Sell,190,0.14336,"{""T"":1790823750407,""s"":""MARSCOINUSDT"",""S"":""Sell"",""v"":""190"",""p"":""0.14336""}"
2026-10-01T03:02:58.135700Z,1790823777610,ARKUSDT,Buy,1688,0.25013,"{""T"":1790823777610,""s"":""ARKUSDT"",""S"":""Buy"",""v"":""1688"",""p"":""0.25013""}"
2026-10-01T03:02:59.135016Z,1790823778885,ARKUSDT,Buy,13522,0.24961,"{""T"":1790823778885,""s"":""ARKUSDT"",""S"":""Buy"",""v"":""13522"",""p"":""0.24961""}"
2026-10-01T03:03:03.135739Z,1790823783008,ARKUSDT,Buy,501,0.24866,"{""T"":1790823783008,""s"":""ARKUSDT"",""S"":""Buy"",""v"":""501"",""p"":""0.24866""}"
2026-10-01T03:03:04.635586Z,1790823784051,ARKUSDT,Buy,1193,0.24835,"{""T"":1790823784051,""s"":""ARKUSDT"",""S"":""Buy"",""v"":""1193"",""p"":""0.24835""}"
2026-10-01T03:03:06.496527Z,1790823786356,STXUSDT,Buy,86.4,0.37290,"{""T"":1790823786356,""s"":""STXUSDT"",""S"":""Buy"",""v"":""86.4"",""p"":""0.37290""}"
2026-10-01T03:03:10.635195Z,1790823790164,ARKUSDT,Buy,4252,0.24661,"{""T"":1790823790164,""s"":""ARKUSDT"",""S"":""Buy"",""v"":""4252"",""p"":""0.24661""}"
2026-10-01T03:03:10.635195Z,1790823790515,ARKUSDT,Buy,1897,0.24666,"{""T"":1790823790515,""s"":""ARKUSDT"",""S"":""Buy"",""v"":""1897"",""p"":""0.24666""}"
2026-10-01T03:03:11.135218Z,1790823790906,ARKUSDT,Buy,334,0.24633,"{""T"":1790823790906,""s"":""ARKUSDT"",""S"":""Buy"",""v"":""334"",""p"":""0.24633""}"
2026-10-01T03:03:20.496486Z,1790823799940,STXUSDT,Buy,1974.2,0.37260,"{""T"":1790823799940,""s"":""STXUSDT"",""S"":""Buy"",""v"":""1974.2"",""p"":""0.37260""}"
2026-10-01T03:03:26.812621Z,1790823806581,TRUMPUSDT,Buy,3.7,2.193,"{""T"":1790823806581,""s"":""TRUMPUSDT"",""S"":""Buy"",""v"":""3.7"",""p"":""2.193""}"
2026-10-01T03:03:29.992044Z,1790823809487,SOONUSDT,Buy,30,0.44120,"{""T"":1790823809487,""s"":""SOONUSDT"",""S"":""Buy"",""v"":""30"",""p"":""0.44120""}"
2026-10-01T03:03:59.813317Z,1790823839320,PUMPFUNUSDT,Buy,900,0.0056530,"{""T"":1790823839320,""s"":""PUMPFUNUSDT"",""S"":""Buy"",""v"":""900"",""p"":""0.0056530""}"
2026-10-01T03:04:54.635946Z,1790823894113,ARKUSDT,Buy,599,0.24342,"{""T"":1790823894113,""s"":""ARKUSDT"",""S"":""Buy"",""v"":""599"",""p"":""0.24342""}"
2026-10-01T03:05:11.456044Z,1790823911189,QNTUSDT,Sell,1.63,296.71,"{""T"":1790823911189,""s"":""QNTUSDT"",""S"":""Sell"",""v"":""1.63"",""p"":""296.71""}"
2026-10-01T03:06:12.516193Z,1790823972272,NEARUSDT,Buy,42.3,5.2480,"{""T"":1790823972272,""s"":""NEARUSDT"",""S"":""Buy"",""v"":""42.3"",""p"":""5.2480""}"
2026-10-01T03:06:12.635673Z,1790823972272,ARKUSDT,Buy,358,0.23915,"{""T"":1790823972272,""s"":""ARKUSDT"",""S"":""Buy"",""v"":""358"",""p"":""0.23915""}"
2026-10-01T03:06:12.635673Z,1790823972293,ARKUSDT,Buy,124,0.24029,"{""T"":1790823972293,""s"":""ARKUSDT"",""S"":""Buy"",""v"":""124"",""p"":""0.24029""}"
2026-10-01T03:06:49.312702Z,1790824008870,ASTERUSDT,Buy,4988,0.7420,"{""T"":1790824008870,""s"":""ASTERUSDT"",""S"":""Buy"",""v"":""4988"",""p"":""0.7420""}"
2026-10-01T03:07:02.860010Z,1790824022609,WLDUSDT,Buy,387.7,0.5308,"{""T"":1790824022609,""s"":""WLDUSDT"",""S"":""Buy"",""v"":""387.7"",""p"":""0.5308""}"
2026-10-01T03:08:06.136233Z,1790824085750,AKEUSDT,Sell,4600,0.0324990,"{""T"":1790824085750,""s"":""AKEUSDT"",""S"":""Sell"",""v"":""4600"",""p"":""0.0324990""}"
2026-10-01T03:08:09.135238Z,1790824088561,MOVRUSDT,Sell,8.6,2.4740,"{""T"":1790824088561,""s"":""MOVRUSDT"",""S"":""Sell"",""v"":""8.6"",""p"":""2.4740""}"
2026-10-01T03:08:09.135238Z,1790824088631,MOVRUSDT,Sell,4.2,2.4740,"{""T"":1790824088631,""s"":""MOVRUSDT"",""S"":""Sell"",""v"":""4.2"",""p"":""2.4740""}"
2026-10-01T03:09:11.813639Z,1790824151666,TRUMPUSDT,Buy,468.6,2.146,"{""T"":1790824151666,""s"":""TRUMPUSDT"",""S"":""Buy"",""v"":""468.6"",""p"":""2.146""}"
2026-10-01T03:09:17.635756Z,1790824157543,ARKUSDT,Buy,2,0.23296,"{""T"":1790824157543,""s"":""ARKUSDT"",""S"":""Buy"",""v"":""2"",""p"":""0.23296""}"
2026-10-01T03:10:53.135657Z,1790824252872,MOVRUSDT,Sell,6.3,2.4860,"{""T"":1790824252872,""s"":""MOVRUSDT"",""S"":""Sell"",""v"":""6.3"",""p"":""2.4860""}"
2026-10-01T03:11:58.987150Z,1790824318407,XAUUSDT,Sell,0.038,4190.45,"{""T"":1790824318407,""s"":""XAUUSDT"",""S"":""Sell"",""v"":""0.038"",""p"":""4190.45""}"
2026-10-01T03:12:15.016860Z,1790824334823,NEARUSDT,Sell,58.8,5.3450,"{""T"":1790824334823,""s"":""NEARUSDT"",""S"":""Sell"",""v"":""58.8"",""p"":""5.3450""}"
2026-10-01T03:12:27.837609Z,1790824347590,LITUSDT,Sell,7.4,4.0890,"{""T"":1790824347590,""s"":""LITUSDT"",""S"":""Sell"",""v"":""7.4"",""p"":""4.0890""}"
2026-10-01T03:12:28.337350Z,1790824347977,LITUSDT,Sell,24.6,4.0830,"{""T"":1790824347977,""s"":""LITUSDT"",""S"":""Sell"",""v"":""24.6"",""p"":""4.0830""}"
2026-10-01T03:13:39.135549Z,1790824418977,LYNUSDT,Buy,817,0.02417,"{""T"":1790824418977,""s"":""LYNUSDT"",""S"":""Buy"",""v"":""817"",""p"":""0.02417""}"
2026-10-01T03:13:39.635526Z,1790824419483,LYNUSDT,Buy,1498,0.02417,"{""T"":1790824419483,""s"":""LYNUSDT"",""S"":""Buy"",""v"":""1498"",""p"":""0.02417""}"
2026-10-01T03:13:42.135661Z,1790824422049,LYNUSDT,Buy,5157,0.02415,"{""T"":1790824422049,""s"":""LYNUSDT"",""S"":""Buy"",""v"":""5157"",""p"":""0.02415""}"
2026-10-01T03:14:16.635482Z,1790824456449,LYNUSDT,Buy,17399,0.02396,"{""T"":1790824456449,""s"":""LYNUSDT"",""S"":""Buy"",""v"":""17399"",""p"":""0.02396""}"
2026-10-01T03:14:29.992607Z,1790824469699,SOONUSDT,Buy,11116,0.44010,"{""T"":1790824469699,""s"":""SOONUSDT"",""S"":""Buy"",""v"":""11116"",""p"":""0.44010""}"
2026-10-01T03:14:30.492688Z,1790824470085,SOONUSDT,Buy,409,0.43900,"{""T"":1790824470085,""s"":""SOONUSDT"",""S"":""Buy"",""v"":""409"",""p"":""0.43900""}"
2026-10-01T03:15:02.487195Z,1790824502012,USUSDT,Sell,340,0.027660,"{""T"":1790824502012,""s"":""USUSDT"",""S"":""Sell"",""v"":""340"",""p"":""0.027660""}"
2026-10-01T03:16:08.516036Z,1790824568338,NEARUSDT,Sell,15.9,5.3830,"{""T"":1790824568338,""s"":""NEARUSDT"",""S"":""Sell"",""v"":""15.9"",""p"":""5.3830""}"
2026-10-01T03:16:32.521826Z,1790824592330,NEARUSDT,Sell,6.7,5.3960,"{""T"":1790824592330,""s"":""NEARUSDT"",""S"":""Sell"",""v"":""6.7"",""p"":""5.3960""}"
2026-10-01T03:16:57.490195Z,1790824617196,SOXLUSDT,Sell,2.65,153.17,"{""T"":1790824617196,""s"":""SOXLUSDT"",""S"":""Sell"",""v"":""2.65"",""p"":""153.17""}"
2026-10-01T03:22:05.992670Z,1790824925575,SUIUSDT,Buy,1600,1.15940,"{""T"":1790824925575,""s"":""SUIUSDT"",""S"":""Buy"",""v"":""1600"",""p"":""1.15940""}"
2026-10-01T03:24:45.643909Z,1790825085195,ARKUSDT,Sell,4198,0.25533,"{""T"":1790825085195,""s"":""ARKUSDT"",""S"":""Sell"",""v"":""4198"",""p"":""0.25533""}"
2026-10-01T03:24:45.643909Z,1790825085539,ARKUSDT,Sell,200,0.25531,"{""T"":1790825085539,""s"":""ARKUSDT"",""S"":""Sell"",""v"":""200"",""p"":""0.25531""}"
2026-10-01T03:26:53.413895Z,1790825213192,DOTUSDT,Sell,300.0,1.2587,"{""T"":1790825213192,""s"":""DOTUSDT"",""S"":""Sell"",""v"":""300.0"",""p"":""1.2587""}"
2026-10-01T03:30:04.635134Z,1790825404321,MOVRUSDT,Buy,104.5,2.2820,"{""T"":1790825404321,""s"":""MOVRUSDT"",""S"":""Buy"",""v"":""104.5"",""p"":""2.2820""}"
2026-10-01T03:32:04.456122Z,1790825524157,QNTUSDT,Sell,0.81,303.63,"{""T"":1790825524157,""s"":""QNTUSDT"",""S"":""Sell"",""v"":""0.81"",""p"":""303.63""}"
2026-10-01T03:32:09.455801Z,1790825529161,QNTUSDT,Sell,4.73,304.84,"{""T"":1790825529161,""s"":""QNTUSDT"",""S"":""Sell"",""v"":""4.73"",""p"":""304.84""}"
2026-10-01T03:32:41.455976Z,1790825561189,QNTUSDT,Buy,0.36,296.48,"{""T"":1790825561189,""s"":""QNTUSDT"",""S"":""Buy"",""v"":""0.36"",""p"":""296.48""}"
2026-10-01T03:33:22.638943Z,1790825602316,MOVRUSDT,Sell,60.2,2.4900,"{""T"":1790825602316,""s"":""MOVRUSDT"",""S"":""Sell"",""v"":""60.2"",""p"":""2.4900""}"
2026-10-01T03:33:23.635049Z,1790825603167,MOVRUSDT,Sell,11.8,2.4910,"{""T"":1790825603167,""s"":""MOVRUSDT"",""S"":""Sell"",""v"":""11.8"",""p"":""2.4910""}"
2026-10-01T03:33:27.487023Z,1790825606942,NIGHTUSDT,Sell,26700,0.04119,"{""T"":1790825606942,""s"":""NIGHTUSDT"",""S"":""Sell"",""v"":""26700"",""p"":""0.04119""}"
2026-10-01T03:33:27.487023Z,1790825607003,NIGHTUSDT,Sell,170,0.04114,"{""T"":1790825607003,""s"":""NIGHTUSDT"",""S"":""Sell"",""v"":""170"",""p"":""0.04114""}"
2026-10-01T03:33:27.487023Z,1790825607045,NIGHTUSDT,Sell,12970,0.04121,"{""T"":1790825607045,""s"":""NIGHTUSDT"",""S"":""Sell"",""v"":""12970"",""p"":""0.04121""}"
2026-10-01T03:33:37.004584Z,1790825616832,SOONUSDT,Sell,69,0.47580,"{""T"":1790825616832,""s"":""SOONUSDT"",""S"":""Sell"",""v"":""69"",""p"":""0.47580""}"
2026-10-01T03:33:42.635565Z,1790825622384,ARKUSDT,Sell,5259,0.25702,"{""T"":1790825622384,""s"":""ARKUSDT"",""S"":""Sell"",""v"":""5259"",""p"":""0.25702""}"
2026-10-01T03:33:42.635565Z,1790825622384,ARKUSDT,Sell,2003,0.25679,"{""T"":1790825622384,""s"":""ARKUSDT"",""S"":""Sell"",""v"":""2003"",""p"":""0.25679""}"
2026-10-01T03:33:45.135290Z,1790825624692,ARKUSDT,Sell,87,0.26000,"{""T"":1790825624692,""s"":""ARKUSDT"",""S"":""Sell"",""v"":""87"",""p"":""0.26000""}"
2026-10-01T03:33:46.635108Z,1790825626087,ARKUSDT,Sell,1034,0.26371,"{""T"":1790825626087,""s"":""ARKUSDT"",""S"":""Sell"",""v"":""1034"",""p"":""0.26371""}"
2026-10-01T03:33:47.135175Z,1790825626898,ARKUSDT,Sell,19487,0.26395,"{""T"":1790825626898,""s"":""ARKUSDT"",""S"":""Sell"",""v"":""19487"",""p"":""0.26395""}"
2026-10-01T03:33:47.992187Z,1790825627734,SOONUSDT,Sell,42,0.47900,"{""T"":1790825627734,""s"":""SOONUSDT"",""S"":""Sell"",""v"":""42"",""p"":""0.47900""}"
2026-10-01T03:33:48.456103Z,1790825628302,QNTUSDT,Buy,0.34,295.28,"{""T"":1790825628302,""s"":""QNTUSDT"",""S"":""Buy"",""v"":""0.34"",""p"":""295.28""}"
2026-10-01T03:33:52.634816Z,1790825632516,ARKUSDT,Sell,451,0.26485,"{""T"":1790825632516,""s"":""ARKUSDT"",""S"":""Sell"",""v"":""451"",""p"":""0.26485""}"
2026-10-01T03:34:09.135420Z,1790825648863,ARKUSDT,Sell,18869,0.27198,"{""T"":1790825648863,""s"":""ARKUSDT"",""S"":""Sell"",""v"":""18869"",""p"":""0.27198""}"
2026-10-01T03:34:15.635001Z,1790825655383,ARKUSDT,Sell,4196,0.27449,"{""T"":1790825655383,""s"":""ARKUSDT"",""S"":""Sell"",""v"":""4196"",""p"":""0.27449""}"
2026-10-01T03:35:56.337313Z,1790825755937,AAVEUSDT,Sell,0.16,165.76,"{""T"":1790825755937,""s"":""AAVEUSDT"",""S"":""Sell"",""v"":""0.16"",""p"":""165.76""}"
2026-10-01T03:36:09.135352Z,1790825768980,ARKUSDT,Sell,599,0.27972,"{""T"":1790825768980,""s"":""ARKUSDT"",""S"":""Sell"",""v"":""599"",""p"":""0.27972""}"
2026-10-01T03:36:55.908578Z,1790825815403,TIAUSDT,Sell,373.7,0.4560,"{""T"":1790825815403,""s"":""TIAUSDT"",""S"":""Sell"",""v"":""373.7"",""p"":""0.4560""}"
2026-10-01T03:37:06.493323Z,1790825826091,SOONUSDT,Sell,337,0.48590,"{""T"":1790825826091,""s"":""SOONUSDT"",""S"":""Sell"",""v"":""337"",""p"":""0.48590""}"
2026-10-01T03:37:13.135028Z,1790825832586,ARKUSDT,Sell,3000,0.28173,"{""T"":1790825832586,""s"":""ARKUSDT"",""S"":""Sell"",""v"":""3000"",""p"":""0.28173""}"
2026-10-01T03:37:16.492265Z,1790825836185,SOONUSDT,Sell,238,0.48640,"{""T"":1790825836185,""s"":""SOONUSDT"",""S"":""Sell"",""v"":""238"",""p"":""0.48640""}"
2026-10-01T03:37:33.313035Z,1790825853159,PUMPFUNUSDT,Sell,17300,0.0057780,"{""T"":1790825853159,""s"":""PUMPFUNUSDT"",""S"":""Sell"",""v"":""17300"",""p"":""0.0057780""}"
2026-10-01T03:37:33.812582Z,1790825853674,PUMPFUNUSDT,Sell,1000,0.0057790,"{""T"":1790825853674,""s"":""PUMPFUNUSDT"",""S"":""Sell"",""v"":""1000"",""p"":""0.0057790""}"
2026-10-01T03:37:35.516461Z,1790825855224,NEARUSDT,Sell,161.7,5.3690,"{""T"":1790825855224,""s"":""NEARUSDT"",""S"":""Sell"",""v"":""161.7"",""p"":""5.3690""}"
2026-10-01T03:37:36.914136Z,1790825856663,ADAUSDT,Sell,40,0.2517,"{""T"":1790825856663,""s"":""ADAUSDT"",""S"":""Sell"",""v"":""40"",""p"":""0.2517""}"
2026-10-01T03:37:38.337793Z,1790825858187,LITUSDT,Sell,680.4,4.0750,"{""T"":1790825858187,""s"":""LITUSDT"",""S"":""Sell"",""v"":""680.4"",""p"":""4.0750""}"
2026-10-01T03:37:42.907960Z,1790825862379,BCHUSDT,Sell,0.90,309.60,"{""T"":1790825862379,""s"":""BCHUSDT"",""S"":""Sell"",""v"":""0.90"",""p"":""309.60""}"
2026-10-01T03:38:29.348681Z,1790825909048,MARSCOINUSDT,Sell,3170,0.14473,"{""T"":1790825909048,""s"":""MARSCOINUSDT"",""S"":""Sell"",""v"":""3170"",""p"":""0.14473""}"
2026-10-01T03:39:05.837063Z,1790825945726,LITUSDT,Sell,48.1,4.0890,"{""T"":1790825945726,""s"":""LITUSDT"",""S"":""Sell"",""v"":""48.1"",""p"":""4.0890""}"
2026-10-01T03:39:16.016145Z,1790825955481,NEARUSDT,Sell,510.5,5.3770,"{""T"":1790825955481,""s"":""NEARUSDT"",""S"":""Sell"",""v"":""510.5"",""p"":""5.3770""}"
2026-10-01T03:39:22.337139Z,1790825961968,AAVEUSDT,Sell,0.59,166.18,"{""T"":1790825961968,""s"":""AAVEUSDT"",""S"":""Sell"",""v"":""0.59"",""p"":""166.18""}"
2026-10-01T03:39:28.987355Z,1790825968824,NIGHTUSDT,Sell,390,0.04134,"{""T"":1790825968824,""s"":""NIGHTUSDT"",""S"":""Sell"",""v"":""390"",""p"":""0.04134""}"
2026-10-01T03:39:29.487083Z,1790825969215,NIGHTUSDT,Sell,1550,0.04137,"{""T"":1790825969215,""s"":""NIGHTUSDT"",""S"":""Sell"",""v"":""1550"",""p"":""0.04137""}"
2026-10-01T03:39:34.848060Z,1790825974294,MARSCOINUSDT,Sell,1540,0.14565,"{""T"":1790825974294,""s"":""MARSCOINUSDT"",""S"":""Sell"",""v"":""1540"",""p"":""0.14565""}"
2026-10-01T03:39:38.812938Z,1790825978612,XPLUSDT,Sell,1916,0.09776,"{""T"":1790825978612,""s"":""XPLUSDT"",""S"":""Sell"",""v"":""1916"",""p"":""0.09776""}"
2026-10-01T03:39:40.837675Z,1790825980672,AAVEUSDT,Sell,1.22,166.31,"{""T"":1790825980672,""s"":""AAVEUSDT"",""S"":""Sell"",""v"":""1.22"",""p"":""166.31""}"
2026-10-01T03:40:47.956202Z,1790826047722,QNTUSDT,Sell,0.13,301.04,"{""T"":1790826047722,""s"":""QNTUSDT"",""S"":""Sell"",""v"":""0.13"",""p"":""301.04""}"
2026-10-01T03:40:47.956202Z,1790826047834,QNTUSDT,Sell,0.14,301.08,"{""T"":1790826047834,""s"":""QNTUSDT"",""S"":""Sell"",""v"":""0.14"",""p"":""301.08""}"
2026-10-01T03:40:57.992352Z,1790826057472,SOONUSDT,Sell,502,0.49030,"{""T"":1790826057472,""s"":""SOONUSDT"",""S"":""Sell"",""v"":""502"",""p"":""0.49030""}"
2026-10-01T03:41:22.493091Z,1790826082037,SOONUSDT,Sell,1049,0.49110,"{""T"":1790826082037,""s"":""SOONUSDT"",""S"":""Sell"",""v"":""1049"",""p"":""0.49110""}"
2026-10-01T03:42:02.837543Z,1790826122325,XRPUSDT,Sell,146.3,1.5035,"{""T"":1790826122325,""s"":""XRPUSDT"",""S"":""Sell"",""v"":""146.3"",""p"":""1.5035""}"
2026-10-01T03:42:17.487323Z,1790826137118,XAUUSDT,Sell,0.005,4191.45,"{""T"":1790826137118,""s"":""XAUUSDT"",""S"":""Sell"",""v"":""0.005"",""p"":""4191.45""}"
2026-10-01T03:42:25.414889Z,1790826145138,DOGEUSDT,Sell,1884,0.09624,"{""T"":1790826145138,""s"":""DOGEUSDT"",""S"":""Sell"",""v"":""1884"",""p"":""0.09624""}"
2026-10-01T03:42:37.338467Z,1790826156888,AAVEUSDT,Sell,4.03,166.89,"{""T"":1790826156888,""s"":""AAVEUSDT"",""S"":""Sell"",""v"":""4.03"",""p"":""166.89""}"
2026-10-01T03:42:40.914101Z,1790826160634,DOGEUSDT,Sell,63,0.09630,"{""T"":1790826160634,""s"":""DOGEUSDT"",""S"":""Sell"",""v"":""63"",""p"":""0.09630""}"
2026-10-01T03:43:07.837480Z,1790826187467,XRPUSDT,Sell,7.3,1.5049,"{""T"":1790826187467,""s"":""XRPUSDT"",""S"":""Sell"",""v"":""7.3"",""p"":""1.5049""}"
2026-10-01T03:43:08.065740Z,1790826187501,BTCUSDT,Sell,0.002,83933.10,"{""T"":1790826187501,""s"":""BTCUSDT"",""S"":""Sell"",""v"":""0.002"",""p"":""83933.10""}"
2026-10-01T03:43:12.496307Z,1790826192144,DASHUSDT,Sell,0.20,61.12,"{""T"":1790826192144,""s"":""DASHUSDT"",""S"":""Sell"",""v"":""0.20"",""p"":""61.12""}"
2026-10-01T03:43:17.837469Z,1790826197544,XRPUSDT,Sell,6.6,1.5053,"{""T"":1790826197544,""s"":""XRPUSDT"",""S"":""Sell"",""v"":""6.6"",""p"":""1.5053""}"
2026-10-01T03:43:18.414315Z,1790826198042,1000PEPEUSDT,Sell,825300,0.0044180,"{""T"":1790826198042,""s"":""1000PEPEUSDT"",""S"":""Sell"",""v"":""825300"",""p"":""0.0044180""}"
2026-10-01T03:43:18.414823Z,1790826198042,DOGEUSDT,Sell,14231,0.09634,"{""T"":1790826198042,""s"":""DOGEUSDT"",""S"":""Sell"",""v"":""14231"",""p"":""0.09634""}"
2026-10-01T03:43:19.497090Z,1790826199084,STXUSDT,Sell,113.3,0.38870,"{""T"":1790826199084,""s"":""STXUSDT"",""S"":""Sell"",""v"":""113.3"",""p"":""0.38870""}"
2026-10-01T03:43:34.987419Z,1790826214667,USUSDT,Sell,1690,0.027840,"{""T"":1790826214667,""s"":""USUSDT"",""S"":""Sell"",""v"":""1690"",""p"":""0.027840""}"
2026-10-01T03:44:03.986899Z,1790826243640,XAUUSDT,Sell,0.004,4192.67,"{""T"":1790826243640,""s"":""XAUUSDT"",""S"":""Sell"",""v"":""0.004"",""p"":""4192.67""}"
2026-10-01T03:45:07.825928Z,1790826307443,ENAUSDT,Sell,749,0.27295,"{""T"":1790826307443,""s"":""ENAUSDT"",""S"":""Sell"",""v"":""749"",""p"":""0.27295""}"
2026-10-01T03:47:15.635260Z,1790826435061,LYNUSDT,Buy,4711,0.02370,"{""T"":1790826435061,""s"":""LYNUSDT"",""S"":""Buy"",""v"":""4711"",""p"":""0.02370""}"
2026-10-01T03:47:15.635260Z,1790826435231,LYNUSDT,Buy,194082,0.02369,"{""T"":1790826435231,""s"":""LYNUSDT"",""S"":""Buy"",""v"":""194082"",""p"":""0.02369""}"
2026-10-01T03:50:47.486964Z,1790826647226,USUSDT,Buy,690,0.025750,"{""T"":1790826647226,""s"":""USUSDT"",""S"":""Buy"",""v"":""690"",""p"":""0.025750""}"
2026-10-01T03:50:59.987136Z,1790826659469,USUSDT,Buy,12080,0.025590,"{""T"":1790826659469,""s"":""USUSDT"",""S"":""Buy"",""v"":""12080"",""p"":""0.025590""}"
2026-10-01T03:51:01.986983Z,1790826661428,USUSDT,Buy,2200,0.025390,"{""T"":1790826661428,""s"":""USUSDT"",""S"":""Buy"",""v"":""2200"",""p"":""0.025390""}"
2026-10-01T03:51:01.986983Z,1790826661469,USUSDT,Buy,2730,0.025400,"{""T"":1790826661469,""s"":""USUSDT"",""S"":""Buy"",""v"":""2730"",""p"":""0.025400""}"
2026-10-01T03:51:02.986562Z,1790826662817,USUSDT,Buy,550,0.025310,"{""T"":1790826662817,""s"":""USUSDT"",""S"":""Buy"",""v"":""550"",""p"":""0.025310""}"
2026-10-01T03:51:03.986987Z,1790826663833,SOXLUSDT,Sell,0.05,153.98,"{""T"":1790826663833,""s"":""SOXLUSDT"",""S"":""Sell"",""v"":""0.05"",""p"":""153.98""}"
2026-10-01T03:51:04.486772Z,1790826664101,USUSDT,Buy,10960,0.025250,"{""T"":1790826664101,""s"":""USUSDT"",""S"":""Buy"",""v"":""10960"",""p"":""0.025250""}"
2026-10-01T03:51:11.496574Z,1790826671328,STXUSDT,Sell,249.4,0.39300,"{""T"":1790826671328,""s"":""STXUSDT"",""S"":""Sell"",""v"":""249.4"",""p"":""0.39300""}"
2026-10-01T03:51:13.987765Z,1790826673611,SOXLUSDT,Sell,1.00,154.00,"{""T"":1790826673611,""s"":""SOXLUSDT"",""S"":""Sell"",""v"":""1.00"",""p"":""154.00""}"
2026-10-01T03:51:14.016322Z,1790826673611,MNTUSDT,Sell,325.0,0.71200,"{""T"":1790826673611,""s"":""MNTUSDT"",""S"":""Sell"",""v"":""325.0"",""p"":""0.71200""}"
2026-10-01T03:51:41.456359Z,1790826701089,QNTUSDT,Buy,0.20,294.78,"{""T"":1790826701089,""s"":""QNTUSDT"",""S"":""Buy"",""v"":""0.20"",""p"":""294.78""}"
2026-10-01T03:51:46.062525Z,1790826705710,SOLUSDT,Sell,5.7,119.100,"{""T"":1790826705710,""s"":""SOLUSDT"",""S"":""Sell"",""v"":""5.7"",""p"":""119.100""}"
2026-10-01T03:52:12.987426Z,1790826732451,NIGHTUSDT,Sell,1260,0.04130,"{""T"":1790826732451,""s"":""NIGHTUSDT"",""S"":""Sell"",""v"":""1260"",""p"":""0.04130""}"
2026-10-01T03:52:12.997237Z,1790826732451,STXUSDT,Sell,72.3,0.39490,"{""T"":1790826732451,""s"":""STXUSDT"",""S"":""Sell"",""v"":""72.3"",""p"":""0.39490""}"
2026-10-01T03:52:32.517163Z,1790826752262,NEARUSDT,Sell,57.5,5.4480,"{""T"":1790826752262,""s"":""NEARUSDT"",""S"":""Sell"",""v"":""57.5"",""p"":""5.4480""}"
2026-10-01T03:52:32.517163Z,1790826752396,NEARUSDT,Sell,19.9,5.4470,"{""T"":1790826752396,""s"":""NEARUSDT"",""S"":""Sell"",""v"":""19.9"",""p"":""5.4470""}"
2026-10-01T03:52:35.516121Z,1790826755155,NEARUSDT,Sell,4.6,5.4510,"{""T"":1790826755155,""s"":""NEARUSDT"",""S"":""Sell"",""v"":""4.6"",""p"":""5.4510""}"
2026-10-01T03:53:02.017137Z,1790826781748,NEARUSDT,Sell,4.0,5.4600,"{""T"":1790826781748,""s"":""NEARUSDT"",""S"":""Sell"",""v"":""4.0"",""p"":""5.4600""}"
2026-10-01T03:53:02.017137Z,1790826781829,NEARUSDT,Sell,12.0,5.4580,"{""T"":1790826781829,""s"":""NEARUSDT"",""S"":""Sell"",""v"":""12.0"",""p"":""5.4580""}"
2026-10-01T03:54:14.487212Z,1790826853924,XAUUSDT,Sell,2.288,4198.60,"{""T"":1790826853924,""s"":""XAUUSDT"",""S"":""Sell"",""v"":""2.288"",""p"":""4198.60""}"
2026-10-01T03:54:14.487212Z,1790826854187,XAUUSDT,Sell,0.040,4198.68,"{""T"":1790826854187,""s"":""XAUUSDT"",""S"":""Sell"",""v"":""0.040"",""p"":""4198.68""}"
2026-10-01T03:54:28.825629Z,1790826868668,MONUSDT,Buy,1564,0.031970,"{""T"":1790826868668,""s"":""MONUSDT"",""S"":""Buy"",""v"":""1564"",""p"":""0.031970""}"
2026-10-01T03:54:48.987287Z,1790826888526,SOXLUSDT,Sell,7.53,154.27,"{""T"":1790826888526,""s"":""SOXLUSDT"",""S"":""Sell"",""v"":""7.53"",""p"":""154.27""}"
2026-10-01T03:55:01.987103Z,1790826901636,SNDKUSDT,Sell,0.03,1777.16,"{""T"":1790826901636,""s"":""SNDKUSDT"",""S"":""Sell"",""v"":""0.03"",""p"":""1777.16""}"
2026-10-01T03:55:05.955955Z,1790826905394,ETHUSDT,Sell,2.80,2702.50,"{""T"":1790826905394,""s"":""ETHUSDT"",""S"":""Sell"",""v"":""2.80"",""p"":""2702.50""}"
2026-10-01T03:55:13.487234Z,1790826913076,CLUSDT,Buy,5.23,89.000,"{""T"":1790826913076,""s"":""CLUSDT"",""S"":""Buy"",""v"":""5.23"",""p"":""89.000""}"
2026-10-01T03:55:36.517188Z,1790826935937,AVAXUSDT,Sell,96.6,11.218,"{""T"":1790826935937,""s"":""AVAXUSDT"",""S"":""Sell"",""v"":""96.6"",""p"":""11.218""}"
2026-10-01T03:55:36.956146Z,1790826936804,QNTUSDT,Buy,0.25,293.47,"{""T"":1790826936804,""s"":""QNTUSDT"",""S"":""Buy"",""v"":""0.25"",""p"":""293.47""}"
2026-10-01T03:56:03.490049Z,1790826963349,SOXLUSDT,Sell,12.00,154.63,"{""T"":1790826963349,""s"":""SOXLUSDT"",""S"":""Sell"",""v"":""12.00"",""p"":""154.63""}"
2026-10-01T03:56:42.456409Z,1790827002071,ETHUSDT,Sell,0.13,2703.23,"{""T"":1790827002071,""s"":""ETHUSDT"",""S"":""Sell"",""v"":""0.13"",""p"":""2703.23""}"
2026-10-01T03:57:12.487410Z,1790827032347,SNDKUSDT,Sell,0.57,1780.95,"{""T"":1790827032347,""s"":""SNDKUSDT"",""S"":""Sell"",""v"":""0.57"",""p"":""1780.95""}"
2026-10-01T03:57:32.990802Z,1790827052426,CLUSDT,Buy,6.45,88.890,"{""T"":1790827052426,""s"":""CLUSDT"",""S"":""Buy"",""v"":""6.45"",""p"":""88.890""}"
2026-10-01T03:57:35.565543Z,1790827055136,BTCUSDT,Sell,0.007,84002.80,"{""T"":1790827055136,""s"":""BTCUSDT"",""S"":""Sell"",""v"":""0.007"",""p"":""84002.80""}"
2026-10-01T03:57:52.635755Z,1790827072480,ARKUSDT,Sell,1640,0.27866,"{""T"":1790827072480,""s"":""ARKUSDT"",""S"":""Sell"",""v"":""1640"",""p"":""0.27866""}"
2026-10-01T03:57:52.987163Z,1790827072480,PHAUSDT,Sell,903,0.07559,"{""T"":1790827072480,""s"":""PHAUSDT"",""S"":""Sell"",""v"":""903"",""p"":""0.07559""}"
2026-10-01T03:57:52.992134Z,1790827072480,SOONUSDT,Buy,903,0.45720,"{""T"":1790827072480,""s"":""SOONUSDT"",""S"":""Buy"",""v"":""903"",""p"":""0.45720""}"
2026-10-01T03:57:53.062353Z,1790827072480,SOLUSDT,Sell,3.7,119.100,"{""T"":1790827072480,""s"":""SOLUSDT"",""S"":""Sell"",""v"":""3.7"",""p"":""119.100""}"
2026-10-01T03:57:53.135201Z,1790827072932,AKEUSDT,Sell,200,0.0326560,"{""T"":1790827072932,""s"":""AKEUSDT"",""S"":""Sell"",""v"":""200"",""p"":""0.0326560""}"
2026-10-01T03:58:17.987891Z,1790827097532,SOXLUSDT,Sell,20.01,154.82,"{""T"":1790827097532,""s"":""SOXLUSDT"",""S"":""Sell"",""v"":""20.01"",""p"":""154.82""}"
2026-10-01T03:58:56.062742Z,1790827135646,SOLUSDT,Sell,35.7,119.180,"{""T"":1790827135646,""s"":""SOLUSDT"",""S"":""Sell"",""v"":""35.7"",""p"":""119.180""}"
2026-10-01T03:58:59.913779Z,1790827139384,DOGEUSDT,Sell,12756,0.09644,"{""T"":1790827139384,""s"":""DOGEUSDT"",""S"":""Sell"",""v"":""12756"",""p"":""0.09644""}"
2026-10-01T03:59:00.062365Z,1790827139874,SOLUSDT,Sell,15.8,119.190,"{""T"":1790827139874,""s"":""SOLUSDT"",""S"":""Sell"",""v"":""15.8"",""p"":""119.190""}"
2026-10-01T03:59:01.914614Z,1790827141612,DOGEUSDT,Sell,26542,0.09645,"{""T"":1790827141612,""s"":""DOGEUSDT"",""S"":""Sell"",""v"":""26542"",""p"":""0.09645""}"
2026-10-01T03:59:04.486589Z,1790827144186,SNDKUSDT,Sell,2.82,1781.69,"{""T"":1790827144186,""s"":""SNDKUSDT"",""S"":""Sell"",""v"":""2.82"",""p"":""1781.69""}"
2026-10-01T03:59:05.837600Z,1790827145428,XRPUSDT,Sell,28426.1,1.5080,"{""T"":1790827145428,""s"":""XRPUSDT"",""S"":""Sell"",""v"":""28426.1"",""p"":""1.5080""}"
2026-10-01T03:59:55.997353Z,1790827195454,PENGUUSDT,Sell,1080,0.009988,"{""T"":1790827195454,""s"":""PENGUUSDT"",""S"":""Sell"",""v"":""1080"",""p"":""0.009988""}"
2026-10-01T03:59:56.998036Z,1790827196512,PENGUUSDT,Sell,32790,0.009996,"{""T"":1790827196512,""s"":""PENGUUSDT"",""S"":""Sell"",""v"":""32790"",""p"":""0.009996""}"
2026-10-01T03:59:58.562572Z,1790827198077,SOLUSDT,Sell,0.3,119.240,"{""T"":1790827198077,""s"":""SOLUSDT"",""S"":""Sell"",""v"":""0.3"",""p"":""119.240""}"
2026-10-01T03:59:58.562572Z,1790827198167,SOLUSDT,Sell,1.9,119.230,"{""T"":1790827198167,""s"":""SOLUSDT"",""S"":""Sell"",""v"":""1.9"",""p"":""119.230""}"
2026-10-01T04:00:42.562405Z,1790827242313,SOLUSDT,Sell,11.1,119.210,"{""T"":1790827242313,""s"":""SOLUSDT"",""S"":""Sell"",""v"":""11.1"",""p"":""119.210""}"
2026-10-01T04:00:42.565170Z,1790827242313,BTCUSDT,Sell,0.030,84000.30,"{""T"":1790827242313,""s"":""BTCUSDT"",""S"":""Sell"",""v"":""0.030"",""p"":""84000.30""}"
2026-10-01T04:00:42.635470Z,1790827242313,AKEUSDT,Sell,24000,0.0328610,"{""T"":1790827242313,""s"":""AKEUSDT"",""S"":""Sell"",""v"":""24000"",""p"":""0.0328610""}"
2026-10-01T04:01:10.989039Z,1790827270496,SOXLUSDT,Sell,24.29,155.58,"{""T"":1790827270496,""s"":""SOXLUSDT"",""S"":""Sell"",""v"":""24.29"",""p"":""155.58""}"
2026-10-01T04:01:18.062625Z,1790827277503,SOLUSDT,Sell,1.4,119.260,"{""T"":1790827277503,""s"":""SOLUSDT"",""S"":""Sell"",""v"":""1.4"",""p"":""119.260""}"
2026-10-01T04:01:43.456022Z,1790827302891,ETHUSDT,Sell,1.50,2705.64,"{""T"":1790827302891,""s"":""ETHUSDT"",""S"":""Sell"",""v"":""1.50"",""p"":""2705.64""}"
2026-10-01T04:02:19.563081Z,1790827339168,SOLUSDT,Sell,0.5,119.330,"{""T"":1790827339168,""s"":""SOLUSDT"",""S"":""Sell"",""v"":""0.5"",""p"":""119.330""}"
2026-10-01T04:02:20.063088Z,1790827339768,SOLUSDT,Sell,100.0,119.330,"{""T"":1790827339768,""s"":""SOLUSDT"",""S"":""Sell"",""v"":""100.0"",""p"":""119.330""}"
2026-10-01T04:05:52.312794Z,1790827552032,HYPEUSDT,Buy,5.17,88.130,"{""T"":1790827552032,""s"":""HYPEUSDT"",""S"":""Buy"",""v"":""5.17"",""p"":""88.130""}"
2026-10-01T04:05:52.812785Z,1790827552273,HYPEUSDT,Buy,0.29,88.130,"{""T"":1790827552273,""s"":""HYPEUSDT"",""S"":""Buy"",""v"":""0.29"",""p"":""88.130""}"
2026-10-01T04:06:09.566205Z,1790827569457,BTCUSDT,Sell,0.003,84032.60,"{""T"":1790827569457,""s"":""BTCUSDT"",""S"":""Sell"",""v"":""0.003"",""p"":""84032.60""}"
2026-10-01T04:06:27.066338Z,1790827586944,BTCUSDT,Sell,0.004,84054.80,"{""T"":1790827586944,""s"":""BTCUSDT"",""S"":""Sell"",""v"":""0.004"",""p"":""84054.80""}"
2026-10-01T04:06:36.956323Z,1790827596396,ETHUSDT,Sell,0.39,2706.47,"{""T"":1790827596396,""s"":""ETHUSDT"",""S"":""Sell"",""v"":""0.39"",""p"":""2706.47""}"
2026-10-01T04:07:26.982569Z,1790827646387,QNTUSDT,Buy,3.50,292.26,"{""T"":1790827646387,""s"":""QNTUSDT"",""S"":""Buy"",""v"":""3.50"",""p"":""292.26""}"
2026-10-01T04:07:27.496579Z,1790827647377,STXUSDT,Buy,12185.3,0.38280,"{""T"":1790827647377,""s"":""STXUSDT"",""S"":""Buy"",""v"":""12185.3"",""p"":""0.38280""}"
2026-10-01T04:07:58.955855Z,1790827678539,QNTUSDT,Buy,1.05,291.51,"{""T"":1790827678539,""s"":""QNTUSDT"",""S"":""Buy"",""v"":""1.05"",""p"":""291.51""}"
2026-10-01T04:08:05.956218Z,1790827685540,QNTUSDT,Buy,2.00,290.98,"{""T"":1790827685540,""s"":""QNTUSDT"",""S"":""Buy"",""v"":""2.00"",""p"":""290.98""}"
2026-10-01T04:09:32.848567Z,1790827772369,MARSCOINUSDT,Sell,670,0.14686,"{""T"":1790827772369,""s"":""MARSCOINUSDT"",""S"":""Sell"",""v"":""670"",""p"":""0.14686""}"
2026-10-01T04:10:03.065721Z,1790827802780,BTCUSDT,Sell,0.146,84100.50,"{""T"":1790827802780,""s"":""BTCUSDT"",""S"":""Sell"",""v"":""0.146"",""p"":""84100.50""}"
2026-10-01T04:10:19.812916Z,1790827819401,TRUMPUSDT,Buy,461.0,2.125,"{""T"":1790827819401,""s"":""TRUMPUSDT"",""S"":""Buy"",""v"":""461.0"",""p"":""2.125""}"
2026-10-01T04:10:20.812950Z,1790827820236,TRUMPUSDT,Buy,118.9,2.127,"{""T"":1790827820236,""s"":""TRUMPUSDT"",""S"":""Buy"",""v"":""118.9"",""p"":""2.127""}"
2026-10-01T04:11:09.635356Z,1790827869458,MOVRUSDT,Sell,58.4,2.4970,"{""T"":1790827869458,""s"":""MOVRUSDT"",""S"":""Sell"",""v"":""58.4"",""p"":""2.4970""}"
2026-10-01T04:11:10.135093Z,1790827869983,MOVRUSDT,Sell,10.0,2.4950,"{""T"":1790827869983,""s"":""MOVRUSDT"",""S"":""Sell"",""v"":""10.0"",""p"":""2.4950""}"
2026-10-01T04:11:10.635063Z,1790827870074,MOVRUSDT,Sell,30.1,2.5000,"{""T"":1790827870074,""s"":""MOVRUSDT"",""S"":""Sell"",""v"":""30.1"",""p"":""2.5000""}"
2026-10-01T04:11:13.635378Z,1790827873126,MOVRUSDT,Sell,89.6,2.5200,"{""T"":1790827873126,""s"":""MOVRUSDT"",""S"":""Sell"",""v"":""89.6"",""p"":""2.5200""}"
2026-10-01T04:11:13.635378Z,1790827873133,MOVRUSDT,Sell,184.8,2.5310,"{""T"":1790827873133,""s"":""MOVRUSDT"",""S"":""Sell"",""v"":""184.8"",""p"":""2.5310""}"
2026-10-01T04:11:13.635378Z,1790827873135,MOVRUSDT,Sell,5.0,2.5080,"{""T"":1790827873135,""s"":""MOVRUSDT"",""S"":""Sell"",""v"":""5.0"",""p"":""2.5080""}"
2026-10-01T04:11:13.635378Z,1790827873211,MOVRUSDT,Sell,176.5,2.5280,"{""T"":1790827873211,""s"":""MOVRUSDT"",""S"":""Sell"",""v"":""176.5"",""p"":""2.5280""}"
2026-10-01T04:11:13.635378Z,1790827873316,MOVRUSDT,Sell,112.1,2.5210,"{""T"":1790827873316,""s"":""MOVRUSDT"",""S"":""Sell"",""v"":""112.1"",""p"":""2.5210""}"
2026-10-01T04:11:13.635378Z,1790827873336,MOVRUSDT,Sell,1186.7,2.5230,"{""T"":1790827873336,""s"":""MOVRUSDT"",""S"":""Sell"",""v"":""1186.7"",""p"":""2.5230""}"
2026-10-01T04:11:13.635378Z,1790827873469,MOVRUSDT,Sell,5.0,2.5260,"{""T"":1790827873469,""s"":""MOVRUSDT"",""S"":""Sell"",""v"":""5.0"",""p"":""2.5260""}"
2026-10-01T04:11:13.635378Z,1790827873484,MOVRUSDT,Sell,11.8,2.5100,"{""T"":1790827873484,""s"":""MOVRUSDT"",""S"":""Sell"",""v"":""11.8"",""p"":""2.5100""}"
2026-10-01T04:11:13.635378Z,1790827873485,MOVRUSDT,Sell,34.2,2.5090,"{""T"":1790827873485,""s"":""MOVRUSDT"",""S"":""Sell"",""v"":""34.2"",""p"":""2.5090""}"
2026-10-01T04:11:13.635378Z,1790827873493,MOVRUSDT,Sell,9.7,2.5250,"{""T"":1790827873493,""s"":""MOVRUSDT"",""S"":""Sell"",""v"":""9.7"",""p"":""2.5250""}"
2026-10-01T04:11:13.635378Z,1790827873494,MOVRUSDT,Sell,4.1,2.5150,"{""T"":1790827873494,""s"":""MOVRUSDT"",""S"":""Sell"",""v"":""4.1"",""p"":""2.5150""}"
2026-10-01T04:11:13.635378Z,1790827873495,MOVRUSDT,Sell,3.7,2.5140,"{""T"":1790827873495,""s"":""MOVRUSDT"",""S"":""Sell"",""v"":""3.7"",""p"":""2.5140""}"
2026-10-01T04:11:13.635378Z,1790827873498,MOVRUSDT,Sell,37.8,2.5260,"{""T"":1790827873498,""s"":""MOVRUSDT"",""S"":""Sell"",""v"":""37.8"",""p"":""2.5260""}"
2026-10-01T04:11:13.635378Z,1790827873513,MOVRUSDT,Sell,597.3,2.5070,"{""T"":1790827873513,""s"":""MOVRUSDT"",""S"":""Sell"",""v"":""597.3"",""p"":""2.5070""}"
2026-10-01T04:11:13.635378Z,1790827873529,MOVRUSDT,Sell,2244.1,2.5270,"{""T"":1790827873529,""s"":""MOVRUSDT"",""S"":""Sell"",""v"":""2244.1"",""p"":""2.5270""}"
2026-10-01T04:11:13.635378Z,1790827873547,MOVRUSDT,Sell,2.2,2.5250,"{""T"":1790827873547,""s"":""MOVRUSDT"",""S"":""Sell"",""v"":""2.2"",""p"":""2.5250""}"
2026-10-01T04:11:14.135332Z,1790827873731,MOVRUSDT,Sell,153.2,2.5200,"{""T"":1790827873731,""s"":""MOVRUSDT"",""S"":""Sell"",""v"":""153.2"",""p"":""2.5200""}"
2026-10-01T04:11:14.135332Z,1790827873811,MOVRUSDT,Sell,55.4,2.5270,"{""T"":1790827873811,""s"":""MOVRUSDT"",""S"":""Sell"",""v"":""55.4"",""p"":""2.5270""}"
2026-10-01T04:11:14.135332Z,1790827873881,MOVRUSDT,Sell,11.2,2.5140,"{""T"":1790827873881,""s"":""MOVRUSDT"",""S"":""Sell"",""v"":""11.2"",""p"":""2.5140""}"
2026-10-01T04:11:14.135332Z,1790827873907,MOVRUSDT,Sell,2249.4,2.5220,"{""T"":1790827873907,""s"":""MOVRUSDT"",""S"":""Sell"",""v"":""2249.4"",""p"":""2.5220""}"
2026-10-01T04:11:14.135332Z,1790827873970,MOVRUSDT,Sell,7.3,2.5270,"{""T"":1790827873970,""s"":""MOVRUSDT"",""S"":""Sell"",""v"":""7.3"",""p"":""2.5270""}"
2026-10-01T04:11:14.135332Z,1790827873974,MOVRUSDT,Sell,9.9,2.5190,"{""T"":1790827873974,""s"":""MOVRUSDT"",""S"":""Sell"",""v"":""9.9"",""p"":""2.5190""}"
2026-10-01T04:11:14.635203Z,1790827874060,MOVRUSDT,Sell,5.1,2.5410,"{""T"":1790827874060,""s"":""MOVRUSDT"",""S"":""Sell"",""v"":""5.1"",""p"":""2.5410""}"
2026-10-01T04:11:14.635203Z,1790827874067,MOVRUSDT,Sell,550.0,2.5400,"{""T"":1790827874067,""s"":""MOVRUSDT"",""S"":""Sell"",""v"":""550.0"",""p"":""2.5400""}"
2026-10-01T04:11:14.635203Z,1790827874082,MOVRUSDT,Sell,750.0,2.5390,"{""T"":1790827874082,""s"":""MOVRUSDT"",""S"":""Sell"",""v"":""750.0"",""p"":""2.5390""}"
2026-10-01T04:11:14.635203Z,1790827874210,MOVRUSDT,Sell,5.5,2.5380,"{""T"":1790827874210,""s"":""MOVRUSDT"",""S"":""Sell"",""v"":""5.5"",""p"":""2.5380""}"
2026-10-01T04:11:14.635203Z,1790827874325,MOVRUSDT,Sell,581.9,2.5430,"{""T"":1790827874325,""s"":""MOVRUSDT"",""S"":""Sell"",""v"":""581.9"",""p"":""2.5430""}"
2026-10-01T04:11:14.635203Z,1790827874331,MOVRUSDT,Sell,23.8,2.5340,"{""T"":1790827874331,""s"":""MOVRUSDT"",""S"":""Sell"",""v"":""23.8"",""p"":""2.5340""}"
2026-10-01T04:11:14.635203Z,1790827874417,MOVRUSDT,Sell,71.4,2.5420,"{""T"":1790827874417,""s"":""MOVRUSDT"",""S"":""Sell"",""v"":""71.4"",""p"":""2.5420""}"
2026-10-01T04:11:14.635203Z,1790827874481,MOVRUSDT,Sell,49.0,2.5400,"{""T"":1790827874481,""s"":""MOVRUSDT"",""S"":""Sell"",""v"":""49.0"",""p"":""2.5400""}"
2026-10-01T04:11:14.635203Z,1790827874521,MOVRUSDT,Sell,8.1,2.5360,"{""T"":1790827874521,""s"":""MOVRUSDT"",""S"":""Sell"",""v"":""8.1"",""p"":""2.5360""}"
2026-10-01T04:11:15.135318Z,1790827874694,MOVRUSDT,Sell,72.5,2.5430,"{""T"":1790827874694,""s"":""MOVRUSDT"",""S"":""Sell"",""v"":""72.5"",""p"":""2.5430""}"
2026-10-01T04:11:15.135318Z,1790827874704,MOVRUSDT,Sell,6.1,2.5430,"{""T"":1790827874704,""s"":""MOVRUSDT"",""S"":""Sell"",""v"":""6.1"",""p"":""2.5430""}"
2026-10-01T04:11:32.813402Z,1790827892230,PUMPFUNUSDT,Sell,13100,0.0058660,"{""T"":1790827892230,""s"":""PUMPFUNUSDT"",""S"":""Sell"",""v"":""13100"",""p"":""0.0058660""}"
2026-10-01T04:11:45.914479Z,1790827905443,DOTUSDT,Buy,622.2,1.2334,"{""T"":1790827905443,""s"":""DOTUSDT"",""S"":""Buy"",""v"":""622.2"",""p"":""1.2334""}"
2026-10-01T04:13:02.959552Z,1790827982416,QNTUSDT,Buy,5.49,290.24,"{""T"":1790827982416,""s"":""QNTUSDT"",""S"":""Buy"",""v"":""5.49"",""p"":""290.24""}"
2026-10-01T04:14:22.135229Z,1790828061681,MOVRUSDT,Buy,107.0,2.3480,"{""T"":1790828061681,""s"":""MOVRUSDT"",""S"":""Buy"",""v"":""107.0"",""p"":""2.3480""}"
2026-10-01T04:14:22.486893Z,1790828061940,USUSDT,Buy,570,0.024720,"{""T"":1790828061940,""s"":""USUSDT"",""S"":""Buy"",""v"":""570"",""p"":""0.024720""}"
2026-10-01T04:15:10.992644Z,1790828110842,SOONUSDT,Buy,1724,0.45070,"{""T"":1790828110842,""s"":""SOONUSDT"",""S"":""Buy"",""v"":""1724"",""p"":""0.45070""}"
2026-10-01T04:15:11.492702Z,1790828110978,SOONUSDT,Buy,87,0.45130,"{""T"":1790828110978,""s"":""SOONUSDT"",""S"":""Buy"",""v"":""87"",""p"":""0.45130""}"
2026-10-01T04:15:41.487518Z,1790828141351,USUSDT,Buy,68640,0.024620,"{""T"":1790828141351,""s"":""USUSDT"",""S"":""Buy"",""v"":""68640"",""p"":""0.024620""}"
2026-10-01T04:15:42.487465Z,1790828142154,USUSDT,Buy,38940,0.024610,"{""T"":1790828142154,""s"":""USUSDT"",""S"":""Buy"",""v"":""38940"",""p"":""0.024610""}"
2026-10-01T04:15:59.987006Z,1790828159730,USUSDT,Buy,35880,0.024350,"{""T"":1790828159730,""s"":""USUSDT"",""S"":""Buy"",""v"":""35880"",""p"":""0.024350""}"
2026-10-01T04:16:07.986773Z,1790828167604,USUSDT,Buy,10000,0.024050,"{""T"":1790828167604,""s"":""USUSDT"",""S"":""Buy"",""v"":""10000"",""p"":""0.024050""}"
2026-10-01T04:16:08.486754Z,1790828167970,USUSDT,Buy,490,0.024050,"{""T"":1790828167970,""s"":""USUSDT"",""S"":""Buy"",""v"":""490"",""p"":""0.024050""}"
2026-10-01T04:16:08.986565Z,1790828168873,USUSDT,Buy,740,0.024030,"{""T"":1790828168873,""s"":""USUSDT"",""S"":""Buy"",""v"":""740"",""p"":""0.024030""}"
2026-10-01T04:16:10.486783Z,1790828170287,USUSDT,Buy,18710,0.023960,"{""T"":1790828170287,""s"":""USUSDT"",""S"":""Buy"",""v"":""18710"",""p"":""0.023960""}"
2026-10-01T04:16:24.490690Z,1790828184074,USUSDT,Buy,35890,0.023850,"{""T"":1790828184074,""s"":""USUSDT"",""S"":""Buy"",""v"":""35890"",""p"":""0.023850""}"
2026-10-01T04:16:25.487191Z,1790828184937,NIGHTUSDT,Sell,140,0.04127,"{""T"":1790828184937,""s"":""NIGHTUSDT"",""S"":""Sell"",""v"":""140"",""p"":""0.04127""}"
2026-10-01T04:16:25.487191Z,1790828184978,NIGHTUSDT,Sell,26340,0.04133,"{""T"":1790828184978,""s"":""NIGHTUSDT"",""S"":""Sell"",""v"":""26340"",""p"":""0.04133""}"
2026-10-01T04:16:29.497014Z,1790828189391,STXUSDT,Sell,36.3,0.39230,"{""T"":1790828189391,""s"":""STXUSDT"",""S"":""Sell"",""v"":""36.3"",""p"":""0.39230""}"
2026-10-01T04:16:36.487064Z,1790828196321,USUSDT,Buy,13720,0.023790,"{""T"":1790828196321,""s"":""USUSDT"",""S"":""Buy"",""v"":""13720"",""p"":""0.023790""}"
2026-10-01T04:16:37.487067Z,1790828197373,USUSDT,Buy,7110,0.023700,"{""T"":1790828197373,""s"":""USUSDT"",""S"":""Buy"",""v"":""7110"",""p"":""0.023700""}"
2026-10-01T04:16:37.986941Z,1790828197677,USUSDT,Buy,3380,0.023610,"{""T"":1790828197677,""s"":""USUSDT"",""S"":""Buy"",""v"":""3380"",""p"":""0.023610""}"
2026-10-01T04:16:38.487053Z,1790828198344,SOXLUSDT,Buy,0.04,152.95,"{""T"":1790828198344,""s"":""SOXLUSDT"",""S"":""Buy"",""v"":""0.04"",""p"":""152.95""}"
2026-10-01T04:16:38.986786Z,1790828198521,USUSDT,Buy,1220,0.023560,"{""T"":1790828198521,""s"":""USUSDT"",""S"":""Buy"",""v"":""1220"",""p"":""0.023560""}"
2026-10-01T04:16:38.986786Z,1790828198625,USUSDT,Buy,2140,0.023300,"{""T"":1790828198625,""s"":""USUSDT"",""S"":""Buy"",""v"":""2140"",""p"":""0.023300""}"
2026-10-01T04:16:39.486783Z,1790828199020,USUSDT,Buy,45570,0.023300,"{""T"":1790828199020,""s"":""USUSDT"",""S"":""Buy"",""v"":""45570"",""p"":""0.023300""}"
2026-10-01T04:16:39.486783Z,1790828199066,USUSDT,Buy,8560,0.023400,"{""T"":1790828199066,""s"":""USUSDT"",""S"":""Buy"",""v"":""8560"",""p"":""0.023400""}"
2026-10-01T04:16:39.486783Z,1790828199374,USUSDT,Buy,760,0.023520,"{""T"":1790828199374,""s"":""USUSDT"",""S"":""Buy"",""v"":""760"",""p"":""0.023520""}"
2026-10-01T04:16:39.486783Z,1790828199394,USUSDT,Buy,1140,0.023460,"{""T"":1790828199394,""s"":""USUSDT"",""S"":""Buy"",""v"":""1140"",""p"":""0.023460""}"
2026-10-01T04:16:40.486966Z,1790828200264,USUSDT,Buy,1630,0.023210,"{""T"":1790828200264,""s"":""USUSDT"",""S"":""Buy"",""v"":""1630"",""p"":""0.023210""}"
2026-10-01T04:17:05.986830Z,1790828225748,USUSDT,Buy,340,0.023010,"{""T"":1790828225748,""s"":""USUSDT"",""S"":""Buy"",""v"":""340"",""p"":""0.023010""}"
2026-10-01T04:17:10.486799Z,1790828230228,USUSDT,Buy,390,0.022710,"{""T"":1790828230228,""s"":""USUSDT"",""S"":""Buy"",""v"":""390"",""p"":""0.022710""}"
2026-10-01T04:17:43.992739Z,1790828263732,1000BONKUSDT,Buy,41200,0.0037930,"{""T"":1790828263732,""s"":""1000BONKUSDT"",""S"":""Buy"",""v"":""41200"",""p"":""0.0037930""}"
2026-10-01T04:17:45.992552Z,1790828265666,1000BONKUSDT,Buy,1215200,0.0037910,"{""T"":1790828265666,""s"":""1000BONKUSDT"",""S"":""Buy"",""v"":""1215200"",""p"":""0.0037910""}"
2026-10-01T04:17:46.487413Z,1790828265963,USUSDT,Buy,14910,0.022930,"{""T"":1790828265963,""s"":""USUSDT"",""S"":""Buy"",""v"":""14910"",""p"":""0.022930""}"
2026-10-01T04:18:23.992887Z,1790828303789,SOONUSDT,Buy,162,0.44440,"{""T"":1790828303789,""s"":""SOONUSDT"",""S"":""Buy"",""v"":""162"",""p"":""0.44440""}"
2026-10-01T04:18:27.486817Z,1790828307012,USUSDT,Sell,1460,0.025610,"{""T"":1790828307012,""s"":""USUSDT"",""S"":""Sell"",""v"":""1460"",""p"":""0.025610""}"
2026-10-01T04:18:38.489946Z,1790828317911,USUSDT,Sell,17920,0.025750,"{""T"":1790828317911,""s"":""USUSDT"",""S"":""Sell"",""v"":""17920"",""p"":""0.025750""}"
2026-10-01T04:19:12.486762Z,1790828351930,USUSDT,Buy,620,0.023820,"{""T"":1790828351930,""s"":""USUSDT"",""S"":""Buy"",""v"":""620"",""p"":""0.023820""}"
2026-10-01T04:20:02.487046Z,1790828402205,USUSDT,Buy,1370,0.022290,"{""T"":1790828402205,""s"":""USUSDT"",""S"":""Buy"",""v"":""1370"",""p"":""0.022290""}"
2026-10-01T04:20:02.987693Z,1790828402600,USUSDT,Buy,7520,0.022340,"{""T"":1790828402600,""s"":""USUSDT"",""S"":""Buy"",""v"":""7520"",""p"":""0.022340""}"
2026-10-01T04:20:09.992478Z,1790828409448,SOONUSDT,Buy,350,0.43720,"{""T"":1790828409448,""s"":""SOONUSDT"",""S"":""Buy"",""v"":""350"",""p"":""0.43720""}"
2026-10-01T04:20:12.486903Z,1790828411996,USUSDT,Buy,1470,0.022190,"{""T"":1790828411996,""s"":""USUSDT"",""S"":""Buy"",""v"":""1470"",""p"":""0.022190""}"
2026-10-01T04:20:12.486903Z,1790828412110,USUSDT,Buy,104720,0.022250,"{""T"":1790828412110,""s"":""USUSDT"",""S"":""Buy"",""v"":""104720"",""p"":""0.022250""}"
2026-10-01T04:20:13.486585Z,1790828413278,USUSDT,Buy,20010,0.022110,"{""T"":1790828413278,""s"":""USUSDT"",""S"":""Buy"",""v"":""20010"",""p"":""0.022110""}"
2026-10-01T04:20:36.987008Z,1790828436798,USUSDT,Buy,2370,0.021900,"{""T"":1790828436798,""s"":""USUSDT"",""S"":""Buy"",""v"":""2370"",""p"":""0.021900""}"
2026-10-01T04:20:55.813421Z,1790828455378,TRUMPUSDT,Buy,66.8,2.113,"{""T"":1790828455378,""s"":""TRUMPUSDT"",""S"":""Buy"",""v"":""66.8"",""p"":""2.113""}"
2026-10-01T04:21:17.635157Z,1790828477332,MOVRUSDT,Buy,52.3,2.2940,"{""T"":1790828477332,""s"":""MOVRUSDT"",""S"":""Buy"",""v"":""52.3"",""p"":""2.2940""}"
2026-10-01T04:21:17.635157Z,1790828477532,MOVRUSDT,Buy,47.1,2.2950,"{""T"":1790828477532,""s"":""MOVRUSDT"",""S"":""Buy"",""v"":""47.1"",""p"":""2.2950""}"
2026-10-01T04:21:18.135136Z,1790828477565,MOVRUSDT,Buy,495.3,2.3080,"{""T"":1790828477565,""s"":""MOVRUSDT"",""S"":""Buy"",""v"":""495.3"",""p"":""2.3080""}"
2026-10-01T04:21:18.135136Z,1790828477632,MOVRUSDT,Buy,47.3,2.3020,"{""T"":1790828477632,""s"":""MOVRUSDT"",""S"":""Buy"",""v"":""47.3"",""p"":""2.3020""}"
2026-10-01T04:21:18.135136Z,1790828477748,MOVRUSDT,Buy,152.0,2.3040,"{""T"":1790828477748,""s"":""MOVRUSDT"",""S"":""Buy"",""v"":""152.0"",""p"":""2.3040""}"
2026-10-01T04:21:18.135136Z,1790828478020,MOVRUSDT,Buy,33.3,2.2950,"{""T"":1790828478020,""s"":""MOVRUSDT"",""S"":""Buy"",""v"":""33.3"",""p"":""2.2950""}"
2026-10-01T04:21:18.635204Z,1790828478280,MOVRUSDT,Buy,11.0,2.2660,"{""T"":1790828478280,""s"":""MOVRUSDT"",""S"":""Buy"",""v"":""11.0"",""p"":""2.2660""}"
2026-10-01T04:21:18.635204Z,1790828478536,MOVRUSDT,Buy,636.0,2.2850,"{""T"":1790828478536,""s"":""MOVRUSDT"",""S"":""Buy"",""v"":""636.0"",""p"":""2.2850""}"
2026-10-01T04:21:19.135085Z,1790828478690,MOVRUSDT,Buy,272.9,2.2770,"{""T"":1790828478690,""s"":""MOVRUSDT"",""S"":""Buy"",""v"":""272.9"",""p"":""2.2770""}"
2026-10-01T04:21:19.135085Z,1790828478905,MOVRUSDT,Buy,10.5,2.2680,"{""T"":1790828478905,""s"":""MOVRUSDT"",""S"":""Buy"",""v"":""10.5"",""p"":""2.2680""}"
2026-10-01T04:21:19.635217Z,1790828479059,MOVRUSDT,Buy,4084.8,2.2660,"{""T"":1790828479059,""s"":""MOVRUSDT"",""S"":""Buy"",""v"":""4084.8"",""p"":""2.2660""}"
2026-10-01T04:21:19.635217Z,1790828479295,MOVRUSDT,Buy,323.9,2.2560,"{""T"":1790828479295,""s"":""MOVRUSDT"",""S"":""Buy"",""v"":""323.9"",""p"":""2.2560""}"
2026-10-01T04:21:20.135323Z,1790828480032,MOVRUSDT,Buy,96.0,2.2600,"{""T"":1790828480032,""s"":""MOVRUSDT"",""S"":""Buy"",""v"":""96.0"",""p"":""2.2600""}"
2026-10-01T04:21:20.486777Z,1790828480032,USUSDT,Buy,4670,0.022170,"{""T"":1790828480032,""s"":""USUSDT"",""S"":""Buy"",""v"":""4670"",""p"":""0.022170""}"
2026-10-01T04:21:46.987755Z,1790828506532,NIGHTUSDT,Buy,10250,0.03969,"{""T"":1790828506532,""s"":""NIGHTUSDT"",""S"":""Buy"",""v"":""10250"",""p"":""0.03969""}"
2026-10-01T04:21:49.986745Z,1790828509730,NIGHTUSDT,Buy,130,0.03956,"{""T"":1790828509730,""s"":""NIGHTUSDT"",""S"":""Buy"",""v"":""130"",""p"":""0.03956""}"
2026-10-01T04:23:05.490192Z,1790828584924,USUSDT,Buy,470,0.021170,"{""T"":1790828584924,""s"":""USUSDT"",""S"":""Buy"",""v"":""470"",""p"":""0.021170""}"
2026-10-01T04:23:07.312846Z,1790828587222,PUMPFUNUSDT,Sell,111200,0.0058520,"{""T"":1790828587222,""s"":""PUMPFUNUSDT"",""S"":""Sell"",""v"":""111200"",""p"":""0.0058520""}"
2026-10-01T04:23:10.486706Z,1790828589953,USUSDT,Buy,65210,0.021150,"{""T"":1790828589953,""s"":""USUSDT"",""S"":""Buy"",""v"":""65210"",""p"":""0.021150""}"
2026-10-01T04:23:29.486970Z,1790828609166,USUSDT,Buy,1000,0.020990,"{""T"":1790828609166,""s"":""USUSDT"",""S"":""Buy"",""v"":""1000"",""p"":""0.020990""}"
2026-10-01T04:23:40.989874Z,1790828620764,NIGHTUSDT,Sell,230,0.04111,"{""T"":1790828620764,""s"":""NIGHTUSDT"",""S"":""Sell"",""v"":""230"",""p"":""0.04111""}"
2026-10-01T04:23:47.486880Z,1790828627378,USUSDT,Sell,890,0.023210,"{""T"":1790828627378,""s"":""USUSDT"",""S"":""Sell"",""v"":""890"",""p"":""0.023210""}"
2026-10-01T04:23:59.487033Z,1790828638947,USUSDT,Sell,3910,0.023270,"{""T"":1790828638947,""s"":""USUSDT"",""S"":""Sell"",""v"":""3910"",""p"":""0.023270""}"
2026-10-01T04:24:03.486838Z,1790828643033,USUSDT,Sell,580,0.023890,"{""T"":1790828643033,""s"":""USUSDT"",""S"":""Sell"",""v"":""580"",""p"":""0.023890""}"
2026-10-01T04:24:17.487055Z,1790828657326,USUSDT,Sell,51110,0.024200,"{""T"":1790828657326,""s"":""USUSDT"",""S"":""Sell"",""v"":""51110"",""p"":""0.024200""}"
2026-10-01T04:24:18.486754Z,1790828657994,USUSDT,Sell,4240,0.024090,"{""T"":1790828657994,""s"":""USUSDT"",""S"":""Sell"",""v"":""4240"",""p"":""0.024090""}"
2026-10-01T04:24:47.986988Z,1790828687764,USUSDT,Sell,420,0.024610,"{""T"":1790828687764,""s"":""USUSDT"",""S"":""Sell"",""v"":""420"",""p"":""0.024610""}"
2026-10-01T04:25:18.486919Z,1790828718276,USUSDT,Sell,232400,0.024790,"{""T"":1790828718276,""s"":""USUSDT"",""S"":""Sell"",""v"":""232400"",""p"":""0.024790""}"
2026-10-01T04:25:18.986762Z,1790828718806,USUSDT,Sell,6790,0.024920,"{""T"":1790828718806,""s"":""USUSDT"",""S"":""Sell"",""v"":""6790"",""p"":""0.024920""}"
2026-10-01T04:25:30.487036Z,1790828730208,USUSDT,Sell,820,0.025130,"{""T"":1790828730208,""s"":""USUSDT"",""S"":""Sell"",""v"":""820"",""p"":""0.025130""}"
2026-10-01T04:25:33.986885Z,1790828733640,USUSDT,Sell,13260,0.025680,"{""T"":1790828733640,""s"":""USUSDT"",""S"":""Sell"",""v"":""13260"",""p"":""0.025680""}"
2026-10-01T04:25:34.486607Z,1790828734064,USUSDT,Sell,410,0.025540,"{""T"":1790828734064,""s"":""USUSDT"",""S"":""Sell"",""v"":""410"",""p"":""0.025540""}"
2026-10-01T04:25:34.986787Z,1790828734740,USUSDT,Sell,11210,0.025730,"{""T"":1790828734740,""s"":""USUSDT"",""S"":""Sell"",""v"":""11210"",""p"":""0.025730""}"
2026-10-01T04:25:35.487560Z,1790828735041,USUSDT,Sell,12900,0.025780,"{""T"":1790828735041,""s"":""USUSDT"",""S"":""Sell"",""v"":""12900"",""p"":""0.025780""}"
2026-10-01T04:25:36.486905Z,1790828736224,USUSDT,Sell,1210,0.025850,"{""T"":1790828736224,""s"":""USUSDT"",""S"":""Sell"",""v"":""1210"",""p"":""0.025850""}"
2026-10-01T04:26:46.914093Z,1790828806742,UNIUSDT,Sell,0.6,8.985,"{""T"":1790828806742,""s"":""UNIUSDT"",""S"":""Sell"",""v"":""0.6"",""p"":""8.985""}"
2026-10-01T04:27:35.838035Z,1790828855411,LITUSDT,Sell,144.2,4.1170,"{""T"":1790828855411,""s"":""LITUSDT"",""S"":""Sell"",""v"":""144.2"",""p"":""4.1170""}"
2026-10-01T04:27:45.325108Z,1790828864951,ENAUSDT,Sell,2874,0.27559,"{""T"":1790828864951,""s"":""ENAUSDT"",""S"":""Sell"",""v"":""2874"",""p"":""0.27559""}"
2026-10-01T04:27:45.486778Z,1790828864951,ZROUSDT,Sell,440.1,1.7366,"{""T"":1790828864951,""s"":""ZROUSDT"",""S"":""Sell"",""v"":""440.1"",""p"":""1.7366""}"
2026-10-01T04:28:02.456319Z,1790828882096,QNTUSDT,Buy,0.30,290.40,"{""T"":1790828882096,""s"":""QNTUSDT"",""S"":""Buy"",""v"":""0.30"",""p"":""290.40""}"
2026-10-01T04:28:08.325034Z,1790828888233,ENAUSDT,Sell,188,0.27589,"{""T"":1790828888233,""s"":""ENAUSDT"",""S"":""Sell"",""v"":""188"",""p"":""0.27589""}"
2026-10-01T04:28:24.635834Z,1790828904190,ARKUSDT,Buy,2209,0.25356,"{""T"":1790828904190,""s"":""ARKUSDT"",""S"":""Buy"",""v"":""2209"",""p"":""0.25356""}"
2026-10-01T04:29:31.486844Z,1790828971195,BTWUSDT,Sell,1850,1.43284,"{""T"":1790828971195,""s"":""BTWUSDT"",""S"":""Sell"",""v"":""1850"",""p"":""1.43284""}"
2026-10-01T04:29:50.313484Z,1790828990118,PUMPFUNUSDT,Sell,4300,0.0058770,"{""T"":1790828990118,""s"":""PUMPFUNUSDT"",""S"":""Sell"",""v"":""4300"",""p"":""0.0058770""}"
2026-10-01T04:30:09.913912Z,1790829009589,ZECUSDT,Sell,0.41,1439.77,"{""T"":1790829009589,""s"":""ZECUSDT"",""S"":""Sell"",""v"":""0.41"",""p"":""1439.77""}"
2026-10-01T04:30:57.517155Z,1790829057307,NEARUSDT,Sell,249.7,5.4300,"{""T"":1790829057307,""s"":""NEARUSDT"",""S"":""Sell"",""v"":""249.7"",""p"":""5.4300""}"
2026-10-01T04:30:59.329178Z,1790829058827,LONGXIAUSDT,Buy,1064,0.0358,"{""T"":1790829058827,""s"":""LONGXIAUSDT"",""S"":""Buy"",""v"":""1064"",""p"":""0.0358""}"
2026-10-01T04:30:59.329178Z,1790829059017,LONGXIAUSDT,Buy,14085,0.0357,"{""T"":1790829059017,""s"":""LONGXIAUSDT"",""S"":""Buy"",""v"":""14085"",""p"":""0.0357""}"
2026-10-01T04:32:20.828911Z,1790829140514,LONGXIAUSDT,Buy,1936,0.0355,"{""T"":1790829140514,""s"":""LONGXIAUSDT"",""S"":""Buy"",""v"":""1936"",""p"":""0.0355""}"
2026-10-01T04:32:37.329483Z,1790829156997,LONGXIAUSDT,Buy,332,0.0353,"{""T"":1790829156997,""s"":""LONGXIAUSDT"",""S"":""Buy"",""v"":""332"",""p"":""0.0353""}"
2026-10-01T04:32:37.829133Z,1790829157720,LONGXIAUSDT,Buy,81,0.0353,"{""T"":1790829157720,""s"":""LONGXIAUSDT"",""S"":""Buy"",""v"":""81"",""p"":""0.0353""}"
2026-10-01T04:32:38.328383Z,1790829158213,LONGXIAUSDT,Buy,2450,0.0352,"{""T"":1790829158213,""s"":""LONGXIAUSDT"",""S"":""Buy"",""v"":""2450"",""p"":""0.0352""}"
2026-10-01T04:32:47.328931Z,1790829167235,LONGXIAUSDT,Buy,4259,0.0351,"{""T"":1790829167235,""s"":""LONGXIAUSDT"",""S"":""Buy"",""v"":""4259"",""p"":""0.0351""}"
2026-10-01T04:32:47.828520Z,1790829167247,LONGXIAUSDT,Buy,2478,0.0347,"{""T"":1790829167247,""s"":""LONGXIAUSDT"",""S"":""Buy"",""v"":""2478"",""p"":""0.0347""}"
2026-10-01T04:32:47.828520Z,1790829167320,LONGXIAUSDT,Buy,1247,0.0351,"{""T"":1790829167320,""s"":""LONGXIAUSDT"",""S"":""Buy"",""v"":""1247"",""p"":""0.0351""}"
2026-10-01T04:32:47.828520Z,1790829167470,LONGXIAUSDT,Buy,927,0.0349,"{""T"":1790829167470,""s"":""LONGXIAUSDT"",""S"":""Buy"",""v"":""927"",""p"":""0.0349""}"
2026-10-01T04:32:48.328709Z,1790829167798,LONGXIAUSDT,Buy,671,0.0353,"{""T"":1790829167798,""s"":""LONGXIAUSDT"",""S"":""Buy"",""v"":""671"",""p"":""0.0353""}"
2026-10-01T04:33:03.329632Z,1790829182840,LONGXIAUSDT,Buy,4595,0.0344,"{""T"":1790829182840,""s"":""LONGXIAUSDT"",""S"":""Buy"",""v"":""4595"",""p"":""0.0344""}"
2026-10-01T04:33:27.312873Z,1790829206811,HYPEUSDT,Buy,2.62,87.900,"{""T"":1790829206811,""s"":""HYPEUSDT"",""S"":""Buy"",""v"":""2.62"",""p"":""87.900""}"
2026-10-01T04:33:27.813266Z,1790829207479,HYPEUSDT,Buy,46.39,87.890,"{""T"":1790829207479,""s"":""HYPEUSDT"",""S"":""Buy"",""v"":""46.39"",""p"":""87.890""}"
2026-10-01T04:33:27.813266Z,1790829207534,HYPEUSDT,Buy,54.11,87.890,"{""T"":1790829207534,""s"":""HYPEUSDT"",""S"":""Buy"",""v"":""54.11"",""p"":""87.890""}"
2026-10-01T04:34:07.992839Z,1790829247426,SOONUSDT,Buy,759,0.43590,"{""T"":1790829247426,""s"":""SOONUSDT"",""S"":""Buy"",""v"":""759"",""p"":""0.43590""}"
2026-10-01T04:34:07.992839Z,1790829247483,SOONUSDT,Buy,207,0.43480,"{""T"":1790829247483,""s"":""SOONUSDT"",""S"":""Buy"",""v"":""207"",""p"":""0.43480""}"
2026-10-01T04:34:08.492408Z,1790829247997,SOONUSDT,Buy,1,0.43490,"{""T"":1790829247997,""s"":""SOONUSDT"",""S"":""Buy"",""v"":""1"",""p"":""0.43490""}"
2026-10-01T04:34:21.987349Z,1790829261480,USUSDT,Buy,2600,0.023070,"{""T"":1790829261480,""s"":""USUSDT"",""S"":""Buy"",""v"":""2600"",""p"":""0.023070""}"
2026-10-01T04:35:19.829612Z,1790829319415,LONGXIAUSDT,Buy,5291,0.0334,"{""T"":1790829319415,""s"":""LONGXIAUSDT"",""S"":""Buy"",""v"":""5291"",""p"":""0.0334""}"
2026-10-01T04:35:55.486860Z,1790829355291,USUSDT,Sell,4720,0.024840,"{""T"":1790829355291,""s"":""USUSDT"",""S"":""Sell"",""v"":""4720"",""p"":""0.024840""}"
2026-10-01T04:36:11.635317Z,1790829371148,MOVRUSDT,Buy,46.0,2.2990,"{""T"":1790829371148,""s"":""MOVRUSDT"",""S"":""Buy"",""v"":""46.0"",""p"":""2.2990""}"
2026-10-01T04:36:26.139993Z,1790829385913,MOVRUSDT,Buy,74.1,2.2860,"{""T"":1790829385913,""s"":""MOVRUSDT"",""S"":""Buy"",""v"":""74.1"",""p"":""2.2860""}"
2026-10-01T04:36:26.337040Z,1790829385913,AAVEUSDT,Buy,3.61,165.84,"{""T"":1790829385913,""s"":""AAVEUSDT"",""S"":""Buy"",""v"":""3.61"",""p"":""165.84""}"
2026-10-01T04:36:33.635622Z,1790829393272,MOVRUSDT,Buy,2.4,2.2780,"{""T"":1790829393272,""s"":""MOVRUSDT"",""S"":""Buy"",""v"":""2.4"",""p"":""2.2780""}"
2026-10-01T04:36:41.828419Z,1790829401358,LONGXIAUSDT,Buy,837,0.0326,"{""T"":1790829401358,""s"":""LONGXIAUSDT"",""S"":""Buy"",""v"":""837"",""p"":""0.0326""}"
2026-10-01T04:36:52.828750Z,1790829412497,LONGXIAUSDT,Buy,167,0.0326,"{""T"":1790829412497,""s"":""LONGXIAUSDT"",""S"":""Buy"",""v"":""167"",""p"":""0.0326""}"
2026-10-01T04:37:11.996155Z,1790829431895,STXUSDT,Buy,102.0,0.38620,"{""T"":1790829431895,""s"":""STXUSDT"",""S"":""Buy"",""v"":""102.0"",""p"":""0.38620""}"
2026-10-01T04:37:36.635408Z,1790829456123,MOVRUSDT,Buy,14.4,2.2550,"{""T"":1790829456123,""s"":""MOVRUSDT"",""S"":""Buy"",""v"":""14.4"",""p"":""2.2550""}"
2026-10-01T04:37:36.635408Z,1790829456359,MOVRUSDT,Buy,1101.1,2.2370,"{""T"":1790829456359,""s"":""MOVRUSDT"",""S"":""Buy"",""v"":""1101.1"",""p"":""2.2370""}"
2026-10-01T04:37:36.635408Z,1790829456481,MOVRUSDT,Buy,836.8,2.2470,"{""T"":1790829456481,""s"":""MOVRUSDT"",""S"":""Buy"",""v"":""836.8"",""p"":""2.2470""}"
2026-10-01T04:37:53.134986Z,1790829472760,MOVRUSDT,Buy,40.4,2.2320,"{""T"":1790829472760,""s"":""MOVRUSDT"",""S"":""Buy"",""v"":""40.4"",""p"":""2.2320""}"
2026-10-01T04:37:56.135119Z,1790829475957,MOVRUSDT,Buy,4.1,2.2300,"{""T"":1790829475957,""s"":""MOVRUSDT"",""S"":""Buy"",""v"":""4.1"",""p"":""2.2300""}"
2026-10-01T04:38:00.634836Z,1790829480393,MOVRUSDT,Buy,79.8,2.2240,"{""T"":1790829480393,""s"":""MOVRUSDT"",""S"":""Buy"",""v"":""79.8"",""p"":""2.2240""}"
2026-10-01T04:38:01.135023Z,1790829480676,MOVRUSDT,Buy,5.7,2.2280,"{""T"":1790829480676,""s"":""MOVRUSDT"",""S"":""Buy"",""v"":""5.7"",""p"":""2.2280""}"
2026-10-01T04:38:12.634997Z,1790829492407,MOVRUSDT,Buy,7.8,2.2160,"{""T"":1790829492407,""s"":""MOVRUSDT"",""S"":""Buy"",""v"":""7.8"",""p"":""2.2160""}"
2026-10-01T04:38:13.134933Z,1790829492609,MOVRUSDT,Buy,26.3,2.2150,"{""T"":1790829492609,""s"":""MOVRUSDT"",""S"":""Buy"",""v"":""26.3"",""p"":""2.2150""}"
2026-10-01T04:38:19.135293Z,1790829498602,MOVRUSDT,Buy,105.3,2.2090,"{""T"":1790829498602,""s"":""MOVRUSDT"",""S"":""Buy"",""v"":""105.3"",""p"":""2.2090""}"
2026-10-01T04:38:21.634958Z,1790829501427,MOVRUSDT,Buy,26.2,2.2060,"{""T"":1790829501427,""s"":""MOVRUSDT"",""S"":""Buy"",""v"":""26.2"",""p"":""2.2060""}"
2026-10-01T04:38:54.413603Z,1790829534022,ADAUSDT,Sell,13549,0.2539,"{""T"":1790829534022,""s"":""ADAUSDT"",""S"":""Sell"",""v"":""13549"",""p"":""0.2539""}"
2026-10-01T04:38:56.634651Z,1790829536267,MOVRUSDT,Buy,24.8,2.1950,"{""T"":1790829536267,""s"":""MOVRUSDT"",""S"":""Buy"",""v"":""24.8"",""p"":""2.1950""}"
2026-10-01T04:38:57.134885Z,1790829536616,MOVRUSDT,Buy,41.2,2.1900,"{""T"":1790829536616,""s"":""MOVRUSDT"",""S"":""Buy"",""v"":""41.2"",""p"":""2.1900""}"
2026-10-01T04:38:58.634789Z,1790829538535,MOVRUSDT,Buy,144.7,2.1840,"{""T"":1790829538535,""s"":""MOVRUSDT"",""S"":""Buy"",""v"":""144.7"",""p"":""2.1840""}"
2026-10-01T04:38:59.134879Z,1790829538560,MOVRUSDT,Buy,11.7,2.1840,"{""T"":1790829538560,""s"":""MOVRUSDT"",""S"":""Buy"",""v"":""11.7"",""p"":""2.1840""}"
2026-10-01T04:38:59.134879Z,1790829538745,MOVRUSDT,Buy,2.8,2.1840,"{""T"":1790829538745,""s"":""MOVRUSDT"",""S"":""Buy"",""v"":""2.8"",""p"":""2.1840""}"
2026-10-01T04:38:59.635082Z,1790829539109,MOVRUSDT,Buy,3.9,2.1820,"{""T"":1790829539109,""s"":""MOVRUSDT"",""S"":""Buy"",""v"":""3.9"",""p"":""2.1820""}"
2026-10-01T04:38:59.635082Z,1790829539182,MOVRUSDT,Buy,85.0,2.1880,"{""T"":1790829539182,""s"":""MOVRUSDT"",""S"":""Buy"",""v"":""85.0"",""p"":""2.1880""}"
2026-10-01T04:38:59.956775Z,1790829539802,QNTUSDT,Buy,0.69,287.30,"{""T"":1790829539802,""s"":""QNTUSDT"",""S"":""Buy"",""v"":""0.69"",""p"":""287.30""}"
2026-10-01T04:39:00.134829Z,1790829539802,MOVRUSDT,Buy,10.3,2.1800,"{""T"":1790829539802,""s"":""MOVRUSDT"",""S"":""Buy"",""v"":""10.3"",""p"":""2.1800""}"
2026-10-01T04:39:20.634964Z,1790829560538,MOVRUSDT,Buy,2.4,2.1770,"{""T"":1790829560538,""s"":""MOVRUSDT"",""S"":""Buy"",""v"":""2.4"",""p"":""2.1770""}"
2026-10-01T04:39:21.135077Z,1790829560679,MOVRUSDT,Buy,169.9,2.1740,"{""T"":1790829560679,""s"":""MOVRUSDT"",""S"":""Buy"",""v"":""169.9"",""p"":""2.1740""}"
2026-10-01T04:39:21.135077Z,1790829560773,MOVRUSDT,Buy,253.3,2.1770,"{""T"":1790829560773,""s"":""MOVRUSDT"",""S"":""Buy"",""v"":""253.3"",""p"":""2.1770""}"
2026-10-01T04:39:21.635115Z,1790829561138,MOVRUSDT,Buy,400.0,2.1750,"{""T"":1790829561138,""s"":""MOVRUSDT"",""S"":""Buy"",""v"":""400.0"",""p"":""2.1750""}"
2026-10-01T04:39:22.635153Z,1790829562463,MOVRUSDT,Buy,20.7,2.1660,"{""T"":1790829562463,""s"":""MOVRUSDT"",""S"":""Buy"",""v"":""20.7"",""p"":""2.1660""}"
2026-10-01T04:39:23.635053Z,1790829563130,MOVRUSDT,Buy,2.4,2.1660,"{""T"":1790829563130,""s"":""MOVRUSDT"",""S"":""Buy"",""v"":""2.4"",""p"":""2.1660""}"
2026-10-01T04:39:38.139057Z,1790829577822,MOVRUSDT,Buy,20.8,2.1600,"{""T"":1790829577822,""s"":""MOVRUSDT"",""S"":""Buy"",""v"":""20.8"",""p"":""2.1600""}"
2026-10-01T04:39:38.635580Z,1790829578202,MOVRUSDT,Buy,60.2,2.1610,"{""T"":1790829578202,""s"":""MOVRUSDT"",""S"":""Buy"",""v"":""60.2"",""p"":""2.1610""}"
2026-10-01T04:39:42.635159Z,1790829582292,MOVRUSDT,Buy,8.8,2.1570,"{""T"":1790829582292,""s"":""MOVRUSDT"",""S"":""Buy"",""v"":""8.8"",""p"":""2.1570""}"
2026-10-01T04:39:43.134866Z,1790829582639,MOVRUSDT,Buy,12.9,2.1580,"{""T"":1790829582639,""s"":""MOVRUSDT"",""S"":""Buy"",""v"":""12.9"",""p"":""2.1580""}"
2026-10-01T04:39:45.135199Z,1790829584563,MOVRUSDT,Buy,213.2,2.1490,"{""T"":1790829584563,""s"":""MOVRUSDT"",""S"":""Buy"",""v"":""213.2"",""p"":""2.1490""}"
2026-10-01T04:39:45.135199Z,1790829584645,MOVRUSDT,Buy,6.3,2.1420,"{""T"":1790829584645,""s"":""MOVRUSDT"",""S"":""Buy"",""v"":""6.3"",""p"":""2.1420""}"
2026-10-01T04:39:45.135199Z,1790829584701,MOVRUSDT,Buy,29.0,2.1480,"{""T"":1790829584701,""s"":""MOVRUSDT"",""S"":""Buy"",""v"":""29.0"",""p"":""2.1480""}"
2026-10-01T04:39:45.135199Z,1790829585032,MOVRUSDT,Buy,40.0,2.1470,"{""T"":1790829585032,""s"":""MOVRUSDT"",""S"":""Buy"",""v"":""40.0"",""p"":""2.1470""}"
2026-10-01T04:39:45.634815Z,1790829585169,MOVRUSDT,Buy,10.8,2.1410,"{""T"":1790829585169,""s"":""MOVRUSDT"",""S"":""Buy"",""v"":""10.8"",""p"":""2.1410""}"
2026-10-01T04:39:45.634815Z,1790829585295,MOVRUSDT,Buy,176.7,2.1480,"{""T"":1790829585295,""s"":""MOVRUSDT"",""S"":""Buy"",""v"":""176.7"",""p"":""2.1480""}"
2026-10-01T04:39:46.634799Z,1790829586479,MOVRUSDT,Buy,42.1,2.1380,"{""T"":1790829586479,""s"":""MOVRUSDT"",""S"":""Buy"",""v"":""42.1"",""p"":""2.1380""}"
2026-10-01T04:39:47.135338Z,1790829586935,MOVRUSDT,Buy,185.8,2.1380,"{""T"":1790829586935,""s"":""MOVRUSDT"",""S"":""Buy"",""v"":""185.8"",""p"":""2.1380""}"
2026-10-01T04:39:47.635032Z,1790829587066,MOVRUSDT,Buy,41.6,2.1390,"{""T"":1790829587066,""s"":""MOVRUSDT"",""S"":""Buy"",""v"":""41.6"",""p"":""2.1390""}"
2026-10-01T04:39:49.635046Z,1790829589178,MOVRUSDT,Buy,8.0,2.1370,"{""T"":1790829589178,""s"":""MOVRUSDT"",""S"":""Buy"",""v"":""8.0"",""p"":""2.1370""}"
2026-10-01T04:40:02.986582Z,1790829602626,NIGHTUSDT,Sell,1520,0.04080,"{""T"":1790829602626,""s"":""NIGHTUSDT"",""S"":""Sell"",""v"":""1520"",""p"":""0.04080""}"
2026-10-01T04:40:03.634799Z,1790829603460,MOVRUSDT,Buy,34.5,2.1320,"{""T"":1790829603460,""s"":""MOVRUSDT"",""S"":""Buy"",""v"":""34.5"",""p"":""2.1320""}"
2026-10-01T04:40:04.635227Z,1790829604405,MOVRUSDT,Buy,94.5,2.1290,"{""T"":1790829604405,""s"":""MOVRUSDT"",""S"":""Buy"",""v"":""94.5"",""p"":""2.1290""}"
2026-10-01T04:40:05.134768Z,1790829604669,MOVRUSDT,Buy,1231.0,2.1250,"{""T"":1790829604669,""s"":""MOVRUSDT"",""S"":""Buy"",""v"":""1231.0"",""p"":""2.1250""}"
2026-10-01T04:40:05.134768Z,1790829604726,MOVRUSDT,Buy,1232.7,2.1310,"{""T"":1790829604726,""s"":""MOVRUSDT"",""S"":""Buy"",""v"":""1232.7"",""p"":""2.1310""}"
2026-10-01T04:40:05.496775Z,1790829605394,STXUSDT,Sell,3098.7,0.39530,"{""T"":1790829605394,""s"":""STXUSDT"",""S"":""Sell"",""v"":""3098.7"",""p"":""0.39530""}"
2026-10-01T04:40:05.955905Z,1790829605394,QNTUSDT,Sell,2.20,294.87,"{""T"":1790829605394,""s"":""QNTUSDT"",""S"":""Sell"",""v"":""2.20"",""p"":""294.87""}"
2026-10-01T04:40:30.635119Z,1790829630372,MOVRUSDT,Buy,2.8,2.1240,"{""T"":1790829630372,""s"":""MOVRUSDT"",""S"":""Buy"",""v"":""2.8"",""p"":""2.1240""}"
2026-10-01T04:40:31.635017Z,1790829631436,MOVRUSDT,Buy,12.4,2.1190,"{""T"":1790829631436,""s"":""MOVRUSDT"",""S"":""Buy"",""v"":""12.4"",""p"":""2.1190""}"
2026-10-01T04:40:33.135266Z,1790829632767,MOVRUSDT,Buy,502.7,2.1100,"{""T"":1790829632767,""s"":""MOVRUSDT"",""S"":""Buy"",""v"":""502.7"",""p"":""2.1100""}"
2026-10-01T04:40:35.134713Z,1790829634814,MOVRUSDT,Buy,10.6,2.1070,"{""T"":1790829634814,""s"":""MOVRUSDT"",""S"":""Buy"",""v"":""10.6"",""p"":""2.1070""}"
2026-10-01T04:42:24.839741Z,1790829744492,AAVEUSDT,Buy,0.29,164.91,"{""T"":1790829744492,""s"":""AAVEUSDT"",""S"":""Buy"",""v"":""0.29"",""p"":""164.91""}"
2026-10-01T04:42:25.359422Z,1790829745035,WLDUSDT,Buy,374.0,0.5271,"{""T"":1790829745035,""s"":""WLDUSDT"",""S"":""Buy"",""v"":""374.0"",""p"":""0.5271""}"
2026-10-01T04:42:25.859354Z,1790829745529,WLDUSDT,Buy,1975.1,0.5273,"{""T"":1790829745529,""s"":""WLDUSDT"",""S"":""Buy"",""v"":""1975.1"",""p"":""0.5273""}"
2026-10-01T04:42:48.411481Z,1790829768249,HBARUSDT,Sell,6369,0.10681,"{""T"":1790829768249,""s"":""HBARUSDT"",""S"":""Sell"",""v"":""6369"",""p"":""0.10681""}"
2026-10-01T04:45:03.328861Z,1790829903031,LONGXIAUSDT,Sell,6224,0.0399,"{""T"":1790829903031,""s"":""LONGXIAUSDT"",""S"":""Sell"",""v"":""6224"",""p"":""0.0399""}"
2026-10-01T04:45:25.635048Z,1790829925312,MOVRUSDT,Buy,5.4,2.1000,"{""T"":1790829925312,""s"":""MOVRUSDT"",""S"":""Buy"",""v"":""5.4"",""p"":""2.1000""}"
2026-10-01T04:45:25.635048Z,1790829925377,MOVRUSDT,Buy,12.1,2.0870,"{""T"":1790829925377,""s"":""MOVRUSDT"",""S"":""Buy"",""v"":""12.1"",""p"":""2.0870""}"
2026-10-01T04:45:25.635048Z,1790829925436,MOVRUSDT,Buy,5.6,2.0900,"{""T"":1790829925436,""s"":""MOVRUSDT"",""S"":""Buy"",""v"":""5.6"",""p"":""2.0900""}"
2026-10-01T04:45:26.134721Z,1790829925924,MOVRUSDT,Buy,19.3,2.0890,"{""T"":1790829925924,""s"":""MOVRUSDT"",""S"":""Buy"",""v"":""19.3"",""p"":""2.0890""}"
2026-10-01T04:45:26.134721Z,1790829925949,MOVRUSDT,Buy,217.2,2.0860,"{""T"":1790829925949,""s"":""MOVRUSDT"",""S"":""Buy"",""v"":""217.2"",""p"":""2.0860""}"
2026-10-01T04:45:26.634564Z,1790829926178,MOVRUSDT,Buy,9.8,2.0910,"{""T"":1790829926178,""s"":""MOVRUSDT"",""S"":""Buy"",""v"":""9.8"",""p"":""2.0910""}"
2026-10-01T04:45:30.634941Z,1790829930135,MOVRUSDT,Buy,3.5,2.0800,"{""T"":1790829930135,""s"":""MOVRUSDT"",""S"":""Buy"",""v"":""3.5"",""p"":""2.0800""}"
2026-10-01T04:45:35.634690Z,1790829935532,MOVRUSDT,Buy,883.5,2.0490,"{""T"":1790829935532,""s"":""MOVRUSDT"",""S"":""Buy"",""v"":""883.5"",""p"":""2.0490""}"
2026-10-01T04:45:35.634690Z,1790829935543,MOVRUSDT,Buy,3.5,2.0750,"{""T"":1790829935543,""s"":""MOVRUSDT"",""S"":""Buy"",""v"":""3.5"",""p"":""2.0750""}"
2026-10-01T04:45:36.134905Z,1790829935636,MOVRUSDT,Buy,341.7,2.0450,"{""T"":1790829935636,""s"":""MOVRUSDT"",""S"":""Buy"",""v"":""341.7"",""p"":""2.0450""}"
2026-10-01T04:45:36.134905Z,1790829935652,MOVRUSDT,Buy,52.2,2.0670,"{""T"":1790829935652,""s"":""MOVRUSDT"",""S"":""Buy"",""v"":""52.2"",""p"":""2.0670""}"
2026-10-01T04:45:36.134905Z,1790829935811,MOVRUSDT,Buy,1516.8,2.0460,"{""T"":1790829935811,""s"":""MOVRUSDT"",""S"":""Buy"",""v"":""1516.8"",""p"":""2.0460""}"
2026-10-01T04:45:36.134905Z,1790829935836,MOVRUSDT,Buy,87.8,2.0750,"{""T"":1790829935836,""s"":""MOVRUSDT"",""S"":""Buy"",""v"":""87.8"",""p"":""2.0750""}"
2026-10-01T04:45:36.634768Z,1790829936133,MOVRUSDT,Buy,502.2,2.0710,"{""T"":1790829936133,""s"":""MOVRUSDT"",""S"":""Buy"",""v"":""502.2"",""p"":""2.0710""}"
2026-10-01T04:45:36.634768Z,1790829936168,MOVRUSDT,Buy,439.1,2.0580,"{""T"":1790829936168,""s"":""MOVRUSDT"",""S"":""Buy"",""v"":""439.1"",""p"":""2.0580""}"
2026-10-01T04:45:36.634768Z,1790829936171,MOVRUSDT,Buy,5.2,2.0620,"{""T"":1790829936171,""s"":""MOVRUSDT"",""S"":""Buy"",""v"":""5.2"",""p"":""2.0620""}"
2026-10-01T04:45:36.634768Z,1790829936178,MOVRUSDT,Buy,78.0,2.0580,"{""T"":1790829936178,""s"":""MOVRUSDT"",""S"":""Buy"",""v"":""78.0"",""p"":""2.0580""}"
2026-10-01T04:45:36.634768Z,1790829936179,MOVRUSDT,Buy,60.0,2.0710,"{""T"":1790829936179,""s"":""MOVRUSDT"",""S"":""Buy"",""v"":""60.0"",""p"":""2.0710""}"
2026-10-01T04:45:36.634768Z,1790829936233,MOVRUSDT,Buy,91.1,2.0560,"{""T"":1790829936233,""s"":""MOVRUSDT"",""S"":""Buy"",""v"":""91.1"",""p"":""2.0560""}"
2026-10-01T04:45:41.134951Z,1790829941043,MOVRUSDT,Buy,66.7,2.0410,"{""T"":1790829941043,""s"":""MOVRUSDT"",""S"":""Buy"",""v"":""66.7"",""p"":""2.0410""}"
2026-10-01T04:45:42.634771Z,1790829942420,MOVRUSDT,Buy,15.5,2.0320,"{""T"":1790829942420,""s"":""MOVRUSDT"",""S"":""Buy"",""v"":""15.5"",""p"":""2.0320""}"
2026-10-01T04:45:42.634771Z,1790829942526,MOVRUSDT,Buy,300.0,2.0320,"{""T"":1790829942526,""s"":""MOVRUSDT"",""S"":""Buy"",""v"":""300.0"",""p"":""2.0320""}"
2026-10-01T04:45:43.456557Z,1790829943178,QNTUSDT,Sell,0.27,294.93,"{""T"":1790829943178,""s"":""QNTUSDT"",""S"":""Sell"",""v"":""0.27"",""p"":""294.93""}"
2026-10-01T04:45:43.496132Z,1790829942982,PENGUUSDT,Buy,19670,0.009771,"{""T"":1790829942982,""s"":""PENGUUSDT"",""S"":""Buy"",""v"":""19670"",""p"":""0.009771""}"
2026-10-01T04:45:43.635148Z,1790829943178,MOVRUSDT,Buy,56.7,2.0350,"{""T"":1790829943178,""s"":""MOVRUSDT"",""S"":""Buy"",""v"":""56.7"",""p"":""2.0350""}"
2026-10-01T04:45:43.635148Z,1790829943386,MOVRUSDT,Buy,41.9,2.0290,"{""T"":1790829943386,""s"":""MOVRUSDT"",""S"":""Buy"",""v"":""41.9"",""p"":""2.0290""}"
2026-10-01T04:45:49.955488Z,1790829949699,QNTUSDT,Buy,6.07,289.27,"{""T"":1790829949699,""s"":""QNTUSDT"",""S"":""Buy"",""v"":""6.07"",""p"":""289.27""}"
2026-10-01T04:46:01.634981Z,1790829961500,MOVRUSDT,Buy,0.4,2.0240,"{""T"":1790829961500,""s"":""MOVRUSDT"",""S"":""Buy"",""v"":""0.4"",""p"":""2.0240""}"
2026-10-01T04:46:03.487159Z,1790829963362,NIGHTUSDT,Sell,2160,0.04071,"{""T"":1790829963362,""s"":""NIGHTUSDT"",""S"":""Sell"",""v"":""2160"",""p"":""0.04071""}"
2026-10-01T04:46:07.955627Z,1790829967750,ETHUSDT,Sell,0.01,2708.19,"{""T"":1790829967750,""s"":""ETHUSDT"",""S"":""Sell"",""v"":""0.01"",""p"":""2708.19""}"
2026-10-01T04:46:18.352660Z,1790829977812,XRPUSDT,Sell,5.5,1.5085,"{""T"":1790829977812,""s"":""XRPUSDT"",""S"":""Sell"",""v"":""5.5"",""p"":""1.5085""}"
2026-10-01T04:46:19.455853Z,1790829978925,ETHUSDT,Sell,0.13,2708.96,"{""T"":1790829978925,""s"":""ETHUSDT"",""S"":""Sell"",""v"":""0.13"",""p"":""2708.96""}"
2026-10-01T04:46:19.455853Z,1790829979048,ETHUSDT,Sell,0.02,2709.08,"{""T"":1790829979048,""s"":""ETHUSDT"",""S"":""Sell"",""v"":""0.02"",""p"":""2709.08""}"
2026-10-01T04:46:19.455853Z,1790829979080,ETHUSDT,Sell,1.82,2711.23,"{""T"":1790829979080,""s"":""ETHUSDT"",""S"":""Sell"",""v"":""1.82"",""p"":""2711.23""}"
2026-10-01T04:46:19.455853Z,1790829979090,ETHUSDT,Sell,1.70,2709.45,"{""T"":1790829979090,""s"":""ETHUSDT"",""S"":""Sell"",""v"":""1.70"",""p"":""2709.45""}"
2026-10-01T04:46:19.455853Z,1790829979237,ETHUSDT,Sell,192.10,2711.10,"{""T"":1790829979237,""s"":""ETHUSDT"",""S"":""Sell"",""v"":""192.10"",""p"":""2711.10""}"
2026-10-01T04:46:19.455853Z,1790829979237,ETHUSDT,Sell,2.68,2710.77,"{""T"":1790829979237,""s"":""ETHUSDT"",""S"":""Sell"",""v"":""2.68"",""p"":""2710.77""}"
2026-10-01T04:46:19.956212Z,1790829979523,ETHUSDT,Sell,3.78,2710.67,"{""T"":1790829979523,""s"":""ETHUSDT"",""S"":""Sell"",""v"":""3.78"",""p"":""2710.67""}"
2026-10-01T04:46:19.956212Z,1790829979780,ETHUSDT,Sell,1.50,2711.90,"{""T"":1790829979780,""s"":""ETHUSDT"",""S"":""Sell"",""v"":""1.50"",""p"":""2711.90""}"
2026-10-01T04:46:20.065252Z,1790829979780,BTCUSDT,Sell,0.080,84199.40,"{""T"":1790829979780,""s"":""BTCUSDT"",""S"":""Sell"",""v"":""0.080"",""p"":""84199.40""}"
2026-10-01T04:46:20.455861Z,1790829979904,ETHUSDT,Sell,1.34,2712.34,"{""T"":1790829979904,""s"":""ETHUSDT"",""S"":""Sell"",""v"":""1.34"",""p"":""2712.34""}"
2026-10-01T04:46:20.455861Z,1790829980043,ETHUSDT,Sell,0.68,2712.11,"{""T"":1790829980043,""s"":""ETHUSDT"",""S"":""Sell"",""v"":""0.68"",""p"":""2712.11""}"
2026-10-01T04:46:20.455861Z,1790829980084,ETHUSDT,Sell,0.20,2711.78,"{""T"":1790829980084,""s"":""ETHUSDT"",""S"":""Sell"",""v"":""0.20"",""p"":""2711.78""}"
2026-10-01T04:46:21.955423Z,1790829981443,ETHUSDT,Sell,0.50,2712.94,"{""T"":1790829981443,""s"":""ETHUSDT"",""S"":""Sell"",""v"":""0.50"",""p"":""2712.94""}"
2026-10-01T04:46:21.955423Z,1790829981469,ETHUSDT,Sell,0.07,2713.46,"{""T"":1790829981469,""s"":""ETHUSDT"",""S"":""Sell"",""v"":""0.07"",""p"":""2713.46""}"
2026-10-01T04:46:23.065489Z,1790829982805,BTCUSDT,Sell,0.001,84227.50,"{""T"":1790829982805,""s"":""BTCUSDT"",""S"":""Sell"",""v"":""0.001"",""p"":""84227.50""}"
2026-10-01T04:46:23.413553Z,1790829983022,ZECUSDT,Sell,0.26,1442.26,"{""T"":1790829983022,""s"":""ZECUSDT"",""S"":""Sell"",""v"":""0.26"",""p"":""1442.26""}"
2026-10-01T04:46:23.456087Z,1790829983022,ETHUSDT,Sell,0.42,2713.74,"{""T"":1790829983022,""s"":""ETHUSDT"",""S"":""Sell"",""v"":""0.42"",""p"":""2713.74""}"
2026-10-01T04:46:23.486218Z,1790829983349,NIGHTUSDT,Sell,32920,0.04147,"{""T"":1790829983349,""s"":""NIGHTUSDT"",""S"":""Sell"",""v"":""32920"",""p"":""0.04147""}"
2026-10-01T04:46:23.515397Z,1790829983022,NEARUSDT,Sell,42.8,5.4500,"{""T"":1790829983022,""s"":""NEARUSDT"",""S"":""Sell"",""v"":""42.8"",""p"":""5.4500""}"
2026-10-01T04:46:23.562230Z,1790829983022,SOLUSDT,Sell,1.0,119.350,"{""T"":1790829983022,""s"":""SOLUSDT"",""S"":""Sell"",""v"":""1.0"",""p"":""119.350""}"
2026-10-01T04:46:23.565915Z,1790829983022,BTCUSDT,Sell,0.013,84228.00,"{""T"":1790829983022,""s"":""BTCUSDT"",""S"":""Sell"",""v"":""0.013"",""p"":""84228.00""}"
2026-10-01T04:46:24.986598Z,1790829984855,NIGHTUSDT,Sell,3460,0.04149,"{""T"":1790829984855,""s"":""NIGHTUSDT"",""S"":""Sell"",""v"":""3460"",""p"":""0.04149""}"
2026-10-01T04:46:25.455723Z,1790829985024,ETHUSDT,Sell,0.56,2714.06,"{""T"":1790829985024,""s"":""ETHUSDT"",""S"":""Sell"",""v"":""0.56"",""p"":""2714.06""}"
2026-10-01T04:46:25.486295Z,1790829985270,NIGHTUSDT,Sell,7900,0.04152,"{""T"":1790829985270,""s"":""NIGHTUSDT"",""S"":""Sell"",""v"":""7900"",""p"":""0.04152""}"
2026-10-01T04:46:25.960243Z,1790829985613,ETHUSDT,Sell,2.00,2714.05,"{""T"":1790829985613,""s"":""ETHUSDT"",""S"":""Sell"",""v"":""2.00"",""p"":""2714.05""}"
2026-10-01T04:46:26.913655Z,1790829986417,ARBUSDT,Sell,3867.2,0.20845,"{""T"":1790829986417,""s"":""ARBUSDT"",""S"":""Sell"",""v"":""3867.2"",""p"":""0.20845""}"
2026-10-01T04:46:26.955857Z,1790829986751,ETHUSDT,Sell,0.22,2714.96,"{""T"":1790829986751,""s"":""ETHUSDT"",""S"":""Sell"",""v"":""0.22"",""p"":""2714.96""}"
2026-10-01T04:46:27.455835Z,1790829987256,ETHUSDT,Sell,4.99,2714.72,"{""T"":1790829987256,""s"":""ETHUSDT"",""S"":""Sell"",""v"":""4.99"",""p"":""2714.72""}"
2026-10-01T04:46:28.065184Z,1790829987864,BTCUSDT,Sell,0.025,84247.40,"{""T"":1790829987864,""s"":""BTCUSDT"",""S"":""Sell"",""v"":""0.025"",""p"":""84247.40""}"
2026-10-01T04:46:30.955650Z,1790829990621,ETHUSDT,Sell,5.57,2716.06,"{""T"":1790829990621,""s"":""ETHUSDT"",""S"":""Sell"",""v"":""5.57"",""p"":""2716.06""}"
2026-10-01T04:46:30.955650Z,1790829990763,ETHUSDT,Sell,0.02,2715.69,"{""T"":1790829990763,""s"":""ETHUSDT"",""S"":""Sell"",""v"":""0.02"",""p"":""2715.69""}"
2026-10-01T04:46:30.955650Z,1790829990813,ETHUSDT,Sell,2.63,2715.78,"{""T"":1790829990813,""s"":""ETHUSDT"",""S"":""Sell"",""v"":""2.63"",""p"":""2715.78""}"
2026-10-01T04:46:30.992291Z,1790829990419,SOONUSDT,Sell,533,0.46300,"{""T"":1790829990419,""s"":""SOONUSDT"",""S"":""Sell"",""v"":""533"",""p"":""0.46300""}"
2026-10-01T04:46:31.065223Z,1790829990926,BTCUSDT,Sell,0.009,84253.20,"{""T"":1790829990926,""s"":""BTCUSDT"",""S"":""Sell"",""v"":""0.009"",""p"":""84253.20""}"
2026-10-01T04:46:31.455663Z,1790829991345,ETHUSDT,Sell,0.77,2715.92,"{""T"":1790829991345,""s"":""ETHUSDT"",""S"":""Sell"",""v"":""0.77"",""p"":""2715.92""}"
2026-10-01T04:46:31.956040Z,1790829991406,ETHUSDT,Sell,0.12,2716.02,"{""T"":1790829991406,""s"":""ETHUSDT"",""S"":""Sell"",""v"":""0.12"",""p"":""2716.02""}"
2026-10-01T04:46:33.837523Z,1790829993639,XRPUSDT,Sell,306.7,1.5112,"{""T"":1790829993639,""s"":""XRPUSDT"",""S"":""Sell"",""v"":""306.7"",""p"":""1.5112""}"
2026-10-01T04:46:34.065423Z,1790829993876,BTCUSDT,Sell,0.019,84264.30,"{""T"":1790829993876,""s"":""BTCUSDT"",""S"":""Sell"",""v"":""0.019"",""p"":""84264.30""}"
2026-10-01T04:46:34.837059Z,1790829994702,XRPUSDT,Sell,4193.8,1.5114,"{""T"":1790829994702,""s"":""XRPUSDT"",""S"":""Sell"",""v"":""4193.8"",""p"":""1.5114""}"
2026-10-01T04:46:35.065319Z,1790829994877,BTCUSDT,Sell,0.011,84272.90,"{""T"":1790829994877,""s"":""BTCUSDT"",""S"":""Sell"",""v"":""0.011"",""p"":""84272.90""}"
2026-10-01T04:46:35.565247Z,1790829995387,BTCUSDT,Sell,0.006,84278.10,"{""T"":1790829995387,""s"":""BTCUSDT"",""S"":""Sell"",""v"":""0.006"",""p"":""84278.10""}"
2026-10-01T04:46:35.955642Z,1790829995463,ETHUSDT,Sell,0.07,2716.98,"{""T"":1790829995463,""s"":""ETHUSDT"",""S"":""Sell"",""v"":""0.07"",""p"":""2716.98""}"
2026-10-01T04:46:40.016032Z,1790829999626,NEARUSDT,Sell,41.8,5.4680,"{""T"":1790829999626,""s"":""NEARUSDT"",""S"":""Sell"",""v"":""41.8"",""p"":""5.4680""}"
2026-10-01T04:46:40.565237Z,1790830000233,BTCUSDT,Sell,0.002,84281.30,"{""T"":1790830000233,""s"":""BTCUSDT"",""S"":""Sell"",""v"":""0.002"",""p"":""84281.30""}"
2026-10-01T04:46:40.836927Z,1790830000678,LDOUSDT,Sell,566.5,0.4537,"{""T"":1790830000678,""s"":""LDOUSDT"",""S"":""Sell"",""v"":""566.5"",""p"":""0.4537""}"
2026-10-01T04:46:40.955744Z,1790830000803,ETHUSDT,Sell,0.21,2718.08,"{""T"":1790830000803,""s"":""ETHUSDT"",""S"":""Sell"",""v"":""0.21"",""p"":""2718.08""}"
2026-10-01T04:46:41.065755Z,1790830000964,BTCUSDT,Sell,2.860,84288.00,"{""T"":1790830000964,""s"":""BTCUSDT"",""S"":""Sell"",""v"":""2.860"",""p"":""84288.00""}"
2026-10-01T04:46:41.996114Z,1790830001751,STXUSDT,Sell,932.0,0.39620,"{""T"":1790830001751,""s"":""STXUSDT"",""S"":""Sell"",""v"":""932.0"",""p"":""0.39620""}"
2026-10-01T04:46:42.837752Z,1790830002338,XRPUSDT,Sell,923.4,1.5121,"{""T"":1790830002338,""s"":""XRPUSDT"",""S"":""Sell"",""v"":""923.4"",""p"":""1.5121""}"
2026-10-01T04:46:47.016806Z,1790830006835,NEARUSDT,Sell,82.0,5.4710,"{""T"":1790830006835,""s"":""NEARUSDT"",""S"":""Sell"",""v"":""82.0"",""p"":""5.4710""}"
2026-10-01T04:46:50.066095Z,1790830009542,BTCUSDT,Sell,0.099,84315.80,"{""T"":1790830009542,""s"":""BTCUSDT"",""S"":""Sell"",""v"":""0.099"",""p"":""84315.80""}"
2026-10-01T04:46:50.455953Z,1790830010270,ETHUSDT,Sell,15.26,2718.17,"{""T"":1790830010270,""s"":""ETHUSDT"",""S"":""Sell"",""v"":""15.26"",""p"":""2718.17""}"
2026-10-01T04:46:50.562152Z,1790830010270,SOLUSDT,Sell,186.9,119.600,"{""T"":1790830010270,""s"":""SOLUSDT"",""S"":""Sell"",""v"":""186.9"",""p"":""119.600""}"
2026-10-01T04:46:51.956078Z,1790830011616,ETHUSDT,Sell,10.93,2718.79,"{""T"":1790830011616,""s"":""ETHUSDT"",""S"":""Sell"",""v"":""10.93"",""p"":""2718.79""}"
2026-10-01T04:46:52.062470Z,1790830011559,SOLUSDT,Sell,226.0,119.660,"{""T"":1790830011559,""s"":""SOLUSDT"",""S"":""Sell"",""v"":""226.0"",""p"":""119.660""}"
2026-10-01T04:46:53.563012Z,1790830013259,SOLUSDT,Sell,306.8,119.660,"{""T"":1790830013259,""s"":""SOLUSDT"",""S"":""Sell"",""v"":""306.8"",""p"":""119.660""}"
2026-10-01T04:46:53.565206Z,1790830013259,BTCUSDT,Sell,0.414,84344.00,"{""T"":1790830013259,""s"":""BTCUSDT"",""S"":""Sell"",""v"":""0.414"",""p"":""84344.00""}"
2026-10-01T04:46:54.516244Z,1790830013982,NEARUSDT,Sell,4.1,5.4860,"{""T"":1790830013982,""s"":""NEARUSDT"",""S"":""Sell"",""v"":""4.1"",""p"":""5.4860""}"
2026-10-01T04:46:54.516244Z,1790830014153,NEARUSDT,Sell,15.7,5.4850,"{""T"":1790830014153,""s"":""NEARUSDT"",""S"":""Sell"",""v"":""15.7"",""p"":""5.4850""}"
2026-10-01T04:46:54.516244Z,1790830014195,NEARUSDT,Sell,1.3,5.4860,"{""T"":1790830014195,""s"":""NEARUSDT"",""S"":""Sell"",""v"":""1.3"",""p"":""5.4860""}"
2026-10-01T04:46:54.563100Z,1790830014183,SOLUSDT,Sell,0.3,119.670,"{""T"":1790830014183,""s"":""SOLUSDT"",""S"":""Sell"",""v"":""0.3"",""p"":""119.670""}"
2026-10-01T04:47:01.986843Z,1790830021560,NIGHTUSDT,Sell,7040,0.04157,"{""T"":1790830021560,""s"":""NIGHTUSDT"",""S"":""Sell"",""v"":""7040"",""p"":""0.04157""}"
2026-10-01T04:47:01.986843Z,1790830021736,NIGHTUSDT,Sell,4710,0.04157,"{""T"":1790830021736,""s"":""NIGHTUSDT"",""S"":""Sell"",""v"":""4710"",""p"":""0.04157""}"
2026-10-01T04:47:08.996952Z,1790830028425,STXUSDT,Sell,440.8,0.39840,"{""T"":1790830028425,""s"":""STXUSDT"",""S"":""Sell"",""v"":""440.8"",""p"":""0.39840""}"
2026-10-01T04:47:35.490032Z,1790830055318,SOXLUSDT,Sell,0.08,156.13,"{""T"":1790830055318,""s"":""SOXLUSDT"",""S"":""Sell"",""v"":""0.08"",""p"":""156.13""}"
2026-10-01T04:47:40.456067Z,1790830060073,QNTUSDT,Buy,13.25,289.39,"{""T"":1790830060073,""s"":""QNTUSDT"",""S"":""Buy"",""v"":""13.25"",""p"":""289.39""}"
2026-10-01T04:47:48.996382Z,1790830068468,STXUSDT,Buy,30.8,0.38990,"{""T"":1790830068468,""s"":""STXUSDT"",""S"":""Buy"",""v"":""30.8"",""p"":""0.38990""}"
2026-10-01T04:48:24.913621Z,1790830104705,ZECUSDT,Sell,0.30,1448.09,"{""T"":1790830104705,""s"":""ZECUSDT"",""S"":""Sell"",""v"":""0.30"",""p"":""1448.09""}"
2026-10-01T04:48:41.825480Z,1790830121720,ENAUSDT,Sell,23,0.27748,"{""T"":1790830121720,""s"":""ENAUSDT"",""S"":""Sell"",""v"":""23"",""p"":""0.27748""}"
2026-10-01T04:48:51.492210Z,1790830131036,SOONUSDT,Sell,3000,0.46770,"{""T"":1790830131036,""s"":""SOONUSDT"",""S"":""Sell"",""v"":""3000"",""p"":""0.46770""}"
2026-10-01T04:49:01.992126Z,1790830141550,SOONUSDT,Sell,191,0.47000,"{""T"":1790830141550,""s"":""SOONUSDT"",""S"":""Sell"",""v"":""191"",""p"":""0.47000""}"
2026-10-01T04:49:16.496915Z,1790830156192,STXUSDT,Sell,278.6,0.39820,"{""T"":1790830156192,""s"":""STXUSDT"",""S"":""Sell"",""v"":""278.6"",""p"":""0.39820""}"
2026-10-01T04:49:24.325256Z,1790830164148,ENAUSDT,Sell,166,0.27799,"{""T"":1790830164148,""s"":""ENAUSDT"",""S"":""Sell"",""v"":""166"",""p"":""0.27799""}"
2026-10-01T04:49:26.565495Z,1790830165984,BTCUSDT,Sell,0.002,84363.10,"{""T"":1790830165984,""s"":""BTCUSDT"",""S"":""Sell"",""v"":""0.002"",""p"":""84363.10""}"
2026-10-01T04:49:28.515991Z,1790830168158,NEARUSDT,Sell,80.0,5.5080,"{""T"":1790830168158,""s"":""NEARUSDT"",""S"":""Sell"",""v"":""80.0"",""p"":""5.5080""}"
2026-10-01T04:49:28.515991Z,1790830168308,NEARUSDT,Sell,566.1,5.5060,"{""T"":1790830168308,""s"":""NEARUSDT"",""S"":""Sell"",""v"":""566.1"",""p"":""5.5060""}"
2026-10-01T04:49:29.016010Z,1790830168510,NEARUSDT,Sell,71.7,5.5050,"{""T"":1790830168510,""s"":""NEARUSDT"",""S"":""Sell"",""v"":""71.7"",""p"":""5.5050""}"
2026-10-01T04:49:29.016010Z,1790830168865,NEARUSDT,Sell,575.7,5.5110,"{""T"":1790830168865,""s"":""NEARUSDT"",""S"":""Sell"",""v"":""575.7"",""p"":""5.5110""}"
2026-10-01T04:49:29.837626Z,1790830169617,XRPUSDT,Sell,2417.0,1.5142,"{""T"":1790830169617,""s"":""XRPUSDT"",""S"":""Sell"",""v"":""2417.0"",""p"":""1.5142""}"
2026-10-01T04:50:40.486736Z,1790830240314,SOXLUSDT,Sell,58.21,156.37,"{""T"":1790830240314,""s"":""SOXLUSDT"",""S"":""Sell"",""v"":""58.21"",""p"":""156.37""}"
2026-10-01T04:50:50.914584Z,1790830250639,ADAUSDT,Sell,343,0.2556,"{""T"":1790830250639,""s"":""ADAUSDT"",""S"":""Sell"",""v"":""343"",""p"":""0.2556""}"
2026-10-01T04:50:54.497106Z,1790830254159,STXUSDT,Sell,878.8,0.40110,"{""T"":1790830254159,""s"":""STXUSDT"",""S"":""Sell"",""v"":""878.8"",""p"":""0.40110""}"
2026-10-01T04:51:02.565341Z,1790830262291,BTCUSDT,Sell,0.001,84404.90,"{""T"":1790830262291,""s"":""BTCUSDT"",""S"":""Sell"",""v"":""0.001"",""p"":""84404.90""}"
2026-10-01T04:51:02.565341Z,1790830262294,BTCUSDT,Sell,0.013,84401.70,"{""T"":1790830262294,""s"":""BTCUSDT"",""S"":""Sell"",""v"":""0.013"",""p"":""84401.70""}"
2026-10-01T04:51:04.565780Z,1790830264132,BTCUSDT,Sell,0.001,84409.00,"{""T"":1790830264132,""s"":""BTCUSDT"",""S"":""Sell"",""v"":""0.001"",""p"":""84409.00""}"
2026-10-01T04:51:05.066170Z,1790830264502,BTCUSDT,Sell,0.001,84415.50,"{""T"":1790830264502,""s"":""BTCUSDT"",""S"":""Sell"",""v"":""0.001"",""p"":""84415.50""}"
2026-10-01T04:51:05.066170Z,1790830264790,BTCUSDT,Sell,0.004,84408.10,"{""T"":1790830264790,""s"":""BTCUSDT"",""S"":""Sell"",""v"":""0.004"",""p"":""84408.10""}"
2026-10-01T04:51:07.456081Z,1790830267059,QNTUSDT,Sell,4.60,295.15,"{""T"":1790830267059,""s"":""QNTUSDT"",""S"":""Sell"",""v"":""4.60"",""p"":""295.15""}"
2026-10-01T04:51:44.563250Z,1790830304291,SOLUSDT,Sell,53.1,119.830,"{""T"":1790830304291,""s"":""SOLUSDT"",""S"":""Sell"",""v"":""53.1"",""p"":""119.830""}"
2026-10-01T04:51:45.062927Z,1790830304617,SOLUSDT,Sell,0.5,119.810,"{""T"":1790830304617,""s"":""SOLUSDT"",""S"":""Sell"",""v"":""0.5"",""p"":""119.810""}"
2026-10-01T04:51:55.063167Z,1790830314622,SOLUSDT,Sell,70.0,119.850,"{""T"":1790830314622,""s"":""SOLUSDT"",""S"":""Sell"",""v"":""70.0"",""p"":""119.850""}"
2026-10-01T04:52:24.313169Z,1790830343766,HYPEUSDT,Sell,12.50,89.940,"{""T"":1790830343766,""s"":""HYPEUSDT"",""S"":""Sell"",""v"":""12.50"",""p"":""89.940""}"
2026-10-01T04:52:26.065241Z,1790830345485,BTCUSDT,Sell,0.002,84419.30,"{""T"":1790830345485,""s"":""BTCUSDT"",""S"":""Sell"",""v"":""0.002"",""p"":""84419.30""}"
2026-10-01T04:52:37.135342Z,1790830356589,MOVRUSDT,Buy,65.7,2.0100,"{""T"":1790830356589,""s"":""MOVRUSDT"",""S"":""Buy"",""v"":""65.7"",""p"":""2.0100""}"
2026-10-01T04:52:38.065992Z,1790830357495,BTCUSDT,Sell,0.044,84422.30,"{""T"":1790830357495,""s"":""BTCUSDT"",""S"":""Sell"",""v"":""0.044"",""p"":""84422.30""}"
2026-10-01T04:52:44.456181Z,1790830364187,ETHUSDT,Sell,0.11,2719.81,"{""T"":1790830364187,""s"":""ETHUSDT"",""S"":""Sell"",""v"":""0.11"",""p"":""2719.81""}"
2026-10-01T04:52:44.516749Z,1790830364187,AVAXUSDT,Sell,8.4,11.229,"{""T"":1790830364187,""s"":""AVAXUSDT"",""S"":""Sell"",""v"":""8.4"",""p"":""11.229""}"
2026-10-01T04:52:44.566213Z,1790830364187,BTCUSDT,Sell,0.005,84442.20,"{""T"":1790830364187,""s"":""BTCUSDT"",""S"":""Sell"",""v"":""0.005"",""p"":""84442.20""}"
2026-10-01T04:52:54.359594Z,1790830373849,SOXSUSDT,Buy,0.57,31.09,"{""T"":1790830373849,""s"":""SOXSUSDT"",""S"":""Buy"",""v"":""0.57"",""p"":""31.09""}"
2026-10-01T04:53:25.634814Z,1790830405428,MOVRUSDT,Buy,10.3,1.9930,"{""T"":1790830405428,""s"":""MOVRUSDT"",""S"":""Buy"",""v"":""10.3"",""p"":""1.9930""}"
2026-10-01T04:53:26.135173Z,1790830405999,MOVRUSDT,Buy,146.6,2.0020,"{""T"":1790830405999,""s"":""MOVRUSDT"",""S"":""Buy"",""v"":""146.6"",""p"":""2.0020""}"
2026-10-01T04:53:31.634964Z,1790830411313,MOVRUSDT,Buy,50.0,1.9890,"{""T"":1790830411313,""s"":""MOVRUSDT"",""S"":""Buy"",""v"":""50.0"",""p"":""1.9890""}"
2026-10-01T04:54:27.638090Z,1790830467138,MOVRUSDT,Buy,1063.0,1.9840,"{""T"":1790830467138,""s"":""MOVRUSDT"",""S"":""Buy"",""v"":""1063.0"",""p"":""1.9840""}"
2026-10-01T04:54:27.638090Z,1790830467399,MOVRUSDT,Buy,39.8,1.9830,"{""T"":1790830467399,""s"":""MOVRUSDT"",""S"":""Buy"",""v"":""39.8"",""p"":""1.9830""}"
2026-10-01T04:54:34.635260Z,1790830474141,MOVRUSDT,Buy,183.1,1.9840,"{""T"":1790830474141,""s"":""MOVRUSDT"",""S"":""Buy"",""v"":""183.1"",""p"":""1.9840""}"
2026-10-01T04:54:38.325008Z,1790830478188,MONUSDT,Buy,44787,0.031660,"{""T"":1790830478188,""s"":""MONUSDT"",""S"":""Buy"",""v"":""44787"",""p"":""0.031660""}"
2026-10-01T04:54:48.496306Z,1790830488204,STXUSDT,Buy,301.0,0.39150,"{""T"":1790830488204,""s"":""STXUSDT"",""S"":""Buy"",""v"":""301.0"",""p"":""0.39150""}"
2026-10-01T04:55:16.987001Z,1790830516679,SOXLUSDT,Sell,49.66,156.80,"{""T"":1790830516679,""s"":""SOXLUSDT"",""S"":""Sell"",""v"":""49.66"",""p"":""156.80""}"
2026-10-01T04:55:18.486823Z,1790830518134,SOXLUSDT,Sell,2.52,156.86,"{""T"":1790830518134,""s"":""SOXLUSDT"",""S"":""Sell"",""v"":""2.52"",""p"":""156.86""}"
2026-10-01T04:55:41.635391Z,1790830541115,MOVRUSDT,Sell,218.5,2.1350,"{""T"":1790830541115,""s"":""MOVRUSDT"",""S"":""Sell"",""v"":""218.5"",""p"":""2.1350""}"
2026-10-01T04:55:46.956097Z,1790830546757,QNTUSDT,Buy,0.09,288.76,"{""T"":1790830546757,""s"":""QNTUSDT"",""S"":""Buy"",""v"":""0.09"",""p"":""288.76""}"
2026-10-01T04:56:54.486739Z,1790830613960,SOXLUSDT,Buy,29.57,154.10,"{""T"":1790830613960,""s"":""SOXLUSDT"",""S"":""Buy"",""v"":""29.57"",""p"":""154.10""}"
2026-10-01T04:57:07.135598Z,1790830626756,MOVRUSDT,Sell,138.2,2.1740,"{""T"":1790830626756,""s"":""MOVRUSDT"",""S"":""Sell"",""v"":""138.2"",""p"":""2.1740""}"
2026-10-01T04:57:07.135598Z,1790830626975,MOVRUSDT,Sell,11.6,2.1670,"{""T"":1790830626975,""s"":""MOVRUSDT"",""S"":""Sell"",""v"":""11.6"",""p"":""2.1670""}"
2026-10-01T04:57:07.634970Z,1790830627094,MOVRUSDT,Sell,106.5,2.1680,"{""T"":1790830627094,""s"":""MOVRUSDT"",""S"":""Sell"",""v"":""106.5"",""p"":""2.1680""}"
2026-10-01T04:57:26.135312Z,1790830645602,MOVRUSDT,Sell,67.5,2.1890,"{""T"":1790830645602,""s"":""MOVRUSDT"",""S"":""Sell"",""v"":""67.5"",""p"":""2.1890""}"
2026-10-01T04:57:26.135312Z,1790830645696,MOVRUSDT,Sell,74.3,2.1950,"{""T"":1790830645696,""s"":""MOVRUSDT"",""S"":""Sell"",""v"":""74.3"",""p"":""2.1950""}"
2026-10-01T04:57:26.135312Z,1790830645886,MOVRUSDT,Sell,6.0,2.1970,"{""T"":1790830645886,""s"":""MOVRUSDT"",""S"":""Sell"",""v"":""6.0"",""p"":""2.1970""}"
2026-10-01T04:57:26.135312Z,1790830646042,MOVRUSDT,Sell,14.9,2.2180,"{""T"":1790830646042,""s"":""MOVRUSDT"",""S"":""Sell"",""v"":""14.9"",""p"":""2.2180""}"
2026-10-01T04:57:26.636105Z,1790830646059,MOVRUSDT,Sell,96.7,2.2180,"{""T"":1790830646059,""s"":""MOVRUSDT"",""S"":""Sell"",""v"":""96.7"",""p"":""2.2180""}"
2026-10-01T04:57:26.636105Z,1790830646351,MOVRUSDT,Sell,1764.6,2.2290,"{""T"":1790830646351,""s"":""MOVRUSDT"",""S"":""Sell"",""v"":""1764.6"",""p"":""2.2290""}"
2026-10-01T04:57:27.134835Z,1790830646666,MOVRUSDT,Sell,94.2,2.2280,"{""T"":1790830646666,""s"":""MOVRUSDT"",""S"":""Sell"",""v"":""94.2"",""p"":""2.2280""}"
2026-10-01T04:57:33.635041Z,1790830653063,MOVRUSDT,Sell,430.9,2.2350,"{""T"":1790830653063,""s"":""MOVRUSDT"",""S"":""Sell"",""v"":""430.9"",""p"":""2.2350""}"
2026-10-01T04:57:34.635252Z,1790830654167,MOVRUSDT,Sell,47.6,2.2640,"{""T"":1790830654167,""s"":""MOVRUSDT"",""S"":""Sell"",""v"":""47.6"",""p"":""2.2640""}"
2026-10-01T04:57:34.635252Z,1790830654231,MOVRUSDT,Sell,10.3,2.2620,"{""T"":1790830654231,""s"":""MOVRUSDT"",""S"":""Sell"",""v"":""10.3"",""p"":""2.2620""}"
2026-10-01T04:57:34.635252Z,1790830654241,MOVRUSDT,Sell,30.9,2.2570,"{""T"":1790830654241,""s"":""MOVRUSDT"",""S"":""Sell"",""v"":""30.9"",""p"":""2.2570""}"
2026-10-01T04:57:34.635252Z,1790830654368,MOVRUSDT,Sell,71.4,2.2570,"{""T"":1790830654368,""s"":""MOVRUSDT"",""S"":""Sell"",""v"":""71.4"",""p"":""2.2570""}"
2026-10-01T04:57:34.635252Z,1790830654469,MOVRUSDT,Sell,81.0,2.2670,"{""T"":1790830654469,""s"":""MOVRUSDT"",""S"":""Sell"",""v"":""81.0"",""p"":""2.2670""}"
2026-10-01T04:57:34.635252Z,1790830654513,MOVRUSDT,Sell,671.5,2.2620,"{""T"":1790830654513,""s"":""MOVRUSDT"",""S"":""Sell"",""v"":""671.5"",""p"":""2.2620""}"
2026-10-01T04:57:35.135990Z,1790830654646,MOVRUSDT,Sell,443.2,2.2530,"{""T"":1790830654646,""s"":""MOVRUSDT"",""S"":""Sell"",""v"":""443.2"",""p"":""2.2530""}"
2026-10-01T04:58:03.135749Z,1790830682730,MOVRUSDT,Sell,96.5,2.2700,"{""T"":1790830682730,""s"":""MOVRUSDT"",""S"":""Sell"",""v"":""96.5"",""p"":""2.2700""}"
2026-10-01T04:58:03.135749Z,1790830682784,MOVRUSDT,Sell,13.5,2.2750,"{""T"":1790830682784,""s"":""MOVRUSDT"",""S"":""Sell"",""v"":""13.5"",""p"":""2.2750""}"
2026-10-01T04:59:07.825207Z,1790830747408,MONUSDT,Sell,1683,0.032810,"{""T"":1790830747408,""s"":""MONUSDT"",""S"":""Sell"",""v"":""1683"",""p"":""0.032810""}"
2026-10-01T04:59:16.134930Z,1790830755609,MOVRUSDT,Sell,63.3,2.2820,"{""T"":1790830755609,""s"":""MOVRUSDT"",""S"":""Sell"",""v"":""63.3"",""p"":""2.2820""}"
2026-10-01T04:59:45.635101Z,1790830785097,MOVRUSDT,Sell,212.6,2.2960,"{""T"":1790830785097,""s"":""MOVRUSDT"",""S"":""Sell"",""v"":""212.6"",""p"":""2.2960""}"
2026-10-01T04:59:46.135021Z,1790830785683,MOVRUSDT,Sell,384.4,2.2940,"{""T"":1790830785683,""s"":""MOVRUSDT"",""S"":""Sell"",""v"":""384.4"",""p"":""2.2940""}"
2026-10-01T05:00:01.635182Z,1790830801510,MOVRUSDT,Sell,91.2,2.3040,"{""T"":1790830801510,""s"":""MOVRUSDT"",""S"":""Sell"",""v"":""91.2"",""p"":""2.3040""}"
2026-10-01T05:00:02.134955Z,1790830801775,MOVRUSDT,Sell,15.9,2.2990,"{""T"":1790830801775,""s"":""MOVRUSDT"",""S"":""Sell"",""v"":""15.9"",""p"":""2.2990""}"
2026-10-01T05:00:03.134931Z,1790830802735,MOVRUSDT,Sell,46.9,2.3100,"{""T"":1790830802735,""s"":""MOVRUSDT"",""S"":""Sell"",""v"":""46.9"",""p"":""2.3100""}"
2026-10-01T05:00:03.635600Z,1790830803243,MOVRUSDT,Sell,4.7,2.3120,"{""T"":1790830803243,""s"":""MOVRUSDT"",""S"":""Sell"",""v"":""4.7"",""p"":""2.3120""}"
2026-10-01T05:00:03.635600Z,1790830803302,MOVRUSDT,Sell,58.0,2.3120,"{""T"":1790830803302,""s"":""MOVRUSDT"",""S"":""Sell"",""v"":""58.0"",""p"":""2.3120""}"
2026-10-01T05:00:04.134800Z,1790830803990,MOVRUSDT,Sell,377.5,2.3110,"{""T"":1790830803990,""s"":""MOVRUSDT"",""S"":""Sell"",""v"":""377.5"",""p"":""2.3110""}"
2026-10-01T05:00:09.634976Z,1790830809456,MOVRUSDT,Sell,568.6,2.3150,"{""T"":1790830809456,""s"":""MOVRUSDT"",""S"":""Sell"",""v"":""568.6"",""p"":""2.3150""}"
2026-10-01T05:00:10.135656Z,1790830809728,MOVRUSDT,Sell,20.4,2.3170,"{""T"":1790830809728,""s"":""MOVRUSDT"",""S"":""Sell"",""v"":""20.4"",""p"":""2.3170""}"
2026-10-01T05:00:10.135656Z,1790830809950,MOVRUSDT,Sell,15.2,2.3150,"{""T"":1790830809950,""s"":""MOVRUSDT"",""S"":""Sell"",""v"":""15.2"",""p"":""2.3150""}"
2026-10-01T05:00:45.135222Z,1790830844743,ARKUSDT,Sell,756,0.26418,"{""T"":1790830844743,""s"":""ARKUSDT"",""S"":""Sell"",""v"":""756"",""p"":""0.26418""}"
2026-10-01T05:00:45.135808Z,1790830844743,MOVRUSDT,Sell,75.3,2.3230,"{""T"":1790830844743,""s"":""MOVRUSDT"",""S"":""Sell"",""v"":""75.3"",""p"":""2.3230""}"
2026-10-01T05:00:49.135155Z,1790830848712,MOVRUSDT,Sell,12.8,2.3310,"{""T"":1790830848712,""s"":""MOVRUSDT"",""S"":""Sell"",""v"":""12.8"",""p"":""2.3310""}"
2026-10-01T05:00:49.135155Z,1790830848981,MOVRUSDT,Sell,5.4,2.3290,"{""T"":1790830848981,""s"":""MOVRUSDT"",""S"":""Sell"",""v"":""5.4"",""p"":""2.3290""}"
2026-10-01T05:00:53.635188Z,1790830853245,MOVRUSDT,Sell,57.6,2.3340,"{""T"":1790830853245,""s"":""MOVRUSDT"",""S"":""Sell"",""v"":""57.6"",""p"":""2.3340""}"
2026-10-01T05:00:55.135016Z,1790830854991,MOVRUSDT,Sell,8.8,2.3360,"{""T"":1790830854991,""s"":""MOVRUSDT"",""S"":""Sell"",""v"":""8.8"",""p"":""2.3360""}"
2026-10-01T05:00:55.135016Z,1790830855022,MOVRUSDT,Sell,100.8,2.3390,"{""T"":1790830855022,""s"":""MOVRUSDT"",""S"":""Sell"",""v"":""100.8"",""p"":""2.3390""}"
2026-10-01T05:00:55.486574Z,1790830855022,USUSDT,Sell,10840,0.024590,"{""T"":1790830855022,""s"":""USUSDT"",""S"":""Sell"",""v"":""10840"",""p"":""0.024590""}"
2026-10-01T05:01:05.635749Z,1790830865173,MOVRUSDT,Sell,17.8,2.3740,"{""T"":1790830865173,""s"":""MOVRUSDT"",""S"":""Sell"",""v"":""17.8"",""p"":""2.3740""}"
2026-10-01T05:01:05.635749Z,1790830865399,MOVRUSDT,Sell,79.5,2.3670,"{""T"":1790830865399,""s"":""MOVRUSDT"",""S"":""Sell"",""v"":""79.5"",""p"":""2.3670""}"
2026-10-01T05:01:06.135656Z,1790830865931,MOVRUSDT,Sell,569.9,2.3750,"{""T"":1790830865931,""s"":""MOVRUSDT"",""S"":""Sell"",""v"":""569.9"",""p"":""2.3750""}"
2026-10-01T05:01:06.135656Z,1790830866012,MOVRUSDT,Sell,2.8,2.3770,"{""T"":1790830866012,""s"":""MOVRUSDT"",""S"":""Sell"",""v"":""2.8"",""p"":""2.3770""}"
2026-10-01T05:01:06.634975Z,1790830866097,MOVRUSDT,Sell,229.7,2.3750,"{""T"":1790830866097,""s"":""MOVRUSDT"",""S"":""Sell"",""v"":""229.7"",""p"":""2.3750""}"
2026-10-01T05:01:39.496959Z,1790830898987,STXUSDT,Buy,62.7,0.38510,"{""T"":1790830898987,""s"":""STXUSDT"",""S"":""Buy"",""v"":""62.7"",""p"":""0.38510""}"
2026-10-01T05:01:39.996177Z,1790830899828,STXUSDT,Buy,135.4,0.38470,"{""T"":1790830899828,""s"":""STXUSDT"",""S"":""Buy"",""v"":""135.4"",""p"":""0.38470""}"
2026-10-01T05:02:49.487556Z,1790830969202,BTWUSDT,Sell,100,1.44256,"{""T"":1790830969202,""s"":""BTWUSDT"",""S"":""Sell"",""v"":""100"",""p"":""1.44256""}"
2026-10-01T05:03:17.987200Z,1790830997723,CLUSDT,Buy,14.41,88.750,"{""T"":1790830997723,""s"":""CLUSDT"",""S"":""Buy"",""v"":""14.41"",""p"":""88.750""}"
2026-10-01T05:03:18.986615Z,1790830998523,XAUUSDT,Sell,0.298,4203.33,"{""T"":1790830998523,""s"":""XAUUSDT"",""S"":""Sell"",""v"":""0.298"",""p"":""4203.33""}"
2026-10-01T05:03:19.066055Z,1790830998523,BTCUSDT,Sell,0.006,84333.20,"{""T"":1790830998523,""s"":""BTCUSDT"",""S"":""Sell"",""v"":""0.006"",""p"":""84333.20""}"
2026-10-01T05:03:31.487104Z,1790831011359,XAUUSDT,Sell,0.067,4204.14,"{""T"":1790831011359,""s"":""XAUUSDT"",""S"":""Sell"",""v"":""0.067"",""p"":""4204.14""}"
2026-10-01T05:03:39.996391Z,1790831019623,DASHUSDT,Sell,0.50,61.30,"{""T"":1790831019623,""s"":""DASHUSDT"",""S"":""Sell"",""v"":""0.50"",""p"":""61.30""}"
2026-10-01T05:03:52.986864Z,1790831032703,USUSDT,Sell,1510,0.024980,"{""T"":1790831032703,""s"":""USUSDT"",""S"":""Sell"",""v"":""1510"",""p"":""0.024980""}"
2026-10-01T05:03:56.407873Z,1790831036034,KORUUSDT,Sell,0.92,21.15,"{""T"":1790831036034,""s"":""KORUUSDT"",""S"":""Sell"",""v"":""0.92"",""p"":""21.15""}"
2026-10-01T05:03:56.486944Z,1790831036034,SOXLUSDT,Sell,1.35,157.13,"{""T"":1790831036034,""s"":""SOXLUSDT"",""S"":""Sell"",""v"":""1.35"",""p"":""157.13""}"
2026-10-01T05:04:28.496055Z,1790831068132,STXUSDT,Sell,149.5,0.39650,"{""T"":1790831068132,""s"":""STXUSDT"",""S"":""Sell"",""v"":""149.5"",""p"":""0.39650""}"
2026-10-01T05:05:03.065276Z,1790831102517,BTCUSDT,Sell,0.002,84451.70,"{""T"":1790831102517,""s"":""BTCUSDT"",""S"":""Sell"",""v"":""0.002"",""p"":""84451.70""}"
2026-10-01T05:05:04.565499Z,1790831104150,BTCUSDT,Sell,0.117,84456.60,"{""T"":1790831104150,""s"":""BTCUSDT"",""S"":""Sell"",""v"":""0.117"",""p"":""84456.60""}"
2026-10-01T05:05:45.486799Z,1790831145344,SOXLUSDT,Sell,5.00,157.63,"{""T"":1790831145344,""s"":""SOXLUSDT"",""S"":""Sell"",""v"":""5.00"",""p"":""157.63""}"
2026-10-01T05:06:04.636114Z,1790831164149,MOVRUSDT,Sell,19.8,2.3940,"{""T"":1790831164149,""s"":""MOVRUSDT"",""S"":""Sell"",""v"":""19.8"",""p"":""2.3940""}"
2026-10-01T05:06:06.135046Z,1790831166018,MOVRUSDT,Sell,31.1,2.4040,"{""T"":1790831166018,""s"":""MOVRUSDT"",""S"":""Sell"",""v"":""31.1"",""p"":""2.4040""}"
2026-10-01T05:06:20.986964Z,1790831180497,SNDKUSDT,Sell,0.01,1790.16,"{""T"":1790831180497,""s"":""SNDKUSDT"",""S"":""Sell"",""v"":""0.01"",""p"":""1790.16""}"
2026-10-01T05:06:22.812908Z,1790831182505,PUMPFUNUSDT,Sell,3300,0.0058760,"{""T"":1790831182505,""s"":""PUMPFUNUSDT"",""S"":""Sell"",""v"":""3300"",""p"":""0.0058760""}"
2026-10-01T05:06:53.486875Z,1790831213349,CLUSDT,Buy,2.00,88.650,"{""T"":1790831213349,""s"":""CLUSDT"",""S"":""Buy"",""v"":""2.00"",""p"":""88.650""}"
2026-10-01T05:07:05.986596Z,1790831225505,USUSDT,Buy,3170,0.022610,"{""T"":1790831225505,""s"":""USUSDT"",""S"":""Buy"",""v"":""3170"",""p"":""0.022610""}"
2026-10-01T05:07:21.157511Z,1790831240848,MOVRUSDT,Sell,4.4,2.4090,"{""T"":1790831240848,""s"":""MOVRUSDT"",""S"":""Sell"",""v"":""4.4"",""p"":""2.4090""}"
2026-10-01T05:07:21.634932Z,1790831241294,MOVRUSDT,Sell,12.1,2.4260,"{""T"":1790831241294,""s"":""MOVRUSDT"",""S"":""Sell"",""v"":""12.1"",""p"":""2.4260""}"
2026-10-01T05:07:22.134956Z,1790831241697,MOVRUSDT,Sell,357.9,2.4240,"{""T"":1790831241697,""s"":""MOVRUSDT"",""S"":""Sell"",""v"":""357.9"",""p"":""2.4240""}"
2026-10-01T05:07:22.134956Z,1790831241846,MOVRUSDT,Sell,35.2,2.4240,"{""T"":1790831241846,""s"":""MOVRUSDT"",""S"":""Sell"",""v"":""35.2"",""p"":""2.4240""}"
2026-10-01T05:07:22.359918Z,1790831241845,GRAMUSDT,Buy,334.0,1.5070,"{""T"":1790831241845,""s"":""GRAMUSDT"",""S"":""Buy"",""v"":""334.0"",""p"":""1.5070""}"
2026-10-01T05:07:55.634904Z,1790831275365,MOVRUSDT,Sell,2.8,2.4210,"{""T"":1790831275365,""s"":""MOVRUSDT"",""S"":""Sell"",""v"":""2.8"",""p"":""2.4210""}"
2026-10-01T05:08:03.986648Z,1790831283421,USUSDT,Buy,6010,0.022450,"{""T"":1790831283421,""s"":""USUSDT"",""S"":""Buy"",""v"":""6010"",""p"":""0.022450""}"
2026-10-01T05:08:05.635013Z,1790831285297,MOVRUSDT,Sell,2.5,2.4330,"{""T"":1790831285297,""s"":""MOVRUSDT"",""S"":""Sell"",""v"":""2.5"",""p"":""2.4330""}"
2026-10-01T05:08:06.134996Z,1790831285964,MOVRUSDT,Sell,25.9,2.4270,"{""T"":1790831285964,""s"":""MOVRUSDT"",""S"":""Sell"",""v"":""25.9"",""p"":""2.4270""}"
2026-10-01T05:08:06.516340Z,1790831286125,NEARUSDT,Sell,294.4,5.4750,"{""T"":1790831286125,""s"":""NEARUSDT"",""S"":""Sell"",""v"":""294.4"",""p"":""5.4750""}"
2026-10-01T05:08:06.634848Z,1790831286125,MOVRUSDT,Sell,171.3,2.4270,"{""T"":1790831286125,""s"":""MOVRUSDT"",""S"":""Sell"",""v"":""171.3"",""p"":""2.4270""}"
2026-10-01T05:08:07.486712Z,1790831287229,USUSDT,Buy,220,0.021810,"{""T"":1790831287229,""s"":""USUSDT"",""S"":""Buy"",""v"":""220"",""p"":""0.021810""}"
2026-10-01T05:08:07.486712Z,1790831287235,USUSDT,Buy,1080,0.021820,"{""T"":1790831287235,""s"":""USUSDT"",""S"":""Buy"",""v"":""1080"",""p"":""0.021820""}"
2026-10-01T05:08:49.837225Z,1790831329523,LITUSDT,Buy,184.2,4.0160,"{""T"":1790831329523,""s"":""LITUSDT"",""S"":""Buy"",""v"":""184.2"",""p"":""4.0160""}"
2026-10-01T05:09:10.987093Z,1790831350589,BTWUSDT,Sell,10,1.44438,"{""T"":1790831350589,""s"":""BTWUSDT"",""S"":""Sell"",""v"":""10"",""p"":""1.44438""}"
2026-10-01T05:09:10.996719Z,1790831350749,STXUSDT,Sell,4701.1,0.39850,"{""T"":1790831350749,""s"":""STXUSDT"",""S"":""Sell"",""v"":""4701.1"",""p"":""0.39850""}"
2026-10-01T05:09:24.634914Z,1790831364481,MOVRUSDT,Sell,73.9,2.4410,"{""T"":1790831364481,""s"":""MOVRUSDT"",""S"":""Sell"",""v"":""73.9"",""p"":""2.4410""}"
2026-10-01T05:09:24.634914Z,1790831364522,MOVRUSDT,Sell,527.8,2.4350,"{""T"":1790831364522,""s"":""MOVRUSDT"",""S"":""Sell"",""v"":""527.8"",""p"":""2.4350""}"
2026-10-01T05:09:25.135881Z,1790831364831,MOVRUSDT,Sell,36.0,2.4350,"{""T"":1790831364831,""s"":""MOVRUSDT"",""S"":""Sell"",""v"":""36.0"",""p"":""2.4350""}"
2026-10-01T05:09:25.634927Z,1790831365215,MOVRUSDT,Sell,6.1,2.4460,"{""T"":1790831365215,""s"":""MOVRUSDT"",""S"":""Sell"",""v"":""6.1"",""p"":""2.4460""}"
2026-10-01T05:09:26.135321Z,1790831365596,MOVRUSDT,Sell,1300.0,2.4470,"{""T"":1790831365596,""s"":""MOVRUSDT"",""S"":""Sell"",""v"":""1300.0"",""p"":""2.4470""}"
2026-10-01T05:09:26.135321Z,1790831365697,MOVRUSDT,Sell,15.0,2.4460,"{""T"":1790831365697,""s"":""MOVRUSDT"",""S"":""Sell"",""v"":""15.0"",""p"":""2.4460""}"
2026-10-01T05:09:27.134944Z,1790831366780,MOVRUSDT,Sell,11.0,2.4500,"{""T"":1790831366780,""s"":""MOVRUSDT"",""S"":""Sell"",""v"":""11.0"",""p"":""2.4500""}"
2026-10-01T05:09:27.515873Z,1790831367244,NEARUSDT,Sell,184.1,5.4820,"{""T"":1790831367244,""s"":""NEARUSDT"",""S"":""Sell"",""v"":""184.1"",""p"":""5.4820""}"
2026-10-01T05:09:27.635165Z,1790831367244,MOVRUSDT,Sell,159.3,2.4870,"{""T"":1790831367244,""s"":""MOVRUSDT"",""S"":""Sell"",""v"":""159.3"",""p"":""2.4870""}"
2026-10-01T05:09:27.635165Z,1790831367274,MOVRUSDT,Sell,3.4,2.4840,"{""T"":1790831367274,""s"":""MOVRUSDT"",""S"":""Sell"",""v"":""3.4"",""p"":""2.4840""}"
2026-10-01T05:09:27.635165Z,1790831367288,MOVRUSDT,Sell,218.5,2.4790,"{""T"":1790831367288,""s"":""MOVRUSDT"",""S"":""Sell"",""v"":""218.5"",""p"":""2.4790""}"
2026-10-01T05:09:27.635165Z,1790831367415,MOVRUSDT,Sell,150.0,2.4850,"{""T"":1790831367415,""s"":""MOVRUSDT"",""S"":""Sell"",""v"":""150.0"",""p"":""2.4850""}"
2026-10-01T05:09:27.635165Z,1790831367519,MOVRUSDT,Sell,111.4,2.4740,"{""T"":1790831367519,""s"":""MOVRUSDT"",""S"":""Sell"",""v"":""111.4"",""p"":""2.4740""}"
2026-10-01T05:09:28.135209Z,1790831367649,MOVRUSDT,Sell,14.4,2.4880,"{""T"":1790831367649,""s"":""MOVRUSDT"",""S"":""Sell"",""v"":""14.4"",""p"":""2.4880""}"
2026-10-01T05:09:28.135209Z,1790831367887,MOVRUSDT,Sell,26.6,2.4770,"{""T"":1790831367887,""s"":""MOVRUSDT"",""S"":""Sell"",""v"":""26.6"",""p"":""2.4770""}"
2026-10-01T05:09:28.635498Z,1790831368295,MOVRUSDT,Sell,41.0,2.4990,"{""T"":1790831368295,""s"":""MOVRUSDT"",""S"":""Sell"",""v"":""41.0"",""p"":""2.4990""}"
2026-10-01T05:09:28.635498Z,1790831368322,MOVRUSDT,Sell,42.0,2.4970,"{""T"":1790831368322,""s"":""MOVRUSDT"",""S"":""Sell"",""v"":""42.0"",""p"":""2.4970""}"
2026-10-01T05:09:28.635498Z,1790831368420,MOVRUSDT,Sell,694.2,2.4950,"{""T"":1790831368420,""s"":""MOVRUSDT"",""S"":""Sell"",""v"":""694.2"",""p"":""2.4950""}"
2026-10-01T05:09:29.135106Z,1790831368637,MOVRUSDT,Sell,17.0,2.5050,"{""T"":1790831368637,""s"":""MOVRUSDT"",""S"":""Sell"",""v"":""17.0"",""p"":""2.5050""}"
2026-10-01T05:09:29.135106Z,1790831368658,MOVRUSDT,Sell,9.2,2.4970,"{""T"":1790831368658,""s"":""MOVRUSDT"",""S"":""Sell"",""v"":""9.2"",""p"":""2.4970""}"
2026-10-01T05:09:29.135106Z,1790831368718,MOVRUSDT,Sell,834.4,2.5060,"{""T"":1790831368718,""s"":""MOVRUSDT"",""S"":""Sell"",""v"":""834.4"",""p"":""2.5060""}"
2026-10-01T05:09:29.135106Z,1790831368854,MOVRUSDT,Sell,54.0,2.4960,"{""T"":1790831368854,""s"":""MOVRUSDT"",""S"":""Sell"",""v"":""54.0"",""p"":""2.4960""}"
2026-10-01T05:09:29.328625Z,1790831369056,LONGXIAUSDT,Buy,1098,0.0356,"{""T"":1790831369056,""s"":""LONGXIAUSDT"",""S"":""Buy"",""v"":""1098"",""p"":""0.0356""}"
2026-10-01T05:09:29.634798Z,1790831369056,MOVRUSDT,Sell,24.2,2.5080,"{""T"":1790831369056,""s"":""MOVRUSDT"",""S"":""Sell"",""v"":""24.2"",""p"":""2.5080""}"
2026-10-01T05:09:30.492739Z,1790831370228,SOONUSDT,Sell,4252,0.46290,"{""T"":1790831370228,""s"":""SOONUSDT"",""S"":""Sell"",""v"":""4252"",""p"":""0.46290""}"
2026-10-01T05:09:30.634978Z,1790831370228,MOVRUSDT,Sell,995.0,2.5140,"{""T"":1790831370228,""s"":""MOVRUSDT"",""S"":""Sell"",""v"":""995.0"",""p"":""2.5140""}"
2026-10-01T05:09:31.134910Z,1790831370728,MOVRUSDT,Sell,66.7,2.5140,"{""T"":1790831370728,""s"":""MOVRUSDT"",""S"":""Sell"",""v"":""66.7"",""p"":""2.5140""}"
2026-10-01T05:09:31.987356Z,1790831371729,SNDKUSDT,Sell,0.14,1790.45,"{""T"":1790831371729,""s"":""SNDKUSDT"",""S"":""Sell"",""v"":""0.14"",""p"":""1790.45""}"
2026-10-01T05:09:35.135077Z,1790831374564,MOVRUSDT,Sell,522.7,2.5190,"{""T"":1790831374564,""s"":""MOVRUSDT"",""S"":""Sell"",""v"":""522.7"",""p"":""2.5190""}"
2026-10-01T05:09:36.134883Z,1790831375752,MOVRUSDT,Sell,208.8,2.5210,"{""T"":1790831375752,""s"":""MOVRUSDT"",""S"":""Sell"",""v"":""208.8"",""p"":""2.5210""}"
2026-10-01T05:09:36.635168Z,1790831376464,MOVRUSDT,Sell,2122.7,2.5330,"{""T"":1790831376464,""s"":""MOVRUSDT"",""S"":""Sell"",""v"":""2122.7"",""p"":""2.5330""}"
2026-10-01T05:09:37.135424Z,1790831376879,MOVRUSDT,Sell,49.8,2.5360,"{""T"":1790831376879,""s"":""MOVRUSDT"",""S"":""Sell"",""v"":""49.8"",""p"":""2.5360""}"
2026-10-01T05:09:37.635278Z,1790831377216,MOVRUSDT,Sell,62.8,2.5480,"{""T"":1790831377216,""s"":""MOVRUSDT"",""S"":""Sell"",""v"":""62.8"",""p"":""2.5480""}"
2026-10-01T05:09:37.635278Z,1790831377380,MOVRUSDT,Sell,24.2,2.5390,"{""T"":1790831377380,""s"":""MOVRUSDT"",""S"":""Sell"",""v"":""24.2"",""p"":""2.5390""}"
2026-10-01T05:09:37.635278Z,1790831377449,MOVRUSDT,Sell,9.6,2.5470,"{""T"":1790831377449,""s"":""MOVRUSDT"",""S"":""Sell"",""v"":""9.6"",""p"":""2.5470""}"
2026-10-01T05:09:38.136002Z,1790831377624,MOVRUSDT,Sell,40.6,2.5460,"{""T"":1790831377624,""s"":""MOVRUSDT"",""S"":""Sell"",""v"":""40.6"",""p"":""2.5460""}"
2026-10-01T05:09:38.136002Z,1790831377631,MOVRUSDT,Sell,554.5,2.5430,"{""T"":1790831377631,""s"":""MOVRUSDT"",""S"":""Sell"",""v"":""554.5"",""p"":""2.5430""}"
2026-10-01T05:09:38.136002Z,1790831377635,MOVRUSDT,Sell,45.0,2.5440,"{""T"":1790831377635,""s"":""MOVRUSDT"",""S"":""Sell"",""v"":""45.0"",""p"":""2.5440""}"
2026-10-01T05:09:38.136002Z,1790831377792,MOVRUSDT,Sell,7.5,2.5440,"{""T"":1790831377792,""s"":""MOVRUSDT"",""S"":""Sell"",""v"":""7.5"",""p"":""2.5440""}"
2026-10-01T05:09:38.136002Z,1790831377844,MOVRUSDT,Sell,8.5,2.5460,"{""T"":1790831377844,""s"":""MOVRUSDT"",""S"":""Sell"",""v"":""8.5"",""p"":""2.5460""}"
2026-10-01T05:09:38.136002Z,1790831377860,MOVRUSDT,Sell,194.4,2.5420,"{""T"":1790831377860,""s"":""MOVRUSDT"",""S"":""Sell"",""v"":""194.4"",""p"":""2.5420""}"
2026-10-01T05:09:38.136002Z,1790831377895,MOVRUSDT,Sell,10.1,2.5450,"{""T"":1790831377895,""s"":""MOVRUSDT"",""S"":""Sell"",""v"":""10.1"",""p"":""2.5450""}"
2026-10-01T05:09:38.635200Z,1790831378052,MOVRUSDT,Sell,17.6,2.5440,"{""T"":1790831378052,""s"":""MOVRUSDT"",""S"":""Sell"",""v"":""17.6"",""p"":""2.5440""}"
2026-10-01T05:09:38.635200Z,1790831378094,MOVRUSDT,Sell,15.6,2.5470,"{""T"":1790831378094,""s"":""MOVRUSDT"",""S"":""Sell"",""v"":""15.6"",""p"":""2.5470""}"
2026-10-01T05:09:38.635200Z,1790831378108,MOVRUSDT,Sell,1209.7,2.5550,"{""T"":1790831378108,""s"":""MOVRUSDT"",""S"":""Sell"",""v"":""1209.7"",""p"":""2.5550""}"
2026-10-01T05:09:38.635200Z,1790831378157,MOVRUSDT,Sell,50.4,2.5890,"{""T"":1790831378157,""s"":""MOVRUSDT"",""S"":""Sell"",""v"":""50.4"",""p"":""2.5890""}"
2026-10-01T05:09:38.635200Z,1790831378201,MOVRUSDT,Sell,37.3,2.5880,"{""T"":1790831378201,""s"":""MOVRUSDT"",""S"":""Sell"",""v"":""37.3"",""p"":""2.5880""}"
2026-10-01T05:09:38.635200Z,1790831378221,MOVRUSDT,Sell,14.3,2.5910,"{""T"":1790831378221,""s"":""MOVRUSDT"",""S"":""Sell"",""v"":""14.3"",""p"":""2.5910""}"
2026-10-01T05:09:38.635200Z,1790831378267,MOVRUSDT,Sell,53.6,2.5690,"{""T"":1790831378267,""s"":""MOVRUSDT"",""S"":""Sell"",""v"":""53.6"",""p"":""2.5690""}"
2026-10-01T05:09:38.635200Z,1790831378270,MOVRUSDT,Sell,75.0,2.5500,"{""T"":1790831378270,""s"":""MOVRUSDT"",""S"":""Sell"",""v"":""75.0"",""p"":""2.5500""}"
2026-10-01T05:09:38.635200Z,1790831378315,MOVRUSDT,Sell,19.2,2.5700,"{""T"":1790831378315,""s"":""MOVRUSDT"",""S"":""Sell"",""v"":""19.2"",""p"":""2.5700""}"
2026-10-01T05:09:38.635200Z,1790831378322,MOVRUSDT,Sell,317.4,2.5680,"{""T"":1790831378322,""s"":""MOVRUSDT"",""S"":""Sell"",""v"":""317.4"",""p"":""2.5680""}"
2026-10-01T05:09:38.635200Z,1790831378360,MOVRUSDT,Sell,6.0,2.5570,"{""T"":1790831378360,""s"":""MOVRUSDT"",""S"":""Sell"",""v"":""6.0"",""p"":""2.5570""}"
2026-10-01T05:09:38.635200Z,1790831378408,MOVRUSDT,Sell,12.0,2.5860,"{""T"":1790831378408,""s"":""MOVRUSDT"",""S"":""Sell"",""v"":""12.0"",""p"":""2.5860""}"
2026-10-01T05:09:38.635200Z,1790831378420,MOVRUSDT,Sell,222.8,2.5770,"{""T"":1790831378420,""s"":""MOVRUSDT"",""S"":""Sell"",""v"":""222.8"",""p"":""2.5770""}"
2026-10-01T05:09:38.635200Z,1790831378446,MOVRUSDT,Sell,430.6,2.5540,"{""T"":1790831378446,""s"":""MOVRUSDT"",""S"":""Sell"",""v"":""430.6"",""p"":""2.5540""}"
2026-10-01T05:09:38.992055Z,1790831378738,SOONUSDT,Sell,17,0.46270,"{""T"":1790831378738,""s"":""SOONUSDT"",""S"":""Sell"",""v"":""17"",""p"":""0.46270""}"
2026-10-01T05:09:39.135342Z,1790831378721,MOVRUSDT,Sell,59.1,2.5530,"{""T"":1790831378721,""s"":""MOVRUSDT"",""S"":""Sell"",""v"":""59.1"",""p"":""2.5530""}"
2026-10-01T05:09:39.135342Z,1790831378723,MOVRUSDT,Sell,233.9,2.5640,"{""T"":1790831378723,""s"":""MOVRUSDT"",""S"":""Sell"",""v"":""233.9"",""p"":""2.5640""}"
2026-10-01T05:09:39.135342Z,1790831378738,MOVRUSDT,Sell,8.5,2.5920,"{""T"":1790831378738,""s"":""MOVRUSDT"",""S"":""Sell"",""v"":""8.5"",""p"":""2.5920""}"
2026-10-01T05:09:39.135342Z,1790831378768,MOVRUSDT,Sell,63.4,2.5530,"{""T"":1790831378768,""s"":""MOVRUSDT"",""S"":""Sell"",""v"":""63.4"",""p"":""2.5530""}"
2026-10-01T05:09:39.135342Z,1790831378770,MOVRUSDT,Sell,10.5,2.5710,"{""T"":1790831378770,""s"":""MOVRUSDT"",""S"":""Sell"",""v"":""10.5"",""p"":""2.5710""}"
2026-10-01T05:09:39.135342Z,1790831378787,MOVRUSDT,Sell,866.3,2.5660,"{""T"":1790831378787,""s"":""MOVRUSDT"",""S"":""Sell"",""v"":""866.3"",""p"":""2.5660""}"
2026-10-01T05:09:39.135342Z,1790831378819,MOVRUSDT,Sell,12.4,2.5710,"{""T"":1790831378819,""s"":""MOVRUSDT"",""S"":""Sell"",""v"":""12.4"",""p"":""2.5710""}"
2026-10-01T05:09:39.135342Z,1790831378837,MOVRUSDT,Sell,4.7,2.5570,"{""T"":1790831378837,""s"":""MOVRUSDT"",""S"":""Sell"",""v"":""4.7"",""p"":""2.5570""}"
2026-10-01T05:09:39.135342Z,1790831378848,MOVRUSDT,Sell,12.4,2.5670,"{""T"":1790831378848,""s"":""MOVRUSDT"",""S"":""Sell"",""v"":""12.4"",""p"":""2.5670""}"
2026-10-01T05:09:39.135342Z,1790831378916,MOVRUSDT,Sell,61.7,2.5830,"{""T"":1790831378916,""s"":""MOVRUSDT"",""S"":""Sell"",""v"":""61.7"",""p"":""2.5830""}"
2026-10-01T05:09:39.135342Z,1790831378946,MOVRUSDT,Sell,516.1,2.5930,"{""T"":1790831378946,""s"":""MOVRUSDT"",""S"":""Sell"",""v"":""516.1"",""p"":""2.5930""}"
2026-10-01T05:09:39.135342Z,1790831378973,MOVRUSDT,Sell,6.2,2.5760,"{""T"":1790831378973,""s"":""MOVRUSDT"",""S"":""Sell"",""v"":""6.2"",""p"":""2.5760""}"
2026-10-01T05:09:39.135342Z,1790831378987,MOVRUSDT,Sell,247.3,2.5780,"{""T"":1790831378987,""s"":""MOVRUSDT"",""S"":""Sell"",""v"":""247.3"",""p"":""2.5780""}"
2026-10-01T05:09:39.135342Z,1790831379005,MOVRUSDT,Sell,22.1,2.5590,"{""T"":1790831379005,""s"":""MOVRUSDT"",""S"":""Sell"",""v"":""22.1"",""p"":""2.5590""}"
2026-10-01T05:09:39.135342Z,1790831379019,MOVRUSDT,Sell,11.0,2.5540,"{""T"":1790831379019,""s"":""MOVRUSDT"",""S"":""Sell"",""v"":""11.0"",""p"":""2.5540""}"
2026-10-01T05:09:39.135342Z,1790831379042,MOVRUSDT,Sell,24.2,2.5850,"{""T"":1790831379042,""s"":""MOVRUSDT"",""S"":""Sell"",""v"":""24.2"",""p"":""2.5850""}"
2026-10-01T05:09:39.634970Z,1790831379426,ARKUSDT,Sell,2052,0.26389,"{""T"":1790831379426,""s"":""ARKUSDT"",""S"":""Sell"",""v"":""2052"",""p"":""0.26389""}"
2026-10-01T05:09:39.635593Z,1790831379275,MOVRUSDT,Sell,84.5,2.6010,"{""T"":1790831379275,""s"":""MOVRUSDT"",""S"":""Sell"",""v"":""84.5"",""p"":""2.6010""}"
2026-10-01T05:09:39.635593Z,1790831379344,MOVRUSDT,Sell,40.3,2.6090,"{""T"":1790831379344,""s"":""MOVRUSDT"",""S"":""Sell"",""v"":""40.3"",""p"":""2.6090""}"
2026-10-01T05:09:39.635593Z,1790831379385,MOVRUSDT,Sell,161.0,2.6130,"{""T"":1790831379385,""s"":""MOVRUSDT"",""S"":""Sell"",""v"":""161.0"",""p"":""2.6130""}"
2026-10-01T05:09:39.635593Z,1790831379426,MOVRUSDT,Sell,225.0,2.6080,"{""T"":1790831379426,""s"":""MOVRUSDT"",""S"":""Sell"",""v"":""225.0"",""p"":""2.6080""}"
2026-10-01T05:09:39.635593Z,1790831379436,MOVRUSDT,Sell,258.9,2.6020,"{""T"":1790831379436,""s"":""MOVRUSDT"",""S"":""Sell"",""v"":""258.9"",""p"":""2.6020""}"
2026-10-01T05:09:39.635593Z,1790831379466,MOVRUSDT,Sell,322.2,2.6030,"{""T"":1790831379466,""s"":""MOVRUSDT"",""S"":""Sell"",""v"":""322.2"",""p"":""2.6030""}"
2026-10-01T05:09:40.135036Z,1790831379675,MOVRUSDT,Sell,74.9,2.6120,"{""T"":1790831379675,""s"":""MOVRUSDT"",""S"":""Sell"",""v"":""74.9"",""p"":""2.6120""}"
2026-10-01T05:09:40.135036Z,1790831379697,MOVRUSDT,Sell,16.2,2.5960,"{""T"":1790831379697,""s"":""MOVRUSDT"",""S"":""Sell"",""v"":""16.2"",""p"":""2.5960""}"
2026-10-01T05:09:40.135036Z,1790831379704,MOVRUSDT,Sell,43.2,2.6010,"{""T"":1790831379704,""s"":""MOVRUSDT"",""S"":""Sell"",""v"":""43.2"",""p"":""2.6010""}"
2026-10-01T05:09:40.135036Z,1790831379749,MOVRUSDT,Sell,3346.9,2.6000,"{""T"":1790831379749,""s"":""MOVRUSDT"",""S"":""Sell"",""v"":""3346.9"",""p"":""2.6000""}"
2026-10-01T05:09:40.135036Z,1790831379758,MOVRUSDT,Sell,29.0,2.6090,"{""T"":1790831379758,""s"":""MOVRUSDT"",""S"":""Sell"",""v"":""29.0"",""p"":""2.6090""}"
2026-10-01T05:09:40.135036Z,1790831379769,MOVRUSDT,Sell,17.2,2.6120,"{""T"":1790831379769,""s"":""MOVRUSDT"",""S"":""Sell"",""v"":""17.2"",""p"":""2.6120""}"
2026-10-01T05:09:40.135036Z,1790831379806,MOVRUSDT,Sell,20.4,2.6080,"{""T"":1790831379806,""s"":""MOVRUSDT"",""S"":""Sell"",""v"":""20.4"",""p"":""2.6080""}"
2026-10-01T05:09:40.135036Z,1790831379898,MOVRUSDT,Sell,15.4,2.6070,"{""T"":1790831379898,""s"":""MOVRUSDT"",""S"":""Sell"",""v"":""15.4"",""p"":""2.6070""}"
2026-10-01T05:09:40.135036Z,1790831379946,MOVRUSDT,Sell,37.8,2.6010,"{""T"":1790831379946,""s"":""MOVRUSDT"",""S"":""Sell"",""v"":""37.8"",""p"":""2.6010""}"
2026-10-01T05:09:40.135036Z,1790831379970,MOVRUSDT,Sell,44.4,2.6020,"{""T"":1790831379970,""s"":""MOVRUSDT"",""S"":""Sell"",""v"":""44.4"",""p"":""2.6020""}"
2026-10-01T05:09:40.135036Z,1790831380019,MOVRUSDT,Sell,3.5,2.6130,"{""T"":1790831380019,""s"":""MOVRUSDT"",""S"":""Sell"",""v"":""3.5"",""p"":""2.6130""}"
2026-10-01T05:09:40.135036Z,1790831380036,MOVRUSDT,Sell,200.9,2.6120,"{""T"":1790831380036,""s"":""MOVRUSDT"",""S"":""Sell"",""v"":""200.9"",""p"":""2.6120""}"
2026-10-01T05:09:40.496757Z,1790831380227,STXUSDT,Sell,744.4,0.39760,"{""T"":1790831380227,""s"":""STXUSDT"",""S"":""Sell"",""v"":""744.4"",""p"":""0.39760""}"
2026-10-01T05:09:40.635231Z,1790831380227,MOVRUSDT,Sell,198.9,2.6010,"{""T"":1790831380227,""s"":""MOVRUSDT"",""S"":""Sell"",""v"":""198.9"",""p"":""2.6010""}"
2026-10-01T05:09:40.635231Z,1790831380452,MOVRUSDT,Sell,53.2,2.6180,"{""T"":1790831380452,""s"":""MOVRUSDT"",""S"":""Sell"",""v"":""53.2"",""p"":""2.6180""}"
2026-10-01T05:09:42.635125Z,1790831382503,MOVRUSDT,Sell,5.0,2.6190,"{""T"":1790831382503,""s"":""MOVRUSDT"",""S"":""Sell"",""v"":""5.0"",""p"":""2.6190""}"
2026-10-01T05:09:42.635125Z,1790831382511,MOVRUSDT,Sell,180.1,2.6260,"{""T"":1790831382511,""s"":""MOVRUSDT"",""S"":""Sell"",""v"":""180.1"",""p"":""2.6260""}"
2026-10-01T05:09:42.956388Z,1790831382819,QNTUSDT,Sell,2.88,296.45,"{""T"":1790831382819,""s"":""QNTUSDT"",""S"":""Sell"",""v"":""2.88"",""p"":""296.45""}"
2026-10-01T05:09:43.135907Z,1790831382578,MOVRUSDT,Sell,11.4,2.6280,"{""T"":1790831382578,""s"":""MOVRUSDT"",""S"":""Sell"",""v"":""11.4"",""p"":""2.6280""}"
2026-10-01T05:09:43.135907Z,1790831382635,MOVRUSDT,Sell,102.9,2.6220,"{""T"":1790831382635,""s"":""MOVRUSDT"",""S"":""Sell"",""v"":""102.9"",""p"":""2.6220""}"
2026-10-01T05:09:43.135907Z,1790831382711,MOVRUSDT,Sell,4.5,2.6210,"{""T"":1790831382711,""s"":""MOVRUSDT"",""S"":""Sell"",""v"":""4.5"",""p"":""2.6210""}"
2026-10-01T05:09:43.135907Z,1790831382791,MOVRUSDT,Sell,332.6,2.6220,"{""T"":1790831382791,""s"":""MOVRUSDT"",""S"":""Sell"",""v"":""332.6"",""p"":""2.6220""}"
2026-10-01T05:09:43.135907Z,1790831382818,MOVRUSDT,Sell,844.9,2.6190,"{""T"":1790831382818,""s"":""MOVRUSDT"",""S"":""Sell"",""v"":""844.9"",""p"":""2.6190""}"
2026-10-01T05:09:43.135907Z,1790831382879,MOVRUSDT,Sell,21.4,2.6290,"{""T"":1790831382879,""s"":""MOVRUSDT"",""S"":""Sell"",""v"":""21.4"",""p"":""2.6290""}"
2026-10-01T05:09:43.135907Z,1790831382994,MOVRUSDT,Sell,74.4,2.6190,"{""T"":1790831382994,""s"":""MOVRUSDT"",""S"":""Sell"",""v"":""74.4"",""p"":""2.6190""}"
2026-10-01T05:09:43.635271Z,1790831383143,MOVRUSDT,Sell,151.4,2.6250,"{""T"":1790831383143,""s"":""MOVRUSDT"",""S"":""Sell"",""v"":""151.4"",""p"":""2.6250""}"
2026-10-01T05:09:43.859278Z,1790831383673,SOXSUSDT,Sell,65.28,31.47,"{""T"":1790831383673,""s"":""SOXSUSDT"",""S"":""Sell"",""v"":""65.28"",""p"":""31.47""}"
2026-10-01T05:09:43.986732Z,1790831383673,SOXLUSDT,Sell,63.91,158.34,"{""T"":1790831383673,""s"":""SOXLUSDT"",""S"":""Sell"",""v"":""63.91"",""p"":""158.34""}"
2026-10-01T05:09:54.635189Z,1790831394301,MOVRUSDT,Sell,904.1,2.6290,"{""T"":1790831394301,""s"":""MOVRUSDT"",""S"":""Sell"",""v"":""904.1"",""p"":""2.6290""}"
2026-10-01T05:09:54.635189Z,1790831394461,MOVRUSDT,Sell,898.6,2.6370,"{""T"":1790831394461,""s"":""MOVRUSDT"",""S"":""Sell"",""v"":""898.6"",""p"":""2.6370""}"
2026-10-01T05:09:54.908137Z,1790831394461,CRVUSDT,Sell,226.8,0.3963,"{""T"":1790831394461,""s"":""CRVUSDT"",""S"":""Sell"",""v"":""226.8"",""p"":""0.3963""}"
2026-10-01T05:09:54.986620Z,1790831394461,BTWUSDT,Sell,70,1.44164,"{""T"":1790831394461,""s"":""BTWUSDT"",""S"":""Sell"",""v"":""70"",""p"":""1.44164""}"
2026-10-01T05:09:55.135065Z,1790831394594,MOVRUSDT,Sell,33.4,2.6370,"{""T"":1790831394594,""s"":""MOVRUSDT"",""S"":""Sell"",""v"":""33.4"",""p"":""2.6370""}"
2026-10-01T05:09:55.135065Z,1790831394849,MOVRUSDT,Sell,2.6,2.6390,"{""T"":1790831394849,""s"":""MOVRUSDT"",""S"":""Sell"",""v"":""2.6"",""p"":""2.6390""}"
2026-10-01T05:09:55.135065Z,1790831394984,MOVRUSDT,Sell,145.7,2.6320,"{""T"":1790831394984,""s"":""MOVRUSDT"",""S"":""Sell"",""v"":""145.7"",""p"":""2.6320""}"
2026-10-01T05:09:55.135065Z,1790831395018,MOVRUSDT,Sell,617.3,2.6320,"{""T"":1790831395018,""s"":""MOVRUSDT"",""S"":""Sell"",""v"":""617.3"",""p"":""2.6320""}"
2026-10-01T05:09:55.135065Z,1790831395048,MOVRUSDT,Sell,75.0,2.6310,"{""T"":1790831395048,""s"":""MOVRUSDT"",""S"":""Sell"",""v"":""75.0"",""p"":""2.6310""}"
2026-10-01T05:09:55.634747Z,1790831395104,MOVRUSDT,Sell,127.3,2.6370,"{""T"":1790831395104,""s"":""MOVRUSDT"",""S"":""Sell"",""v"":""127.3"",""p"":""2.6370""}"
2026-10-01T05:10:09.135212Z,1790831408559,MOVRUSDT,Buy,218.5,2.4600,"{""T"":1790831408559,""s"":""MOVRUSDT"",""S"":""Buy"",""v"":""218.5"",""p"":""2.4600""}"
2026-10-01T05:10:11.828373Z,1790831411317,LONGXIAUSDT,Sell,1756,0.0415,"{""T"":1790831411317,""s"":""LONGXIAUSDT"",""S"":""Sell"",""v"":""1756"",""p"":""0.0415""}"
2026-10-01T05:10:12.328637Z,1790831411980,LONGXIAUSDT,Sell,809,0.0414,"{""T"":1790831411980,""s"":""LONGXIAUSDT"",""S"":""Sell"",""v"":""809"",""p"":""0.0414""}"
2026-10-01T05:10:20.955455Z,1790831420506,QNTUSDT,Sell,0.90,297.37,"{""T"":1790831420506,""s"":""QNTUSDT"",""S"":""Sell"",""v"":""0.90"",""p"":""297.37""}"
2026-10-01T05:10:20.955455Z,1790831420756,QNTUSDT,Sell,1.45,297.37,"{""T"":1790831420756,""s"":""QNTUSDT"",""S"":""Sell"",""v"":""1.45"",""p"":""297.37""}"
2026-10-01T05:10:31.828790Z,1790831431716,LONGXIAUSDT,Sell,186,0.0421,"{""T"":1790831431716,""s"":""LONGXIAUSDT"",""S"":""Sell"",""v"":""186"",""p"":""0.0421""}"
2026-10-01T05:10:36.486564Z,1790831436062,XAUUSDT,Sell,0.014,4205.32,"{""T"":1790831436062,""s"":""XAUUSDT"",""S"":""Sell"",""v"":""0.014"",""p"":""4205.32""}"
2026-10-01T05:11:10.486412Z,1790831470153,USUSDT,Sell,330,0.024230,"{""T"":1790831470153,""s"":""USUSDT"",""S"":""Sell"",""v"":""330"",""p"":""0.024230""}"
2026-10-01T05:11:32.635306Z,1790831492492,MOVRUSDT,Buy,7.5,2.4220,"{""T"":1790831492492,""s"":""MOVRUSDT"",""S"":""Buy"",""v"":""7.5"",""p"":""2.4220""}"
2026-10-01T05:11:33.135107Z,1790831492925,MOVRUSDT,Buy,20.0,2.4190,"{""T"":1790831492925,""s"":""MOVRUSDT"",""S"":""Buy"",""v"":""20.0"",""p"":""2.4190""}"
2026-10-01T05:11:33.565295Z,1790831493355,BTCUSDT,Sell,0.090,84491.90,"{""T"":1790831493355,""s"":""BTCUSDT"",""S"":""Sell"",""v"":""0.090"",""p"":""84491.90""}"
2026-10-01T05:11:33.565295Z,1790831493376,BTCUSDT,Sell,0.286,84497.90,"{""T"":1790831493376,""s"":""BTCUSDT"",""S"":""Sell"",""v"":""0.286"",""p"":""84497.90""}"
2026-10-01T05:12:10.828500Z,1790831530712,LONGXIAUSDT,Sell,51,0.0424,"{""T"":1790831530712,""s"":""LONGXIAUSDT"",""S"":""Sell"",""v"":""51"",""p"":""0.0424""}"
2026-10-01T05:12:13.986493Z,1790831533626,USUSDT,Buy,1080,0.021670,"{""T"":1790831533626,""s"":""USUSDT"",""S"":""Buy"",""v"":""1080"",""p"":""0.021670""}"
2026-10-01T05:12:20.329221Z,1790831539985,LONGXIAUSDT,Sell,10070,0.0436,"{""T"":1790831539985,""s"":""LONGXIAUSDT"",""S"":""Sell"",""v"":""10070"",""p"":""0.0436""}"
2026-10-01T05:13:18.812755Z,1790831598657,PUMPFUNUSDT,Sell,87600,0.0059050,"{""T"":1790831598657,""s"":""PUMPFUNUSDT"",""S"":""Sell"",""v"":""87600"",""p"":""0.0059050""}"
2026-10-01T05:13:22.486498Z,1790831602130,USUSDT,Buy,210,0.021500,"{""T"":1790831602130,""s"":""USUSDT"",""S"":""Buy"",""v"":""210"",""p"":""0.021500""}"
2026-10-01T05:13:32.986832Z,1790831612511,USUSDT,Buy,590,0.021380,"{""T"":1790831612511,""s"":""USUSDT"",""S"":""Buy"",""v"":""590"",""p"":""0.021380""}"
2026-10-01T05:14:16.137849Z,1790831655562,MOVRUSDT,Sell,119.0,2.5860,"{""T"":1790831655562,""s"":""MOVRUSDT"",""S"":""Sell"",""v"":""119.0"",""p"":""2.5860""}"
2026-10-01T05:15:34.459358Z,1790831733952,ETHUSDT,Sell,1.45,2722.56,"{""T"":1790831733952,""s"":""ETHUSDT"",""S"":""Sell"",""v"":""1.45"",""p"":""2722.56""}"
2026-10-01T05:15:35.565962Z,1790831735364,BTCUSDT,Sell,0.004,84526.30,"{""T"":1790831735364,""s"":""BTCUSDT"",""S"":""Sell"",""v"":""0.004"",""p"":""84526.30""}"
2026-10-01T05:15:36.455732Z,1790831736182,ETHUSDT,Sell,0.62,2722.87,"{""T"":1790831736182,""s"":""ETHUSDT"",""S"":""Sell"",""v"":""0.62"",""p"":""2722.87""}"
2026-10-01T05:15:36.955804Z,1790831736498,ETHUSDT,Sell,52.20,2723.08,"{""T"":1790831736498,""s"":""ETHUSDT"",""S"":""Sell"",""v"":""52.20"",""p"":""2723.08""}"
2026-10-01T05:18:12.986787Z,1790831892564,NIGHTUSDT,Sell,22180,0.04167,"{""T"":1790831892564,""s"":""NIGHTUSDT"",""S"":""Sell"",""v"":""22180"",""p"":""0.04167""}"
2026-10-01T05:18:12.986787Z,1790831892765,NIGHTUSDT,Sell,13410,0.04171,"{""T"":1790831892765,""s"":""NIGHTUSDT"",""S"":""Sell"",""v"":""13410"",""p"":""0.04171""}"
2026-10-01T05:18:13.486379Z,1790831892906,NIGHTUSDT,Sell,26850,0.04169,"{""T"":1790831892906,""s"":""NIGHTUSDT"",""S"":""Sell"",""v"":""26850"",""p"":""0.04169""}"
2026-10-01T05:18:13.986504Z,1790831893592,NIGHTUSDT,Sell,26930,0.04181,"{""T"":1790831893592,""s"":""NIGHTUSDT"",""S"":""Sell"",""v"":""26930"",""p"":""0.04181""}"
2026-10-01T05:18:14.486696Z,1790831894133,NIGHTUSDT,Sell,28300,0.04175,"{""T"":1790831894133,""s"":""NIGHTUSDT"",""S"":""Sell"",""v"":""28300"",""p"":""0.04175""}"
2026-10-01T05:18:14.486696Z,1790831894195,NIGHTUSDT,Sell,26310,0.04180,"{""T"":1790831894195,""s"":""NIGHTUSDT"",""S"":""Sell"",""v"":""26310"",""p"":""0.04180""}"
2026-10-01T05:18:25.956965Z,1790831905646,QNTUSDT,Sell,10.20,299.14,"{""T"":1790831905646,""s"":""QNTUSDT"",""S"":""Sell"",""v"":""10.20"",""p"":""299.14""}"
2026-10-01T05:18:34.455942Z,1790831914230,QNTUSDT,Sell,1.61,300.43,"{""T"":1790831914230,""s"":""QNTUSDT"",""S"":""Sell"",""v"":""1.61"",""p"":""300.43""}"
2026-10-01T05:18:54.328502Z,1790831933895,LONGXIAUSDT,Sell,150,0.0437,"{""T"":1790831933895,""s"":""LONGXIAUSDT"",""S"":""Sell"",""v"":""150"",""p"":""0.0437""}"
2026-10-01T05:20:12.487102Z,1790832012134,XAUUSDT,Sell,0.032,4205.76,"{""T"":1790832012134,""s"":""XAUUSDT"",""S"":""Sell"",""v"":""0.032"",""p"":""4205.76""}"
2026-10-01T05:20:33.135684Z,1790832032608,MOVRUSDT,Sell,38.9,2.6160,"{""T"":1790832032608,""s"":""MOVRUSDT"",""S"":""Sell"",""v"":""38.9"",""p"":""2.6160""}"
2026-10-01T05:20:51.635132Z,1790832051433,MOVRUSDT,Sell,26.1,2.6150,"{""T"":1790832051433,""s"":""MOVRUSDT"",""S"":""Sell"",""v"":""26.1"",""p"":""2.6150""}"
2026-10-01T05:20:59.635062Z,1790832059367,MOVRUSDT,Sell,1181.7,2.6170,"{""T"":1790832059367,""s"":""MOVRUSDT"",""S"":""Sell"",""v"":""1181.7"",""p"":""2.6170""}"
2026-10-01T05:21:02.135259Z,1790832061600,MOVRUSDT,Sell,31.7,2.6190,"{""T"":1790832061600,""s"":""MOVRUSDT"",""S"":""Sell"",""v"":""31.7"",""p"":""2.6190""}"
2026-10-01T05:21:15.456103Z,1790832074899,QNTUSDT,Buy,0.56,292.48,"{""T"":1790832074899,""s"":""QNTUSDT"",""S"":""Buy"",""v"":""0.56"",""p"":""292.48""}"
2026-10-01T05:21:18.635342Z,1790832078481,MOVRUSDT,Sell,250.9,2.6220,"{""T"":1790832078481,""s"":""MOVRUSDT"",""S"":""Sell"",""v"":""250.9"",""p"":""2.6220""}"
2026-10-01T05:21:20.635686Z,1790832080479,MOVRUSDT,Sell,2.4,2.6350,"{""T"":1790832080479,""s"":""MOVRUSDT"",""S"":""Sell"",""v"":""2.4"",""p"":""2.6350""}"
2026-10-01T05:21:23.634909Z,1790832083399,MOVRUSDT,Sell,3.9,2.6990,"{""T"":1790832083399,""s"":""MOVRUSDT"",""S"":""Sell"",""v"":""3.9"",""p"":""2.6990""}"
2026-10-01T05:21:23.634909Z,1790832083424,MOVRUSDT,Sell,135.3,2.6780,"{""T"":1790832083424,""s"":""MOVRUSDT"",""S"":""Sell"",""v"":""135.3"",""p"":""2.6780""}"
2026-10-01T05:21:23.634909Z,1790832083535,MOVRUSDT,Sell,11.1,2.6980,"{""T"":1790832083535,""s"":""MOVRUSDT"",""S"":""Sell"",""v"":""11.1"",""p"":""2.6980""}"
2026-10-01T05:21:23.634909Z,1790832083538,MOVRUSDT,Sell,103.2,2.6890,"{""T"":1790832083538,""s"":""MOVRUSDT"",""S"":""Sell"",""v"":""103.2"",""p"":""2.6890""}"
2026-10-01T05:21:23.956335Z,1790832083535,QNTUSDT,Sell,0.15,298.44,"{""T"":1790832083535,""s"":""QNTUSDT"",""S"":""Sell"",""v"":""0.15"",""p"":""298.44""}"
2026-10-01T05:21:23.986337Z,1790832083535,BTWUSDT,Sell,30,1.44751,"{""T"":1790832083535,""s"":""BTWUSDT"",""S"":""Sell"",""v"":""30"",""p"":""1.44751""}"
2026-10-01T05:21:24.062977Z,1790832083538,SOLUSDT,Buy,1.8,118.700,"{""T"":1790832083538,""s"":""SOLUSDT"",""S"":""Buy"",""v"":""1.8"",""p"":""118.700""}"
2026-10-01T05:21:24.136407Z,1790832083604,MOVRUSDT,Sell,3312.2,2.6610,"{""T"":1790832083604,""s"":""MOVRUSDT"",""S"":""Sell"",""v"":""3312.2"",""p"":""2.6610""}"
2026-10-01T05:21:24.136407Z,1790832083637,MOVRUSDT,Sell,85.9,2.6700,"{""T"":1790832083637,""s"":""MOVRUSDT"",""S"":""Sell"",""v"":""85.9"",""p"":""2.6700""}"
2026-10-01T05:21:24.136407Z,1790832083645,MOVRUSDT,Sell,19.9,2.6910,"{""T"":1790832083645,""s"":""MOVRUSDT"",""S"":""Sell"",""v"":""19.9"",""p"":""2.6910""}"
2026-10-01T05:21:24.136407Z,1790832083655,MOVRUSDT,Sell,304.6,2.6950,"{""T"":1790832083655,""s"":""MOVRUSDT"",""S"":""Sell"",""v"":""304.6"",""p"":""2.6950""}"
2026-10-01T05:21:24.136407Z,1790832083695,MOVRUSDT,Sell,55.9,2.6770,"{""T"":1790832083695,""s"":""MOVRUSDT"",""S"":""Sell"",""v"":""55.9"",""p"":""2.6770""}"
2026-10-01T05:21:24.136407Z,1790832083726,MOVRUSDT,Sell,15.7,2.6660,"{""T"":1790832083726,""s"":""MOVRUSDT"",""S"":""Sell"",""v"":""15.7"",""p"":""2.6660""}"
2026-10-01T05:21:24.136407Z,1790832083755,MOVRUSDT,Sell,131.7,2.7000,"{""T"":1790832083755,""s"":""MOVRUSDT"",""S"":""Sell"",""v"":""131.7"",""p"":""2.7000""}"
2026-10-01T05:21:24.136407Z,1790832083778,MOVRUSDT,Sell,20.0,2.6940,"{""T"":1790832083778,""s"":""MOVRUSDT"",""S"":""Sell"",""v"":""20.0"",""p"":""2.6940""}"
2026-10-01T05:21:24.136407Z,1790832083829,MOVRUSDT,Sell,20.0,2.6490,"{""T"":1790832083829,""s"":""MOVRUSDT"",""S"":""Sell"",""v"":""20.0"",""p"":""2.6490""}"
2026-10-01T05:21:24.136407Z,1790832083835,MOVRUSDT,Sell,45.4,2.6920,"{""T"":1790832083835,""s"":""MOVRUSDT"",""S"":""Sell"",""v"":""45.4"",""p"":""2.6920""}"
2026-10-01T05:21:24.136407Z,1790832083838,MOVRUSDT,Sell,246.4,2.6430,"{""T"":1790832083838,""s"":""MOVRUSDT"",""S"":""Sell"",""v"":""246.4"",""p"":""2.6430""}"
2026-10-01T05:21:24.136407Z,1790832083842,MOVRUSDT,Sell,5.4,2.6850,"{""T"":1790832083842,""s"":""MOVRUSDT"",""S"":""Sell"",""v"":""5.4"",""p"":""2.6850""}"
2026-10-01T05:21:24.136407Z,1790832083862,MOVRUSDT,Sell,0.1,2.6660,"{""T"":1790832083862,""s"":""MOVRUSDT"",""S"":""Sell"",""v"":""0.1"",""p"":""2.6660""}"
2026-10-01T05:21:24.136407Z,1790832083862,MOVRUSDT,Sell,779.2,2.6740,"{""T"":1790832083862,""s"":""MOVRUSDT"",""S"":""Sell"",""v"":""779.2"",""p"":""2.6740""}"
2026-10-01T05:21:24.136407Z,1790832083895,MOVRUSDT,Sell,298.5,2.6550,"{""T"":1790832083895,""s"":""MOVRUSDT"",""S"":""Sell"",""v"":""298.5"",""p"":""2.6550""}"
2026-10-01T05:21:24.136407Z,1790832083897,MOVRUSDT,Sell,4.0,2.6420,"{""T"":1790832083897,""s"":""MOVRUSDT"",""S"":""Sell"",""v"":""4.0"",""p"":""2.6420""}"
2026-10-01T05:21:24.136407Z,1790832083900,MOVRUSDT,Sell,3030.3,2.6770,"{""T"":1790832083900,""s"":""MOVRUSDT"",""S"":""Sell"",""v"":""3030.3"",""p"":""2.6770""}"
2026-10-01T05:21:24.136407Z,1790832083907,MOVRUSDT,Sell,33.3,2.6980,"{""T"":1790832083907,""s"":""MOVRUSDT"",""S"":""Sell"",""v"":""33.3"",""p"":""2.6980""}"
2026-10-01T05:21:24.136407Z,1790832083915,MOVRUSDT,Sell,15.0,2.6990,"{""T"":1790832083915,""s"":""MOVRUSDT"",""S"":""Sell"",""v"":""15.0"",""p"":""2.6990""}"
2026-10-01T05:21:24.136407Z,1790832083926,MOVRUSDT,Sell,254.3,2.6940,"{""T"":1790832083926,""s"":""MOVRUSDT"",""S"":""Sell"",""v"":""254.3"",""p"":""2.6940""}"
2026-10-01T05:21:24.136407Z,1790832083982,MOVRUSDT,Sell,224.8,2.6650,"{""T"":1790832083982,""s"":""MOVRUSDT"",""S"":""Sell"",""v"":""224.8"",""p"":""2.6650""}"
2026-10-01T05:21:24.136407Z,1790832083996,MOVRUSDT,Sell,13.1,2.6700,"{""T"":1790832083996,""s"":""MOVRUSDT"",""S"":""Sell"",""v"":""13.1"",""p"":""2.6700""}"
2026-10-01T05:21:24.136407Z,1790832084006,MOVRUSDT,Sell,300.0,2.6830,"{""T"":1790832084006,""s"":""MOVRUSDT"",""S"":""Sell"",""v"":""300.0"",""p"":""2.6830""}"
2026-10-01T05:21:24.136407Z,1790832084007,MOVRUSDT,Sell,3.2,2.6950,"{""T"":1790832084007,""s"":""MOVRUSDT"",""S"":""Sell"",""v"":""3.2"",""p"":""2.6950""}"
2026-10-01T05:21:24.136407Z,1790832084037,MOVRUSDT,Sell,569.8,2.6690,"{""T"":1790832084037,""s"":""MOVRUSDT"",""S"":""Sell"",""v"":""569.8"",""p"":""2.6690""}"
2026-10-01T05:21:24.136407Z,1790832084037,MOVRUSDT,Sell,1473.1,2.6970,"{""T"":1790832084037,""s"":""MOVRUSDT"",""S"":""Sell"",""v"":""1473.1"",""p"":""2.6970""}"
2026-10-01T05:21:24.347917Z,1790832083982,USELESSUSDT,Sell,493,0.24755,"{""T"":1790832083982,""s"":""USELESSUSDT"",""S"":""Sell"",""v"":""493"",""p"":""0.24755""}"
2026-10-01T05:21:24.455832Z,1790832084210,QNTUSDT,Sell,0.50,298.42,"{""T"":1790832084210,""s"":""QNTUSDT"",""S"":""Sell"",""v"":""0.50"",""p"":""298.42""}"
2026-10-01T05:21:24.635165Z,1790832084148,MOVRUSDT,Sell,112.1,2.6910,"{""T"":1790832084148,""s"":""MOVRUSDT"",""S"":""Sell"",""v"":""112.1"",""p"":""2.6910""}"
2026-10-01T05:21:24.635165Z,1790832084210,MOVRUSDT,Sell,50.0,2.6970,"{""T"":1790832084210,""s"":""MOVRUSDT"",""S"":""Sell"",""v"":""50.0"",""p"":""2.6970""}"
2026-10-01T05:21:24.635165Z,1790832084237,MOVRUSDT,Sell,56.9,2.6730,"{""T"":1790832084237,""s"":""MOVRUSDT"",""S"":""Sell"",""v"":""56.9"",""p"":""2.6730""}"
2026-10-01T05:21:24.635165Z,1790832084265,MOVRUSDT,Sell,89.3,2.6440,"{""T"":1790832084265,""s"":""MOVRUSDT"",""S"":""Sell"",""v"":""89.3"",""p"":""2.6440""}"
2026-10-01T05:21:24.635165Z,1790832084309,MOVRUSDT,Sell,482.4,2.6810,"{""T"":1790832084309,""s"":""MOVRUSDT"",""S"":""Sell"",""v"":""482.4"",""p"":""2.6810""}"
2026-10-01T05:21:35.638525Z,1790832095327,MOVRUSDT,Sell,3.2,2.6980,"{""T"":1790832095327,""s"":""MOVRUSDT"",""S"":""Sell"",""v"":""3.2"",""p"":""2.6980""}"
2026-10-01T05:21:35.638525Z,1790832095378,MOVRUSDT,Sell,308.0,2.6980,"{""T"":1790832095378,""s"":""MOVRUSDT"",""S"":""Sell"",""v"":""308.0"",""p"":""2.6980""}"
2026-10-01T05:21:35.638525Z,1790832095383,MOVRUSDT,Sell,3.0,2.7010,"{""T"":1790832095383,""s"":""MOVRUSDT"",""S"":""Sell"",""v"":""3.0"",""p"":""2.7010""}"
2026-10-01T05:21:35.638525Z,1790832095492,MOVRUSDT,Sell,131.2,2.7040,"{""T"":1790832095492,""s"":""MOVRUSDT"",""S"":""Sell"",""v"":""131.2"",""p"":""2.7040""}"
2026-10-01T05:21:35.638525Z,1790832095537,MOVRUSDT,Sell,16.7,2.7030,"{""T"":1790832095537,""s"":""MOVRUSDT"",""S"":""Sell"",""v"":""16.7"",""p"":""2.7030""}"
2026-10-01T05:21:36.135016Z,1790832095849,MOVRUSDT,Sell,32.7,2.7030,"{""T"":1790832095849,""s"":""MOVRUSDT"",""S"":""Sell"",""v"":""32.7"",""p"":""2.7030""}"
2026-10-01T05:21:36.135016Z,1790832095917,MOVRUSDT,Sell,43.6,2.7040,"{""T"":1790832095917,""s"":""MOVRUSDT"",""S"":""Sell"",""v"":""43.6"",""p"":""2.7040""}"
2026-10-01T05:21:36.634949Z,1790832096231,MOVRUSDT,Sell,167.6,2.7020,"{""T"":1790832096231,""s"":""MOVRUSDT"",""S"":""Sell"",""v"":""167.6"",""p"":""2.7020""}"
2026-10-01T05:21:37.134911Z,1790832096921,MOVRUSDT,Sell,22.7,2.7110,"{""T"":1790832096921,""s"":""MOVRUSDT"",""S"":""Sell"",""v"":""22.7"",""p"":""2.7110""}"
2026-10-01T05:21:38.565965Z,1790832098477,BTCUSDT,Sell,0.059,84556.80,"{""T"":1790832098477,""s"":""BTCUSDT"",""S"":""Sell"",""v"":""0.059"",""p"":""84556.80""}"
2026-10-01T05:21:40.455888Z,1790832100006,ETHUSDT,Sell,1.51,2724.25,"{""T"":1790832100006,""s"":""ETHUSDT"",""S"":""Sell"",""v"":""1.51"",""p"":""2724.25""}"
2026-10-01T05:21:43.986748Z,1790832103615,NIGHTUSDT,Sell,25000,0.04189,"{""T"":1790832103615,""s"":""NIGHTUSDT"",""S"":""Sell"",""v"":""25000"",""p"":""0.04189""}"
2026-10-01T05:21:43.986748Z,1790832103783,NIGHTUSDT,Sell,1070,0.04185,"{""T"":1790832103783,""s"":""NIGHTUSDT"",""S"":""Sell"",""v"":""1070"",""p"":""0.04185""}"
2026-10-01T05:21:44.986333Z,1790832104485,NIGHTUSDT,Sell,1210,0.04188,"{""T"":1790832104485,""s"":""NIGHTUSDT"",""S"":""Sell"",""v"":""1210"",""p"":""0.04188""}"
2026-10-01T05:21:52.986692Z,1790832112854,NIGHTUSDT,Sell,260,0.04197,"{""T"":1790832112854,""s"":""NIGHTUSDT"",""S"":""Sell"",""v"":""260"",""p"":""0.04197""}"
2026-10-01T05:22:02.635234Z,1790832122434,MOVRUSDT,Sell,5.9,2.7180,"{""T"":1790832122434,""s"":""MOVRUSDT"",""S"":""Sell"",""v"":""5.9"",""p"":""2.7180""}"
2026-10-01T05:22:02.635234Z,1790832122476,MOVRUSDT,Sell,3.9,2.7170,"{""T"":1790832122476,""s"":""MOVRUSDT"",""S"":""Sell"",""v"":""3.9"",""p"":""2.7170""}"
2026-10-01T05:22:05.134955Z,1790832124650,MOVRUSDT,Sell,245.0,2.7210,"{""T"":1790832124650,""s"":""MOVRUSDT"",""S"":""Sell"",""v"":""245.0"",""p"":""2.7210""}"
2026-10-01T05:22:05.134955Z,1790832124978,MOVRUSDT,Sell,156.6,2.7190,"{""T"":1790832124978,""s"":""MOVRUSDT"",""S"":""Sell"",""v"":""156.6"",""p"":""2.7190""}"
2026-10-01T05:22:14.486535Z,1790832134364,USUSDT,Sell,950,0.022970,"{""T"":1790832134364,""s"":""USUSDT"",""S"":""Sell"",""v"":""950"",""p"":""0.022970""}"
2026-10-01T05:23:33.486865Z,1790832213291,XAUUSDT,Sell,0.224,4205.91,"{""T"":1790832213291,""s"":""XAUUSDT"",""S"":""Sell"",""v"":""0.224"",""p"":""4205.91""}"
2026-10-01T05:23:33.487342Z,1790832213291,CLUSDT,Buy,21.23,88.590,"{""T"":1790832213291,""s"":""CLUSDT"",""S"":""Buy"",""v"":""21.23"",""p"":""88.590""}"
2026-10-01T05:23:33.487679Z,1790832213291,SOXLUSDT,Sell,1.79,158.97,"{""T"":1790832213291,""s"":""SOXLUSDT"",""S"":""Sell"",""v"":""1.79"",""p"":""158.97""}"
2026-10-01T05:23:35.491888Z,1790832214953,SOONUSDT,Buy,3414,0.44080,"{""T"":1790832214953,""s"":""SOONUSDT"",""S"":""Buy"",""v"":""3414"",""p"":""0.44080""}"
2026-10-01T05:23:56.490645Z,1790832236045,NIGHTUSDT,Sell,2000,0.04203,"{""T"":1790832236045,""s"":""NIGHTUSDT"",""S"":""Sell"",""v"":""2000"",""p"":""0.04203""}"
2026-10-01T05:23:56.986421Z,1790832236544,NIGHTUSDT,Sell,1520,0.04230,"{""T"":1790832236544,""s"":""NIGHTUSDT"",""S"":""Sell"",""v"":""1520"",""p"":""0.04230""}"
2026-10-01T05:23:57.486548Z,1790832236973,NIGHTUSDT,Sell,147740,0.04224,"{""T"":1790832236973,""s"":""NIGHTUSDT"",""S"":""Sell"",""v"":""147740"",""p"":""0.04224""}"
2026-10-01T05:23:57.486548Z,1790832236999,NIGHTUSDT,Sell,5190,0.04227,"{""T"":1790832236999,""s"":""NIGHTUSDT"",""S"":""Sell"",""v"":""5190"",""p"":""0.04227""}"
2026-10-01T05:23:57.486548Z,1790832237115,NIGHTUSDT,Sell,8830,0.04267,"{""T"":1790832237115,""s"":""NIGHTUSDT"",""S"":""Sell"",""v"":""8830"",""p"":""0.04267""}"
2026-10-01T05:23:57.486548Z,1790832237125,NIGHTUSDT,Sell,13300,0.04239,"{""T"":1790832237125,""s"":""NIGHTUSDT"",""S"":""Sell"",""v"":""13300"",""p"":""0.04239""}"
2026-10-01T05:23:57.486548Z,1790832237261,NIGHTUSDT,Sell,11240,0.04216,"{""T"":1790832237261,""s"":""NIGHTUSDT"",""S"":""Sell"",""v"":""11240"",""p"":""0.04216""}"
2026-10-01T05:23:57.486548Z,1790832237316,NIGHTUSDT,Sell,9960,0.04275,"{""T"":1790832237316,""s"":""NIGHTUSDT"",""S"":""Sell"",""v"":""9960"",""p"":""0.04275""}"
2026-10-01T05:23:57.486548Z,1790832237356,NIGHTUSDT,Sell,4600,0.04258,"{""T"":1790832237356,""s"":""NIGHTUSDT"",""S"":""Sell"",""v"":""4600"",""p"":""0.04258""}"
2026-10-01T05:23:57.635529Z,1790832237316,MOVRUSDT,Sell,96.8,2.6460,"{""T"":1790832237316,""s"":""MOVRUSDT"",""S"":""Sell"",""v"":""96.8"",""p"":""2.6460""}"
2026-10-01T05:23:57.986958Z,1790832237417,NIGHTUSDT,Sell,3650,0.04274,"{""T"":1790832237417,""s"":""NIGHTUSDT"",""S"":""Sell"",""v"":""3650"",""p"":""0.04274""}"
2026-10-01T05:24:02.987587Z,1790832242598,NIGHTUSDT,Sell,1960,0.04299,"{""T"":1790832242598,""s"":""NIGHTUSDT"",""S"":""Sell"",""v"":""1960"",""p"":""0.04299""}"
2026-10-01T05:24:03.486592Z,1790832243064,NIGHTUSDT,Sell,2010,0.04301,"{""T"":1790832243064,""s"":""NIGHTUSDT"",""S"":""Sell"",""v"":""2010"",""p"":""0.04301""}"
2026-10-01T05:24:03.486592Z,1790832243072,NIGHTUSDT,Sell,350,0.04301,"{""T"":1790832243072,""s"":""NIGHTUSDT"",""S"":""Sell"",""v"":""350"",""p"":""0.04301""}"
2026-10-01T05:24:03.486592Z,1790832243104,NIGHTUSDT,Sell,28450,0.04301,"{""T"":1790832243104,""s"":""NIGHTUSDT"",""S"":""Sell"",""v"":""28450"",""p"":""0.04301""}"
2026-10-01T05:24:04.987240Z,1790832244517,NIGHTUSDT,Sell,180,0.04304,"{""T"":1790832244517,""s"":""NIGHTUSDT"",""S"":""Sell"",""v"":""180"",""p"":""0.04304""}"
2026-10-01T05:24:05.986782Z,1790832245459,NIGHTUSDT,Sell,1230,0.04309,"{""T"":1790832245459,""s"":""NIGHTUSDT"",""S"":""Sell"",""v"":""1230"",""p"":""0.04309""}"
2026-10-01T05:24:05.986782Z,1790832245829,NIGHTUSDT,Sell,150,0.04308,"{""T"":1790832245829,""s"":""NIGHTUSDT"",""S"":""Sell"",""v"":""150"",""p"":""0.04308""}"
2026-10-01T05:24:06.986850Z,1790832246475,NIGHTUSDT,Sell,14650,0.04330,"{""T"":1790832246475,""s"":""NIGHTUSDT"",""S"":""Sell"",""v"":""14650"",""p"":""0.04330""}"
2026-10-01T05:24:06.986850Z,1790832246633,NIGHTUSDT,Sell,10230,0.04320,"{""T"":1790832246633,""s"":""NIGHTUSDT"",""S"":""Sell"",""v"":""10230"",""p"":""0.04320""}"
2026-10-01T05:24:07.486399Z,1790832247174,NIGHTUSDT,Sell,580,0.04337,"{""T"":1790832247174,""s"":""NIGHTUSDT"",""S"":""Sell"",""v"":""580"",""p"":""0.04337""}"
2026-10-01T05:24:07.987387Z,1790832247481,NIGHTUSDT,Sell,135020,0.04337,"{""T"":1790832247481,""s"":""NIGHTUSDT"",""S"":""Sell"",""v"":""135020"",""p"":""0.04337""}"
2026-10-01T05:24:09.487034Z,1790832249051,NIGHTUSDT,Sell,9520,0.04341,"{""T"":1790832249051,""s"":""NIGHTUSDT"",""S"":""Sell"",""v"":""9520"",""p"":""0.04341""}"
2026-10-01T05:24:15.987480Z,1790832255536,NIGHTUSDT,Sell,500,0.04354,"{""T"":1790832255536,""s"":""NIGHTUSDT"",""S"":""Sell"",""v"":""500"",""p"":""0.04354""}"
2026-10-01T05:24:15.987480Z,1790832255827,NIGHTUSDT,Sell,16430,0.04366,"{""T"":1790832255827,""s"":""NIGHTUSDT"",""S"":""Sell"",""v"":""16430"",""p"":""0.04366""}"
2026-10-01T05:24:16.486599Z,1790832256079,NIGHTUSDT,Sell,8800,0.04362,"{""T"":1790832256079,""s"":""NIGHTUSDT"",""S"":""Sell"",""v"":""8800"",""p"":""0.04362""}"
2026-10-01T05:24:16.486599Z,1790832256214,NIGHTUSDT,Sell,120,0.04356,"{""T"":1790832256214,""s"":""NIGHTUSDT"",""S"":""Sell"",""v"":""120"",""p"":""0.04356""}"
2026-10-01T05:24:29.989616Z,1790832269600,USUSDT,Sell,2250,0.024020,"{""T"":1790832269600,""s"":""USUSDT"",""S"":""Sell"",""v"":""2250"",""p"":""0.024020""}"
2026-10-01T05:25:08.486734Z,1790832308240,USUSDT,Sell,310,0.024120,"{""T"":1790832308240,""s"":""USUSDT"",""S"":""Sell"",""v"":""310"",""p"":""0.024120""}"
2026-10-01T05:25:11.486835Z,1790832311255,USUSDT,Sell,5430,0.024270,"{""T"":1790832311255,""s"":""USUSDT"",""S"":""Sell"",""v"":""5430"",""p"":""0.024270""}"
2026-10-01T05:25:13.324864Z,1790832313086,MONUSDT,Sell,6440,0.033420,"{""T"":1790832313086,""s"":""MONUSDT"",""S"":""Sell"",""v"":""6440"",""p"":""0.033420""}"
2026-10-01T05:25:26.990073Z,1790832326435,USUSDT,Buy,770,0.022230,"{""T"":1790832326435,""s"":""USUSDT"",""S"":""Buy"",""v"":""770"",""p"":""0.022230""}"
2026-10-01T05:25:44.987059Z,1790832344873,USUSDT,Buy,10000,0.021530,"{""T"":1790832344873,""s"":""USUSDT"",""S"":""Buy"",""v"":""10000"",""p"":""0.021530""}"
2026-10-01T05:25:44.987559Z,1790832344873,NIGHTUSDT,Sell,6000,0.04356,"{""T"":1790832344873,""s"":""NIGHTUSDT"",""S"":""Sell"",""v"":""6000"",""p"":""0.04356""}"
2026-10-01T05:26:11.639026Z,1790832371109,MOVRUSDT,Buy,659.3,2.4760,"{""T"":1790832371109,""s"":""MOVRUSDT"",""S"":""Buy"",""v"":""659.3"",""p"":""2.4760""}"
2026-10-01T05:27:14.486737Z,1790832434316,SOXLUSDT,Sell,2.00,159.15,"{""T"":1790832434316,""s"":""SOXLUSDT"",""S"":""Sell"",""v"":""2.00"",""p"":""159.15""}"
2026-10-01T05:27:14.487188Z,1790832434316,SNDKUSDT,Sell,0.20,1790.61,"{""T"":1790832434316,""s"":""SNDKUSDT"",""S"":""Sell"",""v"":""0.20"",""p"":""1790.61""}"
2026-10-01T05:27:14.859782Z,1790832434316,SOXSUSDT,Buy,20.00,30.50,"{""T"":1790832434316,""s"":""SOXSUSDT"",""S"":""Buy"",""v"":""20.00"",""p"":""30.50""}"
2026-10-01T05:27:25.987101Z,1790832445876,USUSDT,Buy,1420,0.020650,"{""T"":1790832445876,""s"":""USUSDT"",""S"":""Buy"",""v"":""1420"",""p"":""0.020650""}"
2026-10-01T05:27:29.487121Z,1790832449167,USUSDT,Buy,780,0.020580,"{""T"":1790832449167,""s"":""USUSDT"",""S"":""Buy"",""v"":""780"",""p"":""0.020580""}"
2026-10-01T05:28:42.825478Z,1790832522674,ETHFIUSDT,Sell,193.1,0.7918,"{""T"":1790832522674,""s"":""ETHFIUSDT"",""S"":""Sell"",""v"":""193.1"",""p"":""0.7918""}"
2026-10-01T05:28:42.848947Z,1790832522674,USELESSUSDT,Sell,633,0.25203,"{""T"":1790832522674,""s"":""USELESSUSDT"",""S"":""Sell"",""v"":""633"",""p"":""0.25203""}"
2026-10-01T05:28:42.986679Z,1790832522674,NIGHTUSDT,Sell,4000,0.04337,"{""T"":1790832522674,""s"":""NIGHTUSDT"",""S"":""Sell"",""v"":""4000"",""p"":""0.04337""}"
2026-10-01T05:28:42.987047Z,1790832522674,USUSDT,Buy,5550,0.020700,"{""T"":1790832522674,""s"":""USUSDT"",""S"":""Buy"",""v"":""5550"",""p"":""0.020700""}"
2026-10-01T05:28:42.987245Z,1790832522674,PHAUSDT,Buy,2635,0.07241,"{""T"":1790832522674,""s"":""PHAUSDT"",""S"":""Buy"",""v"":""2635"",""p"":""0.07241""}"
2026-10-01T05:28:43.135605Z,1790832522674,ARKUSDT,Sell,670,0.26273,"{""T"":1790832522674,""s"":""ARKUSDT"",""S"":""Sell"",""v"":""670"",""p"":""0.26273""}"
2026-10-01T05:28:43.136095Z,1790832522674,STRKUSDT,Sell,3409.0,0.04442,"{""T"":1790832522674,""s"":""STRKUSDT"",""S"":""Sell"",""v"":""3409.0"",""p"":""0.04442""}"
2026-10-01T05:29:03.987002Z,1790832543714,USUSDT,Buy,210,0.020370,"{""T"":1790832543714,""s"":""USUSDT"",""S"":""Buy"",""v"":""210"",""p"":""0.020370""}"
2026-10-01T05:29:05.359017Z,1790832544891,SNXXUSDT,Sell,4.29,17.78,"{""T"":1790832544891,""s"":""SNXXUSDT"",""S"":""Sell"",""v"":""4.29"",""p"":""17.78""}"
2026-10-01T05:29:11.486613Z,1790832551004,USUSDT,Buy,3150,0.020290,"{""T"":1790832551004,""s"":""USUSDT"",""S"":""Buy"",""v"":""3150"",""p"":""0.020290""}"
2026-10-01T05:30:09.956086Z,1790832609696,QNTUSDT,Buy,2.05,291.42,"{""T"":1790832609696,""s"":""QNTUSDT"",""S"":""Buy"",""v"":""2.05"",""p"":""291.42""}"
2026-10-01T05:30:19.635120Z,1790832619254,MOVRUSDT,Buy,8.1,2.4520,"{""T"":1790832619254,""s"":""MOVRUSDT"",""S"":""Buy"",""v"":""8.1"",""p"":""2.4520""}"
2026-10-01T05:30:36.987066Z,1790832636691,NIGHTUSDT,Buy,81350,0.04192,"{""T"":1790832636691,""s"":""NIGHTUSDT"",""S"":""Buy"",""v"":""81350"",""p"":""0.04192""}"
2026-10-01T05:30:39.634931Z,1790832639198,ARKUSDT,Sell,61,0.26419,"{""T"":1790832639198,""s"":""ARKUSDT"",""S"":""Sell"",""v"":""61"",""p"":""0.26419""}"
2026-10-01T05:30:56.635283Z,1790832656236,MOVRUSDT,Buy,7.9,2.4360,"{""T"":1790832656236,""s"":""MOVRUSDT"",""S"":""Buy"",""v"":""7.9"",""p"":""2.4360""}"
2026-10-01T05:31:00.986708Z,1790832660840,USUSDT,Buy,3360,0.020220,"{""T"":1790832660840,""s"":""USUSDT"",""S"":""Buy"",""v"":""3360"",""p"":""0.020220""}"
2026-10-01T05:31:04.986338Z,1790832664858,NIGHTUSDT,Sell,2730,0.04374,"{""T"":1790832664858,""s"":""NIGHTUSDT"",""S"":""Sell"",""v"":""2730"",""p"":""0.04374""}"
2026-10-01T05:31:05.486515Z,1790832665217,NIGHTUSDT,Sell,37140,0.04384,"{""T"":1790832665217,""s"":""NIGHTUSDT"",""S"":""Sell"",""v"":""37140"",""p"":""0.04384""}"
2026-10-01T05:31:08.997189Z,1790832668893,STXUSDT,Sell,2489.4,0.39960,"{""T"":1790832668893,""s"":""STXUSDT"",""S"":""Sell"",""v"":""2489.4"",""p"":""0.39960""}"
2026-10-01T05:31:10.486462Z,1790832669909,NIGHTUSDT,Buy,1030,0.04219,"{""T"":1790832669909,""s"":""NIGHTUSDT"",""S"":""Buy"",""v"":""1030"",""p"":""0.04219""}"
2026-10-01T05:31:19.986478Z,1790832679754,USUSDT,Buy,4010,0.020010,"{""T"":1790832679754,""s"":""USUSDT"",""S"":""Buy"",""v"":""4010"",""p"":""0.020010""}"
2026-10-01T05:31:29.486790Z,1790832688994,USUSDT,Buy,90280,0.019940,"{""T"":1790832688994,""s"":""USUSDT"",""S"":""Buy"",""v"":""90280"",""p"":""0.019940""}"
2026-10-01T05:31:29.486790Z,1790832689038,USUSDT,Buy,20850,0.019930,"{""T"":1790832689038,""s"":""USUSDT"",""S"":""Buy"",""v"":""20850"",""p"":""0.019930""}"
2026-10-01T05:31:29.487483Z,1790832689038,XAUUSDT,Buy,0.048,4176.38,"{""T"":1790832689038,""s"":""XAUUSDT"",""S"":""Buy"",""v"":""0.048"",""p"":""4176.38""}"
2026-10-01T05:31:29.565158Z,1790832689038,BTCUSDT,Buy,0.001,83979.70,"{""T"":1790832689038,""s"":""BTCUSDT"",""S"":""Buy"",""v"":""0.001"",""p"":""83979.70""}"
2026-10-01T05:31:29.986523Z,1790832689417,USUSDT,Buy,410,0.019970,"{""T"":1790832689417,""s"":""USUSDT"",""S"":""Buy"",""v"":""410"",""p"":""0.019970""}"
2026-10-01T05:31:48.987053Z,1790832708606,USUSDT,Buy,220,0.019600,"{""T"":1790832708606,""s"":""USUSDT"",""S"":""Buy"",""v"":""220"",""p"":""0.019600""}"
2026-10-01T05:31:48.987053Z,1790832708898,USUSDT,Buy,40150,0.019620,"{""T"":1790832708898,""s"":""USUSDT"",""S"":""Buy"",""v"":""40150"",""p"":""0.019620""}"
2026-10-01T05:31:49.135333Z,1790832708606,MOVRUSDT,Sell,1.0,2.5570,"{""T"":1790832708606,""s"":""MOVRUSDT"",""S"":""Sell"",""v"":""1.0"",""p"":""2.5570""}"
2026-10-01T05:31:55.486739Z,1790832715018,USUSDT,Buy,4320,0.019560,"{""T"":1790832715018,""s"":""USUSDT"",""S"":""Buy"",""v"":""4320"",""p"":""0.019560""}"
2026-10-01T05:31:55.486739Z,1790832715306,USUSDT,Buy,2090,0.019570,"{""T"":1790832715306,""s"":""USUSDT"",""S"":""Buy"",""v"":""2090"",""p"":""0.019570""}"
2026-10-01T05:31:55.986856Z,1790832715710,USUSDT,Buy,730,0.019480,"{""T"":1790832715710,""s"":""USUSDT"",""S"":""Buy"",""v"":""730"",""p"":""0.019480""}"
2026-10-01T05:31:56.486418Z,1790832716027,USUSDT,Buy,410,0.019390,"{""T"":1790832716027,""s"":""USUSDT"",""S"":""Buy"",""v"":""410"",""p"":""0.019390""}"
2026-10-01T05:32:03.987012Z,1790832723799,USUSDT,Buy,19410,0.019180,"{""T"":1790832723799,""s"":""USUSDT"",""S"":""Buy"",""v"":""19410"",""p"":""0.019180""}"
2026-10-01T05:32:04.486626Z,1790832724204,USUSDT,Buy,230,0.019170,"{""T"":1790832724204,""s"":""USUSDT"",""S"":""Buy"",""v"":""230"",""p"":""0.019170""}"
2026-10-01T05:32:04.486626Z,1790832724295,USUSDT,Buy,810,0.019090,"{""T"":1790832724295,""s"":""USUSDT"",""S"":""Buy"",""v"":""810"",""p"":""0.019090""}"
2026-10-01T05:32:06.496068Z,1790832725949,STXUSDT,Sell,669.3,0.40200,"{""T"":1790832725949,""s"":""STXUSDT"",""S"":""Sell"",""v"":""669.3"",""p"":""0.40200""}"
2026-10-01T05:33:11.486657Z,1790832790941,USUSDT,Buy,5240,0.019050,"{""T"":1790832790941,""s"":""USUSDT"",""S"":""Buy"",""v"":""5240"",""p"":""0.019050""}"
2026-10-01T05:33:11.986543Z,1790832791413,USUSDT,Buy,3450,0.018960,"{""T"":1790832791413,""s"":""USUSDT"",""S"":""Buy"",""v"":""3450"",""p"":""0.018960""}"
2026-10-01T05:33:15.986397Z,1790832795683,USUSDT,Buy,950,0.018790,"{""T"":1790832795683,""s"":""USUSDT"",""S"":""Buy"",""v"":""950"",""p"":""0.018790""}"
2026-10-01T05:33:30.986661Z,1790832810529,USUSDT,Buy,2060,0.018740,"{""T"":1790832810529,""s"":""USUSDT"",""S"":""Buy"",""v"":""2060"",""p"":""0.018740""}"
2026-10-01T05:34:08.486672Z,1790832847945,USUSDT,Buy,16330,0.018520,"{""T"":1790832847945,""s"":""USUSDT"",""S"":""Buy"",""v"":""16330"",""p"":""0.018520""}"
2026-10-01T05:34:09.486788Z,1790832849025,USUSDT,Buy,6570,0.018450,"{""T"":1790832849025,""s"":""USUSDT"",""S"":""Buy"",""v"":""6570"",""p"":""0.018450""}"
2026-10-01T05:34:13.486640Z,1790832853038,NIGHTUSDT,Sell,13420,0.04314,"{""T"":1790832853038,""s"":""NIGHTUSDT"",""S"":""Sell"",""v"":""13420"",""p"":""0.04314""}"
2026-10-01T05:34:22.456341Z,1790832862312,QNTUSDT,Buy,0.04,288.94,"{""T"":1790832862312,""s"":""QNTUSDT"",""S"":""Buy"",""v"":""0.04"",""p"":""288.94""}"
2026-10-01T05:34:22.859521Z,1790832862312,MUUSDT,Buy,0.01,1070.19,"{""T"":1790832862312,""s"":""MUUSDT"",""S"":""Buy"",""v"":""0.01"",""p"":""1070.19""}"
2026-10-01T05:34:23.062128Z,1790832862513,SOLUSDT,Sell,0.5,119.990,"{""T"":1790832862513,""s"":""SOLUSDT"",""S"":""Sell"",""v"":""0.5"",""p"":""119.990""}"
2026-10-01T05:34:25.986423Z,1790832865637,USUSDT,Buy,7500,0.018310,"{""T"":1790832865637,""s"":""USUSDT"",""S"":""Buy"",""v"":""7500"",""p"":""0.018310""}"
2026-10-01T05:34:26.486674Z,1790832866087,XAUUSDT,Sell,0.240,4211.49,"{""T"":1790832866087,""s"":""XAUUSDT"",""S"":""Sell"",""v"":""0.240"",""p"":""4211.49""}"
2026-10-01T05:34:43.986539Z,1790832883723,USUSDT,Buy,179090,0.018110,"{""T"":1790832883723,""s"":""USUSDT"",""S"":""Buy"",""v"":""179090"",""p"":""0.018110""}"
2026-10-01T05:34:50.986713Z,1790832890447,USUSDT,Buy,7420,0.018040,"{""T"":1790832890447,""s"":""USUSDT"",""S"":""Buy"",""v"":""7420"",""p"":""0.018040""}"
2026-10-01T05:34:52.986602Z,1790832892517,USUSDT,Buy,270,0.017960,"{""T"":1790832892517,""s"":""USUSDT"",""S"":""Buy"",""v"":""270"",""p"":""0.017960""}"
2026-10-01T05:34:59.996137Z,1790832899666,STXUSDT,Sell,44.7,0.40300,"{""T"":1790832899666,""s"":""STXUSDT"",""S"":""Sell"",""v"":""44.7"",""p"":""0.40300""}"
2026-10-01T05:34:59.996137Z,1790832899779,STXUSDT,Sell,15.0,0.40310,"{""T"":1790832899779,""s"":""STXUSDT"",""S"":""Sell"",""v"":""15.0"",""p"":""0.40310""}"
2026-10-01T05:35:01.516389Z,1790832901338,NEARUSDT,Sell,70.4,5.5100,"{""T"":1790832901338,""s"":""NEARUSDT"",""S"":""Sell"",""v"":""70.4"",""p"":""5.5100""}"
2026-10-01T05:35:01.516389Z,1790832901359,NEARUSDT,Sell,375.4,5.5110,"{""T"":1790832901359,""s"":""NEARUSDT"",""S"":""Sell"",""v"":""375.4"",""p"":""5.5110""}"
2026-10-01T05:35:30.487578Z,1790832930394,NIGHTUSDT,Buy,6600,0.04139,"{""T"":1790832930394,""s"":""NIGHTUSDT"",""S"":""Buy"",""v"":""6600"",""p"":""0.04139""}"
2026-10-01T05:35:30.987049Z,1790832930428,NIGHTUSDT,Buy,3580,0.04140,"{""T"":1790832930428,""s"":""NIGHTUSDT"",""S"":""Buy"",""v"":""3580"",""p"":""0.04140""}"
2026-10-01T05:36:06.955859Z,1790832966794,ETHUSDT,Sell,0.02,2724.90,"{""T"":1790832966794,""s"":""ETHUSDT"",""S"":""Sell"",""v"":""0.02"",""p"":""2724.90""}"
2026-10-01T05:36:07.986548Z,1790832967714,USUSDT,Sell,65120,0.019460,"{""T"":1790832967714,""s"":""USUSDT"",""S"":""Sell"",""v"":""65120"",""p"":""0.019460""}"
2026-10-01T05:36:10.955585Z,1790832970745,ETHUSDT,Sell,0.20,2724.97,"{""T"":1790832970745,""s"":""ETHUSDT"",""S"":""Sell"",""v"":""0.20"",""p"":""2724.97""}"
2026-10-01T05:36:42.986605Z,1790833002727,USUSDT,Sell,2130,0.019980,"{""T"":1790833002727,""s"":""USUSDT"",""S"":""Sell"",""v"":""2130"",""p"":""0.019980""}"
2026-10-01T05:37:26.516052Z,1790833046404,NEARUSDT,Sell,71.9,5.5150,"{""T"":1790833046404,""s"":""NEARUSDT"",""S"":""Sell"",""v"":""71.9"",""p"":""5.5150""}"
2026-10-01T05:37:30.515714Z,1790833050303,NEARUSDT,Sell,1840.0,5.5150,"{""T"":1790833050303,""s"":""NEARUSDT"",""S"":""Sell"",""v"":""1840.0"",""p"":""5.5150""}"
2026-10-01T05:37:33.015716Z,1790833052702,NEARUSDT,Sell,2.1,5.5190,"{""T"":1790833052702,""s"":""NEARUSDT"",""S"":""Sell"",""v"":""2.1"",""p"":""5.5190""}"
2026-10-01T05:37:46.519854Z,1790833066383,NEARUSDT,Sell,140.1,5.5240,"{""T"":1790833066383,""s"":""NEARUSDT"",""S"":""Sell"",""v"":""140.1"",""p"":""5.5240""}"
2026-10-01T05:37:47.015879Z,1790833066843,NEARUSDT,Sell,625.1,5.5220,"{""T"":1790833066843,""s"":""NEARUSDT"",""S"":""Sell"",""v"":""625.1"",""p"":""5.5220""}"
2026-10-01T05:37:47.515881Z,1790833067006,NEARUSDT,Sell,9.6,5.5230,"{""T"":1790833067006,""s"":""NEARUSDT"",""S"":""Sell"",""v"":""9.6"",""p"":""5.5230""}"
2026-10-01T05:37:56.134882Z,1790833076045,MOVRUSDT,Sell,80.2,2.6400,"{""T"":1790833076045,""s"":""MOVRUSDT"",""S"":""Sell"",""v"":""80.2"",""p"":""2.6400""}"
2026-10-01T05:38:01.986736Z,1790833081554,SOXLUSDT,Buy,0.14,157.22,"{""T"":1790833081554,""s"":""SOXLUSDT"",""S"":""Buy"",""v"":""0.14"",""p"":""157.22""}"
2026-10-01T05:38:05.986543Z,1790833085710,USUSDT,Buy,10,0.018430,"{""T"":1790833085710,""s"":""USUSDT"",""S"":""Buy"",""v"":""10"",""p"":""0.018430""}"
2026-10-01T05:38:21.635321Z,1790833101531,MOVRUSDT,Sell,10.9,2.6530,"{""T"":1790833101531,""s"":""MOVRUSDT"",""S"":""Sell"",""v"":""10.9"",""p"":""2.6530""}"
2026-10-01T05:38:29.635161Z,1790833109390,MOVRUSDT,Sell,21.6,2.6780,"{""T"":1790833109390,""s"":""MOVRUSDT"",""S"":""Sell"",""v"":""21.6"",""p"":""2.6780""}"
2026-10-01T05:38:42.138925Z,1790833121837,MOVRUSDT,Sell,11.5,2.6900,"{""T"":1790833121837,""s"":""MOVRUSDT"",""S"":""Sell"",""v"":""11.5"",""p"":""2.6900""}"
2026-10-01T05:38:42.634718Z,1790833122465,MOVRUSDT,Sell,513.4,2.6970,"{""T"":1790833122465,""s"":""MOVRUSDT"",""S"":""Sell"",""v"":""513.4"",""p"":""2.6970""}"
2026-10-01T05:38:42.634718Z,1790833122548,MOVRUSDT,Sell,196.4,2.6920,"{""T"":1790833122548,""s"":""MOVRUSDT"",""S"":""Sell"",""v"":""196.4"",""p"":""2.6920""}"
2026-10-01T05:38:43.135238Z,1790833122555,MOVRUSDT,Sell,70.9,2.6960,"{""T"":1790833122555,""s"":""MOVRUSDT"",""S"":""Sell"",""v"":""70.9"",""p"":""2.6960""}"
2026-10-01T05:38:43.135238Z,1790833122741,MOVRUSDT,Sell,3.5,2.6950,"{""T"":1790833122741,""s"":""MOVRUSDT"",""S"":""Sell"",""v"":""3.5"",""p"":""2.6950""}"
2026-10-01T05:38:45.956428Z,1790833125578,ETHUSDT,Sell,0.10,2725.32,"{""T"":1790833125578,""s"":""ETHUSDT"",""S"":""Sell"",""v"":""0.10"",""p"":""2725.32""}"
2026-10-01T05:39:03.956509Z,1790833143562,ETHUSDT,Sell,110.47,2725.75,"{""T"":1790833143562,""s"":""ETHUSDT"",""S"":""Sell"",""v"":""110.47"",""p"":""2725.75""}"
2026-10-01T05:39:04.455540Z,1790833143952,ETHUSDT,Sell,1.54,2725.81,"{""T"":1790833143952,""s"":""ETHUSDT"",""S"":""Sell"",""v"":""1.54"",""p"":""2725.81""}"
2026-10-01T05:39:11.955818Z,1790833151496,ETHUSDT,Sell,0.15,2726.73,"{""T"":1790833151496,""s"":""ETHUSDT"",""S"":""Sell"",""v"":""0.15"",""p"":""2726.73""}"
2026-10-01T05:39:24.955842Z,1790833164737,ETHUSDT,Sell,0.15,2727.15,"{""T"":1790833164737,""s"":""ETHUSDT"",""S"":""Sell"",""v"":""0.15"",""p"":""2727.15""}"
2026-10-01T05:40:09.956005Z,1790833209481,QNTUSDT,Buy,1.17,289.70,"{""T"":1790833209481,""s"":""QNTUSDT"",""S"":""Buy"",""v"":""1.17"",""p"":""289.70""}"
2026-10-01T05:40:17.986647Z,1790833217853,BTWUSDT,Sell,2710,1.45933,"{""T"":1790833217853,""s"":""BTWUSDT"",""S"":""Sell"",""v"":""2710"",""p"":""1.45933""}"
2026-10-01T05:41:56.986676Z,1790833316863,USUSDT,Sell,4060,0.019770,"{""T"":1790833316863,""s"":""USUSDT"",""S"":""Sell"",""v"":""4060"",""p"":""0.019770""}"
2026-10-01T05:42:12.634994Z,1790833332401,MOVRUSDT,Sell,228.2,2.7120,"{""T"":1790833332401,""s"":""MOVRUSDT"",""S"":""Sell"",""v"":""228.2"",""p"":""2.7120""}"
2026-10-01T05:42:13.135027Z,1790833332612,MOVRUSDT,Sell,68.3,2.7140,"{""T"":1790833332612,""s"":""MOVRUSDT"",""S"":""Sell"",""v"":""68.3"",""p"":""2.7140""}"
2026-10-01T05:42:13.135027Z,1790833333015,MOVRUSDT,Sell,102.9,2.7120,"{""T"":1790833333015,""s"":""MOVRUSDT"",""S"":""Sell"",""v"":""102.9"",""p"":""2.7120""}"
2026-10-01T05:42:13.408226Z,1790833333015,CRVUSDT,Buy,242.0,0.3906,"{""T"":1790833333015,""s"":""CRVUSDT"",""S"":""Buy"",""v"":""242.0"",""p"":""0.3906""}"
2026-10-01T05:42:13.455609Z,1790833333015,QNTUSDT,Buy,0.92,289.10,"{""T"":1790833333015,""s"":""QNTUSDT"",""S"":""Buy"",""v"":""0.92"",""p"":""289.10""}"
2026-10-01T05:42:13.492282Z,1790833333015,SOONUSDT,Buy,394,0.44010,"{""T"":1790833333015,""s"":""SOONUSDT"",""S"":""Buy"",""v"":""394"",""p"":""0.44010""}"
2026-10-01T05:42:49.986424Z,1790833369443,USUSDT,Sell,8210,0.020070,"{""T"":1790833369443,""s"":""USUSDT"",""S"":""Sell"",""v"":""8210"",""p"":""0.020070""}"
2026-10-01T05:43:03.486888Z,1790833383143,USUSDT,Sell,320,0.020460,"{""T"":1790833383143,""s"":""USUSDT"",""S"":""Sell"",""v"":""320"",""p"":""0.020460""}"
2026-10-01T05:43:04.486459Z,1790833384287,USUSDT,Sell,3980,0.020530,"{""T"":1790833384287,""s"":""USUSDT"",""S"":""Sell"",""v"":""3980"",""p"":""0.020530""}"
2026-10-01T05:43:28.635222Z,1790833408472,MOVRUSDT,Sell,37.1,2.7170,"{""T"":1790833408472,""s"":""MOVRUSDT"",""S"":""Sell"",""v"":""37.1"",""p"":""2.7170""}"
2026-10-01T05:46:10.490042Z,1790833570286,USUSDT,Sell,540,0.020690,"{""T"":1790833570286,""s"":""USUSDT"",""S"":""Sell"",""v"":""540"",""p"":""0.020690""}"
2026-10-01T05:47:22.456069Z,1790833642258,QNTUSDT,Buy,0.43,286.83,"{""T"":1790833642258,""s"":""QNTUSDT"",""S"":""Buy"",""v"":""0.43"",""p"":""286.83""}"
2026-10-01T05:47:48.995525Z,1790833668499,1000BONKUSDT,Buy,3800,0.0037810,"{""T"":1790833668499,""s"":""1000BONKUSDT"",""S"":""Buy"",""v"":""3800"",""p"":""0.0037810""}"
