recv_ts_utc,exch_ts_ms,symbol,side,size,price,raw_json
2026-10-03T00:00:00.849772Z,1790985600292,2ZUSDT,Sell,82664,0.04654,"{""T"":1790985600292,""s"":""2ZUSDT"",""S"":""Sell"",""v"":""82664"",""p"":""0.04654""}"
2026-10-03T00:00:05.849565Z,1790985605481,SANDUSDT,Buy,2121,0.06788,"{""T"":1790985605481,""s"":""SANDUSDT"",""S"":""Buy"",""v"":""2121"",""p"":""0.06788""}"
2026-10-03T00:00:27.353285Z,1790985627162,SANDUSDT,Sell,145,0.06983,"{""T"":1790985627162,""s"":""SANDUSDT"",""S"":""Sell"",""v"":""145"",""p"":""0.06983""}"
2026-10-03T00:00:28.349630Z,1790985628045,SANDUSDT,Sell,1715,0.06986,"{""T"":1790985628045,""s"":""SANDUSDT"",""S"":""Sell"",""v"":""1715"",""p"":""0.06986""}"
2026-10-03T00:00:30.814195Z,1790985630452,PUMPFUNUSDT,Buy,4400,0.0053150,"{""T"":1790985630452,""s"":""PUMPFUNUSDT"",""S"":""Buy"",""v"":""4400"",""p"":""0.0053150""}"
2026-10-03T00:01:02.957464Z,1790985662394,QNTUSDT,Buy,0.42,243.12,"{""T"":1790985662394,""s"":""QNTUSDT"",""S"":""Buy"",""v"":""0.42"",""p"":""243.12""}"
2026-10-03T00:01:51.850977Z,1790985711500,MANAUSDT,Buy,4922.2,0.09896,"{""T"":1790985711500,""s"":""MANAUSDT"",""S"":""Buy"",""v"":""4922.2"",""p"":""0.09896""}"
2026-10-03T00:01:56.349736Z,1790985716080,SANDUSDT,Buy,10945,0.06758,"{""T"":1790985716080,""s"":""SANDUSDT"",""S"":""Buy"",""v"":""10945"",""p"":""0.06758""}"
2026-10-03T00:02:06.488118Z,1790985726004,NIGHTUSDT,Buy,700,0.04798,"{""T"":1790985726004,""s"":""NIGHTUSDT"",""S"":""Buy"",""v"":""700"",""p"":""0.04798""}"
2026-10-03T00:02:07.488304Z,1790985727303,NIGHTUSDT,Buy,19910,0.04796,"{""T"":1790985727303,""s"":""NIGHTUSDT"",""S"":""Buy"",""v"":""19910"",""p"":""0.04796""}"
2026-10-03T00:02:22.853178Z,1790985742740,SANDUSDT,Buy,42156,0.06692,"{""T"":1790985742740,""s"":""SANDUSDT"",""S"":""Buy"",""v"":""42156"",""p"":""0.06692""}"
2026-10-03T00:02:30.349791Z,1790985749993,SANDUSDT,Buy,141,0.06658,"{""T"":1790985749993,""s"":""SANDUSDT"",""S"":""Buy"",""v"":""141"",""p"":""0.06658""}"
2026-10-03T00:02:41.850231Z,1790985761381,SANDUSDT,Sell,11099,0.06838,"{""T"":1790985761381,""s"":""SANDUSDT"",""S"":""Sell"",""v"":""11099"",""p"":""0.06838""}"
2026-10-03T00:02:41.850231Z,1790985761382,SANDUSDT,Sell,46852,0.06844,"{""T"":1790985761382,""s"":""SANDUSDT"",""S"":""Sell"",""v"":""46852"",""p"":""0.06844""}"
2026-10-03T00:03:24.518388Z,1790985804392,NEARUSDT,Sell,7.0,4.7320,"{""T"":1790985804392,""s"":""NEARUSDT"",""S"":""Sell"",""v"":""7.0"",""p"":""4.7320""}"
2026-10-03T00:03:24.838828Z,1790985804392,AAVEUSDT,Sell,0.40,181.42,"{""T"":1790985804392,""s"":""AAVEUSDT"",""S"":""Sell"",""v"":""0.40"",""p"":""181.42""}"
2026-10-03T00:03:24.839321Z,1790985804393,ONDOUSDT,Sell,46,0.4981,"{""T"":1790985804393,""s"":""ONDOUSDT"",""S"":""Sell"",""v"":""46"",""p"":""0.4981""}"
2026-10-03T00:03:24.861395Z,1790985804393,WLDUSDT,Sell,111.7,0.5635,"{""T"":1790985804393,""s"":""WLDUSDT"",""S"":""Sell"",""v"":""111.7"",""p"":""0.5635""}"
2026-10-03T00:03:24.916009Z,1790985804392,ARBUSDT,Sell,289.8,0.19780,"{""T"":1790985804392,""s"":""ARBUSDT"",""S"":""Sell"",""v"":""289.8"",""p"":""0.19780""}"
2026-10-03T00:03:29.409728Z,1790985809197,TIAUSDT,Sell,2708.3,0.4526,"{""T"":1790985809197,""s"":""TIAUSDT"",""S"":""Sell"",""v"":""2708.3"",""p"":""0.4526""}"
2026-10-03T00:03:29.998121Z,1790985809682,VIRTUALUSDT,Sell,618,0.7735,"{""T"":1790985809682,""s"":""VIRTUALUSDT"",""S"":""Sell"",""v"":""618"",""p"":""0.7735""}"
2026-10-03T00:03:41.998473Z,1790985821664,PENGUUSDT,Sell,33030,0.009007,"{""T"":1790985821664,""s"":""PENGUUSDT"",""S"":""Sell"",""v"":""33030"",""p"":""0.009007""}"
2026-10-03T00:03:59.850788Z,1790985839492,SANDUSDT,Buy,11593,0.06661,"{""T"":1790985839492,""s"":""SANDUSDT"",""S"":""Buy"",""v"":""11593"",""p"":""0.06661""}"
2026-10-03T00:04:02.849680Z,1790985842413,SANDUSDT,Buy,56672,0.06651,"{""T"":1790985842413,""s"":""SANDUSDT"",""S"":""Buy"",""v"":""56672"",""p"":""0.06651""}"
2026-10-03T00:04:02.849680Z,1790985842448,SANDUSDT,Buy,14676,0.06644,"{""T"":1790985842448,""s"":""SANDUSDT"",""S"":""Buy"",""v"":""14676"",""p"":""0.06644""}"
2026-10-03T00:04:27.636909Z,1790985867185,MOVRUSDT,Buy,218.3,1.8130,"{""T"":1790985867185,""s"":""MOVRUSDT"",""S"":""Buy"",""v"":""218.3"",""p"":""1.8130""}"
2026-10-03T00:04:27.636909Z,1790985867291,MOVRUSDT,Buy,8.6,1.8140,"{""T"":1790985867291,""s"":""MOVRUSDT"",""S"":""Buy"",""v"":""8.6"",""p"":""1.8140""}"
2026-10-03T00:04:34.849714Z,1790985874316,SANDUSDT,Sell,17135,0.06882,"{""T"":1790985874316,""s"":""SANDUSDT"",""S"":""Sell"",""v"":""17135"",""p"":""0.06882""}"
2026-10-03T00:04:48.636991Z,1790985888292,MOVRUSDT,Buy,33.0,1.8080,"{""T"":1790985888292,""s"":""MOVRUSDT"",""S"":""Buy"",""v"":""33.0"",""p"":""1.8080""}"
2026-10-03T00:04:50.988689Z,1790985890439,NIGHTUSDT,Buy,52620,0.04792,"{""T"":1790985890439,""s"":""NIGHTUSDT"",""S"":""Buy"",""v"":""52620"",""p"":""0.04792""}"
2026-10-03T00:04:54.989000Z,1790985894768,NIGHTUSDT,Buy,1700,0.04786,"{""T"":1790985894768,""s"":""NIGHTUSDT"",""S"":""Buy"",""v"":""1700"",""p"":""0.04786""}"
2026-10-03T00:05:09.350331Z,1790985909104,SANDUSDT,Buy,5631,0.06816,"{""T"":1790985909104,""s"":""SANDUSDT"",""S"":""Buy"",""v"":""5631"",""p"":""0.06816""}"
2026-10-03T00:05:21.861331Z,1790985921328,WLDUSDT,Sell,94.1,0.5659,"{""T"":1790985921328,""s"":""WLDUSDT"",""S"":""Sell"",""v"":""94.1"",""p"":""0.5659""}"
2026-10-03T00:05:31.814096Z,1790985931587,GRASSUSDT,Sell,55,0.72260,"{""T"":1790985931587,""s"":""GRASSUSDT"",""S"":""Sell"",""v"":""55"",""p"":""0.72260""}"
2026-10-03T00:05:39.861211Z,1790985939287,WLDUSDT,Sell,36.1,0.5669,"{""T"":1790985939287,""s"":""WLDUSDT"",""S"":""Sell"",""v"":""36.1"",""p"":""0.5669""}"
2026-10-03T00:05:56.861315Z,1790985956603,WLDUSDT,Sell,159.1,0.5672,"{""T"":1790985956603,""s"":""WLDUSDT"",""S"":""Sell"",""v"":""159.1"",""p"":""0.5672""}"
2026-10-03T00:06:07.494286Z,1790985967009,SUIUSDT,Sell,3620,1.16780,"{""T"":1790985967009,""s"":""SUIUSDT"",""S"":""Sell"",""v"":""3620"",""p"":""1.16780""}"
2026-10-03T00:06:24.361954Z,1790985983827,WLDUSDT,Sell,99.7,0.5683,"{""T"":1790985983827,""s"":""WLDUSDT"",""S"":""Sell"",""v"":""99.7"",""p"":""0.5683""}"
2026-10-03T00:06:26.849357Z,1790985986414,SANDUSDT,Sell,12997,0.06996,"{""T"":1790985986414,""s"":""SANDUSDT"",""S"":""Sell"",""v"":""12997"",""p"":""0.06996""}"
2026-10-03T00:06:29.349798Z,1790985989117,SANDUSDT,Sell,326,0.07018,"{""T"":1790985989117,""s"":""SANDUSDT"",""S"":""Sell"",""v"":""326"",""p"":""0.07018""}"
2026-10-03T00:06:29.349798Z,1790985989166,SANDUSDT,Sell,3200,0.07022,"{""T"":1790985989166,""s"":""SANDUSDT"",""S"":""Sell"",""v"":""3200"",""p"":""0.07022""}"
2026-10-03T00:06:29.915761Z,1790985989390,ZECUSDT,Sell,7.65,1315.07,"{""T"":1790985989390,""s"":""ZECUSDT"",""S"":""Sell"",""v"":""7.65"",""p"":""1315.07""}"
2026-10-03T00:06:30.349539Z,1790985989859,SANDUSDT,Sell,136,0.07029,"{""T"":1790985989859,""s"":""SANDUSDT"",""S"":""Sell"",""v"":""136"",""p"":""0.07029""}"
2026-10-03T00:06:33.349458Z,1790985993168,SANDUSDT,Sell,486,0.07038,"{""T"":1790985993168,""s"":""SANDUSDT"",""S"":""Sell"",""v"":""486"",""p"":""0.07038""}"
2026-10-03T00:06:34.349500Z,1790985993912,SANDUSDT,Sell,1811,0.07034,"{""T"":1790985993912,""s"":""SANDUSDT"",""S"":""Sell"",""v"":""1811"",""p"":""0.07034""}"
2026-10-03T00:06:59.834681Z,1790986019510,CASHCATUSDT,Buy,950,0.14592,"{""T"":1790986019510,""s"":""CASHCATUSDT"",""S"":""Buy"",""v"":""950"",""p"":""0.14592""}"
2026-10-03T00:08:03.989611Z,1790986083729,NIGHTUSDT,Buy,2290,0.04744,"{""T"":1790986083729,""s"":""NIGHTUSDT"",""S"":""Buy"",""v"":""2290"",""p"":""0.04744""}"
2026-10-03T00:08:09.349541Z,1790986088788,SANDUSDT,Buy,242,0.06766,"{""T"":1790986088788,""s"":""SANDUSDT"",""S"":""Buy"",""v"":""242"",""p"":""0.06766""}"
2026-10-03T00:08:27.849991Z,1790986107622,SANDUSDT,Buy,2663,0.06738,"{""T"":1790986107622,""s"":""SANDUSDT"",""S"":""Buy"",""v"":""2663"",""p"":""0.06738""}"
2026-10-03T00:08:36.849645Z,1790986116655,SANDUSDT,Buy,130,0.06721,"{""T"":1790986116655,""s"":""SANDUSDT"",""S"":""Buy"",""v"":""130"",""p"":""0.06721""}"
2026-10-03T00:08:46.850366Z,1790986126361,SANDUSDT,Buy,606,0.06681,"{""T"":1790986126361,""s"":""SANDUSDT"",""S"":""Buy"",""v"":""606"",""p"":""0.06681""}"
2026-10-03T00:09:55.350605Z,1790986195222,SANDUSDT,Buy,80,0.06711,"{""T"":1790986195222,""s"":""SANDUSDT"",""S"":""Buy"",""v"":""80"",""p"":""0.06711""}"
2026-10-03T00:10:56.915679Z,1790986256625,ZECUSDT,Sell,0.30,1317.10,"{""T"":1790986256625,""s"":""ZECUSDT"",""S"":""Sell"",""v"":""0.30"",""p"":""1317.10""}"
2026-10-03T00:10:57.409739Z,1790986257179,HBARUSDT,Sell,1089,0.10323,"{""T"":1790986257179,""s"":""HBARUSDT"",""S"":""Sell"",""v"":""1089"",""p"":""0.10323""}"
2026-10-03T00:10:58.457407Z,1790986258197,QNTUSDT,Sell,2.69,248.13,"{""T"":1790986258197,""s"":""QNTUSDT"",""S"":""Sell"",""v"":""2.69"",""p"":""248.13""}"
2026-10-03T00:11:41.830079Z,1790986301476,FARTCOINUSDT,Sell,12714,0.18099,"{""T"":1790986301476,""s"":""FARTCOINUSDT"",""S"":""Sell"",""v"":""12714"",""p"":""0.18099""}"
2026-10-03T00:12:17.814503Z,1790986337686,XPLUSDT,Sell,7279,0.09451,"{""T"":1790986337686,""s"":""XPLUSDT"",""S"":""Sell"",""v"":""7279"",""p"":""0.09451""}"
2026-10-03T00:12:27.636737Z,1790986347487,APEUSDT,Sell,905.7,0.16924,"{""T"":1790986347487,""s"":""APEUSDT"",""S"":""Sell"",""v"":""905.7"",""p"":""0.16924""}"
2026-10-03T00:12:27.838689Z,1790986347487,XRPUSDT,Buy,14.8,1.4764,"{""T"":1790986347487,""s"":""XRPUSDT"",""S"":""Buy"",""v"":""14.8"",""p"":""1.4764""}"
2026-10-03T00:12:31.415198Z,1790986351220,ZECUSDT,Sell,0.02,1322.48,"{""T"":1790986351220,""s"":""ZECUSDT"",""S"":""Sell"",""v"":""0.02"",""p"":""1322.48""}"
2026-10-03T00:12:32.017481Z,1790986351927,NEARUSDT,Sell,2134.1,4.7400,"{""T"":1790986351927,""s"":""NEARUSDT"",""S"":""Sell"",""v"":""2134.1"",""p"":""4.7400""}"
2026-10-03T00:12:32.064132Z,1790986351927,SOLUSDT,Sell,114.4,119.200,"{""T"":1790986351927,""s"":""SOLUSDT"",""S"":""Sell"",""v"":""114.4"",""p"":""119.200""}"
2026-10-03T00:12:32.067062Z,1790986351927,BTCUSDT,Sell,0.200,84741.10,"{""T"":1790986351927,""s"":""BTCUSDT"",""S"":""Sell"",""v"":""0.200"",""p"":""84741.10""}"
2026-10-03T00:12:32.415426Z,1790986351927,ADAUSDT,Sell,80538,0.2464,"{""T"":1790986351927,""s"":""ADAUSDT"",""S"":""Sell"",""v"":""80538"",""p"":""0.2464""}"
2026-10-03T00:12:32.415822Z,1790986351927,ZECUSDT,Sell,7.61,1322.70,"{""T"":1790986351927,""s"":""ZECUSDT"",""S"":""Sell"",""v"":""7.61"",""p"":""1322.70""}"
2026-10-03T00:12:32.458303Z,1790986351927,ETHUSDT,Sell,7.28,2675.67,"{""T"":1790986351927,""s"":""ETHUSDT"",""S"":""Sell"",""v"":""7.28"",""p"":""2675.67""}"
2026-10-03T00:12:42.636665Z,1790986362205,APEUSDT,Sell,1345.0,0.16940,"{""T"":1790986362205,""s"":""APEUSDT"",""S"":""Sell"",""v"":""1345.0"",""p"":""0.16940""}"
2026-10-03T00:13:24.961318Z,1790986404565,QNTUSDT,Sell,0.32,249.74,"{""T"":1790986404565,""s"":""QNTUSDT"",""S"":""Sell"",""v"":""0.32"",""p"":""249.74""}"
2026-10-03T00:13:45.850081Z,1790986425402,SANDUSDT,Buy,1708,0.06802,"{""T"":1790986425402,""s"":""SANDUSDT"",""S"":""Buy"",""v"":""1708"",""p"":""0.06802""}"
2026-10-03T00:14:02.350225Z,1790986442034,SANDUSDT,Sell,14714,0.07000,"{""T"":1790986442034,""s"":""SANDUSDT"",""S"":""Sell"",""v"":""14714"",""p"":""0.07000""}"
2026-10-03T00:14:03.636536Z,1790986443509,APEUSDT,Sell,725.3,0.16968,"{""T"":1790986443509,""s"":""APEUSDT"",""S"":""Sell"",""v"":""725.3"",""p"":""0.16968""}"
2026-10-03T00:14:19.849839Z,1790986459509,SANDUSDT,Sell,309,0.07023,"{""T"":1790986459509,""s"":""SANDUSDT"",""S"":""Sell"",""v"":""309"",""p"":""0.07023""}"
2026-10-03T00:14:29.136497Z,1790986468675,ARKUSDT,Buy,61,0.20680,"{""T"":1790986468675,""s"":""ARKUSDT"",""S"":""Buy"",""v"":""61"",""p"":""0.20680""}"
2026-10-03T00:14:35.849760Z,1790986475381,SANDUSDT,Sell,880,0.07045,"{""T"":1790986475381,""s"":""SANDUSDT"",""S"":""Sell"",""v"":""880"",""p"":""0.07045""}"
2026-10-03T00:14:35.849760Z,1790986475415,SANDUSDT,Sell,10449,0.07049,"{""T"":1790986475415,""s"":""SANDUSDT"",""S"":""Sell"",""v"":""10449"",""p"":""0.07049""}"
2026-10-03T00:14:35.849760Z,1790986475632,SANDUSDT,Sell,50700,0.07036,"{""T"":1790986475632,""s"":""SANDUSDT"",""S"":""Sell"",""v"":""50700"",""p"":""0.07036""}"
2026-10-03T00:14:35.861468Z,1790986475381,APTUSDT,Sell,45.07,0.8065,"{""T"":1790986475381,""s"":""APTUSDT"",""S"":""Sell"",""v"":""45.07"",""p"":""0.8065""}"
2026-10-03T00:14:35.909708Z,1790986475381,BCHUSDT,Buy,0.25,309.90,"{""T"":1790986475381,""s"":""BCHUSDT"",""S"":""Buy"",""v"":""0.25"",""p"":""309.90""}"
2026-10-03T00:14:35.963273Z,1790986475381,QNTUSDT,Sell,0.11,248.60,"{""T"":1790986475381,""s"":""QNTUSDT"",""S"":""Sell"",""v"":""0.11"",""p"":""248.60""}"
2026-10-03T00:14:38.915476Z,1790986478399,UNIUSDT,Sell,175.2,9.071,"{""T"":1790986478399,""s"":""UNIUSDT"",""S"":""Sell"",""v"":""175.2"",""p"":""9.071""}"
2026-10-03T00:14:43.563835Z,1790986482989,SOLUSDT,Sell,196.2,119.270,"{""T"":1790986482989,""s"":""SOLUSDT"",""S"":""Sell"",""v"":""196.2"",""p"":""119.270""}"
2026-10-03T00:14:50.350365Z,1790986489765,SANDUSDT,Sell,92,0.07052,"{""T"":1790986489765,""s"":""SANDUSDT"",""S"":""Sell"",""v"":""92"",""p"":""0.07052""}"
2026-10-03T00:14:50.850317Z,1790986490655,SANDUSDT,Sell,779,0.07057,"{""T"":1790986490655,""s"":""SANDUSDT"",""S"":""Sell"",""v"":""779"",""p"":""0.07057""}"
2026-10-03T00:15:24.830019Z,1790986524635,LONGXIAUSDT,Buy,173,0.0366,"{""T"":1790986524635,""s"":""LONGXIAUSDT"",""S"":""Buy"",""v"":""173"",""p"":""0.0366""}"
2026-10-03T00:15:24.849676Z,1790986524635,SANDUSDT,Sell,190,0.07067,"{""T"":1790986524635,""s"":""SANDUSDT"",""S"":""Sell"",""v"":""190"",""p"":""0.07067""}"
2026-10-03T00:15:24.861182Z,1790986524635,APTUSDT,Sell,21.90,0.8078,"{""T"":1790986524635,""s"":""APTUSDT"",""S"":""Sell"",""v"":""21.90"",""p"":""0.8078""}"
2026-10-03T00:15:25.349718Z,1790986524919,SANDUSDT,Sell,113,0.07062,"{""T"":1790986524919,""s"":""SANDUSDT"",""S"":""Sell"",""v"":""113"",""p"":""0.07062""}"
2026-10-03T00:15:25.349718Z,1790986524964,SANDUSDT,Sell,16204,0.07072,"{""T"":1790986524964,""s"":""SANDUSDT"",""S"":""Sell"",""v"":""16204"",""p"":""0.07072""}"
2026-10-03T00:15:25.349718Z,1790986525010,SANDUSDT,Sell,549,0.07054,"{""T"":1790986525010,""s"":""SANDUSDT"",""S"":""Sell"",""v"":""549"",""p"":""0.07054""}"
2026-10-03T00:15:25.349718Z,1790986525105,SANDUSDT,Sell,10068,0.07084,"{""T"":1790986525105,""s"":""SANDUSDT"",""S"":""Sell"",""v"":""10068"",""p"":""0.07084""}"
2026-10-03T00:15:25.849668Z,1790986525589,SANDUSDT,Sell,63809,0.07085,"{""T"":1790986525589,""s"":""SANDUSDT"",""S"":""Sell"",""v"":""63809"",""p"":""0.07085""}"
2026-10-03T00:15:26.349734Z,1790986525868,SANDUSDT,Sell,4691,0.07069,"{""T"":1790986525868,""s"":""SANDUSDT"",""S"":""Sell"",""v"":""4691"",""p"":""0.07069""}"
2026-10-03T00:15:26.349734Z,1790986525897,SANDUSDT,Sell,1600,0.07070,"{""T"":1790986525897,""s"":""SANDUSDT"",""S"":""Sell"",""v"":""1600"",""p"":""0.07070""}"
2026-10-03T00:15:26.349734Z,1790986525926,SANDUSDT,Sell,807,0.07076,"{""T"":1790986525926,""s"":""SANDUSDT"",""S"":""Sell"",""v"":""807"",""p"":""0.07076""}"
2026-10-03T00:15:26.457208Z,1790986525897,QNTUSDT,Sell,0.41,248.48,"{""T"":1790986525897,""s"":""QNTUSDT"",""S"":""Sell"",""v"":""0.41"",""p"":""248.48""}"
2026-10-03T00:15:27.349484Z,1790986526865,SANDUSDT,Sell,5977,0.07083,"{""T"":1790986526865,""s"":""SANDUSDT"",""S"":""Sell"",""v"":""5977"",""p"":""0.07083""}"
2026-10-03T00:15:27.349484Z,1790986526880,SANDUSDT,Sell,98,0.07084,"{""T"":1790986526880,""s"":""SANDUSDT"",""S"":""Sell"",""v"":""98"",""p"":""0.07084""}"
2026-10-03T00:15:27.849748Z,1790986527308,SANDUSDT,Sell,13947,0.07088,"{""T"":1790986527308,""s"":""SANDUSDT"",""S"":""Sell"",""v"":""13947"",""p"":""0.07088""}"
2026-10-03T00:15:27.849748Z,1790986527736,SANDUSDT,Sell,950,0.07087,"{""T"":1790986527736,""s"":""SANDUSDT"",""S"":""Sell"",""v"":""950"",""p"":""0.07087""}"
2026-10-03T00:15:27.997802Z,1790986527736,LINKUSDT,Sell,1.0,13.908,"{""T"":1790986527736,""s"":""LINKUSDT"",""S"":""Sell"",""v"":""1.0"",""p"":""13.908""}"
2026-10-03T00:15:36.849760Z,1790986536707,SANDUSDT,Sell,929,0.07090,"{""T"":1790986536707,""s"":""SANDUSDT"",""S"":""Sell"",""v"":""929"",""p"":""0.07090""}"
2026-10-03T00:15:36.988172Z,1790986536707,MAGMAUSDT,Sell,91,0.36530,"{""T"":1790986536707,""s"":""MAGMAUSDT"",""S"":""Sell"",""v"":""91"",""p"":""0.36530""}"
2026-10-03T00:15:37.136745Z,1790986536706,APEUSDT,Sell,1079.2,0.16969,"{""T"":1790986536706,""s"":""APEUSDT"",""S"":""Sell"",""v"":""1079.2"",""p"":""0.16969""}"
2026-10-03T00:15:37.137297Z,1790986536707,STRKUSDT,Sell,668.0,0.04382,"{""T"":1790986536707,""s"":""STRKUSDT"",""S"":""Sell"",""v"":""668.0"",""p"":""0.04382""}"
2026-10-03T00:15:40.415427Z,1790986540274,ZECUSDT,Sell,3.25,1324.74,"{""T"":1790986540274,""s"":""ZECUSDT"",""S"":""Sell"",""v"":""3.25"",""p"":""1324.74""}"
2026-10-03T00:15:41.349759Z,1790986541121,SANDUSDT,Sell,468,0.07108,"{""T"":1790986541121,""s"":""SANDUSDT"",""S"":""Sell"",""v"":""468"",""p"":""0.07108""}"
2026-10-03T00:15:41.349759Z,1790986541132,SANDUSDT,Sell,2231,0.07107,"{""T"":1790986541132,""s"":""SANDUSDT"",""S"":""Sell"",""v"":""2231"",""p"":""0.07107""}"
2026-10-03T00:15:41.349759Z,1790986541165,SANDUSDT,Sell,694,0.07101,"{""T"":1790986541165,""s"":""SANDUSDT"",""S"":""Sell"",""v"":""694"",""p"":""0.07101""}"
2026-10-03T00:15:41.849630Z,1790986541487,SANDUSDT,Sell,41917,0.07110,"{""T"":1790986541487,""s"":""SANDUSDT"",""S"":""Sell"",""v"":""41917"",""p"":""0.07110""}"
2026-10-03T00:15:42.350281Z,1790986542035,SANDUSDT,Sell,1937,0.07116,"{""T"":1790986542035,""s"":""SANDUSDT"",""S"":""Sell"",""v"":""1937"",""p"":""0.07116""}"
2026-10-03T00:15:43.349741Z,1790986542859,SANDUSDT,Sell,1319,0.07116,"{""T"":1790986542859,""s"":""SANDUSDT"",""S"":""Sell"",""v"":""1319"",""p"":""0.07116""}"
2026-10-03T00:15:48.850061Z,1790986548316,SANDUSDT,Sell,20198,0.07122,"{""T"":1790986548316,""s"":""SANDUSDT"",""S"":""Sell"",""v"":""20198"",""p"":""0.07122""}"
2026-10-03T00:15:51.067087Z,1790986550798,BTCUSDT,Sell,0.128,84790.30,"{""T"":1790986550798,""s"":""BTCUSDT"",""S"":""Sell"",""v"":""0.128"",""p"":""84790.30""}"
2026-10-03T00:15:51.349977Z,1790986550798,SANDUSDT,Sell,62170,0.07114,"{""T"":1790986550798,""s"":""SANDUSDT"",""S"":""Sell"",""v"":""62170"",""p"":""0.07114""}"
2026-10-03T00:15:51.360886Z,1790986550798,WLDUSDT,Sell,8198.8,0.5656,"{""T"":1790986550798,""s"":""WLDUSDT"",""S"":""Sell"",""v"":""8198.8"",""p"":""0.5656""}"
2026-10-03T00:15:53.361400Z,1790986553272,APTUSDT,Sell,40.60,0.8093,"{""T"":1790986553272,""s"":""APTUSDT"",""S"":""Sell"",""v"":""40.60"",""p"":""0.8093""}"
2026-10-03T00:15:53.849880Z,1790986553272,SANDUSDT,Sell,441,0.07115,"{""T"":1790986553272,""s"":""SANDUSDT"",""S"":""Sell"",""v"":""441"",""p"":""0.07115""}"
2026-10-03T00:15:55.349903Z,1790986554887,SANDUSDT,Sell,6030,0.07122,"{""T"":1790986554887,""s"":""SANDUSDT"",""S"":""Sell"",""v"":""6030"",""p"":""0.07122""}"
2026-10-03T00:15:55.349903Z,1790986555141,SANDUSDT,Sell,1033,0.07126,"{""T"":1790986555141,""s"":""SANDUSDT"",""S"":""Sell"",""v"":""1033"",""p"":""0.07126""}"
2026-10-03T00:15:55.488021Z,1790986555141,MAGMAUSDT,Sell,68,0.36480,"{""T"":1790986555141,""s"":""MAGMAUSDT"",""S"":""Sell"",""v"":""68"",""p"":""0.36480""}"
2026-10-03T00:16:00.849982Z,1790986560546,SANDUSDT,Sell,14568,0.07134,"{""T"":1790986560546,""s"":""SANDUSDT"",""S"":""Sell"",""v"":""14568"",""p"":""0.07134""}"
2026-10-03T00:16:03.349768Z,1790986562832,SANDUSDT,Sell,1063,0.07166,"{""T"":1790986562832,""s"":""SANDUSDT"",""S"":""Sell"",""v"":""1063"",""p"":""0.07166""}"
2026-10-03T00:16:03.349768Z,1790986562837,SANDUSDT,Sell,427,0.07166,"{""T"":1790986562837,""s"":""SANDUSDT"",""S"":""Sell"",""v"":""427"",""p"":""0.07166""}"
2026-10-03T00:16:05.849738Z,1790986565308,SANDUSDT,Sell,25060,0.07179,"{""T"":1790986565308,""s"":""SANDUSDT"",""S"":""Sell"",""v"":""25060"",""p"":""0.07179""}"
2026-10-03T00:16:05.849738Z,1790986565553,SANDUSDT,Sell,38738,0.07180,"{""T"":1790986565553,""s"":""SANDUSDT"",""S"":""Sell"",""v"":""38738"",""p"":""0.07180""}"
2026-10-03T00:16:05.849738Z,1790986565586,SANDUSDT,Sell,9683,0.07178,"{""T"":1790986565586,""s"":""SANDUSDT"",""S"":""Sell"",""v"":""9683"",""p"":""0.07178""}"
2026-10-03T00:16:06.349954Z,1790986565852,SANDUSDT,Sell,3177,0.07178,"{""T"":1790986565852,""s"":""SANDUSDT"",""S"":""Sell"",""v"":""3177"",""p"":""0.07178""}"
2026-10-03T00:16:07.849408Z,1790986567595,SANDUSDT,Sell,254,0.07185,"{""T"":1790986567595,""s"":""SANDUSDT"",""S"":""Sell"",""v"":""254"",""p"":""0.07185""}"
2026-10-03T00:16:07.849408Z,1790986567608,SANDUSDT,Sell,22055,0.07189,"{""T"":1790986567608,""s"":""SANDUSDT"",""S"":""Sell"",""v"":""22055"",""p"":""0.07189""}"
2026-10-03T00:16:07.988118Z,1790986567608,MAGMAUSDT,Sell,2990,0.36560,"{""T"":1790986567608,""s"":""MAGMAUSDT"",""S"":""Sell"",""v"":""2990"",""p"":""0.36560""}"
2026-10-03T00:16:08.850092Z,1790986568663,SANDUSDT,Sell,443,0.07201,"{""T"":1790986568663,""s"":""SANDUSDT"",""S"":""Sell"",""v"":""443"",""p"":""0.07201""}"
2026-10-03T00:16:12.415198Z,1790986572027,ADAUSDT,Sell,12319,0.2474,"{""T"":1790986572027,""s"":""ADAUSDT"",""S"":""Sell"",""v"":""12319"",""p"":""0.2474""}"
2026-10-03T00:16:12.517602Z,1790986571987,TAOUSDT,Sell,0.070,295.37,"{""T"":1790986571987,""s"":""TAOUSDT"",""S"":""Sell"",""v"":""0.070"",""p"":""295.37""}"
2026-10-03T00:16:22.349808Z,1790986582084,SANDUSDT,Sell,6924,0.07219,"{""T"":1790986582084,""s"":""SANDUSDT"",""S"":""Sell"",""v"":""6924"",""p"":""0.07219""}"
2026-10-03T00:16:27.017711Z,1790986586704,TAOUSDT,Sell,1.011,295.60,"{""T"":1790986586704,""s"":""TAOUSDT"",""S"":""Sell"",""v"":""1.011"",""p"":""295.60""}"
2026-10-03T00:16:28.994164Z,1790986588727,SUIUSDT,Sell,870,1.17520,"{""T"":1790986588727,""s"":""SUIUSDT"",""S"":""Sell"",""v"":""870"",""p"":""1.17520""}"
2026-10-03T00:16:29.349811Z,1790986588809,SANDUSDT,Sell,1370,0.07223,"{""T"":1790986588809,""s"":""SANDUSDT"",""S"":""Sell"",""v"":""1370"",""p"":""0.07223""}"
2026-10-03T00:16:29.349811Z,1790986589040,SANDUSDT,Sell,12978,0.07226,"{""T"":1790986589040,""s"":""SANDUSDT"",""S"":""Sell"",""v"":""12978"",""p"":""0.07226""}"
2026-10-03T00:16:29.488760Z,1790986589040,USUSDT,Buy,6110,0.023940,"{""T"":1790986589040,""s"":""USUSDT"",""S"":""Buy"",""v"":""6110"",""p"":""0.023940""}"
2026-10-03T00:16:29.849535Z,1790986589382,SANDUSDT,Sell,4500,0.07226,"{""T"":1790986589382,""s"":""SANDUSDT"",""S"":""Sell"",""v"":""4500"",""p"":""0.07226""}"
2026-10-03T00:16:29.915531Z,1790986589392,ARBUSDT,Sell,124.9,0.19870,"{""T"":1790986589392,""s"":""ARBUSDT"",""S"":""Sell"",""v"":""124.9"",""p"":""0.19870""}"
2026-10-03T00:16:31.064406Z,1790986590912,SOLUSDT,Sell,56.9,119.360,"{""T"":1790986590912,""s"":""SOLUSDT"",""S"":""Sell"",""v"":""56.9"",""p"":""119.360""}"
2026-10-03T00:16:31.067427Z,1790986590912,BTCUSDT,Sell,0.153,84792.90,"{""T"":1790986590912,""s"":""BTCUSDT"",""S"":""Sell"",""v"":""0.153"",""p"":""84792.90""}"
2026-10-03T00:16:31.315088Z,1790986590912,HYPEUSDT,Sell,54.80,90.240,"{""T"":1790986590912,""s"":""HYPEUSDT"",""S"":""Sell"",""v"":""54.80"",""p"":""90.240""}"
2026-10-03T00:16:31.338751Z,1790986590912,XRPUSDT,Sell,4954.7,1.4933,"{""T"":1790986590912,""s"":""XRPUSDT"",""S"":""Sell"",""v"":""4954.7"",""p"":""1.4933""}"
2026-10-03T00:16:31.361186Z,1790986590912,WLDUSDT,Sell,708.8,0.5667,"{""T"":1790986590912,""s"":""WLDUSDT"",""S"":""Sell"",""v"":""708.8"",""p"":""0.5667""}"
2026-10-03T00:16:31.457622Z,1790986590912,ETHUSDT,Sell,6.59,2678.57,"{""T"":1790986590912,""s"":""ETHUSDT"",""S"":""Sell"",""v"":""6.59"",""p"":""2678.57""}"
2026-10-03T00:16:31.494031Z,1790986590912,SUIUSDT,Sell,1780,1.17540,"{""T"":1790986590912,""s"":""SUIUSDT"",""S"":""Sell"",""v"":""1780"",""p"":""1.17540""}"
2026-10-03T00:16:33.958179Z,1790986593751,QNTUSDT,Sell,6.18,250.10,"{""T"":1790986593751,""s"":""QNTUSDT"",""S"":""Sell"",""v"":""6.18"",""p"":""250.10""}"
2026-10-03T00:16:34.957484Z,1790986594555,QNTUSDT,Sell,0.12,250.00,"{""T"":1790986594555,""s"":""QNTUSDT"",""S"":""Sell"",""v"":""0.12"",""p"":""250.00""}"
2026-10-03T00:16:36.957628Z,1790986596773,QNTUSDT,Sell,10.26,250.62,"{""T"":1790986596773,""s"":""QNTUSDT"",""S"":""Sell"",""v"":""10.26"",""p"":""250.62""}"
2026-10-03T00:16:38.957754Z,1790986598849,QNTUSDT,Sell,0.26,250.77,"{""T"":1790986598849,""s"":""QNTUSDT"",""S"":""Sell"",""v"":""0.26"",""p"":""250.77""}"
2026-10-03T00:16:47.415731Z,1790986607163,ZECUSDT,Sell,0.04,1327.68,"{""T"":1790986607163,""s"":""ZECUSDT"",""S"":""Sell"",""v"":""0.04"",""p"":""1327.68""}"
2026-10-03T00:16:49.017714Z,1790986608852,NEARUSDT,Sell,21.4,4.7500,"{""T"":1790986608852,""s"":""NEARUSDT"",""S"":""Sell"",""v"":""21.4"",""p"":""4.7500""}"
2026-10-03T00:16:54.349756Z,1790986614177,SANDUSDT,Sell,2237,0.07241,"{""T"":1790986614177,""s"":""SANDUSDT"",""S"":""Sell"",""v"":""2237"",""p"":""0.07241""}"
2026-10-03T00:16:54.849828Z,1790986614285,SANDUSDT,Sell,170,0.07238,"{""T"":1790986614285,""s"":""SANDUSDT"",""S"":""Sell"",""v"":""170"",""p"":""0.07238""}"
2026-10-03T00:16:54.849828Z,1790986614737,SANDUSDT,Sell,4236,0.07237,"{""T"":1790986614737,""s"":""SANDUSDT"",""S"":""Sell"",""v"":""4236"",""p"":""0.07237""}"
2026-10-03T00:16:56.849716Z,1790986616451,SANDUSDT,Sell,64516,0.07257,"{""T"":1790986616451,""s"":""SANDUSDT"",""S"":""Sell"",""v"":""64516"",""p"":""0.07257""}"
2026-10-03T00:16:56.849716Z,1790986616571,SANDUSDT,Sell,3977,0.07257,"{""T"":1790986616571,""s"":""SANDUSDT"",""S"":""Sell"",""v"":""3977"",""p"":""0.07257""}"
2026-10-03T00:16:57.350311Z,1790986616845,SANDUSDT,Sell,344,0.07251,"{""T"":1790986616845,""s"":""SANDUSDT"",""S"":""Sell"",""v"":""344"",""p"":""0.07251""}"
2026-10-03T00:17:01.136793Z,1790986620919,STRKUSDT,Sell,13987.0,0.04404,"{""T"":1790986620919,""s"":""STRKUSDT"",""S"":""Sell"",""v"":""13987.0"",""p"":""0.04404""}"
2026-10-03T00:17:05.636731Z,1790986625129,ARKUSDT,Buy,132,0.20352,"{""T"":1790986625129,""s"":""ARKUSDT"",""S"":""Buy"",""v"":""132"",""p"":""0.20352""}"
2026-10-03T00:17:08.416127Z,1790986628128,ZECUSDT,Sell,0.03,1329.92,"{""T"":1790986628128,""s"":""ZECUSDT"",""S"":""Sell"",""v"":""0.03"",""p"":""1329.92""}"
2026-10-03T00:17:23.349687Z,1790986643180,SANDUSDT,Buy,561,0.07056,"{""T"":1790986643180,""s"":""SANDUSDT"",""S"":""Buy"",""v"":""561"",""p"":""0.07056""}"
2026-10-03T00:17:43.849894Z,1790986663667,ENJUSDT,Buy,54360.0,0.033520,"{""T"":1790986663667,""s"":""ENJUSDT"",""S"":""Buy"",""v"":""54360.0"",""p"":""0.033520""}"
2026-10-03T00:17:43.909567Z,1790986663667,GALAUSDT,Buy,1149460,0.002658,"{""T"":1790986663667,""s"":""GALAUSDT"",""S"":""Buy"",""v"":""1149460"",""p"":""0.002658""}"
2026-10-03T00:17:46.850226Z,1790986666629,SANDUSDT,Buy,21075,0.07037,"{""T"":1790986666629,""s"":""SANDUSDT"",""S"":""Buy"",""v"":""21075"",""p"":""0.07037""}"
2026-10-03T00:18:45.457744Z,1790986725018,QNTUSDT,Sell,0.04,251.25,"{""T"":1790986725018,""s"":""QNTUSDT"",""S"":""Sell"",""v"":""0.04"",""p"":""251.25""}"
2026-10-03T00:18:46.957594Z,1790986726842,QNTUSDT,Sell,1.34,251.49,"{""T"":1790986726842,""s"":""QNTUSDT"",""S"":""Sell"",""v"":""1.34"",""p"":""251.49""}"
2026-10-03T00:19:11.349926Z,1790986751093,SANDUSDT,Buy,3135,0.06937,"{""T"":1790986751093,""s"":""SANDUSDT"",""S"":""Buy"",""v"":""3135"",""p"":""0.06937""}"
2026-10-03T00:19:12.349674Z,1790986751953,SANDUSDT,Buy,285591,0.06929,"{""T"":1790986751953,""s"":""SANDUSDT"",""S"":""Buy"",""v"":""285591"",""p"":""0.06929""}"
2026-10-03T00:19:13.349744Z,1790986753108,SANDUSDT,Buy,11327,0.06891,"{""T"":1790986753108,""s"":""SANDUSDT"",""S"":""Buy"",""v"":""11327"",""p"":""0.06891""}"
2026-10-03T00:19:13.349744Z,1790986753121,SANDUSDT,Buy,10048,0.06870,"{""T"":1790986753121,""s"":""SANDUSDT"",""S"":""Buy"",""v"":""10048"",""p"":""0.06870""}"
2026-10-03T00:19:13.410638Z,1790986753121,GALAUSDT,Buy,305240,0.002639,"{""T"":1790986753121,""s"":""GALAUSDT"",""S"":""Buy"",""v"":""305240"",""p"":""0.002639""}"
2026-10-03T00:19:13.410942Z,1790986753121,TIAUSDT,Buy,2005.2,0.4456,"{""T"":1790986753121,""s"":""TIAUSDT"",""S"":""Buy"",""v"":""2005.2"",""p"":""0.4456""}"
2026-10-03T00:19:15.349836Z,1790986754979,SANDUSDT,Buy,14,0.06757,"{""T"":1790986754979,""s"":""SANDUSDT"",""S"":""Buy"",""v"":""14"",""p"":""0.06757""}"
2026-10-03T00:19:15.349836Z,1790986754985,SANDUSDT,Buy,686,0.06789,"{""T"":1790986754985,""s"":""SANDUSDT"",""S"":""Buy"",""v"":""686"",""p"":""0.06789""}"
2026-10-03T00:19:15.349836Z,1790986755223,SANDUSDT,Buy,107,0.06804,"{""T"":1790986755223,""s"":""SANDUSDT"",""S"":""Buy"",""v"":""107"",""p"":""0.06804""}"
2026-10-03T00:19:15.457422Z,1790986755370,QNTUSDT,Buy,3.48,245.96,"{""T"":1790986755370,""s"":""QNTUSDT"",""S"":""Buy"",""v"":""3.48"",""p"":""245.96""}"
2026-10-03T00:19:15.849541Z,1790986755370,SANDUSDT,Buy,8537,0.06764,"{""T"":1790986755370,""s"":""SANDUSDT"",""S"":""Buy"",""v"":""8537"",""p"":""0.06764""}"
2026-10-03T00:19:16.349766Z,1790986755772,SANDUSDT,Buy,117855,0.06796,"{""T"":1790986755772,""s"":""SANDUSDT"",""S"":""Buy"",""v"":""117855"",""p"":""0.06796""}"
2026-10-03T00:19:16.349766Z,1790986755840,SANDUSDT,Buy,185,0.06751,"{""T"":1790986755840,""s"":""SANDUSDT"",""S"":""Buy"",""v"":""185"",""p"":""0.06751""}"
2026-10-03T00:19:16.349766Z,1790986755909,SANDUSDT,Buy,13495,0.06754,"{""T"":1790986755909,""s"":""SANDUSDT"",""S"":""Buy"",""v"":""13495"",""p"":""0.06754""}"
2026-10-03T00:19:16.849547Z,1790986756363,SANDUSDT,Buy,102639,0.06750,"{""T"":1790986756363,""s"":""SANDUSDT"",""S"":""Buy"",""v"":""102639"",""p"":""0.06750""}"
2026-10-03T00:19:23.350717Z,1790986762893,SANDUSDT,Sell,1559,0.06873,"{""T"":1790986762893,""s"":""SANDUSDT"",""S"":""Sell"",""v"":""1559"",""p"":""0.06873""}"
2026-10-03T00:19:33.349703Z,1790986773238,MANAUSDT,Buy,2224.9,0.09816,"{""T"":1790986773238,""s"":""MANAUSDT"",""S"":""Buy"",""v"":""2224.9"",""p"":""0.09816""}"
2026-10-03T00:19:33.350152Z,1790986773192,SANDUSDT,Buy,19375,0.06577,"{""T"":1790986773192,""s"":""SANDUSDT"",""S"":""Buy"",""v"":""19375"",""p"":""0.06577""}"
2026-10-03T00:19:33.350152Z,1790986773238,SANDUSDT,Buy,1505,0.06573,"{""T"":1790986773238,""s"":""SANDUSDT"",""S"":""Buy"",""v"":""1505"",""p"":""0.06573""}"
2026-10-03T00:19:33.849590Z,1790986773740,MANAUSDT,Buy,8642.9,0.09836,"{""T"":1790986773740,""s"":""MANAUSDT"",""S"":""Buy"",""v"":""8642.9"",""p"":""0.09836""}"
2026-10-03T00:19:33.849884Z,1790986773340,SANDUSDT,Buy,1413,0.06647,"{""T"":1790986773340,""s"":""SANDUSDT"",""S"":""Buy"",""v"":""1413"",""p"":""0.06647""}"
2026-10-03T00:19:33.849884Z,1790986773555,SANDUSDT,Buy,72937,0.06618,"{""T"":1790986773555,""s"":""SANDUSDT"",""S"":""Buy"",""v"":""72937"",""p"":""0.06618""}"
2026-10-03T00:19:34.349455Z,1790986773904,SANDUSDT,Buy,6194,0.06616,"{""T"":1790986773904,""s"":""SANDUSDT"",""S"":""Buy"",""v"":""6194"",""p"":""0.06616""}"
2026-10-03T00:19:34.849479Z,1790986774568,SANDUSDT,Buy,70538,0.06558,"{""T"":1790986774568,""s"":""SANDUSDT"",""S"":""Buy"",""v"":""70538"",""p"":""0.06558""}"
2026-10-03T00:19:34.849479Z,1790986774581,SANDUSDT,Buy,12095,0.06538,"{""T"":1790986774581,""s"":""SANDUSDT"",""S"":""Buy"",""v"":""12095"",""p"":""0.06538""}"
2026-10-03T00:19:34.849479Z,1790986774672,SANDUSDT,Buy,5420,0.06517,"{""T"":1790986774672,""s"":""SANDUSDT"",""S"":""Buy"",""v"":""5420"",""p"":""0.06517""}"
2026-10-03T00:19:35.326546Z,1790986774860,ENAUSDT,Buy,42527,0.23090,"{""T"":1790986774860,""s"":""ENAUSDT"",""S"":""Buy"",""v"":""42527"",""p"":""0.23090""}"
2026-10-03T00:19:35.349504Z,1790986774830,SANDUSDT,Buy,1740,0.06443,"{""T"":1790986774830,""s"":""SANDUSDT"",""S"":""Buy"",""v"":""1740"",""p"":""0.06443""}"
2026-10-03T00:19:35.349504Z,1790986774843,SANDUSDT,Buy,152,0.06467,"{""T"":1790986774843,""s"":""SANDUSDT"",""S"":""Buy"",""v"":""152"",""p"":""0.06467""}"
2026-10-03T00:19:35.349504Z,1790986774860,SANDUSDT,Buy,104282,0.06446,"{""T"":1790986774860,""s"":""SANDUSDT"",""S"":""Buy"",""v"":""104282"",""p"":""0.06446""}"
2026-10-03T00:19:35.349504Z,1790986774929,SANDUSDT,Buy,44990,0.06470,"{""T"":1790986774929,""s"":""SANDUSDT"",""S"":""Buy"",""v"":""44990"",""p"":""0.06470""}"
2026-10-03T00:19:35.349504Z,1790986774983,SANDUSDT,Buy,603,0.06451,"{""T"":1790986774983,""s"":""SANDUSDT"",""S"":""Buy"",""v"":""603"",""p"":""0.06451""}"
2026-10-03T00:19:35.349504Z,1790986775125,SANDUSDT,Buy,109525,0.06459,"{""T"":1790986775125,""s"":""SANDUSDT"",""S"":""Buy"",""v"":""109525"",""p"":""0.06459""}"
2026-10-03T00:19:35.349504Z,1790986775134,SANDUSDT,Buy,3270,0.06466,"{""T"":1790986775134,""s"":""SANDUSDT"",""S"":""Buy"",""v"":""3270"",""p"":""0.06466""}"
2026-10-03T00:19:35.849569Z,1790986775420,SANDUSDT,Buy,45189,0.06441,"{""T"":1790986775420,""s"":""SANDUSDT"",""S"":""Buy"",""v"":""45189"",""p"":""0.06441""}"
2026-10-03T00:19:35.849569Z,1790986775509,SANDUSDT,Buy,10000,0.06455,"{""T"":1790986775509,""s"":""SANDUSDT"",""S"":""Buy"",""v"":""10000"",""p"":""0.06455""}"
2026-10-03T00:19:35.849569Z,1790986775750,SANDUSDT,Buy,97,0.06475,"{""T"":1790986775750,""s"":""SANDUSDT"",""S"":""Buy"",""v"":""97"",""p"":""0.06475""}"
2026-10-03T00:19:35.850043Z,1790986775593,MANAUSDT,Buy,11105.0,0.09765,"{""T"":1790986775593,""s"":""MANAUSDT"",""S"":""Buy"",""v"":""11105.0"",""p"":""0.09765""}"
2026-10-03T00:19:35.957563Z,1790986775509,QNTUSDT,Buy,5.00,245.57,"{""T"":1790986775509,""s"":""QNTUSDT"",""S"":""Buy"",""v"":""5.00"",""p"":""245.57""}"
2026-10-03T00:19:35.997979Z,1790986775593,CTUSDT,Buy,1553,0.4869,"{""T"":1790986775593,""s"":""CTUSDT"",""S"":""Buy"",""v"":""1553"",""p"":""0.4869""}"
2026-10-03T00:19:36.349631Z,1790986775992,SANDUSDT,Buy,1019,0.06412,"{""T"":1790986775992,""s"":""SANDUSDT"",""S"":""Buy"",""v"":""1019"",""p"":""0.06412""}"
2026-10-03T00:19:36.349631Z,1790986776261,SANDUSDT,Buy,280,0.06406,"{""T"":1790986776261,""s"":""SANDUSDT"",""S"":""Buy"",""v"":""280"",""p"":""0.06406""}"
2026-10-03T00:19:36.850154Z,1790986776293,SANDUSDT,Buy,980,0.06370,"{""T"":1790986776293,""s"":""SANDUSDT"",""S"":""Buy"",""v"":""980"",""p"":""0.06370""}"
2026-10-03T00:19:36.850154Z,1790986776394,SANDUSDT,Buy,433,0.06401,"{""T"":1790986776394,""s"":""SANDUSDT"",""S"":""Buy"",""v"":""433"",""p"":""0.06401""}"
2026-10-03T00:19:36.850154Z,1790986776554,SANDUSDT,Buy,916,0.06404,"{""T"":1790986776554,""s"":""SANDUSDT"",""S"":""Buy"",""v"":""916"",""p"":""0.06404""}"
2026-10-03T00:19:36.850154Z,1790986776599,SANDUSDT,Buy,999,0.06347,"{""T"":1790986776599,""s"":""SANDUSDT"",""S"":""Buy"",""v"":""999"",""p"":""0.06347""}"
2026-10-03T00:19:36.850154Z,1790986776704,SANDUSDT,Buy,1480,0.06384,"{""T"":1790986776704,""s"":""SANDUSDT"",""S"":""Buy"",""v"":""1480"",""p"":""0.06384""}"
2026-10-03T00:19:36.850729Z,1790986776324,MANAUSDT,Buy,928.3,0.09760,"{""T"":1790986776324,""s"":""MANAUSDT"",""S"":""Buy"",""v"":""928.3"",""p"":""0.09760""}"
2026-10-03T00:19:37.349664Z,1790986776870,SANDUSDT,Buy,8558,0.06385,"{""T"":1790986776870,""s"":""SANDUSDT"",""S"":""Buy"",""v"":""8558"",""p"":""0.06385""}"
2026-10-03T00:19:37.488130Z,1790986777188,NIGHTUSDT,Buy,4560,0.04790,"{""T"":1790986777188,""s"":""NIGHTUSDT"",""S"":""Buy"",""v"":""4560"",""p"":""0.04790""}"
2026-10-03T00:19:37.849637Z,1790986777456,MARSCOINUSDT,Buy,100,0.10310,"{""T"":1790986777456,""s"":""MARSCOINUSDT"",""S"":""Buy"",""v"":""100"",""p"":""0.10310""}"
2026-10-03T00:19:37.849637Z,1790986777641,MARSCOINUSDT,Buy,2860,0.10310,"{""T"":1790986777641,""s"":""MARSCOINUSDT"",""S"":""Buy"",""v"":""2860"",""p"":""0.10310""}"
2026-10-03T00:20:31.850631Z,1790986831608,SANDUSDT,Buy,340,0.06514,"{""T"":1790986831608,""s"":""SANDUSDT"",""S"":""Buy"",""v"":""340"",""p"":""0.06514""}"
2026-10-03T00:21:08.849499Z,1790986868515,SANDUSDT,Sell,2531,0.06660,"{""T"":1790986868515,""s"":""SANDUSDT"",""S"":""Sell"",""v"":""2531"",""p"":""0.06660""}"
2026-10-03T00:21:09.850341Z,1790986869496,SANDUSDT,Sell,1233,0.06671,"{""T"":1790986869496,""s"":""SANDUSDT"",""S"":""Sell"",""v"":""1233"",""p"":""0.06671""}"
2026-10-03T00:21:18.849723Z,1790986878330,MANAUSDT,Buy,2802.7,0.09685,"{""T"":1790986878330,""s"":""MANAUSDT"",""S"":""Buy"",""v"":""2802.7"",""p"":""0.09685""}"
2026-10-03T00:21:21.457237Z,1790986881355,QNTUSDT,Sell,7.13,251.61,"{""T"":1790986881355,""s"":""QNTUSDT"",""S"":""Sell"",""v"":""7.13"",""p"":""251.61""}"
2026-10-03T00:21:22.349734Z,1790986881983,SANDUSDT,Buy,1963,0.06428,"{""T"":1790986881983,""s"":""SANDUSDT"",""S"":""Buy"",""v"":""1963"",""p"":""0.06428""}"
2026-10-03T00:21:25.849607Z,1790986885300,SANDUSDT,Buy,8952,0.06392,"{""T"":1790986885300,""s"":""SANDUSDT"",""S"":""Buy"",""v"":""8952"",""p"":""0.06392""}"
2026-10-03T00:22:27.915747Z,1790986947700,ZECUSDT,Sell,0.15,1331.76,"{""T"":1790986947700,""s"":""ZECUSDT"",""S"":""Sell"",""v"":""0.15"",""p"":""1331.76""}"
2026-10-03T00:22:29.915321Z,1790986949458,ZECUSDT,Sell,8.11,1333.04,"{""T"":1790986949458,""s"":""ZECUSDT"",""S"":""Sell"",""v"":""8.11"",""p"":""1333.04""}"
2026-10-03T00:22:33.415562Z,1790986953023,ZECUSDT,Sell,1.00,1334.11,"{""T"":1790986953023,""s"":""ZECUSDT"",""S"":""Sell"",""v"":""1.00"",""p"":""1334.11""}"
2026-10-03T00:23:04.838594Z,1790986984680,AAVEUSDT,Buy,3.13,177.26,"{""T"":1790986984680,""s"":""AAVEUSDT"",""S"":""Buy"",""v"":""3.13"",""p"":""177.26""}"
2026-10-03T00:23:14.339627Z,1790986994125,AAVEUSDT,Buy,0.24,177.20,"{""T"":1790986994125,""s"":""AAVEUSDT"",""S"":""Buy"",""v"":""0.24"",""p"":""177.20""}"
2026-10-03T00:23:41.352171Z,1790987021000,SANDUSDT,Sell,2290,0.06597,"{""T"":1790987021000,""s"":""SANDUSDT"",""S"":""Sell"",""v"":""2290"",""p"":""0.06597""}"
2026-10-03T00:24:01.350384Z,1790987041142,SANDUSDT,Sell,1545,0.06646,"{""T"":1790987041142,""s"":""SANDUSDT"",""S"":""Sell"",""v"":""1545"",""p"":""0.06646""}"
2026-10-03T00:24:01.849636Z,1790987041372,SANDUSDT,Sell,1299,0.06648,"{""T"":1790987041372,""s"":""SANDUSDT"",""S"":""Sell"",""v"":""1299"",""p"":""0.06648""}"
2026-10-03T00:24:15.350180Z,1790987054905,SANDUSDT,Sell,303,0.06669,"{""T"":1790987054905,""s"":""SANDUSDT"",""S"":""Sell"",""v"":""303"",""p"":""0.06669""}"
2026-10-03T00:24:21.498266Z,1790987061106,PENGUUSDT,Sell,112440,0.009050,"{""T"":1790987061106,""s"":""PENGUUSDT"",""S"":""Sell"",""v"":""112440"",""p"":""0.009050""}"
2026-10-03T00:24:37.349739Z,1790987076839,SANDUSDT,Sell,3472,0.06640,"{""T"":1790987076839,""s"":""SANDUSDT"",""S"":""Sell"",""v"":""3472"",""p"":""0.06640""}"
2026-10-03T00:24:41.415296Z,1790987081309,ZECUSDT,Sell,0.03,1338.20,"{""T"":1790987081309,""s"":""ZECUSDT"",""S"":""Sell"",""v"":""0.03"",""p"":""1338.20""}"
2026-10-03T00:25:12.064371Z,1790987111936,SOLUSDT,Sell,0.6,119.480,"{""T"":1790987111936,""s"":""SOLUSDT"",""S"":""Sell"",""v"":""0.6"",""p"":""119.480""}"
2026-10-03T00:25:30.994383Z,1790987130578,SUIUSDT,Sell,2220,1.18160,"{""T"":1790987130578,""s"":""SUIUSDT"",""S"":""Sell"",""v"":""2220"",""p"":""1.18160""}"
2026-10-03T00:25:32.349551Z,1790987131775,ENJUSDT,Buy,6703.0,0.032550,"{""T"":1790987131775,""s"":""ENJUSDT"",""S"":""Buy"",""v"":""6703.0"",""p"":""0.032550""}"
2026-10-03T00:25:43.330700Z,1790987143119,LONGXIAUSDT,Buy,50024,0.0355,"{""T"":1790987143119,""s"":""LONGXIAUSDT"",""S"":""Buy"",""v"":""50024"",""p"":""0.0355""}"
2026-10-03T00:25:57.330519Z,1790987157126,LONGXIAUSDT,Buy,4196,0.0353,"{""T"":1790987157126,""s"":""LONGXIAUSDT"",""S"":""Buy"",""v"":""4196"",""p"":""0.0353""}"
2026-10-03T00:25:57.831051Z,1790987157582,LONGXIAUSDT,Buy,870,0.0353,"{""T"":1790987157582,""s"":""LONGXIAUSDT"",""S"":""Buy"",""v"":""870"",""p"":""0.0353""}"
2026-10-03T00:26:07.314916Z,1790987167041,PUMPFUNUSDT,Sell,10400,0.0054640,"{""T"":1790987167041,""s"":""PUMPFUNUSDT"",""S"":""Sell"",""v"":""10400"",""p"":""0.0054640""}"
2026-10-03T00:26:20.849836Z,1790987180527,SANDUSDT,Sell,4368,0.06627,"{""T"":1790987180527,""s"":""SANDUSDT"",""S"":""Sell"",""v"":""4368"",""p"":""0.06627""}"
2026-10-03T00:26:43.849744Z,1790987203332,SANDUSDT,Sell,268,0.06616,"{""T"":1790987203332,""s"":""SANDUSDT"",""S"":""Sell"",""v"":""268"",""p"":""0.06616""}"
2026-10-03T00:26:49.957917Z,1790987209653,ETHUSDT,Sell,0.02,2679.11,"{""T"":1790987209653,""s"":""ETHUSDT"",""S"":""Sell"",""v"":""0.02"",""p"":""2679.11""}"
2026-10-03T00:27:30.839536Z,1790987250349,LITUSDT,Buy,623.0,3.5020,"{""T"":1790987250349,""s"":""LITUSDT"",""S"":""Buy"",""v"":""623.0"",""p"":""3.5020""}"
2026-10-03T00:27:32.349664Z,1790987251840,SANDUSDT,Buy,15035,0.06419,"{""T"":1790987251840,""s"":""SANDUSDT"",""S"":""Buy"",""v"":""15035"",""p"":""0.06419""}"
2026-10-03T00:27:42.915694Z,1790987262487,DOGEUSDT,Sell,1015,0.09394,"{""T"":1790987262487,""s"":""DOGEUSDT"",""S"":""Sell"",""v"":""1015"",""p"":""0.09394""}"
2026-10-03T00:28:01.458018Z,1790987281368,ETHUSDT,Sell,0.64,2679.93,"{""T"":1790987281368,""s"":""ETHUSDT"",""S"":""Sell"",""v"":""0.64"",""p"":""2679.93""}"
2026-10-03T00:28:05.494415Z,1790987285197,SUIUSDT,Sell,1020,1.18660,"{""T"":1790987285197,""s"":""SUIUSDT"",""S"":""Sell"",""v"":""1020"",""p"":""1.18660""}"
2026-10-03T00:28:12.636713Z,1790987292096,AKEUSDT,Sell,1300,0.0334260,"{""T"":1790987292096,""s"":""AKEUSDT"",""S"":""Sell"",""v"":""1300"",""p"":""0.0334260""}"
2026-10-03T00:28:33.018622Z,1790987312909,NEARUSDT,Sell,537.0,4.7520,"{""T"":1790987312909,""s"":""NEARUSDT"",""S"":""Sell"",""v"":""537.0"",""p"":""4.7520""}"
2026-10-03T00:28:42.998335Z,1790987322866,CTUSDT,Sell,1432,0.5181,"{""T"":1790987322866,""s"":""CTUSDT"",""S"":""Sell"",""v"":""1432"",""p"":""0.5181""}"
2026-10-03T00:29:09.998063Z,1790987349589,CTUSDT,Sell,676,0.5251,"{""T"":1790987349589,""s"":""CTUSDT"",""S"":""Sell"",""v"":""676"",""p"":""0.5251""}"
2026-10-03T00:29:10.915477Z,1790987350586,DOGEUSDT,Sell,132071,0.09411,"{""T"":1790987350586,""s"":""DOGEUSDT"",""S"":""Sell"",""v"":""132071"",""p"":""0.09411""}"
2026-10-03T00:29:20.838732Z,1790987360304,LITUSDT,Buy,1100.0,3.5010,"{""T"":1790987360304,""s"":""LITUSDT"",""S"":""Buy"",""v"":""1100.0"",""p"":""3.5010""}"
2026-10-03T00:29:34.350623Z,1790987373846,SANDUSDT,Buy,6615,0.06411,"{""T"":1790987373846,""s"":""SANDUSDT"",""S"":""Buy"",""v"":""6615"",""p"":""0.06411""}"
2026-10-03T00:30:48.567395Z,1790987448144,SOLUSDT,Sell,294.2,119.580,"{""T"":1790987448144,""s"":""SOLUSDT"",""S"":""Sell"",""v"":""294.2"",""p"":""119.580""}"
2026-10-03T00:30:49.138752Z,1790987448945,STRKUSDT,Sell,24213.0,0.04417,"{""T"":1790987448945,""s"":""STRKUSDT"",""S"":""Sell"",""v"":""24213.0"",""p"":""0.04417""}"
2026-10-03T00:31:10.137268Z,1790987469610,STRKUSDT,Sell,58929.4,0.04425,"{""T"":1790987469610,""s"":""STRKUSDT"",""S"":""Sell"",""v"":""58929.4"",""p"":""0.04425""}"
2026-10-03T00:31:10.497973Z,1790987470288,PENGUUSDT,Sell,403440,0.009091,"{""T"":1790987470288,""s"":""PENGUUSDT"",""S"":""Sell"",""v"":""403440"",""p"":""0.009091""}"
2026-10-03T00:31:13.564467Z,1790987473191,SOLUSDT,Sell,11.5,119.590,"{""T"":1790987473191,""s"":""SOLUSDT"",""S"":""Sell"",""v"":""11.5"",""p"":""119.590""}"
2026-10-03T00:31:13.958131Z,1790987473835,ETHUSDT,Sell,0.73,2681.59,"{""T"":1790987473835,""s"":""ETHUSDT"",""S"":""Sell"",""v"":""0.73"",""p"":""2681.59""}"
2026-10-03T00:31:18.338693Z,1790987478126,XRPUSDT,Sell,103.0,1.4966,"{""T"":1790987478126,""s"":""XRPUSDT"",""S"":""Sell"",""v"":""103.0"",""p"":""1.4966""}"
2026-10-03T00:31:48.564117Z,1790987508294,SOLUSDT,Sell,0.4,119.700,"{""T"":1790987508294,""s"":""SOLUSDT"",""S"":""Sell"",""v"":""0.4"",""p"":""119.700""}"
2026-10-03T00:31:49.349608Z,1790987509141,SANDUSDT,Sell,38337,0.06643,"{""T"":1790987509141,""s"":""SANDUSDT"",""S"":""Sell"",""v"":""38337"",""p"":""0.06643""}"
2026-10-03T00:32:07.853773Z,1790987527455,SANDUSDT,Buy,33121,0.06508,"{""T"":1790987527455,""s"":""SANDUSDT"",""S"":""Buy"",""v"":""33121"",""p"":""0.06508""}"
2026-10-03T00:32:10.567788Z,1790987530017,BTCUSDT,Sell,0.148,84846.00,"{""T"":1790987530017,""s"":""BTCUSDT"",""S"":""Sell"",""v"":""0.148"",""p"":""84846.00""}"
2026-10-03T00:32:19.839588Z,1790987539390,ONDOUSDT,Sell,13,0.5000,"{""T"":1790987539390,""s"":""ONDOUSDT"",""S"":""Sell"",""v"":""13"",""p"":""0.5000""}"
2026-10-03T00:33:36.314739Z,1790987615901,PUMPFUNUSDT,Sell,168400,0.0055580,"{""T"":1790987615901,""s"":""PUMPFUNUSDT"",""S"":""Sell"",""v"":""168400"",""p"":""0.0055580""}"
2026-10-03T00:33:51.854076Z,1790987631689,SANDUSDT,Sell,1191,0.06638,"{""T"":1790987631689,""s"":""SANDUSDT"",""S"":""Sell"",""v"":""1191"",""p"":""0.06638""}"
2026-10-03T00:33:58.850124Z,1790987638541,SANDUSDT,Sell,1717,0.06702,"{""T"":1790987638541,""s"":""SANDUSDT"",""S"":""Sell"",""v"":""1717"",""p"":""0.06702""}"
2026-10-03T00:34:10.570330Z,1790987650392,BTCUSDT,Sell,0.013,84869.00,"{""T"":1790987650392,""s"":""BTCUSDT"",""S"":""Sell"",""v"":""0.013"",""p"":""84869.00""}"
2026-10-03T00:34:13.458200Z,1790987653055,ETHUSDT,Sell,5.21,2682.88,"{""T"":1790987653055,""s"":""ETHUSDT"",""S"":""Sell"",""v"":""5.21"",""p"":""2682.88""}"
2026-10-03T00:34:37.457481Z,1790987676973,ETHUSDT,Sell,1.74,2683.41,"{""T"":1790987676973,""s"":""ETHUSDT"",""S"":""Sell"",""v"":""1.74"",""p"":""2683.41""}"
2026-10-03T00:34:43.136744Z,1790987682616,MOVRUSDT,Sell,384.0,1.9540,"{""T"":1790987682616,""s"":""MOVRUSDT"",""S"":""Sell"",""v"":""384.0"",""p"":""1.9540""}"
2026-10-03T00:35:33.350012Z,1790987733146,SANDUSDT,Sell,1107,0.06670,"{""T"":1790987733146,""s"":""SANDUSDT"",""S"":""Sell"",""v"":""1107"",""p"":""0.06670""}"
2026-10-03T00:35:38.349976Z,1790987738058,SANDUSDT,Sell,2960,0.06688,"{""T"":1790987738058,""s"":""SANDUSDT"",""S"":""Sell"",""v"":""2960"",""p"":""0.06688""}"
2026-10-03T00:36:11.849763Z,1790987771499,SANDUSDT,Buy,302,0.06516,"{""T"":1790987771499,""s"":""SANDUSDT"",""S"":""Buy"",""v"":""302"",""p"":""0.06516""}"
2026-10-03T00:36:23.226009Z,1790987782283,SANDUSDT,Buy,17121,0.06505,"{""T"":1790987782283,""s"":""SANDUSDT"",""S"":""Buy"",""v"":""17121"",""p"":""0.06505""}"
2026-10-03T00:36:28.568223Z,1790987788424,BTCUSDT,Sell,0.048,84880.00,"{""T"":1790987788424,""s"":""BTCUSDT"",""S"":""Sell"",""v"":""0.048"",""p"":""84880.00""}"
2026-10-03T00:36:50.988767Z,1790987810625,NIGHTUSDT,Sell,370,0.05008,"{""T"":1790987810625,""s"":""NIGHTUSDT"",""S"":""Sell"",""v"":""370"",""p"":""0.05008""}"
2026-10-03T00:37:09.068186Z,1790987828910,BTCUSDT,Sell,0.102,84890.80,"{""T"":1790987828910,""s"":""BTCUSDT"",""S"":""Sell"",""v"":""0.102"",""p"":""84890.80""}"
2026-10-03T00:37:11.988083Z,1790987831705,NIGHTUSDT,Sell,1690,0.05022,"{""T"":1790987831705,""s"":""NIGHTUSDT"",""S"":""Sell"",""v"":""1690"",""p"":""0.05022""}"
2026-10-03T00:37:11.988083Z,1790987831756,NIGHTUSDT,Sell,770,0.05020,"{""T"":1790987831756,""s"":""NIGHTUSDT"",""S"":""Sell"",""v"":""770"",""p"":""0.05020""}"
2026-10-03T00:37:12.957222Z,1790987832578,ETHUSDT,Sell,0.04,2684.84,"{""T"":1790987832578,""s"":""ETHUSDT"",""S"":""Sell"",""v"":""0.04"",""p"":""2684.84""}"
2026-10-03T00:37:32.850352Z,1790987852738,SANDUSDT,Buy,682,0.06481,"{""T"":1790987852738,""s"":""SANDUSDT"",""S"":""Buy"",""v"":""682"",""p"":""0.06481""}"
2026-10-03T00:37:33.350171Z,1790987852781,SANDUSDT,Buy,16552,0.06480,"{""T"":1790987852781,""s"":""SANDUSDT"",""S"":""Buy"",""v"":""16552"",""p"":""0.06480""}"
2026-10-03T00:37:55.488307Z,1790987875109,NIGHTUSDT,Sell,470,0.05049,"{""T"":1790987875109,""s"":""NIGHTUSDT"",""S"":""Sell"",""v"":""470"",""p"":""0.05049""}"
2026-10-03T00:37:55.988857Z,1790987875625,MAGMAUSDT,Buy,42,0.34390,"{""T"":1790987875625,""s"":""MAGMAUSDT"",""S"":""Buy"",""v"":""42"",""p"":""0.34390""}"
2026-10-03T00:38:39.350298Z,1790987919212,SANDUSDT,Buy,58586,0.06470,"{""T"":1790987919212,""s"":""SANDUSDT"",""S"":""Buy"",""v"":""58586"",""p"":""0.06470""}"
2026-10-03T00:38:40.349841Z,1790987919886,SANDUSDT,Buy,28325,0.06471,"{""T"":1790987919886,""s"":""SANDUSDT"",""S"":""Buy"",""v"":""28325"",""p"":""0.06471""}"
2026-10-03T00:38:48.494498Z,1790987928024,SOONUSDT,Sell,13721,0.38690,"{""T"":1790987928024,""s"":""SOONUSDT"",""S"":""Sell"",""v"":""13721"",""p"":""0.38690""}"
2026-10-03T00:39:01.988370Z,1790987941498,USUSDT,Buy,5030,0.023240,"{""T"":1790987941498,""s"":""USUSDT"",""S"":""Buy"",""v"":""5030"",""p"":""0.023240""}"
2026-10-03T00:39:11.988646Z,1790987951750,MAGMAUSDT,Buy,212,0.34140,"{""T"":1790987951750,""s"":""MAGMAUSDT"",""S"":""Buy"",""v"":""212"",""p"":""0.34140""}"
2026-10-03T00:39:31.491345Z,1790987971222,MAGMAUSDT,Buy,222,0.34120,"{""T"":1790987971222,""s"":""MAGMAUSDT"",""S"":""Buy"",""v"":""222"",""p"":""0.34120""}"
2026-10-03T00:39:44.831648Z,1790987984600,LONGXIAUSDT,Buy,32320,0.0352,"{""T"":1790987984600,""s"":""LONGXIAUSDT"",""S"":""Buy"",""v"":""32320"",""p"":""0.0352""}"
2026-10-03T00:39:44.988847Z,1790987984763,MAGMAUSDT,Buy,30,0.33970,"{""T"":1790987984763,""s"":""MAGMAUSDT"",""S"":""Buy"",""v"":""30"",""p"":""0.33970""}"
2026-10-03T00:40:10.960845Z,1790988010777,QNTUSDT,Sell,0.40,251.99,"{""T"":1790988010777,""s"":""QNTUSDT"",""S"":""Sell"",""v"":""0.40"",""p"":""251.99""}"
2026-10-03T00:40:11.957637Z,1790988011415,QNTUSDT,Sell,0.02,252.01,"{""T"":1790988011415,""s"":""QNTUSDT"",""S"":""Sell"",""v"":""0.02"",""p"":""252.01""}"
2026-10-03T00:40:18.494018Z,1790988017985,SOONUSDT,Sell,61,0.38800,"{""T"":1790988017985,""s"":""SOONUSDT"",""S"":""Sell"",""v"":""61"",""p"":""0.38800""}"
2026-10-03T00:40:27.994220Z,1790988027715,SOONUSDT,Sell,4440,0.38880,"{""T"":1790988027715,""s"":""SOONUSDT"",""S"":""Sell"",""v"":""4440"",""p"":""0.38880""}"
2026-10-03T00:41:54.457957Z,1790988114124,QNTUSDT,Sell,2.31,252.37,"{""T"":1790988114124,""s"":""QNTUSDT"",""S"":""Sell"",""v"":""2.31"",""p"":""252.37""}"
2026-10-03T00:42:26.988075Z,1790988146789,NIGHTUSDT,Sell,190,0.05078,"{""T"":1790988146789,""s"":""NIGHTUSDT"",""S"":""Sell"",""v"":""190"",""p"":""0.05078""}"
2026-10-03T00:42:27.488087Z,1790988147034,NIGHTUSDT,Sell,640,0.05082,"{""T"":1790988147034,""s"":""NIGHTUSDT"",""S"":""Sell"",""v"":""640"",""p"":""0.05082""}"
2026-10-03T00:42:42.349897Z,1790988161854,SANDUSDT,Buy,57932,0.06444,"{""T"":1790988161854,""s"":""SANDUSDT"",""S"":""Buy"",""v"":""57932"",""p"":""0.06444""}"
2026-10-03T00:42:42.349897Z,1790988161974,SANDUSDT,Buy,18666,0.06445,"{""T"":1790988161974,""s"":""SANDUSDT"",""S"":""Buy"",""v"":""18666"",""p"":""0.06445""}"
2026-10-03T00:42:53.350083Z,1790988172933,SANDUSDT,Sell,3533,0.06608,"{""T"":1790988172933,""s"":""SANDUSDT"",""S"":""Sell"",""v"":""3533"",""p"":""0.06608""}"
2026-10-03T00:43:40.957806Z,1790988220549,QNTUSDT,Sell,2.13,253.16,"{""T"":1790988220549,""s"":""QNTUSDT"",""S"":""Sell"",""v"":""2.13"",""p"":""253.16""}"
2026-10-03T00:43:47.999062Z,1790988227423,CTUSDT,Sell,6373,0.5438,"{""T"":1790988227423,""s"":""CTUSDT"",""S"":""Sell"",""v"":""6373"",""p"":""0.5438""}"
2026-10-03T00:43:54.457841Z,1790988234138,QNTUSDT,Sell,0.55,255.06,"{""T"":1790988234138,""s"":""QNTUSDT"",""S"":""Sell"",""v"":""0.55"",""p"":""255.06""}"
2026-10-03T00:44:10.960960Z,1790988250661,QNTUSDT,Buy,0.04,248.93,"{""T"":1790988250661,""s"":""QNTUSDT"",""S"":""Buy"",""v"":""0.04"",""p"":""248.93""}"
2026-10-03T00:44:28.818810Z,1790988268646,PUMPFUNUSDT,Sell,54700,0.0056550,"{""T"":1790988268646,""s"":""PUMPFUNUSDT"",""S"":""Sell"",""v"":""54700"",""p"":""0.0056550""}"
2026-10-03T00:44:28.840164Z,1790988268735,AAVEUSDT,Sell,0.24,180.70,"{""T"":1790988268735,""s"":""AAVEUSDT"",""S"":""Sell"",""v"":""0.24"",""p"":""180.70""}"
2026-10-03T00:44:28.994589Z,1790988268735,SUIUSDT,Sell,50,1.19660,"{""T"":1790988268735,""s"":""SUIUSDT"",""S"":""Sell"",""v"":""50"",""p"":""1.19660""}"
2026-10-03T00:44:29.065419Z,1790988268735,SOLUSDT,Sell,0.5,119.620,"{""T"":1790988268735,""s"":""SOLUSDT"",""S"":""Sell"",""v"":""0.5"",""p"":""119.620""}"
2026-10-03T00:44:29.315356Z,1790988268735,PUMPFUNUSDT,Sell,5800,0.0056560,"{""T"":1790988268735,""s"":""PUMPFUNUSDT"",""S"":""Sell"",""v"":""5800"",""p"":""0.0056560""}"
2026-10-03T00:44:43.849843Z,1790988283712,SANDUSDT,Sell,442,0.06648,"{""T"":1790988283712,""s"":""SANDUSDT"",""S"":""Sell"",""v"":""442"",""p"":""0.06648""}"
2026-10-03T00:44:56.488947Z,1790988296346,ZROUSDT,Sell,56.9,1.7831,"{""T"":1790988296346,""s"":""ZROUSDT"",""S"":""Sell"",""v"":""56.9"",""p"":""1.7831""}"
2026-10-03T00:44:56.814861Z,1790988296346,PUMPFUNUSDT,Sell,55300,0.0056900,"{""T"":1790988296346,""s"":""PUMPFUNUSDT"",""S"":""Sell"",""v"":""55300"",""p"":""0.0056900""}"
2026-10-03T00:44:56.814861Z,1790988296458,PUMPFUNUSDT,Sell,7100,0.0056810,"{""T"":1790988296458,""s"":""PUMPFUNUSDT"",""S"":""Sell"",""v"":""7100"",""p"":""0.0056810""}"
2026-10-03T00:44:56.826644Z,1790988296346,FARTCOINUSDT,Sell,436,0.18045,"{""T"":1790988296346,""s"":""FARTCOINUSDT"",""S"":""Sell"",""v"":""436"",""p"":""0.18045""}"
2026-10-03T00:44:56.861157Z,1790988296346,WLDUSDT,Sell,302.8,0.5671,"{""T"":1790988296346,""s"":""WLDUSDT"",""S"":""Sell"",""v"":""302.8"",""p"":""0.5671""}"
2026-10-03T00:45:04.340303Z,1790988303770,LITUSDT,Buy,5.1,3.4930,"{""T"":1790988303770,""s"":""LITUSDT"",""S"":""Buy"",""v"":""5.1"",""p"":""3.4930""}"
2026-10-03T00:45:07.339364Z,1790988306858,LITUSDT,Buy,92.8,3.4930,"{""T"":1790988306858,""s"":""LITUSDT"",""S"":""Buy"",""v"":""92.8"",""p"":""3.4930""}"
2026-10-03T00:45:08.339930Z,1790988308125,LITUSDT,Buy,172.9,3.4920,"{""T"":1790988308125,""s"":""LITUSDT"",""S"":""Buy"",""v"":""172.9"",""p"":""3.4920""}"
2026-10-03T00:45:12.339655Z,1790988312191,LITUSDT,Buy,22.8,3.4880,"{""T"":1790988312191,""s"":""LITUSDT"",""S"":""Buy"",""v"":""22.8"",""p"":""3.4880""}"
2026-10-03T00:45:28.488644Z,1790988328029,NIGHTUSDT,Sell,840,0.05084,"{""T"":1790988328029,""s"":""NIGHTUSDT"",""S"":""Sell"",""v"":""840"",""p"":""0.05084""}"
2026-10-03T00:45:56.331420Z,1790988356226,LONGXIAUSDT,Buy,3237,0.0350,"{""T"":1790988356226,""s"":""LONGXIAUSDT"",""S"":""Buy"",""v"":""3237"",""p"":""0.0350""}"
2026-10-03T00:45:58.830573Z,1790988358680,LONGXIAUSDT,Buy,830,0.0348,"{""T"":1790988358680,""s"":""LONGXIAUSDT"",""S"":""Buy"",""v"":""830"",""p"":""0.0348""}"
2026-10-03T00:46:00.830894Z,1790988360421,LONGXIAUSDT,Buy,520,0.0347,"{""T"":1790988360421,""s"":""LONGXIAUSDT"",""S"":""Buy"",""v"":""520"",""p"":""0.0347""}"
2026-10-03T00:46:00.830894Z,1790988360616,LONGXIAUSDT,Buy,706,0.0348,"{""T"":1790988360616,""s"":""LONGXIAUSDT"",""S"":""Buy"",""v"":""706"",""p"":""0.0348""}"
2026-10-03T00:46:05.988780Z,1790988365535,NIGHTUSDT,Sell,2280,0.05097,"{""T"":1790988365535,""s"":""NIGHTUSDT"",""S"":""Sell"",""v"":""2280"",""p"":""0.05097""}"
2026-10-03T00:46:05.988780Z,1790988365535,NIGHTUSDT,Sell,1690,0.05095,"{""T"":1790988365535,""s"":""NIGHTUSDT"",""S"":""Sell"",""v"":""1690"",""p"":""0.05095""}"
2026-10-03T00:46:08.488414Z,1790988367921,NIGHTUSDT,Sell,5770,0.05108,"{""T"":1790988367921,""s"":""NIGHTUSDT"",""S"":""Sell"",""v"":""5770"",""p"":""0.05108""}"
2026-10-03T00:46:08.488414Z,1790988367971,NIGHTUSDT,Sell,1970,0.05101,"{""T"":1790988367971,""s"":""NIGHTUSDT"",""S"":""Sell"",""v"":""1970"",""p"":""0.05101""}"
2026-10-03T00:46:08.988176Z,1790988368636,NIGHTUSDT,Sell,1070,0.05115,"{""T"":1790988368636,""s"":""NIGHTUSDT"",""S"":""Sell"",""v"":""1070"",""p"":""0.05115""}"
2026-10-03T00:46:12.457486Z,1790988372250,QNTUSDT,Sell,1.00,256.44,"{""T"":1790988372250,""s"":""QNTUSDT"",""S"":""Sell"",""v"":""1.00"",""p"":""256.44""}"
2026-10-03T00:46:17.137552Z,1790988376878,STRKUSDT,Sell,4304.9,0.04432,"{""T"":1790988376878,""s"":""STRKUSDT"",""S"":""Sell"",""v"":""4304.9"",""p"":""0.04432""}"
2026-10-03T00:46:24.488506Z,1790988384281,NIGHTUSDT,Sell,290,0.05121,"{""T"":1790988384281,""s"":""NIGHTUSDT"",""S"":""Sell"",""v"":""290"",""p"":""0.05121""}"
2026-10-03T00:46:24.488506Z,1790988384331,NIGHTUSDT,Sell,94820,0.05125,"{""T"":1790988384331,""s"":""NIGHTUSDT"",""S"":""Sell"",""v"":""94820"",""p"":""0.05125""}"
2026-10-03T00:46:47.853644Z,1790988407587,SANDUSDT,Sell,191,0.06703,"{""T"":1790988407587,""s"":""SANDUSDT"",""S"":""Sell"",""v"":""191"",""p"":""0.06703""}"
2026-10-03T00:46:48.349749Z,1790988408177,SANDUSDT,Sell,6833,0.06709,"{""T"":1790988408177,""s"":""SANDUSDT"",""S"":""Sell"",""v"":""6833"",""p"":""0.06709""}"
2026-10-03T00:46:49.849896Z,1790988409316,SANDUSDT,Sell,29977,0.06714,"{""T"":1790988409316,""s"":""SANDUSDT"",""S"":""Sell"",""v"":""29977"",""p"":""0.06714""}"
2026-10-03T00:47:01.853676Z,1790988421395,SANDUSDT,Sell,18832,0.06721,"{""T"":1790988421395,""s"":""SANDUSDT"",""S"":""Sell"",""v"":""18832"",""p"":""0.06721""}"
2026-10-03T00:47:34.851637Z,1790988454460,SANDUSDT,Sell,3546,0.06779,"{""T"":1790988454460,""s"":""SANDUSDT"",""S"":""Sell"",""v"":""3546"",""p"":""0.06779""}"
2026-10-03T00:47:34.851637Z,1790988454673,SANDUSDT,Sell,22434,0.06781,"{""T"":1790988454673,""s"":""SANDUSDT"",""S"":""Sell"",""v"":""22434"",""p"":""0.06781""}"
2026-10-03T00:47:35.067901Z,1790988454673,BTCUSDT,Sell,0.148,84857.70,"{""T"":1790988454673,""s"":""BTCUSDT"",""S"":""Sell"",""v"":""0.148"",""p"":""84857.70""}"
2026-10-03T00:47:46.334405Z,1790988465921,LONGXIAUSDT,Buy,500,0.0342,"{""T"":1790988465921,""s"":""LONGXIAUSDT"",""S"":""Buy"",""v"":""500"",""p"":""0.0342""}"
2026-10-03T00:47:46.334405Z,1790988465938,LONGXIAUSDT,Buy,10152,0.0342,"{""T"":1790988465938,""s"":""LONGXIAUSDT"",""S"":""Buy"",""v"":""10152"",""p"":""0.0342""}"
2026-10-03T00:47:46.334405Z,1790988466067,LONGXIAUSDT,Buy,2865,0.0341,"{""T"":1790988466067,""s"":""LONGXIAUSDT"",""S"":""Buy"",""v"":""2865"",""p"":""0.0341""}"
2026-10-03T00:47:46.830840Z,1790988466375,LONGXIAUSDT,Buy,1687,0.0341,"{""T"":1790988466375,""s"":""LONGXIAUSDT"",""S"":""Buy"",""v"":""1687"",""p"":""0.0341""}"
2026-10-03T00:47:46.830840Z,1790988466442,LONGXIAUSDT,Buy,432,0.0338,"{""T"":1790988466442,""s"":""LONGXIAUSDT"",""S"":""Buy"",""v"":""432"",""p"":""0.0338""}"
2026-10-03T00:47:46.830840Z,1790988466482,LONGXIAUSDT,Buy,181,0.0342,"{""T"":1790988466482,""s"":""LONGXIAUSDT"",""S"":""Buy"",""v"":""181"",""p"":""0.0342""}"
2026-10-03T00:47:46.830840Z,1790988466552,LONGXIAUSDT,Buy,9210,0.0343,"{""T"":1790988466552,""s"":""LONGXIAUSDT"",""S"":""Buy"",""v"":""9210"",""p"":""0.0343""}"
2026-10-03T00:47:46.830840Z,1790988466626,LONGXIAUSDT,Buy,10360,0.0341,"{""T"":1790988466626,""s"":""LONGXIAUSDT"",""S"":""Buy"",""v"":""10360"",""p"":""0.0341""}"
2026-10-03T00:47:46.830840Z,1790988466707,LONGXIAUSDT,Buy,3937,0.0341,"{""T"":1790988466707,""s"":""LONGXIAUSDT"",""S"":""Buy"",""v"":""3937"",""p"":""0.0341""}"
2026-10-03T00:47:47.831388Z,1790988467478,LONGXIAUSDT,Buy,11276,0.0338,"{""T"":1790988467478,""s"":""LONGXIAUSDT"",""S"":""Buy"",""v"":""11276"",""p"":""0.0338""}"
2026-10-03T00:47:47.831388Z,1790988467532,LONGXIAUSDT,Buy,1860,0.0336,"{""T"":1790988467532,""s"":""LONGXIAUSDT"",""S"":""Buy"",""v"":""1860"",""p"":""0.0336""}"
2026-10-03T00:47:47.831388Z,1790988467554,LONGXIAUSDT,Buy,218,0.0338,"{""T"":1790988467554,""s"":""LONGXIAUSDT"",""S"":""Buy"",""v"":""218"",""p"":""0.0338""}"
2026-10-03T00:47:47.831388Z,1790988467638,LONGXIAUSDT,Buy,764,0.0336,"{""T"":1790988467638,""s"":""LONGXIAUSDT"",""S"":""Buy"",""v"":""764"",""p"":""0.0336""}"
2026-10-03T00:47:48.330781Z,1790988467858,LONGXIAUSDT,Buy,133,0.0338,"{""T"":1790988467858,""s"":""LONGXIAUSDT"",""S"":""Buy"",""v"":""133"",""p"":""0.0338""}"
2026-10-03T00:48:35.349904Z,1790988514906,SANDUSDT,Sell,6038,0.06800,"{""T"":1790988514906,""s"":""SANDUSDT"",""S"":""Sell"",""v"":""6038"",""p"":""0.06800""}"
2026-10-03T00:48:35.349904Z,1790988515187,SANDUSDT,Sell,2637,0.06794,"{""T"":1790988515187,""s"":""SANDUSDT"",""S"":""Sell"",""v"":""2637"",""p"":""0.06794""}"
2026-10-03T00:48:35.850077Z,1790988515699,SANDUSDT,Sell,2299,0.06805,"{""T"":1790988515699,""s"":""SANDUSDT"",""S"":""Sell"",""v"":""2299"",""p"":""0.06805""}"
2026-10-03T00:48:38.350562Z,1790988517910,SANDUSDT,Sell,1506,0.06813,"{""T"":1790988517910,""s"":""SANDUSDT"",""S"":""Sell"",""v"":""1506"",""p"":""0.06813""}"
2026-10-03T00:48:47.850024Z,1790988527422,SANDUSDT,Sell,4350,0.06858,"{""T"":1790988527422,""s"":""SANDUSDT"",""S"":""Sell"",""v"":""4350"",""p"":""0.06858""}"
2026-10-03T00:48:47.850024Z,1790988527463,SANDUSDT,Sell,1522,0.06857,"{""T"":1790988527463,""s"":""SANDUSDT"",""S"":""Sell"",""v"":""1522"",""p"":""0.06857""}"
2026-10-03T00:49:06.350337Z,1790988545804,SANDUSDT,Sell,73486,0.06880,"{""T"":1790988545804,""s"":""SANDUSDT"",""S"":""Sell"",""v"":""73486"",""p"":""0.06880""}"
2026-10-03T00:49:07.849748Z,1790988547430,SANDUSDT,Sell,33801,0.06894,"{""T"":1790988547430,""s"":""SANDUSDT"",""S"":""Sell"",""v"":""33801"",""p"":""0.06894""}"
2026-10-03T00:50:02.958026Z,1790988602727,QNTUSDT,Sell,19.74,256.88,"{""T"":1790988602727,""s"":""QNTUSDT"",""S"":""Sell"",""v"":""19.74"",""p"":""256.88""}"
2026-10-03T00:50:08.488398Z,1790988608090,NIGHTUSDT,Sell,150,0.05133,"{""T"":1790988608090,""s"":""NIGHTUSDT"",""S"":""Sell"",""v"":""150"",""p"":""0.05133""}"
2026-10-03T00:50:11.457766Z,1790988611042,QNTUSDT,Sell,1.02,257.32,"{""T"":1790988611042,""s"":""QNTUSDT"",""S"":""Sell"",""v"":""1.02"",""p"":""257.32""}"
2026-10-03T00:50:30.571024Z,1790988630164,BTCUSDT,Sell,0.007,84907.50,"{""T"":1790988630164,""s"":""BTCUSDT"",""S"":""Sell"",""v"":""0.007"",""p"":""84907.50""}"
2026-10-03T00:50:33.988102Z,1790988633653,NIGHTUSDT,Sell,496150,0.05194,"{""T"":1790988633653,""s"":""NIGHTUSDT"",""S"":""Sell"",""v"":""496150"",""p"":""0.05194""}"
2026-10-03T00:50:33.988102Z,1790988633654,NIGHTUSDT,Sell,430,0.05179,"{""T"":1790988633654,""s"":""NIGHTUSDT"",""S"":""Sell"",""v"":""430"",""p"":""0.05179""}"
2026-10-03T00:50:33.988102Z,1790988633811,NIGHTUSDT,Sell,9440,0.05184,"{""T"":1790988633811,""s"":""NIGHTUSDT"",""S"":""Sell"",""v"":""9440"",""p"":""0.05184""}"
2026-10-03T00:50:34.488115Z,1790988634116,NIGHTUSDT,Sell,3060,0.05152,"{""T"":1790988634116,""s"":""NIGHTUSDT"",""S"":""Sell"",""v"":""3060"",""p"":""0.05152""}"
2026-10-03T00:50:34.488115Z,1790988634140,NIGHTUSDT,Sell,21000,0.05200,"{""T"":1790988634140,""s"":""NIGHTUSDT"",""S"":""Sell"",""v"":""21000"",""p"":""0.05200""}"
2026-10-03T00:50:34.488115Z,1790988634222,NIGHTUSDT,Sell,3980,0.05162,"{""T"":1790988634222,""s"":""NIGHTUSDT"",""S"":""Sell"",""v"":""3980"",""p"":""0.05162""}"
2026-10-03T00:50:34.988859Z,1790988634764,NIGHTUSDT,Sell,270,0.05232,"{""T"":1790988634764,""s"":""NIGHTUSDT"",""S"":""Sell"",""v"":""270"",""p"":""0.05232""}"
2026-10-03T00:50:35.488101Z,1790988635028,NIGHTUSDT,Sell,9210,0.05206,"{""T"":1790988635028,""s"":""NIGHTUSDT"",""S"":""Sell"",""v"":""9210"",""p"":""0.05206""}"
2026-10-03T00:50:35.488101Z,1790988635058,NIGHTUSDT,Sell,24280,0.05230,"{""T"":1790988635058,""s"":""NIGHTUSDT"",""S"":""Sell"",""v"":""24280"",""p"":""0.05230""}"
2026-10-03T00:50:35.488101Z,1790988635291,NIGHTUSDT,Sell,1160,0.05212,"{""T"":1790988635291,""s"":""NIGHTUSDT"",""S"":""Sell"",""v"":""1160"",""p"":""0.05212""}"
2026-10-03T00:50:39.567632Z,1790988639171,BTCUSDT,Sell,0.014,84909.60,"{""T"":1790988639171,""s"":""BTCUSDT"",""S"":""Sell"",""v"":""0.014"",""p"":""84909.60""}"
2026-10-03T00:50:41.988560Z,1790988641496,NIGHTUSDT,Sell,10,0.05247,"{""T"":1790988641496,""s"":""NIGHTUSDT"",""S"":""Sell"",""v"":""10"",""p"":""0.05247""}"
2026-10-03T00:50:43.988175Z,1790988643561,NIGHTUSDT,Sell,170,0.05251,"{""T"":1790988643561,""s"":""NIGHTUSDT"",""S"":""Sell"",""v"":""170"",""p"":""0.05251""}"
2026-10-03T00:50:44.488208Z,1790988643937,NIGHTUSDT,Sell,1040,0.05251,"{""T"":1790988643937,""s"":""NIGHTUSDT"",""S"":""Sell"",""v"":""1040"",""p"":""0.05251""}"
2026-10-03T00:50:47.457546Z,1790988647137,QNTUSDT,Sell,0.30,257.37,"{""T"":1790988647137,""s"":""QNTUSDT"",""S"":""Sell"",""v"":""0.30"",""p"":""257.37""}"
2026-10-03T00:50:48.567721Z,1790988648203,BTCUSDT,Sell,0.075,84918.20,"{""T"":1790988648203,""s"":""BTCUSDT"",""S"":""Sell"",""v"":""0.075"",""p"":""84918.20""}"
2026-10-03T00:50:48.567721Z,1790988648383,BTCUSDT,Sell,0.066,84918.50,"{""T"":1790988648383,""s"":""BTCUSDT"",""S"":""Sell"",""v"":""0.066"",""p"":""84918.50""}"
2026-10-03T00:50:49.067976Z,1790988648676,BTCUSDT,Sell,0.006,84919.50,"{""T"":1790988648676,""s"":""BTCUSDT"",""S"":""Sell"",""v"":""0.006"",""p"":""84919.50""}"
2026-10-03T00:50:50.457568Z,1790988649905,ETHUSDT,Sell,0.10,2685.33,"{""T"":1790988649905,""s"":""ETHUSDT"",""S"":""Sell"",""v"":""0.10"",""p"":""2685.33""}"
2026-10-03T00:51:04.352528Z,1790988663869,SANDUSDT,Sell,12616,0.06823,"{""T"":1790988663869,""s"":""SANDUSDT"",""S"":""Sell"",""v"":""12616"",""p"":""0.06823""}"
2026-10-03T00:51:04.352528Z,1790988664017,SANDUSDT,Sell,161,0.06823,"{""T"":1790988664017,""s"":""SANDUSDT"",""S"":""Sell"",""v"":""161"",""p"":""0.06823""}"
2026-10-03T00:51:06.989104Z,1790988666430,MAGMAUSDT,Buy,35,0.33470,"{""T"":1790988666430,""s"":""MAGMAUSDT"",""S"":""Buy"",""v"":""35"",""p"":""0.33470""}"
2026-10-03T00:51:34.315210Z,1790988694217,PUMPFUNUSDT,Sell,13700,0.0057090,"{""T"":1790988694217,""s"":""PUMPFUNUSDT"",""S"":""Sell"",""v"":""13700"",""p"":""0.0057090""}"
2026-10-03T00:51:43.815114Z,1790988703524,PUMPFUNUSDT,Sell,874800,0.0057100,"{""T"":1790988703524,""s"":""PUMPFUNUSDT"",""S"":""Sell"",""v"":""874800"",""p"":""0.0057100""}"
2026-10-03T00:52:10.331156Z,1790988730046,LONGXIAUSDT,Buy,5040,0.0336,"{""T"":1790988730046,""s"":""LONGXIAUSDT"",""S"":""Buy"",""v"":""5040"",""p"":""0.0336""}"
2026-10-03T00:52:20.989244Z,1790988740867,MAGMAUSDT,Buy,1355,0.33350,"{""T"":1790988740867,""s"":""MAGMAUSDT"",""S"":""Buy"",""v"":""1355"",""p"":""0.33350""}"
2026-10-03T00:52:24.988212Z,1790988744550,MAGMAUSDT,Buy,113,0.33250,"{""T"":1790988744550,""s"":""MAGMAUSDT"",""S"":""Buy"",""v"":""113"",""p"":""0.33250""}"
2026-10-03T00:52:27.988632Z,1790988747518,MAGMAUSDT,Buy,3900,0.33120,"{""T"":1790988747518,""s"":""MAGMAUSDT"",""S"":""Buy"",""v"":""3900"",""p"":""0.33120""}"
2026-10-03T00:52:46.988571Z,1790988766440,MAGMAUSDT,Buy,834,0.32720,"{""T"":1790988766440,""s"":""MAGMAUSDT"",""S"":""Buy"",""v"":""834"",""p"":""0.32720""}"
2026-10-03T00:52:46.988571Z,1790988766485,MAGMAUSDT,Buy,139,0.32810,"{""T"":1790988766485,""s"":""MAGMAUSDT"",""S"":""Buy"",""v"":""139"",""p"":""0.32810""}"
2026-10-03T00:52:48.489219Z,1790988768150,MAGMAUSDT,Buy,304,0.32520,"{""T"":1790988768150,""s"":""MAGMAUSDT"",""S"":""Buy"",""v"":""304"",""p"":""0.32520""}"
2026-10-03T00:52:48.988585Z,1790988768700,MAGMAUSDT,Buy,203,0.32500,"{""T"":1790988768700,""s"":""MAGMAUSDT"",""S"":""Buy"",""v"":""203"",""p"":""0.32500""}"
2026-10-03T00:52:48.988585Z,1790988768806,MAGMAUSDT,Buy,8527,0.32560,"{""T"":1790988768806,""s"":""MAGMAUSDT"",""S"":""Buy"",""v"":""8527"",""p"":""0.32560""}"
2026-10-03T00:52:48.988585Z,1790988768817,MAGMAUSDT,Buy,1311,0.32520,"{""T"":1790988768817,""s"":""MAGMAUSDT"",""S"":""Buy"",""v"":""1311"",""p"":""0.32520""}"
2026-10-03T00:52:48.988585Z,1790988768877,MAGMAUSDT,Buy,227,0.32470,"{""T"":1790988768877,""s"":""MAGMAUSDT"",""S"":""Buy"",""v"":""227"",""p"":""0.32470""}"
2026-10-03T00:53:05.489292Z,1790988785126,MAGMAUSDT,Buy,278,0.32360,"{""T"":1790988785126,""s"":""MAGMAUSDT"",""S"":""Buy"",""v"":""278"",""p"":""0.32360""}"
2026-10-03T00:53:05.489292Z,1790988785248,MAGMAUSDT,Buy,278,0.32340,"{""T"":1790988785248,""s"":""MAGMAUSDT"",""S"":""Buy"",""v"":""278"",""p"":""0.32340""}"
2026-10-03T00:53:05.489292Z,1790988785270,MAGMAUSDT,Buy,225,0.32340,"{""T"":1790988785270,""s"":""MAGMAUSDT"",""S"":""Buy"",""v"":""225"",""p"":""0.32340""}"
2026-10-03T00:53:18.353166Z,1790988797852,SANDUSDT,Sell,1114,0.06903,"{""T"":1790988797852,""s"":""SANDUSDT"",""S"":""Sell"",""v"":""1114"",""p"":""0.06903""}"
2026-10-03T00:53:44.988385Z,1790988824476,NIGHTUSDT,Sell,1470,0.05261,"{""T"":1790988824476,""s"":""NIGHTUSDT"",""S"":""Sell"",""v"":""1470"",""p"":""0.05261""}"
2026-10-03T00:53:45.488410Z,1790988825102,NIGHTUSDT,Sell,30880,0.05265,"{""T"":1790988825102,""s"":""NIGHTUSDT"",""S"":""Sell"",""v"":""30880"",""p"":""0.05265""}"
2026-10-03T00:53:47.488782Z,1790988827177,MAGMAUSDT,Buy,288,0.32220,"{""T"":1790988827177,""s"":""MAGMAUSDT"",""S"":""Buy"",""v"":""288"",""p"":""0.32220""}"
2026-10-03T00:53:47.988574Z,1790988827487,MAGMAUSDT,Buy,2760,0.32210,"{""T"":1790988827487,""s"":""MAGMAUSDT"",""S"":""Buy"",""v"":""2760"",""p"":""0.32210""}"
2026-10-03T00:53:47.988574Z,1790988827658,MAGMAUSDT,Buy,250,0.32220,"{""T"":1790988827658,""s"":""MAGMAUSDT"",""S"":""Buy"",""v"":""250"",""p"":""0.32220""}"
2026-10-03T00:53:51.488321Z,1790988831306,NIGHTUSDT,Sell,150,0.05272,"{""T"":1790988831306,""s"":""NIGHTUSDT"",""S"":""Sell"",""v"":""150"",""p"":""0.05272""}"
2026-10-03T00:54:14.850005Z,1790988854700,SANDUSDT,Sell,10410,0.06901,"{""T"":1790988854700,""s"":""SANDUSDT"",""S"":""Sell"",""v"":""10410"",""p"":""0.06901""}"
2026-10-03T00:54:15.815763Z,1790988855310,PUMPFUNUSDT,Sell,627000,0.0057610,"{""T"":1790988855310,""s"":""PUMPFUNUSDT"",""S"":""Sell"",""v"":""627000"",""p"":""0.0057610""}"
2026-10-03T00:54:24.988649Z,1790988864436,MAGMAUSDT,Buy,146,0.32040,"{""T"":1790988864436,""s"":""MAGMAUSDT"",""S"":""Buy"",""v"":""146"",""p"":""0.32040""}"
2026-10-03T00:54:24.988649Z,1790988864475,MAGMAUSDT,Buy,519,0.32020,"{""T"":1790988864475,""s"":""MAGMAUSDT"",""S"":""Buy"",""v"":""519"",""p"":""0.32020""}"
2026-10-03T00:54:26.488593Z,1790988866398,MAGMAUSDT,Buy,140,0.31960,"{""T"":1790988866398,""s"":""MAGMAUSDT"",""S"":""Buy"",""v"":""140"",""p"":""0.31960""}"
2026-10-03T00:54:26.989255Z,1790988866449,MAGMAUSDT,Buy,6768,0.31960,"{""T"":1790988866449,""s"":""MAGMAUSDT"",""S"":""Buy"",""v"":""6768"",""p"":""0.31960""}"
2026-10-03T00:54:28.988399Z,1790988868656,NIGHTUSDT,Sell,120,0.05284,"{""T"":1790988868656,""s"":""NIGHTUSDT"",""S"":""Sell"",""v"":""120"",""p"":""0.05284""}"
2026-10-03T00:54:29.350033Z,1790988869120,SANDUSDT,Sell,60745,0.06900,"{""T"":1790988869120,""s"":""SANDUSDT"",""S"":""Sell"",""v"":""60745"",""p"":""0.06900""}"
2026-10-03T00:54:29.488601Z,1790988868938,NIGHTUSDT,Sell,12170,0.05288,"{""T"":1790988868938,""s"":""NIGHTUSDT"",""S"":""Sell"",""v"":""12170"",""p"":""0.05288""}"
2026-10-03T00:54:29.488601Z,1790988869120,NIGHTUSDT,Sell,77710,0.05288,"{""T"":1790988869120,""s"":""NIGHTUSDT"",""S"":""Sell"",""v"":""77710"",""p"":""0.05288""}"
2026-10-03T00:56:18.850491Z,1790988978482,SANDUSDT,Buy,3591,0.06667,"{""T"":1790988978482,""s"":""SANDUSDT"",""S"":""Buy"",""v"":""3591"",""p"":""0.06667""}"
2026-10-03T00:56:21.349908Z,1790988981191,SANDUSDT,Buy,677,0.06664,"{""T"":1790988981191,""s"":""SANDUSDT"",""S"":""Buy"",""v"":""677"",""p"":""0.06664""}"
2026-10-03T00:56:21.849864Z,1790988981623,SANDUSDT,Buy,3796,0.06665,"{""T"":1790988981623,""s"":""SANDUSDT"",""S"":""Buy"",""v"":""3796"",""p"":""0.06665""}"
2026-10-03T00:56:27.989887Z,1790988987633,NIGHTUSDT,Sell,2470,0.05307,"{""T"":1790988987633,""s"":""NIGHTUSDT"",""S"":""Sell"",""v"":""2470"",""p"":""0.05307""}"
2026-10-03T00:57:22.988496Z,1790989042823,BLASTUSDT,Buy,542750,0.0002277,"{""T"":1790989042823,""s"":""BLASTUSDT"",""S"":""Buy"",""v"":""542750"",""p"":""0.0002277""}"
2026-10-03T00:57:31.488687Z,1790989051286,MAGMAUSDT,Buy,53,0.31840,"{""T"":1790989051286,""s"":""MAGMAUSDT"",""S"":""Buy"",""v"":""53"",""p"":""0.31840""}"
2026-10-03T00:57:31.988347Z,1790989051880,MAGMAUSDT,Buy,62,0.31830,"{""T"":1790989051880,""s"":""MAGMAUSDT"",""S"":""Buy"",""v"":""62"",""p"":""0.31830""}"
2026-10-03T00:57:46.850244Z,1790989066756,SANDUSDT,Buy,401,0.06640,"{""T"":1790989066756,""s"":""SANDUSDT"",""S"":""Buy"",""v"":""401"",""p"":""0.06640""}"
2026-10-03T00:57:47.349753Z,1790989066826,SANDUSDT,Buy,5441,0.06639,"{""T"":1790989066826,""s"":""SANDUSDT"",""S"":""Buy"",""v"":""5441"",""p"":""0.06639""}"
2026-10-03T00:57:58.854025Z,1790989078677,SANDUSDT,Buy,1696,0.06625,"{""T"":1790989078677,""s"":""SANDUSDT"",""S"":""Buy"",""v"":""1696"",""p"":""0.06625""}"
2026-10-03T00:58:01.349843Z,1790989080949,SANDUSDT,Buy,4210,0.06605,"{""T"":1790989080949,""s"":""SANDUSDT"",""S"":""Buy"",""v"":""4210"",""p"":""0.06605""}"
2026-10-03T00:58:04.349895Z,1790989083988,SANDUSDT,Buy,692,0.06599,"{""T"":1790989083988,""s"":""SANDUSDT"",""S"":""Buy"",""v"":""692"",""p"":""0.06599""}"
2026-10-03T00:58:12.850689Z,1790989092696,2ZUSDT,Buy,273,0.04444,"{""T"":1790989092696,""s"":""2ZUSDT"",""S"":""Buy"",""v"":""273"",""p"":""0.04444""}"
2026-10-03T00:58:25.989033Z,1790989105637,NIGHTUSDT,Buy,280,0.05105,"{""T"":1790989105637,""s"":""NIGHTUSDT"",""S"":""Buy"",""v"":""280"",""p"":""0.05105""}"
2026-10-03T00:58:40.988768Z,1790989120661,MAGMAUSDT,Buy,45,0.31780,"{""T"":1790989120661,""s"":""MAGMAUSDT"",""S"":""Buy"",""v"":""45"",""p"":""0.31780""}"
2026-10-03T00:59:04.488548Z,1790989144245,MAGMAUSDT,Buy,71,0.31640,"{""T"":1790989144245,""s"":""MAGMAUSDT"",""S"":""Buy"",""v"":""71"",""p"":""0.31640""}"
2026-10-03T00:59:04.488548Z,1790989144368,MAGMAUSDT,Buy,2715,0.31700,"{""T"":1790989144368,""s"":""MAGMAUSDT"",""S"":""Buy"",""v"":""2715"",""p"":""0.31700""}"
2026-10-03T00:59:04.488548Z,1790989144401,MAGMAUSDT,Buy,1284,0.31580,"{""T"":1790989144401,""s"":""MAGMAUSDT"",""S"":""Buy"",""v"":""1284"",""p"":""0.31580""}"
2026-10-03T00:59:04.988393Z,1790989144585,MAGMAUSDT,Buy,60,0.31650,"{""T"":1790989144585,""s"":""MAGMAUSDT"",""S"":""Buy"",""v"":""60"",""p"":""0.31650""}"
2026-10-03T00:59:04.988393Z,1790989144615,MAGMAUSDT,Buy,137,0.31750,"{""T"":1790989144615,""s"":""MAGMAUSDT"",""S"":""Buy"",""v"":""137"",""p"":""0.31750""}"
2026-10-03T00:59:04.988393Z,1790989144624,MAGMAUSDT,Buy,33,0.31650,"{""T"":1790989144624,""s"":""MAGMAUSDT"",""S"":""Buy"",""v"":""33"",""p"":""0.31650""}"
2026-10-03T00:59:05.488351Z,1790989144982,MAGMAUSDT,Buy,8515,0.31610,"{""T"":1790989144982,""s"":""MAGMAUSDT"",""S"":""Buy"",""v"":""8515"",""p"":""0.31610""}"
2026-10-03T00:59:56.850289Z,1790989196601,SANDUSDT,Buy,401,0.06583,"{""T"":1790989196601,""s"":""SANDUSDT"",""S"":""Buy"",""v"":""401"",""p"":""0.06583""}"
2026-10-03T01:00:14.488682Z,1790989214087,NIGHTUSDT,Buy,3820,0.05047,"{""T"":1790989214087,""s"":""NIGHTUSDT"",""S"":""Buy"",""v"":""3820"",""p"":""0.05047""}"
2026-10-03T01:00:15.489375Z,1790989215064,NIGHTUSDT,Buy,3440,0.05044,"{""T"":1790989215064,""s"":""NIGHTUSDT"",""S"":""Buy"",""v"":""3440"",""p"":""0.05044""}"
2026-10-03T01:00:25.488202Z,1790989225238,NIGHTUSDT,Sell,590,0.05242,"{""T"":1790989225238,""s"":""NIGHTUSDT"",""S"":""Sell"",""v"":""590"",""p"":""0.05242""}"
2026-10-03T01:00:30.988507Z,1790989230559,MAGMAUSDT,Buy,2857,0.31480,"{""T"":1790989230559,""s"":""MAGMAUSDT"",""S"":""Buy"",""v"":""2857"",""p"":""0.31480""}"
2026-10-03T01:01:44.349905Z,1790989304108,SANDUSDT,Sell,10587,0.06762,"{""T"":1790989304108,""s"":""SANDUSDT"",""S"":""Sell"",""v"":""10587"",""p"":""0.06762""}"
2026-10-03T01:01:53.849675Z,1790989313747,SANDUSDT,Sell,3227,0.06782,"{""T"":1790989313747,""s"":""SANDUSDT"",""S"":""Sell"",""v"":""3227"",""p"":""0.06782""}"
2026-10-03T01:01:59.850399Z,1790989319284,SANDUSDT,Sell,30500,0.06798,"{""T"":1790989319284,""s"":""SANDUSDT"",""S"":""Sell"",""v"":""30500"",""p"":""0.06798""}"
2026-10-03T01:02:00.849649Z,1790989320734,SANDUSDT,Sell,5120,0.06807,"{""T"":1790989320734,""s"":""SANDUSDT"",""S"":""Sell"",""v"":""5120"",""p"":""0.06807""}"
2026-10-03T01:02:00.988331Z,1790989320734,MAGMAUSDT,Sell,461,0.33550,"{""T"":1790989320734,""s"":""MAGMAUSDT"",""S"":""Sell"",""v"":""461"",""p"":""0.33550""}"
2026-10-03T01:02:04.350604Z,1790989323791,SANDUSDT,Sell,2065,0.06828,"{""T"":1790989323791,""s"":""SANDUSDT"",""S"":""Sell"",""v"":""2065"",""p"":""0.06828""}"
2026-10-03T01:02:05.910287Z,1790989325596,GALAUSDT,Sell,11872,0.002728,"{""T"":1790989325596,""s"":""GALAUSDT"",""S"":""Sell"",""v"":""11872"",""p"":""0.002728""}"
2026-10-03T01:02:26.957960Z,1790989346578,QNTUSDT,Buy,4.50,249.66,"{""T"":1790989346578,""s"":""QNTUSDT"",""S"":""Buy"",""v"":""4.50"",""p"":""249.66""}"
2026-10-03T01:03:01.349729Z,1790989381054,SANDUSDT,Sell,2462,0.06857,"{""T"":1790989381054,""s"":""SANDUSDT"",""S"":""Sell"",""v"":""2462"",""p"":""0.06857""}"
2026-10-03T01:03:03.409909Z,1790989383154,GALAUSDT,Buy,325539,0.002639,"{""T"":1790989383154,""s"":""GALAUSDT"",""S"":""Buy"",""v"":""325539"",""p"":""0.002639""}"
2026-10-03T01:03:04.017720Z,1790989383802,NEARUSDT,Buy,61.8,4.6630,"{""T"":1790989383802,""s"":""NEARUSDT"",""S"":""Buy"",""v"":""61.8"",""p"":""4.6630""}"
2026-10-03T01:03:12.349852Z,1790989391857,SANDUSDT,Buy,146,0.06721,"{""T"":1790989391857,""s"":""SANDUSDT"",""S"":""Buy"",""v"":""146"",""p"":""0.06721""}"
2026-10-03T01:03:21.488114Z,1790989401276,MAGMAUSDT,Sell,2318,0.34670,"{""T"":1790989401276,""s"":""MAGMAUSDT"",""S"":""Sell"",""v"":""2318"",""p"":""0.34670""}"
2026-10-03T01:03:22.989031Z,1790989402443,MAGMAUSDT,Sell,19,0.34760,"{""T"":1790989402443,""s"":""MAGMAUSDT"",""S"":""Sell"",""v"":""19"",""p"":""0.34760""}"
2026-10-03T01:03:30.410284Z,1790989409875,HBARUSDT,Buy,4851,0.10105,"{""T"":1790989409875,""s"":""HBARUSDT"",""S"":""Buy"",""v"":""4851"",""p"":""0.10105""}"
2026-10-03T01:04:10.349689Z,1790989449979,SANDUSDT,Sell,41865,0.06972,"{""T"":1790989449979,""s"":""SANDUSDT"",""S"":""Sell"",""v"":""41865"",""p"":""0.06972""}"
2026-10-03T01:04:10.488822Z,1790989449979,NIGHTUSDT,Sell,72710,0.05248,"{""T"":1790989449979,""s"":""NIGHTUSDT"",""S"":""Sell"",""v"":""72710"",""p"":""0.05248""}"
2026-10-03T01:04:18.349701Z,1790989458193,SANDUSDT,Sell,1699,0.07005,"{""T"":1790989458193,""s"":""SANDUSDT"",""S"":""Sell"",""v"":""1699"",""p"":""0.07005""}"
2026-10-03T01:04:19.349894Z,1790989458831,SANDUSDT,Sell,83,0.07007,"{""T"":1790989458831,""s"":""SANDUSDT"",""S"":""Sell"",""v"":""83"",""p"":""0.07007""}"
2026-10-03T01:04:19.349894Z,1790989458887,SANDUSDT,Sell,1250,0.07003,"{""T"":1790989458887,""s"":""SANDUSDT"",""S"":""Sell"",""v"":""1250"",""p"":""0.07003""}"
2026-10-03T01:04:55.849825Z,1790989495545,SANDUSDT,Sell,14239,0.07022,"{""T"":1790989495545,""s"":""SANDUSDT"",""S"":""Sell"",""v"":""14239"",""p"":""0.07022""}"
2026-10-03T01:04:55.849825Z,1790989495555,SANDUSDT,Sell,303,0.07018,"{""T"":1790989495555,""s"":""SANDUSDT"",""S"":""Sell"",""v"":""303"",""p"":""0.07018""}"
2026-10-03T01:05:09.856228Z,1790989509432,SANDUSDT,Sell,427,0.07060,"{""T"":1790989509432,""s"":""SANDUSDT"",""S"":""Sell"",""v"":""427"",""p"":""0.07060""}"
2026-10-03T01:05:09.856228Z,1790989509534,SANDUSDT,Sell,214224,0.07059,"{""T"":1790989509534,""s"":""SANDUSDT"",""S"":""Sell"",""v"":""214224"",""p"":""0.07059""}"
2026-10-03T01:05:28.850091Z,1790989528763,SANDUSDT,Sell,401,0.07043,"{""T"":1790989528763,""s"":""SANDUSDT"",""S"":""Sell"",""v"":""401"",""p"":""0.07043""}"
2026-10-03T01:05:51.137620Z,1790989551036,STRKUSDT,Buy,216.5,0.04268,"{""T"":1790989551036,""s"":""STRKUSDT"",""S"":""Buy"",""v"":""216.5"",""p"":""0.04268""}"
2026-10-03T01:06:20.350389Z,1790989579991,SANDUSDT,Buy,8304,0.06855,"{""T"":1790989579991,""s"":""SANDUSDT"",""S"":""Buy"",""v"":""8304"",""p"":""0.06855""}"
2026-10-03T01:06:27.349829Z,1790989587014,SANDUSDT,Buy,11544,0.06837,"{""T"":1790989587014,""s"":""SANDUSDT"",""S"":""Buy"",""v"":""11544"",""p"":""0.06837""}"
2026-10-03T01:06:28.849771Z,1790989588426,SANDUSDT,Buy,27195,0.06826,"{""T"":1790989588426,""s"":""SANDUSDT"",""S"":""Buy"",""v"":""27195"",""p"":""0.06826""}"
2026-10-03T01:08:54.816657Z,1790989734655,PUMPFUNUSDT,Sell,147200,0.0057670,"{""T"":1790989734655,""s"":""PUMPFUNUSDT"",""S"":""Sell"",""v"":""147200"",""p"":""0.0057670""}"
2026-10-03T01:08:54.850465Z,1790989734655,SANDUSDT,Sell,2138,0.06967,"{""T"":1790989734655,""s"":""SANDUSDT"",""S"":""Sell"",""v"":""2138"",""p"":""0.06967""}"
2026-10-03T01:09:02.349906Z,1790989742188,2ZUSDT,Sell,359,0.04592,"{""T"":1790989742188,""s"":""2ZUSDT"",""S"":""Sell"",""v"":""359"",""p"":""0.04592""}"
2026-10-03T01:09:05.360746Z,1790989745104,WLDUSDT,Sell,1355.4,0.5702,"{""T"":1790989745104,""s"":""WLDUSDT"",""S"":""Sell"",""v"":""1355.4"",""p"":""0.5702""}"
2026-10-03T01:09:41.349698Z,1790989780804,SANDUSDT,Buy,1051,0.06813,"{""T"":1790989780804,""s"":""SANDUSDT"",""S"":""Buy"",""v"":""1051"",""p"":""0.06813""}"
2026-10-03T01:11:14.849997Z,1790989874616,WIFUSDT,Sell,885,0.25150,"{""T"":1790989874616,""s"":""WIFUSDT"",""S"":""Sell"",""v"":""885"",""p"":""0.25150""}"
2026-10-03T01:11:14.915809Z,1790989874616,DOTUSDT,Sell,207.5,1.1802,"{""T"":1790989874616,""s"":""DOTUSDT"",""S"":""Sell"",""v"":""207.5"",""p"":""1.1802""}"
2026-10-03T01:11:14.994400Z,1790989874616,SUIUSDT,Sell,430,1.20560,"{""T"":1790989874616,""s"":""SUIUSDT"",""S"":""Sell"",""v"":""430"",""p"":""1.20560""}"
2026-10-03T01:11:15.018319Z,1790989874616,NEARUSDT,Sell,107.6,4.7560,"{""T"":1790989874616,""s"":""NEARUSDT"",""S"":""Sell"",""v"":""107.6"",""p"":""4.7560""}"
2026-10-03T01:11:18.839161Z,1790989878302,XRPUSDT,Sell,222.7,1.4982,"{""T"":1790989878302,""s"":""XRPUSDT"",""S"":""Sell"",""v"":""222.7"",""p"":""1.4982""}"
2026-10-03T01:11:22.861666Z,1790989882632,WLDUSDT,Sell,11.6,0.5726,"{""T"":1790989882632,""s"":""WLDUSDT"",""S"":""Sell"",""v"":""11.6"",""p"":""0.5726""}"
2026-10-03T01:11:48.830952Z,1790989908402,LONGXIAUSDT,Sell,2789,0.0399,"{""T"":1790989908402,""s"":""LONGXIAUSDT"",""S"":""Sell"",""v"":""2789"",""p"":""0.0399""}"
2026-10-03T01:11:48.830952Z,1790989908699,LONGXIAUSDT,Sell,2754,0.0399,"{""T"":1790989908699,""s"":""LONGXIAUSDT"",""S"":""Sell"",""v"":""2754"",""p"":""0.0399""}"
2026-10-03T01:11:49.331498Z,1790989909063,LONGXIAUSDT,Sell,810,0.0397,"{""T"":1790989909063,""s"":""LONGXIAUSDT"",""S"":""Sell"",""v"":""810"",""p"":""0.0397""}"
2026-10-03T01:12:07.457828Z,1790989927276,QNTUSDT,Sell,0.49,251.26,"{""T"":1790989927276,""s"":""QNTUSDT"",""S"":""Sell"",""v"":""0.49"",""p"":""251.26""}"
2026-10-03T01:12:31.831355Z,1790989951721,LONGXIAUSDT,Sell,750,0.0409,"{""T"":1790989951721,""s"":""LONGXIAUSDT"",""S"":""Sell"",""v"":""750"",""p"":""0.0409""}"
2026-10-03T01:12:36.860997Z,1790989956618,WLDUSDT,Sell,88.8,0.5739,"{""T"":1790989956618,""s"":""WLDUSDT"",""S"":""Sell"",""v"":""88.8"",""p"":""0.5739""}"
2026-10-03T01:12:38.369518Z,1790989958253,WLDUSDT,Sell,2556.9,0.5747,"{""T"":1790989958253,""s"":""WLDUSDT"",""S"":""Sell"",""v"":""2556.9"",""p"":""0.5747""}"
2026-10-03T01:12:38.861608Z,1790989958378,WLDUSDT,Sell,2268.4,0.5749,"{""T"":1790989958378,""s"":""WLDUSDT"",""S"":""Sell"",""v"":""2268.4"",""p"":""0.5749""}"
2026-10-03T01:12:48.361117Z,1790989968271,WLDUSDT,Sell,304.2,0.5751,"{""T"":1790989968271,""s"":""WLDUSDT"",""S"":""Sell"",""v"":""304.2"",""p"":""0.5751""}"
2026-10-03T01:12:48.850779Z,1790989968684,SANDUSDT,Sell,401,0.07019,"{""T"":1790989968684,""s"":""SANDUSDT"",""S"":""Sell"",""v"":""401"",""p"":""0.07019""}"
2026-10-03T01:12:52.849639Z,1790989972545,SANDUSDT,Sell,713,0.07021,"{""T"":1790989972545,""s"":""SANDUSDT"",""S"":""Sell"",""v"":""713"",""p"":""0.07021""}"
2026-10-03T01:13:00.849741Z,1790989980393,SANDUSDT,Sell,8529,0.07084,"{""T"":1790989980393,""s"":""SANDUSDT"",""S"":""Sell"",""v"":""8529"",""p"":""0.07084""}"
2026-10-03T01:13:01.349735Z,1790989980850,SANDUSDT,Sell,567,0.07073,"{""T"":1790989980850,""s"":""SANDUSDT"",""S"":""Sell"",""v"":""567"",""p"":""0.07073""}"
2026-10-03T01:13:06.330860Z,1790989986120,LONGXIAUSDT,Sell,29511,0.0417,"{""T"":1790989986120,""s"":""LONGXIAUSDT"",""S"":""Sell"",""v"":""29511"",""p"":""0.0417""}"
2026-10-03T01:13:06.830890Z,1790989986308,LONGXIAUSDT,Sell,261,0.0421,"{""T"":1790989986308,""s"":""LONGXIAUSDT"",""S"":""Sell"",""v"":""261"",""p"":""0.0421""}"
2026-10-03T01:13:09.861276Z,1790989989494,WLDUSDT,Sell,306.6,0.5759,"{""T"":1790989989494,""s"":""WLDUSDT"",""S"":""Sell"",""v"":""306.6"",""p"":""0.5759""}"
2026-10-03T01:13:09.861276Z,1790989989505,WLDUSDT,Sell,247.8,0.5761,"{""T"":1790989989505,""s"":""WLDUSDT"",""S"":""Sell"",""v"":""247.8"",""p"":""0.5761""}"
2026-10-03T01:13:15.349636Z,1790989995089,SANDUSDT,Sell,30201,0.07097,"{""T"":1790989995089,""s"":""SANDUSDT"",""S"":""Sell"",""v"":""30201"",""p"":""0.07097""}"
2026-10-03T01:13:17.330528Z,1790989997188,LONGXIAUSDT,Sell,706,0.0428,"{""T"":1790989997188,""s"":""LONGXIAUSDT"",""S"":""Sell"",""v"":""706"",""p"":""0.0428""}"
2026-10-03T01:13:18.330864Z,1790989997803,LONGXIAUSDT,Sell,142,0.0427,"{""T"":1790989997803,""s"":""LONGXIAUSDT"",""S"":""Sell"",""v"":""142"",""p"":""0.0427""}"
2026-10-03T01:13:31.330870Z,1790990011140,LONGXIAUSDT,Sell,20529,0.0435,"{""T"":1790990011140,""s"":""LONGXIAUSDT"",""S"":""Sell"",""v"":""20529"",""p"":""0.0435""}"
2026-10-03T01:13:33.330671Z,1790990013149,LONGXIAUSDT,Sell,999,0.0437,"{""T"":1790990013149,""s"":""LONGXIAUSDT"",""S"":""Sell"",""v"":""999"",""p"":""0.0437""}"
2026-10-03T01:13:56.831372Z,1790990036497,LONGXIAUSDT,Sell,510,0.0443,"{""T"":1790990036497,""s"":""LONGXIAUSDT"",""S"":""Sell"",""v"":""510"",""p"":""0.0443""}"
2026-10-03T01:14:02.137766Z,1790990041922,MOVRUSDT,Buy,145.1,1.8180,"{""T"":1790990041922,""s"":""MOVRUSDT"",""S"":""Buy"",""v"":""145.1"",""p"":""1.8180""}"
2026-10-03T01:14:03.850104Z,1790990043594,SANDUSDT,Buy,349,0.06904,"{""T"":1790990043594,""s"":""SANDUSDT"",""S"":""Buy"",""v"":""349"",""p"":""0.06904""}"
2026-10-03T01:14:39.349797Z,1790990079138,SANDUSDT,Buy,6006,0.06823,"{""T"":1790990079138,""s"":""SANDUSDT"",""S"":""Buy"",""v"":""6006"",""p"":""0.06823""}"
2026-10-03T01:14:43.564927Z,1790990083127,SOLUSDT,Sell,250.0,119.790,"{""T"":1790990083127,""s"":""SOLUSDT"",""S"":""Sell"",""v"":""250.0"",""p"":""119.790""}"
2026-10-03T01:15:10.849973Z,1790990110625,SANDUSDT,Sell,401,0.07081,"{""T"":1790990110625,""s"":""SANDUSDT"",""S"":""Sell"",""v"":""401"",""p"":""0.07081""}"
2026-10-03T01:15:11.349787Z,1790990110865,SANDUSDT,Sell,79,0.07082,"{""T"":1790990110865,""s"":""SANDUSDT"",""S"":""Sell"",""v"":""79"",""p"":""0.07082""}"
2026-10-03T01:15:20.565566Z,1790990120046,SOLUSDT,Sell,2.0,119.910,"{""T"":1790990120046,""s"":""SOLUSDT"",""S"":""Sell"",""v"":""2.0"",""p"":""119.910""}"
2026-10-03T01:15:23.350000Z,1790990122944,SANDUSDT,Sell,30269,0.07074,"{""T"":1790990122944,""s"":""SANDUSDT"",""S"":""Sell"",""v"":""30269"",""p"":""0.07074""}"
2026-10-03T01:15:24.814894Z,1790990124688,PUMPFUNUSDT,Sell,133600,0.0057270,"{""T"":1790990124688,""s"":""PUMPFUNUSDT"",""S"":""Sell"",""v"":""133600"",""p"":""0.0057270""}"
2026-10-03T01:15:46.565044Z,1790990146222,SOLUSDT,Sell,32.8,120.010,"{""T"":1790990146222,""s"":""SOLUSDT"",""S"":""Sell"",""v"":""32.8"",""p"":""120.010""}"
2026-10-03T01:15:55.850128Z,1790990155351,SANDUSDT,Buy,185,0.06924,"{""T"":1790990155351,""s"":""SANDUSDT"",""S"":""Buy"",""v"":""185"",""p"":""0.06924""}"
2026-10-03T01:16:04.915916Z,1790990164698,ZECUSDT,Sell,0.04,1333.32,"{""T"":1790990164698,""s"":""ZECUSDT"",""S"":""Sell"",""v"":""0.04"",""p"":""1333.32""}"
2026-10-03T01:16:04.957605Z,1790990164698,ETHUSDT,Sell,0.51,2689.02,"{""T"":1790990164698,""s"":""ETHUSDT"",""S"":""Sell"",""v"":""0.51"",""p"":""2689.02""}"
2026-10-03T01:16:17.564956Z,1790990177328,SOLUSDT,Sell,14.0,120.100,"{""T"":1790990177328,""s"":""SOLUSDT"",""S"":""Sell"",""v"":""14.0"",""p"":""120.100""}"
2026-10-03T01:16:18.839671Z,1790990178443,XRPUSDT,Sell,2819.1,1.4993,"{""T"":1790990178443,""s"":""XRPUSDT"",""S"":""Sell"",""v"":""2819.1"",""p"":""1.4993""}"
2026-10-03T01:16:19.349965Z,1790990179065,SANDUSDT,Buy,401,0.06901,"{""T"":1790990179065,""s"":""SANDUSDT"",""S"":""Buy"",""v"":""401"",""p"":""0.06901""}"
2026-10-03T01:16:23.494358Z,1790990183355,OPUSDT,Sell,602.0,0.13102,"{""T"":1790990183355,""s"":""OPUSDT"",""S"":""Sell"",""v"":""602.0"",""p"":""0.13102""}"
2026-10-03T01:16:41.318789Z,1790990201190,PUMPFUNUSDT,Sell,3900,0.0058040,"{""T"":1790990201190,""s"":""PUMPFUNUSDT"",""S"":""Sell"",""v"":""3900"",""p"":""0.0058040""}"
2026-10-03T01:16:42.064590Z,1790990201679,SOLUSDT,Sell,297.6,120.110,"{""T"":1790990201679,""s"":""SOLUSDT"",""S"":""Sell"",""v"":""297.6"",""p"":""120.110""}"
2026-10-03T01:16:44.064535Z,1790990203761,SOLUSDT,Sell,418.3,120.140,"{""T"":1790990203761,""s"":""SOLUSDT"",""S"":""Sell"",""v"":""418.3"",""p"":""120.140""}"
2026-10-03T01:16:47.314734Z,1790990206801,PUMPFUNUSDT,Sell,600,0.0058140,"{""T"":1790990206801,""s"":""PUMPFUNUSDT"",""S"":""Sell"",""v"":""600"",""p"":""0.0058140""}"
2026-10-03T01:16:49.840326Z,1790990209443,AAVEUSDT,Sell,15.01,182.24,"{""T"":1790990209443,""s"":""AAVEUSDT"",""S"":""Sell"",""v"":""15.01"",""p"":""182.24""}"
2026-10-03T01:16:49.860936Z,1790990209443,MUUSDT,Buy,7.06,1060.18,"{""T"":1790990209443,""s"":""MUUSDT"",""S"":""Buy"",""v"":""7.06"",""p"":""1060.18""}"
2026-10-03T01:17:07.494686Z,1790990227085,SUIUSDT,Sell,4320,1.20870,"{""T"":1790990227085,""s"":""SUIUSDT"",""S"":""Sell"",""v"":""4320"",""p"":""1.20870""}"
2026-10-03T01:17:11.568232Z,1790990230993,BTCUSDT,Sell,0.018,84941.80,"{""T"":1790990230993,""s"":""BTCUSDT"",""S"":""Sell"",""v"":""0.018"",""p"":""84941.80""}"
2026-10-03T01:17:14.815038Z,1790990234399,HYPEUSDT,Sell,17.92,90.280,"{""T"":1790990234399,""s"":""HYPEUSDT"",""S"":""Sell"",""v"":""17.92"",""p"":""90.280""}"
2026-10-03T01:17:16.315002Z,1790990236114,HYPEUSDT,Sell,0.75,90.300,"{""T"":1790990236114,""s"":""HYPEUSDT"",""S"":""Sell"",""v"":""0.75"",""p"":""90.300""}"
2026-10-03T01:17:23.416598Z,1790990243092,ADAUSDT,Sell,51,0.2502,"{""T"":1790990243092,""s"":""ADAUSDT"",""S"":""Sell"",""v"":""51"",""p"":""0.2502""}"
2026-10-03T01:17:26.068419Z,1790990245691,BTCUSDT,Sell,0.003,84946.40,"{""T"":1790990245691,""s"":""BTCUSDT"",""S"":""Sell"",""v"":""0.003"",""p"":""84946.40""}"
2026-10-03T01:18:20.488647Z,1790990300356,CLUSDT,Buy,0.06,90.540,"{""T"":1790990300356,""s"":""CLUSDT"",""S"":""Buy"",""v"":""0.06"",""p"":""90.540""}"
2026-10-03T01:18:27.958210Z,1790990307622,QNTUSDT,Buy,0.17,245.26,"{""T"":1790990307622,""s"":""QNTUSDT"",""S"":""Buy"",""v"":""0.17"",""p"":""245.26""}"
2026-10-03T01:18:42.961372Z,1790990322383,QNTUSDT,Buy,0.66,244.35,"{""T"":1790990322383,""s"":""QNTUSDT"",""S"":""Buy"",""v"":""0.66"",""p"":""244.35""}"
2026-10-03T01:18:45.457672Z,1790990325213,QNTUSDT,Buy,0.90,244.17,"{""T"":1790990325213,""s"":""QNTUSDT"",""S"":""Buy"",""v"":""0.90"",""p"":""244.17""}"
2026-10-03T01:19:14.350541Z,1790990354224,SANDUSDT,Buy,3749,0.06851,"{""T"":1790990354224,""s"":""SANDUSDT"",""S"":""Buy"",""v"":""3749"",""p"":""0.06851""}"
2026-10-03T01:19:48.350115Z,1790990388205,SANDUSDT,Buy,72865,0.06791,"{""T"":1790990388205,""s"":""SANDUSDT"",""S"":""Buy"",""v"":""72865"",""p"":""0.06791""}"
2026-10-03T01:21:19.830892Z,1790990479403,LONGXIAUSDT,Sell,279,0.0443,"{""T"":1790990479403,""s"":""LONGXIAUSDT"",""S"":""Sell"",""v"":""279"",""p"":""0.0443""}"
2026-10-03T01:21:19.830892Z,1790990479523,LONGXIAUSDT,Sell,246,0.0445,"{""T"":1790990479523,""s"":""LONGXIAUSDT"",""S"":""Sell"",""v"":""246"",""p"":""0.0445""}"
2026-10-03T01:21:19.830892Z,1790990479553,LONGXIAUSDT,Sell,978,0.0446,"{""T"":1790990479553,""s"":""LONGXIAUSDT"",""S"":""Sell"",""v"":""978"",""p"":""0.0446""}"
2026-10-03T01:21:21.330932Z,1790990480806,LONGXIAUSDT,Sell,10149,0.0450,"{""T"":1790990480806,""s"":""LONGXIAUSDT"",""S"":""Sell"",""v"":""10149"",""p"":""0.0450""}"
2026-10-03T01:21:21.330932Z,1790990480829,LONGXIAUSDT,Sell,250,0.0451,"{""T"":1790990480829,""s"":""LONGXIAUSDT"",""S"":""Sell"",""v"":""250"",""p"":""0.0451""}"
2026-10-03T01:21:34.909987Z,1790990494334,GALAUSDT,Buy,330205,0.002656,"{""T"":1790990494334,""s"":""GALAUSDT"",""S"":""Buy"",""v"":""330205"",""p"":""0.002656""}"
2026-10-03T01:21:53.850192Z,1790990513329,ENJUSDT,Sell,142530.0,0.036160,"{""T"":1790990513329,""s"":""ENJUSDT"",""S"":""Sell"",""v"":""142530.0"",""p"":""0.036160""}"
2026-10-03T01:22:00.839167Z,1790990520283,LITUSDT,Buy,9.3,3.4880,"{""T"":1790990520283,""s"":""LITUSDT"",""S"":""Buy"",""v"":""9.3"",""p"":""3.4880""}"
2026-10-03T01:22:06.349732Z,1790990526070,SANDUSDT,Buy,336,0.06807,"{""T"":1790990526070,""s"":""SANDUSDT"",""S"":""Buy"",""v"":""336"",""p"":""0.06807""}"
2026-10-03T01:22:11.849702Z,1790990531577,ENJUSDT,Sell,1517.4,0.036230,"{""T"":1790990531577,""s"":""ENJUSDT"",""S"":""Sell"",""v"":""1517.4"",""p"":""0.036230""}"
2026-10-03T01:22:22.830869Z,1790990542713,LONGXIAUSDT,Sell,1777,0.0453,"{""T"":1790990542713,""s"":""LONGXIAUSDT"",""S"":""Sell"",""v"":""1777"",""p"":""0.0453""}"
2026-10-03T01:22:35.840061Z,1790990555561,LITUSDT,Buy,20.4,3.4860,"{""T"":1790990555561,""s"":""LITUSDT"",""S"":""Buy"",""v"":""20.4"",""p"":""3.4860""}"
2026-10-03T01:23:00.017627Z,1790990579463,LTCUSDT,Buy,51.6,70.15,"{""T"":1790990579463,""s"":""LTCUSDT"",""S"":""Buy"",""v"":""51.6"",""p"":""70.15""}"
2026-10-03T01:23:05.331584Z,1790990584872,LONGXIAUSDT,Sell,1853,0.0457,"{""T"":1790990584872,""s"":""LONGXIAUSDT"",""S"":""Sell"",""v"":""1853"",""p"":""0.0457""}"
2026-10-03T01:23:08.350196Z,1790990588172,SANDUSDT,Sell,41552,0.06993,"{""T"":1790990588172,""s"":""SANDUSDT"",""S"":""Sell"",""v"":""41552"",""p"":""0.06993""}"
2026-10-03T01:23:08.831705Z,1790990588484,LONGXIAUSDT,Sell,6809,0.0460,"{""T"":1790990588484,""s"":""LONGXIAUSDT"",""S"":""Sell"",""v"":""6809"",""p"":""0.0460""}"
2026-10-03T01:23:09.331330Z,1790990588780,LONGXIAUSDT,Sell,390,0.0459,"{""T"":1790990588780,""s"":""LONGXIAUSDT"",""S"":""Sell"",""v"":""390"",""p"":""0.0459""}"
2026-10-03T01:23:25.334405Z,1790990605057,LONGXIAUSDT,Sell,257,0.0464,"{""T"":1790990605057,""s"":""LONGXIAUSDT"",""S"":""Sell"",""v"":""257"",""p"":""0.0464""}"
2026-10-03T01:23:26.331026Z,1790990605989,LONGXIAUSDT,Sell,2579,0.0462,"{""T"":1790990605989,""s"":""LONGXIAUSDT"",""S"":""Sell"",""v"":""2579"",""p"":""0.0462""}"
2026-10-03T01:24:40.849858Z,1790990680470,SANDUSDT,Sell,5035,0.07003,"{""T"":1790990680470,""s"":""SANDUSDT"",""S"":""Sell"",""v"":""5035"",""p"":""0.07003""}"
2026-10-03T01:25:04.491792Z,1790990704149,MAGMAUSDT,Sell,3156,0.34590,"{""T"":1790990704149,""s"":""MAGMAUSDT"",""S"":""Sell"",""v"":""3156"",""p"":""0.34590""}"
2026-10-03T01:26:14.831599Z,1790990774642,LONGXIAUSDT,Sell,14320,0.0466,"{""T"":1790990774642,""s"":""LONGXIAUSDT"",""S"":""Sell"",""v"":""14320"",""p"":""0.0466""}"
2026-10-03T01:26:19.330987Z,1790990779116,LONGXIAUSDT,Sell,11524,0.0467,"{""T"":1790990779116,""s"":""LONGXIAUSDT"",""S"":""Sell"",""v"":""11524"",""p"":""0.0467""}"
2026-10-03T01:26:20.330668Z,1790990779864,LONGXIAUSDT,Sell,200,0.0467,"{""T"":1790990779864,""s"":""LONGXIAUSDT"",""S"":""Sell"",""v"":""200"",""p"":""0.0467""}"
2026-10-03T01:26:45.491291Z,1790990805196,NIGHTUSDT,Buy,390,0.04838,"{""T"":1790990805196,""s"":""NIGHTUSDT"",""S"":""Buy"",""v"":""390"",""p"":""0.04838""}"
2026-10-03T01:28:04.352387Z,1790990883836,ENJUSDT,Sell,1498.8,0.036640,"{""T"":1790990883836,""s"":""ENJUSDT"",""S"":""Sell"",""v"":""1498.8"",""p"":""0.036640""}"
2026-10-03T01:28:38.488307Z,1790990918344,MAGMAUSDT,Sell,2571,0.35100,"{""T"":1790990918344,""s"":""MAGMAUSDT"",""S"":""Sell"",""v"":""2571"",""p"":""0.35100""}"
2026-10-03T01:29:13.350565Z,1790990952931,SANDUSDT,Buy,3522,0.06773,"{""T"":1790990952931,""s"":""SANDUSDT"",""S"":""Buy"",""v"":""3522"",""p"":""0.06773""}"
2026-10-03T01:29:30.350307Z,1790990970207,SANDUSDT,Buy,15796,0.06768,"{""T"":1790990970207,""s"":""SANDUSDT"",""S"":""Buy"",""v"":""15796"",""p"":""0.06768""}"
2026-10-03T01:29:48.350085Z,1790990988065,SANDUSDT,Sell,30091,0.06933,"{""T"":1790990988065,""s"":""SANDUSDT"",""S"":""Sell"",""v"":""30091"",""p"":""0.06933""}"
2026-10-03T01:30:29.638413Z,1790991029308,MOVRUSDT,Buy,15.8,1.7970,"{""T"":1790991029308,""s"":""MOVRUSDT"",""S"":""Buy"",""v"":""15.8"",""p"":""1.7970""}"
2026-10-03T01:30:29.638413Z,1790991029482,MOVRUSDT,Buy,409.2,1.7950,"{""T"":1790991029482,""s"":""MOVRUSDT"",""S"":""Buy"",""v"":""409.2"",""p"":""1.7950""}"
2026-10-03T01:30:30.137262Z,1790991029611,MOVRUSDT,Buy,14.2,1.7860,"{""T"":1790991029611,""s"":""MOVRUSDT"",""S"":""Buy"",""v"":""14.2"",""p"":""1.7860""}"
2026-10-03T01:30:30.137262Z,1790991029870,MOVRUSDT,Buy,141.0,1.7800,"{""T"":1790991029870,""s"":""MOVRUSDT"",""S"":""Buy"",""v"":""141.0"",""p"":""1.7800""}"
2026-10-03T01:30:30.637537Z,1790991030136,MOVRUSDT,Buy,408.9,1.8000,"{""T"":1790991030136,""s"":""MOVRUSDT"",""S"":""Buy"",""v"":""408.9"",""p"":""1.8000""}"
2026-10-03T01:30:45.349873Z,1790991044802,SANDUSDT,Sell,293,0.06944,"{""T"":1790991044802,""s"":""SANDUSDT"",""S"":""Sell"",""v"":""293"",""p"":""0.06944""}"
2026-10-03T01:30:51.998637Z,1790991051903,ICPUSDT,Buy,260.6,3.257,"{""T"":1790991051903,""s"":""ICPUSDT"",""S"":""Buy"",""v"":""260.6"",""p"":""3.257""}"
2026-10-03T01:31:07.637625Z,1790991067212,MOVRUSDT,Buy,26.0,1.7770,"{""T"":1790991067212,""s"":""MOVRUSDT"",""S"":""Buy"",""v"":""26.0"",""p"":""1.7770""}"
2026-10-03T01:31:07.637625Z,1790991067223,MOVRUSDT,Buy,510.7,1.7770,"{""T"":1790991067223,""s"":""MOVRUSDT"",""S"":""Buy"",""v"":""510.7"",""p"":""1.7770""}"
2026-10-03T01:31:08.957619Z,1790991068739,QNTUSDT,Sell,1.33,250.81,"{""T"":1790991068739,""s"":""QNTUSDT"",""S"":""Sell"",""v"":""1.33"",""p"":""250.81""}"
2026-10-03T01:31:10.489109Z,1790991070215,BLASTUSDT,Buy,109820,0.0002302,"{""T"":1790991070215,""s"":""BLASTUSDT"",""S"":""Buy"",""v"":""109820"",""p"":""0.0002302""}"
2026-10-03T01:31:10.637550Z,1790991070215,MOVRUSDT,Buy,10.7,1.7750,"{""T"":1790991070215,""s"":""MOVRUSDT"",""S"":""Buy"",""v"":""10.7"",""p"":""1.7750""}"
2026-10-03T01:31:10.916320Z,1790991070485,UNIUSDT,Sell,14.1,9.166,"{""T"":1790991070485,""s"":""UNIUSDT"",""S"":""Sell"",""v"":""14.1"",""p"":""9.166""}"
2026-10-03T01:31:11.637937Z,1790991071401,MOVRUSDT,Buy,76.7,1.7740,"{""T"":1790991071401,""s"":""MOVRUSDT"",""S"":""Buy"",""v"":""76.7"",""p"":""1.7740""}"
2026-10-03T01:31:43.849829Z,1790991103308,SANDUSDT,Buy,46288,0.06783,"{""T"":1790991103308,""s"":""SANDUSDT"",""S"":""Buy"",""v"":""46288"",""p"":""0.06783""}"
2026-10-03T01:32:11.853029Z,1790991131524,SANDUSDT,Sell,203,0.06924,"{""T"":1790991131524,""s"":""SANDUSDT"",""S"":""Sell"",""v"":""203"",""p"":""0.06924""}"
2026-10-03T01:33:11.849962Z,1790991191367,ENJUSDT,Buy,500.0,0.033950,"{""T"":1790991191367,""s"":""ENJUSDT"",""S"":""Buy"",""v"":""500.0"",""p"":""0.033950""}"
2026-10-03T01:33:34.849684Z,1790991214601,SANDUSDT,Sell,121,0.06911,"{""T"":1790991214601,""s"":""SANDUSDT"",""S"":""Sell"",""v"":""121"",""p"":""0.06911""}"
2026-10-03T01:33:36.409256Z,1790991216266,GALAUSDT,Buy,340488,0.002622,"{""T"":1790991216266,""s"":""GALAUSDT"",""S"":""Buy"",""v"":""340488"",""p"":""0.002622""}"
2026-10-03T01:34:06.350707Z,1790991246121,SANDUSDT,Sell,712,0.06937,"{""T"":1790991246121,""s"":""SANDUSDT"",""S"":""Sell"",""v"":""712"",""p"":""0.06937""}"
2026-10-03T01:34:34.637282Z,1790991274120,ARKUSDT,Buy,398,0.20296,"{""T"":1790991274120,""s"":""ARKUSDT"",""S"":""Buy"",""v"":""398"",""p"":""0.20296""}"
2026-10-03T01:34:37.830833Z,1790991277566,LONGXIAUSDT,Sell,137,0.0475,"{""T"":1790991277566,""s"":""LONGXIAUSDT"",""S"":""Sell"",""v"":""137"",""p"":""0.0475""}"
2026-10-03T01:34:49.833833Z,1790991289634,LONGXIAUSDT,Sell,412,0.0476,"{""T"":1790991289634,""s"":""LONGXIAUSDT"",""S"":""Sell"",""v"":""412"",""p"":""0.0476""}"
2026-10-03T01:34:49.833833Z,1790991289671,LONGXIAUSDT,Sell,609,0.0476,"{""T"":1790991289671,""s"":""LONGXIAUSDT"",""S"":""Sell"",""v"":""609"",""p"":""0.0476""}"
2026-10-03T01:34:53.330466Z,1790991293068,LONGXIAUSDT,Sell,69301,0.0482,"{""T"":1790991293068,""s"":""LONGXIAUSDT"",""S"":""Sell"",""v"":""69301"",""p"":""0.0482""}"
2026-10-03T01:35:08.330612Z,1790991307808,LONGXIAUSDT,Sell,578,0.0485,"{""T"":1790991307808,""s"":""LONGXIAUSDT"",""S"":""Sell"",""v"":""578"",""p"":""0.0485""}"
2026-10-03T01:35:10.988079Z,1790991310594,NIGHTUSDT,Sell,560,0.05134,"{""T"":1790991310594,""s"":""NIGHTUSDT"",""S"":""Sell"",""v"":""560"",""p"":""0.05134""}"
2026-10-03T01:35:12.831072Z,1790991312594,LONGXIAUSDT,Sell,10811,0.0486,"{""T"":1790991312594,""s"":""LONGXIAUSDT"",""S"":""Sell"",""v"":""10811"",""p"":""0.0486""}"
2026-10-03T01:36:23.850497Z,1790991383711,SANDUSDT,Buy,2144,0.06740,"{""T"":1790991383711,""s"":""SANDUSDT"",""S"":""Buy"",""v"":""2144"",""p"":""0.06740""}"
2026-10-03T01:36:49.849733Z,1790991409469,SANDUSDT,Sell,4164,0.06897,"{""T"":1790991409469,""s"":""SANDUSDT"",""S"":""Sell"",""v"":""4164"",""p"":""0.06897""}"
2026-10-03T01:36:55.314720Z,1790991414778,WLFIUSDT,Buy,29644,0.05437,"{""T"":1790991414778,""s"":""WLFIUSDT"",""S"":""Buy"",""v"":""29644"",""p"":""0.05437""}"
2026-10-03T01:39:18.330492Z,1790991558153,LONGXIAUSDT,Sell,137,0.0493,"{""T"":1790991558153,""s"":""LONGXIAUSDT"",""S"":""Sell"",""v"":""137"",""p"":""0.0493""}"
2026-10-03T01:40:01.849537Z,1790991601481,SANDUSDT,Buy,1785,0.06706,"{""T"":1790991601481,""s"":""SANDUSDT"",""S"":""Buy"",""v"":""1785"",""p"":""0.06706""}"
2026-10-03T01:43:53.333293Z,1790991833051,LONGXIAUSDT,Buy,3196,0.0420,"{""T"":1790991833051,""s"":""LONGXIAUSDT"",""S"":""Buy"",""v"":""3196"",""p"":""0.0420""}"
2026-10-03T01:43:53.488611Z,1790991833051,MAGMAUSDT,Buy,34,0.33320,"{""T"":1790991833051,""s"":""MAGMAUSDT"",""S"":""Buy"",""v"":""34"",""p"":""0.33320""}"
2026-10-03T01:44:01.330661Z,1790991840884,LONGXIAUSDT,Buy,45001,0.0417,"{""T"":1790991840884,""s"":""LONGXIAUSDT"",""S"":""Buy"",""v"":""45001"",""p"":""0.0417""}"
2026-10-03T01:44:01.349790Z,1790991840940,SANDUSDT,Sell,477,0.06871,"{""T"":1790991840940,""s"":""SANDUSDT"",""S"":""Sell"",""v"":""477"",""p"":""0.06871""}"
2026-10-03T01:44:01.830267Z,1790991841335,LONGXIAUSDT,Buy,1259,0.0416,"{""T"":1790991841335,""s"":""LONGXIAUSDT"",""S"":""Buy"",""v"":""1259"",""p"":""0.0416""}"
2026-10-03T01:44:11.830371Z,1790991851518,LONGXIAUSDT,Buy,229,0.0411,"{""T"":1790991851518,""s"":""LONGXIAUSDT"",""S"":""Buy"",""v"":""229"",""p"":""0.0411""}"
2026-10-03T01:44:55.849676Z,1790991895467,SANDUSDT,Buy,349,0.06709,"{""T"":1790991895467,""s"":""SANDUSDT"",""S"":""Buy"",""v"":""349"",""p"":""0.06709""}"
2026-10-03T01:45:02.849297Z,1790991902469,SANDUSDT,Buy,4038,0.06697,"{""T"":1790991902469,""s"":""SANDUSDT"",""S"":""Buy"",""v"":""4038"",""p"":""0.06697""}"
2026-10-03T01:45:28.349466Z,1790991927971,SANDUSDT,Buy,9380,0.06686,"{""T"":1790991927971,""s"":""SANDUSDT"",""S"":""Buy"",""v"":""9380"",""p"":""0.06686""}"
2026-10-03T01:45:28.849832Z,1790991928663,SANDUSDT,Buy,3029,0.06686,"{""T"":1790991928663,""s"":""SANDUSDT"",""S"":""Buy"",""v"":""3029"",""p"":""0.06686""}"
2026-10-03T01:45:28.849832Z,1790991928668,SANDUSDT,Buy,2969,0.06679,"{""T"":1790991928668,""s"":""SANDUSDT"",""S"":""Buy"",""v"":""2969"",""p"":""0.06679""}"
2026-10-03T01:45:31.830981Z,1790991931501,LONGXIAUSDT,Sell,847,0.0473,"{""T"":1790991931501,""s"":""LONGXIAUSDT"",""S"":""Sell"",""v"":""847"",""p"":""0.0473""}"
2026-10-03T01:45:42.350055Z,1790991942226,SANDUSDT,Buy,7073,0.06665,"{""T"":1790991942226,""s"":""SANDUSDT"",""S"":""Buy"",""v"":""7073"",""p"":""0.06665""}"
2026-10-03T01:45:42.850270Z,1790991942284,SANDUSDT,Buy,6154,0.06669,"{""T"":1790991942284,""s"":""SANDUSDT"",""S"":""Buy"",""v"":""6154"",""p"":""0.06669""}"
2026-10-03T01:45:43.349796Z,1790991942769,SANDUSDT,Buy,13092,0.06667,"{""T"":1790991942769,""s"":""SANDUSDT"",""S"":""Buy"",""v"":""13092"",""p"":""0.06667""}"
2026-10-03T01:45:54.349311Z,1790991954152,SANDUSDT,Buy,6035,0.06647,"{""T"":1790991954152,""s"":""SANDUSDT"",""S"":""Buy"",""v"":""6035"",""p"":""0.06647""}"
2026-10-03T01:45:57.349312Z,1790991957070,SANDUSDT,Buy,6475,0.06618,"{""T"":1790991957070,""s"":""SANDUSDT"",""S"":""Buy"",""v"":""6475"",""p"":""0.06618""}"
2026-10-03T01:45:59.349901Z,1790991958891,SANDUSDT,Buy,320,0.06621,"{""T"":1790991958891,""s"":""SANDUSDT"",""S"":""Buy"",""v"":""320"",""p"":""0.06621""}"
2026-10-03T01:46:02.409390Z,1790991961899,GALAUSDT,Buy,18676,0.002608,"{""T"":1790991961899,""s"":""GALAUSDT"",""S"":""Buy"",""v"":""18676"",""p"":""0.002608""}"
2026-10-03T01:46:15.909362Z,1790991975645,GALAUSDT,Buy,50000,0.002600,"{""T"":1790991975645,""s"":""GALAUSDT"",""S"":""Buy"",""v"":""50000"",""p"":""0.002600""}"
2026-10-03T01:46:53.349578Z,1790992013230,SANDUSDT,Sell,15290,0.06766,"{""T"":1790992013230,""s"":""SANDUSDT"",""S"":""Sell"",""v"":""15290"",""p"":""0.06766""}"
2026-10-03T01:47:26.849322Z,1790992046636,SANDUSDT,Buy,1685,0.06586,"{""T"":1790992046636,""s"":""SANDUSDT"",""S"":""Buy"",""v"":""1685"",""p"":""0.06586""}"
2026-10-03T01:47:27.349379Z,1790992046768,SANDUSDT,Buy,3154,0.06586,"{""T"":1790992046768,""s"":""SANDUSDT"",""S"":""Buy"",""v"":""3154"",""p"":""0.06586""}"
2026-10-03T01:47:55.488662Z,1790992075088,NIGHTUSDT,Sell,6660,0.05132,"{""T"":1790992075088,""s"":""NIGHTUSDT"",""S"":""Sell"",""v"":""6660"",""p"":""0.05132""}"
2026-10-03T01:48:17.349590Z,1790992097021,SANDUSDT,Buy,19839,0.06579,"{""T"":1790992097021,""s"":""SANDUSDT"",""S"":""Buy"",""v"":""19839"",""p"":""0.06579""}"
2026-10-03T01:48:29.815577Z,1790992109302,PUMPFUNUSDT,Buy,2400,0.0055400,"{""T"":1790992109302,""s"":""PUMPFUNUSDT"",""S"":""Buy"",""v"":""2400"",""p"":""0.0055400""}"
2026-10-03T01:48:51.349472Z,1790992130979,SANDUSDT,Buy,249,0.06573,"{""T"":1790992130979,""s"":""SANDUSDT"",""S"":""Buy"",""v"":""249"",""p"":""0.06573""}"
2026-10-03T01:49:04.849750Z,1790992144265,SANDUSDT,Buy,147,0.06562,"{""T"":1790992144265,""s"":""SANDUSDT"",""S"":""Buy"",""v"":""147"",""p"":""0.06562""}"
2026-10-03T01:49:04.849750Z,1790992144368,SANDUSDT,Buy,208,0.06560,"{""T"":1790992144368,""s"":""SANDUSDT"",""S"":""Buy"",""v"":""208"",""p"":""0.06560""}"
2026-10-03T01:49:04.849750Z,1790992144374,SANDUSDT,Buy,2505,0.06559,"{""T"":1790992144374,""s"":""SANDUSDT"",""S"":""Buy"",""v"":""2505"",""p"":""0.06559""}"
2026-10-03T01:49:07.987913Z,1790992147752,NIGHTUSDT,Sell,28090,0.05133,"{""T"":1790992147752,""s"":""NIGHTUSDT"",""S"":""Sell"",""v"":""28090"",""p"":""0.05133""}"
2026-10-03T01:49:14.849174Z,1790992154417,SANDUSDT,Buy,19839,0.06548,"{""T"":1790992154417,""s"":""SANDUSDT"",""S"":""Buy"",""v"":""19839"",""p"":""0.06548""}"
2026-10-03T01:49:33.349350Z,1790992173184,SANDUSDT,Buy,259,0.06538,"{""T"":1790992173184,""s"":""SANDUSDT"",""S"":""Buy"",""v"":""259"",""p"":""0.06538""}"
2026-10-03T01:49:35.349741Z,1790992174931,SANDUSDT,Buy,3428,0.06504,"{""T"":1790992174931,""s"":""SANDUSDT"",""S"":""Buy"",""v"":""3428"",""p"":""0.06504""}"
2026-10-03T01:49:52.351992Z,1790992192238,SANDUSDT,Sell,50645,0.06685,"{""T"":1790992192238,""s"":""SANDUSDT"",""S"":""Sell"",""v"":""50645"",""p"":""0.06685""}"
2026-10-03T01:49:53.849119Z,1790992193582,ENJUSDT,Buy,1341.7,0.033480,"{""T"":1790992193582,""s"":""ENJUSDT"",""S"":""Buy"",""v"":""1341.7"",""p"":""0.033480""}"
2026-10-03T01:50:44.350497Z,1790992244021,SANDUSDT,Buy,64740,0.06502,"{""T"":1790992244021,""s"":""SANDUSDT"",""S"":""Buy"",""v"":""64740"",""p"":""0.06502""}"
2026-10-03T01:50:44.351096Z,1790992244021,ENJUSDT,Buy,4504.0,0.033510,"{""T"":1790992244021,""s"":""ENJUSDT"",""S"":""Buy"",""v"":""4504.0"",""p"":""0.033510""}"
2026-10-03T01:50:45.349675Z,1790992244963,SANDUSDT,Buy,2680,0.06499,"{""T"":1790992244963,""s"":""SANDUSDT"",""S"":""Buy"",""v"":""2680"",""p"":""0.06499""}"
2026-10-03T01:50:53.849967Z,1790992253699,ENJUSDT,Buy,990.8,0.033550,"{""T"":1790992253699,""s"":""ENJUSDT"",""S"":""Buy"",""v"":""990.8"",""p"":""0.033550""}"
2026-10-03T01:50:53.850466Z,1790992253699,MANAUSDT,Buy,1639.9,0.09679,"{""T"":1790992253699,""s"":""MANAUSDT"",""S"":""Buy"",""v"":""1639.9"",""p"":""0.09679""}"
2026-10-03T01:50:53.850728Z,1790992253699,SANDUSDT,Buy,1420,0.06485,"{""T"":1790992253699,""s"":""SANDUSDT"",""S"":""Buy"",""v"":""1420"",""p"":""0.06485""}"
2026-10-03T01:50:57.138331Z,1790992256816,AKEUSDT,Sell,500,0.0342330,"{""T"":1790992256816,""s"":""AKEUSDT"",""S"":""Sell"",""v"":""500"",""p"":""0.0342330""}"
2026-10-03T01:51:20.330720Z,1790992280073,LONGXIAUSDT,Sell,150,0.0478,"{""T"":1790992280073,""s"":""LONGXIAUSDT"",""S"":""Sell"",""v"":""150"",""p"":""0.0478""}"
2026-10-03T01:52:20.850096Z,1790992340357,SANDUSDT,Buy,856,0.06517,"{""T"":1790992340357,""s"":""SANDUSDT"",""S"":""Buy"",""v"":""856"",""p"":""0.06517""}"
2026-10-03T01:52:32.830327Z,1790992352260,LONGXIAUSDT,Sell,288,0.0482,"{""T"":1790992352260,""s"":""LONGXIAUSDT"",""S"":""Sell"",""v"":""288"",""p"":""0.0482""}"
2026-10-03T01:53:39.637389Z,1790992419424,ARKUSDT,Buy,6632,0.20197,"{""T"":1790992419424,""s"":""ARKUSDT"",""S"":""Buy"",""v"":""6632"",""p"":""0.20197""}"
2026-10-03T01:54:34.137400Z,1790992473569,ARKUSDT,Buy,24368,0.20070,"{""T"":1790992473569,""s"":""ARKUSDT"",""S"":""Buy"",""v"":""24368"",""p"":""0.20070""}"
2026-10-03T01:54:34.830311Z,1790992474662,LONGXIAUSDT,Sell,690,0.0493,"{""T"":1790992474662,""s"":""LONGXIAUSDT"",""S"":""Sell"",""v"":""690"",""p"":""0.0493""}"
2026-10-03T01:54:37.330592Z,1790992477158,LONGXIAUSDT,Sell,133225,0.0496,"{""T"":1790992477158,""s"":""LONGXIAUSDT"",""S"":""Sell"",""v"":""133225"",""p"":""0.0496""}"
2026-10-03T01:55:44.849390Z,1790992544355,SANDUSDT,Buy,43818,0.06529,"{""T"":1790992544355,""s"":""SANDUSDT"",""S"":""Buy"",""v"":""43818"",""p"":""0.06529""}"
2026-10-03T01:55:52.636728Z,1790992552107,ARKUSDT,Buy,25,0.20027,"{""T"":1790992552107,""s"":""ARKUSDT"",""S"":""Buy"",""v"":""25"",""p"":""0.20027""}"
2026-10-03T01:57:32.814562Z,1790992652340,PUMPFUNUSDT,Buy,264500,0.0055050,"{""T"":1790992652340,""s"":""PUMPFUNUSDT"",""S"":""Buy"",""v"":""264500"",""p"":""0.0055050""}"
2026-10-03T01:58:10.314371Z,1790992689935,ASTERUSDT,Buy,18,0.7121,"{""T"":1790992689935,""s"":""ASTERUSDT"",""S"":""Buy"",""v"":""18"",""p"":""0.7121""}"
2026-10-03T01:58:10.326219Z,1790992689935,FARTCOINUSDT,Buy,234,0.17387,"{""T"":1790992689935,""s"":""FARTCOINUSDT"",""S"":""Buy"",""v"":""234"",""p"":""0.17387""}"
2026-10-03T01:58:18.849401Z,1790992698526,SANDUSDT,Sell,912,0.06713,"{""T"":1790992698526,""s"":""SANDUSDT"",""S"":""Sell"",""v"":""912"",""p"":""0.06713""}"
2026-10-03T01:58:31.815353Z,1790992711308,HYPEUSDT,Buy,3.49,88.360,"{""T"":1790992711308,""s"":""HYPEUSDT"",""S"":""Buy"",""v"":""3.49"",""p"":""88.360""}"
2026-10-03T02:00:31.988807Z,1790992831664,USUSDT,Buy,34360,0.023570,"{""T"":1790992831664,""s"":""USUSDT"",""S"":""Buy"",""v"":""34360"",""p"":""0.023570""}"
2026-10-03T02:00:56.349528Z,1790992856197,SANDUSDT,Sell,1310,0.06713,"{""T"":1790992856197,""s"":""SANDUSDT"",""S"":""Sell"",""v"":""1310"",""p"":""0.06713""}"
2026-10-03T02:00:56.849483Z,1790992856450,SANDUSDT,Sell,1800,0.06710,"{""T"":1790992856450,""s"":""SANDUSDT"",""S"":""Sell"",""v"":""1800"",""p"":""0.06710""}"
2026-10-03T02:00:57.349361Z,1790992856838,SANDUSDT,Sell,21553,0.06714,"{""T"":1790992856838,""s"":""SANDUSDT"",""S"":""Sell"",""v"":""21553"",""p"":""0.06714""}"
2026-10-03T02:01:01.849272Z,1790992861716,SANDUSDT,Sell,210,0.06720,"{""T"":1790992861716,""s"":""SANDUSDT"",""S"":""Sell"",""v"":""210"",""p"":""0.06720""}"
2026-10-03T02:01:18.333861Z,1790992878048,LONGXIAUSDT,Sell,150,0.0507,"{""T"":1790992878048,""s"":""LONGXIAUSDT"",""S"":""Sell"",""v"":""150"",""p"":""0.0507""}"
2026-10-03T02:01:22.830605Z,1790992882522,LONGXIAUSDT,Sell,1172,0.0509,"{""T"":1790992882522,""s"":""LONGXIAUSDT"",""S"":""Sell"",""v"":""1172"",""p"":""0.0509""}"
2026-10-03T02:01:33.830536Z,1790992893361,LONGXIAUSDT,Sell,16630,0.0512,"{""T"":1790992893361,""s"":""LONGXIAUSDT"",""S"":""Sell"",""v"":""16630"",""p"":""0.0512""}"
2026-10-03T02:02:12.957602Z,1790992932493,QNTUSDT,Sell,0.28,253.61,"{""T"":1790992932493,""s"":""QNTUSDT"",""S"":""Sell"",""v"":""0.28"",""p"":""253.61""}"
2026-10-03T02:02:32.314882Z,1790992952082,GRASSUSDT,Sell,8,0.74030,"{""T"":1790992952082,""s"":""GRASSUSDT"",""S"":""Sell"",""v"":""8"",""p"":""0.74030""}"
2026-10-03T02:02:56.957596Z,1790992976468,QNTUSDT,Sell,0.15,255.33,"{""T"":1790992976468,""s"":""QNTUSDT"",""S"":""Sell"",""v"":""0.15"",""p"":""255.33""}"
2026-10-03T02:03:02.956997Z,1790992982397,QNTUSDT,Sell,6.49,255.43,"{""T"":1790992982397,""s"":""QNTUSDT"",""S"":""Sell"",""v"":""6.49"",""p"":""255.43""}"
2026-10-03T02:04:03.487860Z,1790993042914,NIGHTUSDT,Buy,2000,0.04930,"{""T"":1790993042914,""s"":""NIGHTUSDT"",""S"":""Buy"",""v"":""2000"",""p"":""0.04930""}"
2026-10-03T02:04:03.636848Z,1790993043287,MOVRUSDT,Sell,150.3,1.9030,"{""T"":1790993043287,""s"":""MOVRUSDT"",""S"":""Sell"",""v"":""150.3"",""p"":""1.9030""}"
2026-10-03T02:04:06.998102Z,1790993046659,CTUSDT,Sell,1992,0.5666,"{""T"":1790993046659,""s"":""CTUSDT"",""S"":""Sell"",""v"":""1992"",""p"":""0.5666""}"
2026-10-03T02:05:01.852956Z,1790993101471,SANDUSDT,Sell,4666,0.06784,"{""T"":1790993101471,""s"":""SANDUSDT"",""S"":""Sell"",""v"":""4666"",""p"":""0.06784""}"
2026-10-03T02:05:46.849653Z,1790993146590,SANDUSDT,Buy,2401,0.06602,"{""T"":1790993146590,""s"":""SANDUSDT"",""S"":""Buy"",""v"":""2401"",""p"":""0.06602""}"
2026-10-03T02:05:49.330508Z,1790993148970,LONGXIAUSDT,Sell,228,0.0514,"{""T"":1790993148970,""s"":""LONGXIAUSDT"",""S"":""Sell"",""v"":""228"",""p"":""0.0514""}"
2026-10-03T02:06:13.849711Z,1790993173693,SANDUSDT,Buy,7771,0.06583,"{""T"":1790993173693,""s"":""SANDUSDT"",""S"":""Buy"",""v"":""7771"",""p"":""0.06583""}"
2026-10-03T02:06:26.487932Z,1790993186145,MAGMAUSDT,Sell,40,0.34960,"{""T"":1790993186145,""s"":""MAGMAUSDT"",""S"":""Sell"",""v"":""40"",""p"":""0.34960""}"
2026-10-03T02:06:38.817786Z,1790993198325,HYPEUSDT,Buy,6.24,88.190,"{""T"":1790993198325,""s"":""HYPEUSDT"",""S"":""Buy"",""v"":""6.24"",""p"":""88.190""}"
2026-10-03T02:06:44.988564Z,1790993204548,MAGMAUSDT,Sell,2034,0.35210,"{""T"":1790993204548,""s"":""MAGMAUSDT"",""S"":""Sell"",""v"":""2034"",""p"":""0.35210""}"
2026-10-03T02:06:49.330596Z,1790993209071,LONGXIAUSDT,Sell,34886,0.0520,"{""T"":1790993209071,""s"":""LONGXIAUSDT"",""S"":""Sell"",""v"":""34886"",""p"":""0.0520""}"
2026-10-03T02:08:10.492085Z,1790993290329,MAGMAUSDT,Sell,21,0.35510,"{""T"":1790993290329,""s"":""MAGMAUSDT"",""S"":""Sell"",""v"":""21"",""p"":""0.35510""}"
2026-10-03T02:08:15.488018Z,1790993294937,MAGMAUSDT,Sell,406,0.35720,"{""T"":1790993294937,""s"":""MAGMAUSDT"",""S"":""Sell"",""v"":""406"",""p"":""0.35720""}"
2026-10-03T02:08:15.488018Z,1790993295040,MAGMAUSDT,Sell,5877,0.35820,"{""T"":1790993295040,""s"":""MAGMAUSDT"",""S"":""Sell"",""v"":""5877"",""p"":""0.35820""}"
2026-10-03T02:08:24.988090Z,1790993304645,NIGHTUSDT,Sell,12460,0.05117,"{""T"":1790993304645,""s"":""NIGHTUSDT"",""S"":""Sell"",""v"":""12460"",""p"":""0.05117""}"
2026-10-03T02:08:31.330660Z,1790993311080,LONGXIAUSDT,Sell,3952,0.0522,"{""T"":1790993311080,""s"":""LONGXIAUSDT"",""S"":""Sell"",""v"":""3952"",""p"":""0.0522""}"
2026-10-03T02:08:32.330219Z,1790993311755,LONGXIAUSDT,Sell,571,0.0523,"{""T"":1790993311755,""s"":""LONGXIAUSDT"",""S"":""Sell"",""v"":""571"",""p"":""0.0523""}"
2026-10-03T02:08:59.994206Z,1790993339569,OPUSDT,Sell,3319.2,0.13114,"{""T"":1790993339569,""s"":""OPUSDT"",""S"":""Sell"",""v"":""3319.2"",""p"":""0.13114""}"
2026-10-03T02:09:49.815031Z,1790993389350,PUMPFUNUSDT,Buy,11700,0.0054980,"{""T"":1790993389350,""s"":""PUMPFUNUSDT"",""S"":""Buy"",""v"":""11700"",""p"":""0.0054980""}"
2026-10-03T02:09:54.349216Z,1790993393895,SANDUSDT,Sell,2000,0.06758,"{""T"":1790993393895,""s"":""SANDUSDT"",""S"":""Sell"",""v"":""2000"",""p"":""0.06758""}"
2026-10-03T02:11:17.139696Z,1790993476562,APEUSDT,Sell,303.6,0.16972,"{""T"":1790993476562,""s"":""APEUSDT"",""S"":""Sell"",""v"":""303.6"",""p"":""0.16972""}"
2026-10-03T02:11:47.487923Z,1790993506977,MAGMAUSDT,Sell,1084,0.36140,"{""T"":1790993506977,""s"":""MAGMAUSDT"",""S"":""Sell"",""v"":""1084"",""p"":""0.36140""}"
2026-10-03T02:11:47.487923Z,1790993506995,MAGMAUSDT,Sell,239,0.35940,"{""T"":1790993506995,""s"":""MAGMAUSDT"",""S"":""Sell"",""v"":""239"",""p"":""0.35940""}"
2026-10-03T02:11:47.487923Z,1790993507005,MAGMAUSDT,Sell,539,0.36080,"{""T"":1790993507005,""s"":""MAGMAUSDT"",""S"":""Sell"",""v"":""539"",""p"":""0.36080""}"
2026-10-03T02:11:47.487923Z,1790993507176,MAGMAUSDT,Sell,53,0.36030,"{""T"":1790993507176,""s"":""MAGMAUSDT"",""S"":""Sell"",""v"":""53"",""p"":""0.36030""}"
2026-10-03T02:12:00.987975Z,1790993520519,MAGMAUSDT,Sell,31,0.36270,"{""T"":1790993520519,""s"":""MAGMAUSDT"",""S"":""Sell"",""v"":""31"",""p"":""0.36270""}"
2026-10-03T02:12:00.987975Z,1790993520704,MAGMAUSDT,Sell,885,0.36370,"{""T"":1790993520704,""s"":""MAGMAUSDT"",""S"":""Sell"",""v"":""885"",""p"":""0.36370""}"
2026-10-03T02:12:11.988193Z,1790993531814,MAGMAUSDT,Sell,20,0.36540,"{""T"":1790993531814,""s"":""MAGMAUSDT"",""S"":""Sell"",""v"":""20"",""p"":""0.36540""}"
2026-10-03T02:13:14.830284Z,1790993594456,LONGXIAUSDT,Sell,1133,0.0529,"{""T"":1790993594456,""s"":""LONGXIAUSDT"",""S"":""Sell"",""v"":""1133"",""p"":""0.0529""}"
2026-10-03T02:14:38.361293Z,1790993678129,WLDUSDT,Sell,3547.4,0.5780,"{""T"":1790993678129,""s"":""WLDUSDT"",""S"":""Sell"",""v"":""3547.4"",""p"":""0.5780""}"
2026-10-03T02:15:05.988831Z,1790993705457,MAGMAUSDT,Sell,24,0.36660,"{""T"":1790993705457,""s"":""MAGMAUSDT"",""S"":""Sell"",""v"":""24"",""p"":""0.36660""}"
2026-10-03T02:15:15.993751Z,1790993715459,SOONUSDT,Sell,443,0.37910,"{""T"":1790993715459,""s"":""SOONUSDT"",""S"":""Sell"",""v"":""443"",""p"":""0.37910""}"
2026-10-03T02:15:15.998619Z,1790993715459,CTUSDT,Sell,699,0.5701,"{""T"":1790993715459,""s"":""CTUSDT"",""S"":""Sell"",""v"":""699"",""p"":""0.5701""}"
2026-10-03T02:15:24.987788Z,1790993724897,NIGHTUSDT,Sell,98730,0.05138,"{""T"":1790993724897,""s"":""NIGHTUSDT"",""S"":""Sell"",""v"":""98730"",""p"":""0.05138""}"
2026-10-03T02:15:24.988349Z,1790993724887,MAGMAUSDT,Sell,353,0.36750,"{""T"":1790993724887,""s"":""MAGMAUSDT"",""S"":""Sell"",""v"":""353"",""p"":""0.36750""}"
2026-10-03T02:15:24.988349Z,1790993724897,MAGMAUSDT,Sell,14242,0.36740,"{""T"":1790993724897,""s"":""MAGMAUSDT"",""S"":""Sell"",""v"":""14242"",""p"":""0.36740""}"
2026-10-03T02:17:01.637514Z,1790993821488,MOVRUSDT,Sell,6.8,1.9230,"{""T"":1790993821488,""s"":""MOVRUSDT"",""S"":""Sell"",""v"":""6.8"",""p"":""1.9230""}"
2026-10-03T02:17:02.487873Z,1790993822257,MAGMAUSDT,Sell,2785,0.36690,"{""T"":1790993822257,""s"":""MAGMAUSDT"",""S"":""Sell"",""v"":""2785"",""p"":""0.36690""}"
2026-10-03T02:17:02.830252Z,1790993822257,LONGXIAUSDT,Sell,16520,0.0532,"{""T"":1790993822257,""s"":""LONGXIAUSDT"",""S"":""Sell"",""v"":""16520"",""p"":""0.0532""}"
2026-10-03T02:17:02.830252Z,1790993822735,LONGXIAUSDT,Sell,130,0.0532,"{""T"":1790993822735,""s"":""LONGXIAUSDT"",""S"":""Sell"",""v"":""130"",""p"":""0.0532""}"
2026-10-03T02:17:06.830148Z,1790993826559,LONGXIAUSDT,Sell,310,0.0534,"{""T"":1790993826559,""s"":""LONGXIAUSDT"",""S"":""Sell"",""v"":""310"",""p"":""0.0534""}"
2026-10-03T02:17:08.332516Z,1790993827749,LONGXIAUSDT,Sell,16242,0.0535,"{""T"":1790993827749,""s"":""LONGXIAUSDT"",""S"":""Sell"",""v"":""16242"",""p"":""0.0535""}"
2026-10-03T02:17:12.330336Z,1790993832193,LONGXIAUSDT,Sell,1728,0.0542,"{""T"":1790993832193,""s"":""LONGXIAUSDT"",""S"":""Sell"",""v"":""1728"",""p"":""0.0542""}"
2026-10-03T02:17:16.988096Z,1790993836592,MAGMAUSDT,Sell,105,0.36860,"{""T"":1790993836592,""s"":""MAGMAUSDT"",""S"":""Sell"",""v"":""105"",""p"":""0.36860""}"
2026-10-03T02:17:16.988096Z,1790993836751,MAGMAUSDT,Sell,43,0.36870,"{""T"":1790993836751,""s"":""MAGMAUSDT"",""S"":""Sell"",""v"":""43"",""p"":""0.36870""}"
2026-10-03T02:17:23.829957Z,1790993843579,LONGXIAUSDT,Sell,989,0.0548,"{""T"":1790993843579,""s"":""LONGXIAUSDT"",""S"":""Sell"",""v"":""989"",""p"":""0.0548""}"
2026-10-03T02:17:23.849168Z,1790993843579,SANDUSDT,Sell,241,0.06782,"{""T"":1790993843579,""s"":""SANDUSDT"",""S"":""Sell"",""v"":""241"",""p"":""0.06782""}"
2026-10-03T02:17:23.957550Z,1790993843579,QNTUSDT,Sell,0.05,256.01,"{""T"":1790993843579,""s"":""QNTUSDT"",""S"":""Sell"",""v"":""0.05"",""p"":""256.01""}"
2026-10-03T02:17:23.987846Z,1790993843579,USUSDT,Buy,540,0.024150,"{""T"":1790993843579,""s"":""USUSDT"",""S"":""Buy"",""v"":""540"",""p"":""0.024150""}"
2026-10-03T02:17:23.988363Z,1790993843579,BTWUSDT,Sell,10,1.46522,"{""T"":1790993843579,""s"":""BTWUSDT"",""S"":""Sell"",""v"":""10"",""p"":""1.46522""}"
2026-10-03T02:17:23.997782Z,1790993843579,CTUSDT,Buy,25,0.5385,"{""T"":1790993843579,""s"":""CTUSDT"",""S"":""Buy"",""v"":""25"",""p"":""0.5385""}"
2026-10-03T02:17:24.137590Z,1790993843579,MOVRUSDT,Sell,4.7,1.9230,"{""T"":1790993843579,""s"":""MOVRUSDT"",""S"":""Sell"",""v"":""4.7"",""p"":""1.9230""}"
2026-10-03T02:17:24.138000Z,1790993843579,ARKUSDT,Buy,90,0.20197,"{""T"":1790993843579,""s"":""ARKUSDT"",""S"":""Buy"",""v"":""90"",""p"":""0.20197""}"
2026-10-03T02:17:24.330593Z,1790993843980,LONGXIAUSDT,Sell,2026,0.0548,"{""T"":1790993843980,""s"":""LONGXIAUSDT"",""S"":""Sell"",""v"":""2026"",""p"":""0.0548""}"
2026-10-03T02:17:24.830270Z,1790993844637,LONGXIAUSDT,Sell,2873,0.0552,"{""T"":1790993844637,""s"":""LONGXIAUSDT"",""S"":""Sell"",""v"":""2873"",""p"":""0.0552""}"
2026-10-03T02:17:24.849711Z,1790993844637,SANDUSDT,Sell,6629,0.06782,"{""T"":1790993844637,""s"":""SANDUSDT"",""S"":""Sell"",""v"":""6629"",""p"":""0.06782""}"
2026-10-03T02:17:24.987902Z,1790993844637,MAGMAUSDT,Sell,336,0.36880,"{""T"":1790993844637,""s"":""MAGMAUSDT"",""S"":""Sell"",""v"":""336"",""p"":""0.36880""}"
2026-10-03T02:17:24.988393Z,1790993844685,USUSDT,Sell,4840,0.025790,"{""T"":1790993844685,""s"":""USUSDT"",""S"":""Sell"",""v"":""4840"",""p"":""0.025790""}"
2026-10-03T02:17:25.330289Z,1790993845066,LONGXIAUSDT,Sell,351,0.0554,"{""T"":1790993845066,""s"":""LONGXIAUSDT"",""S"":""Sell"",""v"":""351"",""p"":""0.0554""}"
2026-10-03T02:17:25.830713Z,1790993845577,LONGXIAUSDT,Sell,495,0.0553,"{""T"":1790993845577,""s"":""LONGXIAUSDT"",""S"":""Sell"",""v"":""495"",""p"":""0.0553""}"
2026-10-03T02:17:34.487763Z,1790993854005,USUSDT,Sell,10290,0.026010,"{""T"":1790993854005,""s"":""USUSDT"",""S"":""Sell"",""v"":""10290"",""p"":""0.026010""}"
2026-10-03T02:17:34.497723Z,1790993854371,INJUSDT,Sell,260.0,7.8340,"{""T"":1790993854371,""s"":""INJUSDT"",""S"":""Sell"",""v"":""260.0"",""p"":""7.8340""}"
2026-10-03T02:17:45.330310Z,1790993864905,ENAUSDT,Sell,74,0.23797,"{""T"":1790993864905,""s"":""ENAUSDT"",""S"":""Sell"",""v"":""74"",""p"":""0.23797""}"
2026-10-03T02:17:45.349693Z,1790993865204,SANDUSDT,Sell,65374,0.06828,"{""T"":1790993865204,""s"":""SANDUSDT"",""S"":""Sell"",""v"":""65374"",""p"":""0.06828""}"
2026-10-03T02:17:46.849133Z,1790993866532,SANDUSDT,Sell,73789,0.06844,"{""T"":1790993866532,""s"":""SANDUSDT"",""S"":""Sell"",""v"":""73789"",""p"":""0.06844""}"
2026-10-03T02:17:46.849133Z,1790993866681,SANDUSDT,Sell,5823,0.06858,"{""T"":1790993866681,""s"":""SANDUSDT"",""S"":""Sell"",""v"":""5823"",""p"":""0.06858""}"
2026-10-03T02:17:48.349361Z,1790993867896,SANDUSDT,Sell,3131,0.06861,"{""T"":1790993867896,""s"":""SANDUSDT"",""S"":""Sell"",""v"":""3131"",""p"":""0.06861""}"
2026-10-03T02:17:52.349334Z,1790993871835,SANDUSDT,Sell,2067,0.06900,"{""T"":1790993871835,""s"":""SANDUSDT"",""S"":""Sell"",""v"":""2067"",""p"":""0.06900""}"
2026-10-03T02:17:55.349552Z,1790993875171,SANDUSDT,Sell,3491,0.06919,"{""T"":1790993875171,""s"":""SANDUSDT"",""S"":""Sell"",""v"":""3491"",""p"":""0.06919""}"
2026-10-03T02:17:55.349552Z,1790993875220,SANDUSDT,Sell,312,0.06924,"{""T"":1790993875220,""s"":""SANDUSDT"",""S"":""Sell"",""v"":""312"",""p"":""0.06924""}"
2026-10-03T02:18:02.349609Z,1790993882262,SANDUSDT,Sell,885,0.06940,"{""T"":1790993882262,""s"":""SANDUSDT"",""S"":""Sell"",""v"":""885"",""p"":""0.06940""}"
2026-10-03T02:18:16.457292Z,1790993896278,ETHUSDT,Buy,0.08,2669.56,"{""T"":1790993896278,""s"":""ETHUSDT"",""S"":""Buy"",""v"":""0.08"",""p"":""2669.56""}"
2026-10-03T02:18:16.488511Z,1790993896278,MAGMAUSDT,Sell,384,0.37170,"{""T"":1790993896278,""s"":""MAGMAUSDT"",""S"":""Sell"",""v"":""384"",""p"":""0.37170""}"
2026-10-03T02:18:17.849283Z,1790993897599,SANDUSDT,Sell,66861,0.06958,"{""T"":1790993897599,""s"":""SANDUSDT"",""S"":""Sell"",""v"":""66861"",""p"":""0.06958""}"
2026-10-03T02:18:19.314441Z,1790993899013,XPLUSDT,Sell,11267,0.09466,"{""T"":1790993899013,""s"":""XPLUSDT"",""S"":""Sell"",""v"":""11267"",""p"":""0.09466""}"
2026-10-03T02:18:22.456984Z,1790993902128,QNTUSDT,Sell,19.94,258.42,"{""T"":1790993902128,""s"":""QNTUSDT"",""S"":""Sell"",""v"":""19.94"",""p"":""258.42""}"
2026-10-03T02:18:25.456994Z,1790993905336,QNTUSDT,Sell,0.50,259.01,"{""T"":1790993905336,""s"":""QNTUSDT"",""S"":""Sell"",""v"":""0.50"",""p"":""259.01""}"
2026-10-03T02:18:25.487922Z,1790993905323,MAGMAUSDT,Sell,60,0.37390,"{""T"":1790993905323,""s"":""MAGMAUSDT"",""S"":""Sell"",""v"":""60"",""p"":""0.37390""}"
2026-10-03T02:18:25.915944Z,1790993905630,ADAUSDT,Sell,6666,0.2502,"{""T"":1790993905630,""s"":""ADAUSDT"",""S"":""Sell"",""v"":""6666"",""p"":""0.2502""}"
2026-10-03T02:18:25.988868Z,1790993905806,MAGMAUSDT,Sell,15,0.37430,"{""T"":1790993905806,""s"":""MAGMAUSDT"",""S"":""Sell"",""v"":""15"",""p"":""0.37430""}"
2026-10-03T02:18:26.957561Z,1790993906453,QNTUSDT,Sell,3.18,259.31,"{""T"":1790993906453,""s"":""QNTUSDT"",""S"":""Sell"",""v"":""3.18"",""p"":""259.31""}"
2026-10-03T02:18:26.957561Z,1790993906638,QNTUSDT,Sell,4.16,259.37,"{""T"":1790993906638,""s"":""QNTUSDT"",""S"":""Sell"",""v"":""4.16"",""p"":""259.37""}"
2026-10-03T02:18:26.957561Z,1790993906753,QNTUSDT,Sell,0.19,259.56,"{""T"":1790993906753,""s"":""QNTUSDT"",""S"":""Sell"",""v"":""0.19"",""p"":""259.56""}"
2026-10-03T02:18:28.456898Z,1790993907930,QNTUSDT,Sell,0.52,259.81,"{""T"":1790993907930,""s"":""QNTUSDT"",""S"":""Sell"",""v"":""0.52"",""p"":""259.81""}"
2026-10-03T02:18:28.456898Z,1790993908345,QNTUSDT,Sell,10.12,259.86,"{""T"":1790993908345,""s"":""QNTUSDT"",""S"":""Sell"",""v"":""10.12"",""p"":""259.86""}"
2026-10-03T02:18:31.457193Z,1790993910960,QNTUSDT,Sell,0.21,259.99,"{""T"":1790993910960,""s"":""QNTUSDT"",""S"":""Sell"",""v"":""0.21"",""p"":""259.99""}"
2026-10-03T02:19:19.340184Z,1790993959203,AAVEUSDT,Sell,7.41,183.06,"{""T"":1790993959203,""s"":""AAVEUSDT"",""S"":""Sell"",""v"":""7.41"",""p"":""183.06""}"
2026-10-03T02:19:19.360400Z,1790993959203,WLDUSDT,Sell,1472.6,0.5804,"{""T"":1790993959203,""s"":""WLDUSDT"",""S"":""Sell"",""v"":""1472.6"",""p"":""0.5804""}"
2026-10-03T02:19:52.349709Z,1790993992235,SANDUSDT,Buy,1580,0.06779,"{""T"":1790993992235,""s"":""SANDUSDT"",""S"":""Buy"",""v"":""1580"",""p"":""0.06779""}"
2026-10-03T02:20:21.349485Z,1790994020835,SANDUSDT,Buy,509,0.06754,"{""T"":1790994020835,""s"":""SANDUSDT"",""S"":""Buy"",""v"":""509"",""p"":""0.06754""}"
2026-10-03T02:21:20.349727Z,1790994079928,SANDUSDT,Sell,56757,0.06900,"{""T"":1790994079928,""s"":""SANDUSDT"",""S"":""Sell"",""v"":""56757"",""p"":""0.06900""}"
2026-10-03T02:21:24.330235Z,1790994084021,PONSUSDT,Buy,957,0.4258,"{""T"":1790994084021,""s"":""PONSUSDT"",""S"":""Buy"",""v"":""957"",""p"":""0.4258""}"
2026-10-03T02:21:24.330235Z,1790994084117,PONSUSDT,Buy,6182,0.4242,"{""T"":1790994084117,""s"":""PONSUSDT"",""S"":""Buy"",""v"":""6182"",""p"":""0.4242""}"
2026-10-03T02:21:24.330235Z,1790994084121,PONSUSDT,Buy,103,0.4264,"{""T"":1790994084121,""s"":""PONSUSDT"",""S"":""Buy"",""v"":""103"",""p"":""0.4264""}"
2026-10-03T02:21:24.830291Z,1790994084258,PONSUSDT,Buy,93,0.4269,"{""T"":1790994084258,""s"":""PONSUSDT"",""S"":""Buy"",""v"":""93"",""p"":""0.4269""}"
2026-10-03T02:21:24.830291Z,1790994084268,PONSUSDT,Buy,1800,0.4241,"{""T"":1790994084268,""s"":""PONSUSDT"",""S"":""Buy"",""v"":""1800"",""p"":""0.4241""}"
2026-10-03T02:21:24.830291Z,1790994084335,PONSUSDT,Buy,187,0.4259,"{""T"":1790994084335,""s"":""PONSUSDT"",""S"":""Buy"",""v"":""187"",""p"":""0.4259""}"
2026-10-03T02:21:24.830291Z,1790994084387,PONSUSDT,Buy,1000,0.4242,"{""T"":1790994084387,""s"":""PONSUSDT"",""S"":""Buy"",""v"":""1000"",""p"":""0.4242""}"
2026-10-03T02:21:24.830291Z,1790994084675,PONSUSDT,Buy,382,0.4248,"{""T"":1790994084675,""s"":""PONSUSDT"",""S"":""Buy"",""v"":""382"",""p"":""0.4248""}"
2026-10-03T02:21:24.830291Z,1790994084684,PONSUSDT,Buy,35,0.4256,"{""T"":1790994084684,""s"":""PONSUSDT"",""S"":""Buy"",""v"":""35"",""p"":""0.4256""}"
2026-10-03T02:21:25.330248Z,1790994084756,PONSUSDT,Buy,969,0.4258,"{""T"":1790994084756,""s"":""PONSUSDT"",""S"":""Buy"",""v"":""969"",""p"":""0.4258""}"
2026-10-03T02:21:25.330248Z,1790994084805,PONSUSDT,Buy,428,0.4242,"{""T"":1790994084805,""s"":""PONSUSDT"",""S"":""Buy"",""v"":""428"",""p"":""0.4242""}"
2026-10-03T02:21:25.330248Z,1790994084830,PONSUSDT,Buy,3601,0.4240,"{""T"":1790994084830,""s"":""PONSUSDT"",""S"":""Buy"",""v"":""3601"",""p"":""0.4240""}"
2026-10-03T02:21:25.330248Z,1790994084877,PONSUSDT,Buy,25,0.4245,"{""T"":1790994084877,""s"":""PONSUSDT"",""S"":""Buy"",""v"":""25"",""p"":""0.4245""}"
2026-10-03T02:21:25.330248Z,1790994084921,PONSUSDT,Buy,942,0.4244,"{""T"":1790994084921,""s"":""PONSUSDT"",""S"":""Buy"",""v"":""942"",""p"":""0.4244""}"
2026-10-03T02:21:25.330248Z,1790994084970,PONSUSDT,Buy,332,0.4263,"{""T"":1790994084970,""s"":""PONSUSDT"",""S"":""Buy"",""v"":""332"",""p"":""0.4263""}"
2026-10-03T02:21:25.330248Z,1790994084979,PONSUSDT,Buy,682,0.4249,"{""T"":1790994084979,""s"":""PONSUSDT"",""S"":""Buy"",""v"":""682"",""p"":""0.4249""}"
2026-10-03T02:21:34.849375Z,1790994094345,SANDUSDT,Sell,10007,0.06920,"{""T"":1790994094345,""s"":""SANDUSDT"",""S"":""Sell"",""v"":""10007"",""p"":""0.06920""}"
2026-10-03T02:22:19.849851Z,1790994139537,SANDUSDT,Sell,2795,0.06887,"{""T"":1790994139537,""s"":""SANDUSDT"",""S"":""Sell"",""v"":""2795"",""p"":""0.06887""}"
2026-10-03T02:22:25.330482Z,1790994145167,LONGXIAUSDT,Sell,187144,0.0558,"{""T"":1790994145167,""s"":""LONGXIAUSDT"",""S"":""Sell"",""v"":""187144"",""p"":""0.0558""}"
2026-10-03T02:23:25.861254Z,1790994205340,WLDUSDT,Sell,401.9,0.5811,"{""T"":1790994205340,""s"":""WLDUSDT"",""S"":""Sell"",""v"":""401.9"",""p"":""0.5811""}"
2026-10-03T02:23:50.460856Z,1790994230244,QNTUSDT,Sell,0.20,260.49,"{""T"":1790994230244,""s"":""QNTUSDT"",""S"":""Sell"",""v"":""0.20"",""p"":""260.49""}"
2026-10-03T02:23:50.957297Z,1790994230862,QNTUSDT,Sell,10.79,260.77,"{""T"":1790994230862,""s"":""QNTUSDT"",""S"":""Sell"",""v"":""10.79"",""p"":""260.77""}"
2026-10-03T02:23:52.457465Z,1790994231919,QNTUSDT,Sell,3.57,261.20,"{""T"":1790994231919,""s"":""QNTUSDT"",""S"":""Sell"",""v"":""3.57"",""p"":""261.20""}"
2026-10-03T02:24:51.831265Z,1790994291340,PONSUSDT,Buy,286,0.4240,"{""T"":1790994291340,""s"":""PONSUSDT"",""S"":""Buy"",""v"":""286"",""p"":""0.4240""}"
2026-10-03T02:26:08.488763Z,1790994367993,BLASTUSDT,Buy,1502440,0.0002255,"{""T"":1790994367993,""s"":""BLASTUSDT"",""S"":""Buy"",""v"":""1502440"",""p"":""0.0002255""}"
2026-10-03T02:26:09.487695Z,1790994369218,BLASTUSDT,Buy,155990,0.0002249,"{""T"":1790994369218,""s"":""BLASTUSDT"",""S"":""Buy"",""v"":""155990"",""p"":""0.0002249""}"
2026-10-03T02:26:38.850064Z,1790994398509,SANDUSDT,Sell,21745,0.06829,"{""T"":1790994398509,""s"":""SANDUSDT"",""S"":""Sell"",""v"":""21745"",""p"":""0.06829""}"
2026-10-03T02:27:21.350184Z,1790994441077,SANDUSDT,Buy,61881,0.06637,"{""T"":1790994441077,""s"":""SANDUSDT"",""S"":""Buy"",""v"":""61881"",""p"":""0.06637""}"
2026-10-03T02:27:30.957085Z,1790994450857,QNTUSDT,Buy,0.12,253.43,"{""T"":1790994450857,""s"":""QNTUSDT"",""S"":""Buy"",""v"":""0.12"",""p"":""253.43""}"
2026-10-03T02:27:52.460751Z,1790994472064,QNTUSDT,Buy,0.04,252.70,"{""T"":1790994472064,""s"":""QNTUSDT"",""S"":""Buy"",""v"":""0.04"",""p"":""252.70""}"
2026-10-03T02:28:27.830996Z,1790994507377,LONGXIAUSDT,Sell,2864,0.0569,"{""T"":1790994507377,""s"":""LONGXIAUSDT"",""S"":""Sell"",""v"":""2864"",""p"":""0.0569""}"
2026-10-03T02:28:44.314769Z,1790994524015,PUMPFUNUSDT,Sell,6600,0.0056420,"{""T"":1790994524015,""s"":""PUMPFUNUSDT"",""S"":""Sell"",""v"":""6600"",""p"":""0.0056420""}"
2026-10-03T02:28:45.849637Z,1790994525643,SANDUSDT,Buy,28148,0.06660,"{""T"":1790994525643,""s"":""SANDUSDT"",""S"":""Buy"",""v"":""28148"",""p"":""0.06660""}"
2026-10-03T02:28:46.137720Z,1790994525572,STRKUSDT,Sell,138.5,0.04414,"{""T"":1790994525572,""s"":""STRKUSDT"",""S"":""Sell"",""v"":""138.5"",""p"":""0.04414""}"
2026-10-03T02:28:49.349530Z,1790994528772,SANDUSDT,Buy,11872,0.06633,"{""T"":1790994528772,""s"":""SANDUSDT"",""S"":""Buy"",""v"":""11872"",""p"":""0.06633""}"
2026-10-03T02:29:12.330374Z,1790994552209,LONGXIAUSDT,Sell,1510,0.0570,"{""T"":1790994552209,""s"":""LONGXIAUSDT"",""S"":""Sell"",""v"":""1510"",""p"":""0.0570""}"
2026-10-03T02:29:12.487717Z,1790994552209,USUSDT,Buy,3750,0.023160,"{""T"":1790994552209,""s"":""USUSDT"",""S"":""Buy"",""v"":""3750"",""p"":""0.023160""}"
2026-10-03T02:29:12.497572Z,1790994552209,CTUSDT,Buy,164,0.5436,"{""T"":1790994552209,""s"":""CTUSDT"",""S"":""Buy"",""v"":""164"",""p"":""0.5436""}"
2026-10-03T02:30:57.331218Z,1790994657008,LONGXIAUSDT,Buy,22075,0.0492,"{""T"":1790994657008,""s"":""LONGXIAUSDT"",""S"":""Buy"",""v"":""22075"",""p"":""0.0492""}"
2026-10-03T02:31:12.457231Z,1790994672290,QNTUSDT,Sell,1.32,259.82,"{""T"":1790994672290,""s"":""QNTUSDT"",""S"":""Sell"",""v"":""1.32"",""p"":""259.82""}"
2026-10-03T02:32:08.849234Z,1790994728380,SANDUSDT,Sell,1152,0.06875,"{""T"":1790994728380,""s"":""SANDUSDT"",""S"":""Sell"",""v"":""1152"",""p"":""0.06875""}"
2026-10-03T02:32:49.915714Z,1790994769344,UNIUSDT,Sell,842.3,9.217,"{""T"":1790994769344,""s"":""UNIUSDT"",""S"":""Sell"",""v"":""842.3"",""p"":""9.217""}"
2026-10-03T02:33:04.349199Z,1790994784154,SANDUSDT,Sell,3882,0.06897,"{""T"":1790994784154,""s"":""SANDUSDT"",""S"":""Sell"",""v"":""3882"",""p"":""0.06897""}"
2026-10-03T02:33:09.849300Z,1790994789503,SANDUSDT,Sell,151,0.06918,"{""T"":1790994789503,""s"":""SANDUSDT"",""S"":""Sell"",""v"":""151"",""p"":""0.06918""}"
2026-10-03T02:33:41.457381Z,1790994820926,QNTUSDT,Buy,5.88,254.06,"{""T"":1790994820926,""s"":""QNTUSDT"",""S"":""Buy"",""v"":""5.88"",""p"":""254.06""}"
2026-10-03T02:34:33.989011Z,1790994873660,MAGMAUSDT,Sell,1163,0.37610,"{""T"":1790994873660,""s"":""MAGMAUSDT"",""S"":""Sell"",""v"":""1163"",""p"":""0.37610""}"
2026-10-03T02:34:55.330486Z,1790994894883,LONGXIAUSDT,Buy,262,0.0487,"{""T"":1790994894883,""s"":""LONGXIAUSDT"",""S"":""Buy"",""v"":""262"",""p"":""0.0487""}"
2026-10-03T02:35:19.488839Z,1790994918909,MAGMAUSDT,Sell,27,0.37690,"{""T"":1790994918909,""s"":""MAGMAUSDT"",""S"":""Sell"",""v"":""27"",""p"":""0.37690""}"
2026-10-03T02:35:20.488484Z,1790994920351,MAGMAUSDT,Sell,98,0.37740,"{""T"":1790994920351,""s"":""MAGMAUSDT"",""S"":""Sell"",""v"":""98"",""p"":""0.37740""}"
2026-10-03T02:35:20.988017Z,1790994920423,MAGMAUSDT,Sell,3919,0.37820,"{""T"":1790994920423,""s"":""MAGMAUSDT"",""S"":""Sell"",""v"":""3919"",""p"":""0.37820""}"
2026-10-03T02:35:37.330445Z,1790994937210,LONGXIAUSDT,Buy,2929,0.0486,"{""T"":1790994937210,""s"":""LONGXIAUSDT"",""S"":""Buy"",""v"":""2929"",""p"":""0.0486""}"
2026-10-03T02:35:39.330376Z,1790994939202,LONGXIAUSDT,Buy,156829,0.0485,"{""T"":1790994939202,""s"":""LONGXIAUSDT"",""S"":""Buy"",""v"":""156829"",""p"":""0.0485""}"
2026-10-03T02:35:39.830277Z,1790994939274,LONGXIAUSDT,Buy,1665,0.0482,"{""T"":1790994939274,""s"":""LONGXIAUSDT"",""S"":""Buy"",""v"":""1665"",""p"":""0.0482""}"
2026-10-03T02:35:39.830277Z,1790994939443,LONGXIAUSDT,Buy,655,0.0476,"{""T"":1790994939443,""s"":""LONGXIAUSDT"",""S"":""Buy"",""v"":""655"",""p"":""0.0476""}"
2026-10-03T02:35:40.330381Z,1790994939776,LONGXIAUSDT,Buy,46853,0.0482,"{""T"":1790994939776,""s"":""LONGXIAUSDT"",""S"":""Buy"",""v"":""46853"",""p"":""0.0482""}"
2026-10-03T02:35:40.330381Z,1790994939891,LONGXIAUSDT,Buy,242,0.0478,"{""T"":1790994939891,""s"":""LONGXIAUSDT"",""S"":""Buy"",""v"":""242"",""p"":""0.0478""}"
2026-10-03T02:35:40.330381Z,1790994939973,LONGXIAUSDT,Buy,3334,0.0469,"{""T"":1790994939973,""s"":""LONGXIAUSDT"",""S"":""Buy"",""v"":""3334"",""p"":""0.0469""}"
2026-10-03T02:36:36.849701Z,1790994996283,SANDUSDT,Sell,1422,0.06946,"{""T"":1790994996283,""s"":""SANDUSDT"",""S"":""Sell"",""v"":""1422"",""p"":""0.06946""}"
