recv_ts_utc,exch_ts_ms,symbol,side,size,price,raw_json
2026-10-02T00:00:09.955908Z,1790899209714,QNTUSDT,Sell,2.35,247.88,"{""T"":1790899209714,""s"":""QNTUSDT"",""S"":""Sell"",""v"":""2.35"",""p"":""247.88""}"
2026-10-02T00:00:54.812516Z,1790899254450,MEGAUSDT,Buy,3732,0.04850,"{""T"":1790899254450,""s"":""MEGAUSDT"",""S"":""Buy"",""v"":""3732"",""p"":""0.04850""}"
2026-10-02T00:00:54.986139Z,1790899254404,NIGHTUSDT,Sell,2030,0.03915,"{""T"":1790899254404,""s"":""NIGHTUSDT"",""S"":""Sell"",""v"":""2030"",""p"":""0.03915""}"
2026-10-02T00:00:57.312833Z,1790899256906,MEGAUSDT,Buy,106,0.04842,"{""T"":1790899256906,""s"":""MEGAUSDT"",""S"":""Buy"",""v"":""106"",""p"":""0.04842""}"
2026-10-02T00:01:00.407548Z,1790899259846,KORUUSDT,Buy,19.63,20.55,"{""T"":1790899259846,""s"":""KORUUSDT"",""S"":""Buy"",""v"":""19.63"",""p"":""20.55""}"
2026-10-02T00:02:11.955683Z,1790899331743,QNTUSDT,Sell,4.09,248.22,"{""T"":1790899331743,""s"":""QNTUSDT"",""S"":""Sell"",""v"":""4.09"",""p"":""248.22""}"
2026-10-02T00:04:04.337501Z,1790899443820,AAVEUSDT,Buy,233.40,169.59,"{""T"":1790899443820,""s"":""AAVEUSDT"",""S"":""Buy"",""v"":""233.40"",""p"":""169.59""}"
2026-10-02T00:04:43.847635Z,1790899483445,TRXUSDT,Buy,168,0.33140,"{""T"":1790899483445,""s"":""TRXUSDT"",""S"":""Buy"",""v"":""168"",""p"":""0.33140""}"
2026-10-02T00:05:52.062282Z,1790899551935,SOLUSDT,Sell,0.3,119.010,"{""T"":1790899551935,""s"":""SOLUSDT"",""S"":""Sell"",""v"":""0.3"",""p"":""119.010""}"
2026-10-02T00:06:07.332398Z,1790899566940,LONGXIAUSDT,Buy,3279,0.0996,"{""T"":1790899566940,""s"":""LONGXIAUSDT"",""S"":""Buy"",""v"":""3279"",""p"":""0.0996""}"
2026-10-02T00:06:09.328470Z,1790899568832,LONGXIAUSDT,Buy,65,0.0993,"{""T"":1790899568832,""s"":""LONGXIAUSDT"",""S"":""Buy"",""v"":""65"",""p"":""0.0993""}"
2026-10-02T00:06:09.828374Z,1790899569347,LONGXIAUSDT,Buy,306,0.0988,"{""T"":1790899569347,""s"":""LONGXIAUSDT"",""S"":""Buy"",""v"":""306"",""p"":""0.0988""}"
2026-10-02T00:06:10.328401Z,1790899569869,LONGXIAUSDT,Buy,89,0.0989,"{""T"":1790899569869,""s"":""LONGXIAUSDT"",""S"":""Buy"",""v"":""89"",""p"":""0.0989""}"
2026-10-02T00:06:11.827920Z,1790899571631,LONGXIAUSDT,Buy,1973,0.0987,"{""T"":1790899571631,""s"":""LONGXIAUSDT"",""S"":""Buy"",""v"":""1973"",""p"":""0.0987""}"
2026-10-02T00:06:12.827840Z,1790899572362,LONGXIAUSDT,Buy,533,0.0980,"{""T"":1790899572362,""s"":""LONGXIAUSDT"",""S"":""Buy"",""v"":""533"",""p"":""0.0980""}"
2026-10-02T00:06:13.327883Z,1790899572858,LONGXIAUSDT,Buy,850,0.0980,"{""T"":1790899572858,""s"":""LONGXIAUSDT"",""S"":""Buy"",""v"":""850"",""p"":""0.0980""}"
2026-10-02T00:06:13.327883Z,1790899573095,LONGXIAUSDT,Buy,149,0.0985,"{""T"":1790899573095,""s"":""LONGXIAUSDT"",""S"":""Buy"",""v"":""149"",""p"":""0.0985""}"
2026-10-02T00:06:13.828022Z,1790899573682,LONGXIAUSDT,Buy,1568,0.0978,"{""T"":1790899573682,""s"":""LONGXIAUSDT"",""S"":""Buy"",""v"":""1568"",""p"":""0.0978""}"
2026-10-02T00:06:15.327956Z,1790899574744,LONGXIAUSDT,Buy,367,0.0979,"{""T"":1790899574744,""s"":""LONGXIAUSDT"",""S"":""Buy"",""v"":""367"",""p"":""0.0979""}"
2026-10-02T00:06:16.828802Z,1790899576295,LONGXIAUSDT,Buy,335,0.0975,"{""T"":1790899576295,""s"":""LONGXIAUSDT"",""S"":""Buy"",""v"":""335"",""p"":""0.0975""}"
2026-10-02T00:07:42.487818Z,1790899661999,NIGHTUSDT,Buy,1140,0.03770,"{""T"":1790899661999,""s"":""NIGHTUSDT"",""S"":""Buy"",""v"":""1140"",""p"":""0.03770""}"
2026-10-02T00:10:29.494659Z,1790899829071,SUIUSDT,Sell,370,1.19510,"{""T"":1790899829071,""s"":""SUIUSDT"",""S"":""Sell"",""v"":""370"",""p"":""1.19510""}"
2026-10-02T00:10:48.495948Z,1790899848303,STXUSDT,Sell,4301.0,0.37930,"{""T"":1790899848303,""s"":""STXUSDT"",""S"":""Sell"",""v"":""4301.0"",""p"":""0.37930""}"
2026-10-02T00:12:17.828829Z,1790899937657,LONGXIAUSDT,Buy,1250,0.0972,"{""T"":1790899937657,""s"":""LONGXIAUSDT"",""S"":""Buy"",""v"":""1250"",""p"":""0.0972""}"
2026-10-02T00:13:20.565376Z,1790900000374,BTCUSDT,Sell,0.001,85154.90,"{""T"":1790900000374,""s"":""BTCUSDT"",""S"":""Sell"",""v"":""0.001"",""p"":""85154.90""}"
2026-10-02T00:14:24.516395Z,1790900064228,NEARUSDT,Sell,1546.9,4.8540,"{""T"":1790900064228,""s"":""NEARUSDT"",""S"":""Sell"",""v"":""1546.9"",""p"":""4.8540""}"
2026-10-02T00:14:43.312586Z,1790900082993,PUMPFUNUSDT,Sell,64400,0.0058840,"{""T"":1790900082993,""s"":""PUMPFUNUSDT"",""S"":""Sell"",""v"":""64400"",""p"":""0.0058840""}"
2026-10-02T00:15:36.456687Z,1790900136128,QNTUSDT,Buy,0.40,241.68,"{""T"":1790900136128,""s"":""QNTUSDT"",""S"":""Buy"",""v"":""0.40"",""p"":""241.68""}"
2026-10-02T00:15:55.955739Z,1790900155651,ETHUSDT,Sell,9.86,2716.36,"{""T"":1790900155651,""s"":""ETHUSDT"",""S"":""Sell"",""v"":""9.86"",""p"":""2716.36""}"
2026-10-02T00:15:56.456082Z,1790900156050,ETHUSDT,Sell,5.00,2715.92,"{""T"":1790900156050,""s"":""ETHUSDT"",""S"":""Sell"",""v"":""5.00"",""p"":""2715.92""}"
2026-10-02T00:15:56.565496Z,1790900156197,BTCUSDT,Sell,0.002,85171.60,"{""T"":1790900156197,""s"":""BTCUSDT"",""S"":""Sell"",""v"":""0.002"",""p"":""85171.60""}"
2026-10-02T00:15:56.955742Z,1790900156434,ETHUSDT,Sell,0.26,2716.46,"{""T"":1790900156434,""s"":""ETHUSDT"",""S"":""Sell"",""v"":""0.26"",""p"":""2716.46""}"
2026-10-02T00:16:04.496100Z,1790900164097,CTUSDT,Sell,1128,0.5229,"{""T"":1790900164097,""s"":""CTUSDT"",""S"":""Sell"",""v"":""1128"",""p"":""0.5229""}"
2026-10-02T00:16:07.064115Z,1790900166702,SOLUSDT,Sell,16.9,119.160,"{""T"":1790900166702,""s"":""SOLUSDT"",""S"":""Sell"",""v"":""16.9"",""p"":""119.160""}"
2026-10-02T00:16:11.565411Z,1790900171471,BTCUSDT,Sell,0.029,85190.90,"{""T"":1790900171471,""s"":""BTCUSDT"",""S"":""Sell"",""v"":""0.029"",""p"":""85190.90""}"
2026-10-02T00:16:12.065686Z,1790900171543,BTCUSDT,Sell,0.007,85182.30,"{""T"":1790900171543,""s"":""BTCUSDT"",""S"":""Sell"",""v"":""0.007"",""p"":""85182.30""}"
2026-10-02T00:16:12.565039Z,1790900172001,BTCUSDT,Sell,0.013,85181.40,"{""T"":1790900172001,""s"":""BTCUSDT"",""S"":""Sell"",""v"":""0.013"",""p"":""85181.40""}"
2026-10-02T00:16:12.565039Z,1790900172041,BTCUSDT,Sell,0.001,85181.20,"{""T"":1790900172041,""s"":""BTCUSDT"",""S"":""Sell"",""v"":""0.001"",""p"":""85181.20""}"
2026-10-02T00:17:11.959967Z,1790900231835,QNTUSDT,Buy,0.16,240.68,"{""T"":1790900231835,""s"":""QNTUSDT"",""S"":""Buy"",""v"":""0.16"",""p"":""240.68""}"
2026-10-02T00:17:12.455494Z,1790900232028,QNTUSDT,Buy,6.14,240.46,"{""T"":1790900232028,""s"":""QNTUSDT"",""S"":""Buy"",""v"":""6.14"",""p"":""240.46""}"
2026-10-02T00:17:13.455366Z,1790900232958,QNTUSDT,Buy,6.24,240.04,"{""T"":1790900232958,""s"":""QNTUSDT"",""S"":""Buy"",""v"":""6.24"",""p"":""240.04""}"
2026-10-02T00:17:21.827924Z,1790900241244,LONGXIAUSDT,Buy,3000,0.0973,"{""T"":1790900241244,""s"":""LONGXIAUSDT"",""S"":""Buy"",""v"":""3000"",""p"":""0.0973""}"
2026-10-02T00:17:22.328330Z,1790900242076,LONGXIAUSDT,Buy,793,0.0973,"{""T"":1790900242076,""s"":""LONGXIAUSDT"",""S"":""Buy"",""v"":""793"",""p"":""0.0973""}"
2026-10-02T00:17:23.828412Z,1790900243267,LONGXIAUSDT,Buy,981,0.0969,"{""T"":1790900243267,""s"":""LONGXIAUSDT"",""S"":""Buy"",""v"":""981"",""p"":""0.0969""}"
2026-10-02T00:17:23.828412Z,1790900243479,LONGXIAUSDT,Buy,141,0.0970,"{""T"":1790900243479,""s"":""LONGXIAUSDT"",""S"":""Buy"",""v"":""141"",""p"":""0.0970""}"
2026-10-02T00:17:24.328099Z,1790900243805,LONGXIAUSDT,Buy,484,0.0968,"{""T"":1790900243805,""s"":""LONGXIAUSDT"",""S"":""Buy"",""v"":""484"",""p"":""0.0968""}"
2026-10-02T00:17:24.328099Z,1790900244130,LONGXIAUSDT,Buy,745,0.0959,"{""T"":1790900244130,""s"":""LONGXIAUSDT"",""S"":""Buy"",""v"":""745"",""p"":""0.0959""}"
2026-10-02T00:17:24.328099Z,1790900244229,LONGXIAUSDT,Buy,342,0.0962,"{""T"":1790900244229,""s"":""LONGXIAUSDT"",""S"":""Buy"",""v"":""342"",""p"":""0.0962""}"
2026-10-02T00:17:24.827956Z,1790900244406,LONGXIAUSDT,Buy,2538,0.0957,"{""T"":1790900244406,""s"":""LONGXIAUSDT"",""S"":""Buy"",""v"":""2538"",""p"":""0.0957""}"
2026-10-02T00:17:24.827956Z,1790900244515,LONGXIAUSDT,Buy,303,0.0962,"{""T"":1790900244515,""s"":""LONGXIAUSDT"",""S"":""Buy"",""v"":""303"",""p"":""0.0962""}"
2026-10-02T00:17:24.827956Z,1790900244646,LONGXIAUSDT,Buy,1207,0.0967,"{""T"":1790900244646,""s"":""LONGXIAUSDT"",""S"":""Buy"",""v"":""1207"",""p"":""0.0967""}"
2026-10-02T00:17:24.827956Z,1790900244736,LONGXIAUSDT,Buy,895,0.0966,"{""T"":1790900244736,""s"":""LONGXIAUSDT"",""S"":""Buy"",""v"":""895"",""p"":""0.0966""}"
2026-10-02T00:17:25.328302Z,1790900244802,LONGXIAUSDT,Buy,3730,0.0963,"{""T"":1790900244802,""s"":""LONGXIAUSDT"",""S"":""Buy"",""v"":""3730"",""p"":""0.0963""}"
2026-10-02T00:17:25.328302Z,1790900244817,LONGXIAUSDT,Buy,93,0.0967,"{""T"":1790900244817,""s"":""LONGXIAUSDT"",""S"":""Buy"",""v"":""93"",""p"":""0.0967""}"
2026-10-02T00:17:25.328302Z,1790900244852,LONGXIAUSDT,Buy,163,0.0962,"{""T"":1790900244852,""s"":""LONGXIAUSDT"",""S"":""Buy"",""v"":""163"",""p"":""0.0962""}"
2026-10-02T00:17:25.328302Z,1790900244865,LONGXIAUSDT,Buy,343,0.0961,"{""T"":1790900244865,""s"":""LONGXIAUSDT"",""S"":""Buy"",""v"":""343"",""p"":""0.0961""}"
2026-10-02T00:17:25.328302Z,1790900244908,LONGXIAUSDT,Buy,69,0.0956,"{""T"":1790900244908,""s"":""LONGXIAUSDT"",""S"":""Buy"",""v"":""69"",""p"":""0.0956""}"
2026-10-02T00:17:25.328302Z,1790900244952,LONGXIAUSDT,Buy,1052,0.0963,"{""T"":1790900244952,""s"":""LONGXIAUSDT"",""S"":""Buy"",""v"":""1052"",""p"":""0.0963""}"
2026-10-02T00:17:25.328302Z,1790900244992,LONGXIAUSDT,Buy,210,0.0963,"{""T"":1790900244992,""s"":""LONGXIAUSDT"",""S"":""Buy"",""v"":""210"",""p"":""0.0963""}"
2026-10-02T00:17:25.328302Z,1790900245044,LONGXIAUSDT,Buy,26259,0.0956,"{""T"":1790900245044,""s"":""LONGXIAUSDT"",""S"":""Buy"",""v"":""26259"",""p"":""0.0956""}"
2026-10-02T00:17:26.135137Z,1790900245801,MOVRUSDT,Sell,21.9,2.9970,"{""T"":1790900245801,""s"":""MOVRUSDT"",""S"":""Sell"",""v"":""21.9"",""p"":""2.9970""}"
2026-10-02T00:17:26.327837Z,1790900245801,LONGXIAUSDT,Buy,859,0.0952,"{""T"":1790900245801,""s"":""LONGXIAUSDT"",""S"":""Buy"",""v"":""859"",""p"":""0.0952""}"
2026-10-02T00:17:26.327837Z,1790900245857,LONGXIAUSDT,Buy,177,0.0954,"{""T"":1790900245857,""s"":""LONGXIAUSDT"",""S"":""Buy"",""v"":""177"",""p"":""0.0954""}"
2026-10-02T00:17:26.327837Z,1790900245923,LONGXIAUSDT,Buy,162,0.0952,"{""T"":1790900245923,""s"":""LONGXIAUSDT"",""S"":""Buy"",""v"":""162"",""p"":""0.0952""}"
2026-10-02T00:19:00.562358Z,1790900340111,SOLUSDT,Sell,13.8,119.210,"{""T"":1790900340111,""s"":""SOLUSDT"",""S"":""Sell"",""v"":""13.8"",""p"":""119.210""}"
2026-10-02T00:19:09.561902Z,1790900349213,SOLUSDT,Sell,14.6,119.200,"{""T"":1790900349213,""s"":""SOLUSDT"",""S"":""Sell"",""v"":""14.6"",""p"":""119.200""}"
2026-10-02T00:19:09.565515Z,1790900349213,BTCUSDT,Sell,0.025,85178.30,"{""T"":1790900349213,""s"":""BTCUSDT"",""S"":""Sell"",""v"":""0.025"",""p"":""85178.30""}"
2026-10-02T00:19:09.634506Z,1790900349213,AKEUSDT,Sell,27300,0.0320380,"{""T"":1790900349213,""s"":""AKEUSDT"",""S"":""Sell"",""v"":""27300"",""p"":""0.0320380""}"
2026-10-02T00:19:17.061835Z,1790900356588,SOLUSDT,Sell,5.5,119.230,"{""T"":1790900356588,""s"":""SOLUSDT"",""S"":""Sell"",""v"":""5.5"",""p"":""119.230""}"
2026-10-02T00:19:38.828134Z,1790900378406,LONGXIAUSDT,Sell,72,0.1103,"{""T"":1790900378406,""s"":""LONGXIAUSDT"",""S"":""Sell"",""v"":""72"",""p"":""0.1103""}"
2026-10-02T00:21:14.858840Z,1790900474323,MUUSDT,Sell,1.25,1101.31,"{""T"":1790900474323,""s"":""MUUSDT"",""S"":""Sell"",""v"":""1.25"",""p"":""1101.31""}"
2026-10-02T00:21:35.990645Z,1790900495740,SOXLUSDT,Sell,63.74,158.12,"{""T"":1790900495740,""s"":""SOXLUSDT"",""S"":""Sell"",""v"":""63.74"",""p"":""158.12""}"
2026-10-02T00:22:25.312497Z,1790900544863,PUMPFUNUSDT,Buy,32100,0.0057320,"{""T"":1790900544863,""s"":""PUMPFUNUSDT"",""S"":""Buy"",""v"":""32100"",""p"":""0.0057320""}"
2026-10-02T00:23:09.986384Z,1790900589813,SOXLUSDT,Sell,1.68,158.40,"{""T"":1790900589813,""s"":""SOXLUSDT"",""S"":""Sell"",""v"":""1.68"",""p"":""158.40""}"
2026-10-02T00:23:29.635392Z,1790900609461,MOVRUSDT,Sell,121.3,3.0530,"{""T"":1790900609461,""s"":""MOVRUSDT"",""S"":""Sell"",""v"":""121.3"",""p"":""3.0530""}"
2026-10-02T00:23:50.907414Z,1790900630473,HBARUSDT,Sell,3471,0.10358,"{""T"":1790900630473,""s"":""HBARUSDT"",""S"":""Sell"",""v"":""3471"",""p"":""0.10358""}"
2026-10-02T00:23:54.134609Z,1790900633752,MOVRUSDT,Sell,48.8,3.0650,"{""T"":1790900633752,""s"":""MOVRUSDT"",""S"":""Sell"",""v"":""48.8"",""p"":""3.0650""}"
2026-10-02T00:23:54.134609Z,1790900633871,MOVRUSDT,Sell,4.3,3.0660,"{""T"":1790900633871,""s"":""MOVRUSDT"",""S"":""Sell"",""v"":""4.3"",""p"":""3.0660""}"
2026-10-02T00:23:55.634680Z,1790900635248,MOVRUSDT,Sell,14.0,3.0720,"{""T"":1790900635248,""s"":""MOVRUSDT"",""S"":""Sell"",""v"":""14.0"",""p"":""3.0720""}"
2026-10-02T00:23:55.634680Z,1790900635383,MOVRUSDT,Sell,10.9,3.0770,"{""T"":1790900635383,""s"":""MOVRUSDT"",""S"":""Sell"",""v"":""10.9"",""p"":""3.0770""}"
2026-10-02T00:23:56.134681Z,1790900635564,MOVRUSDT,Sell,199.5,3.0770,"{""T"":1790900635564,""s"":""MOVRUSDT"",""S"":""Sell"",""v"":""199.5"",""p"":""3.0770""}"
2026-10-02T00:23:56.134681Z,1790900635592,MOVRUSDT,Sell,82.9,3.0880,"{""T"":1790900635592,""s"":""MOVRUSDT"",""S"":""Sell"",""v"":""82.9"",""p"":""3.0880""}"
2026-10-02T00:23:56.134681Z,1790900635618,MOVRUSDT,Sell,139.5,3.0720,"{""T"":1790900635618,""s"":""MOVRUSDT"",""S"":""Sell"",""v"":""139.5"",""p"":""3.0720""}"
2026-10-02T00:23:56.134681Z,1790900635677,MOVRUSDT,Sell,1075.3,3.0690,"{""T"":1790900635677,""s"":""MOVRUSDT"",""S"":""Sell"",""v"":""1075.3"",""p"":""3.0690""}"
2026-10-02T00:23:56.134681Z,1790900635754,MOVRUSDT,Sell,45.4,3.0830,"{""T"":1790900635754,""s"":""MOVRUSDT"",""S"":""Sell"",""v"":""45.4"",""p"":""3.0830""}"
2026-10-02T00:24:00.907545Z,1790900640393,CAPUSDT,Buy,140,0.06527,"{""T"":1790900640393,""s"":""CAPUSDT"",""S"":""Buy"",""v"":""140"",""p"":""0.06527""}"
2026-10-02T00:24:01.908529Z,1790900641453,CAPUSDT,Buy,780,0.06510,"{""T"":1790900641453,""s"":""CAPUSDT"",""S"":""Buy"",""v"":""780"",""p"":""0.06510""}"
2026-10-02T00:24:04.135072Z,1790900643795,MOVRUSDT,Sell,709.8,3.1010,"{""T"":1790900643795,""s"":""MOVRUSDT"",""S"":""Sell"",""v"":""709.8"",""p"":""3.1010""}"
2026-10-02T00:24:05.634528Z,1790900645475,MOVRUSDT,Sell,27.0,3.1080,"{""T"":1790900645475,""s"":""MOVRUSDT"",""S"":""Sell"",""v"":""27.0"",""p"":""3.1080""}"
2026-10-02T00:24:06.134844Z,1790900645683,MOVRUSDT,Sell,43.2,3.1100,"{""T"":1790900645683,""s"":""MOVRUSDT"",""S"":""Sell"",""v"":""43.2"",""p"":""3.1100""}"
2026-10-02T00:24:06.134844Z,1790900645705,MOVRUSDT,Sell,1.7,3.1030,"{""T"":1790900645705,""s"":""MOVRUSDT"",""S"":""Sell"",""v"":""1.7"",""p"":""3.1030""}"
2026-10-02T00:24:06.134844Z,1790900645919,MOVRUSDT,Sell,435.0,3.1010,"{""T"":1790900645919,""s"":""MOVRUSDT"",""S"":""Sell"",""v"":""435.0"",""p"":""3.1010""}"
2026-10-02T00:24:06.634689Z,1790900646170,MOVRUSDT,Sell,99.3,3.1060,"{""T"":1790900646170,""s"":""MOVRUSDT"",""S"":""Sell"",""v"":""99.3"",""p"":""3.1060""}"
2026-10-02T00:24:13.635115Z,1790900653278,MOVRUSDT,Sell,25.0,3.1130,"{""T"":1790900653278,""s"":""MOVRUSDT"",""S"":""Sell"",""v"":""25.0"",""p"":""3.1130""}"
2026-10-02T00:24:13.635115Z,1790900653488,MOVRUSDT,Sell,1.7,3.1140,"{""T"":1790900653488,""s"":""MOVRUSDT"",""S"":""Sell"",""v"":""1.7"",""p"":""3.1140""}"
2026-10-02T00:24:14.134846Z,1790900653802,MOVRUSDT,Sell,1221.9,3.1170,"{""T"":1790900653802,""s"":""MOVRUSDT"",""S"":""Sell"",""v"":""1221.9"",""p"":""3.1170""}"
2026-10-02T00:24:15.134695Z,1790900654814,MOVRUSDT,Sell,2.7,3.1180,"{""T"":1790900654814,""s"":""MOVRUSDT"",""S"":""Sell"",""v"":""2.7"",""p"":""3.1180""}"
2026-10-02T00:24:54.486231Z,1790900694034,XAUUSDT,Buy,2.000,4155.62,"{""T"":1790900694034,""s"":""XAUUSDT"",""S"":""Buy"",""v"":""2.000"",""p"":""4155.62""}"
2026-10-02T00:24:55.486513Z,1790900695347,XAUUSDT,Buy,0.848,4155.55,"{""T"":1790900695347,""s"":""XAUUSDT"",""S"":""Buy"",""v"":""0.848"",""p"":""4155.55""}"
2026-10-02T00:25:07.490170Z,1790900706979,XAUUSDT,Buy,0.035,4155.03,"{""T"":1790900706979,""s"":""XAUUSDT"",""S"":""Buy"",""v"":""0.035"",""p"":""4155.03""}"
2026-10-02T00:26:47.986640Z,1790900807717,XAUUSDT,Buy,0.004,4153.81,"{""T"":1790900807717,""s"":""XAUUSDT"",""S"":""Buy"",""v"":""0.004"",""p"":""4153.81""}"
2026-10-02T00:27:20.955476Z,1790900840382,QNTUSDT,Sell,2.29,247.59,"{""T"":1790900840382,""s"":""QNTUSDT"",""S"":""Sell"",""v"":""2.29"",""p"":""247.59""}"
2026-10-02T00:27:28.955543Z,1790900848576,QNTUSDT,Sell,0.06,247.76,"{""T"":1790900848576,""s"":""QNTUSDT"",""S"":""Sell"",""v"":""0.06"",""p"":""247.76""}"
2026-10-02T00:27:52.813425Z,1790900872456,MEGAUSDT,Sell,969,0.05412,"{""T"":1790900872456,""s"":""MEGAUSDT"",""S"":""Sell"",""v"":""969"",""p"":""0.05412""}"
2026-10-02T00:29:55.134343Z,1790900995020,ARKUSDT,Sell,1239,0.24636,"{""T"":1790900995020,""s"":""ARKUSDT"",""S"":""Sell"",""v"":""1239"",""p"":""0.24636""}"
2026-10-02T00:30:08.488834Z,1790901008187,USUSDT,Sell,250,0.028890,"{""T"":1790901008187,""s"":""USUSDT"",""S"":""Sell"",""v"":""250"",""p"":""0.028890""}"
2026-10-02T00:30:14.986338Z,1790901014838,XAUUSDT,Buy,0.006,4152.99,"{""T"":1790901014838,""s"":""XAUUSDT"",""S"":""Buy"",""v"":""0.006"",""p"":""4152.99""}"
2026-10-02T00:30:36.986513Z,1790901036513,XAUUSDT,Buy,0.592,4152.79,"{""T"":1790901036513,""s"":""XAUUSDT"",""S"":""Buy"",""v"":""0.592"",""p"":""4152.79""}"
2026-10-02T00:30:37.634532Z,1790901037530,ARKUSDT,Sell,832,0.24991,"{""T"":1790901037530,""s"":""ARKUSDT"",""S"":""Sell"",""v"":""832"",""p"":""0.24991""}"
2026-10-02T00:31:15.312392Z,1790901074870,MEGAUSDT,Sell,5110,0.05531,"{""T"":1790901074870,""s"":""MEGAUSDT"",""S"":""Sell"",""v"":""5110"",""p"":""0.05531""}"
2026-10-02T00:31:26.486606Z,1790901086255,XAUUSDT,Buy,0.018,4151.16,"{""T"":1790901086255,""s"":""XAUUSDT"",""S"":""Buy"",""v"":""0.018"",""p"":""4151.16""}"
2026-10-02T00:32:35.907825Z,1790901155325,CAPUSDT,Buy,600,0.06455,"{""T"":1790901155325,""s"":""CAPUSDT"",""S"":""Buy"",""v"":""600"",""p"":""0.06455""}"
2026-10-02T00:34:31.312389Z,1790901270991,MEGAUSDT,Sell,14498,0.05616,"{""T"":1790901270991,""s"":""MEGAUSDT"",""S"":""Sell"",""v"":""14498"",""p"":""0.05616""}"
2026-10-02T00:35:10.312101Z,1790901309817,MEGAUSDT,Sell,538,0.05621,"{""T"":1790901309817,""s"":""MEGAUSDT"",""S"":""Sell"",""v"":""538"",""p"":""0.05621""}"
2026-10-02T00:35:56.812542Z,1790901356438,MEGAUSDT,Sell,3419,0.05637,"{""T"":1790901356438,""s"":""MEGAUSDT"",""S"":""Sell"",""v"":""3419"",""p"":""0.05637""}"
2026-10-02T00:36:06.995778Z,1790901366473,CTUSDT,Buy,2634,0.4807,"{""T"":1790901366473,""s"":""CTUSDT"",""S"":""Buy"",""v"":""2634"",""p"":""0.4807""}"
2026-10-02T00:36:23.812928Z,1790901383422,MEGAUSDT,Sell,804,0.05651,"{""T"":1790901383422,""s"":""MEGAUSDT"",""S"":""Sell"",""v"":""804"",""p"":""0.05651""}"
2026-10-02T00:36:33.812057Z,1790901393350,MEGAUSDT,Sell,167,0.05682,"{""T"":1790901393350,""s"":""MEGAUSDT"",""S"":""Sell"",""v"":""167"",""p"":""0.05682""}"
2026-10-02T00:36:41.812551Z,1790901401300,MEGAUSDT,Sell,107,0.05725,"{""T"":1790901401300,""s"":""MEGAUSDT"",""S"":""Sell"",""v"":""107"",""p"":""0.05725""}"
2026-10-02T00:36:52.812631Z,1790901412482,MEGAUSDT,Sell,201,0.05741,"{""T"":1790901412482,""s"":""MEGAUSDT"",""S"":""Sell"",""v"":""201"",""p"":""0.05741""}"
2026-10-02T00:36:53.312243Z,1790901412768,MEGAUSDT,Sell,76071,0.05743,"{""T"":1790901412768,""s"":""MEGAUSDT"",""S"":""Sell"",""v"":""76071"",""p"":""0.05743""}"
2026-10-02T00:38:03.634640Z,1790901483287,ARKUSDT,Buy,2392,0.23383,"{""T"":1790901483287,""s"":""ARKUSDT"",""S"":""Buy"",""v"":""2392"",""p"":""0.23383""}"
2026-10-02T00:38:16.312800Z,1790901496128,HYPEUSDT,Buy,17.07,87.140,"{""T"":1790901496128,""s"":""HYPEUSDT"",""S"":""Buy"",""v"":""17.07"",""p"":""87.140""}"
2026-10-02T00:38:16.413523Z,1790901496128,1000PEPEUSDT,Buy,674300,0.0043700,"{""T"":1790901496128,""s"":""1000PEPEUSDT"",""S"":""Buy"",""v"":""674300"",""p"":""0.0043700""}"
2026-10-02T00:38:16.413974Z,1790901496128,DOGEUSDT,Buy,26471,0.09332,"{""T"":1790901496128,""s"":""DOGEUSDT"",""S"":""Buy"",""v"":""26471"",""p"":""0.09332""}"
2026-10-02T00:38:16.496562Z,1790901496128,JASMYUSDT,Buy,784360,0.005626,"{""T"":1790901496128,""s"":""JASMYUSDT"",""S"":""Buy"",""v"":""784360"",""p"":""0.005626""}"
2026-10-02T00:39:21.827918Z,1790901561353,LONGXIAUSDT,Buy,2419,0.0951,"{""T"":1790901561353,""s"":""LONGXIAUSDT"",""S"":""Buy"",""v"":""2419"",""p"":""0.0951""}"
2026-10-02T00:39:22.328207Z,1790901562209,LONGXIAUSDT,Buy,819,0.0944,"{""T"":1790901562209,""s"":""LONGXIAUSDT"",""S"":""Buy"",""v"":""819"",""p"":""0.0944""}"
2026-10-02T00:39:22.635160Z,1790901562209,MOVRUSDT,Sell,28.9,3.0640,"{""T"":1790901562209,""s"":""MOVRUSDT"",""S"":""Sell"",""v"":""28.9"",""p"":""3.0640""}"
2026-10-02T00:39:23.327964Z,1790901562823,LONGXIAUSDT,Buy,378,0.0944,"{""T"":1790901562823,""s"":""LONGXIAUSDT"",""S"":""Buy"",""v"":""378"",""p"":""0.0944""}"
2026-10-02T00:39:23.827946Z,1790901563647,LONGXIAUSDT,Buy,1120,0.0941,"{""T"":1790901563647,""s"":""LONGXIAUSDT"",""S"":""Buy"",""v"":""1120"",""p"":""0.0941""}"
2026-10-02T00:40:24.812666Z,1790901624349,MEGAUSDT,Buy,900,0.05272,"{""T"":1790901624349,""s"":""MEGAUSDT"",""S"":""Buy"",""v"":""900"",""p"":""0.05272""}"
2026-10-02T00:40:34.015806Z,1790901633461,NEARUSDT,Sell,9.3,4.8700,"{""T"":1790901633461,""s"":""NEARUSDT"",""S"":""Sell"",""v"":""9.3"",""p"":""4.8700""}"
2026-10-02T00:40:56.837644Z,1790901656279,AAVEUSDT,Sell,0.17,174.63,"{""T"":1790901656279,""s"":""AAVEUSDT"",""S"":""Sell"",""v"":""0.17"",""p"":""174.63""}"
2026-10-02T00:40:57.836586Z,1790901657750,AAVEUSDT,Sell,233.35,174.89,"{""T"":1790901657750,""s"":""AAVEUSDT"",""S"":""Sell"",""v"":""233.35"",""p"":""174.89""}"
2026-10-02T00:42:04.336695Z,1790901723851,AAVEUSDT,Sell,2.49,175.15,"{""T"":1790901723851,""s"":""AAVEUSDT"",""S"":""Sell"",""v"":""2.49"",""p"":""175.15""}"
2026-10-02T00:42:34.455305Z,1790901753886,QNTUSDT,Sell,1.08,250.33,"{""T"":1790901753886,""s"":""QNTUSDT"",""S"":""Sell"",""v"":""1.08"",""p"":""250.33""}"
2026-10-02T00:42:34.455305Z,1790901753948,QNTUSDT,Sell,0.07,250.43,"{""T"":1790901753948,""s"":""QNTUSDT"",""S"":""Sell"",""v"":""0.07"",""p"":""250.43""}"
2026-10-02T00:42:34.455305Z,1790901754034,QNTUSDT,Sell,0.19,250.33,"{""T"":1790901754034,""s"":""QNTUSDT"",""S"":""Sell"",""v"":""0.19"",""p"":""250.33""}"
2026-10-02T00:43:17.328020Z,1790901796870,LONGXIAUSDT,Buy,226,0.0938,"{""T"":1790901796870,""s"":""LONGXIAUSDT"",""S"":""Buy"",""v"":""226"",""p"":""0.0938""}"
2026-10-02T00:43:45.836894Z,1790901825507,AAVEUSDT,Sell,0.62,175.72,"{""T"":1790901825507,""s"":""AAVEUSDT"",""S"":""Sell"",""v"":""0.62"",""p"":""175.72""}"
2026-10-02T00:44:12.955690Z,1790901852721,QNTUSDT,Buy,1.97,243.34,"{""T"":1790901852721,""s"":""QNTUSDT"",""S"":""Buy"",""v"":""1.97"",""p"":""243.34""}"
2026-10-02T00:44:34.062195Z,1790901873583,SOLUSDT,Sell,53.5,119.450,"{""T"":1790901873583,""s"":""SOLUSDT"",""S"":""Sell"",""v"":""53.5"",""p"":""119.450""}"
2026-10-02T00:44:44.062968Z,1790901883886,SOLUSDT,Sell,21.3,119.550,"{""T"":1790901883886,""s"":""SOLUSDT"",""S"":""Sell"",""v"":""21.3"",""p"":""119.550""}"
2026-10-02T00:45:07.500255Z,1790901907149,STXUSDT,Buy,500.0,0.36870,"{""T"":1790901907149,""s"":""STXUSDT"",""S"":""Buy"",""v"":""500.0"",""p"":""0.36870""}"
2026-10-02T00:46:22.986995Z,1790901982433,XAUUSDT,Buy,0.016,4147.37,"{""T"":1790901982433,""s"":""XAUUSDT"",""S"":""Buy"",""v"":""0.016"",""p"":""4147.37""}"
2026-10-02T00:46:58.336597Z,1790902018085,AAVEUSDT,Sell,46.40,175.99,"{""T"":1790902018085,""s"":""AAVEUSDT"",""S"":""Sell"",""v"":""46.40"",""p"":""175.99""}"
2026-10-02T00:47:06.828495Z,1790902026311,LONGXIAUSDT,Sell,281,0.1086,"{""T"":1790902026311,""s"":""LONGXIAUSDT"",""S"":""Sell"",""v"":""281"",""p"":""0.1086""}"
2026-10-02T00:47:07.828288Z,1790902027330,LONGXIAUSDT,Sell,422,0.1087,"{""T"":1790902027330,""s"":""LONGXIAUSDT"",""S"":""Sell"",""v"":""422"",""p"":""0.1087""}"
2026-10-02T00:47:11.413758Z,1790902031190,ZECUSDT,Sell,0.22,1351.40,"{""T"":1790902031190,""s"":""ZECUSDT"",""S"":""Sell"",""v"":""0.22"",""p"":""1351.40""}"
2026-10-02T00:47:11.515953Z,1790902031190,NEARUSDT,Sell,198.4,4.8750,"{""T"":1790902031190,""s"":""NEARUSDT"",""S"":""Sell"",""v"":""198.4"",""p"":""4.8750""}"
2026-10-02T00:47:22.328149Z,1790902042045,LONGXIAUSDT,Sell,55,0.1090,"{""T"":1790902042045,""s"":""LONGXIAUSDT"",""S"":""Sell"",""v"":""55"",""p"":""0.1090""}"
2026-10-02T00:47:25.312703Z,1790902045031,HYPEUSDT,Sell,1.43,88.590,"{""T"":1790902045031,""s"":""HYPEUSDT"",""S"":""Sell"",""v"":""1.43"",""p"":""88.590""}"
2026-10-02T00:47:27.812727Z,1790902047580,HYPEUSDT,Sell,0.10,88.600,"{""T"":1790902047580,""s"":""HYPEUSDT"",""S"":""Sell"",""v"":""0.10"",""p"":""88.600""}"
2026-10-02T00:48:08.457907Z,1790902088003,QNTUSDT,Sell,0.05,250.54,"{""T"":1790902088003,""s"":""QNTUSDT"",""S"":""Sell"",""v"":""0.05"",""p"":""250.54""}"
2026-10-02T00:49:00.062598Z,1790902139972,SOLUSDT,Sell,0.1,119.660,"{""T"":1790902139972,""s"":""SOLUSDT"",""S"":""Sell"",""v"":""0.1"",""p"":""119.660""}"
2026-10-02T00:49:28.635655Z,1790902168059,MOVRUSDT,Sell,202.8,3.1230,"{""T"":1790902168059,""s"":""MOVRUSDT"",""S"":""Sell"",""v"":""202.8"",""p"":""3.1230""}"
2026-10-02T00:49:28.635655Z,1790902168210,MOVRUSDT,Sell,1506.6,3.1440,"{""T"":1790902168210,""s"":""MOVRUSDT"",""S"":""Sell"",""v"":""1506.6"",""p"":""3.1440""}"
2026-10-02T00:49:28.635655Z,1790902168406,MOVRUSDT,Sell,9.2,3.1210,"{""T"":1790902168406,""s"":""MOVRUSDT"",""S"":""Sell"",""v"":""9.2"",""p"":""3.1210""}"
2026-10-02T00:49:28.635655Z,1790902168420,MOVRUSDT,Sell,10.5,3.1290,"{""T"":1790902168420,""s"":""MOVRUSDT"",""S"":""Sell"",""v"":""10.5"",""p"":""3.1290""}"
2026-10-02T00:49:28.635655Z,1790902168507,MOVRUSDT,Sell,1313.7,3.1430,"{""T"":1790902168507,""s"":""MOVRUSDT"",""S"":""Sell"",""v"":""1313.7"",""p"":""3.1430""}"
2026-10-02T00:49:28.635655Z,1790902168533,MOVRUSDT,Sell,103.7,3.1210,"{""T"":1790902168533,""s"":""MOVRUSDT"",""S"":""Sell"",""v"":""103.7"",""p"":""3.1210""}"
2026-10-02T00:49:29.134840Z,1790902168572,MOVRUSDT,Sell,93.0,3.1470,"{""T"":1790902168572,""s"":""MOVRUSDT"",""S"":""Sell"",""v"":""93.0"",""p"":""3.1470""}"
2026-10-02T00:49:29.134840Z,1790902168679,MOVRUSDT,Sell,19.6,3.1370,"{""T"":1790902168679,""s"":""MOVRUSDT"",""S"":""Sell"",""v"":""19.6"",""p"":""3.1370""}"
2026-10-02T00:49:29.134840Z,1790902168858,MOVRUSDT,Sell,147.2,3.1240,"{""T"":1790902168858,""s"":""MOVRUSDT"",""S"":""Sell"",""v"":""147.2"",""p"":""3.1240""}"
2026-10-02T00:49:29.134840Z,1790902169010,MOVRUSDT,Sell,139.8,3.1350,"{""T"":1790902169010,""s"":""MOVRUSDT"",""S"":""Sell"",""v"":""139.8"",""p"":""3.1350""}"
2026-10-02T00:49:29.134840Z,1790902169030,MOVRUSDT,Sell,3.8,3.1490,"{""T"":1790902169030,""s"":""MOVRUSDT"",""S"":""Sell"",""v"":""3.8"",""p"":""3.1490""}"
2026-10-02T00:49:34.634964Z,1790902174280,MOVRUSDT,Sell,1646.9,3.1570,"{""T"":1790902174280,""s"":""MOVRUSDT"",""S"":""Sell"",""v"":""1646.9"",""p"":""3.1570""}"
2026-10-02T00:49:34.634964Z,1790902174460,MOVRUSDT,Sell,7.3,3.1580,"{""T"":1790902174460,""s"":""MOVRUSDT"",""S"":""Sell"",""v"":""7.3"",""p"":""3.1580""}"
2026-10-02T00:50:33.455562Z,1790902233194,QNTUSDT,Sell,20.23,251.50,"{""T"":1790902233194,""s"":""QNTUSDT"",""S"":""Sell"",""v"":""20.23"",""p"":""251.50""}"
2026-10-02T00:50:44.455916Z,1790902244343,QNTUSDT,Sell,0.57,252.88,"{""T"":1790902244343,""s"":""QNTUSDT"",""S"":""Sell"",""v"":""0.57"",""p"":""252.88""}"
2026-10-02T00:52:06.313206Z,1790902325813,GRASSUSDT,Sell,107,0.74200,"{""T"":1790902325813,""s"":""GRASSUSDT"",""S"":""Sell"",""v"":""107"",""p"":""0.74200""}"
2026-10-02T00:53:01.328717Z,1790902381141,LONGXIAUSDT,Buy,1908,0.0932,"{""T"":1790902381141,""s"":""LONGXIAUSDT"",""S"":""Buy"",""v"":""1908"",""p"":""0.0932""}"
2026-10-02T00:53:01.828411Z,1790902381617,LONGXIAUSDT,Buy,97,0.0936,"{""T"":1790902381617,""s"":""LONGXIAUSDT"",""S"":""Buy"",""v"":""97"",""p"":""0.0936""}"
2026-10-02T00:53:02.328989Z,1790902381834,LONGXIAUSDT,Buy,136,0.0933,"{""T"":1790902381834,""s"":""LONGXIAUSDT"",""S"":""Buy"",""v"":""136"",""p"":""0.0933""}"
2026-10-02T00:53:05.328030Z,1790902384897,LONGXIAUSDT,Buy,1000,0.0933,"{""T"":1790902384897,""s"":""LONGXIAUSDT"",""S"":""Buy"",""v"":""1000"",""p"":""0.0933""}"
2026-10-02T00:53:05.828052Z,1790902385272,LONGXIAUSDT,Buy,1967,0.0929,"{""T"":1790902385272,""s"":""LONGXIAUSDT"",""S"":""Buy"",""v"":""1967"",""p"":""0.0929""}"
2026-10-02T00:53:06.828009Z,1790902386432,LONGXIAUSDT,Buy,453,0.0927,"{""T"":1790902386432,""s"":""LONGXIAUSDT"",""S"":""Buy"",""v"":""453"",""p"":""0.0927""}"
2026-10-02T00:53:06.828009Z,1790902386711,LONGXIAUSDT,Buy,425,0.0926,"{""T"":1790902386711,""s"":""LONGXIAUSDT"",""S"":""Buy"",""v"":""425"",""p"":""0.0926""}"
2026-10-02T00:53:06.986819Z,1790902386711,USUSDT,Buy,300,0.027390,"{""T"":1790902386711,""s"":""USUSDT"",""S"":""Buy"",""v"":""300"",""p"":""0.027390""}"
2026-10-02T00:53:07.328867Z,1790902386914,LONGXIAUSDT,Buy,604,0.0927,"{""T"":1790902386914,""s"":""LONGXIAUSDT"",""S"":""Buy"",""v"":""604"",""p"":""0.0927""}"
2026-10-02T00:53:08.328069Z,1790902387938,LONGXIAUSDT,Buy,2932,0.0924,"{""T"":1790902387938,""s"":""LONGXIAUSDT"",""S"":""Buy"",""v"":""2932"",""p"":""0.0924""}"
2026-10-02T00:53:10.828301Z,1790902390458,LONGXIAUSDT,Buy,609,0.0917,"{""T"":1790902390458,""s"":""LONGXIAUSDT"",""S"":""Buy"",""v"":""609"",""p"":""0.0917""}"
2026-10-02T00:53:10.828301Z,1790902390660,LONGXIAUSDT,Buy,4649,0.0919,"{""T"":1790902390660,""s"":""LONGXIAUSDT"",""S"":""Buy"",""v"":""4649"",""p"":""0.0919""}"
2026-10-02T00:53:10.828301Z,1790902390670,LONGXIAUSDT,Buy,1183,0.0918,"{""T"":1790902390670,""s"":""LONGXIAUSDT"",""S"":""Buy"",""v"":""1183"",""p"":""0.0918""}"
2026-10-02T00:53:28.993171Z,1790902408558,SOONUSDT,Sell,3027,0.45300,"{""T"":1790902408558,""s"":""SOONUSDT"",""S"":""Sell"",""v"":""3027"",""p"":""0.45300""}"
2026-10-02T00:54:47.992228Z,1790902487694,SOONUSDT,Sell,18,0.45430,"{""T"":1790902487694,""s"":""SOONUSDT"",""S"":""Sell"",""v"":""18"",""p"":""0.45430""}"
2026-10-02T00:55:07.312967Z,1790902506826,HYPEUSDT,Sell,1.25,88.860,"{""T"":1790902506826,""s"":""HYPEUSDT"",""S"":""Sell"",""v"":""1.25"",""p"":""88.860""}"
2026-10-02T00:55:15.913491Z,1790902515773,ZECUSDT,Sell,0.53,1353.13,"{""T"":1790902515773,""s"":""ZECUSDT"",""S"":""Sell"",""v"":""0.53"",""p"":""1353.13""}"
2026-10-02T00:55:27.455884Z,1790902527331,QNTUSDT,Sell,7.75,252.94,"{""T"":1790902527331,""s"":""QNTUSDT"",""S"":""Sell"",""v"":""7.75"",""p"":""252.94""}"
2026-10-02T00:55:27.827969Z,1790902527331,LONGXIAUSDT,Buy,2724,0.0935,"{""T"":1790902527331,""s"":""LONGXIAUSDT"",""S"":""Buy"",""v"":""2724"",""p"":""0.0935""}"
2026-10-02T00:56:10.328182Z,1790902570068,LONGXIAUSDT,Buy,1120,0.0897,"{""T"":1790902570068,""s"":""LONGXIAUSDT"",""S"":""Buy"",""v"":""1120"",""p"":""0.0897""}"
2026-10-02T00:57:08.332229Z,1790902628061,LONGXIAUSDT,Buy,71,0.0892,"{""T"":1790902628061,""s"":""LONGXIAUSDT"",""S"":""Buy"",""v"":""71"",""p"":""0.0892""}"
2026-10-02T00:57:33.832020Z,1790902653696,LONGXIAUSDT,Buy,2125,0.0891,"{""T"":1790902653696,""s"":""LONGXIAUSDT"",""S"":""Buy"",""v"":""2125"",""p"":""0.0891""}"
2026-10-02T00:57:34.828192Z,1790902654387,LONGXIAUSDT,Buy,249,0.0889,"{""T"":1790902654387,""s"":""LONGXIAUSDT"",""S"":""Buy"",""v"":""249"",""p"":""0.0889""}"
2026-10-02T00:57:35.328645Z,1790902654854,LONGXIAUSDT,Buy,12832,0.0890,"{""T"":1790902654854,""s"":""LONGXIAUSDT"",""S"":""Buy"",""v"":""12832"",""p"":""0.0890""}"
2026-10-02T00:58:57.019606Z,1790902736625,LTCUSDT,Sell,0.2,69.58,"{""T"":1790902736625,""s"":""LTCUSDT"",""S"":""Sell"",""v"":""0.2"",""p"":""69.58""}"
2026-10-02T00:59:07.499904Z,1790902747386,CTUSDT,Buy,2319,0.4731,"{""T"":1790902747386,""s"":""CTUSDT"",""S"":""Buy"",""v"":""2319"",""p"":""0.4731""}"
2026-10-02T00:59:07.996989Z,1790902747650,CTUSDT,Buy,1391,0.4689,"{""T"":1790902747650,""s"":""CTUSDT"",""S"":""Buy"",""v"":""1391"",""p"":""0.4689""}"
2026-10-02T00:59:17.987064Z,1790902757834,XAUUSDT,Buy,0.172,4144.43,"{""T"":1790902757834,""s"":""XAUUSDT"",""S"":""Buy"",""v"":""0.172"",""p"":""4144.43""}"
2026-10-02T00:59:27.907797Z,1790902767517,CAPUSDT,Buy,55360,0.06406,"{""T"":1790902767517,""s"":""CAPUSDT"",""S"":""Buy"",""v"":""55360"",""p"":""0.06406""}"
2026-10-02T00:59:27.995810Z,1790902767517,CTUSDT,Buy,9889,0.4684,"{""T"":1790902767517,""s"":""CTUSDT"",""S"":""Buy"",""v"":""9889"",""p"":""0.4684""}"
2026-10-02T00:59:30.496032Z,1790902770326,CTUSDT,Buy,31,0.4587,"{""T"":1790902770326,""s"":""CTUSDT"",""S"":""Buy"",""v"":""31"",""p"":""0.4587""}"
2026-10-02T00:59:30.496032Z,1790902770358,CTUSDT,Buy,2144,0.4572,"{""T"":1790902770358,""s"":""CTUSDT"",""S"":""Buy"",""v"":""2144"",""p"":""0.4572""}"
2026-10-02T01:01:26.635177Z,1790902886404,MOVRUSDT,Buy,31.4,2.8570,"{""T"":1790902886404,""s"":""MOVRUSDT"",""S"":""Buy"",""v"":""31.4"",""p"":""2.8570""}"
2026-10-02T01:01:26.635177Z,1790902886407,MOVRUSDT,Buy,238.4,2.8570,"{""T"":1790902886407,""s"":""MOVRUSDT"",""S"":""Buy"",""v"":""238.4"",""p"":""2.8570""}"
2026-10-02T01:01:27.134747Z,1790902886554,MOVRUSDT,Buy,2.5,2.8580,"{""T"":1790902886554,""s"":""MOVRUSDT"",""S"":""Buy"",""v"":""2.5"",""p"":""2.8580""}"
2026-10-02T01:01:27.134747Z,1790902886585,MOVRUSDT,Buy,155.3,2.8580,"{""T"":1790902886585,""s"":""MOVRUSDT"",""S"":""Buy"",""v"":""155.3"",""p"":""2.8580""}"
2026-10-02T01:01:27.634871Z,1790902887538,MOVRUSDT,Buy,124.7,2.8480,"{""T"":1790902887538,""s"":""MOVRUSDT"",""S"":""Buy"",""v"":""124.7"",""p"":""2.8480""}"
2026-10-02T01:01:27.987091Z,1790902887722,BTWUSDT,Buy,1100,1.37257,"{""T"":1790902887722,""s"":""BTWUSDT"",""S"":""Buy"",""v"":""1100"",""p"":""1.37257""}"
2026-10-02T01:01:28.134979Z,1790902887581,MOVRUSDT,Buy,123.2,2.8460,"{""T"":1790902887581,""s"":""MOVRUSDT"",""S"":""Buy"",""v"":""123.2"",""p"":""2.8460""}"
2026-10-02T01:01:28.134979Z,1790902887722,MOVRUSDT,Buy,919.9,2.8330,"{""T"":1790902887722,""s"":""MOVRUSDT"",""S"":""Buy"",""v"":""919.9"",""p"":""2.8330""}"
2026-10-02T01:01:28.134979Z,1790902887826,MOVRUSDT,Buy,17.4,2.8460,"{""T"":1790902887826,""s"":""MOVRUSDT"",""S"":""Buy"",""v"":""17.4"",""p"":""2.8460""}"
2026-10-02T01:01:28.134979Z,1790902887952,MOVRUSDT,Buy,1442.5,2.8380,"{""T"":1790902887952,""s"":""MOVRUSDT"",""S"":""Buy"",""v"":""1442.5"",""p"":""2.8380""}"
2026-10-02T01:01:28.635568Z,1790902888384,MOVRUSDT,Buy,35.9,2.8260,"{""T"":1790902888384,""s"":""MOVRUSDT"",""S"":""Buy"",""v"":""35.9"",""p"":""2.8260""}"
2026-10-02T01:01:29.135199Z,1790902888982,MOVRUSDT,Buy,7.1,2.8180,"{""T"":1790902888982,""s"":""MOVRUSDT"",""S"":""Buy"",""v"":""7.1"",""p"":""2.8180""}"
2026-10-02T01:01:51.135938Z,1790902910883,MOVRUSDT,Buy,411.8,2.8020,"{""T"":1790902910883,""s"":""MOVRUSDT"",""S"":""Buy"",""v"":""411.8"",""p"":""2.8020""}"
2026-10-02T01:01:52.634977Z,1790902912511,MOVRUSDT,Buy,4.9,2.7860,"{""T"":1790902912511,""s"":""MOVRUSDT"",""S"":""Buy"",""v"":""4.9"",""p"":""2.7860""}"
2026-10-02T01:01:53.065377Z,1790902912511,BTCUSDT,Sell,0.001,84960.90,"{""T"":1790902912511,""s"":""BTCUSDT"",""S"":""Sell"",""v"":""0.001"",""p"":""84960.90""}"
2026-10-02T01:01:53.135051Z,1790902912617,MOVRUSDT,Buy,15.6,2.7930,"{""T"":1790902912617,""s"":""MOVRUSDT"",""S"":""Buy"",""v"":""15.6"",""p"":""2.7930""}"
2026-10-02T01:02:03.135405Z,1790902922864,AKEUSDT,Sell,2700,0.0323220,"{""T"":1790902922864,""s"":""AKEUSDT"",""S"":""Sell"",""v"":""2700"",""p"":""0.0323220""}"
2026-10-02T01:02:16.486966Z,1790902935919,CLUSDT,Buy,13.47,92.590,"{""T"":1790902935919,""s"":""CLUSDT"",""S"":""Buy"",""v"":""13.47"",""p"":""92.590""}"
2026-10-02T01:02:48.996728Z,1790902968580,XAUTUSDT,Buy,0.013,4122.50,"{""T"":1790902968580,""s"":""XAUTUSDT"",""S"":""Buy"",""v"":""0.013"",""p"":""4122.50""}"
2026-10-02T01:03:22.486521Z,1790903002394,XAUUSDT,Buy,0.180,4138.70,"{""T"":1790903002394,""s"":""XAUUSDT"",""S"":""Buy"",""v"":""0.180"",""p"":""4138.70""}"
2026-10-02T01:03:23.486626Z,1790903003118,XAUUSDT,Buy,0.008,4138.11,"{""T"":1790903003118,""s"":""XAUUSDT"",""S"":""Buy"",""v"":""0.008"",""p"":""4138.11""}"
2026-10-02T01:03:23.486626Z,1790903003373,XAUUSDT,Buy,0.019,4138.31,"{""T"":1790903003373,""s"":""XAUUSDT"",""S"":""Buy"",""v"":""0.019"",""p"":""4138.31""}"
2026-10-02T01:03:33.515882Z,1790903013245,LTCUSDT,Sell,3.1,69.62,"{""T"":1790903013245,""s"":""LTCUSDT"",""S"":""Sell"",""v"":""3.1"",""p"":""69.62""}"
2026-10-02T01:04:01.986942Z,1790903041895,XAGUSDT,Buy,2.593,60.34,"{""T"":1790903041895,""s"":""XAGUSDT"",""S"":""Buy"",""v"":""2.593"",""p"":""60.34""}"
2026-10-02T01:04:14.956134Z,1790903054723,QNTUSDT,Buy,1.75,246.56,"{""T"":1790903054723,""s"":""QNTUSDT"",""S"":""Buy"",""v"":""1.75"",""p"":""246.56""}"
2026-10-02T01:04:43.414079Z,1790903082887,UNIUSDT,Buy,134.0,8.868,"{""T"":1790903082887,""s"":""UNIUSDT"",""S"":""Buy"",""v"":""134.0"",""p"":""8.868""}"
2026-10-02T01:04:47.858971Z,1790903087402,SEIUSDT,Buy,133,0.06937,"{""T"":1790903087402,""s"":""SEIUSDT"",""S"":""Buy"",""v"":""133"",""p"":""0.06937""}"
2026-10-02T01:04:48.358917Z,1790903088080,SEIUSDT,Buy,12962,0.06939,"{""T"":1790903088080,""s"":""SEIUSDT"",""S"":""Buy"",""v"":""12962"",""p"":""0.06939""}"
2026-10-02T01:04:51.859320Z,1790903091619,SEIUSDT,Buy,3741,0.06930,"{""T"":1790903091619,""s"":""SEIUSDT"",""S"":""Buy"",""v"":""3741"",""p"":""0.06930""}"
2026-10-02T01:04:52.359749Z,1790903091990,SEIUSDT,Buy,76896,0.06927,"{""T"":1790903091990,""s"":""SEIUSDT"",""S"":""Buy"",""v"":""76896"",""p"":""0.06927""}"
2026-10-02T01:06:07.329182Z,1790903167127,LONGXIAUSDT,Buy,515,0.0877,"{""T"":1790903167127,""s"":""LONGXIAUSDT"",""S"":""Buy"",""v"":""515"",""p"":""0.0877""}"
2026-10-02T01:06:40.859386Z,1790903200607,SEIUSDT,Buy,106108,0.06899,"{""T"":1790903200607,""s"":""SEIUSDT"",""S"":""Buy"",""v"":""106108"",""p"":""0.06899""}"
2026-10-02T01:06:41.360295Z,1790903201007,SEIUSDT,Buy,1200,0.06894,"{""T"":1790903201007,""s"":""SEIUSDT"",""S"":""Buy"",""v"":""1200"",""p"":""0.06894""}"
2026-10-02T01:06:44.847976Z,1790903204386,XLMUSDT,Buy,1069,0.21600,"{""T"":1790903204386,""s"":""XLMUSDT"",""S"":""Buy"",""v"":""1069"",""p"":""0.21600""}"
2026-10-02T01:06:44.847976Z,1790903204394,XLMUSDT,Buy,1072,0.21590,"{""T"":1790903204394,""s"":""XLMUSDT"",""S"":""Buy"",""v"":""1072"",""p"":""0.21590""}"
2026-10-02T01:07:21.330061Z,1790903240747,LONGXIAUSDT,Buy,41588,0.0874,"{""T"":1790903240747,""s"":""LONGXIAUSDT"",""S"":""Buy"",""v"":""41588"",""p"":""0.0874""}"
2026-10-02T01:07:22.955672Z,1790903242687,QNTUSDT,Buy,1.29,246.01,"{""T"":1790903242687,""s"":""QNTUSDT"",""S"":""Buy"",""v"":""1.29"",""p"":""246.01""}"
2026-10-02T01:09:18.828535Z,1790903358459,LONGXIAUSDT,Buy,1041,0.0864,"{""T"":1790903358459,""s"":""LONGXIAUSDT"",""S"":""Buy"",""v"":""1041"",""p"":""0.0864""}"
2026-10-02T01:09:28.486688Z,1790903368210,XAUUSDT,Buy,0.456,4132.93,"{""T"":1790903368210,""s"":""XAUUSDT"",""S"":""Buy"",""v"":""0.456"",""p"":""4132.93""}"
2026-10-02T01:09:30.486361Z,1790903369963,XAUUSDT,Buy,1.466,4129.19,"{""T"":1790903369963,""s"":""XAUUSDT"",""S"":""Buy"",""v"":""1.466"",""p"":""4129.19""}"
2026-10-02T01:09:30.486361Z,1790903370045,XAUUSDT,Buy,0.456,4129.26,"{""T"":1790903370045,""s"":""XAUUSDT"",""S"":""Buy"",""v"":""0.456"",""p"":""4129.26""}"
2026-10-02T01:09:30.486361Z,1790903370200,XAUUSDT,Buy,0.023,4131.39,"{""T"":1790903370200,""s"":""XAUUSDT"",""S"":""Buy"",""v"":""0.023"",""p"":""4131.39""}"
2026-10-02T01:09:30.495969Z,1790903369963,XAUTUSDT,Buy,0.900,4116.50,"{""T"":1790903369963,""s"":""XAUTUSDT"",""S"":""Buy"",""v"":""0.900"",""p"":""4116.50""}"
2026-10-02T01:09:30.825114Z,1790903370641,ENAUSDT,Buy,6474,0.23805,"{""T"":1790903370641,""s"":""ENAUSDT"",""S"":""Buy"",""v"":""6474"",""p"":""0.23805""}"
2026-10-02T01:09:32.828260Z,1790903372265,LONGXIAUSDT,Buy,7815,0.0858,"{""T"":1790903372265,""s"":""LONGXIAUSDT"",""S"":""Buy"",""v"":""7815"",""p"":""0.0858""}"
2026-10-02T01:09:32.828260Z,1790903372634,LONGXIAUSDT,Buy,61,0.0858,"{""T"":1790903372634,""s"":""LONGXIAUSDT"",""S"":""Buy"",""v"":""61"",""p"":""0.0858""}"
2026-10-02T01:09:34.825231Z,1790903374386,ENAUSDT,Buy,1376,0.23800,"{""T"":1790903374386,""s"":""ENAUSDT"",""S"":""Buy"",""v"":""1376"",""p"":""0.23800""}"
2026-10-02T01:09:34.986807Z,1790903374483,XAUUSDT,Buy,0.021,4128.76,"{""T"":1790903374483,""s"":""XAUUSDT"",""S"":""Buy"",""v"":""0.021"",""p"":""4128.76""}"
2026-10-02T01:09:43.413658Z,1790903383114,ZECUSDT,Buy,0.41,1324.58,"{""T"":1790903383114,""s"":""ZECUSDT"",""S"":""Buy"",""v"":""0.41"",""p"":""1324.58""}"
2026-10-02T01:09:43.486542Z,1790903383114,XAUUSDT,Buy,1.056,4128.08,"{""T"":1790903383114,""s"":""XAUUSDT"",""S"":""Buy"",""v"":""1.056"",""p"":""4128.08""}"
2026-10-02T01:09:43.495933Z,1790903383114,XAUTUSDT,Buy,1.201,4112.10,"{""T"":1790903383114,""s"":""XAUTUSDT"",""S"":""Buy"",""v"":""1.201"",""p"":""4112.10""}"
2026-10-02T01:09:43.496248Z,1790903383114,VIRTUALUSDT,Buy,1441,0.7650,"{""T"":1790903383114,""s"":""VIRTUALUSDT"",""S"":""Buy"",""v"":""1441"",""p"":""0.7650""}"
2026-10-02T01:09:43.565175Z,1790903383114,BTCUSDT,Sell,0.020,84941.80,"{""T"":1790903383114,""s"":""BTCUSDT"",""S"":""Sell"",""v"":""0.020"",""p"":""84941.80""}"
2026-10-02T01:10:02.328847Z,1790903402130,LONGXIAUSDT,Buy,60,0.0850,"{""T"":1790903402130,""s"":""LONGXIAUSDT"",""S"":""Buy"",""v"":""60"",""p"":""0.0850""}"
2026-10-02T01:10:02.828527Z,1790903402349,LONGXIAUSDT,Buy,531,0.0847,"{""T"":1790903402349,""s"":""LONGXIAUSDT"",""S"":""Buy"",""v"":""531"",""p"":""0.0847""}"
2026-10-02T01:10:02.828527Z,1790903402470,LONGXIAUSDT,Buy,47,0.0852,"{""T"":1790903402470,""s"":""LONGXIAUSDT"",""S"":""Buy"",""v"":""47"",""p"":""0.0852""}"
2026-10-02T01:10:02.828527Z,1790903402579,LONGXIAUSDT,Buy,8364,0.0849,"{""T"":1790903402579,""s"":""LONGXIAUSDT"",""S"":""Buy"",""v"":""8364"",""p"":""0.0849""}"
2026-10-02T01:10:02.828527Z,1790903402583,LONGXIAUSDT,Buy,253,0.0844,"{""T"":1790903402583,""s"":""LONGXIAUSDT"",""S"":""Buy"",""v"":""253"",""p"":""0.0844""}"
2026-10-02T01:10:02.828527Z,1790903402651,LONGXIAUSDT,Buy,17120,0.0840,"{""T"":1790903402651,""s"":""LONGXIAUSDT"",""S"":""Buy"",""v"":""17120"",""p"":""0.0840""}"
2026-10-02T01:10:02.828527Z,1790903402711,LONGXIAUSDT,Buy,1175,0.0839,"{""T"":1790903402711,""s"":""LONGXIAUSDT"",""S"":""Buy"",""v"":""1175"",""p"":""0.0839""}"
2026-10-02T01:10:03.328412Z,1790903402824,LONGXIAUSDT,Buy,2330,0.0844,"{""T"":1790903402824,""s"":""LONGXIAUSDT"",""S"":""Buy"",""v"":""2330"",""p"":""0.0844""}"
2026-10-02T01:10:03.328412Z,1790903402839,LONGXIAUSDT,Buy,1560,0.0840,"{""T"":1790903402839,""s"":""LONGXIAUSDT"",""S"":""Buy"",""v"":""1560"",""p"":""0.0840""}"
2026-10-02T01:10:03.828490Z,1790903403312,LONGXIAUSDT,Buy,1000,0.0837,"{""T"":1790903403312,""s"":""LONGXIAUSDT"",""S"":""Buy"",""v"":""1000"",""p"":""0.0837""}"
2026-10-02T01:10:03.828490Z,1790903403600,LONGXIAUSDT,Buy,2119,0.0834,"{""T"":1790903403600,""s"":""LONGXIAUSDT"",""S"":""Buy"",""v"":""2119"",""p"":""0.0834""}"
2026-10-02T01:10:04.328172Z,1790903403771,LONGXIAUSDT,Buy,4305,0.0834,"{""T"":1790903403771,""s"":""LONGXIAUSDT"",""S"":""Buy"",""v"":""4305"",""p"":""0.0834""}"
2026-10-02T01:10:04.328172Z,1790903403821,LONGXIAUSDT,Buy,191,0.0836,"{""T"":1790903403821,""s"":""LONGXIAUSDT"",""S"":""Buy"",""v"":""191"",""p"":""0.0836""}"
2026-10-02T01:10:04.328172Z,1790903403841,LONGXIAUSDT,Buy,140,0.0834,"{""T"":1790903403841,""s"":""LONGXIAUSDT"",""S"":""Buy"",""v"":""140"",""p"":""0.0834""}"
2026-10-02T01:10:04.828471Z,1790903404415,LONGXIAUSDT,Buy,999,0.0829,"{""T"":1790903404415,""s"":""LONGXIAUSDT"",""S"":""Buy"",""v"":""999"",""p"":""0.0829""}"
2026-10-02T01:10:09.987102Z,1790903409429,XAUUSDT,Buy,1.245,4127.80,"{""T"":1790903409429,""s"":""XAUUSDT"",""S"":""Buy"",""v"":""1.245"",""p"":""4127.80""}"
2026-10-02T01:10:17.486310Z,1790903417196,XAUUSDT,Buy,0.010,4127.61,"{""T"":1790903417196,""s"":""XAUUSDT"",""S"":""Buy"",""v"":""0.010"",""p"":""4127.61""}"
2026-10-02T01:10:17.828680Z,1790903417563,LONGXIAUSDT,Buy,169,0.0830,"{""T"":1790903417563,""s"":""LONGXIAUSDT"",""S"":""Buy"",""v"":""169"",""p"":""0.0830""}"
2026-10-02T01:10:18.134808Z,1790903417563,MOVRUSDT,Buy,8.8,2.8300,"{""T"":1790903417563,""s"":""MOVRUSDT"",""S"":""Buy"",""v"":""8.8"",""p"":""2.8300""}"
2026-10-02T01:10:18.486389Z,1790903417921,XAGUSDT,Buy,15.301,60.14,"{""T"":1790903417921,""s"":""XAGUSDT"",""S"":""Buy"",""v"":""15.301"",""p"":""60.14""}"
2026-10-02T01:10:19.486356Z,1790903418928,XAGUSDT,Buy,1.230,60.14,"{""T"":1790903418928,""s"":""XAGUSDT"",""S"":""Buy"",""v"":""1.230"",""p"":""60.14""}"
2026-10-02T01:10:26.328622Z,1790903426207,LONGXIAUSDT,Buy,394,0.0824,"{""T"":1790903426207,""s"":""LONGXIAUSDT"",""S"":""Buy"",""v"":""394"",""p"":""0.0824""}"
2026-10-02T01:10:27.328140Z,1790903426803,LONGXIAUSDT,Buy,3636,0.0825,"{""T"":1790903426803,""s"":""LONGXIAUSDT"",""S"":""Buy"",""v"":""3636"",""p"":""0.0825""}"
2026-10-02T01:10:29.328717Z,1790903429134,LONGXIAUSDT,Buy,274,0.0820,"{""T"":1790903429134,""s"":""LONGXIAUSDT"",""S"":""Buy"",""v"":""274"",""p"":""0.0820""}"
2026-10-02T01:10:32.486783Z,1790903432274,XAGUSDT,Buy,104.030,60.08,"{""T"":1790903432274,""s"":""XAGUSDT"",""S"":""Buy"",""v"":""104.030"",""p"":""60.08""}"
2026-10-02T01:10:34.325250Z,1790903433935,FARTCOINUSDT,Buy,10000,0.17353,"{""T"":1790903433935,""s"":""FARTCOINUSDT"",""S"":""Buy"",""v"":""10000"",""p"":""0.17353""}"
2026-10-02T01:10:34.328095Z,1790903434180,LONGXIAUSDT,Buy,537,0.0819,"{""T"":1790903434180,""s"":""LONGXIAUSDT"",""S"":""Buy"",""v"":""537"",""p"":""0.0819""}"
2026-10-02T01:10:34.486658Z,1790903433935,XAGUSDT,Buy,165.617,60.08,"{""T"":1790903433935,""s"":""XAGUSDT"",""S"":""Buy"",""v"":""165.617"",""p"":""60.08""}"
2026-10-02T01:10:44.986822Z,1790903444463,XAUUSDT,Buy,0.007,4124.34,"{""T"":1790903444463,""s"":""XAUUSDT"",""S"":""Buy"",""v"":""0.007"",""p"":""4124.34""}"
2026-10-02T01:10:45.486354Z,1790903445255,XAUUSDT,Buy,0.746,4123.99,"{""T"":1790903445255,""s"":""XAUUSDT"",""S"":""Buy"",""v"":""0.746"",""p"":""4123.99""}"
2026-10-02T01:10:57.328926Z,1790903457022,LONGXIAUSDT,Buy,547,0.0818,"{""T"":1790903457022,""s"":""LONGXIAUSDT"",""S"":""Buy"",""v"":""547"",""p"":""0.0818""}"
2026-10-02T01:10:57.328926Z,1790903457043,LONGXIAUSDT,Buy,22246,0.0817,"{""T"":1790903457043,""s"":""LONGXIAUSDT"",""S"":""Buy"",""v"":""22246"",""p"":""0.0817""}"
2026-10-02T01:10:57.328926Z,1790903457226,LONGXIAUSDT,Buy,200,0.0818,"{""T"":1790903457226,""s"":""LONGXIAUSDT"",""S"":""Buy"",""v"":""200"",""p"":""0.0818""}"
2026-10-02T01:11:01.828800Z,1790903461678,LONGXIAUSDT,Buy,208,0.0817,"{""T"":1790903461678,""s"":""LONGXIAUSDT"",""S"":""Buy"",""v"":""208"",""p"":""0.0817""}"
2026-10-02T01:11:05.328526Z,1790903464775,LONGXIAUSDT,Buy,3000,0.0812,"{""T"":1790903464775,""s"":""LONGXIAUSDT"",""S"":""Buy"",""v"":""3000"",""p"":""0.0812""}"
2026-10-02T01:11:06.328156Z,1790903466179,LONGXIAUSDT,Buy,3011,0.0805,"{""T"":1790903466179,""s"":""LONGXIAUSDT"",""S"":""Buy"",""v"":""3011"",""p"":""0.0805""}"
2026-10-02T01:11:07.328463Z,1790903466876,LONGXIAUSDT,Buy,1000,0.0808,"{""T"":1790903466876,""s"":""LONGXIAUSDT"",""S"":""Buy"",""v"":""1000"",""p"":""0.0808""}"
2026-10-02T01:11:07.328463Z,1790903466930,LONGXIAUSDT,Buy,487,0.0807,"{""T"":1790903466930,""s"":""LONGXIAUSDT"",""S"":""Buy"",""v"":""487"",""p"":""0.0807""}"
2026-10-02T01:11:07.328463Z,1790903467022,LONGXIAUSDT,Buy,563,0.0805,"{""T"":1790903467022,""s"":""LONGXIAUSDT"",""S"":""Buy"",""v"":""563"",""p"":""0.0805""}"
2026-10-02T01:11:07.328463Z,1790903467096,LONGXIAUSDT,Buy,52,0.0799,"{""T"":1790903467096,""s"":""LONGXIAUSDT"",""S"":""Buy"",""v"":""52"",""p"":""0.0799""}"
2026-10-02T01:11:07.828557Z,1790903467398,LONGXIAUSDT,Buy,93,0.0799,"{""T"":1790903467398,""s"":""LONGXIAUSDT"",""S"":""Buy"",""v"":""93"",""p"":""0.0799""}"
2026-10-02T01:11:07.828557Z,1790903467483,LONGXIAUSDT,Buy,408,0.0802,"{""T"":1790903467483,""s"":""LONGXIAUSDT"",""S"":""Buy"",""v"":""408"",""p"":""0.0802""}"
2026-10-02T01:11:07.828557Z,1790903467502,LONGXIAUSDT,Buy,9787,0.0797,"{""T"":1790903467502,""s"":""LONGXIAUSDT"",""S"":""Buy"",""v"":""9787"",""p"":""0.0797""}"
2026-10-02T01:11:07.828557Z,1790903467522,LONGXIAUSDT,Buy,2254,0.0799,"{""T"":1790903467522,""s"":""LONGXIAUSDT"",""S"":""Buy"",""v"":""2254"",""p"":""0.0799""}"
2026-10-02T01:11:09.328196Z,1790903469205,LONGXIAUSDT,Buy,1414,0.0782,"{""T"":1790903469205,""s"":""LONGXIAUSDT"",""S"":""Buy"",""v"":""1414"",""p"":""0.0782""}"
2026-10-02T01:11:09.828463Z,1790903469261,LONGXIAUSDT,Buy,64604,0.0784,"{""T"":1790903469261,""s"":""LONGXIAUSDT"",""S"":""Buy"",""v"":""64604"",""p"":""0.0784""}"
2026-10-02T01:11:09.828463Z,1790903469280,LONGXIAUSDT,Buy,330,0.0784,"{""T"":1790903469280,""s"":""LONGXIAUSDT"",""S"":""Buy"",""v"":""330"",""p"":""0.0784""}"
2026-10-02T01:11:09.828463Z,1790903469281,LONGXIAUSDT,Buy,534,0.0782,"{""T"":1790903469281,""s"":""LONGXIAUSDT"",""S"":""Buy"",""v"":""534"",""p"":""0.0782""}"
2026-10-02T01:11:09.828463Z,1790903469518,LONGXIAUSDT,Buy,119,0.0783,"{""T"":1790903469518,""s"":""LONGXIAUSDT"",""S"":""Buy"",""v"":""119"",""p"":""0.0783""}"
2026-10-02T01:11:09.828463Z,1790903469716,LONGXIAUSDT,Buy,2946,0.0779,"{""T"":1790903469716,""s"":""LONGXIAUSDT"",""S"":""Buy"",""v"":""2946"",""p"":""0.0779""}"
2026-10-02T01:11:10.328233Z,1790903469757,LONGXIAUSDT,Buy,200,0.0781,"{""T"":1790903469757,""s"":""LONGXIAUSDT"",""S"":""Buy"",""v"":""200"",""p"":""0.0781""}"
2026-10-02T01:11:10.328233Z,1790903469787,LONGXIAUSDT,Buy,800,0.0787,"{""T"":1790903469787,""s"":""LONGXIAUSDT"",""S"":""Buy"",""v"":""800"",""p"":""0.0787""}"
2026-10-02T01:11:10.328233Z,1790903469819,LONGXIAUSDT,Buy,378,0.0778,"{""T"":1790903469819,""s"":""LONGXIAUSDT"",""S"":""Buy"",""v"":""378"",""p"":""0.0778""}"
2026-10-02T01:11:10.328233Z,1790903469838,LONGXIAUSDT,Buy,914,0.0785,"{""T"":1790903469838,""s"":""LONGXIAUSDT"",""S"":""Buy"",""v"":""914"",""p"":""0.0785""}"
2026-10-02T01:11:10.328233Z,1790903469858,LONGXIAUSDT,Buy,851,0.0784,"{""T"":1790903469858,""s"":""LONGXIAUSDT"",""S"":""Buy"",""v"":""851"",""p"":""0.0784""}"
2026-10-02T01:11:10.328233Z,1790903470005,LONGXIAUSDT,Buy,82,0.0779,"{""T"":1790903470005,""s"":""LONGXIAUSDT"",""S"":""Buy"",""v"":""82"",""p"":""0.0779""}"
2026-10-02T01:11:10.328233Z,1790903470019,LONGXIAUSDT,Buy,20467,0.0782,"{""T"":1790903470019,""s"":""LONGXIAUSDT"",""S"":""Buy"",""v"":""20467"",""p"":""0.0782""}"
2026-10-02T01:11:10.328233Z,1790903470060,LONGXIAUSDT,Buy,179,0.0786,"{""T"":1790903470060,""s"":""LONGXIAUSDT"",""S"":""Buy"",""v"":""179"",""p"":""0.0786""}"
2026-10-02T01:11:10.328233Z,1790903470120,LONGXIAUSDT,Buy,396,0.0786,"{""T"":1790903470120,""s"":""LONGXIAUSDT"",""S"":""Buy"",""v"":""396"",""p"":""0.0786""}"
2026-10-02T01:11:16.828280Z,1790903476261,LONGXIAUSDT,Buy,1363,0.0776,"{""T"":1790903476261,""s"":""LONGXIAUSDT"",""S"":""Buy"",""v"":""1363"",""p"":""0.0776""}"
2026-10-02T01:11:16.828280Z,1790903476687,LONGXIAUSDT,Buy,14054,0.0774,"{""T"":1790903476687,""s"":""LONGXIAUSDT"",""S"":""Buy"",""v"":""14054"",""p"":""0.0774""}"
2026-10-02T01:11:20.828334Z,1790903480384,LONGXIAUSDT,Buy,11361,0.0770,"{""T"":1790903480384,""s"":""LONGXIAUSDT"",""S"":""Buy"",""v"":""11361"",""p"":""0.0770""}"
2026-10-02T01:12:33.956011Z,1790903553819,QNTUSDT,Sell,0.09,252.64,"{""T"":1790903553819,""s"":""QNTUSDT"",""S"":""Sell"",""v"":""0.09"",""p"":""252.64""}"
2026-10-02T01:12:45.325476Z,1790903564781,ENAUSDT,Buy,4213,0.23750,"{""T"":1790903564781,""s"":""ENAUSDT"",""S"":""Buy"",""v"":""4213"",""p"":""0.23750""}"
2026-10-02T01:12:45.325476Z,1790903564790,ENAUSDT,Buy,379,0.23735,"{""T"":1790903564790,""s"":""ENAUSDT"",""S"":""Buy"",""v"":""379"",""p"":""0.23735""}"
2026-10-02T01:12:45.325476Z,1790903564944,ENAUSDT,Buy,342,0.23737,"{""T"":1790903564944,""s"":""ENAUSDT"",""S"":""Buy"",""v"":""342"",""p"":""0.23737""}"
2026-10-02T01:12:45.325476Z,1790903565037,ENAUSDT,Buy,3275,0.23760,"{""T"":1790903565037,""s"":""ENAUSDT"",""S"":""Buy"",""v"":""3275"",""p"":""0.23760""}"
2026-10-02T01:12:45.325476Z,1790903565149,ENAUSDT,Buy,7026,0.23733,"{""T"":1790903565149,""s"":""ENAUSDT"",""S"":""Buy"",""v"":""7026"",""p"":""0.23733""}"
2026-10-02T01:12:45.325476Z,1790903565159,ENAUSDT,Buy,38,0.23768,"{""T"":1790903565159,""s"":""ENAUSDT"",""S"":""Buy"",""v"":""38"",""p"":""0.23768""}"
2026-10-02T01:12:45.825093Z,1790903565479,ENAUSDT,Buy,3438,0.23750,"{""T"":1790903565479,""s"":""ENAUSDT"",""S"":""Buy"",""v"":""3438"",""p"":""0.23750""}"
2026-10-02T01:12:49.913419Z,1790903569348,ZECUSDT,Buy,0.02,1320.44,"{""T"":1790903569348,""s"":""ZECUSDT"",""S"":""Buy"",""v"":""0.02"",""p"":""1320.44""}"
2026-10-02T01:12:55.955783Z,1790903575485,QNTUSDT,Sell,1.13,253.68,"{""T"":1790903575485,""s"":""QNTUSDT"",""S"":""Sell"",""v"":""1.13"",""p"":""253.68""}"
2026-10-02T01:12:59.456232Z,1790903578928,QNTUSDT,Sell,0.09,253.82,"{""T"":1790903578928,""s"":""QNTUSDT"",""S"":""Sell"",""v"":""0.09"",""p"":""253.82""}"
2026-10-02T01:12:59.456232Z,1790903579297,QNTUSDT,Sell,12.88,253.82,"{""T"":1790903579297,""s"":""QNTUSDT"",""S"":""Sell"",""v"":""12.88"",""p"":""253.82""}"
2026-10-02T01:12:59.813039Z,1790903579231,TRUMPUSDT,Buy,135.2,2.029,"{""T"":1790903579231,""s"":""TRUMPUSDT"",""S"":""Buy"",""v"":""135.2"",""p"":""2.029""}"
2026-10-02T01:13:06.413575Z,1790903585877,DOGEUSDT,Buy,467,0.09304,"{""T"":1790903585877,""s"":""DOGEUSDT"",""S"":""Buy"",""v"":""467"",""p"":""0.09304""}"
2026-10-02T01:13:06.812406Z,1790903586437,ASTERUSDT,Buy,1941,0.7328,"{""T"":1790903586437,""s"":""ASTERUSDT"",""S"":""Buy"",""v"":""1941"",""p"":""0.7328""}"
2026-10-02T01:13:30.332800Z,1790903610112,LONGXIAUSDT,Buy,31910,0.0757,"{""T"":1790903610112,""s"":""LONGXIAUSDT"",""S"":""Buy"",""v"":""31910"",""p"":""0.0757""}"
2026-10-02T01:13:30.332800Z,1790903610200,LONGXIAUSDT,Buy,6747,0.0757,"{""T"":1790903610200,""s"":""LONGXIAUSDT"",""S"":""Buy"",""v"":""6747"",""p"":""0.0757""}"
2026-10-02T01:13:30.828208Z,1790903610513,LONGXIAUSDT,Buy,5585,0.0757,"{""T"":1790903610513,""s"":""LONGXIAUSDT"",""S"":""Buy"",""v"":""5585"",""p"":""0.0757""}"
2026-10-02T01:13:30.828208Z,1790903610531,LONGXIAUSDT,Buy,159,0.0760,"{""T"":1790903610531,""s"":""LONGXIAUSDT"",""S"":""Buy"",""v"":""159"",""p"":""0.0760""}"
2026-10-02T01:13:31.328240Z,1790903610801,LONGXIAUSDT,Buy,577,0.0757,"{""T"":1790903610801,""s"":""LONGXIAUSDT"",""S"":""Buy"",""v"":""577"",""p"":""0.0757""}"
2026-10-02T01:13:33.328272Z,1790903612948,LONGXIAUSDT,Buy,13061,0.0748,"{""T"":1790903612948,""s"":""LONGXIAUSDT"",""S"":""Buy"",""v"":""13061"",""p"":""0.0748""}"
2026-10-02T01:13:56.313046Z,1790903636083,MEGAUSDT,Buy,48682,0.05149,"{""T"":1790903636083,""s"":""MEGAUSDT"",""S"":""Buy"",""v"":""48682"",""p"":""0.05149""}"
2026-10-02T01:13:56.313046Z,1790903636192,MEGAUSDT,Buy,922,0.05149,"{""T"":1790903636192,""s"":""MEGAUSDT"",""S"":""Buy"",""v"":""922"",""p"":""0.05149""}"
2026-10-02T01:13:56.996190Z,1790903636707,DASHUSDT,Buy,0.38,57.52,"{""T"":1790903636707,""s"":""DASHUSDT"",""S"":""Buy"",""v"":""0.38"",""p"":""57.52""}"
2026-10-02T01:14:26.812992Z,1790903666675,MEGAUSDT,Buy,1417,0.05113,"{""T"":1790903666675,""s"":""MEGAUSDT"",""S"":""Buy"",""v"":""1417"",""p"":""0.05113""}"
2026-10-02T01:14:48.837940Z,1790903688372,XRPUSDT,Buy,158.9,1.4827,"{""T"":1790903688372,""s"":""XRPUSDT"",""S"":""Buy"",""v"":""158.9"",""p"":""1.4827""}"
2026-10-02T01:15:17.486791Z,1790903717293,CLUSDT,Buy,0.20,92.420,"{""T"":1790903717293,""s"":""CLUSDT"",""S"":""Buy"",""v"":""0.20"",""p"":""92.420""}"
2026-10-02T01:15:20.408007Z,1790903719877,ALICEUSDT,Buy,205.0,0.20689,"{""T"":1790903719877,""s"":""ALICEUSDT"",""S"":""Buy"",""v"":""205.0"",""p"":""0.20689""}"
2026-10-02T01:16:00.859136Z,1790903760699,GRAMUSDT,Buy,250.0,1.5450,"{""T"":1790903760699,""s"":""GRAMUSDT"",""S"":""Buy"",""v"":""250.0"",""p"":""1.5450""}"
2026-10-02T01:16:11.332039Z,1790903771030,LONGXIAUSDT,Buy,6177,0.0745,"{""T"":1790903771030,""s"":""LONGXIAUSDT"",""S"":""Buy"",""v"":""6177"",""p"":""0.0745""}"
2026-10-02T01:16:12.829101Z,1790903772544,LONGXIAUSDT,Buy,121,0.0737,"{""T"":1790903772544,""s"":""LONGXIAUSDT"",""S"":""Buy"",""v"":""121"",""p"":""0.0737""}"
2026-10-02T01:16:12.829101Z,1790903772558,LONGXIAUSDT,Buy,5490,0.0739,"{""T"":1790903772558,""s"":""LONGXIAUSDT"",""S"":""Buy"",""v"":""5490"",""p"":""0.0739""}"
2026-10-02T01:16:13.328399Z,1790903773032,LONGXIAUSDT,Buy,267,0.0737,"{""T"":1790903773032,""s"":""LONGXIAUSDT"",""S"":""Buy"",""v"":""267"",""p"":""0.0737""}"
2026-10-02T01:16:13.328399Z,1790903773192,LONGXIAUSDT,Buy,418,0.0736,"{""T"":1790903773192,""s"":""LONGXIAUSDT"",""S"":""Buy"",""v"":""418"",""p"":""0.0736""}"
2026-10-02T01:16:13.828314Z,1790903773257,LONGXIAUSDT,Buy,318,0.0736,"{""T"":1790903773257,""s"":""LONGXIAUSDT"",""S"":""Buy"",""v"":""318"",""p"":""0.0736""}"
2026-10-02T01:16:14.328108Z,1790903773920,LONGXIAUSDT,Buy,229,0.0736,"{""T"":1790903773920,""s"":""LONGXIAUSDT"",""S"":""Buy"",""v"":""229"",""p"":""0.0736""}"
2026-10-02T01:16:14.328108Z,1790903774173,LONGXIAUSDT,Buy,229,0.0729,"{""T"":1790903774173,""s"":""LONGXIAUSDT"",""S"":""Buy"",""v"":""229"",""p"":""0.0729""}"
2026-10-02T01:16:14.328108Z,1790903774206,LONGXIAUSDT,Buy,865,0.0732,"{""T"":1790903774206,""s"":""LONGXIAUSDT"",""S"":""Buy"",""v"":""865"",""p"":""0.0732""}"
2026-10-02T01:16:14.828982Z,1790903774251,LONGXIAUSDT,Buy,30453,0.0730,"{""T"":1790903774251,""s"":""LONGXIAUSDT"",""S"":""Buy"",""v"":""30453"",""p"":""0.0730""}"
2026-10-02T01:16:18.328400Z,1790903777948,LONGXIAUSDT,Buy,1665,0.0732,"{""T"":1790903777948,""s"":""LONGXIAUSDT"",""S"":""Buy"",""v"":""1665"",""p"":""0.0732""}"
2026-10-02T01:16:18.328400Z,1790903778016,LONGXIAUSDT,Buy,13440,0.0726,"{""T"":1790903778016,""s"":""LONGXIAUSDT"",""S"":""Buy"",""v"":""13440"",""p"":""0.0726""}"
2026-10-02T01:16:18.328400Z,1790903778036,LONGXIAUSDT,Buy,124,0.0724,"{""T"":1790903778036,""s"":""LONGXIAUSDT"",""S"":""Buy"",""v"":""124"",""p"":""0.0724""}"
2026-10-02T01:16:18.328400Z,1790903778052,LONGXIAUSDT,Buy,194,0.0727,"{""T"":1790903778052,""s"":""LONGXIAUSDT"",""S"":""Buy"",""v"":""194"",""p"":""0.0727""}"
2026-10-02T01:16:18.328400Z,1790903778232,LONGXIAUSDT,Buy,210,0.0727,"{""T"":1790903778232,""s"":""LONGXIAUSDT"",""S"":""Buy"",""v"":""210"",""p"":""0.0727""}"
2026-10-02T01:16:18.828656Z,1790903778339,LONGXIAUSDT,Buy,3510,0.0723,"{""T"":1790903778339,""s"":""LONGXIAUSDT"",""S"":""Buy"",""v"":""3510"",""p"":""0.0723""}"
2026-10-02T01:16:18.828656Z,1790903778532,LONGXIAUSDT,Buy,315,0.0727,"{""T"":1790903778532,""s"":""LONGXIAUSDT"",""S"":""Buy"",""v"":""315"",""p"":""0.0727""}"
2026-10-02T01:16:18.828656Z,1790903778533,LONGXIAUSDT,Buy,447,0.0724,"{""T"":1790903778533,""s"":""LONGXIAUSDT"",""S"":""Buy"",""v"":""447"",""p"":""0.0724""}"
2026-10-02T01:16:18.828656Z,1790903778582,LONGXIAUSDT,Buy,124,0.0727,"{""T"":1790903778582,""s"":""LONGXIAUSDT"",""S"":""Buy"",""v"":""124"",""p"":""0.0727""}"
2026-10-02T01:16:18.828656Z,1790903778689,LONGXIAUSDT,Buy,369,0.0724,"{""T"":1790903778689,""s"":""LONGXIAUSDT"",""S"":""Buy"",""v"":""369"",""p"":""0.0724""}"
2026-10-02T01:16:20.328538Z,1790903779807,LONGXIAUSDT,Buy,616,0.0720,"{""T"":1790903779807,""s"":""LONGXIAUSDT"",""S"":""Buy"",""v"":""616"",""p"":""0.0720""}"
2026-10-02T01:16:20.328538Z,1790903779917,LONGXIAUSDT,Buy,2450,0.0722,"{""T"":1790903779917,""s"":""LONGXIAUSDT"",""S"":""Buy"",""v"":""2450"",""p"":""0.0722""}"
2026-10-02T01:16:20.328538Z,1790903780178,LONGXIAUSDT,Buy,5355,0.0708,"{""T"":1790903780178,""s"":""LONGXIAUSDT"",""S"":""Buy"",""v"":""5355"",""p"":""0.0708""}"
2026-10-02T01:16:20.414505Z,1790903780245,DOGEUSDT,Buy,1919,0.09297,"{""T"":1790903780245,""s"":""DOGEUSDT"",""S"":""Buy"",""v"":""1919"",""p"":""0.09297""}"
2026-10-02T01:16:20.812388Z,1790903780565,MEGAUSDT,Buy,1936,0.05164,"{""T"":1790903780565,""s"":""MEGAUSDT"",""S"":""Buy"",""v"":""1936"",""p"":""0.05164""}"
2026-10-02T01:16:20.828195Z,1790903780303,LONGXIAUSDT,Buy,25901,0.0720,"{""T"":1790903780303,""s"":""LONGXIAUSDT"",""S"":""Buy"",""v"":""25901"",""p"":""0.0720""}"
2026-10-02T01:16:20.828195Z,1790903780565,LONGXIAUSDT,Buy,2237,0.0710,"{""T"":1790903780565,""s"":""LONGXIAUSDT"",""S"":""Buy"",""v"":""2237"",""p"":""0.0710""}"
2026-10-02T01:16:20.828195Z,1790903780567,LONGXIAUSDT,Buy,558,0.0709,"{""T"":1790903780567,""s"":""LONGXIAUSDT"",""S"":""Buy"",""v"":""558"",""p"":""0.0709""}"
2026-10-02T01:16:20.828195Z,1790903780598,LONGXIAUSDT,Buy,740,0.0707,"{""T"":1790903780598,""s"":""LONGXIAUSDT"",""S"":""Buy"",""v"":""740"",""p"":""0.0707""}"
2026-10-02T01:16:20.908321Z,1790903780565,CAPUSDT,Buy,1690,0.06603,"{""T"":1790903780565,""s"":""CAPUSDT"",""S"":""Buy"",""v"":""1690"",""p"":""0.06603""}"
2026-10-02T01:16:21.065107Z,1790903780567,BTCUSDT,Sell,0.011,84858.90,"{""T"":1790903780567,""s"":""BTCUSDT"",""S"":""Sell"",""v"":""0.011"",""p"":""84858.90""}"
2026-10-02T01:16:22.328391Z,1790903781891,LONGXIAUSDT,Buy,14934,0.0705,"{""T"":1790903781891,""s"":""LONGXIAUSDT"",""S"":""Buy"",""v"":""14934"",""p"":""0.0705""}"
2026-10-02T01:16:22.828524Z,1790903782308,LONGXIAUSDT,Buy,3201,0.0703,"{""T"":1790903782308,""s"":""LONGXIAUSDT"",""S"":""Buy"",""v"":""3201"",""p"":""0.0703""}"
2026-10-02T01:16:22.828524Z,1790903782347,LONGXIAUSDT,Buy,8617,0.0703,"{""T"":1790903782347,""s"":""LONGXIAUSDT"",""S"":""Buy"",""v"":""8617"",""p"":""0.0703""}"
2026-10-02T01:16:22.828524Z,1790903782615,LONGXIAUSDT,Buy,1612,0.0703,"{""T"":1790903782615,""s"":""LONGXIAUSDT"",""S"":""Buy"",""v"":""1612"",""p"":""0.0703""}"
2026-10-02T01:16:26.907847Z,1790903786695,ALICEUSDT,Buy,4393.6,0.20615,"{""T"":1790903786695,""s"":""ALICEUSDT"",""S"":""Buy"",""v"":""4393.6"",""p"":""0.20615""}"
2026-10-02T01:16:30.135360Z,1790903789649,MOVRUSDT,Buy,5.6,2.7890,"{""T"":1790903789649,""s"":""MOVRUSDT"",""S"":""Buy"",""v"":""5.6"",""p"":""2.7890""}"
2026-10-02T01:16:30.634920Z,1790903790212,MOVRUSDT,Buy,39.8,2.7900,"{""T"":1790903790212,""s"":""MOVRUSDT"",""S"":""Buy"",""v"":""39.8"",""p"":""2.7900""}"
2026-10-02T01:16:33.328768Z,1790903793197,LONGXIAUSDT,Buy,2350,0.0699,"{""T"":1790903793197,""s"":""LONGXIAUSDT"",""S"":""Buy"",""v"":""2350"",""p"":""0.0699""}"
2026-10-02T01:16:33.486495Z,1790903793197,ZROUSDT,Buy,117.8,1.7881,"{""T"":1790903793197,""s"":""ZROUSDT"",""S"":""Buy"",""v"":""117.8"",""p"":""1.7881""}"
2026-10-02T01:16:33.495937Z,1790903793197,ICPUSDT,Buy,474.1,3.263,"{""T"":1790903793197,""s"":""ICPUSDT"",""S"":""Buy"",""v"":""474.1"",""p"":""3.263""}"
2026-10-02T01:16:33.562584Z,1790903793197,SOLUSDT,Buy,6.2,118.130,"{""T"":1790903793197,""s"":""SOLUSDT"",""S"":""Buy"",""v"":""6.2"",""p"":""118.130""}"
2026-10-02T01:16:34.829370Z,1790903794248,LONGXIAUSDT,Buy,116357,0.0696,"{""T"":1790903794248,""s"":""LONGXIAUSDT"",""S"":""Buy"",""v"":""116357"",""p"":""0.0696""}"
2026-10-02T01:16:35.456014Z,1790903794925,QNTUSDT,Buy,0.45,248.07,"{""T"":1790903794925,""s"":""QNTUSDT"",""S"":""Buy"",""v"":""0.45"",""p"":""248.07""}"
2026-10-02T01:16:36.328297Z,1790903796071,LONGXIAUSDT,Buy,28082,0.0685,"{""T"":1790903796071,""s"":""LONGXIAUSDT"",""S"":""Buy"",""v"":""28082"",""p"":""0.0685""}"
2026-10-02T01:16:36.328297Z,1790903796096,LONGXIAUSDT,Buy,286,0.0685,"{""T"":1790903796096,""s"":""LONGXIAUSDT"",""S"":""Buy"",""v"":""286"",""p"":""0.0685""}"
2026-10-02T01:16:36.828254Z,1790903796699,LONGXIAUSDT,Buy,1318,0.0684,"{""T"":1790903796699,""s"":""LONGXIAUSDT"",""S"":""Buy"",""v"":""1318"",""p"":""0.0684""}"
2026-10-02T01:16:36.907997Z,1790903796613,ALICEUSDT,Buy,4903.1,0.20018,"{""T"":1790903796613,""s"":""ALICEUSDT"",""S"":""Buy"",""v"":""4903.1"",""p"":""0.20018""}"
2026-10-02T01:16:36.907997Z,1790903796699,ALICEUSDT,Buy,2843.8,0.20120,"{""T"":1790903796699,""s"":""ALICEUSDT"",""S"":""Buy"",""v"":""2843.8"",""p"":""0.20120""}"
2026-10-02T01:16:37.328283Z,1790903797236,LONGXIAUSDT,Buy,4961,0.0683,"{""T"":1790903797236,""s"":""LONGXIAUSDT"",""S"":""Buy"",""v"":""4961"",""p"":""0.0683""}"
2026-10-02T01:16:37.407837Z,1790903796878,ALICEUSDT,Buy,57.0,0.20119,"{""T"":1790903796878,""s"":""ALICEUSDT"",""S"":""Buy"",""v"":""57.0"",""p"":""0.20119""}"
2026-10-02T01:16:37.407837Z,1790903797050,ALICEUSDT,Buy,5581.1,0.20001,"{""T"":1790903797050,""s"":""ALICEUSDT"",""S"":""Buy"",""v"":""5581.1"",""p"":""0.20001""}"
2026-10-02T01:16:42.828484Z,1790903802561,LONGXIAUSDT,Buy,1000,0.0687,"{""T"":1790903802561,""s"":""LONGXIAUSDT"",""S"":""Buy"",""v"":""1000"",""p"":""0.0687""}"
2026-10-02T01:17:01.908007Z,1790903821507,CAPUSDT,Sell,39900,0.07405,"{""T"":1790903821507,""s"":""CAPUSDT"",""S"":""Sell"",""v"":""39900"",""p"":""0.07405""}"
2026-10-02T01:17:29.634839Z,1790903849308,MOVRUSDT,Buy,12.6,2.7810,"{""T"":1790903849308,""s"":""MOVRUSDT"",""S"":""Buy"",""v"":""12.6"",""p"":""2.7810""}"
2026-10-02T01:17:29.828459Z,1790903849259,NOMUSDT,Buy,22850,0.002686,"{""T"":1790903849259,""s"":""NOMUSDT"",""S"":""Buy"",""v"":""22850"",""p"":""0.002686""}"
2026-10-02T01:17:29.907781Z,1790903849649,ALICEUSDT,Buy,24632.9,0.19907,"{""T"":1790903849649,""s"":""ALICEUSDT"",""S"":""Buy"",""v"":""24632.9"",""p"":""0.19907""}"
2026-10-02T01:17:31.134740Z,1790903850553,MOVRUSDT,Buy,59.6,2.7610,"{""T"":1790903850553,""s"":""MOVRUSDT"",""S"":""Buy"",""v"":""59.6"",""p"":""2.7610""}"
2026-10-02T01:17:31.907739Z,1790903851638,ALICEUSDT,Buy,3630.9,0.19778,"{""T"":1790903851638,""s"":""ALICEUSDT"",""S"":""Buy"",""v"":""3630.9"",""p"":""0.19778""}"
2026-10-02T01:17:32.907754Z,1790903852378,ALICEUSDT,Buy,4714.6,0.19804,"{""T"":1790903852378,""s"":""ALICEUSDT"",""S"":""Buy"",""v"":""4714.6"",""p"":""0.19804""}"
2026-10-02T01:17:33.328522Z,1790903852935,NOMUSDT,Buy,20750,0.002680,"{""T"":1790903852935,""s"":""NOMUSDT"",""S"":""Buy"",""v"":""20750"",""p"":""0.002680""}"
2026-10-02T01:17:33.492000Z,1790903853073,OPUSDT,Sell,126.0,0.12978,"{""T"":1790903853073,""s"":""OPUSDT"",""S"":""Sell"",""v"":""126.0"",""p"":""0.12978""}"
2026-10-02T01:17:34.955783Z,1790903854846,ETHUSDT,Sell,0.02,2714.20,"{""T"":1790903854846,""s"":""ETHUSDT"",""S"":""Sell"",""v"":""0.02"",""p"":""2714.20""}"
2026-10-02T01:17:34.996521Z,1790903854846,ICPUSDT,Sell,1.6,3.329,"{""T"":1790903854846,""s"":""ICPUSDT"",""S"":""Sell"",""v"":""1.6"",""p"":""3.329""}"
2026-10-02T01:17:34.996998Z,1790903854846,STXUSDT,Buy,14.7,0.36930,"{""T"":1790903854846,""s"":""STXUSDT"",""S"":""Buy"",""v"":""14.7"",""p"":""0.36930""}"
2026-10-02T01:17:35.015648Z,1790903854846,NEARUSDT,Buy,1.5,4.8060,"{""T"":1790903854846,""s"":""NEARUSDT"",""S"":""Buy"",""v"":""1.5"",""p"":""4.8060""}"
2026-10-02T01:17:35.135243Z,1790903854846,MOVRUSDT,Sell,2.7,2.9150,"{""T"":1790903854846,""s"":""MOVRUSDT"",""S"":""Sell"",""v"":""2.7"",""p"":""2.9150""}"
2026-10-02T01:17:35.408156Z,1790903854846,CAPUSDT,Sell,110,0.07326,"{""T"":1790903854846,""s"":""CAPUSDT"",""S"":""Sell"",""v"":""110"",""p"":""0.07326""}"
2026-10-02T01:17:47.635109Z,1790903867102,MOVRUSDT,Buy,200.0,2.7570,"{""T"":1790903867102,""s"":""MOVRUSDT"",""S"":""Buy"",""v"":""200.0"",""p"":""2.7570""}"
2026-10-02T01:17:51.812577Z,1790903871356,PUMPFUNUSDT,Buy,16600,0.0057300,"{""T"":1790903871356,""s"":""PUMPFUNUSDT"",""S"":""Buy"",""v"":""16600"",""p"":""0.0057300""}"
2026-10-02T01:18:17.408143Z,1790903897171,CAPUSDT,Sell,1870,0.07480,"{""T"":1790903897171,""s"":""CAPUSDT"",""S"":""Sell"",""v"":""1870"",""p"":""0.07480""}"
2026-10-02T01:19:18.496065Z,1790903958173,JASMYUSDT,Buy,4760,0.005580,"{""T"":1790903958173,""s"":""JASMYUSDT"",""S"":""Buy"",""v"":""4760"",""p"":""0.005580""}"
2026-10-02T01:19:29.414028Z,1790903969095,1000PEPEUSDT,Buy,201900,0.0043470,"{""T"":1790903969095,""s"":""1000PEPEUSDT"",""S"":""Buy"",""v"":""201900"",""p"":""0.0043470""}"
2026-10-02T01:19:37.907619Z,1790903977787,CAPUSDT,Sell,240,0.07519,"{""T"":1790903977787,""s"":""CAPUSDT"",""S"":""Sell"",""v"":""240"",""p"":""0.07519""}"
2026-10-02T01:19:40.908109Z,1790903980360,CAPUSDT,Sell,80,0.07541,"{""T"":1790903980360,""s"":""CAPUSDT"",""S"":""Sell"",""v"":""80"",""p"":""0.07541""}"
2026-10-02T01:19:45.328465Z,1790903984988,LONGXIAUSDT,Sell,1190,0.0792,"{""T"":1790903984988,""s"":""LONGXIAUSDT"",""S"":""Sell"",""v"":""1190"",""p"":""0.0792""}"
2026-10-02T01:19:45.828306Z,1790903985650,LONGXIAUSDT,Sell,1665,0.0797,"{""T"":1790903985650,""s"":""LONGXIAUSDT"",""S"":""Sell"",""v"":""1665"",""p"":""0.0797""}"
2026-10-02T01:20:04.456552Z,1790904004245,QNTUSDT,Buy,0.02,247.28,"{""T"":1790904004245,""s"":""QNTUSDT"",""S"":""Buy"",""v"":""0.02"",""p"":""247.28""}"
2026-10-02T01:20:36.413608Z,1790904035836,DOGEUSDT,Buy,1075,0.09289,"{""T"":1790904035836,""s"":""DOGEUSDT"",""S"":""Buy"",""v"":""1075"",""p"":""0.09289""}"
2026-10-02T01:20:39.066012Z,1790904038613,BTCUSDT,Buy,0.039,84298.00,"{""T"":1790904038613,""s"":""BTCUSDT"",""S"":""Buy"",""v"":""0.039"",""p"":""84298.00""}"
2026-10-02T01:20:40.312600Z,1790904039842,XPLUSDT,Buy,10086,0.09419,"{""T"":1790904039842,""s"":""XPLUSDT"",""S"":""Buy"",""v"":""10086"",""p"":""0.09419""}"
2026-10-02T01:20:40.336820Z,1790904039842,XRPUSDT,Buy,517.3,1.4807,"{""T"":1790904039842,""s"":""XRPUSDT"",""S"":""Buy"",""v"":""517.3"",""p"":""1.4807""}"
2026-10-02T01:20:42.813006Z,1790904042241,XPLUSDT,Buy,67,0.09416,"{""T"":1790904042241,""s"":""XPLUSDT"",""S"":""Buy"",""v"":""67"",""p"":""0.09416""}"
2026-10-02T01:20:47.907986Z,1790904047607,ALICEUSDT,Buy,10000.0,0.19339,"{""T"":1790904047607,""s"":""ALICEUSDT"",""S"":""Buy"",""v"":""10000.0"",""p"":""0.19339""}"
2026-10-02T01:20:47.907986Z,1790904047734,ALICEUSDT,Buy,201.7,0.19248,"{""T"":1790904047734,""s"":""ALICEUSDT"",""S"":""Buy"",""v"":""201.7"",""p"":""0.19248""}"
2026-10-02T01:20:47.907986Z,1790904047762,ALICEUSDT,Buy,461.0,0.19521,"{""T"":1790904047762,""s"":""ALICEUSDT"",""S"":""Buy"",""v"":""461.0"",""p"":""0.19521""}"
2026-10-02T01:20:47.913251Z,1790904047613,DOGEUSDT,Buy,20855,0.09269,"{""T"":1790904047613,""s"":""DOGEUSDT"",""S"":""Buy"",""v"":""20855"",""p"":""0.09269""}"
2026-10-02T01:20:48.408658Z,1790904048077,ALICEUSDT,Buy,91.0,0.19559,"{""T"":1790904048077,""s"":""ALICEUSDT"",""S"":""Buy"",""v"":""91.0"",""p"":""0.19559""}"
2026-10-02T01:20:48.408658Z,1790904048144,ALICEUSDT,Buy,675.7,0.19487,"{""T"":1790904048144,""s"":""ALICEUSDT"",""S"":""Buy"",""v"":""675.7"",""p"":""0.19487""}"
2026-10-02T01:20:48.408658Z,1790904048194,ALICEUSDT,Buy,226.0,0.19491,"{""T"":1790904048194,""s"":""ALICEUSDT"",""S"":""Buy"",""v"":""226.0"",""p"":""0.19491""}"
2026-10-02T01:20:48.408658Z,1790904048205,ALICEUSDT,Buy,4484.1,0.19455,"{""T"":1790904048205,""s"":""ALICEUSDT"",""S"":""Buy"",""v"":""4484.1"",""p"":""0.19455""}"
2026-10-02T01:20:48.413629Z,1790904047829,DOGEUSDT,Buy,7190,0.09269,"{""T"":1790904047829,""s"":""DOGEUSDT"",""S"":""Buy"",""v"":""7190"",""p"":""0.09269""}"
2026-10-02T01:20:48.413629Z,1790904047833,DOGEUSDT,Buy,75814,0.09277,"{""T"":1790904047833,""s"":""DOGEUSDT"",""S"":""Buy"",""v"":""75814"",""p"":""0.09277""}"
2026-10-02T01:20:48.413629Z,1790904048255,DOGEUSDT,Buy,2391,0.09273,"{""T"":1790904048255,""s"":""DOGEUSDT"",""S"":""Buy"",""v"":""2391"",""p"":""0.09273""}"
2026-10-02T01:20:48.413629Z,1790904048302,DOGEUSDT,Buy,163450,0.09274,"{""T"":1790904048302,""s"":""DOGEUSDT"",""S"":""Buy"",""v"":""163450"",""p"":""0.09274""}"
2026-10-02T01:20:48.828485Z,1790904048291,PONSUSDT,Buy,728,0.4853,"{""T"":1790904048291,""s"":""PONSUSDT"",""S"":""Buy"",""v"":""728"",""p"":""0.4853""}"
2026-10-02T01:20:48.907764Z,1790904048330,ALICEUSDT,Buy,1102.0,0.19541,"{""T"":1790904048330,""s"":""ALICEUSDT"",""S"":""Buy"",""v"":""1102.0"",""p"":""0.19541""}"
2026-10-02T01:20:48.907764Z,1790904048471,ALICEUSDT,Buy,75.2,0.19276,"{""T"":1790904048471,""s"":""ALICEUSDT"",""S"":""Buy"",""v"":""75.2"",""p"":""0.19276""}"
2026-10-02T01:20:48.913565Z,1790904048528,DOGEUSDT,Buy,31788,0.09263,"{""T"":1790904048528,""s"":""DOGEUSDT"",""S"":""Buy"",""v"":""31788"",""p"":""0.09263""}"
2026-10-02T01:20:48.913565Z,1790904048577,DOGEUSDT,Buy,1108,0.09269,"{""T"":1790904048577,""s"":""DOGEUSDT"",""S"":""Buy"",""v"":""1108"",""p"":""0.09269""}"
2026-10-02T01:20:49.407824Z,1790904049122,ALICEUSDT,Buy,236.5,0.19187,"{""T"":1790904049122,""s"":""ALICEUSDT"",""S"":""Buy"",""v"":""236.5"",""p"":""0.19187""}"
2026-10-02T01:20:49.407824Z,1790904049163,ALICEUSDT,Buy,434.9,0.19197,"{""T"":1790904049163,""s"":""ALICEUSDT"",""S"":""Buy"",""v"":""434.9"",""p"":""0.19197""}"
2026-10-02T01:20:49.913847Z,1790904049357,DOGEUSDT,Buy,13848,0.09249,"{""T"":1790904049357,""s"":""DOGEUSDT"",""S"":""Buy"",""v"":""13848"",""p"":""0.09249""}"
2026-10-02T01:20:52.408001Z,1790904051828,HBARUSDT,Buy,292,0.10117,"{""T"":1790904051828,""s"":""HBARUSDT"",""S"":""Buy"",""v"":""292"",""p"":""0.10117""}"
2026-10-02T01:20:54.907738Z,1790904054727,ALICEUSDT,Buy,24.1,0.19026,"{""T"":1790904054727,""s"":""ALICEUSDT"",""S"":""Buy"",""v"":""24.1"",""p"":""0.19026""}"
2026-10-02T01:20:54.913539Z,1790904054381,ZECUSDT,Buy,0.70,1313.03,"{""T"":1790904054381,""s"":""ZECUSDT"",""S"":""Buy"",""v"":""0.70"",""p"":""1313.03""}"
2026-10-02T01:20:55.407896Z,1790904055231,ALICEUSDT,Buy,243.0,0.19096,"{""T"":1790904055231,""s"":""ALICEUSDT"",""S"":""Buy"",""v"":""243.0"",""p"":""0.19096""}"
2026-10-02T01:21:06.565529Z,1790904066414,BTCUSDT,Buy,0.116,84218.90,"{""T"":1790904066414,""s"":""BTCUSDT"",""S"":""Buy"",""v"":""0.116"",""p"":""84218.90""}"
2026-10-02T01:21:21.414042Z,1790904081118,ZECUSDT,Buy,0.07,1312.36,"{""T"":1790904081118,""s"":""ZECUSDT"",""S"":""Buy"",""v"":""0.07"",""p"":""1312.36""}"
2026-10-02T01:22:01.492753Z,1790904121336,SOONUSDT,Buy,2537,0.42580,"{""T"":1790904121336,""s"":""SOONUSDT"",""S"":""Buy"",""v"":""2537"",""p"":""0.42580""}"
2026-10-02T01:22:01.635881Z,1790904121336,MOVRUSDT,Buy,171.8,2.7870,"{""T"":1790904121336,""s"":""MOVRUSDT"",""S"":""Buy"",""v"":""171.8"",""p"":""2.7870""}"
2026-10-02T01:22:01.828178Z,1790904121336,LONGXIAUSDT,Buy,9728,0.0680,"{""T"":1790904121336,""s"":""LONGXIAUSDT"",""S"":""Buy"",""v"":""9728"",""p"":""0.0680""}"
2026-10-02T01:22:01.859045Z,1790904121336,GRAMUSDT,Buy,116.4,1.5460,"{""T"":1790904121336,""s"":""GRAMUSDT"",""S"":""Buy"",""v"":""116.4"",""p"":""1.5460""}"
2026-10-02T01:22:20.413972Z,1790904140205,ZECUSDT,Buy,0.07,1311.56,"{""T"":1790904140205,""s"":""ZECUSDT"",""S"":""Buy"",""v"":""0.07"",""p"":""1311.56""}"
2026-10-02T01:22:37.907892Z,1790904157478,CAPUSDT,Sell,82800,0.07674,"{""T"":1790904157478,""s"":""CAPUSDT"",""S"":""Sell"",""v"":""82800"",""p"":""0.07674""}"
2026-10-02T01:22:41.996259Z,1790904161779,CTUSDT,Buy,14,0.4492,"{""T"":1790904161779,""s"":""CTUSDT"",""S"":""Buy"",""v"":""14"",""p"":""0.4492""}"
2026-10-02T01:22:42.996769Z,1790904162500,CTUSDT,Buy,248,0.4522,"{""T"":1790904162500,""s"":""CTUSDT"",""S"":""Buy"",""v"":""248"",""p"":""0.4522""}"
2026-10-02T01:22:42.996769Z,1790904162514,CTUSDT,Buy,364,0.4535,"{""T"":1790904162514,""s"":""CTUSDT"",""S"":""Buy"",""v"":""364"",""p"":""0.4535""}"
2026-10-02T01:22:42.996769Z,1790904162547,CTUSDT,Buy,79,0.4514,"{""T"":1790904162547,""s"":""CTUSDT"",""S"":""Buy"",""v"":""79"",""p"":""0.4514""}"
2026-10-02T01:22:46.907765Z,1790904166764,CAPUSDT,Sell,710,0.07690,"{""T"":1790904166764,""s"":""CAPUSDT"",""S"":""Sell"",""v"":""710"",""p"":""0.07690""}"
2026-10-02T01:24:19.828421Z,1790904259413,LONGXIAUSDT,Buy,1199,0.0667,"{""T"":1790904259413,""s"":""LONGXIAUSDT"",""S"":""Buy"",""v"":""1199"",""p"":""0.0667""}"
2026-10-02T01:24:19.828421Z,1790904259592,LONGXIAUSDT,Buy,304,0.0667,"{""T"":1790904259592,""s"":""LONGXIAUSDT"",""S"":""Buy"",""v"":""304"",""p"":""0.0667""}"
2026-10-02T01:24:20.328408Z,1790904259862,LONGXIAUSDT,Buy,995,0.0669,"{""T"":1790904259862,""s"":""LONGXIAUSDT"",""S"":""Buy"",""v"":""995"",""p"":""0.0669""}"
2026-10-02T01:24:20.328408Z,1790904259894,LONGXIAUSDT,Buy,15879,0.0653,"{""T"":1790904259894,""s"":""LONGXIAUSDT"",""S"":""Buy"",""v"":""15879"",""p"":""0.0653""}"
2026-10-02T01:24:20.328408Z,1790904260080,LONGXIAUSDT,Buy,911,0.0648,"{""T"":1790904260080,""s"":""LONGXIAUSDT"",""S"":""Buy"",""v"":""911"",""p"":""0.0648""}"
2026-10-02T01:24:20.328408Z,1790904260087,LONGXIAUSDT,Buy,2392,0.0654,"{""T"":1790904260087,""s"":""LONGXIAUSDT"",""S"":""Buy"",""v"":""2392"",""p"":""0.0654""}"
2026-10-02T01:24:20.328408Z,1790904260125,LONGXIAUSDT,Buy,894,0.0661,"{""T"":1790904260125,""s"":""LONGXIAUSDT"",""S"":""Buy"",""v"":""894"",""p"":""0.0661""}"
2026-10-02T01:24:20.328408Z,1790904260142,LONGXIAUSDT,Buy,13793,0.0664,"{""T"":1790904260142,""s"":""LONGXIAUSDT"",""S"":""Buy"",""v"":""13793"",""p"":""0.0664""}"
2026-10-02T01:24:20.812910Z,1790904260656,MEGAUSDT,Buy,3608,0.05149,"{""T"":1790904260656,""s"":""MEGAUSDT"",""S"":""Buy"",""v"":""3608"",""p"":""0.05149""}"
2026-10-02T01:24:20.828290Z,1790904260349,LONGXIAUSDT,Buy,5063,0.0664,"{""T"":1790904260349,""s"":""LONGXIAUSDT"",""S"":""Buy"",""v"":""5063"",""p"":""0.0664""}"
2026-10-02T01:24:20.828290Z,1790904260360,LONGXIAUSDT,Buy,246,0.0654,"{""T"":1790904260360,""s"":""LONGXIAUSDT"",""S"":""Buy"",""v"":""246"",""p"":""0.0654""}"
2026-10-02T01:24:20.828290Z,1790904260410,LONGXIAUSDT,Buy,74,0.0656,"{""T"":1790904260410,""s"":""LONGXIAUSDT"",""S"":""Buy"",""v"":""74"",""p"":""0.0656""}"
2026-10-02T01:24:20.828290Z,1790904260475,LONGXIAUSDT,Buy,19137,0.0661,"{""T"":1790904260475,""s"":""LONGXIAUSDT"",""S"":""Buy"",""v"":""19137"",""p"":""0.0661""}"
2026-10-02T01:24:20.828290Z,1790904260656,LONGXIAUSDT,Buy,1126,0.0652,"{""T"":1790904260656,""s"":""LONGXIAUSDT"",""S"":""Buy"",""v"":""1126"",""p"":""0.0652""}"
2026-10-02T01:24:20.828290Z,1790904260715,LONGXIAUSDT,Buy,1326,0.0650,"{""T"":1790904260715,""s"":""LONGXIAUSDT"",""S"":""Buy"",""v"":""1326"",""p"":""0.0650""}"
2026-10-02T01:24:21.065330Z,1790904260715,BTCUSDT,Sell,0.018,84805.50,"{""T"":1790904260715,""s"":""BTCUSDT"",""S"":""Sell"",""v"":""0.018"",""p"":""84805.50""}"
2026-10-02T01:24:21.328293Z,1790904260834,LONGXIAUSDT,Buy,651,0.0660,"{""T"":1790904260834,""s"":""LONGXIAUSDT"",""S"":""Buy"",""v"":""651"",""p"":""0.0660""}"
2026-10-02T01:24:21.328293Z,1790904261185,LONGXIAUSDT,Buy,208,0.0643,"{""T"":1790904261185,""s"":""LONGXIAUSDT"",""S"":""Buy"",""v"":""208"",""p"":""0.0643""}"
2026-10-02T01:24:22.328159Z,1790904261770,LONGXIAUSDT,Buy,1919,0.0645,"{""T"":1790904261770,""s"":""LONGXIAUSDT"",""S"":""Buy"",""v"":""1919"",""p"":""0.0645""}"
2026-10-02T01:24:22.328159Z,1790904262213,LONGXIAUSDT,Buy,10338,0.0640,"{""T"":1790904262213,""s"":""LONGXIAUSDT"",""S"":""Buy"",""v"":""10338"",""p"":""0.0640""}"
2026-10-02T01:24:22.828571Z,1790904262525,LONGXIAUSDT,Buy,704,0.0639,"{""T"":1790904262525,""s"":""LONGXIAUSDT"",""S"":""Buy"",""v"":""704"",""p"":""0.0639""}"
2026-10-02T01:24:22.828571Z,1790904262704,LONGXIAUSDT,Buy,781,0.0638,"{""T"":1790904262704,""s"":""LONGXIAUSDT"",""S"":""Buy"",""v"":""781"",""p"":""0.0638""}"
2026-10-02T01:24:22.828571Z,1790904262708,LONGXIAUSDT,Buy,259,0.0638,"{""T"":1790904262708,""s"":""LONGXIAUSDT"",""S"":""Buy"",""v"":""259"",""p"":""0.0638""}"
2026-10-02T01:24:23.328854Z,1790904262839,LONGXIAUSDT,Buy,14997,0.0641,"{""T"":1790904262839,""s"":""LONGXIAUSDT"",""S"":""Buy"",""v"":""14997"",""p"":""0.0641""}"
2026-10-02T01:24:23.328854Z,1790904262846,LONGXIAUSDT,Buy,68,0.0640,"{""T"":1790904262846,""s"":""LONGXIAUSDT"",""S"":""Buy"",""v"":""68"",""p"":""0.0640""}"
2026-10-02T01:24:23.328854Z,1790904262869,LONGXIAUSDT,Buy,598,0.0640,"{""T"":1790904262869,""s"":""LONGXIAUSDT"",""S"":""Buy"",""v"":""598"",""p"":""0.0640""}"
2026-10-02T01:24:23.328854Z,1790904262971,LONGXIAUSDT,Buy,2117,0.0636,"{""T"":1790904262971,""s"":""LONGXIAUSDT"",""S"":""Buy"",""v"":""2117"",""p"":""0.0636""}"
2026-10-02T01:24:23.328854Z,1790904262984,LONGXIAUSDT,Buy,6857,0.0639,"{""T"":1790904262984,""s"":""LONGXIAUSDT"",""S"":""Buy"",""v"":""6857"",""p"":""0.0639""}"
2026-10-02T01:24:24.328266Z,1790904264208,LONGXIAUSDT,Buy,13161,0.0629,"{""T"":1790904264208,""s"":""LONGXIAUSDT"",""S"":""Buy"",""v"":""13161"",""p"":""0.0629""}"
2026-10-02T01:25:25.828264Z,1790904325471,LONGXIAUSDT,Buy,1111,0.0624,"{""T"":1790904325471,""s"":""LONGXIAUSDT"",""S"":""Buy"",""v"":""1111"",""p"":""0.0624""}"
2026-10-02T01:25:26.328533Z,1790904325745,LONGXIAUSDT,Buy,73,0.0624,"{""T"":1790904325745,""s"":""LONGXIAUSDT"",""S"":""Buy"",""v"":""73"",""p"":""0.0624""}"
2026-10-02T01:25:26.328533Z,1790904325968,LONGXIAUSDT,Buy,148,0.0626,"{""T"":1790904325968,""s"":""LONGXIAUSDT"",""S"":""Buy"",""v"":""148"",""p"":""0.0626""}"
2026-10-02T01:26:01.135189Z,1790904360731,ARKUSDT,Buy,559,0.22864,"{""T"":1790904360731,""s"":""ARKUSDT"",""S"":""Buy"",""v"":""559"",""p"":""0.22864""}"
2026-10-02T01:26:43.328827Z,1790904403074,LONGXIAUSDT,Buy,232,0.0620,"{""T"":1790904403074,""s"":""LONGXIAUSDT"",""S"":""Buy"",""v"":""232"",""p"":""0.0620""}"
2026-10-02T01:26:43.328827Z,1790904403241,LONGXIAUSDT,Buy,336,0.0618,"{""T"":1790904403241,""s"":""LONGXIAUSDT"",""S"":""Buy"",""v"":""336"",""p"":""0.0618""}"
2026-10-02T01:26:43.634967Z,1790904403421,MOVRUSDT,Buy,105.6,2.7750,"{""T"":1790904403421,""s"":""MOVRUSDT"",""S"":""Buy"",""v"":""105.6"",""p"":""2.7750""}"
2026-10-02T01:26:43.828473Z,1790904403421,LONGXIAUSDT,Buy,1989,0.0618,"{""T"":1790904403421,""s"":""LONGXIAUSDT"",""S"":""Buy"",""v"":""1989"",""p"":""0.0618""}"
2026-10-02T01:26:43.828473Z,1790904403474,LONGXIAUSDT,Buy,581,0.0623,"{""T"":1790904403474,""s"":""LONGXIAUSDT"",""S"":""Buy"",""v"":""581"",""p"":""0.0623""}"
2026-10-02T01:26:44.328562Z,1790904403833,LONGXIAUSDT,Buy,200,0.0618,"{""T"":1790904403833,""s"":""LONGXIAUSDT"",""S"":""Buy"",""v"":""200"",""p"":""0.0618""}"
2026-10-02T01:27:11.313294Z,1790904430972,PUMPFUNUSDT,Sell,2700,0.0058440,"{""T"":1790904430972,""s"":""PUMPFUNUSDT"",""S"":""Sell"",""v"":""2700"",""p"":""0.0058440""}"
2026-10-02T01:28:39.635581Z,1790904519489,MOVRUSDT,Sell,285.9,2.9960,"{""T"":1790904519489,""s"":""MOVRUSDT"",""S"":""Sell"",""v"":""285.9"",""p"":""2.9960""}"
2026-10-02T01:29:01.139815Z,1790904540860,MOVRUSDT,Sell,14.4,3.0060,"{""T"":1790904540860,""s"":""MOVRUSDT"",""S"":""Sell"",""v"":""14.4"",""p"":""3.0060""}"
2026-10-02T01:29:48.337255Z,1790904588227,AAVEUSDT,Sell,0.05,176.58,"{""T"":1790904588227,""s"":""AAVEUSDT"",""S"":""Sell"",""v"":""0.05"",""p"":""176.58""}"
2026-10-02T01:30:52.455952Z,1790904652351,QNTUSDT,Sell,0.21,254.51,"{""T"":1790904652351,""s"":""QNTUSDT"",""S"":""Sell"",""v"":""0.21"",""p"":""254.51""}"
2026-10-02T01:30:55.455581Z,1790904655280,QNTUSDT,Sell,1.53,254.85,"{""T"":1790904655280,""s"":""QNTUSDT"",""S"":""Sell"",""v"":""1.53"",""p"":""254.85""}"
2026-10-02T01:31:02.836856Z,1790904662331,AAVEUSDT,Sell,1.69,176.84,"{""T"":1790904662331,""s"":""AAVEUSDT"",""S"":""Sell"",""v"":""1.69"",""p"":""176.84""}"
2026-10-02T01:32:04.336965Z,1790904724008,AAVEUSDT,Sell,0.27,177.28,"{""T"":1790904724008,""s"":""AAVEUSDT"",""S"":""Sell"",""v"":""0.27"",""p"":""177.28""}"
2026-10-02T01:32:04.336965Z,1790904724139,AAVEUSDT,Sell,174.23,177.76,"{""T"":1790904724139,""s"":""AAVEUSDT"",""S"":""Sell"",""v"":""174.23"",""p"":""177.76""}"
2026-10-02T01:32:06.837835Z,1790904726339,AAVEUSDT,Sell,96.66,177.94,"{""T"":1790904726339,""s"":""AAVEUSDT"",""S"":""Sell"",""v"":""96.66"",""p"":""177.94""}"
2026-10-02T01:32:10.562993Z,1790904730464,SOLUSDT,Sell,21.4,119.360,"{""T"":1790904730464,""s"":""SOLUSDT"",""S"":""Sell"",""v"":""21.4"",""p"":""119.360""}"
2026-10-02T01:32:10.564957Z,1790904730464,BTCUSDT,Sell,0.052,84850.00,"{""T"":1790904730464,""s"":""BTCUSDT"",""S"":""Sell"",""v"":""0.052"",""p"":""84850.00""}"
2026-10-02T01:32:10.837006Z,1790904730464,AAVEUSDT,Sell,15.84,178.21,"{""T"":1790904730464,""s"":""AAVEUSDT"",""S"":""Sell"",""v"":""15.84"",""p"":""178.21""}"
2026-10-02T01:32:18.566034Z,1790904738443,BTCUSDT,Sell,0.005,84869.80,"{""T"":1790904738443,""s"":""BTCUSDT"",""S"":""Sell"",""v"":""0.005"",""p"":""84869.80""}"
2026-10-02T01:32:18.837521Z,1790904738443,AAVEUSDT,Sell,34.09,178.40,"{""T"":1790904738443,""s"":""AAVEUSDT"",""S"":""Sell"",""v"":""34.09"",""p"":""178.40""}"
2026-10-02T01:32:39.337345Z,1790904759123,AAVEUSDT,Sell,9.90,178.77,"{""T"":1790904759123,""s"":""AAVEUSDT"",""S"":""Sell"",""v"":""9.90"",""p"":""178.77""}"
2026-10-02T01:32:55.328795Z,1790904774892,LONGXIAUSDT,Buy,5400,0.0609,"{""T"":1790904774892,""s"":""LONGXIAUSDT"",""S"":""Buy"",""v"":""5400"",""p"":""0.0609""}"
2026-10-02T01:32:55.328795Z,1790904775178,LONGXIAUSDT,Buy,847,0.0613,"{""T"":1790904775178,""s"":""LONGXIAUSDT"",""S"":""Buy"",""v"":""847"",""p"":""0.0613""}"
2026-10-02T01:32:55.828589Z,1790904775350,LONGXIAUSDT,Buy,581,0.0609,"{""T"":1790904775350,""s"":""LONGXIAUSDT"",""S"":""Buy"",""v"":""581"",""p"":""0.0609""}"
2026-10-02T01:32:55.828589Z,1790904775592,LONGXIAUSDT,Buy,14627,0.0608,"{""T"":1790904775592,""s"":""LONGXIAUSDT"",""S"":""Buy"",""v"":""14627"",""p"":""0.0608""}"
2026-10-02T01:32:55.828589Z,1790904775702,LONGXIAUSDT,Buy,510,0.0612,"{""T"":1790904775702,""s"":""LONGXIAUSDT"",""S"":""Buy"",""v"":""510"",""p"":""0.0612""}"
2026-10-02T01:32:56.328534Z,1790904775870,LONGXIAUSDT,Buy,8904,0.0613,"{""T"":1790904775870,""s"":""LONGXIAUSDT"",""S"":""Buy"",""v"":""8904"",""p"":""0.0613""}"
2026-10-02T01:33:19.837304Z,1790904799565,AAVEUSDT,Sell,11.19,179.12,"{""T"":1790904799565,""s"":""AAVEUSDT"",""S"":""Sell"",""v"":""11.19"",""p"":""179.12""}"
2026-10-02T01:33:27.336883Z,1790904807146,AAVEUSDT,Sell,2.33,179.28,"{""T"":1790904807146,""s"":""AAVEUSDT"",""S"":""Sell"",""v"":""2.33"",""p"":""179.28""}"
2026-10-02T01:35:41.329037Z,1790904940840,LONGXIAUSDT,Buy,202,0.0606,"{""T"":1790904940840,""s"":""LONGXIAUSDT"",""S"":""Buy"",""v"":""202"",""p"":""0.0606""}"
2026-10-02T01:35:54.332037Z,1790904953772,LONGXIAUSDT,Buy,97,0.0600,"{""T"":1790904953772,""s"":""LONGXIAUSDT"",""S"":""Buy"",""v"":""97"",""p"":""0.0600""}"
2026-10-02T01:36:03.986612Z,1790904963533,USUSDT,Buy,2260,0.026380,"{""T"":1790904963533,""s"":""USUSDT"",""S"":""Buy"",""v"":""2260"",""p"":""0.026380""}"
2026-10-02T01:36:11.486322Z,1790904971174,USUSDT,Buy,200,0.026100,"{""T"":1790904971174,""s"":""USUSDT"",""S"":""Buy"",""v"":""200"",""p"":""0.026100""}"
2026-10-02T01:36:12.486655Z,1790904972069,USUSDT,Buy,14680,0.026060,"{""T"":1790904972069,""s"":""USUSDT"",""S"":""Buy"",""v"":""14680"",""p"":""0.026060""}"
2026-10-02T01:36:19.486271Z,1790904978901,USUSDT,Buy,340,0.025530,"{""T"":1790904978901,""s"":""USUSDT"",""S"":""Buy"",""v"":""340"",""p"":""0.025530""}"
2026-10-02T01:36:19.486271Z,1790904978962,USUSDT,Buy,700,0.025500,"{""T"":1790904978962,""s"":""USUSDT"",""S"":""Buy"",""v"":""700"",""p"":""0.025500""}"
2026-10-02T01:36:19.486271Z,1790904979157,USUSDT,Buy,5670,0.025500,"{""T"":1790904979157,""s"":""USUSDT"",""S"":""Buy"",""v"":""5670"",""p"":""0.025500""}"
2026-10-02T01:36:21.986675Z,1790904981881,USUSDT,Buy,350,0.025390,"{""T"":1790904981881,""s"":""USUSDT"",""S"":""Buy"",""v"":""350"",""p"":""0.025390""}"
2026-10-02T01:36:22.486789Z,1790904982236,USUSDT,Buy,1380,0.025310,"{""T"":1790904982236,""s"":""USUSDT"",""S"":""Buy"",""v"":""1380"",""p"":""0.025310""}"
2026-10-02T01:36:30.486911Z,1790904989970,USUSDT,Buy,5490,0.025020,"{""T"":1790904989970,""s"":""USUSDT"",""S"":""Buy"",""v"":""5490"",""p"":""0.025020""}"
2026-10-02T01:36:33.986499Z,1790904993492,USUSDT,Buy,4160,0.024840,"{""T"":1790904993492,""s"":""USUSDT"",""S"":""Buy"",""v"":""4160"",""p"":""0.024840""}"
2026-10-02T01:36:37.986529Z,1790904997471,USUSDT,Buy,2930,0.024500,"{""T"":1790904997471,""s"":""USUSDT"",""S"":""Buy"",""v"":""2930"",""p"":""0.024500""}"
2026-10-02T01:36:38.490052Z,1790904997927,USUSDT,Buy,1080,0.024510,"{""T"":1790904997927,""s"":""USUSDT"",""S"":""Buy"",""v"":""1080"",""p"":""0.024510""}"
2026-10-02T01:36:38.490052Z,1790904998069,USUSDT,Buy,630,0.024490,"{""T"":1790904998069,""s"":""USUSDT"",""S"":""Buy"",""v"":""630"",""p"":""0.024490""}"
2026-10-02T01:36:39.328656Z,1790904998784,LONGXIAUSDT,Sell,165,0.0696,"{""T"":1790904998784,""s"":""LONGXIAUSDT"",""S"":""Sell"",""v"":""165"",""p"":""0.0696""}"
2026-10-02T01:36:39.828145Z,1790904999529,LONGXIAUSDT,Sell,8821,0.0697,"{""T"":1790904999529,""s"":""LONGXIAUSDT"",""S"":""Sell"",""v"":""8821"",""p"":""0.0697""}"
2026-10-02T01:36:41.329217Z,1790905000929,LONGXIAUSDT,Sell,31007,0.0708,"{""T"":1790905000929,""s"":""LONGXIAUSDT"",""S"":""Sell"",""v"":""31007"",""p"":""0.0708""}"
2026-10-02T01:36:41.329217Z,1790905001014,LONGXIAUSDT,Sell,7000,0.0710,"{""T"":1790905001014,""s"":""LONGXIAUSDT"",""S"":""Sell"",""v"":""7000"",""p"":""0.0710""}"
2026-10-02T01:36:41.329217Z,1790905001080,LONGXIAUSDT,Sell,144,0.0706,"{""T"":1790905001080,""s"":""LONGXIAUSDT"",""S"":""Sell"",""v"":""144"",""p"":""0.0706""}"
2026-10-02T01:36:41.329217Z,1790905001227,LONGXIAUSDT,Sell,2376,0.0710,"{""T"":1790905001227,""s"":""LONGXIAUSDT"",""S"":""Sell"",""v"":""2376"",""p"":""0.0710""}"
2026-10-02T01:36:42.135691Z,1790905001751,ARKUSDT,Buy,25,0.23100,"{""T"":1790905001751,""s"":""ARKUSDT"",""S"":""Buy"",""v"":""25"",""p"":""0.23100""}"
2026-10-02T01:36:42.328200Z,1790905001751,LONGXIAUSDT,Sell,26887,0.0707,"{""T"":1790905001751,""s"":""LONGXIAUSDT"",""S"":""Sell"",""v"":""26887"",""p"":""0.0707""}"
2026-10-02T01:36:42.328200Z,1790905001827,LONGXIAUSDT,Sell,512,0.0710,"{""T"":1790905001827,""s"":""LONGXIAUSDT"",""S"":""Sell"",""v"":""512"",""p"":""0.0710""}"
2026-10-02T01:37:06.486897Z,1790905026255,USUSDT,Buy,600,0.023760,"{""T"":1790905026255,""s"":""USUSDT"",""S"":""Buy"",""v"":""600"",""p"":""0.023760""}"
2026-10-02T01:37:46.986494Z,1790905066829,SOXLUSDT,Buy,3.04,153.19,"{""T"":1790905066829,""s"":""SOXLUSDT"",""S"":""Buy"",""v"":""3.04"",""p"":""153.19""}"
2026-10-02T01:37:59.486784Z,1790905079124,SOXLUSDT,Buy,47.29,153.13,"{""T"":1790905079124,""s"":""SOXLUSDT"",""S"":""Buy"",""v"":""47.29"",""p"":""153.13""}"
2026-10-02T01:38:04.828591Z,1790905084695,LONGXIAUSDT,Buy,10874,0.0609,"{""T"":1790905084695,""s"":""LONGXIAUSDT"",""S"":""Buy"",""v"":""10874"",""p"":""0.0609""}"
2026-10-02T01:38:22.487217Z,1790905102169,USUSDT,Buy,3760,0.023940,"{""T"":1790905102169,""s"":""USUSDT"",""S"":""Buy"",""v"":""3760"",""p"":""0.023940""}"
2026-10-02T01:38:26.492191Z,1790905106016,SOONUSDT,Buy,11630,0.42000,"{""T"":1790905106016,""s"":""SOONUSDT"",""S"":""Buy"",""v"":""11630"",""p"":""0.42000""}"
2026-10-02T01:38:51.487034Z,1790905130968,USUSDT,Buy,37340,0.023830,"{""T"":1790905130968,""s"":""USUSDT"",""S"":""Buy"",""v"":""37340"",""p"":""0.023830""}"
2026-10-02T01:39:00.328630Z,1790905140111,LONGXIAUSDT,Buy,1141,0.0610,"{""T"":1790905140111,""s"":""LONGXIAUSDT"",""S"":""Buy"",""v"":""1141"",""p"":""0.0610""}"
2026-10-02T01:39:00.486366Z,1790905140111,USUSDT,Buy,5640,0.023200,"{""T"":1790905140111,""s"":""USUSDT"",""S"":""Buy"",""v"":""5640"",""p"":""0.023200""}"
2026-10-02T01:39:00.516248Z,1790905140111,NEARUSDT,Buy,39.0,4.8120,"{""T"":1790905140111,""s"":""NEARUSDT"",""S"":""Buy"",""v"":""39.0"",""p"":""4.8120""}"
2026-10-02T01:39:00.986453Z,1790905140760,USUSDT,Buy,68590,0.023120,"{""T"":1790905140760,""s"":""USUSDT"",""S"":""Buy"",""v"":""68590"",""p"":""0.023120""}"
2026-10-02T01:39:09.486655Z,1790905149054,USUSDT,Buy,520,0.022700,"{""T"":1790905149054,""s"":""USUSDT"",""S"":""Buy"",""v"":""520"",""p"":""0.022700""}"
2026-10-02T01:39:21.986862Z,1790905161852,USUSDT,Buy,190,0.022480,"{""T"":1790905161852,""s"":""USUSDT"",""S"":""Buy"",""v"":""190"",""p"":""0.022480""}"
2026-10-02T01:39:27.337081Z,1790905166925,XRPUSDT,Buy,3.5,1.4792,"{""T"":1790905166925,""s"":""XRPUSDT"",""S"":""Buy"",""v"":""3.5"",""p"":""1.4792""}"
2026-10-02T01:39:27.337081Z,1790905167156,XRPUSDT,Buy,167.1,1.4792,"{""T"":1790905167156,""s"":""XRPUSDT"",""S"":""Buy"",""v"":""167.1"",""p"":""1.4792""}"
2026-10-02T01:39:43.328490Z,1790905183089,LONGXIAUSDT,Sell,744,0.0701,"{""T"":1790905183089,""s"":""LONGXIAUSDT"",""S"":""Sell"",""v"":""744"",""p"":""0.0701""}"
2026-10-02T01:40:18.986722Z,1790905218874,USUSDT,Buy,20,0.023420,"{""T"":1790905218874,""s"":""USUSDT"",""S"":""Buy"",""v"":""20"",""p"":""0.023420""}"
2026-10-02T01:41:07.337316Z,1790905267248,XRPUSDT,Buy,53.2,1.4789,"{""T"":1790905267248,""s"":""XRPUSDT"",""S"":""Buy"",""v"":""53.2"",""p"":""1.4789""}"
2026-10-02T01:41:07.828363Z,1790905267639,LONGXIAUSDT,Sell,502,0.0717,"{""T"":1790905267639,""s"":""LONGXIAUSDT"",""S"":""Sell"",""v"":""502"",""p"":""0.0717""}"
2026-10-02T01:41:49.412000Z,1790905308951,HBARUSDT,Buy,1183,0.10115,"{""T"":1790905308951,""s"":""HBARUSDT"",""S"":""Buy"",""v"":""1183"",""p"":""0.10115""}"
2026-10-02T01:41:49.828588Z,1790905309252,LONGXIAUSDT,Sell,88,0.0726,"{""T"":1790905309252,""s"":""LONGXIAUSDT"",""S"":""Sell"",""v"":""88"",""p"":""0.0726""}"
2026-10-02T01:41:49.837736Z,1790905309733,AAVEUSDT,Buy,23.26,173.02,"{""T"":1790905309733,""s"":""AAVEUSDT"",""S"":""Buy"",""v"":""23.26"",""p"":""173.02""}"
2026-10-02T01:41:55.328892Z,1790905314912,LONGXIAUSDT,Sell,3205,0.0739,"{""T"":1790905314912,""s"":""LONGXIAUSDT"",""S"":""Sell"",""v"":""3205"",""p"":""0.0739""}"
2026-10-02T01:41:55.328892Z,1790905314970,LONGXIAUSDT,Sell,1273,0.0740,"{""T"":1790905314970,""s"":""LONGXIAUSDT"",""S"":""Sell"",""v"":""1273"",""p"":""0.0740""}"
2026-10-02T01:41:55.828692Z,1790905315605,LONGXIAUSDT,Sell,5487,0.0736,"{""T"":1790905315605,""s"":""LONGXIAUSDT"",""S"":""Sell"",""v"":""5487"",""p"":""0.0736""}"
2026-10-02T01:41:56.328227Z,1790905315838,LONGXIAUSDT,Sell,1934,0.0743,"{""T"":1790905315838,""s"":""LONGXIAUSDT"",""S"":""Sell"",""v"":""1934"",""p"":""0.0743""}"
2026-10-02T01:42:03.829100Z,1790905323443,LONGXIAUSDT,Sell,15721,0.0752,"{""T"":1790905323443,""s"":""LONGXIAUSDT"",""S"":""Sell"",""v"":""15721"",""p"":""0.0752""}"
2026-10-02T01:42:16.828998Z,1790905336598,LONGXIAUSDT,Sell,621,0.0758,"{""T"":1790905336598,""s"":""LONGXIAUSDT"",""S"":""Sell"",""v"":""621"",""p"":""0.0758""}"
2026-10-02T01:42:51.913735Z,1790905371412,ZECUSDT,Buy,1.00,1309.03,"{""T"":1790905371412,""s"":""ZECUSDT"",""S"":""Buy"",""v"":""1.00"",""p"":""1309.03""}"
2026-10-02T01:42:55.987036Z,1790905375589,ZROUSDT,Buy,4.4,1.7935,"{""T"":1790905375589,""s"":""ZROUSDT"",""S"":""Buy"",""v"":""4.4"",""p"":""1.7935""}"
2026-10-02T01:43:01.830105Z,1790905381402,LONGXIAUSDT,Sell,4424,0.0766,"{""T"":1790905381402,""s"":""LONGXIAUSDT"",""S"":""Sell"",""v"":""4424"",""p"":""0.0766""}"
2026-10-02T01:43:54.135297Z,1790905433852,MOVRUSDT,Sell,5.2,3.0290,"{""T"":1790905433852,""s"":""MOVRUSDT"",""S"":""Sell"",""v"":""5.2"",""p"":""3.0290""}"
2026-10-02T01:44:08.829308Z,1790905448572,LONGXIAUSDT,Buy,394,0.0650,"{""T"":1790905448572,""s"":""LONGXIAUSDT"",""S"":""Buy"",""v"":""394"",""p"":""0.0650""}"
2026-10-02T01:44:10.828934Z,1790905450502,LONGXIAUSDT,Buy,2413,0.0648,"{""T"":1790905450502,""s"":""LONGXIAUSDT"",""S"":""Buy"",""v"":""2413"",""p"":""0.0648""}"
2026-10-02T01:44:11.329251Z,1790905450886,LONGXIAUSDT,Buy,1353,0.0650,"{""T"":1790905450886,""s"":""LONGXIAUSDT"",""S"":""Buy"",""v"":""1353"",""p"":""0.0650""}"
2026-10-02T01:44:12.828417Z,1790905452585,LONGXIAUSDT,Buy,951,0.0648,"{""T"":1790905452585,""s"":""LONGXIAUSDT"",""S"":""Buy"",""v"":""951"",""p"":""0.0648""}"
2026-10-02T01:44:16.328955Z,1790905455798,LONGXIAUSDT,Buy,865,0.0641,"{""T"":1790905455798,""s"":""LONGXIAUSDT"",""S"":""Buy"",""v"":""865"",""p"":""0.0641""}"
2026-10-02T01:44:17.328597Z,1790905457043,LONGXIAUSDT,Buy,7340,0.0633,"{""T"":1790905457043,""s"":""LONGXIAUSDT"",""S"":""Buy"",""v"":""7340"",""p"":""0.0633""}"
2026-10-02T01:44:22.492093Z,1790905462020,SOONUSDT,Buy,605,0.40850,"{""T"":1790905462020,""s"":""SOONUSDT"",""S"":""Buy"",""v"":""605"",""p"":""0.40850""}"
2026-10-02T01:44:32.135418Z,1790905471796,MOVRUSDT,Sell,191.8,3.0750,"{""T"":1790905471796,""s"":""MOVRUSDT"",""S"":""Sell"",""v"":""191.8"",""p"":""3.0750""}"
2026-10-02T01:44:32.135418Z,1790905471932,MOVRUSDT,Sell,1472.7,3.0570,"{""T"":1790905471932,""s"":""MOVRUSDT"",""S"":""Sell"",""v"":""1472.7"",""p"":""3.0570""}"
2026-10-02T01:44:32.635876Z,1790905472052,MOVRUSDT,Sell,200.0,3.0610,"{""T"":1790905472052,""s"":""MOVRUSDT"",""S"":""Sell"",""v"":""200.0"",""p"":""3.0610""}"
2026-10-02T01:44:32.635876Z,1790905472053,MOVRUSDT,Sell,5.5,3.0690,"{""T"":1790905472053,""s"":""MOVRUSDT"",""S"":""Sell"",""v"":""5.5"",""p"":""3.0690""}"
2026-10-02T01:44:32.635876Z,1790905472114,MOVRUSDT,Sell,672.6,3.0700,"{""T"":1790905472114,""s"":""MOVRUSDT"",""S"":""Sell"",""v"":""672.6"",""p"":""3.0700""}"
2026-10-02T01:44:45.987019Z,1790905485445,USUSDT,Sell,32260,0.028080,"{""T"":1790905485445,""s"":""USUSDT"",""S"":""Sell"",""v"":""32260"",""p"":""0.028080""}"
2026-10-02T01:44:55.312702Z,1790905494889,ASTERUSDT,Buy,1191,0.7281,"{""T"":1790905494889,""s"":""ASTERUSDT"",""S"":""Buy"",""v"":""1191"",""p"":""0.7281""}"
2026-10-02T01:45:24.496640Z,1790905524259,JASMYUSDT,Buy,256249,0.005508,"{""T"":1790905524259,""s"":""JASMYUSDT"",""S"":""Buy"",""v"":""256249"",""p"":""0.005508""}"
2026-10-02T01:45:34.828651Z,1790905534372,LONGXIAUSDT,Buy,990,0.0620,"{""T"":1790905534372,""s"":""LONGXIAUSDT"",""S"":""Buy"",""v"":""990"",""p"":""0.0620""}"
2026-10-02T01:45:34.828651Z,1790905534567,LONGXIAUSDT,Buy,14598,0.0618,"{""T"":1790905534567,""s"":""LONGXIAUSDT"",""S"":""Buy"",""v"":""14598"",""p"":""0.0618""}"
2026-10-02T01:45:35.828333Z,1790905535396,LONGXIAUSDT,Buy,160,0.0617,"{""T"":1790905535396,""s"":""LONGXIAUSDT"",""S"":""Buy"",""v"":""160"",""p"":""0.0617""}"
2026-10-02T01:45:36.329335Z,1790905536097,LONGXIAUSDT,Buy,3306,0.0612,"{""T"":1790905536097,""s"":""LONGXIAUSDT"",""S"":""Buy"",""v"":""3306"",""p"":""0.0612""}"
2026-10-02T01:45:36.329335Z,1790905536221,LONGXIAUSDT,Buy,168,0.0614,"{""T"":1790905536221,""s"":""LONGXIAUSDT"",""S"":""Buy"",""v"":""168"",""p"":""0.0614""}"
2026-10-02T01:45:36.828588Z,1790905536335,LONGXIAUSDT,Buy,21062,0.0613,"{""T"":1790905536335,""s"":""LONGXIAUSDT"",""S"":""Buy"",""v"":""21062"",""p"":""0.0613""}"
2026-10-02T01:45:36.828588Z,1790905536480,LONGXIAUSDT,Buy,6500,0.0613,"{""T"":1790905536480,""s"":""LONGXIAUSDT"",""S"":""Buy"",""v"":""6500"",""p"":""0.0613""}"
2026-10-02T01:45:39.828821Z,1790905539481,LONGXIAUSDT,Buy,1391,0.0607,"{""T"":1790905539481,""s"":""LONGXIAUSDT"",""S"":""Buy"",""v"":""1391"",""p"":""0.0607""}"
2026-10-02T01:45:39.828821Z,1790905539653,LONGXIAUSDT,Buy,10922,0.0606,"{""T"":1790905539653,""s"":""LONGXIAUSDT"",""S"":""Buy"",""v"":""10922"",""p"":""0.0606""}"
2026-10-02T01:45:40.328328Z,1790905539932,LONGXIAUSDT,Buy,1384,0.0606,"{""T"":1790905539932,""s"":""LONGXIAUSDT"",""S"":""Buy"",""v"":""1384"",""p"":""0.0606""}"
2026-10-02T01:45:40.328328Z,1790905540015,LONGXIAUSDT,Buy,521,0.0606,"{""T"":1790905540015,""s"":""LONGXIAUSDT"",""S"":""Buy"",""v"":""521"",""p"":""0.0606""}"
2026-10-02T01:46:35.332426Z,1790905594928,LONGXIAUSDT,Sell,5382,0.0704,"{""T"":1790905594928,""s"":""LONGXIAUSDT"",""S"":""Sell"",""v"":""5382"",""p"":""0.0704""}"
2026-10-02T01:46:35.332426Z,1790905595047,LONGXIAUSDT,Sell,1271,0.0705,"{""T"":1790905595047,""s"":""LONGXIAUSDT"",""S"":""Sell"",""v"":""1271"",""p"":""0.0705""}"
2026-10-02T01:46:44.328770Z,1790905603766,LONGXIAUSDT,Sell,97,0.0711,"{""T"":1790905603766,""s"":""LONGXIAUSDT"",""S"":""Sell"",""v"":""97"",""p"":""0.0711""}"
2026-10-02T01:46:44.328770Z,1790905603776,LONGXIAUSDT,Sell,10341,0.0708,"{""T"":1790905603776,""s"":""LONGXIAUSDT"",""S"":""Sell"",""v"":""10341"",""p"":""0.0708""}"
2026-10-02T01:46:45.328314Z,1790905604937,LONGXIAUSDT,Sell,14069,0.0713,"{""T"":1790905604937,""s"":""LONGXIAUSDT"",""S"":""Sell"",""v"":""14069"",""p"":""0.0713""}"
2026-10-02T01:46:46.986608Z,1790905606661,SOXLUSDT,Sell,4.14,156.16,"{""T"":1790905606661,""s"":""SOXLUSDT"",""S"":""Sell"",""v"":""4.14"",""p"":""156.16""}"
2026-10-02T01:46:52.328494Z,1790905612117,LONGXIAUSDT,Sell,1000,0.0722,"{""T"":1790905612117,""s"":""LONGXIAUSDT"",""S"":""Sell"",""v"":""1000"",""p"":""0.0722""}"
2026-10-02T01:47:16.959940Z,1790905636781,QNTUSDT,Buy,0.27,247.61,"{""T"":1790905636781,""s"":""QNTUSDT"",""S"":""Buy"",""v"":""0.27"",""p"":""247.61""}"
2026-10-02T01:47:37.135846Z,1790905656762,ARKUSDT,Buy,327,0.22738,"{""T"":1790905656762,""s"":""ARKUSDT"",""S"":""Buy"",""v"":""327"",""p"":""0.22738""}"
2026-10-02T01:48:08.828290Z,1790905688688,LONGXIAUSDT,Sell,11638,0.0752,"{""T"":1790905688688,""s"":""LONGXIAUSDT"",""S"":""Sell"",""v"":""11638"",""p"":""0.0752""}"
2026-10-02T01:48:10.496212Z,1790905690372,JASMYUSDT,Sell,2214,0.005614,"{""T"":1790905690372,""s"":""JASMYUSDT"",""S"":""Sell"",""v"":""2214"",""p"":""0.005614""}"
2026-10-02T01:48:37.959186Z,1790905717806,QNTUSDT,Buy,0.07,247.40,"{""T"":1790905717806,""s"":""QNTUSDT"",""S"":""Buy"",""v"":""0.07"",""p"":""247.40""}"
2026-10-02T01:48:44.135282Z,1790905723854,ARKUSDT,Buy,176,0.22727,"{""T"":1790905723854,""s"":""ARKUSDT"",""S"":""Buy"",""v"":""176"",""p"":""0.22727""}"
2026-10-02T01:49:52.486865Z,1790905791929,USUSDT,Buy,400,0.025370,"{""T"":1790905791929,""s"":""USUSDT"",""S"":""Buy"",""v"":""400"",""p"":""0.025370""}"
2026-10-02T01:50:28.486685Z,1790905828161,USUSDT,Sell,400,0.026550,"{""T"":1790905828161,""s"":""USUSDT"",""S"":""Sell"",""v"":""400"",""p"":""0.026550""}"
2026-10-02T01:50:31.486681Z,1790905831251,USUSDT,Sell,7750,0.027140,"{""T"":1790905831251,""s"":""USUSDT"",""S"":""Sell"",""v"":""7750"",""p"":""0.027140""}"
2026-10-02T01:50:38.487219Z,1790905838038,USUSDT,Sell,390,0.027680,"{""T"":1790905838038,""s"":""USUSDT"",""S"":""Sell"",""v"":""390"",""p"":""0.027680""}"
2026-10-02T01:50:38.487219Z,1790905838147,USUSDT,Sell,10,0.027510,"{""T"":1790905838147,""s"":""USUSDT"",""S"":""Sell"",""v"":""10"",""p"":""0.027510""}"
2026-10-02T01:50:41.987667Z,1790905841541,USUSDT,Sell,780,0.027980,"{""T"":1790905841541,""s"":""USUSDT"",""S"":""Sell"",""v"":""780"",""p"":""0.027980""}"
2026-10-02T01:51:03.062543Z,1790905862724,SOLUSDT,Sell,6.2,119.550,"{""T"":1790905862724,""s"":""SOLUSDT"",""S"":""Sell"",""v"":""6.2"",""p"":""119.550""}"
2026-10-02T01:51:09.986554Z,1790905869788,SOXLUSDT,Sell,0.41,156.38,"{""T"":1790905869788,""s"":""SOXLUSDT"",""S"":""Sell"",""v"":""0.41"",""p"":""156.38""}"
2026-10-02T01:51:11.828489Z,1790905871594,LONGXIAUSDT,Buy,592,0.0651,"{""T"":1790905871594,""s"":""LONGXIAUSDT"",""S"":""Buy"",""v"":""592"",""p"":""0.0651""}"
2026-10-02T01:51:16.328677Z,1790905875888,LONGXIAUSDT,Buy,73257,0.0647,"{""T"":1790905875888,""s"":""LONGXIAUSDT"",""S"":""Buy"",""v"":""73257"",""p"":""0.0647""}"
2026-10-02T01:51:16.828548Z,1790905876278,LONGXIAUSDT,Buy,2232,0.0647,"{""T"":1790905876278,""s"":""LONGXIAUSDT"",""S"":""Buy"",""v"":""2232"",""p"":""0.0647""}"
2026-10-02T01:51:49.486494Z,1790905909142,SOXLUSDT,Sell,35.38,156.58,"{""T"":1790905909142,""s"":""SOXLUSDT"",""S"":""Sell"",""v"":""35.38"",""p"":""156.58""}"
2026-10-02T01:51:49.562266Z,1790905909001,SOLUSDT,Sell,0.3,119.690,"{""T"":1790905909001,""s"":""SOLUSDT"",""S"":""Sell"",""v"":""0.3"",""p"":""119.690""}"
2026-10-02T01:51:50.062510Z,1790905909477,SOLUSDT,Sell,2.7,119.690,"{""T"":1790905909477,""s"":""SOLUSDT"",""S"":""Sell"",""v"":""2.7"",""p"":""119.690""}"
2026-10-02T01:51:51.562205Z,1790905911156,SOLUSDT,Sell,5.2,119.750,"{""T"":1790905911156,""s"":""SOLUSDT"",""S"":""Sell"",""v"":""5.2"",""p"":""119.750""}"
2026-10-02T01:51:51.562205Z,1790905911374,SOLUSDT,Sell,127.0,119.730,"{""T"":1790905911374,""s"":""SOLUSDT"",""S"":""Sell"",""v"":""127.0"",""p"":""119.730""}"
2026-10-02T01:51:51.565308Z,1790905911468,BTCUSDT,Sell,0.001,85058.30,"{""T"":1790905911468,""s"":""BTCUSDT"",""S"":""Sell"",""v"":""0.001"",""p"":""85058.30""}"
2026-10-02T01:51:52.063143Z,1790905911619,SOLUSDT,Sell,9.0,119.720,"{""T"":1790905911619,""s"":""SOLUSDT"",""S"":""Sell"",""v"":""9.0"",""p"":""119.720""}"
2026-10-02T01:51:54.562402Z,1790905914197,SOLUSDT,Sell,1.1,119.780,"{""T"":1790905914197,""s"":""SOLUSDT"",""S"":""Sell"",""v"":""1.1"",""p"":""119.780""}"
2026-10-02T01:51:55.062323Z,1790905914719,SOLUSDT,Sell,0.2,119.790,"{""T"":1790905914719,""s"":""SOLUSDT"",""S"":""Sell"",""v"":""0.2"",""p"":""119.790""}"
2026-10-02T01:51:57.062479Z,1790905916914,SOLUSDT,Sell,26.4,119.830,"{""T"":1790905916914,""s"":""SOLUSDT"",""S"":""Sell"",""v"":""26.4"",""p"":""119.830""}"
2026-10-02T01:51:57.062479Z,1790905916936,SOLUSDT,Sell,1.1,119.880,"{""T"":1790905916936,""s"":""SOLUSDT"",""S"":""Sell"",""v"":""1.1"",""p"":""119.880""}"
2026-10-02T01:51:57.563660Z,1790905917104,SOLUSDT,Sell,0.1,119.840,"{""T"":1790905917104,""s"":""SOLUSDT"",""S"":""Sell"",""v"":""0.1"",""p"":""119.840""}"
2026-10-02T01:51:57.563660Z,1790905917146,SOLUSDT,Sell,20.2,119.890,"{""T"":1790905917146,""s"":""SOLUSDT"",""S"":""Sell"",""v"":""20.2"",""p"":""119.890""}"
2026-10-02T01:51:57.563660Z,1790905917295,SOLUSDT,Sell,0.1,119.880,"{""T"":1790905917295,""s"":""SOLUSDT"",""S"":""Sell"",""v"":""0.1"",""p"":""119.880""}"
2026-10-02T01:51:58.063399Z,1790905917651,SOLUSDT,Sell,21.0,119.900,"{""T"":1790905917651,""s"":""SOLUSDT"",""S"":""Sell"",""v"":""21.0"",""p"":""119.900""}"
2026-10-02T01:51:58.063399Z,1790905917883,SOLUSDT,Sell,1.1,119.840,"{""T"":1790905917883,""s"":""SOLUSDT"",""S"":""Sell"",""v"":""1.1"",""p"":""119.840""}"
2026-10-02T01:52:03.635758Z,1790905923515,MOVRUSDT,Sell,3.1,3.0810,"{""T"":1790905923515,""s"":""MOVRUSDT"",""S"":""Sell"",""v"":""3.1"",""p"":""3.0810""}"
2026-10-02T01:52:04.986660Z,1790905924858,USUSDT,Sell,500,0.028900,"{""T"":1790905924858,""s"":""USUSDT"",""S"":""Sell"",""v"":""500"",""p"":""0.028900""}"
2026-10-02T01:52:05.016048Z,1790905924859,NEARUSDT,Sell,2.4,4.8930,"{""T"":1790905924859,""s"":""NEARUSDT"",""S"":""Sell"",""v"":""2.4"",""p"":""4.8930""}"
2026-10-02T01:52:05.016048Z,1790905924878,NEARUSDT,Sell,55.5,4.8920,"{""T"":1790905924878,""s"":""NEARUSDT"",""S"":""Sell"",""v"":""55.5"",""p"":""4.8920""}"
2026-10-02T01:52:05.337997Z,1790905924859,XRPUSDT,Sell,8.1,1.4996,"{""T"":1790905924859,""s"":""XRPUSDT"",""S"":""Sell"",""v"":""8.1"",""p"":""1.4996""}"
2026-10-02T01:52:05.455972Z,1790905925331,ETHUSDT,Sell,2.86,2719.95,"{""T"":1790905925331,""s"":""ETHUSDT"",""S"":""Sell"",""v"":""2.86"",""p"":""2719.95""}"
2026-10-02T01:52:05.516108Z,1790905925107,NEARUSDT,Sell,50.4,4.8950,"{""T"":1790905925107,""s"":""NEARUSDT"",""S"":""Sell"",""v"":""50.4"",""p"":""4.8950""}"
2026-10-02T01:52:17.986612Z,1790905937856,USUSDT,Sell,29160,0.029690,"{""T"":1790905937856,""s"":""USUSDT"",""S"":""Sell"",""v"":""29160"",""p"":""0.029690""}"
2026-10-02T01:52:18.135293Z,1790905937856,MOVRUSDT,Buy,1.2,2.9430,"{""T"":1790905937856,""s"":""MOVRUSDT"",""S"":""Buy"",""v"":""1.2"",""p"":""2.9430""}"
2026-10-02T01:52:18.955985Z,1790905938797,ETHUSDT,Sell,0.03,2720.17,"{""T"":1790905938797,""s"":""ETHUSDT"",""S"":""Sell"",""v"":""0.03"",""p"":""2720.17""}"
2026-10-02T01:52:19.913883Z,1790905939814,ZECUSDT,Sell,1.39,1342.20,"{""T"":1790905939814,""s"":""ZECUSDT"",""S"":""Sell"",""v"":""1.39"",""p"":""1342.20""}"
2026-10-02T01:52:20.562923Z,1790905940306,SOLUSDT,Sell,90.1,119.940,"{""T"":1790905940306,""s"":""SOLUSDT"",""S"":""Sell"",""v"":""90.1"",""p"":""119.940""}"
2026-10-02T01:52:20.562923Z,1790905940329,SOLUSDT,Sell,0.1,119.960,"{""T"":1790905940329,""s"":""SOLUSDT"",""S"":""Sell"",""v"":""0.1"",""p"":""119.960""}"
2026-10-02T01:52:21.065726Z,1790905940526,BTCUSDT,Sell,0.024,85134.20,"{""T"":1790905940526,""s"":""BTCUSDT"",""S"":""Sell"",""v"":""0.024"",""p"":""85134.20""}"
2026-10-02T01:52:34.990909Z,1790905954820,USUSDT,Sell,440,0.030040,"{""T"":1790905954820,""s"":""USUSDT"",""S"":""Sell"",""v"":""440"",""p"":""0.030040""}"
2026-10-02T01:52:56.486740Z,1790905976245,USUSDT,Sell,7180,0.031330,"{""T"":1790905976245,""s"":""USUSDT"",""S"":""Sell"",""v"":""7180"",""p"":""0.031330""}"
2026-10-02T01:53:00.414079Z,1790905980141,ZECUSDT,Sell,0.11,1343.37,"{""T"":1790905980141,""s"":""ZECUSDT"",""S"":""Sell"",""v"":""0.11"",""p"":""1343.37""}"
2026-10-02T01:53:01.456617Z,1790905980903,ETHUSDT,Sell,0.03,2721.58,"{""T"":1790905980903,""s"":""ETHUSDT"",""S"":""Sell"",""v"":""0.03"",""p"":""2721.58""}"
2026-10-02T01:53:01.956572Z,1790905981561,ETHUSDT,Sell,14.04,2721.47,"{""T"":1790905981561,""s"":""ETHUSDT"",""S"":""Sell"",""v"":""14.04"",""p"":""2721.47""}"
2026-10-02T01:53:18.065615Z,1790905997773,BTCUSDT,Sell,0.008,85163.90,"{""T"":1790905997773,""s"":""BTCUSDT"",""S"":""Sell"",""v"":""0.008"",""p"":""85163.90""}"
2026-10-02T01:53:20.956229Z,1790906000399,ETHUSDT,Sell,0.28,2722.40,"{""T"":1790906000399,""s"":""ETHUSDT"",""S"":""Sell"",""v"":""0.28"",""p"":""2722.40""}"
2026-10-02T01:53:21.456201Z,1790906001016,ETHUSDT,Sell,0.62,2723.43,"{""T"":1790906001016,""s"":""ETHUSDT"",""S"":""Sell"",""v"":""0.62"",""p"":""2723.43""}"
2026-10-02T01:53:21.562469Z,1790906001032,SOLUSDT,Sell,0.6,120.040,"{""T"":1790906001032,""s"":""SOLUSDT"",""S"":""Sell"",""v"":""0.6"",""p"":""120.040""}"
2026-10-02T01:53:21.956114Z,1790906001555,ETHUSDT,Sell,1.49,2723.74,"{""T"":1790906001555,""s"":""ETHUSDT"",""S"":""Sell"",""v"":""1.49"",""p"":""2723.74""}"
2026-10-02T01:53:21.992297Z,1790906001555,SUIUSDT,Sell,600,1.19140,"{""T"":1790906001555,""s"":""SUIUSDT"",""S"":""Sell"",""v"":""600"",""p"":""1.19140""}"
2026-10-02T01:53:22.062997Z,1790906001555,SOLUSDT,Sell,34.2,119.990,"{""T"":1790906001555,""s"":""SOLUSDT"",""S"":""Sell"",""v"":""34.2"",""p"":""119.990""}"
2026-10-02T01:53:22.065765Z,1790906001702,BTCUSDT,Sell,0.023,85168.40,"{""T"":1790906001702,""s"":""BTCUSDT"",""S"":""Sell"",""v"":""0.023"",""p"":""85168.40""}"
2026-10-02T01:53:22.566393Z,1790906002027,BTCUSDT,Sell,0.059,85195.80,"{""T"":1790906002027,""s"":""BTCUSDT"",""S"":""Sell"",""v"":""0.059"",""p"":""85195.80""}"
2026-10-02T01:53:22.566393Z,1790906002326,BTCUSDT,Sell,0.075,85194.90,"{""T"":1790906002326,""s"":""BTCUSDT"",""S"":""Sell"",""v"":""0.075"",""p"":""85194.90""}"
2026-10-02T01:53:22.955812Z,1790906002521,ETHUSDT,Sell,0.04,2724.08,"{""T"":1790906002521,""s"":""ETHUSDT"",""S"":""Sell"",""v"":""0.04"",""p"":""2724.08""}"
2026-10-02T01:53:34.563233Z,1790906014114,SOLUSDT,Sell,2.2,120.070,"{""T"":1790906014114,""s"":""SOLUSDT"",""S"":""Sell"",""v"":""2.2"",""p"":""120.070""}"
2026-10-02T01:53:36.562487Z,1790906016250,SOLUSDT,Sell,0.6,120.090,"{""T"":1790906016250,""s"":""SOLUSDT"",""S"":""Sell"",""v"":""0.6"",""p"":""120.090""}"
2026-10-02T01:53:37.456229Z,1790906016892,ETHUSDT,Sell,0.05,2724.66,"{""T"":1790906016892,""s"":""ETHUSDT"",""S"":""Sell"",""v"":""0.05"",""p"":""2724.66""}"
2026-10-02T01:53:38.997028Z,1790906018874,LINKUSDT,Sell,1.6,14.384,"{""T"":1790906018874,""s"":""LINKUSDT"",""S"":""Sell"",""v"":""1.6"",""p"":""14.384""}"
2026-10-02T01:53:39.565335Z,1790906019025,BTCUSDT,Sell,0.091,85221.20,"{""T"":1790906019025,""s"":""BTCUSDT"",""S"":""Sell"",""v"":""0.091"",""p"":""85221.20""}"
2026-10-02T01:53:41.516403Z,1790906021077,NEARUSDT,Sell,216.2,4.9040,"{""T"":1790906021077,""s"":""NEARUSDT"",""S"":""Sell"",""v"":""216.2"",""p"":""4.9040""}"
2026-10-02T01:53:41.563169Z,1790906021135,SOLUSDT,Sell,18.6,120.130,"{""T"":1790906021135,""s"":""SOLUSDT"",""S"":""Sell"",""v"":""18.6"",""p"":""120.130""}"
2026-10-02T01:53:41.955925Z,1790906021665,ETHUSDT,Sell,0.11,2725.58,"{""T"":1790906021665,""s"":""ETHUSDT"",""S"":""Sell"",""v"":""0.11"",""p"":""2725.58""}"
2026-10-02T01:53:42.016687Z,1790906021919,NEARUSDT,Sell,1.2,4.9060,"{""T"":1790906021919,""s"":""NEARUSDT"",""S"":""Sell"",""v"":""1.2"",""p"":""4.9060""}"
2026-10-02T01:53:42.455783Z,1790906022346,ETHUSDT,Sell,1.75,2725.90,"{""T"":1790906022346,""s"":""ETHUSDT"",""S"":""Sell"",""v"":""1.75"",""p"":""2725.90""}"
2026-10-02T01:53:42.563144Z,1790906022156,SOLUSDT,Sell,0.1,120.150,"{""T"":1790906022156,""s"":""SOLUSDT"",""S"":""Sell"",""v"":""0.1"",""p"":""120.150""}"
2026-10-02T01:53:43.956866Z,1790906023797,ETHUSDT,Sell,0.05,2726.33,"{""T"":1790906023797,""s"":""ETHUSDT"",""S"":""Sell"",""v"":""0.05"",""p"":""2726.33""}"
2026-10-02T01:53:44.563137Z,1790906024358,SOLUSDT,Sell,1.2,120.190,"{""T"":1790906024358,""s"":""SOLUSDT"",""S"":""Sell"",""v"":""1.2"",""p"":""120.190""}"
2026-10-02T01:53:44.955938Z,1790906024427,ETHUSDT,Sell,0.10,2726.46,"{""T"":1790906024427,""s"":""ETHUSDT"",""S"":""Sell"",""v"":""0.10"",""p"":""2726.46""}"
2026-10-02T01:53:45.062368Z,1790906024686,SOLUSDT,Sell,10.0,120.220,"{""T"":1790906024686,""s"":""SOLUSDT"",""S"":""Sell"",""v"":""10.0"",""p"":""120.220""}"
2026-10-02T01:54:05.329140Z,1790906045110,LONGXIAUSDT,Buy,653,0.0632,"{""T"":1790906045110,""s"":""LONGXIAUSDT"",""S"":""Buy"",""v"":""653"",""p"":""0.0632""}"
2026-10-02T01:54:05.828576Z,1790906045678,LONGXIAUSDT,Buy,2820,0.0631,"{""T"":1790906045678,""s"":""LONGXIAUSDT"",""S"":""Buy"",""v"":""2820"",""p"":""0.0631""}"
2026-10-02T01:54:24.990033Z,1790906064722,USUSDT,Buy,8660,0.028040,"{""T"":1790906064722,""s"":""USUSDT"",""S"":""Buy"",""v"":""8660"",""p"":""0.028040""}"
2026-10-02T01:55:07.487006Z,1790906107009,USUSDT,Sell,2100,0.030400,"{""T"":1790906107009,""s"":""USUSDT"",""S"":""Sell"",""v"":""2100"",""p"":""0.030400""}"
2026-10-02T01:55:10.486532Z,1790906110097,USUSDT,Sell,3380,0.030580,"{""T"":1790906110097,""s"":""USUSDT"",""S"":""Sell"",""v"":""3380"",""p"":""0.030580""}"
2026-10-02T01:55:34.456766Z,1790906134327,QNTUSDT,Sell,0.21,256.26,"{""T"":1790906134327,""s"":""QNTUSDT"",""S"":""Sell"",""v"":""0.21"",""p"":""256.26""}"
2026-10-02T01:55:35.516617Z,1790906135420,NEARUSDT,Sell,2.4,4.9100,"{""T"":1790906135420,""s"":""NEARUSDT"",""S"":""Sell"",""v"":""2.4"",""p"":""4.9100""}"
2026-10-02T01:55:37.516499Z,1790906137138,NEARUSDT,Sell,81.3,4.9120,"{""T"":1790906137138,""s"":""NEARUSDT"",""S"":""Sell"",""v"":""81.3"",""p"":""4.9120""}"
2026-10-02T01:55:44.312694Z,1790906143948,HYPEUSDT,Sell,0.42,88.890,"{""T"":1790906143948,""s"":""HYPEUSDT"",""S"":""Sell"",""v"":""0.42"",""p"":""88.890""}"
2026-10-02T01:55:44.828730Z,1790906144463,NOMUSDT,Sell,13260,0.002856,"{""T"":1790906144463,""s"":""NOMUSDT"",""S"":""Sell"",""v"":""13260"",""p"":""0.002856""}"
2026-10-02T01:55:47.062593Z,1790906146766,SOLUSDT,Sell,2.9,120.180,"{""T"":1790906146766,""s"":""SOLUSDT"",""S"":""Sell"",""v"":""2.9"",""p"":""120.180""}"
2026-10-02T01:55:47.065188Z,1790906146766,BTCUSDT,Buy,0.002,84595.60,"{""T"":1790906146766,""s"":""BTCUSDT"",""S"":""Buy"",""v"":""0.002"",""p"":""84595.60""}"
2026-10-02T01:55:53.859678Z,1790906153662,WLDUSDT,Sell,1559.6,0.5150,"{""T"":1790906153662,""s"":""WLDUSDT"",""S"":""Sell"",""v"":""1559.6"",""p"":""0.5150""}"
2026-10-02T01:55:56.360053Z,1790906155998,WLDUSDT,Sell,2830.9,0.5153,"{""T"":1790906155998,""s"":""WLDUSDT"",""S"":""Sell"",""v"":""2830.9"",""p"":""0.5153""}"
2026-10-02T01:56:01.456036Z,1790906161167,ETHUSDT,Sell,11.63,2725.27,"{""T"":1790906161167,""s"":""ETHUSDT"",""S"":""Sell"",""v"":""11.63"",""p"":""2725.27""}"
2026-10-02T01:56:01.456591Z,1790906161167,QNTUSDT,Sell,20.40,256.37,"{""T"":1790906161167,""s"":""QNTUSDT"",""S"":""Sell"",""v"":""20.40"",""p"":""256.37""}"
2026-10-02T01:56:01.565586Z,1790906161167,BTCUSDT,Sell,0.059,85167.80,"{""T"":1790906161167,""s"":""BTCUSDT"",""S"":""Sell"",""v"":""0.059"",""p"":""85167.80""}"
2026-10-02T01:56:12.848269Z,1790906172509,WIFUSDT,Sell,237,0.25610,"{""T"":1790906172509,""s"":""WIFUSDT"",""S"":""Sell"",""v"":""237"",""p"":""0.25610""}"
2026-10-02T01:56:45.829136Z,1790906205386,LONGXIAUSDT,Buy,1669,0.0621,"{""T"":1790906205386,""s"":""LONGXIAUSDT"",""S"":""Buy"",""v"":""1669"",""p"":""0.0621""}"
2026-10-02T01:57:10.486763Z,1790906230369,USUSDT,Sell,71140,0.031760,"{""T"":1790906230369,""s"":""USUSDT"",""S"":""Sell"",""v"":""71140"",""p"":""0.031760""}"
2026-10-02T01:57:11.987049Z,1790906231853,USUSDT,Sell,6420,0.031800,"{""T"":1790906231853,""s"":""USUSDT"",""S"":""Sell"",""v"":""6420"",""p"":""0.031800""}"
2026-10-02T01:57:17.456145Z,1790906237144,QNTUSDT,Sell,1.28,256.65,"{""T"":1790906237144,""s"":""QNTUSDT"",""S"":""Sell"",""v"":""1.28"",""p"":""256.65""}"
2026-10-02T01:57:17.456145Z,1790906237335,QNTUSDT,Sell,0.58,256.51,"{""T"":1790906237335,""s"":""QNTUSDT"",""S"":""Sell"",""v"":""0.58"",""p"":""256.51""}"
2026-10-02T01:57:19.456257Z,1790906238973,QNTUSDT,Sell,7.02,256.85,"{""T"":1790906238973,""s"":""QNTUSDT"",""S"":""Sell"",""v"":""7.02"",""p"":""256.85""}"
2026-10-02T01:57:23.455843Z,1790906243118,QNTUSDT,Sell,0.15,257.14,"{""T"":1790906243118,""s"":""QNTUSDT"",""S"":""Sell"",""v"":""0.15"",""p"":""257.14""}"
2026-10-02T01:57:30.496415Z,1790906250375,JASMYUSDT,Buy,1232,0.005541,"{""T"":1790906250375,""s"":""JASMYUSDT"",""S"":""Buy"",""v"":""1232"",""p"":""0.005541""}"
2026-10-02T01:57:49.829229Z,1790906269489,LONGXIAUSDT,Buy,1892,0.0618,"{""T"":1790906269489,""s"":""LONGXIAUSDT"",""S"":""Buy"",""v"":""1892"",""p"":""0.0618""}"
2026-10-02T01:58:05.414121Z,1790906284888,1000PEPEUSDT,Sell,8521400,0.0044710,"{""T"":1790906284888,""s"":""1000PEPEUSDT"",""S"":""Sell"",""v"":""8521400"",""p"":""0.0044710""}"
2026-10-02T01:59:41.486726Z,1790906381078,USUSDT,Sell,420,0.032480,"{""T"":1790906381078,""s"":""USUSDT"",""S"":""Sell"",""v"":""420"",""p"":""0.032480""}"
2026-10-02T01:59:49.487176Z,1790906389293,USUSDT,Sell,190,0.032870,"{""T"":1790906389293,""s"":""USUSDT"",""S"":""Sell"",""v"":""190"",""p"":""0.032870""}"
2026-10-02T02:00:01.987719Z,1790906401715,USUSDT,Sell,153940,0.033250,"{""T"":1790906401715,""s"":""USUSDT"",""S"":""Sell"",""v"":""153940"",""p"":""0.033250""}"
2026-10-02T02:00:02.486805Z,1790906402094,USUSDT,Sell,16670,0.033140,"{""T"":1790906402094,""s"":""USUSDT"",""S"":""Sell"",""v"":""16670"",""p"":""0.033140""}"
2026-10-02T02:00:02.996368Z,1790906402751,TMXUSDT,Buy,6696,0.01273,"{""T"":1790906402751,""s"":""TMXUSDT"",""S"":""Buy"",""v"":""6696"",""p"":""0.01273""}"
2026-10-02T02:00:33.996320Z,1790906433897,TMXUSDT,Buy,29715,0.01251,"{""T"":1790906433897,""s"":""TMXUSDT"",""S"":""Buy"",""v"":""29715"",""p"":""0.01251""}"
2026-10-02T02:00:34.496320Z,1790906433958,TMXUSDT,Buy,2109,0.01255,"{""T"":1790906433958,""s"":""TMXUSDT"",""S"":""Buy"",""v"":""2109"",""p"":""0.01255""}"
2026-10-02T02:01:13.987732Z,1790906473636,USUSDT,Buy,3200,0.031450,"{""T"":1790906473636,""s"":""USUSDT"",""S"":""Buy"",""v"":""3200"",""p"":""0.031450""}"
2026-10-02T02:03:17.956008Z,1790906597795,QNTUSDT,Sell,0.03,258.49,"{""T"":1790906597795,""s"":""QNTUSDT"",""S"":""Sell"",""v"":""0.03"",""p"":""258.49""}"
2026-10-02T02:03:24.329298Z,1790906603965,LONGXIAUSDT,Sell,1056,0.0716,"{""T"":1790906603965,""s"":""LONGXIAUSDT"",""S"":""Sell"",""v"":""1056"",""p"":""0.0716""}"
2026-10-02T02:04:03.135387Z,1790906642983,MOVRUSDT,Buy,164.1,2.7900,"{""T"":1790906642983,""s"":""MOVRUSDT"",""S"":""Buy"",""v"":""164.1"",""p"":""2.7900""}"
2026-10-02T02:04:15.329383Z,1790906655006,LONGXIAUSDT,Sell,368,0.0719,"{""T"":1790906655006,""s"":""LONGXIAUSDT"",""S"":""Sell"",""v"":""368"",""p"":""0.0719""}"
2026-10-02T02:04:32.829253Z,1790906672714,LONGXIAUSDT,Sell,2870,0.0721,"{""T"":1790906672714,""s"":""LONGXIAUSDT"",""S"":""Sell"",""v"":""2870"",""p"":""0.0721""}"
2026-10-02T02:04:33.329494Z,1790906672880,LONGXIAUSDT,Sell,1783,0.0722,"{""T"":1790906672880,""s"":""LONGXIAUSDT"",""S"":""Sell"",""v"":""1783"",""p"":""0.0722""}"
2026-10-02T02:04:50.635259Z,1790906690129,MOVRUSDT,Buy,3.4,2.7680,"{""T"":1790906690129,""s"":""MOVRUSDT"",""S"":""Buy"",""v"":""3.4"",""p"":""2.7680""}"
2026-10-02T02:04:51.565729Z,1790906691413,BTCUSDT,Sell,0.110,85245.50,"{""T"":1790906691413,""s"":""BTCUSDT"",""S"":""Sell"",""v"":""0.110"",""p"":""85245.50""}"
2026-10-02T02:04:54.065628Z,1790906693525,BTCUSDT,Sell,0.081,85269.60,"{""T"":1790906693525,""s"":""BTCUSDT"",""S"":""Sell"",""v"":""0.081"",""p"":""85269.60""}"
2026-10-02T02:05:02.062801Z,1790906701947,SOLUSDT,Sell,15.0,120.110,"{""T"":1790906701947,""s"":""SOLUSDT"",""S"":""Sell"",""v"":""15.0"",""p"":""120.110""}"
2026-10-02T02:05:02.135694Z,1790906701947,MOVRUSDT,Buy,70.0,2.7720,"{""T"":1790906701947,""s"":""MOVRUSDT"",""S"":""Buy"",""v"":""70.0"",""p"":""2.7720""}"
2026-10-02T02:05:02.456065Z,1790906701947,ETHUSDT,Sell,0.40,2725.06,"{""T"":1790906701947,""s"":""ETHUSDT"",""S"":""Sell"",""v"":""0.40"",""p"":""2725.06""}"
2026-10-02T02:05:02.837643Z,1790906702330,XRPUSDT,Sell,708.7,1.5067,"{""T"":1790906702330,""s"":""XRPUSDT"",""S"":""Sell"",""v"":""708.7"",""p"":""1.5067""}"
2026-10-02T02:05:04.135720Z,1790906703600,STRKUSDT,Sell,4131.7,0.04410,"{""T"":1790906703600,""s"":""STRKUSDT"",""S"":""Sell"",""v"":""4131.7"",""p"":""0.04410""}"
2026-10-02T02:05:22.333073Z,1790906721899,LONGXIAUSDT,Sell,1569,0.0727,"{""T"":1790906721899,""s"":""LONGXIAUSDT"",""S"":""Sell"",""v"":""1569"",""p"":""0.0727""}"
2026-10-02T02:05:25.812746Z,1790906725606,PUMPFUNUSDT,Sell,248800,0.0058100,"{""T"":1790906725606,""s"":""PUMPFUNUSDT"",""S"":""Sell"",""v"":""248800"",""p"":""0.0058100""}"
2026-10-02T02:05:25.825139Z,1790906725605,ENAUSDT,Buy,330,0.24012,"{""T"":1790906725605,""s"":""ENAUSDT"",""S"":""Buy"",""v"":""330"",""p"":""0.24012""}"
2026-10-02T02:05:25.837825Z,1790906725606,LDOUSDT,Buy,1050.6,0.4367,"{""T"":1790906725606,""s"":""LDOUSDT"",""S"":""Buy"",""v"":""1050.6"",""p"":""0.4367""}"
2026-10-02T02:05:25.848545Z,1790906725605,MARSCOINUSDT,Sell,2290,0.13110,"{""T"":1790906725605,""s"":""MARSCOINUSDT"",""S"":""Sell"",""v"":""2290"",""p"":""0.13110""}"
2026-10-02T02:05:25.914313Z,1790906725606,UNIUSDT,Buy,49.4,8.948,"{""T"":1790906725606,""s"":""UNIUSDT"",""S"":""Buy"",""v"":""49.4"",""p"":""8.948""}"
2026-10-02T02:05:25.914754Z,1790906725606,ZECUSDT,Buy,0.81,1329.42,"{""T"":1790906725606,""s"":""ZECUSDT"",""S"":""Buy"",""v"":""0.81"",""p"":""1329.42""}"
2026-10-02T02:05:25.987096Z,1790906725606,USUSDT,Sell,19450,0.034340,"{""T"":1790906725606,""s"":""USUSDT"",""S"":""Sell"",""v"":""19450"",""p"":""0.034340""}"
2026-10-02T02:05:25.996933Z,1790906725605,DASHUSDT,Buy,11.68,58.11,"{""T"":1790906725605,""s"":""DASHUSDT"",""S"":""Buy"",""v"":""11.68"",""p"":""58.11""}"
2026-10-02T02:05:26.016287Z,1790906725606,NEARUSDT,Sell,113.0,4.9340,"{""T"":1790906725606,""s"":""NEARUSDT"",""S"":""Sell"",""v"":""113.0"",""p"":""4.9340""}"
2026-10-02T02:05:26.065336Z,1790906725605,BTCUSDT,Buy,0.012,84712.00,"{""T"":1790906725605,""s"":""BTCUSDT"",""S"":""Buy"",""v"":""0.012"",""p"":""84712.00""}"
2026-10-02T02:05:26.135265Z,1790906725606,AKEUSDT,Sell,10400,0.0326770,"{""T"":1790906725606,""s"":""AKEUSDT"",""S"":""Sell"",""v"":""10400"",""p"":""0.0326770""}"
2026-10-02T02:05:31.562836Z,1790906731359,BNBUSDT,Sell,9.89,777.90,"{""T"":1790906731359,""s"":""BNBUSDT"",""S"":""Sell"",""v"":""9.89"",""p"":""777.90""}"
2026-10-02T02:05:34.565252Z,1790906734190,BTCUSDT,Sell,0.009,85308.90,"{""T"":1790906734190,""s"":""BTCUSDT"",""S"":""Sell"",""v"":""0.009"",""p"":""85308.90""}"
2026-10-02T02:05:58.992860Z,1790906758585,SOONUSDT,Buy,210,0.40370,"{""T"":1790906758585,""s"":""SOONUSDT"",""S"":""Buy"",""v"":""210"",""p"":""0.40370""}"
2026-10-02T02:05:58.992860Z,1790906758645,SOONUSDT,Buy,12,0.40370,"{""T"":1790906758645,""s"":""SOONUSDT"",""S"":""Buy"",""v"":""12"",""p"":""0.40370""}"
2026-10-02T02:05:58.992860Z,1790906758723,SOONUSDT,Buy,32,0.40390,"{""T"":1790906758723,""s"":""SOONUSDT"",""S"":""Buy"",""v"":""32"",""p"":""0.40390""}"
2026-10-02T02:05:59.992423Z,1790906759730,SOONUSDT,Buy,9671,0.40260,"{""T"":1790906759730,""s"":""SOONUSDT"",""S"":""Buy"",""v"":""9671"",""p"":""0.40260""}"
2026-10-02T02:06:05.992282Z,1790906765410,SOONUSDT,Buy,2443,0.40200,"{""T"":1790906765410,""s"":""SOONUSDT"",""S"":""Buy"",""v"":""2443"",""p"":""0.40200""}"
2026-10-02T02:06:13.328706Z,1790906773050,LONGXIAUSDT,Buy,1385,0.0622,"{""T"":1790906773050,""s"":""LONGXIAUSDT"",""S"":""Buy"",""v"":""1385"",""p"":""0.0622""}"
2026-10-02T02:06:18.828753Z,1790906778572,LONGXIAUSDT,Buy,77,0.0615,"{""T"":1790906778572,""s"":""LONGXIAUSDT"",""S"":""Buy"",""v"":""77"",""p"":""0.0615""}"
2026-10-02T02:06:19.329578Z,1790906779096,LONGXIAUSDT,Buy,7401,0.0607,"{""T"":1790906779096,""s"":""LONGXIAUSDT"",""S"":""Buy"",""v"":""7401"",""p"":""0.0607""}"
2026-10-02T02:06:20.328712Z,1790906779854,LONGXIAUSDT,Buy,1114,0.0609,"{""T"":1790906779854,""s"":""LONGXIAUSDT"",""S"":""Buy"",""v"":""1114"",""p"":""0.0609""}"
2026-10-02T02:06:40.635351Z,1790906800233,MOVRUSDT,Buy,16.2,2.7380,"{""T"":1790906800233,""s"":""MOVRUSDT"",""S"":""Buy"",""v"":""16.2"",""p"":""2.7380""}"
2026-10-02T02:06:41.135273Z,1790906800771,MOVRUSDT,Buy,984.3,2.7360,"{""T"":1790906800771,""s"":""MOVRUSDT"",""S"":""Buy"",""v"":""984.3"",""p"":""2.7360""}"
2026-10-02T02:06:41.135273Z,1790906800875,MOVRUSDT,Buy,107.9,2.7290,"{""T"":1790906800875,""s"":""MOVRUSDT"",""S"":""Buy"",""v"":""107.9"",""p"":""2.7290""}"
2026-10-02T02:06:41.135273Z,1790906800913,MOVRUSDT,Buy,410.6,2.7240,"{""T"":1790906800913,""s"":""MOVRUSDT"",""S"":""Buy"",""v"":""410.6"",""p"":""2.7240""}"
2026-10-02T02:06:58.828853Z,1790906818339,LONGXIAUSDT,Sell,1203,0.0708,"{""T"":1790906818339,""s"":""LONGXIAUSDT"",""S"":""Sell"",""v"":""1203"",""p"":""0.0708""}"
2026-10-02T02:06:59.328450Z,1790906818845,LONGXIAUSDT,Sell,32856,0.0706,"{""T"":1790906818845,""s"":""LONGXIAUSDT"",""S"":""Sell"",""v"":""32856"",""p"":""0.0706""}"
2026-10-02T02:07:01.328556Z,1790906820764,LONGXIAUSDT,Sell,694,0.0712,"{""T"":1790906820764,""s"":""LONGXIAUSDT"",""S"":""Sell"",""v"":""694"",""p"":""0.0712""}"
2026-10-02T02:07:06.828333Z,1790906826296,LONGXIAUSDT,Sell,969,0.0720,"{""T"":1790906826296,""s"":""LONGXIAUSDT"",""S"":""Sell"",""v"":""969"",""p"":""0.0720""}"
2026-10-02T02:07:09.329595Z,1790906828755,LONGXIAUSDT,Sell,673,0.0727,"{""T"":1790906828755,""s"":""LONGXIAUSDT"",""S"":""Sell"",""v"":""673"",""p"":""0.0727""}"
2026-10-02T02:07:15.352168Z,1790906834816,LONGXIAUSDT,Sell,2768,0.0735,"{""T"":1790906834816,""s"":""LONGXIAUSDT"",""S"":""Sell"",""v"":""2768"",""p"":""0.0735""}"
2026-10-02T02:07:21.350733Z,1790906841194,LONGXIAUSDT,Buy,1741,0.0625,"{""T"":1790906841194,""s"":""LONGXIAUSDT"",""S"":""Buy"",""v"":""1741"",""p"":""0.0625""}"
2026-10-02T02:07:24.828702Z,1790906844538,LONGXIAUSDT,Buy,35930,0.0623,"{""T"":1790906844538,""s"":""LONGXIAUSDT"",""S"":""Buy"",""v"":""35930"",""p"":""0.0623""}"
2026-10-02T02:07:25.328805Z,1790906844981,LONGXIAUSDT,Buy,461,0.0622,"{""T"":1790906844981,""s"":""LONGXIAUSDT"",""S"":""Buy"",""v"":""461"",""p"":""0.0622""}"
2026-10-02T02:07:25.328805Z,1790906845058,LONGXIAUSDT,Buy,234,0.0623,"{""T"":1790906845058,""s"":""LONGXIAUSDT"",""S"":""Buy"",""v"":""234"",""p"":""0.0623""}"
2026-10-02T02:07:30.828496Z,1790906850674,NOMUSDT,Sell,1900,0.002878,"{""T"":1790906850674,""s"":""NOMUSDT"",""S"":""Sell"",""v"":""1900"",""p"":""0.002878""}"
2026-10-02T02:07:34.828571Z,1790906854485,LONGXIAUSDT,Buy,41754,0.0618,"{""T"":1790906854485,""s"":""LONGXIAUSDT"",""S"":""Buy"",""v"":""41754"",""p"":""0.0618""}"
2026-10-02T02:07:40.456257Z,1790906860361,QNTUSDT,Sell,0.34,259.59,"{""T"":1790906860361,""s"":""QNTUSDT"",""S"":""Sell"",""v"":""0.34"",""p"":""259.59""}"
2026-10-02T02:07:41.455851Z,1790906860902,QNTUSDT,Sell,6.20,259.76,"{""T"":1790906860902,""s"":""QNTUSDT"",""S"":""Sell"",""v"":""6.20"",""p"":""259.76""}"
2026-10-02T02:07:53.456764Z,1790906873230,QNTUSDT,Sell,1.13,260.44,"{""T"":1790906873230,""s"":""QNTUSDT"",""S"":""Sell"",""v"":""1.13"",""p"":""260.44""}"
2026-10-02T02:07:55.486756Z,1790906875221,NIGHTUSDT,Buy,8540,0.03845,"{""T"":1790906875221,""s"":""NIGHTUSDT"",""S"":""Buy"",""v"":""8540"",""p"":""0.03845""}"
2026-10-02T02:07:55.955956Z,1790906875699,QNTUSDT,Sell,0.04,260.81,"{""T"":1790906875699,""s"":""QNTUSDT"",""S"":""Sell"",""v"":""0.04"",""p"":""260.81""}"
2026-10-02T02:07:56.455719Z,1790906876211,QNTUSDT,Sell,0.96,261.25,"{""T"":1790906876211,""s"":""QNTUSDT"",""S"":""Sell"",""v"":""0.96"",""p"":""261.25""}"
2026-10-02T02:08:01.062780Z,1790906880955,SOLUSDT,Sell,8.4,120.360,"{""T"":1790906880955,""s"":""SOLUSDT"",""S"":""Sell"",""v"":""8.4"",""p"":""120.360""}"
2026-10-02T02:08:02.956062Z,1790906882764,QNTUSDT,Sell,1.78,262.52,"{""T"":1790906882764,""s"":""QNTUSDT"",""S"":""Sell"",""v"":""1.78"",""p"":""262.52""}"
2026-10-02T02:08:04.062850Z,1790906883817,SOLUSDT,Sell,0.5,120.390,"{""T"":1790906883817,""s"":""SOLUSDT"",""S"":""Sell"",""v"":""0.5"",""p"":""120.390""}"
2026-10-02T02:08:07.562972Z,1790906887239,SOLUSDT,Sell,1.3,120.420,"{""T"":1790906887239,""s"":""SOLUSDT"",""S"":""Sell"",""v"":""1.3"",""p"":""120.420""}"
2026-10-02T02:08:08.313077Z,1790906887783,HYPEUSDT,Sell,5.75,88.990,"{""T"":1790906887783,""s"":""HYPEUSDT"",""S"":""Sell"",""v"":""5.75"",""p"":""88.990""}"
2026-10-02T02:08:18.833729Z,1790906898430,LONGXIAUSDT,Buy,7909,0.0604,"{""T"":1790906898430,""s"":""LONGXIAUSDT"",""S"":""Buy"",""v"":""7909"",""p"":""0.0604""}"
2026-10-02T02:08:18.833729Z,1790906898437,LONGXIAUSDT,Buy,165,0.0606,"{""T"":1790906898437,""s"":""LONGXIAUSDT"",""S"":""Buy"",""v"":""165"",""p"":""0.0606""}"
2026-10-02T02:08:18.913764Z,1790906898429,ZECUSDT,Sell,0.91,1347.88,"{""T"":1790906898429,""s"":""ZECUSDT"",""S"":""Sell"",""v"":""0.91"",""p"":""1347.88""}"
2026-10-02T02:08:25.565675Z,1790906905233,BTCUSDT,Sell,0.013,85311.40,"{""T"":1790906905233,""s"":""BTCUSDT"",""S"":""Sell"",""v"":""0.013"",""p"":""85311.40""}"
2026-10-02T02:08:25.565675Z,1790906905251,BTCUSDT,Sell,0.048,85311.30,"{""T"":1790906905251,""s"":""BTCUSDT"",""S"":""Sell"",""v"":""0.048"",""p"":""85311.30""}"
2026-10-02T02:08:26.065502Z,1790906905590,BTCUSDT,Sell,0.087,85317.30,"{""T"":1790906905590,""s"":""BTCUSDT"",""S"":""Sell"",""v"":""0.087"",""p"":""85317.30""}"
2026-10-02T02:08:29.828664Z,1790906909273,LONGXIAUSDT,Buy,18024,0.0596,"{""T"":1790906909273,""s"":""LONGXIAUSDT"",""S"":""Buy"",""v"":""18024"",""p"":""0.0596""}"
2026-10-02T02:08:29.828664Z,1790906909334,LONGXIAUSDT,Buy,9514,0.0592,"{""T"":1790906909334,""s"":""LONGXIAUSDT"",""S"":""Buy"",""v"":""9514"",""p"":""0.0592""}"
2026-10-02T02:08:29.828664Z,1790906909384,LONGXIAUSDT,Buy,4538,0.0595,"{""T"":1790906909384,""s"":""LONGXIAUSDT"",""S"":""Buy"",""v"":""4538"",""p"":""0.0595""}"
2026-10-02T02:08:29.828664Z,1790906909393,LONGXIAUSDT,Buy,529,0.0588,"{""T"":1790906909393,""s"":""LONGXIAUSDT"",""S"":""Buy"",""v"":""529"",""p"":""0.0588""}"
2026-10-02T02:08:29.828664Z,1790906909427,LONGXIAUSDT,Buy,6165,0.0586,"{""T"":1790906909427,""s"":""LONGXIAUSDT"",""S"":""Buy"",""v"":""6165"",""p"":""0.0586""}"
2026-10-02T02:08:29.828664Z,1790906909595,LONGXIAUSDT,Buy,3611,0.0592,"{""T"":1790906909595,""s"":""LONGXIAUSDT"",""S"":""Buy"",""v"":""3611"",""p"":""0.0592""}"
2026-10-02T02:08:29.828664Z,1790906909690,LONGXIAUSDT,Buy,4253,0.0600,"{""T"":1790906909690,""s"":""LONGXIAUSDT"",""S"":""Buy"",""v"":""4253"",""p"":""0.0600""}"
2026-10-02T02:08:30.328659Z,1790906909858,LONGXIAUSDT,Buy,100,0.0588,"{""T"":1790906909858,""s"":""LONGXIAUSDT"",""S"":""Buy"",""v"":""100"",""p"":""0.0588""}"
2026-10-02T02:08:30.328659Z,1790906910129,LONGXIAUSDT,Buy,586,0.0592,"{""T"":1790906910129,""s"":""LONGXIAUSDT"",""S"":""Buy"",""v"":""586"",""p"":""0.0592""}"
2026-10-02T02:08:31.329376Z,1790906910968,LONGXIAUSDT,Buy,285,0.0576,"{""T"":1790906910968,""s"":""LONGXIAUSDT"",""S"":""Buy"",""v"":""285"",""p"":""0.0576""}"
2026-10-02T02:08:31.828865Z,1790906911384,LONGXIAUSDT,Buy,85,0.0581,"{""T"":1790906911384,""s"":""LONGXIAUSDT"",""S"":""Buy"",""v"":""85"",""p"":""0.0581""}"
2026-10-02T02:08:31.828865Z,1790906911440,LONGXIAUSDT,Buy,1303,0.0582,"{""T"":1790906911440,""s"":""LONGXIAUSDT"",""S"":""Buy"",""v"":""1303"",""p"":""0.0582""}"
2026-10-02T02:08:31.828865Z,1790906911450,LONGXIAUSDT,Buy,2297,0.0577,"{""T"":1790906911450,""s"":""LONGXIAUSDT"",""S"":""Buy"",""v"":""2297"",""p"":""0.0577""}"
2026-10-02T02:08:31.828865Z,1790906911470,LONGXIAUSDT,Buy,518,0.0582,"{""T"":1790906911470,""s"":""LONGXIAUSDT"",""S"":""Buy"",""v"":""518"",""p"":""0.0582""}"
2026-10-02T02:08:31.828865Z,1790906911727,LONGXIAUSDT,Buy,4511,0.0581,"{""T"":1790906911727,""s"":""LONGXIAUSDT"",""S"":""Buy"",""v"":""4511"",""p"":""0.0581""}"
2026-10-02T02:08:32.328466Z,1790906911862,LONGXIAUSDT,Buy,969,0.0578,"{""T"":1790906911862,""s"":""LONGXIAUSDT"",""S"":""Buy"",""v"":""969"",""p"":""0.0578""}"
2026-10-02T02:08:38.492313Z,1790906918058,SUIUSDT,Sell,150,1.20240,"{""T"":1790906918058,""s"":""SUIUSDT"",""S"":""Sell"",""v"":""150"",""p"":""1.20240""}"
2026-10-02T02:08:41.986919Z,1790906921705,XAUUSDT,Sell,0.100,4178.47,"{""T"":1790906921705,""s"":""XAUUSDT"",""S"":""Sell"",""v"":""0.100"",""p"":""4178.47""}"
2026-10-02T02:08:42.066150Z,1790906921705,BTCUSDT,Sell,0.030,85320.30,"{""T"":1790906921705,""s"":""BTCUSDT"",""S"":""Sell"",""v"":""0.030"",""p"":""85320.30""}"
2026-10-02T02:08:42.993146Z,1790906922453,1000BONKUSDT,Sell,142600,0.0038420,"{""T"":1790906922453,""s"":""1000BONKUSDT"",""S"":""Sell"",""v"":""142600"",""p"":""0.0038420""}"
2026-10-02T02:08:45.516718Z,1790906925384,NEARUSDT,Sell,7.6,4.9730,"{""T"":1790906925384,""s"":""NEARUSDT"",""S"":""Sell"",""v"":""7.6"",""p"":""4.9730""}"
2026-10-02T02:08:45.516718Z,1790906925389,NEARUSDT,Sell,174.0,4.9700,"{""T"":1790906925389,""s"":""NEARUSDT"",""S"":""Sell"",""v"":""174.0"",""p"":""4.9700""}"
2026-10-02T02:08:45.956042Z,1790906925595,ETHUSDT,Sell,1.40,2727.16,"{""T"":1790906925595,""s"":""ETHUSDT"",""S"":""Sell"",""v"":""1.40"",""p"":""2727.16""}"
2026-10-02T02:08:45.956042Z,1790906925738,ETHUSDT,Sell,3.00,2727.48,"{""T"":1790906925738,""s"":""ETHUSDT"",""S"":""Sell"",""v"":""3.00"",""p"":""2727.48""}"
2026-10-02T02:08:46.015838Z,1790906925595,NEARUSDT,Sell,106.3,4.9750,"{""T"":1790906925595,""s"":""NEARUSDT"",""S"":""Sell"",""v"":""106.3"",""p"":""4.9750""}"
2026-10-02T02:08:46.456233Z,1790906926194,ETHUSDT,Sell,0.07,2727.58,"{""T"":1790906926194,""s"":""ETHUSDT"",""S"":""Sell"",""v"":""0.07"",""p"":""2727.58""}"
2026-10-02T02:08:46.516769Z,1790906925942,NEARUSDT,Sell,947.8,4.9720,"{""T"":1790906925942,""s"":""NEARUSDT"",""S"":""Sell"",""v"":""947.8"",""p"":""4.9720""}"
2026-10-02T02:08:46.562791Z,1790906926194,SOLUSDT,Sell,19.3,120.490,"{""T"":1790906926194,""s"":""SOLUSDT"",""S"":""Sell"",""v"":""19.3"",""p"":""120.490""}"
2026-10-02T02:08:47.065883Z,1790906926711,BTCUSDT,Sell,0.003,85324.90,"{""T"":1790906926711,""s"":""BTCUSDT"",""S"":""Sell"",""v"":""0.003"",""p"":""85324.90""}"
2026-10-02T02:08:49.566019Z,1790906929046,BTCUSDT,Sell,0.042,85331.50,"{""T"":1790906929046,""s"":""BTCUSDT"",""S"":""Sell"",""v"":""0.042"",""p"":""85331.50""}"
2026-10-02T02:08:49.566019Z,1790906929235,BTCUSDT,Sell,0.036,85336.90,"{""T"":1790906929235,""s"":""BTCUSDT"",""S"":""Sell"",""v"":""0.036"",""p"":""85336.90""}"
2026-10-02T02:08:49.566019Z,1790906929406,BTCUSDT,Sell,0.300,85338.20,"{""T"":1790906929406,""s"":""BTCUSDT"",""S"":""Sell"",""v"":""0.300"",""p"":""85338.20""}"
2026-10-02T02:08:49.828621Z,1790906929385,LONGXIAUSDT,Sell,2,0.0660,"{""T"":1790906929385,""s"":""LONGXIAUSDT"",""S"":""Sell"",""v"":""2"",""p"":""0.0660""}"
2026-10-02T02:08:50.066318Z,1790906929894,BTCUSDT,Sell,0.001,85331.60,"{""T"":1790906929894,""s"":""BTCUSDT"",""S"":""Sell"",""v"":""0.001"",""p"":""85331.60""}"
2026-10-02T02:08:50.066318Z,1790906929926,BTCUSDT,Sell,0.002,85330.60,"{""T"":1790906929926,""s"":""BTCUSDT"",""S"":""Sell"",""v"":""0.002"",""p"":""85330.60""}"
2026-10-02T02:08:52.955819Z,1790906932657,QNTUSDT,Sell,0.06,262.00,"{""T"":1790906932657,""s"":""QNTUSDT"",""S"":""Sell"",""v"":""0.06"",""p"":""262.00""}"
2026-10-02T02:08:59.414265Z,1790906939079,1000PEPEUSDT,Sell,97800,0.0044930,"{""T"":1790906939079,""s"":""1000PEPEUSDT"",""S"":""Sell"",""v"":""97800"",""p"":""0.0044930""}"
2026-10-02T02:09:15.456092Z,1790906955206,QNTUSDT,Sell,0.72,263.51,"{""T"":1790906955206,""s"":""QNTUSDT"",""S"":""Sell"",""v"":""0.72"",""p"":""263.51""}"
2026-10-02T02:09:15.486686Z,1790906955206,BTWUSDT,Sell,100,1.48757,"{""T"":1790906955206,""s"":""BTWUSDT"",""S"":""Sell"",""v"":""100"",""p"":""1.48757""}"
2026-10-02T02:09:19.828756Z,1790906959300,LONGXIAUSDT,Buy,803,0.0575,"{""T"":1790906959300,""s"":""LONGXIAUSDT"",""S"":""Buy"",""v"":""803"",""p"":""0.0575""}"
2026-10-02T02:09:20.828610Z,1790906960724,LONGXIAUSDT,Buy,340,0.0574,"{""T"":1790906960724,""s"":""LONGXIAUSDT"",""S"":""Buy"",""v"":""340"",""p"":""0.0574""}"
2026-10-02T02:09:22.328678Z,1790906961930,LONGXIAUSDT,Buy,11,0.0571,"{""T"":1790906961930,""s"":""LONGXIAUSDT"",""S"":""Buy"",""v"":""11"",""p"":""0.0571""}"
2026-10-02T02:09:22.828538Z,1790906962612,LONGXIAUSDT,Buy,1080,0.0567,"{""T"":1790906962612,""s"":""LONGXIAUSDT"",""S"":""Buy"",""v"":""1080"",""p"":""0.0567""}"
2026-10-02T02:09:22.828538Z,1790906962736,LONGXIAUSDT,Buy,14620,0.0567,"{""T"":1790906962736,""s"":""LONGXIAUSDT"",""S"":""Buy"",""v"":""14620"",""p"":""0.0567""}"
2026-10-02T02:09:25.566188Z,1790906965331,BTCUSDT,Sell,0.040,85343.00,"{""T"":1790906965331,""s"":""BTCUSDT"",""S"":""Sell"",""v"":""0.040"",""p"":""85343.00""}"
2026-10-02T02:09:25.955957Z,1790906965402,ETHUSDT,Sell,0.03,2728.06,"{""T"":1790906965402,""s"":""ETHUSDT"",""S"":""Sell"",""v"":""0.03"",""p"":""2728.06""}"
2026-10-02T02:09:26.065866Z,1790906965787,BTCUSDT,Sell,0.011,85344.70,"{""T"":1790906965787,""s"":""BTCUSDT"",""S"":""Sell"",""v"":""0.011"",""p"":""85344.70""}"
2026-10-02T02:09:31.562667Z,1790906971293,SOLUSDT,Sell,0.7,120.560,"{""T"":1790906971293,""s"":""SOLUSDT"",""S"":""Sell"",""v"":""0.7"",""p"":""120.560""}"
2026-10-02T02:09:31.562667Z,1790906971306,SOLUSDT,Sell,29.5,120.720,"{""T"":1790906971306,""s"":""SOLUSDT"",""S"":""Sell"",""v"":""29.5"",""p"":""120.720""}"
2026-10-02T02:09:31.562667Z,1790906971321,SOLUSDT,Sell,43.0,120.700,"{""T"":1790906971321,""s"":""SOLUSDT"",""S"":""Sell"",""v"":""43.0"",""p"":""120.700""}"
2026-10-02T02:09:31.562667Z,1790906971405,SOLUSDT,Sell,1.0,120.590,"{""T"":1790906971405,""s"":""SOLUSDT"",""S"":""Sell"",""v"":""1.0"",""p"":""120.590""}"
2026-10-02T02:09:31.562667Z,1790906971410,SOLUSDT,Sell,0.1,120.630,"{""T"":1790906971410,""s"":""SOLUSDT"",""S"":""Sell"",""v"":""0.1"",""p"":""120.630""}"
2026-10-02T02:09:32.062604Z,1790906971596,SOLUSDT,Sell,38.0,120.690,"{""T"":1790906971596,""s"":""SOLUSDT"",""S"":""Sell"",""v"":""38.0"",""p"":""120.690""}"
2026-10-02T02:09:32.062604Z,1790906971788,SOLUSDT,Sell,4.1,120.730,"{""T"":1790906971788,""s"":""SOLUSDT"",""S"":""Sell"",""v"":""4.1"",""p"":""120.730""}"
2026-10-02T02:09:32.562651Z,1790906972157,SOLUSDT,Sell,57.1,120.880,"{""T"":1790906972157,""s"":""SOLUSDT"",""S"":""Sell"",""v"":""57.1"",""p"":""120.880""}"
2026-10-02T02:09:32.562651Z,1790906972226,SOLUSDT,Sell,180.7,120.810,"{""T"":1790906972226,""s"":""SOLUSDT"",""S"":""Sell"",""v"":""180.7"",""p"":""120.810""}"
2026-10-02T02:09:32.565488Z,1790906972355,BTCUSDT,Sell,0.009,85360.70,"{""T"":1790906972355,""s"":""BTCUSDT"",""S"":""Sell"",""v"":""0.009"",""p"":""85360.70""}"
2026-10-02T02:09:33.065553Z,1790906972897,BTCUSDT,Sell,0.004,85359.10,"{""T"":1790906972897,""s"":""BTCUSDT"",""S"":""Sell"",""v"":""0.004"",""p"":""85359.10""}"
2026-10-02T02:09:33.456759Z,1790906972876,ETHUSDT,Sell,0.32,2728.83,"{""T"":1790906972876,""s"":""ETHUSDT"",""S"":""Sell"",""v"":""0.32"",""p"":""2728.83""}"
2026-10-02T02:09:44.565861Z,1790906984440,BTCUSDT,Sell,0.117,85351.20,"{""T"":1790906984440,""s"":""BTCUSDT"",""S"":""Sell"",""v"":""0.117"",""p"":""85351.20""}"
2026-10-02T02:09:44.837039Z,1790906984440,ONDOUSDT,Sell,5110,0.4996,"{""T"":1790906984440,""s"":""ONDOUSDT"",""S"":""Sell"",""v"":""5110"",""p"":""0.4996""}"
2026-10-02T02:09:44.913809Z,1790906984440,ZECUSDT,Sell,1.41,1351.51,"{""T"":1790906984440,""s"":""ZECUSDT"",""S"":""Sell"",""v"":""1.41"",""p"":""1351.51""}"
2026-10-02T02:10:00.359640Z,1790906999892,WLDUSDT,Sell,5791.7,0.5181,"{""T"":1790906999892,""s"":""WLDUSDT"",""S"":""Sell"",""v"":""5791.7"",""p"":""0.5181""}"
2026-10-02T02:10:06.813025Z,1790907006547,GRASSUSDT,Buy,14,0.71440,"{""T"":1790907006547,""s"":""GRASSUSDT"",""S"":""Buy"",""v"":""14"",""p"":""0.71440""}"
2026-10-02T02:10:06.848697Z,1790907006547,MARSCOINUSDT,Buy,40,0.12528,"{""T"":1790907006547,""s"":""MARSCOINUSDT"",""S"":""Buy"",""v"":""40"",""p"":""0.12528""}"
2026-10-02T02:10:06.986566Z,1790907006547,USUSDT,Sell,320,0.035140,"{""T"":1790907006547,""s"":""USUSDT"",""S"":""Sell"",""v"":""320"",""p"":""0.035140""}"
2026-10-02T02:10:09.456998Z,1790907009128,QNTUSDT,Sell,3.99,262.30,"{""T"":1790907009128,""s"":""QNTUSDT"",""S"":""Sell"",""v"":""3.99"",""p"":""262.30""}"
2026-10-02T02:10:09.486668Z,1790907009128,USUSDT,Sell,153940,0.035400,"{""T"":1790907009128,""s"":""USUSDT"",""S"":""Sell"",""v"":""153940"",""p"":""0.035400""}"
2026-10-02T02:10:09.496283Z,1790907009128,TMXUSDT,Sell,8429,0.01333,"{""T"":1790907009128,""s"":""TMXUSDT"",""S"":""Sell"",""v"":""8429"",""p"":""0.01333""}"
2026-10-02T02:10:09.635190Z,1790907009128,MOVRUSDT,Sell,1734.4,2.9460,"{""T"":1790907009128,""s"":""MOVRUSDT"",""S"":""Sell"",""v"":""1734.4"",""p"":""2.9460""}"
2026-10-02T02:10:10.828793Z,1790907010535,LONGXIAUSDT,Sell,969,0.0663,"{""T"":1790907010535,""s"":""LONGXIAUSDT"",""S"":""Sell"",""v"":""969"",""p"":""0.0663""}"
2026-10-02T02:10:11.329131Z,1790907010786,LONGXIAUSDT,Sell,360,0.0663,"{""T"":1790907010786,""s"":""LONGXIAUSDT"",""S"":""Sell"",""v"":""360"",""p"":""0.0663""}"
2026-10-02T02:10:15.992388Z,1790907015767,1000BONKUSDT,Sell,78700,0.0038490,"{""T"":1790907015767,""s"":""1000BONKUSDT"",""S"":""Sell"",""v"":""78700"",""p"":""0.0038490""}"
2026-10-02T02:10:21.913850Z,1790907021369,1000PEPEUSDT,Sell,309900,0.0045030,"{""T"":1790907021369,""s"":""1000PEPEUSDT"",""S"":""Sell"",""v"":""309900"",""p"":""0.0045030""}"
2026-10-02T02:10:36.493463Z,1790907035999,SOONUSDT,Buy,109,0.40200,"{""T"":1790907035999,""s"":""SOONUSDT"",""S"":""Buy"",""v"":""109"",""p"":""0.40200""}"
2026-10-02T02:10:41.359474Z,1790907041162,APTUSDT,Sell,103.62,0.8095,"{""T"":1790907041162,""s"":""APTUSDT"",""S"":""Sell"",""v"":""103.62"",""p"":""0.8095""}"
2026-10-02T02:11:09.408576Z,1790907069294,BZUSDT,Buy,39.60,101.62,"{""T"":1790907069294,""s"":""BZUSDT"",""S"":""Buy"",""v"":""39.60"",""p"":""101.62""}"
2026-10-02T02:11:09.515890Z,1790907069269,TAOUSDT,Sell,0.829,309.10,"{""T"":1790907069269,""s"":""TAOUSDT"",""S"":""Sell"",""v"":""0.829"",""p"":""309.10""}"
2026-10-02T02:11:56.813121Z,1790907116525,PUMPFUNUSDT,Buy,900,0.0056330,"{""T"":1790907116525,""s"":""PUMPFUNUSDT"",""S"":""Buy"",""v"":""900"",""p"":""0.0056330""}"
2026-10-02T02:13:02.328559Z,1790907182025,LONGXIAUSDT,Sell,804,0.0664,"{""T"":1790907182025,""s"":""LONGXIAUSDT"",""S"":""Sell"",""v"":""804"",""p"":""0.0664""}"
2026-10-02T02:13:03.328769Z,1790907182958,LONGXIAUSDT,Sell,99,0.0665,"{""T"":1790907182958,""s"":""LONGXIAUSDT"",""S"":""Sell"",""v"":""99"",""p"":""0.0665""}"
2026-10-02T02:15:06.986986Z,1790907306853,USUSDT,Sell,74090,0.035620,"{""T"":1790907306853,""s"":""USUSDT"",""S"":""Sell"",""v"":""74090"",""p"":""0.035620""}"
2026-10-02T02:15:18.456328Z,1790907318208,QNTUSDT,Buy,0.05,254.30,"{""T"":1790907318208,""s"":""QNTUSDT"",""S"":""Buy"",""v"":""0.05"",""p"":""254.30""}"
2026-10-02T02:16:20.135362Z,1790907379913,ARKUSDT,Buy,1813,0.22476,"{""T"":1790907379913,""s"":""ARKUSDT"",""S"":""Buy"",""v"":""1813"",""p"":""0.22476""}"
2026-10-02T02:16:55.813494Z,1790907415643,GRASSUSDT,Sell,268,0.75070,"{""T"":1790907415643,""s"":""GRASSUSDT"",""S"":""Sell"",""v"":""268"",""p"":""0.75070""}"
2026-10-02T02:19:36.408562Z,1790907576091,KORUUSDT,Sell,7.21,21.58,"{""T"":1790907576091,""s"":""KORUUSDT"",""S"":""Sell"",""v"":""7.21"",""p"":""21.58""}"
2026-10-02T02:19:36.516187Z,1790907576091,NEARUSDT,Sell,19.7,4.9770,"{""T"":1790907576091,""s"":""NEARUSDT"",""S"":""Sell"",""v"":""19.7"",""p"":""4.9770""}"
2026-10-02T02:20:15.487169Z,1790907614995,USUSDT,Sell,195160,0.036800,"{""T"":1790907614995,""s"":""USUSDT"",""S"":""Sell"",""v"":""195160"",""p"":""0.036800""}"
2026-10-02T02:21:46.486911Z,1790907706246,USUSDT,Sell,4150,0.037170,"{""T"":1790907706246,""s"":""USUSDT"",""S"":""Sell"",""v"":""4150"",""p"":""0.037170""}"
2026-10-02T02:22:11.329308Z,1790907731109,LONGXIAUSDT,Buy,640,0.0561,"{""T"":1790907731109,""s"":""LONGXIAUSDT"",""S"":""Buy"",""v"":""640"",""p"":""0.0561""}"
2026-10-02T02:22:23.829204Z,1790907743317,LONGXIAUSDT,Buy,11729,0.0555,"{""T"":1790907743317,""s"":""LONGXIAUSDT"",""S"":""Buy"",""v"":""11729"",""p"":""0.0555""}"
2026-10-02T02:22:23.829204Z,1790907743453,LONGXIAUSDT,Buy,814,0.0559,"{""T"":1790907743453,""s"":""LONGXIAUSDT"",""S"":""Buy"",""v"":""814"",""p"":""0.0559""}"
2026-10-02T02:22:23.829204Z,1790907743679,LONGXIAUSDT,Buy,301,0.0554,"{""T"":1790907743679,""s"":""LONGXIAUSDT"",""S"":""Buy"",""v"":""301"",""p"":""0.0554""}"
2026-10-02T02:22:23.829204Z,1790907743721,LONGXIAUSDT,Buy,949,0.0555,"{""T"":1790907743721,""s"":""LONGXIAUSDT"",""S"":""Buy"",""v"":""949"",""p"":""0.0555""}"
2026-10-02T02:22:24.328767Z,1790907743793,LONGXIAUSDT,Buy,3154,0.0559,"{""T"":1790907743793,""s"":""LONGXIAUSDT"",""S"":""Buy"",""v"":""3154"",""p"":""0.0559""}"
2026-10-02T02:22:24.328767Z,1790907743793,LONGXIAUSDT,Buy,877,0.0560,"{""T"":1790907743793,""s"":""LONGXIAUSDT"",""S"":""Buy"",""v"":""877"",""p"":""0.0560""}"
2026-10-02T02:22:24.328767Z,1790907744107,LONGXIAUSDT,Buy,467,0.0558,"{""T"":1790907744107,""s"":""LONGXIAUSDT"",""S"":""Buy"",""v"":""467"",""p"":""0.0558""}"
2026-10-02T02:22:24.328767Z,1790907744158,LONGXIAUSDT,Buy,74,0.0551,"{""T"":1790907744158,""s"":""LONGXIAUSDT"",""S"":""Buy"",""v"":""74"",""p"":""0.0551""}"
2026-10-02T02:22:25.829170Z,1790907745477,LONGXIAUSDT,Buy,8896,0.0549,"{""T"":1790907745477,""s"":""LONGXIAUSDT"",""S"":""Buy"",""v"":""8896"",""p"":""0.0549""}"
2026-10-02T02:22:31.813628Z,1790907751306,PUMPFUNUSDT,Buy,12800,0.0056010,"{""T"":1790907751306,""s"":""PUMPFUNUSDT"",""S"":""Buy"",""v"":""12800"",""p"":""0.0056010""}"
2026-10-02T02:22:39.313218Z,1790907759202,ASTERUSDT,Buy,3697,0.7313,"{""T"":1790907759202,""s"":""ASTERUSDT"",""S"":""Buy"",""v"":""3697"",""p"":""0.7313""}"
2026-10-02T02:22:39.337282Z,1790907759202,XRPUSDT,Buy,851.9,1.4895,"{""T"":1790907759202,""s"":""XRPUSDT"",""S"":""Buy"",""v"":""851.9"",""p"":""1.4895""}"
2026-10-02T02:22:39.456095Z,1790907759202,QNTUSDT,Buy,7.51,254.62,"{""T"":1790907759202,""s"":""QNTUSDT"",""S"":""Buy"",""v"":""7.51"",""p"":""254.62""}"
2026-10-02T02:22:46.914023Z,1790907766572,ZECUSDT,Buy,6.41,1320.59,"{""T"":1790907766572,""s"":""ZECUSDT"",""S"":""Buy"",""v"":""6.41"",""p"":""1320.59""}"
2026-10-02T02:22:48.813214Z,1790907768448,MEGAUSDT,Buy,917,0.05181,"{""T"":1790907768448,""s"":""MEGAUSDT"",""S"":""Buy"",""v"":""917"",""p"":""0.05181""}"
2026-10-02T02:22:53.313392Z,1790907772957,MEGAUSDT,Buy,1537,0.05176,"{""T"":1790907772957,""s"":""MEGAUSDT"",""S"":""Buy"",""v"":""1537"",""p"":""0.05176""}"
2026-10-02T02:23:02.908282Z,1790907782752,CAPUSDT,Sell,130,0.07926,"{""T"":1790907782752,""s"":""CAPUSDT"",""S"":""Sell"",""v"":""130"",""p"":""0.07926""}"
2026-10-02T02:23:18.831071Z,1790907798648,LONGXIAUSDT,Buy,4957,0.0546,"{""T"":1790907798648,""s"":""LONGXIAUSDT"",""S"":""Buy"",""v"":""4957"",""p"":""0.0546""}"
2026-10-02T02:23:19.328937Z,1790907799078,LONGXIAUSDT,Buy,4585,0.0544,"{""T"":1790907799078,""s"":""LONGXIAUSDT"",""S"":""Buy"",""v"":""4585"",""p"":""0.0544""}"
2026-10-02T02:23:20.828766Z,1790907800618,LONGXIAUSDT,Buy,136,0.0543,"{""T"":1790907800618,""s"":""LONGXIAUSDT"",""S"":""Buy"",""v"":""136"",""p"":""0.0543""}"
2026-10-02T02:24:30.456222Z,1790907870329,QNTUSDT,Buy,0.03,253.14,"{""T"":1790907870329,""s"":""QNTUSDT"",""S"":""Buy"",""v"":""0.03"",""p"":""253.14""}"
2026-10-02T02:24:42.411390Z,1790907882119,CAPUSDT,Sell,220,0.08062,"{""T"":1790907882119,""s"":""CAPUSDT"",""S"":""Sell"",""v"":""220"",""p"":""0.08062""}"
2026-10-02T02:25:06.987143Z,1790907906523,USUSDT,Sell,8660,0.037390,"{""T"":1790907906523,""s"":""USUSDT"",""S"":""Sell"",""v"":""8660"",""p"":""0.037390""}"
2026-10-02T02:26:26.000943Z,1790907985899,CTUSDT,Sell,33,0.5026,"{""T"":1790907985899,""s"":""CTUSDT"",""S"":""Sell"",""v"":""33"",""p"":""0.5026""}"
2026-10-02T02:29:36.828767Z,1790908176296,LONGXIAUSDT,Sell,3953,0.0619,"{""T"":1790908176296,""s"":""LONGXIAUSDT"",""S"":""Sell"",""v"":""3953"",""p"":""0.0619""}"
2026-10-02T02:33:35.487485Z,1790908414991,USUSDT,Sell,2050,0.037620,"{""T"":1790908414991,""s"":""USUSDT"",""S"":""Sell"",""v"":""2050"",""p"":""0.037620""}"
2026-10-02T02:33:35.635577Z,1790908415366,MOVRUSDT,Buy,581.8,2.7050,"{""T"":1790908415366,""s"":""MOVRUSDT"",""S"":""Buy"",""v"":""581.8"",""p"":""2.7050""}"
2026-10-02T02:33:36.136094Z,1790908415614,MOVRUSDT,Buy,1133.7,2.7170,"{""T"":1790908415614,""s"":""MOVRUSDT"",""S"":""Buy"",""v"":""1133.7"",""p"":""2.7170""}"
2026-10-02T02:33:36.136094Z,1790908415701,MOVRUSDT,Buy,10.7,2.6990,"{""T"":1790908415701,""s"":""MOVRUSDT"",""S"":""Buy"",""v"":""10.7"",""p"":""2.6990""}"
2026-10-02T02:33:36.136094Z,1790908415711,MOVRUSDT,Buy,14.2,2.7010,"{""T"":1790908415711,""s"":""MOVRUSDT"",""S"":""Buy"",""v"":""14.2"",""p"":""2.7010""}"
2026-10-02T02:33:36.136094Z,1790908415748,MOVRUSDT,Buy,2.2,2.6930,"{""T"":1790908415748,""s"":""MOVRUSDT"",""S"":""Buy"",""v"":""2.2"",""p"":""2.6930""}"
2026-10-02T02:33:36.136094Z,1790908415951,MOVRUSDT,Buy,77.5,2.7110,"{""T"":1790908415951,""s"":""MOVRUSDT"",""S"":""Buy"",""v"":""77.5"",""p"":""2.7110""}"
2026-10-02T02:33:36.136094Z,1790908415978,MOVRUSDT,Buy,85.2,2.6920,"{""T"":1790908415978,""s"":""MOVRUSDT"",""S"":""Buy"",""v"":""85.2"",""p"":""2.6920""}"
2026-10-02T02:33:37.635507Z,1790908417393,MOVRUSDT,Buy,19.6,2.6840,"{""T"":1790908417393,""s"":""MOVRUSDT"",""S"":""Buy"",""v"":""19.6"",""p"":""2.6840""}"
2026-10-02T02:33:37.635507Z,1790908417415,MOVRUSDT,Buy,4.9,2.6900,"{""T"":1790908417415,""s"":""MOVRUSDT"",""S"":""Buy"",""v"":""4.9"",""p"":""2.6900""}"
2026-10-02T02:33:37.635507Z,1790908417430,MOVRUSDT,Buy,7.2,2.6840,"{""T"":1790908417430,""s"":""MOVRUSDT"",""S"":""Buy"",""v"":""7.2"",""p"":""2.6840""}"
2026-10-02T02:33:38.135465Z,1790908417885,MOVRUSDT,Buy,8.5,2.6850,"{""T"":1790908417885,""s"":""MOVRUSDT"",""S"":""Buy"",""v"":""8.5"",""p"":""2.6850""}"
2026-10-02T02:33:38.135465Z,1790908417900,MOVRUSDT,Buy,2.8,2.6860,"{""T"":1790908417900,""s"":""MOVRUSDT"",""S"":""Buy"",""v"":""2.8"",""p"":""2.6860""}"
2026-10-02T02:33:38.135465Z,1790908418025,MOVRUSDT,Buy,15.1,2.6820,"{""T"":1790908418025,""s"":""MOVRUSDT"",""S"":""Buy"",""v"":""15.1"",""p"":""2.6820""}"
2026-10-02T02:33:38.635255Z,1790908418094,MOVRUSDT,Buy,1823.8,2.6840,"{""T"":1790908418094,""s"":""MOVRUSDT"",""S"":""Buy"",""v"":""1823.8"",""p"":""2.6840""}"
2026-10-02T02:33:43.986889Z,1790908423498,USUSDT,Sell,70,0.038230,"{""T"":1790908423498,""s"":""USUSDT"",""S"":""Sell"",""v"":""70"",""p"":""0.038230""}"
2026-10-02T02:33:47.635525Z,1790908427225,MOVRUSDT,Buy,43.1,2.6800,"{""T"":1790908427225,""s"":""MOVRUSDT"",""S"":""Buy"",""v"":""43.1"",""p"":""2.6800""}"
2026-10-02T02:33:48.135664Z,1790908427779,MOVRUSDT,Buy,163.1,2.6800,"{""T"":1790908427779,""s"":""MOVRUSDT"",""S"":""Buy"",""v"":""163.1"",""p"":""2.6800""}"
2026-10-02T02:34:04.328944Z,1790908444090,LONGXIAUSDT,Sell,191,0.0623,"{""T"":1790908444090,""s"":""LONGXIAUSDT"",""S"":""Sell"",""v"":""191"",""p"":""0.0623""}"
2026-10-02T02:34:34.329667Z,1790908473765,LONGXIAUSDT,Sell,1000,0.0628,"{""T"":1790908473765,""s"":""LONGXIAUSDT"",""S"":""Sell"",""v"":""1000"",""p"":""0.0628""}"
2026-10-02T02:34:41.329051Z,1790908481138,LONGXIAUSDT,Sell,1267,0.0635,"{""T"":1790908481138,""s"":""LONGXIAUSDT"",""S"":""Sell"",""v"":""1267"",""p"":""0.0635""}"
2026-10-02T02:34:42.329487Z,1790908482072,LONGXIAUSDT,Sell,1508,0.0631,"{""T"":1790908482072,""s"":""LONGXIAUSDT"",""S"":""Sell"",""v"":""1508"",""p"":""0.0631""}"
2026-10-02T02:34:47.828971Z,1790908487363,LONGXIAUSDT,Sell,98,0.0641,"{""T"":1790908487363,""s"":""LONGXIAUSDT"",""S"":""Sell"",""v"":""98"",""p"":""0.0641""}"
2026-10-02T02:36:16.956605Z,1790908576472,QNTUSDT,Buy,1.46,248.71,"{""T"":1790908576472,""s"":""QNTUSDT"",""S"":""Buy"",""v"":""1.46"",""p"":""248.71""}"
2026-10-02T02:37:32.996890Z,1790908652447,TMXUSDT,Buy,1264,0.01261,"{""T"":1790908652447,""s"":""TMXUSDT"",""S"":""Buy"",""v"":""1264"",""p"":""0.01261""}"
2026-10-02T02:37:33.496712Z,1790908653229,TMXUSDT,Buy,8101,0.01248,"{""T"":1790908653229,""s"":""TMXUSDT"",""S"":""Buy"",""v"":""8101"",""p"":""0.01248""}"
2026-10-02T02:39:50.487976Z,1790908790255,USUSDT,Buy,23130,0.035010,"{""T"":1790908790255,""s"":""USUSDT"",""S"":""Buy"",""v"":""23130"",""p"":""0.035010""}"
2026-10-02T02:40:08.987323Z,1790908808621,USUSDT,Sell,3680,0.038230,"{""T"":1790908808621,""s"":""USUSDT"",""S"":""Sell"",""v"":""3680"",""p"":""0.038230""}"
2026-10-02T02:40:09.486874Z,1790908809249,USUSDT,Sell,10,0.038240,"{""T"":1790908809249,""s"":""USUSDT"",""S"":""Sell"",""v"":""10"",""p"":""0.038240""}"
2026-10-02T02:40:15.987269Z,1790908815691,USUSDT,Sell,17000,0.038400,"{""T"":1790908815691,""s"":""USUSDT"",""S"":""Sell"",""v"":""17000"",""p"":""0.038400""}"
2026-10-02T02:40:26.487486Z,1790908825934,USUSDT,Sell,17350,0.038480,"{""T"":1790908825934,""s"":""USUSDT"",""S"":""Sell"",""v"":""17350"",""p"":""0.038480""}"
2026-10-02T02:40:30.987418Z,1790908830455,USUSDT,Sell,32390,0.038600,"{""T"":1790908830455,""s"":""USUSDT"",""S"":""Sell"",""v"":""32390"",""p"":""0.038600""}"
2026-10-02T02:41:22.816824Z,1790908882378,PUMPFUNUSDT,Sell,405500,0.0057220,"{""T"":1790908882378,""s"":""PUMPFUNUSDT"",""S"":""Sell"",""v"":""405500"",""p"":""0.0057220""}"
2026-10-02T02:41:51.332369Z,1790908910837,LONGXIAUSDT,Buy,7036,0.0533,"{""T"":1790908910837,""s"":""LONGXIAUSDT"",""S"":""Buy"",""v"":""7036"",""p"":""0.0533""}"
2026-10-02T02:41:51.332369Z,1790908910846,LONGXIAUSDT,Buy,1284,0.0529,"{""T"":1790908910846,""s"":""LONGXIAUSDT"",""S"":""Buy"",""v"":""1284"",""p"":""0.0529""}"
2026-10-02T02:41:52.829876Z,1790908912616,LONGXIAUSDT,Buy,37744,0.0517,"{""T"":1790908912616,""s"":""LONGXIAUSDT"",""S"":""Buy"",""v"":""37744"",""p"":""0.0517""}"
2026-10-02T02:41:52.914598Z,1790908912616,ZECUSDT,Buy,1.41,1324.36,"{""T"":1790908912616,""s"":""ZECUSDT"",""S"":""Buy"",""v"":""1.41"",""p"":""1324.36""}"
2026-10-02T02:41:52.986708Z,1790908912616,BTWUSDT,Buy,1410,1.35027,"{""T"":1790908912616,""s"":""BTWUSDT"",""S"":""Buy"",""v"":""1410"",""p"":""1.35027""}"
2026-10-02T02:41:53.828938Z,1790908913465,LONGXIAUSDT,Buy,1475,0.0513,"{""T"":1790908913465,""s"":""LONGXIAUSDT"",""S"":""Buy"",""v"":""1475"",""p"":""0.0513""}"
2026-10-02T02:41:53.828938Z,1790908913498,LONGXIAUSDT,Buy,546,0.0516,"{""T"":1790908913498,""s"":""LONGXIAUSDT"",""S"":""Buy"",""v"":""546"",""p"":""0.0516""}"
2026-10-02T02:41:53.996940Z,1790908913465,TMXUSDT,Buy,9579,0.01266,"{""T"":1790908913465,""s"":""TMXUSDT"",""S"":""Buy"",""v"":""9579"",""p"":""0.01266""}"
2026-10-02T02:42:03.828981Z,1790908923575,LONGXIAUSDT,Buy,1000,0.0517,"{""T"":1790908923575,""s"":""LONGXIAUSDT"",""S"":""Buy"",""v"":""1000"",""p"":""0.0517""}"
2026-10-02T02:42:03.848848Z,1790908923575,USELESSUSDT,Buy,100,0.23142,"{""T"":1790908923575,""s"":""USELESSUSDT"",""S"":""Buy"",""v"":""100"",""p"":""0.23142""}"
2026-10-02T02:42:03.860235Z,1790908923575,WLDUSDT,Buy,500.0,0.5072,"{""T"":1790908923575,""s"":""WLDUSDT"",""S"":""Buy"",""v"":""500.0"",""p"":""0.5072""}"
2026-10-02T02:42:03.908503Z,1790908923575,ALICEUSDT,Buy,1000.0,0.19066,"{""T"":1790908923575,""s"":""ALICEUSDT"",""S"":""Buy"",""v"":""1000.0"",""p"":""0.19066""}"
2026-10-02T02:42:35.986879Z,1790908955423,ZROUSDT,Buy,5203.1,1.7961,"{""T"":1790908955423,""s"":""ZROUSDT"",""S"":""Buy"",""v"":""5203.1"",""p"":""1.7961""}"
2026-10-02T02:43:07.456727Z,1790908987207,QNTUSDT,Buy,1.41,247.58,"{""T"":1790908987207,""s"":""QNTUSDT"",""S"":""Buy"",""v"":""1.41"",""p"":""247.58""}"
2026-10-02T02:44:10.992276Z,1790909050890,USUSDT,Buy,770,0.035730,"{""T"":1790909050890,""s"":""USUSDT"",""S"":""Buy"",""v"":""770"",""p"":""0.035730""}"
2026-10-02T02:44:19.828786Z,1790909059513,LONGXIAUSDT,Sell,658,0.0591,"{""T"":1790909059513,""s"":""LONGXIAUSDT"",""S"":""Sell"",""v"":""658"",""p"":""0.0591""}"
2026-10-02T02:44:58.313242Z,1790909097812,PUMPFUNUSDT,Sell,11000,0.0057240,"{""T"":1790909097812,""s"":""PUMPFUNUSDT"",""S"":""Sell"",""v"":""11000"",""p"":""0.0057240""}"
2026-10-02T02:46:06.330388Z,1790909166077,LONGXIAUSDT,Sell,2616,0.0600,"{""T"":1790909166077,""s"":""LONGXIAUSDT"",""S"":""Sell"",""v"":""2616"",""p"":""0.0600""}"
2026-10-02T02:46:21.635992Z,1790909181317,MOVRUSDT,Sell,27.4,2.9730,"{""T"":1790909181317,""s"":""MOVRUSDT"",""S"":""Sell"",""v"":""27.4"",""p"":""2.9730""}"
2026-10-02T02:46:25.135156Z,1790909184899,MOVRUSDT,Sell,2.8,2.9850,"{""T"":1790909184899,""s"":""MOVRUSDT"",""S"":""Sell"",""v"":""2.8"",""p"":""2.9850""}"
2026-10-02T02:46:25.635518Z,1790909185461,MOVRUSDT,Sell,553.6,3.0030,"{""T"":1790909185461,""s"":""MOVRUSDT"",""S"":""Sell"",""v"":""553.6"",""p"":""3.0030""}"
2026-10-02T02:46:26.135194Z,1790909185786,MOVRUSDT,Sell,2.7,3.0020,"{""T"":1790909185786,""s"":""MOVRUSDT"",""S"":""Sell"",""v"":""2.7"",""p"":""3.0020""}"
2026-10-02T02:46:26.135194Z,1790909185916,MOVRUSDT,Sell,1347.5,2.9970,"{""T"":1790909185916,""s"":""MOVRUSDT"",""S"":""Sell"",""v"":""1347.5"",""p"":""2.9970""}"
2026-10-02T02:46:26.135194Z,1790909185964,MOVRUSDT,Sell,5.0,2.9980,"{""T"":1790909185964,""s"":""MOVRUSDT"",""S"":""Sell"",""v"":""5.0"",""p"":""2.9980""}"
2026-10-02T02:46:30.313309Z,1790909190207,PUMPFUNUSDT,Sell,320700,0.0057290,"{""T"":1790909190207,""s"":""PUMPFUNUSDT"",""S"":""Sell"",""v"":""320700"",""p"":""0.0057290""}"
2026-10-02T02:46:30.635303Z,1790909190207,MOVRUSDT,Sell,187.4,3.0150,"{""T"":1790909190207,""s"":""MOVRUSDT"",""S"":""Sell"",""v"":""187.4"",""p"":""3.0150""}"
2026-10-02T02:46:53.487077Z,1790909213286,USUSDT,Buy,32050,0.035350,"{""T"":1790909213286,""s"":""USUSDT"",""S"":""Buy"",""v"":""32050"",""p"":""0.035350""}"
2026-10-02T02:46:53.987005Z,1790909213462,USUSDT,Buy,6900,0.035310,"{""T"":1790909213462,""s"":""USUSDT"",""S"":""Buy"",""v"":""6900"",""p"":""0.035310""}"
2026-10-02T02:46:55.487250Z,1790909215142,USUSDT,Buy,9090,0.035070,"{""T"":1790909215142,""s"":""USUSDT"",""S"":""Buy"",""v"":""9090"",""p"":""0.035070""}"
2026-10-02T02:47:26.487043Z,1790909246167,USUSDT,Buy,16100,0.034680,"{""T"":1790909246167,""s"":""USUSDT"",""S"":""Buy"",""v"":""16100"",""p"":""0.034680""}"
2026-10-02T02:47:41.459874Z,1790909261149,QNTUSDT,Buy,0.03,246.92,"{""T"":1790909261149,""s"":""QNTUSDT"",""S"":""Buy"",""v"":""0.03"",""p"":""246.92""}"
2026-10-02T02:48:55.635756Z,1790909335453,MOVRUSDT,Buy,21.2,2.7850,"{""T"":1790909335453,""s"":""MOVRUSDT"",""S"":""Buy"",""v"":""21.2"",""p"":""2.7850""}"
2026-10-02T02:49:39.325826Z,1790909379150,FARTCOINUSDT,Sell,432,0.18095,"{""T"":1790909379150,""s"":""FARTCOINUSDT"",""S"":""Sell"",""v"":""432"",""p"":""0.18095""}"
2026-10-02T02:49:43.812915Z,1790909383240,PUMPFUNUSDT,Sell,115400,0.0057430,"{""T"":1790909383240,""s"":""PUMPFUNUSDT"",""S"":""Sell"",""v"":""115400"",""p"":""0.0057430""}"
2026-10-02T02:49:56.565975Z,1790909395998,BTCUSDT,Sell,0.324,85379.90,"{""T"":1790909395998,""s"":""BTCUSDT"",""S"":""Sell"",""v"":""0.324"",""p"":""85379.90""}"
2026-10-02T02:49:56.565975Z,1790909396200,BTCUSDT,Sell,0.004,85393.20,"{""T"":1790909396200,""s"":""BTCUSDT"",""S"":""Sell"",""v"":""0.004"",""p"":""85393.20""}"
2026-10-02T02:49:56.565975Z,1790909396458,BTCUSDT,Sell,0.001,85371.10,"{""T"":1790909396458,""s"":""BTCUSDT"",""S"":""Sell"",""v"":""0.001"",""p"":""85371.10""}"
2026-10-02T02:49:57.065717Z,1790909396777,BTCUSDT,Sell,0.001,85390.30,"{""T"":1790909396777,""s"":""BTCUSDT"",""S"":""Sell"",""v"":""0.001"",""p"":""85390.30""}"
2026-10-02T02:49:57.065717Z,1790909396781,BTCUSDT,Sell,0.030,85398.50,"{""T"":1790909396781,""s"":""BTCUSDT"",""S"":""Sell"",""v"":""0.030"",""p"":""85398.50""}"
2026-10-02T02:50:11.488509Z,1790909411288,USUSDT,Sell,220,0.037340,"{""T"":1790909411288,""s"":""USUSDT"",""S"":""Sell"",""v"":""220"",""p"":""0.037340""}"
2026-10-02T02:50:14.987152Z,1790909414629,USUSDT,Sell,2840,0.037590,"{""T"":1790909414629,""s"":""USUSDT"",""S"":""Sell"",""v"":""2840"",""p"":""0.037590""}"
2026-10-02T02:50:33.490764Z,1790909432999,USUSDT,Sell,24670,0.038130,"{""T"":1790909432999,""s"":""USUSDT"",""S"":""Sell"",""v"":""24670"",""p"":""0.038130""}"
2026-10-02T02:50:37.956403Z,1790909437600,ETHUSDT,Sell,10.23,2730.95,"{""T"":1790909437600,""s"":""ETHUSDT"",""S"":""Sell"",""v"":""10.23"",""p"":""2730.95""}"
2026-10-02T02:50:37.956403Z,1790909437620,ETHUSDT,Sell,0.17,2731.04,"{""T"":1790909437620,""s"":""ETHUSDT"",""S"":""Sell"",""v"":""0.17"",""p"":""2731.04""}"
2026-10-02T02:50:38.063300Z,1790909437600,SOLUSDT,Sell,99.9,120.750,"{""T"":1790909437600,""s"":""SOLUSDT"",""S"":""Sell"",""v"":""99.9"",""p"":""120.750""}"
2026-10-02T02:50:38.066046Z,1790909437884,BTCUSDT,Sell,0.007,85404.20,"{""T"":1790909437884,""s"":""BTCUSDT"",""S"":""Sell"",""v"":""0.007"",""p"":""85404.20""}"
2026-10-02T02:50:38.066046Z,1790909437891,BTCUSDT,Sell,0.179,85410.20,"{""T"":1790909437891,""s"":""BTCUSDT"",""S"":""Sell"",""v"":""0.179"",""p"":""85410.20""}"
2026-10-02T02:50:38.456197Z,1790909437871,ETHUSDT,Sell,0.08,2730.63,"{""T"":1790909437871,""s"":""ETHUSDT"",""S"":""Sell"",""v"":""0.08"",""p"":""2730.63""}"
2026-10-02T02:50:38.456197Z,1790909437884,ETHUSDT,Sell,0.14,2730.56,"{""T"":1790909437884,""s"":""ETHUSDT"",""S"":""Sell"",""v"":""0.14"",""p"":""2730.56""}"
2026-10-02T02:50:38.456197Z,1790909438020,ETHUSDT,Sell,0.06,2731.08,"{""T"":1790909438020,""s"":""ETHUSDT"",""S"":""Sell"",""v"":""0.06"",""p"":""2731.08""}"
2026-10-02T02:50:39.062740Z,1790909438733,SOLUSDT,Sell,10.1,120.800,"{""T"":1790909438733,""s"":""SOLUSDT"",""S"":""Sell"",""v"":""10.1"",""p"":""120.800""}"
2026-10-02T02:50:39.065561Z,1790909438721,BTCUSDT,Sell,0.003,85420.80,"{""T"":1790909438721,""s"":""BTCUSDT"",""S"":""Sell"",""v"":""0.003"",""p"":""85420.80""}"
2026-10-02T02:50:42.828826Z,1790909442409,LONGXIAUSDT,Sell,15904,0.0612,"{""T"":1790909442409,""s"":""LONGXIAUSDT"",""S"":""Sell"",""v"":""15904"",""p"":""0.0612""}"
2026-10-02T02:50:43.828723Z,1790909443696,LONGXIAUSDT,Sell,95,0.0613,"{""T"":1790909443696,""s"":""LONGXIAUSDT"",""S"":""Sell"",""v"":""95"",""p"":""0.0613""}"
2026-10-02T02:52:01.991193Z,1790909521790,USUSDT,Sell,26190,0.038230,"{""T"":1790909521790,""s"":""USUSDT"",""S"":""Sell"",""v"":""26190"",""p"":""0.038230""}"
2026-10-02T02:52:28.829323Z,1790909548489,LONGXIAUSDT,Buy,102,0.0525,"{""T"":1790909548489,""s"":""LONGXIAUSDT"",""S"":""Buy"",""v"":""102"",""p"":""0.0525""}"
2026-10-02T02:53:15.831477Z,1790909595411,LONGXIAUSDT,Buy,159,0.0510,"{""T"":1790909595411,""s"":""LONGXIAUSDT"",""S"":""Buy"",""v"":""159"",""p"":""0.0510""}"
2026-10-02T02:53:16.328771Z,1790909595851,LONGXIAUSDT,Buy,318,0.0505,"{""T"":1790909595851,""s"":""LONGXIAUSDT"",""S"":""Buy"",""v"":""318"",""p"":""0.0505""}"
2026-10-02T02:53:16.328771Z,1790909595853,LONGXIAUSDT,Buy,4290,0.0500,"{""T"":1790909595853,""s"":""LONGXIAUSDT"",""S"":""Buy"",""v"":""4290"",""p"":""0.0500""}"
2026-10-02T02:53:16.328771Z,1790909595932,LONGXIAUSDT,Buy,2391,0.0502,"{""T"":1790909595932,""s"":""LONGXIAUSDT"",""S"":""Buy"",""v"":""2391"",""p"":""0.0502""}"
2026-10-02T02:53:16.486837Z,1790909595932,BTWUSDT,Sell,210,1.49088,"{""T"":1790909595932,""s"":""BTWUSDT"",""S"":""Sell"",""v"":""210"",""p"":""1.49088""}"
2026-10-02T02:54:07.329055Z,1790909647177,LONGXIAUSDT,Sell,1305,0.0580,"{""T"":1790909647177,""s"":""LONGXIAUSDT"",""S"":""Sell"",""v"":""1305"",""p"":""0.0580""}"
2026-10-02T02:54:08.328862Z,1790909647845,LONGXIAUSDT,Sell,999,0.0580,"{""T"":1790909647845,""s"":""LONGXIAUSDT"",""S"":""Sell"",""v"":""999"",""p"":""0.0580""}"
2026-10-02T02:55:20.831582Z,1790909720663,LONGXIAUSDT,Sell,110,0.0596,"{""T"":1790909720663,""s"":""LONGXIAUSDT"",""S"":""Sell"",""v"":""110"",""p"":""0.0596""}"
2026-10-02T02:55:36.496926Z,1790909736292,TMXUSDT,Sell,1088,0.01400,"{""T"":1790909736292,""s"":""TMXUSDT"",""S"":""Sell"",""v"":""1088"",""p"":""0.01400""}"
2026-10-02T02:55:41.496937Z,1790909741042,TMXUSDT,Sell,1074,0.01408,"{""T"":1790909741042,""s"":""TMXUSDT"",""S"":""Sell"",""v"":""1074"",""p"":""0.01408""}"
2026-10-02T02:56:04.066188Z,1790909763760,BTCUSDT,Sell,0.003,85428.10,"{""T"":1790909763760,""s"":""BTCUSDT"",""S"":""Sell"",""v"":""0.003"",""p"":""85428.10""}"
2026-10-02T02:56:54.456605Z,1790909814140,QNTUSDT,Sell,2.33,253.67,"{""T"":1790909814140,""s"":""QNTUSDT"",""S"":""Sell"",""v"":""2.33"",""p"":""253.67""}"
2026-10-02T02:57:02.338713Z,1790909821888,XRPUSDT,Sell,6.2,1.5103,"{""T"":1790909821888,""s"":""XRPUSDT"",""S"":""Sell"",""v"":""6.2"",""p"":""1.5103""}"
2026-10-02T02:57:03.956484Z,1790909823575,QNTUSDT,Sell,0.06,254.70,"{""T"":1790909823575,""s"":""QNTUSDT"",""S"":""Sell"",""v"":""0.06"",""p"":""254.70""}"
2026-10-02T02:57:07.338865Z,1790909826757,XRPUSDT,Sell,8.3,1.5105,"{""T"":1790909826757,""s"":""XRPUSDT"",""S"":""Sell"",""v"":""8.3"",""p"":""1.5105""}"
2026-10-02T02:57:28.497563Z,1790909848214,TMXUSDT,Sell,123129,0.01428,"{""T"":1790909848214,""s"":""TMXUSDT"",""S"":""Sell"",""v"":""123129"",""p"":""0.01428""}"
2026-10-02T02:57:29.997468Z,1790909849780,TMXUSDT,Sell,808,0.01432,"{""T"":1790909849780,""s"":""TMXUSDT"",""S"":""Sell"",""v"":""808"",""p"":""0.01432""}"
2026-10-02T02:58:07.314317Z,1790909887173,HYPEUSDT,Sell,0.46,89.190,"{""T"":1790909887173,""s"":""HYPEUSDT"",""S"":""Sell"",""v"":""0.46"",""p"":""89.190""}"
2026-10-02T02:58:12.567529Z,1790909892183,BTCUSDT,Sell,0.020,85448.20,"{""T"":1790909892183,""s"":""BTCUSDT"",""S"":""Sell"",""v"":""0.020"",""p"":""85448.20""}"
2026-10-02T02:58:12.567529Z,1790909892290,BTCUSDT,Sell,0.115,85443.50,"{""T"":1790909892290,""s"":""BTCUSDT"",""S"":""Sell"",""v"":""0.115"",""p"":""85443.50""}"
2026-10-02T02:58:13.066570Z,1790909892594,BTCUSDT,Sell,0.138,85450.90,"{""T"":1790909892594,""s"":""BTCUSDT"",""S"":""Sell"",""v"":""0.138"",""p"":""85450.90""}"
2026-10-02T02:58:50.330194Z,1790909929924,LONGXIAUSDT,Buy,3090,0.0511,"{""T"":1790909929924,""s"":""LONGXIAUSDT"",""S"":""Buy"",""v"":""3090"",""p"":""0.0511""}"
2026-10-02T02:59:17.988729Z,1790909957890,USUSDT,Buy,7970,0.035570,"{""T"":1790909957890,""s"":""USUSDT"",""S"":""Buy"",""v"":""7970"",""p"":""0.035570""}"
2026-10-02T02:59:18.329911Z,1790909957890,LONGXIAUSDT,Buy,8098,0.0505,"{""T"":1790909957890,""s"":""LONGXIAUSDT"",""S"":""Buy"",""v"":""8098"",""p"":""0.0505""}"
2026-10-02T02:59:21.330514Z,1790909960878,LONGXIAUSDT,Buy,2585,0.0505,"{""T"":1790909960878,""s"":""LONGXIAUSDT"",""S"":""Buy"",""v"":""2585"",""p"":""0.0505""}"
2026-10-02T02:59:47.502106Z,1790909987190,TMXUSDT,Buy,21658,0.01335,"{""T"":1790909987190,""s"":""TMXUSDT"",""S"":""Buy"",""v"":""21658"",""p"":""0.01335""}"
2026-10-02T02:59:52.329335Z,1790909991914,LONGXIAUSDT,Buy,5655,0.0501,"{""T"":1790909991914,""s"":""LONGXIAUSDT"",""S"":""Buy"",""v"":""5655"",""p"":""0.0501""}"
2026-10-02T03:00:26.956754Z,1790910026818,QNTUSDT,Buy,1.15,248.14,"{""T"":1790910026818,""s"":""QNTUSDT"",""S"":""Buy"",""v"":""1.15"",""p"":""248.14""}"
2026-10-02T03:00:55.833311Z,1790910055399,LONGXIAUSDT,Buy,153092,0.0499,"{""T"":1790910055399,""s"":""LONGXIAUSDT"",""S"":""Buy"",""v"":""153092"",""p"":""0.0499""}"
2026-10-02T03:00:55.833311Z,1790910055418,LONGXIAUSDT,Buy,5609,0.0499,"{""T"":1790910055418,""s"":""LONGXIAUSDT"",""S"":""Buy"",""v"":""5609"",""p"":""0.0499""}"
2026-10-02T03:00:55.833311Z,1790910055537,LONGXIAUSDT,Buy,1078,0.0499,"{""T"":1790910055537,""s"":""LONGXIAUSDT"",""S"":""Buy"",""v"":""1078"",""p"":""0.0499""}"
2026-10-02T03:01:01.066669Z,1790910060686,BTCUSDT,Sell,0.009,85464.90,"{""T"":1790910060686,""s"":""BTCUSDT"",""S"":""Sell"",""v"":""0.009"",""p"":""85464.90""}"
2026-10-02T03:01:01.066669Z,1790910060979,BTCUSDT,Sell,0.316,85463.80,"{""T"":1790910060979,""s"":""BTCUSDT"",""S"":""Sell"",""v"":""0.316"",""p"":""85463.80""}"
2026-10-02T03:01:09.498092Z,1790910069383,PENGUUSDT,Sell,62910,0.009644,"{""T"":1790910069383,""s"":""PENGUUSDT"",""S"":""Sell"",""v"":""62910"",""p"":""0.009644""}"
2026-10-02T03:01:09.566848Z,1790910069158,BTCUSDT,Sell,0.001,85495.40,"{""T"":1790910069158,""s"":""BTCUSDT"",""S"":""Sell"",""v"":""0.001"",""p"":""85495.40""}"
2026-10-02T03:01:10.066567Z,1790910069545,BTCUSDT,Sell,0.003,85496.60,"{""T"":1790910069545,""s"":""BTCUSDT"",""S"":""Sell"",""v"":""0.003"",""p"":""85496.60""}"
2026-10-02T03:01:10.066567Z,1790910069613,BTCUSDT,Sell,0.010,85488.50,"{""T"":1790910069613,""s"":""BTCUSDT"",""S"":""Sell"",""v"":""0.010"",""p"":""85488.50""}"
2026-10-02T03:01:10.313720Z,1790910070138,HYPEUSDT,Sell,0.58,89.270,"{""T"":1790910070138,""s"":""HYPEUSDT"",""S"":""Sell"",""v"":""0.58"",""p"":""89.270""}"
2026-10-02T03:01:11.829724Z,1790910071454,LONGXIAUSDT,Buy,2685,0.0492,"{""T"":1790910071454,""s"":""LONGXIAUSDT"",""S"":""Buy"",""v"":""2685"",""p"":""0.0492""}"
2026-10-02T03:01:13.339086Z,1790910073195,XRPUSDT,Sell,69.9,1.5107,"{""T"":1790910073195,""s"":""XRPUSDT"",""S"":""Sell"",""v"":""69.9"",""p"":""1.5107""}"
2026-10-02T03:01:19.066676Z,1790910078818,BTCUSDT,Sell,0.519,85502.40,"{""T"":1790910078818,""s"":""BTCUSDT"",""S"":""Sell"",""v"":""0.519"",""p"":""85502.40""}"
2026-10-02T03:01:20.066743Z,1790910079964,BTCUSDT,Sell,0.118,85531.80,"{""T"":1790910079964,""s"":""BTCUSDT"",""S"":""Sell"",""v"":""0.118"",""p"":""85531.80""}"
2026-10-02T03:01:20.566522Z,1790910080224,BTCUSDT,Sell,0.038,85535.80,"{""T"":1790910080224,""s"":""BTCUSDT"",""S"":""Sell"",""v"":""0.038"",""p"":""85535.80""}"
2026-10-02T03:01:20.838313Z,1790910080607,XRPUSDT,Sell,24970.5,1.5114,"{""T"":1790910080607,""s"":""XRPUSDT"",""S"":""Sell"",""v"":""24970.5"",""p"":""1.5114""}"
2026-10-02T03:01:20.956409Z,1790910080607,ETHUSDT,Sell,47.24,2731.06,"{""T"":1790910080607,""s"":""ETHUSDT"",""S"":""Sell"",""v"":""47.24"",""p"":""2731.06""}"
2026-10-02T03:01:21.066695Z,1790910080776,BTCUSDT,Sell,0.042,85513.10,"{""T"":1790910080776,""s"":""BTCUSDT"",""S"":""Sell"",""v"":""0.042"",""p"":""85513.10""}"
2026-10-02T03:01:21.066695Z,1790910080820,BTCUSDT,Sell,0.002,85590.50,"{""T"":1790910080820,""s"":""BTCUSDT"",""S"":""Sell"",""v"":""0.002"",""p"":""85590.50""}"
2026-10-02T03:01:21.066695Z,1790910080856,BTCUSDT,Sell,0.072,85544.00,"{""T"":1790910080856,""s"":""BTCUSDT"",""S"":""Sell"",""v"":""0.072"",""p"":""85544.00""}"
2026-10-02T03:01:21.066695Z,1790910080867,BTCUSDT,Sell,0.315,85551.00,"{""T"":1790910080867,""s"":""BTCUSDT"",""S"":""Sell"",""v"":""0.315"",""p"":""85551.00""}"
2026-10-02T03:01:21.066695Z,1790910080876,BTCUSDT,Sell,0.003,85558.90,"{""T"":1790910080876,""s"":""BTCUSDT"",""S"":""Sell"",""v"":""0.003"",""p"":""85558.90""}"
2026-10-02T03:01:21.066695Z,1790910080899,BTCUSDT,Sell,0.026,85559.60,"{""T"":1790910080899,""s"":""BTCUSDT"",""S"":""Sell"",""v"":""0.026"",""p"":""85559.60""}"
2026-10-02T03:01:21.566634Z,1790910081062,BTCUSDT,Sell,0.120,85552.90,"{""T"":1790910081062,""s"":""BTCUSDT"",""S"":""Sell"",""v"":""0.120"",""p"":""85552.90""}"
2026-10-02T03:01:21.566634Z,1790910081208,BTCUSDT,Sell,0.001,85583.50,"{""T"":1790910081208,""s"":""BTCUSDT"",""S"":""Sell"",""v"":""0.001"",""p"":""85583.50""}"
2026-10-02T03:01:21.566634Z,1790910081345,BTCUSDT,Sell,0.001,85544.50,"{""T"":1790910081345,""s"":""BTCUSDT"",""S"":""Sell"",""v"":""0.001"",""p"":""85544.50""}"
2026-10-02T03:01:21.566634Z,1790910081372,BTCUSDT,Sell,0.143,85548.20,"{""T"":1790910081372,""s"":""BTCUSDT"",""S"":""Sell"",""v"":""0.143"",""p"":""85548.20""}"
2026-10-02T03:01:21.566634Z,1790910081377,BTCUSDT,Sell,0.017,85553.10,"{""T"":1790910081377,""s"":""BTCUSDT"",""S"":""Sell"",""v"":""0.017"",""p"":""85553.10""}"
2026-10-02T03:01:21.566634Z,1790910081415,BTCUSDT,Sell,0.035,85580.30,"{""T"":1790910081415,""s"":""BTCUSDT"",""S"":""Sell"",""v"":""0.035"",""p"":""85580.30""}"
2026-10-02T03:01:21.566634Z,1790910081428,BTCUSDT,Sell,0.005,85555.80,"{""T"":1790910081428,""s"":""BTCUSDT"",""S"":""Sell"",""v"":""0.005"",""p"":""85555.80""}"
2026-10-02T03:01:21.956297Z,1790910081720,ETHUSDT,Sell,10.00,2730.93,"{""T"":1790910081720,""s"":""ETHUSDT"",""S"":""Sell"",""v"":""10.00"",""p"":""2730.93""}"
2026-10-02T03:01:22.066698Z,1790910081575,BTCUSDT,Sell,0.005,85580.60,"{""T"":1790910081575,""s"":""BTCUSDT"",""S"":""Sell"",""v"":""0.005"",""p"":""85580.60""}"
2026-10-02T03:01:22.066698Z,1790910081588,BTCUSDT,Sell,0.001,85575.60,"{""T"":1790910081588,""s"":""BTCUSDT"",""S"":""Sell"",""v"":""0.001"",""p"":""85575.60""}"
2026-10-02T03:01:22.066698Z,1790910081656,BTCUSDT,Sell,0.001,85574.60,"{""T"":1790910081656,""s"":""BTCUSDT"",""S"":""Sell"",""v"":""0.001"",""p"":""85574.60""}"
2026-10-02T03:01:22.066698Z,1790910081720,BTCUSDT,Sell,0.900,85581.50,"{""T"":1790910081720,""s"":""BTCUSDT"",""S"":""Sell"",""v"":""0.900"",""p"":""85581.50""}"
2026-10-02T03:01:22.066698Z,1790910081729,BTCUSDT,Sell,0.001,85575.10,"{""T"":1790910081729,""s"":""BTCUSDT"",""S"":""Sell"",""v"":""0.001"",""p"":""85575.10""}"
2026-10-02T03:01:22.066698Z,1790910081755,BTCUSDT,Sell,0.129,85576.00,"{""T"":1790910081755,""s"":""BTCUSDT"",""S"":""Sell"",""v"":""0.129"",""p"":""85576.00""}"
2026-10-02T03:01:22.066698Z,1790910081767,BTCUSDT,Sell,0.058,85545.00,"{""T"":1790910081767,""s"":""BTCUSDT"",""S"":""Sell"",""v"":""0.058"",""p"":""85545.00""}"
2026-10-02T03:01:23.492641Z,1790910083165,1000BONKUSDT,Sell,1900,0.0038550,"{""T"":1790910083165,""s"":""1000BONKUSDT"",""S"":""Sell"",""v"":""1900"",""p"":""0.0038550""}"
2026-10-02T03:01:25.492579Z,1790910085218,OPUSDT,Sell,197.1,0.13245,"{""T"":1790910085218,""s"":""OPUSDT"",""S"":""Sell"",""v"":""197.1"",""p"":""0.13245""}"
2026-10-02T03:01:25.516264Z,1790910085339,NEARUSDT,Sell,3.4,5.0190,"{""T"":1790910085339,""s"":""NEARUSDT"",""S"":""Sell"",""v"":""3.4"",""p"":""5.0190""}"
2026-10-02T03:01:25.566215Z,1790910085391,BTCUSDT,Sell,0.025,85604.40,"{""T"":1790910085391,""s"":""BTCUSDT"",""S"":""Sell"",""v"":""0.025"",""p"":""85604.40""}"
2026-10-02T03:01:26.017094Z,1790910085477,NEARUSDT,Sell,8.4,5.0210,"{""T"":1790910085477,""s"":""NEARUSDT"",""S"":""Sell"",""v"":""8.4"",""p"":""5.0210""}"
2026-10-02T03:01:26.017094Z,1790910085861,NEARUSDT,Sell,2.8,5.0150,"{""T"":1790910085861,""s"":""NEARUSDT"",""S"":""Sell"",""v"":""2.8"",""p"":""5.0150""}"
2026-10-02T03:01:26.066687Z,1790910085509,BTCUSDT,Sell,0.122,85598.30,"{""T"":1790910085509,""s"":""BTCUSDT"",""S"":""Sell"",""v"":""0.122"",""p"":""85598.30""}"
2026-10-02T03:01:26.066687Z,1790910085510,BTCUSDT,Sell,0.005,85597.60,"{""T"":1790910085510,""s"":""BTCUSDT"",""S"":""Sell"",""v"":""0.005"",""p"":""85597.60""}"
2026-10-02T03:01:26.066687Z,1790910085601,BTCUSDT,Sell,0.004,85601.70,"{""T"":1790910085601,""s"":""BTCUSDT"",""S"":""Sell"",""v"":""0.004"",""p"":""85601.70""}"
2026-10-02T03:01:26.956533Z,1790910086627,ETHUSDT,Sell,0.01,2731.83,"{""T"":1790910086627,""s"":""ETHUSDT"",""S"":""Sell"",""v"":""0.01"",""p"":""2731.83""}"
2026-10-02T03:01:27.067334Z,1790910086657,BTCUSDT,Sell,0.001,85610.70,"{""T"":1790910086657,""s"":""BTCUSDT"",""S"":""Sell"",""v"":""0.001"",""p"":""85610.70""}"
2026-10-02T03:01:27.067334Z,1790910086940,BTCUSDT,Sell,0.004,85615.60,"{""T"":1790910086940,""s"":""BTCUSDT"",""S"":""Sell"",""v"":""0.004"",""p"":""85615.60""}"
2026-10-02T03:01:27.567081Z,1790910087102,BTCUSDT,Sell,0.215,85615.90,"{""T"":1790910087102,""s"":""BTCUSDT"",""S"":""Sell"",""v"":""0.215"",""p"":""85615.90""}"
2026-10-02T03:01:27.567081Z,1790910087127,BTCUSDT,Sell,0.003,85625.30,"{""T"":1790910087127,""s"":""BTCUSDT"",""S"":""Sell"",""v"":""0.003"",""p"":""85625.30""}"
2026-10-02T03:01:28.067042Z,1790910087834,BTCUSDT,Sell,0.030,85625.00,"{""T"":1790910087834,""s"":""BTCUSDT"",""S"":""Sell"",""v"":""0.030"",""p"":""85625.00""}"
2026-10-02T03:01:28.566597Z,1790910088049,BTCUSDT,Sell,0.049,85627.60,"{""T"":1790910088049,""s"":""BTCUSDT"",""S"":""Sell"",""v"":""0.049"",""p"":""85627.60""}"
2026-10-02T03:01:29.325639Z,1790910088774,FARTCOINUSDT,Sell,562,0.18191,"{""T"":1790910088774,""s"":""FARTCOINUSDT"",""S"":""Sell"",""v"":""562"",""p"":""0.18191""}"
2026-10-02T03:01:30.566689Z,1790910089991,BTCUSDT,Sell,0.003,85631.00,"{""T"":1790910089991,""s"":""BTCUSDT"",""S"":""Sell"",""v"":""0.003"",""p"":""85631.00""}"
2026-10-02T03:01:33.567021Z,1790910093113,BTCUSDT,Sell,0.362,85633.50,"{""T"":1790910093113,""s"":""BTCUSDT"",""S"":""Sell"",""v"":""0.362"",""p"":""85633.50""}"
2026-10-02T03:01:33.567021Z,1790910093207,BTCUSDT,Sell,0.384,85639.10,"{""T"":1790910093207,""s"":""BTCUSDT"",""S"":""Sell"",""v"":""0.384"",""p"":""85639.10""}"
2026-10-02T03:01:33.567021Z,1790910093346,BTCUSDT,Sell,0.086,85636.20,"{""T"":1790910093346,""s"":""BTCUSDT"",""S"":""Sell"",""v"":""0.086"",""p"":""85636.20""}"
2026-10-02T03:01:33.567021Z,1790910093401,BTCUSDT,Sell,0.117,85635.80,"{""T"":1790910093401,""s"":""BTCUSDT"",""S"":""Sell"",""v"":""0.117"",""p"":""85635.80""}"
2026-10-02T03:01:34.066617Z,1790910093484,BTCUSDT,Sell,0.007,85631.50,"{""T"":1790910093484,""s"":""BTCUSDT"",""S"":""Sell"",""v"":""0.007"",""p"":""85631.50""}"
2026-10-02T03:01:34.066617Z,1790910093815,BTCUSDT,Sell,0.006,85642.20,"{""T"":1790910093815,""s"":""BTCUSDT"",""S"":""Sell"",""v"":""0.006"",""p"":""85642.20""}"
2026-10-02T03:01:34.066617Z,1790910093826,BTCUSDT,Sell,0.002,85632.00,"{""T"":1790910093826,""s"":""BTCUSDT"",""S"":""Sell"",""v"":""0.002"",""p"":""85632.00""}"
2026-10-02T03:01:34.566465Z,1790910094197,BTCUSDT,Sell,0.005,85648.00,"{""T"":1790910094197,""s"":""BTCUSDT"",""S"":""Sell"",""v"":""0.005"",""p"":""85648.00""}"
2026-10-02T03:01:41.066559Z,1790910100483,BTCUSDT,Sell,0.288,85648.70,"{""T"":1790910100483,""s"":""BTCUSDT"",""S"":""Sell"",""v"":""0.288"",""p"":""85648.70""}"
2026-10-02T03:01:41.567487Z,1790910100987,BTCUSDT,Sell,0.002,85654.10,"{""T"":1790910100987,""s"":""BTCUSDT"",""S"":""Sell"",""v"":""0.002"",""p"":""85654.10""}"
2026-10-02T03:01:41.567487Z,1790910101000,BTCUSDT,Sell,1.500,85651.90,"{""T"":1790910101000,""s"":""BTCUSDT"",""S"":""Sell"",""v"":""1.500"",""p"":""85651.90""}"
2026-10-02T03:01:45.066491Z,1790910104702,BTCUSDT,Sell,0.057,85658.30,"{""T"":1790910104702,""s"":""BTCUSDT"",""S"":""Sell"",""v"":""0.057"",""p"":""85658.30""}"
2026-10-02T03:01:45.066491Z,1790910104708,BTCUSDT,Sell,0.001,85660.40,"{""T"":1790910104708,""s"":""BTCUSDT"",""S"":""Sell"",""v"":""0.001"",""p"":""85660.40""}"
2026-10-02T03:01:45.566691Z,1790910105381,BTCUSDT,Sell,0.001,85667.30,"{""T"":1790910105381,""s"":""BTCUSDT"",""S"":""Sell"",""v"":""0.001"",""p"":""85667.30""}"
2026-10-02T03:01:46.066583Z,1790910105892,BTCUSDT,Sell,0.110,85663.00,"{""T"":1790910105892,""s"":""BTCUSDT"",""S"":""Sell"",""v"":""0.110"",""p"":""85663.00""}"
2026-10-02T03:01:46.914885Z,1790910106546,ARBUSDT,Sell,5886.9,0.20546,"{""T"":1790910106546,""s"":""ARBUSDT"",""S"":""Sell"",""v"":""5886.9"",""p"":""0.20546""}"
2026-10-02T03:01:52.067076Z,1790910111586,BTCUSDT,Sell,0.256,85677.60,"{""T"":1790910111586,""s"":""BTCUSDT"",""S"":""Sell"",""v"":""0.256"",""p"":""85677.60""}"
2026-10-02T03:01:52.067076Z,1790910111696,BTCUSDT,Sell,0.087,85671.90,"{""T"":1790910111696,""s"":""BTCUSDT"",""S"":""Sell"",""v"":""0.087"",""p"":""85671.90""}"
2026-10-02T03:01:52.456296Z,1790910112251,ETHUSDT,Sell,0.01,2732.70,"{""T"":1790910112251,""s"":""ETHUSDT"",""S"":""Sell"",""v"":""0.01"",""p"":""2732.70""}"
2026-10-02T03:01:57.566367Z,1790910117000,BTCUSDT,Sell,0.031,85694.90,"{""T"":1790910117000,""s"":""BTCUSDT"",""S"":""Sell"",""v"":""0.031"",""p"":""85694.90""}"
2026-10-02T03:01:57.566367Z,1790910117066,BTCUSDT,Sell,0.006,85682.20,"{""T"":1790910117066,""s"":""BTCUSDT"",""S"":""Sell"",""v"":""0.006"",""p"":""85682.20""}"
2026-10-02T03:01:57.566367Z,1790910117114,BTCUSDT,Sell,0.001,85690.80,"{""T"":1790910117114,""s"":""BTCUSDT"",""S"":""Sell"",""v"":""0.001"",""p"":""85690.80""}"
2026-10-02T03:01:57.993025Z,1790910117479,OPUSDT,Sell,3900.6,0.13271,"{""T"":1790910117479,""s"":""OPUSDT"",""S"":""Sell"",""v"":""3900.6"",""p"":""0.13271""}"
2026-10-02T03:01:58.064133Z,1790910117886,SOLUSDT,Sell,1.7,120.920,"{""T"":1790910117886,""s"":""SOLUSDT"",""S"":""Sell"",""v"":""1.7"",""p"":""120.920""}"
2026-10-02T03:01:58.066202Z,1790910117574,BTCUSDT,Sell,0.028,85690.40,"{""T"":1790910117574,""s"":""BTCUSDT"",""S"":""Sell"",""v"":""0.028"",""p"":""85690.40""}"
2026-10-02T03:01:58.066202Z,1790910117580,BTCUSDT,Sell,0.120,85696.60,"{""T"":1790910117580,""s"":""BTCUSDT"",""S"":""Sell"",""v"":""0.120"",""p"":""85696.60""}"
2026-10-02T03:01:58.066202Z,1790910117643,BTCUSDT,Sell,0.216,85688.10,"{""T"":1790910117643,""s"":""BTCUSDT"",""S"":""Sell"",""v"":""0.216"",""p"":""85688.10""}"
2026-10-02T03:01:58.457187Z,1790910118174,ETHUSDT,Sell,1.33,2732.98,"{""T"":1790910118174,""s"":""ETHUSDT"",""S"":""Sell"",""v"":""1.33"",""p"":""2732.98""}"
2026-10-02T03:01:58.956573Z,1790910118597,ETHUSDT,Sell,0.03,2733.06,"{""T"":1790910118597,""s"":""ETHUSDT"",""S"":""Sell"",""v"":""0.03"",""p"":""2733.06""}"
2026-10-02T03:02:01.497364Z,1790910121183,PENGUUSDT,Sell,1570,0.009666,"{""T"":1790910121183,""s"":""PENGUUSDT"",""S"":""Sell"",""v"":""1570"",""p"":""0.009666""}"
2026-10-02T03:02:03.564024Z,1790910123272,SOLUSDT,Sell,1.1,120.960,"{""T"":1790910123272,""s"":""SOLUSDT"",""S"":""Sell"",""v"":""1.1"",""p"":""120.960""}"
2026-10-02T03:02:03.566509Z,1790910123272,BTCUSDT,Sell,0.004,85708.40,"{""T"":1790910123272,""s"":""BTCUSDT"",""S"":""Sell"",""v"":""0.004"",""p"":""85708.40""}"
2026-10-02T03:02:03.566509Z,1790910123377,BTCUSDT,Sell,0.013,85702.30,"{""T"":1790910123377,""s"":""BTCUSDT"",""S"":""Sell"",""v"":""0.013"",""p"":""85702.30""}"
2026-10-02T03:02:04.068210Z,1790910123644,BTCUSDT,Sell,0.067,85704.60,"{""T"":1790910123644,""s"":""BTCUSDT"",""S"":""Sell"",""v"":""0.067"",""p"":""85704.60""}"
2026-10-02T03:02:04.068210Z,1790910123646,BTCUSDT,Sell,0.019,85708.60,"{""T"":1790910123646,""s"":""BTCUSDT"",""S"":""Sell"",""v"":""0.019"",""p"":""85708.60""}"
2026-10-02T03:02:04.516987Z,1790910124247,NEARUSDT,Sell,559.4,5.0400,"{""T"":1790910124247,""s"":""NEARUSDT"",""S"":""Sell"",""v"":""559.4"",""p"":""5.0400""}"
2026-10-02T03:02:04.566689Z,1790910124184,BTCUSDT,Sell,0.013,85712.20,"{""T"":1790910124184,""s"":""BTCUSDT"",""S"":""Sell"",""v"":""0.013"",""p"":""85712.20""}"
2026-10-02T03:02:04.566689Z,1790910124224,BTCUSDT,Sell,0.249,85710.80,"{""T"":1790910124224,""s"":""BTCUSDT"",""S"":""Sell"",""v"":""0.249"",""p"":""85710.80""}"
2026-10-02T03:02:04.566689Z,1790910124282,BTCUSDT,Sell,0.050,85710.80,"{""T"":1790910124282,""s"":""BTCUSDT"",""S"":""Sell"",""v"":""0.050"",""p"":""85710.80""}"
2026-10-02T03:02:05.066406Z,1790910124684,BTCUSDT,Sell,0.001,85709.60,"{""T"":1790910124684,""s"":""BTCUSDT"",""S"":""Sell"",""v"":""0.001"",""p"":""85709.60""}"
2026-10-02T03:02:05.066406Z,1790910124735,BTCUSDT,Sell,0.024,85711.60,"{""T"":1790910124735,""s"":""BTCUSDT"",""S"":""Sell"",""v"":""0.024"",""p"":""85711.60""}"
2026-10-02T03:02:05.456424Z,1790910124873,ETHUSDT,Sell,0.87,2733.95,"{""T"":1790910124873,""s"":""ETHUSDT"",""S"":""Sell"",""v"":""0.87"",""p"":""2733.95""}"
2026-10-02T03:02:05.456424Z,1790910125092,ETHUSDT,Sell,0.98,2733.85,"{""T"":1790910125092,""s"":""ETHUSDT"",""S"":""Sell"",""v"":""0.98"",""p"":""2733.85""}"
2026-10-02T03:02:05.456424Z,1790910125338,ETHUSDT,Sell,15.00,2734.06,"{""T"":1790910125338,""s"":""ETHUSDT"",""S"":""Sell"",""v"":""15.00"",""p"":""2734.06""}"
2026-10-02T03:02:05.566610Z,1790910125381,BTCUSDT,Sell,0.008,85731.60,"{""T"":1790910125381,""s"":""BTCUSDT"",""S"":""Sell"",""v"":""0.008"",""p"":""85731.60""}"
2026-10-02T03:02:05.566610Z,1790910125415,BTCUSDT,Sell,0.044,85720.90,"{""T"":1790910125415,""s"":""BTCUSDT"",""S"":""Sell"",""v"":""0.044"",""p"":""85720.90""}"
2026-10-02T03:02:05.566610Z,1790910125467,BTCUSDT,Sell,0.372,85723.10,"{""T"":1790910125467,""s"":""BTCUSDT"",""S"":""Sell"",""v"":""0.372"",""p"":""85723.10""}"
2026-10-02T03:02:05.956267Z,1790910125585,ETHUSDT,Sell,0.03,2733.63,"{""T"":1790910125585,""s"":""ETHUSDT"",""S"":""Sell"",""v"":""0.03"",""p"":""2733.63""}"
2026-10-02T03:02:06.063492Z,1790910125646,SOLUSDT,Sell,4.8,120.970,"{""T"":1790910125646,""s"":""SOLUSDT"",""S"":""Sell"",""v"":""4.8"",""p"":""120.970""}"
2026-10-02T03:02:06.066347Z,1790910125645,BTCUSDT,Sell,0.018,85732.30,"{""T"":1790910125645,""s"":""BTCUSDT"",""S"":""Sell"",""v"":""0.018"",""p"":""85732.30""}"
2026-10-02T03:02:06.066347Z,1790910125666,BTCUSDT,Sell,0.003,85730.30,"{""T"":1790910125666,""s"":""BTCUSDT"",""S"":""Sell"",""v"":""0.003"",""p"":""85730.30""}"
2026-10-02T03:02:06.456632Z,1790910126104,ETHUSDT,Sell,1.80,2734.67,"{""T"":1790910126104,""s"":""ETHUSDT"",""S"":""Sell"",""v"":""1.80"",""p"":""2734.67""}"
2026-10-02T03:02:06.566639Z,1790910126099,BTCUSDT,Sell,0.004,85736.40,"{""T"":1790910126099,""s"":""BTCUSDT"",""S"":""Sell"",""v"":""0.004"",""p"":""85736.40""}"
2026-10-02T03:02:06.566639Z,1790910126458,BTCUSDT,Sell,0.001,85740.40,"{""T"":1790910126458,""s"":""BTCUSDT"",""S"":""Sell"",""v"":""0.001"",""p"":""85740.40""}"
2026-10-02T03:02:06.956279Z,1790910126418,ETHUSDT,Sell,1.11,2734.62,"{""T"":1790910126418,""s"":""ETHUSDT"",""S"":""Sell"",""v"":""1.11"",""p"":""2734.62""}"
2026-10-02T03:02:07.063255Z,1790910126760,SOLUSDT,Sell,23.2,120.990,"{""T"":1790910126760,""s"":""SOLUSDT"",""S"":""Sell"",""v"":""23.2"",""p"":""120.990""}"
2026-10-02T03:02:07.066479Z,1790910126635,BTCUSDT,Sell,0.002,85735.30,"{""T"":1790910126635,""s"":""BTCUSDT"",""S"":""Sell"",""v"":""0.002"",""p"":""85735.30""}"
2026-10-02T03:02:07.066479Z,1790910126881,BTCUSDT,Sell,0.002,85738.20,"{""T"":1790910126881,""s"":""BTCUSDT"",""S"":""Sell"",""v"":""0.002"",""p"":""85738.20""}"
2026-10-02T03:02:07.066479Z,1790910126970,BTCUSDT,Sell,0.200,85750.60,"{""T"":1790910126970,""s"":""BTCUSDT"",""S"":""Sell"",""v"":""0.200"",""p"":""85750.60""}"
2026-10-02T03:02:07.325577Z,1790910127200,FARTCOINUSDT,Sell,8653,0.18212,"{""T"":1790910127200,""s"":""FARTCOINUSDT"",""S"":""Sell"",""v"":""8653"",""p"":""0.18212""}"
2026-10-02T03:02:07.456397Z,1790910127255,ETHUSDT,Sell,0.74,2735.08,"{""T"":1790910127255,""s"":""ETHUSDT"",""S"":""Sell"",""v"":""0.74"",""p"":""2735.08""}"
2026-10-02T03:02:07.456397Z,1790910127292,ETHUSDT,Sell,1.00,2735.57,"{""T"":1790910127292,""s"":""ETHUSDT"",""S"":""Sell"",""v"":""1.00"",""p"":""2735.57""}"
2026-10-02T03:02:07.516364Z,1790910127318,NEARUSDT,Sell,351.1,5.0520,"{""T"":1790910127318,""s"":""NEARUSDT"",""S"":""Sell"",""v"":""351.1"",""p"":""5.0520""}"
2026-10-02T03:02:07.566585Z,1790910126982,BTCUSDT,Sell,0.436,85741.00,"{""T"":1790910126982,""s"":""BTCUSDT"",""S"":""Sell"",""v"":""0.436"",""p"":""85741.00""}"
2026-10-02T03:02:07.566585Z,1790910127051,BTCUSDT,Sell,0.022,85747.60,"{""T"":1790910127051,""s"":""BTCUSDT"",""S"":""Sell"",""v"":""0.022"",""p"":""85747.60""}"
2026-10-02T03:02:07.566585Z,1790910127292,BTCUSDT,Sell,0.038,85742.00,"{""T"":1790910127292,""s"":""BTCUSDT"",""S"":""Sell"",""v"":""0.038"",""p"":""85742.00""}"
2026-10-02T03:02:07.566585Z,1790910127425,BTCUSDT,Sell,0.006,85731.20,"{""T"":1790910127425,""s"":""BTCUSDT"",""S"":""Sell"",""v"":""0.006"",""p"":""85731.20""}"
2026-10-02T03:02:07.914973Z,1790910127741,DOTUSDT,Buy,25.0,1.1930,"{""T"":1790910127741,""s"":""DOTUSDT"",""S"":""Buy"",""v"":""25.0"",""p"":""1.1930""}"
2026-10-02T03:02:07.956395Z,1790910127425,ETHUSDT,Sell,0.19,2735.23,"{""T"":1790910127425,""s"":""ETHUSDT"",""S"":""Sell"",""v"":""0.19"",""p"":""2735.23""}"
2026-10-02T03:02:07.956395Z,1790910127537,ETHUSDT,Sell,8.43,2734.89,"{""T"":1790910127537,""s"":""ETHUSDT"",""S"":""Sell"",""v"":""8.43"",""p"":""2734.89""}"
2026-10-02T03:02:08.063330Z,1790910127741,SOLUSDT,Sell,3.7,120.990,"{""T"":1790910127741,""s"":""SOLUSDT"",""S"":""Sell"",""v"":""3.7"",""p"":""120.990""}"
2026-10-02T03:02:08.066238Z,1790910127588,BTCUSDT,Sell,0.008,85749.70,"{""T"":1790910127588,""s"":""BTCUSDT"",""S"":""Sell"",""v"":""0.008"",""p"":""85749.70""}"
2026-10-02T03:02:08.066238Z,1790910127648,BTCUSDT,Sell,0.005,85745.50,"{""T"":1790910127648,""s"":""BTCUSDT"",""S"":""Sell"",""v"":""0.005"",""p"":""85745.50""}"
2026-10-02T03:02:08.066238Z,1790910127656,BTCUSDT,Sell,1.097,85742.50,"{""T"":1790910127656,""s"":""BTCUSDT"",""S"":""Sell"",""v"":""1.097"",""p"":""85742.50""}"
2026-10-02T03:02:08.066238Z,1790910127741,BTCUSDT,Sell,0.022,85748.70,"{""T"":1790910127741,""s"":""BTCUSDT"",""S"":""Sell"",""v"":""0.022"",""p"":""85748.70""}"
2026-10-02T03:02:19.067211Z,1790910138915,BTCUSDT,Sell,0.010,85755.70,"{""T"":1790910138915,""s"":""BTCUSDT"",""S"":""Sell"",""v"":""0.010"",""p"":""85755.70""}"
2026-10-02T03:02:19.566532Z,1790910139190,BTCUSDT,Sell,0.011,85755.80,"{""T"":1790910139190,""s"":""BTCUSDT"",""S"":""Sell"",""v"":""0.011"",""p"":""85755.80""}"
2026-10-02T03:02:19.566532Z,1790910139327,BTCUSDT,Sell,0.281,85758.30,"{""T"":1790910139327,""s"":""BTCUSDT"",""S"":""Sell"",""v"":""0.281"",""p"":""85758.30""}"
2026-10-02T03:02:19.566532Z,1790910139387,BTCUSDT,Sell,0.301,85760.00,"{""T"":1790910139387,""s"":""BTCUSDT"",""S"":""Sell"",""v"":""0.301"",""p"":""85760.00""}"
2026-10-02T03:02:21.066549Z,1790910140604,BTCUSDT,Sell,0.050,85768.80,"{""T"":1790910140604,""s"":""BTCUSDT"",""S"":""Sell"",""v"":""0.050"",""p"":""85768.80""}"
2026-10-02T03:02:21.066549Z,1790910140646,BTCUSDT,Sell,0.008,85761.70,"{""T"":1790910140646,""s"":""BTCUSDT"",""S"":""Sell"",""v"":""0.008"",""p"":""85761.70""}"
2026-10-02T03:02:21.066549Z,1790910140722,BTCUSDT,Sell,0.002,85762.20,"{""T"":1790910140722,""s"":""BTCUSDT"",""S"":""Sell"",""v"":""0.002"",""p"":""85762.20""}"
2026-10-02T03:02:22.063418Z,1790910141863,SOLUSDT,Sell,5.5,121.040,"{""T"":1790910141863,""s"":""SOLUSDT"",""S"":""Sell"",""v"":""5.5"",""p"":""121.040""}"
2026-10-02T03:02:25.838556Z,1790910145605,XRPUSDT,Sell,576.9,1.5144,"{""T"":1790910145605,""s"":""XRPUSDT"",""S"":""Sell"",""v"":""576.9"",""p"":""1.5144""}"
2026-10-02T03:02:27.338784Z,1790910147128,XRPUSDT,Sell,18.0,1.5152,"{""T"":1790910147128,""s"":""XRPUSDT"",""S"":""Sell"",""v"":""18.0"",""p"":""1.5152""}"
2026-10-02T03:02:30.915210Z,1790910150455,DOGEUSDT,Sell,13957,0.09535,"{""T"":1790910150455,""s"":""DOGEUSDT"",""S"":""Sell"",""v"":""13957"",""p"":""0.09535""}"
2026-10-02T03:02:56.814011Z,1790910176525,PUMPFUNUSDT,Sell,21300,0.0058330,"{""T"":1790910176525,""s"":""PUMPFUNUSDT"",""S"":""Sell"",""v"":""21300"",""p"":""0.0058330""}"
2026-10-02T03:03:15.915054Z,1790910195417,ZECUSDT,Sell,2.24,1355.39,"{""T"":1790910195417,""s"":""ZECUSDT"",""S"":""Sell"",""v"":""2.24"",""p"":""1355.39""}"
2026-10-02T03:03:22.018685Z,1790910201794,NEARUSDT,Sell,1115.1,5.0600,"{""T"":1790910201794,""s"":""NEARUSDT"",""S"":""Sell"",""v"":""1115.1"",""p"":""5.0600""}"
2026-10-02T03:03:51.830001Z,1790910231369,LONGXIAUSDT,Buy,1284,0.0486,"{""T"":1790910231369,""s"":""LONGXIAUSDT"",""S"":""Buy"",""v"":""1284"",""p"":""0.0486""}"
2026-10-02T03:04:15.329820Z,1790910255170,LONGXIAUSDT,Sell,29272,0.0567,"{""T"":1790910255170,""s"":""LONGXIAUSDT"",""S"":""Sell"",""v"":""29272"",""p"":""0.0567""}"
2026-10-02T03:04:15.829947Z,1790910255504,LONGXIAUSDT,Sell,247,0.0568,"{""T"":1790910255504,""s"":""LONGXIAUSDT"",""S"":""Sell"",""v"":""247"",""p"":""0.0568""}"
2026-10-02T03:04:15.829947Z,1790910255617,LONGXIAUSDT,Sell,108,0.0568,"{""T"":1790910255617,""s"":""LONGXIAUSDT"",""S"":""Sell"",""v"":""108"",""p"":""0.0568""}"
2026-10-02T03:04:16.329421Z,1790910255800,LONGXIAUSDT,Sell,1542,0.0570,"{""T"":1790910255800,""s"":""LONGXIAUSDT"",""S"":""Sell"",""v"":""1542"",""p"":""0.0570""}"
2026-10-02T03:04:41.956928Z,1790910281868,QNTUSDT,Sell,0.03,254.87,"{""T"":1790910281868,""s"":""QNTUSDT"",""S"":""Sell"",""v"":""0.03"",""p"":""254.87""}"
2026-10-02T03:06:03.956694Z,1790910363702,QNTUSDT,Sell,0.84,256.16,"{""T"":1790910363702,""s"":""QNTUSDT"",""S"":""Sell"",""v"":""0.84"",""p"":""256.16""}"
2026-10-02T03:06:39.829736Z,1790910399276,LONGXIAUSDT,Buy,273,0.0491,"{""T"":1790910399276,""s"":""LONGXIAUSDT"",""S"":""Buy"",""v"":""273"",""p"":""0.0491""}"
2026-10-02T03:07:36.523792Z,1790910456306,TMXUSDT,Buy,152810,0.01298,"{""T"":1790910456306,""s"":""TMXUSDT"",""S"":""Buy"",""v"":""152810"",""p"":""0.01298""}"
2026-10-02T03:08:02.830107Z,1790910482447,LONGXIAUSDT,Sell,1796,0.0559,"{""T"":1790910482447,""s"":""LONGXIAUSDT"",""S"":""Sell"",""v"":""1796"",""p"":""0.0559""}"
2026-10-02T03:08:02.830107Z,1790910482472,LONGXIAUSDT,Sell,492,0.0559,"{""T"":1790910482472,""s"":""LONGXIAUSDT"",""S"":""Sell"",""v"":""492"",""p"":""0.0559""}"
2026-10-02T03:08:02.830107Z,1790910482638,LONGXIAUSDT,Sell,5994,0.0559,"{""T"":1790910482638,""s"":""LONGXIAUSDT"",""S"":""Sell"",""v"":""5994"",""p"":""0.0559""}"
2026-10-02T03:08:02.830107Z,1790910482685,LONGXIAUSDT,Sell,450,0.0558,"{""T"":1790910482685,""s"":""LONGXIAUSDT"",""S"":""Sell"",""v"":""450"",""p"":""0.0558""}"
2026-10-02T03:08:04.329713Z,1790910483972,LONGXIAUSDT,Sell,582,0.0564,"{""T"":1790910483972,""s"":""LONGXIAUSDT"",""S"":""Sell"",""v"":""582"",""p"":""0.0564""}"
2026-10-02T03:08:06.005867Z,1790910485598,TMXUSDT,Buy,759,0.01293,"{""T"":1790910485598,""s"":""TMXUSDT"",""S"":""Buy"",""v"":""759"",""p"":""0.01293""}"
2026-10-02T03:08:08.998044Z,1790910488553,TMXUSDT,Buy,853,0.01292,"{""T"":1790910488553,""s"":""TMXUSDT"",""S"":""Buy"",""v"":""853"",""p"":""0.01292""}"
2026-10-02T03:08:08.998044Z,1790910488628,TMXUSDT,Buy,17378,0.01293,"{""T"":1790910488628,""s"":""TMXUSDT"",""S"":""Buy"",""v"":""17378"",""p"":""0.01293""}"
2026-10-02T03:08:56.487542Z,1790910536326,SOXLUSDT,Buy,0.05,155.22,"{""T"":1790910536326,""s"":""SOXLUSDT"",""S"":""Buy"",""v"":""0.05"",""p"":""155.22""}"
2026-10-02T03:09:49.517081Z,1790910589163,NEARUSDT,Buy,35.2,4.9460,"{""T"":1790910589163,""s"":""NEARUSDT"",""S"":""Buy"",""v"":""35.2"",""p"":""4.9460""}"
2026-10-02T03:10:25.497524Z,1790910624996,JASMYUSDT,Buy,3539,0.005569,"{""T"":1790910624996,""s"":""JASMYUSDT"",""S"":""Buy"",""v"":""3539"",""p"":""0.005569""}"
2026-10-02T03:12:16.016957Z,1790910735882,NEARUSDT,Buy,78.4,4.9360,"{""T"":1790910735882,""s"":""NEARUSDT"",""S"":""Buy"",""v"":""78.4"",""p"":""4.9360""}"
2026-10-02T03:12:53.829981Z,1790910773657,LONGXIAUSDT,Sell,521,0.0577,"{""T"":1790910773657,""s"":""LONGXIAUSDT"",""S"":""Sell"",""v"":""521"",""p"":""0.0577""}"
2026-10-02T03:14:38.354107Z,1790910877763,MARSCOINUSDT,Buy,4100,0.12114,"{""T"":1790910877763,""s"":""MARSCOINUSDT"",""S"":""Buy"",""v"":""4100"",""p"":""0.12114""}"
2026-10-02T03:14:48.487601Z,1790910888179,USUSDT,Sell,3930,0.039990,"{""T"":1790910888179,""s"":""USUSDT"",""S"":""Sell"",""v"":""3930"",""p"":""0.039990""}"
2026-10-02T03:14:48.487601Z,1790910888225,USUSDT,Sell,3310,0.039610,"{""T"":1790910888225,""s"":""USUSDT"",""S"":""Sell"",""v"":""3310"",""p"":""0.039610""}"
2026-10-02T03:14:48.487601Z,1790910888285,USUSDT,Sell,380,0.039100,"{""T"":1790910888285,""s"":""USUSDT"",""S"":""Sell"",""v"":""380"",""p"":""0.039100""}"
2026-10-02T03:14:48.487601Z,1790910888302,USUSDT,Sell,230,0.038810,"{""T"":1790910888302,""s"":""USUSDT"",""S"":""Sell"",""v"":""230"",""p"":""0.038810""}"
2026-10-02T03:14:48.487601Z,1790910888315,USUSDT,Sell,3290,0.039000,"{""T"":1790910888315,""s"":""USUSDT"",""S"":""Sell"",""v"":""3290"",""p"":""0.039000""}"
2026-10-02T03:14:48.487601Z,1790910888324,USUSDT,Sell,3470,0.038820,"{""T"":1790910888324,""s"":""USUSDT"",""S"":""Sell"",""v"":""3470"",""p"":""0.038820""}"
2026-10-02T03:14:48.487601Z,1790910888325,USUSDT,Sell,3380,0.039570,"{""T"":1790910888325,""s"":""USUSDT"",""S"":""Sell"",""v"":""3380"",""p"":""0.039570""}"
2026-10-02T03:14:48.987509Z,1790910888457,USUSDT,Sell,69460,0.039350,"{""T"":1790910888457,""s"":""USUSDT"",""S"":""Sell"",""v"":""69460"",""p"":""0.039350""}"
2026-10-02T03:14:48.987509Z,1790910888504,USUSDT,Sell,9710,0.038980,"{""T"":1790910888504,""s"":""USUSDT"",""S"":""Sell"",""v"":""9710"",""p"":""0.038980""}"
2026-10-02T03:14:48.987509Z,1790910888526,USUSDT,Sell,320,0.039750,"{""T"":1790910888526,""s"":""USUSDT"",""S"":""Sell"",""v"":""320"",""p"":""0.039750""}"
2026-10-02T03:14:48.987509Z,1790910888565,USUSDT,Sell,1950,0.039500,"{""T"":1790910888565,""s"":""USUSDT"",""S"":""Sell"",""v"":""1950"",""p"":""0.039500""}"
2026-10-02T03:14:48.987509Z,1790910888598,USUSDT,Sell,5200,0.039610,"{""T"":1790910888598,""s"":""USUSDT"",""S"":""Sell"",""v"":""5200"",""p"":""0.039610""}"
2026-10-02T03:14:48.987509Z,1790910888629,USUSDT,Sell,18460,0.039020,"{""T"":1790910888629,""s"":""USUSDT"",""S"":""Sell"",""v"":""18460"",""p"":""0.039020""}"
2026-10-02T03:14:48.987509Z,1790910888863,USUSDT,Sell,240,0.038980,"{""T"":1790910888863,""s"":""USUSDT"",""S"":""Sell"",""v"":""240"",""p"":""0.038980""}"
2026-10-02T03:14:48.987509Z,1790910888870,USUSDT,Sell,54510,0.039960,"{""T"":1790910888870,""s"":""USUSDT"",""S"":""Sell"",""v"":""54510"",""p"":""0.039960""}"
2026-10-02T03:14:48.987509Z,1790910888870,USUSDT,Sell,1350,0.039990,"{""T"":1790910888870,""s"":""USUSDT"",""S"":""Sell"",""v"":""1350"",""p"":""0.039990""}"
2026-10-02T03:14:48.987509Z,1790910888880,USUSDT,Sell,550,0.039560,"{""T"":1790910888880,""s"":""USUSDT"",""S"":""Sell"",""v"":""550"",""p"":""0.039560""}"
2026-10-02T03:14:49.487278Z,1790910888906,USUSDT,Sell,14110,0.039020,"{""T"":1790910888906,""s"":""USUSDT"",""S"":""Sell"",""v"":""14110"",""p"":""0.039020""}"
2026-10-02T03:14:49.487278Z,1790910888907,USUSDT,Sell,40180,0.039040,"{""T"":1790910888907,""s"":""USUSDT"",""S"":""Sell"",""v"":""40180"",""p"":""0.039040""}"
2026-10-02T03:14:49.487278Z,1790910888943,USUSDT,Sell,27460,0.039410,"{""T"":1790910888943,""s"":""USUSDT"",""S"":""Sell"",""v"":""27460"",""p"":""0.039410""}"
2026-10-02T03:14:49.487278Z,1790910888981,USUSDT,Sell,32460,0.038810,"{""T"":1790910888981,""s"":""USUSDT"",""S"":""Sell"",""v"":""32460"",""p"":""0.038810""}"
2026-10-02T03:14:49.487278Z,1790910888987,USUSDT,Sell,18680,0.039000,"{""T"":1790910888987,""s"":""USUSDT"",""S"":""Sell"",""v"":""18680"",""p"":""0.039000""}"
2026-10-02T03:14:49.487278Z,1790910889018,USUSDT,Sell,1270,0.039160,"{""T"":1790910889018,""s"":""USUSDT"",""S"":""Sell"",""v"":""1270"",""p"":""0.039160""}"
2026-10-02T03:14:49.487278Z,1790910889032,USUSDT,Sell,45590,0.039840,"{""T"":1790910889032,""s"":""USUSDT"",""S"":""Sell"",""v"":""45590"",""p"":""0.039840""}"
2026-10-02T03:14:49.487278Z,1790910889043,USUSDT,Sell,410,0.039330,"{""T"":1790910889043,""s"":""USUSDT"",""S"":""Sell"",""v"":""410"",""p"":""0.039330""}"
2026-10-02T03:14:49.487278Z,1790910889061,USUSDT,Sell,6070,0.040010,"{""T"":1790910889061,""s"":""USUSDT"",""S"":""Sell"",""v"":""6070"",""p"":""0.040010""}"
2026-10-02T03:14:49.487278Z,1790910889062,USUSDT,Sell,51210,0.039630,"{""T"":1790910889062,""s"":""USUSDT"",""S"":""Sell"",""v"":""51210"",""p"":""0.039630""}"
2026-10-02T03:14:49.487278Z,1790910889143,USUSDT,Sell,510,0.039140,"{""T"":1790910889143,""s"":""USUSDT"",""S"":""Sell"",""v"":""510"",""p"":""0.039140""}"
2026-10-02T03:14:49.636719Z,1790910889061,MOVRUSDT,Sell,52.8,2.9460,"{""T"":1790910889061,""s"":""MOVRUSDT"",""S"":""Sell"",""v"":""52.8"",""p"":""2.9460""}"
2026-10-02T03:14:49.987483Z,1790910889520,USUSDT,Sell,4200,0.040510,"{""T"":1790910889520,""s"":""USUSDT"",""S"":""Sell"",""v"":""4200"",""p"":""0.040510""}"
2026-10-02T03:14:49.987483Z,1790910889578,USUSDT,Sell,20080,0.040510,"{""T"":1790910889578,""s"":""USUSDT"",""S"":""Sell"",""v"":""20080"",""p"":""0.040510""}"
2026-10-02T03:14:50.487417Z,1790910890027,USUSDT,Sell,530,0.039350,"{""T"":1790910890027,""s"":""USUSDT"",""S"":""Sell"",""v"":""530"",""p"":""0.039350""}"
2026-10-02T03:14:50.487417Z,1790910890196,USUSDT,Sell,28690,0.040170,"{""T"":1790910890196,""s"":""USUSDT"",""S"":""Sell"",""v"":""28690"",""p"":""0.040170""}"
2026-10-02T03:14:50.487417Z,1790910890266,USUSDT,Sell,2130,0.040540,"{""T"":1790910890266,""s"":""USUSDT"",""S"":""Sell"",""v"":""2130"",""p"":""0.040540""}"
2026-10-02T03:14:50.487417Z,1790910890280,USUSDT,Sell,1500,0.040520,"{""T"":1790910890280,""s"":""USUSDT"",""S"":""Sell"",""v"":""1500"",""p"":""0.040520""}"
2026-10-02T03:15:21.487645Z,1790910921143,USUSDT,Buy,160,0.036360,"{""T"":1790910921143,""s"":""USUSDT"",""S"":""Buy"",""v"":""160"",""p"":""0.036360""}"
2026-10-02T03:15:49.987838Z,1790910949528,USUSDT,Buy,210,0.035910,"{""T"":1790910949528,""s"":""USUSDT"",""S"":""Buy"",""v"":""210"",""p"":""0.035910""}"
2026-10-02T03:15:57.487173Z,1790910957350,USUSDT,Buy,5210,0.035620,"{""T"":1790910957350,""s"":""USUSDT"",""S"":""Buy"",""v"":""5210"",""p"":""0.035620""}"
2026-10-02T03:16:39.989981Z,1790910999486,USUSDT,Buy,17180,0.034890,"{""T"":1790910999486,""s"":""USUSDT"",""S"":""Buy"",""v"":""17180"",""p"":""0.034890""}"
2026-10-02T03:16:39.989981Z,1790910999521,USUSDT,Buy,1030,0.034940,"{""T"":1790910999521,""s"":""USUSDT"",""S"":""Buy"",""v"":""1030"",""p"":""0.034940""}"
2026-10-02T03:16:49.636610Z,1790911009488,MOVRUSDT,Buy,390.1,2.7340,"{""T"":1790911009488,""s"":""MOVRUSDT"",""S"":""Buy"",""v"":""390.1"",""p"":""2.7340""}"
2026-10-02T03:17:22.636122Z,1790911042086,MOVRUSDT,Buy,107.4,2.7250,"{""T"":1790911042086,""s"":""MOVRUSDT"",""S"":""Buy"",""v"":""107.4"",""p"":""2.7250""}"
2026-10-02T03:17:34.990722Z,1790911054526,USUSDT,Buy,390,0.033930,"{""T"":1790911054526,""s"":""USUSDT"",""S"":""Buy"",""v"":""390"",""p"":""0.033930""}"
2026-10-02T03:17:34.990722Z,1790911054539,USUSDT,Buy,380,0.033920,"{""T"":1790911054539,""s"":""USUSDT"",""S"":""Buy"",""v"":""380"",""p"":""0.033920""}"
2026-10-02T03:17:35.987135Z,1790911055787,USUSDT,Buy,2600,0.033700,"{""T"":1790911055787,""s"":""USUSDT"",""S"":""Buy"",""v"":""2600"",""p"":""0.033700""}"
2026-10-02T03:17:36.487072Z,1790911055995,USUSDT,Buy,1960,0.033660,"{""T"":1790911055995,""s"":""USUSDT"",""S"":""Buy"",""v"":""1960"",""p"":""0.033660""}"
2026-10-02T03:17:36.987795Z,1790911056651,USUSDT,Buy,280,0.033550,"{""T"":1790911056651,""s"":""USUSDT"",""S"":""Buy"",""v"":""280"",""p"":""0.033550""}"
2026-10-02T03:17:37.486972Z,1790911056918,USUSDT,Buy,5080,0.033540,"{""T"":1790911056918,""s"":""USUSDT"",""S"":""Buy"",""v"":""5080"",""p"":""0.033540""}"
2026-10-02T03:17:38.487385Z,1790911058271,USUSDT,Buy,16130,0.033230,"{""T"":1790911058271,""s"":""USUSDT"",""S"":""Buy"",""v"":""16130"",""p"":""0.033230""}"
2026-10-02T03:17:38.487385Z,1790911058294,USUSDT,Buy,500,0.033090,"{""T"":1790911058294,""s"":""USUSDT"",""S"":""Buy"",""v"":""500"",""p"":""0.033090""}"
2026-10-02T03:17:39.136497Z,1790911058917,MOVRUSDT,Buy,2379.7,2.7020,"{""T"":1790911058917,""s"":""MOVRUSDT"",""S"":""Buy"",""v"":""2379.7"",""p"":""2.7020""}"
2026-10-02T03:17:39.136497Z,1790911059008,MOVRUSDT,Buy,10.6,2.7040,"{""T"":1790911059008,""s"":""MOVRUSDT"",""S"":""Buy"",""v"":""10.6"",""p"":""2.7040""}"
2026-10-02T03:17:52.490834Z,1790911072102,USUSDT,Sell,6170,0.036320,"{""T"":1790911072102,""s"":""USUSDT"",""S"":""Sell"",""v"":""6170"",""p"":""0.036320""}"
2026-10-02T03:18:19.490493Z,1790911099354,USUSDT,Sell,22690,0.037500,"{""T"":1790911099354,""s"":""USUSDT"",""S"":""Sell"",""v"":""22690"",""p"":""0.037500""}"
2026-10-02T03:18:22.487033Z,1790911102288,USUSDT,Sell,5790,0.037730,"{""T"":1790911102288,""s"":""USUSDT"",""S"":""Sell"",""v"":""5790"",""p"":""0.037730""}"
2026-10-02T03:18:24.987339Z,1790911104850,USUSDT,Sell,31110,0.037970,"{""T"":1790911104850,""s"":""USUSDT"",""S"":""Sell"",""v"":""31110"",""p"":""0.037970""}"
2026-10-02T03:18:29.016425Z,1790911108691,NEARUSDT,Buy,715.6,4.9200,"{""T"":1790911108691,""s"":""NEARUSDT"",""S"":""Buy"",""v"":""715.6"",""p"":""4.9200""}"
2026-10-02T03:18:43.456681Z,1790911123249,QNTUSDT,Buy,0.07,248.28,"{""T"":1790911123249,""s"":""QNTUSDT"",""S"":""Buy"",""v"":""0.07"",""p"":""248.28""}"
2026-10-02T03:18:51.456375Z,1790911131225,QNTUSDT,Buy,0.57,247.60,"{""T"":1790911131225,""s"":""QNTUSDT"",""S"":""Buy"",""v"":""0.57"",""p"":""247.60""}"
2026-10-02T03:19:01.987466Z,1790911141576,USUSDT,Sell,990,0.038570,"{""T"":1790911141576,""s"":""USUSDT"",""S"":""Sell"",""v"":""990"",""p"":""0.038570""}"
2026-10-02T03:19:07.487146Z,1790911147373,USUSDT,Sell,25980,0.039000,"{""T"":1790911147373,""s"":""USUSDT"",""S"":""Sell"",""v"":""25980"",""p"":""0.039000""}"
2026-10-02T03:19:53.329962Z,1790911193243,LONGXIAUSDT,Sell,448,0.0580,"{""T"":1790911193243,""s"":""LONGXIAUSDT"",""S"":""Sell"",""v"":""448"",""p"":""0.0580""}"
2026-10-02T03:20:01.329950Z,1790911201046,LONGXIAUSDT,Sell,20000,0.0585,"{""T"":1790911201046,""s"":""LONGXIAUSDT"",""S"":""Sell"",""v"":""20000"",""p"":""0.0585""}"
2026-10-02T03:20:28.829867Z,1790911228315,LONGXIAUSDT,Sell,1305,0.0588,"{""T"":1790911228315,""s"":""LONGXIAUSDT"",""S"":""Sell"",""v"":""1305"",""p"":""0.0588""}"
2026-10-02T03:22:02.016596Z,1790911321721,NEARUSDT,Buy,32.8,4.8980,"{""T"":1790911321721,""s"":""NEARUSDT"",""S"":""Buy"",""v"":""32.8"",""p"":""4.8980""}"
2026-10-02T03:23:00.415385Z,1790911379901,ZECUSDT,Buy,1.00,1325.79,"{""T"":1790911379901,""s"":""ZECUSDT"",""S"":""Buy"",""v"":""1.00"",""p"":""1325.79""}"
2026-10-02T03:23:28.348739Z,1790911407822,MARSCOINUSDT,Buy,60,0.12072,"{""T"":1790911407822,""s"":""MARSCOINUSDT"",""S"":""Buy"",""v"":""60"",""p"":""0.12072""}"
2026-10-02T03:23:28.348739Z,1790911408124,MARSCOINUSDT,Buy,250,0.12085,"{""T"":1790911408124,""s"":""MARSCOINUSDT"",""S"":""Buy"",""v"":""250"",""p"":""0.12085""}"
2026-10-02T03:23:40.636273Z,1790911420405,MOVRUSDT,Buy,15.0,2.6790,"{""T"":1790911420405,""s"":""MOVRUSDT"",""S"":""Buy"",""v"":""15.0"",""p"":""2.6790""}"
2026-10-02T03:23:41.136067Z,1790911420825,MOVRUSDT,Buy,696.8,2.6780,"{""T"":1790911420825,""s"":""MOVRUSDT"",""S"":""Buy"",""v"":""696.8"",""p"":""2.6780""}"
2026-10-02T03:24:29.349495Z,1790911468781,MARSCOINUSDT,Buy,540,0.12018,"{""T"":1790911468781,""s"":""MARSCOINUSDT"",""S"":""Buy"",""v"":""540"",""p"":""0.12018""}"
2026-10-02T03:24:37.829831Z,1790911477369,LONGXIAUSDT,Sell,2000,0.0599,"{""T"":1790911477369,""s"":""LONGXIAUSDT"",""S"":""Sell"",""v"":""2000"",""p"":""0.0599""}"
2026-10-02T03:26:10.829788Z,1790911570411,LONGXIAUSDT,Sell,66666,0.0607,"{""T"":1790911570411,""s"":""LONGXIAUSDT"",""S"":""Sell"",""v"":""66666"",""p"":""0.0607""}"
2026-10-02T03:26:46.017251Z,1790911605547,NEARUSDT,Buy,2730.9,4.8610,"{""T"":1790911605547,""s"":""NEARUSDT"",""S"":""Buy"",""v"":""2730.9"",""p"":""4.8610""}"
2026-10-02T03:26:51.313965Z,1790911610975,XPLUSDT,Buy,93,0.09618,"{""T"":1790911610975,""s"":""XPLUSDT"",""S"":""Buy"",""v"":""93"",""p"":""0.09618""}"
2026-10-02T03:27:30.829621Z,1790911650272,LONGXIAUSDT,Sell,99,0.0611,"{""T"":1790911650272,""s"":""LONGXIAUSDT"",""S"":""Sell"",""v"":""99"",""p"":""0.0611""}"
2026-10-02T03:27:57.830187Z,1790911677707,LONGXIAUSDT,Sell,89208,0.0613,"{""T"":1790911677707,""s"":""LONGXIAUSDT"",""S"":""Sell"",""v"":""89208"",""p"":""0.0613""}"
2026-10-02T03:28:38.325851Z,1790911718139,ENAUSDT,Buy,123,0.23825,"{""T"":1790911718139,""s"":""ENAUSDT"",""S"":""Buy"",""v"":""123"",""p"":""0.23825""}"
2026-10-02T03:28:58.853002Z,1790911738431,MARSCOINUSDT,Buy,70,0.11852,"{""T"":1790911738431,""s"":""MARSCOINUSDT"",""S"":""Buy"",""v"":""70"",""p"":""0.11852""}"
2026-10-02T03:28:58.853002Z,1790911738704,MARSCOINUSDT,Buy,800,0.11802,"{""T"":1790911738704,""s"":""MARSCOINUSDT"",""S"":""Buy"",""v"":""800"",""p"":""0.11802""}"
2026-10-02T03:28:59.348911Z,1790911738943,MARSCOINUSDT,Buy,610,0.11859,"{""T"":1790911738943,""s"":""MARSCOINUSDT"",""S"":""Buy"",""v"":""610"",""p"":""0.11859""}"
2026-10-02T03:29:38.329833Z,1790911778124,LONGXIAUSDT,Sell,15908,0.0639,"{""T"":1790911778124,""s"":""LONGXIAUSDT"",""S"":""Sell"",""v"":""15908"",""p"":""0.0639""}"
2026-10-02T03:29:38.329833Z,1790911778148,LONGXIAUSDT,Sell,5028,0.0631,"{""T"":1790911778148,""s"":""LONGXIAUSDT"",""S"":""Sell"",""v"":""5028"",""p"":""0.0631""}"
2026-10-02T03:29:38.329833Z,1790911778169,LONGXIAUSDT,Sell,3976,0.0643,"{""T"":1790911778169,""s"":""LONGXIAUSDT"",""S"":""Sell"",""v"":""3976"",""p"":""0.0643""}"
2026-10-02T03:29:38.329833Z,1790911778171,LONGXIAUSDT,Sell,2069,0.0633,"{""T"":1790911778171,""s"":""LONGXIAUSDT"",""S"":""Sell"",""v"":""2069"",""p"":""0.0633""}"
2026-10-02T03:29:38.329833Z,1790911778186,LONGXIAUSDT,Sell,930,0.0622,"{""T"":1790911778186,""s"":""LONGXIAUSDT"",""S"":""Sell"",""v"":""930"",""p"":""0.0622""}"
2026-10-02T03:29:38.457262Z,1790911778124,ETHUSDT,Buy,3.95,2707.39,"{""T"":1790911778124,""s"":""ETHUSDT"",""S"":""Buy"",""v"":""3.95"",""p"":""2707.39""}"
2026-10-02T03:29:38.829874Z,1790911778343,LONGXIAUSDT,Sell,42789,0.0631,"{""T"":1790911778343,""s"":""LONGXIAUSDT"",""S"":""Sell"",""v"":""42789"",""p"":""0.0631""}"
2026-10-02T03:29:38.829874Z,1790911778363,LONGXIAUSDT,Sell,2948,0.0625,"{""T"":1790911778363,""s"":""LONGXIAUSDT"",""S"":""Sell"",""v"":""2948"",""p"":""0.0625""}"
2026-10-02T03:29:38.829874Z,1790911778393,LONGXIAUSDT,Sell,239,0.0623,"{""T"":1790911778393,""s"":""LONGXIAUSDT"",""S"":""Sell"",""v"":""239"",""p"":""0.0623""}"
2026-10-02T03:29:38.829874Z,1790911778501,LONGXIAUSDT,Sell,1332,0.0644,"{""T"":1790911778501,""s"":""LONGXIAUSDT"",""S"":""Sell"",""v"":""1332"",""p"":""0.0644""}"
2026-10-02T03:29:38.829874Z,1790911778533,LONGXIAUSDT,Sell,170,0.0623,"{""T"":1790911778533,""s"":""LONGXIAUSDT"",""S"":""Sell"",""v"":""170"",""p"":""0.0623""}"
2026-10-02T03:29:38.829874Z,1790911778551,LONGXIAUSDT,Sell,737,0.0633,"{""T"":1790911778551,""s"":""LONGXIAUSDT"",""S"":""Sell"",""v"":""737"",""p"":""0.0633""}"
2026-10-02T03:29:38.829874Z,1790911778688,LONGXIAUSDT,Sell,2950,0.0634,"{""T"":1790911778688,""s"":""LONGXIAUSDT"",""S"":""Sell"",""v"":""2950"",""p"":""0.0634""}"
2026-10-02T03:29:39.329770Z,1790911778906,LONGXIAUSDT,Sell,872,0.0641,"{""T"":1790911778906,""s"":""LONGXIAUSDT"",""S"":""Sell"",""v"":""872"",""p"":""0.0641""}"
2026-10-02T03:29:39.329770Z,1790911778936,LONGXIAUSDT,Sell,167,0.0644,"{""T"":1790911778936,""s"":""LONGXIAUSDT"",""S"":""Sell"",""v"":""167"",""p"":""0.0644""}"
2026-10-02T03:29:39.329770Z,1790911778951,LONGXIAUSDT,Sell,12312,0.0628,"{""T"":1790911778951,""s"":""LONGXIAUSDT"",""S"":""Sell"",""v"":""12312"",""p"":""0.0628""}"
2026-10-02T03:29:39.329770Z,1790911778954,LONGXIAUSDT,Sell,3730,0.0639,"{""T"":1790911778954,""s"":""LONGXIAUSDT"",""S"":""Sell"",""v"":""3730"",""p"":""0.0639""}"
2026-10-02T03:29:39.329770Z,1790911779138,LONGXIAUSDT,Sell,9074,0.0645,"{""T"":1790911779138,""s"":""LONGXIAUSDT"",""S"":""Sell"",""v"":""9074"",""p"":""0.0645""}"
2026-10-02T03:29:39.829565Z,1790911779720,LONGXIAUSDT,Sell,446,0.0645,"{""T"":1790911779720,""s"":""LONGXIAUSDT"",""S"":""Sell"",""v"":""446"",""p"":""0.0645""}"
2026-10-02T03:30:02.636468Z,1790911802526,MOVRUSDT,Buy,2.9,2.6740,"{""T"":1790911802526,""s"":""MOVRUSDT"",""S"":""Buy"",""v"":""2.9"",""p"":""2.6740""}"
2026-10-02T03:30:02.636468Z,1790911802545,MOVRUSDT,Buy,111.4,2.6710,"{""T"":1790911802545,""s"":""MOVRUSDT"",""S"":""Buy"",""v"":""111.4"",""p"":""2.6710""}"
2026-10-02T03:30:03.136099Z,1790911802555,MOVRUSDT,Buy,6.6,2.6760,"{""T"":1790911802555,""s"":""MOVRUSDT"",""S"":""Buy"",""v"":""6.6"",""p"":""2.6760""}"
2026-10-02T03:30:03.136099Z,1790911802704,MOVRUSDT,Buy,4.8,2.6650,"{""T"":1790911802704,""s"":""MOVRUSDT"",""S"":""Buy"",""v"":""4.8"",""p"":""2.6650""}"
2026-10-02T03:30:03.136099Z,1790911802889,MOVRUSDT,Buy,2.1,2.6690,"{""T"":1790911802889,""s"":""MOVRUSDT"",""S"":""Buy"",""v"":""2.1"",""p"":""2.6690""}"
2026-10-02T03:30:03.636625Z,1790911803214,MOVRUSDT,Buy,3.5,2.6600,"{""T"":1790911803214,""s"":""MOVRUSDT"",""S"":""Buy"",""v"":""3.5"",""p"":""2.6600""}"
2026-10-02T03:30:04.136399Z,1790911803753,MOVRUSDT,Buy,66.2,2.6500,"{""T"":1790911803753,""s"":""MOVRUSDT"",""S"":""Buy"",""v"":""66.2"",""p"":""2.6500""}"
2026-10-02T03:30:04.136399Z,1790911803915,MOVRUSDT,Buy,1819.1,2.6550,"{""T"":1790911803915,""s"":""MOVRUSDT"",""S"":""Buy"",""v"":""1819.1"",""p"":""2.6550""}"
2026-10-02T03:30:05.636410Z,1790911805098,MOVRUSDT,Buy,1839.9,2.6480,"{""T"":1790911805098,""s"":""MOVRUSDT"",""S"":""Buy"",""v"":""1839.9"",""p"":""2.6480""}"
2026-10-02T03:30:05.636410Z,1790911805190,MOVRUSDT,Buy,2.0,2.6480,"{""T"":1790911805190,""s"":""MOVRUSDT"",""S"":""Buy"",""v"":""2.0"",""p"":""2.6480""}"
2026-10-02T03:30:05.636410Z,1790911805217,MOVRUSDT,Buy,54.0,2.6460,"{""T"":1790911805217,""s"":""MOVRUSDT"",""S"":""Buy"",""v"":""54.0"",""p"":""2.6460""}"
2026-10-02T03:30:05.636410Z,1790911805281,MOVRUSDT,Buy,226.8,2.6190,"{""T"":1790911805281,""s"":""MOVRUSDT"",""S"":""Buy"",""v"":""226.8"",""p"":""2.6190""}"
2026-10-02T03:30:05.636410Z,1790911805294,MOVRUSDT,Buy,93.5,2.6310,"{""T"":1790911805294,""s"":""MOVRUSDT"",""S"":""Buy"",""v"":""93.5"",""p"":""2.6310""}"
2026-10-02T03:30:05.636410Z,1790911805329,MOVRUSDT,Buy,44.7,2.5960,"{""T"":1790911805329,""s"":""MOVRUSDT"",""S"":""Buy"",""v"":""44.7"",""p"":""2.5960""}"
2026-10-02T03:30:05.636410Z,1790911805341,MOVRUSDT,Buy,129.4,2.6300,"{""T"":1790911805341,""s"":""MOVRUSDT"",""S"":""Buy"",""v"":""129.4"",""p"":""2.6300""}"
2026-10-02T03:30:05.636410Z,1790911805372,MOVRUSDT,Buy,119.3,2.6140,"{""T"":1790911805372,""s"":""MOVRUSDT"",""S"":""Buy"",""v"":""119.3"",""p"":""2.6140""}"
2026-10-02T03:30:05.636410Z,1790911805378,MOVRUSDT,Buy,10.8,2.5940,"{""T"":1790911805378,""s"":""MOVRUSDT"",""S"":""Buy"",""v"":""10.8"",""p"":""2.5940""}"
2026-10-02T03:30:05.636410Z,1790911805438,MOVRUSDT,Buy,35.7,2.6110,"{""T"":1790911805438,""s"":""MOVRUSDT"",""S"":""Buy"",""v"":""35.7"",""p"":""2.6110""}"
2026-10-02T03:30:05.636410Z,1790911805540,MOVRUSDT,Buy,129.2,2.6100,"{""T"":1790911805540,""s"":""MOVRUSDT"",""S"":""Buy"",""v"":""129.2"",""p"":""2.6100""}"
2026-10-02T03:30:06.136113Z,1790911805574,MOVRUSDT,Buy,61.0,2.6330,"{""T"":1790911805574,""s"":""MOVRUSDT"",""S"":""Buy"",""v"":""61.0"",""p"":""2.6330""}"
2026-10-02T03:30:06.136113Z,1790911805701,MOVRUSDT,Buy,7.6,2.6030,"{""T"":1790911805701,""s"":""MOVRUSDT"",""S"":""Buy"",""v"":""7.6"",""p"":""2.6030""}"
2026-10-02T03:30:06.136113Z,1790911805738,MOVRUSDT,Buy,91.0,2.6370,"{""T"":1790911805738,""s"":""MOVRUSDT"",""S"":""Buy"",""v"":""91.0"",""p"":""2.6370""}"
2026-10-02T03:30:06.136113Z,1790911805739,MOVRUSDT,Buy,670.6,2.6300,"{""T"":1790911805739,""s"":""MOVRUSDT"",""S"":""Buy"",""v"":""670.6"",""p"":""2.6300""}"
2026-10-02T03:30:06.136113Z,1790911805758,MOVRUSDT,Buy,11.3,2.5990,"{""T"":1790911805758,""s"":""MOVRUSDT"",""S"":""Buy"",""v"":""11.3"",""p"":""2.5990""}"
2026-10-02T03:30:06.136113Z,1790911805758,MOVRUSDT,Buy,104.9,2.6330,"{""T"":1790911805758,""s"":""MOVRUSDT"",""S"":""Buy"",""v"":""104.9"",""p"":""2.6330""}"
2026-10-02T03:30:06.136113Z,1790911805770,MOVRUSDT,Buy,47.6,2.6130,"{""T"":1790911805770,""s"":""MOVRUSDT"",""S"":""Buy"",""v"":""47.6"",""p"":""2.6130""}"
2026-10-02T03:30:06.136113Z,1790911805788,MOVRUSDT,Buy,980.4,2.6140,"{""T"":1790911805788,""s"":""MOVRUSDT"",""S"":""Buy"",""v"":""980.4"",""p"":""2.6140""}"
2026-10-02T03:30:06.136113Z,1790911805804,MOVRUSDT,Buy,4.6,2.6440,"{""T"":1790911805804,""s"":""MOVRUSDT"",""S"":""Buy"",""v"":""4.6"",""p"":""2.6440""}"
2026-10-02T03:30:06.136113Z,1790911805836,MOVRUSDT,Buy,19.9,2.6410,"{""T"":1790911805836,""s"":""MOVRUSDT"",""S"":""Buy"",""v"":""19.9"",""p"":""2.6410""}"
2026-10-02T03:30:06.136113Z,1790911805928,MOVRUSDT,Buy,135.9,2.6020,"{""T"":1790911805928,""s"":""MOVRUSDT"",""S"":""Buy"",""v"":""135.9"",""p"":""2.6020""}"
2026-10-02T03:30:06.136113Z,1790911805932,MOVRUSDT,Buy,37.1,2.5930,"{""T"":1790911805932,""s"":""MOVRUSDT"",""S"":""Buy"",""v"":""37.1"",""p"":""2.5930""}"
2026-10-02T03:30:06.136113Z,1790911805982,MOVRUSDT,Buy,3.1,2.6250,"{""T"":1790911805982,""s"":""MOVRUSDT"",""S"":""Buy"",""v"":""3.1"",""p"":""2.6250""}"
2026-10-02T03:30:06.330172Z,1790911805788,LONGXIAUSDT,Sell,7484,0.0640,"{""T"":1790911805788,""s"":""LONGXIAUSDT"",""S"":""Sell"",""v"":""7484"",""p"":""0.0640""}"
2026-10-02T03:30:06.635985Z,1790911806141,MOVRUSDT,Buy,19.3,2.6260,"{""T"":1790911806141,""s"":""MOVRUSDT"",""S"":""Buy"",""v"":""19.3"",""p"":""2.6260""}"
2026-10-02T03:30:08.636134Z,1790911808124,MOVRUSDT,Buy,174.7,2.6000,"{""T"":1790911808124,""s"":""MOVRUSDT"",""S"":""Buy"",""v"":""174.7"",""p"":""2.6000""}"
2026-10-02T03:30:12.136658Z,1790911811897,MOVRUSDT,Buy,17.7,2.5900,"{""T"":1790911811897,""s"":""MOVRUSDT"",""S"":""Buy"",""v"":""17.7"",""p"":""2.5900""}"
2026-10-02T03:30:12.636355Z,1790911812057,MOVRUSDT,Buy,131.5,2.5830,"{""T"":1790911812057,""s"":""MOVRUSDT"",""S"":""Buy"",""v"":""131.5"",""p"":""2.5830""}"
2026-10-02T03:30:20.066497Z,1790911819895,BTCUSDT,Sell,0.037,85532.90,"{""T"":1790911819895,""s"":""BTCUSDT"",""S"":""Sell"",""v"":""0.037"",""p"":""85532.90""}"
2026-10-02T03:30:20.136287Z,1790911819895,MOVRUSDT,Buy,69.1,2.5860,"{""T"":1790911819895,""s"":""MOVRUSDT"",""S"":""Buy"",""v"":""69.1"",""p"":""2.5860""}"
2026-10-02T03:30:24.497541Z,1790911824407,TMXUSDT,Buy,18455,0.01319,"{""T"":1790911824407,""s"":""TMXUSDT"",""S"":""Buy"",""v"":""18455"",""p"":""0.01319""}"
2026-10-02T03:30:24.636992Z,1790911824118,MOVRUSDT,Buy,4.5,2.5610,"{""T"":1790911824118,""s"":""MOVRUSDT"",""S"":""Buy"",""v"":""4.5"",""p"":""2.5610""}"
2026-10-02T03:30:24.636992Z,1790911824331,MOVRUSDT,Buy,35.8,2.5650,"{""T"":1790911824331,""s"":""MOVRUSDT"",""S"":""Buy"",""v"":""35.8"",""p"":""2.5650""}"
2026-10-02T03:30:24.636992Z,1790911824407,MOVRUSDT,Buy,136.5,2.5650,"{""T"":1790911824407,""s"":""MOVRUSDT"",""S"":""Buy"",""v"":""136.5"",""p"":""2.5650""}"
2026-10-02T03:30:25.636270Z,1790911825060,MOVRUSDT,Buy,114.1,2.5660,"{""T"":1790911825060,""s"":""MOVRUSDT"",""S"":""Buy"",""v"":""114.1"",""p"":""2.5660""}"
2026-10-02T03:30:27.136604Z,1790911826834,MOVRUSDT,Buy,33.6,2.5560,"{""T"":1790911826834,""s"":""MOVRUSDT"",""S"":""Buy"",""v"":""33.6"",""p"":""2.5560""}"
2026-10-02T03:30:34.636653Z,1790911834395,MOVRUSDT,Buy,6.5,2.5480,"{""T"":1790911834395,""s"":""MOVRUSDT"",""S"":""Buy"",""v"":""6.5"",""p"":""2.5480""}"
2026-10-02T03:30:37.136011Z,1790911836981,MOVRUSDT,Buy,1.2,2.5420,"{""T"":1790911836981,""s"":""MOVRUSDT"",""S"":""Buy"",""v"":""1.2"",""p"":""2.5420""}"
2026-10-02T03:30:38.137163Z,1790911837680,MOVRUSDT,Buy,19.1,2.5390,"{""T"":1790911837680,""s"":""MOVRUSDT"",""S"":""Buy"",""v"":""19.1"",""p"":""2.5390""}"
2026-10-02T03:30:42.636098Z,1790911842100,MOVRUSDT,Buy,88.2,2.5200,"{""T"":1790911842100,""s"":""MOVRUSDT"",""S"":""Buy"",""v"":""88.2"",""p"":""2.5200""}"
2026-10-02T03:30:46.636174Z,1790911846363,MOVRUSDT,Buy,63.9,2.5130,"{""T"":1790911846363,""s"":""MOVRUSDT"",""S"":""Buy"",""v"":""63.9"",""p"":""2.5130""}"
2026-10-02T03:30:47.566487Z,1790911847188,BTCUSDT,Sell,0.002,85552.90,"{""T"":1790911847188,""s"":""BTCUSDT"",""S"":""Sell"",""v"":""0.002"",""p"":""85552.90""}"
2026-10-02T03:30:51.136061Z,1790911850922,MOVRUSDT,Buy,20.8,2.5080,"{""T"":1790911850922,""s"":""MOVRUSDT"",""S"":""Buy"",""v"":""20.8"",""p"":""2.5080""}"
2026-10-02T03:30:52.636256Z,1790911852518,MOVRUSDT,Buy,238.4,2.5040,"{""T"":1790911852518,""s"":""MOVRUSDT"",""S"":""Buy"",""v"":""238.4"",""p"":""2.5040""}"
2026-10-02T03:30:55.636651Z,1790911855362,MOVRUSDT,Buy,1608.5,2.4980,"{""T"":1790911855362,""s"":""MOVRUSDT"",""S"":""Buy"",""v"":""1608.5"",""p"":""2.4980""}"
2026-10-02T03:30:56.136098Z,1790911855562,MOVRUSDT,Buy,253.9,2.4980,"{""T"":1790911855562,""s"":""MOVRUSDT"",""S"":""Buy"",""v"":""253.9"",""p"":""2.4980""}"
2026-10-02T03:30:56.136098Z,1790911855995,MOVRUSDT,Buy,35.7,2.4930,"{""T"":1790911855995,""s"":""MOVRUSDT"",""S"":""Buy"",""v"":""35.7"",""p"":""2.4930""}"
2026-10-02T03:30:56.636307Z,1790911856098,MOVRUSDT,Buy,27.2,2.4910,"{""T"":1790911856098,""s"":""MOVRUSDT"",""S"":""Buy"",""v"":""27.2"",""p"":""2.4910""}"
2026-10-02T03:30:57.136502Z,1790911856932,MOVRUSDT,Buy,70.6,2.4860,"{""T"":1790911856932,""s"":""MOVRUSDT"",""S"":""Buy"",""v"":""70.6"",""p"":""2.4860""}"
2026-10-02T03:31:39.020631Z,1790911898714,NEARUSDT,Sell,2.8,4.9460,"{""T"":1790911898714,""s"":""NEARUSDT"",""S"":""Sell"",""v"":""2.8"",""p"":""4.9460""}"
2026-10-02T03:31:39.956324Z,1790911899652,QNTUSDT,Buy,2.89,246.53,"{""T"":1790911899652,""s"":""QNTUSDT"",""S"":""Buy"",""v"":""2.89"",""p"":""246.53""}"
2026-10-02T03:31:40.329698Z,1790911899890,LONGXIAUSDT,Sell,100,0.0661,"{""T"":1790911899890,""s"":""LONGXIAUSDT"",""S"":""Sell"",""v"":""100"",""p"":""0.0661""}"
2026-10-02T03:31:40.329698Z,1790911899908,LONGXIAUSDT,Sell,22531,0.0668,"{""T"":1790911899908,""s"":""LONGXIAUSDT"",""S"":""Sell"",""v"":""22531"",""p"":""0.0668""}"
2026-10-02T03:31:40.829843Z,1790911900383,LONGXIAUSDT,Sell,9000,0.0663,"{""T"":1790911900383,""s"":""LONGXIAUSDT"",""S"":""Sell"",""v"":""9000"",""p"":""0.0663""}"
2026-10-02T03:31:40.829843Z,1790911900554,LONGXIAUSDT,Sell,198,0.0666,"{""T"":1790911900554,""s"":""LONGXIAUSDT"",""S"":""Sell"",""v"":""198"",""p"":""0.0666""}"
2026-10-02T03:31:48.636185Z,1790911908196,STRKUSDT,Sell,3000.0,0.04473,"{""T"":1790911908196,""s"":""STRKUSDT"",""S"":""Sell"",""v"":""3000.0"",""p"":""0.04473""}"
2026-10-02T03:32:00.636337Z,1790911920547,MOVRUSDT,Sell,600.0,2.6940,"{""T"":1790911920547,""s"":""MOVRUSDT"",""S"":""Sell"",""v"":""600.0"",""p"":""2.6940""}"
2026-10-02T03:32:01.136298Z,1790911920671,MOVRUSDT,Sell,146.9,2.6980,"{""T"":1790911920671,""s"":""MOVRUSDT"",""S"":""Sell"",""v"":""146.9"",""p"":""2.6980""}"
2026-10-02T03:32:01.636810Z,1790911921442,MOVRUSDT,Sell,8.6,2.7040,"{""T"":1790911921442,""s"":""MOVRUSDT"",""S"":""Sell"",""v"":""8.6"",""p"":""2.7040""}"
2026-10-02T03:32:08.829590Z,1790911928283,LONGXIAUSDT,Sell,1900,0.0671,"{""T"":1790911928283,""s"":""LONGXIAUSDT"",""S"":""Sell"",""v"":""1900"",""p"":""0.0671""}"
2026-10-02T03:32:08.829590Z,1790911928668,LONGXIAUSDT,Sell,66,0.0670,"{""T"":1790911928668,""s"":""LONGXIAUSDT"",""S"":""Sell"",""v"":""66"",""p"":""0.0670""}"
2026-10-02T03:32:09.329565Z,1790911928884,LONGXIAUSDT,Sell,1696,0.0674,"{""T"":1790911928884,""s"":""LONGXIAUSDT"",""S"":""Sell"",""v"":""1696"",""p"":""0.0674""}"
2026-10-02T03:32:09.329565Z,1790911928915,LONGXIAUSDT,Sell,688,0.0671,"{""T"":1790911928915,""s"":""LONGXIAUSDT"",""S"":""Sell"",""v"":""688"",""p"":""0.0671""}"
2026-10-02T03:32:09.329565Z,1790911929121,LONGXIAUSDT,Sell,2413,0.0678,"{""T"":1790911929121,""s"":""LONGXIAUSDT"",""S"":""Sell"",""v"":""2413"",""p"":""0.0678""}"
2026-10-02T03:32:09.829700Z,1790911929718,LONGXIAUSDT,Sell,601,0.0676,"{""T"":1790911929718,""s"":""LONGXIAUSDT"",""S"":""Sell"",""v"":""601"",""p"":""0.0676""}"
2026-10-02T03:33:44.636070Z,1790912024318,MOVRUSDT,Sell,87.6,2.7490,"{""T"":1790912024318,""s"":""MOVRUSDT"",""S"":""Sell"",""v"":""87.6"",""p"":""2.7490""}"
2026-10-02T03:34:02.987856Z,1790912042473,USUSDT,Buy,2720,0.036170,"{""T"":1790912042473,""s"":""USUSDT"",""S"":""Buy"",""v"":""2720"",""p"":""0.036170""}"
2026-10-02T03:34:43.016627Z,1790912082564,NEARUSDT,Buy,60.8,4.8700,"{""T"":1790912082564,""s"":""NEARUSDT"",""S"":""Buy"",""v"":""60.8"",""p"":""4.8700""}"
2026-10-02T03:34:57.329922Z,1790912096935,LONGXIAUSDT,Buy,82331,0.0576,"{""T"":1790912096935,""s"":""LONGXIAUSDT"",""S"":""Buy"",""v"":""82331"",""p"":""0.0576""}"
2026-10-02T03:34:58.829630Z,1790912098248,LONGXIAUSDT,Buy,10363,0.0573,"{""T"":1790912098248,""s"":""LONGXIAUSDT"",""S"":""Buy"",""v"":""10363"",""p"":""0.0573""}"
2026-10-02T03:34:58.829630Z,1790912098430,LONGXIAUSDT,Buy,3255,0.0575,"{""T"":1790912098430,""s"":""LONGXIAUSDT"",""S"":""Buy"",""v"":""3255"",""p"":""0.0575""}"
2026-10-02T03:34:58.829630Z,1790912098680,LONGXIAUSDT,Buy,323,0.0572,"{""T"":1790912098680,""s"":""LONGXIAUSDT"",""S"":""Buy"",""v"":""323"",""p"":""0.0572""}"
2026-10-02T03:34:59.329394Z,1790912099046,LONGXIAUSDT,Buy,1797,0.0573,"{""T"":1790912099046,""s"":""LONGXIAUSDT"",""S"":""Buy"",""v"":""1797"",""p"":""0.0573""}"
2026-10-02T03:34:59.956399Z,1790912099690,QNTUSDT,Buy,0.33,245.68,"{""T"":1790912099690,""s"":""QNTUSDT"",""S"":""Buy"",""v"":""0.33"",""p"":""245.68""}"
2026-10-02T03:35:00.329892Z,1790912099999,LONGXIAUSDT,Buy,1628,0.0554,"{""T"":1790912099999,""s"":""LONGXIAUSDT"",""S"":""Buy"",""v"":""1628"",""p"":""0.0554""}"
2026-10-02T03:35:00.329892Z,1790912100012,LONGXIAUSDT,Buy,8601,0.0558,"{""T"":1790912100012,""s"":""LONGXIAUSDT"",""S"":""Buy"",""v"":""8601"",""p"":""0.0558""}"
2026-10-02T03:35:01.329505Z,1790912101240,LONGXIAUSDT,Buy,4155,0.0552,"{""T"":1790912101240,""s"":""LONGXIAUSDT"",""S"":""Buy"",""v"":""4155"",""p"":""0.0552""}"
2026-10-02T03:35:02.329597Z,1790912101767,LONGXIAUSDT,Buy,2191,0.0551,"{""T"":1790912101767,""s"":""LONGXIAUSDT"",""S"":""Buy"",""v"":""2191"",""p"":""0.0551""}"
2026-10-02T03:35:02.329597Z,1790912101796,LONGXIAUSDT,Buy,1626,0.0553,"{""T"":1790912101796,""s"":""LONGXIAUSDT"",""S"":""Buy"",""v"":""1626"",""p"":""0.0553""}"
2026-10-02T03:35:04.329586Z,1790912103794,LONGXIAUSDT,Buy,3129,0.0549,"{""T"":1790912103794,""s"":""LONGXIAUSDT"",""S"":""Buy"",""v"":""3129"",""p"":""0.0549""}"
2026-10-02T03:35:04.329586Z,1790912104045,LONGXIAUSDT,Buy,19180,0.0543,"{""T"":1790912104045,""s"":""LONGXIAUSDT"",""S"":""Buy"",""v"":""19180"",""p"":""0.0543""}"
2026-10-02T03:35:05.329877Z,1790912104754,LONGXIAUSDT,Buy,20277,0.0541,"{""T"":1790912104754,""s"":""LONGXIAUSDT"",""S"":""Buy"",""v"":""20277"",""p"":""0.0541""}"
2026-10-02T03:35:05.329877Z,1790912104986,LONGXIAUSDT,Buy,1181,0.0530,"{""T"":1790912104986,""s"":""LONGXIAUSDT"",""S"":""Buy"",""v"":""1181"",""p"":""0.0530""}"
2026-10-02T03:35:05.329877Z,1790912105073,LONGXIAUSDT,Buy,16694,0.0540,"{""T"":1790912105073,""s"":""LONGXIAUSDT"",""S"":""Buy"",""v"":""16694"",""p"":""0.0540""}"
2026-10-02T03:35:05.329877Z,1790912105100,LONGXIAUSDT,Buy,527,0.0521,"{""T"":1790912105100,""s"":""LONGXIAUSDT"",""S"":""Buy"",""v"":""527"",""p"":""0.0521""}"
2026-10-02T03:35:05.329877Z,1790912105219,LONGXIAUSDT,Buy,1193,0.0528,"{""T"":1790912105219,""s"":""LONGXIAUSDT"",""S"":""Buy"",""v"":""1193"",""p"":""0.0528""}"
2026-10-02T03:35:05.329877Z,1790912105230,LONGXIAUSDT,Buy,853,0.0529,"{""T"":1790912105230,""s"":""LONGXIAUSDT"",""S"":""Buy"",""v"":""853"",""p"":""0.0529""}"
2026-10-02T03:35:05.829912Z,1790912105326,LONGXIAUSDT,Buy,1727,0.0522,"{""T"":1790912105326,""s"":""LONGXIAUSDT"",""S"":""Buy"",""v"":""1727"",""p"":""0.0522""}"
2026-10-02T03:35:05.829912Z,1790912105378,LONGXIAUSDT,Buy,36803,0.0533,"{""T"":1790912105378,""s"":""LONGXIAUSDT"",""S"":""Buy"",""v"":""36803"",""p"":""0.0533""}"
2026-10-02T03:35:05.829912Z,1790912105501,LONGXIAUSDT,Buy,8671,0.0534,"{""T"":1790912105501,""s"":""LONGXIAUSDT"",""S"":""Buy"",""v"":""8671"",""p"":""0.0534""}"
2026-10-02T03:35:06.329555Z,1790912105807,LONGXIAUSDT,Buy,2506,0.0532,"{""T"":1790912105807,""s"":""LONGXIAUSDT"",""S"":""Buy"",""v"":""2506"",""p"":""0.0532""}"
2026-10-02T03:35:08.329510Z,1790912107745,LONGXIAUSDT,Buy,186,0.0518,"{""T"":1790912107745,""s"":""LONGXIAUSDT"",""S"":""Buy"",""v"":""186"",""p"":""0.0518""}"
2026-10-02T03:35:09.330119Z,1790912108881,LONGXIAUSDT,Buy,6468,0.0515,"{""T"":1790912108881,""s"":""LONGXIAUSDT"",""S"":""Buy"",""v"":""6468"",""p"":""0.0515""}"
2026-10-02T03:35:09.330119Z,1790912108914,LONGXIAUSDT,Buy,154,0.0515,"{""T"":1790912108914,""s"":""LONGXIAUSDT"",""S"":""Buy"",""v"":""154"",""p"":""0.0515""}"
2026-10-02T03:35:13.329389Z,1790912112745,LONGXIAUSDT,Buy,4940,0.0505,"{""T"":1790912112745,""s"":""LONGXIAUSDT"",""S"":""Buy"",""v"":""4940"",""p"":""0.0505""}"
2026-10-02T03:35:28.329835Z,1790912128139,LONGXIAUSDT,Sell,19000,0.0602,"{""T"":1790912128139,""s"":""LONGXIAUSDT"",""S"":""Sell"",""v"":""19000"",""p"":""0.0602""}"
2026-10-02T03:35:28.329835Z,1790912128227,LONGXIAUSDT,Sell,3817,0.0592,"{""T"":1790912128227,""s"":""LONGXIAUSDT"",""S"":""Sell"",""v"":""3817"",""p"":""0.0592""}"
2026-10-02T03:35:28.829472Z,1790912128667,LONGXIAUSDT,Sell,5395,0.0602,"{""T"":1790912128667,""s"":""LONGXIAUSDT"",""S"":""Sell"",""v"":""5395"",""p"":""0.0602""}"
2026-10-02T03:35:28.829472Z,1790912128680,LONGXIAUSDT,Sell,36468,0.0588,"{""T"":1790912128680,""s"":""LONGXIAUSDT"",""S"":""Sell"",""v"":""36468"",""p"":""0.0588""}"
2026-10-02T03:35:28.829472Z,1790912128728,LONGXIAUSDT,Sell,1317,0.0598,"{""T"":1790912128728,""s"":""LONGXIAUSDT"",""S"":""Sell"",""v"":""1317"",""p"":""0.0598""}"
2026-10-02T03:35:29.329413Z,1790912129218,LONGXIAUSDT,Sell,3509,0.0623,"{""T"":1790912129218,""s"":""LONGXIAUSDT"",""S"":""Sell"",""v"":""3509"",""p"":""0.0623""}"
2026-10-02T03:35:30.829579Z,1790912130279,LONGXIAUSDT,Sell,9292,0.0627,"{""T"":1790912130279,""s"":""LONGXIAUSDT"",""S"":""Sell"",""v"":""9292"",""p"":""0.0627""}"
2026-10-02T03:35:30.829579Z,1790912130665,LONGXIAUSDT,Sell,1159,0.0625,"{""T"":1790912130665,""s"":""LONGXIAUSDT"",""S"":""Sell"",""v"":""1159"",""p"":""0.0625""}"
2026-10-02T03:36:19.830031Z,1790912179358,LONGXIAUSDT,Buy,85034,0.0531,"{""T"":1790912179358,""s"":""LONGXIAUSDT"",""S"":""Buy"",""v"":""85034"",""p"":""0.0531""}"
2026-10-02T03:36:20.329849Z,1790912180017,LONGXIAUSDT,Buy,244,0.0529,"{""T"":1790912180017,""s"":""LONGXIAUSDT"",""S"":""Buy"",""v"":""244"",""p"":""0.0529""}"
2026-10-02T03:36:20.329849Z,1790912180024,LONGXIAUSDT,Buy,8448,0.0531,"{""T"":1790912180024,""s"":""LONGXIAUSDT"",""S"":""Buy"",""v"":""8448"",""p"":""0.0531""}"
2026-10-02T03:36:20.829625Z,1790912180333,LONGXIAUSDT,Buy,136792,0.0525,"{""T"":1790912180333,""s"":""LONGXIAUSDT"",""S"":""Buy"",""v"":""136792"",""p"":""0.0525""}"
2026-10-02T03:36:20.829625Z,1790912180389,LONGXIAUSDT,Buy,1000,0.0527,"{""T"":1790912180389,""s"":""LONGXIAUSDT"",""S"":""Buy"",""v"":""1000"",""p"":""0.0527""}"
2026-10-02T03:36:21.329948Z,1790912180959,LONGXIAUSDT,Buy,413,0.0529,"{""T"":1790912180959,""s"":""LONGXIAUSDT"",""S"":""Buy"",""v"":""413"",""p"":""0.0529""}"
2026-10-02T03:36:21.329948Z,1790912180959,LONGXIAUSDT,Buy,1339,0.0529,"{""T"":1790912180959,""s"":""LONGXIAUSDT"",""S"":""Buy"",""v"":""1339"",""p"":""0.0529""}"
2026-10-02T03:36:40.314077Z,1790912200124,PUMPFUNUSDT,Buy,1900,0.0056730,"{""T"":1790912200124,""s"":""PUMPFUNUSDT"",""S"":""Buy"",""v"":""1900"",""p"":""0.0056730""}"
2026-10-02T03:36:54.487502Z,1790912213943,NIGHTUSDT,Buy,7150,0.03783,"{""T"":1790912213943,""s"":""NIGHTUSDT"",""S"":""Buy"",""v"":""7150"",""p"":""0.03783""}"
2026-10-02T03:37:06.987462Z,1790912226833,USUSDT,Buy,4940,0.035720,"{""T"":1790912226833,""s"":""USUSDT"",""S"":""Buy"",""v"":""4940"",""p"":""0.035720""}"
2026-10-02T03:37:08.016564Z,1790912227895,NEARUSDT,Buy,8.5,4.8140,"{""T"":1790912227895,""s"":""NEARUSDT"",""S"":""Buy"",""v"":""8.5"",""p"":""4.8140""}"
2026-10-02T03:37:16.136888Z,1790912235569,STRKUSDT,Buy,114537.4,0.04308,"{""T"":1790912235569,""s"":""STRKUSDT"",""S"":""Buy"",""v"":""114537.4"",""p"":""0.04308""}"
2026-10-02T03:37:21.987532Z,1790912241834,USUSDT,Buy,6170,0.035560,"{""T"":1790912241834,""s"":""USUSDT"",""S"":""Buy"",""v"":""6170"",""p"":""0.035560""}"
2026-10-02T03:37:40.829934Z,1790912260743,NOMUSDT,Buy,125740,0.002657,"{""T"":1790912260743,""s"":""NOMUSDT"",""S"":""Buy"",""v"":""125740"",""p"":""0.002657""}"
2026-10-02T03:38:14.636607Z,1790912294470,MOVRUSDT,Sell,29.1,2.7650,"{""T"":1790912294470,""s"":""MOVRUSDT"",""S"":""Sell"",""v"":""29.1"",""p"":""2.7650""}"
2026-10-02T03:38:22.987112Z,1790912302828,USUSDT,Sell,3970,0.039080,"{""T"":1790912302828,""s"":""USUSDT"",""S"":""Sell"",""v"":""3970"",""p"":""0.039080""}"
2026-10-02T03:38:23.987066Z,1790912303603,USUSDT,Sell,1170,0.039130,"{""T"":1790912303603,""s"":""USUSDT"",""S"":""Sell"",""v"":""1170"",""p"":""0.039130""}"
2026-10-02T03:38:28.487079Z,1790912308375,USUSDT,Sell,25000,0.039450,"{""T"":1790912308375,""s"":""USUSDT"",""S"":""Sell"",""v"":""25000"",""p"":""0.039450""}"
2026-10-02T03:38:37.487401Z,1790912317204,USUSDT,Sell,1250,0.039980,"{""T"":1790912317204,""s"":""USUSDT"",""S"":""Sell"",""v"":""1250"",""p"":""0.039980""}"
2026-10-02T03:38:37.987142Z,1790912317670,USUSDT,Sell,2000,0.040120,"{""T"":1790912317670,""s"":""USUSDT"",""S"":""Sell"",""v"":""2000"",""p"":""0.040120""}"
2026-10-02T03:38:37.987142Z,1790912317899,USUSDT,Sell,1200,0.040000,"{""T"":1790912317899,""s"":""USUSDT"",""S"":""Sell"",""v"":""1200"",""p"":""0.040000""}"
2026-10-02T03:38:38.487469Z,1790912318017,USUSDT,Sell,1510,0.040280,"{""T"":1790912318017,""s"":""USUSDT"",""S"":""Sell"",""v"":""1510"",""p"":""0.040280""}"
2026-10-02T03:38:38.497625Z,1790912318017,TMXUSDT,Sell,7127,0.01404,"{""T"":1790912318017,""s"":""TMXUSDT"",""S"":""Sell"",""v"":""7127"",""p"":""0.01404""}"
2026-10-02T03:38:38.563392Z,1790912318016,SOLUSDT,Sell,1.6,120.690,"{""T"":1790912318016,""s"":""SOLUSDT"",""S"":""Sell"",""v"":""1.6"",""p"":""120.690""}"
2026-10-02T03:38:39.487628Z,1790912319350,USUSDT,Sell,2770,0.040590,"{""T"":1790912319350,""s"":""USUSDT"",""S"":""Sell"",""v"":""2770"",""p"":""0.040590""}"
2026-10-02T03:38:39.987360Z,1790912319453,USUSDT,Sell,13120,0.040660,"{""T"":1790912319453,""s"":""USUSDT"",""S"":""Sell"",""v"":""13120"",""p"":""0.040660""}"
2026-10-02T03:38:39.987360Z,1790912319455,USUSDT,Sell,840,0.040440,"{""T"":1790912319455,""s"":""USUSDT"",""S"":""Sell"",""v"":""840"",""p"":""0.040440""}"
2026-10-02T03:38:39.987360Z,1790912319675,USUSDT,Sell,1530,0.040610,"{""T"":1790912319675,""s"":""USUSDT"",""S"":""Sell"",""v"":""1530"",""p"":""0.040610""}"
2026-10-02T03:38:39.987360Z,1790912319750,USUSDT,Sell,16100,0.040680,"{""T"":1790912319750,""s"":""USUSDT"",""S"":""Sell"",""v"":""16100"",""p"":""0.040680""}"
2026-10-02T03:38:40.487631Z,1790912319999,USUSDT,Sell,2230,0.040620,"{""T"":1790912319999,""s"":""USUSDT"",""S"":""Sell"",""v"":""2230"",""p"":""0.040620""}"
2026-10-02T03:38:40.487631Z,1790912320109,USUSDT,Sell,600,0.040670,"{""T"":1790912320109,""s"":""USUSDT"",""S"":""Sell"",""v"":""600"",""p"":""0.040670""}"
2026-10-02T03:38:40.487631Z,1790912320322,USUSDT,Sell,270,0.040700,"{""T"":1790912320322,""s"":""USUSDT"",""S"":""Sell"",""v"":""270"",""p"":""0.040700""}"
2026-10-02T03:38:57.520649Z,1790912336961,NEARUSDT,Sell,595.0,4.9070,"{""T"":1790912336961,""s"":""NEARUSDT"",""S"":""Sell"",""v"":""595.0"",""p"":""4.9070""}"
2026-10-02T03:39:55.066902Z,1790912394775,BTCUSDT,Sell,0.020,85596.10,"{""T"":1790912394775,""s"":""BTCUSDT"",""S"":""Sell"",""v"":""0.020"",""p"":""85596.10""}"
2026-10-02T03:39:55.338661Z,1790912394775,LITUSDT,Buy,99.8,3.7150,"{""T"":1790912394775,""s"":""LITUSDT"",""S"":""Buy"",""v"":""99.8"",""p"":""3.7150""}"
2026-10-02T03:39:55.338661Z,1790912394891,LITUSDT,Buy,192.8,3.7200,"{""T"":1790912394891,""s"":""LITUSDT"",""S"":""Buy"",""v"":""192.8"",""p"":""3.7200""}"
2026-10-02T03:39:58.338467Z,1790912398122,LITUSDT,Buy,19.8,3.7070,"{""T"":1790912398122,""s"":""LITUSDT"",""S"":""Buy"",""v"":""19.8"",""p"":""3.7070""}"
2026-10-02T03:40:04.830145Z,1790912404533,LONGXIAUSDT,Buy,472,0.0506,"{""T"":1790912404533,""s"":""LONGXIAUSDT"",""S"":""Buy"",""v"":""472"",""p"":""0.0506""}"
2026-10-02T03:40:04.830145Z,1790912404716,LONGXIAUSDT,Buy,3815,0.0505,"{""T"":1790912404716,""s"":""LONGXIAUSDT"",""S"":""Buy"",""v"":""3815"",""p"":""0.0505""}"
2026-10-02T03:40:07.830364Z,1790912407262,LONGXIAUSDT,Buy,14292,0.0498,"{""T"":1790912407262,""s"":""LONGXIAUSDT"",""S"":""Buy"",""v"":""14292"",""p"":""0.0498""}"
2026-10-02T03:40:07.830364Z,1790912407524,LONGXIAUSDT,Buy,56587,0.0500,"{""T"":1790912407524,""s"":""LONGXIAUSDT"",""S"":""Buy"",""v"":""56587"",""p"":""0.0500""}"
2026-10-02T03:40:08.329629Z,1790912407784,LONGXIAUSDT,Buy,1627,0.0497,"{""T"":1790912407784,""s"":""LONGXIAUSDT"",""S"":""Buy"",""v"":""1627"",""p"":""0.0497""}"
2026-10-02T03:40:08.329629Z,1790912407797,LONGXIAUSDT,Buy,563,0.0499,"{""T"":1790912407797,""s"":""LONGXIAUSDT"",""S"":""Buy"",""v"":""563"",""p"":""0.0499""}"
2026-10-02T03:40:08.329629Z,1790912407918,LONGXIAUSDT,Buy,182,0.0497,"{""T"":1790912407918,""s"":""LONGXIAUSDT"",""S"":""Buy"",""v"":""182"",""p"":""0.0497""}"
2026-10-02T03:40:10.329733Z,1790912410033,LONGXIAUSDT,Buy,504,0.0496,"{""T"":1790912410033,""s"":""LONGXIAUSDT"",""S"":""Buy"",""v"":""504"",""p"":""0.0496""}"
2026-10-02T03:40:11.329573Z,1790912410771,LONGXIAUSDT,Buy,254,0.0496,"{""T"":1790912410771,""s"":""LONGXIAUSDT"",""S"":""Buy"",""v"":""254"",""p"":""0.0496""}"
2026-10-02T03:40:11.329573Z,1790912410853,LONGXIAUSDT,Buy,388,0.0493,"{""T"":1790912410853,""s"":""LONGXIAUSDT"",""S"":""Buy"",""v"":""388"",""p"":""0.0493""}"
2026-10-02T03:43:47.329588Z,1790912627061,LONGXIAUSDT,Buy,1395,0.0487,"{""T"":1790912627061,""s"":""LONGXIAUSDT"",""S"":""Buy"",""v"":""1395"",""p"":""0.0487""}"
2026-10-02T03:43:49.329599Z,1790912629151,LONGXIAUSDT,Sell,100,0.0566,"{""T"":1790912629151,""s"":""LONGXIAUSDT"",""S"":""Sell"",""v"":""100"",""p"":""0.0566""}"
2026-10-02T03:43:49.830608Z,1790912629396,LONGXIAUSDT,Sell,193,0.0568,"{""T"":1790912629396,""s"":""LONGXIAUSDT"",""S"":""Sell"",""v"":""193"",""p"":""0.0568""}"
2026-10-02T03:43:50.329731Z,1790912629853,LONGXIAUSDT,Sell,280,0.0574,"{""T"":1790912629853,""s"":""LONGXIAUSDT"",""S"":""Sell"",""v"":""280"",""p"":""0.0574""}"
2026-10-02T03:43:50.329731Z,1790912630128,LONGXIAUSDT,Sell,372,0.0574,"{""T"":1790912630128,""s"":""LONGXIAUSDT"",""S"":""Sell"",""v"":""372"",""p"":""0.0574""}"
2026-10-02T03:43:50.329731Z,1790912630156,LONGXIAUSDT,Sell,103,0.0576,"{""T"":1790912630156,""s"":""LONGXIAUSDT"",""S"":""Sell"",""v"":""103"",""p"":""0.0576""}"
2026-10-02T03:43:51.329499Z,1790912630867,LONGXIAUSDT,Sell,7572,0.0575,"{""T"":1790912630867,""s"":""LONGXIAUSDT"",""S"":""Sell"",""v"":""7572"",""p"":""0.0575""}"
2026-10-02T03:43:51.830342Z,1790912631640,LONGXIAUSDT,Sell,568,0.0577,"{""T"":1790912631640,""s"":""LONGXIAUSDT"",""S"":""Sell"",""v"":""568"",""p"":""0.0577""}"
2026-10-02T03:44:14.914993Z,1790912654547,1000PEPEUSDT,Sell,26300,0.0045290,"{""T"":1790912654547,""s"":""1000PEPEUSDT"",""S"":""Sell"",""v"":""26300"",""p"":""0.0045290""}"
2026-10-02T03:44:14.914993Z,1790912654596,1000PEPEUSDT,Sell,1194700,0.0045310,"{""T"":1790912654596,""s"":""1000PEPEUSDT"",""S"":""Sell"",""v"":""1194700"",""p"":""0.0045310""}"
2026-10-02T03:44:14.914993Z,1790912654690,1000PEPEUSDT,Sell,53400,0.0045330,"{""T"":1790912654690,""s"":""1000PEPEUSDT"",""S"":""Sell"",""v"":""53400"",""p"":""0.0045330""}"
2026-10-02T03:48:20.487081Z,1790912900148,USUSDT,Sell,590,0.040530,"{""T"":1790912900148,""s"":""USUSDT"",""S"":""Sell"",""v"":""590"",""p"":""0.040530""}"
2026-10-02T03:49:08.908774Z,1790912948768,ALICEUSDT,Buy,461.5,0.18872,"{""T"":1790912948768,""s"":""ALICEUSDT"",""S"":""Buy"",""v"":""461.5"",""p"":""0.18872""}"
2026-10-02T03:49:10.408579Z,1790912950097,ALICEUSDT,Buy,924.3,0.18812,"{""T"":1790912950097,""s"":""ALICEUSDT"",""S"":""Buy"",""v"":""924.3"",""p"":""0.18812""}"
2026-10-02T03:51:34.958391Z,1790913094728,QNTUSDT,Buy,0.26,246.03,"{""T"":1790913094728,""s"":""QNTUSDT"",""S"":""Buy"",""v"":""0.26"",""p"":""246.03""}"
2026-10-02T03:53:05.068033Z,1790913184954,SOLUSDT,Sell,66.4,121.110,"{""T"":1790913184954,""s"":""SOLUSDT"",""S"":""Sell"",""v"":""66.4"",""p"":""121.110""}"
2026-10-02T03:53:06.456524Z,1790913185882,QNTUSDT,Buy,0.22,244.52,"{""T"":1790913185882,""s"":""QNTUSDT"",""S"":""Buy"",""v"":""0.22"",""p"":""244.52""}"
2026-10-02T03:53:06.456524Z,1790913186075,QNTUSDT,Buy,1.35,244.42,"{""T"":1790913186075,""s"":""QNTUSDT"",""S"":""Buy"",""v"":""1.35"",""p"":""244.42""}"
2026-10-02T03:53:14.563407Z,1790913194412,SOLUSDT,Sell,2.7,121.140,"{""T"":1790913194412,""s"":""SOLUSDT"",""S"":""Sell"",""v"":""2.7"",""p"":""121.140""}"
2026-10-02T03:53:15.063383Z,1790913194711,SOLUSDT,Sell,0.3,121.110,"{""T"":1790913194711,""s"":""SOLUSDT"",""S"":""Sell"",""v"":""0.3"",""p"":""121.110""}"
2026-10-02T03:53:15.564098Z,1790913195044,SOLUSDT,Sell,0.1,121.170,"{""T"":1790913195044,""s"":""SOLUSDT"",""S"":""Sell"",""v"":""0.1"",""p"":""121.170""}"
2026-10-02T03:53:16.063403Z,1790913195480,SOLUSDT,Sell,4.0,121.160,"{""T"":1790913195480,""s"":""SOLUSDT"",""S"":""Sell"",""v"":""4.0"",""p"":""121.160""}"
2026-10-02T03:53:16.063403Z,1790913195703,SOLUSDT,Sell,4.2,121.150,"{""T"":1790913195703,""s"":""SOLUSDT"",""S"":""Sell"",""v"":""4.2"",""p"":""121.150""}"
2026-10-02T03:53:16.063403Z,1790913195921,SOLUSDT,Sell,95.0,121.150,"{""T"":1790913195921,""s"":""SOLUSDT"",""S"":""Sell"",""v"":""95.0"",""p"":""121.150""}"
2026-10-02T03:53:21.487415Z,1790913200942,USUSDT,Sell,960,0.040890,"{""T"":1790913200942,""s"":""USUSDT"",""S"":""Sell"",""v"":""960"",""p"":""0.040890""}"
2026-10-02T03:53:21.487415Z,1790913201166,USUSDT,Sell,2370,0.040900,"{""T"":1790913201166,""s"":""USUSDT"",""S"":""Sell"",""v"":""2370"",""p"":""0.040900""}"
2026-10-02T03:53:31.563374Z,1790913211177,SOLUSDT,Sell,1.4,121.330,"{""T"":1790913211177,""s"":""SOLUSDT"",""S"":""Sell"",""v"":""1.4"",""p"":""121.330""}"
2026-10-02T03:53:31.563374Z,1790913211287,SOLUSDT,Sell,1.0,121.290,"{""T"":1790913211287,""s"":""SOLUSDT"",""S"":""Sell"",""v"":""1.0"",""p"":""121.290""}"
2026-10-02T03:53:32.063374Z,1790913211518,SOLUSDT,Sell,5.5,121.350,"{""T"":1790913211518,""s"":""SOLUSDT"",""S"":""Sell"",""v"":""5.5"",""p"":""121.350""}"
2026-10-02T03:53:32.063374Z,1790913211815,SOLUSDT,Sell,0.9,121.340,"{""T"":1790913211815,""s"":""SOLUSDT"",""S"":""Sell"",""v"":""0.9"",""p"":""121.340""}"
2026-10-02T03:53:32.338672Z,1790913211827,LITUSDT,Sell,2.0,3.8050,"{""T"":1790913211827,""s"":""LITUSDT"",""S"":""Sell"",""v"":""2.0"",""p"":""3.8050""}"
2026-10-02T03:53:32.563423Z,1790913212274,SOLUSDT,Sell,60.0,121.370,"{""T"":1790913212274,""s"":""SOLUSDT"",""S"":""Sell"",""v"":""60.0"",""p"":""121.370""}"
2026-10-02T03:53:38.063731Z,1790913217595,SOLUSDT,Sell,0.2,121.440,"{""T"":1790913217595,""s"":""SOLUSDT"",""S"":""Sell"",""v"":""0.2"",""p"":""121.440""}"
2026-10-02T03:53:38.563737Z,1790913217990,SOLUSDT,Sell,718.7,121.460,"{""T"":1790913217990,""s"":""SOLUSDT"",""S"":""Sell"",""v"":""718.7"",""p"":""121.460""}"
2026-10-02T03:53:39.064216Z,1790913218676,SOLUSDT,Sell,10.5,121.440,"{""T"":1790913218676,""s"":""SOLUSDT"",""S"":""Sell"",""v"":""10.5"",""p"":""121.440""}"
2026-10-02T03:53:43.063920Z,1790913222480,SOLUSDT,Sell,413.7,121.490,"{""T"":1790913222480,""s"":""SOLUSDT"",""S"":""Sell"",""v"":""413.7"",""p"":""121.490""}"
2026-10-02T03:53:46.063770Z,1790913225548,SOLUSDT,Sell,1.0,121.600,"{""T"":1790913225548,""s"":""SOLUSDT"",""S"":""Sell"",""v"":""1.0"",""p"":""121.600""}"
2026-10-02T03:53:46.063770Z,1790913225601,SOLUSDT,Sell,5.1,121.590,"{""T"":1790913225601,""s"":""SOLUSDT"",""S"":""Sell"",""v"":""5.1"",""p"":""121.590""}"
2026-10-02T03:54:04.567519Z,1790913244319,SOLUSDT,Sell,419.2,121.600,"{""T"":1790913244319,""s"":""SOLUSDT"",""S"":""Sell"",""v"":""419.2"",""p"":""121.600""}"
2026-10-02T03:54:05.066786Z,1790913244839,BTCUSDT,Sell,0.070,85742.80,"{""T"":1790913244839,""s"":""BTCUSDT"",""S"":""Sell"",""v"":""0.070"",""p"":""85742.80""}"
2026-10-02T03:54:05.813725Z,1790913245595,HYPEUSDT,Sell,0.17,89.440,"{""T"":1790913245595,""s"":""HYPEUSDT"",""S"":""Sell"",""v"":""0.17"",""p"":""89.440""}"
2026-10-02T03:54:05.909166Z,1790913245596,HBARUSDT,Buy,106,0.10304,"{""T"":1790913245596,""s"":""HBARUSDT"",""S"":""Buy"",""v"":""106"",""p"":""0.10304""}"
2026-10-02T03:54:05.914690Z,1790913245595,1000PEPEUSDT,Sell,200,0.0045230,"{""T"":1790913245595,""s"":""1000PEPEUSDT"",""S"":""Sell"",""v"":""200"",""p"":""0.0045230""}"
2026-10-02T03:54:05.987300Z,1790913245595,ZROUSDT,Buy,3.6,1.7914,"{""T"":1790913245595,""s"":""ZROUSDT"",""S"":""Buy"",""v"":""3.6"",""p"":""1.7914""}"
2026-10-02T03:54:06.016532Z,1790913245595,LTCUSDT,Sell,0.1,69.26,"{""T"":1790913245595,""s"":""LTCUSDT"",""S"":""Sell"",""v"":""0.1"",""p"":""69.26""}"
2026-10-02T03:54:06.063369Z,1790913245595,SOLUSDT,Sell,0.1,121.640,"{""T"":1790913245595,""s"":""SOLUSDT"",""S"":""Sell"",""v"":""0.1"",""p"":""121.640""}"
2026-10-02T03:54:06.066908Z,1790913245596,BTCUSDT,Sell,0.001,85739.10,"{""T"":1790913245596,""s"":""BTCUSDT"",""S"":""Sell"",""v"":""0.001"",""p"":""85739.10""}"
2026-10-02T03:54:06.564253Z,1790913246346,SOLUSDT,Sell,3.3,121.670,"{""T"":1790913246346,""s"":""SOLUSDT"",""S"":""Sell"",""v"":""3.3"",""p"":""121.670""}"
2026-10-02T03:54:06.566400Z,1790913246254,BTCUSDT,Sell,0.066,85746.20,"{""T"":1790913246254,""s"":""BTCUSDT"",""S"":""Sell"",""v"":""0.066"",""p"":""85746.20""}"
2026-10-02T03:54:19.330967Z,1790913258812,LONGXIAUSDT,Buy,1123,0.0484,"{""T"":1790913258812,""s"":""LONGXIAUSDT"",""S"":""Buy"",""v"":""1123"",""p"":""0.0484""}"
2026-10-02T03:54:20.829908Z,1790913260470,LONGXIAUSDT,Buy,10110,0.0484,"{""T"":1790913260470,""s"":""LONGXIAUSDT"",""S"":""Buy"",""v"":""10110"",""p"":""0.0484""}"
2026-10-02T03:54:46.830380Z,1790913286311,LONGXIAUSDT,Buy,109,0.0481,"{""T"":1790913286311,""s"":""LONGXIAUSDT"",""S"":""Buy"",""v"":""109"",""p"":""0.0481""}"
2026-10-02T03:54:46.830380Z,1790913286392,LONGXIAUSDT,Buy,717,0.0482,"{""T"":1790913286392,""s"":""LONGXIAUSDT"",""S"":""Buy"",""v"":""717"",""p"":""0.0482""}"
2026-10-02T03:54:46.830380Z,1790913286709,LONGXIAUSDT,Buy,108,0.0482,"{""T"":1790913286709,""s"":""LONGXIAUSDT"",""S"":""Buy"",""v"":""108"",""p"":""0.0482""}"
2026-10-02T03:55:13.567780Z,1790913313348,BTCUSDT,Sell,0.029,85778.60,"{""T"":1790913313348,""s"":""BTCUSDT"",""S"":""Sell"",""v"":""0.029"",""p"":""85778.60""}"
2026-10-02T03:55:35.063816Z,1790913334560,SOLUSDT,Sell,20.0,121.670,"{""T"":1790913334560,""s"":""SOLUSDT"",""S"":""Sell"",""v"":""20.0"",""p"":""121.670""}"
2026-10-02T03:55:36.066523Z,1790913335971,BTCUSDT,Sell,0.226,85800.90,"{""T"":1790913335971,""s"":""BTCUSDT"",""S"":""Sell"",""v"":""0.226"",""p"":""85800.90""}"
2026-10-02T03:55:36.566656Z,1790913336399,BTCUSDT,Sell,0.001,85794.70,"{""T"":1790913336399,""s"":""BTCUSDT"",""S"":""Sell"",""v"":""0.001"",""p"":""85794.70""}"
2026-10-02T03:55:36.566656Z,1790913336409,BTCUSDT,Sell,0.018,85794.90,"{""T"":1790913336409,""s"":""BTCUSDT"",""S"":""Sell"",""v"":""0.018"",""p"":""85794.90""}"
2026-10-02T03:55:36.566656Z,1790913336443,BTCUSDT,Sell,0.094,85800.00,"{""T"":1790913336443,""s"":""BTCUSDT"",""S"":""Sell"",""v"":""0.094"",""p"":""85800.00""}"
2026-10-02T03:55:37.066687Z,1790913336577,BTCUSDT,Sell,0.023,85795.70,"{""T"":1790913336577,""s"":""BTCUSDT"",""S"":""Sell"",""v"":""0.023"",""p"":""85795.70""}"
2026-10-02T03:55:37.066687Z,1790913336597,BTCUSDT,Sell,0.010,85797.40,"{""T"":1790913336597,""s"":""BTCUSDT"",""S"":""Sell"",""v"":""0.010"",""p"":""85797.40""}"
2026-10-02T03:55:37.066687Z,1790913336757,BTCUSDT,Sell,0.005,85787.10,"{""T"":1790913336757,""s"":""BTCUSDT"",""S"":""Sell"",""v"":""0.005"",""p"":""85787.10""}"
2026-10-02T03:55:37.566587Z,1790913337449,BTCUSDT,Sell,0.034,85812.60,"{""T"":1790913337449,""s"":""BTCUSDT"",""S"":""Sell"",""v"":""0.034"",""p"":""85812.60""}"
2026-10-02T03:55:37.838477Z,1790913337416,XRPUSDT,Sell,5.9,1.5158,"{""T"":1790913337416,""s"":""XRPUSDT"",""S"":""Sell"",""v"":""5.9"",""p"":""1.5158""}"
2026-10-02T03:55:38.066728Z,1790913337618,BTCUSDT,Sell,0.284,85811.80,"{""T"":1790913337618,""s"":""BTCUSDT"",""S"":""Sell"",""v"":""0.284"",""p"":""85811.80""}"
2026-10-02T03:55:38.338664Z,1790913337845,XRPUSDT,Sell,3.4,1.5160,"{""T"":1790913337845,""s"":""XRPUSDT"",""S"":""Sell"",""v"":""3.4"",""p"":""1.5160""}"
2026-10-02T03:55:43.563547Z,1790913343016,SOLUSDT,Sell,227.2,121.740,"{""T"":1790913343016,""s"":""SOLUSDT"",""S"":""Sell"",""v"":""227.2"",""p"":""121.740""}"
2026-10-02T03:56:07.999562Z,1790913367482,TMXUSDT,Buy,5209,0.01288,"{""T"":1790913367482,""s"":""TMXUSDT"",""S"":""Buy"",""v"":""5209"",""p"":""0.01288""}"
2026-10-02T03:56:08.063341Z,1790913367821,SOLUSDT,Sell,20.6,121.820,"{""T"":1790913367821,""s"":""SOLUSDT"",""S"":""Sell"",""v"":""20.6"",""p"":""121.820""}"
2026-10-02T03:56:55.841639Z,1790913415543,XRPUSDT,Sell,1223.4,1.5165,"{""T"":1790913415543,""s"":""XRPUSDT"",""S"":""Sell"",""v"":""1223.4"",""p"":""1.5165""}"
